Area,Concurso,Clave_carrera,Codigo_opcion,Carrera,Plantel,Modalidad,URL_resultados,Oferta,Aspirantes,Presentaron_examen,Aciertos_minimos,Seleccionados,Numero_comprobante,Aciertos,Acreditado,Estatus,Detalles,Diagnostico
3,Licenciatura 2026,302,30200045,CIENCIAS DE LA COMUNICACION,FACULTAD DE CIENCIAS POLÍTICAS Y SOCIALES,Escolarizado,https://www.dgae.unam.mx/Licenciatura2026/resultados/3/30200045.html,69,1682,1401,109,77,200018,83,,No seleccionado,,Consultar
3,Licenciatura 2026,302,30200045,CIENCIAS DE LA COMUNICACION,FACULTAD DE CIENCIAS POLÍTICAS Y SOCIALES,Escolarizado,https://www.dgae.unam.mx/Licenciatura2026/resultados/3/30200045.html,69,1682,1401,109,77,200022,113,S,Seleccionado,,Consultar
3,Licenciatura 2026,302,30200045,CIENCIAS DE LA COMUNICACION,FACULTAD DE CIENCIAS POLÍTICAS Y SOCIALES,Escolarizado,https://www.dgae.unam.mx/Licenciatura2026/resultados/3/30200045.html,69,1682,1401,109,77,200026,81,,No seleccionado,,Consultar
3,Licenciatura 2026,302,30200045,CIENCIAS DE LA COMUNICACION,FACULTAD DE CIENCIAS POLÍTICAS Y SOCIALES,Escolarizado,https://www.dgae.unam.mx/Licenciatura2026/resultados/3/30200045.html,69,1682,1401,109,77,200042,94,,No seleccionado,,Consultar
3,Licenciatura 2026,302,30200045,CIENCIAS DE LA COMUNICACION,FACULTAD DE CIENCIAS POLÍTICAS Y SOCIALES,Escolarizado,https://www.dgae.unam.mx/Licenciatura2026/resultados/3/30200045.html,69,1682,1401,109,77,200065,88,,No seleccionado,,Consultar
3,Licenciatura 2026,302,30200045,CIENCIAS DE LA COMUNICACION,FACULTAD DE CIENCIAS POLÍTICAS Y SOCIALES,Escolarizado,https://www.dgae.unam.mx/Licenciatura2026/resultados/3/30200045.html,69,1682,1401,109,77,200093,,N,No presentado,,Consultar
3,Licenciatura 2026,302,30200045,CIENCIAS DE LA COMUNICACION,FACULTAD DE CIENCIAS POLÍTICAS Y SOCIALES,Escolarizado,https://www.dgae.unam.mx/Licenciatura2026/resultados/3/30200045.html,69,1682,1401,109,77,200143,76,,No seleccionado,,Consultar
3,Licenciatura 2026,302,30200045,CIENCIAS DE LA COMUNICACION,FACULTAD DE CIENCIAS POLÍTICAS Y SOCIALES,Escolarizado,https://www.dgae.unam.mx/Licenciatura2026/resultados/3/30200045.html,69,1682,1401,109,77,200160,,N,No presentado,,Consultar
3,Licenciatura 2026,302,30200045,CIENCIAS DE LA COMUNICACION,FACULTAD DE CIENCIAS POLÍTICAS Y SOCIALES,Escolarizado,https://www.dgae.unam.mx/Licenciatura2026/resultados/3/30200045.html,69,1682,1401,109,77,200237,63,,No seleccionado,,Consultar
3,Licenciatura 2026,302,30200045,CIENCIAS DE LA COMUNICACION,FACULTAD DE CIENCIAS POLÍTICAS Y SOCIALES,Escolarizado,https://www.dgae.unam.mx/Licenciatura2026/resultados/3/30200045.html,69,1682,1401,109,77,200265,46,,No seleccionado,,Consultar
3,Licenciatura 2026,302,30200045,CIENCIAS DE LA COMUNICACION,FACULTAD DE CIENCIAS POLÍTICAS Y SOCIALES,Escolarizado,https://www.dgae.unam.mx/Licenciatura2026/resultados/3/30200045.html,69,1682,1401,109,77,200272,67,,No seleccionado,,Consultar
3,Licenciatura 2026,302,30200045,CIENCIAS DE LA COMUNICACION,FACULTAD DE CIENCIAS POLÍTICAS Y SOCIALES,Escolarizado,https://www.dgae.unam.mx/Licenciatura2026/resultados/3/30200045.html,69,1682,1401,109,77,200322,39,,No seleccionado,,Consultar
3,Licenciatura 2026,302,30200045,CIENCIAS DE LA COMUNICACION,FACULTAD DE CIENCIAS POLÍTICAS Y SOCIALES,Escolarizado,https://www.dgae.unam.mx/Licenciatura2026/resultados/3/30200045.html,69,1682,1401,109,77,200347,82,,No seleccionado,,Consultar
3,Licenciatura 2026,302,30200045,CIENCIAS DE LA COMUNICACION,FACULTAD DE CIENCIAS POLÍTICAS Y SOCIALES,Escolarizado,https://www.dgae.unam.mx/Licenciatura2026/resultados/3/30200045.html,69,1682,1401,109,77,200391,72,,No seleccionado,,Consultar
3,Licenciatura 2026,302,30200045,CIENCIAS DE LA COMUNICACION,FACULTAD DE CIENCIAS POLÍTICAS Y SOCIALES,Escolarizado,https://www.dgae.unam.mx/Licenciatura2026/resultados/3/30200045.html,69,1682,1401,109,77,200479,42,,No seleccionado,,Consultar
3,Licenciatura 2026,302,30200045,CIENCIAS DE LA COMUNICACION,FACULTAD DE CIENCIAS POLÍTICAS Y SOCIALES,Escolarizado,https://www.dgae.unam.mx/Licenciatura2026/resultados/3/30200045.html,69,1682,1401,109,77,200516,,N,No presentado,,Consultar
3,Licenciatura 2026,302,30200045,CIENCIAS DE LA COMUNICACION,FACULTAD DE CIENCIAS POLÍTICAS Y SOCIALES,Escolarizado,https://www.dgae.unam.mx/Licenciatura2026/resultados/3/30200045.html,69,1682,1401,109,77,200522,83,,No seleccionado,,Consultar
3,Licenciatura 2026,302,30200045,CIENCIAS DE LA COMUNICACION,FACULTAD DE CIENCIAS POLÍTICAS Y SOCIALES,Escolarizado,https://www.dgae.unam.mx/Licenciatura2026/resultados/3/30200045.html,69,1682,1401,109,77,200540,94,,No seleccionado,,Consultar
3,Licenciatura 2026,302,30200045,CIENCIAS DE LA COMUNICACION,FACULTAD DE CIENCIAS POLÍTICAS Y SOCIALES,Escolarizado,https://www.dgae.unam.mx/Licenciatura2026/resultados/3/30200045.html,69,1682,1401,109,77,200557,46,,No seleccionado,,Consultar
3,Licenciatura 2026,302,30200045,CIENCIAS DE LA COMUNICACION,FACULTAD DE CIENCIAS POLÍTICAS Y SOCIALES,Escolarizado,https://www.dgae.unam.mx/Licenciatura2026/resultados/3/30200045.html,69,1682,1401,109,77,200624,63,,No seleccionado,,Consultar
3,Licenciatura 2026,302,30200045,CIENCIAS DE LA COMUNICACION,FACULTAD DE CIENCIAS POLÍTICAS Y SOCIALES,Escolarizado,https://www.dgae.unam.mx/Licenciatura2026/resultados/3/30200045.html,69,1682,1401,109,77,200627,53,,No seleccionado,,Consultar
3,Licenciatura 2026,302,30200045,CIENCIAS DE LA COMUNICACION,FACULTAD DE CIENCIAS POLÍTICAS Y SOCIALES,Escolarizado,https://www.dgae.unam.mx/Licenciatura2026/resultados/3/30200045.html,69,1682,1401,109,77,200634,56,,No seleccionado,,Consultar
3,Licenciatura 2026,302,30200045,CIENCIAS DE LA COMUNICACION,FACULTAD DE CIENCIAS POLÍTICAS Y SOCIALES,Escolarizado,https://www.dgae.unam.mx/Licenciatura2026/resultados/3/30200045.html,69,1682,1401,109,77,200666,106,,No seleccionado,,Consultar
3,Licenciatura 2026,302,30200045,CIENCIAS DE LA COMUNICACION,FACULTAD DE CIENCIAS POLÍTICAS Y SOCIALES,Escolarizado,https://www.dgae.unam.mx/Licenciatura2026/resultados/3/30200045.html,69,1682,1401,109,77,200743,77,,No seleccionado,,Consultar
3,Licenciatura 2026,302,30200045,CIENCIAS DE LA COMUNICACION,FACULTAD DE CIENCIAS POLÍTICAS Y SOCIALES,Escolarizado,https://www.dgae.unam.mx/Licenciatura2026/resultados/3/30200045.html,69,1682,1401,109,77,200778,94,,No seleccionado,,Consultar
3,Licenciatura 2026,302,30200045,CIENCIAS DE LA COMUNICACION,FACULTAD DE CIENCIAS POLÍTICAS Y SOCIALES,Escolarizado,https://www.dgae.unam.mx/Licenciatura2026/resultados/3/30200045.html,69,1682,1401,109,77,200789,89,,No seleccionado,,Consultar
3,Licenciatura 2026,302,30200045,CIENCIAS DE LA COMUNICACION,FACULTAD DE CIENCIAS POLÍTICAS Y SOCIALES,Escolarizado,https://www.dgae.unam.mx/Licenciatura2026/resultados/3/30200045.html,69,1682,1401,109,77,200795,100,,No seleccionado,,Consultar
3,Licenciatura 2026,302,30200045,CIENCIAS DE LA COMUNICACION,FACULTAD DE CIENCIAS POLÍTICAS Y SOCIALES,Escolarizado,https://www.dgae.unam.mx/Licenciatura2026/resultados/3/30200045.html,69,1682,1401,109,77,200796,90,,No seleccionado,,Consultar
3,Licenciatura 2026,302,30200045,CIENCIAS DE LA COMUNICACION,FACULTAD DE CIENCIAS POLÍTICAS Y SOCIALES,Escolarizado,https://www.dgae.unam.mx/Licenciatura2026/resultados/3/30200045.html,69,1682,1401,109,77,200849,88,,No seleccionado,,Consultar
3,Licenciatura 2026,302,30200045,CIENCIAS DE LA COMUNICACION,FACULTAD DE CIENCIAS POLÍTICAS Y SOCIALES,Escolarizado,https://www.dgae.unam.mx/Licenciatura2026/resultados/3/30200045.html,69,1682,1401,109,77,200891,76,,No seleccionado,,Consultar
3,Licenciatura 2026,302,30200045,CIENCIAS DE LA COMUNICACION,FACULTAD DE CIENCIAS POLÍTICAS Y SOCIALES,Escolarizado,https://www.dgae.unam.mx/Licenciatura2026/resultados/3/30200045.html,69,1682,1401,109,77,200900,100,,No seleccionado,,Consultar
3,Licenciatura 2026,302,30200045,CIENCIAS DE LA COMUNICACION,FACULTAD DE CIENCIAS POLÍTICAS Y SOCIALES,Escolarizado,https://www.dgae.unam.mx/Licenciatura2026/resultados/3/30200045.html,69,1682,1401,109,77,200908,,N,No presentado,,Consultar
3,Licenciatura 2026,302,30200045,CIENCIAS DE LA COMUNICACION,FACULTAD DE CIENCIAS POLÍTICAS Y SOCIALES,Escolarizado,https://www.dgae.unam.mx/Licenciatura2026/resultados/3/30200045.html,69,1682,1401,109,77,200924,,C,Cancelado,,Consultar
3,Licenciatura 2026,302,30200045,CIENCIAS DE LA COMUNICACION,FACULTAD DE CIENCIAS POLÍTICAS Y SOCIALES,Escolarizado,https://www.dgae.unam.mx/Licenciatura2026/resultados/3/30200045.html,69,1682,1401,109,77,200960,65,,No seleccionado,,Consultar
3,Licenciatura 2026,302,30200045,CIENCIAS DE LA COMUNICACION,FACULTAD DE CIENCIAS POLÍTICAS Y SOCIALES,Escolarizado,https://www.dgae.unam.mx/Licenciatura2026/resultados/3/30200045.html,69,1682,1401,109,77,200976,93,,No seleccionado,,Consultar
3,Licenciatura 2026,302,30200045,CIENCIAS DE LA COMUNICACION,FACULTAD DE CIENCIAS POLÍTICAS Y SOCIALES,Escolarizado,https://www.dgae.unam.mx/Licenciatura2026/resultados/3/30200045.html,69,1682,1401,109,77,201006,,N,No presentado,,Consultar
3,Licenciatura 2026,302,30200045,CIENCIAS DE LA COMUNICACION,FACULTAD DE CIENCIAS POLÍTICAS Y SOCIALES,Escolarizado,https://www.dgae.unam.mx/Licenciatura2026/resultados/3/30200045.html,69,1682,1401,109,77,201056,116,S,Seleccionado,Cita para entregar documentación.,Consultar
3,Licenciatura 2026,302,30200045,CIENCIAS DE LA COMUNICACION,FACULTAD DE CIENCIAS POLÍTICAS Y SOCIALES,Escolarizado,https://www.dgae.unam.mx/Licenciatura2026/resultados/3/30200045.html,69,1682,1401,109,77,201075,,N,No presentado,,Consultar
3,Licenciatura 2026,302,30200045,CIENCIAS DE LA COMUNICACION,FACULTAD DE CIENCIAS POLÍTICAS Y SOCIALES,Escolarizado,https://www.dgae.unam.mx/Licenciatura2026/resultados/3/30200045.html,69,1682,1401,109,77,201127,80,,No seleccionado,,Consultar
3,Licenciatura 2026,302,30200045,CIENCIAS DE LA COMUNICACION,FACULTAD DE CIENCIAS POLÍTICAS Y SOCIALES,Escolarizado,https://www.dgae.unam.mx/Licenciatura2026/resultados/3/30200045.html,69,1682,1401,109,77,201145,67,,No seleccionado,,Consultar
3,Licenciatura 2026,302,30200045,CIENCIAS DE LA COMUNICACION,FACULTAD DE CIENCIAS POLÍTICAS Y SOCIALES,Escolarizado,https://www.dgae.unam.mx/Licenciatura2026/resultados/3/30200045.html,69,1682,1401,109,77,201146,53,,No seleccionado,,Consultar
3,Licenciatura 2026,302,30200045,CIENCIAS DE LA COMUNICACION,FACULTAD DE CIENCIAS POLÍTICAS Y SOCIALES,Escolarizado,https://www.dgae.unam.mx/Licenciatura2026/resultados/3/30200045.html,69,1682,1401,109,77,201174,48,,No seleccionado,,Consultar
3,Licenciatura 2026,302,30200045,CIENCIAS DE LA COMUNICACION,FACULTAD DE CIENCIAS POLÍTICAS Y SOCIALES,Escolarizado,https://www.dgae.unam.mx/Licenciatura2026/resultados/3/30200045.html,69,1682,1401,109,77,201254,83,,No seleccionado,,Consultar
3,Licenciatura 2026,302,30200045,CIENCIAS DE LA COMUNICACION,FACULTAD DE CIENCIAS POLÍTICAS Y SOCIALES,Escolarizado,https://www.dgae.unam.mx/Licenciatura2026/resultados/3/30200045.html,69,1682,1401,109,77,201287,106,,No seleccionado,,Consultar
3,Licenciatura 2026,302,30200045,CIENCIAS DE LA COMUNICACION,FACULTAD DE CIENCIAS POLÍTICAS Y SOCIALES,Escolarizado,https://www.dgae.unam.mx/Licenciatura2026/resultados/3/30200045.html,69,1682,1401,109,77,201431,93,,No seleccionado,,Consultar
3,Licenciatura 2026,302,30200045,CIENCIAS DE LA COMUNICACION,FACULTAD DE CIENCIAS POLÍTICAS Y SOCIALES,Escolarizado,https://www.dgae.unam.mx/Licenciatura2026/resultados/3/30200045.html,69,1682,1401,109,77,201445,42,,No seleccionado,,Consultar
3,Licenciatura 2026,302,30200045,CIENCIAS DE LA COMUNICACION,FACULTAD DE CIENCIAS POLÍTICAS Y SOCIALES,Escolarizado,https://www.dgae.unam.mx/Licenciatura2026/resultados/3/30200045.html,69,1682,1401,109,77,201455,81,,No seleccionado,,Consultar
3,Licenciatura 2026,302,30200045,CIENCIAS DE LA COMUNICACION,FACULTAD DE CIENCIAS POLÍTICAS Y SOCIALES,Escolarizado,https://www.dgae.unam.mx/Licenciatura2026/resultados/3/30200045.html,69,1682,1401,109,77,201458,116,S,Seleccionado,Cita para entregar documentación.,Consultar
3,Licenciatura 2026,302,30200045,CIENCIAS DE LA COMUNICACION,FACULTAD DE CIENCIAS POLÍTICAS Y SOCIALES,Escolarizado,https://www.dgae.unam.mx/Licenciatura2026/resultados/3/30200045.html,69,1682,1401,109,77,201482,51,,No seleccionado,,Consultar
3,Licenciatura 2026,302,30200045,CIENCIAS DE LA COMUNICACION,FACULTAD DE CIENCIAS POLÍTICAS Y SOCIALES,Escolarizado,https://www.dgae.unam.mx/Licenciatura2026/resultados/3/30200045.html,69,1682,1401,109,77,201548,97,,No seleccionado,,Consultar
3,Licenciatura 2026,302,30200045,CIENCIAS DE LA COMUNICACION,FACULTAD DE CIENCIAS POLÍTICAS Y SOCIALES,Escolarizado,https://www.dgae.unam.mx/Licenciatura2026/resultados/3/30200045.html,69,1682,1401,109,77,201571,56,,No seleccionado,,Consultar
3,Licenciatura 2026,302,30200045,CIENCIAS DE LA COMUNICACION,FACULTAD DE CIENCIAS POLÍTICAS Y SOCIALES,Escolarizado,https://www.dgae.unam.mx/Licenciatura2026/resultados/3/30200045.html,69,1682,1401,109,77,201653,89,,No seleccionado,,Consultar
3,Licenciatura 2026,302,30200045,CIENCIAS DE LA COMUNICACION,FACULTAD DE CIENCIAS POLÍTICAS Y SOCIALES,Escolarizado,https://www.dgae.unam.mx/Licenciatura2026/resultados/3/30200045.html,69,1682,1401,109,77,201709,94,,No seleccionado,,Consultar
3,Licenciatura 2026,302,30200045,CIENCIAS DE LA COMUNICACION,FACULTAD DE CIENCIAS POLÍTICAS Y SOCIALES,Escolarizado,https://www.dgae.unam.mx/Licenciatura2026/resultados/3/30200045.html,69,1682,1401,109,77,201725,95,,No seleccionado,,Consultar
3,Licenciatura 2026,302,30200045,CIENCIAS DE LA COMUNICACION,FACULTAD DE CIENCIAS POLÍTICAS Y SOCIALES,Escolarizado,https://www.dgae.unam.mx/Licenciatura2026/resultados/3/30200045.html,69,1682,1401,109,77,201861,45,,No seleccionado,,Consultar
3,Licenciatura 2026,302,30200045,CIENCIAS DE LA COMUNICACION,FACULTAD DE CIENCIAS POLÍTICAS Y SOCIALES,Escolarizado,https://www.dgae.unam.mx/Licenciatura2026/resultados/3/30200045.html,69,1682,1401,109,77,201867,104,,No seleccionado,,Consultar
3,Licenciatura 2026,302,30200045,CIENCIAS DE LA COMUNICACION,FACULTAD DE CIENCIAS POLÍTICAS Y SOCIALES,Escolarizado,https://www.dgae.unam.mx/Licenciatura2026/resultados/3/30200045.html,69,1682,1401,109,77,201920,75,,No seleccionado,,Consultar
3,Licenciatura 2026,302,30200045,CIENCIAS DE LA COMUNICACION,FACULTAD DE CIENCIAS POLÍTICAS Y SOCIALES,Escolarizado,https://www.dgae.unam.mx/Licenciatura2026/resultados/3/30200045.html,69,1682,1401,109,77,201940,60,,No seleccionado,,Consultar
3,Licenciatura 2026,302,30200045,CIENCIAS DE LA COMUNICACION,FACULTAD DE CIENCIAS POLÍTICAS Y SOCIALES,Escolarizado,https://www.dgae.unam.mx/Licenciatura2026/resultados/3/30200045.html,69,1682,1401,109,77,201972,100,,No seleccionado,,Consultar
3,Licenciatura 2026,302,30200045,CIENCIAS DE LA COMUNICACION,FACULTAD DE CIENCIAS POLÍTICAS Y SOCIALES,Escolarizado,https://www.dgae.unam.mx/Licenciatura2026/resultados/3/30200045.html,69,1682,1401,109,77,202002,,N,No presentado,,Consultar
3,Licenciatura 2026,302,30200045,CIENCIAS DE LA COMUNICACION,FACULTAD DE CIENCIAS POLÍTICAS Y SOCIALES,Escolarizado,https://www.dgae.unam.mx/Licenciatura2026/resultados/3/30200045.html,69,1682,1401,109,77,202004,101,,No seleccionado,,Consultar
3,Licenciatura 2026,302,30200045,CIENCIAS DE LA COMUNICACION,FACULTAD DE CIENCIAS POLÍTICAS Y SOCIALES,Escolarizado,https://www.dgae.unam.mx/Licenciatura2026/resultados/3/30200045.html,69,1682,1401,109,77,202005,78,,No seleccionado,,Consultar
3,Licenciatura 2026,302,30200045,CIENCIAS DE LA COMUNICACION,FACULTAD DE CIENCIAS POLÍTICAS Y SOCIALES,Escolarizado,https://www.dgae.unam.mx/Licenciatura2026/resultados/3/30200045.html,69,1682,1401,109,77,202019,,N,No presentado,,Consultar
3,Licenciatura 2026,302,30200045,CIENCIAS DE LA COMUNICACION,FACULTAD DE CIENCIAS POLÍTICAS Y SOCIALES,Escolarizado,https://www.dgae.unam.mx/Licenciatura2026/resultados/3/30200045.html,69,1682,1401,109,77,202020,57,,No seleccionado,,Consultar
3,Licenciatura 2026,302,30200045,CIENCIAS DE LA COMUNICACION,FACULTAD DE CIENCIAS POLÍTICAS Y SOCIALES,Escolarizado,https://www.dgae.unam.mx/Licenciatura2026/resultados/3/30200045.html,69,1682,1401,109,77,202061,,N,No presentado,,Consultar
3,Licenciatura 2026,302,30200045,CIENCIAS DE LA COMUNICACION,FACULTAD DE CIENCIAS POLÍTICAS Y SOCIALES,Escolarizado,https://www.dgae.unam.mx/Licenciatura2026/resultados/3/30200045.html,69,1682,1401,109,77,202096,,N,No presentado,,Consultar
3,Licenciatura 2026,302,30200045,CIENCIAS DE LA COMUNICACION,FACULTAD DE CIENCIAS POLÍTICAS Y SOCIALES,Escolarizado,https://www.dgae.unam.mx/Licenciatura2026/resultados/3/30200045.html,69,1682,1401,109,77,202119,56,,No seleccionado,,Consultar
3,Licenciatura 2026,302,30200045,CIENCIAS DE LA COMUNICACION,FACULTAD DE CIENCIAS POLÍTICAS Y SOCIALES,Escolarizado,https://www.dgae.unam.mx/Licenciatura2026/resultados/3/30200045.html,69,1682,1401,109,77,202143,89,,No seleccionado,,Consultar
3,Licenciatura 2026,302,30200045,CIENCIAS DE LA COMUNICACION,FACULTAD DE CIENCIAS POLÍTICAS Y SOCIALES,Escolarizado,https://www.dgae.unam.mx/Licenciatura2026/resultados/3/30200045.html,69,1682,1401,109,77,202178,63,,No seleccionado,,Consultar
3,Licenciatura 2026,302,30200045,CIENCIAS DE LA COMUNICACION,FACULTAD DE CIENCIAS POLÍTICAS Y SOCIALES,Escolarizado,https://www.dgae.unam.mx/Licenciatura2026/resultados/3/30200045.html,69,1682,1401,109,77,202208,54,,No seleccionado,,Consultar
3,Licenciatura 2026,302,30200045,CIENCIAS DE LA COMUNICACION,FACULTAD DE CIENCIAS POLÍTICAS Y SOCIALES,Escolarizado,https://www.dgae.unam.mx/Licenciatura2026/resultados/3/30200045.html,69,1682,1401,109,77,202267,110,S,Seleccionado,,Consultar
3,Licenciatura 2026,302,30200045,CIENCIAS DE LA COMUNICACION,FACULTAD DE CIENCIAS POLÍTICAS Y SOCIALES,Escolarizado,https://www.dgae.unam.mx/Licenciatura2026/resultados/3/30200045.html,69,1682,1401,109,77,202350,62,,No seleccionado,,Consultar
3,Licenciatura 2026,302,30200045,CIENCIAS DE LA COMUNICACION,FACULTAD DE CIENCIAS POLÍTICAS Y SOCIALES,Escolarizado,https://www.dgae.unam.mx/Licenciatura2026/resultados/3/30200045.html,69,1682,1401,109,77,202380,115,S,Seleccionado,,Consultar
3,Licenciatura 2026,302,30200045,CIENCIAS DE LA COMUNICACION,FACULTAD DE CIENCIAS POLÍTICAS Y SOCIALES,Escolarizado,https://www.dgae.unam.mx/Licenciatura2026/resultados/3/30200045.html,69,1682,1401,109,77,202392,100,,No seleccionado,,Consultar
3,Licenciatura 2026,302,30200045,CIENCIAS DE LA COMUNICACION,FACULTAD DE CIENCIAS POLÍTICAS Y SOCIALES,Escolarizado,https://www.dgae.unam.mx/Licenciatura2026/resultados/3/30200045.html,69,1682,1401,109,77,202401,34,,No seleccionado,,Consultar
3,Licenciatura 2026,302,30200045,CIENCIAS DE LA COMUNICACION,FACULTAD DE CIENCIAS POLÍTICAS Y SOCIALES,Escolarizado,https://www.dgae.unam.mx/Licenciatura2026/resultados/3/30200045.html,69,1682,1401,109,77,202438,61,,No seleccionado,,Consultar
3,Licenciatura 2026,302,30200045,CIENCIAS DE LA COMUNICACION,FACULTAD DE CIENCIAS POLÍTICAS Y SOCIALES,Escolarizado,https://www.dgae.unam.mx/Licenciatura2026/resultados/3/30200045.html,69,1682,1401,109,77,202576,,N,No presentado,,Consultar
3,Licenciatura 2026,302,30200045,CIENCIAS DE LA COMUNICACION,FACULTAD DE CIENCIAS POLÍTICAS Y SOCIALES,Escolarizado,https://www.dgae.unam.mx/Licenciatura2026/resultados/3/30200045.html,69,1682,1401,109,77,202590,42,,No seleccionado,,Consultar
3,Licenciatura 2026,302,30200045,CIENCIAS DE LA COMUNICACION,FACULTAD DE CIENCIAS POLÍTICAS Y SOCIALES,Escolarizado,https://www.dgae.unam.mx/Licenciatura2026/resultados/3/30200045.html,69,1682,1401,109,77,202713,99,,No seleccionado,,Consultar
3,Licenciatura 2026,302,30200045,CIENCIAS DE LA COMUNICACION,FACULTAD DE CIENCIAS POLÍTICAS Y SOCIALES,Escolarizado,https://www.dgae.unam.mx/Licenciatura2026/resultados/3/30200045.html,69,1682,1401,109,77,202755,85,,No seleccionado,,Consultar
3,Licenciatura 2026,302,30200045,CIENCIAS DE LA COMUNICACION,FACULTAD DE CIENCIAS POLÍTICAS Y SOCIALES,Escolarizado,https://www.dgae.unam.mx/Licenciatura2026/resultados/3/30200045.html,69,1682,1401,109,77,202780,106,,No seleccionado,,Consultar
3,Licenciatura 2026,302,30200045,CIENCIAS DE LA COMUNICACION,FACULTAD DE CIENCIAS POLÍTICAS Y SOCIALES,Escolarizado,https://www.dgae.unam.mx/Licenciatura2026/resultados/3/30200045.html,69,1682,1401,109,77,202824,82,,No seleccionado,,Consultar
3,Licenciatura 2026,302,30200045,CIENCIAS DE LA COMUNICACION,FACULTAD DE CIENCIAS POLÍTICAS Y SOCIALES,Escolarizado,https://www.dgae.unam.mx/Licenciatura2026/resultados/3/30200045.html,69,1682,1401,109,77,202843,73,,No seleccionado,,Consultar
3,Licenciatura 2026,302,30200045,CIENCIAS DE LA COMUNICACION,FACULTAD DE CIENCIAS POLÍTICAS Y SOCIALES,Escolarizado,https://www.dgae.unam.mx/Licenciatura2026/resultados/3/30200045.html,69,1682,1401,109,77,202852,,C,Cancelado,,Consultar
3,Licenciatura 2026,302,30200045,CIENCIAS DE LA COMUNICACION,FACULTAD DE CIENCIAS POLÍTICAS Y SOCIALES,Escolarizado,https://www.dgae.unam.mx/Licenciatura2026/resultados/3/30200045.html,69,1682,1401,109,77,202942,44,,No seleccionado,,Consultar
3,Licenciatura 2026,302,30200045,CIENCIAS DE LA COMUNICACION,FACULTAD DE CIENCIAS POLÍTICAS Y SOCIALES,Escolarizado,https://www.dgae.unam.mx/Licenciatura2026/resultados/3/30200045.html,69,1682,1401,109,77,202958,77,,No seleccionado,,Consultar
3,Licenciatura 2026,302,30200045,CIENCIAS DE LA COMUNICACION,FACULTAD DE CIENCIAS POLÍTICAS Y SOCIALES,Escolarizado,https://www.dgae.unam.mx/Licenciatura2026/resultados/3/30200045.html,69,1682,1401,109,77,202970,43,,No seleccionado,,Consultar
3,Licenciatura 2026,302,30200045,CIENCIAS DE LA COMUNICACION,FACULTAD DE CIENCIAS POLÍTICAS Y SOCIALES,Escolarizado,https://www.dgae.unam.mx/Licenciatura2026/resultados/3/30200045.html,69,1682,1401,109,77,203033,111,S,Seleccionado,,Consultar
3,Licenciatura 2026,302,30200045,CIENCIAS DE LA COMUNICACION,FACULTAD DE CIENCIAS POLÍTICAS Y SOCIALES,Escolarizado,https://www.dgae.unam.mx/Licenciatura2026/resultados/3/30200045.html,69,1682,1401,109,77,203038,,N,No presentado,,Consultar
3,Licenciatura 2026,302,30200045,CIENCIAS DE LA COMUNICACION,FACULTAD DE CIENCIAS POLÍTICAS Y SOCIALES,Escolarizado,https://www.dgae.unam.mx/Licenciatura2026/resultados/3/30200045.html,69,1682,1401,109,77,203128,,N,No presentado,,Consultar
3,Licenciatura 2026,302,30200045,CIENCIAS DE LA COMUNICACION,FACULTAD DE CIENCIAS POLÍTICAS Y SOCIALES,Escolarizado,https://www.dgae.unam.mx/Licenciatura2026/resultados/3/30200045.html,69,1682,1401,109,77,203157,59,,No seleccionado,,Consultar
3,Licenciatura 2026,302,30200045,CIENCIAS DE LA COMUNICACION,FACULTAD DE CIENCIAS POLÍTICAS Y SOCIALES,Escolarizado,https://www.dgae.unam.mx/Licenciatura2026/resultados/3/30200045.html,69,1682,1401,109,77,203265,37,,No seleccionado,,Consultar
3,Licenciatura 2026,302,30200045,CIENCIAS DE LA COMUNICACION,FACULTAD DE CIENCIAS POLÍTICAS Y SOCIALES,Escolarizado,https://www.dgae.unam.mx/Licenciatura2026/resultados/3/30200045.html,69,1682,1401,109,77,203325,99,,No seleccionado,,Consultar
3,Licenciatura 2026,302,30200045,CIENCIAS DE LA COMUNICACION,FACULTAD DE CIENCIAS POLÍTICAS Y SOCIALES,Escolarizado,https://www.dgae.unam.mx/Licenciatura2026/resultados/3/30200045.html,69,1682,1401,109,77,203330,90,,No seleccionado,,Consultar
3,Licenciatura 2026,302,30200045,CIENCIAS DE LA COMUNICACION,FACULTAD DE CIENCIAS POLÍTICAS Y SOCIALES,Escolarizado,https://www.dgae.unam.mx/Licenciatura2026/resultados/3/30200045.html,69,1682,1401,109,77,203359,41,,No seleccionado,,Consultar
3,Licenciatura 2026,302,30200045,CIENCIAS DE LA COMUNICACION,FACULTAD DE CIENCIAS POLÍTICAS Y SOCIALES,Escolarizado,https://www.dgae.unam.mx/Licenciatura2026/resultados/3/30200045.html,69,1682,1401,109,77,203364,92,,No seleccionado,,Consultar
3,Licenciatura 2026,302,30200045,CIENCIAS DE LA COMUNICACION,FACULTAD DE CIENCIAS POLÍTICAS Y SOCIALES,Escolarizado,https://www.dgae.unam.mx/Licenciatura2026/resultados/3/30200045.html,69,1682,1401,109,77,203380,60,,No seleccionado,,Consultar
3,Licenciatura 2026,302,30200045,CIENCIAS DE LA COMUNICACION,FACULTAD DE CIENCIAS POLÍTICAS Y SOCIALES,Escolarizado,https://www.dgae.unam.mx/Licenciatura2026/resultados/3/30200045.html,69,1682,1401,109,77,203383,92,,No seleccionado,,Consultar
3,Licenciatura 2026,302,30200045,CIENCIAS DE LA COMUNICACION,FACULTAD DE CIENCIAS POLÍTICAS Y SOCIALES,Escolarizado,https://www.dgae.unam.mx/Licenciatura2026/resultados/3/30200045.html,69,1682,1401,109,77,203384,63,,No seleccionado,,Consultar
3,Licenciatura 2026,302,30200045,CIENCIAS DE LA COMUNICACION,FACULTAD DE CIENCIAS POLÍTICAS Y SOCIALES,Escolarizado,https://www.dgae.unam.mx/Licenciatura2026/resultados/3/30200045.html,69,1682,1401,109,77,203541,116,S,Seleccionado,,Consultar
3,Licenciatura 2026,302,30200045,CIENCIAS DE LA COMUNICACION,FACULTAD DE CIENCIAS POLÍTICAS Y SOCIALES,Escolarizado,https://www.dgae.unam.mx/Licenciatura2026/resultados/3/30200045.html,69,1682,1401,109,77,203571,54,,No seleccionado,,Consultar
3,Licenciatura 2026,302,30200045,CIENCIAS DE LA COMUNICACION,FACULTAD DE CIENCIAS POLÍTICAS Y SOCIALES,Escolarizado,https://www.dgae.unam.mx/Licenciatura2026/resultados/3/30200045.html,69,1682,1401,109,77,203603,91,,No seleccionado,,Consultar
3,Licenciatura 2026,302,30200045,CIENCIAS DE LA COMUNICACION,FACULTAD DE CIENCIAS POLÍTICAS Y SOCIALES,Escolarizado,https://www.dgae.unam.mx/Licenciatura2026/resultados/3/30200045.html,69,1682,1401,109,77,203609,107,,No seleccionado,,Consultar
3,Licenciatura 2026,302,30200045,CIENCIAS DE LA COMUNICACION,FACULTAD DE CIENCIAS POLÍTICAS Y SOCIALES,Escolarizado,https://www.dgae.unam.mx/Licenciatura2026/resultados/3/30200045.html,69,1682,1401,109,77,203655,,N,No presentado,,Consultar
3,Licenciatura 2026,302,30200045,CIENCIAS DE LA COMUNICACION,FACULTAD DE CIENCIAS POLÍTICAS Y SOCIALES,Escolarizado,https://www.dgae.unam.mx/Licenciatura2026/resultados/3/30200045.html,69,1682,1401,109,77,203719,103,,No seleccionado,,Consultar
3,Licenciatura 2026,302,30200045,CIENCIAS DE LA COMUNICACION,FACULTAD DE CIENCIAS POLÍTICAS Y SOCIALES,Escolarizado,https://www.dgae.unam.mx/Licenciatura2026/resultados/3/30200045.html,69,1682,1401,109,77,203726,60,,No seleccionado,,Consultar
3,Licenciatura 2026,302,30200045,CIENCIAS DE LA COMUNICACION,FACULTAD DE CIENCIAS POLÍTICAS Y SOCIALES,Escolarizado,https://www.dgae.unam.mx/Licenciatura2026/resultados/3/30200045.html,69,1682,1401,109,77,203728,37,,No seleccionado,,Consultar
3,Licenciatura 2026,302,30200045,CIENCIAS DE LA COMUNICACION,FACULTAD DE CIENCIAS POLÍTICAS Y SOCIALES,Escolarizado,https://www.dgae.unam.mx/Licenciatura2026/resultados/3/30200045.html,69,1682,1401,109,77,203771,84,,No seleccionado,,Consultar
3,Licenciatura 2026,302,30200045,CIENCIAS DE LA COMUNICACION,FACULTAD DE CIENCIAS POLÍTICAS Y SOCIALES,Escolarizado,https://www.dgae.unam.mx/Licenciatura2026/resultados/3/30200045.html,69,1682,1401,109,77,203776,106,,No seleccionado,,Consultar
3,Licenciatura 2026,302,30200045,CIENCIAS DE LA COMUNICACION,FACULTAD DE CIENCIAS POLÍTICAS Y SOCIALES,Escolarizado,https://www.dgae.unam.mx/Licenciatura2026/resultados/3/30200045.html,69,1682,1401,109,77,203802,,N,No presentado,,Consultar
3,Licenciatura 2026,302,30200045,CIENCIAS DE LA COMUNICACION,FACULTAD DE CIENCIAS POLÍTICAS Y SOCIALES,Escolarizado,https://www.dgae.unam.mx/Licenciatura2026/resultados/3/30200045.html,69,1682,1401,109,77,203809,76,,No seleccionado,,Consultar
3,Licenciatura 2026,302,30200045,CIENCIAS DE LA COMUNICACION,FACULTAD DE CIENCIAS POLÍTICAS Y SOCIALES,Escolarizado,https://www.dgae.unam.mx/Licenciatura2026/resultados/3/30200045.html,69,1682,1401,109,77,203829,41,,No seleccionado,,Consultar
3,Licenciatura 2026,302,30200045,CIENCIAS DE LA COMUNICACION,FACULTAD DE CIENCIAS POLÍTICAS Y SOCIALES,Escolarizado,https://www.dgae.unam.mx/Licenciatura2026/resultados/3/30200045.html,69,1682,1401,109,77,203835,102,,No seleccionado,,Consultar
3,Licenciatura 2026,302,30200045,CIENCIAS DE LA COMUNICACION,FACULTAD DE CIENCIAS POLÍTICAS Y SOCIALES,Escolarizado,https://www.dgae.unam.mx/Licenciatura2026/resultados/3/30200045.html,69,1682,1401,109,77,203888,103,,No seleccionado,,Consultar
3,Licenciatura 2026,302,30200045,CIENCIAS DE LA COMUNICACION,FACULTAD DE CIENCIAS POLÍTICAS Y SOCIALES,Escolarizado,https://www.dgae.unam.mx/Licenciatura2026/resultados/3/30200045.html,69,1682,1401,109,77,203919,82,,No seleccionado,,Consultar
3,Licenciatura 2026,302,30200045,CIENCIAS DE LA COMUNICACION,FACULTAD DE CIENCIAS POLÍTICAS Y SOCIALES,Escolarizado,https://www.dgae.unam.mx/Licenciatura2026/resultados/3/30200045.html,69,1682,1401,109,77,203967,53,,No seleccionado,,Consultar
3,Licenciatura 2026,302,30200045,CIENCIAS DE LA COMUNICACION,FACULTAD DE CIENCIAS POLÍTICAS Y SOCIALES,Escolarizado,https://www.dgae.unam.mx/Licenciatura2026/resultados/3/30200045.html,69,1682,1401,109,77,203972,108,,No seleccionado,,Consultar
3,Licenciatura 2026,302,30200045,CIENCIAS DE LA COMUNICACION,FACULTAD DE CIENCIAS POLÍTICAS Y SOCIALES,Escolarizado,https://www.dgae.unam.mx/Licenciatura2026/resultados/3/30200045.html,69,1682,1401,109,77,204035,,N,No presentado,,Consultar
3,Licenciatura 2026,302,30200045,CIENCIAS DE LA COMUNICACION,FACULTAD DE CIENCIAS POLÍTICAS Y SOCIALES,Escolarizado,https://www.dgae.unam.mx/Licenciatura2026/resultados/3/30200045.html,69,1682,1401,109,77,204070,,N,No presentado,,Consultar
3,Licenciatura 2026,302,30200045,CIENCIAS DE LA COMUNICACION,FACULTAD DE CIENCIAS POLÍTICAS Y SOCIALES,Escolarizado,https://www.dgae.unam.mx/Licenciatura2026/resultados/3/30200045.html,69,1682,1401,109,77,204131,57,,No seleccionado,,Consultar
3,Licenciatura 2026,302,30200045,CIENCIAS DE LA COMUNICACION,FACULTAD DE CIENCIAS POLÍTICAS Y SOCIALES,Escolarizado,https://www.dgae.unam.mx/Licenciatura2026/resultados/3/30200045.html,69,1682,1401,109,77,204160,96,,No seleccionado,,Consultar
3,Licenciatura 2026,302,30200045,CIENCIAS DE LA COMUNICACION,FACULTAD DE CIENCIAS POLÍTICAS Y SOCIALES,Escolarizado,https://www.dgae.unam.mx/Licenciatura2026/resultados/3/30200045.html,69,1682,1401,109,77,204206,69,,No seleccionado,,Consultar
3,Licenciatura 2026,302,30200045,CIENCIAS DE LA COMUNICACION,FACULTAD DE CIENCIAS POLÍTICAS Y SOCIALES,Escolarizado,https://www.dgae.unam.mx/Licenciatura2026/resultados/3/30200045.html,69,1682,1401,109,77,204217,101,,No seleccionado,,Consultar
3,Licenciatura 2026,302,30200045,CIENCIAS DE LA COMUNICACION,FACULTAD DE CIENCIAS POLÍTICAS Y SOCIALES,Escolarizado,https://www.dgae.unam.mx/Licenciatura2026/resultados/3/30200045.html,69,1682,1401,109,77,204230,32,,No seleccionado,,Consultar
3,Licenciatura 2026,302,30200045,CIENCIAS DE LA COMUNICACION,FACULTAD DE CIENCIAS POLÍTICAS Y SOCIALES,Escolarizado,https://www.dgae.unam.mx/Licenciatura2026/resultados/3/30200045.html,69,1682,1401,109,77,204231,106,,No seleccionado,,Consultar
3,Licenciatura 2026,302,30200045,CIENCIAS DE LA COMUNICACION,FACULTAD DE CIENCIAS POLÍTICAS Y SOCIALES,Escolarizado,https://www.dgae.unam.mx/Licenciatura2026/resultados/3/30200045.html,69,1682,1401,109,77,204239,51,,No seleccionado,,Consultar
3,Licenciatura 2026,302,30200045,CIENCIAS DE LA COMUNICACION,FACULTAD DE CIENCIAS POLÍTICAS Y SOCIALES,Escolarizado,https://www.dgae.unam.mx/Licenciatura2026/resultados/3/30200045.html,69,1682,1401,109,77,204270,,N,No presentado,,Consultar
3,Licenciatura 2026,302,30200045,CIENCIAS DE LA COMUNICACION,FACULTAD DE CIENCIAS POLÍTICAS Y SOCIALES,Escolarizado,https://www.dgae.unam.mx/Licenciatura2026/resultados/3/30200045.html,69,1682,1401,109,77,204271,101,,No seleccionado,,Consultar
3,Licenciatura 2026,302,30200045,CIENCIAS DE LA COMUNICACION,FACULTAD DE CIENCIAS POLÍTICAS Y SOCIALES,Escolarizado,https://www.dgae.unam.mx/Licenciatura2026/resultados/3/30200045.html,69,1682,1401,109,77,204273,100,,No seleccionado,,Consultar
3,Licenciatura 2026,302,30200045,CIENCIAS DE LA COMUNICACION,FACULTAD DE CIENCIAS POLÍTICAS Y SOCIALES,Escolarizado,https://www.dgae.unam.mx/Licenciatura2026/resultados/3/30200045.html,69,1682,1401,109,77,204301,53,,No seleccionado,,Consultar
3,Licenciatura 2026,302,30200045,CIENCIAS DE LA COMUNICACION,FACULTAD DE CIENCIAS POLÍTICAS Y SOCIALES,Escolarizado,https://www.dgae.unam.mx/Licenciatura2026/resultados/3/30200045.html,69,1682,1401,109,77,204306,,N,No presentado,,Consultar
3,Licenciatura 2026,302,30200045,CIENCIAS DE LA COMUNICACION,FACULTAD DE CIENCIAS POLÍTICAS Y SOCIALES,Escolarizado,https://www.dgae.unam.mx/Licenciatura2026/resultados/3/30200045.html,69,1682,1401,109,77,204356,31,,No seleccionado,,Consultar
3,Licenciatura 2026,302,30200045,CIENCIAS DE LA COMUNICACION,FACULTAD DE CIENCIAS POLÍTICAS Y SOCIALES,Escolarizado,https://www.dgae.unam.mx/Licenciatura2026/resultados/3/30200045.html,69,1682,1401,109,77,204393,,N,No presentado,,Consultar
3,Licenciatura 2026,302,30200045,CIENCIAS DE LA COMUNICACION,FACULTAD DE CIENCIAS POLÍTICAS Y SOCIALES,Escolarizado,https://www.dgae.unam.mx/Licenciatura2026/resultados/3/30200045.html,69,1682,1401,109,77,204396,72,,No seleccionado,,Consultar
3,Licenciatura 2026,302,30200045,CIENCIAS DE LA COMUNICACION,FACULTAD DE CIENCIAS POLÍTICAS Y SOCIALES,Escolarizado,https://www.dgae.unam.mx/Licenciatura2026/resultados/3/30200045.html,69,1682,1401,109,77,204435,,N,No presentado,,Consultar
3,Licenciatura 2026,302,30200045,CIENCIAS DE LA COMUNICACION,FACULTAD DE CIENCIAS POLÍTICAS Y SOCIALES,Escolarizado,https://www.dgae.unam.mx/Licenciatura2026/resultados/3/30200045.html,69,1682,1401,109,77,204475,,N,No presentado,,Consultar
3,Licenciatura 2026,302,30200045,CIENCIAS DE LA COMUNICACION,FACULTAD DE CIENCIAS POLÍTICAS Y SOCIALES,Escolarizado,https://www.dgae.unam.mx/Licenciatura2026/resultados/3/30200045.html,69,1682,1401,109,77,204508,100,,No seleccionado,,Consultar
3,Licenciatura 2026,302,30200045,CIENCIAS DE LA COMUNICACION,FACULTAD DE CIENCIAS POLÍTICAS Y SOCIALES,Escolarizado,https://www.dgae.unam.mx/Licenciatura2026/resultados/3/30200045.html,69,1682,1401,109,77,204529,63,,No seleccionado,,Consultar
3,Licenciatura 2026,302,30200045,CIENCIAS DE LA COMUNICACION,FACULTAD DE CIENCIAS POLÍTICAS Y SOCIALES,Escolarizado,https://www.dgae.unam.mx/Licenciatura2026/resultados/3/30200045.html,69,1682,1401,109,77,204532,66,,No seleccionado,,Consultar
3,Licenciatura 2026,302,30200045,CIENCIAS DE LA COMUNICACION,FACULTAD DE CIENCIAS POLÍTICAS Y SOCIALES,Escolarizado,https://www.dgae.unam.mx/Licenciatura2026/resultados/3/30200045.html,69,1682,1401,109,77,204533,65,,No seleccionado,,Consultar
3,Licenciatura 2026,302,30200045,CIENCIAS DE LA COMUNICACION,FACULTAD DE CIENCIAS POLÍTICAS Y SOCIALES,Escolarizado,https://www.dgae.unam.mx/Licenciatura2026/resultados/3/30200045.html,69,1682,1401,109,77,204607,,N,No presentado,,Consultar
3,Licenciatura 2026,302,30200045,CIENCIAS DE LA COMUNICACION,FACULTAD DE CIENCIAS POLÍTICAS Y SOCIALES,Escolarizado,https://www.dgae.unam.mx/Licenciatura2026/resultados/3/30200045.html,69,1682,1401,109,77,204653,69,,No seleccionado,,Consultar
3,Licenciatura 2026,302,30200045,CIENCIAS DE LA COMUNICACION,FACULTAD DE CIENCIAS POLÍTICAS Y SOCIALES,Escolarizado,https://www.dgae.unam.mx/Licenciatura2026/resultados/3/30200045.html,69,1682,1401,109,77,204684,40,,No seleccionado,,Consultar
3,Licenciatura 2026,302,30200045,CIENCIAS DE LA COMUNICACION,FACULTAD DE CIENCIAS POLÍTICAS Y SOCIALES,Escolarizado,https://www.dgae.unam.mx/Licenciatura2026/resultados/3/30200045.html,69,1682,1401,109,77,204781,90,,No seleccionado,,Consultar
3,Licenciatura 2026,302,30200045,CIENCIAS DE LA COMUNICACION,FACULTAD DE CIENCIAS POLÍTICAS Y SOCIALES,Escolarizado,https://www.dgae.unam.mx/Licenciatura2026/resultados/3/30200045.html,69,1682,1401,109,77,204797,49,,No seleccionado,,Consultar
3,Licenciatura 2026,302,30200045,CIENCIAS DE LA COMUNICACION,FACULTAD DE CIENCIAS POLÍTICAS Y SOCIALES,Escolarizado,https://www.dgae.unam.mx/Licenciatura2026/resultados/3/30200045.html,69,1682,1401,109,77,204830,61,,No seleccionado,,Consultar
3,Licenciatura 2026,302,30200045,CIENCIAS DE LA COMUNICACION,FACULTAD DE CIENCIAS POLÍTICAS Y SOCIALES,Escolarizado,https://www.dgae.unam.mx/Licenciatura2026/resultados/3/30200045.html,69,1682,1401,109,77,204859,95,,No seleccionado,,Consultar
3,Licenciatura 2026,302,30200045,CIENCIAS DE LA COMUNICACION,FACULTAD DE CIENCIAS POLÍTICAS Y SOCIALES,Escolarizado,https://www.dgae.unam.mx/Licenciatura2026/resultados/3/30200045.html,69,1682,1401,109,77,204910,49,,No seleccionado,,Consultar
3,Licenciatura 2026,302,30200045,CIENCIAS DE LA COMUNICACION,FACULTAD DE CIENCIAS POLÍTICAS Y SOCIALES,Escolarizado,https://www.dgae.unam.mx/Licenciatura2026/resultados/3/30200045.html,69,1682,1401,109,77,204915,94,,No seleccionado,,Consultar
3,Licenciatura 2026,302,30200045,CIENCIAS DE LA COMUNICACION,FACULTAD DE CIENCIAS POLÍTICAS Y SOCIALES,Escolarizado,https://www.dgae.unam.mx/Licenciatura2026/resultados/3/30200045.html,69,1682,1401,109,77,204919,87,,No seleccionado,,Consultar
3,Licenciatura 2026,302,30200045,CIENCIAS DE LA COMUNICACION,FACULTAD DE CIENCIAS POLÍTICAS Y SOCIALES,Escolarizado,https://www.dgae.unam.mx/Licenciatura2026/resultados/3/30200045.html,69,1682,1401,109,77,204925,35,,No seleccionado,,Consultar
3,Licenciatura 2026,302,30200045,CIENCIAS DE LA COMUNICACION,FACULTAD DE CIENCIAS POLÍTICAS Y SOCIALES,Escolarizado,https://www.dgae.unam.mx/Licenciatura2026/resultados/3/30200045.html,69,1682,1401,109,77,204946,,N,No presentado,,Consultar
3,Licenciatura 2026,302,30200045,CIENCIAS DE LA COMUNICACION,FACULTAD DE CIENCIAS POLÍTICAS Y SOCIALES,Escolarizado,https://www.dgae.unam.mx/Licenciatura2026/resultados/3/30200045.html,69,1682,1401,109,77,204961,100,,No seleccionado,,Consultar
3,Licenciatura 2026,302,30200045,CIENCIAS DE LA COMUNICACION,FACULTAD DE CIENCIAS POLÍTICAS Y SOCIALES,Escolarizado,https://www.dgae.unam.mx/Licenciatura2026/resultados/3/30200045.html,69,1682,1401,109,77,204997,92,,No seleccionado,,Consultar
3,Licenciatura 2026,302,30200045,CIENCIAS DE LA COMUNICACION,FACULTAD DE CIENCIAS POLÍTICAS Y SOCIALES,Escolarizado,https://www.dgae.unam.mx/Licenciatura2026/resultados/3/30200045.html,69,1682,1401,109,77,205019,,N,No presentado,,Consultar
3,Licenciatura 2026,302,30200045,CIENCIAS DE LA COMUNICACION,FACULTAD DE CIENCIAS POLÍTICAS Y SOCIALES,Escolarizado,https://www.dgae.unam.mx/Licenciatura2026/resultados/3/30200045.html,69,1682,1401,109,77,205035,53,,No seleccionado,,Consultar
3,Licenciatura 2026,302,30200045,CIENCIAS DE LA COMUNICACION,FACULTAD DE CIENCIAS POLÍTICAS Y SOCIALES,Escolarizado,https://www.dgae.unam.mx/Licenciatura2026/resultados/3/30200045.html,69,1682,1401,109,77,205119,96,,No seleccionado,,Consultar
3,Licenciatura 2026,302,30200045,CIENCIAS DE LA COMUNICACION,FACULTAD DE CIENCIAS POLÍTICAS Y SOCIALES,Escolarizado,https://www.dgae.unam.mx/Licenciatura2026/resultados/3/30200045.html,69,1682,1401,109,77,205156,98,,No seleccionado,,Consultar
3,Licenciatura 2026,302,30200045,CIENCIAS DE LA COMUNICACION,FACULTAD DE CIENCIAS POLÍTICAS Y SOCIALES,Escolarizado,https://www.dgae.unam.mx/Licenciatura2026/resultados/3/30200045.html,69,1682,1401,109,77,205171,46,,No seleccionado,,Consultar
3,Licenciatura 2026,302,30200045,CIENCIAS DE LA COMUNICACION,FACULTAD DE CIENCIAS POLÍTICAS Y SOCIALES,Escolarizado,https://www.dgae.unam.mx/Licenciatura2026/resultados/3/30200045.html,69,1682,1401,109,77,205176,106,,No seleccionado,,Consultar
3,Licenciatura 2026,302,30200045,CIENCIAS DE LA COMUNICACION,FACULTAD DE CIENCIAS POLÍTICAS Y SOCIALES,Escolarizado,https://www.dgae.unam.mx/Licenciatura2026/resultados/3/30200045.html,69,1682,1401,109,77,205188,37,,No seleccionado,,Consultar
3,Licenciatura 2026,302,30200045,CIENCIAS DE LA COMUNICACION,FACULTAD DE CIENCIAS POLÍTICAS Y SOCIALES,Escolarizado,https://www.dgae.unam.mx/Licenciatura2026/resultados/3/30200045.html,69,1682,1401,109,77,205219,53,,No seleccionado,,Consultar
3,Licenciatura 2026,302,30200045,CIENCIAS DE LA COMUNICACION,FACULTAD DE CIENCIAS POLÍTICAS Y SOCIALES,Escolarizado,https://www.dgae.unam.mx/Licenciatura2026/resultados/3/30200045.html,69,1682,1401,109,77,205267,105,,No seleccionado,,Consultar
3,Licenciatura 2026,302,30200045,CIENCIAS DE LA COMUNICACION,FACULTAD DE CIENCIAS POLÍTICAS Y SOCIALES,Escolarizado,https://www.dgae.unam.mx/Licenciatura2026/resultados/3/30200045.html,69,1682,1401,109,77,205300,49,,No seleccionado,,Consultar
3,Licenciatura 2026,302,30200045,CIENCIAS DE LA COMUNICACION,FACULTAD DE CIENCIAS POLÍTICAS Y SOCIALES,Escolarizado,https://www.dgae.unam.mx/Licenciatura2026/resultados/3/30200045.html,69,1682,1401,109,77,205311,54,,No seleccionado,,Consultar
3,Licenciatura 2026,302,30200045,CIENCIAS DE LA COMUNICACION,FACULTAD DE CIENCIAS POLÍTICAS Y SOCIALES,Escolarizado,https://www.dgae.unam.mx/Licenciatura2026/resultados/3/30200045.html,69,1682,1401,109,77,205312,57,,No seleccionado,,Consultar
3,Licenciatura 2026,302,30200045,CIENCIAS DE LA COMUNICACION,FACULTAD DE CIENCIAS POLÍTICAS Y SOCIALES,Escolarizado,https://www.dgae.unam.mx/Licenciatura2026/resultados/3/30200045.html,69,1682,1401,109,77,205318,69,,No seleccionado,,Consultar
3,Licenciatura 2026,302,30200045,CIENCIAS DE LA COMUNICACION,FACULTAD DE CIENCIAS POLÍTICAS Y SOCIALES,Escolarizado,https://www.dgae.unam.mx/Licenciatura2026/resultados/3/30200045.html,69,1682,1401,109,77,205344,,N,No presentado,,Consultar
3,Licenciatura 2026,302,30200045,CIENCIAS DE LA COMUNICACION,FACULTAD DE CIENCIAS POLÍTICAS Y SOCIALES,Escolarizado,https://www.dgae.unam.mx/Licenciatura2026/resultados/3/30200045.html,69,1682,1401,109,77,205353,55,,No seleccionado,,Consultar
3,Licenciatura 2026,302,30200045,CIENCIAS DE LA COMUNICACION,FACULTAD DE CIENCIAS POLÍTICAS Y SOCIALES,Escolarizado,https://www.dgae.unam.mx/Licenciatura2026/resultados/3/30200045.html,69,1682,1401,109,77,205381,101,,No seleccionado,,Consultar
3,Licenciatura 2026,302,30200045,CIENCIAS DE LA COMUNICACION,FACULTAD DE CIENCIAS POLÍTICAS Y SOCIALES,Escolarizado,https://www.dgae.unam.mx/Licenciatura2026/resultados/3/30200045.html,69,1682,1401,109,77,205413,73,,No seleccionado,,Consultar
3,Licenciatura 2026,302,30200045,CIENCIAS DE LA COMUNICACION,FACULTAD DE CIENCIAS POLÍTICAS Y SOCIALES,Escolarizado,https://www.dgae.unam.mx/Licenciatura2026/resultados/3/30200045.html,69,1682,1401,109,77,205414,73,,No seleccionado,,Consultar
3,Licenciatura 2026,302,30200045,CIENCIAS DE LA COMUNICACION,FACULTAD DE CIENCIAS POLÍTICAS Y SOCIALES,Escolarizado,https://www.dgae.unam.mx/Licenciatura2026/resultados/3/30200045.html,69,1682,1401,109,77,205427,39,,No seleccionado,,Consultar
3,Licenciatura 2026,302,30200045,CIENCIAS DE LA COMUNICACION,FACULTAD DE CIENCIAS POLÍTICAS Y SOCIALES,Escolarizado,https://www.dgae.unam.mx/Licenciatura2026/resultados/3/30200045.html,69,1682,1401,109,77,205442,54,,No seleccionado,,Consultar
3,Licenciatura 2026,302,30200045,CIENCIAS DE LA COMUNICACION,FACULTAD DE CIENCIAS POLÍTICAS Y SOCIALES,Escolarizado,https://www.dgae.unam.mx/Licenciatura2026/resultados/3/30200045.html,69,1682,1401,109,77,205443,90,,No seleccionado,,Consultar
3,Licenciatura 2026,302,30200045,CIENCIAS DE LA COMUNICACION,FACULTAD DE CIENCIAS POLÍTICAS Y SOCIALES,Escolarizado,https://www.dgae.unam.mx/Licenciatura2026/resultados/3/30200045.html,69,1682,1401,109,77,205466,72,,No seleccionado,,Consultar
3,Licenciatura 2026,302,30200045,CIENCIAS DE LA COMUNICACION,FACULTAD DE CIENCIAS POLÍTICAS Y SOCIALES,Escolarizado,https://www.dgae.unam.mx/Licenciatura2026/resultados/3/30200045.html,69,1682,1401,109,77,205501,73,,No seleccionado,,Consultar
3,Licenciatura 2026,302,30200045,CIENCIAS DE LA COMUNICACION,FACULTAD DE CIENCIAS POLÍTICAS Y SOCIALES,Escolarizado,https://www.dgae.unam.mx/Licenciatura2026/resultados/3/30200045.html,69,1682,1401,109,77,205558,72,,No seleccionado,,Consultar
3,Licenciatura 2026,302,30200045,CIENCIAS DE LA COMUNICACION,FACULTAD DE CIENCIAS POLÍTICAS Y SOCIALES,Escolarizado,https://www.dgae.unam.mx/Licenciatura2026/resultados/3/30200045.html,69,1682,1401,109,77,205568,99,,No seleccionado,,Consultar
3,Licenciatura 2026,302,30200045,CIENCIAS DE LA COMUNICACION,FACULTAD DE CIENCIAS POLÍTICAS Y SOCIALES,Escolarizado,https://www.dgae.unam.mx/Licenciatura2026/resultados/3/30200045.html,69,1682,1401,109,77,205576,90,,No seleccionado,,Consultar
3,Licenciatura 2026,302,30200045,CIENCIAS DE LA COMUNICACION,FACULTAD DE CIENCIAS POLÍTICAS Y SOCIALES,Escolarizado,https://www.dgae.unam.mx/Licenciatura2026/resultados/3/30200045.html,69,1682,1401,109,77,205689,110,S,Seleccionado,Cita para entregar documentación.,Consultar
3,Licenciatura 2026,302,30200045,CIENCIAS DE LA COMUNICACION,FACULTAD DE CIENCIAS POLÍTICAS Y SOCIALES,Escolarizado,https://www.dgae.unam.mx/Licenciatura2026/resultados/3/30200045.html,69,1682,1401,109,77,205706,77,,No seleccionado,,Consultar
3,Licenciatura 2026,302,30200045,CIENCIAS DE LA COMUNICACION,FACULTAD DE CIENCIAS POLÍTICAS Y SOCIALES,Escolarizado,https://www.dgae.unam.mx/Licenciatura2026/resultados/3/30200045.html,69,1682,1401,109,77,205710,100,,No seleccionado,,Consultar
3,Licenciatura 2026,302,30200045,CIENCIAS DE LA COMUNICACION,FACULTAD DE CIENCIAS POLÍTICAS Y SOCIALES,Escolarizado,https://www.dgae.unam.mx/Licenciatura2026/resultados/3/30200045.html,69,1682,1401,109,77,205756,83,,No seleccionado,,Consultar
3,Licenciatura 2026,302,30200045,CIENCIAS DE LA COMUNICACION,FACULTAD DE CIENCIAS POLÍTICAS Y SOCIALES,Escolarizado,https://www.dgae.unam.mx/Licenciatura2026/resultados/3/30200045.html,69,1682,1401,109,77,205761,88,,No seleccionado,,Consultar
3,Licenciatura 2026,302,30200045,CIENCIAS DE LA COMUNICACION,FACULTAD DE CIENCIAS POLÍTICAS Y SOCIALES,Escolarizado,https://www.dgae.unam.mx/Licenciatura2026/resultados/3/30200045.html,69,1682,1401,109,77,205797,,N,No presentado,,Consultar
3,Licenciatura 2026,302,30200045,CIENCIAS DE LA COMUNICACION,FACULTAD DE CIENCIAS POLÍTICAS Y SOCIALES,Escolarizado,https://www.dgae.unam.mx/Licenciatura2026/resultados/3/30200045.html,69,1682,1401,109,77,205810,105,,No seleccionado,,Consultar
3,Licenciatura 2026,302,30200045,CIENCIAS DE LA COMUNICACION,FACULTAD DE CIENCIAS POLÍTICAS Y SOCIALES,Escolarizado,https://www.dgae.unam.mx/Licenciatura2026/resultados/3/30200045.html,69,1682,1401,109,77,205811,,,No seleccionado,Cita para aclarar situación escolar.,Consultar
3,Licenciatura 2026,302,30200045,CIENCIAS DE LA COMUNICACION,FACULTAD DE CIENCIAS POLÍTICAS Y SOCIALES,Escolarizado,https://www.dgae.unam.mx/Licenciatura2026/resultados/3/30200045.html,69,1682,1401,109,77,205830,107,,No seleccionado,,Consultar
3,Licenciatura 2026,302,30200045,CIENCIAS DE LA COMUNICACION,FACULTAD DE CIENCIAS POLÍTICAS Y SOCIALES,Escolarizado,https://www.dgae.unam.mx/Licenciatura2026/resultados/3/30200045.html,69,1682,1401,109,77,205887,100,,No seleccionado,,Consultar
3,Licenciatura 2026,302,30200045,CIENCIAS DE LA COMUNICACION,FACULTAD DE CIENCIAS POLÍTICAS Y SOCIALES,Escolarizado,https://www.dgae.unam.mx/Licenciatura2026/resultados/3/30200045.html,69,1682,1401,109,77,205977,62,,No seleccionado,,Consultar
3,Licenciatura 2026,302,30200045,CIENCIAS DE LA COMUNICACION,FACULTAD DE CIENCIAS POLÍTICAS Y SOCIALES,Escolarizado,https://www.dgae.unam.mx/Licenciatura2026/resultados/3/30200045.html,69,1682,1401,109,77,205997,36,,No seleccionado,,Consultar
3,Licenciatura 2026,302,30200045,CIENCIAS DE LA COMUNICACION,FACULTAD DE CIENCIAS POLÍTICAS Y SOCIALES,Escolarizado,https://www.dgae.unam.mx/Licenciatura2026/resultados/3/30200045.html,69,1682,1401,109,77,206018,80,,No seleccionado,,Consultar
3,Licenciatura 2026,302,30200045,CIENCIAS DE LA COMUNICACION,FACULTAD DE CIENCIAS POLÍTICAS Y SOCIALES,Escolarizado,https://www.dgae.unam.mx/Licenciatura2026/resultados/3/30200045.html,69,1682,1401,109,77,206026,52,,No seleccionado,,Consultar
3,Licenciatura 2026,302,30200045,CIENCIAS DE LA COMUNICACION,FACULTAD DE CIENCIAS POLÍTICAS Y SOCIALES,Escolarizado,https://www.dgae.unam.mx/Licenciatura2026/resultados/3/30200045.html,69,1682,1401,109,77,206041,86,,No seleccionado,,Consultar
3,Licenciatura 2026,302,30200045,CIENCIAS DE LA COMUNICACION,FACULTAD DE CIENCIAS POLÍTICAS Y SOCIALES,Escolarizado,https://www.dgae.unam.mx/Licenciatura2026/resultados/3/30200045.html,69,1682,1401,109,77,206052,85,,No seleccionado,,Consultar
3,Licenciatura 2026,302,30200045,CIENCIAS DE LA COMUNICACION,FACULTAD DE CIENCIAS POLÍTICAS Y SOCIALES,Escolarizado,https://www.dgae.unam.mx/Licenciatura2026/resultados/3/30200045.html,69,1682,1401,109,77,206088,77,,No seleccionado,,Consultar
3,Licenciatura 2026,302,30200045,CIENCIAS DE LA COMUNICACION,FACULTAD DE CIENCIAS POLÍTICAS Y SOCIALES,Escolarizado,https://www.dgae.unam.mx/Licenciatura2026/resultados/3/30200045.html,69,1682,1401,109,77,206201,38,,No seleccionado,,Consultar
3,Licenciatura 2026,302,30200045,CIENCIAS DE LA COMUNICACION,FACULTAD DE CIENCIAS POLÍTICAS Y SOCIALES,Escolarizado,https://www.dgae.unam.mx/Licenciatura2026/resultados/3/30200045.html,69,1682,1401,109,77,206215,41,,No seleccionado,,Consultar
3,Licenciatura 2026,302,30200045,CIENCIAS DE LA COMUNICACION,FACULTAD DE CIENCIAS POLÍTICAS Y SOCIALES,Escolarizado,https://www.dgae.unam.mx/Licenciatura2026/resultados/3/30200045.html,69,1682,1401,109,77,206276,107,,No seleccionado,,Consultar
3,Licenciatura 2026,302,30200045,CIENCIAS DE LA COMUNICACION,FACULTAD DE CIENCIAS POLÍTICAS Y SOCIALES,Escolarizado,https://www.dgae.unam.mx/Licenciatura2026/resultados/3/30200045.html,69,1682,1401,109,77,206284,112,S,Seleccionado,Cita para entregar documentación.,Consultar
3,Licenciatura 2026,302,30200045,CIENCIAS DE LA COMUNICACION,FACULTAD DE CIENCIAS POLÍTICAS Y SOCIALES,Escolarizado,https://www.dgae.unam.mx/Licenciatura2026/resultados/3/30200045.html,69,1682,1401,109,77,206306,20,,No seleccionado,,Consultar
3,Licenciatura 2026,302,30200045,CIENCIAS DE LA COMUNICACION,FACULTAD DE CIENCIAS POLÍTICAS Y SOCIALES,Escolarizado,https://www.dgae.unam.mx/Licenciatura2026/resultados/3/30200045.html,69,1682,1401,109,77,206336,56,,No seleccionado,,Consultar
3,Licenciatura 2026,302,30200045,CIENCIAS DE LA COMUNICACION,FACULTAD DE CIENCIAS POLÍTICAS Y SOCIALES,Escolarizado,https://www.dgae.unam.mx/Licenciatura2026/resultados/3/30200045.html,69,1682,1401,109,77,206339,53,,No seleccionado,,Consultar
3,Licenciatura 2026,302,30200045,CIENCIAS DE LA COMUNICACION,FACULTAD DE CIENCIAS POLÍTICAS Y SOCIALES,Escolarizado,https://www.dgae.unam.mx/Licenciatura2026/resultados/3/30200045.html,69,1682,1401,109,77,206348,35,,No seleccionado,,Consultar
3,Licenciatura 2026,302,30200045,CIENCIAS DE LA COMUNICACION,FACULTAD DE CIENCIAS POLÍTICAS Y SOCIALES,Escolarizado,https://www.dgae.unam.mx/Licenciatura2026/resultados/3/30200045.html,69,1682,1401,109,77,206436,80,,No seleccionado,,Consultar
3,Licenciatura 2026,302,30200045,CIENCIAS DE LA COMUNICACION,FACULTAD DE CIENCIAS POLÍTICAS Y SOCIALES,Escolarizado,https://www.dgae.unam.mx/Licenciatura2026/resultados/3/30200045.html,69,1682,1401,109,77,206470,94,,No seleccionado,,Consultar
3,Licenciatura 2026,302,30200045,CIENCIAS DE LA COMUNICACION,FACULTAD DE CIENCIAS POLÍTICAS Y SOCIALES,Escolarizado,https://www.dgae.unam.mx/Licenciatura2026/resultados/3/30200045.html,69,1682,1401,109,77,206516,34,,No seleccionado,,Consultar
3,Licenciatura 2026,302,30200045,CIENCIAS DE LA COMUNICACION,FACULTAD DE CIENCIAS POLÍTICAS Y SOCIALES,Escolarizado,https://www.dgae.unam.mx/Licenciatura2026/resultados/3/30200045.html,69,1682,1401,109,77,206530,92,,No seleccionado,,Consultar
3,Licenciatura 2026,302,30200045,CIENCIAS DE LA COMUNICACION,FACULTAD DE CIENCIAS POLÍTICAS Y SOCIALES,Escolarizado,https://www.dgae.unam.mx/Licenciatura2026/resultados/3/30200045.html,69,1682,1401,109,77,206539,52,,No seleccionado,,Consultar
3,Licenciatura 2026,302,30200045,CIENCIAS DE LA COMUNICACION,FACULTAD DE CIENCIAS POLÍTICAS Y SOCIALES,Escolarizado,https://www.dgae.unam.mx/Licenciatura2026/resultados/3/30200045.html,69,1682,1401,109,77,206550,91,,No seleccionado,,Consultar
3,Licenciatura 2026,302,30200045,CIENCIAS DE LA COMUNICACION,FACULTAD DE CIENCIAS POLÍTICAS Y SOCIALES,Escolarizado,https://www.dgae.unam.mx/Licenciatura2026/resultados/3/30200045.html,69,1682,1401,109,77,206552,,N,No presentado,,Consultar
3,Licenciatura 2026,302,30200045,CIENCIAS DE LA COMUNICACION,FACULTAD DE CIENCIAS POLÍTICAS Y SOCIALES,Escolarizado,https://www.dgae.unam.mx/Licenciatura2026/resultados/3/30200045.html,69,1682,1401,109,77,206637,59,,No seleccionado,,Consultar
3,Licenciatura 2026,302,30200045,CIENCIAS DE LA COMUNICACION,FACULTAD DE CIENCIAS POLÍTICAS Y SOCIALES,Escolarizado,https://www.dgae.unam.mx/Licenciatura2026/resultados/3/30200045.html,69,1682,1401,109,77,206658,91,,No seleccionado,,Consultar
3,Licenciatura 2026,302,30200045,CIENCIAS DE LA COMUNICACION,FACULTAD DE CIENCIAS POLÍTICAS Y SOCIALES,Escolarizado,https://www.dgae.unam.mx/Licenciatura2026/resultados/3/30200045.html,69,1682,1401,109,77,206660,39,,No seleccionado,,Consultar
3,Licenciatura 2026,302,30200045,CIENCIAS DE LA COMUNICACION,FACULTAD DE CIENCIAS POLÍTICAS Y SOCIALES,Escolarizado,https://www.dgae.unam.mx/Licenciatura2026/resultados/3/30200045.html,69,1682,1401,109,77,206704,108,,No seleccionado,,Consultar
3,Licenciatura 2026,302,30200045,CIENCIAS DE LA COMUNICACION,FACULTAD DE CIENCIAS POLÍTICAS Y SOCIALES,Escolarizado,https://www.dgae.unam.mx/Licenciatura2026/resultados/3/30200045.html,69,1682,1401,109,77,206705,99,,No seleccionado,,Consultar
3,Licenciatura 2026,302,30200045,CIENCIAS DE LA COMUNICACION,FACULTAD DE CIENCIAS POLÍTICAS Y SOCIALES,Escolarizado,https://www.dgae.unam.mx/Licenciatura2026/resultados/3/30200045.html,69,1682,1401,109,77,206711,109,S,Seleccionado,Cita para entregar documentación.,Consultar
3,Licenciatura 2026,302,30200045,CIENCIAS DE LA COMUNICACION,FACULTAD DE CIENCIAS POLÍTICAS Y SOCIALES,Escolarizado,https://www.dgae.unam.mx/Licenciatura2026/resultados/3/30200045.html,69,1682,1401,109,77,206724,54,,No seleccionado,,Consultar
3,Licenciatura 2026,302,30200045,CIENCIAS DE LA COMUNICACION,FACULTAD DE CIENCIAS POLÍTICAS Y SOCIALES,Escolarizado,https://www.dgae.unam.mx/Licenciatura2026/resultados/3/30200045.html,69,1682,1401,109,77,206725,57,,No seleccionado,,Consultar
3,Licenciatura 2026,302,30200045,CIENCIAS DE LA COMUNICACION,FACULTAD DE CIENCIAS POLÍTICAS Y SOCIALES,Escolarizado,https://www.dgae.unam.mx/Licenciatura2026/resultados/3/30200045.html,69,1682,1401,109,77,206770,,N,No presentado,,Consultar
3,Licenciatura 2026,302,30200045,CIENCIAS DE LA COMUNICACION,FACULTAD DE CIENCIAS POLÍTICAS Y SOCIALES,Escolarizado,https://www.dgae.unam.mx/Licenciatura2026/resultados/3/30200045.html,69,1682,1401,109,77,206801,58,,No seleccionado,,Consultar
3,Licenciatura 2026,302,30200045,CIENCIAS DE LA COMUNICACION,FACULTAD DE CIENCIAS POLÍTICAS Y SOCIALES,Escolarizado,https://www.dgae.unam.mx/Licenciatura2026/resultados/3/30200045.html,69,1682,1401,109,77,206815,102,,No seleccionado,,Consultar
3,Licenciatura 2026,302,30200045,CIENCIAS DE LA COMUNICACION,FACULTAD DE CIENCIAS POLÍTICAS Y SOCIALES,Escolarizado,https://www.dgae.unam.mx/Licenciatura2026/resultados/3/30200045.html,69,1682,1401,109,77,206835,49,,No seleccionado,,Consultar
3,Licenciatura 2026,302,30200045,CIENCIAS DE LA COMUNICACION,FACULTAD DE CIENCIAS POLÍTICAS Y SOCIALES,Escolarizado,https://www.dgae.unam.mx/Licenciatura2026/resultados/3/30200045.html,69,1682,1401,109,77,206850,68,,No seleccionado,,Consultar
3,Licenciatura 2026,302,30200045,CIENCIAS DE LA COMUNICACION,FACULTAD DE CIENCIAS POLÍTICAS Y SOCIALES,Escolarizado,https://www.dgae.unam.mx/Licenciatura2026/resultados/3/30200045.html,69,1682,1401,109,77,206853,99,,No seleccionado,,Consultar
3,Licenciatura 2026,302,30200045,CIENCIAS DE LA COMUNICACION,FACULTAD DE CIENCIAS POLÍTICAS Y SOCIALES,Escolarizado,https://www.dgae.unam.mx/Licenciatura2026/resultados/3/30200045.html,69,1682,1401,109,77,206859,73,,No seleccionado,,Consultar
3,Licenciatura 2026,302,30200045,CIENCIAS DE LA COMUNICACION,FACULTAD DE CIENCIAS POLÍTICAS Y SOCIALES,Escolarizado,https://www.dgae.unam.mx/Licenciatura2026/resultados/3/30200045.html,69,1682,1401,109,77,206866,50,,No seleccionado,,Consultar
3,Licenciatura 2026,302,30200045,CIENCIAS DE LA COMUNICACION,FACULTAD DE CIENCIAS POLÍTICAS Y SOCIALES,Escolarizado,https://www.dgae.unam.mx/Licenciatura2026/resultados/3/30200045.html,69,1682,1401,109,77,206873,33,,No seleccionado,,Consultar
3,Licenciatura 2026,302,30200045,CIENCIAS DE LA COMUNICACION,FACULTAD DE CIENCIAS POLÍTICAS Y SOCIALES,Escolarizado,https://www.dgae.unam.mx/Licenciatura2026/resultados/3/30200045.html,69,1682,1401,109,77,206890,,N,No presentado,,Consultar
3,Licenciatura 2026,302,30200045,CIENCIAS DE LA COMUNICACION,FACULTAD DE CIENCIAS POLÍTICAS Y SOCIALES,Escolarizado,https://www.dgae.unam.mx/Licenciatura2026/resultados/3/30200045.html,69,1682,1401,109,77,206915,49,,No seleccionado,,Consultar
3,Licenciatura 2026,302,30200045,CIENCIAS DE LA COMUNICACION,FACULTAD DE CIENCIAS POLÍTICAS Y SOCIALES,Escolarizado,https://www.dgae.unam.mx/Licenciatura2026/resultados/3/30200045.html,69,1682,1401,109,77,206926,97,,No seleccionado,,Consultar
3,Licenciatura 2026,302,30200045,CIENCIAS DE LA COMUNICACION,FACULTAD DE CIENCIAS POLÍTICAS Y SOCIALES,Escolarizado,https://www.dgae.unam.mx/Licenciatura2026/resultados/3/30200045.html,69,1682,1401,109,77,206950,56,,No seleccionado,,Consultar
3,Licenciatura 2026,302,30200045,CIENCIAS DE LA COMUNICACION,FACULTAD DE CIENCIAS POLÍTICAS Y SOCIALES,Escolarizado,https://www.dgae.unam.mx/Licenciatura2026/resultados/3/30200045.html,69,1682,1401,109,77,206977,61,,No seleccionado,,Consultar
3,Licenciatura 2026,302,30200045,CIENCIAS DE LA COMUNICACION,FACULTAD DE CIENCIAS POLÍTICAS Y SOCIALES,Escolarizado,https://www.dgae.unam.mx/Licenciatura2026/resultados/3/30200045.html,69,1682,1401,109,77,206988,54,,No seleccionado,,Consultar
3,Licenciatura 2026,302,30200045,CIENCIAS DE LA COMUNICACION,FACULTAD DE CIENCIAS POLÍTICAS Y SOCIALES,Escolarizado,https://www.dgae.unam.mx/Licenciatura2026/resultados/3/30200045.html,69,1682,1401,109,77,207014,99,,No seleccionado,,Consultar
3,Licenciatura 2026,302,30200045,CIENCIAS DE LA COMUNICACION,FACULTAD DE CIENCIAS POLÍTICAS Y SOCIALES,Escolarizado,https://www.dgae.unam.mx/Licenciatura2026/resultados/3/30200045.html,69,1682,1401,109,77,207038,64,,No seleccionado,,Consultar
3,Licenciatura 2026,302,30200045,CIENCIAS DE LA COMUNICACION,FACULTAD DE CIENCIAS POLÍTICAS Y SOCIALES,Escolarizado,https://www.dgae.unam.mx/Licenciatura2026/resultados/3/30200045.html,69,1682,1401,109,77,207049,72,,No seleccionado,,Consultar
3,Licenciatura 2026,302,30200045,CIENCIAS DE LA COMUNICACION,FACULTAD DE CIENCIAS POLÍTICAS Y SOCIALES,Escolarizado,https://www.dgae.unam.mx/Licenciatura2026/resultados/3/30200045.html,69,1682,1401,109,77,207055,,N,No presentado,,Consultar
3,Licenciatura 2026,302,30200045,CIENCIAS DE LA COMUNICACION,FACULTAD DE CIENCIAS POLÍTICAS Y SOCIALES,Escolarizado,https://www.dgae.unam.mx/Licenciatura2026/resultados/3/30200045.html,69,1682,1401,109,77,207065,32,,No seleccionado,,Consultar
3,Licenciatura 2026,302,30200045,CIENCIAS DE LA COMUNICACION,FACULTAD DE CIENCIAS POLÍTICAS Y SOCIALES,Escolarizado,https://www.dgae.unam.mx/Licenciatura2026/resultados/3/30200045.html,69,1682,1401,109,77,207082,,C,Cancelado,,Consultar
3,Licenciatura 2026,302,30200045,CIENCIAS DE LA COMUNICACION,FACULTAD DE CIENCIAS POLÍTICAS Y SOCIALES,Escolarizado,https://www.dgae.unam.mx/Licenciatura2026/resultados/3/30200045.html,69,1682,1401,109,77,207127,72,,No seleccionado,,Consultar
3,Licenciatura 2026,302,30200045,CIENCIAS DE LA COMUNICACION,FACULTAD DE CIENCIAS POLÍTICAS Y SOCIALES,Escolarizado,https://www.dgae.unam.mx/Licenciatura2026/resultados/3/30200045.html,69,1682,1401,109,77,207167,76,,No seleccionado,,Consultar
3,Licenciatura 2026,302,30200045,CIENCIAS DE LA COMUNICACION,FACULTAD DE CIENCIAS POLÍTICAS Y SOCIALES,Escolarizado,https://www.dgae.unam.mx/Licenciatura2026/resultados/3/30200045.html,69,1682,1401,109,77,207190,110,S,Seleccionado,Cita para entregar documentación.,Consultar
3,Licenciatura 2026,302,30200045,CIENCIAS DE LA COMUNICACION,FACULTAD DE CIENCIAS POLÍTICAS Y SOCIALES,Escolarizado,https://www.dgae.unam.mx/Licenciatura2026/resultados/3/30200045.html,69,1682,1401,109,77,207203,98,,No seleccionado,,Consultar
3,Licenciatura 2026,302,30200045,CIENCIAS DE LA COMUNICACION,FACULTAD DE CIENCIAS POLÍTICAS Y SOCIALES,Escolarizado,https://www.dgae.unam.mx/Licenciatura2026/resultados/3/30200045.html,69,1682,1401,109,77,207226,43,,No seleccionado,,Consultar
3,Licenciatura 2026,302,30200045,CIENCIAS DE LA COMUNICACION,FACULTAD DE CIENCIAS POLÍTICAS Y SOCIALES,Escolarizado,https://www.dgae.unam.mx/Licenciatura2026/resultados/3/30200045.html,69,1682,1401,109,77,207242,,N,No presentado,,Consultar
3,Licenciatura 2026,302,30200045,CIENCIAS DE LA COMUNICACION,FACULTAD DE CIENCIAS POLÍTICAS Y SOCIALES,Escolarizado,https://www.dgae.unam.mx/Licenciatura2026/resultados/3/30200045.html,69,1682,1401,109,77,207347,93,,No seleccionado,,Consultar
3,Licenciatura 2026,302,30200045,CIENCIAS DE LA COMUNICACION,FACULTAD DE CIENCIAS POLÍTICAS Y SOCIALES,Escolarizado,https://www.dgae.unam.mx/Licenciatura2026/resultados/3/30200045.html,69,1682,1401,109,77,207404,91,,No seleccionado,,Consultar
3,Licenciatura 2026,302,30200045,CIENCIAS DE LA COMUNICACION,FACULTAD DE CIENCIAS POLÍTICAS Y SOCIALES,Escolarizado,https://www.dgae.unam.mx/Licenciatura2026/resultados/3/30200045.html,69,1682,1401,109,77,207441,83,,No seleccionado,,Consultar
3,Licenciatura 2026,302,30200045,CIENCIAS DE LA COMUNICACION,FACULTAD DE CIENCIAS POLÍTICAS Y SOCIALES,Escolarizado,https://www.dgae.unam.mx/Licenciatura2026/resultados/3/30200045.html,69,1682,1401,109,77,207462,,N,No presentado,,Consultar
3,Licenciatura 2026,302,30200045,CIENCIAS DE LA COMUNICACION,FACULTAD DE CIENCIAS POLÍTICAS Y SOCIALES,Escolarizado,https://www.dgae.unam.mx/Licenciatura2026/resultados/3/30200045.html,69,1682,1401,109,77,207501,52,,No seleccionado,,Consultar
3,Licenciatura 2026,302,30200045,CIENCIAS DE LA COMUNICACION,FACULTAD DE CIENCIAS POLÍTICAS Y SOCIALES,Escolarizado,https://www.dgae.unam.mx/Licenciatura2026/resultados/3/30200045.html,69,1682,1401,109,77,207544,73,,No seleccionado,,Consultar
3,Licenciatura 2026,302,30200045,CIENCIAS DE LA COMUNICACION,FACULTAD DE CIENCIAS POLÍTICAS Y SOCIALES,Escolarizado,https://www.dgae.unam.mx/Licenciatura2026/resultados/3/30200045.html,69,1682,1401,109,77,207586,109,S,Seleccionado,Cita para entregar documentación.,Consultar
3,Licenciatura 2026,302,30200045,CIENCIAS DE LA COMUNICACION,FACULTAD DE CIENCIAS POLÍTICAS Y SOCIALES,Escolarizado,https://www.dgae.unam.mx/Licenciatura2026/resultados/3/30200045.html,69,1682,1401,109,77,207657,102,,No seleccionado,,Consultar
3,Licenciatura 2026,302,30200045,CIENCIAS DE LA COMUNICACION,FACULTAD DE CIENCIAS POLÍTICAS Y SOCIALES,Escolarizado,https://www.dgae.unam.mx/Licenciatura2026/resultados/3/30200045.html,69,1682,1401,109,77,207674,85,,No seleccionado,,Consultar
3,Licenciatura 2026,302,30200045,CIENCIAS DE LA COMUNICACION,FACULTAD DE CIENCIAS POLÍTICAS Y SOCIALES,Escolarizado,https://www.dgae.unam.mx/Licenciatura2026/resultados/3/30200045.html,69,1682,1401,109,77,207678,89,,No seleccionado,,Consultar
3,Licenciatura 2026,302,30200045,CIENCIAS DE LA COMUNICACION,FACULTAD DE CIENCIAS POLÍTICAS Y SOCIALES,Escolarizado,https://www.dgae.unam.mx/Licenciatura2026/resultados/3/30200045.html,69,1682,1401,109,77,207747,62,,No seleccionado,,Consultar
3,Licenciatura 2026,302,30200045,CIENCIAS DE LA COMUNICACION,FACULTAD DE CIENCIAS POLÍTICAS Y SOCIALES,Escolarizado,https://www.dgae.unam.mx/Licenciatura2026/resultados/3/30200045.html,69,1682,1401,109,77,207777,76,,No seleccionado,,Consultar
3,Licenciatura 2026,302,30200045,CIENCIAS DE LA COMUNICACION,FACULTAD DE CIENCIAS POLÍTICAS Y SOCIALES,Escolarizado,https://www.dgae.unam.mx/Licenciatura2026/resultados/3/30200045.html,69,1682,1401,109,77,207788,64,,No seleccionado,,Consultar
3,Licenciatura 2026,302,30200045,CIENCIAS DE LA COMUNICACION,FACULTAD DE CIENCIAS POLÍTICAS Y SOCIALES,Escolarizado,https://www.dgae.unam.mx/Licenciatura2026/resultados/3/30200045.html,69,1682,1401,109,77,207792,112,S,Seleccionado,Cita para entregar documentación.,Consultar
3,Licenciatura 2026,302,30200045,CIENCIAS DE LA COMUNICACION,FACULTAD DE CIENCIAS POLÍTICAS Y SOCIALES,Escolarizado,https://www.dgae.unam.mx/Licenciatura2026/resultados/3/30200045.html,69,1682,1401,109,77,207830,113,S,Seleccionado,Cita para entregar documentación.,Consultar
3,Licenciatura 2026,302,30200045,CIENCIAS DE LA COMUNICACION,FACULTAD DE CIENCIAS POLÍTICAS Y SOCIALES,Escolarizado,https://www.dgae.unam.mx/Licenciatura2026/resultados/3/30200045.html,69,1682,1401,109,77,207871,65,,No seleccionado,,Consultar
3,Licenciatura 2026,302,30200045,CIENCIAS DE LA COMUNICACION,FACULTAD DE CIENCIAS POLÍTICAS Y SOCIALES,Escolarizado,https://www.dgae.unam.mx/Licenciatura2026/resultados/3/30200045.html,69,1682,1401,109,77,207886,57,,No seleccionado,,Consultar
3,Licenciatura 2026,302,30200045,CIENCIAS DE LA COMUNICACION,FACULTAD DE CIENCIAS POLÍTICAS Y SOCIALES,Escolarizado,https://www.dgae.unam.mx/Licenciatura2026/resultados/3/30200045.html,69,1682,1401,109,77,207935,69,,No seleccionado,,Consultar
3,Licenciatura 2026,302,30200045,CIENCIAS DE LA COMUNICACION,FACULTAD DE CIENCIAS POLÍTICAS Y SOCIALES,Escolarizado,https://www.dgae.unam.mx/Licenciatura2026/resultados/3/30200045.html,69,1682,1401,109,77,208019,50,,No seleccionado,,Consultar
3,Licenciatura 2026,302,30200045,CIENCIAS DE LA COMUNICACION,FACULTAD DE CIENCIAS POLÍTICAS Y SOCIALES,Escolarizado,https://www.dgae.unam.mx/Licenciatura2026/resultados/3/30200045.html,69,1682,1401,109,77,208080,52,,No seleccionado,,Consultar
3,Licenciatura 2026,302,30200045,CIENCIAS DE LA COMUNICACION,FACULTAD DE CIENCIAS POLÍTICAS Y SOCIALES,Escolarizado,https://www.dgae.unam.mx/Licenciatura2026/resultados/3/30200045.html,69,1682,1401,109,77,208123,38,,No seleccionado,,Consultar
3,Licenciatura 2026,302,30200045,CIENCIAS DE LA COMUNICACION,FACULTAD DE CIENCIAS POLÍTICAS Y SOCIALES,Escolarizado,https://www.dgae.unam.mx/Licenciatura2026/resultados/3/30200045.html,69,1682,1401,109,77,208136,,C,Cancelado,,Consultar
3,Licenciatura 2026,302,30200045,CIENCIAS DE LA COMUNICACION,FACULTAD DE CIENCIAS POLÍTICAS Y SOCIALES,Escolarizado,https://www.dgae.unam.mx/Licenciatura2026/resultados/3/30200045.html,69,1682,1401,109,77,208158,52,,No seleccionado,,Consultar
3,Licenciatura 2026,302,30200045,CIENCIAS DE LA COMUNICACION,FACULTAD DE CIENCIAS POLÍTICAS Y SOCIALES,Escolarizado,https://www.dgae.unam.mx/Licenciatura2026/resultados/3/30200045.html,69,1682,1401,109,77,208198,,N,No presentado,,Consultar
3,Licenciatura 2026,302,30200045,CIENCIAS DE LA COMUNICACION,FACULTAD DE CIENCIAS POLÍTICAS Y SOCIALES,Escolarizado,https://www.dgae.unam.mx/Licenciatura2026/resultados/3/30200045.html,69,1682,1401,109,77,208208,48,,No seleccionado,,Consultar
3,Licenciatura 2026,302,30200045,CIENCIAS DE LA COMUNICACION,FACULTAD DE CIENCIAS POLÍTICAS Y SOCIALES,Escolarizado,https://www.dgae.unam.mx/Licenciatura2026/resultados/3/30200045.html,69,1682,1401,109,77,208273,98,,No seleccionado,,Consultar
3,Licenciatura 2026,302,30200045,CIENCIAS DE LA COMUNICACION,FACULTAD DE CIENCIAS POLÍTICAS Y SOCIALES,Escolarizado,https://www.dgae.unam.mx/Licenciatura2026/resultados/3/30200045.html,69,1682,1401,109,77,208314,68,,No seleccionado,,Consultar
3,Licenciatura 2026,302,30200045,CIENCIAS DE LA COMUNICACION,FACULTAD DE CIENCIAS POLÍTICAS Y SOCIALES,Escolarizado,https://www.dgae.unam.mx/Licenciatura2026/resultados/3/30200045.html,69,1682,1401,109,77,208348,,N,No presentado,,Consultar
3,Licenciatura 2026,302,30200045,CIENCIAS DE LA COMUNICACION,FACULTAD DE CIENCIAS POLÍTICAS Y SOCIALES,Escolarizado,https://www.dgae.unam.mx/Licenciatura2026/resultados/3/30200045.html,69,1682,1401,109,77,208411,39,,No seleccionado,,Consultar
3,Licenciatura 2026,302,30200045,CIENCIAS DE LA COMUNICACION,FACULTAD DE CIENCIAS POLÍTICAS Y SOCIALES,Escolarizado,https://www.dgae.unam.mx/Licenciatura2026/resultados/3/30200045.html,69,1682,1401,109,77,208498,,N,No presentado,,Consultar
3,Licenciatura 2026,302,30200045,CIENCIAS DE LA COMUNICACION,FACULTAD DE CIENCIAS POLÍTICAS Y SOCIALES,Escolarizado,https://www.dgae.unam.mx/Licenciatura2026/resultados/3/30200045.html,69,1682,1401,109,77,208527,68,,No seleccionado,,Consultar
3,Licenciatura 2026,302,30200045,CIENCIAS DE LA COMUNICACION,FACULTAD DE CIENCIAS POLÍTICAS Y SOCIALES,Escolarizado,https://www.dgae.unam.mx/Licenciatura2026/resultados/3/30200045.html,69,1682,1401,109,77,208566,42,,No seleccionado,,Consultar
3,Licenciatura 2026,302,30200045,CIENCIAS DE LA COMUNICACION,FACULTAD DE CIENCIAS POLÍTICAS Y SOCIALES,Escolarizado,https://www.dgae.unam.mx/Licenciatura2026/resultados/3/30200045.html,69,1682,1401,109,77,208621,52,,No seleccionado,,Consultar
3,Licenciatura 2026,302,30200045,CIENCIAS DE LA COMUNICACION,FACULTAD DE CIENCIAS POLÍTICAS Y SOCIALES,Escolarizado,https://www.dgae.unam.mx/Licenciatura2026/resultados/3/30200045.html,69,1682,1401,109,77,208633,77,,No seleccionado,,Consultar
3,Licenciatura 2026,302,30200045,CIENCIAS DE LA COMUNICACION,FACULTAD DE CIENCIAS POLÍTICAS Y SOCIALES,Escolarizado,https://www.dgae.unam.mx/Licenciatura2026/resultados/3/30200045.html,69,1682,1401,109,77,208661,82,,No seleccionado,,Consultar
3,Licenciatura 2026,302,30200045,CIENCIAS DE LA COMUNICACION,FACULTAD DE CIENCIAS POLÍTICAS Y SOCIALES,Escolarizado,https://www.dgae.unam.mx/Licenciatura2026/resultados/3/30200045.html,69,1682,1401,109,77,208664,107,,No seleccionado,,Consultar
3,Licenciatura 2026,302,30200045,CIENCIAS DE LA COMUNICACION,FACULTAD DE CIENCIAS POLÍTICAS Y SOCIALES,Escolarizado,https://www.dgae.unam.mx/Licenciatura2026/resultados/3/30200045.html,69,1682,1401,109,77,208671,42,,No seleccionado,,Consultar
3,Licenciatura 2026,302,30200045,CIENCIAS DE LA COMUNICACION,FACULTAD DE CIENCIAS POLÍTICAS Y SOCIALES,Escolarizado,https://www.dgae.unam.mx/Licenciatura2026/resultados/3/30200045.html,69,1682,1401,109,77,208672,,N,No presentado,,Consultar
3,Licenciatura 2026,302,30200045,CIENCIAS DE LA COMUNICACION,FACULTAD DE CIENCIAS POLÍTICAS Y SOCIALES,Escolarizado,https://www.dgae.unam.mx/Licenciatura2026/resultados/3/30200045.html,69,1682,1401,109,77,208699,50,,No seleccionado,,Consultar
3,Licenciatura 2026,302,30200045,CIENCIAS DE LA COMUNICACION,FACULTAD DE CIENCIAS POLÍTICAS Y SOCIALES,Escolarizado,https://www.dgae.unam.mx/Licenciatura2026/resultados/3/30200045.html,69,1682,1401,109,77,208769,87,,No seleccionado,,Consultar
3,Licenciatura 2026,302,30200045,CIENCIAS DE LA COMUNICACION,FACULTAD DE CIENCIAS POLÍTICAS Y SOCIALES,Escolarizado,https://www.dgae.unam.mx/Licenciatura2026/resultados/3/30200045.html,69,1682,1401,109,77,208807,95,,No seleccionado,,Consultar
3,Licenciatura 2026,302,30200045,CIENCIAS DE LA COMUNICACION,FACULTAD DE CIENCIAS POLÍTICAS Y SOCIALES,Escolarizado,https://www.dgae.unam.mx/Licenciatura2026/resultados/3/30200045.html,69,1682,1401,109,77,208831,,N,No presentado,,Consultar
3,Licenciatura 2026,302,30200045,CIENCIAS DE LA COMUNICACION,FACULTAD DE CIENCIAS POLÍTICAS Y SOCIALES,Escolarizado,https://www.dgae.unam.mx/Licenciatura2026/resultados/3/30200045.html,69,1682,1401,109,77,208920,,N,No presentado,,Consultar
3,Licenciatura 2026,302,30200045,CIENCIAS DE LA COMUNICACION,FACULTAD DE CIENCIAS POLÍTICAS Y SOCIALES,Escolarizado,https://www.dgae.unam.mx/Licenciatura2026/resultados/3/30200045.html,69,1682,1401,109,77,208929,103,,No seleccionado,,Consultar
3,Licenciatura 2026,302,30200045,CIENCIAS DE LA COMUNICACION,FACULTAD DE CIENCIAS POLÍTICAS Y SOCIALES,Escolarizado,https://www.dgae.unam.mx/Licenciatura2026/resultados/3/30200045.html,69,1682,1401,109,77,208958,57,,No seleccionado,,Consultar
3,Licenciatura 2026,302,30200045,CIENCIAS DE LA COMUNICACION,FACULTAD DE CIENCIAS POLÍTICAS Y SOCIALES,Escolarizado,https://www.dgae.unam.mx/Licenciatura2026/resultados/3/30200045.html,69,1682,1401,109,77,208966,,N,No presentado,,Consultar
3,Licenciatura 2026,302,30200045,CIENCIAS DE LA COMUNICACION,FACULTAD DE CIENCIAS POLÍTICAS Y SOCIALES,Escolarizado,https://www.dgae.unam.mx/Licenciatura2026/resultados/3/30200045.html,69,1682,1401,109,77,208995,69,,No seleccionado,,Consultar
3,Licenciatura 2026,302,30200045,CIENCIAS DE LA COMUNICACION,FACULTAD DE CIENCIAS POLÍTICAS Y SOCIALES,Escolarizado,https://www.dgae.unam.mx/Licenciatura2026/resultados/3/30200045.html,69,1682,1401,109,77,209099,60,,No seleccionado,,Consultar
3,Licenciatura 2026,302,30200045,CIENCIAS DE LA COMUNICACION,FACULTAD DE CIENCIAS POLÍTICAS Y SOCIALES,Escolarizado,https://www.dgae.unam.mx/Licenciatura2026/resultados/3/30200045.html,69,1682,1401,109,77,209144,,C,Cancelado,,Consultar
3,Licenciatura 2026,302,30200045,CIENCIAS DE LA COMUNICACION,FACULTAD DE CIENCIAS POLÍTICAS Y SOCIALES,Escolarizado,https://www.dgae.unam.mx/Licenciatura2026/resultados/3/30200045.html,69,1682,1401,109,77,209163,,N,No presentado,,Consultar
3,Licenciatura 2026,302,30200045,CIENCIAS DE LA COMUNICACION,FACULTAD DE CIENCIAS POLÍTICAS Y SOCIALES,Escolarizado,https://www.dgae.unam.mx/Licenciatura2026/resultados/3/30200045.html,69,1682,1401,109,77,209189,,N,No presentado,,Consultar
3,Licenciatura 2026,302,30200045,CIENCIAS DE LA COMUNICACION,FACULTAD DE CIENCIAS POLÍTICAS Y SOCIALES,Escolarizado,https://www.dgae.unam.mx/Licenciatura2026/resultados/3/30200045.html,69,1682,1401,109,77,209199,105,,No seleccionado,,Consultar
3,Licenciatura 2026,302,30200045,CIENCIAS DE LA COMUNICACION,FACULTAD DE CIENCIAS POLÍTICAS Y SOCIALES,Escolarizado,https://www.dgae.unam.mx/Licenciatura2026/resultados/3/30200045.html,69,1682,1401,109,77,209224,,N,No presentado,,Consultar
3,Licenciatura 2026,302,30200045,CIENCIAS DE LA COMUNICACION,FACULTAD DE CIENCIAS POLÍTICAS Y SOCIALES,Escolarizado,https://www.dgae.unam.mx/Licenciatura2026/resultados/3/30200045.html,69,1682,1401,109,77,209274,109,S,Seleccionado,Cita para entregar documentación.,Consultar
3,Licenciatura 2026,302,30200045,CIENCIAS DE LA COMUNICACION,FACULTAD DE CIENCIAS POLÍTICAS Y SOCIALES,Escolarizado,https://www.dgae.unam.mx/Licenciatura2026/resultados/3/30200045.html,69,1682,1401,109,77,209290,,N,No presentado,,Consultar
3,Licenciatura 2026,302,30200045,CIENCIAS DE LA COMUNICACION,FACULTAD DE CIENCIAS POLÍTICAS Y SOCIALES,Escolarizado,https://www.dgae.unam.mx/Licenciatura2026/resultados/3/30200045.html,69,1682,1401,109,77,209340,,N,No presentado,,Consultar
3,Licenciatura 2026,302,30200045,CIENCIAS DE LA COMUNICACION,FACULTAD DE CIENCIAS POLÍTICAS Y SOCIALES,Escolarizado,https://www.dgae.unam.mx/Licenciatura2026/resultados/3/30200045.html,69,1682,1401,109,77,209347,50,,No seleccionado,,Consultar
3,Licenciatura 2026,302,30200045,CIENCIAS DE LA COMUNICACION,FACULTAD DE CIENCIAS POLÍTICAS Y SOCIALES,Escolarizado,https://www.dgae.unam.mx/Licenciatura2026/resultados/3/30200045.html,69,1682,1401,109,77,209483,91,,No seleccionado,,Consultar
3,Licenciatura 2026,302,30200045,CIENCIAS DE LA COMUNICACION,FACULTAD DE CIENCIAS POLÍTICAS Y SOCIALES,Escolarizado,https://www.dgae.unam.mx/Licenciatura2026/resultados/3/30200045.html,69,1682,1401,109,77,209492,63,,No seleccionado,,Consultar
3,Licenciatura 2026,302,30200045,CIENCIAS DE LA COMUNICACION,FACULTAD DE CIENCIAS POLÍTICAS Y SOCIALES,Escolarizado,https://www.dgae.unam.mx/Licenciatura2026/resultados/3/30200045.html,69,1682,1401,109,77,209568,62,,No seleccionado,,Consultar
3,Licenciatura 2026,302,30200045,CIENCIAS DE LA COMUNICACION,FACULTAD DE CIENCIAS POLÍTICAS Y SOCIALES,Escolarizado,https://www.dgae.unam.mx/Licenciatura2026/resultados/3/30200045.html,69,1682,1401,109,77,209701,,N,No presentado,,Consultar
3,Licenciatura 2026,302,30200045,CIENCIAS DE LA COMUNICACION,FACULTAD DE CIENCIAS POLÍTICAS Y SOCIALES,Escolarizado,https://www.dgae.unam.mx/Licenciatura2026/resultados/3/30200045.html,69,1682,1401,109,77,209741,55,,No seleccionado,,Consultar
3,Licenciatura 2026,302,30200045,CIENCIAS DE LA COMUNICACION,FACULTAD DE CIENCIAS POLÍTICAS Y SOCIALES,Escolarizado,https://www.dgae.unam.mx/Licenciatura2026/resultados/3/30200045.html,69,1682,1401,109,77,209779,78,,No seleccionado,,Consultar
3,Licenciatura 2026,302,30200045,CIENCIAS DE LA COMUNICACION,FACULTAD DE CIENCIAS POLÍTICAS Y SOCIALES,Escolarizado,https://www.dgae.unam.mx/Licenciatura2026/resultados/3/30200045.html,69,1682,1401,109,77,209792,118,S,Seleccionado,Cita para entregar documentación.,Consultar
3,Licenciatura 2026,302,30200045,CIENCIAS DE LA COMUNICACION,FACULTAD DE CIENCIAS POLÍTICAS Y SOCIALES,Escolarizado,https://www.dgae.unam.mx/Licenciatura2026/resultados/3/30200045.html,69,1682,1401,109,77,209807,91,,No seleccionado,,Consultar
3,Licenciatura 2026,302,30200045,CIENCIAS DE LA COMUNICACION,FACULTAD DE CIENCIAS POLÍTICAS Y SOCIALES,Escolarizado,https://www.dgae.unam.mx/Licenciatura2026/resultados/3/30200045.html,69,1682,1401,109,77,209840,46,,No seleccionado,,Consultar
3,Licenciatura 2026,302,30200045,CIENCIAS DE LA COMUNICACION,FACULTAD DE CIENCIAS POLÍTICAS Y SOCIALES,Escolarizado,https://www.dgae.unam.mx/Licenciatura2026/resultados/3/30200045.html,69,1682,1401,109,77,209880,78,,No seleccionado,,Consultar
3,Licenciatura 2026,302,30200045,CIENCIAS DE LA COMUNICACION,FACULTAD DE CIENCIAS POLÍTICAS Y SOCIALES,Escolarizado,https://www.dgae.unam.mx/Licenciatura2026/resultados/3/30200045.html,69,1682,1401,109,77,209922,80,,No seleccionado,,Consultar
3,Licenciatura 2026,302,30200045,CIENCIAS DE LA COMUNICACION,FACULTAD DE CIENCIAS POLÍTICAS Y SOCIALES,Escolarizado,https://www.dgae.unam.mx/Licenciatura2026/resultados/3/30200045.html,69,1682,1401,109,77,210001,72,,No seleccionado,,Consultar
3,Licenciatura 2026,302,30200045,CIENCIAS DE LA COMUNICACION,FACULTAD DE CIENCIAS POLÍTICAS Y SOCIALES,Escolarizado,https://www.dgae.unam.mx/Licenciatura2026/resultados/3/30200045.html,69,1682,1401,109,77,210006,40,,No seleccionado,,Consultar
3,Licenciatura 2026,302,30200045,CIENCIAS DE LA COMUNICACION,FACULTAD DE CIENCIAS POLÍTICAS Y SOCIALES,Escolarizado,https://www.dgae.unam.mx/Licenciatura2026/resultados/3/30200045.html,69,1682,1401,109,77,210083,,N,No presentado,,Consultar
3,Licenciatura 2026,302,30200045,CIENCIAS DE LA COMUNICACION,FACULTAD DE CIENCIAS POLÍTICAS Y SOCIALES,Escolarizado,https://www.dgae.unam.mx/Licenciatura2026/resultados/3/30200045.html,69,1682,1401,109,77,210085,36,,No seleccionado,,Consultar
3,Licenciatura 2026,302,30200045,CIENCIAS DE LA COMUNICACION,FACULTAD DE CIENCIAS POLÍTICAS Y SOCIALES,Escolarizado,https://www.dgae.unam.mx/Licenciatura2026/resultados/3/30200045.html,69,1682,1401,109,77,210110,71,,No seleccionado,,Consultar
3,Licenciatura 2026,302,30200045,CIENCIAS DE LA COMUNICACION,FACULTAD DE CIENCIAS POLÍTICAS Y SOCIALES,Escolarizado,https://www.dgae.unam.mx/Licenciatura2026/resultados/3/30200045.html,69,1682,1401,109,77,210130,104,,No seleccionado,,Consultar
3,Licenciatura 2026,302,30200045,CIENCIAS DE LA COMUNICACION,FACULTAD DE CIENCIAS POLÍTICAS Y SOCIALES,Escolarizado,https://www.dgae.unam.mx/Licenciatura2026/resultados/3/30200045.html,69,1682,1401,109,77,210143,38,,No seleccionado,,Consultar
3,Licenciatura 2026,302,30200045,CIENCIAS DE LA COMUNICACION,FACULTAD DE CIENCIAS POLÍTICAS Y SOCIALES,Escolarizado,https://www.dgae.unam.mx/Licenciatura2026/resultados/3/30200045.html,69,1682,1401,109,77,210186,89,,No seleccionado,,Consultar
3,Licenciatura 2026,302,30200045,CIENCIAS DE LA COMUNICACION,FACULTAD DE CIENCIAS POLÍTICAS Y SOCIALES,Escolarizado,https://www.dgae.unam.mx/Licenciatura2026/resultados/3/30200045.html,69,1682,1401,109,77,210198,66,,No seleccionado,,Consultar
3,Licenciatura 2026,302,30200045,CIENCIAS DE LA COMUNICACION,FACULTAD DE CIENCIAS POLÍTICAS Y SOCIALES,Escolarizado,https://www.dgae.unam.mx/Licenciatura2026/resultados/3/30200045.html,69,1682,1401,109,77,210248,61,,No seleccionado,,Consultar
3,Licenciatura 2026,302,30200045,CIENCIAS DE LA COMUNICACION,FACULTAD DE CIENCIAS POLÍTICAS Y SOCIALES,Escolarizado,https://www.dgae.unam.mx/Licenciatura2026/resultados/3/30200045.html,69,1682,1401,109,77,210251,95,,No seleccionado,,Consultar
3,Licenciatura 2026,302,30200045,CIENCIAS DE LA COMUNICACION,FACULTAD DE CIENCIAS POLÍTICAS Y SOCIALES,Escolarizado,https://www.dgae.unam.mx/Licenciatura2026/resultados/3/30200045.html,69,1682,1401,109,77,210289,76,,No seleccionado,,Consultar
3,Licenciatura 2026,302,30200045,CIENCIAS DE LA COMUNICACION,FACULTAD DE CIENCIAS POLÍTICAS Y SOCIALES,Escolarizado,https://www.dgae.unam.mx/Licenciatura2026/resultados/3/30200045.html,69,1682,1401,109,77,210310,85,,No seleccionado,,Consultar
3,Licenciatura 2026,302,30200045,CIENCIAS DE LA COMUNICACION,FACULTAD DE CIENCIAS POLÍTICAS Y SOCIALES,Escolarizado,https://www.dgae.unam.mx/Licenciatura2026/resultados/3/30200045.html,69,1682,1401,109,77,210321,95,,No seleccionado,,Consultar
3,Licenciatura 2026,302,30200045,CIENCIAS DE LA COMUNICACION,FACULTAD DE CIENCIAS POLÍTICAS Y SOCIALES,Escolarizado,https://www.dgae.unam.mx/Licenciatura2026/resultados/3/30200045.html,69,1682,1401,109,77,210356,79,,No seleccionado,,Consultar
3,Licenciatura 2026,302,30200045,CIENCIAS DE LA COMUNICACION,FACULTAD DE CIENCIAS POLÍTICAS Y SOCIALES,Escolarizado,https://www.dgae.unam.mx/Licenciatura2026/resultados/3/30200045.html,69,1682,1401,109,77,210448,80,,No seleccionado,,Consultar
3,Licenciatura 2026,302,30200045,CIENCIAS DE LA COMUNICACION,FACULTAD DE CIENCIAS POLÍTICAS Y SOCIALES,Escolarizado,https://www.dgae.unam.mx/Licenciatura2026/resultados/3/30200045.html,69,1682,1401,109,77,210453,32,,No seleccionado,,Consultar
3,Licenciatura 2026,302,30200045,CIENCIAS DE LA COMUNICACION,FACULTAD DE CIENCIAS POLÍTICAS Y SOCIALES,Escolarizado,https://www.dgae.unam.mx/Licenciatura2026/resultados/3/30200045.html,69,1682,1401,109,77,210475,79,,No seleccionado,,Consultar
3,Licenciatura 2026,302,30200045,CIENCIAS DE LA COMUNICACION,FACULTAD DE CIENCIAS POLÍTICAS Y SOCIALES,Escolarizado,https://www.dgae.unam.mx/Licenciatura2026/resultados/3/30200045.html,69,1682,1401,109,77,210516,,N,No presentado,,Consultar
3,Licenciatura 2026,302,30200045,CIENCIAS DE LA COMUNICACION,FACULTAD DE CIENCIAS POLÍTICAS Y SOCIALES,Escolarizado,https://www.dgae.unam.mx/Licenciatura2026/resultados/3/30200045.html,69,1682,1401,109,77,210551,104,,No seleccionado,,Consultar
3,Licenciatura 2026,302,30200045,CIENCIAS DE LA COMUNICACION,FACULTAD DE CIENCIAS POLÍTICAS Y SOCIALES,Escolarizado,https://www.dgae.unam.mx/Licenciatura2026/resultados/3/30200045.html,69,1682,1401,109,77,210611,95,,No seleccionado,,Consultar
3,Licenciatura 2026,302,30200045,CIENCIAS DE LA COMUNICACION,FACULTAD DE CIENCIAS POLÍTICAS Y SOCIALES,Escolarizado,https://www.dgae.unam.mx/Licenciatura2026/resultados/3/30200045.html,69,1682,1401,109,77,210614,56,,No seleccionado,,Consultar
3,Licenciatura 2026,302,30200045,CIENCIAS DE LA COMUNICACION,FACULTAD DE CIENCIAS POLÍTICAS Y SOCIALES,Escolarizado,https://www.dgae.unam.mx/Licenciatura2026/resultados/3/30200045.html,69,1682,1401,109,77,210650,52,,No seleccionado,,Consultar
3,Licenciatura 2026,302,30200045,CIENCIAS DE LA COMUNICACION,FACULTAD DE CIENCIAS POLÍTICAS Y SOCIALES,Escolarizado,https://www.dgae.unam.mx/Licenciatura2026/resultados/3/30200045.html,69,1682,1401,109,77,210671,34,,No seleccionado,,Consultar
3,Licenciatura 2026,302,30200045,CIENCIAS DE LA COMUNICACION,FACULTAD DE CIENCIAS POLÍTICAS Y SOCIALES,Escolarizado,https://www.dgae.unam.mx/Licenciatura2026/resultados/3/30200045.html,69,1682,1401,109,77,210682,71,,No seleccionado,,Consultar
3,Licenciatura 2026,302,30200045,CIENCIAS DE LA COMUNICACION,FACULTAD DE CIENCIAS POLÍTICAS Y SOCIALES,Escolarizado,https://www.dgae.unam.mx/Licenciatura2026/resultados/3/30200045.html,69,1682,1401,109,77,210690,103,,No seleccionado,,Consultar
3,Licenciatura 2026,302,30200045,CIENCIAS DE LA COMUNICACION,FACULTAD DE CIENCIAS POLÍTICAS Y SOCIALES,Escolarizado,https://www.dgae.unam.mx/Licenciatura2026/resultados/3/30200045.html,69,1682,1401,109,77,210751,,N,No presentado,,Consultar
3,Licenciatura 2026,302,30200045,CIENCIAS DE LA COMUNICACION,FACULTAD DE CIENCIAS POLÍTICAS Y SOCIALES,Escolarizado,https://www.dgae.unam.mx/Licenciatura2026/resultados/3/30200045.html,69,1682,1401,109,77,210775,,N,No presentado,,Consultar
3,Licenciatura 2026,302,30200045,CIENCIAS DE LA COMUNICACION,FACULTAD DE CIENCIAS POLÍTICAS Y SOCIALES,Escolarizado,https://www.dgae.unam.mx/Licenciatura2026/resultados/3/30200045.html,69,1682,1401,109,77,210794,,N,No presentado,,Consultar
3,Licenciatura 2026,302,30200045,CIENCIAS DE LA COMUNICACION,FACULTAD DE CIENCIAS POLÍTICAS Y SOCIALES,Escolarizado,https://www.dgae.unam.mx/Licenciatura2026/resultados/3/30200045.html,69,1682,1401,109,77,210829,60,,No seleccionado,,Consultar
3,Licenciatura 2026,302,30200045,CIENCIAS DE LA COMUNICACION,FACULTAD DE CIENCIAS POLÍTICAS Y SOCIALES,Escolarizado,https://www.dgae.unam.mx/Licenciatura2026/resultados/3/30200045.html,69,1682,1401,109,77,210856,104,,No seleccionado,,Consultar
3,Licenciatura 2026,302,30200045,CIENCIAS DE LA COMUNICACION,FACULTAD DE CIENCIAS POLÍTICAS Y SOCIALES,Escolarizado,https://www.dgae.unam.mx/Licenciatura2026/resultados/3/30200045.html,69,1682,1401,109,77,210877,46,,No seleccionado,,Consultar
3,Licenciatura 2026,302,30200045,CIENCIAS DE LA COMUNICACION,FACULTAD DE CIENCIAS POLÍTICAS Y SOCIALES,Escolarizado,https://www.dgae.unam.mx/Licenciatura2026/resultados/3/30200045.html,69,1682,1401,109,77,210901,,N,No presentado,,Consultar
3,Licenciatura 2026,302,30200045,CIENCIAS DE LA COMUNICACION,FACULTAD DE CIENCIAS POLÍTICAS Y SOCIALES,Escolarizado,https://www.dgae.unam.mx/Licenciatura2026/resultados/3/30200045.html,69,1682,1401,109,77,210925,85,,No seleccionado,,Consultar
3,Licenciatura 2026,302,30200045,CIENCIAS DE LA COMUNICACION,FACULTAD DE CIENCIAS POLÍTICAS Y SOCIALES,Escolarizado,https://www.dgae.unam.mx/Licenciatura2026/resultados/3/30200045.html,69,1682,1401,109,77,210947,,N,No presentado,,Consultar
3,Licenciatura 2026,302,30200045,CIENCIAS DE LA COMUNICACION,FACULTAD DE CIENCIAS POLÍTICAS Y SOCIALES,Escolarizado,https://www.dgae.unam.mx/Licenciatura2026/resultados/3/30200045.html,69,1682,1401,109,77,210963,61,,No seleccionado,,Consultar
3,Licenciatura 2026,302,30200045,CIENCIAS DE LA COMUNICACION,FACULTAD DE CIENCIAS POLÍTICAS Y SOCIALES,Escolarizado,https://www.dgae.unam.mx/Licenciatura2026/resultados/3/30200045.html,69,1682,1401,109,77,210981,63,,No seleccionado,,Consultar
3,Licenciatura 2026,302,30200045,CIENCIAS DE LA COMUNICACION,FACULTAD DE CIENCIAS POLÍTICAS Y SOCIALES,Escolarizado,https://www.dgae.unam.mx/Licenciatura2026/resultados/3/30200045.html,69,1682,1401,109,77,211046,108,,No seleccionado,,Consultar
3,Licenciatura 2026,302,30200045,CIENCIAS DE LA COMUNICACION,FACULTAD DE CIENCIAS POLÍTICAS Y SOCIALES,Escolarizado,https://www.dgae.unam.mx/Licenciatura2026/resultados/3/30200045.html,69,1682,1401,109,77,211049,103,,No seleccionado,,Consultar
3,Licenciatura 2026,302,30200045,CIENCIAS DE LA COMUNICACION,FACULTAD DE CIENCIAS POLÍTICAS Y SOCIALES,Escolarizado,https://www.dgae.unam.mx/Licenciatura2026/resultados/3/30200045.html,69,1682,1401,109,77,211055,56,,No seleccionado,,Consultar
3,Licenciatura 2026,302,30200045,CIENCIAS DE LA COMUNICACION,FACULTAD DE CIENCIAS POLÍTICAS Y SOCIALES,Escolarizado,https://www.dgae.unam.mx/Licenciatura2026/resultados/3/30200045.html,69,1682,1401,109,77,211086,49,,No seleccionado,,Consultar
3,Licenciatura 2026,302,30200045,CIENCIAS DE LA COMUNICACION,FACULTAD DE CIENCIAS POLÍTICAS Y SOCIALES,Escolarizado,https://www.dgae.unam.mx/Licenciatura2026/resultados/3/30200045.html,69,1682,1401,109,77,211091,63,,No seleccionado,,Consultar
3,Licenciatura 2026,302,30200045,CIENCIAS DE LA COMUNICACION,FACULTAD DE CIENCIAS POLÍTICAS Y SOCIALES,Escolarizado,https://www.dgae.unam.mx/Licenciatura2026/resultados/3/30200045.html,69,1682,1401,109,77,211112,96,,No seleccionado,,Consultar
3,Licenciatura 2026,302,30200045,CIENCIAS DE LA COMUNICACION,FACULTAD DE CIENCIAS POLÍTICAS Y SOCIALES,Escolarizado,https://www.dgae.unam.mx/Licenciatura2026/resultados/3/30200045.html,69,1682,1401,109,77,211135,,N,No presentado,,Consultar
3,Licenciatura 2026,302,30200045,CIENCIAS DE LA COMUNICACION,FACULTAD DE CIENCIAS POLÍTICAS Y SOCIALES,Escolarizado,https://www.dgae.unam.mx/Licenciatura2026/resultados/3/30200045.html,69,1682,1401,109,77,211236,44,,No seleccionado,,Consultar
3,Licenciatura 2026,302,30200045,CIENCIAS DE LA COMUNICACION,FACULTAD DE CIENCIAS POLÍTICAS Y SOCIALES,Escolarizado,https://www.dgae.unam.mx/Licenciatura2026/resultados/3/30200045.html,69,1682,1401,109,77,211239,34,,No seleccionado,,Consultar
3,Licenciatura 2026,302,30200045,CIENCIAS DE LA COMUNICACION,FACULTAD DE CIENCIAS POLÍTICAS Y SOCIALES,Escolarizado,https://www.dgae.unam.mx/Licenciatura2026/resultados/3/30200045.html,69,1682,1401,109,77,211260,70,,No seleccionado,,Consultar
3,Licenciatura 2026,302,30200045,CIENCIAS DE LA COMUNICACION,FACULTAD DE CIENCIAS POLÍTICAS Y SOCIALES,Escolarizado,https://www.dgae.unam.mx/Licenciatura2026/resultados/3/30200045.html,69,1682,1401,109,77,211267,112,S,Seleccionado,Cita para entregar documentación.,Consultar
3,Licenciatura 2026,302,30200045,CIENCIAS DE LA COMUNICACION,FACULTAD DE CIENCIAS POLÍTICAS Y SOCIALES,Escolarizado,https://www.dgae.unam.mx/Licenciatura2026/resultados/3/30200045.html,69,1682,1401,109,77,211271,,N,No presentado,,Consultar
3,Licenciatura 2026,302,30200045,CIENCIAS DE LA COMUNICACION,FACULTAD DE CIENCIAS POLÍTICAS Y SOCIALES,Escolarizado,https://www.dgae.unam.mx/Licenciatura2026/resultados/3/30200045.html,69,1682,1401,109,77,211479,87,,No seleccionado,,Consultar
3,Licenciatura 2026,302,30200045,CIENCIAS DE LA COMUNICACION,FACULTAD DE CIENCIAS POLÍTICAS Y SOCIALES,Escolarizado,https://www.dgae.unam.mx/Licenciatura2026/resultados/3/30200045.html,69,1682,1401,109,77,211482,66,,No seleccionado,,Consultar
3,Licenciatura 2026,302,30200045,CIENCIAS DE LA COMUNICACION,FACULTAD DE CIENCIAS POLÍTICAS Y SOCIALES,Escolarizado,https://www.dgae.unam.mx/Licenciatura2026/resultados/3/30200045.html,69,1682,1401,109,77,211493,36,,No seleccionado,,Consultar
3,Licenciatura 2026,302,30200045,CIENCIAS DE LA COMUNICACION,FACULTAD DE CIENCIAS POLÍTICAS Y SOCIALES,Escolarizado,https://www.dgae.unam.mx/Licenciatura2026/resultados/3/30200045.html,69,1682,1401,109,77,211536,100,,No seleccionado,,Consultar
3,Licenciatura 2026,302,30200045,CIENCIAS DE LA COMUNICACION,FACULTAD DE CIENCIAS POLÍTICAS Y SOCIALES,Escolarizado,https://www.dgae.unam.mx/Licenciatura2026/resultados/3/30200045.html,69,1682,1401,109,77,211591,,N,No presentado,,Consultar
3,Licenciatura 2026,302,30200045,CIENCIAS DE LA COMUNICACION,FACULTAD DE CIENCIAS POLÍTICAS Y SOCIALES,Escolarizado,https://www.dgae.unam.mx/Licenciatura2026/resultados/3/30200045.html,69,1682,1401,109,77,211732,96,,No seleccionado,,Consultar
3,Licenciatura 2026,302,30200045,CIENCIAS DE LA COMUNICACION,FACULTAD DE CIENCIAS POLÍTICAS Y SOCIALES,Escolarizado,https://www.dgae.unam.mx/Licenciatura2026/resultados/3/30200045.html,69,1682,1401,109,77,211766,34,,No seleccionado,,Consultar
3,Licenciatura 2026,302,30200045,CIENCIAS DE LA COMUNICACION,FACULTAD DE CIENCIAS POLÍTICAS Y SOCIALES,Escolarizado,https://www.dgae.unam.mx/Licenciatura2026/resultados/3/30200045.html,69,1682,1401,109,77,211776,94,,No seleccionado,,Consultar
3,Licenciatura 2026,302,30200045,CIENCIAS DE LA COMUNICACION,FACULTAD DE CIENCIAS POLÍTICAS Y SOCIALES,Escolarizado,https://www.dgae.unam.mx/Licenciatura2026/resultados/3/30200045.html,69,1682,1401,109,77,211781,48,,No seleccionado,,Consultar
3,Licenciatura 2026,302,30200045,CIENCIAS DE LA COMUNICACION,FACULTAD DE CIENCIAS POLÍTICAS Y SOCIALES,Escolarizado,https://www.dgae.unam.mx/Licenciatura2026/resultados/3/30200045.html,69,1682,1401,109,77,211814,92,,No seleccionado,,Consultar
3,Licenciatura 2026,302,30200045,CIENCIAS DE LA COMUNICACION,FACULTAD DE CIENCIAS POLÍTICAS Y SOCIALES,Escolarizado,https://www.dgae.unam.mx/Licenciatura2026/resultados/3/30200045.html,69,1682,1401,109,77,211843,92,,No seleccionado,,Consultar
3,Licenciatura 2026,302,30200045,CIENCIAS DE LA COMUNICACION,FACULTAD DE CIENCIAS POLÍTICAS Y SOCIALES,Escolarizado,https://www.dgae.unam.mx/Licenciatura2026/resultados/3/30200045.html,69,1682,1401,109,77,211846,102,,No seleccionado,,Consultar
3,Licenciatura 2026,302,30200045,CIENCIAS DE LA COMUNICACION,FACULTAD DE CIENCIAS POLÍTICAS Y SOCIALES,Escolarizado,https://www.dgae.unam.mx/Licenciatura2026/resultados/3/30200045.html,69,1682,1401,109,77,211887,44,,No seleccionado,,Consultar
3,Licenciatura 2026,302,30200045,CIENCIAS DE LA COMUNICACION,FACULTAD DE CIENCIAS POLÍTICAS Y SOCIALES,Escolarizado,https://www.dgae.unam.mx/Licenciatura2026/resultados/3/30200045.html,69,1682,1401,109,77,211895,81,,No seleccionado,,Consultar
3,Licenciatura 2026,302,30200045,CIENCIAS DE LA COMUNICACION,FACULTAD DE CIENCIAS POLÍTICAS Y SOCIALES,Escolarizado,https://www.dgae.unam.mx/Licenciatura2026/resultados/3/30200045.html,69,1682,1401,109,77,211920,111,S,Seleccionado,Cita para entregar documentación.,Consultar
3,Licenciatura 2026,302,30200045,CIENCIAS DE LA COMUNICACION,FACULTAD DE CIENCIAS POLÍTICAS Y SOCIALES,Escolarizado,https://www.dgae.unam.mx/Licenciatura2026/resultados/3/30200045.html,69,1682,1401,109,77,211931,54,,No seleccionado,,Consultar
3,Licenciatura 2026,302,30200045,CIENCIAS DE LA COMUNICACION,FACULTAD DE CIENCIAS POLÍTICAS Y SOCIALES,Escolarizado,https://www.dgae.unam.mx/Licenciatura2026/resultados/3/30200045.html,69,1682,1401,109,77,211944,32,,No seleccionado,,Consultar
3,Licenciatura 2026,302,30200045,CIENCIAS DE LA COMUNICACION,FACULTAD DE CIENCIAS POLÍTICAS Y SOCIALES,Escolarizado,https://www.dgae.unam.mx/Licenciatura2026/resultados/3/30200045.html,69,1682,1401,109,77,211960,69,,No seleccionado,,Consultar
3,Licenciatura 2026,302,30200045,CIENCIAS DE LA COMUNICACION,FACULTAD DE CIENCIAS POLÍTICAS Y SOCIALES,Escolarizado,https://www.dgae.unam.mx/Licenciatura2026/resultados/3/30200045.html,69,1682,1401,109,77,212016,80,,No seleccionado,,Consultar
3,Licenciatura 2026,302,30200045,CIENCIAS DE LA COMUNICACION,FACULTAD DE CIENCIAS POLÍTICAS Y SOCIALES,Escolarizado,https://www.dgae.unam.mx/Licenciatura2026/resultados/3/30200045.html,69,1682,1401,109,77,212095,76,,No seleccionado,,Consultar
3,Licenciatura 2026,302,30200045,CIENCIAS DE LA COMUNICACION,FACULTAD DE CIENCIAS POLÍTICAS Y SOCIALES,Escolarizado,https://www.dgae.unam.mx/Licenciatura2026/resultados/3/30200045.html,69,1682,1401,109,77,212109,,N,No presentado,,Consultar
3,Licenciatura 2026,302,30200045,CIENCIAS DE LA COMUNICACION,FACULTAD DE CIENCIAS POLÍTICAS Y SOCIALES,Escolarizado,https://www.dgae.unam.mx/Licenciatura2026/resultados/3/30200045.html,69,1682,1401,109,77,212114,45,,No seleccionado,,Consultar
3,Licenciatura 2026,302,30200045,CIENCIAS DE LA COMUNICACION,FACULTAD DE CIENCIAS POLÍTICAS Y SOCIALES,Escolarizado,https://www.dgae.unam.mx/Licenciatura2026/resultados/3/30200045.html,69,1682,1401,109,77,212129,94,,No seleccionado,,Consultar
3,Licenciatura 2026,302,30200045,CIENCIAS DE LA COMUNICACION,FACULTAD DE CIENCIAS POLÍTICAS Y SOCIALES,Escolarizado,https://www.dgae.unam.mx/Licenciatura2026/resultados/3/30200045.html,69,1682,1401,109,77,212131,55,,No seleccionado,,Consultar
3,Licenciatura 2026,302,30200045,CIENCIAS DE LA COMUNICACION,FACULTAD DE CIENCIAS POLÍTICAS Y SOCIALES,Escolarizado,https://www.dgae.unam.mx/Licenciatura2026/resultados/3/30200045.html,69,1682,1401,109,77,212188,89,,No seleccionado,,Consultar
3,Licenciatura 2026,302,30200045,CIENCIAS DE LA COMUNICACION,FACULTAD DE CIENCIAS POLÍTICAS Y SOCIALES,Escolarizado,https://www.dgae.unam.mx/Licenciatura2026/resultados/3/30200045.html,69,1682,1401,109,77,212278,77,,No seleccionado,,Consultar
3,Licenciatura 2026,302,30200045,CIENCIAS DE LA COMUNICACION,FACULTAD DE CIENCIAS POLÍTICAS Y SOCIALES,Escolarizado,https://www.dgae.unam.mx/Licenciatura2026/resultados/3/30200045.html,69,1682,1401,109,77,212290,74,,No seleccionado,,Consultar
3,Licenciatura 2026,302,30200045,CIENCIAS DE LA COMUNICACION,FACULTAD DE CIENCIAS POLÍTICAS Y SOCIALES,Escolarizado,https://www.dgae.unam.mx/Licenciatura2026/resultados/3/30200045.html,69,1682,1401,109,77,212317,115,S,Seleccionado,Cita para entregar documentación.,Consultar
3,Licenciatura 2026,302,30200045,CIENCIAS DE LA COMUNICACION,FACULTAD DE CIENCIAS POLÍTICAS Y SOCIALES,Escolarizado,https://www.dgae.unam.mx/Licenciatura2026/resultados/3/30200045.html,69,1682,1401,109,77,212321,39,,No seleccionado,,Consultar
3,Licenciatura 2026,302,30200045,CIENCIAS DE LA COMUNICACION,FACULTAD DE CIENCIAS POLÍTICAS Y SOCIALES,Escolarizado,https://www.dgae.unam.mx/Licenciatura2026/resultados/3/30200045.html,69,1682,1401,109,77,212341,41,,No seleccionado,,Consultar
3,Licenciatura 2026,302,30200045,CIENCIAS DE LA COMUNICACION,FACULTAD DE CIENCIAS POLÍTICAS Y SOCIALES,Escolarizado,https://www.dgae.unam.mx/Licenciatura2026/resultados/3/30200045.html,69,1682,1401,109,77,212383,75,,No seleccionado,,Consultar
3,Licenciatura 2026,302,30200045,CIENCIAS DE LA COMUNICACION,FACULTAD DE CIENCIAS POLÍTICAS Y SOCIALES,Escolarizado,https://www.dgae.unam.mx/Licenciatura2026/resultados/3/30200045.html,69,1682,1401,109,77,212387,38,,No seleccionado,,Consultar
3,Licenciatura 2026,302,30200045,CIENCIAS DE LA COMUNICACION,FACULTAD DE CIENCIAS POLÍTICAS Y SOCIALES,Escolarizado,https://www.dgae.unam.mx/Licenciatura2026/resultados/3/30200045.html,69,1682,1401,109,77,212412,65,,No seleccionado,,Consultar
3,Licenciatura 2026,302,30200045,CIENCIAS DE LA COMUNICACION,FACULTAD DE CIENCIAS POLÍTICAS Y SOCIALES,Escolarizado,https://www.dgae.unam.mx/Licenciatura2026/resultados/3/30200045.html,69,1682,1401,109,77,212431,71,,No seleccionado,,Consultar
3,Licenciatura 2026,302,30200045,CIENCIAS DE LA COMUNICACION,FACULTAD DE CIENCIAS POLÍTICAS Y SOCIALES,Escolarizado,https://www.dgae.unam.mx/Licenciatura2026/resultados/3/30200045.html,69,1682,1401,109,77,212442,93,,No seleccionado,,Consultar
3,Licenciatura 2026,302,30200045,CIENCIAS DE LA COMUNICACION,FACULTAD DE CIENCIAS POLÍTICAS Y SOCIALES,Escolarizado,https://www.dgae.unam.mx/Licenciatura2026/resultados/3/30200045.html,69,1682,1401,109,77,212452,89,,No seleccionado,,Consultar
3,Licenciatura 2026,302,30200045,CIENCIAS DE LA COMUNICACION,FACULTAD DE CIENCIAS POLÍTICAS Y SOCIALES,Escolarizado,https://www.dgae.unam.mx/Licenciatura2026/resultados/3/30200045.html,69,1682,1401,109,77,212491,97,,No seleccionado,,Consultar
3,Licenciatura 2026,302,30200045,CIENCIAS DE LA COMUNICACION,FACULTAD DE CIENCIAS POLÍTICAS Y SOCIALES,Escolarizado,https://www.dgae.unam.mx/Licenciatura2026/resultados/3/30200045.html,69,1682,1401,109,77,212497,52,,No seleccionado,,Consultar
3,Licenciatura 2026,302,30200045,CIENCIAS DE LA COMUNICACION,FACULTAD DE CIENCIAS POLÍTICAS Y SOCIALES,Escolarizado,https://www.dgae.unam.mx/Licenciatura2026/resultados/3/30200045.html,69,1682,1401,109,77,212569,64,,No seleccionado,,Consultar
3,Licenciatura 2026,302,30200045,CIENCIAS DE LA COMUNICACION,FACULTAD DE CIENCIAS POLÍTICAS Y SOCIALES,Escolarizado,https://www.dgae.unam.mx/Licenciatura2026/resultados/3/30200045.html,69,1682,1401,109,77,212590,50,,No seleccionado,,Consultar
3,Licenciatura 2026,302,30200045,CIENCIAS DE LA COMUNICACION,FACULTAD DE CIENCIAS POLÍTICAS Y SOCIALES,Escolarizado,https://www.dgae.unam.mx/Licenciatura2026/resultados/3/30200045.html,69,1682,1401,109,77,212619,109,S,Seleccionado,,Consultar
3,Licenciatura 2026,302,30200045,CIENCIAS DE LA COMUNICACION,FACULTAD DE CIENCIAS POLÍTICAS Y SOCIALES,Escolarizado,https://www.dgae.unam.mx/Licenciatura2026/resultados/3/30200045.html,69,1682,1401,109,77,212623,77,,No seleccionado,,Consultar
3,Licenciatura 2026,302,30200045,CIENCIAS DE LA COMUNICACION,FACULTAD DE CIENCIAS POLÍTICAS Y SOCIALES,Escolarizado,https://www.dgae.unam.mx/Licenciatura2026/resultados/3/30200045.html,69,1682,1401,109,77,212635,40,,No seleccionado,,Consultar
3,Licenciatura 2026,302,30200045,CIENCIAS DE LA COMUNICACION,FACULTAD DE CIENCIAS POLÍTICAS Y SOCIALES,Escolarizado,https://www.dgae.unam.mx/Licenciatura2026/resultados/3/30200045.html,69,1682,1401,109,77,212690,108,,No seleccionado,,Consultar
3,Licenciatura 2026,302,30200045,CIENCIAS DE LA COMUNICACION,FACULTAD DE CIENCIAS POLÍTICAS Y SOCIALES,Escolarizado,https://www.dgae.unam.mx/Licenciatura2026/resultados/3/30200045.html,69,1682,1401,109,77,212737,,N,No presentado,,Consultar
3,Licenciatura 2026,302,30200045,CIENCIAS DE LA COMUNICACION,FACULTAD DE CIENCIAS POLÍTICAS Y SOCIALES,Escolarizado,https://www.dgae.unam.mx/Licenciatura2026/resultados/3/30200045.html,69,1682,1401,109,77,212785,73,,No seleccionado,,Consultar
3,Licenciatura 2026,302,30200045,CIENCIAS DE LA COMUNICACION,FACULTAD DE CIENCIAS POLÍTICAS Y SOCIALES,Escolarizado,https://www.dgae.unam.mx/Licenciatura2026/resultados/3/30200045.html,69,1682,1401,109,77,212822,114,S,Seleccionado,Cita para entregar documentación.,Consultar
3,Licenciatura 2026,302,30200045,CIENCIAS DE LA COMUNICACION,FACULTAD DE CIENCIAS POLÍTICAS Y SOCIALES,Escolarizado,https://www.dgae.unam.mx/Licenciatura2026/resultados/3/30200045.html,69,1682,1401,109,77,212863,77,,No seleccionado,,Consultar
3,Licenciatura 2026,302,30200045,CIENCIAS DE LA COMUNICACION,FACULTAD DE CIENCIAS POLÍTICAS Y SOCIALES,Escolarizado,https://www.dgae.unam.mx/Licenciatura2026/resultados/3/30200045.html,69,1682,1401,109,77,212878,,C,Cancelado,,Consultar
3,Licenciatura 2026,302,30200045,CIENCIAS DE LA COMUNICACION,FACULTAD DE CIENCIAS POLÍTICAS Y SOCIALES,Escolarizado,https://www.dgae.unam.mx/Licenciatura2026/resultados/3/30200045.html,69,1682,1401,109,77,212882,114,S,Seleccionado,,Consultar
3,Licenciatura 2026,302,30200045,CIENCIAS DE LA COMUNICACION,FACULTAD DE CIENCIAS POLÍTICAS Y SOCIALES,Escolarizado,https://www.dgae.unam.mx/Licenciatura2026/resultados/3/30200045.html,69,1682,1401,109,77,212884,90,,No seleccionado,,Consultar
3,Licenciatura 2026,302,30200045,CIENCIAS DE LA COMUNICACION,FACULTAD DE CIENCIAS POLÍTICAS Y SOCIALES,Escolarizado,https://www.dgae.unam.mx/Licenciatura2026/resultados/3/30200045.html,69,1682,1401,109,77,212901,85,,No seleccionado,,Consultar
3,Licenciatura 2026,302,30200045,CIENCIAS DE LA COMUNICACION,FACULTAD DE CIENCIAS POLÍTICAS Y SOCIALES,Escolarizado,https://www.dgae.unam.mx/Licenciatura2026/resultados/3/30200045.html,69,1682,1401,109,77,212904,71,,No seleccionado,,Consultar
3,Licenciatura 2026,302,30200045,CIENCIAS DE LA COMUNICACION,FACULTAD DE CIENCIAS POLÍTICAS Y SOCIALES,Escolarizado,https://www.dgae.unam.mx/Licenciatura2026/resultados/3/30200045.html,69,1682,1401,109,77,212948,55,,No seleccionado,,Consultar
3,Licenciatura 2026,302,30200045,CIENCIAS DE LA COMUNICACION,FACULTAD DE CIENCIAS POLÍTICAS Y SOCIALES,Escolarizado,https://www.dgae.unam.mx/Licenciatura2026/resultados/3/30200045.html,69,1682,1401,109,77,213048,64,,No seleccionado,,Consultar
3,Licenciatura 2026,302,30200045,CIENCIAS DE LA COMUNICACION,FACULTAD DE CIENCIAS POLÍTICAS Y SOCIALES,Escolarizado,https://www.dgae.unam.mx/Licenciatura2026/resultados/3/30200045.html,69,1682,1401,109,77,213059,,N,No presentado,,Consultar
3,Licenciatura 2026,302,30200045,CIENCIAS DE LA COMUNICACION,FACULTAD DE CIENCIAS POLÍTICAS Y SOCIALES,Escolarizado,https://www.dgae.unam.mx/Licenciatura2026/resultados/3/30200045.html,69,1682,1401,109,77,213060,103,,No seleccionado,,Consultar
3,Licenciatura 2026,302,30200045,CIENCIAS DE LA COMUNICACION,FACULTAD DE CIENCIAS POLÍTICAS Y SOCIALES,Escolarizado,https://www.dgae.unam.mx/Licenciatura2026/resultados/3/30200045.html,69,1682,1401,109,77,213063,,N,No presentado,,Consultar
3,Licenciatura 2026,302,30200045,CIENCIAS DE LA COMUNICACION,FACULTAD DE CIENCIAS POLÍTICAS Y SOCIALES,Escolarizado,https://www.dgae.unam.mx/Licenciatura2026/resultados/3/30200045.html,69,1682,1401,109,77,213095,101,,No seleccionado,,Consultar
3,Licenciatura 2026,302,30200045,CIENCIAS DE LA COMUNICACION,FACULTAD DE CIENCIAS POLÍTICAS Y SOCIALES,Escolarizado,https://www.dgae.unam.mx/Licenciatura2026/resultados/3/30200045.html,69,1682,1401,109,77,213152,,N,No presentado,,Consultar
3,Licenciatura 2026,302,30200045,CIENCIAS DE LA COMUNICACION,FACULTAD DE CIENCIAS POLÍTICAS Y SOCIALES,Escolarizado,https://www.dgae.unam.mx/Licenciatura2026/resultados/3/30200045.html,69,1682,1401,109,77,213184,40,,No seleccionado,,Consultar
3,Licenciatura 2026,302,30200045,CIENCIAS DE LA COMUNICACION,FACULTAD DE CIENCIAS POLÍTICAS Y SOCIALES,Escolarizado,https://www.dgae.unam.mx/Licenciatura2026/resultados/3/30200045.html,69,1682,1401,109,77,213247,,N,No presentado,,Consultar
3,Licenciatura 2026,302,30200045,CIENCIAS DE LA COMUNICACION,FACULTAD DE CIENCIAS POLÍTICAS Y SOCIALES,Escolarizado,https://www.dgae.unam.mx/Licenciatura2026/resultados/3/30200045.html,69,1682,1401,109,77,213268,81,,No seleccionado,,Consultar
3,Licenciatura 2026,302,30200045,CIENCIAS DE LA COMUNICACION,FACULTAD DE CIENCIAS POLÍTICAS Y SOCIALES,Escolarizado,https://www.dgae.unam.mx/Licenciatura2026/resultados/3/30200045.html,69,1682,1401,109,77,213269,92,,No seleccionado,,Consultar
3,Licenciatura 2026,302,30200045,CIENCIAS DE LA COMUNICACION,FACULTAD DE CIENCIAS POLÍTICAS Y SOCIALES,Escolarizado,https://www.dgae.unam.mx/Licenciatura2026/resultados/3/30200045.html,69,1682,1401,109,77,213311,,N,No presentado,,Consultar
3,Licenciatura 2026,302,30200045,CIENCIAS DE LA COMUNICACION,FACULTAD DE CIENCIAS POLÍTICAS Y SOCIALES,Escolarizado,https://www.dgae.unam.mx/Licenciatura2026/resultados/3/30200045.html,69,1682,1401,109,77,213332,35,,No seleccionado,,Consultar
3,Licenciatura 2026,302,30200045,CIENCIAS DE LA COMUNICACION,FACULTAD DE CIENCIAS POLÍTICAS Y SOCIALES,Escolarizado,https://www.dgae.unam.mx/Licenciatura2026/resultados/3/30200045.html,69,1682,1401,109,77,213334,41,,No seleccionado,,Consultar
3,Licenciatura 2026,302,30200045,CIENCIAS DE LA COMUNICACION,FACULTAD DE CIENCIAS POLÍTICAS Y SOCIALES,Escolarizado,https://www.dgae.unam.mx/Licenciatura2026/resultados/3/30200045.html,69,1682,1401,109,77,213335,101,,No seleccionado,,Consultar
3,Licenciatura 2026,302,30200045,CIENCIAS DE LA COMUNICACION,FACULTAD DE CIENCIAS POLÍTICAS Y SOCIALES,Escolarizado,https://www.dgae.unam.mx/Licenciatura2026/resultados/3/30200045.html,69,1682,1401,109,77,213350,72,,No seleccionado,,Consultar
3,Licenciatura 2026,302,30200045,CIENCIAS DE LA COMUNICACION,FACULTAD DE CIENCIAS POLÍTICAS Y SOCIALES,Escolarizado,https://www.dgae.unam.mx/Licenciatura2026/resultados/3/30200045.html,69,1682,1401,109,77,213398,46,,No seleccionado,,Consultar
3,Licenciatura 2026,302,30200045,CIENCIAS DE LA COMUNICACION,FACULTAD DE CIENCIAS POLÍTICAS Y SOCIALES,Escolarizado,https://www.dgae.unam.mx/Licenciatura2026/resultados/3/30200045.html,69,1682,1401,109,77,213421,76,,No seleccionado,,Consultar
3,Licenciatura 2026,302,30200045,CIENCIAS DE LA COMUNICACION,FACULTAD DE CIENCIAS POLÍTICAS Y SOCIALES,Escolarizado,https://www.dgae.unam.mx/Licenciatura2026/resultados/3/30200045.html,69,1682,1401,109,77,213447,59,,No seleccionado,,Consultar
3,Licenciatura 2026,302,30200045,CIENCIAS DE LA COMUNICACION,FACULTAD DE CIENCIAS POLÍTICAS Y SOCIALES,Escolarizado,https://www.dgae.unam.mx/Licenciatura2026/resultados/3/30200045.html,69,1682,1401,109,77,213483,64,,No seleccionado,,Consultar
3,Licenciatura 2026,302,30200045,CIENCIAS DE LA COMUNICACION,FACULTAD DE CIENCIAS POLÍTICAS Y SOCIALES,Escolarizado,https://www.dgae.unam.mx/Licenciatura2026/resultados/3/30200045.html,69,1682,1401,109,77,213501,,N,No presentado,,Consultar
3,Licenciatura 2026,302,30200045,CIENCIAS DE LA COMUNICACION,FACULTAD DE CIENCIAS POLÍTICAS Y SOCIALES,Escolarizado,https://www.dgae.unam.mx/Licenciatura2026/resultados/3/30200045.html,69,1682,1401,109,77,213618,76,,No seleccionado,,Consultar
3,Licenciatura 2026,302,30200045,CIENCIAS DE LA COMUNICACION,FACULTAD DE CIENCIAS POLÍTICAS Y SOCIALES,Escolarizado,https://www.dgae.unam.mx/Licenciatura2026/resultados/3/30200045.html,69,1682,1401,109,77,213648,74,,No seleccionado,,Consultar
3,Licenciatura 2026,302,30200045,CIENCIAS DE LA COMUNICACION,FACULTAD DE CIENCIAS POLÍTICAS Y SOCIALES,Escolarizado,https://www.dgae.unam.mx/Licenciatura2026/resultados/3/30200045.html,69,1682,1401,109,77,213679,105,,No seleccionado,,Consultar
3,Licenciatura 2026,302,30200045,CIENCIAS DE LA COMUNICACION,FACULTAD DE CIENCIAS POLÍTICAS Y SOCIALES,Escolarizado,https://www.dgae.unam.mx/Licenciatura2026/resultados/3/30200045.html,69,1682,1401,109,77,213692,70,,No seleccionado,,Consultar
3,Licenciatura 2026,302,30200045,CIENCIAS DE LA COMUNICACION,FACULTAD DE CIENCIAS POLÍTICAS Y SOCIALES,Escolarizado,https://www.dgae.unam.mx/Licenciatura2026/resultados/3/30200045.html,69,1682,1401,109,77,213718,58,,No seleccionado,,Consultar
3,Licenciatura 2026,302,30200045,CIENCIAS DE LA COMUNICACION,FACULTAD DE CIENCIAS POLÍTICAS Y SOCIALES,Escolarizado,https://www.dgae.unam.mx/Licenciatura2026/resultados/3/30200045.html,69,1682,1401,109,77,213841,47,,No seleccionado,,Consultar
3,Licenciatura 2026,302,30200045,CIENCIAS DE LA COMUNICACION,FACULTAD DE CIENCIAS POLÍTICAS Y SOCIALES,Escolarizado,https://www.dgae.unam.mx/Licenciatura2026/resultados/3/30200045.html,69,1682,1401,109,77,213847,110,S,Seleccionado,Cita para entregar documentación.,Consultar
3,Licenciatura 2026,302,30200045,CIENCIAS DE LA COMUNICACION,FACULTAD DE CIENCIAS POLÍTICAS Y SOCIALES,Escolarizado,https://www.dgae.unam.mx/Licenciatura2026/resultados/3/30200045.html,69,1682,1401,109,77,214061,99,,No seleccionado,,Consultar
3,Licenciatura 2026,302,30200045,CIENCIAS DE LA COMUNICACION,FACULTAD DE CIENCIAS POLÍTICAS Y SOCIALES,Escolarizado,https://www.dgae.unam.mx/Licenciatura2026/resultados/3/30200045.html,69,1682,1401,109,77,214209,56,,No seleccionado,,Consultar
3,Licenciatura 2026,302,30200045,CIENCIAS DE LA COMUNICACION,FACULTAD DE CIENCIAS POLÍTICAS Y SOCIALES,Escolarizado,https://www.dgae.unam.mx/Licenciatura2026/resultados/3/30200045.html,69,1682,1401,109,77,214236,105,,No seleccionado,,Consultar
3,Licenciatura 2026,302,30200045,CIENCIAS DE LA COMUNICACION,FACULTAD DE CIENCIAS POLÍTICAS Y SOCIALES,Escolarizado,https://www.dgae.unam.mx/Licenciatura2026/resultados/3/30200045.html,69,1682,1401,109,77,214259,56,,No seleccionado,,Consultar
3,Licenciatura 2026,302,30200045,CIENCIAS DE LA COMUNICACION,FACULTAD DE CIENCIAS POLÍTICAS Y SOCIALES,Escolarizado,https://www.dgae.unam.mx/Licenciatura2026/resultados/3/30200045.html,69,1682,1401,109,77,214261,83,,No seleccionado,,Consultar
3,Licenciatura 2026,302,30200045,CIENCIAS DE LA COMUNICACION,FACULTAD DE CIENCIAS POLÍTICAS Y SOCIALES,Escolarizado,https://www.dgae.unam.mx/Licenciatura2026/resultados/3/30200045.html,69,1682,1401,109,77,214265,90,,No seleccionado,,Consultar
3,Licenciatura 2026,302,30200045,CIENCIAS DE LA COMUNICACION,FACULTAD DE CIENCIAS POLÍTICAS Y SOCIALES,Escolarizado,https://www.dgae.unam.mx/Licenciatura2026/resultados/3/30200045.html,69,1682,1401,109,77,214274,,N,No presentado,,Consultar
3,Licenciatura 2026,302,30200045,CIENCIAS DE LA COMUNICACION,FACULTAD DE CIENCIAS POLÍTICAS Y SOCIALES,Escolarizado,https://www.dgae.unam.mx/Licenciatura2026/resultados/3/30200045.html,69,1682,1401,109,77,214421,103,,No seleccionado,,Consultar
3,Licenciatura 2026,302,30200045,CIENCIAS DE LA COMUNICACION,FACULTAD DE CIENCIAS POLÍTICAS Y SOCIALES,Escolarizado,https://www.dgae.unam.mx/Licenciatura2026/resultados/3/30200045.html,69,1682,1401,109,77,214486,100,,No seleccionado,,Consultar
3,Licenciatura 2026,302,30200045,CIENCIAS DE LA COMUNICACION,FACULTAD DE CIENCIAS POLÍTICAS Y SOCIALES,Escolarizado,https://www.dgae.unam.mx/Licenciatura2026/resultados/3/30200045.html,69,1682,1401,109,77,214499,59,,No seleccionado,,Consultar
3,Licenciatura 2026,302,30200045,CIENCIAS DE LA COMUNICACION,FACULTAD DE CIENCIAS POLÍTICAS Y SOCIALES,Escolarizado,https://www.dgae.unam.mx/Licenciatura2026/resultados/3/30200045.html,69,1682,1401,109,77,214506,106,,No seleccionado,,Consultar
3,Licenciatura 2026,302,30200045,CIENCIAS DE LA COMUNICACION,FACULTAD DE CIENCIAS POLÍTICAS Y SOCIALES,Escolarizado,https://www.dgae.unam.mx/Licenciatura2026/resultados/3/30200045.html,69,1682,1401,109,77,214579,105,,No seleccionado,,Consultar
3,Licenciatura 2026,302,30200045,CIENCIAS DE LA COMUNICACION,FACULTAD DE CIENCIAS POLÍTICAS Y SOCIALES,Escolarizado,https://www.dgae.unam.mx/Licenciatura2026/resultados/3/30200045.html,69,1682,1401,109,77,214585,,N,No presentado,,Consultar
3,Licenciatura 2026,302,30200045,CIENCIAS DE LA COMUNICACION,FACULTAD DE CIENCIAS POLÍTICAS Y SOCIALES,Escolarizado,https://www.dgae.unam.mx/Licenciatura2026/resultados/3/30200045.html,69,1682,1401,109,77,214623,33,,No seleccionado,,Consultar
3,Licenciatura 2026,302,30200045,CIENCIAS DE LA COMUNICACION,FACULTAD DE CIENCIAS POLÍTICAS Y SOCIALES,Escolarizado,https://www.dgae.unam.mx/Licenciatura2026/resultados/3/30200045.html,69,1682,1401,109,77,214635,111,S,Seleccionado,Cita para entregar documentación.,Consultar
3,Licenciatura 2026,302,30200045,CIENCIAS DE LA COMUNICACION,FACULTAD DE CIENCIAS POLÍTICAS Y SOCIALES,Escolarizado,https://www.dgae.unam.mx/Licenciatura2026/resultados/3/30200045.html,69,1682,1401,109,77,214647,59,,No seleccionado,,Consultar
3,Licenciatura 2026,302,30200045,CIENCIAS DE LA COMUNICACION,FACULTAD DE CIENCIAS POLÍTICAS Y SOCIALES,Escolarizado,https://www.dgae.unam.mx/Licenciatura2026/resultados/3/30200045.html,69,1682,1401,109,77,214654,36,,No seleccionado,,Consultar
3,Licenciatura 2026,302,30200045,CIENCIAS DE LA COMUNICACION,FACULTAD DE CIENCIAS POLÍTICAS Y SOCIALES,Escolarizado,https://www.dgae.unam.mx/Licenciatura2026/resultados/3/30200045.html,69,1682,1401,109,77,214679,44,,No seleccionado,,Consultar
3,Licenciatura 2026,302,30200045,CIENCIAS DE LA COMUNICACION,FACULTAD DE CIENCIAS POLÍTICAS Y SOCIALES,Escolarizado,https://www.dgae.unam.mx/Licenciatura2026/resultados/3/30200045.html,69,1682,1401,109,77,214709,50,,No seleccionado,,Consultar
3,Licenciatura 2026,302,30200045,CIENCIAS DE LA COMUNICACION,FACULTAD DE CIENCIAS POLÍTICAS Y SOCIALES,Escolarizado,https://www.dgae.unam.mx/Licenciatura2026/resultados/3/30200045.html,69,1682,1401,109,77,214722,58,,No seleccionado,,Consultar
3,Licenciatura 2026,302,30200045,CIENCIAS DE LA COMUNICACION,FACULTAD DE CIENCIAS POLÍTICAS Y SOCIALES,Escolarizado,https://www.dgae.unam.mx/Licenciatura2026/resultados/3/30200045.html,69,1682,1401,109,77,214776,93,,No seleccionado,,Consultar
3,Licenciatura 2026,302,30200045,CIENCIAS DE LA COMUNICACION,FACULTAD DE CIENCIAS POLÍTICAS Y SOCIALES,Escolarizado,https://www.dgae.unam.mx/Licenciatura2026/resultados/3/30200045.html,69,1682,1401,109,77,214837,48,,No seleccionado,,Consultar
3,Licenciatura 2026,302,30200045,CIENCIAS DE LA COMUNICACION,FACULTAD DE CIENCIAS POLÍTICAS Y SOCIALES,Escolarizado,https://www.dgae.unam.mx/Licenciatura2026/resultados/3/30200045.html,69,1682,1401,109,77,214851,98,,No seleccionado,,Consultar
3,Licenciatura 2026,302,30200045,CIENCIAS DE LA COMUNICACION,FACULTAD DE CIENCIAS POLÍTICAS Y SOCIALES,Escolarizado,https://www.dgae.unam.mx/Licenciatura2026/resultados/3/30200045.html,69,1682,1401,109,77,214852,,N,No presentado,,Consultar
3,Licenciatura 2026,302,30200045,CIENCIAS DE LA COMUNICACION,FACULTAD DE CIENCIAS POLÍTICAS Y SOCIALES,Escolarizado,https://www.dgae.unam.mx/Licenciatura2026/resultados/3/30200045.html,69,1682,1401,109,77,214872,44,,No seleccionado,,Consultar
3,Licenciatura 2026,302,30200045,CIENCIAS DE LA COMUNICACION,FACULTAD DE CIENCIAS POLÍTICAS Y SOCIALES,Escolarizado,https://www.dgae.unam.mx/Licenciatura2026/resultados/3/30200045.html,69,1682,1401,109,77,214881,36,,No seleccionado,,Consultar
3,Licenciatura 2026,302,30200045,CIENCIAS DE LA COMUNICACION,FACULTAD DE CIENCIAS POLÍTICAS Y SOCIALES,Escolarizado,https://www.dgae.unam.mx/Licenciatura2026/resultados/3/30200045.html,69,1682,1401,109,77,214888,62,,No seleccionado,,Consultar
3,Licenciatura 2026,302,30200045,CIENCIAS DE LA COMUNICACION,FACULTAD DE CIENCIAS POLÍTICAS Y SOCIALES,Escolarizado,https://www.dgae.unam.mx/Licenciatura2026/resultados/3/30200045.html,69,1682,1401,109,77,214920,112,S,Seleccionado,,Consultar
3,Licenciatura 2026,302,30200045,CIENCIAS DE LA COMUNICACION,FACULTAD DE CIENCIAS POLÍTICAS Y SOCIALES,Escolarizado,https://www.dgae.unam.mx/Licenciatura2026/resultados/3/30200045.html,69,1682,1401,109,77,214989,84,,No seleccionado,,Consultar
3,Licenciatura 2026,302,30200045,CIENCIAS DE LA COMUNICACION,FACULTAD DE CIENCIAS POLÍTICAS Y SOCIALES,Escolarizado,https://www.dgae.unam.mx/Licenciatura2026/resultados/3/30200045.html,69,1682,1401,109,77,215014,69,,No seleccionado,,Consultar
3,Licenciatura 2026,302,30200045,CIENCIAS DE LA COMUNICACION,FACULTAD DE CIENCIAS POLÍTICAS Y SOCIALES,Escolarizado,https://www.dgae.unam.mx/Licenciatura2026/resultados/3/30200045.html,69,1682,1401,109,77,215024,74,,No seleccionado,,Consultar
3,Licenciatura 2026,302,30200045,CIENCIAS DE LA COMUNICACION,FACULTAD DE CIENCIAS POLÍTICAS Y SOCIALES,Escolarizado,https://www.dgae.unam.mx/Licenciatura2026/resultados/3/30200045.html,69,1682,1401,109,77,215064,102,,No seleccionado,,Consultar
3,Licenciatura 2026,302,30200045,CIENCIAS DE LA COMUNICACION,FACULTAD DE CIENCIAS POLÍTICAS Y SOCIALES,Escolarizado,https://www.dgae.unam.mx/Licenciatura2026/resultados/3/30200045.html,69,1682,1401,109,77,215095,109,S,Seleccionado,Cita para entregar documentación.,Consultar
3,Licenciatura 2026,302,30200045,CIENCIAS DE LA COMUNICACION,FACULTAD DE CIENCIAS POLÍTICAS Y SOCIALES,Escolarizado,https://www.dgae.unam.mx/Licenciatura2026/resultados/3/30200045.html,69,1682,1401,109,77,215097,68,,No seleccionado,,Consultar
3,Licenciatura 2026,302,30200045,CIENCIAS DE LA COMUNICACION,FACULTAD DE CIENCIAS POLÍTICAS Y SOCIALES,Escolarizado,https://www.dgae.unam.mx/Licenciatura2026/resultados/3/30200045.html,69,1682,1401,109,77,215116,59,,No seleccionado,,Consultar
3,Licenciatura 2026,302,30200045,CIENCIAS DE LA COMUNICACION,FACULTAD DE CIENCIAS POLÍTICAS Y SOCIALES,Escolarizado,https://www.dgae.unam.mx/Licenciatura2026/resultados/3/30200045.html,69,1682,1401,109,77,215118,,,No seleccionado,Cita para aclarar situación escolar.,Consultar
3,Licenciatura 2026,302,30200045,CIENCIAS DE LA COMUNICACION,FACULTAD DE CIENCIAS POLÍTICAS Y SOCIALES,Escolarizado,https://www.dgae.unam.mx/Licenciatura2026/resultados/3/30200045.html,69,1682,1401,109,77,215154,67,,No seleccionado,,Consultar
3,Licenciatura 2026,302,30200045,CIENCIAS DE LA COMUNICACION,FACULTAD DE CIENCIAS POLÍTICAS Y SOCIALES,Escolarizado,https://www.dgae.unam.mx/Licenciatura2026/resultados/3/30200045.html,69,1682,1401,109,77,215155,73,,No seleccionado,,Consultar
3,Licenciatura 2026,302,30200045,CIENCIAS DE LA COMUNICACION,FACULTAD DE CIENCIAS POLÍTICAS Y SOCIALES,Escolarizado,https://www.dgae.unam.mx/Licenciatura2026/resultados/3/30200045.html,69,1682,1401,109,77,215173,35,,No seleccionado,,Consultar
3,Licenciatura 2026,302,30200045,CIENCIAS DE LA COMUNICACION,FACULTAD DE CIENCIAS POLÍTICAS Y SOCIALES,Escolarizado,https://www.dgae.unam.mx/Licenciatura2026/resultados/3/30200045.html,69,1682,1401,109,77,215175,89,,No seleccionado,,Consultar
3,Licenciatura 2026,302,30200045,CIENCIAS DE LA COMUNICACION,FACULTAD DE CIENCIAS POLÍTICAS Y SOCIALES,Escolarizado,https://www.dgae.unam.mx/Licenciatura2026/resultados/3/30200045.html,69,1682,1401,109,77,215198,50,,No seleccionado,,Consultar
3,Licenciatura 2026,302,30200045,CIENCIAS DE LA COMUNICACION,FACULTAD DE CIENCIAS POLÍTICAS Y SOCIALES,Escolarizado,https://www.dgae.unam.mx/Licenciatura2026/resultados/3/30200045.html,69,1682,1401,109,77,215272,74,,No seleccionado,,Consultar
3,Licenciatura 2026,302,30200045,CIENCIAS DE LA COMUNICACION,FACULTAD DE CIENCIAS POLÍTICAS Y SOCIALES,Escolarizado,https://www.dgae.unam.mx/Licenciatura2026/resultados/3/30200045.html,69,1682,1401,109,77,215290,96,,No seleccionado,,Consultar
3,Licenciatura 2026,302,30200045,CIENCIAS DE LA COMUNICACION,FACULTAD DE CIENCIAS POLÍTICAS Y SOCIALES,Escolarizado,https://www.dgae.unam.mx/Licenciatura2026/resultados/3/30200045.html,69,1682,1401,109,77,215327,86,,No seleccionado,,Consultar
3,Licenciatura 2026,302,30200045,CIENCIAS DE LA COMUNICACION,FACULTAD DE CIENCIAS POLÍTICAS Y SOCIALES,Escolarizado,https://www.dgae.unam.mx/Licenciatura2026/resultados/3/30200045.html,69,1682,1401,109,77,215342,95,,No seleccionado,,Consultar
3,Licenciatura 2026,302,30200045,CIENCIAS DE LA COMUNICACION,FACULTAD DE CIENCIAS POLÍTICAS Y SOCIALES,Escolarizado,https://www.dgae.unam.mx/Licenciatura2026/resultados/3/30200045.html,69,1682,1401,109,77,215381,62,,No seleccionado,,Consultar
3,Licenciatura 2026,302,30200045,CIENCIAS DE LA COMUNICACION,FACULTAD DE CIENCIAS POLÍTICAS Y SOCIALES,Escolarizado,https://www.dgae.unam.mx/Licenciatura2026/resultados/3/30200045.html,69,1682,1401,109,77,215430,93,,No seleccionado,,Consultar
3,Licenciatura 2026,302,30200045,CIENCIAS DE LA COMUNICACION,FACULTAD DE CIENCIAS POLÍTICAS Y SOCIALES,Escolarizado,https://www.dgae.unam.mx/Licenciatura2026/resultados/3/30200045.html,69,1682,1401,109,77,215459,33,,No seleccionado,,Consultar
3,Licenciatura 2026,302,30200045,CIENCIAS DE LA COMUNICACION,FACULTAD DE CIENCIAS POLÍTICAS Y SOCIALES,Escolarizado,https://www.dgae.unam.mx/Licenciatura2026/resultados/3/30200045.html,69,1682,1401,109,77,215473,70,,No seleccionado,,Consultar
3,Licenciatura 2026,302,30200045,CIENCIAS DE LA COMUNICACION,FACULTAD DE CIENCIAS POLÍTICAS Y SOCIALES,Escolarizado,https://www.dgae.unam.mx/Licenciatura2026/resultados/3/30200045.html,69,1682,1401,109,77,215477,111,S,Seleccionado,Cita para entregar documentación.,Consultar
3,Licenciatura 2026,302,30200045,CIENCIAS DE LA COMUNICACION,FACULTAD DE CIENCIAS POLÍTICAS Y SOCIALES,Escolarizado,https://www.dgae.unam.mx/Licenciatura2026/resultados/3/30200045.html,69,1682,1401,109,77,215605,41,,No seleccionado,,Consultar
3,Licenciatura 2026,302,30200045,CIENCIAS DE LA COMUNICACION,FACULTAD DE CIENCIAS POLÍTICAS Y SOCIALES,Escolarizado,https://www.dgae.unam.mx/Licenciatura2026/resultados/3/30200045.html,69,1682,1401,109,77,215612,90,,No seleccionado,,Consultar
3,Licenciatura 2026,302,30200045,CIENCIAS DE LA COMUNICACION,FACULTAD DE CIENCIAS POLÍTICAS Y SOCIALES,Escolarizado,https://www.dgae.unam.mx/Licenciatura2026/resultados/3/30200045.html,69,1682,1401,109,77,215655,,N,No presentado,,Consultar
3,Licenciatura 2026,302,30200045,CIENCIAS DE LA COMUNICACION,FACULTAD DE CIENCIAS POLÍTICAS Y SOCIALES,Escolarizado,https://www.dgae.unam.mx/Licenciatura2026/resultados/3/30200045.html,69,1682,1401,109,77,215703,86,,No seleccionado,,Consultar
3,Licenciatura 2026,302,30200045,CIENCIAS DE LA COMUNICACION,FACULTAD DE CIENCIAS POLÍTICAS Y SOCIALES,Escolarizado,https://www.dgae.unam.mx/Licenciatura2026/resultados/3/30200045.html,69,1682,1401,109,77,215707,74,,No seleccionado,,Consultar
3,Licenciatura 2026,302,30200045,CIENCIAS DE LA COMUNICACION,FACULTAD DE CIENCIAS POLÍTICAS Y SOCIALES,Escolarizado,https://www.dgae.unam.mx/Licenciatura2026/resultados/3/30200045.html,69,1682,1401,109,77,215720,105,,No seleccionado,,Consultar
3,Licenciatura 2026,302,30200045,CIENCIAS DE LA COMUNICACION,FACULTAD DE CIENCIAS POLÍTICAS Y SOCIALES,Escolarizado,https://www.dgae.unam.mx/Licenciatura2026/resultados/3/30200045.html,69,1682,1401,109,77,215741,108,,No seleccionado,,Consultar
3,Licenciatura 2026,302,30200045,CIENCIAS DE LA COMUNICACION,FACULTAD DE CIENCIAS POLÍTICAS Y SOCIALES,Escolarizado,https://www.dgae.unam.mx/Licenciatura2026/resultados/3/30200045.html,69,1682,1401,109,77,215742,102,,No seleccionado,,Consultar
3,Licenciatura 2026,302,30200045,CIENCIAS DE LA COMUNICACION,FACULTAD DE CIENCIAS POLÍTICAS Y SOCIALES,Escolarizado,https://www.dgae.unam.mx/Licenciatura2026/resultados/3/30200045.html,69,1682,1401,109,77,215743,42,,No seleccionado,,Consultar
3,Licenciatura 2026,302,30200045,CIENCIAS DE LA COMUNICACION,FACULTAD DE CIENCIAS POLÍTICAS Y SOCIALES,Escolarizado,https://www.dgae.unam.mx/Licenciatura2026/resultados/3/30200045.html,69,1682,1401,109,77,215818,,N,No presentado,,Consultar
3,Licenciatura 2026,302,30200045,CIENCIAS DE LA COMUNICACION,FACULTAD DE CIENCIAS POLÍTICAS Y SOCIALES,Escolarizado,https://www.dgae.unam.mx/Licenciatura2026/resultados/3/30200045.html,69,1682,1401,109,77,215823,105,,No seleccionado,,Consultar
3,Licenciatura 2026,302,30200045,CIENCIAS DE LA COMUNICACION,FACULTAD DE CIENCIAS POLÍTICAS Y SOCIALES,Escolarizado,https://www.dgae.unam.mx/Licenciatura2026/resultados/3/30200045.html,69,1682,1401,109,77,215860,76,,No seleccionado,,Consultar
3,Licenciatura 2026,302,30200045,CIENCIAS DE LA COMUNICACION,FACULTAD DE CIENCIAS POLÍTICAS Y SOCIALES,Escolarizado,https://www.dgae.unam.mx/Licenciatura2026/resultados/3/30200045.html,69,1682,1401,109,77,215863,,N,No presentado,,Consultar
3,Licenciatura 2026,302,30200045,CIENCIAS DE LA COMUNICACION,FACULTAD DE CIENCIAS POLÍTICAS Y SOCIALES,Escolarizado,https://www.dgae.unam.mx/Licenciatura2026/resultados/3/30200045.html,69,1682,1401,109,77,215877,102,,No seleccionado,,Consultar
3,Licenciatura 2026,302,30200045,CIENCIAS DE LA COMUNICACION,FACULTAD DE CIENCIAS POLÍTICAS Y SOCIALES,Escolarizado,https://www.dgae.unam.mx/Licenciatura2026/resultados/3/30200045.html,69,1682,1401,109,77,215902,62,,No seleccionado,,Consultar
3,Licenciatura 2026,302,30200045,CIENCIAS DE LA COMUNICACION,FACULTAD DE CIENCIAS POLÍTICAS Y SOCIALES,Escolarizado,https://www.dgae.unam.mx/Licenciatura2026/resultados/3/30200045.html,69,1682,1401,109,77,215963,57,,No seleccionado,,Consultar
3,Licenciatura 2026,302,30200045,CIENCIAS DE LA COMUNICACION,FACULTAD DE CIENCIAS POLÍTICAS Y SOCIALES,Escolarizado,https://www.dgae.unam.mx/Licenciatura2026/resultados/3/30200045.html,69,1682,1401,109,77,216017,118,S,Seleccionado,Cita para entregar documentación.,Consultar
3,Licenciatura 2026,302,30200045,CIENCIAS DE LA COMUNICACION,FACULTAD DE CIENCIAS POLÍTICAS Y SOCIALES,Escolarizado,https://www.dgae.unam.mx/Licenciatura2026/resultados/3/30200045.html,69,1682,1401,109,77,216039,,N,No presentado,,Consultar
3,Licenciatura 2026,302,30200045,CIENCIAS DE LA COMUNICACION,FACULTAD DE CIENCIAS POLÍTICAS Y SOCIALES,Escolarizado,https://www.dgae.unam.mx/Licenciatura2026/resultados/3/30200045.html,69,1682,1401,109,77,216085,42,,No seleccionado,,Consultar
3,Licenciatura 2026,302,30200045,CIENCIAS DE LA COMUNICACION,FACULTAD DE CIENCIAS POLÍTICAS Y SOCIALES,Escolarizado,https://www.dgae.unam.mx/Licenciatura2026/resultados/3/30200045.html,69,1682,1401,109,77,216109,82,,No seleccionado,,Consultar
3,Licenciatura 2026,302,30200045,CIENCIAS DE LA COMUNICACION,FACULTAD DE CIENCIAS POLÍTICAS Y SOCIALES,Escolarizado,https://www.dgae.unam.mx/Licenciatura2026/resultados/3/30200045.html,69,1682,1401,109,77,216119,41,,No seleccionado,,Consultar
3,Licenciatura 2026,302,30200045,CIENCIAS DE LA COMUNICACION,FACULTAD DE CIENCIAS POLÍTICAS Y SOCIALES,Escolarizado,https://www.dgae.unam.mx/Licenciatura2026/resultados/3/30200045.html,69,1682,1401,109,77,216144,57,,No seleccionado,,Consultar
3,Licenciatura 2026,302,30200045,CIENCIAS DE LA COMUNICACION,FACULTAD DE CIENCIAS POLÍTICAS Y SOCIALES,Escolarizado,https://www.dgae.unam.mx/Licenciatura2026/resultados/3/30200045.html,69,1682,1401,109,77,216188,23,,No seleccionado,,Consultar
3,Licenciatura 2026,302,30200045,CIENCIAS DE LA COMUNICACION,FACULTAD DE CIENCIAS POLÍTICAS Y SOCIALES,Escolarizado,https://www.dgae.unam.mx/Licenciatura2026/resultados/3/30200045.html,69,1682,1401,109,77,216207,41,,No seleccionado,,Consultar
3,Licenciatura 2026,302,30200045,CIENCIAS DE LA COMUNICACION,FACULTAD DE CIENCIAS POLÍTICAS Y SOCIALES,Escolarizado,https://www.dgae.unam.mx/Licenciatura2026/resultados/3/30200045.html,69,1682,1401,109,77,216227,87,,No seleccionado,,Consultar
3,Licenciatura 2026,302,30200045,CIENCIAS DE LA COMUNICACION,FACULTAD DE CIENCIAS POLÍTICAS Y SOCIALES,Escolarizado,https://www.dgae.unam.mx/Licenciatura2026/resultados/3/30200045.html,69,1682,1401,109,77,216241,,N,No presentado,,Consultar
3,Licenciatura 2026,302,30200045,CIENCIAS DE LA COMUNICACION,FACULTAD DE CIENCIAS POLÍTICAS Y SOCIALES,Escolarizado,https://www.dgae.unam.mx/Licenciatura2026/resultados/3/30200045.html,69,1682,1401,109,77,216323,51,,No seleccionado,,Consultar
3,Licenciatura 2026,302,30200045,CIENCIAS DE LA COMUNICACION,FACULTAD DE CIENCIAS POLÍTICAS Y SOCIALES,Escolarizado,https://www.dgae.unam.mx/Licenciatura2026/resultados/3/30200045.html,69,1682,1401,109,77,216351,70,,No seleccionado,,Consultar
3,Licenciatura 2026,302,30200045,CIENCIAS DE LA COMUNICACION,FACULTAD DE CIENCIAS POLÍTICAS Y SOCIALES,Escolarizado,https://www.dgae.unam.mx/Licenciatura2026/resultados/3/30200045.html,69,1682,1401,109,77,216388,76,,No seleccionado,,Consultar
3,Licenciatura 2026,302,30200045,CIENCIAS DE LA COMUNICACION,FACULTAD DE CIENCIAS POLÍTICAS Y SOCIALES,Escolarizado,https://www.dgae.unam.mx/Licenciatura2026/resultados/3/30200045.html,69,1682,1401,109,77,216408,88,,No seleccionado,,Consultar
3,Licenciatura 2026,302,30200045,CIENCIAS DE LA COMUNICACION,FACULTAD DE CIENCIAS POLÍTICAS Y SOCIALES,Escolarizado,https://www.dgae.unam.mx/Licenciatura2026/resultados/3/30200045.html,69,1682,1401,109,77,216500,115,S,Seleccionado,Cita para entregar documentación.,Consultar
3,Licenciatura 2026,302,30200045,CIENCIAS DE LA COMUNICACION,FACULTAD DE CIENCIAS POLÍTICAS Y SOCIALES,Escolarizado,https://www.dgae.unam.mx/Licenciatura2026/resultados/3/30200045.html,69,1682,1401,109,77,216534,52,,No seleccionado,,Consultar
3,Licenciatura 2026,302,30200045,CIENCIAS DE LA COMUNICACION,FACULTAD DE CIENCIAS POLÍTICAS Y SOCIALES,Escolarizado,https://www.dgae.unam.mx/Licenciatura2026/resultados/3/30200045.html,69,1682,1401,109,77,216566,,N,No presentado,,Consultar
3,Licenciatura 2026,302,30200045,CIENCIAS DE LA COMUNICACION,FACULTAD DE CIENCIAS POLÍTICAS Y SOCIALES,Escolarizado,https://www.dgae.unam.mx/Licenciatura2026/resultados/3/30200045.html,69,1682,1401,109,77,216691,88,,No seleccionado,,Consultar
3,Licenciatura 2026,302,30200045,CIENCIAS DE LA COMUNICACION,FACULTAD DE CIENCIAS POLÍTICAS Y SOCIALES,Escolarizado,https://www.dgae.unam.mx/Licenciatura2026/resultados/3/30200045.html,69,1682,1401,109,77,216693,65,,No seleccionado,,Consultar
3,Licenciatura 2026,302,30200045,CIENCIAS DE LA COMUNICACION,FACULTAD DE CIENCIAS POLÍTICAS Y SOCIALES,Escolarizado,https://www.dgae.unam.mx/Licenciatura2026/resultados/3/30200045.html,69,1682,1401,109,77,216752,30,,No seleccionado,,Consultar
3,Licenciatura 2026,302,30200045,CIENCIAS DE LA COMUNICACION,FACULTAD DE CIENCIAS POLÍTICAS Y SOCIALES,Escolarizado,https://www.dgae.unam.mx/Licenciatura2026/resultados/3/30200045.html,69,1682,1401,109,77,216786,68,,No seleccionado,,Consultar
3,Licenciatura 2026,302,30200045,CIENCIAS DE LA COMUNICACION,FACULTAD DE CIENCIAS POLÍTICAS Y SOCIALES,Escolarizado,https://www.dgae.unam.mx/Licenciatura2026/resultados/3/30200045.html,69,1682,1401,109,77,216905,84,,No seleccionado,,Consultar
3,Licenciatura 2026,302,30200045,CIENCIAS DE LA COMUNICACION,FACULTAD DE CIENCIAS POLÍTICAS Y SOCIALES,Escolarizado,https://www.dgae.unam.mx/Licenciatura2026/resultados/3/30200045.html,69,1682,1401,109,77,216925,71,,No seleccionado,,Consultar
3,Licenciatura 2026,302,30200045,CIENCIAS DE LA COMUNICACION,FACULTAD DE CIENCIAS POLÍTICAS Y SOCIALES,Escolarizado,https://www.dgae.unam.mx/Licenciatura2026/resultados/3/30200045.html,69,1682,1401,109,77,216944,49,,No seleccionado,,Consultar
3,Licenciatura 2026,302,30200045,CIENCIAS DE LA COMUNICACION,FACULTAD DE CIENCIAS POLÍTICAS Y SOCIALES,Escolarizado,https://www.dgae.unam.mx/Licenciatura2026/resultados/3/30200045.html,69,1682,1401,109,77,216954,72,,No seleccionado,,Consultar
3,Licenciatura 2026,302,30200045,CIENCIAS DE LA COMUNICACION,FACULTAD DE CIENCIAS POLÍTICAS Y SOCIALES,Escolarizado,https://www.dgae.unam.mx/Licenciatura2026/resultados/3/30200045.html,69,1682,1401,109,77,216986,72,,No seleccionado,,Consultar
3,Licenciatura 2026,302,30200045,CIENCIAS DE LA COMUNICACION,FACULTAD DE CIENCIAS POLÍTICAS Y SOCIALES,Escolarizado,https://www.dgae.unam.mx/Licenciatura2026/resultados/3/30200045.html,69,1682,1401,109,77,217000,66,,No seleccionado,,Consultar
3,Licenciatura 2026,302,30200045,CIENCIAS DE LA COMUNICACION,FACULTAD DE CIENCIAS POLÍTICAS Y SOCIALES,Escolarizado,https://www.dgae.unam.mx/Licenciatura2026/resultados/3/30200045.html,69,1682,1401,109,77,217002,0,,No seleccionado,,Consultar
3,Licenciatura 2026,302,30200045,CIENCIAS DE LA COMUNICACION,FACULTAD DE CIENCIAS POLÍTICAS Y SOCIALES,Escolarizado,https://www.dgae.unam.mx/Licenciatura2026/resultados/3/30200045.html,69,1682,1401,109,77,217008,,N,No presentado,,Consultar
3,Licenciatura 2026,302,30200045,CIENCIAS DE LA COMUNICACION,FACULTAD DE CIENCIAS POLÍTICAS Y SOCIALES,Escolarizado,https://www.dgae.unam.mx/Licenciatura2026/resultados/3/30200045.html,69,1682,1401,109,77,217054,49,,No seleccionado,,Consultar
3,Licenciatura 2026,302,30200045,CIENCIAS DE LA COMUNICACION,FACULTAD DE CIENCIAS POLÍTICAS Y SOCIALES,Escolarizado,https://www.dgae.unam.mx/Licenciatura2026/resultados/3/30200045.html,69,1682,1401,109,77,217101,,N,No presentado,,Consultar
3,Licenciatura 2026,302,30200045,CIENCIAS DE LA COMUNICACION,FACULTAD DE CIENCIAS POLÍTICAS Y SOCIALES,Escolarizado,https://www.dgae.unam.mx/Licenciatura2026/resultados/3/30200045.html,69,1682,1401,109,77,217158,35,,No seleccionado,,Consultar
3,Licenciatura 2026,302,30200045,CIENCIAS DE LA COMUNICACION,FACULTAD DE CIENCIAS POLÍTICAS Y SOCIALES,Escolarizado,https://www.dgae.unam.mx/Licenciatura2026/resultados/3/30200045.html,69,1682,1401,109,77,217193,85,,No seleccionado,,Consultar
3,Licenciatura 2026,302,30200045,CIENCIAS DE LA COMUNICACION,FACULTAD DE CIENCIAS POLÍTICAS Y SOCIALES,Escolarizado,https://www.dgae.unam.mx/Licenciatura2026/resultados/3/30200045.html,69,1682,1401,109,77,217197,78,,No seleccionado,,Consultar
3,Licenciatura 2026,302,30200045,CIENCIAS DE LA COMUNICACION,FACULTAD DE CIENCIAS POLÍTICAS Y SOCIALES,Escolarizado,https://www.dgae.unam.mx/Licenciatura2026/resultados/3/30200045.html,69,1682,1401,109,77,217215,30,,No seleccionado,,Consultar
3,Licenciatura 2026,302,30200045,CIENCIAS DE LA COMUNICACION,FACULTAD DE CIENCIAS POLÍTICAS Y SOCIALES,Escolarizado,https://www.dgae.unam.mx/Licenciatura2026/resultados/3/30200045.html,69,1682,1401,109,77,217287,,N,No presentado,,Consultar
3,Licenciatura 2026,302,30200045,CIENCIAS DE LA COMUNICACION,FACULTAD DE CIENCIAS POLÍTICAS Y SOCIALES,Escolarizado,https://www.dgae.unam.mx/Licenciatura2026/resultados/3/30200045.html,69,1682,1401,109,77,217291,65,,No seleccionado,,Consultar
3,Licenciatura 2026,302,30200045,CIENCIAS DE LA COMUNICACION,FACULTAD DE CIENCIAS POLÍTICAS Y SOCIALES,Escolarizado,https://www.dgae.unam.mx/Licenciatura2026/resultados/3/30200045.html,69,1682,1401,109,77,217327,84,,No seleccionado,,Consultar
3,Licenciatura 2026,302,30200045,CIENCIAS DE LA COMUNICACION,FACULTAD DE CIENCIAS POLÍTICAS Y SOCIALES,Escolarizado,https://www.dgae.unam.mx/Licenciatura2026/resultados/3/30200045.html,69,1682,1401,109,77,217330,97,,No seleccionado,,Consultar
3,Licenciatura 2026,302,30200045,CIENCIAS DE LA COMUNICACION,FACULTAD DE CIENCIAS POLÍTICAS Y SOCIALES,Escolarizado,https://www.dgae.unam.mx/Licenciatura2026/resultados/3/30200045.html,69,1682,1401,109,77,217364,107,,No seleccionado,,Consultar
3,Licenciatura 2026,302,30200045,CIENCIAS DE LA COMUNICACION,FACULTAD DE CIENCIAS POLÍTICAS Y SOCIALES,Escolarizado,https://www.dgae.unam.mx/Licenciatura2026/resultados/3/30200045.html,69,1682,1401,109,77,217388,76,,No seleccionado,,Consultar
3,Licenciatura 2026,302,30200045,CIENCIAS DE LA COMUNICACION,FACULTAD DE CIENCIAS POLÍTICAS Y SOCIALES,Escolarizado,https://www.dgae.unam.mx/Licenciatura2026/resultados/3/30200045.html,69,1682,1401,109,77,217426,,N,No presentado,,Consultar
3,Licenciatura 2026,302,30200045,CIENCIAS DE LA COMUNICACION,FACULTAD DE CIENCIAS POLÍTICAS Y SOCIALES,Escolarizado,https://www.dgae.unam.mx/Licenciatura2026/resultados/3/30200045.html,69,1682,1401,109,77,217430,,N,No presentado,,Consultar
3,Licenciatura 2026,302,30200045,CIENCIAS DE LA COMUNICACION,FACULTAD DE CIENCIAS POLÍTICAS Y SOCIALES,Escolarizado,https://www.dgae.unam.mx/Licenciatura2026/resultados/3/30200045.html,69,1682,1401,109,77,217435,,C,Cancelado,,Consultar
3,Licenciatura 2026,302,30200045,CIENCIAS DE LA COMUNICACION,FACULTAD DE CIENCIAS POLÍTICAS Y SOCIALES,Escolarizado,https://www.dgae.unam.mx/Licenciatura2026/resultados/3/30200045.html,69,1682,1401,109,77,217442,62,,No seleccionado,,Consultar
3,Licenciatura 2026,302,30200045,CIENCIAS DE LA COMUNICACION,FACULTAD DE CIENCIAS POLÍTICAS Y SOCIALES,Escolarizado,https://www.dgae.unam.mx/Licenciatura2026/resultados/3/30200045.html,69,1682,1401,109,77,217445,81,,No seleccionado,,Consultar
3,Licenciatura 2026,302,30200045,CIENCIAS DE LA COMUNICACION,FACULTAD DE CIENCIAS POLÍTICAS Y SOCIALES,Escolarizado,https://www.dgae.unam.mx/Licenciatura2026/resultados/3/30200045.html,69,1682,1401,109,77,217492,64,,No seleccionado,,Consultar
3,Licenciatura 2026,302,30200045,CIENCIAS DE LA COMUNICACION,FACULTAD DE CIENCIAS POLÍTICAS Y SOCIALES,Escolarizado,https://www.dgae.unam.mx/Licenciatura2026/resultados/3/30200045.html,69,1682,1401,109,77,217553,101,,No seleccionado,,Consultar
3,Licenciatura 2026,302,30200045,CIENCIAS DE LA COMUNICACION,FACULTAD DE CIENCIAS POLÍTICAS Y SOCIALES,Escolarizado,https://www.dgae.unam.mx/Licenciatura2026/resultados/3/30200045.html,69,1682,1401,109,77,217612,71,,No seleccionado,,Consultar
3,Licenciatura 2026,302,30200045,CIENCIAS DE LA COMUNICACION,FACULTAD DE CIENCIAS POLÍTICAS Y SOCIALES,Escolarizado,https://www.dgae.unam.mx/Licenciatura2026/resultados/3/30200045.html,69,1682,1401,109,77,217618,66,,No seleccionado,,Consultar
3,Licenciatura 2026,302,30200045,CIENCIAS DE LA COMUNICACION,FACULTAD DE CIENCIAS POLÍTICAS Y SOCIALES,Escolarizado,https://www.dgae.unam.mx/Licenciatura2026/resultados/3/30200045.html,69,1682,1401,109,77,217660,,N,No presentado,,Consultar
3,Licenciatura 2026,302,30200045,CIENCIAS DE LA COMUNICACION,FACULTAD DE CIENCIAS POLÍTICAS Y SOCIALES,Escolarizado,https://www.dgae.unam.mx/Licenciatura2026/resultados/3/30200045.html,69,1682,1401,109,77,217701,31,,No seleccionado,,Consultar
3,Licenciatura 2026,302,30200045,CIENCIAS DE LA COMUNICACION,FACULTAD DE CIENCIAS POLÍTICAS Y SOCIALES,Escolarizado,https://www.dgae.unam.mx/Licenciatura2026/resultados/3/30200045.html,69,1682,1401,109,77,217753,55,,No seleccionado,,Consultar
3,Licenciatura 2026,302,30200045,CIENCIAS DE LA COMUNICACION,FACULTAD DE CIENCIAS POLÍTICAS Y SOCIALES,Escolarizado,https://www.dgae.unam.mx/Licenciatura2026/resultados/3/30200045.html,69,1682,1401,109,77,217788,51,,No seleccionado,,Consultar
3,Licenciatura 2026,302,30200045,CIENCIAS DE LA COMUNICACION,FACULTAD DE CIENCIAS POLÍTICAS Y SOCIALES,Escolarizado,https://www.dgae.unam.mx/Licenciatura2026/resultados/3/30200045.html,69,1682,1401,109,77,217812,76,,No seleccionado,,Consultar
3,Licenciatura 2026,302,30200045,CIENCIAS DE LA COMUNICACION,FACULTAD DE CIENCIAS POLÍTICAS Y SOCIALES,Escolarizado,https://www.dgae.unam.mx/Licenciatura2026/resultados/3/30200045.html,69,1682,1401,109,77,217817,62,,No seleccionado,,Consultar
3,Licenciatura 2026,302,30200045,CIENCIAS DE LA COMUNICACION,FACULTAD DE CIENCIAS POLÍTICAS Y SOCIALES,Escolarizado,https://www.dgae.unam.mx/Licenciatura2026/resultados/3/30200045.html,69,1682,1401,109,77,217829,76,,No seleccionado,,Consultar
3,Licenciatura 2026,302,30200045,CIENCIAS DE LA COMUNICACION,FACULTAD DE CIENCIAS POLÍTICAS Y SOCIALES,Escolarizado,https://www.dgae.unam.mx/Licenciatura2026/resultados/3/30200045.html,69,1682,1401,109,77,217857,102,,No seleccionado,,Consultar
3,Licenciatura 2026,302,30200045,CIENCIAS DE LA COMUNICACION,FACULTAD DE CIENCIAS POLÍTICAS Y SOCIALES,Escolarizado,https://www.dgae.unam.mx/Licenciatura2026/resultados/3/30200045.html,69,1682,1401,109,77,217929,107,,No seleccionado,,Consultar
3,Licenciatura 2026,302,30200045,CIENCIAS DE LA COMUNICACION,FACULTAD DE CIENCIAS POLÍTICAS Y SOCIALES,Escolarizado,https://www.dgae.unam.mx/Licenciatura2026/resultados/3/30200045.html,69,1682,1401,109,77,217935,,N,No presentado,,Consultar
3,Licenciatura 2026,302,30200045,CIENCIAS DE LA COMUNICACION,FACULTAD DE CIENCIAS POLÍTICAS Y SOCIALES,Escolarizado,https://www.dgae.unam.mx/Licenciatura2026/resultados/3/30200045.html,69,1682,1401,109,77,217944,91,,No seleccionado,,Consultar
3,Licenciatura 2026,302,30200045,CIENCIAS DE LA COMUNICACION,FACULTAD DE CIENCIAS POLÍTICAS Y SOCIALES,Escolarizado,https://www.dgae.unam.mx/Licenciatura2026/resultados/3/30200045.html,69,1682,1401,109,77,217947,100,,No seleccionado,,Consultar
3,Licenciatura 2026,302,30200045,CIENCIAS DE LA COMUNICACION,FACULTAD DE CIENCIAS POLÍTICAS Y SOCIALES,Escolarizado,https://www.dgae.unam.mx/Licenciatura2026/resultados/3/30200045.html,69,1682,1401,109,77,217964,30,,No seleccionado,,Consultar
3,Licenciatura 2026,302,30200045,CIENCIAS DE LA COMUNICACION,FACULTAD DE CIENCIAS POLÍTICAS Y SOCIALES,Escolarizado,https://www.dgae.unam.mx/Licenciatura2026/resultados/3/30200045.html,69,1682,1401,109,77,217977,43,,No seleccionado,,Consultar
3,Licenciatura 2026,302,30200045,CIENCIAS DE LA COMUNICACION,FACULTAD DE CIENCIAS POLÍTICAS Y SOCIALES,Escolarizado,https://www.dgae.unam.mx/Licenciatura2026/resultados/3/30200045.html,69,1682,1401,109,77,217996,94,,No seleccionado,,Consultar
3,Licenciatura 2026,302,30200045,CIENCIAS DE LA COMUNICACION,FACULTAD DE CIENCIAS POLÍTICAS Y SOCIALES,Escolarizado,https://www.dgae.unam.mx/Licenciatura2026/resultados/3/30200045.html,69,1682,1401,109,77,218007,88,,No seleccionado,,Consultar
3,Licenciatura 2026,302,30200045,CIENCIAS DE LA COMUNICACION,FACULTAD DE CIENCIAS POLÍTICAS Y SOCIALES,Escolarizado,https://www.dgae.unam.mx/Licenciatura2026/resultados/3/30200045.html,69,1682,1401,109,77,218008,,N,No presentado,,Consultar
3,Licenciatura 2026,302,30200045,CIENCIAS DE LA COMUNICACION,FACULTAD DE CIENCIAS POLÍTICAS Y SOCIALES,Escolarizado,https://www.dgae.unam.mx/Licenciatura2026/resultados/3/30200045.html,69,1682,1401,109,77,218023,,N,No presentado,,Consultar
3,Licenciatura 2026,302,30200045,CIENCIAS DE LA COMUNICACION,FACULTAD DE CIENCIAS POLÍTICAS Y SOCIALES,Escolarizado,https://www.dgae.unam.mx/Licenciatura2026/resultados/3/30200045.html,69,1682,1401,109,77,218043,95,,No seleccionado,,Consultar
3,Licenciatura 2026,302,30200045,CIENCIAS DE LA COMUNICACION,FACULTAD DE CIENCIAS POLÍTICAS Y SOCIALES,Escolarizado,https://www.dgae.unam.mx/Licenciatura2026/resultados/3/30200045.html,69,1682,1401,109,77,218092,31,,No seleccionado,,Consultar
3,Licenciatura 2026,302,30200045,CIENCIAS DE LA COMUNICACION,FACULTAD DE CIENCIAS POLÍTICAS Y SOCIALES,Escolarizado,https://www.dgae.unam.mx/Licenciatura2026/resultados/3/30200045.html,69,1682,1401,109,77,218098,49,,No seleccionado,,Consultar
3,Licenciatura 2026,302,30200045,CIENCIAS DE LA COMUNICACION,FACULTAD DE CIENCIAS POLÍTICAS Y SOCIALES,Escolarizado,https://www.dgae.unam.mx/Licenciatura2026/resultados/3/30200045.html,69,1682,1401,109,77,218134,45,,No seleccionado,,Consultar
3,Licenciatura 2026,302,30200045,CIENCIAS DE LA COMUNICACION,FACULTAD DE CIENCIAS POLÍTICAS Y SOCIALES,Escolarizado,https://www.dgae.unam.mx/Licenciatura2026/resultados/3/30200045.html,69,1682,1401,109,77,218164,35,,No seleccionado,,Consultar
3,Licenciatura 2026,302,30200045,CIENCIAS DE LA COMUNICACION,FACULTAD DE CIENCIAS POLÍTICAS Y SOCIALES,Escolarizado,https://www.dgae.unam.mx/Licenciatura2026/resultados/3/30200045.html,69,1682,1401,109,77,218171,,N,No presentado,,Consultar
3,Licenciatura 2026,302,30200045,CIENCIAS DE LA COMUNICACION,FACULTAD DE CIENCIAS POLÍTICAS Y SOCIALES,Escolarizado,https://www.dgae.unam.mx/Licenciatura2026/resultados/3/30200045.html,69,1682,1401,109,77,218194,65,,No seleccionado,,Consultar
3,Licenciatura 2026,302,30200045,CIENCIAS DE LA COMUNICACION,FACULTAD DE CIENCIAS POLÍTICAS Y SOCIALES,Escolarizado,https://www.dgae.unam.mx/Licenciatura2026/resultados/3/30200045.html,69,1682,1401,109,77,218210,60,,No seleccionado,,Consultar
3,Licenciatura 2026,302,30200045,CIENCIAS DE LA COMUNICACION,FACULTAD DE CIENCIAS POLÍTICAS Y SOCIALES,Escolarizado,https://www.dgae.unam.mx/Licenciatura2026/resultados/3/30200045.html,69,1682,1401,109,77,218245,111,S,Seleccionado,Cita para entregar documentación.,Consultar
3,Licenciatura 2026,302,30200045,CIENCIAS DE LA COMUNICACION,FACULTAD DE CIENCIAS POLÍTICAS Y SOCIALES,Escolarizado,https://www.dgae.unam.mx/Licenciatura2026/resultados/3/30200045.html,69,1682,1401,109,77,218256,101,,No seleccionado,,Consultar
3,Licenciatura 2026,302,30200045,CIENCIAS DE LA COMUNICACION,FACULTAD DE CIENCIAS POLÍTICAS Y SOCIALES,Escolarizado,https://www.dgae.unam.mx/Licenciatura2026/resultados/3/30200045.html,69,1682,1401,109,77,218280,68,,No seleccionado,,Consultar
3,Licenciatura 2026,302,30200045,CIENCIAS DE LA COMUNICACION,FACULTAD DE CIENCIAS POLÍTICAS Y SOCIALES,Escolarizado,https://www.dgae.unam.mx/Licenciatura2026/resultados/3/30200045.html,69,1682,1401,109,77,218297,104,,No seleccionado,,Consultar
3,Licenciatura 2026,302,30200045,CIENCIAS DE LA COMUNICACION,FACULTAD DE CIENCIAS POLÍTICAS Y SOCIALES,Escolarizado,https://www.dgae.unam.mx/Licenciatura2026/resultados/3/30200045.html,69,1682,1401,109,77,218303,103,,No seleccionado,,Consultar
3,Licenciatura 2026,302,30200045,CIENCIAS DE LA COMUNICACION,FACULTAD DE CIENCIAS POLÍTICAS Y SOCIALES,Escolarizado,https://www.dgae.unam.mx/Licenciatura2026/resultados/3/30200045.html,69,1682,1401,109,77,218309,88,,No seleccionado,,Consultar
3,Licenciatura 2026,302,30200045,CIENCIAS DE LA COMUNICACION,FACULTAD DE CIENCIAS POLÍTICAS Y SOCIALES,Escolarizado,https://www.dgae.unam.mx/Licenciatura2026/resultados/3/30200045.html,69,1682,1401,109,77,218370,,N,No presentado,,Consultar
3,Licenciatura 2026,302,30200045,CIENCIAS DE LA COMUNICACION,FACULTAD DE CIENCIAS POLÍTICAS Y SOCIALES,Escolarizado,https://www.dgae.unam.mx/Licenciatura2026/resultados/3/30200045.html,69,1682,1401,109,77,218437,65,,No seleccionado,,Consultar
3,Licenciatura 2026,302,30200045,CIENCIAS DE LA COMUNICACION,FACULTAD DE CIENCIAS POLÍTICAS Y SOCIALES,Escolarizado,https://www.dgae.unam.mx/Licenciatura2026/resultados/3/30200045.html,69,1682,1401,109,77,218461,67,,No seleccionado,,Consultar
3,Licenciatura 2026,302,30200045,CIENCIAS DE LA COMUNICACION,FACULTAD DE CIENCIAS POLÍTICAS Y SOCIALES,Escolarizado,https://www.dgae.unam.mx/Licenciatura2026/resultados/3/30200045.html,69,1682,1401,109,77,218490,58,,No seleccionado,,Consultar
3,Licenciatura 2026,302,30200045,CIENCIAS DE LA COMUNICACION,FACULTAD DE CIENCIAS POLÍTICAS Y SOCIALES,Escolarizado,https://www.dgae.unam.mx/Licenciatura2026/resultados/3/30200045.html,69,1682,1401,109,77,218555,,N,No presentado,,Consultar
3,Licenciatura 2026,302,30200045,CIENCIAS DE LA COMUNICACION,FACULTAD DE CIENCIAS POLÍTICAS Y SOCIALES,Escolarizado,https://www.dgae.unam.mx/Licenciatura2026/resultados/3/30200045.html,69,1682,1401,109,77,218591,67,,No seleccionado,,Consultar
3,Licenciatura 2026,302,30200045,CIENCIAS DE LA COMUNICACION,FACULTAD DE CIENCIAS POLÍTICAS Y SOCIALES,Escolarizado,https://www.dgae.unam.mx/Licenciatura2026/resultados/3/30200045.html,69,1682,1401,109,77,218652,,N,No presentado,,Consultar
3,Licenciatura 2026,302,30200045,CIENCIAS DE LA COMUNICACION,FACULTAD DE CIENCIAS POLÍTICAS Y SOCIALES,Escolarizado,https://www.dgae.unam.mx/Licenciatura2026/resultados/3/30200045.html,69,1682,1401,109,77,218655,,N,No presentado,,Consultar
3,Licenciatura 2026,302,30200045,CIENCIAS DE LA COMUNICACION,FACULTAD DE CIENCIAS POLÍTICAS Y SOCIALES,Escolarizado,https://www.dgae.unam.mx/Licenciatura2026/resultados/3/30200045.html,69,1682,1401,109,77,218745,,N,No presentado,,Consultar
3,Licenciatura 2026,302,30200045,CIENCIAS DE LA COMUNICACION,FACULTAD DE CIENCIAS POLÍTICAS Y SOCIALES,Escolarizado,https://www.dgae.unam.mx/Licenciatura2026/resultados/3/30200045.html,69,1682,1401,109,77,218803,90,,No seleccionado,,Consultar
3,Licenciatura 2026,302,30200045,CIENCIAS DE LA COMUNICACION,FACULTAD DE CIENCIAS POLÍTICAS Y SOCIALES,Escolarizado,https://www.dgae.unam.mx/Licenciatura2026/resultados/3/30200045.html,69,1682,1401,109,77,218909,64,,No seleccionado,,Consultar
3,Licenciatura 2026,302,30200045,CIENCIAS DE LA COMUNICACION,FACULTAD DE CIENCIAS POLÍTICAS Y SOCIALES,Escolarizado,https://www.dgae.unam.mx/Licenciatura2026/resultados/3/30200045.html,69,1682,1401,109,77,218911,,N,No presentado,,Consultar
3,Licenciatura 2026,302,30200045,CIENCIAS DE LA COMUNICACION,FACULTAD DE CIENCIAS POLÍTICAS Y SOCIALES,Escolarizado,https://www.dgae.unam.mx/Licenciatura2026/resultados/3/30200045.html,69,1682,1401,109,77,218941,45,,No seleccionado,,Consultar
3,Licenciatura 2026,302,30200045,CIENCIAS DE LA COMUNICACION,FACULTAD DE CIENCIAS POLÍTICAS Y SOCIALES,Escolarizado,https://www.dgae.unam.mx/Licenciatura2026/resultados/3/30200045.html,69,1682,1401,109,77,218981,69,,No seleccionado,,Consultar
3,Licenciatura 2026,302,30200045,CIENCIAS DE LA COMUNICACION,FACULTAD DE CIENCIAS POLÍTICAS Y SOCIALES,Escolarizado,https://www.dgae.unam.mx/Licenciatura2026/resultados/3/30200045.html,69,1682,1401,109,77,219023,106,,No seleccionado,,Consultar
3,Licenciatura 2026,302,30200045,CIENCIAS DE LA COMUNICACION,FACULTAD DE CIENCIAS POLÍTICAS Y SOCIALES,Escolarizado,https://www.dgae.unam.mx/Licenciatura2026/resultados/3/30200045.html,69,1682,1401,109,77,219147,,C,Cancelado,,Consultar
3,Licenciatura 2026,302,30200045,CIENCIAS DE LA COMUNICACION,FACULTAD DE CIENCIAS POLÍTICAS Y SOCIALES,Escolarizado,https://www.dgae.unam.mx/Licenciatura2026/resultados/3/30200045.html,69,1682,1401,109,77,219210,,N,No presentado,,Consultar
3,Licenciatura 2026,302,30200045,CIENCIAS DE LA COMUNICACION,FACULTAD DE CIENCIAS POLÍTICAS Y SOCIALES,Escolarizado,https://www.dgae.unam.mx/Licenciatura2026/resultados/3/30200045.html,69,1682,1401,109,77,219224,41,,No seleccionado,,Consultar
3,Licenciatura 2026,302,30200045,CIENCIAS DE LA COMUNICACION,FACULTAD DE CIENCIAS POLÍTICAS Y SOCIALES,Escolarizado,https://www.dgae.unam.mx/Licenciatura2026/resultados/3/30200045.html,69,1682,1401,109,77,219244,82,,No seleccionado,,Consultar
3,Licenciatura 2026,302,30200045,CIENCIAS DE LA COMUNICACION,FACULTAD DE CIENCIAS POLÍTICAS Y SOCIALES,Escolarizado,https://www.dgae.unam.mx/Licenciatura2026/resultados/3/30200045.html,69,1682,1401,109,77,219249,,N,No presentado,,Consultar
3,Licenciatura 2026,302,30200045,CIENCIAS DE LA COMUNICACION,FACULTAD DE CIENCIAS POLÍTICAS Y SOCIALES,Escolarizado,https://www.dgae.unam.mx/Licenciatura2026/resultados/3/30200045.html,69,1682,1401,109,77,219251,100,,No seleccionado,,Consultar
3,Licenciatura 2026,302,30200045,CIENCIAS DE LA COMUNICACION,FACULTAD DE CIENCIAS POLÍTICAS Y SOCIALES,Escolarizado,https://www.dgae.unam.mx/Licenciatura2026/resultados/3/30200045.html,69,1682,1401,109,77,219282,77,,No seleccionado,,Consultar
3,Licenciatura 2026,302,30200045,CIENCIAS DE LA COMUNICACION,FACULTAD DE CIENCIAS POLÍTICAS Y SOCIALES,Escolarizado,https://www.dgae.unam.mx/Licenciatura2026/resultados/3/30200045.html,69,1682,1401,109,77,219358,34,,No seleccionado,,Consultar
3,Licenciatura 2026,302,30200045,CIENCIAS DE LA COMUNICACION,FACULTAD DE CIENCIAS POLÍTICAS Y SOCIALES,Escolarizado,https://www.dgae.unam.mx/Licenciatura2026/resultados/3/30200045.html,69,1682,1401,109,77,219380,68,,No seleccionado,,Consultar
3,Licenciatura 2026,302,30200045,CIENCIAS DE LA COMUNICACION,FACULTAD DE CIENCIAS POLÍTICAS Y SOCIALES,Escolarizado,https://www.dgae.unam.mx/Licenciatura2026/resultados/3/30200045.html,69,1682,1401,109,77,219381,88,,No seleccionado,,Consultar
3,Licenciatura 2026,302,30200045,CIENCIAS DE LA COMUNICACION,FACULTAD DE CIENCIAS POLÍTICAS Y SOCIALES,Escolarizado,https://www.dgae.unam.mx/Licenciatura2026/resultados/3/30200045.html,69,1682,1401,109,77,219455,60,,No seleccionado,,Consultar
3,Licenciatura 2026,302,30200045,CIENCIAS DE LA COMUNICACION,FACULTAD DE CIENCIAS POLÍTICAS Y SOCIALES,Escolarizado,https://www.dgae.unam.mx/Licenciatura2026/resultados/3/30200045.html,69,1682,1401,109,77,219486,70,,No seleccionado,,Consultar
3,Licenciatura 2026,302,30200045,CIENCIAS DE LA COMUNICACION,FACULTAD DE CIENCIAS POLÍTICAS Y SOCIALES,Escolarizado,https://www.dgae.unam.mx/Licenciatura2026/resultados/3/30200045.html,69,1682,1401,109,77,219503,91,,No seleccionado,,Consultar
3,Licenciatura 2026,302,30200045,CIENCIAS DE LA COMUNICACION,FACULTAD DE CIENCIAS POLÍTICAS Y SOCIALES,Escolarizado,https://www.dgae.unam.mx/Licenciatura2026/resultados/3/30200045.html,69,1682,1401,109,77,219555,,N,No presentado,,Consultar
3,Licenciatura 2026,302,30200045,CIENCIAS DE LA COMUNICACION,FACULTAD DE CIENCIAS POLÍTICAS Y SOCIALES,Escolarizado,https://www.dgae.unam.mx/Licenciatura2026/resultados/3/30200045.html,69,1682,1401,109,77,219573,98,,No seleccionado,,Consultar
3,Licenciatura 2026,302,30200045,CIENCIAS DE LA COMUNICACION,FACULTAD DE CIENCIAS POLÍTICAS Y SOCIALES,Escolarizado,https://www.dgae.unam.mx/Licenciatura2026/resultados/3/30200045.html,69,1682,1401,109,77,219639,99,,No seleccionado,,Consultar
3,Licenciatura 2026,302,30200045,CIENCIAS DE LA COMUNICACION,FACULTAD DE CIENCIAS POLÍTICAS Y SOCIALES,Escolarizado,https://www.dgae.unam.mx/Licenciatura2026/resultados/3/30200045.html,69,1682,1401,109,77,219752,65,,No seleccionado,,Consultar
3,Licenciatura 2026,302,30200045,CIENCIAS DE LA COMUNICACION,FACULTAD DE CIENCIAS POLÍTICAS Y SOCIALES,Escolarizado,https://www.dgae.unam.mx/Licenciatura2026/resultados/3/30200045.html,69,1682,1401,109,77,219771,50,,No seleccionado,,Consultar
3,Licenciatura 2026,302,30200045,CIENCIAS DE LA COMUNICACION,FACULTAD DE CIENCIAS POLÍTICAS Y SOCIALES,Escolarizado,https://www.dgae.unam.mx/Licenciatura2026/resultados/3/30200045.html,69,1682,1401,109,77,219813,34,,No seleccionado,,Consultar
3,Licenciatura 2026,302,30200045,CIENCIAS DE LA COMUNICACION,FACULTAD DE CIENCIAS POLÍTICAS Y SOCIALES,Escolarizado,https://www.dgae.unam.mx/Licenciatura2026/resultados/3/30200045.html,69,1682,1401,109,77,219828,,C,Cancelado,,Consultar
3,Licenciatura 2026,302,30200045,CIENCIAS DE LA COMUNICACION,FACULTAD DE CIENCIAS POLÍTICAS Y SOCIALES,Escolarizado,https://www.dgae.unam.mx/Licenciatura2026/resultados/3/30200045.html,69,1682,1401,109,77,219852,60,,No seleccionado,,Consultar
3,Licenciatura 2026,302,30200045,CIENCIAS DE LA COMUNICACION,FACULTAD DE CIENCIAS POLÍTICAS Y SOCIALES,Escolarizado,https://www.dgae.unam.mx/Licenciatura2026/resultados/3/30200045.html,69,1682,1401,109,77,219859,100,,No seleccionado,,Consultar
3,Licenciatura 2026,302,30200045,CIENCIAS DE LA COMUNICACION,FACULTAD DE CIENCIAS POLÍTICAS Y SOCIALES,Escolarizado,https://www.dgae.unam.mx/Licenciatura2026/resultados/3/30200045.html,69,1682,1401,109,77,219889,86,,No seleccionado,,Consultar
3,Licenciatura 2026,302,30200045,CIENCIAS DE LA COMUNICACION,FACULTAD DE CIENCIAS POLÍTICAS Y SOCIALES,Escolarizado,https://www.dgae.unam.mx/Licenciatura2026/resultados/3/30200045.html,69,1682,1401,109,77,219890,55,,No seleccionado,,Consultar
3,Licenciatura 2026,302,30200045,CIENCIAS DE LA COMUNICACION,FACULTAD DE CIENCIAS POLÍTICAS Y SOCIALES,Escolarizado,https://www.dgae.unam.mx/Licenciatura2026/resultados/3/30200045.html,69,1682,1401,109,77,219908,65,,No seleccionado,,Consultar
3,Licenciatura 2026,302,30200045,CIENCIAS DE LA COMUNICACION,FACULTAD DE CIENCIAS POLÍTICAS Y SOCIALES,Escolarizado,https://www.dgae.unam.mx/Licenciatura2026/resultados/3/30200045.html,69,1682,1401,109,77,219955,116,S,Seleccionado,Cita para entregar documentación.,Consultar
3,Licenciatura 2026,302,30200045,CIENCIAS DE LA COMUNICACION,FACULTAD DE CIENCIAS POLÍTICAS Y SOCIALES,Escolarizado,https://www.dgae.unam.mx/Licenciatura2026/resultados/3/30200045.html,69,1682,1401,109,77,219957,62,,No seleccionado,,Consultar
3,Licenciatura 2026,302,30200045,CIENCIAS DE LA COMUNICACION,FACULTAD DE CIENCIAS POLÍTICAS Y SOCIALES,Escolarizado,https://www.dgae.unam.mx/Licenciatura2026/resultados/3/30200045.html,69,1682,1401,109,77,219978,62,,No seleccionado,,Consultar
3,Licenciatura 2026,302,30200045,CIENCIAS DE LA COMUNICACION,FACULTAD DE CIENCIAS POLÍTICAS Y SOCIALES,Escolarizado,https://www.dgae.unam.mx/Licenciatura2026/resultados/3/30200045.html,69,1682,1401,109,77,220020,69,,No seleccionado,,Consultar
3,Licenciatura 2026,302,30200045,CIENCIAS DE LA COMUNICACION,FACULTAD DE CIENCIAS POLÍTICAS Y SOCIALES,Escolarizado,https://www.dgae.unam.mx/Licenciatura2026/resultados/3/30200045.html,69,1682,1401,109,77,220033,31,,No seleccionado,,Consultar
3,Licenciatura 2026,302,30200045,CIENCIAS DE LA COMUNICACION,FACULTAD DE CIENCIAS POLÍTICAS Y SOCIALES,Escolarizado,https://www.dgae.unam.mx/Licenciatura2026/resultados/3/30200045.html,69,1682,1401,109,77,220062,93,,No seleccionado,,Consultar
3,Licenciatura 2026,302,30200045,CIENCIAS DE LA COMUNICACION,FACULTAD DE CIENCIAS POLÍTICAS Y SOCIALES,Escolarizado,https://www.dgae.unam.mx/Licenciatura2026/resultados/3/30200045.html,69,1682,1401,109,77,220088,91,,No seleccionado,,Consultar
3,Licenciatura 2026,302,30200045,CIENCIAS DE LA COMUNICACION,FACULTAD DE CIENCIAS POLÍTICAS Y SOCIALES,Escolarizado,https://www.dgae.unam.mx/Licenciatura2026/resultados/3/30200045.html,69,1682,1401,109,77,220089,,N,No presentado,,Consultar
3,Licenciatura 2026,302,30200045,CIENCIAS DE LA COMUNICACION,FACULTAD DE CIENCIAS POLÍTICAS Y SOCIALES,Escolarizado,https://www.dgae.unam.mx/Licenciatura2026/resultados/3/30200045.html,69,1682,1401,109,77,220216,68,,No seleccionado,,Consultar
3,Licenciatura 2026,302,30200045,CIENCIAS DE LA COMUNICACION,FACULTAD DE CIENCIAS POLÍTICAS Y SOCIALES,Escolarizado,https://www.dgae.unam.mx/Licenciatura2026/resultados/3/30200045.html,69,1682,1401,109,77,220217,65,,No seleccionado,,Consultar
3,Licenciatura 2026,302,30200045,CIENCIAS DE LA COMUNICACION,FACULTAD DE CIENCIAS POLÍTICAS Y SOCIALES,Escolarizado,https://www.dgae.unam.mx/Licenciatura2026/resultados/3/30200045.html,69,1682,1401,109,77,220232,110,S,Seleccionado,Cita para entregar documentación.,Consultar
3,Licenciatura 2026,302,30200045,CIENCIAS DE LA COMUNICACION,FACULTAD DE CIENCIAS POLÍTICAS Y SOCIALES,Escolarizado,https://www.dgae.unam.mx/Licenciatura2026/resultados/3/30200045.html,69,1682,1401,109,77,220243,44,,No seleccionado,,Consultar
3,Licenciatura 2026,302,30200045,CIENCIAS DE LA COMUNICACION,FACULTAD DE CIENCIAS POLÍTICAS Y SOCIALES,Escolarizado,https://www.dgae.unam.mx/Licenciatura2026/resultados/3/30200045.html,69,1682,1401,109,77,220293,47,,No seleccionado,,Consultar
3,Licenciatura 2026,302,30200045,CIENCIAS DE LA COMUNICACION,FACULTAD DE CIENCIAS POLÍTICAS Y SOCIALES,Escolarizado,https://www.dgae.unam.mx/Licenciatura2026/resultados/3/30200045.html,69,1682,1401,109,77,220372,43,,No seleccionado,,Consultar
3,Licenciatura 2026,302,30200045,CIENCIAS DE LA COMUNICACION,FACULTAD DE CIENCIAS POLÍTICAS Y SOCIALES,Escolarizado,https://www.dgae.unam.mx/Licenciatura2026/resultados/3/30200045.html,69,1682,1401,109,77,220429,96,,No seleccionado,,Consultar
3,Licenciatura 2026,302,30200045,CIENCIAS DE LA COMUNICACION,FACULTAD DE CIENCIAS POLÍTICAS Y SOCIALES,Escolarizado,https://www.dgae.unam.mx/Licenciatura2026/resultados/3/30200045.html,69,1682,1401,109,77,220454,93,,No seleccionado,,Consultar
3,Licenciatura 2026,302,30200045,CIENCIAS DE LA COMUNICACION,FACULTAD DE CIENCIAS POLÍTICAS Y SOCIALES,Escolarizado,https://www.dgae.unam.mx/Licenciatura2026/resultados/3/30200045.html,69,1682,1401,109,77,220473,94,,No seleccionado,,Consultar
3,Licenciatura 2026,302,30200045,CIENCIAS DE LA COMUNICACION,FACULTAD DE CIENCIAS POLÍTICAS Y SOCIALES,Escolarizado,https://www.dgae.unam.mx/Licenciatura2026/resultados/3/30200045.html,69,1682,1401,109,77,220502,60,,No seleccionado,,Consultar
3,Licenciatura 2026,302,30200045,CIENCIAS DE LA COMUNICACION,FACULTAD DE CIENCIAS POLÍTICAS Y SOCIALES,Escolarizado,https://www.dgae.unam.mx/Licenciatura2026/resultados/3/30200045.html,69,1682,1401,109,77,220533,56,,No seleccionado,,Consultar
3,Licenciatura 2026,302,30200045,CIENCIAS DE LA COMUNICACION,FACULTAD DE CIENCIAS POLÍTICAS Y SOCIALES,Escolarizado,https://www.dgae.unam.mx/Licenciatura2026/resultados/3/30200045.html,69,1682,1401,109,77,220558,56,,No seleccionado,,Consultar
3,Licenciatura 2026,302,30200045,CIENCIAS DE LA COMUNICACION,FACULTAD DE CIENCIAS POLÍTICAS Y SOCIALES,Escolarizado,https://www.dgae.unam.mx/Licenciatura2026/resultados/3/30200045.html,69,1682,1401,109,77,220600,48,,No seleccionado,,Consultar
3,Licenciatura 2026,302,30200045,CIENCIAS DE LA COMUNICACION,FACULTAD DE CIENCIAS POLÍTICAS Y SOCIALES,Escolarizado,https://www.dgae.unam.mx/Licenciatura2026/resultados/3/30200045.html,69,1682,1401,109,77,220620,,N,No presentado,,Consultar
3,Licenciatura 2026,302,30200045,CIENCIAS DE LA COMUNICACION,FACULTAD DE CIENCIAS POLÍTICAS Y SOCIALES,Escolarizado,https://www.dgae.unam.mx/Licenciatura2026/resultados/3/30200045.html,69,1682,1401,109,77,220657,93,,No seleccionado,,Consultar
3,Licenciatura 2026,302,30200045,CIENCIAS DE LA COMUNICACION,FACULTAD DE CIENCIAS POLÍTICAS Y SOCIALES,Escolarizado,https://www.dgae.unam.mx/Licenciatura2026/resultados/3/30200045.html,69,1682,1401,109,77,220671,53,,No seleccionado,,Consultar
3,Licenciatura 2026,302,30200045,CIENCIAS DE LA COMUNICACION,FACULTAD DE CIENCIAS POLÍTICAS Y SOCIALES,Escolarizado,https://www.dgae.unam.mx/Licenciatura2026/resultados/3/30200045.html,69,1682,1401,109,77,220699,61,,No seleccionado,,Consultar
3,Licenciatura 2026,302,30200045,CIENCIAS DE LA COMUNICACION,FACULTAD DE CIENCIAS POLÍTICAS Y SOCIALES,Escolarizado,https://www.dgae.unam.mx/Licenciatura2026/resultados/3/30200045.html,69,1682,1401,109,77,220710,91,,No seleccionado,,Consultar
3,Licenciatura 2026,302,30200045,CIENCIAS DE LA COMUNICACION,FACULTAD DE CIENCIAS POLÍTICAS Y SOCIALES,Escolarizado,https://www.dgae.unam.mx/Licenciatura2026/resultados/3/30200045.html,69,1682,1401,109,77,220715,81,,No seleccionado,,Consultar
3,Licenciatura 2026,302,30200045,CIENCIAS DE LA COMUNICACION,FACULTAD DE CIENCIAS POLÍTICAS Y SOCIALES,Escolarizado,https://www.dgae.unam.mx/Licenciatura2026/resultados/3/30200045.html,69,1682,1401,109,77,220791,107,,No seleccionado,,Consultar
3,Licenciatura 2026,302,30200045,CIENCIAS DE LA COMUNICACION,FACULTAD DE CIENCIAS POLÍTICAS Y SOCIALES,Escolarizado,https://www.dgae.unam.mx/Licenciatura2026/resultados/3/30200045.html,69,1682,1401,109,77,220842,77,,No seleccionado,,Consultar
3,Licenciatura 2026,302,30200045,CIENCIAS DE LA COMUNICACION,FACULTAD DE CIENCIAS POLÍTICAS Y SOCIALES,Escolarizado,https://www.dgae.unam.mx/Licenciatura2026/resultados/3/30200045.html,69,1682,1401,109,77,220885,,N,No presentado,,Consultar
3,Licenciatura 2026,302,30200045,CIENCIAS DE LA COMUNICACION,FACULTAD DE CIENCIAS POLÍTICAS Y SOCIALES,Escolarizado,https://www.dgae.unam.mx/Licenciatura2026/resultados/3/30200045.html,69,1682,1401,109,77,220936,34,,No seleccionado,,Consultar
3,Licenciatura 2026,302,30200045,CIENCIAS DE LA COMUNICACION,FACULTAD DE CIENCIAS POLÍTICAS Y SOCIALES,Escolarizado,https://www.dgae.unam.mx/Licenciatura2026/resultados/3/30200045.html,69,1682,1401,109,77,220956,46,,No seleccionado,,Consultar
3,Licenciatura 2026,302,30200045,CIENCIAS DE LA COMUNICACION,FACULTAD DE CIENCIAS POLÍTICAS Y SOCIALES,Escolarizado,https://www.dgae.unam.mx/Licenciatura2026/resultados/3/30200045.html,69,1682,1401,109,77,220996,35,,No seleccionado,,Consultar
3,Licenciatura 2026,302,30200045,CIENCIAS DE LA COMUNICACION,FACULTAD DE CIENCIAS POLÍTICAS Y SOCIALES,Escolarizado,https://www.dgae.unam.mx/Licenciatura2026/resultados/3/30200045.html,69,1682,1401,109,77,221011,99,,No seleccionado,,Consultar
3,Licenciatura 2026,302,30200045,CIENCIAS DE LA COMUNICACION,FACULTAD DE CIENCIAS POLÍTICAS Y SOCIALES,Escolarizado,https://www.dgae.unam.mx/Licenciatura2026/resultados/3/30200045.html,69,1682,1401,109,77,221029,42,,No seleccionado,,Consultar
3,Licenciatura 2026,302,30200045,CIENCIAS DE LA COMUNICACION,FACULTAD DE CIENCIAS POLÍTICAS Y SOCIALES,Escolarizado,https://www.dgae.unam.mx/Licenciatura2026/resultados/3/30200045.html,69,1682,1401,109,77,221050,103,,No seleccionado,,Consultar
3,Licenciatura 2026,302,30200045,CIENCIAS DE LA COMUNICACION,FACULTAD DE CIENCIAS POLÍTICAS Y SOCIALES,Escolarizado,https://www.dgae.unam.mx/Licenciatura2026/resultados/3/30200045.html,69,1682,1401,109,77,221052,38,,No seleccionado,,Consultar
3,Licenciatura 2026,302,30200045,CIENCIAS DE LA COMUNICACION,FACULTAD DE CIENCIAS POLÍTICAS Y SOCIALES,Escolarizado,https://www.dgae.unam.mx/Licenciatura2026/resultados/3/30200045.html,69,1682,1401,109,77,221065,39,,No seleccionado,,Consultar
3,Licenciatura 2026,302,30200045,CIENCIAS DE LA COMUNICACION,FACULTAD DE CIENCIAS POLÍTICAS Y SOCIALES,Escolarizado,https://www.dgae.unam.mx/Licenciatura2026/resultados/3/30200045.html,69,1682,1401,109,77,221076,84,,No seleccionado,,Consultar
3,Licenciatura 2026,302,30200045,CIENCIAS DE LA COMUNICACION,FACULTAD DE CIENCIAS POLÍTICAS Y SOCIALES,Escolarizado,https://www.dgae.unam.mx/Licenciatura2026/resultados/3/30200045.html,69,1682,1401,109,77,221125,,,No seleccionado,Cita para aclarar situación escolar.,Consultar
3,Licenciatura 2026,302,30200045,CIENCIAS DE LA COMUNICACION,FACULTAD DE CIENCIAS POLÍTICAS Y SOCIALES,Escolarizado,https://www.dgae.unam.mx/Licenciatura2026/resultados/3/30200045.html,69,1682,1401,109,77,221144,91,,No seleccionado,,Consultar
3,Licenciatura 2026,302,30200045,CIENCIAS DE LA COMUNICACION,FACULTAD DE CIENCIAS POLÍTICAS Y SOCIALES,Escolarizado,https://www.dgae.unam.mx/Licenciatura2026/resultados/3/30200045.html,69,1682,1401,109,77,221154,72,,No seleccionado,,Consultar
3,Licenciatura 2026,302,30200045,CIENCIAS DE LA COMUNICACION,FACULTAD DE CIENCIAS POLÍTICAS Y SOCIALES,Escolarizado,https://www.dgae.unam.mx/Licenciatura2026/resultados/3/30200045.html,69,1682,1401,109,77,221173,82,,No seleccionado,,Consultar
3,Licenciatura 2026,302,30200045,CIENCIAS DE LA COMUNICACION,FACULTAD DE CIENCIAS POLÍTICAS Y SOCIALES,Escolarizado,https://www.dgae.unam.mx/Licenciatura2026/resultados/3/30200045.html,69,1682,1401,109,77,221261,93,,No seleccionado,,Consultar
3,Licenciatura 2026,302,30200045,CIENCIAS DE LA COMUNICACION,FACULTAD DE CIENCIAS POLÍTICAS Y SOCIALES,Escolarizado,https://www.dgae.unam.mx/Licenciatura2026/resultados/3/30200045.html,69,1682,1401,109,77,221291,,N,No presentado,,Consultar
3,Licenciatura 2026,302,30200045,CIENCIAS DE LA COMUNICACION,FACULTAD DE CIENCIAS POLÍTICAS Y SOCIALES,Escolarizado,https://www.dgae.unam.mx/Licenciatura2026/resultados/3/30200045.html,69,1682,1401,109,77,221363,,N,No presentado,,Consultar
3,Licenciatura 2026,302,30200045,CIENCIAS DE LA COMUNICACION,FACULTAD DE CIENCIAS POLÍTICAS Y SOCIALES,Escolarizado,https://www.dgae.unam.mx/Licenciatura2026/resultados/3/30200045.html,69,1682,1401,109,77,221409,52,,No seleccionado,,Consultar
3,Licenciatura 2026,302,30200045,CIENCIAS DE LA COMUNICACION,FACULTAD DE CIENCIAS POLÍTICAS Y SOCIALES,Escolarizado,https://www.dgae.unam.mx/Licenciatura2026/resultados/3/30200045.html,69,1682,1401,109,77,221420,,N,No presentado,,Consultar
3,Licenciatura 2026,302,30200045,CIENCIAS DE LA COMUNICACION,FACULTAD DE CIENCIAS POLÍTICAS Y SOCIALES,Escolarizado,https://www.dgae.unam.mx/Licenciatura2026/resultados/3/30200045.html,69,1682,1401,109,77,221472,29,,No seleccionado,,Consultar
3,Licenciatura 2026,302,30200045,CIENCIAS DE LA COMUNICACION,FACULTAD DE CIENCIAS POLÍTICAS Y SOCIALES,Escolarizado,https://www.dgae.unam.mx/Licenciatura2026/resultados/3/30200045.html,69,1682,1401,109,77,221499,76,,No seleccionado,,Consultar
3,Licenciatura 2026,302,30200045,CIENCIAS DE LA COMUNICACION,FACULTAD DE CIENCIAS POLÍTICAS Y SOCIALES,Escolarizado,https://www.dgae.unam.mx/Licenciatura2026/resultados/3/30200045.html,69,1682,1401,109,77,221516,,N,No presentado,,Consultar
3,Licenciatura 2026,302,30200045,CIENCIAS DE LA COMUNICACION,FACULTAD DE CIENCIAS POLÍTICAS Y SOCIALES,Escolarizado,https://www.dgae.unam.mx/Licenciatura2026/resultados/3/30200045.html,69,1682,1401,109,77,221559,34,,No seleccionado,,Consultar
3,Licenciatura 2026,302,30200045,CIENCIAS DE LA COMUNICACION,FACULTAD DE CIENCIAS POLÍTICAS Y SOCIALES,Escolarizado,https://www.dgae.unam.mx/Licenciatura2026/resultados/3/30200045.html,69,1682,1401,109,77,221580,49,,No seleccionado,,Consultar
3,Licenciatura 2026,302,30200045,CIENCIAS DE LA COMUNICACION,FACULTAD DE CIENCIAS POLÍTICAS Y SOCIALES,Escolarizado,https://www.dgae.unam.mx/Licenciatura2026/resultados/3/30200045.html,69,1682,1401,109,77,221615,47,,No seleccionado,,Consultar
3,Licenciatura 2026,302,30200045,CIENCIAS DE LA COMUNICACION,FACULTAD DE CIENCIAS POLÍTICAS Y SOCIALES,Escolarizado,https://www.dgae.unam.mx/Licenciatura2026/resultados/3/30200045.html,69,1682,1401,109,77,221657,33,,No seleccionado,,Consultar
3,Licenciatura 2026,302,30200045,CIENCIAS DE LA COMUNICACION,FACULTAD DE CIENCIAS POLÍTICAS Y SOCIALES,Escolarizado,https://www.dgae.unam.mx/Licenciatura2026/resultados/3/30200045.html,69,1682,1401,109,77,221662,84,,No seleccionado,,Consultar
3,Licenciatura 2026,302,30200045,CIENCIAS DE LA COMUNICACION,FACULTAD DE CIENCIAS POLÍTICAS Y SOCIALES,Escolarizado,https://www.dgae.unam.mx/Licenciatura2026/resultados/3/30200045.html,69,1682,1401,109,77,221676,48,,No seleccionado,,Consultar
3,Licenciatura 2026,302,30200045,CIENCIAS DE LA COMUNICACION,FACULTAD DE CIENCIAS POLÍTICAS Y SOCIALES,Escolarizado,https://www.dgae.unam.mx/Licenciatura2026/resultados/3/30200045.html,69,1682,1401,109,77,221697,43,,No seleccionado,,Consultar
3,Licenciatura 2026,302,30200045,CIENCIAS DE LA COMUNICACION,FACULTAD DE CIENCIAS POLÍTICAS Y SOCIALES,Escolarizado,https://www.dgae.unam.mx/Licenciatura2026/resultados/3/30200045.html,69,1682,1401,109,77,221703,97,,No seleccionado,,Consultar
3,Licenciatura 2026,302,30200045,CIENCIAS DE LA COMUNICACION,FACULTAD DE CIENCIAS POLÍTICAS Y SOCIALES,Escolarizado,https://www.dgae.unam.mx/Licenciatura2026/resultados/3/30200045.html,69,1682,1401,109,77,221707,35,,No seleccionado,,Consultar
3,Licenciatura 2026,302,30200045,CIENCIAS DE LA COMUNICACION,FACULTAD DE CIENCIAS POLÍTICAS Y SOCIALES,Escolarizado,https://www.dgae.unam.mx/Licenciatura2026/resultados/3/30200045.html,69,1682,1401,109,77,221713,84,,No seleccionado,,Consultar
3,Licenciatura 2026,302,30200045,CIENCIAS DE LA COMUNICACION,FACULTAD DE CIENCIAS POLÍTICAS Y SOCIALES,Escolarizado,https://www.dgae.unam.mx/Licenciatura2026/resultados/3/30200045.html,69,1682,1401,109,77,221747,54,,No seleccionado,,Consultar
3,Licenciatura 2026,302,30200045,CIENCIAS DE LA COMUNICACION,FACULTAD DE CIENCIAS POLÍTICAS Y SOCIALES,Escolarizado,https://www.dgae.unam.mx/Licenciatura2026/resultados/3/30200045.html,69,1682,1401,109,77,221825,109,S,Seleccionado,Cita para entregar documentación.,Consultar
3,Licenciatura 2026,302,30200045,CIENCIAS DE LA COMUNICACION,FACULTAD DE CIENCIAS POLÍTICAS Y SOCIALES,Escolarizado,https://www.dgae.unam.mx/Licenciatura2026/resultados/3/30200045.html,69,1682,1401,109,77,221885,59,,No seleccionado,,Consultar
3,Licenciatura 2026,302,30200045,CIENCIAS DE LA COMUNICACION,FACULTAD DE CIENCIAS POLÍTICAS Y SOCIALES,Escolarizado,https://www.dgae.unam.mx/Licenciatura2026/resultados/3/30200045.html,69,1682,1401,109,77,221915,26,,No seleccionado,,Consultar
3,Licenciatura 2026,302,30200045,CIENCIAS DE LA COMUNICACION,FACULTAD DE CIENCIAS POLÍTICAS Y SOCIALES,Escolarizado,https://www.dgae.unam.mx/Licenciatura2026/resultados/3/30200045.html,69,1682,1401,109,77,221919,,N,No presentado,,Consultar
3,Licenciatura 2026,302,30200045,CIENCIAS DE LA COMUNICACION,FACULTAD DE CIENCIAS POLÍTICAS Y SOCIALES,Escolarizado,https://www.dgae.unam.mx/Licenciatura2026/resultados/3/30200045.html,69,1682,1401,109,77,221929,95,,No seleccionado,,Consultar
3,Licenciatura 2026,302,30200045,CIENCIAS DE LA COMUNICACION,FACULTAD DE CIENCIAS POLÍTICAS Y SOCIALES,Escolarizado,https://www.dgae.unam.mx/Licenciatura2026/resultados/3/30200045.html,69,1682,1401,109,77,221946,54,,No seleccionado,,Consultar
3,Licenciatura 2026,302,30200045,CIENCIAS DE LA COMUNICACION,FACULTAD DE CIENCIAS POLÍTICAS Y SOCIALES,Escolarizado,https://www.dgae.unam.mx/Licenciatura2026/resultados/3/30200045.html,69,1682,1401,109,77,221953,,N,No presentado,,Consultar
3,Licenciatura 2026,302,30200045,CIENCIAS DE LA COMUNICACION,FACULTAD DE CIENCIAS POLÍTICAS Y SOCIALES,Escolarizado,https://www.dgae.unam.mx/Licenciatura2026/resultados/3/30200045.html,69,1682,1401,109,77,222029,115,S,Seleccionado,Cita para entregar documentación.,Consultar
3,Licenciatura 2026,302,30200045,CIENCIAS DE LA COMUNICACION,FACULTAD DE CIENCIAS POLÍTICAS Y SOCIALES,Escolarizado,https://www.dgae.unam.mx/Licenciatura2026/resultados/3/30200045.html,69,1682,1401,109,77,222061,,N,No presentado,,Consultar
3,Licenciatura 2026,302,30200045,CIENCIAS DE LA COMUNICACION,FACULTAD DE CIENCIAS POLÍTICAS Y SOCIALES,Escolarizado,https://www.dgae.unam.mx/Licenciatura2026/resultados/3/30200045.html,69,1682,1401,109,77,222072,92,,No seleccionado,,Consultar
3,Licenciatura 2026,302,30200045,CIENCIAS DE LA COMUNICACION,FACULTAD DE CIENCIAS POLÍTICAS Y SOCIALES,Escolarizado,https://www.dgae.unam.mx/Licenciatura2026/resultados/3/30200045.html,69,1682,1401,109,77,222079,95,,No seleccionado,,Consultar
3,Licenciatura 2026,302,30200045,CIENCIAS DE LA COMUNICACION,FACULTAD DE CIENCIAS POLÍTICAS Y SOCIALES,Escolarizado,https://www.dgae.unam.mx/Licenciatura2026/resultados/3/30200045.html,69,1682,1401,109,77,222121,109,S,Seleccionado,Cita para entregar documentación.,Consultar
3,Licenciatura 2026,302,30200045,CIENCIAS DE LA COMUNICACION,FACULTAD DE CIENCIAS POLÍTICAS Y SOCIALES,Escolarizado,https://www.dgae.unam.mx/Licenciatura2026/resultados/3/30200045.html,69,1682,1401,109,77,222146,36,,No seleccionado,,Consultar
3,Licenciatura 2026,302,30200045,CIENCIAS DE LA COMUNICACION,FACULTAD DE CIENCIAS POLÍTICAS Y SOCIALES,Escolarizado,https://www.dgae.unam.mx/Licenciatura2026/resultados/3/30200045.html,69,1682,1401,109,77,222148,53,,No seleccionado,,Consultar
3,Licenciatura 2026,302,30200045,CIENCIAS DE LA COMUNICACION,FACULTAD DE CIENCIAS POLÍTICAS Y SOCIALES,Escolarizado,https://www.dgae.unam.mx/Licenciatura2026/resultados/3/30200045.html,69,1682,1401,109,77,222151,68,,No seleccionado,,Consultar
3,Licenciatura 2026,302,30200045,CIENCIAS DE LA COMUNICACION,FACULTAD DE CIENCIAS POLÍTICAS Y SOCIALES,Escolarizado,https://www.dgae.unam.mx/Licenciatura2026/resultados/3/30200045.html,69,1682,1401,109,77,222170,75,,No seleccionado,,Consultar
3,Licenciatura 2026,302,30200045,CIENCIAS DE LA COMUNICACION,FACULTAD DE CIENCIAS POLÍTICAS Y SOCIALES,Escolarizado,https://www.dgae.unam.mx/Licenciatura2026/resultados/3/30200045.html,69,1682,1401,109,77,222179,88,,No seleccionado,,Consultar
3,Licenciatura 2026,302,30200045,CIENCIAS DE LA COMUNICACION,FACULTAD DE CIENCIAS POLÍTICAS Y SOCIALES,Escolarizado,https://www.dgae.unam.mx/Licenciatura2026/resultados/3/30200045.html,69,1682,1401,109,77,222250,76,,No seleccionado,,Consultar
3,Licenciatura 2026,302,30200045,CIENCIAS DE LA COMUNICACION,FACULTAD DE CIENCIAS POLÍTICAS Y SOCIALES,Escolarizado,https://www.dgae.unam.mx/Licenciatura2026/resultados/3/30200045.html,69,1682,1401,109,77,222255,79,,No seleccionado,,Consultar
3,Licenciatura 2026,302,30200045,CIENCIAS DE LA COMUNICACION,FACULTAD DE CIENCIAS POLÍTICAS Y SOCIALES,Escolarizado,https://www.dgae.unam.mx/Licenciatura2026/resultados/3/30200045.html,69,1682,1401,109,77,222263,83,,No seleccionado,,Consultar
3,Licenciatura 2026,302,30200045,CIENCIAS DE LA COMUNICACION,FACULTAD DE CIENCIAS POLÍTICAS Y SOCIALES,Escolarizado,https://www.dgae.unam.mx/Licenciatura2026/resultados/3/30200045.html,69,1682,1401,109,77,222315,94,,No seleccionado,,Consultar
3,Licenciatura 2026,302,30200045,CIENCIAS DE LA COMUNICACION,FACULTAD DE CIENCIAS POLÍTICAS Y SOCIALES,Escolarizado,https://www.dgae.unam.mx/Licenciatura2026/resultados/3/30200045.html,69,1682,1401,109,77,222332,106,,No seleccionado,,Consultar
3,Licenciatura 2026,302,30200045,CIENCIAS DE LA COMUNICACION,FACULTAD DE CIENCIAS POLÍTICAS Y SOCIALES,Escolarizado,https://www.dgae.unam.mx/Licenciatura2026/resultados/3/30200045.html,69,1682,1401,109,77,222357,42,,No seleccionado,,Consultar
3,Licenciatura 2026,302,30200045,CIENCIAS DE LA COMUNICACION,FACULTAD DE CIENCIAS POLÍTICAS Y SOCIALES,Escolarizado,https://www.dgae.unam.mx/Licenciatura2026/resultados/3/30200045.html,69,1682,1401,109,77,222456,93,,No seleccionado,,Consultar
3,Licenciatura 2026,302,30200045,CIENCIAS DE LA COMUNICACION,FACULTAD DE CIENCIAS POLÍTICAS Y SOCIALES,Escolarizado,https://www.dgae.unam.mx/Licenciatura2026/resultados/3/30200045.html,69,1682,1401,109,77,222461,108,,No seleccionado,,Consultar
3,Licenciatura 2026,302,30200045,CIENCIAS DE LA COMUNICACION,FACULTAD DE CIENCIAS POLÍTICAS Y SOCIALES,Escolarizado,https://www.dgae.unam.mx/Licenciatura2026/resultados/3/30200045.html,69,1682,1401,109,77,222528,,C,Cancelado,,Consultar
3,Licenciatura 2026,302,30200045,CIENCIAS DE LA COMUNICACION,FACULTAD DE CIENCIAS POLÍTICAS Y SOCIALES,Escolarizado,https://www.dgae.unam.mx/Licenciatura2026/resultados/3/30200045.html,69,1682,1401,109,77,222544,89,,No seleccionado,,Consultar
3,Licenciatura 2026,302,30200045,CIENCIAS DE LA COMUNICACION,FACULTAD DE CIENCIAS POLÍTICAS Y SOCIALES,Escolarizado,https://www.dgae.unam.mx/Licenciatura2026/resultados/3/30200045.html,69,1682,1401,109,77,222570,91,,No seleccionado,,Consultar
3,Licenciatura 2026,302,30200045,CIENCIAS DE LA COMUNICACION,FACULTAD DE CIENCIAS POLÍTICAS Y SOCIALES,Escolarizado,https://www.dgae.unam.mx/Licenciatura2026/resultados/3/30200045.html,69,1682,1401,109,77,222581,,N,No presentado,,Consultar
3,Licenciatura 2026,302,30200045,CIENCIAS DE LA COMUNICACION,FACULTAD DE CIENCIAS POLÍTICAS Y SOCIALES,Escolarizado,https://www.dgae.unam.mx/Licenciatura2026/resultados/3/30200045.html,69,1682,1401,109,77,222589,87,,No seleccionado,,Consultar
3,Licenciatura 2026,302,30200045,CIENCIAS DE LA COMUNICACION,FACULTAD DE CIENCIAS POLÍTICAS Y SOCIALES,Escolarizado,https://www.dgae.unam.mx/Licenciatura2026/resultados/3/30200045.html,69,1682,1401,109,77,222594,49,,No seleccionado,,Consultar
3,Licenciatura 2026,302,30200045,CIENCIAS DE LA COMUNICACION,FACULTAD DE CIENCIAS POLÍTICAS Y SOCIALES,Escolarizado,https://www.dgae.unam.mx/Licenciatura2026/resultados/3/30200045.html,69,1682,1401,109,77,222661,,N,No presentado,,Consultar
3,Licenciatura 2026,302,30200045,CIENCIAS DE LA COMUNICACION,FACULTAD DE CIENCIAS POLÍTICAS Y SOCIALES,Escolarizado,https://www.dgae.unam.mx/Licenciatura2026/resultados/3/30200045.html,69,1682,1401,109,77,222675,44,,No seleccionado,,Consultar
3,Licenciatura 2026,302,30200045,CIENCIAS DE LA COMUNICACION,FACULTAD DE CIENCIAS POLÍTICAS Y SOCIALES,Escolarizado,https://www.dgae.unam.mx/Licenciatura2026/resultados/3/30200045.html,69,1682,1401,109,77,222689,62,,No seleccionado,,Consultar
3,Licenciatura 2026,302,30200045,CIENCIAS DE LA COMUNICACION,FACULTAD DE CIENCIAS POLÍTICAS Y SOCIALES,Escolarizado,https://www.dgae.unam.mx/Licenciatura2026/resultados/3/30200045.html,69,1682,1401,109,77,222725,74,,No seleccionado,,Consultar
3,Licenciatura 2026,302,30200045,CIENCIAS DE LA COMUNICACION,FACULTAD DE CIENCIAS POLÍTICAS Y SOCIALES,Escolarizado,https://www.dgae.unam.mx/Licenciatura2026/resultados/3/30200045.html,69,1682,1401,109,77,222728,78,,No seleccionado,,Consultar
3,Licenciatura 2026,302,30200045,CIENCIAS DE LA COMUNICACION,FACULTAD DE CIENCIAS POLÍTICAS Y SOCIALES,Escolarizado,https://www.dgae.unam.mx/Licenciatura2026/resultados/3/30200045.html,69,1682,1401,109,77,222731,,N,No presentado,,Consultar
3,Licenciatura 2026,302,30200045,CIENCIAS DE LA COMUNICACION,FACULTAD DE CIENCIAS POLÍTICAS Y SOCIALES,Escolarizado,https://www.dgae.unam.mx/Licenciatura2026/resultados/3/30200045.html,69,1682,1401,109,77,222757,29,,No seleccionado,,Consultar
3,Licenciatura 2026,302,30200045,CIENCIAS DE LA COMUNICACION,FACULTAD DE CIENCIAS POLÍTICAS Y SOCIALES,Escolarizado,https://www.dgae.unam.mx/Licenciatura2026/resultados/3/30200045.html,69,1682,1401,109,77,222769,39,,No seleccionado,,Consultar
3,Licenciatura 2026,302,30200045,CIENCIAS DE LA COMUNICACION,FACULTAD DE CIENCIAS POLÍTICAS Y SOCIALES,Escolarizado,https://www.dgae.unam.mx/Licenciatura2026/resultados/3/30200045.html,69,1682,1401,109,77,222787,78,,No seleccionado,,Consultar
3,Licenciatura 2026,302,30200045,CIENCIAS DE LA COMUNICACION,FACULTAD DE CIENCIAS POLÍTICAS Y SOCIALES,Escolarizado,https://www.dgae.unam.mx/Licenciatura2026/resultados/3/30200045.html,69,1682,1401,109,77,222905,104,,No seleccionado,,Consultar
3,Licenciatura 2026,302,30200045,CIENCIAS DE LA COMUNICACION,FACULTAD DE CIENCIAS POLÍTICAS Y SOCIALES,Escolarizado,https://www.dgae.unam.mx/Licenciatura2026/resultados/3/30200045.html,69,1682,1401,109,77,222913,71,,No seleccionado,,Consultar
3,Licenciatura 2026,302,30200045,CIENCIAS DE LA COMUNICACION,FACULTAD DE CIENCIAS POLÍTICAS Y SOCIALES,Escolarizado,https://www.dgae.unam.mx/Licenciatura2026/resultados/3/30200045.html,69,1682,1401,109,77,222955,68,,No seleccionado,,Consultar
3,Licenciatura 2026,302,30200045,CIENCIAS DE LA COMUNICACION,FACULTAD DE CIENCIAS POLÍTICAS Y SOCIALES,Escolarizado,https://www.dgae.unam.mx/Licenciatura2026/resultados/3/30200045.html,69,1682,1401,109,77,222967,,N,No presentado,,Consultar
3,Licenciatura 2026,302,30200045,CIENCIAS DE LA COMUNICACION,FACULTAD DE CIENCIAS POLÍTICAS Y SOCIALES,Escolarizado,https://www.dgae.unam.mx/Licenciatura2026/resultados/3/30200045.html,69,1682,1401,109,77,223101,,N,No presentado,,Consultar
3,Licenciatura 2026,302,30200045,CIENCIAS DE LA COMUNICACION,FACULTAD DE CIENCIAS POLÍTICAS Y SOCIALES,Escolarizado,https://www.dgae.unam.mx/Licenciatura2026/resultados/3/30200045.html,69,1682,1401,109,77,223184,44,,No seleccionado,,Consultar
3,Licenciatura 2026,302,30200045,CIENCIAS DE LA COMUNICACION,FACULTAD DE CIENCIAS POLÍTICAS Y SOCIALES,Escolarizado,https://www.dgae.unam.mx/Licenciatura2026/resultados/3/30200045.html,69,1682,1401,109,77,223194,109,S,Seleccionado,,Consultar
3,Licenciatura 2026,302,30200045,CIENCIAS DE LA COMUNICACION,FACULTAD DE CIENCIAS POLÍTICAS Y SOCIALES,Escolarizado,https://www.dgae.unam.mx/Licenciatura2026/resultados/3/30200045.html,69,1682,1401,109,77,223247,100,,No seleccionado,,Consultar
3,Licenciatura 2026,302,30200045,CIENCIAS DE LA COMUNICACION,FACULTAD DE CIENCIAS POLÍTICAS Y SOCIALES,Escolarizado,https://www.dgae.unam.mx/Licenciatura2026/resultados/3/30200045.html,69,1682,1401,109,77,223268,103,,No seleccionado,,Consultar
3,Licenciatura 2026,302,30200045,CIENCIAS DE LA COMUNICACION,FACULTAD DE CIENCIAS POLÍTICAS Y SOCIALES,Escolarizado,https://www.dgae.unam.mx/Licenciatura2026/resultados/3/30200045.html,69,1682,1401,109,77,223273,,N,No presentado,,Consultar
3,Licenciatura 2026,302,30200045,CIENCIAS DE LA COMUNICACION,FACULTAD DE CIENCIAS POLÍTICAS Y SOCIALES,Escolarizado,https://www.dgae.unam.mx/Licenciatura2026/resultados/3/30200045.html,69,1682,1401,109,77,223281,30,,No seleccionado,,Consultar
3,Licenciatura 2026,302,30200045,CIENCIAS DE LA COMUNICACION,FACULTAD DE CIENCIAS POLÍTICAS Y SOCIALES,Escolarizado,https://www.dgae.unam.mx/Licenciatura2026/resultados/3/30200045.html,69,1682,1401,109,77,223287,84,,No seleccionado,,Consultar
3,Licenciatura 2026,302,30200045,CIENCIAS DE LA COMUNICACION,FACULTAD DE CIENCIAS POLÍTICAS Y SOCIALES,Escolarizado,https://www.dgae.unam.mx/Licenciatura2026/resultados/3/30200045.html,69,1682,1401,109,77,223291,64,,No seleccionado,,Consultar
3,Licenciatura 2026,302,30200045,CIENCIAS DE LA COMUNICACION,FACULTAD DE CIENCIAS POLÍTICAS Y SOCIALES,Escolarizado,https://www.dgae.unam.mx/Licenciatura2026/resultados/3/30200045.html,69,1682,1401,109,77,223331,42,,No seleccionado,,Consultar
3,Licenciatura 2026,302,30200045,CIENCIAS DE LA COMUNICACION,FACULTAD DE CIENCIAS POLÍTICAS Y SOCIALES,Escolarizado,https://www.dgae.unam.mx/Licenciatura2026/resultados/3/30200045.html,69,1682,1401,109,77,223349,,N,No presentado,,Consultar
3,Licenciatura 2026,302,30200045,CIENCIAS DE LA COMUNICACION,FACULTAD DE CIENCIAS POLÍTICAS Y SOCIALES,Escolarizado,https://www.dgae.unam.mx/Licenciatura2026/resultados/3/30200045.html,69,1682,1401,109,77,223356,115,S,Seleccionado,Cita para entregar documentación.,Consultar
3,Licenciatura 2026,302,30200045,CIENCIAS DE LA COMUNICACION,FACULTAD DE CIENCIAS POLÍTICAS Y SOCIALES,Escolarizado,https://www.dgae.unam.mx/Licenciatura2026/resultados/3/30200045.html,69,1682,1401,109,77,223367,86,,No seleccionado,,Consultar
3,Licenciatura 2026,302,30200045,CIENCIAS DE LA COMUNICACION,FACULTAD DE CIENCIAS POLÍTICAS Y SOCIALES,Escolarizado,https://www.dgae.unam.mx/Licenciatura2026/resultados/3/30200045.html,69,1682,1401,109,77,223444,99,,No seleccionado,,Consultar
3,Licenciatura 2026,302,30200045,CIENCIAS DE LA COMUNICACION,FACULTAD DE CIENCIAS POLÍTICAS Y SOCIALES,Escolarizado,https://www.dgae.unam.mx/Licenciatura2026/resultados/3/30200045.html,69,1682,1401,109,77,223493,47,,No seleccionado,,Consultar
3,Licenciatura 2026,302,30200045,CIENCIAS DE LA COMUNICACION,FACULTAD DE CIENCIAS POLÍTICAS Y SOCIALES,Escolarizado,https://www.dgae.unam.mx/Licenciatura2026/resultados/3/30200045.html,69,1682,1401,109,77,223641,,N,No presentado,,Consultar
3,Licenciatura 2026,302,30200045,CIENCIAS DE LA COMUNICACION,FACULTAD DE CIENCIAS POLÍTICAS Y SOCIALES,Escolarizado,https://www.dgae.unam.mx/Licenciatura2026/resultados/3/30200045.html,69,1682,1401,109,77,223652,104,,No seleccionado,,Consultar
3,Licenciatura 2026,302,30200045,CIENCIAS DE LA COMUNICACION,FACULTAD DE CIENCIAS POLÍTICAS Y SOCIALES,Escolarizado,https://www.dgae.unam.mx/Licenciatura2026/resultados/3/30200045.html,69,1682,1401,109,77,223693,59,,No seleccionado,,Consultar
3,Licenciatura 2026,302,30200045,CIENCIAS DE LA COMUNICACION,FACULTAD DE CIENCIAS POLÍTICAS Y SOCIALES,Escolarizado,https://www.dgae.unam.mx/Licenciatura2026/resultados/3/30200045.html,69,1682,1401,109,77,223728,37,,No seleccionado,,Consultar
3,Licenciatura 2026,302,30200045,CIENCIAS DE LA COMUNICACION,FACULTAD DE CIENCIAS POLÍTICAS Y SOCIALES,Escolarizado,https://www.dgae.unam.mx/Licenciatura2026/resultados/3/30200045.html,69,1682,1401,109,77,223776,110,S,Seleccionado,Cita para entregar documentación.,Consultar
3,Licenciatura 2026,302,30200045,CIENCIAS DE LA COMUNICACION,FACULTAD DE CIENCIAS POLÍTICAS Y SOCIALES,Escolarizado,https://www.dgae.unam.mx/Licenciatura2026/resultados/3/30200045.html,69,1682,1401,109,77,223782,36,,No seleccionado,,Consultar
3,Licenciatura 2026,302,30200045,CIENCIAS DE LA COMUNICACION,FACULTAD DE CIENCIAS POLÍTICAS Y SOCIALES,Escolarizado,https://www.dgae.unam.mx/Licenciatura2026/resultados/3/30200045.html,69,1682,1401,109,77,223799,102,,No seleccionado,,Consultar
3,Licenciatura 2026,302,30200045,CIENCIAS DE LA COMUNICACION,FACULTAD DE CIENCIAS POLÍTICAS Y SOCIALES,Escolarizado,https://www.dgae.unam.mx/Licenciatura2026/resultados/3/30200045.html,69,1682,1401,109,77,223808,118,S,Seleccionado,Cita para entregar documentación.,Consultar
3,Licenciatura 2026,302,30200045,CIENCIAS DE LA COMUNICACION,FACULTAD DE CIENCIAS POLÍTICAS Y SOCIALES,Escolarizado,https://www.dgae.unam.mx/Licenciatura2026/resultados/3/30200045.html,69,1682,1401,109,77,223888,,N,No presentado,,Consultar
3,Licenciatura 2026,302,30200045,CIENCIAS DE LA COMUNICACION,FACULTAD DE CIENCIAS POLÍTICAS Y SOCIALES,Escolarizado,https://www.dgae.unam.mx/Licenciatura2026/resultados/3/30200045.html,69,1682,1401,109,77,223936,109,S,Seleccionado,Cita para entregar documentación.,Consultar
3,Licenciatura 2026,302,30200045,CIENCIAS DE LA COMUNICACION,FACULTAD DE CIENCIAS POLÍTICAS Y SOCIALES,Escolarizado,https://www.dgae.unam.mx/Licenciatura2026/resultados/3/30200045.html,69,1682,1401,109,77,223968,97,,No seleccionado,,Consultar
3,Licenciatura 2026,302,30200045,CIENCIAS DE LA COMUNICACION,FACULTAD DE CIENCIAS POLÍTICAS Y SOCIALES,Escolarizado,https://www.dgae.unam.mx/Licenciatura2026/resultados/3/30200045.html,69,1682,1401,109,77,223993,86,,No seleccionado,,Consultar
3,Licenciatura 2026,302,30200045,CIENCIAS DE LA COMUNICACION,FACULTAD DE CIENCIAS POLÍTICAS Y SOCIALES,Escolarizado,https://www.dgae.unam.mx/Licenciatura2026/resultados/3/30200045.html,69,1682,1401,109,77,224000,51,,No seleccionado,,Consultar
3,Licenciatura 2026,302,30200045,CIENCIAS DE LA COMUNICACION,FACULTAD DE CIENCIAS POLÍTICAS Y SOCIALES,Escolarizado,https://www.dgae.unam.mx/Licenciatura2026/resultados/3/30200045.html,69,1682,1401,109,77,224003,69,,No seleccionado,,Consultar
3,Licenciatura 2026,302,30200045,CIENCIAS DE LA COMUNICACION,FACULTAD DE CIENCIAS POLÍTICAS Y SOCIALES,Escolarizado,https://www.dgae.unam.mx/Licenciatura2026/resultados/3/30200045.html,69,1682,1401,109,77,224008,67,,No seleccionado,,Consultar
3,Licenciatura 2026,302,30200045,CIENCIAS DE LA COMUNICACION,FACULTAD DE CIENCIAS POLÍTICAS Y SOCIALES,Escolarizado,https://www.dgae.unam.mx/Licenciatura2026/resultados/3/30200045.html,69,1682,1401,109,77,224072,45,,No seleccionado,,Consultar
3,Licenciatura 2026,302,30200045,CIENCIAS DE LA COMUNICACION,FACULTAD DE CIENCIAS POLÍTICAS Y SOCIALES,Escolarizado,https://www.dgae.unam.mx/Licenciatura2026/resultados/3/30200045.html,69,1682,1401,109,77,224077,90,,No seleccionado,,Consultar
3,Licenciatura 2026,302,30200045,CIENCIAS DE LA COMUNICACION,FACULTAD DE CIENCIAS POLÍTICAS Y SOCIALES,Escolarizado,https://www.dgae.unam.mx/Licenciatura2026/resultados/3/30200045.html,69,1682,1401,109,77,224097,64,,No seleccionado,,Consultar
3,Licenciatura 2026,302,30200045,CIENCIAS DE LA COMUNICACION,FACULTAD DE CIENCIAS POLÍTICAS Y SOCIALES,Escolarizado,https://www.dgae.unam.mx/Licenciatura2026/resultados/3/30200045.html,69,1682,1401,109,77,224164,48,,No seleccionado,,Consultar
3,Licenciatura 2026,302,30200045,CIENCIAS DE LA COMUNICACION,FACULTAD DE CIENCIAS POLÍTICAS Y SOCIALES,Escolarizado,https://www.dgae.unam.mx/Licenciatura2026/resultados/3/30200045.html,69,1682,1401,109,77,224171,115,S,Seleccionado,Cita para entregar documentación.,Consultar
3,Licenciatura 2026,302,30200045,CIENCIAS DE LA COMUNICACION,FACULTAD DE CIENCIAS POLÍTICAS Y SOCIALES,Escolarizado,https://www.dgae.unam.mx/Licenciatura2026/resultados/3/30200045.html,69,1682,1401,109,77,224257,69,,No seleccionado,,Consultar
3,Licenciatura 2026,302,30200045,CIENCIAS DE LA COMUNICACION,FACULTAD DE CIENCIAS POLÍTICAS Y SOCIALES,Escolarizado,https://www.dgae.unam.mx/Licenciatura2026/resultados/3/30200045.html,69,1682,1401,109,77,224281,81,,No seleccionado,,Consultar
3,Licenciatura 2026,302,30200045,CIENCIAS DE LA COMUNICACION,FACULTAD DE CIENCIAS POLÍTICAS Y SOCIALES,Escolarizado,https://www.dgae.unam.mx/Licenciatura2026/resultados/3/30200045.html,69,1682,1401,109,77,224293,,N,No presentado,,Consultar
3,Licenciatura 2026,302,30200045,CIENCIAS DE LA COMUNICACION,FACULTAD DE CIENCIAS POLÍTICAS Y SOCIALES,Escolarizado,https://www.dgae.unam.mx/Licenciatura2026/resultados/3/30200045.html,69,1682,1401,109,77,224299,78,,No seleccionado,,Consultar
3,Licenciatura 2026,302,30200045,CIENCIAS DE LA COMUNICACION,FACULTAD DE CIENCIAS POLÍTICAS Y SOCIALES,Escolarizado,https://www.dgae.unam.mx/Licenciatura2026/resultados/3/30200045.html,69,1682,1401,109,77,224304,42,,No seleccionado,,Consultar
3,Licenciatura 2026,302,30200045,CIENCIAS DE LA COMUNICACION,FACULTAD DE CIENCIAS POLÍTICAS Y SOCIALES,Escolarizado,https://www.dgae.unam.mx/Licenciatura2026/resultados/3/30200045.html,69,1682,1401,109,77,224318,34,,No seleccionado,,Consultar
3,Licenciatura 2026,302,30200045,CIENCIAS DE LA COMUNICACION,FACULTAD DE CIENCIAS POLÍTICAS Y SOCIALES,Escolarizado,https://www.dgae.unam.mx/Licenciatura2026/resultados/3/30200045.html,69,1682,1401,109,77,224373,80,,No seleccionado,,Consultar
3,Licenciatura 2026,302,30200045,CIENCIAS DE LA COMUNICACION,FACULTAD DE CIENCIAS POLÍTICAS Y SOCIALES,Escolarizado,https://www.dgae.unam.mx/Licenciatura2026/resultados/3/30200045.html,69,1682,1401,109,77,224450,89,,No seleccionado,,Consultar
3,Licenciatura 2026,302,30200045,CIENCIAS DE LA COMUNICACION,FACULTAD DE CIENCIAS POLÍTICAS Y SOCIALES,Escolarizado,https://www.dgae.unam.mx/Licenciatura2026/resultados/3/30200045.html,69,1682,1401,109,77,224502,85,,No seleccionado,,Consultar
3,Licenciatura 2026,302,30200045,CIENCIAS DE LA COMUNICACION,FACULTAD DE CIENCIAS POLÍTICAS Y SOCIALES,Escolarizado,https://www.dgae.unam.mx/Licenciatura2026/resultados/3/30200045.html,69,1682,1401,109,77,224504,49,,No seleccionado,,Consultar
3,Licenciatura 2026,302,30200045,CIENCIAS DE LA COMUNICACION,FACULTAD DE CIENCIAS POLÍTICAS Y SOCIALES,Escolarizado,https://www.dgae.unam.mx/Licenciatura2026/resultados/3/30200045.html,69,1682,1401,109,77,224522,47,,No seleccionado,,Consultar
3,Licenciatura 2026,302,30200045,CIENCIAS DE LA COMUNICACION,FACULTAD DE CIENCIAS POLÍTICAS Y SOCIALES,Escolarizado,https://www.dgae.unam.mx/Licenciatura2026/resultados/3/30200045.html,69,1682,1401,109,77,224561,83,,No seleccionado,,Consultar
3,Licenciatura 2026,302,30200045,CIENCIAS DE LA COMUNICACION,FACULTAD DE CIENCIAS POLÍTICAS Y SOCIALES,Escolarizado,https://www.dgae.unam.mx/Licenciatura2026/resultados/3/30200045.html,69,1682,1401,109,77,224562,76,,No seleccionado,,Consultar
3,Licenciatura 2026,302,30200045,CIENCIAS DE LA COMUNICACION,FACULTAD DE CIENCIAS POLÍTICAS Y SOCIALES,Escolarizado,https://www.dgae.unam.mx/Licenciatura2026/resultados/3/30200045.html,69,1682,1401,109,77,224633,27,,No seleccionado,,Consultar
3,Licenciatura 2026,302,30200045,CIENCIAS DE LA COMUNICACION,FACULTAD DE CIENCIAS POLÍTICAS Y SOCIALES,Escolarizado,https://www.dgae.unam.mx/Licenciatura2026/resultados/3/30200045.html,69,1682,1401,109,77,224657,66,,No seleccionado,,Consultar
3,Licenciatura 2026,302,30200045,CIENCIAS DE LA COMUNICACION,FACULTAD DE CIENCIAS POLÍTICAS Y SOCIALES,Escolarizado,https://www.dgae.unam.mx/Licenciatura2026/resultados/3/30200045.html,69,1682,1401,109,77,224679,97,,No seleccionado,,Consultar
3,Licenciatura 2026,302,30200045,CIENCIAS DE LA COMUNICACION,FACULTAD DE CIENCIAS POLÍTICAS Y SOCIALES,Escolarizado,https://www.dgae.unam.mx/Licenciatura2026/resultados/3/30200045.html,69,1682,1401,109,77,224690,77,,No seleccionado,,Consultar
3,Licenciatura 2026,302,30200045,CIENCIAS DE LA COMUNICACION,FACULTAD DE CIENCIAS POLÍTICAS Y SOCIALES,Escolarizado,https://www.dgae.unam.mx/Licenciatura2026/resultados/3/30200045.html,69,1682,1401,109,77,224694,67,,No seleccionado,,Consultar
3,Licenciatura 2026,302,30200045,CIENCIAS DE LA COMUNICACION,FACULTAD DE CIENCIAS POLÍTICAS Y SOCIALES,Escolarizado,https://www.dgae.unam.mx/Licenciatura2026/resultados/3/30200045.html,69,1682,1401,109,77,224702,89,,No seleccionado,,Consultar
3,Licenciatura 2026,302,30200045,CIENCIAS DE LA COMUNICACION,FACULTAD DE CIENCIAS POLÍTICAS Y SOCIALES,Escolarizado,https://www.dgae.unam.mx/Licenciatura2026/resultados/3/30200045.html,69,1682,1401,109,77,224818,69,,No seleccionado,,Consultar
3,Licenciatura 2026,302,30200045,CIENCIAS DE LA COMUNICACION,FACULTAD DE CIENCIAS POLÍTICAS Y SOCIALES,Escolarizado,https://www.dgae.unam.mx/Licenciatura2026/resultados/3/30200045.html,69,1682,1401,109,77,224828,56,,No seleccionado,,Consultar
3,Licenciatura 2026,302,30200045,CIENCIAS DE LA COMUNICACION,FACULTAD DE CIENCIAS POLÍTICAS Y SOCIALES,Escolarizado,https://www.dgae.unam.mx/Licenciatura2026/resultados/3/30200045.html,69,1682,1401,109,77,224920,89,,No seleccionado,,Consultar
3,Licenciatura 2026,302,30200045,CIENCIAS DE LA COMUNICACION,FACULTAD DE CIENCIAS POLÍTICAS Y SOCIALES,Escolarizado,https://www.dgae.unam.mx/Licenciatura2026/resultados/3/30200045.html,69,1682,1401,109,77,224937,87,,No seleccionado,,Consultar
3,Licenciatura 2026,302,30200045,CIENCIAS DE LA COMUNICACION,FACULTAD DE CIENCIAS POLÍTICAS Y SOCIALES,Escolarizado,https://www.dgae.unam.mx/Licenciatura2026/resultados/3/30200045.html,69,1682,1401,109,77,224953,35,,No seleccionado,,Consultar
3,Licenciatura 2026,302,30200045,CIENCIAS DE LA COMUNICACION,FACULTAD DE CIENCIAS POLÍTICAS Y SOCIALES,Escolarizado,https://www.dgae.unam.mx/Licenciatura2026/resultados/3/30200045.html,69,1682,1401,109,77,224990,76,,No seleccionado,,Consultar
3,Licenciatura 2026,302,30200045,CIENCIAS DE LA COMUNICACION,FACULTAD DE CIENCIAS POLÍTICAS Y SOCIALES,Escolarizado,https://www.dgae.unam.mx/Licenciatura2026/resultados/3/30200045.html,69,1682,1401,109,77,224991,91,,No seleccionado,,Consultar
3,Licenciatura 2026,302,30200045,CIENCIAS DE LA COMUNICACION,FACULTAD DE CIENCIAS POLÍTICAS Y SOCIALES,Escolarizado,https://www.dgae.unam.mx/Licenciatura2026/resultados/3/30200045.html,69,1682,1401,109,77,225001,,N,No presentado,,Consultar
3,Licenciatura 2026,302,30200045,CIENCIAS DE LA COMUNICACION,FACULTAD DE CIENCIAS POLÍTICAS Y SOCIALES,Escolarizado,https://www.dgae.unam.mx/Licenciatura2026/resultados/3/30200045.html,69,1682,1401,109,77,225028,,N,No presentado,,Consultar
3,Licenciatura 2026,302,30200045,CIENCIAS DE LA COMUNICACION,FACULTAD DE CIENCIAS POLÍTICAS Y SOCIALES,Escolarizado,https://www.dgae.unam.mx/Licenciatura2026/resultados/3/30200045.html,69,1682,1401,109,77,225031,98,,No seleccionado,,Consultar
3,Licenciatura 2026,302,30200045,CIENCIAS DE LA COMUNICACION,FACULTAD DE CIENCIAS POLÍTICAS Y SOCIALES,Escolarizado,https://www.dgae.unam.mx/Licenciatura2026/resultados/3/30200045.html,69,1682,1401,109,77,225069,90,,No seleccionado,,Consultar
3,Licenciatura 2026,302,30200045,CIENCIAS DE LA COMUNICACION,FACULTAD DE CIENCIAS POLÍTICAS Y SOCIALES,Escolarizado,https://www.dgae.unam.mx/Licenciatura2026/resultados/3/30200045.html,69,1682,1401,109,77,225070,,N,No presentado,,Consultar
3,Licenciatura 2026,302,30200045,CIENCIAS DE LA COMUNICACION,FACULTAD DE CIENCIAS POLÍTICAS Y SOCIALES,Escolarizado,https://www.dgae.unam.mx/Licenciatura2026/resultados/3/30200045.html,69,1682,1401,109,77,225083,56,,No seleccionado,,Consultar
3,Licenciatura 2026,302,30200045,CIENCIAS DE LA COMUNICACION,FACULTAD DE CIENCIAS POLÍTICAS Y SOCIALES,Escolarizado,https://www.dgae.unam.mx/Licenciatura2026/resultados/3/30200045.html,69,1682,1401,109,77,225124,,N,No presentado,,Consultar
3,Licenciatura 2026,302,30200045,CIENCIAS DE LA COMUNICACION,FACULTAD DE CIENCIAS POLÍTICAS Y SOCIALES,Escolarizado,https://www.dgae.unam.mx/Licenciatura2026/resultados/3/30200045.html,69,1682,1401,109,77,225151,108,,No seleccionado,,Consultar
3,Licenciatura 2026,302,30200045,CIENCIAS DE LA COMUNICACION,FACULTAD DE CIENCIAS POLÍTICAS Y SOCIALES,Escolarizado,https://www.dgae.unam.mx/Licenciatura2026/resultados/3/30200045.html,69,1682,1401,109,77,225197,88,,No seleccionado,,Consultar
3,Licenciatura 2026,302,30200045,CIENCIAS DE LA COMUNICACION,FACULTAD DE CIENCIAS POLÍTICAS Y SOCIALES,Escolarizado,https://www.dgae.unam.mx/Licenciatura2026/resultados/3/30200045.html,69,1682,1401,109,77,225222,44,,No seleccionado,,Consultar
3,Licenciatura 2026,302,30200045,CIENCIAS DE LA COMUNICACION,FACULTAD DE CIENCIAS POLÍTICAS Y SOCIALES,Escolarizado,https://www.dgae.unam.mx/Licenciatura2026/resultados/3/30200045.html,69,1682,1401,109,77,225229,106,,No seleccionado,,Consultar
3,Licenciatura 2026,302,30200045,CIENCIAS DE LA COMUNICACION,FACULTAD DE CIENCIAS POLÍTICAS Y SOCIALES,Escolarizado,https://www.dgae.unam.mx/Licenciatura2026/resultados/3/30200045.html,69,1682,1401,109,77,225248,49,,No seleccionado,,Consultar
3,Licenciatura 2026,302,30200045,CIENCIAS DE LA COMUNICACION,FACULTAD DE CIENCIAS POLÍTICAS Y SOCIALES,Escolarizado,https://www.dgae.unam.mx/Licenciatura2026/resultados/3/30200045.html,69,1682,1401,109,77,225410,42,,No seleccionado,,Consultar
3,Licenciatura 2026,302,30200045,CIENCIAS DE LA COMUNICACION,FACULTAD DE CIENCIAS POLÍTICAS Y SOCIALES,Escolarizado,https://www.dgae.unam.mx/Licenciatura2026/resultados/3/30200045.html,69,1682,1401,109,77,225518,,N,No presentado,,Consultar
3,Licenciatura 2026,302,30200045,CIENCIAS DE LA COMUNICACION,FACULTAD DE CIENCIAS POLÍTICAS Y SOCIALES,Escolarizado,https://www.dgae.unam.mx/Licenciatura2026/resultados/3/30200045.html,69,1682,1401,109,77,225551,27,,No seleccionado,,Consultar
3,Licenciatura 2026,302,30200045,CIENCIAS DE LA COMUNICACION,FACULTAD DE CIENCIAS POLÍTICAS Y SOCIALES,Escolarizado,https://www.dgae.unam.mx/Licenciatura2026/resultados/3/30200045.html,69,1682,1401,109,77,225561,116,S,Seleccionado,Cita para entregar documentación.,Consultar
3,Licenciatura 2026,302,30200045,CIENCIAS DE LA COMUNICACION,FACULTAD DE CIENCIAS POLÍTICAS Y SOCIALES,Escolarizado,https://www.dgae.unam.mx/Licenciatura2026/resultados/3/30200045.html,69,1682,1401,109,77,225566,99,,No seleccionado,,Consultar
3,Licenciatura 2026,302,30200045,CIENCIAS DE LA COMUNICACION,FACULTAD DE CIENCIAS POLÍTICAS Y SOCIALES,Escolarizado,https://www.dgae.unam.mx/Licenciatura2026/resultados/3/30200045.html,69,1682,1401,109,77,225612,56,,No seleccionado,,Consultar
3,Licenciatura 2026,302,30200045,CIENCIAS DE LA COMUNICACION,FACULTAD DE CIENCIAS POLÍTICAS Y SOCIALES,Escolarizado,https://www.dgae.unam.mx/Licenciatura2026/resultados/3/30200045.html,69,1682,1401,109,77,225655,69,,No seleccionado,,Consultar
3,Licenciatura 2026,302,30200045,CIENCIAS DE LA COMUNICACION,FACULTAD DE CIENCIAS POLÍTICAS Y SOCIALES,Escolarizado,https://www.dgae.unam.mx/Licenciatura2026/resultados/3/30200045.html,69,1682,1401,109,77,225760,37,,No seleccionado,,Consultar
3,Licenciatura 2026,302,30200045,CIENCIAS DE LA COMUNICACION,FACULTAD DE CIENCIAS POLÍTICAS Y SOCIALES,Escolarizado,https://www.dgae.unam.mx/Licenciatura2026/resultados/3/30200045.html,69,1682,1401,109,77,225804,60,,No seleccionado,,Consultar
3,Licenciatura 2026,302,30200045,CIENCIAS DE LA COMUNICACION,FACULTAD DE CIENCIAS POLÍTICAS Y SOCIALES,Escolarizado,https://www.dgae.unam.mx/Licenciatura2026/resultados/3/30200045.html,69,1682,1401,109,77,225824,103,,No seleccionado,,Consultar
3,Licenciatura 2026,302,30200045,CIENCIAS DE LA COMUNICACION,FACULTAD DE CIENCIAS POLÍTICAS Y SOCIALES,Escolarizado,https://www.dgae.unam.mx/Licenciatura2026/resultados/3/30200045.html,69,1682,1401,109,77,225865,99,,No seleccionado,,Consultar
3,Licenciatura 2026,302,30200045,CIENCIAS DE LA COMUNICACION,FACULTAD DE CIENCIAS POLÍTICAS Y SOCIALES,Escolarizado,https://www.dgae.unam.mx/Licenciatura2026/resultados/3/30200045.html,69,1682,1401,109,77,225866,54,,No seleccionado,,Consultar
3,Licenciatura 2026,302,30200045,CIENCIAS DE LA COMUNICACION,FACULTAD DE CIENCIAS POLÍTICAS Y SOCIALES,Escolarizado,https://www.dgae.unam.mx/Licenciatura2026/resultados/3/30200045.html,69,1682,1401,109,77,225874,97,,No seleccionado,,Consultar
3,Licenciatura 2026,302,30200045,CIENCIAS DE LA COMUNICACION,FACULTAD DE CIENCIAS POLÍTICAS Y SOCIALES,Escolarizado,https://www.dgae.unam.mx/Licenciatura2026/resultados/3/30200045.html,69,1682,1401,109,77,225966,,N,No presentado,,Consultar
3,Licenciatura 2026,302,30200045,CIENCIAS DE LA COMUNICACION,FACULTAD DE CIENCIAS POLÍTICAS Y SOCIALES,Escolarizado,https://www.dgae.unam.mx/Licenciatura2026/resultados/3/30200045.html,69,1682,1401,109,77,226016,52,,No seleccionado,,Consultar
3,Licenciatura 2026,302,30200045,CIENCIAS DE LA COMUNICACION,FACULTAD DE CIENCIAS POLÍTICAS Y SOCIALES,Escolarizado,https://www.dgae.unam.mx/Licenciatura2026/resultados/3/30200045.html,69,1682,1401,109,77,226017,89,,No seleccionado,,Consultar
3,Licenciatura 2026,302,30200045,CIENCIAS DE LA COMUNICACION,FACULTAD DE CIENCIAS POLÍTICAS Y SOCIALES,Escolarizado,https://www.dgae.unam.mx/Licenciatura2026/resultados/3/30200045.html,69,1682,1401,109,77,226051,67,,No seleccionado,,Consultar
3,Licenciatura 2026,302,30200045,CIENCIAS DE LA COMUNICACION,FACULTAD DE CIENCIAS POLÍTICAS Y SOCIALES,Escolarizado,https://www.dgae.unam.mx/Licenciatura2026/resultados/3/30200045.html,69,1682,1401,109,77,226059,44,,No seleccionado,,Consultar
3,Licenciatura 2026,302,30200045,CIENCIAS DE LA COMUNICACION,FACULTAD DE CIENCIAS POLÍTICAS Y SOCIALES,Escolarizado,https://www.dgae.unam.mx/Licenciatura2026/resultados/3/30200045.html,69,1682,1401,109,77,226071,102,,No seleccionado,,Consultar
3,Licenciatura 2026,302,30200045,CIENCIAS DE LA COMUNICACION,FACULTAD DE CIENCIAS POLÍTICAS Y SOCIALES,Escolarizado,https://www.dgae.unam.mx/Licenciatura2026/resultados/3/30200045.html,69,1682,1401,109,77,226085,111,S,Seleccionado,Cita para entregar documentación.,Consultar
3,Licenciatura 2026,302,30200045,CIENCIAS DE LA COMUNICACION,FACULTAD DE CIENCIAS POLÍTICAS Y SOCIALES,Escolarizado,https://www.dgae.unam.mx/Licenciatura2026/resultados/3/30200045.html,69,1682,1401,109,77,226093,53,,No seleccionado,,Consultar
3,Licenciatura 2026,302,30200045,CIENCIAS DE LA COMUNICACION,FACULTAD DE CIENCIAS POLÍTICAS Y SOCIALES,Escolarizado,https://www.dgae.unam.mx/Licenciatura2026/resultados/3/30200045.html,69,1682,1401,109,77,226151,53,,No seleccionado,,Consultar
3,Licenciatura 2026,302,30200045,CIENCIAS DE LA COMUNICACION,FACULTAD DE CIENCIAS POLÍTICAS Y SOCIALES,Escolarizado,https://www.dgae.unam.mx/Licenciatura2026/resultados/3/30200045.html,69,1682,1401,109,77,226194,34,,No seleccionado,,Consultar
3,Licenciatura 2026,302,30200045,CIENCIAS DE LA COMUNICACION,FACULTAD DE CIENCIAS POLÍTICAS Y SOCIALES,Escolarizado,https://www.dgae.unam.mx/Licenciatura2026/resultados/3/30200045.html,69,1682,1401,109,77,226260,,C,Cancelado,,Consultar
3,Licenciatura 2026,302,30200045,CIENCIAS DE LA COMUNICACION,FACULTAD DE CIENCIAS POLÍTICAS Y SOCIALES,Escolarizado,https://www.dgae.unam.mx/Licenciatura2026/resultados/3/30200045.html,69,1682,1401,109,77,226280,99,,No seleccionado,,Consultar
3,Licenciatura 2026,302,30200045,CIENCIAS DE LA COMUNICACION,FACULTAD DE CIENCIAS POLÍTICAS Y SOCIALES,Escolarizado,https://www.dgae.unam.mx/Licenciatura2026/resultados/3/30200045.html,69,1682,1401,109,77,226296,103,,No seleccionado,,Consultar
3,Licenciatura 2026,302,30200045,CIENCIAS DE LA COMUNICACION,FACULTAD DE CIENCIAS POLÍTICAS Y SOCIALES,Escolarizado,https://www.dgae.unam.mx/Licenciatura2026/resultados/3/30200045.html,69,1682,1401,109,77,226411,70,,No seleccionado,,Consultar
3,Licenciatura 2026,302,30200045,CIENCIAS DE LA COMUNICACION,FACULTAD DE CIENCIAS POLÍTICAS Y SOCIALES,Escolarizado,https://www.dgae.unam.mx/Licenciatura2026/resultados/3/30200045.html,69,1682,1401,109,77,226424,92,,No seleccionado,,Consultar
3,Licenciatura 2026,302,30200045,CIENCIAS DE LA COMUNICACION,FACULTAD DE CIENCIAS POLÍTICAS Y SOCIALES,Escolarizado,https://www.dgae.unam.mx/Licenciatura2026/resultados/3/30200045.html,69,1682,1401,109,77,226455,70,,No seleccionado,,Consultar
3,Licenciatura 2026,302,30200045,CIENCIAS DE LA COMUNICACION,FACULTAD DE CIENCIAS POLÍTICAS Y SOCIALES,Escolarizado,https://www.dgae.unam.mx/Licenciatura2026/resultados/3/30200045.html,69,1682,1401,109,77,226482,,C,Cancelado,,Consultar
3,Licenciatura 2026,302,30200045,CIENCIAS DE LA COMUNICACION,FACULTAD DE CIENCIAS POLÍTICAS Y SOCIALES,Escolarizado,https://www.dgae.unam.mx/Licenciatura2026/resultados/3/30200045.html,69,1682,1401,109,77,226534,88,,No seleccionado,,Consultar
3,Licenciatura 2026,302,30200045,CIENCIAS DE LA COMUNICACION,FACULTAD DE CIENCIAS POLÍTICAS Y SOCIALES,Escolarizado,https://www.dgae.unam.mx/Licenciatura2026/resultados/3/30200045.html,69,1682,1401,109,77,226559,106,,No seleccionado,,Consultar
3,Licenciatura 2026,302,30200045,CIENCIAS DE LA COMUNICACION,FACULTAD DE CIENCIAS POLÍTICAS Y SOCIALES,Escolarizado,https://www.dgae.unam.mx/Licenciatura2026/resultados/3/30200045.html,69,1682,1401,109,77,226569,98,,No seleccionado,,Consultar
3,Licenciatura 2026,302,30200045,CIENCIAS DE LA COMUNICACION,FACULTAD DE CIENCIAS POLÍTICAS Y SOCIALES,Escolarizado,https://www.dgae.unam.mx/Licenciatura2026/resultados/3/30200045.html,69,1682,1401,109,77,226578,72,,No seleccionado,,Consultar
3,Licenciatura 2026,302,30200045,CIENCIAS DE LA COMUNICACION,FACULTAD DE CIENCIAS POLÍTICAS Y SOCIALES,Escolarizado,https://www.dgae.unam.mx/Licenciatura2026/resultados/3/30200045.html,69,1682,1401,109,77,226604,101,,No seleccionado,,Consultar
3,Licenciatura 2026,302,30200045,CIENCIAS DE LA COMUNICACION,FACULTAD DE CIENCIAS POLÍTICAS Y SOCIALES,Escolarizado,https://www.dgae.unam.mx/Licenciatura2026/resultados/3/30200045.html,69,1682,1401,109,77,226701,,N,No presentado,,Consultar
3,Licenciatura 2026,302,30200045,CIENCIAS DE LA COMUNICACION,FACULTAD DE CIENCIAS POLÍTICAS Y SOCIALES,Escolarizado,https://www.dgae.unam.mx/Licenciatura2026/resultados/3/30200045.html,69,1682,1401,109,77,226741,84,,No seleccionado,,Consultar
3,Licenciatura 2026,302,30200045,CIENCIAS DE LA COMUNICACION,FACULTAD DE CIENCIAS POLÍTICAS Y SOCIALES,Escolarizado,https://www.dgae.unam.mx/Licenciatura2026/resultados/3/30200045.html,69,1682,1401,109,77,226746,95,,No seleccionado,,Consultar
3,Licenciatura 2026,302,30200045,CIENCIAS DE LA COMUNICACION,FACULTAD DE CIENCIAS POLÍTICAS Y SOCIALES,Escolarizado,https://www.dgae.unam.mx/Licenciatura2026/resultados/3/30200045.html,69,1682,1401,109,77,226752,,N,No presentado,,Consultar
3,Licenciatura 2026,302,30200045,CIENCIAS DE LA COMUNICACION,FACULTAD DE CIENCIAS POLÍTICAS Y SOCIALES,Escolarizado,https://www.dgae.unam.mx/Licenciatura2026/resultados/3/30200045.html,69,1682,1401,109,77,226760,112,S,Seleccionado,Cita para entregar documentación.,Consultar
3,Licenciatura 2026,302,30200045,CIENCIAS DE LA COMUNICACION,FACULTAD DE CIENCIAS POLÍTICAS Y SOCIALES,Escolarizado,https://www.dgae.unam.mx/Licenciatura2026/resultados/3/30200045.html,69,1682,1401,109,77,226784,64,,No seleccionado,,Consultar
3,Licenciatura 2026,302,30200045,CIENCIAS DE LA COMUNICACION,FACULTAD DE CIENCIAS POLÍTICAS Y SOCIALES,Escolarizado,https://www.dgae.unam.mx/Licenciatura2026/resultados/3/30200045.html,69,1682,1401,109,77,226803,,C,Cancelado,,Consultar
3,Licenciatura 2026,302,30200045,CIENCIAS DE LA COMUNICACION,FACULTAD DE CIENCIAS POLÍTICAS Y SOCIALES,Escolarizado,https://www.dgae.unam.mx/Licenciatura2026/resultados/3/30200045.html,69,1682,1401,109,77,226820,65,,No seleccionado,,Consultar
3,Licenciatura 2026,302,30200045,CIENCIAS DE LA COMUNICACION,FACULTAD DE CIENCIAS POLÍTICAS Y SOCIALES,Escolarizado,https://www.dgae.unam.mx/Licenciatura2026/resultados/3/30200045.html,69,1682,1401,109,77,226849,63,,No seleccionado,,Consultar
3,Licenciatura 2026,302,30200045,CIENCIAS DE LA COMUNICACION,FACULTAD DE CIENCIAS POLÍTICAS Y SOCIALES,Escolarizado,https://www.dgae.unam.mx/Licenciatura2026/resultados/3/30200045.html,69,1682,1401,109,77,226855,55,,No seleccionado,,Consultar
3,Licenciatura 2026,302,30200045,CIENCIAS DE LA COMUNICACION,FACULTAD DE CIENCIAS POLÍTICAS Y SOCIALES,Escolarizado,https://www.dgae.unam.mx/Licenciatura2026/resultados/3/30200045.html,69,1682,1401,109,77,226863,88,,No seleccionado,,Consultar
3,Licenciatura 2026,302,30200045,CIENCIAS DE LA COMUNICACION,FACULTAD DE CIENCIAS POLÍTICAS Y SOCIALES,Escolarizado,https://www.dgae.unam.mx/Licenciatura2026/resultados/3/30200045.html,69,1682,1401,109,77,226870,83,,No seleccionado,,Consultar
3,Licenciatura 2026,302,30200045,CIENCIAS DE LA COMUNICACION,FACULTAD DE CIENCIAS POLÍTICAS Y SOCIALES,Escolarizado,https://www.dgae.unam.mx/Licenciatura2026/resultados/3/30200045.html,69,1682,1401,109,77,227039,65,,No seleccionado,,Consultar
3,Licenciatura 2026,302,30200045,CIENCIAS DE LA COMUNICACION,FACULTAD DE CIENCIAS POLÍTICAS Y SOCIALES,Escolarizado,https://www.dgae.unam.mx/Licenciatura2026/resultados/3/30200045.html,69,1682,1401,109,77,227054,70,,No seleccionado,,Consultar
3,Licenciatura 2026,302,30200045,CIENCIAS DE LA COMUNICACION,FACULTAD DE CIENCIAS POLÍTICAS Y SOCIALES,Escolarizado,https://www.dgae.unam.mx/Licenciatura2026/resultados/3/30200045.html,69,1682,1401,109,77,227061,57,,No seleccionado,,Consultar
3,Licenciatura 2026,302,30200045,CIENCIAS DE LA COMUNICACION,FACULTAD DE CIENCIAS POLÍTICAS Y SOCIALES,Escolarizado,https://www.dgae.unam.mx/Licenciatura2026/resultados/3/30200045.html,69,1682,1401,109,77,227082,100,,No seleccionado,,Consultar
3,Licenciatura 2026,302,30200045,CIENCIAS DE LA COMUNICACION,FACULTAD DE CIENCIAS POLÍTICAS Y SOCIALES,Escolarizado,https://www.dgae.unam.mx/Licenciatura2026/resultados/3/30200045.html,69,1682,1401,109,77,227098,79,,No seleccionado,,Consultar
3,Licenciatura 2026,302,30200045,CIENCIAS DE LA COMUNICACION,FACULTAD DE CIENCIAS POLÍTICAS Y SOCIALES,Escolarizado,https://www.dgae.unam.mx/Licenciatura2026/resultados/3/30200045.html,69,1682,1401,109,77,227123,92,,No seleccionado,,Consultar
3,Licenciatura 2026,302,30200045,CIENCIAS DE LA COMUNICACION,FACULTAD DE CIENCIAS POLÍTICAS Y SOCIALES,Escolarizado,https://www.dgae.unam.mx/Licenciatura2026/resultados/3/30200045.html,69,1682,1401,109,77,227157,70,,No seleccionado,,Consultar
3,Licenciatura 2026,302,30200045,CIENCIAS DE LA COMUNICACION,FACULTAD DE CIENCIAS POLÍTICAS Y SOCIALES,Escolarizado,https://www.dgae.unam.mx/Licenciatura2026/resultados/3/30200045.html,69,1682,1401,109,77,227190,94,,No seleccionado,,Consultar
3,Licenciatura 2026,302,30200045,CIENCIAS DE LA COMUNICACION,FACULTAD DE CIENCIAS POLÍTICAS Y SOCIALES,Escolarizado,https://www.dgae.unam.mx/Licenciatura2026/resultados/3/30200045.html,69,1682,1401,109,77,227255,97,,No seleccionado,,Consultar
3,Licenciatura 2026,302,30200045,CIENCIAS DE LA COMUNICACION,FACULTAD DE CIENCIAS POLÍTICAS Y SOCIALES,Escolarizado,https://www.dgae.unam.mx/Licenciatura2026/resultados/3/30200045.html,69,1682,1401,109,77,227274,87,,No seleccionado,,Consultar
3,Licenciatura 2026,302,30200045,CIENCIAS DE LA COMUNICACION,FACULTAD DE CIENCIAS POLÍTICAS Y SOCIALES,Escolarizado,https://www.dgae.unam.mx/Licenciatura2026/resultados/3/30200045.html,69,1682,1401,109,77,227339,36,,No seleccionado,,Consultar
3,Licenciatura 2026,302,30200045,CIENCIAS DE LA COMUNICACION,FACULTAD DE CIENCIAS POLÍTICAS Y SOCIALES,Escolarizado,https://www.dgae.unam.mx/Licenciatura2026/resultados/3/30200045.html,69,1682,1401,109,77,227343,61,,No seleccionado,,Consultar
3,Licenciatura 2026,302,30200045,CIENCIAS DE LA COMUNICACION,FACULTAD DE CIENCIAS POLÍTICAS Y SOCIALES,Escolarizado,https://www.dgae.unam.mx/Licenciatura2026/resultados/3/30200045.html,69,1682,1401,109,77,227350,105,,No seleccionado,,Consultar
3,Licenciatura 2026,302,30200045,CIENCIAS DE LA COMUNICACION,FACULTAD DE CIENCIAS POLÍTICAS Y SOCIALES,Escolarizado,https://www.dgae.unam.mx/Licenciatura2026/resultados/3/30200045.html,69,1682,1401,109,77,227388,43,,No seleccionado,,Consultar
3,Licenciatura 2026,302,30200045,CIENCIAS DE LA COMUNICACION,FACULTAD DE CIENCIAS POLÍTICAS Y SOCIALES,Escolarizado,https://www.dgae.unam.mx/Licenciatura2026/resultados/3/30200045.html,69,1682,1401,109,77,227427,,N,No presentado,,Consultar
3,Licenciatura 2026,302,30200045,CIENCIAS DE LA COMUNICACION,FACULTAD DE CIENCIAS POLÍTICAS Y SOCIALES,Escolarizado,https://www.dgae.unam.mx/Licenciatura2026/resultados/3/30200045.html,69,1682,1401,109,77,227505,,N,No presentado,,Consultar
3,Licenciatura 2026,302,30200045,CIENCIAS DE LA COMUNICACION,FACULTAD DE CIENCIAS POLÍTICAS Y SOCIALES,Escolarizado,https://www.dgae.unam.mx/Licenciatura2026/resultados/3/30200045.html,69,1682,1401,109,77,227507,104,,No seleccionado,,Consultar
3,Licenciatura 2026,302,30200045,CIENCIAS DE LA COMUNICACION,FACULTAD DE CIENCIAS POLÍTICAS Y SOCIALES,Escolarizado,https://www.dgae.unam.mx/Licenciatura2026/resultados/3/30200045.html,69,1682,1401,109,77,227553,44,,No seleccionado,,Consultar
3,Licenciatura 2026,302,30200045,CIENCIAS DE LA COMUNICACION,FACULTAD DE CIENCIAS POLÍTICAS Y SOCIALES,Escolarizado,https://www.dgae.unam.mx/Licenciatura2026/resultados/3/30200045.html,69,1682,1401,109,77,227563,65,,No seleccionado,,Consultar
3,Licenciatura 2026,302,30200045,CIENCIAS DE LA COMUNICACION,FACULTAD DE CIENCIAS POLÍTICAS Y SOCIALES,Escolarizado,https://www.dgae.unam.mx/Licenciatura2026/resultados/3/30200045.html,69,1682,1401,109,77,227594,71,,No seleccionado,,Consultar
3,Licenciatura 2026,302,30200045,CIENCIAS DE LA COMUNICACION,FACULTAD DE CIENCIAS POLÍTICAS Y SOCIALES,Escolarizado,https://www.dgae.unam.mx/Licenciatura2026/resultados/3/30200045.html,69,1682,1401,109,77,227627,104,,No seleccionado,,Consultar
3,Licenciatura 2026,302,30200045,CIENCIAS DE LA COMUNICACION,FACULTAD DE CIENCIAS POLÍTICAS Y SOCIALES,Escolarizado,https://www.dgae.unam.mx/Licenciatura2026/resultados/3/30200045.html,69,1682,1401,109,77,227630,103,,No seleccionado,,Consultar
3,Licenciatura 2026,302,30200045,CIENCIAS DE LA COMUNICACION,FACULTAD DE CIENCIAS POLÍTICAS Y SOCIALES,Escolarizado,https://www.dgae.unam.mx/Licenciatura2026/resultados/3/30200045.html,69,1682,1401,109,77,227649,,N,No presentado,,Consultar
3,Licenciatura 2026,302,30200045,CIENCIAS DE LA COMUNICACION,FACULTAD DE CIENCIAS POLÍTICAS Y SOCIALES,Escolarizado,https://www.dgae.unam.mx/Licenciatura2026/resultados/3/30200045.html,69,1682,1401,109,77,227658,69,,No seleccionado,,Consultar
3,Licenciatura 2026,302,30200045,CIENCIAS DE LA COMUNICACION,FACULTAD DE CIENCIAS POLÍTICAS Y SOCIALES,Escolarizado,https://www.dgae.unam.mx/Licenciatura2026/resultados/3/30200045.html,69,1682,1401,109,77,227662,,N,No presentado,,Consultar
3,Licenciatura 2026,302,30200045,CIENCIAS DE LA COMUNICACION,FACULTAD DE CIENCIAS POLÍTICAS Y SOCIALES,Escolarizado,https://www.dgae.unam.mx/Licenciatura2026/resultados/3/30200045.html,69,1682,1401,109,77,227671,71,,No seleccionado,,Consultar
3,Licenciatura 2026,302,30200045,CIENCIAS DE LA COMUNICACION,FACULTAD DE CIENCIAS POLÍTICAS Y SOCIALES,Escolarizado,https://www.dgae.unam.mx/Licenciatura2026/resultados/3/30200045.html,69,1682,1401,109,77,227695,96,,No seleccionado,,Consultar
3,Licenciatura 2026,302,30200045,CIENCIAS DE LA COMUNICACION,FACULTAD DE CIENCIAS POLÍTICAS Y SOCIALES,Escolarizado,https://www.dgae.unam.mx/Licenciatura2026/resultados/3/30200045.html,69,1682,1401,109,77,227707,106,,No seleccionado,,Consultar
3,Licenciatura 2026,302,30200045,CIENCIAS DE LA COMUNICACION,FACULTAD DE CIENCIAS POLÍTICAS Y SOCIALES,Escolarizado,https://www.dgae.unam.mx/Licenciatura2026/resultados/3/30200045.html,69,1682,1401,109,77,227820,,N,No presentado,,Consultar
3,Licenciatura 2026,302,30200045,CIENCIAS DE LA COMUNICACION,FACULTAD DE CIENCIAS POLÍTICAS Y SOCIALES,Escolarizado,https://www.dgae.unam.mx/Licenciatura2026/resultados/3/30200045.html,69,1682,1401,109,77,227828,,N,No presentado,,Consultar
3,Licenciatura 2026,302,30200045,CIENCIAS DE LA COMUNICACION,FACULTAD DE CIENCIAS POLÍTICAS Y SOCIALES,Escolarizado,https://www.dgae.unam.mx/Licenciatura2026/resultados/3/30200045.html,69,1682,1401,109,77,227847,,N,No presentado,,Consultar
3,Licenciatura 2026,302,30200045,CIENCIAS DE LA COMUNICACION,FACULTAD DE CIENCIAS POLÍTICAS Y SOCIALES,Escolarizado,https://www.dgae.unam.mx/Licenciatura2026/resultados/3/30200045.html,69,1682,1401,109,77,227871,,N,No presentado,,Consultar
3,Licenciatura 2026,302,30200045,CIENCIAS DE LA COMUNICACION,FACULTAD DE CIENCIAS POLÍTICAS Y SOCIALES,Escolarizado,https://www.dgae.unam.mx/Licenciatura2026/resultados/3/30200045.html,69,1682,1401,109,77,227911,78,,No seleccionado,,Consultar
3,Licenciatura 2026,302,30200045,CIENCIAS DE LA COMUNICACION,FACULTAD DE CIENCIAS POLÍTICAS Y SOCIALES,Escolarizado,https://www.dgae.unam.mx/Licenciatura2026/resultados/3/30200045.html,69,1682,1401,109,77,227926,59,,No seleccionado,,Consultar
3,Licenciatura 2026,302,30200045,CIENCIAS DE LA COMUNICACION,FACULTAD DE CIENCIAS POLÍTICAS Y SOCIALES,Escolarizado,https://www.dgae.unam.mx/Licenciatura2026/resultados/3/30200045.html,69,1682,1401,109,77,227949,104,,No seleccionado,,Consultar
3,Licenciatura 2026,302,30200045,CIENCIAS DE LA COMUNICACION,FACULTAD DE CIENCIAS POLÍTICAS Y SOCIALES,Escolarizado,https://www.dgae.unam.mx/Licenciatura2026/resultados/3/30200045.html,69,1682,1401,109,77,228043,98,,No seleccionado,,Consultar
3,Licenciatura 2026,302,30200045,CIENCIAS DE LA COMUNICACION,FACULTAD DE CIENCIAS POLÍTICAS Y SOCIALES,Escolarizado,https://www.dgae.unam.mx/Licenciatura2026/resultados/3/30200045.html,69,1682,1401,109,77,228109,63,,No seleccionado,,Consultar
3,Licenciatura 2026,302,30200045,CIENCIAS DE LA COMUNICACION,FACULTAD DE CIENCIAS POLÍTICAS Y SOCIALES,Escolarizado,https://www.dgae.unam.mx/Licenciatura2026/resultados/3/30200045.html,69,1682,1401,109,77,228113,53,,No seleccionado,,Consultar
3,Licenciatura 2026,302,30200045,CIENCIAS DE LA COMUNICACION,FACULTAD DE CIENCIAS POLÍTICAS Y SOCIALES,Escolarizado,https://www.dgae.unam.mx/Licenciatura2026/resultados/3/30200045.html,69,1682,1401,109,77,228137,105,,No seleccionado,,Consultar
3,Licenciatura 2026,302,30200045,CIENCIAS DE LA COMUNICACION,FACULTAD DE CIENCIAS POLÍTICAS Y SOCIALES,Escolarizado,https://www.dgae.unam.mx/Licenciatura2026/resultados/3/30200045.html,69,1682,1401,109,77,228248,32,,No seleccionado,,Consultar
3,Licenciatura 2026,302,30200045,CIENCIAS DE LA COMUNICACION,FACULTAD DE CIENCIAS POLÍTICAS Y SOCIALES,Escolarizado,https://www.dgae.unam.mx/Licenciatura2026/resultados/3/30200045.html,69,1682,1401,109,77,228253,46,,No seleccionado,,Consultar
3,Licenciatura 2026,302,30200045,CIENCIAS DE LA COMUNICACION,FACULTAD DE CIENCIAS POLÍTICAS Y SOCIALES,Escolarizado,https://www.dgae.unam.mx/Licenciatura2026/resultados/3/30200045.html,69,1682,1401,109,77,228264,,N,No presentado,,Consultar
3,Licenciatura 2026,302,30200045,CIENCIAS DE LA COMUNICACION,FACULTAD DE CIENCIAS POLÍTICAS Y SOCIALES,Escolarizado,https://www.dgae.unam.mx/Licenciatura2026/resultados/3/30200045.html,69,1682,1401,109,77,228280,98,,No seleccionado,,Consultar
3,Licenciatura 2026,302,30200045,CIENCIAS DE LA COMUNICACION,FACULTAD DE CIENCIAS POLÍTICAS Y SOCIALES,Escolarizado,https://www.dgae.unam.mx/Licenciatura2026/resultados/3/30200045.html,69,1682,1401,109,77,228296,94,,No seleccionado,,Consultar
3,Licenciatura 2026,302,30200045,CIENCIAS DE LA COMUNICACION,FACULTAD DE CIENCIAS POLÍTICAS Y SOCIALES,Escolarizado,https://www.dgae.unam.mx/Licenciatura2026/resultados/3/30200045.html,69,1682,1401,109,77,228298,108,,No seleccionado,,Consultar
3,Licenciatura 2026,302,30200045,CIENCIAS DE LA COMUNICACION,FACULTAD DE CIENCIAS POLÍTICAS Y SOCIALES,Escolarizado,https://www.dgae.unam.mx/Licenciatura2026/resultados/3/30200045.html,69,1682,1401,109,77,228308,81,,No seleccionado,,Consultar
3,Licenciatura 2026,302,30200045,CIENCIAS DE LA COMUNICACION,FACULTAD DE CIENCIAS POLÍTICAS Y SOCIALES,Escolarizado,https://www.dgae.unam.mx/Licenciatura2026/resultados/3/30200045.html,69,1682,1401,109,77,228313,46,,No seleccionado,,Consultar
3,Licenciatura 2026,302,30200045,CIENCIAS DE LA COMUNICACION,FACULTAD DE CIENCIAS POLÍTICAS Y SOCIALES,Escolarizado,https://www.dgae.unam.mx/Licenciatura2026/resultados/3/30200045.html,69,1682,1401,109,77,228344,60,,No seleccionado,,Consultar
3,Licenciatura 2026,302,30200045,CIENCIAS DE LA COMUNICACION,FACULTAD DE CIENCIAS POLÍTICAS Y SOCIALES,Escolarizado,https://www.dgae.unam.mx/Licenciatura2026/resultados/3/30200045.html,69,1682,1401,109,77,228346,79,,No seleccionado,,Consultar
3,Licenciatura 2026,302,30200045,CIENCIAS DE LA COMUNICACION,FACULTAD DE CIENCIAS POLÍTICAS Y SOCIALES,Escolarizado,https://www.dgae.unam.mx/Licenciatura2026/resultados/3/30200045.html,69,1682,1401,109,77,228352,79,,No seleccionado,,Consultar
3,Licenciatura 2026,302,30200045,CIENCIAS DE LA COMUNICACION,FACULTAD DE CIENCIAS POLÍTICAS Y SOCIALES,Escolarizado,https://www.dgae.unam.mx/Licenciatura2026/resultados/3/30200045.html,69,1682,1401,109,77,228410,106,,No seleccionado,,Consultar
3,Licenciatura 2026,302,30200045,CIENCIAS DE LA COMUNICACION,FACULTAD DE CIENCIAS POLÍTICAS Y SOCIALES,Escolarizado,https://www.dgae.unam.mx/Licenciatura2026/resultados/3/30200045.html,69,1682,1401,109,77,228428,50,,No seleccionado,,Consultar
3,Licenciatura 2026,302,30200045,CIENCIAS DE LA COMUNICACION,FACULTAD DE CIENCIAS POLÍTICAS Y SOCIALES,Escolarizado,https://www.dgae.unam.mx/Licenciatura2026/resultados/3/30200045.html,69,1682,1401,109,77,228465,113,S,Seleccionado,Cita para entregar documentación.,Consultar
3,Licenciatura 2026,302,30200045,CIENCIAS DE LA COMUNICACION,FACULTAD DE CIENCIAS POLÍTICAS Y SOCIALES,Escolarizado,https://www.dgae.unam.mx/Licenciatura2026/resultados/3/30200045.html,69,1682,1401,109,77,228572,,N,No presentado,,Consultar
3,Licenciatura 2026,302,30200045,CIENCIAS DE LA COMUNICACION,FACULTAD DE CIENCIAS POLÍTICAS Y SOCIALES,Escolarizado,https://www.dgae.unam.mx/Licenciatura2026/resultados/3/30200045.html,69,1682,1401,109,77,228627,94,,No seleccionado,,Consultar
3,Licenciatura 2026,302,30200045,CIENCIAS DE LA COMUNICACION,FACULTAD DE CIENCIAS POLÍTICAS Y SOCIALES,Escolarizado,https://www.dgae.unam.mx/Licenciatura2026/resultados/3/30200045.html,69,1682,1401,109,77,228691,44,,No seleccionado,,Consultar
3,Licenciatura 2026,302,30200045,CIENCIAS DE LA COMUNICACION,FACULTAD DE CIENCIAS POLÍTICAS Y SOCIALES,Escolarizado,https://www.dgae.unam.mx/Licenciatura2026/resultados/3/30200045.html,69,1682,1401,109,77,228706,81,,No seleccionado,,Consultar
3,Licenciatura 2026,302,30200045,CIENCIAS DE LA COMUNICACION,FACULTAD DE CIENCIAS POLÍTICAS Y SOCIALES,Escolarizado,https://www.dgae.unam.mx/Licenciatura2026/resultados/3/30200045.html,69,1682,1401,109,77,228804,59,,No seleccionado,,Consultar
3,Licenciatura 2026,302,30200045,CIENCIAS DE LA COMUNICACION,FACULTAD DE CIENCIAS POLÍTICAS Y SOCIALES,Escolarizado,https://www.dgae.unam.mx/Licenciatura2026/resultados/3/30200045.html,69,1682,1401,109,77,228825,89,,No seleccionado,,Consultar
3,Licenciatura 2026,302,30200045,CIENCIAS DE LA COMUNICACION,FACULTAD DE CIENCIAS POLÍTICAS Y SOCIALES,Escolarizado,https://www.dgae.unam.mx/Licenciatura2026/resultados/3/30200045.html,69,1682,1401,109,77,228900,102,,No seleccionado,,Consultar
3,Licenciatura 2026,302,30200045,CIENCIAS DE LA COMUNICACION,FACULTAD DE CIENCIAS POLÍTICAS Y SOCIALES,Escolarizado,https://www.dgae.unam.mx/Licenciatura2026/resultados/3/30200045.html,69,1682,1401,109,77,228959,36,,No seleccionado,,Consultar
3,Licenciatura 2026,302,30200045,CIENCIAS DE LA COMUNICACION,FACULTAD DE CIENCIAS POLÍTICAS Y SOCIALES,Escolarizado,https://www.dgae.unam.mx/Licenciatura2026/resultados/3/30200045.html,69,1682,1401,109,77,229048,112,S,Seleccionado,Cita para entregar documentación.,Consultar
3,Licenciatura 2026,302,30200045,CIENCIAS DE LA COMUNICACION,FACULTAD DE CIENCIAS POLÍTICAS Y SOCIALES,Escolarizado,https://www.dgae.unam.mx/Licenciatura2026/resultados/3/30200045.html,69,1682,1401,109,77,229103,103,,No seleccionado,,Consultar
3,Licenciatura 2026,302,30200045,CIENCIAS DE LA COMUNICACION,FACULTAD DE CIENCIAS POLÍTICAS Y SOCIALES,Escolarizado,https://www.dgae.unam.mx/Licenciatura2026/resultados/3/30200045.html,69,1682,1401,109,77,229136,46,,No seleccionado,,Consultar
3,Licenciatura 2026,302,30200045,CIENCIAS DE LA COMUNICACION,FACULTAD DE CIENCIAS POLÍTICAS Y SOCIALES,Escolarizado,https://www.dgae.unam.mx/Licenciatura2026/resultados/3/30200045.html,69,1682,1401,109,77,229155,37,,No seleccionado,,Consultar
3,Licenciatura 2026,302,30200045,CIENCIAS DE LA COMUNICACION,FACULTAD DE CIENCIAS POLÍTICAS Y SOCIALES,Escolarizado,https://www.dgae.unam.mx/Licenciatura2026/resultados/3/30200045.html,69,1682,1401,109,77,229178,99,,No seleccionado,,Consultar
3,Licenciatura 2026,302,30200045,CIENCIAS DE LA COMUNICACION,FACULTAD DE CIENCIAS POLÍTICAS Y SOCIALES,Escolarizado,https://www.dgae.unam.mx/Licenciatura2026/resultados/3/30200045.html,69,1682,1401,109,77,229188,42,,No seleccionado,,Consultar
3,Licenciatura 2026,302,30200045,CIENCIAS DE LA COMUNICACION,FACULTAD DE CIENCIAS POLÍTICAS Y SOCIALES,Escolarizado,https://www.dgae.unam.mx/Licenciatura2026/resultados/3/30200045.html,69,1682,1401,109,77,229194,99,,No seleccionado,,Consultar
3,Licenciatura 2026,302,30200045,CIENCIAS DE LA COMUNICACION,FACULTAD DE CIENCIAS POLÍTICAS Y SOCIALES,Escolarizado,https://www.dgae.unam.mx/Licenciatura2026/resultados/3/30200045.html,69,1682,1401,109,77,229221,65,,No seleccionado,,Consultar
3,Licenciatura 2026,302,30200045,CIENCIAS DE LA COMUNICACION,FACULTAD DE CIENCIAS POLÍTICAS Y SOCIALES,Escolarizado,https://www.dgae.unam.mx/Licenciatura2026/resultados/3/30200045.html,69,1682,1401,109,77,229233,95,,No seleccionado,,Consultar
3,Licenciatura 2026,302,30200045,CIENCIAS DE LA COMUNICACION,FACULTAD DE CIENCIAS POLÍTICAS Y SOCIALES,Escolarizado,https://www.dgae.unam.mx/Licenciatura2026/resultados/3/30200045.html,69,1682,1401,109,77,229234,95,,No seleccionado,,Consultar
3,Licenciatura 2026,302,30200045,CIENCIAS DE LA COMUNICACION,FACULTAD DE CIENCIAS POLÍTICAS Y SOCIALES,Escolarizado,https://www.dgae.unam.mx/Licenciatura2026/resultados/3/30200045.html,69,1682,1401,109,77,229242,26,,No seleccionado,,Consultar
3,Licenciatura 2026,302,30200045,CIENCIAS DE LA COMUNICACION,FACULTAD DE CIENCIAS POLÍTICAS Y SOCIALES,Escolarizado,https://www.dgae.unam.mx/Licenciatura2026/resultados/3/30200045.html,69,1682,1401,109,77,229264,84,,No seleccionado,,Consultar
3,Licenciatura 2026,302,30200045,CIENCIAS DE LA COMUNICACION,FACULTAD DE CIENCIAS POLÍTICAS Y SOCIALES,Escolarizado,https://www.dgae.unam.mx/Licenciatura2026/resultados/3/30200045.html,69,1682,1401,109,77,229310,58,,No seleccionado,,Consultar
3,Licenciatura 2026,302,30200045,CIENCIAS DE LA COMUNICACION,FACULTAD DE CIENCIAS POLÍTICAS Y SOCIALES,Escolarizado,https://www.dgae.unam.mx/Licenciatura2026/resultados/3/30200045.html,69,1682,1401,109,77,229313,73,,No seleccionado,,Consultar
3,Licenciatura 2026,302,30200045,CIENCIAS DE LA COMUNICACION,FACULTAD DE CIENCIAS POLÍTICAS Y SOCIALES,Escolarizado,https://www.dgae.unam.mx/Licenciatura2026/resultados/3/30200045.html,69,1682,1401,109,77,229315,65,,No seleccionado,,Consultar
3,Licenciatura 2026,302,30200045,CIENCIAS DE LA COMUNICACION,FACULTAD DE CIENCIAS POLÍTICAS Y SOCIALES,Escolarizado,https://www.dgae.unam.mx/Licenciatura2026/resultados/3/30200045.html,69,1682,1401,109,77,229341,92,,No seleccionado,,Consultar
3,Licenciatura 2026,302,30200045,CIENCIAS DE LA COMUNICACION,FACULTAD DE CIENCIAS POLÍTICAS Y SOCIALES,Escolarizado,https://www.dgae.unam.mx/Licenciatura2026/resultados/3/30200045.html,69,1682,1401,109,77,229354,95,,No seleccionado,,Consultar
3,Licenciatura 2026,302,30200045,CIENCIAS DE LA COMUNICACION,FACULTAD DE CIENCIAS POLÍTICAS Y SOCIALES,Escolarizado,https://www.dgae.unam.mx/Licenciatura2026/resultados/3/30200045.html,69,1682,1401,109,77,229386,91,,No seleccionado,,Consultar
3,Licenciatura 2026,302,30200045,CIENCIAS DE LA COMUNICACION,FACULTAD DE CIENCIAS POLÍTICAS Y SOCIALES,Escolarizado,https://www.dgae.unam.mx/Licenciatura2026/resultados/3/30200045.html,69,1682,1401,109,77,229470,60,,No seleccionado,,Consultar
3,Licenciatura 2026,302,30200045,CIENCIAS DE LA COMUNICACION,FACULTAD DE CIENCIAS POLÍTICAS Y SOCIALES,Escolarizado,https://www.dgae.unam.mx/Licenciatura2026/resultados/3/30200045.html,69,1682,1401,109,77,229482,,N,No presentado,,Consultar
3,Licenciatura 2026,302,30200045,CIENCIAS DE LA COMUNICACION,FACULTAD DE CIENCIAS POLÍTICAS Y SOCIALES,Escolarizado,https://www.dgae.unam.mx/Licenciatura2026/resultados/3/30200045.html,69,1682,1401,109,77,229502,37,,No seleccionado,,Consultar
3,Licenciatura 2026,302,30200045,CIENCIAS DE LA COMUNICACION,FACULTAD DE CIENCIAS POLÍTICAS Y SOCIALES,Escolarizado,https://www.dgae.unam.mx/Licenciatura2026/resultados/3/30200045.html,69,1682,1401,109,77,229534,51,,No seleccionado,,Consultar
3,Licenciatura 2026,302,30200045,CIENCIAS DE LA COMUNICACION,FACULTAD DE CIENCIAS POLÍTICAS Y SOCIALES,Escolarizado,https://www.dgae.unam.mx/Licenciatura2026/resultados/3/30200045.html,69,1682,1401,109,77,229541,54,,No seleccionado,,Consultar
3,Licenciatura 2026,302,30200045,CIENCIAS DE LA COMUNICACION,FACULTAD DE CIENCIAS POLÍTICAS Y SOCIALES,Escolarizado,https://www.dgae.unam.mx/Licenciatura2026/resultados/3/30200045.html,69,1682,1401,109,77,229581,41,,No seleccionado,,Consultar
3,Licenciatura 2026,302,30200045,CIENCIAS DE LA COMUNICACION,FACULTAD DE CIENCIAS POLÍTICAS Y SOCIALES,Escolarizado,https://www.dgae.unam.mx/Licenciatura2026/resultados/3/30200045.html,69,1682,1401,109,77,229609,,N,No presentado,,Consultar
3,Licenciatura 2026,302,30200045,CIENCIAS DE LA COMUNICACION,FACULTAD DE CIENCIAS POLÍTICAS Y SOCIALES,Escolarizado,https://www.dgae.unam.mx/Licenciatura2026/resultados/3/30200045.html,69,1682,1401,109,77,229663,45,,No seleccionado,,Consultar
3,Licenciatura 2026,302,30200045,CIENCIAS DE LA COMUNICACION,FACULTAD DE CIENCIAS POLÍTICAS Y SOCIALES,Escolarizado,https://www.dgae.unam.mx/Licenciatura2026/resultados/3/30200045.html,69,1682,1401,109,77,229683,,C,Cancelado,,Consultar
3,Licenciatura 2026,302,30200045,CIENCIAS DE LA COMUNICACION,FACULTAD DE CIENCIAS POLÍTICAS Y SOCIALES,Escolarizado,https://www.dgae.unam.mx/Licenciatura2026/resultados/3/30200045.html,69,1682,1401,109,77,229717,47,,No seleccionado,,Consultar
3,Licenciatura 2026,302,30200045,CIENCIAS DE LA COMUNICACION,FACULTAD DE CIENCIAS POLÍTICAS Y SOCIALES,Escolarizado,https://www.dgae.unam.mx/Licenciatura2026/resultados/3/30200045.html,69,1682,1401,109,77,229726,95,,No seleccionado,,Consultar
3,Licenciatura 2026,302,30200045,CIENCIAS DE LA COMUNICACION,FACULTAD DE CIENCIAS POLÍTICAS Y SOCIALES,Escolarizado,https://www.dgae.unam.mx/Licenciatura2026/resultados/3/30200045.html,69,1682,1401,109,77,229760,,N,No presentado,,Consultar
3,Licenciatura 2026,302,30200045,CIENCIAS DE LA COMUNICACION,FACULTAD DE CIENCIAS POLÍTICAS Y SOCIALES,Escolarizado,https://www.dgae.unam.mx/Licenciatura2026/resultados/3/30200045.html,69,1682,1401,109,77,229803,42,,No seleccionado,,Consultar
3,Licenciatura 2026,302,30200045,CIENCIAS DE LA COMUNICACION,FACULTAD DE CIENCIAS POLÍTICAS Y SOCIALES,Escolarizado,https://www.dgae.unam.mx/Licenciatura2026/resultados/3/30200045.html,69,1682,1401,109,77,229873,47,,No seleccionado,,Consultar
3,Licenciatura 2026,302,30200045,CIENCIAS DE LA COMUNICACION,FACULTAD DE CIENCIAS POLÍTICAS Y SOCIALES,Escolarizado,https://www.dgae.unam.mx/Licenciatura2026/resultados/3/30200045.html,69,1682,1401,109,77,229921,97,,No seleccionado,,Consultar
3,Licenciatura 2026,302,30200045,CIENCIAS DE LA COMUNICACION,FACULTAD DE CIENCIAS POLÍTICAS Y SOCIALES,Escolarizado,https://www.dgae.unam.mx/Licenciatura2026/resultados/3/30200045.html,69,1682,1401,109,77,229922,97,,No seleccionado,,Consultar
3,Licenciatura 2026,302,30200045,CIENCIAS DE LA COMUNICACION,FACULTAD DE CIENCIAS POLÍTICAS Y SOCIALES,Escolarizado,https://www.dgae.unam.mx/Licenciatura2026/resultados/3/30200045.html,69,1682,1401,109,77,229945,,N,No presentado,,Consultar
3,Licenciatura 2026,302,30200045,CIENCIAS DE LA COMUNICACION,FACULTAD DE CIENCIAS POLÍTICAS Y SOCIALES,Escolarizado,https://www.dgae.unam.mx/Licenciatura2026/resultados/3/30200045.html,69,1682,1401,109,77,229961,67,,No seleccionado,,Consultar
3,Licenciatura 2026,302,30200045,CIENCIAS DE LA COMUNICACION,FACULTAD DE CIENCIAS POLÍTICAS Y SOCIALES,Escolarizado,https://www.dgae.unam.mx/Licenciatura2026/resultados/3/30200045.html,69,1682,1401,109,77,229970,92,,No seleccionado,,Consultar
3,Licenciatura 2026,302,30200045,CIENCIAS DE LA COMUNICACION,FACULTAD DE CIENCIAS POLÍTICAS Y SOCIALES,Escolarizado,https://www.dgae.unam.mx/Licenciatura2026/resultados/3/30200045.html,69,1682,1401,109,77,230029,76,,No seleccionado,,Consultar
3,Licenciatura 2026,302,30200045,CIENCIAS DE LA COMUNICACION,FACULTAD DE CIENCIAS POLÍTICAS Y SOCIALES,Escolarizado,https://www.dgae.unam.mx/Licenciatura2026/resultados/3/30200045.html,69,1682,1401,109,77,230061,111,S,Seleccionado,,Consultar
3,Licenciatura 2026,302,30200045,CIENCIAS DE LA COMUNICACION,FACULTAD DE CIENCIAS POLÍTICAS Y SOCIALES,Escolarizado,https://www.dgae.unam.mx/Licenciatura2026/resultados/3/30200045.html,69,1682,1401,109,77,230079,51,,No seleccionado,,Consultar
3,Licenciatura 2026,302,30200045,CIENCIAS DE LA COMUNICACION,FACULTAD DE CIENCIAS POLÍTICAS Y SOCIALES,Escolarizado,https://www.dgae.unam.mx/Licenciatura2026/resultados/3/30200045.html,69,1682,1401,109,77,230081,73,,No seleccionado,,Consultar
3,Licenciatura 2026,302,30200045,CIENCIAS DE LA COMUNICACION,FACULTAD DE CIENCIAS POLÍTICAS Y SOCIALES,Escolarizado,https://www.dgae.unam.mx/Licenciatura2026/resultados/3/30200045.html,69,1682,1401,109,77,230137,,N,No presentado,,Consultar
3,Licenciatura 2026,302,30200045,CIENCIAS DE LA COMUNICACION,FACULTAD DE CIENCIAS POLÍTICAS Y SOCIALES,Escolarizado,https://www.dgae.unam.mx/Licenciatura2026/resultados/3/30200045.html,69,1682,1401,109,77,230171,73,,No seleccionado,,Consultar
3,Licenciatura 2026,302,30200045,CIENCIAS DE LA COMUNICACION,FACULTAD DE CIENCIAS POLÍTICAS Y SOCIALES,Escolarizado,https://www.dgae.unam.mx/Licenciatura2026/resultados/3/30200045.html,69,1682,1401,109,77,230174,39,,No seleccionado,,Consultar
3,Licenciatura 2026,302,30200045,CIENCIAS DE LA COMUNICACION,FACULTAD DE CIENCIAS POLÍTICAS Y SOCIALES,Escolarizado,https://www.dgae.unam.mx/Licenciatura2026/resultados/3/30200045.html,69,1682,1401,109,77,230185,40,,No seleccionado,,Consultar
3,Licenciatura 2026,302,30200045,CIENCIAS DE LA COMUNICACION,FACULTAD DE CIENCIAS POLÍTICAS Y SOCIALES,Escolarizado,https://www.dgae.unam.mx/Licenciatura2026/resultados/3/30200045.html,69,1682,1401,109,77,230205,,N,No presentado,,Consultar
3,Licenciatura 2026,302,30200045,CIENCIAS DE LA COMUNICACION,FACULTAD DE CIENCIAS POLÍTICAS Y SOCIALES,Escolarizado,https://www.dgae.unam.mx/Licenciatura2026/resultados/3/30200045.html,69,1682,1401,109,77,230257,32,,No seleccionado,,Consultar
3,Licenciatura 2026,302,30200045,CIENCIAS DE LA COMUNICACION,FACULTAD DE CIENCIAS POLÍTICAS Y SOCIALES,Escolarizado,https://www.dgae.unam.mx/Licenciatura2026/resultados/3/30200045.html,69,1682,1401,109,77,230287,73,,No seleccionado,,Consultar
3,Licenciatura 2026,302,30200045,CIENCIAS DE LA COMUNICACION,FACULTAD DE CIENCIAS POLÍTICAS Y SOCIALES,Escolarizado,https://www.dgae.unam.mx/Licenciatura2026/resultados/3/30200045.html,69,1682,1401,109,77,230288,103,,No seleccionado,,Consultar
3,Licenciatura 2026,302,30200045,CIENCIAS DE LA COMUNICACION,FACULTAD DE CIENCIAS POLÍTICAS Y SOCIALES,Escolarizado,https://www.dgae.unam.mx/Licenciatura2026/resultados/3/30200045.html,69,1682,1401,109,77,230290,73,,No seleccionado,,Consultar
3,Licenciatura 2026,302,30200045,CIENCIAS DE LA COMUNICACION,FACULTAD DE CIENCIAS POLÍTICAS Y SOCIALES,Escolarizado,https://www.dgae.unam.mx/Licenciatura2026/resultados/3/30200045.html,69,1682,1401,109,77,230299,45,,No seleccionado,,Consultar
3,Licenciatura 2026,302,30200045,CIENCIAS DE LA COMUNICACION,FACULTAD DE CIENCIAS POLÍTICAS Y SOCIALES,Escolarizado,https://www.dgae.unam.mx/Licenciatura2026/resultados/3/30200045.html,69,1682,1401,109,77,230301,109,S,Seleccionado,Cita para entregar documentación.,Consultar
3,Licenciatura 2026,302,30200045,CIENCIAS DE LA COMUNICACION,FACULTAD DE CIENCIAS POLÍTICAS Y SOCIALES,Escolarizado,https://www.dgae.unam.mx/Licenciatura2026/resultados/3/30200045.html,69,1682,1401,109,77,230346,48,,No seleccionado,,Consultar
3,Licenciatura 2026,302,30200045,CIENCIAS DE LA COMUNICACION,FACULTAD DE CIENCIAS POLÍTICAS Y SOCIALES,Escolarizado,https://www.dgae.unam.mx/Licenciatura2026/resultados/3/30200045.html,69,1682,1401,109,77,230379,35,,No seleccionado,,Consultar
3,Licenciatura 2026,302,30200045,CIENCIAS DE LA COMUNICACION,FACULTAD DE CIENCIAS POLÍTICAS Y SOCIALES,Escolarizado,https://www.dgae.unam.mx/Licenciatura2026/resultados/3/30200045.html,69,1682,1401,109,77,230437,44,,No seleccionado,,Consultar
3,Licenciatura 2026,302,30200045,CIENCIAS DE LA COMUNICACION,FACULTAD DE CIENCIAS POLÍTICAS Y SOCIALES,Escolarizado,https://www.dgae.unam.mx/Licenciatura2026/resultados/3/30200045.html,69,1682,1401,109,77,230439,76,,No seleccionado,,Consultar
3,Licenciatura 2026,302,30200045,CIENCIAS DE LA COMUNICACION,FACULTAD DE CIENCIAS POLÍTICAS Y SOCIALES,Escolarizado,https://www.dgae.unam.mx/Licenciatura2026/resultados/3/30200045.html,69,1682,1401,109,77,230485,,N,No presentado,,Consultar
3,Licenciatura 2026,302,30200045,CIENCIAS DE LA COMUNICACION,FACULTAD DE CIENCIAS POLÍTICAS Y SOCIALES,Escolarizado,https://www.dgae.unam.mx/Licenciatura2026/resultados/3/30200045.html,69,1682,1401,109,77,230515,100,,No seleccionado,,Consultar
3,Licenciatura 2026,302,30200045,CIENCIAS DE LA COMUNICACION,FACULTAD DE CIENCIAS POLÍTICAS Y SOCIALES,Escolarizado,https://www.dgae.unam.mx/Licenciatura2026/resultados/3/30200045.html,69,1682,1401,109,77,230575,64,,No seleccionado,,Consultar
3,Licenciatura 2026,302,30200045,CIENCIAS DE LA COMUNICACION,FACULTAD DE CIENCIAS POLÍTICAS Y SOCIALES,Escolarizado,https://www.dgae.unam.mx/Licenciatura2026/resultados/3/30200045.html,69,1682,1401,109,77,230622,46,,No seleccionado,,Consultar
3,Licenciatura 2026,302,30200045,CIENCIAS DE LA COMUNICACION,FACULTAD DE CIENCIAS POLÍTICAS Y SOCIALES,Escolarizado,https://www.dgae.unam.mx/Licenciatura2026/resultados/3/30200045.html,69,1682,1401,109,77,230626,99,,No seleccionado,,Consultar
3,Licenciatura 2026,302,30200045,CIENCIAS DE LA COMUNICACION,FACULTAD DE CIENCIAS POLÍTICAS Y SOCIALES,Escolarizado,https://www.dgae.unam.mx/Licenciatura2026/resultados/3/30200045.html,69,1682,1401,109,77,230634,,C,Cancelado,,Consultar
3,Licenciatura 2026,302,30200045,CIENCIAS DE LA COMUNICACION,FACULTAD DE CIENCIAS POLÍTICAS Y SOCIALES,Escolarizado,https://www.dgae.unam.mx/Licenciatura2026/resultados/3/30200045.html,69,1682,1401,109,77,230681,50,,No seleccionado,,Consultar
3,Licenciatura 2026,302,30200045,CIENCIAS DE LA COMUNICACION,FACULTAD DE CIENCIAS POLÍTICAS Y SOCIALES,Escolarizado,https://www.dgae.unam.mx/Licenciatura2026/resultados/3/30200045.html,69,1682,1401,109,77,230692,94,,No seleccionado,,Consultar
3,Licenciatura 2026,302,30200045,CIENCIAS DE LA COMUNICACION,FACULTAD DE CIENCIAS POLÍTICAS Y SOCIALES,Escolarizado,https://www.dgae.unam.mx/Licenciatura2026/resultados/3/30200045.html,69,1682,1401,109,77,230712,,C,Cancelado,,Consultar
3,Licenciatura 2026,302,30200045,CIENCIAS DE LA COMUNICACION,FACULTAD DE CIENCIAS POLÍTICAS Y SOCIALES,Escolarizado,https://www.dgae.unam.mx/Licenciatura2026/resultados/3/30200045.html,69,1682,1401,109,77,230742,,N,No presentado,,Consultar
3,Licenciatura 2026,302,30200045,CIENCIAS DE LA COMUNICACION,FACULTAD DE CIENCIAS POLÍTICAS Y SOCIALES,Escolarizado,https://www.dgae.unam.mx/Licenciatura2026/resultados/3/30200045.html,69,1682,1401,109,77,230760,79,,No seleccionado,,Consultar
3,Licenciatura 2026,302,30200045,CIENCIAS DE LA COMUNICACION,FACULTAD DE CIENCIAS POLÍTICAS Y SOCIALES,Escolarizado,https://www.dgae.unam.mx/Licenciatura2026/resultados/3/30200045.html,69,1682,1401,109,77,230784,86,,No seleccionado,,Consultar
3,Licenciatura 2026,302,30200045,CIENCIAS DE LA COMUNICACION,FACULTAD DE CIENCIAS POLÍTICAS Y SOCIALES,Escolarizado,https://www.dgae.unam.mx/Licenciatura2026/resultados/3/30200045.html,69,1682,1401,109,77,230785,76,,No seleccionado,,Consultar
3,Licenciatura 2026,302,30200045,CIENCIAS DE LA COMUNICACION,FACULTAD DE CIENCIAS POLÍTICAS Y SOCIALES,Escolarizado,https://www.dgae.unam.mx/Licenciatura2026/resultados/3/30200045.html,69,1682,1401,109,77,230850,103,,No seleccionado,,Consultar
3,Licenciatura 2026,302,30200045,CIENCIAS DE LA COMUNICACION,FACULTAD DE CIENCIAS POLÍTICAS Y SOCIALES,Escolarizado,https://www.dgae.unam.mx/Licenciatura2026/resultados/3/30200045.html,69,1682,1401,109,77,230874,76,,No seleccionado,,Consultar
3,Licenciatura 2026,302,30200045,CIENCIAS DE LA COMUNICACION,FACULTAD DE CIENCIAS POLÍTICAS Y SOCIALES,Escolarizado,https://www.dgae.unam.mx/Licenciatura2026/resultados/3/30200045.html,69,1682,1401,109,77,230878,,N,No presentado,,Consultar
3,Licenciatura 2026,302,30200045,CIENCIAS DE LA COMUNICACION,FACULTAD DE CIENCIAS POLÍTICAS Y SOCIALES,Escolarizado,https://www.dgae.unam.mx/Licenciatura2026/resultados/3/30200045.html,69,1682,1401,109,77,230908,80,,No seleccionado,,Consultar
3,Licenciatura 2026,302,30200045,CIENCIAS DE LA COMUNICACION,FACULTAD DE CIENCIAS POLÍTICAS Y SOCIALES,Escolarizado,https://www.dgae.unam.mx/Licenciatura2026/resultados/3/30200045.html,69,1682,1401,109,77,230921,51,,No seleccionado,,Consultar
3,Licenciatura 2026,302,30200045,CIENCIAS DE LA COMUNICACION,FACULTAD DE CIENCIAS POLÍTICAS Y SOCIALES,Escolarizado,https://www.dgae.unam.mx/Licenciatura2026/resultados/3/30200045.html,69,1682,1401,109,77,230961,105,,No seleccionado,,Consultar
3,Licenciatura 2026,302,30200045,CIENCIAS DE LA COMUNICACION,FACULTAD DE CIENCIAS POLÍTICAS Y SOCIALES,Escolarizado,https://www.dgae.unam.mx/Licenciatura2026/resultados/3/30200045.html,69,1682,1401,109,77,230988,80,,No seleccionado,,Consultar
3,Licenciatura 2026,302,30200045,CIENCIAS DE LA COMUNICACION,FACULTAD DE CIENCIAS POLÍTICAS Y SOCIALES,Escolarizado,https://www.dgae.unam.mx/Licenciatura2026/resultados/3/30200045.html,69,1682,1401,109,77,231032,113,S,Seleccionado,,Consultar
3,Licenciatura 2026,302,30200045,CIENCIAS DE LA COMUNICACION,FACULTAD DE CIENCIAS POLÍTICAS Y SOCIALES,Escolarizado,https://www.dgae.unam.mx/Licenciatura2026/resultados/3/30200045.html,69,1682,1401,109,77,231132,96,,No seleccionado,,Consultar
3,Licenciatura 2026,302,30200045,CIENCIAS DE LA COMUNICACION,FACULTAD DE CIENCIAS POLÍTICAS Y SOCIALES,Escolarizado,https://www.dgae.unam.mx/Licenciatura2026/resultados/3/30200045.html,69,1682,1401,109,77,231151,56,,No seleccionado,,Consultar
3,Licenciatura 2026,302,30200045,CIENCIAS DE LA COMUNICACION,FACULTAD DE CIENCIAS POLÍTICAS Y SOCIALES,Escolarizado,https://www.dgae.unam.mx/Licenciatura2026/resultados/3/30200045.html,69,1682,1401,109,77,231164,109,S,Seleccionado,,Consultar
3,Licenciatura 2026,302,30200045,CIENCIAS DE LA COMUNICACION,FACULTAD DE CIENCIAS POLÍTICAS Y SOCIALES,Escolarizado,https://www.dgae.unam.mx/Licenciatura2026/resultados/3/30200045.html,69,1682,1401,109,77,231179,51,,No seleccionado,,Consultar
3,Licenciatura 2026,302,30200045,CIENCIAS DE LA COMUNICACION,FACULTAD DE CIENCIAS POLÍTICAS Y SOCIALES,Escolarizado,https://www.dgae.unam.mx/Licenciatura2026/resultados/3/30200045.html,69,1682,1401,109,77,231180,43,,No seleccionado,,Consultar
3,Licenciatura 2026,302,30200045,CIENCIAS DE LA COMUNICACION,FACULTAD DE CIENCIAS POLÍTICAS Y SOCIALES,Escolarizado,https://www.dgae.unam.mx/Licenciatura2026/resultados/3/30200045.html,69,1682,1401,109,77,231215,,N,No presentado,,Consultar
3,Licenciatura 2026,302,30200045,CIENCIAS DE LA COMUNICACION,FACULTAD DE CIENCIAS POLÍTICAS Y SOCIALES,Escolarizado,https://www.dgae.unam.mx/Licenciatura2026/resultados/3/30200045.html,69,1682,1401,109,77,231229,84,,No seleccionado,,Consultar
3,Licenciatura 2026,302,30200045,CIENCIAS DE LA COMUNICACION,FACULTAD DE CIENCIAS POLÍTICAS Y SOCIALES,Escolarizado,https://www.dgae.unam.mx/Licenciatura2026/resultados/3/30200045.html,69,1682,1401,109,77,231251,89,,No seleccionado,,Consultar
3,Licenciatura 2026,302,30200045,CIENCIAS DE LA COMUNICACION,FACULTAD DE CIENCIAS POLÍTICAS Y SOCIALES,Escolarizado,https://www.dgae.unam.mx/Licenciatura2026/resultados/3/30200045.html,69,1682,1401,109,77,231353,92,,No seleccionado,,Consultar
3,Licenciatura 2026,302,30200045,CIENCIAS DE LA COMUNICACION,FACULTAD DE CIENCIAS POLÍTICAS Y SOCIALES,Escolarizado,https://www.dgae.unam.mx/Licenciatura2026/resultados/3/30200045.html,69,1682,1401,109,77,231379,41,,No seleccionado,,Consultar
3,Licenciatura 2026,302,30200045,CIENCIAS DE LA COMUNICACION,FACULTAD DE CIENCIAS POLÍTICAS Y SOCIALES,Escolarizado,https://www.dgae.unam.mx/Licenciatura2026/resultados/3/30200045.html,69,1682,1401,109,77,231396,44,,No seleccionado,,Consultar
3,Licenciatura 2026,302,30200045,CIENCIAS DE LA COMUNICACION,FACULTAD DE CIENCIAS POLÍTICAS Y SOCIALES,Escolarizado,https://www.dgae.unam.mx/Licenciatura2026/resultados/3/30200045.html,69,1682,1401,109,77,231397,94,,No seleccionado,,Consultar
3,Licenciatura 2026,302,30200045,CIENCIAS DE LA COMUNICACION,FACULTAD DE CIENCIAS POLÍTICAS Y SOCIALES,Escolarizado,https://www.dgae.unam.mx/Licenciatura2026/resultados/3/30200045.html,69,1682,1401,109,77,231416,70,,No seleccionado,,Consultar
3,Licenciatura 2026,302,30200045,CIENCIAS DE LA COMUNICACION,FACULTAD DE CIENCIAS POLÍTICAS Y SOCIALES,Escolarizado,https://www.dgae.unam.mx/Licenciatura2026/resultados/3/30200045.html,69,1682,1401,109,77,231421,103,,No seleccionado,,Consultar
3,Licenciatura 2026,302,30200045,CIENCIAS DE LA COMUNICACION,FACULTAD DE CIENCIAS POLÍTICAS Y SOCIALES,Escolarizado,https://www.dgae.unam.mx/Licenciatura2026/resultados/3/30200045.html,69,1682,1401,109,77,231430,92,,No seleccionado,,Consultar
3,Licenciatura 2026,302,30200045,CIENCIAS DE LA COMUNICACION,FACULTAD DE CIENCIAS POLÍTICAS Y SOCIALES,Escolarizado,https://www.dgae.unam.mx/Licenciatura2026/resultados/3/30200045.html,69,1682,1401,109,77,231438,90,,No seleccionado,,Consultar
3,Licenciatura 2026,302,30200045,CIENCIAS DE LA COMUNICACION,FACULTAD DE CIENCIAS POLÍTICAS Y SOCIALES,Escolarizado,https://www.dgae.unam.mx/Licenciatura2026/resultados/3/30200045.html,69,1682,1401,109,77,231447,98,,No seleccionado,,Consultar
3,Licenciatura 2026,302,30200045,CIENCIAS DE LA COMUNICACION,FACULTAD DE CIENCIAS POLÍTICAS Y SOCIALES,Escolarizado,https://www.dgae.unam.mx/Licenciatura2026/resultados/3/30200045.html,69,1682,1401,109,77,231465,,N,No presentado,,Consultar
3,Licenciatura 2026,302,30200045,CIENCIAS DE LA COMUNICACION,FACULTAD DE CIENCIAS POLÍTICAS Y SOCIALES,Escolarizado,https://www.dgae.unam.mx/Licenciatura2026/resultados/3/30200045.html,69,1682,1401,109,77,231478,96,,No seleccionado,,Consultar
3,Licenciatura 2026,302,30200045,CIENCIAS DE LA COMUNICACION,FACULTAD DE CIENCIAS POLÍTICAS Y SOCIALES,Escolarizado,https://www.dgae.unam.mx/Licenciatura2026/resultados/3/30200045.html,69,1682,1401,109,77,231539,37,,No seleccionado,,Consultar
3,Licenciatura 2026,302,30200045,CIENCIAS DE LA COMUNICACION,FACULTAD DE CIENCIAS POLÍTICAS Y SOCIALES,Escolarizado,https://www.dgae.unam.mx/Licenciatura2026/resultados/3/30200045.html,69,1682,1401,109,77,231589,90,,No seleccionado,,Consultar
3,Licenciatura 2026,302,30200045,CIENCIAS DE LA COMUNICACION,FACULTAD DE CIENCIAS POLÍTICAS Y SOCIALES,Escolarizado,https://www.dgae.unam.mx/Licenciatura2026/resultados/3/30200045.html,69,1682,1401,109,77,231603,74,,No seleccionado,,Consultar
3,Licenciatura 2026,302,30200045,CIENCIAS DE LA COMUNICACION,FACULTAD DE CIENCIAS POLÍTICAS Y SOCIALES,Escolarizado,https://www.dgae.unam.mx/Licenciatura2026/resultados/3/30200045.html,69,1682,1401,109,77,231606,47,,No seleccionado,,Consultar
3,Licenciatura 2026,302,30200045,CIENCIAS DE LA COMUNICACION,FACULTAD DE CIENCIAS POLÍTICAS Y SOCIALES,Escolarizado,https://www.dgae.unam.mx/Licenciatura2026/resultados/3/30200045.html,69,1682,1401,109,77,231612,102,,No seleccionado,,Consultar
3,Licenciatura 2026,302,30200045,CIENCIAS DE LA COMUNICACION,FACULTAD DE CIENCIAS POLÍTICAS Y SOCIALES,Escolarizado,https://www.dgae.unam.mx/Licenciatura2026/resultados/3/30200045.html,69,1682,1401,109,77,231646,113,S,Seleccionado,,Consultar
3,Licenciatura 2026,302,30200045,CIENCIAS DE LA COMUNICACION,FACULTAD DE CIENCIAS POLÍTICAS Y SOCIALES,Escolarizado,https://www.dgae.unam.mx/Licenciatura2026/resultados/3/30200045.html,69,1682,1401,109,77,231801,113,S,Seleccionado,,Consultar
3,Licenciatura 2026,302,30200045,CIENCIAS DE LA COMUNICACION,FACULTAD DE CIENCIAS POLÍTICAS Y SOCIALES,Escolarizado,https://www.dgae.unam.mx/Licenciatura2026/resultados/3/30200045.html,69,1682,1401,109,77,231811,84,,No seleccionado,,Consultar
3,Licenciatura 2026,302,30200045,CIENCIAS DE LA COMUNICACION,FACULTAD DE CIENCIAS POLÍTICAS Y SOCIALES,Escolarizado,https://www.dgae.unam.mx/Licenciatura2026/resultados/3/30200045.html,69,1682,1401,109,77,231832,69,,No seleccionado,,Consultar
3,Licenciatura 2026,302,30200045,CIENCIAS DE LA COMUNICACION,FACULTAD DE CIENCIAS POLÍTICAS Y SOCIALES,Escolarizado,https://www.dgae.unam.mx/Licenciatura2026/resultados/3/30200045.html,69,1682,1401,109,77,231866,,N,No presentado,,Consultar
3,Licenciatura 2026,302,30200045,CIENCIAS DE LA COMUNICACION,FACULTAD DE CIENCIAS POLÍTICAS Y SOCIALES,Escolarizado,https://www.dgae.unam.mx/Licenciatura2026/resultados/3/30200045.html,69,1682,1401,109,77,231949,46,,No seleccionado,,Consultar
3,Licenciatura 2026,302,30200045,CIENCIAS DE LA COMUNICACION,FACULTAD DE CIENCIAS POLÍTICAS Y SOCIALES,Escolarizado,https://www.dgae.unam.mx/Licenciatura2026/resultados/3/30200045.html,69,1682,1401,109,77,231995,106,,No seleccionado,,Consultar
3,Licenciatura 2026,302,30200045,CIENCIAS DE LA COMUNICACION,FACULTAD DE CIENCIAS POLÍTICAS Y SOCIALES,Escolarizado,https://www.dgae.unam.mx/Licenciatura2026/resultados/3/30200045.html,69,1682,1401,109,77,232008,51,,No seleccionado,,Consultar
3,Licenciatura 2026,302,30200045,CIENCIAS DE LA COMUNICACION,FACULTAD DE CIENCIAS POLÍTICAS Y SOCIALES,Escolarizado,https://www.dgae.unam.mx/Licenciatura2026/resultados/3/30200045.html,69,1682,1401,109,77,232038,85,,No seleccionado,,Consultar
3,Licenciatura 2026,302,30200045,CIENCIAS DE LA COMUNICACION,FACULTAD DE CIENCIAS POLÍTICAS Y SOCIALES,Escolarizado,https://www.dgae.unam.mx/Licenciatura2026/resultados/3/30200045.html,69,1682,1401,109,77,232051,101,,No seleccionado,,Consultar
3,Licenciatura 2026,302,30200045,CIENCIAS DE LA COMUNICACION,FACULTAD DE CIENCIAS POLÍTICAS Y SOCIALES,Escolarizado,https://www.dgae.unam.mx/Licenciatura2026/resultados/3/30200045.html,69,1682,1401,109,77,232090,17,,No seleccionado,,Consultar
3,Licenciatura 2026,302,30200045,CIENCIAS DE LA COMUNICACION,FACULTAD DE CIENCIAS POLÍTICAS Y SOCIALES,Escolarizado,https://www.dgae.unam.mx/Licenciatura2026/resultados/3/30200045.html,69,1682,1401,109,77,232164,56,,No seleccionado,,Consultar
3,Licenciatura 2026,302,30200045,CIENCIAS DE LA COMUNICACION,FACULTAD DE CIENCIAS POLÍTICAS Y SOCIALES,Escolarizado,https://www.dgae.unam.mx/Licenciatura2026/resultados/3/30200045.html,69,1682,1401,109,77,232182,35,,No seleccionado,,Consultar
3,Licenciatura 2026,302,30200045,CIENCIAS DE LA COMUNICACION,FACULTAD DE CIENCIAS POLÍTICAS Y SOCIALES,Escolarizado,https://www.dgae.unam.mx/Licenciatura2026/resultados/3/30200045.html,69,1682,1401,109,77,232256,,N,No presentado,,Consultar
3,Licenciatura 2026,302,30200045,CIENCIAS DE LA COMUNICACION,FACULTAD DE CIENCIAS POLÍTICAS Y SOCIALES,Escolarizado,https://www.dgae.unam.mx/Licenciatura2026/resultados/3/30200045.html,69,1682,1401,109,77,232294,105,,No seleccionado,,Consultar
3,Licenciatura 2026,302,30200045,CIENCIAS DE LA COMUNICACION,FACULTAD DE CIENCIAS POLÍTICAS Y SOCIALES,Escolarizado,https://www.dgae.unam.mx/Licenciatura2026/resultados/3/30200045.html,69,1682,1401,109,77,232298,91,,No seleccionado,,Consultar
3,Licenciatura 2026,302,30200045,CIENCIAS DE LA COMUNICACION,FACULTAD DE CIENCIAS POLÍTICAS Y SOCIALES,Escolarizado,https://www.dgae.unam.mx/Licenciatura2026/resultados/3/30200045.html,69,1682,1401,109,77,232361,84,,No seleccionado,,Consultar
3,Licenciatura 2026,302,30200045,CIENCIAS DE LA COMUNICACION,FACULTAD DE CIENCIAS POLÍTICAS Y SOCIALES,Escolarizado,https://www.dgae.unam.mx/Licenciatura2026/resultados/3/30200045.html,69,1682,1401,109,77,232371,98,,No seleccionado,,Consultar
3,Licenciatura 2026,302,30200045,CIENCIAS DE LA COMUNICACION,FACULTAD DE CIENCIAS POLÍTICAS Y SOCIALES,Escolarizado,https://www.dgae.unam.mx/Licenciatura2026/resultados/3/30200045.html,69,1682,1401,109,77,232402,37,,No seleccionado,,Consultar
3,Licenciatura 2026,302,30200045,CIENCIAS DE LA COMUNICACION,FACULTAD DE CIENCIAS POLÍTICAS Y SOCIALES,Escolarizado,https://www.dgae.unam.mx/Licenciatura2026/resultados/3/30200045.html,69,1682,1401,109,77,232409,49,,No seleccionado,,Consultar
3,Licenciatura 2026,302,30200045,CIENCIAS DE LA COMUNICACION,FACULTAD DE CIENCIAS POLÍTICAS Y SOCIALES,Escolarizado,https://www.dgae.unam.mx/Licenciatura2026/resultados/3/30200045.html,69,1682,1401,109,77,232469,99,,No seleccionado,,Consultar
3,Licenciatura 2026,302,30200045,CIENCIAS DE LA COMUNICACION,FACULTAD DE CIENCIAS POLÍTICAS Y SOCIALES,Escolarizado,https://www.dgae.unam.mx/Licenciatura2026/resultados/3/30200045.html,69,1682,1401,109,77,232512,68,,No seleccionado,,Consultar
3,Licenciatura 2026,302,30200045,CIENCIAS DE LA COMUNICACION,FACULTAD DE CIENCIAS POLÍTICAS Y SOCIALES,Escolarizado,https://www.dgae.unam.mx/Licenciatura2026/resultados/3/30200045.html,69,1682,1401,109,77,232544,101,,No seleccionado,,Consultar
3,Licenciatura 2026,302,30200045,CIENCIAS DE LA COMUNICACION,FACULTAD DE CIENCIAS POLÍTICAS Y SOCIALES,Escolarizado,https://www.dgae.unam.mx/Licenciatura2026/resultados/3/30200045.html,69,1682,1401,109,77,232573,47,,No seleccionado,,Consultar
3,Licenciatura 2026,302,30200045,CIENCIAS DE LA COMUNICACION,FACULTAD DE CIENCIAS POLÍTICAS Y SOCIALES,Escolarizado,https://www.dgae.unam.mx/Licenciatura2026/resultados/3/30200045.html,69,1682,1401,109,77,232593,89,,No seleccionado,,Consultar
3,Licenciatura 2026,302,30200045,CIENCIAS DE LA COMUNICACION,FACULTAD DE CIENCIAS POLÍTICAS Y SOCIALES,Escolarizado,https://www.dgae.unam.mx/Licenciatura2026/resultados/3/30200045.html,69,1682,1401,109,77,232674,77,,No seleccionado,,Consultar
3,Licenciatura 2026,302,30200045,CIENCIAS DE LA COMUNICACION,FACULTAD DE CIENCIAS POLÍTICAS Y SOCIALES,Escolarizado,https://www.dgae.unam.mx/Licenciatura2026/resultados/3/30200045.html,69,1682,1401,109,77,232747,50,,No seleccionado,,Consultar
3,Licenciatura 2026,302,30200045,CIENCIAS DE LA COMUNICACION,FACULTAD DE CIENCIAS POLÍTICAS Y SOCIALES,Escolarizado,https://www.dgae.unam.mx/Licenciatura2026/resultados/3/30200045.html,69,1682,1401,109,77,232779,39,,No seleccionado,,Consultar
3,Licenciatura 2026,302,30200045,CIENCIAS DE LA COMUNICACION,FACULTAD DE CIENCIAS POLÍTICAS Y SOCIALES,Escolarizado,https://www.dgae.unam.mx/Licenciatura2026/resultados/3/30200045.html,69,1682,1401,109,77,232788,67,,No seleccionado,,Consultar
3,Licenciatura 2026,302,30200045,CIENCIAS DE LA COMUNICACION,FACULTAD DE CIENCIAS POLÍTICAS Y SOCIALES,Escolarizado,https://www.dgae.unam.mx/Licenciatura2026/resultados/3/30200045.html,69,1682,1401,109,77,232799,40,,No seleccionado,,Consultar
3,Licenciatura 2026,302,30200045,CIENCIAS DE LA COMUNICACION,FACULTAD DE CIENCIAS POLÍTICAS Y SOCIALES,Escolarizado,https://www.dgae.unam.mx/Licenciatura2026/resultados/3/30200045.html,69,1682,1401,109,77,232810,64,,No seleccionado,,Consultar
3,Licenciatura 2026,302,30200045,CIENCIAS DE LA COMUNICACION,FACULTAD DE CIENCIAS POLÍTICAS Y SOCIALES,Escolarizado,https://www.dgae.unam.mx/Licenciatura2026/resultados/3/30200045.html,69,1682,1401,109,77,232874,,N,No presentado,,Consultar
3,Licenciatura 2026,302,30200045,CIENCIAS DE LA COMUNICACION,FACULTAD DE CIENCIAS POLÍTICAS Y SOCIALES,Escolarizado,https://www.dgae.unam.mx/Licenciatura2026/resultados/3/30200045.html,69,1682,1401,109,77,232932,58,,No seleccionado,,Consultar
3,Licenciatura 2026,302,30200045,CIENCIAS DE LA COMUNICACION,FACULTAD DE CIENCIAS POLÍTICAS Y SOCIALES,Escolarizado,https://www.dgae.unam.mx/Licenciatura2026/resultados/3/30200045.html,69,1682,1401,109,77,232951,,N,No presentado,,Consultar
3,Licenciatura 2026,302,30200045,CIENCIAS DE LA COMUNICACION,FACULTAD DE CIENCIAS POLÍTICAS Y SOCIALES,Escolarizado,https://www.dgae.unam.mx/Licenciatura2026/resultados/3/30200045.html,69,1682,1401,109,77,232994,100,,No seleccionado,,Consultar
3,Licenciatura 2026,302,30200045,CIENCIAS DE LA COMUNICACION,FACULTAD DE CIENCIAS POLÍTICAS Y SOCIALES,Escolarizado,https://www.dgae.unam.mx/Licenciatura2026/resultados/3/30200045.html,69,1682,1401,109,77,233057,101,,No seleccionado,,Consultar
3,Licenciatura 2026,302,30200045,CIENCIAS DE LA COMUNICACION,FACULTAD DE CIENCIAS POLÍTICAS Y SOCIALES,Escolarizado,https://www.dgae.unam.mx/Licenciatura2026/resultados/3/30200045.html,69,1682,1401,109,77,233097,112,S,Seleccionado,Cita para entregar documentación.,Consultar
3,Licenciatura 2026,302,30200045,CIENCIAS DE LA COMUNICACION,FACULTAD DE CIENCIAS POLÍTICAS Y SOCIALES,Escolarizado,https://www.dgae.unam.mx/Licenciatura2026/resultados/3/30200045.html,69,1682,1401,109,77,233128,38,,No seleccionado,,Consultar
3,Licenciatura 2026,302,30200045,CIENCIAS DE LA COMUNICACION,FACULTAD DE CIENCIAS POLÍTICAS Y SOCIALES,Escolarizado,https://www.dgae.unam.mx/Licenciatura2026/resultados/3/30200045.html,69,1682,1401,109,77,233171,99,,No seleccionado,,Consultar
3,Licenciatura 2026,302,30200045,CIENCIAS DE LA COMUNICACION,FACULTAD DE CIENCIAS POLÍTICAS Y SOCIALES,Escolarizado,https://www.dgae.unam.mx/Licenciatura2026/resultados/3/30200045.html,69,1682,1401,109,77,233200,87,,No seleccionado,,Consultar
3,Licenciatura 2026,302,30200045,CIENCIAS DE LA COMUNICACION,FACULTAD DE CIENCIAS POLÍTICAS Y SOCIALES,Escolarizado,https://www.dgae.unam.mx/Licenciatura2026/resultados/3/30200045.html,69,1682,1401,109,77,233289,60,,No seleccionado,,Consultar
3,Licenciatura 2026,302,30200045,CIENCIAS DE LA COMUNICACION,FACULTAD DE CIENCIAS POLÍTICAS Y SOCIALES,Escolarizado,https://www.dgae.unam.mx/Licenciatura2026/resultados/3/30200045.html,69,1682,1401,109,77,233322,39,,No seleccionado,,Consultar
3,Licenciatura 2026,302,30200045,CIENCIAS DE LA COMUNICACION,FACULTAD DE CIENCIAS POLÍTICAS Y SOCIALES,Escolarizado,https://www.dgae.unam.mx/Licenciatura2026/resultados/3/30200045.html,69,1682,1401,109,77,233336,56,,No seleccionado,,Consultar
3,Licenciatura 2026,302,30200045,CIENCIAS DE LA COMUNICACION,FACULTAD DE CIENCIAS POLÍTICAS Y SOCIALES,Escolarizado,https://www.dgae.unam.mx/Licenciatura2026/resultados/3/30200045.html,69,1682,1401,109,77,233494,57,,No seleccionado,,Consultar
3,Licenciatura 2026,302,30200045,CIENCIAS DE LA COMUNICACION,FACULTAD DE CIENCIAS POLÍTICAS Y SOCIALES,Escolarizado,https://www.dgae.unam.mx/Licenciatura2026/resultados/3/30200045.html,69,1682,1401,109,77,233504,40,,No seleccionado,,Consultar
3,Licenciatura 2026,302,30200045,CIENCIAS DE LA COMUNICACION,FACULTAD DE CIENCIAS POLÍTICAS Y SOCIALES,Escolarizado,https://www.dgae.unam.mx/Licenciatura2026/resultados/3/30200045.html,69,1682,1401,109,77,233530,45,,No seleccionado,,Consultar
3,Licenciatura 2026,302,30200045,CIENCIAS DE LA COMUNICACION,FACULTAD DE CIENCIAS POLÍTICAS Y SOCIALES,Escolarizado,https://www.dgae.unam.mx/Licenciatura2026/resultados/3/30200045.html,69,1682,1401,109,77,233537,56,,No seleccionado,,Consultar
3,Licenciatura 2026,302,30200045,CIENCIAS DE LA COMUNICACION,FACULTAD DE CIENCIAS POLÍTICAS Y SOCIALES,Escolarizado,https://www.dgae.unam.mx/Licenciatura2026/resultados/3/30200045.html,69,1682,1401,109,77,233640,99,,No seleccionado,,Consultar
3,Licenciatura 2026,302,30200045,CIENCIAS DE LA COMUNICACION,FACULTAD DE CIENCIAS POLÍTICAS Y SOCIALES,Escolarizado,https://www.dgae.unam.mx/Licenciatura2026/resultados/3/30200045.html,69,1682,1401,109,77,233688,90,,No seleccionado,,Consultar
3,Licenciatura 2026,302,30200045,CIENCIAS DE LA COMUNICACION,FACULTAD DE CIENCIAS POLÍTICAS Y SOCIALES,Escolarizado,https://www.dgae.unam.mx/Licenciatura2026/resultados/3/30200045.html,69,1682,1401,109,77,233764,69,,No seleccionado,,Consultar
3,Licenciatura 2026,302,30200045,CIENCIAS DE LA COMUNICACION,FACULTAD DE CIENCIAS POLÍTICAS Y SOCIALES,Escolarizado,https://www.dgae.unam.mx/Licenciatura2026/resultados/3/30200045.html,69,1682,1401,109,77,233774,47,,No seleccionado,,Consultar
3,Licenciatura 2026,302,30200045,CIENCIAS DE LA COMUNICACION,FACULTAD DE CIENCIAS POLÍTICAS Y SOCIALES,Escolarizado,https://www.dgae.unam.mx/Licenciatura2026/resultados/3/30200045.html,69,1682,1401,109,77,233791,88,,No seleccionado,,Consultar
3,Licenciatura 2026,302,30200045,CIENCIAS DE LA COMUNICACION,FACULTAD DE CIENCIAS POLÍTICAS Y SOCIALES,Escolarizado,https://www.dgae.unam.mx/Licenciatura2026/resultados/3/30200045.html,69,1682,1401,109,77,233842,105,,No seleccionado,,Consultar
3,Licenciatura 2026,302,30200045,CIENCIAS DE LA COMUNICACION,FACULTAD DE CIENCIAS POLÍTICAS Y SOCIALES,Escolarizado,https://www.dgae.unam.mx/Licenciatura2026/resultados/3/30200045.html,69,1682,1401,109,77,233879,53,,No seleccionado,,Consultar
3,Licenciatura 2026,302,30200045,CIENCIAS DE LA COMUNICACION,FACULTAD DE CIENCIAS POLÍTICAS Y SOCIALES,Escolarizado,https://www.dgae.unam.mx/Licenciatura2026/resultados/3/30200045.html,69,1682,1401,109,77,233922,35,,No seleccionado,,Consultar
3,Licenciatura 2026,302,30200045,CIENCIAS DE LA COMUNICACION,FACULTAD DE CIENCIAS POLÍTICAS Y SOCIALES,Escolarizado,https://www.dgae.unam.mx/Licenciatura2026/resultados/3/30200045.html,69,1682,1401,109,77,234011,,N,No presentado,,Consultar
3,Licenciatura 2026,302,30200045,CIENCIAS DE LA COMUNICACION,FACULTAD DE CIENCIAS POLÍTICAS Y SOCIALES,Escolarizado,https://www.dgae.unam.mx/Licenciatura2026/resultados/3/30200045.html,69,1682,1401,109,77,234049,96,,No seleccionado,,Consultar
3,Licenciatura 2026,302,30200045,CIENCIAS DE LA COMUNICACION,FACULTAD DE CIENCIAS POLÍTICAS Y SOCIALES,Escolarizado,https://www.dgae.unam.mx/Licenciatura2026/resultados/3/30200045.html,69,1682,1401,109,77,234098,99,,No seleccionado,,Consultar
3,Licenciatura 2026,302,30200045,CIENCIAS DE LA COMUNICACION,FACULTAD DE CIENCIAS POLÍTICAS Y SOCIALES,Escolarizado,https://www.dgae.unam.mx/Licenciatura2026/resultados/3/30200045.html,69,1682,1401,109,77,234103,43,,No seleccionado,,Consultar
3,Licenciatura 2026,302,30200045,CIENCIAS DE LA COMUNICACION,FACULTAD DE CIENCIAS POLÍTICAS Y SOCIALES,Escolarizado,https://www.dgae.unam.mx/Licenciatura2026/resultados/3/30200045.html,69,1682,1401,109,77,234112,62,,No seleccionado,,Consultar
3,Licenciatura 2026,302,30200045,CIENCIAS DE LA COMUNICACION,FACULTAD DE CIENCIAS POLÍTICAS Y SOCIALES,Escolarizado,https://www.dgae.unam.mx/Licenciatura2026/resultados/3/30200045.html,69,1682,1401,109,77,234117,50,,No seleccionado,,Consultar
3,Licenciatura 2026,302,30200045,CIENCIAS DE LA COMUNICACION,FACULTAD DE CIENCIAS POLÍTICAS Y SOCIALES,Escolarizado,https://www.dgae.unam.mx/Licenciatura2026/resultados/3/30200045.html,69,1682,1401,109,77,234150,69,,No seleccionado,,Consultar
3,Licenciatura 2026,302,30200045,CIENCIAS DE LA COMUNICACION,FACULTAD DE CIENCIAS POLÍTICAS Y SOCIALES,Escolarizado,https://www.dgae.unam.mx/Licenciatura2026/resultados/3/30200045.html,69,1682,1401,109,77,234160,,N,No presentado,,Consultar
3,Licenciatura 2026,302,30200045,CIENCIAS DE LA COMUNICACION,FACULTAD DE CIENCIAS POLÍTICAS Y SOCIALES,Escolarizado,https://www.dgae.unam.mx/Licenciatura2026/resultados/3/30200045.html,69,1682,1401,109,77,234176,72,,No seleccionado,,Consultar
3,Licenciatura 2026,302,30200045,CIENCIAS DE LA COMUNICACION,FACULTAD DE CIENCIAS POLÍTICAS Y SOCIALES,Escolarizado,https://www.dgae.unam.mx/Licenciatura2026/resultados/3/30200045.html,69,1682,1401,109,77,234280,102,,No seleccionado,,Consultar
3,Licenciatura 2026,302,30200045,CIENCIAS DE LA COMUNICACION,FACULTAD DE CIENCIAS POLÍTICAS Y SOCIALES,Escolarizado,https://www.dgae.unam.mx/Licenciatura2026/resultados/3/30200045.html,69,1682,1401,109,77,234310,72,,No seleccionado,,Consultar
3,Licenciatura 2026,302,30200045,CIENCIAS DE LA COMUNICACION,FACULTAD DE CIENCIAS POLÍTICAS Y SOCIALES,Escolarizado,https://www.dgae.unam.mx/Licenciatura2026/resultados/3/30200045.html,69,1682,1401,109,77,234320,82,,No seleccionado,,Consultar
3,Licenciatura 2026,302,30200045,CIENCIAS DE LA COMUNICACION,FACULTAD DE CIENCIAS POLÍTICAS Y SOCIALES,Escolarizado,https://www.dgae.unam.mx/Licenciatura2026/resultados/3/30200045.html,69,1682,1401,109,77,234334,,N,No presentado,,Consultar
3,Licenciatura 2026,302,30200045,CIENCIAS DE LA COMUNICACION,FACULTAD DE CIENCIAS POLÍTICAS Y SOCIALES,Escolarizado,https://www.dgae.unam.mx/Licenciatura2026/resultados/3/30200045.html,69,1682,1401,109,77,234348,,C,Cancelado,,Consultar
3,Licenciatura 2026,302,30200045,CIENCIAS DE LA COMUNICACION,FACULTAD DE CIENCIAS POLÍTICAS Y SOCIALES,Escolarizado,https://www.dgae.unam.mx/Licenciatura2026/resultados/3/30200045.html,69,1682,1401,109,77,234428,108,,No seleccionado,,Consultar
3,Licenciatura 2026,302,30200045,CIENCIAS DE LA COMUNICACION,FACULTAD DE CIENCIAS POLÍTICAS Y SOCIALES,Escolarizado,https://www.dgae.unam.mx/Licenciatura2026/resultados/3/30200045.html,69,1682,1401,109,77,234431,85,,No seleccionado,,Consultar
3,Licenciatura 2026,302,30200045,CIENCIAS DE LA COMUNICACION,FACULTAD DE CIENCIAS POLÍTICAS Y SOCIALES,Escolarizado,https://www.dgae.unam.mx/Licenciatura2026/resultados/3/30200045.html,69,1682,1401,109,77,234443,83,,No seleccionado,,Consultar
3,Licenciatura 2026,302,30200045,CIENCIAS DE LA COMUNICACION,FACULTAD DE CIENCIAS POLÍTICAS Y SOCIALES,Escolarizado,https://www.dgae.unam.mx/Licenciatura2026/resultados/3/30200045.html,69,1682,1401,109,77,234456,,N,No presentado,,Consultar
3,Licenciatura 2026,302,30200045,CIENCIAS DE LA COMUNICACION,FACULTAD DE CIENCIAS POLÍTICAS Y SOCIALES,Escolarizado,https://www.dgae.unam.mx/Licenciatura2026/resultados/3/30200045.html,69,1682,1401,109,77,234476,67,,No seleccionado,,Consultar
3,Licenciatura 2026,302,30200045,CIENCIAS DE LA COMUNICACION,FACULTAD DE CIENCIAS POLÍTICAS Y SOCIALES,Escolarizado,https://www.dgae.unam.mx/Licenciatura2026/resultados/3/30200045.html,69,1682,1401,109,77,234507,100,,No seleccionado,,Consultar
3,Licenciatura 2026,302,30200045,CIENCIAS DE LA COMUNICACION,FACULTAD DE CIENCIAS POLÍTICAS Y SOCIALES,Escolarizado,https://www.dgae.unam.mx/Licenciatura2026/resultados/3/30200045.html,69,1682,1401,109,77,234522,74,,No seleccionado,,Consultar
3,Licenciatura 2026,302,30200045,CIENCIAS DE LA COMUNICACION,FACULTAD DE CIENCIAS POLÍTICAS Y SOCIALES,Escolarizado,https://www.dgae.unam.mx/Licenciatura2026/resultados/3/30200045.html,69,1682,1401,109,77,234567,45,,No seleccionado,,Consultar
3,Licenciatura 2026,302,30200045,CIENCIAS DE LA COMUNICACION,FACULTAD DE CIENCIAS POLÍTICAS Y SOCIALES,Escolarizado,https://www.dgae.unam.mx/Licenciatura2026/resultados/3/30200045.html,69,1682,1401,109,77,234580,62,,No seleccionado,,Consultar
3,Licenciatura 2026,302,30200045,CIENCIAS DE LA COMUNICACION,FACULTAD DE CIENCIAS POLÍTICAS Y SOCIALES,Escolarizado,https://www.dgae.unam.mx/Licenciatura2026/resultados/3/30200045.html,69,1682,1401,109,77,234619,51,,No seleccionado,,Consultar
3,Licenciatura 2026,302,30200045,CIENCIAS DE LA COMUNICACION,FACULTAD DE CIENCIAS POLÍTICAS Y SOCIALES,Escolarizado,https://www.dgae.unam.mx/Licenciatura2026/resultados/3/30200045.html,69,1682,1401,109,77,234630,75,,No seleccionado,,Consultar
3,Licenciatura 2026,302,30200045,CIENCIAS DE LA COMUNICACION,FACULTAD DE CIENCIAS POLÍTICAS Y SOCIALES,Escolarizado,https://www.dgae.unam.mx/Licenciatura2026/resultados/3/30200045.html,69,1682,1401,109,77,234642,107,,No seleccionado,,Consultar
3,Licenciatura 2026,302,30200045,CIENCIAS DE LA COMUNICACION,FACULTAD DE CIENCIAS POLÍTICAS Y SOCIALES,Escolarizado,https://www.dgae.unam.mx/Licenciatura2026/resultados/3/30200045.html,69,1682,1401,109,77,234647,64,,No seleccionado,,Consultar
3,Licenciatura 2026,302,30200045,CIENCIAS DE LA COMUNICACION,FACULTAD DE CIENCIAS POLÍTICAS Y SOCIALES,Escolarizado,https://www.dgae.unam.mx/Licenciatura2026/resultados/3/30200045.html,69,1682,1401,109,77,234651,85,,No seleccionado,,Consultar
3,Licenciatura 2026,302,30200045,CIENCIAS DE LA COMUNICACION,FACULTAD DE CIENCIAS POLÍTICAS Y SOCIALES,Escolarizado,https://www.dgae.unam.mx/Licenciatura2026/resultados/3/30200045.html,69,1682,1401,109,77,234672,90,,No seleccionado,,Consultar
3,Licenciatura 2026,302,30200045,CIENCIAS DE LA COMUNICACION,FACULTAD DE CIENCIAS POLÍTICAS Y SOCIALES,Escolarizado,https://www.dgae.unam.mx/Licenciatura2026/resultados/3/30200045.html,69,1682,1401,109,77,234699,28,,No seleccionado,,Consultar
3,Licenciatura 2026,302,30200045,CIENCIAS DE LA COMUNICACION,FACULTAD DE CIENCIAS POLÍTICAS Y SOCIALES,Escolarizado,https://www.dgae.unam.mx/Licenciatura2026/resultados/3/30200045.html,69,1682,1401,109,77,234709,54,,No seleccionado,,Consultar
3,Licenciatura 2026,302,30200045,CIENCIAS DE LA COMUNICACION,FACULTAD DE CIENCIAS POLÍTICAS Y SOCIALES,Escolarizado,https://www.dgae.unam.mx/Licenciatura2026/resultados/3/30200045.html,69,1682,1401,109,77,234710,99,,No seleccionado,,Consultar
3,Licenciatura 2026,302,30200045,CIENCIAS DE LA COMUNICACION,FACULTAD DE CIENCIAS POLÍTICAS Y SOCIALES,Escolarizado,https://www.dgae.unam.mx/Licenciatura2026/resultados/3/30200045.html,69,1682,1401,109,77,234717,58,,No seleccionado,,Consultar
3,Licenciatura 2026,302,30200045,CIENCIAS DE LA COMUNICACION,FACULTAD DE CIENCIAS POLÍTICAS Y SOCIALES,Escolarizado,https://www.dgae.unam.mx/Licenciatura2026/resultados/3/30200045.html,69,1682,1401,109,77,234748,3,,No seleccionado,,Consultar
3,Licenciatura 2026,302,30200045,CIENCIAS DE LA COMUNICACION,FACULTAD DE CIENCIAS POLÍTICAS Y SOCIALES,Escolarizado,https://www.dgae.unam.mx/Licenciatura2026/resultados/3/30200045.html,69,1682,1401,109,77,234772,82,,No seleccionado,,Consultar
3,Licenciatura 2026,302,30200045,CIENCIAS DE LA COMUNICACION,FACULTAD DE CIENCIAS POLÍTICAS Y SOCIALES,Escolarizado,https://www.dgae.unam.mx/Licenciatura2026/resultados/3/30200045.html,69,1682,1401,109,77,234775,39,,No seleccionado,,Consultar
3,Licenciatura 2026,302,30200045,CIENCIAS DE LA COMUNICACION,FACULTAD DE CIENCIAS POLÍTICAS Y SOCIALES,Escolarizado,https://www.dgae.unam.mx/Licenciatura2026/resultados/3/30200045.html,69,1682,1401,109,77,234849,80,,No seleccionado,,Consultar
3,Licenciatura 2026,302,30200045,CIENCIAS DE LA COMUNICACION,FACULTAD DE CIENCIAS POLÍTICAS Y SOCIALES,Escolarizado,https://www.dgae.unam.mx/Licenciatura2026/resultados/3/30200045.html,69,1682,1401,109,77,234885,66,,No seleccionado,,Consultar
3,Licenciatura 2026,302,30200045,CIENCIAS DE LA COMUNICACION,FACULTAD DE CIENCIAS POLÍTICAS Y SOCIALES,Escolarizado,https://www.dgae.unam.mx/Licenciatura2026/resultados/3/30200045.html,69,1682,1401,109,77,234962,69,,No seleccionado,,Consultar
3,Licenciatura 2026,302,30200045,CIENCIAS DE LA COMUNICACION,FACULTAD DE CIENCIAS POLÍTICAS Y SOCIALES,Escolarizado,https://www.dgae.unam.mx/Licenciatura2026/resultados/3/30200045.html,69,1682,1401,109,77,235001,54,,No seleccionado,,Consultar
3,Licenciatura 2026,302,30200045,CIENCIAS DE LA COMUNICACION,FACULTAD DE CIENCIAS POLÍTICAS Y SOCIALES,Escolarizado,https://www.dgae.unam.mx/Licenciatura2026/resultados/3/30200045.html,69,1682,1401,109,77,235004,7,,No seleccionado,,Consultar
3,Licenciatura 2026,302,30200045,CIENCIAS DE LA COMUNICACION,FACULTAD DE CIENCIAS POLÍTICAS Y SOCIALES,Escolarizado,https://www.dgae.unam.mx/Licenciatura2026/resultados/3/30200045.html,69,1682,1401,109,77,235016,96,,No seleccionado,,Consultar
3,Licenciatura 2026,302,30200045,CIENCIAS DE LA COMUNICACION,FACULTAD DE CIENCIAS POLÍTICAS Y SOCIALES,Escolarizado,https://www.dgae.unam.mx/Licenciatura2026/resultados/3/30200045.html,69,1682,1401,109,77,235026,102,,No seleccionado,,Consultar
3,Licenciatura 2026,302,30200045,CIENCIAS DE LA COMUNICACION,FACULTAD DE CIENCIAS POLÍTICAS Y SOCIALES,Escolarizado,https://www.dgae.unam.mx/Licenciatura2026/resultados/3/30200045.html,69,1682,1401,109,77,235040,58,,No seleccionado,,Consultar
3,Licenciatura 2026,302,30200045,CIENCIAS DE LA COMUNICACION,FACULTAD DE CIENCIAS POLÍTICAS Y SOCIALES,Escolarizado,https://www.dgae.unam.mx/Licenciatura2026/resultados/3/30200045.html,69,1682,1401,109,77,235081,,N,No presentado,,Consultar
3,Licenciatura 2026,302,30200045,CIENCIAS DE LA COMUNICACION,FACULTAD DE CIENCIAS POLÍTICAS Y SOCIALES,Escolarizado,https://www.dgae.unam.mx/Licenciatura2026/resultados/3/30200045.html,69,1682,1401,109,77,235085,64,,No seleccionado,,Consultar
3,Licenciatura 2026,302,30200045,CIENCIAS DE LA COMUNICACION,FACULTAD DE CIENCIAS POLÍTICAS Y SOCIALES,Escolarizado,https://www.dgae.unam.mx/Licenciatura2026/resultados/3/30200045.html,69,1682,1401,109,77,235100,82,,No seleccionado,,Consultar
3,Licenciatura 2026,302,30200045,CIENCIAS DE LA COMUNICACION,FACULTAD DE CIENCIAS POLÍTICAS Y SOCIALES,Escolarizado,https://www.dgae.unam.mx/Licenciatura2026/resultados/3/30200045.html,69,1682,1401,109,77,235107,100,,No seleccionado,,Consultar
3,Licenciatura 2026,302,30200045,CIENCIAS DE LA COMUNICACION,FACULTAD DE CIENCIAS POLÍTICAS Y SOCIALES,Escolarizado,https://www.dgae.unam.mx/Licenciatura2026/resultados/3/30200045.html,69,1682,1401,109,77,235177,53,,No seleccionado,,Consultar
3,Licenciatura 2026,302,30200045,CIENCIAS DE LA COMUNICACION,FACULTAD DE CIENCIAS POLÍTICAS Y SOCIALES,Escolarizado,https://www.dgae.unam.mx/Licenciatura2026/resultados/3/30200045.html,69,1682,1401,109,77,235208,99,,No seleccionado,,Consultar
3,Licenciatura 2026,302,30200045,CIENCIAS DE LA COMUNICACION,FACULTAD DE CIENCIAS POLÍTICAS Y SOCIALES,Escolarizado,https://www.dgae.unam.mx/Licenciatura2026/resultados/3/30200045.html,69,1682,1401,109,77,235219,66,,No seleccionado,,Consultar
3,Licenciatura 2026,302,30200045,CIENCIAS DE LA COMUNICACION,FACULTAD DE CIENCIAS POLÍTICAS Y SOCIALES,Escolarizado,https://www.dgae.unam.mx/Licenciatura2026/resultados/3/30200045.html,69,1682,1401,109,77,235303,86,,No seleccionado,,Consultar
3,Licenciatura 2026,302,30200045,CIENCIAS DE LA COMUNICACION,FACULTAD DE CIENCIAS POLÍTICAS Y SOCIALES,Escolarizado,https://www.dgae.unam.mx/Licenciatura2026/resultados/3/30200045.html,69,1682,1401,109,77,235319,106,,No seleccionado,,Consultar
3,Licenciatura 2026,302,30200045,CIENCIAS DE LA COMUNICACION,FACULTAD DE CIENCIAS POLÍTICAS Y SOCIALES,Escolarizado,https://www.dgae.unam.mx/Licenciatura2026/resultados/3/30200045.html,69,1682,1401,109,77,235327,94,,No seleccionado,,Consultar
3,Licenciatura 2026,302,30200045,CIENCIAS DE LA COMUNICACION,FACULTAD DE CIENCIAS POLÍTICAS Y SOCIALES,Escolarizado,https://www.dgae.unam.mx/Licenciatura2026/resultados/3/30200045.html,69,1682,1401,109,77,235354,89,,No seleccionado,,Consultar
3,Licenciatura 2026,302,30200045,CIENCIAS DE LA COMUNICACION,FACULTAD DE CIENCIAS POLÍTICAS Y SOCIALES,Escolarizado,https://www.dgae.unam.mx/Licenciatura2026/resultados/3/30200045.html,69,1682,1401,109,77,235445,98,,No seleccionado,,Consultar
3,Licenciatura 2026,302,30200045,CIENCIAS DE LA COMUNICACION,FACULTAD DE CIENCIAS POLÍTICAS Y SOCIALES,Escolarizado,https://www.dgae.unam.mx/Licenciatura2026/resultados/3/30200045.html,69,1682,1401,109,77,235462,98,,No seleccionado,,Consultar
3,Licenciatura 2026,302,30200045,CIENCIAS DE LA COMUNICACION,FACULTAD DE CIENCIAS POLÍTICAS Y SOCIALES,Escolarizado,https://www.dgae.unam.mx/Licenciatura2026/resultados/3/30200045.html,69,1682,1401,109,77,235500,66,,No seleccionado,,Consultar
3,Licenciatura 2026,302,30200045,CIENCIAS DE LA COMUNICACION,FACULTAD DE CIENCIAS POLÍTICAS Y SOCIALES,Escolarizado,https://www.dgae.unam.mx/Licenciatura2026/resultados/3/30200045.html,69,1682,1401,109,77,235526,102,,No seleccionado,,Consultar
3,Licenciatura 2026,302,30200045,CIENCIAS DE LA COMUNICACION,FACULTAD DE CIENCIAS POLÍTICAS Y SOCIALES,Escolarizado,https://www.dgae.unam.mx/Licenciatura2026/resultados/3/30200045.html,69,1682,1401,109,77,235530,,N,No presentado,,Consultar
3,Licenciatura 2026,302,30200045,CIENCIAS DE LA COMUNICACION,FACULTAD DE CIENCIAS POLÍTICAS Y SOCIALES,Escolarizado,https://www.dgae.unam.mx/Licenciatura2026/resultados/3/30200045.html,69,1682,1401,109,77,235583,107,,No seleccionado,,Consultar
3,Licenciatura 2026,302,30200045,CIENCIAS DE LA COMUNICACION,FACULTAD DE CIENCIAS POLÍTICAS Y SOCIALES,Escolarizado,https://www.dgae.unam.mx/Licenciatura2026/resultados/3/30200045.html,69,1682,1401,109,77,235728,82,,No seleccionado,,Consultar
3,Licenciatura 2026,302,30200045,CIENCIAS DE LA COMUNICACION,FACULTAD DE CIENCIAS POLÍTICAS Y SOCIALES,Escolarizado,https://www.dgae.unam.mx/Licenciatura2026/resultados/3/30200045.html,69,1682,1401,109,77,235749,60,,No seleccionado,,Consultar
3,Licenciatura 2026,302,30200045,CIENCIAS DE LA COMUNICACION,FACULTAD DE CIENCIAS POLÍTICAS Y SOCIALES,Escolarizado,https://www.dgae.unam.mx/Licenciatura2026/resultados/3/30200045.html,69,1682,1401,109,77,235768,50,,No seleccionado,,Consultar
3,Licenciatura 2026,302,30200045,CIENCIAS DE LA COMUNICACION,FACULTAD DE CIENCIAS POLÍTICAS Y SOCIALES,Escolarizado,https://www.dgae.unam.mx/Licenciatura2026/resultados/3/30200045.html,69,1682,1401,109,77,235796,60,,No seleccionado,,Consultar
3,Licenciatura 2026,302,30200045,CIENCIAS DE LA COMUNICACION,FACULTAD DE CIENCIAS POLÍTICAS Y SOCIALES,Escolarizado,https://www.dgae.unam.mx/Licenciatura2026/resultados/3/30200045.html,69,1682,1401,109,77,235810,81,,No seleccionado,,Consultar
3,Licenciatura 2026,302,30200045,CIENCIAS DE LA COMUNICACION,FACULTAD DE CIENCIAS POLÍTICAS Y SOCIALES,Escolarizado,https://www.dgae.unam.mx/Licenciatura2026/resultados/3/30200045.html,69,1682,1401,109,77,235813,100,,No seleccionado,,Consultar
3,Licenciatura 2026,302,30200045,CIENCIAS DE LA COMUNICACION,FACULTAD DE CIENCIAS POLÍTICAS Y SOCIALES,Escolarizado,https://www.dgae.unam.mx/Licenciatura2026/resultados/3/30200045.html,69,1682,1401,109,77,235817,77,,No seleccionado,,Consultar
3,Licenciatura 2026,302,30200045,CIENCIAS DE LA COMUNICACION,FACULTAD DE CIENCIAS POLÍTICAS Y SOCIALES,Escolarizado,https://www.dgae.unam.mx/Licenciatura2026/resultados/3/30200045.html,69,1682,1401,109,77,235875,112,S,Seleccionado,Cita para entregar documentación.,Consultar
3,Licenciatura 2026,302,30200045,CIENCIAS DE LA COMUNICACION,FACULTAD DE CIENCIAS POLÍTICAS Y SOCIALES,Escolarizado,https://www.dgae.unam.mx/Licenciatura2026/resultados/3/30200045.html,69,1682,1401,109,77,235883,85,,No seleccionado,,Consultar
3,Licenciatura 2026,302,30200045,CIENCIAS DE LA COMUNICACION,FACULTAD DE CIENCIAS POLÍTICAS Y SOCIALES,Escolarizado,https://www.dgae.unam.mx/Licenciatura2026/resultados/3/30200045.html,69,1682,1401,109,77,235889,57,,No seleccionado,,Consultar
3,Licenciatura 2026,302,30200045,CIENCIAS DE LA COMUNICACION,FACULTAD DE CIENCIAS POLÍTICAS Y SOCIALES,Escolarizado,https://www.dgae.unam.mx/Licenciatura2026/resultados/3/30200045.html,69,1682,1401,109,77,235929,,N,No presentado,,Consultar
3,Licenciatura 2026,302,30200045,CIENCIAS DE LA COMUNICACION,FACULTAD DE CIENCIAS POLÍTICAS Y SOCIALES,Escolarizado,https://www.dgae.unam.mx/Licenciatura2026/resultados/3/30200045.html,69,1682,1401,109,77,235972,59,,No seleccionado,,Consultar
3,Licenciatura 2026,302,30200045,CIENCIAS DE LA COMUNICACION,FACULTAD DE CIENCIAS POLÍTICAS Y SOCIALES,Escolarizado,https://www.dgae.unam.mx/Licenciatura2026/resultados/3/30200045.html,69,1682,1401,109,77,236022,50,,No seleccionado,,Consultar
3,Licenciatura 2026,302,30200045,CIENCIAS DE LA COMUNICACION,FACULTAD DE CIENCIAS POLÍTICAS Y SOCIALES,Escolarizado,https://www.dgae.unam.mx/Licenciatura2026/resultados/3/30200045.html,69,1682,1401,109,77,236213,,C,Cancelado,,Consultar
3,Licenciatura 2026,302,30200045,CIENCIAS DE LA COMUNICACION,FACULTAD DE CIENCIAS POLÍTICAS Y SOCIALES,Escolarizado,https://www.dgae.unam.mx/Licenciatura2026/resultados/3/30200045.html,69,1682,1401,109,77,236271,37,,No seleccionado,,Consultar
3,Licenciatura 2026,302,30200045,CIENCIAS DE LA COMUNICACION,FACULTAD DE CIENCIAS POLÍTICAS Y SOCIALES,Escolarizado,https://www.dgae.unam.mx/Licenciatura2026/resultados/3/30200045.html,69,1682,1401,109,77,236306,99,,No seleccionado,,Consultar
3,Licenciatura 2026,302,30200045,CIENCIAS DE LA COMUNICACION,FACULTAD DE CIENCIAS POLÍTICAS Y SOCIALES,Escolarizado,https://www.dgae.unam.mx/Licenciatura2026/resultados/3/30200045.html,69,1682,1401,109,77,236324,,,No seleccionado,Cita para aclarar situación escolar.,Consultar
3,Licenciatura 2026,302,30200045,CIENCIAS DE LA COMUNICACION,FACULTAD DE CIENCIAS POLÍTICAS Y SOCIALES,Escolarizado,https://www.dgae.unam.mx/Licenciatura2026/resultados/3/30200045.html,69,1682,1401,109,77,236352,,N,No presentado,,Consultar
3,Licenciatura 2026,302,30200045,CIENCIAS DE LA COMUNICACION,FACULTAD DE CIENCIAS POLÍTICAS Y SOCIALES,Escolarizado,https://www.dgae.unam.mx/Licenciatura2026/resultados/3/30200045.html,69,1682,1401,109,77,236356,62,,No seleccionado,,Consultar
3,Licenciatura 2026,302,30200045,CIENCIAS DE LA COMUNICACION,FACULTAD DE CIENCIAS POLÍTICAS Y SOCIALES,Escolarizado,https://www.dgae.unam.mx/Licenciatura2026/resultados/3/30200045.html,69,1682,1401,109,77,236396,52,,No seleccionado,,Consultar
3,Licenciatura 2026,302,30200045,CIENCIAS DE LA COMUNICACION,FACULTAD DE CIENCIAS POLÍTICAS Y SOCIALES,Escolarizado,https://www.dgae.unam.mx/Licenciatura2026/resultados/3/30200045.html,69,1682,1401,109,77,236402,56,,No seleccionado,,Consultar
3,Licenciatura 2026,302,30200045,CIENCIAS DE LA COMUNICACION,FACULTAD DE CIENCIAS POLÍTICAS Y SOCIALES,Escolarizado,https://www.dgae.unam.mx/Licenciatura2026/resultados/3/30200045.html,69,1682,1401,109,77,236425,86,,No seleccionado,,Consultar
3,Licenciatura 2026,302,30200045,CIENCIAS DE LA COMUNICACION,FACULTAD DE CIENCIAS POLÍTICAS Y SOCIALES,Escolarizado,https://www.dgae.unam.mx/Licenciatura2026/resultados/3/30200045.html,69,1682,1401,109,77,236428,57,,No seleccionado,,Consultar
3,Licenciatura 2026,302,30200045,CIENCIAS DE LA COMUNICACION,FACULTAD DE CIENCIAS POLÍTICAS Y SOCIALES,Escolarizado,https://www.dgae.unam.mx/Licenciatura2026/resultados/3/30200045.html,69,1682,1401,109,77,236488,98,,No seleccionado,,Consultar
3,Licenciatura 2026,302,30200045,CIENCIAS DE LA COMUNICACION,FACULTAD DE CIENCIAS POLÍTICAS Y SOCIALES,Escolarizado,https://www.dgae.unam.mx/Licenciatura2026/resultados/3/30200045.html,69,1682,1401,109,77,236513,96,,No seleccionado,,Consultar
3,Licenciatura 2026,302,30200045,CIENCIAS DE LA COMUNICACION,FACULTAD DE CIENCIAS POLÍTICAS Y SOCIALES,Escolarizado,https://www.dgae.unam.mx/Licenciatura2026/resultados/3/30200045.html,69,1682,1401,109,77,236525,109,S,Seleccionado,Cita para entregar documentación.,Consultar
3,Licenciatura 2026,302,30200045,CIENCIAS DE LA COMUNICACION,FACULTAD DE CIENCIAS POLÍTICAS Y SOCIALES,Escolarizado,https://www.dgae.unam.mx/Licenciatura2026/resultados/3/30200045.html,69,1682,1401,109,77,236541,,N,No presentado,,Consultar
3,Licenciatura 2026,302,30200045,CIENCIAS DE LA COMUNICACION,FACULTAD DE CIENCIAS POLÍTICAS Y SOCIALES,Escolarizado,https://www.dgae.unam.mx/Licenciatura2026/resultados/3/30200045.html,69,1682,1401,109,77,236542,,N,No presentado,,Consultar
3,Licenciatura 2026,302,30200045,CIENCIAS DE LA COMUNICACION,FACULTAD DE CIENCIAS POLÍTICAS Y SOCIALES,Escolarizado,https://www.dgae.unam.mx/Licenciatura2026/resultados/3/30200045.html,69,1682,1401,109,77,236549,89,,No seleccionado,,Consultar
3,Licenciatura 2026,302,30200045,CIENCIAS DE LA COMUNICACION,FACULTAD DE CIENCIAS POLÍTICAS Y SOCIALES,Escolarizado,https://www.dgae.unam.mx/Licenciatura2026/resultados/3/30200045.html,69,1682,1401,109,77,236574,43,,No seleccionado,,Consultar
3,Licenciatura 2026,302,30200045,CIENCIAS DE LA COMUNICACION,FACULTAD DE CIENCIAS POLÍTICAS Y SOCIALES,Escolarizado,https://www.dgae.unam.mx/Licenciatura2026/resultados/3/30200045.html,69,1682,1401,109,77,236600,68,,No seleccionado,,Consultar
3,Licenciatura 2026,302,30200045,CIENCIAS DE LA COMUNICACION,FACULTAD DE CIENCIAS POLÍTICAS Y SOCIALES,Escolarizado,https://www.dgae.unam.mx/Licenciatura2026/resultados/3/30200045.html,69,1682,1401,109,77,236624,85,,No seleccionado,,Consultar
3,Licenciatura 2026,302,30200045,CIENCIAS DE LA COMUNICACION,FACULTAD DE CIENCIAS POLÍTICAS Y SOCIALES,Escolarizado,https://www.dgae.unam.mx/Licenciatura2026/resultados/3/30200045.html,69,1682,1401,109,77,236735,47,,No seleccionado,,Consultar
3,Licenciatura 2026,302,30200045,CIENCIAS DE LA COMUNICACION,FACULTAD DE CIENCIAS POLÍTICAS Y SOCIALES,Escolarizado,https://www.dgae.unam.mx/Licenciatura2026/resultados/3/30200045.html,69,1682,1401,109,77,236806,95,,No seleccionado,,Consultar
3,Licenciatura 2026,302,30200045,CIENCIAS DE LA COMUNICACION,FACULTAD DE CIENCIAS POLÍTICAS Y SOCIALES,Escolarizado,https://www.dgae.unam.mx/Licenciatura2026/resultados/3/30200045.html,69,1682,1401,109,77,236813,96,,No seleccionado,,Consultar
3,Licenciatura 2026,302,30200045,CIENCIAS DE LA COMUNICACION,FACULTAD DE CIENCIAS POLÍTICAS Y SOCIALES,Escolarizado,https://www.dgae.unam.mx/Licenciatura2026/resultados/3/30200045.html,69,1682,1401,109,77,236830,88,,No seleccionado,,Consultar
3,Licenciatura 2026,302,30200045,CIENCIAS DE LA COMUNICACION,FACULTAD DE CIENCIAS POLÍTICAS Y SOCIALES,Escolarizado,https://www.dgae.unam.mx/Licenciatura2026/resultados/3/30200045.html,69,1682,1401,109,77,236864,72,,No seleccionado,,Consultar
3,Licenciatura 2026,302,30200045,CIENCIAS DE LA COMUNICACION,FACULTAD DE CIENCIAS POLÍTICAS Y SOCIALES,Escolarizado,https://www.dgae.unam.mx/Licenciatura2026/resultados/3/30200045.html,69,1682,1401,109,77,237037,69,,No seleccionado,,Consultar
3,Licenciatura 2026,302,30200045,CIENCIAS DE LA COMUNICACION,FACULTAD DE CIENCIAS POLÍTICAS Y SOCIALES,Escolarizado,https://www.dgae.unam.mx/Licenciatura2026/resultados/3/30200045.html,69,1682,1401,109,77,237084,92,,No seleccionado,,Consultar
3,Licenciatura 2026,302,30200045,CIENCIAS DE LA COMUNICACION,FACULTAD DE CIENCIAS POLÍTICAS Y SOCIALES,Escolarizado,https://www.dgae.unam.mx/Licenciatura2026/resultados/3/30200045.html,69,1682,1401,109,77,237088,99,,No seleccionado,,Consultar
3,Licenciatura 2026,302,30200045,CIENCIAS DE LA COMUNICACION,FACULTAD DE CIENCIAS POLÍTICAS Y SOCIALES,Escolarizado,https://www.dgae.unam.mx/Licenciatura2026/resultados/3/30200045.html,69,1682,1401,109,77,237103,107,,No seleccionado,,Consultar
3,Licenciatura 2026,302,30200045,CIENCIAS DE LA COMUNICACION,FACULTAD DE CIENCIAS POLÍTICAS Y SOCIALES,Escolarizado,https://www.dgae.unam.mx/Licenciatura2026/resultados/3/30200045.html,69,1682,1401,109,77,237175,15,,No seleccionado,,Consultar
3,Licenciatura 2026,302,30200045,CIENCIAS DE LA COMUNICACION,FACULTAD DE CIENCIAS POLÍTICAS Y SOCIALES,Escolarizado,https://www.dgae.unam.mx/Licenciatura2026/resultados/3/30200045.html,69,1682,1401,109,77,237204,,N,No presentado,,Consultar
3,Licenciatura 2026,302,30200045,CIENCIAS DE LA COMUNICACION,FACULTAD DE CIENCIAS POLÍTICAS Y SOCIALES,Escolarizado,https://www.dgae.unam.mx/Licenciatura2026/resultados/3/30200045.html,69,1682,1401,109,77,237219,,N,No presentado,,Consultar
3,Licenciatura 2026,302,30200045,CIENCIAS DE LA COMUNICACION,FACULTAD DE CIENCIAS POLÍTICAS Y SOCIALES,Escolarizado,https://www.dgae.unam.mx/Licenciatura2026/resultados/3/30200045.html,69,1682,1401,109,77,237236,48,,No seleccionado,,Consultar
3,Licenciatura 2026,302,30200045,CIENCIAS DE LA COMUNICACION,FACULTAD DE CIENCIAS POLÍTICAS Y SOCIALES,Escolarizado,https://www.dgae.unam.mx/Licenciatura2026/resultados/3/30200045.html,69,1682,1401,109,77,237244,70,,No seleccionado,,Consultar
3,Licenciatura 2026,302,30200045,CIENCIAS DE LA COMUNICACION,FACULTAD DE CIENCIAS POLÍTICAS Y SOCIALES,Escolarizado,https://www.dgae.unam.mx/Licenciatura2026/resultados/3/30200045.html,69,1682,1401,109,77,237259,37,,No seleccionado,,Consultar
3,Licenciatura 2026,302,30200045,CIENCIAS DE LA COMUNICACION,FACULTAD DE CIENCIAS POLÍTICAS Y SOCIALES,Escolarizado,https://www.dgae.unam.mx/Licenciatura2026/resultados/3/30200045.html,69,1682,1401,109,77,237318,,N,No presentado,,Consultar
3,Licenciatura 2026,302,30200045,CIENCIAS DE LA COMUNICACION,FACULTAD DE CIENCIAS POLÍTICAS Y SOCIALES,Escolarizado,https://www.dgae.unam.mx/Licenciatura2026/resultados/3/30200045.html,69,1682,1401,109,77,237326,52,,No seleccionado,,Consultar
3,Licenciatura 2026,302,30200045,CIENCIAS DE LA COMUNICACION,FACULTAD DE CIENCIAS POLÍTICAS Y SOCIALES,Escolarizado,https://www.dgae.unam.mx/Licenciatura2026/resultados/3/30200045.html,69,1682,1401,109,77,237342,101,,No seleccionado,,Consultar
3,Licenciatura 2026,302,30200045,CIENCIAS DE LA COMUNICACION,FACULTAD DE CIENCIAS POLÍTICAS Y SOCIALES,Escolarizado,https://www.dgae.unam.mx/Licenciatura2026/resultados/3/30200045.html,69,1682,1401,109,77,237361,72,,No seleccionado,,Consultar
3,Licenciatura 2026,302,30200045,CIENCIAS DE LA COMUNICACION,FACULTAD DE CIENCIAS POLÍTICAS Y SOCIALES,Escolarizado,https://www.dgae.unam.mx/Licenciatura2026/resultados/3/30200045.html,69,1682,1401,109,77,237366,96,,No seleccionado,,Consultar
3,Licenciatura 2026,302,30200045,CIENCIAS DE LA COMUNICACION,FACULTAD DE CIENCIAS POLÍTICAS Y SOCIALES,Escolarizado,https://www.dgae.unam.mx/Licenciatura2026/resultados/3/30200045.html,69,1682,1401,109,77,237399,71,,No seleccionado,,Consultar
3,Licenciatura 2026,302,30200045,CIENCIAS DE LA COMUNICACION,FACULTAD DE CIENCIAS POLÍTICAS Y SOCIALES,Escolarizado,https://www.dgae.unam.mx/Licenciatura2026/resultados/3/30200045.html,69,1682,1401,109,77,237405,104,,No seleccionado,,Consultar
3,Licenciatura 2026,302,30200045,CIENCIAS DE LA COMUNICACION,FACULTAD DE CIENCIAS POLÍTICAS Y SOCIALES,Escolarizado,https://www.dgae.unam.mx/Licenciatura2026/resultados/3/30200045.html,69,1682,1401,109,77,237458,58,,No seleccionado,,Consultar
3,Licenciatura 2026,302,30200045,CIENCIAS DE LA COMUNICACION,FACULTAD DE CIENCIAS POLÍTICAS Y SOCIALES,Escolarizado,https://www.dgae.unam.mx/Licenciatura2026/resultados/3/30200045.html,69,1682,1401,109,77,237460,46,,No seleccionado,,Consultar
3,Licenciatura 2026,302,30200045,CIENCIAS DE LA COMUNICACION,FACULTAD DE CIENCIAS POLÍTICAS Y SOCIALES,Escolarizado,https://www.dgae.unam.mx/Licenciatura2026/resultados/3/30200045.html,69,1682,1401,109,77,237491,74,,No seleccionado,,Consultar
3,Licenciatura 2026,302,30200045,CIENCIAS DE LA COMUNICACION,FACULTAD DE CIENCIAS POLÍTICAS Y SOCIALES,Escolarizado,https://www.dgae.unam.mx/Licenciatura2026/resultados/3/30200045.html,69,1682,1401,109,77,237534,88,,No seleccionado,,Consultar
3,Licenciatura 2026,302,30200045,CIENCIAS DE LA COMUNICACION,FACULTAD DE CIENCIAS POLÍTICAS Y SOCIALES,Escolarizado,https://www.dgae.unam.mx/Licenciatura2026/resultados/3/30200045.html,69,1682,1401,109,77,237554,80,,No seleccionado,,Consultar
3,Licenciatura 2026,302,30200045,CIENCIAS DE LA COMUNICACION,FACULTAD DE CIENCIAS POLÍTICAS Y SOCIALES,Escolarizado,https://www.dgae.unam.mx/Licenciatura2026/resultados/3/30200045.html,69,1682,1401,109,77,237583,,N,No presentado,,Consultar
3,Licenciatura 2026,302,30200045,CIENCIAS DE LA COMUNICACION,FACULTAD DE CIENCIAS POLÍTICAS Y SOCIALES,Escolarizado,https://www.dgae.unam.mx/Licenciatura2026/resultados/3/30200045.html,69,1682,1401,109,77,237622,64,,No seleccionado,,Consultar
3,Licenciatura 2026,302,30200045,CIENCIAS DE LA COMUNICACION,FACULTAD DE CIENCIAS POLÍTICAS Y SOCIALES,Escolarizado,https://www.dgae.unam.mx/Licenciatura2026/resultados/3/30200045.html,69,1682,1401,109,77,237650,36,,No seleccionado,,Consultar
3,Licenciatura 2026,302,30200045,CIENCIAS DE LA COMUNICACION,FACULTAD DE CIENCIAS POLÍTICAS Y SOCIALES,Escolarizado,https://www.dgae.unam.mx/Licenciatura2026/resultados/3/30200045.html,69,1682,1401,109,77,237675,,N,No presentado,,Consultar
3,Licenciatura 2026,302,30200045,CIENCIAS DE LA COMUNICACION,FACULTAD DE CIENCIAS POLÍTICAS Y SOCIALES,Escolarizado,https://www.dgae.unam.mx/Licenciatura2026/resultados/3/30200045.html,69,1682,1401,109,77,237697,95,,No seleccionado,,Consultar
3,Licenciatura 2026,302,30200045,CIENCIAS DE LA COMUNICACION,FACULTAD DE CIENCIAS POLÍTICAS Y SOCIALES,Escolarizado,https://www.dgae.unam.mx/Licenciatura2026/resultados/3/30200045.html,69,1682,1401,109,77,237709,,N,No presentado,,Consultar
3,Licenciatura 2026,302,30200045,CIENCIAS DE LA COMUNICACION,FACULTAD DE CIENCIAS POLÍTICAS Y SOCIALES,Escolarizado,https://www.dgae.unam.mx/Licenciatura2026/resultados/3/30200045.html,69,1682,1401,109,77,237746,41,,No seleccionado,,Consultar
3,Licenciatura 2026,302,30200045,CIENCIAS DE LA COMUNICACION,FACULTAD DE CIENCIAS POLÍTICAS Y SOCIALES,Escolarizado,https://www.dgae.unam.mx/Licenciatura2026/resultados/3/30200045.html,69,1682,1401,109,77,237775,56,,No seleccionado,,Consultar
3,Licenciatura 2026,302,30200045,CIENCIAS DE LA COMUNICACION,FACULTAD DE CIENCIAS POLÍTICAS Y SOCIALES,Escolarizado,https://www.dgae.unam.mx/Licenciatura2026/resultados/3/30200045.html,69,1682,1401,109,77,237873,,N,No presentado,,Consultar
3,Licenciatura 2026,302,30200045,CIENCIAS DE LA COMUNICACION,FACULTAD DE CIENCIAS POLÍTICAS Y SOCIALES,Escolarizado,https://www.dgae.unam.mx/Licenciatura2026/resultados/3/30200045.html,69,1682,1401,109,77,237881,83,,No seleccionado,,Consultar
3,Licenciatura 2026,302,30200045,CIENCIAS DE LA COMUNICACION,FACULTAD DE CIENCIAS POLÍTICAS Y SOCIALES,Escolarizado,https://www.dgae.unam.mx/Licenciatura2026/resultados/3/30200045.html,69,1682,1401,109,77,237955,54,,No seleccionado,,Consultar
3,Licenciatura 2026,302,30200045,CIENCIAS DE LA COMUNICACION,FACULTAD DE CIENCIAS POLÍTICAS Y SOCIALES,Escolarizado,https://www.dgae.unam.mx/Licenciatura2026/resultados/3/30200045.html,69,1682,1401,109,77,238033,73,,No seleccionado,,Consultar
3,Licenciatura 2026,302,30200045,CIENCIAS DE LA COMUNICACION,FACULTAD DE CIENCIAS POLÍTICAS Y SOCIALES,Escolarizado,https://www.dgae.unam.mx/Licenciatura2026/resultados/3/30200045.html,69,1682,1401,109,77,238050,37,,No seleccionado,,Consultar
3,Licenciatura 2026,302,30200045,CIENCIAS DE LA COMUNICACION,FACULTAD DE CIENCIAS POLÍTICAS Y SOCIALES,Escolarizado,https://www.dgae.unam.mx/Licenciatura2026/resultados/3/30200045.html,69,1682,1401,109,77,238061,95,,No seleccionado,,Consultar
3,Licenciatura 2026,302,30200045,CIENCIAS DE LA COMUNICACION,FACULTAD DE CIENCIAS POLÍTICAS Y SOCIALES,Escolarizado,https://www.dgae.unam.mx/Licenciatura2026/resultados/3/30200045.html,69,1682,1401,109,77,238064,25,,No seleccionado,,Consultar
3,Licenciatura 2026,302,30200045,CIENCIAS DE LA COMUNICACION,FACULTAD DE CIENCIAS POLÍTICAS Y SOCIALES,Escolarizado,https://www.dgae.unam.mx/Licenciatura2026/resultados/3/30200045.html,69,1682,1401,109,77,238082,71,,No seleccionado,,Consultar
3,Licenciatura 2026,302,30200045,CIENCIAS DE LA COMUNICACION,FACULTAD DE CIENCIAS POLÍTICAS Y SOCIALES,Escolarizado,https://www.dgae.unam.mx/Licenciatura2026/resultados/3/30200045.html,69,1682,1401,109,77,238175,94,,No seleccionado,,Consultar
3,Licenciatura 2026,302,30200045,CIENCIAS DE LA COMUNICACION,FACULTAD DE CIENCIAS POLÍTICAS Y SOCIALES,Escolarizado,https://www.dgae.unam.mx/Licenciatura2026/resultados/3/30200045.html,69,1682,1401,109,77,238185,83,,No seleccionado,,Consultar
3,Licenciatura 2026,302,30200045,CIENCIAS DE LA COMUNICACION,FACULTAD DE CIENCIAS POLÍTICAS Y SOCIALES,Escolarizado,https://www.dgae.unam.mx/Licenciatura2026/resultados/3/30200045.html,69,1682,1401,109,77,238194,86,,No seleccionado,,Consultar
3,Licenciatura 2026,302,30200045,CIENCIAS DE LA COMUNICACION,FACULTAD DE CIENCIAS POLÍTICAS Y SOCIALES,Escolarizado,https://www.dgae.unam.mx/Licenciatura2026/resultados/3/30200045.html,69,1682,1401,109,77,238201,86,,No seleccionado,,Consultar
3,Licenciatura 2026,302,30200045,CIENCIAS DE LA COMUNICACION,FACULTAD DE CIENCIAS POLÍTICAS Y SOCIALES,Escolarizado,https://www.dgae.unam.mx/Licenciatura2026/resultados/3/30200045.html,69,1682,1401,109,77,238222,57,,No seleccionado,,Consultar
3,Licenciatura 2026,302,30200045,CIENCIAS DE LA COMUNICACION,FACULTAD DE CIENCIAS POLÍTICAS Y SOCIALES,Escolarizado,https://www.dgae.unam.mx/Licenciatura2026/resultados/3/30200045.html,69,1682,1401,109,77,238279,,N,No presentado,,Consultar
3,Licenciatura 2026,302,30200045,CIENCIAS DE LA COMUNICACION,FACULTAD DE CIENCIAS POLÍTICAS Y SOCIALES,Escolarizado,https://www.dgae.unam.mx/Licenciatura2026/resultados/3/30200045.html,69,1682,1401,109,77,238302,42,,No seleccionado,,Consultar
3,Licenciatura 2026,302,30200045,CIENCIAS DE LA COMUNICACION,FACULTAD DE CIENCIAS POLÍTICAS Y SOCIALES,Escolarizado,https://www.dgae.unam.mx/Licenciatura2026/resultados/3/30200045.html,69,1682,1401,109,77,238324,,N,No presentado,,Consultar
3,Licenciatura 2026,302,30200045,CIENCIAS DE LA COMUNICACION,FACULTAD DE CIENCIAS POLÍTICAS Y SOCIALES,Escolarizado,https://www.dgae.unam.mx/Licenciatura2026/resultados/3/30200045.html,69,1682,1401,109,77,238368,69,,No seleccionado,,Consultar
3,Licenciatura 2026,302,30200045,CIENCIAS DE LA COMUNICACION,FACULTAD DE CIENCIAS POLÍTICAS Y SOCIALES,Escolarizado,https://www.dgae.unam.mx/Licenciatura2026/resultados/3/30200045.html,69,1682,1401,109,77,238397,45,,No seleccionado,,Consultar
3,Licenciatura 2026,302,30200045,CIENCIAS DE LA COMUNICACION,FACULTAD DE CIENCIAS POLÍTICAS Y SOCIALES,Escolarizado,https://www.dgae.unam.mx/Licenciatura2026/resultados/3/30200045.html,69,1682,1401,109,77,238431,72,,No seleccionado,,Consultar
3,Licenciatura 2026,302,30200045,CIENCIAS DE LA COMUNICACION,FACULTAD DE CIENCIAS POLÍTICAS Y SOCIALES,Escolarizado,https://www.dgae.unam.mx/Licenciatura2026/resultados/3/30200045.html,69,1682,1401,109,77,238475,104,,No seleccionado,,Consultar
3,Licenciatura 2026,302,30200045,CIENCIAS DE LA COMUNICACION,FACULTAD DE CIENCIAS POLÍTICAS Y SOCIALES,Escolarizado,https://www.dgae.unam.mx/Licenciatura2026/resultados/3/30200045.html,69,1682,1401,109,77,238484,,N,No presentado,,Consultar
3,Licenciatura 2026,302,30200045,CIENCIAS DE LA COMUNICACION,FACULTAD DE CIENCIAS POLÍTICAS Y SOCIALES,Escolarizado,https://www.dgae.unam.mx/Licenciatura2026/resultados/3/30200045.html,69,1682,1401,109,77,238513,73,,No seleccionado,,Consultar
3,Licenciatura 2026,302,30200045,CIENCIAS DE LA COMUNICACION,FACULTAD DE CIENCIAS POLÍTICAS Y SOCIALES,Escolarizado,https://www.dgae.unam.mx/Licenciatura2026/resultados/3/30200045.html,69,1682,1401,109,77,238514,83,,No seleccionado,,Consultar
3,Licenciatura 2026,302,30200045,CIENCIAS DE LA COMUNICACION,FACULTAD DE CIENCIAS POLÍTICAS Y SOCIALES,Escolarizado,https://www.dgae.unam.mx/Licenciatura2026/resultados/3/30200045.html,69,1682,1401,109,77,238539,41,,No seleccionado,,Consultar
3,Licenciatura 2026,302,30200045,CIENCIAS DE LA COMUNICACION,FACULTAD DE CIENCIAS POLÍTICAS Y SOCIALES,Escolarizado,https://www.dgae.unam.mx/Licenciatura2026/resultados/3/30200045.html,69,1682,1401,109,77,238552,,N,No presentado,,Consultar
3,Licenciatura 2026,302,30200045,CIENCIAS DE LA COMUNICACION,FACULTAD DE CIENCIAS POLÍTICAS Y SOCIALES,Escolarizado,https://www.dgae.unam.mx/Licenciatura2026/resultados/3/30200045.html,69,1682,1401,109,77,238602,64,,No seleccionado,,Consultar
3,Licenciatura 2026,302,30200045,CIENCIAS DE LA COMUNICACION,FACULTAD DE CIENCIAS POLÍTICAS Y SOCIALES,Escolarizado,https://www.dgae.unam.mx/Licenciatura2026/resultados/3/30200045.html,69,1682,1401,109,77,238606,95,,No seleccionado,,Consultar
3,Licenciatura 2026,302,30200045,CIENCIAS DE LA COMUNICACION,FACULTAD DE CIENCIAS POLÍTICAS Y SOCIALES,Escolarizado,https://www.dgae.unam.mx/Licenciatura2026/resultados/3/30200045.html,69,1682,1401,109,77,238615,99,,No seleccionado,,Consultar
3,Licenciatura 2026,302,30200045,CIENCIAS DE LA COMUNICACION,FACULTAD DE CIENCIAS POLÍTICAS Y SOCIALES,Escolarizado,https://www.dgae.unam.mx/Licenciatura2026/resultados/3/30200045.html,69,1682,1401,109,77,238647,38,,No seleccionado,,Consultar
3,Licenciatura 2026,302,30200045,CIENCIAS DE LA COMUNICACION,FACULTAD DE CIENCIAS POLÍTICAS Y SOCIALES,Escolarizado,https://www.dgae.unam.mx/Licenciatura2026/resultados/3/30200045.html,69,1682,1401,109,77,238668,66,,No seleccionado,,Consultar
3,Licenciatura 2026,302,30200045,CIENCIAS DE LA COMUNICACION,FACULTAD DE CIENCIAS POLÍTICAS Y SOCIALES,Escolarizado,https://www.dgae.unam.mx/Licenciatura2026/resultados/3/30200045.html,69,1682,1401,109,77,238770,82,,No seleccionado,,Consultar
3,Licenciatura 2026,302,30200045,CIENCIAS DE LA COMUNICACION,FACULTAD DE CIENCIAS POLÍTICAS Y SOCIALES,Escolarizado,https://www.dgae.unam.mx/Licenciatura2026/resultados/3/30200045.html,69,1682,1401,109,77,238801,96,,No seleccionado,,Consultar
3,Licenciatura 2026,302,30200045,CIENCIAS DE LA COMUNICACION,FACULTAD DE CIENCIAS POLÍTICAS Y SOCIALES,Escolarizado,https://www.dgae.unam.mx/Licenciatura2026/resultados/3/30200045.html,69,1682,1401,109,77,238865,75,,No seleccionado,,Consultar
3,Licenciatura 2026,302,30200045,CIENCIAS DE LA COMUNICACION,FACULTAD DE CIENCIAS POLÍTICAS Y SOCIALES,Escolarizado,https://www.dgae.unam.mx/Licenciatura2026/resultados/3/30200045.html,69,1682,1401,109,77,238894,43,,No seleccionado,,Consultar
3,Licenciatura 2026,302,30200045,CIENCIAS DE LA COMUNICACION,FACULTAD DE CIENCIAS POLÍTICAS Y SOCIALES,Escolarizado,https://www.dgae.unam.mx/Licenciatura2026/resultados/3/30200045.html,69,1682,1401,109,77,238930,59,,No seleccionado,,Consultar
3,Licenciatura 2026,302,30200045,CIENCIAS DE LA COMUNICACION,FACULTAD DE CIENCIAS POLÍTICAS Y SOCIALES,Escolarizado,https://www.dgae.unam.mx/Licenciatura2026/resultados/3/30200045.html,69,1682,1401,109,77,238972,75,,No seleccionado,,Consultar
3,Licenciatura 2026,302,30200045,CIENCIAS DE LA COMUNICACION,FACULTAD DE CIENCIAS POLÍTICAS Y SOCIALES,Escolarizado,https://www.dgae.unam.mx/Licenciatura2026/resultados/3/30200045.html,69,1682,1401,109,77,239017,69,,No seleccionado,,Consultar
3,Licenciatura 2026,302,30200045,CIENCIAS DE LA COMUNICACION,FACULTAD DE CIENCIAS POLÍTICAS Y SOCIALES,Escolarizado,https://www.dgae.unam.mx/Licenciatura2026/resultados/3/30200045.html,69,1682,1401,109,77,239025,75,,No seleccionado,,Consultar
3,Licenciatura 2026,302,30200045,CIENCIAS DE LA COMUNICACION,FACULTAD DE CIENCIAS POLÍTICAS Y SOCIALES,Escolarizado,https://www.dgae.unam.mx/Licenciatura2026/resultados/3/30200045.html,69,1682,1401,109,77,239130,81,,No seleccionado,,Consultar
3,Licenciatura 2026,302,30200045,CIENCIAS DE LA COMUNICACION,FACULTAD DE CIENCIAS POLÍTICAS Y SOCIALES,Escolarizado,https://www.dgae.unam.mx/Licenciatura2026/resultados/3/30200045.html,69,1682,1401,109,77,239171,43,,No seleccionado,,Consultar
3,Licenciatura 2026,302,30200045,CIENCIAS DE LA COMUNICACION,FACULTAD DE CIENCIAS POLÍTICAS Y SOCIALES,Escolarizado,https://www.dgae.unam.mx/Licenciatura2026/resultados/3/30200045.html,69,1682,1401,109,77,239175,41,,No seleccionado,,Consultar
3,Licenciatura 2026,302,30200045,CIENCIAS DE LA COMUNICACION,FACULTAD DE CIENCIAS POLÍTICAS Y SOCIALES,Escolarizado,https://www.dgae.unam.mx/Licenciatura2026/resultados/3/30200045.html,69,1682,1401,109,77,239181,,C,Cancelado,,Consultar
3,Licenciatura 2026,302,30200045,CIENCIAS DE LA COMUNICACION,FACULTAD DE CIENCIAS POLÍTICAS Y SOCIALES,Escolarizado,https://www.dgae.unam.mx/Licenciatura2026/resultados/3/30200045.html,69,1682,1401,109,77,239246,81,,No seleccionado,,Consultar
3,Licenciatura 2026,302,30200045,CIENCIAS DE LA COMUNICACION,FACULTAD DE CIENCIAS POLÍTICAS Y SOCIALES,Escolarizado,https://www.dgae.unam.mx/Licenciatura2026/resultados/3/30200045.html,69,1682,1401,109,77,239297,86,,No seleccionado,,Consultar
3,Licenciatura 2026,302,30200045,CIENCIAS DE LA COMUNICACION,FACULTAD DE CIENCIAS POLÍTICAS Y SOCIALES,Escolarizado,https://www.dgae.unam.mx/Licenciatura2026/resultados/3/30200045.html,69,1682,1401,109,77,239352,,N,No presentado,,Consultar
3,Licenciatura 2026,302,30200045,CIENCIAS DE LA COMUNICACION,FACULTAD DE CIENCIAS POLÍTICAS Y SOCIALES,Escolarizado,https://www.dgae.unam.mx/Licenciatura2026/resultados/3/30200045.html,69,1682,1401,109,77,239355,112,S,Seleccionado,,Consultar
3,Licenciatura 2026,302,30200045,CIENCIAS DE LA COMUNICACION,FACULTAD DE CIENCIAS POLÍTICAS Y SOCIALES,Escolarizado,https://www.dgae.unam.mx/Licenciatura2026/resultados/3/30200045.html,69,1682,1401,109,77,239363,116,S,Seleccionado,Cita para entregar documentación.,Consultar
3,Licenciatura 2026,302,30200045,CIENCIAS DE LA COMUNICACION,FACULTAD DE CIENCIAS POLÍTICAS Y SOCIALES,Escolarizado,https://www.dgae.unam.mx/Licenciatura2026/resultados/3/30200045.html,69,1682,1401,109,77,239382,102,,No seleccionado,,Consultar
3,Licenciatura 2026,302,30200045,CIENCIAS DE LA COMUNICACION,FACULTAD DE CIENCIAS POLÍTICAS Y SOCIALES,Escolarizado,https://www.dgae.unam.mx/Licenciatura2026/resultados/3/30200045.html,69,1682,1401,109,77,239433,,,No seleccionado,Cita para aclarar situación escolar.,Consultar
3,Licenciatura 2026,302,30200045,CIENCIAS DE LA COMUNICACION,FACULTAD DE CIENCIAS POLÍTICAS Y SOCIALES,Escolarizado,https://www.dgae.unam.mx/Licenciatura2026/resultados/3/30200045.html,69,1682,1401,109,77,239437,42,,No seleccionado,,Consultar
3,Licenciatura 2026,302,30200045,CIENCIAS DE LA COMUNICACION,FACULTAD DE CIENCIAS POLÍTICAS Y SOCIALES,Escolarizado,https://www.dgae.unam.mx/Licenciatura2026/resultados/3/30200045.html,69,1682,1401,109,77,239461,101,,No seleccionado,,Consultar
3,Licenciatura 2026,302,30200045,CIENCIAS DE LA COMUNICACION,FACULTAD DE CIENCIAS POLÍTICAS Y SOCIALES,Escolarizado,https://www.dgae.unam.mx/Licenciatura2026/resultados/3/30200045.html,69,1682,1401,109,77,239480,91,,No seleccionado,,Consultar
3,Licenciatura 2026,302,30200045,CIENCIAS DE LA COMUNICACION,FACULTAD DE CIENCIAS POLÍTICAS Y SOCIALES,Escolarizado,https://www.dgae.unam.mx/Licenciatura2026/resultados/3/30200045.html,69,1682,1401,109,77,239568,61,,No seleccionado,,Consultar
3,Licenciatura 2026,302,30200045,CIENCIAS DE LA COMUNICACION,FACULTAD DE CIENCIAS POLÍTICAS Y SOCIALES,Escolarizado,https://www.dgae.unam.mx/Licenciatura2026/resultados/3/30200045.html,69,1682,1401,109,77,239586,78,,No seleccionado,,Consultar
3,Licenciatura 2026,302,30200045,CIENCIAS DE LA COMUNICACION,FACULTAD DE CIENCIAS POLÍTICAS Y SOCIALES,Escolarizado,https://www.dgae.unam.mx/Licenciatura2026/resultados/3/30200045.html,69,1682,1401,109,77,239588,40,,No seleccionado,,Consultar
3,Licenciatura 2026,302,30200045,CIENCIAS DE LA COMUNICACION,FACULTAD DE CIENCIAS POLÍTICAS Y SOCIALES,Escolarizado,https://www.dgae.unam.mx/Licenciatura2026/resultados/3/30200045.html,69,1682,1401,109,77,239590,106,,No seleccionado,,Consultar
3,Licenciatura 2026,302,30200045,CIENCIAS DE LA COMUNICACION,FACULTAD DE CIENCIAS POLÍTICAS Y SOCIALES,Escolarizado,https://www.dgae.unam.mx/Licenciatura2026/resultados/3/30200045.html,69,1682,1401,109,77,239603,45,,No seleccionado,,Consultar
3,Licenciatura 2026,302,30200045,CIENCIAS DE LA COMUNICACION,FACULTAD DE CIENCIAS POLÍTICAS Y SOCIALES,Escolarizado,https://www.dgae.unam.mx/Licenciatura2026/resultados/3/30200045.html,69,1682,1401,109,77,239633,,N,No presentado,,Consultar
3,Licenciatura 2026,302,30200045,CIENCIAS DE LA COMUNICACION,FACULTAD DE CIENCIAS POLÍTICAS Y SOCIALES,Escolarizado,https://www.dgae.unam.mx/Licenciatura2026/resultados/3/30200045.html,69,1682,1401,109,77,239677,39,,No seleccionado,,Consultar
3,Licenciatura 2026,302,30200045,CIENCIAS DE LA COMUNICACION,FACULTAD DE CIENCIAS POLÍTICAS Y SOCIALES,Escolarizado,https://www.dgae.unam.mx/Licenciatura2026/resultados/3/30200045.html,69,1682,1401,109,77,239710,102,,No seleccionado,,Consultar
3,Licenciatura 2026,302,30200045,CIENCIAS DE LA COMUNICACION,FACULTAD DE CIENCIAS POLÍTICAS Y SOCIALES,Escolarizado,https://www.dgae.unam.mx/Licenciatura2026/resultados/3/30200045.html,69,1682,1401,109,77,239712,86,,No seleccionado,,Consultar
3,Licenciatura 2026,302,30200045,CIENCIAS DE LA COMUNICACION,FACULTAD DE CIENCIAS POLÍTICAS Y SOCIALES,Escolarizado,https://www.dgae.unam.mx/Licenciatura2026/resultados/3/30200045.html,69,1682,1401,109,77,239737,106,,No seleccionado,,Consultar
3,Licenciatura 2026,302,30200045,CIENCIAS DE LA COMUNICACION,FACULTAD DE CIENCIAS POLÍTICAS Y SOCIALES,Escolarizado,https://www.dgae.unam.mx/Licenciatura2026/resultados/3/30200045.html,69,1682,1401,109,77,239747,86,,No seleccionado,,Consultar
3,Licenciatura 2026,302,30200045,CIENCIAS DE LA COMUNICACION,FACULTAD DE CIENCIAS POLÍTICAS Y SOCIALES,Escolarizado,https://www.dgae.unam.mx/Licenciatura2026/resultados/3/30200045.html,69,1682,1401,109,77,239786,96,,No seleccionado,,Consultar
3,Licenciatura 2026,302,30200045,CIENCIAS DE LA COMUNICACION,FACULTAD DE CIENCIAS POLÍTICAS Y SOCIALES,Escolarizado,https://www.dgae.unam.mx/Licenciatura2026/resultados/3/30200045.html,69,1682,1401,109,77,239848,58,,No seleccionado,,Consultar
3,Licenciatura 2026,302,30200045,CIENCIAS DE LA COMUNICACION,FACULTAD DE CIENCIAS POLÍTICAS Y SOCIALES,Escolarizado,https://www.dgae.unam.mx/Licenciatura2026/resultados/3/30200045.html,69,1682,1401,109,77,239997,104,,No seleccionado,,Consultar
3,Licenciatura 2026,302,30200045,CIENCIAS DE LA COMUNICACION,FACULTAD DE CIENCIAS POLÍTICAS Y SOCIALES,Escolarizado,https://www.dgae.unam.mx/Licenciatura2026/resultados/3/30200045.html,69,1682,1401,109,77,240057,90,,No seleccionado,,Consultar
3,Licenciatura 2026,302,30200045,CIENCIAS DE LA COMUNICACION,FACULTAD DE CIENCIAS POLÍTICAS Y SOCIALES,Escolarizado,https://www.dgae.unam.mx/Licenciatura2026/resultados/3/30200045.html,69,1682,1401,109,77,240138,107,,No seleccionado,,Consultar
3,Licenciatura 2026,302,30200045,CIENCIAS DE LA COMUNICACION,FACULTAD DE CIENCIAS POLÍTICAS Y SOCIALES,Escolarizado,https://www.dgae.unam.mx/Licenciatura2026/resultados/3/30200045.html,69,1682,1401,109,77,240144,,N,No presentado,,Consultar
3,Licenciatura 2026,302,30200045,CIENCIAS DE LA COMUNICACION,FACULTAD DE CIENCIAS POLÍTICAS Y SOCIALES,Escolarizado,https://www.dgae.unam.mx/Licenciatura2026/resultados/3/30200045.html,69,1682,1401,109,77,240159,,N,No presentado,,Consultar
3,Licenciatura 2026,302,30200045,CIENCIAS DE LA COMUNICACION,FACULTAD DE CIENCIAS POLÍTICAS Y SOCIALES,Escolarizado,https://www.dgae.unam.mx/Licenciatura2026/resultados/3/30200045.html,69,1682,1401,109,77,240171,32,,No seleccionado,,Consultar
3,Licenciatura 2026,302,30200045,CIENCIAS DE LA COMUNICACION,FACULTAD DE CIENCIAS POLÍTICAS Y SOCIALES,Escolarizado,https://www.dgae.unam.mx/Licenciatura2026/resultados/3/30200045.html,69,1682,1401,109,77,240207,49,,No seleccionado,,Consultar
3,Licenciatura 2026,302,30200045,CIENCIAS DE LA COMUNICACION,FACULTAD DE CIENCIAS POLÍTICAS Y SOCIALES,Escolarizado,https://www.dgae.unam.mx/Licenciatura2026/resultados/3/30200045.html,69,1682,1401,109,77,240215,87,,No seleccionado,,Consultar
3,Licenciatura 2026,302,30200045,CIENCIAS DE LA COMUNICACION,FACULTAD DE CIENCIAS POLÍTICAS Y SOCIALES,Escolarizado,https://www.dgae.unam.mx/Licenciatura2026/resultados/3/30200045.html,69,1682,1401,109,77,240216,51,,No seleccionado,,Consultar
3,Licenciatura 2026,302,30200045,CIENCIAS DE LA COMUNICACION,FACULTAD DE CIENCIAS POLÍTICAS Y SOCIALES,Escolarizado,https://www.dgae.unam.mx/Licenciatura2026/resultados/3/30200045.html,69,1682,1401,109,77,240221,72,,No seleccionado,,Consultar
3,Licenciatura 2026,302,30200045,CIENCIAS DE LA COMUNICACION,FACULTAD DE CIENCIAS POLÍTICAS Y SOCIALES,Escolarizado,https://www.dgae.unam.mx/Licenciatura2026/resultados/3/30200045.html,69,1682,1401,109,77,240227,78,,No seleccionado,,Consultar
3,Licenciatura 2026,302,30200045,CIENCIAS DE LA COMUNICACION,FACULTAD DE CIENCIAS POLÍTICAS Y SOCIALES,Escolarizado,https://www.dgae.unam.mx/Licenciatura2026/resultados/3/30200045.html,69,1682,1401,109,77,240242,92,,No seleccionado,,Consultar
3,Licenciatura 2026,302,30200045,CIENCIAS DE LA COMUNICACION,FACULTAD DE CIENCIAS POLÍTICAS Y SOCIALES,Escolarizado,https://www.dgae.unam.mx/Licenciatura2026/resultados/3/30200045.html,69,1682,1401,109,77,240247,,N,No presentado,,Consultar
3,Licenciatura 2026,302,30200045,CIENCIAS DE LA COMUNICACION,FACULTAD DE CIENCIAS POLÍTICAS Y SOCIALES,Escolarizado,https://www.dgae.unam.mx/Licenciatura2026/resultados/3/30200045.html,69,1682,1401,109,77,240258,45,,No seleccionado,,Consultar
3,Licenciatura 2026,302,30200045,CIENCIAS DE LA COMUNICACION,FACULTAD DE CIENCIAS POLÍTICAS Y SOCIALES,Escolarizado,https://www.dgae.unam.mx/Licenciatura2026/resultados/3/30200045.html,69,1682,1401,109,77,240271,80,,No seleccionado,,Consultar
3,Licenciatura 2026,302,30200045,CIENCIAS DE LA COMUNICACION,FACULTAD DE CIENCIAS POLÍTICAS Y SOCIALES,Escolarizado,https://www.dgae.unam.mx/Licenciatura2026/resultados/3/30200045.html,69,1682,1401,109,77,240346,110,S,Seleccionado,Cita para entregar documentación.,Consultar
3,Licenciatura 2026,302,30200045,CIENCIAS DE LA COMUNICACION,FACULTAD DE CIENCIAS POLÍTICAS Y SOCIALES,Escolarizado,https://www.dgae.unam.mx/Licenciatura2026/resultados/3/30200045.html,69,1682,1401,109,77,240368,73,,No seleccionado,,Consultar
3,Licenciatura 2026,302,30200045,CIENCIAS DE LA COMUNICACION,FACULTAD DE CIENCIAS POLÍTICAS Y SOCIALES,Escolarizado,https://www.dgae.unam.mx/Licenciatura2026/resultados/3/30200045.html,69,1682,1401,109,77,240372,63,,No seleccionado,,Consultar
3,Licenciatura 2026,302,30200045,CIENCIAS DE LA COMUNICACION,FACULTAD DE CIENCIAS POLÍTICAS Y SOCIALES,Escolarizado,https://www.dgae.unam.mx/Licenciatura2026/resultados/3/30200045.html,69,1682,1401,109,77,240395,44,,No seleccionado,,Consultar
3,Licenciatura 2026,302,30200045,CIENCIAS DE LA COMUNICACION,FACULTAD DE CIENCIAS POLÍTICAS Y SOCIALES,Escolarizado,https://www.dgae.unam.mx/Licenciatura2026/resultados/3/30200045.html,69,1682,1401,109,77,240411,50,,No seleccionado,,Consultar
3,Licenciatura 2026,302,30200045,CIENCIAS DE LA COMUNICACION,FACULTAD DE CIENCIAS POLÍTICAS Y SOCIALES,Escolarizado,https://www.dgae.unam.mx/Licenciatura2026/resultados/3/30200045.html,69,1682,1401,109,77,240426,85,,No seleccionado,,Consultar
3,Licenciatura 2026,302,30200045,CIENCIAS DE LA COMUNICACION,FACULTAD DE CIENCIAS POLÍTICAS Y SOCIALES,Escolarizado,https://www.dgae.unam.mx/Licenciatura2026/resultados/3/30200045.html,69,1682,1401,109,77,240493,67,,No seleccionado,,Consultar
3,Licenciatura 2026,302,30200045,CIENCIAS DE LA COMUNICACION,FACULTAD DE CIENCIAS POLÍTICAS Y SOCIALES,Escolarizado,https://www.dgae.unam.mx/Licenciatura2026/resultados/3/30200045.html,69,1682,1401,109,77,240505,,N,No presentado,,Consultar
3,Licenciatura 2026,302,30200045,CIENCIAS DE LA COMUNICACION,FACULTAD DE CIENCIAS POLÍTICAS Y SOCIALES,Escolarizado,https://www.dgae.unam.mx/Licenciatura2026/resultados/3/30200045.html,69,1682,1401,109,77,240518,84,,No seleccionado,,Consultar
3,Licenciatura 2026,302,30200045,CIENCIAS DE LA COMUNICACION,FACULTAD DE CIENCIAS POLÍTICAS Y SOCIALES,Escolarizado,https://www.dgae.unam.mx/Licenciatura2026/resultados/3/30200045.html,69,1682,1401,109,77,240576,98,,No seleccionado,,Consultar
3,Licenciatura 2026,302,30200045,CIENCIAS DE LA COMUNICACION,FACULTAD DE CIENCIAS POLÍTICAS Y SOCIALES,Escolarizado,https://www.dgae.unam.mx/Licenciatura2026/resultados/3/30200045.html,69,1682,1401,109,77,240597,93,,No seleccionado,,Consultar
3,Licenciatura 2026,302,30200045,CIENCIAS DE LA COMUNICACION,FACULTAD DE CIENCIAS POLÍTICAS Y SOCIALES,Escolarizado,https://www.dgae.unam.mx/Licenciatura2026/resultados/3/30200045.html,69,1682,1401,109,77,240608,94,,No seleccionado,,Consultar
3,Licenciatura 2026,302,30200045,CIENCIAS DE LA COMUNICACION,FACULTAD DE CIENCIAS POLÍTICAS Y SOCIALES,Escolarizado,https://www.dgae.unam.mx/Licenciatura2026/resultados/3/30200045.html,69,1682,1401,109,77,240717,54,,No seleccionado,,Consultar
3,Licenciatura 2026,302,30200045,CIENCIAS DE LA COMUNICACION,FACULTAD DE CIENCIAS POLÍTICAS Y SOCIALES,Escolarizado,https://www.dgae.unam.mx/Licenciatura2026/resultados/3/30200045.html,69,1682,1401,109,77,240745,,N,No presentado,,Consultar
3,Licenciatura 2026,302,30200045,CIENCIAS DE LA COMUNICACION,FACULTAD DE CIENCIAS POLÍTICAS Y SOCIALES,Escolarizado,https://www.dgae.unam.mx/Licenciatura2026/resultados/3/30200045.html,69,1682,1401,109,77,240747,,N,No presentado,,Consultar
3,Licenciatura 2026,302,30200045,CIENCIAS DE LA COMUNICACION,FACULTAD DE CIENCIAS POLÍTICAS Y SOCIALES,Escolarizado,https://www.dgae.unam.mx/Licenciatura2026/resultados/3/30200045.html,69,1682,1401,109,77,240783,107,,No seleccionado,,Consultar
3,Licenciatura 2026,302,30200045,CIENCIAS DE LA COMUNICACION,FACULTAD DE CIENCIAS POLÍTICAS Y SOCIALES,Escolarizado,https://www.dgae.unam.mx/Licenciatura2026/resultados/3/30200045.html,69,1682,1401,109,77,240792,61,,No seleccionado,,Consultar
3,Licenciatura 2026,302,30200045,CIENCIAS DE LA COMUNICACION,FACULTAD DE CIENCIAS POLÍTICAS Y SOCIALES,Escolarizado,https://www.dgae.unam.mx/Licenciatura2026/resultados/3/30200045.html,69,1682,1401,109,77,240844,112,S,Seleccionado,,Consultar
3,Licenciatura 2026,302,30200045,CIENCIAS DE LA COMUNICACION,FACULTAD DE CIENCIAS POLÍTICAS Y SOCIALES,Escolarizado,https://www.dgae.unam.mx/Licenciatura2026/resultados/3/30200045.html,69,1682,1401,109,77,240866,41,,No seleccionado,,Consultar
3,Licenciatura 2026,302,30200045,CIENCIAS DE LA COMUNICACION,FACULTAD DE CIENCIAS POLÍTICAS Y SOCIALES,Escolarizado,https://www.dgae.unam.mx/Licenciatura2026/resultados/3/30200045.html,69,1682,1401,109,77,240891,75,,No seleccionado,,Consultar
3,Licenciatura 2026,302,30200045,CIENCIAS DE LA COMUNICACION,FACULTAD DE CIENCIAS POLÍTICAS Y SOCIALES,Escolarizado,https://www.dgae.unam.mx/Licenciatura2026/resultados/3/30200045.html,69,1682,1401,109,77,240998,108,,No seleccionado,,Consultar
3,Licenciatura 2026,302,30200045,CIENCIAS DE LA COMUNICACION,FACULTAD DE CIENCIAS POLÍTICAS Y SOCIALES,Escolarizado,https://www.dgae.unam.mx/Licenciatura2026/resultados/3/30200045.html,69,1682,1401,109,77,241035,113,S,Seleccionado,,Consultar
3,Licenciatura 2026,302,30200045,CIENCIAS DE LA COMUNICACION,FACULTAD DE CIENCIAS POLÍTICAS Y SOCIALES,Escolarizado,https://www.dgae.unam.mx/Licenciatura2026/resultados/3/30200045.html,69,1682,1401,109,77,241036,33,,No seleccionado,,Consultar
3,Licenciatura 2026,302,30200045,CIENCIAS DE LA COMUNICACION,FACULTAD DE CIENCIAS POLÍTICAS Y SOCIALES,Escolarizado,https://www.dgae.unam.mx/Licenciatura2026/resultados/3/30200045.html,69,1682,1401,109,77,241080,92,,No seleccionado,,Consultar
3,Licenciatura 2026,302,30200045,CIENCIAS DE LA COMUNICACION,FACULTAD DE CIENCIAS POLÍTICAS Y SOCIALES,Escolarizado,https://www.dgae.unam.mx/Licenciatura2026/resultados/3/30200045.html,69,1682,1401,109,77,241135,,N,No presentado,,Consultar
3,Licenciatura 2026,302,30200045,CIENCIAS DE LA COMUNICACION,FACULTAD DE CIENCIAS POLÍTICAS Y SOCIALES,Escolarizado,https://www.dgae.unam.mx/Licenciatura2026/resultados/3/30200045.html,69,1682,1401,109,77,241212,,N,No presentado,,Consultar
3,Licenciatura 2026,302,30200045,CIENCIAS DE LA COMUNICACION,FACULTAD DE CIENCIAS POLÍTICAS Y SOCIALES,Escolarizado,https://www.dgae.unam.mx/Licenciatura2026/resultados/3/30200045.html,69,1682,1401,109,77,241248,,N,No presentado,,Consultar
3,Licenciatura 2026,302,30200045,CIENCIAS DE LA COMUNICACION,FACULTAD DE CIENCIAS POLÍTICAS Y SOCIALES,Escolarizado,https://www.dgae.unam.mx/Licenciatura2026/resultados/3/30200045.html,69,1682,1401,109,77,241311,111,S,Seleccionado,,Consultar
3,Licenciatura 2026,302,30200045,CIENCIAS DE LA COMUNICACION,FACULTAD DE CIENCIAS POLÍTICAS Y SOCIALES,Escolarizado,https://www.dgae.unam.mx/Licenciatura2026/resultados/3/30200045.html,69,1682,1401,109,77,241342,40,,No seleccionado,,Consultar
3,Licenciatura 2026,302,30200045,CIENCIAS DE LA COMUNICACION,FACULTAD DE CIENCIAS POLÍTICAS Y SOCIALES,Escolarizado,https://www.dgae.unam.mx/Licenciatura2026/resultados/3/30200045.html,69,1682,1401,109,77,241347,83,,No seleccionado,,Consultar
3,Licenciatura 2026,302,30200045,CIENCIAS DE LA COMUNICACION,FACULTAD DE CIENCIAS POLÍTICAS Y SOCIALES,Escolarizado,https://www.dgae.unam.mx/Licenciatura2026/resultados/3/30200045.html,69,1682,1401,109,77,241365,60,,No seleccionado,,Consultar
3,Licenciatura 2026,302,30200045,CIENCIAS DE LA COMUNICACION,FACULTAD DE CIENCIAS POLÍTICAS Y SOCIALES,Escolarizado,https://www.dgae.unam.mx/Licenciatura2026/resultados/3/30200045.html,69,1682,1401,109,77,241442,88,,No seleccionado,,Consultar
3,Licenciatura 2026,302,30200045,CIENCIAS DE LA COMUNICACION,FACULTAD DE CIENCIAS POLÍTICAS Y SOCIALES,Escolarizado,https://www.dgae.unam.mx/Licenciatura2026/resultados/3/30200045.html,69,1682,1401,109,77,241456,,N,No presentado,,Consultar
3,Licenciatura 2026,302,30200045,CIENCIAS DE LA COMUNICACION,FACULTAD DE CIENCIAS POLÍTICAS Y SOCIALES,Escolarizado,https://www.dgae.unam.mx/Licenciatura2026/resultados/3/30200045.html,69,1682,1401,109,77,241464,45,,No seleccionado,,Consultar
3,Licenciatura 2026,302,30200045,CIENCIAS DE LA COMUNICACION,FACULTAD DE CIENCIAS POLÍTICAS Y SOCIALES,Escolarizado,https://www.dgae.unam.mx/Licenciatura2026/resultados/3/30200045.html,69,1682,1401,109,77,241471,,N,No presentado,,Consultar
3,Licenciatura 2026,302,30200045,CIENCIAS DE LA COMUNICACION,FACULTAD DE CIENCIAS POLÍTICAS Y SOCIALES,Escolarizado,https://www.dgae.unam.mx/Licenciatura2026/resultados/3/30200045.html,69,1682,1401,109,77,241474,54,,No seleccionado,,Consultar
3,Licenciatura 2026,302,30200045,CIENCIAS DE LA COMUNICACION,FACULTAD DE CIENCIAS POLÍTICAS Y SOCIALES,Escolarizado,https://www.dgae.unam.mx/Licenciatura2026/resultados/3/30200045.html,69,1682,1401,109,77,241516,,N,No presentado,,Consultar
3,Licenciatura 2026,302,30200045,CIENCIAS DE LA COMUNICACION,FACULTAD DE CIENCIAS POLÍTICAS Y SOCIALES,Escolarizado,https://www.dgae.unam.mx/Licenciatura2026/resultados/3/30200045.html,69,1682,1401,109,77,241572,,C,Cancelado,,Consultar
3,Licenciatura 2026,302,30200045,CIENCIAS DE LA COMUNICACION,FACULTAD DE CIENCIAS POLÍTICAS Y SOCIALES,Escolarizado,https://www.dgae.unam.mx/Licenciatura2026/resultados/3/30200045.html,69,1682,1401,109,77,241578,84,,No seleccionado,,Consultar
3,Licenciatura 2026,302,30200045,CIENCIAS DE LA COMUNICACION,FACULTAD DE CIENCIAS POLÍTICAS Y SOCIALES,Escolarizado,https://www.dgae.unam.mx/Licenciatura2026/resultados/3/30200045.html,69,1682,1401,109,77,241620,70,,No seleccionado,,Consultar
3,Licenciatura 2026,302,30200045,CIENCIAS DE LA COMUNICACION,FACULTAD DE CIENCIAS POLÍTICAS Y SOCIALES,Escolarizado,https://www.dgae.unam.mx/Licenciatura2026/resultados/3/30200045.html,69,1682,1401,109,77,241650,84,,No seleccionado,,Consultar
3,Licenciatura 2026,302,30200045,CIENCIAS DE LA COMUNICACION,FACULTAD DE CIENCIAS POLÍTICAS Y SOCIALES,Escolarizado,https://www.dgae.unam.mx/Licenciatura2026/resultados/3/30200045.html,69,1682,1401,109,77,241665,63,,No seleccionado,,Consultar
3,Licenciatura 2026,302,30200045,CIENCIAS DE LA COMUNICACION,FACULTAD DE CIENCIAS POLÍTICAS Y SOCIALES,Escolarizado,https://www.dgae.unam.mx/Licenciatura2026/resultados/3/30200045.html,69,1682,1401,109,77,241691,,N,No presentado,,Consultar
3,Licenciatura 2026,302,30200045,CIENCIAS DE LA COMUNICACION,FACULTAD DE CIENCIAS POLÍTICAS Y SOCIALES,Escolarizado,https://www.dgae.unam.mx/Licenciatura2026/resultados/3/30200045.html,69,1682,1401,109,77,241744,107,,No seleccionado,,Consultar
3,Licenciatura 2026,302,30200045,CIENCIAS DE LA COMUNICACION,FACULTAD DE CIENCIAS POLÍTICAS Y SOCIALES,Escolarizado,https://www.dgae.unam.mx/Licenciatura2026/resultados/3/30200045.html,69,1682,1401,109,77,241789,113,S,Seleccionado,,Consultar
3,Licenciatura 2026,302,30200045,CIENCIAS DE LA COMUNICACION,FACULTAD DE CIENCIAS POLÍTICAS Y SOCIALES,Escolarizado,https://www.dgae.unam.mx/Licenciatura2026/resultados/3/30200045.html,69,1682,1401,109,77,241871,100,,No seleccionado,,Consultar
3,Licenciatura 2026,302,30200045,CIENCIAS DE LA COMUNICACION,FACULTAD DE CIENCIAS POLÍTICAS Y SOCIALES,Escolarizado,https://www.dgae.unam.mx/Licenciatura2026/resultados/3/30200045.html,69,1682,1401,109,77,241876,,N,No presentado,,Consultar
3,Licenciatura 2026,302,30200045,CIENCIAS DE LA COMUNICACION,FACULTAD DE CIENCIAS POLÍTICAS Y SOCIALES,Escolarizado,https://www.dgae.unam.mx/Licenciatura2026/resultados/3/30200045.html,69,1682,1401,109,77,241882,99,,No seleccionado,,Consultar
3,Licenciatura 2026,302,30200045,CIENCIAS DE LA COMUNICACION,FACULTAD DE CIENCIAS POLÍTICAS Y SOCIALES,Escolarizado,https://www.dgae.unam.mx/Licenciatura2026/resultados/3/30200045.html,69,1682,1401,109,77,241892,75,,No seleccionado,,Consultar
3,Licenciatura 2026,302,30200045,CIENCIAS DE LA COMUNICACION,FACULTAD DE CIENCIAS POLÍTICAS Y SOCIALES,Escolarizado,https://www.dgae.unam.mx/Licenciatura2026/resultados/3/30200045.html,69,1682,1401,109,77,241898,104,,No seleccionado,,Consultar
3,Licenciatura 2026,302,30200045,CIENCIAS DE LA COMUNICACION,FACULTAD DE CIENCIAS POLÍTICAS Y SOCIALES,Escolarizado,https://www.dgae.unam.mx/Licenciatura2026/resultados/3/30200045.html,69,1682,1401,109,77,241925,81,,No seleccionado,,Consultar
3,Licenciatura 2026,302,30200045,CIENCIAS DE LA COMUNICACION,FACULTAD DE CIENCIAS POLÍTICAS Y SOCIALES,Escolarizado,https://www.dgae.unam.mx/Licenciatura2026/resultados/3/30200045.html,69,1682,1401,109,77,241928,,N,No presentado,,Consultar
3,Licenciatura 2026,302,30200045,CIENCIAS DE LA COMUNICACION,FACULTAD DE CIENCIAS POLÍTICAS Y SOCIALES,Escolarizado,https://www.dgae.unam.mx/Licenciatura2026/resultados/3/30200045.html,69,1682,1401,109,77,241961,28,,No seleccionado,,Consultar
3,Licenciatura 2026,302,30200045,CIENCIAS DE LA COMUNICACION,FACULTAD DE CIENCIAS POLÍTICAS Y SOCIALES,Escolarizado,https://www.dgae.unam.mx/Licenciatura2026/resultados/3/30200045.html,69,1682,1401,109,77,241976,45,,No seleccionado,,Consultar
3,Licenciatura 2026,302,30200045,CIENCIAS DE LA COMUNICACION,FACULTAD DE CIENCIAS POLÍTICAS Y SOCIALES,Escolarizado,https://www.dgae.unam.mx/Licenciatura2026/resultados/3/30200045.html,69,1682,1401,109,77,242009,31,,No seleccionado,,Consultar
3,Licenciatura 2026,302,30200045,CIENCIAS DE LA COMUNICACION,FACULTAD DE CIENCIAS POLÍTICAS Y SOCIALES,Escolarizado,https://www.dgae.unam.mx/Licenciatura2026/resultados/3/30200045.html,69,1682,1401,109,77,242171,73,,No seleccionado,,Consultar
3,Licenciatura 2026,302,30200045,CIENCIAS DE LA COMUNICACION,FACULTAD DE CIENCIAS POLÍTICAS Y SOCIALES,Escolarizado,https://www.dgae.unam.mx/Licenciatura2026/resultados/3/30200045.html,69,1682,1401,109,77,242265,91,,No seleccionado,,Consultar
3,Licenciatura 2026,302,30200045,CIENCIAS DE LA COMUNICACION,FACULTAD DE CIENCIAS POLÍTICAS Y SOCIALES,Escolarizado,https://www.dgae.unam.mx/Licenciatura2026/resultados/3/30200045.html,69,1682,1401,109,77,242279,,C,Cancelado,,Consultar
3,Licenciatura 2026,302,30200045,CIENCIAS DE LA COMUNICACION,FACULTAD DE CIENCIAS POLÍTICAS Y SOCIALES,Escolarizado,https://www.dgae.unam.mx/Licenciatura2026/resultados/3/30200045.html,69,1682,1401,109,77,242357,108,,No seleccionado,,Consultar
3,Licenciatura 2026,302,30200045,CIENCIAS DE LA COMUNICACION,FACULTAD DE CIENCIAS POLÍTICAS Y SOCIALES,Escolarizado,https://www.dgae.unam.mx/Licenciatura2026/resultados/3/30200045.html,69,1682,1401,109,77,242385,95,,No seleccionado,,Consultar
3,Licenciatura 2026,302,30200045,CIENCIAS DE LA COMUNICACION,FACULTAD DE CIENCIAS POLÍTICAS Y SOCIALES,Escolarizado,https://www.dgae.unam.mx/Licenciatura2026/resultados/3/30200045.html,69,1682,1401,109,77,242406,104,,No seleccionado,,Consultar
3,Licenciatura 2026,302,30200045,CIENCIAS DE LA COMUNICACION,FACULTAD DE CIENCIAS POLÍTICAS Y SOCIALES,Escolarizado,https://www.dgae.unam.mx/Licenciatura2026/resultados/3/30200045.html,69,1682,1401,109,77,242426,59,,No seleccionado,,Consultar
3,Licenciatura 2026,302,30200045,CIENCIAS DE LA COMUNICACION,FACULTAD DE CIENCIAS POLÍTICAS Y SOCIALES,Escolarizado,https://www.dgae.unam.mx/Licenciatura2026/resultados/3/30200045.html,69,1682,1401,109,77,242436,,N,No presentado,,Consultar
3,Licenciatura 2026,302,30200045,CIENCIAS DE LA COMUNICACION,FACULTAD DE CIENCIAS POLÍTICAS Y SOCIALES,Escolarizado,https://www.dgae.unam.mx/Licenciatura2026/resultados/3/30200045.html,69,1682,1401,109,77,242463,41,,No seleccionado,,Consultar
3,Licenciatura 2026,302,30200045,CIENCIAS DE LA COMUNICACION,FACULTAD DE CIENCIAS POLÍTICAS Y SOCIALES,Escolarizado,https://www.dgae.unam.mx/Licenciatura2026/resultados/3/30200045.html,69,1682,1401,109,77,242469,85,,No seleccionado,,Consultar
3,Licenciatura 2026,302,30200045,CIENCIAS DE LA COMUNICACION,FACULTAD DE CIENCIAS POLÍTICAS Y SOCIALES,Escolarizado,https://www.dgae.unam.mx/Licenciatura2026/resultados/3/30200045.html,69,1682,1401,109,77,242476,82,,No seleccionado,,Consultar
3,Licenciatura 2026,302,30200045,CIENCIAS DE LA COMUNICACION,FACULTAD DE CIENCIAS POLÍTICAS Y SOCIALES,Escolarizado,https://www.dgae.unam.mx/Licenciatura2026/resultados/3/30200045.html,69,1682,1401,109,77,242494,59,,No seleccionado,,Consultar
3,Licenciatura 2026,302,30200045,CIENCIAS DE LA COMUNICACION,FACULTAD DE CIENCIAS POLÍTICAS Y SOCIALES,Escolarizado,https://www.dgae.unam.mx/Licenciatura2026/resultados/3/30200045.html,69,1682,1401,109,77,242505,113,S,Seleccionado,Cita para entregar documentación.,Consultar
3,Licenciatura 2026,302,30200045,CIENCIAS DE LA COMUNICACION,FACULTAD DE CIENCIAS POLÍTICAS Y SOCIALES,Escolarizado,https://www.dgae.unam.mx/Licenciatura2026/resultados/3/30200045.html,69,1682,1401,109,77,242520,48,,No seleccionado,,Consultar
3,Licenciatura 2026,302,30200045,CIENCIAS DE LA COMUNICACION,FACULTAD DE CIENCIAS POLÍTICAS Y SOCIALES,Escolarizado,https://www.dgae.unam.mx/Licenciatura2026/resultados/3/30200045.html,69,1682,1401,109,77,242522,107,,No seleccionado,,Consultar
3,Licenciatura 2026,302,30200045,CIENCIAS DE LA COMUNICACION,FACULTAD DE CIENCIAS POLÍTICAS Y SOCIALES,Escolarizado,https://www.dgae.unam.mx/Licenciatura2026/resultados/3/30200045.html,69,1682,1401,109,77,242543,47,,No seleccionado,,Consultar
3,Licenciatura 2026,302,30200045,CIENCIAS DE LA COMUNICACION,FACULTAD DE CIENCIAS POLÍTICAS Y SOCIALES,Escolarizado,https://www.dgae.unam.mx/Licenciatura2026/resultados/3/30200045.html,69,1682,1401,109,77,242552,106,,No seleccionado,,Consultar
3,Licenciatura 2026,302,30200045,CIENCIAS DE LA COMUNICACION,FACULTAD DE CIENCIAS POLÍTICAS Y SOCIALES,Escolarizado,https://www.dgae.unam.mx/Licenciatura2026/resultados/3/30200045.html,69,1682,1401,109,77,242561,69,,No seleccionado,,Consultar
3,Licenciatura 2026,302,30200045,CIENCIAS DE LA COMUNICACION,FACULTAD DE CIENCIAS POLÍTICAS Y SOCIALES,Escolarizado,https://www.dgae.unam.mx/Licenciatura2026/resultados/3/30200045.html,69,1682,1401,109,77,242596,42,,No seleccionado,,Consultar
3,Licenciatura 2026,302,30200045,CIENCIAS DE LA COMUNICACION,FACULTAD DE CIENCIAS POLÍTICAS Y SOCIALES,Escolarizado,https://www.dgae.unam.mx/Licenciatura2026/resultados/3/30200045.html,69,1682,1401,109,77,242664,50,,No seleccionado,,Consultar
3,Licenciatura 2026,302,30200045,CIENCIAS DE LA COMUNICACION,FACULTAD DE CIENCIAS POLÍTICAS Y SOCIALES,Escolarizado,https://www.dgae.unam.mx/Licenciatura2026/resultados/3/30200045.html,69,1682,1401,109,77,242693,47,,No seleccionado,,Consultar
3,Licenciatura 2026,302,30200045,CIENCIAS DE LA COMUNICACION,FACULTAD DE CIENCIAS POLÍTICAS Y SOCIALES,Escolarizado,https://www.dgae.unam.mx/Licenciatura2026/resultados/3/30200045.html,69,1682,1401,109,77,242780,82,,No seleccionado,,Consultar
3,Licenciatura 2026,302,30200045,CIENCIAS DE LA COMUNICACION,FACULTAD DE CIENCIAS POLÍTICAS Y SOCIALES,Escolarizado,https://www.dgae.unam.mx/Licenciatura2026/resultados/3/30200045.html,69,1682,1401,109,77,242790,77,,No seleccionado,,Consultar
3,Licenciatura 2026,302,30200045,CIENCIAS DE LA COMUNICACION,FACULTAD DE CIENCIAS POLÍTICAS Y SOCIALES,Escolarizado,https://www.dgae.unam.mx/Licenciatura2026/resultados/3/30200045.html,69,1682,1401,109,77,242794,95,,No seleccionado,,Consultar
3,Licenciatura 2026,302,30200045,CIENCIAS DE LA COMUNICACION,FACULTAD DE CIENCIAS POLÍTICAS Y SOCIALES,Escolarizado,https://www.dgae.unam.mx/Licenciatura2026/resultados/3/30200045.html,69,1682,1401,109,77,242850,,N,No presentado,,Consultar
3,Licenciatura 2026,302,30200045,CIENCIAS DE LA COMUNICACION,FACULTAD DE CIENCIAS POLÍTICAS Y SOCIALES,Escolarizado,https://www.dgae.unam.mx/Licenciatura2026/resultados/3/30200045.html,69,1682,1401,109,77,242865,88,,No seleccionado,,Consultar
3,Licenciatura 2026,302,30200045,CIENCIAS DE LA COMUNICACION,FACULTAD DE CIENCIAS POLÍTICAS Y SOCIALES,Escolarizado,https://www.dgae.unam.mx/Licenciatura2026/resultados/3/30200045.html,69,1682,1401,109,77,242883,90,,No seleccionado,,Consultar
3,Licenciatura 2026,302,30200045,CIENCIAS DE LA COMUNICACION,FACULTAD DE CIENCIAS POLÍTICAS Y SOCIALES,Escolarizado,https://www.dgae.unam.mx/Licenciatura2026/resultados/3/30200045.html,69,1682,1401,109,77,242930,,N,No presentado,,Consultar
3,Licenciatura 2026,302,30200045,CIENCIAS DE LA COMUNICACION,FACULTAD DE CIENCIAS POLÍTICAS Y SOCIALES,Escolarizado,https://www.dgae.unam.mx/Licenciatura2026/resultados/3/30200045.html,69,1682,1401,109,77,242940,,N,No presentado,,Consultar
3,Licenciatura 2026,302,30200045,CIENCIAS DE LA COMUNICACION,FACULTAD DE CIENCIAS POLÍTICAS Y SOCIALES,Escolarizado,https://www.dgae.unam.mx/Licenciatura2026/resultados/3/30200045.html,69,1682,1401,109,77,242994,,N,No presentado,,Consultar
3,Licenciatura 2026,302,30200045,CIENCIAS DE LA COMUNICACION,FACULTAD DE CIENCIAS POLÍTICAS Y SOCIALES,Escolarizado,https://www.dgae.unam.mx/Licenciatura2026/resultados/3/30200045.html,69,1682,1401,109,77,243057,52,,No seleccionado,,Consultar
3,Licenciatura 2026,302,30200045,CIENCIAS DE LA COMUNICACION,FACULTAD DE CIENCIAS POLÍTICAS Y SOCIALES,Escolarizado,https://www.dgae.unam.mx/Licenciatura2026/resultados/3/30200045.html,69,1682,1401,109,77,243067,90,,No seleccionado,,Consultar
3,Licenciatura 2026,302,30200045,CIENCIAS DE LA COMUNICACION,FACULTAD DE CIENCIAS POLÍTICAS Y SOCIALES,Escolarizado,https://www.dgae.unam.mx/Licenciatura2026/resultados/3/30200045.html,69,1682,1401,109,77,243069,74,,No seleccionado,,Consultar
3,Licenciatura 2026,302,30200045,CIENCIAS DE LA COMUNICACION,FACULTAD DE CIENCIAS POLÍTICAS Y SOCIALES,Escolarizado,https://www.dgae.unam.mx/Licenciatura2026/resultados/3/30200045.html,69,1682,1401,109,77,243083,47,,No seleccionado,,Consultar
3,Licenciatura 2026,302,30200045,CIENCIAS DE LA COMUNICACION,FACULTAD DE CIENCIAS POLÍTICAS Y SOCIALES,Escolarizado,https://www.dgae.unam.mx/Licenciatura2026/resultados/3/30200045.html,69,1682,1401,109,77,243084,34,,No seleccionado,,Consultar
3,Licenciatura 2026,302,30200045,CIENCIAS DE LA COMUNICACION,FACULTAD DE CIENCIAS POLÍTICAS Y SOCIALES,Escolarizado,https://www.dgae.unam.mx/Licenciatura2026/resultados/3/30200045.html,69,1682,1401,109,77,243165,45,,No seleccionado,,Consultar
3,Licenciatura 2026,302,30200045,CIENCIAS DE LA COMUNICACION,FACULTAD DE CIENCIAS POLÍTICAS Y SOCIALES,Escolarizado,https://www.dgae.unam.mx/Licenciatura2026/resultados/3/30200045.html,69,1682,1401,109,77,243204,83,,No seleccionado,,Consultar
3,Licenciatura 2026,302,30200045,CIENCIAS DE LA COMUNICACION,FACULTAD DE CIENCIAS POLÍTICAS Y SOCIALES,Escolarizado,https://www.dgae.unam.mx/Licenciatura2026/resultados/3/30200045.html,69,1682,1401,109,77,243221,100,,No seleccionado,,Consultar
3,Licenciatura 2026,302,30200045,CIENCIAS DE LA COMUNICACION,FACULTAD DE CIENCIAS POLÍTICAS Y SOCIALES,Escolarizado,https://www.dgae.unam.mx/Licenciatura2026/resultados/3/30200045.html,69,1682,1401,109,77,243225,49,,No seleccionado,,Consultar
3,Licenciatura 2026,302,30200045,CIENCIAS DE LA COMUNICACION,FACULTAD DE CIENCIAS POLÍTICAS Y SOCIALES,Escolarizado,https://www.dgae.unam.mx/Licenciatura2026/resultados/3/30200045.html,69,1682,1401,109,77,243275,42,,No seleccionado,,Consultar
3,Licenciatura 2026,302,30200045,CIENCIAS DE LA COMUNICACION,FACULTAD DE CIENCIAS POLÍTICAS Y SOCIALES,Escolarizado,https://www.dgae.unam.mx/Licenciatura2026/resultados/3/30200045.html,69,1682,1401,109,77,243312,105,,No seleccionado,,Consultar
3,Licenciatura 2026,302,30200045,CIENCIAS DE LA COMUNICACION,FACULTAD DE CIENCIAS POLÍTICAS Y SOCIALES,Escolarizado,https://www.dgae.unam.mx/Licenciatura2026/resultados/3/30200045.html,69,1682,1401,109,77,243317,85,,No seleccionado,,Consultar
3,Licenciatura 2026,302,30200045,CIENCIAS DE LA COMUNICACION,FACULTAD DE CIENCIAS POLÍTICAS Y SOCIALES,Escolarizado,https://www.dgae.unam.mx/Licenciatura2026/resultados/3/30200045.html,69,1682,1401,109,77,243343,86,,No seleccionado,,Consultar
3,Licenciatura 2026,302,30200045,CIENCIAS DE LA COMUNICACION,FACULTAD DE CIENCIAS POLÍTICAS Y SOCIALES,Escolarizado,https://www.dgae.unam.mx/Licenciatura2026/resultados/3/30200045.html,69,1682,1401,109,77,243364,109,S,Seleccionado,Cita para entregar documentación.,Consultar
3,Licenciatura 2026,302,30200045,CIENCIAS DE LA COMUNICACION,FACULTAD DE CIENCIAS POLÍTICAS Y SOCIALES,Escolarizado,https://www.dgae.unam.mx/Licenciatura2026/resultados/3/30200045.html,69,1682,1401,109,77,243374,60,,No seleccionado,,Consultar
3,Licenciatura 2026,302,30200045,CIENCIAS DE LA COMUNICACION,FACULTAD DE CIENCIAS POLÍTICAS Y SOCIALES,Escolarizado,https://www.dgae.unam.mx/Licenciatura2026/resultados/3/30200045.html,69,1682,1401,109,77,243421,86,,No seleccionado,,Consultar
3,Licenciatura 2026,302,30200045,CIENCIAS DE LA COMUNICACION,FACULTAD DE CIENCIAS POLÍTICAS Y SOCIALES,Escolarizado,https://www.dgae.unam.mx/Licenciatura2026/resultados/3/30200045.html,69,1682,1401,109,77,243491,,N,No presentado,,Consultar
3,Licenciatura 2026,302,30200045,CIENCIAS DE LA COMUNICACION,FACULTAD DE CIENCIAS POLÍTICAS Y SOCIALES,Escolarizado,https://www.dgae.unam.mx/Licenciatura2026/resultados/3/30200045.html,69,1682,1401,109,77,243506,58,,No seleccionado,,Consultar
3,Licenciatura 2026,302,30200045,CIENCIAS DE LA COMUNICACION,FACULTAD DE CIENCIAS POLÍTICAS Y SOCIALES,Escolarizado,https://www.dgae.unam.mx/Licenciatura2026/resultados/3/30200045.html,69,1682,1401,109,77,243532,34,,No seleccionado,,Consultar
3,Licenciatura 2026,302,30200045,CIENCIAS DE LA COMUNICACION,FACULTAD DE CIENCIAS POLÍTICAS Y SOCIALES,Escolarizado,https://www.dgae.unam.mx/Licenciatura2026/resultados/3/30200045.html,69,1682,1401,109,77,243558,45,,No seleccionado,,Consultar
3,Licenciatura 2026,302,30200045,CIENCIAS DE LA COMUNICACION,FACULTAD DE CIENCIAS POLÍTICAS Y SOCIALES,Escolarizado,https://www.dgae.unam.mx/Licenciatura2026/resultados/3/30200045.html,69,1682,1401,109,77,243573,61,,No seleccionado,,Consultar
3,Licenciatura 2026,302,30200045,CIENCIAS DE LA COMUNICACION,FACULTAD DE CIENCIAS POLÍTICAS Y SOCIALES,Escolarizado,https://www.dgae.unam.mx/Licenciatura2026/resultados/3/30200045.html,69,1682,1401,109,77,243600,71,,No seleccionado,,Consultar
3,Licenciatura 2026,302,30200045,CIENCIAS DE LA COMUNICACION,FACULTAD DE CIENCIAS POLÍTICAS Y SOCIALES,Escolarizado,https://www.dgae.unam.mx/Licenciatura2026/resultados/3/30200045.html,69,1682,1401,109,77,243661,92,,No seleccionado,,Consultar
3,Licenciatura 2026,302,30200045,CIENCIAS DE LA COMUNICACION,FACULTAD DE CIENCIAS POLÍTICAS Y SOCIALES,Escolarizado,https://www.dgae.unam.mx/Licenciatura2026/resultados/3/30200045.html,69,1682,1401,109,77,243694,98,,No seleccionado,,Consultar
3,Licenciatura 2026,302,30200045,CIENCIAS DE LA COMUNICACION,FACULTAD DE CIENCIAS POLÍTICAS Y SOCIALES,Escolarizado,https://www.dgae.unam.mx/Licenciatura2026/resultados/3/30200045.html,69,1682,1401,109,77,243749,,N,No presentado,,Consultar
3,Licenciatura 2026,302,30200045,CIENCIAS DE LA COMUNICACION,FACULTAD DE CIENCIAS POLÍTICAS Y SOCIALES,Escolarizado,https://www.dgae.unam.mx/Licenciatura2026/resultados/3/30200045.html,69,1682,1401,109,77,243775,,N,No presentado,,Consultar
3,Licenciatura 2026,302,30200045,CIENCIAS DE LA COMUNICACION,FACULTAD DE CIENCIAS POLÍTICAS Y SOCIALES,Escolarizado,https://www.dgae.unam.mx/Licenciatura2026/resultados/3/30200045.html,69,1682,1401,109,77,243776,56,,No seleccionado,,Consultar
3,Licenciatura 2026,302,30200045,CIENCIAS DE LA COMUNICACION,FACULTAD DE CIENCIAS POLÍTICAS Y SOCIALES,Escolarizado,https://www.dgae.unam.mx/Licenciatura2026/resultados/3/30200045.html,69,1682,1401,109,77,243821,46,,No seleccionado,,Consultar
3,Licenciatura 2026,302,30200045,CIENCIAS DE LA COMUNICACION,FACULTAD DE CIENCIAS POLÍTICAS Y SOCIALES,Escolarizado,https://www.dgae.unam.mx/Licenciatura2026/resultados/3/30200045.html,69,1682,1401,109,77,243844,51,,No seleccionado,,Consultar
3,Licenciatura 2026,302,30200045,CIENCIAS DE LA COMUNICACION,FACULTAD DE CIENCIAS POLÍTICAS Y SOCIALES,Escolarizado,https://www.dgae.unam.mx/Licenciatura2026/resultados/3/30200045.html,69,1682,1401,109,77,243878,78,,No seleccionado,,Consultar
3,Licenciatura 2026,302,30200045,CIENCIAS DE LA COMUNICACION,FACULTAD DE CIENCIAS POLÍTICAS Y SOCIALES,Escolarizado,https://www.dgae.unam.mx/Licenciatura2026/resultados/3/30200045.html,69,1682,1401,109,77,243919,68,,No seleccionado,,Consultar
3,Licenciatura 2026,302,30200045,CIENCIAS DE LA COMUNICACION,FACULTAD DE CIENCIAS POLÍTICAS Y SOCIALES,Escolarizado,https://www.dgae.unam.mx/Licenciatura2026/resultados/3/30200045.html,69,1682,1401,109,77,243967,42,,No seleccionado,,Consultar
3,Licenciatura 2026,302,30200045,CIENCIAS DE LA COMUNICACION,FACULTAD DE CIENCIAS POLÍTICAS Y SOCIALES,Escolarizado,https://www.dgae.unam.mx/Licenciatura2026/resultados/3/30200045.html,69,1682,1401,109,77,244031,71,,No seleccionado,,Consultar
3,Licenciatura 2026,302,30200045,CIENCIAS DE LA COMUNICACION,FACULTAD DE CIENCIAS POLÍTICAS Y SOCIALES,Escolarizado,https://www.dgae.unam.mx/Licenciatura2026/resultados/3/30200045.html,69,1682,1401,109,77,244060,107,,No seleccionado,,Consultar
3,Licenciatura 2026,302,30200045,CIENCIAS DE LA COMUNICACION,FACULTAD DE CIENCIAS POLÍTICAS Y SOCIALES,Escolarizado,https://www.dgae.unam.mx/Licenciatura2026/resultados/3/30200045.html,69,1682,1401,109,77,244067,44,,No seleccionado,,Consultar
3,Licenciatura 2026,302,30200045,CIENCIAS DE LA COMUNICACION,FACULTAD DE CIENCIAS POLÍTICAS Y SOCIALES,Escolarizado,https://www.dgae.unam.mx/Licenciatura2026/resultados/3/30200045.html,69,1682,1401,109,77,244131,104,,No seleccionado,,Consultar
3,Licenciatura 2026,302,30200045,CIENCIAS DE LA COMUNICACION,FACULTAD DE CIENCIAS POLÍTICAS Y SOCIALES,Escolarizado,https://www.dgae.unam.mx/Licenciatura2026/resultados/3/30200045.html,69,1682,1401,109,77,244144,101,,No seleccionado,,Consultar
3,Licenciatura 2026,302,30200045,CIENCIAS DE LA COMUNICACION,FACULTAD DE CIENCIAS POLÍTICAS Y SOCIALES,Escolarizado,https://www.dgae.unam.mx/Licenciatura2026/resultados/3/30200045.html,69,1682,1401,109,77,244150,60,,No seleccionado,,Consultar
3,Licenciatura 2026,302,30200045,CIENCIAS DE LA COMUNICACION,FACULTAD DE CIENCIAS POLÍTICAS Y SOCIALES,Escolarizado,https://www.dgae.unam.mx/Licenciatura2026/resultados/3/30200045.html,69,1682,1401,109,77,244153,,N,No presentado,,Consultar
3,Licenciatura 2026,302,30200045,CIENCIAS DE LA COMUNICACION,FACULTAD DE CIENCIAS POLÍTICAS Y SOCIALES,Escolarizado,https://www.dgae.unam.mx/Licenciatura2026/resultados/3/30200045.html,69,1682,1401,109,77,244171,75,,No seleccionado,,Consultar
3,Licenciatura 2026,302,30200045,CIENCIAS DE LA COMUNICACION,FACULTAD DE CIENCIAS POLÍTICAS Y SOCIALES,Escolarizado,https://www.dgae.unam.mx/Licenciatura2026/resultados/3/30200045.html,69,1682,1401,109,77,244202,37,,No seleccionado,,Consultar
3,Licenciatura 2026,302,30200045,CIENCIAS DE LA COMUNICACION,FACULTAD DE CIENCIAS POLÍTICAS Y SOCIALES,Escolarizado,https://www.dgae.unam.mx/Licenciatura2026/resultados/3/30200045.html,69,1682,1401,109,77,244214,55,,No seleccionado,,Consultar
3,Licenciatura 2026,302,30200045,CIENCIAS DE LA COMUNICACION,FACULTAD DE CIENCIAS POLÍTICAS Y SOCIALES,Escolarizado,https://www.dgae.unam.mx/Licenciatura2026/resultados/3/30200045.html,69,1682,1401,109,77,244261,61,,No seleccionado,,Consultar
3,Licenciatura 2026,302,30200045,CIENCIAS DE LA COMUNICACION,FACULTAD DE CIENCIAS POLÍTICAS Y SOCIALES,Escolarizado,https://www.dgae.unam.mx/Licenciatura2026/resultados/3/30200045.html,69,1682,1401,109,77,244298,85,,No seleccionado,,Consultar
3,Licenciatura 2026,302,30200045,CIENCIAS DE LA COMUNICACION,FACULTAD DE CIENCIAS POLÍTICAS Y SOCIALES,Escolarizado,https://www.dgae.unam.mx/Licenciatura2026/resultados/3/30200045.html,69,1682,1401,109,77,244324,79,,No seleccionado,,Consultar
3,Licenciatura 2026,302,30200045,CIENCIAS DE LA COMUNICACION,FACULTAD DE CIENCIAS POLÍTICAS Y SOCIALES,Escolarizado,https://www.dgae.unam.mx/Licenciatura2026/resultados/3/30200045.html,69,1682,1401,109,77,244350,,N,No presentado,,Consultar
3,Licenciatura 2026,302,30200045,CIENCIAS DE LA COMUNICACION,FACULTAD DE CIENCIAS POLÍTICAS Y SOCIALES,Escolarizado,https://www.dgae.unam.mx/Licenciatura2026/resultados/3/30200045.html,69,1682,1401,109,77,244374,48,,No seleccionado,,Consultar
3,Licenciatura 2026,302,30200045,CIENCIAS DE LA COMUNICACION,FACULTAD DE CIENCIAS POLÍTICAS Y SOCIALES,Escolarizado,https://www.dgae.unam.mx/Licenciatura2026/resultados/3/30200045.html,69,1682,1401,109,77,244440,63,,No seleccionado,,Consultar
3,Licenciatura 2026,302,30200045,CIENCIAS DE LA COMUNICACION,FACULTAD DE CIENCIAS POLÍTICAS Y SOCIALES,Escolarizado,https://www.dgae.unam.mx/Licenciatura2026/resultados/3/30200045.html,69,1682,1401,109,77,244482,,N,No presentado,,Consultar
3,Licenciatura 2026,302,30200045,CIENCIAS DE LA COMUNICACION,FACULTAD DE CIENCIAS POLÍTICAS Y SOCIALES,Escolarizado,https://www.dgae.unam.mx/Licenciatura2026/resultados/3/30200045.html,69,1682,1401,109,77,244490,,N,No presentado,,Consultar
3,Licenciatura 2026,302,30200045,CIENCIAS DE LA COMUNICACION,FACULTAD DE CIENCIAS POLÍTICAS Y SOCIALES,Escolarizado,https://www.dgae.unam.mx/Licenciatura2026/resultados/3/30200045.html,69,1682,1401,109,77,244509,55,,No seleccionado,,Consultar
3,Licenciatura 2026,302,30200045,CIENCIAS DE LA COMUNICACION,FACULTAD DE CIENCIAS POLÍTICAS Y SOCIALES,Escolarizado,https://www.dgae.unam.mx/Licenciatura2026/resultados/3/30200045.html,69,1682,1401,109,77,244548,,C,Cancelado,,Consultar
3,Licenciatura 2026,302,30200045,CIENCIAS DE LA COMUNICACION,FACULTAD DE CIENCIAS POLÍTICAS Y SOCIALES,Escolarizado,https://www.dgae.unam.mx/Licenciatura2026/resultados/3/30200045.html,69,1682,1401,109,77,244558,83,,No seleccionado,,Consultar
3,Licenciatura 2026,302,30200045,CIENCIAS DE LA COMUNICACION,FACULTAD DE CIENCIAS POLÍTICAS Y SOCIALES,Escolarizado,https://www.dgae.unam.mx/Licenciatura2026/resultados/3/30200045.html,69,1682,1401,109,77,244616,79,,No seleccionado,,Consultar
3,Licenciatura 2026,302,30200045,CIENCIAS DE LA COMUNICACION,FACULTAD DE CIENCIAS POLÍTICAS Y SOCIALES,Escolarizado,https://www.dgae.unam.mx/Licenciatura2026/resultados/3/30200045.html,69,1682,1401,109,77,244675,,N,No presentado,,Consultar
3,Licenciatura 2026,302,30200045,CIENCIAS DE LA COMUNICACION,FACULTAD DE CIENCIAS POLÍTICAS Y SOCIALES,Escolarizado,https://www.dgae.unam.mx/Licenciatura2026/resultados/3/30200045.html,69,1682,1401,109,77,244685,36,,No seleccionado,,Consultar
3,Licenciatura 2026,302,30200045,CIENCIAS DE LA COMUNICACION,FACULTAD DE CIENCIAS POLÍTICAS Y SOCIALES,Escolarizado,https://www.dgae.unam.mx/Licenciatura2026/resultados/3/30200045.html,69,1682,1401,109,77,244721,74,,No seleccionado,,Consultar
3,Licenciatura 2026,302,30200045,CIENCIAS DE LA COMUNICACION,FACULTAD DE CIENCIAS POLÍTICAS Y SOCIALES,Escolarizado,https://www.dgae.unam.mx/Licenciatura2026/resultados/3/30200045.html,69,1682,1401,109,77,244759,51,,No seleccionado,,Consultar
3,Licenciatura 2026,302,30200045,CIENCIAS DE LA COMUNICACION,FACULTAD DE CIENCIAS POLÍTICAS Y SOCIALES,Escolarizado,https://www.dgae.unam.mx/Licenciatura2026/resultados/3/30200045.html,69,1682,1401,109,77,244851,46,,No seleccionado,,Consultar
3,Licenciatura 2026,302,30200045,CIENCIAS DE LA COMUNICACION,FACULTAD DE CIENCIAS POLÍTICAS Y SOCIALES,Escolarizado,https://www.dgae.unam.mx/Licenciatura2026/resultados/3/30200045.html,69,1682,1401,109,77,244957,108,,No seleccionado,,Consultar
3,Licenciatura 2026,302,30200045,CIENCIAS DE LA COMUNICACION,FACULTAD DE CIENCIAS POLÍTICAS Y SOCIALES,Escolarizado,https://www.dgae.unam.mx/Licenciatura2026/resultados/3/30200045.html,69,1682,1401,109,77,245002,78,,No seleccionado,,Consultar
3,Licenciatura 2026,302,30200045,CIENCIAS DE LA COMUNICACION,FACULTAD DE CIENCIAS POLÍTICAS Y SOCIALES,Escolarizado,https://www.dgae.unam.mx/Licenciatura2026/resultados/3/30200045.html,69,1682,1401,109,77,245019,99,,No seleccionado,,Consultar
3,Licenciatura 2026,302,30200045,CIENCIAS DE LA COMUNICACION,FACULTAD DE CIENCIAS POLÍTICAS Y SOCIALES,Escolarizado,https://www.dgae.unam.mx/Licenciatura2026/resultados/3/30200045.html,69,1682,1401,109,77,245036,64,,No seleccionado,,Consultar
3,Licenciatura 2026,302,30200045,CIENCIAS DE LA COMUNICACION,FACULTAD DE CIENCIAS POLÍTICAS Y SOCIALES,Escolarizado,https://www.dgae.unam.mx/Licenciatura2026/resultados/3/30200045.html,69,1682,1401,109,77,245050,92,,No seleccionado,,Consultar
3,Licenciatura 2026,302,30200045,CIENCIAS DE LA COMUNICACION,FACULTAD DE CIENCIAS POLÍTICAS Y SOCIALES,Escolarizado,https://www.dgae.unam.mx/Licenciatura2026/resultados/3/30200045.html,69,1682,1401,109,77,245057,54,,No seleccionado,,Consultar
3,Licenciatura 2026,302,30200045,CIENCIAS DE LA COMUNICACION,FACULTAD DE CIENCIAS POLÍTICAS Y SOCIALES,Escolarizado,https://www.dgae.unam.mx/Licenciatura2026/resultados/3/30200045.html,69,1682,1401,109,77,245062,56,,No seleccionado,,Consultar
3,Licenciatura 2026,302,30200045,CIENCIAS DE LA COMUNICACION,FACULTAD DE CIENCIAS POLÍTICAS Y SOCIALES,Escolarizado,https://www.dgae.unam.mx/Licenciatura2026/resultados/3/30200045.html,69,1682,1401,109,77,245089,,N,No presentado,,Consultar
3,Licenciatura 2026,302,30200045,CIENCIAS DE LA COMUNICACION,FACULTAD DE CIENCIAS POLÍTICAS Y SOCIALES,Escolarizado,https://www.dgae.unam.mx/Licenciatura2026/resultados/3/30200045.html,69,1682,1401,109,77,245122,69,,No seleccionado,,Consultar
3,Licenciatura 2026,302,30200045,CIENCIAS DE LA COMUNICACION,FACULTAD DE CIENCIAS POLÍTICAS Y SOCIALES,Escolarizado,https://www.dgae.unam.mx/Licenciatura2026/resultados/3/30200045.html,69,1682,1401,109,77,245139,80,,No seleccionado,,Consultar
3,Licenciatura 2026,302,30200045,CIENCIAS DE LA COMUNICACION,FACULTAD DE CIENCIAS POLÍTICAS Y SOCIALES,Escolarizado,https://www.dgae.unam.mx/Licenciatura2026/resultados/3/30200045.html,69,1682,1401,109,77,245144,79,,No seleccionado,,Consultar
3,Licenciatura 2026,302,30200045,CIENCIAS DE LA COMUNICACION,FACULTAD DE CIENCIAS POLÍTICAS Y SOCIALES,Escolarizado,https://www.dgae.unam.mx/Licenciatura2026/resultados/3/30200045.html,69,1682,1401,109,77,245154,35,,No seleccionado,,Consultar
3,Licenciatura 2026,302,30200045,CIENCIAS DE LA COMUNICACION,FACULTAD DE CIENCIAS POLÍTICAS Y SOCIALES,Escolarizado,https://www.dgae.unam.mx/Licenciatura2026/resultados/3/30200045.html,69,1682,1401,109,77,245170,51,,No seleccionado,,Consultar
3,Licenciatura 2026,302,30200045,CIENCIAS DE LA COMUNICACION,FACULTAD DE CIENCIAS POLÍTICAS Y SOCIALES,Escolarizado,https://www.dgae.unam.mx/Licenciatura2026/resultados/3/30200045.html,69,1682,1401,109,77,245235,91,,No seleccionado,,Consultar
3,Licenciatura 2026,302,30200045,CIENCIAS DE LA COMUNICACION,FACULTAD DE CIENCIAS POLÍTICAS Y SOCIALES,Escolarizado,https://www.dgae.unam.mx/Licenciatura2026/resultados/3/30200045.html,69,1682,1401,109,77,245238,36,,No seleccionado,,Consultar
3,Licenciatura 2026,302,30200045,CIENCIAS DE LA COMUNICACION,FACULTAD DE CIENCIAS POLÍTICAS Y SOCIALES,Escolarizado,https://www.dgae.unam.mx/Licenciatura2026/resultados/3/30200045.html,69,1682,1401,109,77,245243,90,,No seleccionado,,Consultar
3,Licenciatura 2026,302,30200045,CIENCIAS DE LA COMUNICACION,FACULTAD DE CIENCIAS POLÍTICAS Y SOCIALES,Escolarizado,https://www.dgae.unam.mx/Licenciatura2026/resultados/3/30200045.html,69,1682,1401,109,77,245260,95,,No seleccionado,,Consultar
3,Licenciatura 2026,302,30200045,CIENCIAS DE LA COMUNICACION,FACULTAD DE CIENCIAS POLÍTICAS Y SOCIALES,Escolarizado,https://www.dgae.unam.mx/Licenciatura2026/resultados/3/30200045.html,69,1682,1401,109,77,245263,78,,No seleccionado,,Consultar
3,Licenciatura 2026,302,30200045,CIENCIAS DE LA COMUNICACION,FACULTAD DE CIENCIAS POLÍTICAS Y SOCIALES,Escolarizado,https://www.dgae.unam.mx/Licenciatura2026/resultados/3/30200045.html,69,1682,1401,109,77,245290,72,,No seleccionado,,Consultar
3,Licenciatura 2026,302,30200045,CIENCIAS DE LA COMUNICACION,FACULTAD DE CIENCIAS POLÍTICAS Y SOCIALES,Escolarizado,https://www.dgae.unam.mx/Licenciatura2026/resultados/3/30200045.html,69,1682,1401,109,77,245299,80,,No seleccionado,,Consultar
3,Licenciatura 2026,302,30200045,CIENCIAS DE LA COMUNICACION,FACULTAD DE CIENCIAS POLÍTICAS Y SOCIALES,Escolarizado,https://www.dgae.unam.mx/Licenciatura2026/resultados/3/30200045.html,69,1682,1401,109,77,245371,42,,No seleccionado,,Consultar
3,Licenciatura 2026,302,30200045,CIENCIAS DE LA COMUNICACION,FACULTAD DE CIENCIAS POLÍTICAS Y SOCIALES,Escolarizado,https://www.dgae.unam.mx/Licenciatura2026/resultados/3/30200045.html,69,1682,1401,109,77,245387,65,,No seleccionado,,Consultar
3,Licenciatura 2026,302,30200045,CIENCIAS DE LA COMUNICACION,FACULTAD DE CIENCIAS POLÍTICAS Y SOCIALES,Escolarizado,https://www.dgae.unam.mx/Licenciatura2026/resultados/3/30200045.html,69,1682,1401,109,77,245472,78,,No seleccionado,,Consultar
3,Licenciatura 2026,302,30200045,CIENCIAS DE LA COMUNICACION,FACULTAD DE CIENCIAS POLÍTICAS Y SOCIALES,Escolarizado,https://www.dgae.unam.mx/Licenciatura2026/resultados/3/30200045.html,69,1682,1401,109,77,245516,94,,No seleccionado,,Consultar
3,Licenciatura 2026,302,30200045,CIENCIAS DE LA COMUNICACION,FACULTAD DE CIENCIAS POLÍTICAS Y SOCIALES,Escolarizado,https://www.dgae.unam.mx/Licenciatura2026/resultados/3/30200045.html,69,1682,1401,109,77,245528,69,,No seleccionado,,Consultar
3,Licenciatura 2026,302,30200045,CIENCIAS DE LA COMUNICACION,FACULTAD DE CIENCIAS POLÍTICAS Y SOCIALES,Escolarizado,https://www.dgae.unam.mx/Licenciatura2026/resultados/3/30200045.html,69,1682,1401,109,77,245554,81,,No seleccionado,,Consultar
3,Licenciatura 2026,302,30200045,CIENCIAS DE LA COMUNICACION,FACULTAD DE CIENCIAS POLÍTICAS Y SOCIALES,Escolarizado,https://www.dgae.unam.mx/Licenciatura2026/resultados/3/30200045.html,69,1682,1401,109,77,245602,88,,No seleccionado,,Consultar
3,Licenciatura 2026,302,30200045,CIENCIAS DE LA COMUNICACION,FACULTAD DE CIENCIAS POLÍTICAS Y SOCIALES,Escolarizado,https://www.dgae.unam.mx/Licenciatura2026/resultados/3/30200045.html,69,1682,1401,109,77,245622,95,,No seleccionado,,Consultar
3,Licenciatura 2026,302,30200045,CIENCIAS DE LA COMUNICACION,FACULTAD DE CIENCIAS POLÍTICAS Y SOCIALES,Escolarizado,https://www.dgae.unam.mx/Licenciatura2026/resultados/3/30200045.html,69,1682,1401,109,77,245623,,N,No presentado,,Consultar
3,Licenciatura 2026,302,30200045,CIENCIAS DE LA COMUNICACION,FACULTAD DE CIENCIAS POLÍTICAS Y SOCIALES,Escolarizado,https://www.dgae.unam.mx/Licenciatura2026/resultados/3/30200045.html,69,1682,1401,109,77,245651,,N,No presentado,,Consultar
3,Licenciatura 2026,302,30200045,CIENCIAS DE LA COMUNICACION,FACULTAD DE CIENCIAS POLÍTICAS Y SOCIALES,Escolarizado,https://www.dgae.unam.mx/Licenciatura2026/resultados/3/30200045.html,69,1682,1401,109,77,245655,67,,No seleccionado,,Consultar
3,Licenciatura 2026,302,30200045,CIENCIAS DE LA COMUNICACION,FACULTAD DE CIENCIAS POLÍTICAS Y SOCIALES,Escolarizado,https://www.dgae.unam.mx/Licenciatura2026/resultados/3/30200045.html,69,1682,1401,109,77,245691,43,,No seleccionado,,Consultar
3,Licenciatura 2026,302,30200045,CIENCIAS DE LA COMUNICACION,FACULTAD DE CIENCIAS POLÍTICAS Y SOCIALES,Escolarizado,https://www.dgae.unam.mx/Licenciatura2026/resultados/3/30200045.html,69,1682,1401,109,77,245719,63,,No seleccionado,,Consultar
3,Licenciatura 2026,302,30200045,CIENCIAS DE LA COMUNICACION,FACULTAD DE CIENCIAS POLÍTICAS Y SOCIALES,Escolarizado,https://www.dgae.unam.mx/Licenciatura2026/resultados/3/30200045.html,69,1682,1401,109,77,245737,42,,No seleccionado,,Consultar
3,Licenciatura 2026,302,30200045,CIENCIAS DE LA COMUNICACION,FACULTAD DE CIENCIAS POLÍTICAS Y SOCIALES,Escolarizado,https://www.dgae.unam.mx/Licenciatura2026/resultados/3/30200045.html,69,1682,1401,109,77,245760,99,,No seleccionado,,Consultar
3,Licenciatura 2026,302,30200045,CIENCIAS DE LA COMUNICACION,FACULTAD DE CIENCIAS POLÍTICAS Y SOCIALES,Escolarizado,https://www.dgae.unam.mx/Licenciatura2026/resultados/3/30200045.html,69,1682,1401,109,77,245868,108,,No seleccionado,,Consultar
3,Licenciatura 2026,302,30200045,CIENCIAS DE LA COMUNICACION,FACULTAD DE CIENCIAS POLÍTICAS Y SOCIALES,Escolarizado,https://www.dgae.unam.mx/Licenciatura2026/resultados/3/30200045.html,69,1682,1401,109,77,245938,107,,No seleccionado,,Consultar
3,Licenciatura 2026,302,30200045,CIENCIAS DE LA COMUNICACION,FACULTAD DE CIENCIAS POLÍTICAS Y SOCIALES,Escolarizado,https://www.dgae.unam.mx/Licenciatura2026/resultados/3/30200045.html,69,1682,1401,109,77,245966,98,,No seleccionado,,Consultar
3,Licenciatura 2026,302,30200045,CIENCIAS DE LA COMUNICACION,FACULTAD DE CIENCIAS POLÍTICAS Y SOCIALES,Escolarizado,https://www.dgae.unam.mx/Licenciatura2026/resultados/3/30200045.html,69,1682,1401,109,77,245978,71,,No seleccionado,,Consultar
3,Licenciatura 2026,302,30200045,CIENCIAS DE LA COMUNICACION,FACULTAD DE CIENCIAS POLÍTICAS Y SOCIALES,Escolarizado,https://www.dgae.unam.mx/Licenciatura2026/resultados/3/30200045.html,69,1682,1401,109,77,246016,65,,No seleccionado,,Consultar
3,Licenciatura 2026,302,30200045,CIENCIAS DE LA COMUNICACION,FACULTAD DE CIENCIAS POLÍTICAS Y SOCIALES,Escolarizado,https://www.dgae.unam.mx/Licenciatura2026/resultados/3/30200045.html,69,1682,1401,109,77,246021,104,,No seleccionado,,Consultar
3,Licenciatura 2026,302,30200045,CIENCIAS DE LA COMUNICACION,FACULTAD DE CIENCIAS POLÍTICAS Y SOCIALES,Escolarizado,https://www.dgae.unam.mx/Licenciatura2026/resultados/3/30200045.html,69,1682,1401,109,77,246054,88,,No seleccionado,,Consultar
3,Licenciatura 2026,302,30200045,CIENCIAS DE LA COMUNICACION,FACULTAD DE CIENCIAS POLÍTICAS Y SOCIALES,Escolarizado,https://www.dgae.unam.mx/Licenciatura2026/resultados/3/30200045.html,69,1682,1401,109,77,246072,51,,No seleccionado,,Consultar
3,Licenciatura 2026,302,30200045,CIENCIAS DE LA COMUNICACION,FACULTAD DE CIENCIAS POLÍTICAS Y SOCIALES,Escolarizado,https://www.dgae.unam.mx/Licenciatura2026/resultados/3/30200045.html,69,1682,1401,109,77,246126,78,,No seleccionado,,Consultar
3,Licenciatura 2026,302,30200045,CIENCIAS DE LA COMUNICACION,FACULTAD DE CIENCIAS POLÍTICAS Y SOCIALES,Escolarizado,https://www.dgae.unam.mx/Licenciatura2026/resultados/3/30200045.html,69,1682,1401,109,77,246161,47,,No seleccionado,,Consultar
3,Licenciatura 2026,302,30200045,CIENCIAS DE LA COMUNICACION,FACULTAD DE CIENCIAS POLÍTICAS Y SOCIALES,Escolarizado,https://www.dgae.unam.mx/Licenciatura2026/resultados/3/30200045.html,69,1682,1401,109,77,246187,,N,No presentado,,Consultar
3,Licenciatura 2026,302,30200045,CIENCIAS DE LA COMUNICACION,FACULTAD DE CIENCIAS POLÍTICAS Y SOCIALES,Escolarizado,https://www.dgae.unam.mx/Licenciatura2026/resultados/3/30200045.html,69,1682,1401,109,77,246205,67,,No seleccionado,,Consultar
3,Licenciatura 2026,302,30200045,CIENCIAS DE LA COMUNICACION,FACULTAD DE CIENCIAS POLÍTICAS Y SOCIALES,Escolarizado,https://www.dgae.unam.mx/Licenciatura2026/resultados/3/30200045.html,69,1682,1401,109,77,246222,37,,No seleccionado,,Consultar
3,Licenciatura 2026,302,30200045,CIENCIAS DE LA COMUNICACION,FACULTAD DE CIENCIAS POLÍTICAS Y SOCIALES,Escolarizado,https://www.dgae.unam.mx/Licenciatura2026/resultados/3/30200045.html,69,1682,1401,109,77,246286,92,,No seleccionado,,Consultar
3,Licenciatura 2026,302,30200045,CIENCIAS DE LA COMUNICACION,FACULTAD DE CIENCIAS POLÍTICAS Y SOCIALES,Escolarizado,https://www.dgae.unam.mx/Licenciatura2026/resultados/3/30200045.html,69,1682,1401,109,77,246330,52,,No seleccionado,,Consultar
3,Licenciatura 2026,302,30200045,CIENCIAS DE LA COMUNICACION,FACULTAD DE CIENCIAS POLÍTICAS Y SOCIALES,Escolarizado,https://www.dgae.unam.mx/Licenciatura2026/resultados/3/30200045.html,69,1682,1401,109,77,246335,,N,No presentado,,Consultar
3,Licenciatura 2026,302,30200045,CIENCIAS DE LA COMUNICACION,FACULTAD DE CIENCIAS POLÍTICAS Y SOCIALES,Escolarizado,https://www.dgae.unam.mx/Licenciatura2026/resultados/3/30200045.html,69,1682,1401,109,77,246371,,N,No presentado,,Consultar
3,Licenciatura 2026,302,30200045,CIENCIAS DE LA COMUNICACION,FACULTAD DE CIENCIAS POLÍTICAS Y SOCIALES,Escolarizado,https://www.dgae.unam.mx/Licenciatura2026/resultados/3/30200045.html,69,1682,1401,109,77,246392,84,,No seleccionado,,Consultar
3,Licenciatura 2026,302,30200045,CIENCIAS DE LA COMUNICACION,FACULTAD DE CIENCIAS POLÍTICAS Y SOCIALES,Escolarizado,https://www.dgae.unam.mx/Licenciatura2026/resultados/3/30200045.html,69,1682,1401,109,77,246395,77,,No seleccionado,,Consultar
3,Licenciatura 2026,302,30200045,CIENCIAS DE LA COMUNICACION,FACULTAD DE CIENCIAS POLÍTICAS Y SOCIALES,Escolarizado,https://www.dgae.unam.mx/Licenciatura2026/resultados/3/30200045.html,69,1682,1401,109,77,246449,82,,No seleccionado,,Consultar
3,Licenciatura 2026,302,30200045,CIENCIAS DE LA COMUNICACION,FACULTAD DE CIENCIAS POLÍTICAS Y SOCIALES,Escolarizado,https://www.dgae.unam.mx/Licenciatura2026/resultados/3/30200045.html,69,1682,1401,109,77,246452,,N,No presentado,,Consultar
3,Licenciatura 2026,302,30200045,CIENCIAS DE LA COMUNICACION,FACULTAD DE CIENCIAS POLÍTICAS Y SOCIALES,Escolarizado,https://www.dgae.unam.mx/Licenciatura2026/resultados/3/30200045.html,69,1682,1401,109,77,246528,54,,No seleccionado,,Consultar
3,Licenciatura 2026,302,30200045,CIENCIAS DE LA COMUNICACION,FACULTAD DE CIENCIAS POLÍTICAS Y SOCIALES,Escolarizado,https://www.dgae.unam.mx/Licenciatura2026/resultados/3/30200045.html,69,1682,1401,109,77,246565,64,,No seleccionado,,Consultar
3,Licenciatura 2026,302,30200045,CIENCIAS DE LA COMUNICACION,FACULTAD DE CIENCIAS POLÍTICAS Y SOCIALES,Escolarizado,https://www.dgae.unam.mx/Licenciatura2026/resultados/3/30200045.html,69,1682,1401,109,77,246584,51,,No seleccionado,,Consultar
3,Licenciatura 2026,302,30200045,CIENCIAS DE LA COMUNICACION,FACULTAD DE CIENCIAS POLÍTICAS Y SOCIALES,Escolarizado,https://www.dgae.unam.mx/Licenciatura2026/resultados/3/30200045.html,69,1682,1401,109,77,246593,104,,No seleccionado,,Consultar
3,Licenciatura 2026,302,30200045,CIENCIAS DE LA COMUNICACION,FACULTAD DE CIENCIAS POLÍTICAS Y SOCIALES,Escolarizado,https://www.dgae.unam.mx/Licenciatura2026/resultados/3/30200045.html,69,1682,1401,109,77,246596,34,,No seleccionado,,Consultar
3,Licenciatura 2026,302,30200045,CIENCIAS DE LA COMUNICACION,FACULTAD DE CIENCIAS POLÍTICAS Y SOCIALES,Escolarizado,https://www.dgae.unam.mx/Licenciatura2026/resultados/3/30200045.html,69,1682,1401,109,77,246609,77,,No seleccionado,,Consultar
3,Licenciatura 2026,302,30200045,CIENCIAS DE LA COMUNICACION,FACULTAD DE CIENCIAS POLÍTICAS Y SOCIALES,Escolarizado,https://www.dgae.unam.mx/Licenciatura2026/resultados/3/30200045.html,69,1682,1401,109,77,246622,,N,No presentado,,Consultar
3,Licenciatura 2026,302,30200045,CIENCIAS DE LA COMUNICACION,FACULTAD DE CIENCIAS POLÍTICAS Y SOCIALES,Escolarizado,https://www.dgae.unam.mx/Licenciatura2026/resultados/3/30200045.html,69,1682,1401,109,77,246632,,N,No presentado,,Consultar
3,Licenciatura 2026,302,30200045,CIENCIAS DE LA COMUNICACION,FACULTAD DE CIENCIAS POLÍTICAS Y SOCIALES,Escolarizado,https://www.dgae.unam.mx/Licenciatura2026/resultados/3/30200045.html,69,1682,1401,109,77,246822,51,,No seleccionado,,Consultar
3,Licenciatura 2026,302,30200045,CIENCIAS DE LA COMUNICACION,FACULTAD DE CIENCIAS POLÍTICAS Y SOCIALES,Escolarizado,https://www.dgae.unam.mx/Licenciatura2026/resultados/3/30200045.html,69,1682,1401,109,77,246922,,N,No presentado,,Consultar
3,Licenciatura 2026,302,30200045,CIENCIAS DE LA COMUNICACION,FACULTAD DE CIENCIAS POLÍTICAS Y SOCIALES,Escolarizado,https://www.dgae.unam.mx/Licenciatura2026/resultados/3/30200045.html,69,1682,1401,109,77,247019,,N,No presentado,,Consultar
3,Licenciatura 2026,302,30200045,CIENCIAS DE LA COMUNICACION,FACULTAD DE CIENCIAS POLÍTICAS Y SOCIALES,Escolarizado,https://www.dgae.unam.mx/Licenciatura2026/resultados/3/30200045.html,69,1682,1401,109,77,247067,58,,No seleccionado,,Consultar
3,Licenciatura 2026,302,30200045,CIENCIAS DE LA COMUNICACION,FACULTAD DE CIENCIAS POLÍTICAS Y SOCIALES,Escolarizado,https://www.dgae.unam.mx/Licenciatura2026/resultados/3/30200045.html,69,1682,1401,109,77,247073,104,,No seleccionado,,Consultar
3,Licenciatura 2026,302,30200045,CIENCIAS DE LA COMUNICACION,FACULTAD DE CIENCIAS POLÍTICAS Y SOCIALES,Escolarizado,https://www.dgae.unam.mx/Licenciatura2026/resultados/3/30200045.html,69,1682,1401,109,77,247093,,N,No presentado,,Consultar
3,Licenciatura 2026,302,30200045,CIENCIAS DE LA COMUNICACION,FACULTAD DE CIENCIAS POLÍTICAS Y SOCIALES,Escolarizado,https://www.dgae.unam.mx/Licenciatura2026/resultados/3/30200045.html,69,1682,1401,109,77,247141,76,,No seleccionado,,Consultar
3,Licenciatura 2026,302,30200045,CIENCIAS DE LA COMUNICACION,FACULTAD DE CIENCIAS POLÍTICAS Y SOCIALES,Escolarizado,https://www.dgae.unam.mx/Licenciatura2026/resultados/3/30200045.html,69,1682,1401,109,77,247285,,N,No presentado,,Consultar
3,Licenciatura 2026,302,30200045,CIENCIAS DE LA COMUNICACION,FACULTAD DE CIENCIAS POLÍTICAS Y SOCIALES,Escolarizado,https://www.dgae.unam.mx/Licenciatura2026/resultados/3/30200045.html,69,1682,1401,109,77,247395,,N,No presentado,,Consultar
3,Licenciatura 2026,302,30200045,CIENCIAS DE LA COMUNICACION,FACULTAD DE CIENCIAS POLÍTICAS Y SOCIALES,Escolarizado,https://www.dgae.unam.mx/Licenciatura2026/resultados/3/30200045.html,69,1682,1401,109,77,247400,69,,No seleccionado,,Consultar
3,Licenciatura 2026,302,30200045,CIENCIAS DE LA COMUNICACION,FACULTAD DE CIENCIAS POLÍTICAS Y SOCIALES,Escolarizado,https://www.dgae.unam.mx/Licenciatura2026/resultados/3/30200045.html,69,1682,1401,109,77,247436,69,,No seleccionado,,Consultar
3,Licenciatura 2026,302,30200045,CIENCIAS DE LA COMUNICACION,FACULTAD DE CIENCIAS POLÍTICAS Y SOCIALES,Escolarizado,https://www.dgae.unam.mx/Licenciatura2026/resultados/3/30200045.html,69,1682,1401,109,77,247561,116,S,Seleccionado,Cita para entregar documentación.,Consultar
3,Licenciatura 2026,302,30200045,CIENCIAS DE LA COMUNICACION,FACULTAD DE CIENCIAS POLÍTICAS Y SOCIALES,Escolarizado,https://www.dgae.unam.mx/Licenciatura2026/resultados/3/30200045.html,69,1682,1401,109,77,247597,,N,No presentado,,Consultar
3,Licenciatura 2026,302,30200045,CIENCIAS DE LA COMUNICACION,FACULTAD DE CIENCIAS POLÍTICAS Y SOCIALES,Escolarizado,https://www.dgae.unam.mx/Licenciatura2026/resultados/3/30200045.html,69,1682,1401,109,77,247602,47,,No seleccionado,,Consultar
3,Licenciatura 2026,302,30200045,CIENCIAS DE LA COMUNICACION,FACULTAD DE CIENCIAS POLÍTICAS Y SOCIALES,Escolarizado,https://www.dgae.unam.mx/Licenciatura2026/resultados/3/30200045.html,69,1682,1401,109,77,247636,51,,No seleccionado,,Consultar
3,Licenciatura 2026,302,30200045,CIENCIAS DE LA COMUNICACION,FACULTAD DE CIENCIAS POLÍTICAS Y SOCIALES,Escolarizado,https://www.dgae.unam.mx/Licenciatura2026/resultados/3/30200045.html,69,1682,1401,109,77,247717,49,,No seleccionado,,Consultar
3,Licenciatura 2026,302,30200045,CIENCIAS DE LA COMUNICACION,FACULTAD DE CIENCIAS POLÍTICAS Y SOCIALES,Escolarizado,https://www.dgae.unam.mx/Licenciatura2026/resultados/3/30200045.html,69,1682,1401,109,77,247748,,N,No presentado,,Consultar
3,Licenciatura 2026,302,30200045,CIENCIAS DE LA COMUNICACION,FACULTAD DE CIENCIAS POLÍTICAS Y SOCIALES,Escolarizado,https://www.dgae.unam.mx/Licenciatura2026/resultados/3/30200045.html,69,1682,1401,109,77,247776,30,,No seleccionado,,Consultar
3,Licenciatura 2026,302,30200045,CIENCIAS DE LA COMUNICACION,FACULTAD DE CIENCIAS POLÍTICAS Y SOCIALES,Escolarizado,https://www.dgae.unam.mx/Licenciatura2026/resultados/3/30200045.html,69,1682,1401,109,77,247788,95,,No seleccionado,,Consultar
3,Licenciatura 2026,302,30200045,CIENCIAS DE LA COMUNICACION,FACULTAD DE CIENCIAS POLÍTICAS Y SOCIALES,Escolarizado,https://www.dgae.unam.mx/Licenciatura2026/resultados/3/30200045.html,69,1682,1401,109,77,247802,70,,No seleccionado,,Consultar
3,Licenciatura 2026,302,30200045,CIENCIAS DE LA COMUNICACION,FACULTAD DE CIENCIAS POLÍTICAS Y SOCIALES,Escolarizado,https://www.dgae.unam.mx/Licenciatura2026/resultados/3/30200045.html,69,1682,1401,109,77,247820,,N,No presentado,,Consultar
3,Licenciatura 2026,302,30200045,CIENCIAS DE LA COMUNICACION,FACULTAD DE CIENCIAS POLÍTICAS Y SOCIALES,Escolarizado,https://www.dgae.unam.mx/Licenciatura2026/resultados/3/30200045.html,69,1682,1401,109,77,247829,97,,No seleccionado,,Consultar
3,Licenciatura 2026,302,30200045,CIENCIAS DE LA COMUNICACION,FACULTAD DE CIENCIAS POLÍTICAS Y SOCIALES,Escolarizado,https://www.dgae.unam.mx/Licenciatura2026/resultados/3/30200045.html,69,1682,1401,109,77,247939,,N,No presentado,,Consultar
3,Licenciatura 2026,302,30200045,CIENCIAS DE LA COMUNICACION,FACULTAD DE CIENCIAS POLÍTICAS Y SOCIALES,Escolarizado,https://www.dgae.unam.mx/Licenciatura2026/resultados/3/30200045.html,69,1682,1401,109,77,248045,87,,No seleccionado,,Consultar
3,Licenciatura 2026,302,30200045,CIENCIAS DE LA COMUNICACION,FACULTAD DE CIENCIAS POLÍTICAS Y SOCIALES,Escolarizado,https://www.dgae.unam.mx/Licenciatura2026/resultados/3/30200045.html,69,1682,1401,109,77,248210,64,,No seleccionado,,Consultar
3,Licenciatura 2026,302,30200045,CIENCIAS DE LA COMUNICACION,FACULTAD DE CIENCIAS POLÍTICAS Y SOCIALES,Escolarizado,https://www.dgae.unam.mx/Licenciatura2026/resultados/3/30200045.html,69,1682,1401,109,77,248271,,N,No presentado,,Consultar
3,Licenciatura 2026,302,30200045,CIENCIAS DE LA COMUNICACION,FACULTAD DE CIENCIAS POLÍTICAS Y SOCIALES,Escolarizado,https://www.dgae.unam.mx/Licenciatura2026/resultados/3/30200045.html,69,1682,1401,109,77,248299,44,,No seleccionado,,Consultar
3,Licenciatura 2026,302,30200045,CIENCIAS DE LA COMUNICACION,FACULTAD DE CIENCIAS POLÍTICAS Y SOCIALES,Escolarizado,https://www.dgae.unam.mx/Licenciatura2026/resultados/3/30200045.html,69,1682,1401,109,77,248368,,N,No presentado,,Consultar
3,Licenciatura 2026,302,30200045,CIENCIAS DE LA COMUNICACION,FACULTAD DE CIENCIAS POLÍTICAS Y SOCIALES,Escolarizado,https://www.dgae.unam.mx/Licenciatura2026/resultados/3/30200045.html,69,1682,1401,109,77,248521,,N,No presentado,,Consultar
3,Licenciatura 2026,302,30200045,CIENCIAS DE LA COMUNICACION,FACULTAD DE CIENCIAS POLÍTICAS Y SOCIALES,Escolarizado,https://www.dgae.unam.mx/Licenciatura2026/resultados/3/30200045.html,69,1682,1401,109,77,248573,,N,No presentado,,Consultar
3,Licenciatura 2026,302,30200045,CIENCIAS DE LA COMUNICACION,FACULTAD DE CIENCIAS POLÍTICAS Y SOCIALES,Escolarizado,https://www.dgae.unam.mx/Licenciatura2026/resultados/3/30200045.html,69,1682,1401,109,77,248592,,N,No presentado,,Consultar
3,Licenciatura 2026,302,30200045,CIENCIAS DE LA COMUNICACION,FACULTAD DE CIENCIAS POLÍTICAS Y SOCIALES,Escolarizado,https://www.dgae.unam.mx/Licenciatura2026/resultados/3/30200045.html,69,1682,1401,109,77,248620,88,,No seleccionado,,Consultar
3,Licenciatura 2026,302,30200045,CIENCIAS DE LA COMUNICACION,FACULTAD DE CIENCIAS POLÍTICAS Y SOCIALES,Escolarizado,https://www.dgae.unam.mx/Licenciatura2026/resultados/3/30200045.html,69,1682,1401,109,77,248770,73,,No seleccionado,,Consultar
3,Licenciatura 2026,302,30200045,CIENCIAS DE LA COMUNICACION,FACULTAD DE CIENCIAS POLÍTICAS Y SOCIALES,Escolarizado,https://www.dgae.unam.mx/Licenciatura2026/resultados/3/30200045.html,69,1682,1401,109,77,248775,112,S,Seleccionado,Cita para entregar documentación.,Consultar
3,Licenciatura 2026,302,30200045,CIENCIAS DE LA COMUNICACION,FACULTAD DE CIENCIAS POLÍTICAS Y SOCIALES,Escolarizado,https://www.dgae.unam.mx/Licenciatura2026/resultados/3/30200045.html,69,1682,1401,109,77,248825,,N,No presentado,,Consultar
3,Licenciatura 2026,302,30200045,CIENCIAS DE LA COMUNICACION,FACULTAD DE CIENCIAS POLÍTICAS Y SOCIALES,Escolarizado,https://www.dgae.unam.mx/Licenciatura2026/resultados/3/30200045.html,69,1682,1401,109,77,248867,86,,No seleccionado,,Consultar
3,Licenciatura 2026,302,30200045,CIENCIAS DE LA COMUNICACION,FACULTAD DE CIENCIAS POLÍTICAS Y SOCIALES,Escolarizado,https://www.dgae.unam.mx/Licenciatura2026/resultados/3/30200045.html,69,1682,1401,109,77,248894,,N,No presentado,,Consultar
3,Licenciatura 2026,302,30200045,CIENCIAS DE LA COMUNICACION,FACULTAD DE CIENCIAS POLÍTICAS Y SOCIALES,Escolarizado,https://www.dgae.unam.mx/Licenciatura2026/resultados/3/30200045.html,69,1682,1401,109,77,249004,95,,No seleccionado,,Consultar
3,Licenciatura 2026,302,30200045,CIENCIAS DE LA COMUNICACION,FACULTAD DE CIENCIAS POLÍTICAS Y SOCIALES,Escolarizado,https://www.dgae.unam.mx/Licenciatura2026/resultados/3/30200045.html,69,1682,1401,109,77,249011,102,,No seleccionado,,Consultar
3,Licenciatura 2026,302,30200045,CIENCIAS DE LA COMUNICACION,FACULTAD DE CIENCIAS POLÍTICAS Y SOCIALES,Escolarizado,https://www.dgae.unam.mx/Licenciatura2026/resultados/3/30200045.html,69,1682,1401,109,77,249049,,C,Cancelado,,Consultar
3,Licenciatura 2026,302,30200045,CIENCIAS DE LA COMUNICACION,FACULTAD DE CIENCIAS POLÍTICAS Y SOCIALES,Escolarizado,https://www.dgae.unam.mx/Licenciatura2026/resultados/3/30200045.html,69,1682,1401,109,77,249226,,N,No presentado,,Consultar
3,Licenciatura 2026,302,30200045,CIENCIAS DE LA COMUNICACION,FACULTAD DE CIENCIAS POLÍTICAS Y SOCIALES,Escolarizado,https://www.dgae.unam.mx/Licenciatura2026/resultados/3/30200045.html,69,1682,1401,109,77,249361,47,,No seleccionado,,Consultar
3,Licenciatura 2026,302,30200045,CIENCIAS DE LA COMUNICACION,FACULTAD DE CIENCIAS POLÍTICAS Y SOCIALES,Escolarizado,https://www.dgae.unam.mx/Licenciatura2026/resultados/3/30200045.html,69,1682,1401,109,77,249504,,N,No presentado,,Consultar
3,Licenciatura 2026,302,30200045,CIENCIAS DE LA COMUNICACION,FACULTAD DE CIENCIAS POLÍTICAS Y SOCIALES,Escolarizado,https://www.dgae.unam.mx/Licenciatura2026/resultados/3/30200045.html,69,1682,1401,109,77,249593,62,,No seleccionado,,Consultar
3,Licenciatura 2026,302,30200045,CIENCIAS DE LA COMUNICACION,FACULTAD DE CIENCIAS POLÍTICAS Y SOCIALES,Escolarizado,https://www.dgae.unam.mx/Licenciatura2026/resultados/3/30200045.html,69,1682,1401,109,77,249673,,N,No presentado,,Consultar
3,Licenciatura 2026,302,30200045,CIENCIAS DE LA COMUNICACION,FACULTAD DE CIENCIAS POLÍTICAS Y SOCIALES,Escolarizado,https://www.dgae.unam.mx/Licenciatura2026/resultados/3/30200045.html,69,1682,1401,109,77,249715,57,,No seleccionado,,Consultar
3,Licenciatura 2026,302,30200045,CIENCIAS DE LA COMUNICACION,FACULTAD DE CIENCIAS POLÍTICAS Y SOCIALES,Escolarizado,https://www.dgae.unam.mx/Licenciatura2026/resultados/3/30200045.html,69,1682,1401,109,77,249734,36,,No seleccionado,,Consultar
3,Licenciatura 2026,302,30200045,CIENCIAS DE LA COMUNICACION,FACULTAD DE CIENCIAS POLÍTICAS Y SOCIALES,Escolarizado,https://www.dgae.unam.mx/Licenciatura2026/resultados/3/30200045.html,69,1682,1401,109,77,249745,81,,No seleccionado,,Consultar
3,Licenciatura 2026,302,30200045,CIENCIAS DE LA COMUNICACION,FACULTAD DE CIENCIAS POLÍTICAS Y SOCIALES,Escolarizado,https://www.dgae.unam.mx/Licenciatura2026/resultados/3/30200045.html,69,1682,1401,109,77,249748,,N,No presentado,,Consultar
3,Licenciatura 2026,302,30200045,CIENCIAS DE LA COMUNICACION,FACULTAD DE CIENCIAS POLÍTICAS Y SOCIALES,Escolarizado,https://www.dgae.unam.mx/Licenciatura2026/resultados/3/30200045.html,69,1682,1401,109,77,249752,,N,No presentado,,Consultar
3,Licenciatura 2026,302,30200045,CIENCIAS DE LA COMUNICACION,FACULTAD DE CIENCIAS POLÍTICAS Y SOCIALES,Escolarizado,https://www.dgae.unam.mx/Licenciatura2026/resultados/3/30200045.html,69,1682,1401,109,77,249760,,N,No presentado,,Consultar
3,Licenciatura 2026,302,30200045,CIENCIAS DE LA COMUNICACION,FACULTAD DE CIENCIAS POLÍTICAS Y SOCIALES,Escolarizado,https://www.dgae.unam.mx/Licenciatura2026/resultados/3/30200045.html,69,1682,1401,109,77,249816,,N,No presentado,,Consultar
3,Licenciatura 2026,302,30200045,CIENCIAS DE LA COMUNICACION,FACULTAD DE CIENCIAS POLÍTICAS Y SOCIALES,Escolarizado,https://www.dgae.unam.mx/Licenciatura2026/resultados/3/30200045.html,69,1682,1401,109,77,249822,63,,No seleccionado,,Consultar
3,Licenciatura 2026,302,30200045,CIENCIAS DE LA COMUNICACION,FACULTAD DE CIENCIAS POLÍTICAS Y SOCIALES,Escolarizado,https://www.dgae.unam.mx/Licenciatura2026/resultados/3/30200045.html,69,1682,1401,109,77,249848,,N,No presentado,,Consultar
3,Licenciatura 2026,302,30200045,CIENCIAS DE LA COMUNICACION,FACULTAD DE CIENCIAS POLÍTICAS Y SOCIALES,Escolarizado,https://www.dgae.unam.mx/Licenciatura2026/resultados/3/30200045.html,69,1682,1401,109,77,249864,,N,No presentado,,Consultar
3,Licenciatura 2026,302,30200045,CIENCIAS DE LA COMUNICACION,FACULTAD DE CIENCIAS POLÍTICAS Y SOCIALES,Escolarizado,https://www.dgae.unam.mx/Licenciatura2026/resultados/3/30200045.html,69,1682,1401,109,77,249941,68,,No seleccionado,,Consultar
3,Licenciatura 2026,302,30200045,CIENCIAS DE LA COMUNICACION,FACULTAD DE CIENCIAS POLÍTICAS Y SOCIALES,Escolarizado,https://www.dgae.unam.mx/Licenciatura2026/resultados/3/30200045.html,69,1682,1401,109,77,250000,100,,No seleccionado,,Consultar
3,Licenciatura 2026,302,30200045,CIENCIAS DE LA COMUNICACION,FACULTAD DE CIENCIAS POLÍTICAS Y SOCIALES,Escolarizado,https://www.dgae.unam.mx/Licenciatura2026/resultados/3/30200045.html,69,1682,1401,109,77,250046,44,,No seleccionado,,Consultar
3,Licenciatura 2026,302,30200045,CIENCIAS DE LA COMUNICACION,FACULTAD DE CIENCIAS POLÍTICAS Y SOCIALES,Escolarizado,https://www.dgae.unam.mx/Licenciatura2026/resultados/3/30200045.html,69,1682,1401,109,77,250056,,N,No presentado,,Consultar
3,Licenciatura 2026,302,30200045,CIENCIAS DE LA COMUNICACION,FACULTAD DE CIENCIAS POLÍTICAS Y SOCIALES,Escolarizado,https://www.dgae.unam.mx/Licenciatura2026/resultados/3/30200045.html,69,1682,1401,109,77,250078,,N,No presentado,,Consultar
3,Licenciatura 2026,302,30200045,CIENCIAS DE LA COMUNICACION,FACULTAD DE CIENCIAS POLÍTICAS Y SOCIALES,Escolarizado,https://www.dgae.unam.mx/Licenciatura2026/resultados/3/30200045.html,69,1682,1401,109,77,250153,50,,No seleccionado,,Consultar
3,Licenciatura 2026,302,30200045,CIENCIAS DE LA COMUNICACION,FACULTAD DE CIENCIAS POLÍTICAS Y SOCIALES,Escolarizado,https://www.dgae.unam.mx/Licenciatura2026/resultados/3/30200045.html,69,1682,1401,109,77,250157,,N,No presentado,,Consultar
3,Licenciatura 2026,302,30200045,CIENCIAS DE LA COMUNICACION,FACULTAD DE CIENCIAS POLÍTICAS Y SOCIALES,Escolarizado,https://www.dgae.unam.mx/Licenciatura2026/resultados/3/30200045.html,69,1682,1401,109,77,250159,,N,No presentado,,Consultar
3,Licenciatura 2026,302,30200045,CIENCIAS DE LA COMUNICACION,FACULTAD DE CIENCIAS POLÍTICAS Y SOCIALES,Escolarizado,https://www.dgae.unam.mx/Licenciatura2026/resultados/3/30200045.html,69,1682,1401,109,77,250274,,N,No presentado,,Consultar
3,Licenciatura 2026,302,30200045,CIENCIAS DE LA COMUNICACION,FACULTAD DE CIENCIAS POLÍTICAS Y SOCIALES,Escolarizado,https://www.dgae.unam.mx/Licenciatura2026/resultados/3/30200045.html,69,1682,1401,109,77,250310,108,,No seleccionado,,Consultar
3,Licenciatura 2026,302,30200045,CIENCIAS DE LA COMUNICACION,FACULTAD DE CIENCIAS POLÍTICAS Y SOCIALES,Escolarizado,https://www.dgae.unam.mx/Licenciatura2026/resultados/3/30200045.html,69,1682,1401,109,77,250314,,N,No presentado,,Consultar
3,Licenciatura 2026,302,30200045,CIENCIAS DE LA COMUNICACION,FACULTAD DE CIENCIAS POLÍTICAS Y SOCIALES,Escolarizado,https://www.dgae.unam.mx/Licenciatura2026/resultados/3/30200045.html,69,1682,1401,109,77,250512,,N,No presentado,,Consultar
3,Licenciatura 2026,302,30200045,CIENCIAS DE LA COMUNICACION,FACULTAD DE CIENCIAS POLÍTICAS Y SOCIALES,Escolarizado,https://www.dgae.unam.mx/Licenciatura2026/resultados/3/30200045.html,69,1682,1401,109,77,250554,56,,No seleccionado,,Consultar
3,Licenciatura 2026,302,30200045,CIENCIAS DE LA COMUNICACION,FACULTAD DE CIENCIAS POLÍTICAS Y SOCIALES,Escolarizado,https://www.dgae.unam.mx/Licenciatura2026/resultados/3/30200045.html,69,1682,1401,109,77,250599,101,,No seleccionado,,Consultar
3,Licenciatura 2026,302,30200045,CIENCIAS DE LA COMUNICACION,FACULTAD DE CIENCIAS POLÍTICAS Y SOCIALES,Escolarizado,https://www.dgae.unam.mx/Licenciatura2026/resultados/3/30200045.html,69,1682,1401,109,77,250637,31,,No seleccionado,,Consultar
3,Licenciatura 2026,302,30200045,CIENCIAS DE LA COMUNICACION,FACULTAD DE CIENCIAS POLÍTICAS Y SOCIALES,Escolarizado,https://www.dgae.unam.mx/Licenciatura2026/resultados/3/30200045.html,69,1682,1401,109,77,250658,,N,No presentado,,Consultar
3,Licenciatura 2026,302,30200045,CIENCIAS DE LA COMUNICACION,FACULTAD DE CIENCIAS POLÍTICAS Y SOCIALES,Escolarizado,https://www.dgae.unam.mx/Licenciatura2026/resultados/3/30200045.html,69,1682,1401,109,77,250679,,N,No presentado,,Consultar
3,Licenciatura 2026,302,30200045,CIENCIAS DE LA COMUNICACION,FACULTAD DE CIENCIAS POLÍTICAS Y SOCIALES,Escolarizado,https://www.dgae.unam.mx/Licenciatura2026/resultados/3/30200045.html,69,1682,1401,109,77,250703,,N,No presentado,,Consultar
3,Licenciatura 2026,302,30200045,CIENCIAS DE LA COMUNICACION,FACULTAD DE CIENCIAS POLÍTICAS Y SOCIALES,Escolarizado,https://www.dgae.unam.mx/Licenciatura2026/resultados/3/30200045.html,69,1682,1401,109,77,250741,65,,No seleccionado,,Consultar
3,Licenciatura 2026,302,30200045,CIENCIAS DE LA COMUNICACION,FACULTAD DE CIENCIAS POLÍTICAS Y SOCIALES,Escolarizado,https://www.dgae.unam.mx/Licenciatura2026/resultados/3/30200045.html,69,1682,1401,109,77,250761,,N,No presentado,,Consultar
3,Licenciatura 2026,302,30200045,CIENCIAS DE LA COMUNICACION,FACULTAD DE CIENCIAS POLÍTICAS Y SOCIALES,Escolarizado,https://www.dgae.unam.mx/Licenciatura2026/resultados/3/30200045.html,69,1682,1401,109,77,250871,82,,No seleccionado,,Consultar
3,Licenciatura 2026,302,30200045,CIENCIAS DE LA COMUNICACION,FACULTAD DE CIENCIAS POLÍTICAS Y SOCIALES,Escolarizado,https://www.dgae.unam.mx/Licenciatura2026/resultados/3/30200045.html,69,1682,1401,109,77,250887,37,,No seleccionado,,Consultar
3,Licenciatura 2026,302,30200045,CIENCIAS DE LA COMUNICACION,FACULTAD DE CIENCIAS POLÍTICAS Y SOCIALES,Escolarizado,https://www.dgae.unam.mx/Licenciatura2026/resultados/3/30200045.html,69,1682,1401,109,77,250902,,N,No presentado,,Consultar
3,Licenciatura 2026,302,30200045,CIENCIAS DE LA COMUNICACION,FACULTAD DE CIENCIAS POLÍTICAS Y SOCIALES,Escolarizado,https://www.dgae.unam.mx/Licenciatura2026/resultados/3/30200045.html,69,1682,1401,109,77,250922,40,,No seleccionado,,Consultar
3,Licenciatura 2026,302,30200045,CIENCIAS DE LA COMUNICACION,FACULTAD DE CIENCIAS POLÍTICAS Y SOCIALES,Escolarizado,https://www.dgae.unam.mx/Licenciatura2026/resultados/3/30200045.html,69,1682,1401,109,77,251069,54,,No seleccionado,,Consultar
3,Licenciatura 2026,302,30200045,CIENCIAS DE LA COMUNICACION,FACULTAD DE CIENCIAS POLÍTICAS Y SOCIALES,Escolarizado,https://www.dgae.unam.mx/Licenciatura2026/resultados/3/30200045.html,69,1682,1401,109,77,251123,,N,No presentado,,Consultar
3,Licenciatura 2026,302,30200045,CIENCIAS DE LA COMUNICACION,FACULTAD DE CIENCIAS POLÍTICAS Y SOCIALES,Escolarizado,https://www.dgae.unam.mx/Licenciatura2026/resultados/3/30200045.html,69,1682,1401,109,77,251125,66,,No seleccionado,,Consultar
3,Licenciatura 2026,302,30200045,CIENCIAS DE LA COMUNICACION,FACULTAD DE CIENCIAS POLÍTICAS Y SOCIALES,Escolarizado,https://www.dgae.unam.mx/Licenciatura2026/resultados/3/30200045.html,69,1682,1401,109,77,251157,75,,No seleccionado,,Consultar
3,Licenciatura 2026,302,30200045,CIENCIAS DE LA COMUNICACION,FACULTAD DE CIENCIAS POLÍTICAS Y SOCIALES,Escolarizado,https://www.dgae.unam.mx/Licenciatura2026/resultados/3/30200045.html,69,1682,1401,109,77,251171,111,S,Seleccionado,Cita para entregar documentación.,Consultar
3,Licenciatura 2026,302,30200045,CIENCIAS DE LA COMUNICACION,FACULTAD DE CIENCIAS POLÍTICAS Y SOCIALES,Escolarizado,https://www.dgae.unam.mx/Licenciatura2026/resultados/3/30200045.html,69,1682,1401,109,77,251241,,N,No presentado,,Consultar
3,Licenciatura 2026,302,30200045,CIENCIAS DE LA COMUNICACION,FACULTAD DE CIENCIAS POLÍTICAS Y SOCIALES,Escolarizado,https://www.dgae.unam.mx/Licenciatura2026/resultados/3/30200045.html,69,1682,1401,109,77,251271,94,,No seleccionado,,Consultar
3,Licenciatura 2026,302,30200045,CIENCIAS DE LA COMUNICACION,FACULTAD DE CIENCIAS POLÍTICAS Y SOCIALES,Escolarizado,https://www.dgae.unam.mx/Licenciatura2026/resultados/3/30200045.html,69,1682,1401,109,77,251288,,N,No presentado,,Consultar
3,Licenciatura 2026,302,30200045,CIENCIAS DE LA COMUNICACION,FACULTAD DE CIENCIAS POLÍTICAS Y SOCIALES,Escolarizado,https://www.dgae.unam.mx/Licenciatura2026/resultados/3/30200045.html,69,1682,1401,109,77,251293,86,,No seleccionado,,Consultar
3,Licenciatura 2026,302,30200045,CIENCIAS DE LA COMUNICACION,FACULTAD DE CIENCIAS POLÍTICAS Y SOCIALES,Escolarizado,https://www.dgae.unam.mx/Licenciatura2026/resultados/3/30200045.html,69,1682,1401,109,77,251303,29,,No seleccionado,,Consultar
3,Licenciatura 2026,302,30200045,CIENCIAS DE LA COMUNICACION,FACULTAD DE CIENCIAS POLÍTICAS Y SOCIALES,Escolarizado,https://www.dgae.unam.mx/Licenciatura2026/resultados/3/30200045.html,69,1682,1401,109,77,251453,,N,No presentado,,Consultar
3,Licenciatura 2026,302,30200045,CIENCIAS DE LA COMUNICACION,FACULTAD DE CIENCIAS POLÍTICAS Y SOCIALES,Escolarizado,https://www.dgae.unam.mx/Licenciatura2026/resultados/3/30200045.html,69,1682,1401,109,77,251460,75,,No seleccionado,,Consultar
3,Licenciatura 2026,302,30200045,CIENCIAS DE LA COMUNICACION,FACULTAD DE CIENCIAS POLÍTICAS Y SOCIALES,Escolarizado,https://www.dgae.unam.mx/Licenciatura2026/resultados/3/30200045.html,69,1682,1401,109,77,251471,,C,Cancelado,,Consultar
3,Licenciatura 2026,302,30200045,CIENCIAS DE LA COMUNICACION,FACULTAD DE CIENCIAS POLÍTICAS Y SOCIALES,Escolarizado,https://www.dgae.unam.mx/Licenciatura2026/resultados/3/30200045.html,69,1682,1401,109,77,251677,,N,No presentado,,Consultar
3,Licenciatura 2026,302,30200045,CIENCIAS DE LA COMUNICACION,FACULTAD DE CIENCIAS POLÍTICAS Y SOCIALES,Escolarizado,https://www.dgae.unam.mx/Licenciatura2026/resultados/3/30200045.html,69,1682,1401,109,77,251685,71,,No seleccionado,,Consultar
3,Licenciatura 2026,302,30200045,CIENCIAS DE LA COMUNICACION,FACULTAD DE CIENCIAS POLÍTICAS Y SOCIALES,Escolarizado,https://www.dgae.unam.mx/Licenciatura2026/resultados/3/30200045.html,69,1682,1401,109,77,251689,97,,No seleccionado,,Consultar
3,Licenciatura 2026,302,30200045,CIENCIAS DE LA COMUNICACION,FACULTAD DE CIENCIAS POLÍTICAS Y SOCIALES,Escolarizado,https://www.dgae.unam.mx/Licenciatura2026/resultados/3/30200045.html,69,1682,1401,109,77,251716,85,,No seleccionado,,Consultar
3,Licenciatura 2026,302,30200045,CIENCIAS DE LA COMUNICACION,FACULTAD DE CIENCIAS POLÍTICAS Y SOCIALES,Escolarizado,https://www.dgae.unam.mx/Licenciatura2026/resultados/3/30200045.html,69,1682,1401,109,77,251856,85,,No seleccionado,,Consultar
3,Licenciatura 2026,302,30200045,CIENCIAS DE LA COMUNICACION,FACULTAD DE CIENCIAS POLÍTICAS Y SOCIALES,Escolarizado,https://www.dgae.unam.mx/Licenciatura2026/resultados/3/30200045.html,69,1682,1401,109,77,251901,88,,No seleccionado,,Consultar
3,Licenciatura 2026,302,30200045,CIENCIAS DE LA COMUNICACION,FACULTAD DE CIENCIAS POLÍTICAS Y SOCIALES,Escolarizado,https://www.dgae.unam.mx/Licenciatura2026/resultados/3/30200045.html,69,1682,1401,109,77,252022,110,S,Seleccionado,Cita para entregar documentación.,Consultar
3,Licenciatura 2026,302,30200045,CIENCIAS DE LA COMUNICACION,FACULTAD DE CIENCIAS POLÍTICAS Y SOCIALES,Escolarizado,https://www.dgae.unam.mx/Licenciatura2026/resultados/3/30200045.html,69,1682,1401,109,77,252045,36,,No seleccionado,,Consultar
3,Licenciatura 2026,302,30200045,CIENCIAS DE LA COMUNICACION,FACULTAD DE CIENCIAS POLÍTICAS Y SOCIALES,Escolarizado,https://www.dgae.unam.mx/Licenciatura2026/resultados/3/30200045.html,69,1682,1401,109,77,252046,,N,No presentado,,Consultar
3,Licenciatura 2026,302,30200045,CIENCIAS DE LA COMUNICACION,FACULTAD DE CIENCIAS POLÍTICAS Y SOCIALES,Escolarizado,https://www.dgae.unam.mx/Licenciatura2026/resultados/3/30200045.html,69,1682,1401,109,77,252216,,N,No presentado,,Consultar
3,Licenciatura 2026,302,30200045,CIENCIAS DE LA COMUNICACION,FACULTAD DE CIENCIAS POLÍTICAS Y SOCIALES,Escolarizado,https://www.dgae.unam.mx/Licenciatura2026/resultados/3/30200045.html,69,1682,1401,109,77,252235,,C,Cancelado,,Consultar
3,Licenciatura 2026,302,30200045,CIENCIAS DE LA COMUNICACION,FACULTAD DE CIENCIAS POLÍTICAS Y SOCIALES,Escolarizado,https://www.dgae.unam.mx/Licenciatura2026/resultados/3/30200045.html,69,1682,1401,109,77,252263,,N,No presentado,,Consultar
3,Licenciatura 2026,302,30200045,CIENCIAS DE LA COMUNICACION,FACULTAD DE CIENCIAS POLÍTICAS Y SOCIALES,Escolarizado,https://www.dgae.unam.mx/Licenciatura2026/resultados/3/30200045.html,69,1682,1401,109,77,252309,,N,No presentado,,Consultar
3,Licenciatura 2026,302,30200045,CIENCIAS DE LA COMUNICACION,FACULTAD DE CIENCIAS POLÍTICAS Y SOCIALES,Escolarizado,https://www.dgae.unam.mx/Licenciatura2026/resultados/3/30200045.html,69,1682,1401,109,77,252362,,N,No presentado,,Consultar
3,Licenciatura 2026,302,30200045,CIENCIAS DE LA COMUNICACION,FACULTAD DE CIENCIAS POLÍTICAS Y SOCIALES,Escolarizado,https://www.dgae.unam.mx/Licenciatura2026/resultados/3/30200045.html,69,1682,1401,109,77,252391,110,S,Seleccionado,Cita para entregar documentación.,Consultar
3,Licenciatura 2026,302,30200045,CIENCIAS DE LA COMUNICACION,FACULTAD DE CIENCIAS POLÍTICAS Y SOCIALES,Escolarizado,https://www.dgae.unam.mx/Licenciatura2026/resultados/3/30200045.html,69,1682,1401,109,77,252410,36,,No seleccionado,,Consultar
3,Licenciatura 2026,302,30200045,CIENCIAS DE LA COMUNICACION,FACULTAD DE CIENCIAS POLÍTICAS Y SOCIALES,Escolarizado,https://www.dgae.unam.mx/Licenciatura2026/resultados/3/30200045.html,69,1682,1401,109,77,252458,61,,No seleccionado,,Consultar
3,Licenciatura 2026,302,30200045,CIENCIAS DE LA COMUNICACION,FACULTAD DE CIENCIAS POLÍTICAS Y SOCIALES,Escolarizado,https://www.dgae.unam.mx/Licenciatura2026/resultados/3/30200045.html,69,1682,1401,109,77,252459,,N,No presentado,,Consultar
3,Licenciatura 2026,302,30200045,CIENCIAS DE LA COMUNICACION,FACULTAD DE CIENCIAS POLÍTICAS Y SOCIALES,Escolarizado,https://www.dgae.unam.mx/Licenciatura2026/resultados/3/30200045.html,69,1682,1401,109,77,252475,64,,No seleccionado,,Consultar
3,Licenciatura 2026,302,30200045,CIENCIAS DE LA COMUNICACION,FACULTAD DE CIENCIAS POLÍTICAS Y SOCIALES,Escolarizado,https://www.dgae.unam.mx/Licenciatura2026/resultados/3/30200045.html,69,1682,1401,109,77,252737,,N,No presentado,,Consultar
3,Licenciatura 2026,302,30200045,CIENCIAS DE LA COMUNICACION,FACULTAD DE CIENCIAS POLÍTICAS Y SOCIALES,Escolarizado,https://www.dgae.unam.mx/Licenciatura2026/resultados/3/30200045.html,69,1682,1401,109,77,252770,25,,No seleccionado,,Consultar
3,Licenciatura 2026,302,30200045,CIENCIAS DE LA COMUNICACION,FACULTAD DE CIENCIAS POLÍTICAS Y SOCIALES,Escolarizado,https://www.dgae.unam.mx/Licenciatura2026/resultados/3/30200045.html,69,1682,1401,109,77,252818,,N,No presentado,,Consultar
3,Licenciatura 2026,302,30200045,CIENCIAS DE LA COMUNICACION,FACULTAD DE CIENCIAS POLÍTICAS Y SOCIALES,Escolarizado,https://www.dgae.unam.mx/Licenciatura2026/resultados/3/30200045.html,69,1682,1401,109,77,252859,54,,No seleccionado,,Consultar
3,Licenciatura 2026,302,30200045,CIENCIAS DE LA COMUNICACION,FACULTAD DE CIENCIAS POLÍTICAS Y SOCIALES,Escolarizado,https://www.dgae.unam.mx/Licenciatura2026/resultados/3/30200045.html,69,1682,1401,109,77,252892,,N,No presentado,,Consultar
3,Licenciatura 2026,302,30200045,CIENCIAS DE LA COMUNICACION,FACULTAD DE CIENCIAS POLÍTICAS Y SOCIALES,Escolarizado,https://www.dgae.unam.mx/Licenciatura2026/resultados/3/30200045.html,69,1682,1401,109,77,252896,54,,No seleccionado,,Consultar
3,Licenciatura 2026,302,30200045,CIENCIAS DE LA COMUNICACION,FACULTAD DE CIENCIAS POLÍTICAS Y SOCIALES,Escolarizado,https://www.dgae.unam.mx/Licenciatura2026/resultados/3/30200045.html,69,1682,1401,109,77,252951,64,,No seleccionado,,Consultar
3,Licenciatura 2026,302,30200045,CIENCIAS DE LA COMUNICACION,FACULTAD DE CIENCIAS POLÍTICAS Y SOCIALES,Escolarizado,https://www.dgae.unam.mx/Licenciatura2026/resultados/3/30200045.html,69,1682,1401,109,77,252995,90,,No seleccionado,,Consultar
3,Licenciatura 2026,302,30200045,CIENCIAS DE LA COMUNICACION,FACULTAD DE CIENCIAS POLÍTICAS Y SOCIALES,Escolarizado,https://www.dgae.unam.mx/Licenciatura2026/resultados/3/30200045.html,69,1682,1401,109,77,253001,,N,No presentado,,Consultar
3,Licenciatura 2026,302,30200045,CIENCIAS DE LA COMUNICACION,FACULTAD DE CIENCIAS POLÍTICAS Y SOCIALES,Escolarizado,https://www.dgae.unam.mx/Licenciatura2026/resultados/3/30200045.html,69,1682,1401,109,77,253008,,N,No presentado,,Consultar
3,Licenciatura 2026,302,30200045,CIENCIAS DE LA COMUNICACION,FACULTAD DE CIENCIAS POLÍTICAS Y SOCIALES,Escolarizado,https://www.dgae.unam.mx/Licenciatura2026/resultados/3/30200045.html,69,1682,1401,109,77,253102,69,,No seleccionado,,Consultar
3,Licenciatura 2026,302,30200045,CIENCIAS DE LA COMUNICACION,FACULTAD DE CIENCIAS POLÍTICAS Y SOCIALES,Escolarizado,https://www.dgae.unam.mx/Licenciatura2026/resultados/3/30200045.html,69,1682,1401,109,77,253109,,N,No presentado,,Consultar
3,Licenciatura 2026,302,30200045,CIENCIAS DE LA COMUNICACION,FACULTAD DE CIENCIAS POLÍTICAS Y SOCIALES,Escolarizado,https://www.dgae.unam.mx/Licenciatura2026/resultados/3/30200045.html,69,1682,1401,109,77,253147,,C,Cancelado,,Consultar
3,Licenciatura 2026,302,30200045,CIENCIAS DE LA COMUNICACION,FACULTAD DE CIENCIAS POLÍTICAS Y SOCIALES,Escolarizado,https://www.dgae.unam.mx/Licenciatura2026/resultados/3/30200045.html,69,1682,1401,109,77,253209,93,,No seleccionado,,Consultar
3,Licenciatura 2026,302,30200045,CIENCIAS DE LA COMUNICACION,FACULTAD DE CIENCIAS POLÍTICAS Y SOCIALES,Escolarizado,https://www.dgae.unam.mx/Licenciatura2026/resultados/3/30200045.html,69,1682,1401,109,77,253245,92,,No seleccionado,,Consultar
3,Licenciatura 2026,302,30200045,CIENCIAS DE LA COMUNICACION,FACULTAD DE CIENCIAS POLÍTICAS Y SOCIALES,Escolarizado,https://www.dgae.unam.mx/Licenciatura2026/resultados/3/30200045.html,69,1682,1401,109,77,253484,,N,No presentado,,Consultar
3,Licenciatura 2026,302,30200045,CIENCIAS DE LA COMUNICACION,FACULTAD DE CIENCIAS POLÍTICAS Y SOCIALES,Escolarizado,https://www.dgae.unam.mx/Licenciatura2026/resultados/3/30200045.html,69,1682,1401,109,77,253491,70,,No seleccionado,,Consultar
3,Licenciatura 2026,302,30200045,CIENCIAS DE LA COMUNICACION,FACULTAD DE CIENCIAS POLÍTICAS Y SOCIALES,Escolarizado,https://www.dgae.unam.mx/Licenciatura2026/resultados/3/30200045.html,69,1682,1401,109,77,253628,52,,No seleccionado,,Consultar
3,Licenciatura 2026,302,30200045,CIENCIAS DE LA COMUNICACION,FACULTAD DE CIENCIAS POLÍTICAS Y SOCIALES,Escolarizado,https://www.dgae.unam.mx/Licenciatura2026/resultados/3/30200045.html,69,1682,1401,109,77,253650,,N,No presentado,,Consultar
3,Licenciatura 2026,302,30200045,CIENCIAS DE LA COMUNICACION,FACULTAD DE CIENCIAS POLÍTICAS Y SOCIALES,Escolarizado,https://www.dgae.unam.mx/Licenciatura2026/resultados/3/30200045.html,69,1682,1401,109,77,253678,,N,No presentado,,Consultar
3,Licenciatura 2026,302,30200045,CIENCIAS DE LA COMUNICACION,FACULTAD DE CIENCIAS POLÍTICAS Y SOCIALES,Escolarizado,https://www.dgae.unam.mx/Licenciatura2026/resultados/3/30200045.html,69,1682,1401,109,77,253682,91,,No seleccionado,,Consultar
3,Licenciatura 2026,302,30200045,CIENCIAS DE LA COMUNICACION,FACULTAD DE CIENCIAS POLÍTICAS Y SOCIALES,Escolarizado,https://www.dgae.unam.mx/Licenciatura2026/resultados/3/30200045.html,69,1682,1401,109,77,253690,,N,No presentado,,Consultar
3,Licenciatura 2026,302,30200045,CIENCIAS DE LA COMUNICACION,FACULTAD DE CIENCIAS POLÍTICAS Y SOCIALES,Escolarizado,https://www.dgae.unam.mx/Licenciatura2026/resultados/3/30200045.html,69,1682,1401,109,77,253733,72,,No seleccionado,,Consultar
3,Licenciatura 2026,302,30200045,CIENCIAS DE LA COMUNICACION,FACULTAD DE CIENCIAS POLÍTICAS Y SOCIALES,Escolarizado,https://www.dgae.unam.mx/Licenciatura2026/resultados/3/30200045.html,69,1682,1401,109,77,253769,70,,No seleccionado,,Consultar
3,Licenciatura 2026,302,30200045,CIENCIAS DE LA COMUNICACION,FACULTAD DE CIENCIAS POLÍTICAS Y SOCIALES,Escolarizado,https://www.dgae.unam.mx/Licenciatura2026/resultados/3/30200045.html,69,1682,1401,109,77,253820,111,S,Seleccionado,Cita para entregar documentación.,Consultar
3,Licenciatura 2026,302,30200045,CIENCIAS DE LA COMUNICACION,FACULTAD DE CIENCIAS POLÍTICAS Y SOCIALES,Escolarizado,https://www.dgae.unam.mx/Licenciatura2026/resultados/3/30200045.html,69,1682,1401,109,77,253885,,N,No presentado,,Consultar
3,Licenciatura 2026,302,30200045,CIENCIAS DE LA COMUNICACION,FACULTAD DE CIENCIAS POLÍTICAS Y SOCIALES,Escolarizado,https://www.dgae.unam.mx/Licenciatura2026/resultados/3/30200045.html,69,1682,1401,109,77,253933,33,,No seleccionado,,Consultar
3,Licenciatura 2026,302,30200045,CIENCIAS DE LA COMUNICACION,FACULTAD DE CIENCIAS POLÍTICAS Y SOCIALES,Escolarizado,https://www.dgae.unam.mx/Licenciatura2026/resultados/3/30200045.html,69,1682,1401,109,77,253979,116,S,Seleccionado,Cita para entregar documentación.,Consultar
3,Licenciatura 2026,302,30200045,CIENCIAS DE LA COMUNICACION,FACULTAD DE CIENCIAS POLÍTICAS Y SOCIALES,Escolarizado,https://www.dgae.unam.mx/Licenciatura2026/resultados/3/30200045.html,69,1682,1401,109,77,254006,85,,No seleccionado,,Consultar
3,Licenciatura 2026,302,30200045,CIENCIAS DE LA COMUNICACION,FACULTAD DE CIENCIAS POLÍTICAS Y SOCIALES,Escolarizado,https://www.dgae.unam.mx/Licenciatura2026/resultados/3/30200045.html,69,1682,1401,109,77,254016,,N,No presentado,,Consultar
3,Licenciatura 2026,302,30200045,CIENCIAS DE LA COMUNICACION,FACULTAD DE CIENCIAS POLÍTICAS Y SOCIALES,Escolarizado,https://www.dgae.unam.mx/Licenciatura2026/resultados/3/30200045.html,69,1682,1401,109,77,254036,84,,No seleccionado,,Consultar
3,Licenciatura 2026,302,30200045,CIENCIAS DE LA COMUNICACION,FACULTAD DE CIENCIAS POLÍTICAS Y SOCIALES,Escolarizado,https://www.dgae.unam.mx/Licenciatura2026/resultados/3/30200045.html,69,1682,1401,109,77,254044,36,,No seleccionado,,Consultar
3,Licenciatura 2026,302,30200045,CIENCIAS DE LA COMUNICACION,FACULTAD DE CIENCIAS POLÍTICAS Y SOCIALES,Escolarizado,https://www.dgae.unam.mx/Licenciatura2026/resultados/3/30200045.html,69,1682,1401,109,77,254122,,N,No presentado,,Consultar
3,Licenciatura 2026,302,30200045,CIENCIAS DE LA COMUNICACION,FACULTAD DE CIENCIAS POLÍTICAS Y SOCIALES,Escolarizado,https://www.dgae.unam.mx/Licenciatura2026/resultados/3/30200045.html,69,1682,1401,109,77,254147,94,,No seleccionado,,Consultar
3,Licenciatura 2026,302,30200045,CIENCIAS DE LA COMUNICACION,FACULTAD DE CIENCIAS POLÍTICAS Y SOCIALES,Escolarizado,https://www.dgae.unam.mx/Licenciatura2026/resultados/3/30200045.html,69,1682,1401,109,77,254148,62,,No seleccionado,,Consultar
3,Licenciatura 2026,302,30200045,CIENCIAS DE LA COMUNICACION,FACULTAD DE CIENCIAS POLÍTICAS Y SOCIALES,Escolarizado,https://www.dgae.unam.mx/Licenciatura2026/resultados/3/30200045.html,69,1682,1401,109,77,254153,37,,No seleccionado,,Consultar
3,Licenciatura 2026,302,30200045,CIENCIAS DE LA COMUNICACION,FACULTAD DE CIENCIAS POLÍTICAS Y SOCIALES,Escolarizado,https://www.dgae.unam.mx/Licenciatura2026/resultados/3/30200045.html,69,1682,1401,109,77,254177,69,,No seleccionado,,Consultar
3,Licenciatura 2026,302,30200045,CIENCIAS DE LA COMUNICACION,FACULTAD DE CIENCIAS POLÍTICAS Y SOCIALES,Escolarizado,https://www.dgae.unam.mx/Licenciatura2026/resultados/3/30200045.html,69,1682,1401,109,77,254192,,N,No presentado,,Consultar
3,Licenciatura 2026,302,30200045,CIENCIAS DE LA COMUNICACION,FACULTAD DE CIENCIAS POLÍTICAS Y SOCIALES,Escolarizado,https://www.dgae.unam.mx/Licenciatura2026/resultados/3/30200045.html,69,1682,1401,109,77,254316,68,,No seleccionado,,Consultar
3,Licenciatura 2026,302,30200045,CIENCIAS DE LA COMUNICACION,FACULTAD DE CIENCIAS POLÍTICAS Y SOCIALES,Escolarizado,https://www.dgae.unam.mx/Licenciatura2026/resultados/3/30200045.html,69,1682,1401,109,77,254376,92,,No seleccionado,,Consultar
3,Licenciatura 2026,302,30200045,CIENCIAS DE LA COMUNICACION,FACULTAD DE CIENCIAS POLÍTICAS Y SOCIALES,Escolarizado,https://www.dgae.unam.mx/Licenciatura2026/resultados/3/30200045.html,69,1682,1401,109,77,254431,,N,No presentado,,Consultar
3,Licenciatura 2026,302,30200045,CIENCIAS DE LA COMUNICACION,FACULTAD DE CIENCIAS POLÍTICAS Y SOCIALES,Escolarizado,https://www.dgae.unam.mx/Licenciatura2026/resultados/3/30200045.html,69,1682,1401,109,77,254460,,N,No presentado,,Consultar
3,Licenciatura 2026,302,30200045,CIENCIAS DE LA COMUNICACION,FACULTAD DE CIENCIAS POLÍTICAS Y SOCIALES,Escolarizado,https://www.dgae.unam.mx/Licenciatura2026/resultados/3/30200045.html,69,1682,1401,109,77,254470,,N,No presentado,,Consultar
3,Licenciatura 2026,302,30200045,CIENCIAS DE LA COMUNICACION,FACULTAD DE CIENCIAS POLÍTICAS Y SOCIALES,Escolarizado,https://www.dgae.unam.mx/Licenciatura2026/resultados/3/30200045.html,69,1682,1401,109,77,254541,86,,No seleccionado,,Consultar
3,Licenciatura 2026,302,30200045,CIENCIAS DE LA COMUNICACION,FACULTAD DE CIENCIAS POLÍTICAS Y SOCIALES,Escolarizado,https://www.dgae.unam.mx/Licenciatura2026/resultados/3/30200045.html,69,1682,1401,109,77,254610,98,,No seleccionado,,Consultar
3,Licenciatura 2026,302,30200045,CIENCIAS DE LA COMUNICACION,FACULTAD DE CIENCIAS POLÍTICAS Y SOCIALES,Escolarizado,https://www.dgae.unam.mx/Licenciatura2026/resultados/3/30200045.html,69,1682,1401,109,77,254762,55,,No seleccionado,,Consultar
3,Licenciatura 2026,302,30200045,CIENCIAS DE LA COMUNICACION,FACULTAD DE CIENCIAS POLÍTICAS Y SOCIALES,Escolarizado,https://www.dgae.unam.mx/Licenciatura2026/resultados/3/30200045.html,69,1682,1401,109,77,254849,73,,No seleccionado,,Consultar
3,Licenciatura 2026,302,30200045,CIENCIAS DE LA COMUNICACION,FACULTAD DE CIENCIAS POLÍTICAS Y SOCIALES,Escolarizado,https://www.dgae.unam.mx/Licenciatura2026/resultados/3/30200045.html,69,1682,1401,109,77,254865,,N,No presentado,,Consultar
3,Licenciatura 2026,302,30200045,CIENCIAS DE LA COMUNICACION,FACULTAD DE CIENCIAS POLÍTICAS Y SOCIALES,Escolarizado,https://www.dgae.unam.mx/Licenciatura2026/resultados/3/30200045.html,69,1682,1401,109,77,254900,76,,No seleccionado,,Consultar
3,Licenciatura 2026,302,30200045,CIENCIAS DE LA COMUNICACION,FACULTAD DE CIENCIAS POLÍTICAS Y SOCIALES,Escolarizado,https://www.dgae.unam.mx/Licenciatura2026/resultados/3/30200045.html,69,1682,1401,109,77,254963,79,,No seleccionado,,Consultar
3,Licenciatura 2026,302,30200045,CIENCIAS DE LA COMUNICACION,FACULTAD DE CIENCIAS POLÍTICAS Y SOCIALES,Escolarizado,https://www.dgae.unam.mx/Licenciatura2026/resultados/3/30200045.html,69,1682,1401,109,77,255092,,N,No presentado,,Consultar
3,Licenciatura 2026,302,30200045,CIENCIAS DE LA COMUNICACION,FACULTAD DE CIENCIAS POLÍTICAS Y SOCIALES,Escolarizado,https://www.dgae.unam.mx/Licenciatura2026/resultados/3/30200045.html,69,1682,1401,109,77,255200,40,,No seleccionado,,Consultar
3,Licenciatura 2026,302,30200045,CIENCIAS DE LA COMUNICACION,FACULTAD DE CIENCIAS POLÍTICAS Y SOCIALES,Escolarizado,https://www.dgae.unam.mx/Licenciatura2026/resultados/3/30200045.html,69,1682,1401,109,77,255267,,N,No presentado,,Consultar
3,Licenciatura 2026,302,30200045,CIENCIAS DE LA COMUNICACION,FACULTAD DE CIENCIAS POLÍTICAS Y SOCIALES,Escolarizado,https://www.dgae.unam.mx/Licenciatura2026/resultados/3/30200045.html,69,1682,1401,109,77,255347,,N,No presentado,,Consultar
3,Licenciatura 2026,302,30200045,CIENCIAS DE LA COMUNICACION,FACULTAD DE CIENCIAS POLÍTICAS Y SOCIALES,Escolarizado,https://www.dgae.unam.mx/Licenciatura2026/resultados/3/30200045.html,69,1682,1401,109,77,255395,89,,No seleccionado,,Consultar
3,Licenciatura 2026,302,30200045,CIENCIAS DE LA COMUNICACION,FACULTAD DE CIENCIAS POLÍTICAS Y SOCIALES,Escolarizado,https://www.dgae.unam.mx/Licenciatura2026/resultados/3/30200045.html,69,1682,1401,109,77,255444,77,,No seleccionado,,Consultar
3,Licenciatura 2026,302,30200045,CIENCIAS DE LA COMUNICACION,FACULTAD DE CIENCIAS POLÍTICAS Y SOCIALES,Escolarizado,https://www.dgae.unam.mx/Licenciatura2026/resultados/3/30200045.html,69,1682,1401,109,77,255638,79,,No seleccionado,,Consultar
3,Licenciatura 2026,302,30200045,CIENCIAS DE LA COMUNICACION,FACULTAD DE CIENCIAS POLÍTICAS Y SOCIALES,Escolarizado,https://www.dgae.unam.mx/Licenciatura2026/resultados/3/30200045.html,69,1682,1401,109,77,255667,,N,No presentado,,Consultar
3,Licenciatura 2026,302,30200045,CIENCIAS DE LA COMUNICACION,FACULTAD DE CIENCIAS POLÍTICAS Y SOCIALES,Escolarizado,https://www.dgae.unam.mx/Licenciatura2026/resultados/3/30200045.html,69,1682,1401,109,77,255721,,N,No presentado,,Consultar
3,Licenciatura 2026,302,30200045,CIENCIAS DE LA COMUNICACION,FACULTAD DE CIENCIAS POLÍTICAS Y SOCIALES,Escolarizado,https://www.dgae.unam.mx/Licenciatura2026/resultados/3/30200045.html,69,1682,1401,109,77,255764,54,,No seleccionado,,Consultar
3,Licenciatura 2026,302,30200045,CIENCIAS DE LA COMUNICACION,FACULTAD DE CIENCIAS POLÍTICAS Y SOCIALES,Escolarizado,https://www.dgae.unam.mx/Licenciatura2026/resultados/3/30200045.html,69,1682,1401,109,77,255797,98,,No seleccionado,,Consultar
3,Licenciatura 2026,302,30200045,CIENCIAS DE LA COMUNICACION,FACULTAD DE CIENCIAS POLÍTICAS Y SOCIALES,Escolarizado,https://www.dgae.unam.mx/Licenciatura2026/resultados/3/30200045.html,69,1682,1401,109,77,255939,108,,No seleccionado,,Consultar
3,Licenciatura 2026,302,30200045,CIENCIAS DE LA COMUNICACION,FACULTAD DE CIENCIAS POLÍTICAS Y SOCIALES,Escolarizado,https://www.dgae.unam.mx/Licenciatura2026/resultados/3/30200045.html,69,1682,1401,109,77,255965,,N,No presentado,,Consultar
3,Licenciatura 2026,302,30200045,CIENCIAS DE LA COMUNICACION,FACULTAD DE CIENCIAS POLÍTICAS Y SOCIALES,Escolarizado,https://www.dgae.unam.mx/Licenciatura2026/resultados/3/30200045.html,69,1682,1401,109,77,255969,,N,No presentado,,Consultar
3,Licenciatura 2026,302,30200045,CIENCIAS DE LA COMUNICACION,FACULTAD DE CIENCIAS POLÍTICAS Y SOCIALES,Escolarizado,https://www.dgae.unam.mx/Licenciatura2026/resultados/3/30200045.html,69,1682,1401,109,77,255982,,N,No presentado,,Consultar
3,Licenciatura 2026,302,30200045,CIENCIAS DE LA COMUNICACION,FACULTAD DE CIENCIAS POLÍTICAS Y SOCIALES,Escolarizado,https://www.dgae.unam.mx/Licenciatura2026/resultados/3/30200045.html,69,1682,1401,109,77,255986,,N,No presentado,,Consultar
3,Licenciatura 2026,302,30200045,CIENCIAS DE LA COMUNICACION,FACULTAD DE CIENCIAS POLÍTICAS Y SOCIALES,Escolarizado,https://www.dgae.unam.mx/Licenciatura2026/resultados/3/30200045.html,69,1682,1401,109,77,256106,41,,No seleccionado,,Consultar
3,Licenciatura 2026,302,30200045,CIENCIAS DE LA COMUNICACION,FACULTAD DE CIENCIAS POLÍTICAS Y SOCIALES,Escolarizado,https://www.dgae.unam.mx/Licenciatura2026/resultados/3/30200045.html,69,1682,1401,109,77,256107,113,S,Seleccionado,Cita para entregar documentación.,Consultar
3,Licenciatura 2026,302,30200045,CIENCIAS DE LA COMUNICACION,FACULTAD DE CIENCIAS POLÍTICAS Y SOCIALES,Escolarizado,https://www.dgae.unam.mx/Licenciatura2026/resultados/3/30200045.html,69,1682,1401,109,77,256148,82,,No seleccionado,,Consultar
3,Licenciatura 2026,302,30200045,CIENCIAS DE LA COMUNICACION,FACULTAD DE CIENCIAS POLÍTICAS Y SOCIALES,Escolarizado,https://www.dgae.unam.mx/Licenciatura2026/resultados/3/30200045.html,69,1682,1401,109,77,256220,49,,No seleccionado,,Consultar
3,Licenciatura 2026,302,30200045,CIENCIAS DE LA COMUNICACION,FACULTAD DE CIENCIAS POLÍTICAS Y SOCIALES,Escolarizado,https://www.dgae.unam.mx/Licenciatura2026/resultados/3/30200045.html,69,1682,1401,109,77,256224,,N,No presentado,,Consultar
3,Licenciatura 2026,302,30200045,CIENCIAS DE LA COMUNICACION,FACULTAD DE CIENCIAS POLÍTICAS Y SOCIALES,Escolarizado,https://www.dgae.unam.mx/Licenciatura2026/resultados/3/30200045.html,69,1682,1401,109,77,256632,96,,No seleccionado,,Consultar
3,Licenciatura 2026,302,30200045,CIENCIAS DE LA COMUNICACION,FACULTAD DE CIENCIAS POLÍTICAS Y SOCIALES,Escolarizado,https://www.dgae.unam.mx/Licenciatura2026/resultados/3/30200045.html,69,1682,1401,109,77,257003,45,,No seleccionado,,Consultar
3,Licenciatura 2026,302,30200045,CIENCIAS DE LA COMUNICACION,FACULTAD DE CIENCIAS POLÍTICAS Y SOCIALES,Escolarizado,https://www.dgae.unam.mx/Licenciatura2026/resultados/3/30200045.html,69,1682,1401,109,77,257030,40,,No seleccionado,,Consultar
3,Licenciatura 2026,302,30200045,CIENCIAS DE LA COMUNICACION,FACULTAD DE CIENCIAS POLÍTICAS Y SOCIALES,Escolarizado,https://www.dgae.unam.mx/Licenciatura2026/resultados/3/30200045.html,69,1682,1401,109,77,257033,49,,No seleccionado,,Consultar
3,Licenciatura 2026,302,30200045,CIENCIAS DE LA COMUNICACION,FACULTAD DE CIENCIAS POLÍTICAS Y SOCIALES,Escolarizado,https://www.dgae.unam.mx/Licenciatura2026/resultados/3/30200045.html,69,1682,1401,109,77,257038,36,,No seleccionado,,Consultar
3,Licenciatura 2026,302,30200045,CIENCIAS DE LA COMUNICACION,FACULTAD DE CIENCIAS POLÍTICAS Y SOCIALES,Escolarizado,https://www.dgae.unam.mx/Licenciatura2026/resultados/3/30200045.html,69,1682,1401,109,77,257052,45,,No seleccionado,,Consultar
3,Licenciatura 2026,302,30200045,CIENCIAS DE LA COMUNICACION,FACULTAD DE CIENCIAS POLÍTICAS Y SOCIALES,Escolarizado,https://www.dgae.unam.mx/Licenciatura2026/resultados/3/30200045.html,69,1682,1401,109,77,257228,21,,No seleccionado,,Consultar
3,Licenciatura 2026,302,30200045,CIENCIAS DE LA COMUNICACION,FACULTAD DE CIENCIAS POLÍTICAS Y SOCIALES,Escolarizado,https://www.dgae.unam.mx/Licenciatura2026/resultados/3/30200045.html,69,1682,1401,109,77,257253,56,,No seleccionado,,Consultar
