Area,Concurso,Clave_carrera,Codigo_opcion,Carrera,Plantel,Modalidad,URL_resultados,Oferta,Aspirantes,Presentaron_examen,Aciertos_minimos,Seleccionados,Numero_comprobante,Aciertos,Acreditado,Estatus,Detalles,Diagnostico
3,Licenciatura 2026,304,30411005,CONTADURIA,"ESCUELA NAL. DE ESTUDIOS SUP. OAXACA, OAX.",Escolarizado,https://www.dgae.unam.mx/Licenciatura2026/resultados/3/30411005.html,40,491,404,72,154,210070,,N,No presentado,,Consultar
3,Licenciatura 2026,304,30411005,CONTADURIA,"ESCUELA NAL. DE ESTUDIOS SUP. OAXACA, OAX.",Escolarizado,https://www.dgae.unam.mx/Licenciatura2026/resultados/3/30411005.html,40,491,404,72,154,210552,,N,No presentado,,Consultar
3,Licenciatura 2026,304,30411005,CONTADURIA,"ESCUELA NAL. DE ESTUDIOS SUP. OAXACA, OAX.",Escolarizado,https://www.dgae.unam.mx/Licenciatura2026/resultados/3/30411005.html,40,491,404,72,154,212605,,N,No presentado,,Consultar
3,Licenciatura 2026,304,30411005,CONTADURIA,"ESCUELA NAL. DE ESTUDIOS SUP. OAXACA, OAX.",Escolarizado,https://www.dgae.unam.mx/Licenciatura2026/resultados/3/30411005.html,40,491,404,72,154,213379,,N,No presentado,,Consultar
3,Licenciatura 2026,304,30411005,CONTADURIA,"ESCUELA NAL. DE ESTUDIOS SUP. OAXACA, OAX.",Escolarizado,https://www.dgae.unam.mx/Licenciatura2026/resultados/3/30411005.html,40,491,404,72,154,213840,85,S,Seleccionado,Cita para entregar documentación.,Consultar
3,Licenciatura 2026,304,30411005,CONTADURIA,"ESCUELA NAL. DE ESTUDIOS SUP. OAXACA, OAX.",Escolarizado,https://www.dgae.unam.mx/Licenciatura2026/resultados/3/30411005.html,40,491,404,72,154,215773,79,S,Seleccionado,Cita para entregar documentación.,Consultar
3,Licenciatura 2026,304,30411005,CONTADURIA,"ESCUELA NAL. DE ESTUDIOS SUP. OAXACA, OAX.",Escolarizado,https://www.dgae.unam.mx/Licenciatura2026/resultados/3/30411005.html,40,491,404,72,154,216801,43,,No seleccionado,,Consultar
3,Licenciatura 2026,304,30411005,CONTADURIA,"ESCUELA NAL. DE ESTUDIOS SUP. OAXACA, OAX.",Escolarizado,https://www.dgae.unam.mx/Licenciatura2026/resultados/3/30411005.html,40,491,404,72,154,222989,70,,No seleccionado,,Consultar
3,Licenciatura 2026,304,30411005,CONTADURIA,"ESCUELA NAL. DE ESTUDIOS SUP. OAXACA, OAX.",Escolarizado,https://www.dgae.unam.mx/Licenciatura2026/resultados/3/30411005.html,40,491,404,72,154,223565,,C,Cancelado,,Consultar
3,Licenciatura 2026,304,30411005,CONTADURIA,"ESCUELA NAL. DE ESTUDIOS SUP. OAXACA, OAX.",Escolarizado,https://www.dgae.unam.mx/Licenciatura2026/resultados/3/30411005.html,40,491,404,72,154,224262,55,,No seleccionado,,Consultar
3,Licenciatura 2026,304,30411005,CONTADURIA,"ESCUELA NAL. DE ESTUDIOS SUP. OAXACA, OAX.",Escolarizado,https://www.dgae.unam.mx/Licenciatura2026/resultados/3/30411005.html,40,491,404,72,154,225532,,N,No presentado,,Consultar
3,Licenciatura 2026,304,30411005,CONTADURIA,"ESCUELA NAL. DE ESTUDIOS SUP. OAXACA, OAX.",Escolarizado,https://www.dgae.unam.mx/Licenciatura2026/resultados/3/30411005.html,40,491,404,72,154,226526,58,,No seleccionado,,Consultar
3,Licenciatura 2026,304,30411005,CONTADURIA,"ESCUELA NAL. DE ESTUDIOS SUP. OAXACA, OAX.",Escolarizado,https://www.dgae.unam.mx/Licenciatura2026/resultados/3/30411005.html,40,491,404,72,154,227349,,,No seleccionado,Cita para aclarar situación escolar.,Consultar
3,Licenciatura 2026,304,30411005,CONTADURIA,"ESCUELA NAL. DE ESTUDIOS SUP. OAXACA, OAX.",Escolarizado,https://www.dgae.unam.mx/Licenciatura2026/resultados/3/30411005.html,40,491,404,72,154,229296,40,,No seleccionado,,Consultar
3,Licenciatura 2026,304,30411005,CONTADURIA,"ESCUELA NAL. DE ESTUDIOS SUP. OAXACA, OAX.",Escolarizado,https://www.dgae.unam.mx/Licenciatura2026/resultados/3/30411005.html,40,491,404,72,154,231371,81,S,Seleccionado,Cita para entregar documentación.,Consultar
3,Licenciatura 2026,304,30411005,CONTADURIA,"ESCUELA NAL. DE ESTUDIOS SUP. OAXACA, OAX.",Escolarizado,https://www.dgae.unam.mx/Licenciatura2026/resultados/3/30411005.html,40,491,404,72,154,231960,65,,No seleccionado,,Consultar
3,Licenciatura 2026,304,30411005,CONTADURIA,"ESCUELA NAL. DE ESTUDIOS SUP. OAXACA, OAX.",Escolarizado,https://www.dgae.unam.mx/Licenciatura2026/resultados/3/30411005.html,40,491,404,72,154,234223,46,,No seleccionado,,Consultar
3,Licenciatura 2026,304,30411005,CONTADURIA,"ESCUELA NAL. DE ESTUDIOS SUP. OAXACA, OAX.",Escolarizado,https://www.dgae.unam.mx/Licenciatura2026/resultados/3/30411005.html,40,491,404,72,154,236365,87,S,Seleccionado,Cita para entregar documentación.,Consultar
3,Licenciatura 2026,304,30411005,CONTADURIA,"ESCUELA NAL. DE ESTUDIOS SUP. OAXACA, OAX.",Escolarizado,https://www.dgae.unam.mx/Licenciatura2026/resultados/3/30411005.html,40,491,404,72,154,236808,52,,No seleccionado,,Consultar
3,Licenciatura 2026,304,30411005,CONTADURIA,"ESCUELA NAL. DE ESTUDIOS SUP. OAXACA, OAX.",Escolarizado,https://www.dgae.unam.mx/Licenciatura2026/resultados/3/30411005.html,40,491,404,72,154,238405,40,,No seleccionado,,Consultar
3,Licenciatura 2026,304,30411005,CONTADURIA,"ESCUELA NAL. DE ESTUDIOS SUP. OAXACA, OAX.",Escolarizado,https://www.dgae.unam.mx/Licenciatura2026/resultados/3/30411005.html,40,491,404,72,154,240078,51,,No seleccionado,,Consultar
3,Licenciatura 2026,304,30411005,CONTADURIA,"ESCUELA NAL. DE ESTUDIOS SUP. OAXACA, OAX.",Escolarizado,https://www.dgae.unam.mx/Licenciatura2026/resultados/3/30411005.html,40,491,404,72,154,242034,64,,No seleccionado,,Consultar
3,Licenciatura 2026,304,30411005,CONTADURIA,"ESCUELA NAL. DE ESTUDIOS SUP. OAXACA, OAX.",Escolarizado,https://www.dgae.unam.mx/Licenciatura2026/resultados/3/30411005.html,40,491,404,72,154,242989,,N,No presentado,,Consultar
3,Licenciatura 2026,304,30411005,CONTADURIA,"ESCUELA NAL. DE ESTUDIOS SUP. OAXACA, OAX.",Escolarizado,https://www.dgae.unam.mx/Licenciatura2026/resultados/3/30411005.html,40,491,404,72,154,243159,86,S,Seleccionado,Cita para entregar documentación.,Consultar
3,Licenciatura 2026,304,30411005,CONTADURIA,"ESCUELA NAL. DE ESTUDIOS SUP. OAXACA, OAX.",Escolarizado,https://www.dgae.unam.mx/Licenciatura2026/resultados/3/30411005.html,40,491,404,72,154,246695,,N,No presentado,,Consultar
3,Licenciatura 2026,304,30411005,CONTADURIA,"ESCUELA NAL. DE ESTUDIOS SUP. OAXACA, OAX.",Escolarizado,https://www.dgae.unam.mx/Licenciatura2026/resultados/3/30411005.html,40,491,404,72,154,246710,54,,No seleccionado,,Consultar
3,Licenciatura 2026,304,30411005,CONTADURIA,"ESCUELA NAL. DE ESTUDIOS SUP. OAXACA, OAX.",Escolarizado,https://www.dgae.unam.mx/Licenciatura2026/resultados/3/30411005.html,40,491,404,72,154,246723,77,S,Seleccionado,Cita para entregar documentación.,Consultar
3,Licenciatura 2026,304,30411005,CONTADURIA,"ESCUELA NAL. DE ESTUDIOS SUP. OAXACA, OAX.",Escolarizado,https://www.dgae.unam.mx/Licenciatura2026/resultados/3/30411005.html,40,491,404,72,154,246724,,N,No presentado,,Consultar
3,Licenciatura 2026,304,30411005,CONTADURIA,"ESCUELA NAL. DE ESTUDIOS SUP. OAXACA, OAX.",Escolarizado,https://www.dgae.unam.mx/Licenciatura2026/resultados/3/30411005.html,40,491,404,72,154,246725,82,S,Seleccionado,Cita para entregar documentación.,Consultar
3,Licenciatura 2026,304,30411005,CONTADURIA,"ESCUELA NAL. DE ESTUDIOS SUP. OAXACA, OAX.",Escolarizado,https://www.dgae.unam.mx/Licenciatura2026/resultados/3/30411005.html,40,491,404,72,154,246748,74,S,Seleccionado,Cita para entregar documentación.,Consultar
3,Licenciatura 2026,304,30411005,CONTADURIA,"ESCUELA NAL. DE ESTUDIOS SUP. OAXACA, OAX.",Escolarizado,https://www.dgae.unam.mx/Licenciatura2026/resultados/3/30411005.html,40,491,404,72,154,246762,90,S,Seleccionado,Cita para entregar documentación.,Consultar
3,Licenciatura 2026,304,30411005,CONTADURIA,"ESCUELA NAL. DE ESTUDIOS SUP. OAXACA, OAX.",Escolarizado,https://www.dgae.unam.mx/Licenciatura2026/resultados/3/30411005.html,40,491,404,72,154,246795,50,,No seleccionado,,Consultar
3,Licenciatura 2026,304,30411005,CONTADURIA,"ESCUELA NAL. DE ESTUDIOS SUP. OAXACA, OAX.",Escolarizado,https://www.dgae.unam.mx/Licenciatura2026/resultados/3/30411005.html,40,491,404,72,154,246797,85,S,Seleccionado,Cita para entregar documentación.,Consultar
3,Licenciatura 2026,304,30411005,CONTADURIA,"ESCUELA NAL. DE ESTUDIOS SUP. OAXACA, OAX.",Escolarizado,https://www.dgae.unam.mx/Licenciatura2026/resultados/3/30411005.html,40,491,404,72,154,246801,60,,No seleccionado,,Consultar
3,Licenciatura 2026,304,30411005,CONTADURIA,"ESCUELA NAL. DE ESTUDIOS SUP. OAXACA, OAX.",Escolarizado,https://www.dgae.unam.mx/Licenciatura2026/resultados/3/30411005.html,40,491,404,72,154,246803,45,,No seleccionado,,Consultar
3,Licenciatura 2026,304,30411005,CONTADURIA,"ESCUELA NAL. DE ESTUDIOS SUP. OAXACA, OAX.",Escolarizado,https://www.dgae.unam.mx/Licenciatura2026/resultados/3/30411005.html,40,491,404,72,154,246821,49,,No seleccionado,,Consultar
3,Licenciatura 2026,304,30411005,CONTADURIA,"ESCUELA NAL. DE ESTUDIOS SUP. OAXACA, OAX.",Escolarizado,https://www.dgae.unam.mx/Licenciatura2026/resultados/3/30411005.html,40,491,404,72,154,246885,53,,No seleccionado,,Consultar
3,Licenciatura 2026,304,30411005,CONTADURIA,"ESCUELA NAL. DE ESTUDIOS SUP. OAXACA, OAX.",Escolarizado,https://www.dgae.unam.mx/Licenciatura2026/resultados/3/30411005.html,40,491,404,72,154,246910,72,S,Seleccionado,Cita para entregar documentación.,Consultar
3,Licenciatura 2026,304,30411005,CONTADURIA,"ESCUELA NAL. DE ESTUDIOS SUP. OAXACA, OAX.",Escolarizado,https://www.dgae.unam.mx/Licenciatura2026/resultados/3/30411005.html,40,491,404,72,154,246933,51,,No seleccionado,,Consultar
3,Licenciatura 2026,304,30411005,CONTADURIA,"ESCUELA NAL. DE ESTUDIOS SUP. OAXACA, OAX.",Escolarizado,https://www.dgae.unam.mx/Licenciatura2026/resultados/3/30411005.html,40,491,404,72,154,246972,57,,No seleccionado,,Consultar
3,Licenciatura 2026,304,30411005,CONTADURIA,"ESCUELA NAL. DE ESTUDIOS SUP. OAXACA, OAX.",Escolarizado,https://www.dgae.unam.mx/Licenciatura2026/resultados/3/30411005.html,40,491,404,72,154,246984,73,S,Seleccionado,Cita para entregar documentación.,Consultar
3,Licenciatura 2026,304,30411005,CONTADURIA,"ESCUELA NAL. DE ESTUDIOS SUP. OAXACA, OAX.",Escolarizado,https://www.dgae.unam.mx/Licenciatura2026/resultados/3/30411005.html,40,491,404,72,154,246994,47,,No seleccionado,,Consultar
3,Licenciatura 2026,304,30411005,CONTADURIA,"ESCUELA NAL. DE ESTUDIOS SUP. OAXACA, OAX.",Escolarizado,https://www.dgae.unam.mx/Licenciatura2026/resultados/3/30411005.html,40,491,404,72,154,247006,83,S,Seleccionado,Cita para entregar documentación.,Consultar
3,Licenciatura 2026,304,30411005,CONTADURIA,"ESCUELA NAL. DE ESTUDIOS SUP. OAXACA, OAX.",Escolarizado,https://www.dgae.unam.mx/Licenciatura2026/resultados/3/30411005.html,40,491,404,72,154,247016,49,,No seleccionado,,Consultar
3,Licenciatura 2026,304,30411005,CONTADURIA,"ESCUELA NAL. DE ESTUDIOS SUP. OAXACA, OAX.",Escolarizado,https://www.dgae.unam.mx/Licenciatura2026/resultados/3/30411005.html,40,491,404,72,154,247026,43,,No seleccionado,,Consultar
3,Licenciatura 2026,304,30411005,CONTADURIA,"ESCUELA NAL. DE ESTUDIOS SUP. OAXACA, OAX.",Escolarizado,https://www.dgae.unam.mx/Licenciatura2026/resultados/3/30411005.html,40,491,404,72,154,247045,93,S,Seleccionado,Cita para entregar documentación.,Consultar
3,Licenciatura 2026,304,30411005,CONTADURIA,"ESCUELA NAL. DE ESTUDIOS SUP. OAXACA, OAX.",Escolarizado,https://www.dgae.unam.mx/Licenciatura2026/resultados/3/30411005.html,40,491,404,72,154,247062,119,S,Seleccionado,Cita para entregar documentación.,Consultar
3,Licenciatura 2026,304,30411005,CONTADURIA,"ESCUELA NAL. DE ESTUDIOS SUP. OAXACA, OAX.",Escolarizado,https://www.dgae.unam.mx/Licenciatura2026/resultados/3/30411005.html,40,491,404,72,154,247275,98,S,Seleccionado,Cita para entregar documentación.,Consultar
3,Licenciatura 2026,304,30411005,CONTADURIA,"ESCUELA NAL. DE ESTUDIOS SUP. OAXACA, OAX.",Escolarizado,https://www.dgae.unam.mx/Licenciatura2026/resultados/3/30411005.html,40,491,404,72,154,247277,74,S,Seleccionado,Cita para entregar documentación.,Consultar
3,Licenciatura 2026,304,30411005,CONTADURIA,"ESCUELA NAL. DE ESTUDIOS SUP. OAXACA, OAX.",Escolarizado,https://www.dgae.unam.mx/Licenciatura2026/resultados/3/30411005.html,40,491,404,72,154,247280,,N,No presentado,,Consultar
3,Licenciatura 2026,304,30411005,CONTADURIA,"ESCUELA NAL. DE ESTUDIOS SUP. OAXACA, OAX.",Escolarizado,https://www.dgae.unam.mx/Licenciatura2026/resultados/3/30411005.html,40,491,404,72,154,247281,100,S,Seleccionado,Cita para entregar documentación.,Consultar
3,Licenciatura 2026,304,30411005,CONTADURIA,"ESCUELA NAL. DE ESTUDIOS SUP. OAXACA, OAX.",Escolarizado,https://www.dgae.unam.mx/Licenciatura2026/resultados/3/30411005.html,40,491,404,72,154,247296,83,S,Seleccionado,Cita para entregar documentación.,Consultar
3,Licenciatura 2026,304,30411005,CONTADURIA,"ESCUELA NAL. DE ESTUDIOS SUP. OAXACA, OAX.",Escolarizado,https://www.dgae.unam.mx/Licenciatura2026/resultados/3/30411005.html,40,491,404,72,154,247357,88,S,Seleccionado,Cita para entregar documentación.,Consultar
3,Licenciatura 2026,304,30411005,CONTADURIA,"ESCUELA NAL. DE ESTUDIOS SUP. OAXACA, OAX.",Escolarizado,https://www.dgae.unam.mx/Licenciatura2026/resultados/3/30411005.html,40,491,404,72,154,247373,66,,No seleccionado,,Consultar
3,Licenciatura 2026,304,30411005,CONTADURIA,"ESCUELA NAL. DE ESTUDIOS SUP. OAXACA, OAX.",Escolarizado,https://www.dgae.unam.mx/Licenciatura2026/resultados/3/30411005.html,40,491,404,72,154,247378,53,,No seleccionado,,Consultar
3,Licenciatura 2026,304,30411005,CONTADURIA,"ESCUELA NAL. DE ESTUDIOS SUP. OAXACA, OAX.",Escolarizado,https://www.dgae.unam.mx/Licenciatura2026/resultados/3/30411005.html,40,491,404,72,154,247485,39,,No seleccionado,,Consultar
3,Licenciatura 2026,304,30411005,CONTADURIA,"ESCUELA NAL. DE ESTUDIOS SUP. OAXACA, OAX.",Escolarizado,https://www.dgae.unam.mx/Licenciatura2026/resultados/3/30411005.html,40,491,404,72,154,247541,61,,No seleccionado,,Consultar
3,Licenciatura 2026,304,30411005,CONTADURIA,"ESCUELA NAL. DE ESTUDIOS SUP. OAXACA, OAX.",Escolarizado,https://www.dgae.unam.mx/Licenciatura2026/resultados/3/30411005.html,40,491,404,72,154,247549,,N,No presentado,,Consultar
3,Licenciatura 2026,304,30411005,CONTADURIA,"ESCUELA NAL. DE ESTUDIOS SUP. OAXACA, OAX.",Escolarizado,https://www.dgae.unam.mx/Licenciatura2026/resultados/3/30411005.html,40,491,404,72,154,247557,,N,No presentado,,Consultar
3,Licenciatura 2026,304,30411005,CONTADURIA,"ESCUELA NAL. DE ESTUDIOS SUP. OAXACA, OAX.",Escolarizado,https://www.dgae.unam.mx/Licenciatura2026/resultados/3/30411005.html,40,491,404,72,154,247566,45,,No seleccionado,,Consultar
3,Licenciatura 2026,304,30411005,CONTADURIA,"ESCUELA NAL. DE ESTUDIOS SUP. OAXACA, OAX.",Escolarizado,https://www.dgae.unam.mx/Licenciatura2026/resultados/3/30411005.html,40,491,404,72,154,247571,26,,No seleccionado,,Consultar
3,Licenciatura 2026,304,30411005,CONTADURIA,"ESCUELA NAL. DE ESTUDIOS SUP. OAXACA, OAX.",Escolarizado,https://www.dgae.unam.mx/Licenciatura2026/resultados/3/30411005.html,40,491,404,72,154,247574,107,S,Seleccionado,Cita para entregar documentación.,Consultar
3,Licenciatura 2026,304,30411005,CONTADURIA,"ESCUELA NAL. DE ESTUDIOS SUP. OAXACA, OAX.",Escolarizado,https://www.dgae.unam.mx/Licenciatura2026/resultados/3/30411005.html,40,491,404,72,154,247617,,N,No presentado,,Consultar
3,Licenciatura 2026,304,30411005,CONTADURIA,"ESCUELA NAL. DE ESTUDIOS SUP. OAXACA, OAX.",Escolarizado,https://www.dgae.unam.mx/Licenciatura2026/resultados/3/30411005.html,40,491,404,72,154,247633,,N,No presentado,,Consultar
3,Licenciatura 2026,304,30411005,CONTADURIA,"ESCUELA NAL. DE ESTUDIOS SUP. OAXACA, OAX.",Escolarizado,https://www.dgae.unam.mx/Licenciatura2026/resultados/3/30411005.html,40,491,404,72,154,247637,98,S,Seleccionado,Cita para entregar documentación.,Consultar
3,Licenciatura 2026,304,30411005,CONTADURIA,"ESCUELA NAL. DE ESTUDIOS SUP. OAXACA, OAX.",Escolarizado,https://www.dgae.unam.mx/Licenciatura2026/resultados/3/30411005.html,40,491,404,72,154,247705,,N,No presentado,,Consultar
3,Licenciatura 2026,304,30411005,CONTADURIA,"ESCUELA NAL. DE ESTUDIOS SUP. OAXACA, OAX.",Escolarizado,https://www.dgae.unam.mx/Licenciatura2026/resultados/3/30411005.html,40,491,404,72,154,247714,99,S,Seleccionado,Cita para entregar documentación.,Consultar
3,Licenciatura 2026,304,30411005,CONTADURIA,"ESCUELA NAL. DE ESTUDIOS SUP. OAXACA, OAX.",Escolarizado,https://www.dgae.unam.mx/Licenciatura2026/resultados/3/30411005.html,40,491,404,72,154,247718,39,,No seleccionado,,Consultar
3,Licenciatura 2026,304,30411005,CONTADURIA,"ESCUELA NAL. DE ESTUDIOS SUP. OAXACA, OAX.",Escolarizado,https://www.dgae.unam.mx/Licenciatura2026/resultados/3/30411005.html,40,491,404,72,154,247744,71,,No seleccionado,,Consultar
3,Licenciatura 2026,304,30411005,CONTADURIA,"ESCUELA NAL. DE ESTUDIOS SUP. OAXACA, OAX.",Escolarizado,https://www.dgae.unam.mx/Licenciatura2026/resultados/3/30411005.html,40,491,404,72,154,247758,71,,No seleccionado,,Consultar
3,Licenciatura 2026,304,30411005,CONTADURIA,"ESCUELA NAL. DE ESTUDIOS SUP. OAXACA, OAX.",Escolarizado,https://www.dgae.unam.mx/Licenciatura2026/resultados/3/30411005.html,40,491,404,72,154,247769,41,,No seleccionado,,Consultar
3,Licenciatura 2026,304,30411005,CONTADURIA,"ESCUELA NAL. DE ESTUDIOS SUP. OAXACA, OAX.",Escolarizado,https://www.dgae.unam.mx/Licenciatura2026/resultados/3/30411005.html,40,491,404,72,154,247775,81,S,Seleccionado,Cita para entregar documentación.,Consultar
3,Licenciatura 2026,304,30411005,CONTADURIA,"ESCUELA NAL. DE ESTUDIOS SUP. OAXACA, OAX.",Escolarizado,https://www.dgae.unam.mx/Licenciatura2026/resultados/3/30411005.html,40,491,404,72,154,247869,,N,No presentado,,Consultar
3,Licenciatura 2026,304,30411005,CONTADURIA,"ESCUELA NAL. DE ESTUDIOS SUP. OAXACA, OAX.",Escolarizado,https://www.dgae.unam.mx/Licenciatura2026/resultados/3/30411005.html,40,491,404,72,154,247871,,N,No presentado,,Consultar
3,Licenciatura 2026,304,30411005,CONTADURIA,"ESCUELA NAL. DE ESTUDIOS SUP. OAXACA, OAX.",Escolarizado,https://www.dgae.unam.mx/Licenciatura2026/resultados/3/30411005.html,40,491,404,72,154,247875,80,S,Seleccionado,Cita para entregar documentación.,Consultar
3,Licenciatura 2026,304,30411005,CONTADURIA,"ESCUELA NAL. DE ESTUDIOS SUP. OAXACA, OAX.",Escolarizado,https://www.dgae.unam.mx/Licenciatura2026/resultados/3/30411005.html,40,491,404,72,154,247890,85,S,Seleccionado,Cita para entregar documentación.,Consultar
3,Licenciatura 2026,304,30411005,CONTADURIA,"ESCUELA NAL. DE ESTUDIOS SUP. OAXACA, OAX.",Escolarizado,https://www.dgae.unam.mx/Licenciatura2026/resultados/3/30411005.html,40,491,404,72,154,247916,,N,No presentado,,Consultar
3,Licenciatura 2026,304,30411005,CONTADURIA,"ESCUELA NAL. DE ESTUDIOS SUP. OAXACA, OAX.",Escolarizado,https://www.dgae.unam.mx/Licenciatura2026/resultados/3/30411005.html,40,491,404,72,154,247937,60,,No seleccionado,,Consultar
3,Licenciatura 2026,304,30411005,CONTADURIA,"ESCUELA NAL. DE ESTUDIOS SUP. OAXACA, OAX.",Escolarizado,https://www.dgae.unam.mx/Licenciatura2026/resultados/3/30411005.html,40,491,404,72,154,247951,72,S,Seleccionado,Cita para entregar documentación.,Consultar
3,Licenciatura 2026,304,30411005,CONTADURIA,"ESCUELA NAL. DE ESTUDIOS SUP. OAXACA, OAX.",Escolarizado,https://www.dgae.unam.mx/Licenciatura2026/resultados/3/30411005.html,40,491,404,72,154,247990,67,,No seleccionado,,Consultar
3,Licenciatura 2026,304,30411005,CONTADURIA,"ESCUELA NAL. DE ESTUDIOS SUP. OAXACA, OAX.",Escolarizado,https://www.dgae.unam.mx/Licenciatura2026/resultados/3/30411005.html,40,491,404,72,154,247991,,N,No presentado,,Consultar
3,Licenciatura 2026,304,30411005,CONTADURIA,"ESCUELA NAL. DE ESTUDIOS SUP. OAXACA, OAX.",Escolarizado,https://www.dgae.unam.mx/Licenciatura2026/resultados/3/30411005.html,40,491,404,72,154,247992,91,S,Seleccionado,Cita para entregar documentación.,Consultar
3,Licenciatura 2026,304,30411005,CONTADURIA,"ESCUELA NAL. DE ESTUDIOS SUP. OAXACA, OAX.",Escolarizado,https://www.dgae.unam.mx/Licenciatura2026/resultados/3/30411005.html,40,491,404,72,154,248005,55,,No seleccionado,,Consultar
3,Licenciatura 2026,304,30411005,CONTADURIA,"ESCUELA NAL. DE ESTUDIOS SUP. OAXACA, OAX.",Escolarizado,https://www.dgae.unam.mx/Licenciatura2026/resultados/3/30411005.html,40,491,404,72,154,248019,46,,No seleccionado,,Consultar
3,Licenciatura 2026,304,30411005,CONTADURIA,"ESCUELA NAL. DE ESTUDIOS SUP. OAXACA, OAX.",Escolarizado,https://www.dgae.unam.mx/Licenciatura2026/resultados/3/30411005.html,40,491,404,72,154,248032,39,,No seleccionado,,Consultar
3,Licenciatura 2026,304,30411005,CONTADURIA,"ESCUELA NAL. DE ESTUDIOS SUP. OAXACA, OAX.",Escolarizado,https://www.dgae.unam.mx/Licenciatura2026/resultados/3/30411005.html,40,491,404,72,154,248073,48,,No seleccionado,,Consultar
3,Licenciatura 2026,304,30411005,CONTADURIA,"ESCUELA NAL. DE ESTUDIOS SUP. OAXACA, OAX.",Escolarizado,https://www.dgae.unam.mx/Licenciatura2026/resultados/3/30411005.html,40,491,404,72,154,248091,30,,No seleccionado,,Consultar
3,Licenciatura 2026,304,30411005,CONTADURIA,"ESCUELA NAL. DE ESTUDIOS SUP. OAXACA, OAX.",Escolarizado,https://www.dgae.unam.mx/Licenciatura2026/resultados/3/30411005.html,40,491,404,72,154,248093,88,S,Seleccionado,Cita para entregar documentación.,Consultar
3,Licenciatura 2026,304,30411005,CONTADURIA,"ESCUELA NAL. DE ESTUDIOS SUP. OAXACA, OAX.",Escolarizado,https://www.dgae.unam.mx/Licenciatura2026/resultados/3/30411005.html,40,491,404,72,154,248100,61,,No seleccionado,,Consultar
3,Licenciatura 2026,304,30411005,CONTADURIA,"ESCUELA NAL. DE ESTUDIOS SUP. OAXACA, OAX.",Escolarizado,https://www.dgae.unam.mx/Licenciatura2026/resultados/3/30411005.html,40,491,404,72,154,248129,40,,No seleccionado,,Consultar
3,Licenciatura 2026,304,30411005,CONTADURIA,"ESCUELA NAL. DE ESTUDIOS SUP. OAXACA, OAX.",Escolarizado,https://www.dgae.unam.mx/Licenciatura2026/resultados/3/30411005.html,40,491,404,72,154,248140,68,,No seleccionado,,Consultar
3,Licenciatura 2026,304,30411005,CONTADURIA,"ESCUELA NAL. DE ESTUDIOS SUP. OAXACA, OAX.",Escolarizado,https://www.dgae.unam.mx/Licenciatura2026/resultados/3/30411005.html,40,491,404,72,154,248145,35,,No seleccionado,,Consultar
3,Licenciatura 2026,304,30411005,CONTADURIA,"ESCUELA NAL. DE ESTUDIOS SUP. OAXACA, OAX.",Escolarizado,https://www.dgae.unam.mx/Licenciatura2026/resultados/3/30411005.html,40,491,404,72,154,248165,57,,No seleccionado,,Consultar
3,Licenciatura 2026,304,30411005,CONTADURIA,"ESCUELA NAL. DE ESTUDIOS SUP. OAXACA, OAX.",Escolarizado,https://www.dgae.unam.mx/Licenciatura2026/resultados/3/30411005.html,40,491,404,72,154,248172,,N,No presentado,,Consultar
3,Licenciatura 2026,304,30411005,CONTADURIA,"ESCUELA NAL. DE ESTUDIOS SUP. OAXACA, OAX.",Escolarizado,https://www.dgae.unam.mx/Licenciatura2026/resultados/3/30411005.html,40,491,404,72,154,248173,52,,No seleccionado,,Consultar
3,Licenciatura 2026,304,30411005,CONTADURIA,"ESCUELA NAL. DE ESTUDIOS SUP. OAXACA, OAX.",Escolarizado,https://www.dgae.unam.mx/Licenciatura2026/resultados/3/30411005.html,40,491,404,72,154,248193,82,S,Seleccionado,Cita para entregar documentación.,Consultar
3,Licenciatura 2026,304,30411005,CONTADURIA,"ESCUELA NAL. DE ESTUDIOS SUP. OAXACA, OAX.",Escolarizado,https://www.dgae.unam.mx/Licenciatura2026/resultados/3/30411005.html,40,491,404,72,154,248195,44,,No seleccionado,,Consultar
3,Licenciatura 2026,304,30411005,CONTADURIA,"ESCUELA NAL. DE ESTUDIOS SUP. OAXACA, OAX.",Escolarizado,https://www.dgae.unam.mx/Licenciatura2026/resultados/3/30411005.html,40,491,404,72,154,248199,61,,No seleccionado,,Consultar
3,Licenciatura 2026,304,30411005,CONTADURIA,"ESCUELA NAL. DE ESTUDIOS SUP. OAXACA, OAX.",Escolarizado,https://www.dgae.unam.mx/Licenciatura2026/resultados/3/30411005.html,40,491,404,72,154,248203,32,,No seleccionado,,Consultar
3,Licenciatura 2026,304,30411005,CONTADURIA,"ESCUELA NAL. DE ESTUDIOS SUP. OAXACA, OAX.",Escolarizado,https://www.dgae.unam.mx/Licenciatura2026/resultados/3/30411005.html,40,491,404,72,154,248212,42,,No seleccionado,,Consultar
3,Licenciatura 2026,304,30411005,CONTADURIA,"ESCUELA NAL. DE ESTUDIOS SUP. OAXACA, OAX.",Escolarizado,https://www.dgae.unam.mx/Licenciatura2026/resultados/3/30411005.html,40,491,404,72,154,248248,,C,Cancelado,,Consultar
3,Licenciatura 2026,304,30411005,CONTADURIA,"ESCUELA NAL. DE ESTUDIOS SUP. OAXACA, OAX.",Escolarizado,https://www.dgae.unam.mx/Licenciatura2026/resultados/3/30411005.html,40,491,404,72,154,248250,48,,No seleccionado,,Consultar
3,Licenciatura 2026,304,30411005,CONTADURIA,"ESCUELA NAL. DE ESTUDIOS SUP. OAXACA, OAX.",Escolarizado,https://www.dgae.unam.mx/Licenciatura2026/resultados/3/30411005.html,40,491,404,72,154,248290,58,,No seleccionado,,Consultar
3,Licenciatura 2026,304,30411005,CONTADURIA,"ESCUELA NAL. DE ESTUDIOS SUP. OAXACA, OAX.",Escolarizado,https://www.dgae.unam.mx/Licenciatura2026/resultados/3/30411005.html,40,491,404,72,154,248297,38,,No seleccionado,,Consultar
3,Licenciatura 2026,304,30411005,CONTADURIA,"ESCUELA NAL. DE ESTUDIOS SUP. OAXACA, OAX.",Escolarizado,https://www.dgae.unam.mx/Licenciatura2026/resultados/3/30411005.html,40,491,404,72,154,248307,102,S,Seleccionado,Cita para entregar documentación.,Consultar
3,Licenciatura 2026,304,30411005,CONTADURIA,"ESCUELA NAL. DE ESTUDIOS SUP. OAXACA, OAX.",Escolarizado,https://www.dgae.unam.mx/Licenciatura2026/resultados/3/30411005.html,40,491,404,72,154,248339,83,S,Seleccionado,Cita para entregar documentación.,Consultar
3,Licenciatura 2026,304,30411005,CONTADURIA,"ESCUELA NAL. DE ESTUDIOS SUP. OAXACA, OAX.",Escolarizado,https://www.dgae.unam.mx/Licenciatura2026/resultados/3/30411005.html,40,491,404,72,154,248357,41,,No seleccionado,,Consultar
3,Licenciatura 2026,304,30411005,CONTADURIA,"ESCUELA NAL. DE ESTUDIOS SUP. OAXACA, OAX.",Escolarizado,https://www.dgae.unam.mx/Licenciatura2026/resultados/3/30411005.html,40,491,404,72,154,248365,71,,No seleccionado,,Consultar
3,Licenciatura 2026,304,30411005,CONTADURIA,"ESCUELA NAL. DE ESTUDIOS SUP. OAXACA, OAX.",Escolarizado,https://www.dgae.unam.mx/Licenciatura2026/resultados/3/30411005.html,40,491,404,72,154,248382,91,S,Seleccionado,Cita para entregar documentación.,Consultar
3,Licenciatura 2026,304,30411005,CONTADURIA,"ESCUELA NAL. DE ESTUDIOS SUP. OAXACA, OAX.",Escolarizado,https://www.dgae.unam.mx/Licenciatura2026/resultados/3/30411005.html,40,491,404,72,154,248434,28,,No seleccionado,,Consultar
3,Licenciatura 2026,304,30411005,CONTADURIA,"ESCUELA NAL. DE ESTUDIOS SUP. OAXACA, OAX.",Escolarizado,https://www.dgae.unam.mx/Licenciatura2026/resultados/3/30411005.html,40,491,404,72,154,248449,96,S,Seleccionado,Cita para entregar documentación.,Consultar
3,Licenciatura 2026,304,30411005,CONTADURIA,"ESCUELA NAL. DE ESTUDIOS SUP. OAXACA, OAX.",Escolarizado,https://www.dgae.unam.mx/Licenciatura2026/resultados/3/30411005.html,40,491,404,72,154,248453,,N,No presentado,,Consultar
3,Licenciatura 2026,304,30411005,CONTADURIA,"ESCUELA NAL. DE ESTUDIOS SUP. OAXACA, OAX.",Escolarizado,https://www.dgae.unam.mx/Licenciatura2026/resultados/3/30411005.html,40,491,404,72,154,248537,60,,No seleccionado,,Consultar
3,Licenciatura 2026,304,30411005,CONTADURIA,"ESCUELA NAL. DE ESTUDIOS SUP. OAXACA, OAX.",Escolarizado,https://www.dgae.unam.mx/Licenciatura2026/resultados/3/30411005.html,40,491,404,72,154,248580,28,,No seleccionado,,Consultar
3,Licenciatura 2026,304,30411005,CONTADURIA,"ESCUELA NAL. DE ESTUDIOS SUP. OAXACA, OAX.",Escolarizado,https://www.dgae.unam.mx/Licenciatura2026/resultados/3/30411005.html,40,491,404,72,154,248582,94,S,Seleccionado,Cita para entregar documentación.,Consultar
3,Licenciatura 2026,304,30411005,CONTADURIA,"ESCUELA NAL. DE ESTUDIOS SUP. OAXACA, OAX.",Escolarizado,https://www.dgae.unam.mx/Licenciatura2026/resultados/3/30411005.html,40,491,404,72,154,248589,88,S,Seleccionado,Cita para entregar documentación.,Consultar
3,Licenciatura 2026,304,30411005,CONTADURIA,"ESCUELA NAL. DE ESTUDIOS SUP. OAXACA, OAX.",Escolarizado,https://www.dgae.unam.mx/Licenciatura2026/resultados/3/30411005.html,40,491,404,72,154,248604,97,S,Seleccionado,Cita para entregar documentación.,Consultar
3,Licenciatura 2026,304,30411005,CONTADURIA,"ESCUELA NAL. DE ESTUDIOS SUP. OAXACA, OAX.",Escolarizado,https://www.dgae.unam.mx/Licenciatura2026/resultados/3/30411005.html,40,491,404,72,154,248613,48,,No seleccionado,,Consultar
3,Licenciatura 2026,304,30411005,CONTADURIA,"ESCUELA NAL. DE ESTUDIOS SUP. OAXACA, OAX.",Escolarizado,https://www.dgae.unam.mx/Licenciatura2026/resultados/3/30411005.html,40,491,404,72,154,248628,,N,No presentado,,Consultar
3,Licenciatura 2026,304,30411005,CONTADURIA,"ESCUELA NAL. DE ESTUDIOS SUP. OAXACA, OAX.",Escolarizado,https://www.dgae.unam.mx/Licenciatura2026/resultados/3/30411005.html,40,491,404,72,154,248632,60,,No seleccionado,,Consultar
3,Licenciatura 2026,304,30411005,CONTADURIA,"ESCUELA NAL. DE ESTUDIOS SUP. OAXACA, OAX.",Escolarizado,https://www.dgae.unam.mx/Licenciatura2026/resultados/3/30411005.html,40,491,404,72,154,248707,,C,Cancelado,,Consultar
3,Licenciatura 2026,304,30411005,CONTADURIA,"ESCUELA NAL. DE ESTUDIOS SUP. OAXACA, OAX.",Escolarizado,https://www.dgae.unam.mx/Licenciatura2026/resultados/3/30411005.html,40,491,404,72,154,248708,72,S,Seleccionado,Cita para entregar documentación.,Consultar
3,Licenciatura 2026,304,30411005,CONTADURIA,"ESCUELA NAL. DE ESTUDIOS SUP. OAXACA, OAX.",Escolarizado,https://www.dgae.unam.mx/Licenciatura2026/resultados/3/30411005.html,40,491,404,72,154,248710,58,,No seleccionado,,Consultar
3,Licenciatura 2026,304,30411005,CONTADURIA,"ESCUELA NAL. DE ESTUDIOS SUP. OAXACA, OAX.",Escolarizado,https://www.dgae.unam.mx/Licenciatura2026/resultados/3/30411005.html,40,491,404,72,154,248740,92,S,Seleccionado,Cita para entregar documentación.,Consultar
3,Licenciatura 2026,304,30411005,CONTADURIA,"ESCUELA NAL. DE ESTUDIOS SUP. OAXACA, OAX.",Escolarizado,https://www.dgae.unam.mx/Licenciatura2026/resultados/3/30411005.html,40,491,404,72,154,248866,52,,No seleccionado,,Consultar
3,Licenciatura 2026,304,30411005,CONTADURIA,"ESCUELA NAL. DE ESTUDIOS SUP. OAXACA, OAX.",Escolarizado,https://www.dgae.unam.mx/Licenciatura2026/resultados/3/30411005.html,40,491,404,72,154,248875,,N,No presentado,,Consultar
3,Licenciatura 2026,304,30411005,CONTADURIA,"ESCUELA NAL. DE ESTUDIOS SUP. OAXACA, OAX.",Escolarizado,https://www.dgae.unam.mx/Licenciatura2026/resultados/3/30411005.html,40,491,404,72,154,248906,,N,No presentado,,Consultar
3,Licenciatura 2026,304,30411005,CONTADURIA,"ESCUELA NAL. DE ESTUDIOS SUP. OAXACA, OAX.",Escolarizado,https://www.dgae.unam.mx/Licenciatura2026/resultados/3/30411005.html,40,491,404,72,154,248917,49,,No seleccionado,,Consultar
3,Licenciatura 2026,304,30411005,CONTADURIA,"ESCUELA NAL. DE ESTUDIOS SUP. OAXACA, OAX.",Escolarizado,https://www.dgae.unam.mx/Licenciatura2026/resultados/3/30411005.html,40,491,404,72,154,248953,,N,No presentado,,Consultar
3,Licenciatura 2026,304,30411005,CONTADURIA,"ESCUELA NAL. DE ESTUDIOS SUP. OAXACA, OAX.",Escolarizado,https://www.dgae.unam.mx/Licenciatura2026/resultados/3/30411005.html,40,491,404,72,154,248972,58,,No seleccionado,,Consultar
3,Licenciatura 2026,304,30411005,CONTADURIA,"ESCUELA NAL. DE ESTUDIOS SUP. OAXACA, OAX.",Escolarizado,https://www.dgae.unam.mx/Licenciatura2026/resultados/3/30411005.html,40,491,404,72,154,249012,63,,No seleccionado,,Consultar
3,Licenciatura 2026,304,30411005,CONTADURIA,"ESCUELA NAL. DE ESTUDIOS SUP. OAXACA, OAX.",Escolarizado,https://www.dgae.unam.mx/Licenciatura2026/resultados/3/30411005.html,40,491,404,72,154,249068,67,,No seleccionado,,Consultar
3,Licenciatura 2026,304,30411005,CONTADURIA,"ESCUELA NAL. DE ESTUDIOS SUP. OAXACA, OAX.",Escolarizado,https://www.dgae.unam.mx/Licenciatura2026/resultados/3/30411005.html,40,491,404,72,154,249096,75,S,Seleccionado,Cita para entregar documentación.,Consultar
3,Licenciatura 2026,304,30411005,CONTADURIA,"ESCUELA NAL. DE ESTUDIOS SUP. OAXACA, OAX.",Escolarizado,https://www.dgae.unam.mx/Licenciatura2026/resultados/3/30411005.html,40,491,404,72,154,249101,66,,No seleccionado,,Consultar
3,Licenciatura 2026,304,30411005,CONTADURIA,"ESCUELA NAL. DE ESTUDIOS SUP. OAXACA, OAX.",Escolarizado,https://www.dgae.unam.mx/Licenciatura2026/resultados/3/30411005.html,40,491,404,72,154,249138,70,,No seleccionado,,Consultar
3,Licenciatura 2026,304,30411005,CONTADURIA,"ESCUELA NAL. DE ESTUDIOS SUP. OAXACA, OAX.",Escolarizado,https://www.dgae.unam.mx/Licenciatura2026/resultados/3/30411005.html,40,491,404,72,154,249146,,N,No presentado,,Consultar
3,Licenciatura 2026,304,30411005,CONTADURIA,"ESCUELA NAL. DE ESTUDIOS SUP. OAXACA, OAX.",Escolarizado,https://www.dgae.unam.mx/Licenciatura2026/resultados/3/30411005.html,40,491,404,72,154,249161,,N,No presentado,,Consultar
3,Licenciatura 2026,304,30411005,CONTADURIA,"ESCUELA NAL. DE ESTUDIOS SUP. OAXACA, OAX.",Escolarizado,https://www.dgae.unam.mx/Licenciatura2026/resultados/3/30411005.html,40,491,404,72,154,249181,72,S,Seleccionado,Cita para entregar documentación.,Consultar
3,Licenciatura 2026,304,30411005,CONTADURIA,"ESCUELA NAL. DE ESTUDIOS SUP. OAXACA, OAX.",Escolarizado,https://www.dgae.unam.mx/Licenciatura2026/resultados/3/30411005.html,40,491,404,72,154,249299,,N,No presentado,,Consultar
3,Licenciatura 2026,304,30411005,CONTADURIA,"ESCUELA NAL. DE ESTUDIOS SUP. OAXACA, OAX.",Escolarizado,https://www.dgae.unam.mx/Licenciatura2026/resultados/3/30411005.html,40,491,404,72,154,249300,,N,No presentado,,Consultar
3,Licenciatura 2026,304,30411005,CONTADURIA,"ESCUELA NAL. DE ESTUDIOS SUP. OAXACA, OAX.",Escolarizado,https://www.dgae.unam.mx/Licenciatura2026/resultados/3/30411005.html,40,491,404,72,154,249314,,N,No presentado,,Consultar
3,Licenciatura 2026,304,30411005,CONTADURIA,"ESCUELA NAL. DE ESTUDIOS SUP. OAXACA, OAX.",Escolarizado,https://www.dgae.unam.mx/Licenciatura2026/resultados/3/30411005.html,40,491,404,72,154,249318,91,S,Seleccionado,Cita para entregar documentación.,Consultar
3,Licenciatura 2026,304,30411005,CONTADURIA,"ESCUELA NAL. DE ESTUDIOS SUP. OAXACA, OAX.",Escolarizado,https://www.dgae.unam.mx/Licenciatura2026/resultados/3/30411005.html,40,491,404,72,154,249342,53,,No seleccionado,,Consultar
3,Licenciatura 2026,304,30411005,CONTADURIA,"ESCUELA NAL. DE ESTUDIOS SUP. OAXACA, OAX.",Escolarizado,https://www.dgae.unam.mx/Licenciatura2026/resultados/3/30411005.html,40,491,404,72,154,249379,93,S,Seleccionado,Cita para entregar documentación.,Consultar
3,Licenciatura 2026,304,30411005,CONTADURIA,"ESCUELA NAL. DE ESTUDIOS SUP. OAXACA, OAX.",Escolarizado,https://www.dgae.unam.mx/Licenciatura2026/resultados/3/30411005.html,40,491,404,72,154,249407,76,S,Seleccionado,Cita para entregar documentación.,Consultar
3,Licenciatura 2026,304,30411005,CONTADURIA,"ESCUELA NAL. DE ESTUDIOS SUP. OAXACA, OAX.",Escolarizado,https://www.dgae.unam.mx/Licenciatura2026/resultados/3/30411005.html,40,491,404,72,154,249420,47,,No seleccionado,,Consultar
3,Licenciatura 2026,304,30411005,CONTADURIA,"ESCUELA NAL. DE ESTUDIOS SUP. OAXACA, OAX.",Escolarizado,https://www.dgae.unam.mx/Licenciatura2026/resultados/3/30411005.html,40,491,404,72,154,249423,,N,No presentado,,Consultar
3,Licenciatura 2026,304,30411005,CONTADURIA,"ESCUELA NAL. DE ESTUDIOS SUP. OAXACA, OAX.",Escolarizado,https://www.dgae.unam.mx/Licenciatura2026/resultados/3/30411005.html,40,491,404,72,154,249430,47,,No seleccionado,,Consultar
3,Licenciatura 2026,304,30411005,CONTADURIA,"ESCUELA NAL. DE ESTUDIOS SUP. OAXACA, OAX.",Escolarizado,https://www.dgae.unam.mx/Licenciatura2026/resultados/3/30411005.html,40,491,404,72,154,249432,76,S,Seleccionado,Cita para entregar documentación.,Consultar
3,Licenciatura 2026,304,30411005,CONTADURIA,"ESCUELA NAL. DE ESTUDIOS SUP. OAXACA, OAX.",Escolarizado,https://www.dgae.unam.mx/Licenciatura2026/resultados/3/30411005.html,40,491,404,72,154,249441,41,,No seleccionado,,Consultar
3,Licenciatura 2026,304,30411005,CONTADURIA,"ESCUELA NAL. DE ESTUDIOS SUP. OAXACA, OAX.",Escolarizado,https://www.dgae.unam.mx/Licenciatura2026/resultados/3/30411005.html,40,491,404,72,154,249453,33,,No seleccionado,,Consultar
3,Licenciatura 2026,304,30411005,CONTADURIA,"ESCUELA NAL. DE ESTUDIOS SUP. OAXACA, OAX.",Escolarizado,https://www.dgae.unam.mx/Licenciatura2026/resultados/3/30411005.html,40,491,404,72,154,249466,74,S,Seleccionado,Cita para entregar documentación.,Consultar
3,Licenciatura 2026,304,30411005,CONTADURIA,"ESCUELA NAL. DE ESTUDIOS SUP. OAXACA, OAX.",Escolarizado,https://www.dgae.unam.mx/Licenciatura2026/resultados/3/30411005.html,40,491,404,72,154,249487,72,S,Seleccionado,Cita para entregar documentación.,Consultar
3,Licenciatura 2026,304,30411005,CONTADURIA,"ESCUELA NAL. DE ESTUDIOS SUP. OAXACA, OAX.",Escolarizado,https://www.dgae.unam.mx/Licenciatura2026/resultados/3/30411005.html,40,491,404,72,154,249497,50,,No seleccionado,,Consultar
3,Licenciatura 2026,304,30411005,CONTADURIA,"ESCUELA NAL. DE ESTUDIOS SUP. OAXACA, OAX.",Escolarizado,https://www.dgae.unam.mx/Licenciatura2026/resultados/3/30411005.html,40,491,404,72,154,249548,39,,No seleccionado,,Consultar
3,Licenciatura 2026,304,30411005,CONTADURIA,"ESCUELA NAL. DE ESTUDIOS SUP. OAXACA, OAX.",Escolarizado,https://www.dgae.unam.mx/Licenciatura2026/resultados/3/30411005.html,40,491,404,72,154,249558,34,,No seleccionado,,Consultar
3,Licenciatura 2026,304,30411005,CONTADURIA,"ESCUELA NAL. DE ESTUDIOS SUP. OAXACA, OAX.",Escolarizado,https://www.dgae.unam.mx/Licenciatura2026/resultados/3/30411005.html,40,491,404,72,154,249563,96,S,Seleccionado,Cita para entregar documentación.,Consultar
3,Licenciatura 2026,304,30411005,CONTADURIA,"ESCUELA NAL. DE ESTUDIOS SUP. OAXACA, OAX.",Escolarizado,https://www.dgae.unam.mx/Licenciatura2026/resultados/3/30411005.html,40,491,404,72,154,249576,72,S,Seleccionado,Cita para entregar documentación.,Consultar
3,Licenciatura 2026,304,30411005,CONTADURIA,"ESCUELA NAL. DE ESTUDIOS SUP. OAXACA, OAX.",Escolarizado,https://www.dgae.unam.mx/Licenciatura2026/resultados/3/30411005.html,40,491,404,72,154,249586,46,,No seleccionado,,Consultar
3,Licenciatura 2026,304,30411005,CONTADURIA,"ESCUELA NAL. DE ESTUDIOS SUP. OAXACA, OAX.",Escolarizado,https://www.dgae.unam.mx/Licenciatura2026/resultados/3/30411005.html,40,491,404,72,154,249631,,N,No presentado,,Consultar
3,Licenciatura 2026,304,30411005,CONTADURIA,"ESCUELA NAL. DE ESTUDIOS SUP. OAXACA, OAX.",Escolarizado,https://www.dgae.unam.mx/Licenciatura2026/resultados/3/30411005.html,40,491,404,72,154,249636,,N,No presentado,,Consultar
3,Licenciatura 2026,304,30411005,CONTADURIA,"ESCUELA NAL. DE ESTUDIOS SUP. OAXACA, OAX.",Escolarizado,https://www.dgae.unam.mx/Licenciatura2026/resultados/3/30411005.html,40,491,404,72,154,249647,,C,Cancelado,,Consultar
3,Licenciatura 2026,304,30411005,CONTADURIA,"ESCUELA NAL. DE ESTUDIOS SUP. OAXACA, OAX.",Escolarizado,https://www.dgae.unam.mx/Licenciatura2026/resultados/3/30411005.html,40,491,404,72,154,249743,,N,No presentado,,Consultar
3,Licenciatura 2026,304,30411005,CONTADURIA,"ESCUELA NAL. DE ESTUDIOS SUP. OAXACA, OAX.",Escolarizado,https://www.dgae.unam.mx/Licenciatura2026/resultados/3/30411005.html,40,491,404,72,154,249765,,N,No presentado,,Consultar
3,Licenciatura 2026,304,30411005,CONTADURIA,"ESCUELA NAL. DE ESTUDIOS SUP. OAXACA, OAX.",Escolarizado,https://www.dgae.unam.mx/Licenciatura2026/resultados/3/30411005.html,40,491,404,72,154,249832,46,,No seleccionado,,Consultar
3,Licenciatura 2026,304,30411005,CONTADURIA,"ESCUELA NAL. DE ESTUDIOS SUP. OAXACA, OAX.",Escolarizado,https://www.dgae.unam.mx/Licenciatura2026/resultados/3/30411005.html,40,491,404,72,154,249877,115,S,Seleccionado,Cita para entregar documentación.,Consultar
3,Licenciatura 2026,304,30411005,CONTADURIA,"ESCUELA NAL. DE ESTUDIOS SUP. OAXACA, OAX.",Escolarizado,https://www.dgae.unam.mx/Licenciatura2026/resultados/3/30411005.html,40,491,404,72,154,249889,14,,No seleccionado,,Consultar
3,Licenciatura 2026,304,30411005,CONTADURIA,"ESCUELA NAL. DE ESTUDIOS SUP. OAXACA, OAX.",Escolarizado,https://www.dgae.unam.mx/Licenciatura2026/resultados/3/30411005.html,40,491,404,72,154,249900,39,,No seleccionado,,Consultar
3,Licenciatura 2026,304,30411005,CONTADURIA,"ESCUELA NAL. DE ESTUDIOS SUP. OAXACA, OAX.",Escolarizado,https://www.dgae.unam.mx/Licenciatura2026/resultados/3/30411005.html,40,491,404,72,154,249923,113,S,Seleccionado,Cita para entregar documentación.,Consultar
3,Licenciatura 2026,304,30411005,CONTADURIA,"ESCUELA NAL. DE ESTUDIOS SUP. OAXACA, OAX.",Escolarizado,https://www.dgae.unam.mx/Licenciatura2026/resultados/3/30411005.html,40,491,404,72,154,249926,62,,No seleccionado,,Consultar
3,Licenciatura 2026,304,30411005,CONTADURIA,"ESCUELA NAL. DE ESTUDIOS SUP. OAXACA, OAX.",Escolarizado,https://www.dgae.unam.mx/Licenciatura2026/resultados/3/30411005.html,40,491,404,72,154,249972,55,,No seleccionado,,Consultar
3,Licenciatura 2026,304,30411005,CONTADURIA,"ESCUELA NAL. DE ESTUDIOS SUP. OAXACA, OAX.",Escolarizado,https://www.dgae.unam.mx/Licenciatura2026/resultados/3/30411005.html,40,491,404,72,154,249980,83,S,Seleccionado,Cita para entregar documentación.,Consultar
3,Licenciatura 2026,304,30411005,CONTADURIA,"ESCUELA NAL. DE ESTUDIOS SUP. OAXACA, OAX.",Escolarizado,https://www.dgae.unam.mx/Licenciatura2026/resultados/3/30411005.html,40,491,404,72,154,250015,67,,No seleccionado,,Consultar
3,Licenciatura 2026,304,30411005,CONTADURIA,"ESCUELA NAL. DE ESTUDIOS SUP. OAXACA, OAX.",Escolarizado,https://www.dgae.unam.mx/Licenciatura2026/resultados/3/30411005.html,40,491,404,72,154,250016,54,,No seleccionado,,Consultar
3,Licenciatura 2026,304,30411005,CONTADURIA,"ESCUELA NAL. DE ESTUDIOS SUP. OAXACA, OAX.",Escolarizado,https://www.dgae.unam.mx/Licenciatura2026/resultados/3/30411005.html,40,491,404,72,154,250018,,N,No presentado,,Consultar
3,Licenciatura 2026,304,30411005,CONTADURIA,"ESCUELA NAL. DE ESTUDIOS SUP. OAXACA, OAX.",Escolarizado,https://www.dgae.unam.mx/Licenciatura2026/resultados/3/30411005.html,40,491,404,72,154,250035,98,S,Seleccionado,Cita para entregar documentación.,Consultar
3,Licenciatura 2026,304,30411005,CONTADURIA,"ESCUELA NAL. DE ESTUDIOS SUP. OAXACA, OAX.",Escolarizado,https://www.dgae.unam.mx/Licenciatura2026/resultados/3/30411005.html,40,491,404,72,154,250044,39,,No seleccionado,,Consultar
3,Licenciatura 2026,304,30411005,CONTADURIA,"ESCUELA NAL. DE ESTUDIOS SUP. OAXACA, OAX.",Escolarizado,https://www.dgae.unam.mx/Licenciatura2026/resultados/3/30411005.html,40,491,404,72,154,250062,27,,No seleccionado,,Consultar
3,Licenciatura 2026,304,30411005,CONTADURIA,"ESCUELA NAL. DE ESTUDIOS SUP. OAXACA, OAX.",Escolarizado,https://www.dgae.unam.mx/Licenciatura2026/resultados/3/30411005.html,40,491,404,72,154,250077,40,,No seleccionado,,Consultar
3,Licenciatura 2026,304,30411005,CONTADURIA,"ESCUELA NAL. DE ESTUDIOS SUP. OAXACA, OAX.",Escolarizado,https://www.dgae.unam.mx/Licenciatura2026/resultados/3/30411005.html,40,491,404,72,154,250087,98,S,Seleccionado,Cita para entregar documentación.,Consultar
3,Licenciatura 2026,304,30411005,CONTADURIA,"ESCUELA NAL. DE ESTUDIOS SUP. OAXACA, OAX.",Escolarizado,https://www.dgae.unam.mx/Licenciatura2026/resultados/3/30411005.html,40,491,404,72,154,250103,55,,No seleccionado,,Consultar
3,Licenciatura 2026,304,30411005,CONTADURIA,"ESCUELA NAL. DE ESTUDIOS SUP. OAXACA, OAX.",Escolarizado,https://www.dgae.unam.mx/Licenciatura2026/resultados/3/30411005.html,40,491,404,72,154,250137,41,,No seleccionado,,Consultar
3,Licenciatura 2026,304,30411005,CONTADURIA,"ESCUELA NAL. DE ESTUDIOS SUP. OAXACA, OAX.",Escolarizado,https://www.dgae.unam.mx/Licenciatura2026/resultados/3/30411005.html,40,491,404,72,154,250147,40,,No seleccionado,,Consultar
3,Licenciatura 2026,304,30411005,CONTADURIA,"ESCUELA NAL. DE ESTUDIOS SUP. OAXACA, OAX.",Escolarizado,https://www.dgae.unam.mx/Licenciatura2026/resultados/3/30411005.html,40,491,404,72,154,250164,100,S,Seleccionado,Cita para entregar documentación.,Consultar
3,Licenciatura 2026,304,30411005,CONTADURIA,"ESCUELA NAL. DE ESTUDIOS SUP. OAXACA, OAX.",Escolarizado,https://www.dgae.unam.mx/Licenciatura2026/resultados/3/30411005.html,40,491,404,72,154,250168,95,S,Seleccionado,Cita para entregar documentación.,Consultar
3,Licenciatura 2026,304,30411005,CONTADURIA,"ESCUELA NAL. DE ESTUDIOS SUP. OAXACA, OAX.",Escolarizado,https://www.dgae.unam.mx/Licenciatura2026/resultados/3/30411005.html,40,491,404,72,154,250169,42,,No seleccionado,,Consultar
3,Licenciatura 2026,304,30411005,CONTADURIA,"ESCUELA NAL. DE ESTUDIOS SUP. OAXACA, OAX.",Escolarizado,https://www.dgae.unam.mx/Licenciatura2026/resultados/3/30411005.html,40,491,404,72,154,250172,,N,No presentado,,Consultar
3,Licenciatura 2026,304,30411005,CONTADURIA,"ESCUELA NAL. DE ESTUDIOS SUP. OAXACA, OAX.",Escolarizado,https://www.dgae.unam.mx/Licenciatura2026/resultados/3/30411005.html,40,491,404,72,154,250202,58,,No seleccionado,,Consultar
3,Licenciatura 2026,304,30411005,CONTADURIA,"ESCUELA NAL. DE ESTUDIOS SUP. OAXACA, OAX.",Escolarizado,https://www.dgae.unam.mx/Licenciatura2026/resultados/3/30411005.html,40,491,404,72,154,250223,38,,No seleccionado,,Consultar
3,Licenciatura 2026,304,30411005,CONTADURIA,"ESCUELA NAL. DE ESTUDIOS SUP. OAXACA, OAX.",Escolarizado,https://www.dgae.unam.mx/Licenciatura2026/resultados/3/30411005.html,40,491,404,72,154,250270,,N,No presentado,,Consultar
3,Licenciatura 2026,304,30411005,CONTADURIA,"ESCUELA NAL. DE ESTUDIOS SUP. OAXACA, OAX.",Escolarizado,https://www.dgae.unam.mx/Licenciatura2026/resultados/3/30411005.html,40,491,404,72,154,250285,47,,No seleccionado,,Consultar
3,Licenciatura 2026,304,30411005,CONTADURIA,"ESCUELA NAL. DE ESTUDIOS SUP. OAXACA, OAX.",Escolarizado,https://www.dgae.unam.mx/Licenciatura2026/resultados/3/30411005.html,40,491,404,72,154,250297,,N,No presentado,,Consultar
3,Licenciatura 2026,304,30411005,CONTADURIA,"ESCUELA NAL. DE ESTUDIOS SUP. OAXACA, OAX.",Escolarizado,https://www.dgae.unam.mx/Licenciatura2026/resultados/3/30411005.html,40,491,404,72,154,250298,51,,No seleccionado,,Consultar
3,Licenciatura 2026,304,30411005,CONTADURIA,"ESCUELA NAL. DE ESTUDIOS SUP. OAXACA, OAX.",Escolarizado,https://www.dgae.unam.mx/Licenciatura2026/resultados/3/30411005.html,40,491,404,72,154,250302,63,,No seleccionado,,Consultar
3,Licenciatura 2026,304,30411005,CONTADURIA,"ESCUELA NAL. DE ESTUDIOS SUP. OAXACA, OAX.",Escolarizado,https://www.dgae.unam.mx/Licenciatura2026/resultados/3/30411005.html,40,491,404,72,154,250339,,N,No presentado,,Consultar
3,Licenciatura 2026,304,30411005,CONTADURIA,"ESCUELA NAL. DE ESTUDIOS SUP. OAXACA, OAX.",Escolarizado,https://www.dgae.unam.mx/Licenciatura2026/resultados/3/30411005.html,40,491,404,72,154,250345,58,,No seleccionado,,Consultar
3,Licenciatura 2026,304,30411005,CONTADURIA,"ESCUELA NAL. DE ESTUDIOS SUP. OAXACA, OAX.",Escolarizado,https://www.dgae.unam.mx/Licenciatura2026/resultados/3/30411005.html,40,491,404,72,154,250348,102,S,Seleccionado,Cita para entregar documentación.,Consultar
3,Licenciatura 2026,304,30411005,CONTADURIA,"ESCUELA NAL. DE ESTUDIOS SUP. OAXACA, OAX.",Escolarizado,https://www.dgae.unam.mx/Licenciatura2026/resultados/3/30411005.html,40,491,404,72,154,250349,43,,No seleccionado,,Consultar
3,Licenciatura 2026,304,30411005,CONTADURIA,"ESCUELA NAL. DE ESTUDIOS SUP. OAXACA, OAX.",Escolarizado,https://www.dgae.unam.mx/Licenciatura2026/resultados/3/30411005.html,40,491,404,72,154,250360,86,S,Seleccionado,Cita para entregar documentación.,Consultar
3,Licenciatura 2026,304,30411005,CONTADURIA,"ESCUELA NAL. DE ESTUDIOS SUP. OAXACA, OAX.",Escolarizado,https://www.dgae.unam.mx/Licenciatura2026/resultados/3/30411005.html,40,491,404,72,154,250402,47,,No seleccionado,,Consultar
3,Licenciatura 2026,304,30411005,CONTADURIA,"ESCUELA NAL. DE ESTUDIOS SUP. OAXACA, OAX.",Escolarizado,https://www.dgae.unam.mx/Licenciatura2026/resultados/3/30411005.html,40,491,404,72,154,250427,107,S,Seleccionado,Cita para entregar documentación.,Consultar
3,Licenciatura 2026,304,30411005,CONTADURIA,"ESCUELA NAL. DE ESTUDIOS SUP. OAXACA, OAX.",Escolarizado,https://www.dgae.unam.mx/Licenciatura2026/resultados/3/30411005.html,40,491,404,72,154,250437,86,S,Seleccionado,Cita para entregar documentación.,Consultar
3,Licenciatura 2026,304,30411005,CONTADURIA,"ESCUELA NAL. DE ESTUDIOS SUP. OAXACA, OAX.",Escolarizado,https://www.dgae.unam.mx/Licenciatura2026/resultados/3/30411005.html,40,491,404,72,154,250534,41,,No seleccionado,,Consultar
3,Licenciatura 2026,304,30411005,CONTADURIA,"ESCUELA NAL. DE ESTUDIOS SUP. OAXACA, OAX.",Escolarizado,https://www.dgae.unam.mx/Licenciatura2026/resultados/3/30411005.html,40,491,404,72,154,250541,80,S,Seleccionado,Cita para entregar documentación.,Consultar
3,Licenciatura 2026,304,30411005,CONTADURIA,"ESCUELA NAL. DE ESTUDIOS SUP. OAXACA, OAX.",Escolarizado,https://www.dgae.unam.mx/Licenciatura2026/resultados/3/30411005.html,40,491,404,72,154,250556,,C,Cancelado,,Consultar
3,Licenciatura 2026,304,30411005,CONTADURIA,"ESCUELA NAL. DE ESTUDIOS SUP. OAXACA, OAX.",Escolarizado,https://www.dgae.unam.mx/Licenciatura2026/resultados/3/30411005.html,40,491,404,72,154,250569,93,S,Seleccionado,Cita para entregar documentación.,Consultar
3,Licenciatura 2026,304,30411005,CONTADURIA,"ESCUELA NAL. DE ESTUDIOS SUP. OAXACA, OAX.",Escolarizado,https://www.dgae.unam.mx/Licenciatura2026/resultados/3/30411005.html,40,491,404,72,154,250624,,N,No presentado,,Consultar
3,Licenciatura 2026,304,30411005,CONTADURIA,"ESCUELA NAL. DE ESTUDIOS SUP. OAXACA, OAX.",Escolarizado,https://www.dgae.unam.mx/Licenciatura2026/resultados/3/30411005.html,40,491,404,72,154,250627,97,S,Seleccionado,Cita para entregar documentación.,Consultar
3,Licenciatura 2026,304,30411005,CONTADURIA,"ESCUELA NAL. DE ESTUDIOS SUP. OAXACA, OAX.",Escolarizado,https://www.dgae.unam.mx/Licenciatura2026/resultados/3/30411005.html,40,491,404,72,154,250633,56,,No seleccionado,,Consultar
3,Licenciatura 2026,304,30411005,CONTADURIA,"ESCUELA NAL. DE ESTUDIOS SUP. OAXACA, OAX.",Escolarizado,https://www.dgae.unam.mx/Licenciatura2026/resultados/3/30411005.html,40,491,404,72,154,250654,35,,No seleccionado,,Consultar
3,Licenciatura 2026,304,30411005,CONTADURIA,"ESCUELA NAL. DE ESTUDIOS SUP. OAXACA, OAX.",Escolarizado,https://www.dgae.unam.mx/Licenciatura2026/resultados/3/30411005.html,40,491,404,72,154,250662,40,,No seleccionado,,Consultar
3,Licenciatura 2026,304,30411005,CONTADURIA,"ESCUELA NAL. DE ESTUDIOS SUP. OAXACA, OAX.",Escolarizado,https://www.dgae.unam.mx/Licenciatura2026/resultados/3/30411005.html,40,491,404,72,154,250702,53,,No seleccionado,,Consultar
3,Licenciatura 2026,304,30411005,CONTADURIA,"ESCUELA NAL. DE ESTUDIOS SUP. OAXACA, OAX.",Escolarizado,https://www.dgae.unam.mx/Licenciatura2026/resultados/3/30411005.html,40,491,404,72,154,250710,78,S,Seleccionado,Cita para entregar documentación.,Consultar
3,Licenciatura 2026,304,30411005,CONTADURIA,"ESCUELA NAL. DE ESTUDIOS SUP. OAXACA, OAX.",Escolarizado,https://www.dgae.unam.mx/Licenciatura2026/resultados/3/30411005.html,40,491,404,72,154,250766,63,,No seleccionado,,Consultar
3,Licenciatura 2026,304,30411005,CONTADURIA,"ESCUELA NAL. DE ESTUDIOS SUP. OAXACA, OAX.",Escolarizado,https://www.dgae.unam.mx/Licenciatura2026/resultados/3/30411005.html,40,491,404,72,154,250810,32,,No seleccionado,,Consultar
3,Licenciatura 2026,304,30411005,CONTADURIA,"ESCUELA NAL. DE ESTUDIOS SUP. OAXACA, OAX.",Escolarizado,https://www.dgae.unam.mx/Licenciatura2026/resultados/3/30411005.html,40,491,404,72,154,250842,62,,No seleccionado,,Consultar
3,Licenciatura 2026,304,30411005,CONTADURIA,"ESCUELA NAL. DE ESTUDIOS SUP. OAXACA, OAX.",Escolarizado,https://www.dgae.unam.mx/Licenciatura2026/resultados/3/30411005.html,40,491,404,72,154,250850,40,,No seleccionado,,Consultar
3,Licenciatura 2026,304,30411005,CONTADURIA,"ESCUELA NAL. DE ESTUDIOS SUP. OAXACA, OAX.",Escolarizado,https://www.dgae.unam.mx/Licenciatura2026/resultados/3/30411005.html,40,491,404,72,154,250854,74,S,Seleccionado,Cita para entregar documentación.,Consultar
3,Licenciatura 2026,304,30411005,CONTADURIA,"ESCUELA NAL. DE ESTUDIOS SUP. OAXACA, OAX.",Escolarizado,https://www.dgae.unam.mx/Licenciatura2026/resultados/3/30411005.html,40,491,404,72,154,250862,76,S,Seleccionado,Cita para entregar documentación.,Consultar
3,Licenciatura 2026,304,30411005,CONTADURIA,"ESCUELA NAL. DE ESTUDIOS SUP. OAXACA, OAX.",Escolarizado,https://www.dgae.unam.mx/Licenciatura2026/resultados/3/30411005.html,40,491,404,72,154,250881,63,,No seleccionado,,Consultar
3,Licenciatura 2026,304,30411005,CONTADURIA,"ESCUELA NAL. DE ESTUDIOS SUP. OAXACA, OAX.",Escolarizado,https://www.dgae.unam.mx/Licenciatura2026/resultados/3/30411005.html,40,491,404,72,154,250883,,N,No presentado,,Consultar
3,Licenciatura 2026,304,30411005,CONTADURIA,"ESCUELA NAL. DE ESTUDIOS SUP. OAXACA, OAX.",Escolarizado,https://www.dgae.unam.mx/Licenciatura2026/resultados/3/30411005.html,40,491,404,72,154,250898,70,,No seleccionado,,Consultar
3,Licenciatura 2026,304,30411005,CONTADURIA,"ESCUELA NAL. DE ESTUDIOS SUP. OAXACA, OAX.",Escolarizado,https://www.dgae.unam.mx/Licenciatura2026/resultados/3/30411005.html,40,491,404,72,154,250900,,N,No presentado,,Consultar
3,Licenciatura 2026,304,30411005,CONTADURIA,"ESCUELA NAL. DE ESTUDIOS SUP. OAXACA, OAX.",Escolarizado,https://www.dgae.unam.mx/Licenciatura2026/resultados/3/30411005.html,40,491,404,72,154,250915,31,,No seleccionado,,Consultar
3,Licenciatura 2026,304,30411005,CONTADURIA,"ESCUELA NAL. DE ESTUDIOS SUP. OAXACA, OAX.",Escolarizado,https://www.dgae.unam.mx/Licenciatura2026/resultados/3/30411005.html,40,491,404,72,154,250928,43,,No seleccionado,,Consultar
3,Licenciatura 2026,304,30411005,CONTADURIA,"ESCUELA NAL. DE ESTUDIOS SUP. OAXACA, OAX.",Escolarizado,https://www.dgae.unam.mx/Licenciatura2026/resultados/3/30411005.html,40,491,404,72,154,250930,56,,No seleccionado,,Consultar
3,Licenciatura 2026,304,30411005,CONTADURIA,"ESCUELA NAL. DE ESTUDIOS SUP. OAXACA, OAX.",Escolarizado,https://www.dgae.unam.mx/Licenciatura2026/resultados/3/30411005.html,40,491,404,72,154,250970,41,,No seleccionado,,Consultar
3,Licenciatura 2026,304,30411005,CONTADURIA,"ESCUELA NAL. DE ESTUDIOS SUP. OAXACA, OAX.",Escolarizado,https://www.dgae.unam.mx/Licenciatura2026/resultados/3/30411005.html,40,491,404,72,154,250971,77,S,Seleccionado,Cita para entregar documentación.,Consultar
3,Licenciatura 2026,304,30411005,CONTADURIA,"ESCUELA NAL. DE ESTUDIOS SUP. OAXACA, OAX.",Escolarizado,https://www.dgae.unam.mx/Licenciatura2026/resultados/3/30411005.html,40,491,404,72,154,251005,,N,No presentado,,Consultar
3,Licenciatura 2026,304,30411005,CONTADURIA,"ESCUELA NAL. DE ESTUDIOS SUP. OAXACA, OAX.",Escolarizado,https://www.dgae.unam.mx/Licenciatura2026/resultados/3/30411005.html,40,491,404,72,154,251034,77,S,Seleccionado,Cita para entregar documentación.,Consultar
3,Licenciatura 2026,304,30411005,CONTADURIA,"ESCUELA NAL. DE ESTUDIOS SUP. OAXACA, OAX.",Escolarizado,https://www.dgae.unam.mx/Licenciatura2026/resultados/3/30411005.html,40,491,404,72,154,251044,,N,No presentado,,Consultar
3,Licenciatura 2026,304,30411005,CONTADURIA,"ESCUELA NAL. DE ESTUDIOS SUP. OAXACA, OAX.",Escolarizado,https://www.dgae.unam.mx/Licenciatura2026/resultados/3/30411005.html,40,491,404,72,154,251066,70,,No seleccionado,,Consultar
3,Licenciatura 2026,304,30411005,CONTADURIA,"ESCUELA NAL. DE ESTUDIOS SUP. OAXACA, OAX.",Escolarizado,https://www.dgae.unam.mx/Licenciatura2026/resultados/3/30411005.html,40,491,404,72,154,251090,36,,No seleccionado,,Consultar
3,Licenciatura 2026,304,30411005,CONTADURIA,"ESCUELA NAL. DE ESTUDIOS SUP. OAXACA, OAX.",Escolarizado,https://www.dgae.unam.mx/Licenciatura2026/resultados/3/30411005.html,40,491,404,72,154,251091,41,,No seleccionado,,Consultar
3,Licenciatura 2026,304,30411005,CONTADURIA,"ESCUELA NAL. DE ESTUDIOS SUP. OAXACA, OAX.",Escolarizado,https://www.dgae.unam.mx/Licenciatura2026/resultados/3/30411005.html,40,491,404,72,154,251106,69,,No seleccionado,,Consultar
3,Licenciatura 2026,304,30411005,CONTADURIA,"ESCUELA NAL. DE ESTUDIOS SUP. OAXACA, OAX.",Escolarizado,https://www.dgae.unam.mx/Licenciatura2026/resultados/3/30411005.html,40,491,404,72,154,251172,107,S,Seleccionado,Cita para entregar documentación.,Consultar
3,Licenciatura 2026,304,30411005,CONTADURIA,"ESCUELA NAL. DE ESTUDIOS SUP. OAXACA, OAX.",Escolarizado,https://www.dgae.unam.mx/Licenciatura2026/resultados/3/30411005.html,40,491,404,72,154,251174,82,S,Seleccionado,Cita para entregar documentación.,Consultar
3,Licenciatura 2026,304,30411005,CONTADURIA,"ESCUELA NAL. DE ESTUDIOS SUP. OAXACA, OAX.",Escolarizado,https://www.dgae.unam.mx/Licenciatura2026/resultados/3/30411005.html,40,491,404,72,154,251175,,N,No presentado,,Consultar
3,Licenciatura 2026,304,30411005,CONTADURIA,"ESCUELA NAL. DE ESTUDIOS SUP. OAXACA, OAX.",Escolarizado,https://www.dgae.unam.mx/Licenciatura2026/resultados/3/30411005.html,40,491,404,72,154,251181,,N,No presentado,,Consultar
3,Licenciatura 2026,304,30411005,CONTADURIA,"ESCUELA NAL. DE ESTUDIOS SUP. OAXACA, OAX.",Escolarizado,https://www.dgae.unam.mx/Licenciatura2026/resultados/3/30411005.html,40,491,404,72,154,251218,61,,No seleccionado,,Consultar
3,Licenciatura 2026,304,30411005,CONTADURIA,"ESCUELA NAL. DE ESTUDIOS SUP. OAXACA, OAX.",Escolarizado,https://www.dgae.unam.mx/Licenciatura2026/resultados/3/30411005.html,40,491,404,72,154,251240,,N,No presentado,,Consultar
3,Licenciatura 2026,304,30411005,CONTADURIA,"ESCUELA NAL. DE ESTUDIOS SUP. OAXACA, OAX.",Escolarizado,https://www.dgae.unam.mx/Licenciatura2026/resultados/3/30411005.html,40,491,404,72,154,251242,31,,No seleccionado,,Consultar
3,Licenciatura 2026,304,30411005,CONTADURIA,"ESCUELA NAL. DE ESTUDIOS SUP. OAXACA, OAX.",Escolarizado,https://www.dgae.unam.mx/Licenciatura2026/resultados/3/30411005.html,40,491,404,72,154,251243,99,S,Seleccionado,Cita para entregar documentación.,Consultar
3,Licenciatura 2026,304,30411005,CONTADURIA,"ESCUELA NAL. DE ESTUDIOS SUP. OAXACA, OAX.",Escolarizado,https://www.dgae.unam.mx/Licenciatura2026/resultados/3/30411005.html,40,491,404,72,154,251260,62,,No seleccionado,,Consultar
3,Licenciatura 2026,304,30411005,CONTADURIA,"ESCUELA NAL. DE ESTUDIOS SUP. OAXACA, OAX.",Escolarizado,https://www.dgae.unam.mx/Licenciatura2026/resultados/3/30411005.html,40,491,404,72,154,251281,67,,No seleccionado,,Consultar
3,Licenciatura 2026,304,30411005,CONTADURIA,"ESCUELA NAL. DE ESTUDIOS SUP. OAXACA, OAX.",Escolarizado,https://www.dgae.unam.mx/Licenciatura2026/resultados/3/30411005.html,40,491,404,72,154,251326,45,,No seleccionado,,Consultar
3,Licenciatura 2026,304,30411005,CONTADURIA,"ESCUELA NAL. DE ESTUDIOS SUP. OAXACA, OAX.",Escolarizado,https://www.dgae.unam.mx/Licenciatura2026/resultados/3/30411005.html,40,491,404,72,154,251362,56,,No seleccionado,,Consultar
3,Licenciatura 2026,304,30411005,CONTADURIA,"ESCUELA NAL. DE ESTUDIOS SUP. OAXACA, OAX.",Escolarizado,https://www.dgae.unam.mx/Licenciatura2026/resultados/3/30411005.html,40,491,404,72,154,251385,,N,No presentado,,Consultar
3,Licenciatura 2026,304,30411005,CONTADURIA,"ESCUELA NAL. DE ESTUDIOS SUP. OAXACA, OAX.",Escolarizado,https://www.dgae.unam.mx/Licenciatura2026/resultados/3/30411005.html,40,491,404,72,154,251404,78,S,Seleccionado,Cita para entregar documentación.,Consultar
3,Licenciatura 2026,304,30411005,CONTADURIA,"ESCUELA NAL. DE ESTUDIOS SUP. OAXACA, OAX.",Escolarizado,https://www.dgae.unam.mx/Licenciatura2026/resultados/3/30411005.html,40,491,404,72,154,251490,102,S,Seleccionado,Cita para entregar documentación.,Consultar
3,Licenciatura 2026,304,30411005,CONTADURIA,"ESCUELA NAL. DE ESTUDIOS SUP. OAXACA, OAX.",Escolarizado,https://www.dgae.unam.mx/Licenciatura2026/resultados/3/30411005.html,40,491,404,72,154,251511,55,,No seleccionado,,Consultar
3,Licenciatura 2026,304,30411005,CONTADURIA,"ESCUELA NAL. DE ESTUDIOS SUP. OAXACA, OAX.",Escolarizado,https://www.dgae.unam.mx/Licenciatura2026/resultados/3/30411005.html,40,491,404,72,154,251520,45,,No seleccionado,,Consultar
3,Licenciatura 2026,304,30411005,CONTADURIA,"ESCUELA NAL. DE ESTUDIOS SUP. OAXACA, OAX.",Escolarizado,https://www.dgae.unam.mx/Licenciatura2026/resultados/3/30411005.html,40,491,404,72,154,251586,,N,No presentado,,Consultar
3,Licenciatura 2026,304,30411005,CONTADURIA,"ESCUELA NAL. DE ESTUDIOS SUP. OAXACA, OAX.",Escolarizado,https://www.dgae.unam.mx/Licenciatura2026/resultados/3/30411005.html,40,491,404,72,154,251619,,N,No presentado,,Consultar
3,Licenciatura 2026,304,30411005,CONTADURIA,"ESCUELA NAL. DE ESTUDIOS SUP. OAXACA, OAX.",Escolarizado,https://www.dgae.unam.mx/Licenciatura2026/resultados/3/30411005.html,40,491,404,72,154,251692,63,,No seleccionado,,Consultar
3,Licenciatura 2026,304,30411005,CONTADURIA,"ESCUELA NAL. DE ESTUDIOS SUP. OAXACA, OAX.",Escolarizado,https://www.dgae.unam.mx/Licenciatura2026/resultados/3/30411005.html,40,491,404,72,154,251705,39,,No seleccionado,,Consultar
3,Licenciatura 2026,304,30411005,CONTADURIA,"ESCUELA NAL. DE ESTUDIOS SUP. OAXACA, OAX.",Escolarizado,https://www.dgae.unam.mx/Licenciatura2026/resultados/3/30411005.html,40,491,404,72,154,251717,116,S,Seleccionado,Cita para entregar documentación.,Consultar
3,Licenciatura 2026,304,30411005,CONTADURIA,"ESCUELA NAL. DE ESTUDIOS SUP. OAXACA, OAX.",Escolarizado,https://www.dgae.unam.mx/Licenciatura2026/resultados/3/30411005.html,40,491,404,72,154,251759,61,,No seleccionado,,Consultar
3,Licenciatura 2026,304,30411005,CONTADURIA,"ESCUELA NAL. DE ESTUDIOS SUP. OAXACA, OAX.",Escolarizado,https://www.dgae.unam.mx/Licenciatura2026/resultados/3/30411005.html,40,491,404,72,154,251805,106,S,Seleccionado,Cita para entregar documentación.,Consultar
3,Licenciatura 2026,304,30411005,CONTADURIA,"ESCUELA NAL. DE ESTUDIOS SUP. OAXACA, OAX.",Escolarizado,https://www.dgae.unam.mx/Licenciatura2026/resultados/3/30411005.html,40,491,404,72,154,251812,80,S,Seleccionado,Cita para entregar documentación.,Consultar
3,Licenciatura 2026,304,30411005,CONTADURIA,"ESCUELA NAL. DE ESTUDIOS SUP. OAXACA, OAX.",Escolarizado,https://www.dgae.unam.mx/Licenciatura2026/resultados/3/30411005.html,40,491,404,72,154,251815,71,,No seleccionado,,Consultar
3,Licenciatura 2026,304,30411005,CONTADURIA,"ESCUELA NAL. DE ESTUDIOS SUP. OAXACA, OAX.",Escolarizado,https://www.dgae.unam.mx/Licenciatura2026/resultados/3/30411005.html,40,491,404,72,154,251827,,N,No presentado,,Consultar
3,Licenciatura 2026,304,30411005,CONTADURIA,"ESCUELA NAL. DE ESTUDIOS SUP. OAXACA, OAX.",Escolarizado,https://www.dgae.unam.mx/Licenciatura2026/resultados/3/30411005.html,40,491,404,72,154,251841,36,,No seleccionado,,Consultar
3,Licenciatura 2026,304,30411005,CONTADURIA,"ESCUELA NAL. DE ESTUDIOS SUP. OAXACA, OAX.",Escolarizado,https://www.dgae.unam.mx/Licenciatura2026/resultados/3/30411005.html,40,491,404,72,154,251849,48,,No seleccionado,,Consultar
3,Licenciatura 2026,304,30411005,CONTADURIA,"ESCUELA NAL. DE ESTUDIOS SUP. OAXACA, OAX.",Escolarizado,https://www.dgae.unam.mx/Licenciatura2026/resultados/3/30411005.html,40,491,404,72,154,251854,64,,No seleccionado,,Consultar
3,Licenciatura 2026,304,30411005,CONTADURIA,"ESCUELA NAL. DE ESTUDIOS SUP. OAXACA, OAX.",Escolarizado,https://www.dgae.unam.mx/Licenciatura2026/resultados/3/30411005.html,40,491,404,72,154,251862,60,,No seleccionado,,Consultar
3,Licenciatura 2026,304,30411005,CONTADURIA,"ESCUELA NAL. DE ESTUDIOS SUP. OAXACA, OAX.",Escolarizado,https://www.dgae.unam.mx/Licenciatura2026/resultados/3/30411005.html,40,491,404,72,154,251893,,N,No presentado,,Consultar
3,Licenciatura 2026,304,30411005,CONTADURIA,"ESCUELA NAL. DE ESTUDIOS SUP. OAXACA, OAX.",Escolarizado,https://www.dgae.unam.mx/Licenciatura2026/resultados/3/30411005.html,40,491,404,72,154,251900,81,S,Seleccionado,Cita para entregar documentación.,Consultar
3,Licenciatura 2026,304,30411005,CONTADURIA,"ESCUELA NAL. DE ESTUDIOS SUP. OAXACA, OAX.",Escolarizado,https://www.dgae.unam.mx/Licenciatura2026/resultados/3/30411005.html,40,491,404,72,154,251922,95,S,Seleccionado,Cita para entregar documentación.,Consultar
3,Licenciatura 2026,304,30411005,CONTADURIA,"ESCUELA NAL. DE ESTUDIOS SUP. OAXACA, OAX.",Escolarizado,https://www.dgae.unam.mx/Licenciatura2026/resultados/3/30411005.html,40,491,404,72,154,251946,54,,No seleccionado,,Consultar
3,Licenciatura 2026,304,30411005,CONTADURIA,"ESCUELA NAL. DE ESTUDIOS SUP. OAXACA, OAX.",Escolarizado,https://www.dgae.unam.mx/Licenciatura2026/resultados/3/30411005.html,40,491,404,72,154,251957,83,S,Seleccionado,Cita para entregar documentación.,Consultar
3,Licenciatura 2026,304,30411005,CONTADURIA,"ESCUELA NAL. DE ESTUDIOS SUP. OAXACA, OAX.",Escolarizado,https://www.dgae.unam.mx/Licenciatura2026/resultados/3/30411005.html,40,491,404,72,154,251958,108,S,Seleccionado,Cita para entregar documentación.,Consultar
3,Licenciatura 2026,304,30411005,CONTADURIA,"ESCUELA NAL. DE ESTUDIOS SUP. OAXACA, OAX.",Escolarizado,https://www.dgae.unam.mx/Licenciatura2026/resultados/3/30411005.html,40,491,404,72,154,252000,74,S,Seleccionado,Cita para entregar documentación.,Consultar
3,Licenciatura 2026,304,30411005,CONTADURIA,"ESCUELA NAL. DE ESTUDIOS SUP. OAXACA, OAX.",Escolarizado,https://www.dgae.unam.mx/Licenciatura2026/resultados/3/30411005.html,40,491,404,72,154,252019,45,,No seleccionado,,Consultar
3,Licenciatura 2026,304,30411005,CONTADURIA,"ESCUELA NAL. DE ESTUDIOS SUP. OAXACA, OAX.",Escolarizado,https://www.dgae.unam.mx/Licenciatura2026/resultados/3/30411005.html,40,491,404,72,154,252023,45,,No seleccionado,,Consultar
3,Licenciatura 2026,304,30411005,CONTADURIA,"ESCUELA NAL. DE ESTUDIOS SUP. OAXACA, OAX.",Escolarizado,https://www.dgae.unam.mx/Licenciatura2026/resultados/3/30411005.html,40,491,404,72,154,252024,72,S,Seleccionado,Cita para entregar documentación.,Consultar
3,Licenciatura 2026,304,30411005,CONTADURIA,"ESCUELA NAL. DE ESTUDIOS SUP. OAXACA, OAX.",Escolarizado,https://www.dgae.unam.mx/Licenciatura2026/resultados/3/30411005.html,40,491,404,72,154,252034,44,,No seleccionado,,Consultar
3,Licenciatura 2026,304,30411005,CONTADURIA,"ESCUELA NAL. DE ESTUDIOS SUP. OAXACA, OAX.",Escolarizado,https://www.dgae.unam.mx/Licenciatura2026/resultados/3/30411005.html,40,491,404,72,154,252051,101,S,Seleccionado,Cita para entregar documentación.,Consultar
3,Licenciatura 2026,304,30411005,CONTADURIA,"ESCUELA NAL. DE ESTUDIOS SUP. OAXACA, OAX.",Escolarizado,https://www.dgae.unam.mx/Licenciatura2026/resultados/3/30411005.html,40,491,404,72,154,252069,103,S,Seleccionado,Cita para entregar documentación.,Consultar
3,Licenciatura 2026,304,30411005,CONTADURIA,"ESCUELA NAL. DE ESTUDIOS SUP. OAXACA, OAX.",Escolarizado,https://www.dgae.unam.mx/Licenciatura2026/resultados/3/30411005.html,40,491,404,72,154,252121,39,,No seleccionado,,Consultar
3,Licenciatura 2026,304,30411005,CONTADURIA,"ESCUELA NAL. DE ESTUDIOS SUP. OAXACA, OAX.",Escolarizado,https://www.dgae.unam.mx/Licenciatura2026/resultados/3/30411005.html,40,491,404,72,154,252153,34,,No seleccionado,,Consultar
3,Licenciatura 2026,304,30411005,CONTADURIA,"ESCUELA NAL. DE ESTUDIOS SUP. OAXACA, OAX.",Escolarizado,https://www.dgae.unam.mx/Licenciatura2026/resultados/3/30411005.html,40,491,404,72,154,252161,68,,No seleccionado,,Consultar
3,Licenciatura 2026,304,30411005,CONTADURIA,"ESCUELA NAL. DE ESTUDIOS SUP. OAXACA, OAX.",Escolarizado,https://www.dgae.unam.mx/Licenciatura2026/resultados/3/30411005.html,40,491,404,72,154,252200,54,,No seleccionado,,Consultar
3,Licenciatura 2026,304,30411005,CONTADURIA,"ESCUELA NAL. DE ESTUDIOS SUP. OAXACA, OAX.",Escolarizado,https://www.dgae.unam.mx/Licenciatura2026/resultados/3/30411005.html,40,491,404,72,154,252204,62,,No seleccionado,,Consultar
3,Licenciatura 2026,304,30411005,CONTADURIA,"ESCUELA NAL. DE ESTUDIOS SUP. OAXACA, OAX.",Escolarizado,https://www.dgae.unam.mx/Licenciatura2026/resultados/3/30411005.html,40,491,404,72,154,252212,62,,No seleccionado,,Consultar
3,Licenciatura 2026,304,30411005,CONTADURIA,"ESCUELA NAL. DE ESTUDIOS SUP. OAXACA, OAX.",Escolarizado,https://www.dgae.unam.mx/Licenciatura2026/resultados/3/30411005.html,40,491,404,72,154,252218,4,,No seleccionado,,Consultar
3,Licenciatura 2026,304,30411005,CONTADURIA,"ESCUELA NAL. DE ESTUDIOS SUP. OAXACA, OAX.",Escolarizado,https://www.dgae.unam.mx/Licenciatura2026/resultados/3/30411005.html,40,491,404,72,154,252249,47,,No seleccionado,,Consultar
3,Licenciatura 2026,304,30411005,CONTADURIA,"ESCUELA NAL. DE ESTUDIOS SUP. OAXACA, OAX.",Escolarizado,https://www.dgae.unam.mx/Licenciatura2026/resultados/3/30411005.html,40,491,404,72,154,252275,101,S,Seleccionado,Cita para entregar documentación.,Consultar
3,Licenciatura 2026,304,30411005,CONTADURIA,"ESCUELA NAL. DE ESTUDIOS SUP. OAXACA, OAX.",Escolarizado,https://www.dgae.unam.mx/Licenciatura2026/resultados/3/30411005.html,40,491,404,72,154,252296,93,S,Seleccionado,Cita para entregar documentación.,Consultar
3,Licenciatura 2026,304,30411005,CONTADURIA,"ESCUELA NAL. DE ESTUDIOS SUP. OAXACA, OAX.",Escolarizado,https://www.dgae.unam.mx/Licenciatura2026/resultados/3/30411005.html,40,491,404,72,154,252318,48,,No seleccionado,,Consultar
3,Licenciatura 2026,304,30411005,CONTADURIA,"ESCUELA NAL. DE ESTUDIOS SUP. OAXACA, OAX.",Escolarizado,https://www.dgae.unam.mx/Licenciatura2026/resultados/3/30411005.html,40,491,404,72,154,252322,70,,No seleccionado,,Consultar
3,Licenciatura 2026,304,30411005,CONTADURIA,"ESCUELA NAL. DE ESTUDIOS SUP. OAXACA, OAX.",Escolarizado,https://www.dgae.unam.mx/Licenciatura2026/resultados/3/30411005.html,40,491,404,72,154,252331,74,S,Seleccionado,Cita para entregar documentación.,Consultar
3,Licenciatura 2026,304,30411005,CONTADURIA,"ESCUELA NAL. DE ESTUDIOS SUP. OAXACA, OAX.",Escolarizado,https://www.dgae.unam.mx/Licenciatura2026/resultados/3/30411005.html,40,491,404,72,154,252358,112,S,Seleccionado,Cita para entregar documentación.,Consultar
3,Licenciatura 2026,304,30411005,CONTADURIA,"ESCUELA NAL. DE ESTUDIOS SUP. OAXACA, OAX.",Escolarizado,https://www.dgae.unam.mx/Licenciatura2026/resultados/3/30411005.html,40,491,404,72,154,252373,100,S,Seleccionado,Cita para entregar documentación.,Consultar
3,Licenciatura 2026,304,30411005,CONTADURIA,"ESCUELA NAL. DE ESTUDIOS SUP. OAXACA, OAX.",Escolarizado,https://www.dgae.unam.mx/Licenciatura2026/resultados/3/30411005.html,40,491,404,72,154,252411,90,S,Seleccionado,Cita para entregar documentación.,Consultar
3,Licenciatura 2026,304,30411005,CONTADURIA,"ESCUELA NAL. DE ESTUDIOS SUP. OAXACA, OAX.",Escolarizado,https://www.dgae.unam.mx/Licenciatura2026/resultados/3/30411005.html,40,491,404,72,154,252423,59,,No seleccionado,,Consultar
3,Licenciatura 2026,304,30411005,CONTADURIA,"ESCUELA NAL. DE ESTUDIOS SUP. OAXACA, OAX.",Escolarizado,https://www.dgae.unam.mx/Licenciatura2026/resultados/3/30411005.html,40,491,404,72,154,252445,46,,No seleccionado,,Consultar
3,Licenciatura 2026,304,30411005,CONTADURIA,"ESCUELA NAL. DE ESTUDIOS SUP. OAXACA, OAX.",Escolarizado,https://www.dgae.unam.mx/Licenciatura2026/resultados/3/30411005.html,40,491,404,72,154,252450,30,,No seleccionado,,Consultar
3,Licenciatura 2026,304,30411005,CONTADURIA,"ESCUELA NAL. DE ESTUDIOS SUP. OAXACA, OAX.",Escolarizado,https://www.dgae.unam.mx/Licenciatura2026/resultados/3/30411005.html,40,491,404,72,154,252508,61,,No seleccionado,,Consultar
3,Licenciatura 2026,304,30411005,CONTADURIA,"ESCUELA NAL. DE ESTUDIOS SUP. OAXACA, OAX.",Escolarizado,https://www.dgae.unam.mx/Licenciatura2026/resultados/3/30411005.html,40,491,404,72,154,252514,99,S,Seleccionado,Cita para entregar documentación.,Consultar
3,Licenciatura 2026,304,30411005,CONTADURIA,"ESCUELA NAL. DE ESTUDIOS SUP. OAXACA, OAX.",Escolarizado,https://www.dgae.unam.mx/Licenciatura2026/resultados/3/30411005.html,40,491,404,72,154,252567,67,,No seleccionado,,Consultar
3,Licenciatura 2026,304,30411005,CONTADURIA,"ESCUELA NAL. DE ESTUDIOS SUP. OAXACA, OAX.",Escolarizado,https://www.dgae.unam.mx/Licenciatura2026/resultados/3/30411005.html,40,491,404,72,154,252603,,N,No presentado,,Consultar
3,Licenciatura 2026,304,30411005,CONTADURIA,"ESCUELA NAL. DE ESTUDIOS SUP. OAXACA, OAX.",Escolarizado,https://www.dgae.unam.mx/Licenciatura2026/resultados/3/30411005.html,40,491,404,72,154,252612,63,,No seleccionado,,Consultar
3,Licenciatura 2026,304,30411005,CONTADURIA,"ESCUELA NAL. DE ESTUDIOS SUP. OAXACA, OAX.",Escolarizado,https://www.dgae.unam.mx/Licenciatura2026/resultados/3/30411005.html,40,491,404,72,154,252632,40,,No seleccionado,,Consultar
3,Licenciatura 2026,304,30411005,CONTADURIA,"ESCUELA NAL. DE ESTUDIOS SUP. OAXACA, OAX.",Escolarizado,https://www.dgae.unam.mx/Licenciatura2026/resultados/3/30411005.html,40,491,404,72,154,252710,44,,No seleccionado,,Consultar
3,Licenciatura 2026,304,30411005,CONTADURIA,"ESCUELA NAL. DE ESTUDIOS SUP. OAXACA, OAX.",Escolarizado,https://www.dgae.unam.mx/Licenciatura2026/resultados/3/30411005.html,40,491,404,72,154,252788,68,,No seleccionado,,Consultar
3,Licenciatura 2026,304,30411005,CONTADURIA,"ESCUELA NAL. DE ESTUDIOS SUP. OAXACA, OAX.",Escolarizado,https://www.dgae.unam.mx/Licenciatura2026/resultados/3/30411005.html,40,491,404,72,154,252821,81,S,Seleccionado,Cita para entregar documentación.,Consultar
3,Licenciatura 2026,304,30411005,CONTADURIA,"ESCUELA NAL. DE ESTUDIOS SUP. OAXACA, OAX.",Escolarizado,https://www.dgae.unam.mx/Licenciatura2026/resultados/3/30411005.html,40,491,404,72,154,252824,35,,No seleccionado,,Consultar
3,Licenciatura 2026,304,30411005,CONTADURIA,"ESCUELA NAL. DE ESTUDIOS SUP. OAXACA, OAX.",Escolarizado,https://www.dgae.unam.mx/Licenciatura2026/resultados/3/30411005.html,40,491,404,72,154,252852,68,,No seleccionado,,Consultar
3,Licenciatura 2026,304,30411005,CONTADURIA,"ESCUELA NAL. DE ESTUDIOS SUP. OAXACA, OAX.",Escolarizado,https://www.dgae.unam.mx/Licenciatura2026/resultados/3/30411005.html,40,491,404,72,154,252854,99,S,Seleccionado,Cita para entregar documentación.,Consultar
3,Licenciatura 2026,304,30411005,CONTADURIA,"ESCUELA NAL. DE ESTUDIOS SUP. OAXACA, OAX.",Escolarizado,https://www.dgae.unam.mx/Licenciatura2026/resultados/3/30411005.html,40,491,404,72,154,252860,,N,No presentado,,Consultar
3,Licenciatura 2026,304,30411005,CONTADURIA,"ESCUELA NAL. DE ESTUDIOS SUP. OAXACA, OAX.",Escolarizado,https://www.dgae.unam.mx/Licenciatura2026/resultados/3/30411005.html,40,491,404,72,154,252878,65,,No seleccionado,,Consultar
3,Licenciatura 2026,304,30411005,CONTADURIA,"ESCUELA NAL. DE ESTUDIOS SUP. OAXACA, OAX.",Escolarizado,https://www.dgae.unam.mx/Licenciatura2026/resultados/3/30411005.html,40,491,404,72,154,252893,80,S,Seleccionado,Cita para entregar documentación.,Consultar
3,Licenciatura 2026,304,30411005,CONTADURIA,"ESCUELA NAL. DE ESTUDIOS SUP. OAXACA, OAX.",Escolarizado,https://www.dgae.unam.mx/Licenciatura2026/resultados/3/30411005.html,40,491,404,72,154,252903,,N,No presentado,,Consultar
3,Licenciatura 2026,304,30411005,CONTADURIA,"ESCUELA NAL. DE ESTUDIOS SUP. OAXACA, OAX.",Escolarizado,https://www.dgae.unam.mx/Licenciatura2026/resultados/3/30411005.html,40,491,404,72,154,252921,81,S,Seleccionado,Cita para entregar documentación.,Consultar
3,Licenciatura 2026,304,30411005,CONTADURIA,"ESCUELA NAL. DE ESTUDIOS SUP. OAXACA, OAX.",Escolarizado,https://www.dgae.unam.mx/Licenciatura2026/resultados/3/30411005.html,40,491,404,72,154,252928,56,,No seleccionado,,Consultar
3,Licenciatura 2026,304,30411005,CONTADURIA,"ESCUELA NAL. DE ESTUDIOS SUP. OAXACA, OAX.",Escolarizado,https://www.dgae.unam.mx/Licenciatura2026/resultados/3/30411005.html,40,491,404,72,154,252929,,N,No presentado,,Consultar
3,Licenciatura 2026,304,30411005,CONTADURIA,"ESCUELA NAL. DE ESTUDIOS SUP. OAXACA, OAX.",Escolarizado,https://www.dgae.unam.mx/Licenciatura2026/resultados/3/30411005.html,40,491,404,72,154,252931,45,,No seleccionado,,Consultar
3,Licenciatura 2026,304,30411005,CONTADURIA,"ESCUELA NAL. DE ESTUDIOS SUP. OAXACA, OAX.",Escolarizado,https://www.dgae.unam.mx/Licenciatura2026/resultados/3/30411005.html,40,491,404,72,154,252945,105,S,Seleccionado,Cita para entregar documentación.,Consultar
3,Licenciatura 2026,304,30411005,CONTADURIA,"ESCUELA NAL. DE ESTUDIOS SUP. OAXACA, OAX.",Escolarizado,https://www.dgae.unam.mx/Licenciatura2026/resultados/3/30411005.html,40,491,404,72,154,252980,95,S,Seleccionado,Cita para entregar documentación.,Consultar
3,Licenciatura 2026,304,30411005,CONTADURIA,"ESCUELA NAL. DE ESTUDIOS SUP. OAXACA, OAX.",Escolarizado,https://www.dgae.unam.mx/Licenciatura2026/resultados/3/30411005.html,40,491,404,72,154,252996,,N,No presentado,,Consultar
3,Licenciatura 2026,304,30411005,CONTADURIA,"ESCUELA NAL. DE ESTUDIOS SUP. OAXACA, OAX.",Escolarizado,https://www.dgae.unam.mx/Licenciatura2026/resultados/3/30411005.html,40,491,404,72,154,253005,,N,No presentado,,Consultar
3,Licenciatura 2026,304,30411005,CONTADURIA,"ESCUELA NAL. DE ESTUDIOS SUP. OAXACA, OAX.",Escolarizado,https://www.dgae.unam.mx/Licenciatura2026/resultados/3/30411005.html,40,491,404,72,154,253024,76,S,Seleccionado,Cita para entregar documentación.,Consultar
3,Licenciatura 2026,304,30411005,CONTADURIA,"ESCUELA NAL. DE ESTUDIOS SUP. OAXACA, OAX.",Escolarizado,https://www.dgae.unam.mx/Licenciatura2026/resultados/3/30411005.html,40,491,404,72,154,253034,60,,No seleccionado,,Consultar
3,Licenciatura 2026,304,30411005,CONTADURIA,"ESCUELA NAL. DE ESTUDIOS SUP. OAXACA, OAX.",Escolarizado,https://www.dgae.unam.mx/Licenciatura2026/resultados/3/30411005.html,40,491,404,72,154,253057,,N,No presentado,,Consultar
3,Licenciatura 2026,304,30411005,CONTADURIA,"ESCUELA NAL. DE ESTUDIOS SUP. OAXACA, OAX.",Escolarizado,https://www.dgae.unam.mx/Licenciatura2026/resultados/3/30411005.html,40,491,404,72,154,253079,101,S,Seleccionado,Cita para entregar documentación.,Consultar
3,Licenciatura 2026,304,30411005,CONTADURIA,"ESCUELA NAL. DE ESTUDIOS SUP. OAXACA, OAX.",Escolarizado,https://www.dgae.unam.mx/Licenciatura2026/resultados/3/30411005.html,40,491,404,72,154,253115,38,,No seleccionado,,Consultar
3,Licenciatura 2026,304,30411005,CONTADURIA,"ESCUELA NAL. DE ESTUDIOS SUP. OAXACA, OAX.",Escolarizado,https://www.dgae.unam.mx/Licenciatura2026/resultados/3/30411005.html,40,491,404,72,154,253120,84,S,Seleccionado,Cita para entregar documentación.,Consultar
3,Licenciatura 2026,304,30411005,CONTADURIA,"ESCUELA NAL. DE ESTUDIOS SUP. OAXACA, OAX.",Escolarizado,https://www.dgae.unam.mx/Licenciatura2026/resultados/3/30411005.html,40,491,404,72,154,253127,34,,No seleccionado,,Consultar
3,Licenciatura 2026,304,30411005,CONTADURIA,"ESCUELA NAL. DE ESTUDIOS SUP. OAXACA, OAX.",Escolarizado,https://www.dgae.unam.mx/Licenciatura2026/resultados/3/30411005.html,40,491,404,72,154,253136,69,,No seleccionado,,Consultar
3,Licenciatura 2026,304,30411005,CONTADURIA,"ESCUELA NAL. DE ESTUDIOS SUP. OAXACA, OAX.",Escolarizado,https://www.dgae.unam.mx/Licenciatura2026/resultados/3/30411005.html,40,491,404,72,154,253141,55,,No seleccionado,,Consultar
3,Licenciatura 2026,304,30411005,CONTADURIA,"ESCUELA NAL. DE ESTUDIOS SUP. OAXACA, OAX.",Escolarizado,https://www.dgae.unam.mx/Licenciatura2026/resultados/3/30411005.html,40,491,404,72,154,253162,,N,No presentado,,Consultar
3,Licenciatura 2026,304,30411005,CONTADURIA,"ESCUELA NAL. DE ESTUDIOS SUP. OAXACA, OAX.",Escolarizado,https://www.dgae.unam.mx/Licenciatura2026/resultados/3/30411005.html,40,491,404,72,154,253170,33,,No seleccionado,,Consultar
3,Licenciatura 2026,304,30411005,CONTADURIA,"ESCUELA NAL. DE ESTUDIOS SUP. OAXACA, OAX.",Escolarizado,https://www.dgae.unam.mx/Licenciatura2026/resultados/3/30411005.html,40,491,404,72,154,253205,81,S,Seleccionado,Cita para entregar documentación.,Consultar
3,Licenciatura 2026,304,30411005,CONTADURIA,"ESCUELA NAL. DE ESTUDIOS SUP. OAXACA, OAX.",Escolarizado,https://www.dgae.unam.mx/Licenciatura2026/resultados/3/30411005.html,40,491,404,72,154,253219,79,S,Seleccionado,Cita para entregar documentación.,Consultar
3,Licenciatura 2026,304,30411005,CONTADURIA,"ESCUELA NAL. DE ESTUDIOS SUP. OAXACA, OAX.",Escolarizado,https://www.dgae.unam.mx/Licenciatura2026/resultados/3/30411005.html,40,491,404,72,154,253227,92,S,Seleccionado,Cita para entregar documentación.,Consultar
3,Licenciatura 2026,304,30411005,CONTADURIA,"ESCUELA NAL. DE ESTUDIOS SUP. OAXACA, OAX.",Escolarizado,https://www.dgae.unam.mx/Licenciatura2026/resultados/3/30411005.html,40,491,404,72,154,253234,90,S,Seleccionado,Cita para entregar documentación.,Consultar
3,Licenciatura 2026,304,30411005,CONTADURIA,"ESCUELA NAL. DE ESTUDIOS SUP. OAXACA, OAX.",Escolarizado,https://www.dgae.unam.mx/Licenciatura2026/resultados/3/30411005.html,40,491,404,72,154,253243,77,S,Seleccionado,Cita para entregar documentación.,Consultar
3,Licenciatura 2026,304,30411005,CONTADURIA,"ESCUELA NAL. DE ESTUDIOS SUP. OAXACA, OAX.",Escolarizado,https://www.dgae.unam.mx/Licenciatura2026/resultados/3/30411005.html,40,491,404,72,154,253260,16,,No seleccionado,,Consultar
3,Licenciatura 2026,304,30411005,CONTADURIA,"ESCUELA NAL. DE ESTUDIOS SUP. OAXACA, OAX.",Escolarizado,https://www.dgae.unam.mx/Licenciatura2026/resultados/3/30411005.html,40,491,404,72,154,253274,65,,No seleccionado,,Consultar
3,Licenciatura 2026,304,30411005,CONTADURIA,"ESCUELA NAL. DE ESTUDIOS SUP. OAXACA, OAX.",Escolarizado,https://www.dgae.unam.mx/Licenciatura2026/resultados/3/30411005.html,40,491,404,72,154,253278,85,S,Seleccionado,Cita para entregar documentación.,Consultar
3,Licenciatura 2026,304,30411005,CONTADURIA,"ESCUELA NAL. DE ESTUDIOS SUP. OAXACA, OAX.",Escolarizado,https://www.dgae.unam.mx/Licenciatura2026/resultados/3/30411005.html,40,491,404,72,154,253330,,N,No presentado,,Consultar
3,Licenciatura 2026,304,30411005,CONTADURIA,"ESCUELA NAL. DE ESTUDIOS SUP. OAXACA, OAX.",Escolarizado,https://www.dgae.unam.mx/Licenciatura2026/resultados/3/30411005.html,40,491,404,72,154,253411,,N,No presentado,,Consultar
3,Licenciatura 2026,304,30411005,CONTADURIA,"ESCUELA NAL. DE ESTUDIOS SUP. OAXACA, OAX.",Escolarizado,https://www.dgae.unam.mx/Licenciatura2026/resultados/3/30411005.html,40,491,404,72,154,253434,66,,No seleccionado,,Consultar
3,Licenciatura 2026,304,30411005,CONTADURIA,"ESCUELA NAL. DE ESTUDIOS SUP. OAXACA, OAX.",Escolarizado,https://www.dgae.unam.mx/Licenciatura2026/resultados/3/30411005.html,40,491,404,72,154,253439,44,,No seleccionado,,Consultar
3,Licenciatura 2026,304,30411005,CONTADURIA,"ESCUELA NAL. DE ESTUDIOS SUP. OAXACA, OAX.",Escolarizado,https://www.dgae.unam.mx/Licenciatura2026/resultados/3/30411005.html,40,491,404,72,154,253443,64,,No seleccionado,,Consultar
3,Licenciatura 2026,304,30411005,CONTADURIA,"ESCUELA NAL. DE ESTUDIOS SUP. OAXACA, OAX.",Escolarizado,https://www.dgae.unam.mx/Licenciatura2026/resultados/3/30411005.html,40,491,404,72,154,253449,75,S,Seleccionado,Cita para entregar documentación.,Consultar
3,Licenciatura 2026,304,30411005,CONTADURIA,"ESCUELA NAL. DE ESTUDIOS SUP. OAXACA, OAX.",Escolarizado,https://www.dgae.unam.mx/Licenciatura2026/resultados/3/30411005.html,40,491,404,72,154,253526,90,S,Seleccionado,Cita para entregar documentación.,Consultar
3,Licenciatura 2026,304,30411005,CONTADURIA,"ESCUELA NAL. DE ESTUDIOS SUP. OAXACA, OAX.",Escolarizado,https://www.dgae.unam.mx/Licenciatura2026/resultados/3/30411005.html,40,491,404,72,154,253527,62,,No seleccionado,,Consultar
3,Licenciatura 2026,304,30411005,CONTADURIA,"ESCUELA NAL. DE ESTUDIOS SUP. OAXACA, OAX.",Escolarizado,https://www.dgae.unam.mx/Licenciatura2026/resultados/3/30411005.html,40,491,404,72,154,253536,68,,No seleccionado,,Consultar
3,Licenciatura 2026,304,30411005,CONTADURIA,"ESCUELA NAL. DE ESTUDIOS SUP. OAXACA, OAX.",Escolarizado,https://www.dgae.unam.mx/Licenciatura2026/resultados/3/30411005.html,40,491,404,72,154,253539,85,S,Seleccionado,Cita para entregar documentación.,Consultar
3,Licenciatura 2026,304,30411005,CONTADURIA,"ESCUELA NAL. DE ESTUDIOS SUP. OAXACA, OAX.",Escolarizado,https://www.dgae.unam.mx/Licenciatura2026/resultados/3/30411005.html,40,491,404,72,154,253559,60,,No seleccionado,,Consultar
3,Licenciatura 2026,304,30411005,CONTADURIA,"ESCUELA NAL. DE ESTUDIOS SUP. OAXACA, OAX.",Escolarizado,https://www.dgae.unam.mx/Licenciatura2026/resultados/3/30411005.html,40,491,404,72,154,253582,66,,No seleccionado,,Consultar
3,Licenciatura 2026,304,30411005,CONTADURIA,"ESCUELA NAL. DE ESTUDIOS SUP. OAXACA, OAX.",Escolarizado,https://www.dgae.unam.mx/Licenciatura2026/resultados/3/30411005.html,40,491,404,72,154,253618,67,,No seleccionado,,Consultar
3,Licenciatura 2026,304,30411005,CONTADURIA,"ESCUELA NAL. DE ESTUDIOS SUP. OAXACA, OAX.",Escolarizado,https://www.dgae.unam.mx/Licenciatura2026/resultados/3/30411005.html,40,491,404,72,154,253624,50,,No seleccionado,,Consultar
3,Licenciatura 2026,304,30411005,CONTADURIA,"ESCUELA NAL. DE ESTUDIOS SUP. OAXACA, OAX.",Escolarizado,https://www.dgae.unam.mx/Licenciatura2026/resultados/3/30411005.html,40,491,404,72,154,253629,83,S,Seleccionado,Cita para entregar documentación.,Consultar
3,Licenciatura 2026,304,30411005,CONTADURIA,"ESCUELA NAL. DE ESTUDIOS SUP. OAXACA, OAX.",Escolarizado,https://www.dgae.unam.mx/Licenciatura2026/resultados/3/30411005.html,40,491,404,72,154,253639,43,,No seleccionado,,Consultar
3,Licenciatura 2026,304,30411005,CONTADURIA,"ESCUELA NAL. DE ESTUDIOS SUP. OAXACA, OAX.",Escolarizado,https://www.dgae.unam.mx/Licenciatura2026/resultados/3/30411005.html,40,491,404,72,154,253664,45,,No seleccionado,,Consultar
3,Licenciatura 2026,304,30411005,CONTADURIA,"ESCUELA NAL. DE ESTUDIOS SUP. OAXACA, OAX.",Escolarizado,https://www.dgae.unam.mx/Licenciatura2026/resultados/3/30411005.html,40,491,404,72,154,253665,58,,No seleccionado,,Consultar
3,Licenciatura 2026,304,30411005,CONTADURIA,"ESCUELA NAL. DE ESTUDIOS SUP. OAXACA, OAX.",Escolarizado,https://www.dgae.unam.mx/Licenciatura2026/resultados/3/30411005.html,40,491,404,72,154,253667,56,,No seleccionado,,Consultar
3,Licenciatura 2026,304,30411005,CONTADURIA,"ESCUELA NAL. DE ESTUDIOS SUP. OAXACA, OAX.",Escolarizado,https://www.dgae.unam.mx/Licenciatura2026/resultados/3/30411005.html,40,491,404,72,154,253677,91,S,Seleccionado,Cita para entregar documentación.,Consultar
3,Licenciatura 2026,304,30411005,CONTADURIA,"ESCUELA NAL. DE ESTUDIOS SUP. OAXACA, OAX.",Escolarizado,https://www.dgae.unam.mx/Licenciatura2026/resultados/3/30411005.html,40,491,404,72,154,253679,,N,No presentado,,Consultar
3,Licenciatura 2026,304,30411005,CONTADURIA,"ESCUELA NAL. DE ESTUDIOS SUP. OAXACA, OAX.",Escolarizado,https://www.dgae.unam.mx/Licenciatura2026/resultados/3/30411005.html,40,491,404,72,154,253683,,N,No presentado,,Consultar
3,Licenciatura 2026,304,30411005,CONTADURIA,"ESCUELA NAL. DE ESTUDIOS SUP. OAXACA, OAX.",Escolarizado,https://www.dgae.unam.mx/Licenciatura2026/resultados/3/30411005.html,40,491,404,72,154,253693,38,,No seleccionado,,Consultar
3,Licenciatura 2026,304,30411005,CONTADURIA,"ESCUELA NAL. DE ESTUDIOS SUP. OAXACA, OAX.",Escolarizado,https://www.dgae.unam.mx/Licenciatura2026/resultados/3/30411005.html,40,491,404,72,154,253723,35,,No seleccionado,,Consultar
3,Licenciatura 2026,304,30411005,CONTADURIA,"ESCUELA NAL. DE ESTUDIOS SUP. OAXACA, OAX.",Escolarizado,https://www.dgae.unam.mx/Licenciatura2026/resultados/3/30411005.html,40,491,404,72,154,253730,44,,No seleccionado,,Consultar
3,Licenciatura 2026,304,30411005,CONTADURIA,"ESCUELA NAL. DE ESTUDIOS SUP. OAXACA, OAX.",Escolarizado,https://www.dgae.unam.mx/Licenciatura2026/resultados/3/30411005.html,40,491,404,72,154,253743,64,,No seleccionado,,Consultar
3,Licenciatura 2026,304,30411005,CONTADURIA,"ESCUELA NAL. DE ESTUDIOS SUP. OAXACA, OAX.",Escolarizado,https://www.dgae.unam.mx/Licenciatura2026/resultados/3/30411005.html,40,491,404,72,154,253909,36,,No seleccionado,,Consultar
3,Licenciatura 2026,304,30411005,CONTADURIA,"ESCUELA NAL. DE ESTUDIOS SUP. OAXACA, OAX.",Escolarizado,https://www.dgae.unam.mx/Licenciatura2026/resultados/3/30411005.html,40,491,404,72,154,253922,,N,No presentado,,Consultar
3,Licenciatura 2026,304,30411005,CONTADURIA,"ESCUELA NAL. DE ESTUDIOS SUP. OAXACA, OAX.",Escolarizado,https://www.dgae.unam.mx/Licenciatura2026/resultados/3/30411005.html,40,491,404,72,154,253935,74,S,Seleccionado,Cita para entregar documentación.,Consultar
3,Licenciatura 2026,304,30411005,CONTADURIA,"ESCUELA NAL. DE ESTUDIOS SUP. OAXACA, OAX.",Escolarizado,https://www.dgae.unam.mx/Licenciatura2026/resultados/3/30411005.html,40,491,404,72,154,253956,72,S,Seleccionado,Cita para entregar documentación.,Consultar
3,Licenciatura 2026,304,30411005,CONTADURIA,"ESCUELA NAL. DE ESTUDIOS SUP. OAXACA, OAX.",Escolarizado,https://www.dgae.unam.mx/Licenciatura2026/resultados/3/30411005.html,40,491,404,72,154,253959,,N,No presentado,,Consultar
3,Licenciatura 2026,304,30411005,CONTADURIA,"ESCUELA NAL. DE ESTUDIOS SUP. OAXACA, OAX.",Escolarizado,https://www.dgae.unam.mx/Licenciatura2026/resultados/3/30411005.html,40,491,404,72,154,253965,75,S,Seleccionado,Cita para entregar documentación.,Consultar
3,Licenciatura 2026,304,30411005,CONTADURIA,"ESCUELA NAL. DE ESTUDIOS SUP. OAXACA, OAX.",Escolarizado,https://www.dgae.unam.mx/Licenciatura2026/resultados/3/30411005.html,40,491,404,72,154,254005,81,S,Seleccionado,Cita para entregar documentación.,Consultar
3,Licenciatura 2026,304,30411005,CONTADURIA,"ESCUELA NAL. DE ESTUDIOS SUP. OAXACA, OAX.",Escolarizado,https://www.dgae.unam.mx/Licenciatura2026/resultados/3/30411005.html,40,491,404,72,154,254011,,N,No presentado,,Consultar
3,Licenciatura 2026,304,30411005,CONTADURIA,"ESCUELA NAL. DE ESTUDIOS SUP. OAXACA, OAX.",Escolarizado,https://www.dgae.unam.mx/Licenciatura2026/resultados/3/30411005.html,40,491,404,72,154,254039,,N,No presentado,,Consultar
3,Licenciatura 2026,304,30411005,CONTADURIA,"ESCUELA NAL. DE ESTUDIOS SUP. OAXACA, OAX.",Escolarizado,https://www.dgae.unam.mx/Licenciatura2026/resultados/3/30411005.html,40,491,404,72,154,254041,31,,No seleccionado,,Consultar
3,Licenciatura 2026,304,30411005,CONTADURIA,"ESCUELA NAL. DE ESTUDIOS SUP. OAXACA, OAX.",Escolarizado,https://www.dgae.unam.mx/Licenciatura2026/resultados/3/30411005.html,40,491,404,72,154,254049,99,S,Seleccionado,Cita para entregar documentación.,Consultar
3,Licenciatura 2026,304,30411005,CONTADURIA,"ESCUELA NAL. DE ESTUDIOS SUP. OAXACA, OAX.",Escolarizado,https://www.dgae.unam.mx/Licenciatura2026/resultados/3/30411005.html,40,491,404,72,154,254062,44,,No seleccionado,,Consultar
3,Licenciatura 2026,304,30411005,CONTADURIA,"ESCUELA NAL. DE ESTUDIOS SUP. OAXACA, OAX.",Escolarizado,https://www.dgae.unam.mx/Licenciatura2026/resultados/3/30411005.html,40,491,404,72,154,254066,90,S,Seleccionado,Cita para entregar documentación.,Consultar
3,Licenciatura 2026,304,30411005,CONTADURIA,"ESCUELA NAL. DE ESTUDIOS SUP. OAXACA, OAX.",Escolarizado,https://www.dgae.unam.mx/Licenciatura2026/resultados/3/30411005.html,40,491,404,72,154,254101,75,S,Seleccionado,Cita para entregar documentación.,Consultar
3,Licenciatura 2026,304,30411005,CONTADURIA,"ESCUELA NAL. DE ESTUDIOS SUP. OAXACA, OAX.",Escolarizado,https://www.dgae.unam.mx/Licenciatura2026/resultados/3/30411005.html,40,491,404,72,154,254194,55,,No seleccionado,,Consultar
3,Licenciatura 2026,304,30411005,CONTADURIA,"ESCUELA NAL. DE ESTUDIOS SUP. OAXACA, OAX.",Escolarizado,https://www.dgae.unam.mx/Licenciatura2026/resultados/3/30411005.html,40,491,404,72,154,254203,91,S,Seleccionado,Cita para entregar documentación.,Consultar
3,Licenciatura 2026,304,30411005,CONTADURIA,"ESCUELA NAL. DE ESTUDIOS SUP. OAXACA, OAX.",Escolarizado,https://www.dgae.unam.mx/Licenciatura2026/resultados/3/30411005.html,40,491,404,72,154,254215,,N,No presentado,,Consultar
3,Licenciatura 2026,304,30411005,CONTADURIA,"ESCUELA NAL. DE ESTUDIOS SUP. OAXACA, OAX.",Escolarizado,https://www.dgae.unam.mx/Licenciatura2026/resultados/3/30411005.html,40,491,404,72,154,254236,96,S,Seleccionado,Cita para entregar documentación.,Consultar
3,Licenciatura 2026,304,30411005,CONTADURIA,"ESCUELA NAL. DE ESTUDIOS SUP. OAXACA, OAX.",Escolarizado,https://www.dgae.unam.mx/Licenciatura2026/resultados/3/30411005.html,40,491,404,72,154,254259,,N,No presentado,,Consultar
3,Licenciatura 2026,304,30411005,CONTADURIA,"ESCUELA NAL. DE ESTUDIOS SUP. OAXACA, OAX.",Escolarizado,https://www.dgae.unam.mx/Licenciatura2026/resultados/3/30411005.html,40,491,404,72,154,254263,,N,No presentado,,Consultar
3,Licenciatura 2026,304,30411005,CONTADURIA,"ESCUELA NAL. DE ESTUDIOS SUP. OAXACA, OAX.",Escolarizado,https://www.dgae.unam.mx/Licenciatura2026/resultados/3/30411005.html,40,491,404,72,154,254270,,N,No presentado,,Consultar
3,Licenciatura 2026,304,30411005,CONTADURIA,"ESCUELA NAL. DE ESTUDIOS SUP. OAXACA, OAX.",Escolarizado,https://www.dgae.unam.mx/Licenciatura2026/resultados/3/30411005.html,40,491,404,72,154,254295,41,,No seleccionado,,Consultar
3,Licenciatura 2026,304,30411005,CONTADURIA,"ESCUELA NAL. DE ESTUDIOS SUP. OAXACA, OAX.",Escolarizado,https://www.dgae.unam.mx/Licenciatura2026/resultados/3/30411005.html,40,491,404,72,154,254301,,N,No presentado,,Consultar
3,Licenciatura 2026,304,30411005,CONTADURIA,"ESCUELA NAL. DE ESTUDIOS SUP. OAXACA, OAX.",Escolarizado,https://www.dgae.unam.mx/Licenciatura2026/resultados/3/30411005.html,40,491,404,72,154,254325,34,,No seleccionado,,Consultar
3,Licenciatura 2026,304,30411005,CONTADURIA,"ESCUELA NAL. DE ESTUDIOS SUP. OAXACA, OAX.",Escolarizado,https://www.dgae.unam.mx/Licenciatura2026/resultados/3/30411005.html,40,491,404,72,154,254351,69,,No seleccionado,,Consultar
3,Licenciatura 2026,304,30411005,CONTADURIA,"ESCUELA NAL. DE ESTUDIOS SUP. OAXACA, OAX.",Escolarizado,https://www.dgae.unam.mx/Licenciatura2026/resultados/3/30411005.html,40,491,404,72,154,254383,39,,No seleccionado,,Consultar
3,Licenciatura 2026,304,30411005,CONTADURIA,"ESCUELA NAL. DE ESTUDIOS SUP. OAXACA, OAX.",Escolarizado,https://www.dgae.unam.mx/Licenciatura2026/resultados/3/30411005.html,40,491,404,72,154,254402,44,,No seleccionado,,Consultar
3,Licenciatura 2026,304,30411005,CONTADURIA,"ESCUELA NAL. DE ESTUDIOS SUP. OAXACA, OAX.",Escolarizado,https://www.dgae.unam.mx/Licenciatura2026/resultados/3/30411005.html,40,491,404,72,154,254429,89,S,Seleccionado,Cita para entregar documentación.,Consultar
3,Licenciatura 2026,304,30411005,CONTADURIA,"ESCUELA NAL. DE ESTUDIOS SUP. OAXACA, OAX.",Escolarizado,https://www.dgae.unam.mx/Licenciatura2026/resultados/3/30411005.html,40,491,404,72,154,254438,42,,No seleccionado,,Consultar
3,Licenciatura 2026,304,30411005,CONTADURIA,"ESCUELA NAL. DE ESTUDIOS SUP. OAXACA, OAX.",Escolarizado,https://www.dgae.unam.mx/Licenciatura2026/resultados/3/30411005.html,40,491,404,72,154,254439,63,,No seleccionado,,Consultar
3,Licenciatura 2026,304,30411005,CONTADURIA,"ESCUELA NAL. DE ESTUDIOS SUP. OAXACA, OAX.",Escolarizado,https://www.dgae.unam.mx/Licenciatura2026/resultados/3/30411005.html,40,491,404,72,154,254475,75,S,Seleccionado,Cita para entregar documentación.,Consultar
3,Licenciatura 2026,304,30411005,CONTADURIA,"ESCUELA NAL. DE ESTUDIOS SUP. OAXACA, OAX.",Escolarizado,https://www.dgae.unam.mx/Licenciatura2026/resultados/3/30411005.html,40,491,404,72,154,254499,,N,No presentado,,Consultar
3,Licenciatura 2026,304,30411005,CONTADURIA,"ESCUELA NAL. DE ESTUDIOS SUP. OAXACA, OAX.",Escolarizado,https://www.dgae.unam.mx/Licenciatura2026/resultados/3/30411005.html,40,491,404,72,154,254539,41,,No seleccionado,,Consultar
3,Licenciatura 2026,304,30411005,CONTADURIA,"ESCUELA NAL. DE ESTUDIOS SUP. OAXACA, OAX.",Escolarizado,https://www.dgae.unam.mx/Licenciatura2026/resultados/3/30411005.html,40,491,404,72,154,254554,40,,No seleccionado,,Consultar
3,Licenciatura 2026,304,30411005,CONTADURIA,"ESCUELA NAL. DE ESTUDIOS SUP. OAXACA, OAX.",Escolarizado,https://www.dgae.unam.mx/Licenciatura2026/resultados/3/30411005.html,40,491,404,72,154,254556,81,S,Seleccionado,Cita para entregar documentación.,Consultar
3,Licenciatura 2026,304,30411005,CONTADURIA,"ESCUELA NAL. DE ESTUDIOS SUP. OAXACA, OAX.",Escolarizado,https://www.dgae.unam.mx/Licenciatura2026/resultados/3/30411005.html,40,491,404,72,154,254607,32,,No seleccionado,,Consultar
3,Licenciatura 2026,304,30411005,CONTADURIA,"ESCUELA NAL. DE ESTUDIOS SUP. OAXACA, OAX.",Escolarizado,https://www.dgae.unam.mx/Licenciatura2026/resultados/3/30411005.html,40,491,404,72,154,254635,79,S,Seleccionado,Cita para entregar documentación.,Consultar
3,Licenciatura 2026,304,30411005,CONTADURIA,"ESCUELA NAL. DE ESTUDIOS SUP. OAXACA, OAX.",Escolarizado,https://www.dgae.unam.mx/Licenciatura2026/resultados/3/30411005.html,40,491,404,72,154,254661,35,,No seleccionado,,Consultar
3,Licenciatura 2026,304,30411005,CONTADURIA,"ESCUELA NAL. DE ESTUDIOS SUP. OAXACA, OAX.",Escolarizado,https://www.dgae.unam.mx/Licenciatura2026/resultados/3/30411005.html,40,491,404,72,154,254664,74,S,Seleccionado,Cita para entregar documentación.,Consultar
3,Licenciatura 2026,304,30411005,CONTADURIA,"ESCUELA NAL. DE ESTUDIOS SUP. OAXACA, OAX.",Escolarizado,https://www.dgae.unam.mx/Licenciatura2026/resultados/3/30411005.html,40,491,404,72,154,254676,56,,No seleccionado,,Consultar
3,Licenciatura 2026,304,30411005,CONTADURIA,"ESCUELA NAL. DE ESTUDIOS SUP. OAXACA, OAX.",Escolarizado,https://www.dgae.unam.mx/Licenciatura2026/resultados/3/30411005.html,40,491,404,72,154,254684,69,,No seleccionado,,Consultar
3,Licenciatura 2026,304,30411005,CONTADURIA,"ESCUELA NAL. DE ESTUDIOS SUP. OAXACA, OAX.",Escolarizado,https://www.dgae.unam.mx/Licenciatura2026/resultados/3/30411005.html,40,491,404,72,154,254736,71,,No seleccionado,,Consultar
3,Licenciatura 2026,304,30411005,CONTADURIA,"ESCUELA NAL. DE ESTUDIOS SUP. OAXACA, OAX.",Escolarizado,https://www.dgae.unam.mx/Licenciatura2026/resultados/3/30411005.html,40,491,404,72,154,254764,46,,No seleccionado,,Consultar
3,Licenciatura 2026,304,30411005,CONTADURIA,"ESCUELA NAL. DE ESTUDIOS SUP. OAXACA, OAX.",Escolarizado,https://www.dgae.unam.mx/Licenciatura2026/resultados/3/30411005.html,40,491,404,72,154,254767,64,,No seleccionado,,Consultar
3,Licenciatura 2026,304,30411005,CONTADURIA,"ESCUELA NAL. DE ESTUDIOS SUP. OAXACA, OAX.",Escolarizado,https://www.dgae.unam.mx/Licenciatura2026/resultados/3/30411005.html,40,491,404,72,154,254773,,C,Cancelado,,Consultar
3,Licenciatura 2026,304,30411005,CONTADURIA,"ESCUELA NAL. DE ESTUDIOS SUP. OAXACA, OAX.",Escolarizado,https://www.dgae.unam.mx/Licenciatura2026/resultados/3/30411005.html,40,491,404,72,154,254795,34,,No seleccionado,,Consultar
3,Licenciatura 2026,304,30411005,CONTADURIA,"ESCUELA NAL. DE ESTUDIOS SUP. OAXACA, OAX.",Escolarizado,https://www.dgae.unam.mx/Licenciatura2026/resultados/3/30411005.html,40,491,404,72,154,254829,60,,No seleccionado,,Consultar
3,Licenciatura 2026,304,30411005,CONTADURIA,"ESCUELA NAL. DE ESTUDIOS SUP. OAXACA, OAX.",Escolarizado,https://www.dgae.unam.mx/Licenciatura2026/resultados/3/30411005.html,40,491,404,72,154,254871,55,,No seleccionado,,Consultar
3,Licenciatura 2026,304,30411005,CONTADURIA,"ESCUELA NAL. DE ESTUDIOS SUP. OAXACA, OAX.",Escolarizado,https://www.dgae.unam.mx/Licenciatura2026/resultados/3/30411005.html,40,491,404,72,154,254874,45,,No seleccionado,,Consultar
3,Licenciatura 2026,304,30411005,CONTADURIA,"ESCUELA NAL. DE ESTUDIOS SUP. OAXACA, OAX.",Escolarizado,https://www.dgae.unam.mx/Licenciatura2026/resultados/3/30411005.html,40,491,404,72,154,254881,74,S,Seleccionado,Cita para entregar documentación.,Consultar
3,Licenciatura 2026,304,30411005,CONTADURIA,"ESCUELA NAL. DE ESTUDIOS SUP. OAXACA, OAX.",Escolarizado,https://www.dgae.unam.mx/Licenciatura2026/resultados/3/30411005.html,40,491,404,72,154,254905,50,,No seleccionado,,Consultar
3,Licenciatura 2026,304,30411005,CONTADURIA,"ESCUELA NAL. DE ESTUDIOS SUP. OAXACA, OAX.",Escolarizado,https://www.dgae.unam.mx/Licenciatura2026/resultados/3/30411005.html,40,491,404,72,154,254912,82,S,Seleccionado,Cita para entregar documentación.,Consultar
3,Licenciatura 2026,304,30411005,CONTADURIA,"ESCUELA NAL. DE ESTUDIOS SUP. OAXACA, OAX.",Escolarizado,https://www.dgae.unam.mx/Licenciatura2026/resultados/3/30411005.html,40,491,404,72,154,254918,74,S,Seleccionado,Cita para entregar documentación.,Consultar
3,Licenciatura 2026,304,30411005,CONTADURIA,"ESCUELA NAL. DE ESTUDIOS SUP. OAXACA, OAX.",Escolarizado,https://www.dgae.unam.mx/Licenciatura2026/resultados/3/30411005.html,40,491,404,72,154,254967,68,,No seleccionado,,Consultar
3,Licenciatura 2026,304,30411005,CONTADURIA,"ESCUELA NAL. DE ESTUDIOS SUP. OAXACA, OAX.",Escolarizado,https://www.dgae.unam.mx/Licenciatura2026/resultados/3/30411005.html,40,491,404,72,154,255019,,N,No presentado,,Consultar
3,Licenciatura 2026,304,30411005,CONTADURIA,"ESCUELA NAL. DE ESTUDIOS SUP. OAXACA, OAX.",Escolarizado,https://www.dgae.unam.mx/Licenciatura2026/resultados/3/30411005.html,40,491,404,72,154,255031,,N,No presentado,,Consultar
3,Licenciatura 2026,304,30411005,CONTADURIA,"ESCUELA NAL. DE ESTUDIOS SUP. OAXACA, OAX.",Escolarizado,https://www.dgae.unam.mx/Licenciatura2026/resultados/3/30411005.html,40,491,404,72,154,255051,,N,No presentado,,Consultar
3,Licenciatura 2026,304,30411005,CONTADURIA,"ESCUELA NAL. DE ESTUDIOS SUP. OAXACA, OAX.",Escolarizado,https://www.dgae.unam.mx/Licenciatura2026/resultados/3/30411005.html,40,491,404,72,154,255154,41,,No seleccionado,,Consultar
3,Licenciatura 2026,304,30411005,CONTADURIA,"ESCUELA NAL. DE ESTUDIOS SUP. OAXACA, OAX.",Escolarizado,https://www.dgae.unam.mx/Licenciatura2026/resultados/3/30411005.html,40,491,404,72,154,255164,43,,No seleccionado,,Consultar
3,Licenciatura 2026,304,30411005,CONTADURIA,"ESCUELA NAL. DE ESTUDIOS SUP. OAXACA, OAX.",Escolarizado,https://www.dgae.unam.mx/Licenciatura2026/resultados/3/30411005.html,40,491,404,72,154,255174,,N,No presentado,,Consultar
3,Licenciatura 2026,304,30411005,CONTADURIA,"ESCUELA NAL. DE ESTUDIOS SUP. OAXACA, OAX.",Escolarizado,https://www.dgae.unam.mx/Licenciatura2026/resultados/3/30411005.html,40,491,404,72,154,255199,94,S,Seleccionado,Cita para entregar documentación.,Consultar
3,Licenciatura 2026,304,30411005,CONTADURIA,"ESCUELA NAL. DE ESTUDIOS SUP. OAXACA, OAX.",Escolarizado,https://www.dgae.unam.mx/Licenciatura2026/resultados/3/30411005.html,40,491,404,72,154,255228,51,,No seleccionado,,Consultar
3,Licenciatura 2026,304,30411005,CONTADURIA,"ESCUELA NAL. DE ESTUDIOS SUP. OAXACA, OAX.",Escolarizado,https://www.dgae.unam.mx/Licenciatura2026/resultados/3/30411005.html,40,491,404,72,154,255269,41,,No seleccionado,,Consultar
3,Licenciatura 2026,304,30411005,CONTADURIA,"ESCUELA NAL. DE ESTUDIOS SUP. OAXACA, OAX.",Escolarizado,https://www.dgae.unam.mx/Licenciatura2026/resultados/3/30411005.html,40,491,404,72,154,255274,39,,No seleccionado,,Consultar
3,Licenciatura 2026,304,30411005,CONTADURIA,"ESCUELA NAL. DE ESTUDIOS SUP. OAXACA, OAX.",Escolarizado,https://www.dgae.unam.mx/Licenciatura2026/resultados/3/30411005.html,40,491,404,72,154,255284,46,,No seleccionado,,Consultar
3,Licenciatura 2026,304,30411005,CONTADURIA,"ESCUELA NAL. DE ESTUDIOS SUP. OAXACA, OAX.",Escolarizado,https://www.dgae.unam.mx/Licenciatura2026/resultados/3/30411005.html,40,491,404,72,154,255308,58,,No seleccionado,,Consultar
3,Licenciatura 2026,304,30411005,CONTADURIA,"ESCUELA NAL. DE ESTUDIOS SUP. OAXACA, OAX.",Escolarizado,https://www.dgae.unam.mx/Licenciatura2026/resultados/3/30411005.html,40,491,404,72,154,255314,94,S,Seleccionado,Cita para entregar documentación.,Consultar
3,Licenciatura 2026,304,30411005,CONTADURIA,"ESCUELA NAL. DE ESTUDIOS SUP. OAXACA, OAX.",Escolarizado,https://www.dgae.unam.mx/Licenciatura2026/resultados/3/30411005.html,40,491,404,72,154,255356,24,,No seleccionado,,Consultar
3,Licenciatura 2026,304,30411005,CONTADURIA,"ESCUELA NAL. DE ESTUDIOS SUP. OAXACA, OAX.",Escolarizado,https://www.dgae.unam.mx/Licenciatura2026/resultados/3/30411005.html,40,491,404,72,154,255398,51,,No seleccionado,,Consultar
3,Licenciatura 2026,304,30411005,CONTADURIA,"ESCUELA NAL. DE ESTUDIOS SUP. OAXACA, OAX.",Escolarizado,https://www.dgae.unam.mx/Licenciatura2026/resultados/3/30411005.html,40,491,404,72,154,255427,53,,No seleccionado,,Consultar
3,Licenciatura 2026,304,30411005,CONTADURIA,"ESCUELA NAL. DE ESTUDIOS SUP. OAXACA, OAX.",Escolarizado,https://www.dgae.unam.mx/Licenciatura2026/resultados/3/30411005.html,40,491,404,72,154,255430,,N,No presentado,,Consultar
3,Licenciatura 2026,304,30411005,CONTADURIA,"ESCUELA NAL. DE ESTUDIOS SUP. OAXACA, OAX.",Escolarizado,https://www.dgae.unam.mx/Licenciatura2026/resultados/3/30411005.html,40,491,404,72,154,255438,42,,No seleccionado,,Consultar
3,Licenciatura 2026,304,30411005,CONTADURIA,"ESCUELA NAL. DE ESTUDIOS SUP. OAXACA, OAX.",Escolarizado,https://www.dgae.unam.mx/Licenciatura2026/resultados/3/30411005.html,40,491,404,72,154,255462,74,S,Seleccionado,Cita para entregar documentación.,Consultar
3,Licenciatura 2026,304,30411005,CONTADURIA,"ESCUELA NAL. DE ESTUDIOS SUP. OAXACA, OAX.",Escolarizado,https://www.dgae.unam.mx/Licenciatura2026/resultados/3/30411005.html,40,491,404,72,154,255467,,N,No presentado,,Consultar
3,Licenciatura 2026,304,30411005,CONTADURIA,"ESCUELA NAL. DE ESTUDIOS SUP. OAXACA, OAX.",Escolarizado,https://www.dgae.unam.mx/Licenciatura2026/resultados/3/30411005.html,40,491,404,72,154,255475,80,S,Seleccionado,Cita para entregar documentación.,Consultar
3,Licenciatura 2026,304,30411005,CONTADURIA,"ESCUELA NAL. DE ESTUDIOS SUP. OAXACA, OAX.",Escolarizado,https://www.dgae.unam.mx/Licenciatura2026/resultados/3/30411005.html,40,491,404,72,154,255482,41,,No seleccionado,,Consultar
3,Licenciatura 2026,304,30411005,CONTADURIA,"ESCUELA NAL. DE ESTUDIOS SUP. OAXACA, OAX.",Escolarizado,https://www.dgae.unam.mx/Licenciatura2026/resultados/3/30411005.html,40,491,404,72,154,255504,67,,No seleccionado,,Consultar
3,Licenciatura 2026,304,30411005,CONTADURIA,"ESCUELA NAL. DE ESTUDIOS SUP. OAXACA, OAX.",Escolarizado,https://www.dgae.unam.mx/Licenciatura2026/resultados/3/30411005.html,40,491,404,72,154,255567,72,S,Seleccionado,Cita para entregar documentación.,Consultar
3,Licenciatura 2026,304,30411005,CONTADURIA,"ESCUELA NAL. DE ESTUDIOS SUP. OAXACA, OAX.",Escolarizado,https://www.dgae.unam.mx/Licenciatura2026/resultados/3/30411005.html,40,491,404,72,154,255593,39,,No seleccionado,,Consultar
3,Licenciatura 2026,304,30411005,CONTADURIA,"ESCUELA NAL. DE ESTUDIOS SUP. OAXACA, OAX.",Escolarizado,https://www.dgae.unam.mx/Licenciatura2026/resultados/3/30411005.html,40,491,404,72,154,255657,,N,No presentado,,Consultar
3,Licenciatura 2026,304,30411005,CONTADURIA,"ESCUELA NAL. DE ESTUDIOS SUP. OAXACA, OAX.",Escolarizado,https://www.dgae.unam.mx/Licenciatura2026/resultados/3/30411005.html,40,491,404,72,154,255700,,N,No presentado,,Consultar
3,Licenciatura 2026,304,30411005,CONTADURIA,"ESCUELA NAL. DE ESTUDIOS SUP. OAXACA, OAX.",Escolarizado,https://www.dgae.unam.mx/Licenciatura2026/resultados/3/30411005.html,40,491,404,72,154,255729,81,S,Seleccionado,Cita para entregar documentación.,Consultar
3,Licenciatura 2026,304,30411005,CONTADURIA,"ESCUELA NAL. DE ESTUDIOS SUP. OAXACA, OAX.",Escolarizado,https://www.dgae.unam.mx/Licenciatura2026/resultados/3/30411005.html,40,491,404,72,154,255732,58,,No seleccionado,,Consultar
3,Licenciatura 2026,304,30411005,CONTADURIA,"ESCUELA NAL. DE ESTUDIOS SUP. OAXACA, OAX.",Escolarizado,https://www.dgae.unam.mx/Licenciatura2026/resultados/3/30411005.html,40,491,404,72,154,255756,,C,Cancelado,,Consultar
3,Licenciatura 2026,304,30411005,CONTADURIA,"ESCUELA NAL. DE ESTUDIOS SUP. OAXACA, OAX.",Escolarizado,https://www.dgae.unam.mx/Licenciatura2026/resultados/3/30411005.html,40,491,404,72,154,255759,63,,No seleccionado,,Consultar
3,Licenciatura 2026,304,30411005,CONTADURIA,"ESCUELA NAL. DE ESTUDIOS SUP. OAXACA, OAX.",Escolarizado,https://www.dgae.unam.mx/Licenciatura2026/resultados/3/30411005.html,40,491,404,72,154,255769,83,S,Seleccionado,Cita para entregar documentación.,Consultar
3,Licenciatura 2026,304,30411005,CONTADURIA,"ESCUELA NAL. DE ESTUDIOS SUP. OAXACA, OAX.",Escolarizado,https://www.dgae.unam.mx/Licenciatura2026/resultados/3/30411005.html,40,491,404,72,154,255787,51,,No seleccionado,,Consultar
3,Licenciatura 2026,304,30411005,CONTADURIA,"ESCUELA NAL. DE ESTUDIOS SUP. OAXACA, OAX.",Escolarizado,https://www.dgae.unam.mx/Licenciatura2026/resultados/3/30411005.html,40,491,404,72,154,255791,72,S,Seleccionado,Cita para entregar documentación.,Consultar
3,Licenciatura 2026,304,30411005,CONTADURIA,"ESCUELA NAL. DE ESTUDIOS SUP. OAXACA, OAX.",Escolarizado,https://www.dgae.unam.mx/Licenciatura2026/resultados/3/30411005.html,40,491,404,72,154,255796,51,,No seleccionado,,Consultar
3,Licenciatura 2026,304,30411005,CONTADURIA,"ESCUELA NAL. DE ESTUDIOS SUP. OAXACA, OAX.",Escolarizado,https://www.dgae.unam.mx/Licenciatura2026/resultados/3/30411005.html,40,491,404,72,154,255818,90,S,Seleccionado,Cita para entregar documentación.,Consultar
3,Licenciatura 2026,304,30411005,CONTADURIA,"ESCUELA NAL. DE ESTUDIOS SUP. OAXACA, OAX.",Escolarizado,https://www.dgae.unam.mx/Licenciatura2026/resultados/3/30411005.html,40,491,404,72,154,255834,42,,No seleccionado,,Consultar
3,Licenciatura 2026,304,30411005,CONTADURIA,"ESCUELA NAL. DE ESTUDIOS SUP. OAXACA, OAX.",Escolarizado,https://www.dgae.unam.mx/Licenciatura2026/resultados/3/30411005.html,40,491,404,72,154,255901,81,S,Seleccionado,Cita para entregar documentación.,Consultar
3,Licenciatura 2026,304,30411005,CONTADURIA,"ESCUELA NAL. DE ESTUDIOS SUP. OAXACA, OAX.",Escolarizado,https://www.dgae.unam.mx/Licenciatura2026/resultados/3/30411005.html,40,491,404,72,154,255919,105,S,Seleccionado,Cita para entregar documentación.,Consultar
3,Licenciatura 2026,304,30411005,CONTADURIA,"ESCUELA NAL. DE ESTUDIOS SUP. OAXACA, OAX.",Escolarizado,https://www.dgae.unam.mx/Licenciatura2026/resultados/3/30411005.html,40,491,404,72,154,255938,110,S,Seleccionado,Cita para entregar documentación.,Consultar
3,Licenciatura 2026,304,30411005,CONTADURIA,"ESCUELA NAL. DE ESTUDIOS SUP. OAXACA, OAX.",Escolarizado,https://www.dgae.unam.mx/Licenciatura2026/resultados/3/30411005.html,40,491,404,72,154,255945,75,S,Seleccionado,Cita para entregar documentación.,Consultar
3,Licenciatura 2026,304,30411005,CONTADURIA,"ESCUELA NAL. DE ESTUDIOS SUP. OAXACA, OAX.",Escolarizado,https://www.dgae.unam.mx/Licenciatura2026/resultados/3/30411005.html,40,491,404,72,154,255966,75,S,Seleccionado,Cita para entregar documentación.,Consultar
3,Licenciatura 2026,304,30411005,CONTADURIA,"ESCUELA NAL. DE ESTUDIOS SUP. OAXACA, OAX.",Escolarizado,https://www.dgae.unam.mx/Licenciatura2026/resultados/3/30411005.html,40,491,404,72,154,255990,74,S,Seleccionado,Cita para entregar documentación.,Consultar
3,Licenciatura 2026,304,30411005,CONTADURIA,"ESCUELA NAL. DE ESTUDIOS SUP. OAXACA, OAX.",Escolarizado,https://www.dgae.unam.mx/Licenciatura2026/resultados/3/30411005.html,40,491,404,72,154,256018,42,,No seleccionado,,Consultar
3,Licenciatura 2026,304,30411005,CONTADURIA,"ESCUELA NAL. DE ESTUDIOS SUP. OAXACA, OAX.",Escolarizado,https://www.dgae.unam.mx/Licenciatura2026/resultados/3/30411005.html,40,491,404,72,154,256025,70,,No seleccionado,,Consultar
3,Licenciatura 2026,304,30411005,CONTADURIA,"ESCUELA NAL. DE ESTUDIOS SUP. OAXACA, OAX.",Escolarizado,https://www.dgae.unam.mx/Licenciatura2026/resultados/3/30411005.html,40,491,404,72,154,256061,83,S,Seleccionado,Cita para entregar documentación.,Consultar
3,Licenciatura 2026,304,30411005,CONTADURIA,"ESCUELA NAL. DE ESTUDIOS SUP. OAXACA, OAX.",Escolarizado,https://www.dgae.unam.mx/Licenciatura2026/resultados/3/30411005.html,40,491,404,72,154,256069,44,,No seleccionado,,Consultar
3,Licenciatura 2026,304,30411005,CONTADURIA,"ESCUELA NAL. DE ESTUDIOS SUP. OAXACA, OAX.",Escolarizado,https://www.dgae.unam.mx/Licenciatura2026/resultados/3/30411005.html,40,491,404,72,154,256109,57,,No seleccionado,,Consultar
3,Licenciatura 2026,304,30411005,CONTADURIA,"ESCUELA NAL. DE ESTUDIOS SUP. OAXACA, OAX.",Escolarizado,https://www.dgae.unam.mx/Licenciatura2026/resultados/3/30411005.html,40,491,404,72,154,256111,87,S,Seleccionado,Cita para entregar documentación.,Consultar
3,Licenciatura 2026,304,30411005,CONTADURIA,"ESCUELA NAL. DE ESTUDIOS SUP. OAXACA, OAX.",Escolarizado,https://www.dgae.unam.mx/Licenciatura2026/resultados/3/30411005.html,40,491,404,72,154,256114,73,S,Seleccionado,Cita para entregar documentación.,Consultar
3,Licenciatura 2026,304,30411005,CONTADURIA,"ESCUELA NAL. DE ESTUDIOS SUP. OAXACA, OAX.",Escolarizado,https://www.dgae.unam.mx/Licenciatura2026/resultados/3/30411005.html,40,491,404,72,154,256124,52,,No seleccionado,,Consultar
3,Licenciatura 2026,304,30411005,CONTADURIA,"ESCUELA NAL. DE ESTUDIOS SUP. OAXACA, OAX.",Escolarizado,https://www.dgae.unam.mx/Licenciatura2026/resultados/3/30411005.html,40,491,404,72,154,256155,,N,No presentado,,Consultar
3,Licenciatura 2026,304,30411005,CONTADURIA,"ESCUELA NAL. DE ESTUDIOS SUP. OAXACA, OAX.",Escolarizado,https://www.dgae.unam.mx/Licenciatura2026/resultados/3/30411005.html,40,491,404,72,154,256198,72,S,Seleccionado,Cita para entregar documentación.,Consultar
3,Licenciatura 2026,304,30411005,CONTADURIA,"ESCUELA NAL. DE ESTUDIOS SUP. OAXACA, OAX.",Escolarizado,https://www.dgae.unam.mx/Licenciatura2026/resultados/3/30411005.html,40,491,404,72,154,256215,,N,No presentado,,Consultar
3,Licenciatura 2026,304,30411005,CONTADURIA,"ESCUELA NAL. DE ESTUDIOS SUP. OAXACA, OAX.",Escolarizado,https://www.dgae.unam.mx/Licenciatura2026/resultados/3/30411005.html,40,491,404,72,154,256221,56,,No seleccionado,,Consultar
3,Licenciatura 2026,304,30411005,CONTADURIA,"ESCUELA NAL. DE ESTUDIOS SUP. OAXACA, OAX.",Escolarizado,https://www.dgae.unam.mx/Licenciatura2026/resultados/3/30411005.html,40,491,404,72,154,256229,92,S,Seleccionado,Cita para entregar documentación.,Consultar
3,Licenciatura 2026,304,30411005,CONTADURIA,"ESCUELA NAL. DE ESTUDIOS SUP. OAXACA, OAX.",Escolarizado,https://www.dgae.unam.mx/Licenciatura2026/resultados/3/30411005.html,40,491,404,72,154,256231,,N,No presentado,,Consultar
3,Licenciatura 2026,304,30411005,CONTADURIA,"ESCUELA NAL. DE ESTUDIOS SUP. OAXACA, OAX.",Escolarizado,https://www.dgae.unam.mx/Licenciatura2026/resultados/3/30411005.html,40,491,404,72,154,256233,94,S,Seleccionado,Cita para entregar documentación.,Consultar
3,Licenciatura 2026,304,30411005,CONTADURIA,"ESCUELA NAL. DE ESTUDIOS SUP. OAXACA, OAX.",Escolarizado,https://www.dgae.unam.mx/Licenciatura2026/resultados/3/30411005.html,40,491,404,72,154,256259,49,,No seleccionado,,Consultar
3,Licenciatura 2026,304,30411005,CONTADURIA,"ESCUELA NAL. DE ESTUDIOS SUP. OAXACA, OAX.",Escolarizado,https://www.dgae.unam.mx/Licenciatura2026/resultados/3/30411005.html,40,491,404,72,154,256260,,N,No presentado,,Consultar
3,Licenciatura 2026,304,30411005,CONTADURIA,"ESCUELA NAL. DE ESTUDIOS SUP. OAXACA, OAX.",Escolarizado,https://www.dgae.unam.mx/Licenciatura2026/resultados/3/30411005.html,40,491,404,72,154,256269,74,S,Seleccionado,Cita para entregar documentación.,Consultar
3,Licenciatura 2026,304,30411005,CONTADURIA,"ESCUELA NAL. DE ESTUDIOS SUP. OAXACA, OAX.",Escolarizado,https://www.dgae.unam.mx/Licenciatura2026/resultados/3/30411005.html,40,491,404,72,154,256299,90,S,Seleccionado,Cita para entregar documentación.,Consultar
3,Licenciatura 2026,304,30411005,CONTADURIA,"ESCUELA NAL. DE ESTUDIOS SUP. OAXACA, OAX.",Escolarizado,https://www.dgae.unam.mx/Licenciatura2026/resultados/3/30411005.html,40,491,404,72,154,256345,63,,No seleccionado,,Consultar
3,Licenciatura 2026,304,30411005,CONTADURIA,"ESCUELA NAL. DE ESTUDIOS SUP. OAXACA, OAX.",Escolarizado,https://www.dgae.unam.mx/Licenciatura2026/resultados/3/30411005.html,40,491,404,72,154,256368,41,,No seleccionado,,Consultar
3,Licenciatura 2026,304,30411005,CONTADURIA,"ESCUELA NAL. DE ESTUDIOS SUP. OAXACA, OAX.",Escolarizado,https://www.dgae.unam.mx/Licenciatura2026/resultados/3/30411005.html,40,491,404,72,154,256377,48,,No seleccionado,,Consultar
3,Licenciatura 2026,304,30411005,CONTADURIA,"ESCUELA NAL. DE ESTUDIOS SUP. OAXACA, OAX.",Escolarizado,https://www.dgae.unam.mx/Licenciatura2026/resultados/3/30411005.html,40,491,404,72,154,256386,,N,No presentado,,Consultar
3,Licenciatura 2026,304,30411005,CONTADURIA,"ESCUELA NAL. DE ESTUDIOS SUP. OAXACA, OAX.",Escolarizado,https://www.dgae.unam.mx/Licenciatura2026/resultados/3/30411005.html,40,491,404,72,154,256424,51,,No seleccionado,,Consultar
3,Licenciatura 2026,304,30411005,CONTADURIA,"ESCUELA NAL. DE ESTUDIOS SUP. OAXACA, OAX.",Escolarizado,https://www.dgae.unam.mx/Licenciatura2026/resultados/3/30411005.html,40,491,404,72,154,256488,86,S,Seleccionado,Cita para entregar documentación.,Consultar
3,Licenciatura 2026,304,30411005,CONTADURIA,"ESCUELA NAL. DE ESTUDIOS SUP. OAXACA, OAX.",Escolarizado,https://www.dgae.unam.mx/Licenciatura2026/resultados/3/30411005.html,40,491,404,72,154,256512,75,S,Seleccionado,Cita para entregar documentación.,Consultar
3,Licenciatura 2026,304,30411005,CONTADURIA,"ESCUELA NAL. DE ESTUDIOS SUP. OAXACA, OAX.",Escolarizado,https://www.dgae.unam.mx/Licenciatura2026/resultados/3/30411005.html,40,491,404,72,154,257019,62,,No seleccionado,,Consultar
