Anio,Area,Concurso,Clave_carrera,Codigo_opcion,Carrera,Plantel,Modalidad,URL_resultados,Oferta,Aspirantes,Presentaron_examen,Aciertos_minimos,Seleccionados,Numero_comprobante,Aciertos,Acreditado,Estatus,Detalles,Diagnostico
2025,4,Licenciatura 2025,421,42104005,PEDAGOGIA,FES ARAGÓN,Escolarizado,https://www.dgae.unam.mx/Licenciatura2025/resultados/4/42104005.html,135,1868,1702,70,135,330017,30,,No seleccionado,,Consultar
2025,4,Licenciatura 2025,421,42104005,PEDAGOGIA,FES ARAGÓN,Escolarizado,https://www.dgae.unam.mx/Licenciatura2025/resultados/4/42104005.html,135,1868,1702,70,135,330021,32,,No seleccionado,,Consultar
2025,4,Licenciatura 2025,421,42104005,PEDAGOGIA,FES ARAGÓN,Escolarizado,https://www.dgae.unam.mx/Licenciatura2025/resultados/4/42104005.html,135,1868,1702,70,135,330033,44,,No seleccionado,,Consultar
2025,4,Licenciatura 2025,421,42104005,PEDAGOGIA,FES ARAGÓN,Escolarizado,https://www.dgae.unam.mx/Licenciatura2025/resultados/4/42104005.html,135,1868,1702,70,135,330131,34,,No seleccionado,,Consultar
2025,4,Licenciatura 2025,421,42104005,PEDAGOGIA,FES ARAGÓN,Escolarizado,https://www.dgae.unam.mx/Licenciatura2025/resultados/4/42104005.html,135,1868,1702,70,135,330133,100,S,Seleccionado,Cita para entregar documentación.,Consultar
2025,4,Licenciatura 2025,421,42104005,PEDAGOGIA,FES ARAGÓN,Escolarizado,https://www.dgae.unam.mx/Licenciatura2025/resultados/4/42104005.html,135,1868,1702,70,135,330163,37,,No seleccionado,,Consultar
2025,4,Licenciatura 2025,421,42104005,PEDAGOGIA,FES ARAGÓN,Escolarizado,https://www.dgae.unam.mx/Licenciatura2025/resultados/4/42104005.html,135,1868,1702,70,135,330164,33,,No seleccionado,,Consultar
2025,4,Licenciatura 2025,421,42104005,PEDAGOGIA,FES ARAGÓN,Escolarizado,https://www.dgae.unam.mx/Licenciatura2025/resultados/4/42104005.html,135,1868,1702,70,135,330166,51,,No seleccionado,,Consultar
2025,4,Licenciatura 2025,421,42104005,PEDAGOGIA,FES ARAGÓN,Escolarizado,https://www.dgae.unam.mx/Licenciatura2025/resultados/4/42104005.html,135,1868,1702,70,135,330176,41,,No seleccionado,,Consultar
2025,4,Licenciatura 2025,421,42104005,PEDAGOGIA,FES ARAGÓN,Escolarizado,https://www.dgae.unam.mx/Licenciatura2025/resultados/4/42104005.html,135,1868,1702,70,135,330184,23,,No seleccionado,,Consultar
2025,4,Licenciatura 2025,421,42104005,PEDAGOGIA,FES ARAGÓN,Escolarizado,https://www.dgae.unam.mx/Licenciatura2025/resultados/4/42104005.html,135,1868,1702,70,135,330196,57,,No seleccionado,,Consultar
2025,4,Licenciatura 2025,421,42104005,PEDAGOGIA,FES ARAGÓN,Escolarizado,https://www.dgae.unam.mx/Licenciatura2025/resultados/4/42104005.html,135,1868,1702,70,135,330236,37,,No seleccionado,,Consultar
2025,4,Licenciatura 2025,421,42104005,PEDAGOGIA,FES ARAGÓN,Escolarizado,https://www.dgae.unam.mx/Licenciatura2025/resultados/4/42104005.html,135,1868,1702,70,135,330282,38,,No seleccionado,,Consultar
2025,4,Licenciatura 2025,421,42104005,PEDAGOGIA,FES ARAGÓN,Escolarizado,https://www.dgae.unam.mx/Licenciatura2025/resultados/4/42104005.html,135,1868,1702,70,135,330375,,N,No presentado,,Consultar
2025,4,Licenciatura 2025,421,42104005,PEDAGOGIA,FES ARAGÓN,Escolarizado,https://www.dgae.unam.mx/Licenciatura2025/resultados/4/42104005.html,135,1868,1702,70,135,330400,53,,No seleccionado,,Consultar
2025,4,Licenciatura 2025,421,42104005,PEDAGOGIA,FES ARAGÓN,Escolarizado,https://www.dgae.unam.mx/Licenciatura2025/resultados/4/42104005.html,135,1868,1702,70,135,330415,24,,No seleccionado,,Consultar
2025,4,Licenciatura 2025,421,42104005,PEDAGOGIA,FES ARAGÓN,Escolarizado,https://www.dgae.unam.mx/Licenciatura2025/resultados/4/42104005.html,135,1868,1702,70,135,330476,34,,No seleccionado,,Consultar
2025,4,Licenciatura 2025,421,42104005,PEDAGOGIA,FES ARAGÓN,Escolarizado,https://www.dgae.unam.mx/Licenciatura2025/resultados/4/42104005.html,135,1868,1702,70,135,330481,63,,No seleccionado,,Consultar
2025,4,Licenciatura 2025,421,42104005,PEDAGOGIA,FES ARAGÓN,Escolarizado,https://www.dgae.unam.mx/Licenciatura2025/resultados/4/42104005.html,135,1868,1702,70,135,330482,33,,No seleccionado,,Consultar
2025,4,Licenciatura 2025,421,42104005,PEDAGOGIA,FES ARAGÓN,Escolarizado,https://www.dgae.unam.mx/Licenciatura2025/resultados/4/42104005.html,135,1868,1702,70,135,330484,72,S,Seleccionado,Cita para entregar documentación.,Consultar
2025,4,Licenciatura 2025,421,42104005,PEDAGOGIA,FES ARAGÓN,Escolarizado,https://www.dgae.unam.mx/Licenciatura2025/resultados/4/42104005.html,135,1868,1702,70,135,330492,52,,No seleccionado,,Consultar
2025,4,Licenciatura 2025,421,42104005,PEDAGOGIA,FES ARAGÓN,Escolarizado,https://www.dgae.unam.mx/Licenciatura2025/resultados/4/42104005.html,135,1868,1702,70,135,330493,73,S,Seleccionado,Cita para entregar documentación.,Consultar
2025,4,Licenciatura 2025,421,42104005,PEDAGOGIA,FES ARAGÓN,Escolarizado,https://www.dgae.unam.mx/Licenciatura2025/resultados/4/42104005.html,135,1868,1702,70,135,330499,96,S,Seleccionado,Cita para entregar documentación.,Consultar
2025,4,Licenciatura 2025,421,42104005,PEDAGOGIA,FES ARAGÓN,Escolarizado,https://www.dgae.unam.mx/Licenciatura2025/resultados/4/42104005.html,135,1868,1702,70,135,330504,40,,No seleccionado,,Consultar
2025,4,Licenciatura 2025,421,42104005,PEDAGOGIA,FES ARAGÓN,Escolarizado,https://www.dgae.unam.mx/Licenciatura2025/resultados/4/42104005.html,135,1868,1702,70,135,330506,45,,No seleccionado,,Consultar
2025,4,Licenciatura 2025,421,42104005,PEDAGOGIA,FES ARAGÓN,Escolarizado,https://www.dgae.unam.mx/Licenciatura2025/resultados/4/42104005.html,135,1868,1702,70,135,330511,41,,No seleccionado,,Consultar
2025,4,Licenciatura 2025,421,42104005,PEDAGOGIA,FES ARAGÓN,Escolarizado,https://www.dgae.unam.mx/Licenciatura2025/resultados/4/42104005.html,135,1868,1702,70,135,330512,43,,No seleccionado,,Consultar
2025,4,Licenciatura 2025,421,42104005,PEDAGOGIA,FES ARAGÓN,Escolarizado,https://www.dgae.unam.mx/Licenciatura2025/resultados/4/42104005.html,135,1868,1702,70,135,330516,29,,No seleccionado,,Consultar
2025,4,Licenciatura 2025,421,42104005,PEDAGOGIA,FES ARAGÓN,Escolarizado,https://www.dgae.unam.mx/Licenciatura2025/resultados/4/42104005.html,135,1868,1702,70,135,330517,,,No seleccionado,Cita para aclarar situación escolar.,Consultar
2025,4,Licenciatura 2025,421,42104005,PEDAGOGIA,FES ARAGÓN,Escolarizado,https://www.dgae.unam.mx/Licenciatura2025/resultados/4/42104005.html,135,1868,1702,70,135,330519,36,,No seleccionado,,Consultar
2025,4,Licenciatura 2025,421,42104005,PEDAGOGIA,FES ARAGÓN,Escolarizado,https://www.dgae.unam.mx/Licenciatura2025/resultados/4/42104005.html,135,1868,1702,70,135,330520,39,,No seleccionado,,Consultar
2025,4,Licenciatura 2025,421,42104005,PEDAGOGIA,FES ARAGÓN,Escolarizado,https://www.dgae.unam.mx/Licenciatura2025/resultados/4/42104005.html,135,1868,1702,70,135,330521,72,S,Seleccionado,Cita para entregar documentación.,Consultar
2025,4,Licenciatura 2025,421,42104005,PEDAGOGIA,FES ARAGÓN,Escolarizado,https://www.dgae.unam.mx/Licenciatura2025/resultados/4/42104005.html,135,1868,1702,70,135,330528,35,,No seleccionado,,Consultar
2025,4,Licenciatura 2025,421,42104005,PEDAGOGIA,FES ARAGÓN,Escolarizado,https://www.dgae.unam.mx/Licenciatura2025/resultados/4/42104005.html,135,1868,1702,70,135,330531,45,,No seleccionado,,Consultar
2025,4,Licenciatura 2025,421,42104005,PEDAGOGIA,FES ARAGÓN,Escolarizado,https://www.dgae.unam.mx/Licenciatura2025/resultados/4/42104005.html,135,1868,1702,70,135,330537,22,,No seleccionado,,Consultar
2025,4,Licenciatura 2025,421,42104005,PEDAGOGIA,FES ARAGÓN,Escolarizado,https://www.dgae.unam.mx/Licenciatura2025/resultados/4/42104005.html,135,1868,1702,70,135,330540,38,,No seleccionado,,Consultar
2025,4,Licenciatura 2025,421,42104005,PEDAGOGIA,FES ARAGÓN,Escolarizado,https://www.dgae.unam.mx/Licenciatura2025/resultados/4/42104005.html,135,1868,1702,70,135,330552,20,,No seleccionado,,Consultar
2025,4,Licenciatura 2025,421,42104005,PEDAGOGIA,FES ARAGÓN,Escolarizado,https://www.dgae.unam.mx/Licenciatura2025/resultados/4/42104005.html,135,1868,1702,70,135,330556,88,S,Seleccionado,Cita para entregar documentación.,Consultar
2025,4,Licenciatura 2025,421,42104005,PEDAGOGIA,FES ARAGÓN,Escolarizado,https://www.dgae.unam.mx/Licenciatura2025/resultados/4/42104005.html,135,1868,1702,70,135,330557,47,,No seleccionado,,Consultar
2025,4,Licenciatura 2025,421,42104005,PEDAGOGIA,FES ARAGÓN,Escolarizado,https://www.dgae.unam.mx/Licenciatura2025/resultados/4/42104005.html,135,1868,1702,70,135,330564,45,,No seleccionado,,Consultar
2025,4,Licenciatura 2025,421,42104005,PEDAGOGIA,FES ARAGÓN,Escolarizado,https://www.dgae.unam.mx/Licenciatura2025/resultados/4/42104005.html,135,1868,1702,70,135,330567,,N,No presentado,,Consultar
2025,4,Licenciatura 2025,421,42104005,PEDAGOGIA,FES ARAGÓN,Escolarizado,https://www.dgae.unam.mx/Licenciatura2025/resultados/4/42104005.html,135,1868,1702,70,135,330575,62,,No seleccionado,,Consultar
2025,4,Licenciatura 2025,421,42104005,PEDAGOGIA,FES ARAGÓN,Escolarizado,https://www.dgae.unam.mx/Licenciatura2025/resultados/4/42104005.html,135,1868,1702,70,135,330577,,N,No presentado,,Consultar
2025,4,Licenciatura 2025,421,42104005,PEDAGOGIA,FES ARAGÓN,Escolarizado,https://www.dgae.unam.mx/Licenciatura2025/resultados/4/42104005.html,135,1868,1702,70,135,330581,44,,No seleccionado,,Consultar
2025,4,Licenciatura 2025,421,42104005,PEDAGOGIA,FES ARAGÓN,Escolarizado,https://www.dgae.unam.mx/Licenciatura2025/resultados/4/42104005.html,135,1868,1702,70,135,330585,42,,No seleccionado,,Consultar
2025,4,Licenciatura 2025,421,42104005,PEDAGOGIA,FES ARAGÓN,Escolarizado,https://www.dgae.unam.mx/Licenciatura2025/resultados/4/42104005.html,135,1868,1702,70,135,330588,25,,No seleccionado,,Consultar
2025,4,Licenciatura 2025,421,42104005,PEDAGOGIA,FES ARAGÓN,Escolarizado,https://www.dgae.unam.mx/Licenciatura2025/resultados/4/42104005.html,135,1868,1702,70,135,330595,31,,No seleccionado,,Consultar
2025,4,Licenciatura 2025,421,42104005,PEDAGOGIA,FES ARAGÓN,Escolarizado,https://www.dgae.unam.mx/Licenciatura2025/resultados/4/42104005.html,135,1868,1702,70,135,330596,43,,No seleccionado,,Consultar
2025,4,Licenciatura 2025,421,42104005,PEDAGOGIA,FES ARAGÓN,Escolarizado,https://www.dgae.unam.mx/Licenciatura2025/resultados/4/42104005.html,135,1868,1702,70,135,330606,33,,No seleccionado,,Consultar
2025,4,Licenciatura 2025,421,42104005,PEDAGOGIA,FES ARAGÓN,Escolarizado,https://www.dgae.unam.mx/Licenciatura2025/resultados/4/42104005.html,135,1868,1702,70,135,330607,,N,No presentado,,Consultar
2025,4,Licenciatura 2025,421,42104005,PEDAGOGIA,FES ARAGÓN,Escolarizado,https://www.dgae.unam.mx/Licenciatura2025/resultados/4/42104005.html,135,1868,1702,70,135,330614,43,,No seleccionado,,Consultar
2025,4,Licenciatura 2025,421,42104005,PEDAGOGIA,FES ARAGÓN,Escolarizado,https://www.dgae.unam.mx/Licenciatura2025/resultados/4/42104005.html,135,1868,1702,70,135,330620,49,,No seleccionado,,Consultar
2025,4,Licenciatura 2025,421,42104005,PEDAGOGIA,FES ARAGÓN,Escolarizado,https://www.dgae.unam.mx/Licenciatura2025/resultados/4/42104005.html,135,1868,1702,70,135,330629,87,S,Seleccionado,Cita para entregar documentación.,Consultar
2025,4,Licenciatura 2025,421,42104005,PEDAGOGIA,FES ARAGÓN,Escolarizado,https://www.dgae.unam.mx/Licenciatura2025/resultados/4/42104005.html,135,1868,1702,70,135,330630,53,,No seleccionado,,Consultar
2025,4,Licenciatura 2025,421,42104005,PEDAGOGIA,FES ARAGÓN,Escolarizado,https://www.dgae.unam.mx/Licenciatura2025/resultados/4/42104005.html,135,1868,1702,70,135,330635,75,S,Seleccionado,Cita para entregar documentación.,Consultar
2025,4,Licenciatura 2025,421,42104005,PEDAGOGIA,FES ARAGÓN,Escolarizado,https://www.dgae.unam.mx/Licenciatura2025/resultados/4/42104005.html,135,1868,1702,70,135,330639,66,,No seleccionado,,Consultar
2025,4,Licenciatura 2025,421,42104005,PEDAGOGIA,FES ARAGÓN,Escolarizado,https://www.dgae.unam.mx/Licenciatura2025/resultados/4/42104005.html,135,1868,1702,70,135,330647,47,,No seleccionado,,Consultar
2025,4,Licenciatura 2025,421,42104005,PEDAGOGIA,FES ARAGÓN,Escolarizado,https://www.dgae.unam.mx/Licenciatura2025/resultados/4/42104005.html,135,1868,1702,70,135,330649,71,S,Seleccionado,Cita para entregar documentación.,Consultar
2025,4,Licenciatura 2025,421,42104005,PEDAGOGIA,FES ARAGÓN,Escolarizado,https://www.dgae.unam.mx/Licenciatura2025/resultados/4/42104005.html,135,1868,1702,70,135,330650,28,,No seleccionado,,Consultar
2025,4,Licenciatura 2025,421,42104005,PEDAGOGIA,FES ARAGÓN,Escolarizado,https://www.dgae.unam.mx/Licenciatura2025/resultados/4/42104005.html,135,1868,1702,70,135,330658,62,,No seleccionado,,Consultar
2025,4,Licenciatura 2025,421,42104005,PEDAGOGIA,FES ARAGÓN,Escolarizado,https://www.dgae.unam.mx/Licenciatura2025/resultados/4/42104005.html,135,1868,1702,70,135,330659,31,,No seleccionado,,Consultar
2025,4,Licenciatura 2025,421,42104005,PEDAGOGIA,FES ARAGÓN,Escolarizado,https://www.dgae.unam.mx/Licenciatura2025/resultados/4/42104005.html,135,1868,1702,70,135,330662,,N,No presentado,,Consultar
2025,4,Licenciatura 2025,421,42104005,PEDAGOGIA,FES ARAGÓN,Escolarizado,https://www.dgae.unam.mx/Licenciatura2025/resultados/4/42104005.html,135,1868,1702,70,135,330665,42,,No seleccionado,,Consultar
2025,4,Licenciatura 2025,421,42104005,PEDAGOGIA,FES ARAGÓN,Escolarizado,https://www.dgae.unam.mx/Licenciatura2025/resultados/4/42104005.html,135,1868,1702,70,135,330667,39,,No seleccionado,,Consultar
2025,4,Licenciatura 2025,421,42104005,PEDAGOGIA,FES ARAGÓN,Escolarizado,https://www.dgae.unam.mx/Licenciatura2025/resultados/4/42104005.html,135,1868,1702,70,135,330671,55,,No seleccionado,,Consultar
2025,4,Licenciatura 2025,421,42104005,PEDAGOGIA,FES ARAGÓN,Escolarizado,https://www.dgae.unam.mx/Licenciatura2025/resultados/4/42104005.html,135,1868,1702,70,135,330686,39,,No seleccionado,,Consultar
2025,4,Licenciatura 2025,421,42104005,PEDAGOGIA,FES ARAGÓN,Escolarizado,https://www.dgae.unam.mx/Licenciatura2025/resultados/4/42104005.html,135,1868,1702,70,135,330687,84,S,Seleccionado,Cita para entregar documentación.,Consultar
2025,4,Licenciatura 2025,421,42104005,PEDAGOGIA,FES ARAGÓN,Escolarizado,https://www.dgae.unam.mx/Licenciatura2025/resultados/4/42104005.html,135,1868,1702,70,135,330688,34,,No seleccionado,,Consultar
2025,4,Licenciatura 2025,421,42104005,PEDAGOGIA,FES ARAGÓN,Escolarizado,https://www.dgae.unam.mx/Licenciatura2025/resultados/4/42104005.html,135,1868,1702,70,135,330694,69,,No seleccionado,,Consultar
2025,4,Licenciatura 2025,421,42104005,PEDAGOGIA,FES ARAGÓN,Escolarizado,https://www.dgae.unam.mx/Licenciatura2025/resultados/4/42104005.html,135,1868,1702,70,135,330699,42,,No seleccionado,,Consultar
2025,4,Licenciatura 2025,421,42104005,PEDAGOGIA,FES ARAGÓN,Escolarizado,https://www.dgae.unam.mx/Licenciatura2025/resultados/4/42104005.html,135,1868,1702,70,135,330703,58,,No seleccionado,,Consultar
2025,4,Licenciatura 2025,421,42104005,PEDAGOGIA,FES ARAGÓN,Escolarizado,https://www.dgae.unam.mx/Licenciatura2025/resultados/4/42104005.html,135,1868,1702,70,135,330706,29,,No seleccionado,,Consultar
2025,4,Licenciatura 2025,421,42104005,PEDAGOGIA,FES ARAGÓN,Escolarizado,https://www.dgae.unam.mx/Licenciatura2025/resultados/4/42104005.html,135,1868,1702,70,135,330709,34,,No seleccionado,,Consultar
2025,4,Licenciatura 2025,421,42104005,PEDAGOGIA,FES ARAGÓN,Escolarizado,https://www.dgae.unam.mx/Licenciatura2025/resultados/4/42104005.html,135,1868,1702,70,135,330710,45,,No seleccionado,,Consultar
2025,4,Licenciatura 2025,421,42104005,PEDAGOGIA,FES ARAGÓN,Escolarizado,https://www.dgae.unam.mx/Licenciatura2025/resultados/4/42104005.html,135,1868,1702,70,135,330716,74,S,Seleccionado,Cita para entregar documentación.,Consultar
2025,4,Licenciatura 2025,421,42104005,PEDAGOGIA,FES ARAGÓN,Escolarizado,https://www.dgae.unam.mx/Licenciatura2025/resultados/4/42104005.html,135,1868,1702,70,135,330723,34,,No seleccionado,,Consultar
2025,4,Licenciatura 2025,421,42104005,PEDAGOGIA,FES ARAGÓN,Escolarizado,https://www.dgae.unam.mx/Licenciatura2025/resultados/4/42104005.html,135,1868,1702,70,135,330730,57,,No seleccionado,,Consultar
2025,4,Licenciatura 2025,421,42104005,PEDAGOGIA,FES ARAGÓN,Escolarizado,https://www.dgae.unam.mx/Licenciatura2025/resultados/4/42104005.html,135,1868,1702,70,135,330735,51,,No seleccionado,,Consultar
2025,4,Licenciatura 2025,421,42104005,PEDAGOGIA,FES ARAGÓN,Escolarizado,https://www.dgae.unam.mx/Licenciatura2025/resultados/4/42104005.html,135,1868,1702,70,135,330742,33,,No seleccionado,,Consultar
2025,4,Licenciatura 2025,421,42104005,PEDAGOGIA,FES ARAGÓN,Escolarizado,https://www.dgae.unam.mx/Licenciatura2025/resultados/4/42104005.html,135,1868,1702,70,135,330744,53,,No seleccionado,,Consultar
2025,4,Licenciatura 2025,421,42104005,PEDAGOGIA,FES ARAGÓN,Escolarizado,https://www.dgae.unam.mx/Licenciatura2025/resultados/4/42104005.html,135,1868,1702,70,135,330745,59,,No seleccionado,,Consultar
2025,4,Licenciatura 2025,421,42104005,PEDAGOGIA,FES ARAGÓN,Escolarizado,https://www.dgae.unam.mx/Licenciatura2025/resultados/4/42104005.html,135,1868,1702,70,135,330747,53,,No seleccionado,,Consultar
2025,4,Licenciatura 2025,421,42104005,PEDAGOGIA,FES ARAGÓN,Escolarizado,https://www.dgae.unam.mx/Licenciatura2025/resultados/4/42104005.html,135,1868,1702,70,135,330764,43,,No seleccionado,,Consultar
2025,4,Licenciatura 2025,421,42104005,PEDAGOGIA,FES ARAGÓN,Escolarizado,https://www.dgae.unam.mx/Licenciatura2025/resultados/4/42104005.html,135,1868,1702,70,135,330770,49,,No seleccionado,,Consultar
2025,4,Licenciatura 2025,421,42104005,PEDAGOGIA,FES ARAGÓN,Escolarizado,https://www.dgae.unam.mx/Licenciatura2025/resultados/4/42104005.html,135,1868,1702,70,135,330777,34,,No seleccionado,,Consultar
2025,4,Licenciatura 2025,421,42104005,PEDAGOGIA,FES ARAGÓN,Escolarizado,https://www.dgae.unam.mx/Licenciatura2025/resultados/4/42104005.html,135,1868,1702,70,135,330790,31,,No seleccionado,,Consultar
2025,4,Licenciatura 2025,421,42104005,PEDAGOGIA,FES ARAGÓN,Escolarizado,https://www.dgae.unam.mx/Licenciatura2025/resultados/4/42104005.html,135,1868,1702,70,135,330791,,N,No presentado,,Consultar
2025,4,Licenciatura 2025,421,42104005,PEDAGOGIA,FES ARAGÓN,Escolarizado,https://www.dgae.unam.mx/Licenciatura2025/resultados/4/42104005.html,135,1868,1702,70,135,330798,34,,No seleccionado,,Consultar
2025,4,Licenciatura 2025,421,42104005,PEDAGOGIA,FES ARAGÓN,Escolarizado,https://www.dgae.unam.mx/Licenciatura2025/resultados/4/42104005.html,135,1868,1702,70,135,330799,60,,No seleccionado,,Consultar
2025,4,Licenciatura 2025,421,42104005,PEDAGOGIA,FES ARAGÓN,Escolarizado,https://www.dgae.unam.mx/Licenciatura2025/resultados/4/42104005.html,135,1868,1702,70,135,330804,48,,No seleccionado,,Consultar
2025,4,Licenciatura 2025,421,42104005,PEDAGOGIA,FES ARAGÓN,Escolarizado,https://www.dgae.unam.mx/Licenciatura2025/resultados/4/42104005.html,135,1868,1702,70,135,330818,28,,No seleccionado,,Consultar
2025,4,Licenciatura 2025,421,42104005,PEDAGOGIA,FES ARAGÓN,Escolarizado,https://www.dgae.unam.mx/Licenciatura2025/resultados/4/42104005.html,135,1868,1702,70,135,330819,56,,No seleccionado,,Consultar
2025,4,Licenciatura 2025,421,42104005,PEDAGOGIA,FES ARAGÓN,Escolarizado,https://www.dgae.unam.mx/Licenciatura2025/resultados/4/42104005.html,135,1868,1702,70,135,330821,44,,No seleccionado,,Consultar
2025,4,Licenciatura 2025,421,42104005,PEDAGOGIA,FES ARAGÓN,Escolarizado,https://www.dgae.unam.mx/Licenciatura2025/resultados/4/42104005.html,135,1868,1702,70,135,330824,25,,No seleccionado,,Consultar
2025,4,Licenciatura 2025,421,42104005,PEDAGOGIA,FES ARAGÓN,Escolarizado,https://www.dgae.unam.mx/Licenciatura2025/resultados/4/42104005.html,135,1868,1702,70,135,330826,43,,No seleccionado,,Consultar
2025,4,Licenciatura 2025,421,42104005,PEDAGOGIA,FES ARAGÓN,Escolarizado,https://www.dgae.unam.mx/Licenciatura2025/resultados/4/42104005.html,135,1868,1702,70,135,330831,43,,No seleccionado,,Consultar
2025,4,Licenciatura 2025,421,42104005,PEDAGOGIA,FES ARAGÓN,Escolarizado,https://www.dgae.unam.mx/Licenciatura2025/resultados/4/42104005.html,135,1868,1702,70,135,330833,49,,No seleccionado,,Consultar
2025,4,Licenciatura 2025,421,42104005,PEDAGOGIA,FES ARAGÓN,Escolarizado,https://www.dgae.unam.mx/Licenciatura2025/resultados/4/42104005.html,135,1868,1702,70,135,330840,47,,No seleccionado,,Consultar
2025,4,Licenciatura 2025,421,42104005,PEDAGOGIA,FES ARAGÓN,Escolarizado,https://www.dgae.unam.mx/Licenciatura2025/resultados/4/42104005.html,135,1868,1702,70,135,330845,49,,No seleccionado,,Consultar
2025,4,Licenciatura 2025,421,42104005,PEDAGOGIA,FES ARAGÓN,Escolarizado,https://www.dgae.unam.mx/Licenciatura2025/resultados/4/42104005.html,135,1868,1702,70,135,330855,68,,No seleccionado,,Consultar
2025,4,Licenciatura 2025,421,42104005,PEDAGOGIA,FES ARAGÓN,Escolarizado,https://www.dgae.unam.mx/Licenciatura2025/resultados/4/42104005.html,135,1868,1702,70,135,330861,65,,No seleccionado,,Consultar
2025,4,Licenciatura 2025,421,42104005,PEDAGOGIA,FES ARAGÓN,Escolarizado,https://www.dgae.unam.mx/Licenciatura2025/resultados/4/42104005.html,135,1868,1702,70,135,330863,33,,No seleccionado,,Consultar
2025,4,Licenciatura 2025,421,42104005,PEDAGOGIA,FES ARAGÓN,Escolarizado,https://www.dgae.unam.mx/Licenciatura2025/resultados/4/42104005.html,135,1868,1702,70,135,330883,47,,No seleccionado,,Consultar
2025,4,Licenciatura 2025,421,42104005,PEDAGOGIA,FES ARAGÓN,Escolarizado,https://www.dgae.unam.mx/Licenciatura2025/resultados/4/42104005.html,135,1868,1702,70,135,330884,81,S,Seleccionado,Cita para entregar documentación.,Consultar
2025,4,Licenciatura 2025,421,42104005,PEDAGOGIA,FES ARAGÓN,Escolarizado,https://www.dgae.unam.mx/Licenciatura2025/resultados/4/42104005.html,135,1868,1702,70,135,330886,39,,No seleccionado,,Consultar
2025,4,Licenciatura 2025,421,42104005,PEDAGOGIA,FES ARAGÓN,Escolarizado,https://www.dgae.unam.mx/Licenciatura2025/resultados/4/42104005.html,135,1868,1702,70,135,330892,69,,No seleccionado,,Consultar
2025,4,Licenciatura 2025,421,42104005,PEDAGOGIA,FES ARAGÓN,Escolarizado,https://www.dgae.unam.mx/Licenciatura2025/resultados/4/42104005.html,135,1868,1702,70,135,330896,38,,No seleccionado,,Consultar
2025,4,Licenciatura 2025,421,42104005,PEDAGOGIA,FES ARAGÓN,Escolarizado,https://www.dgae.unam.mx/Licenciatura2025/resultados/4/42104005.html,135,1868,1702,70,135,330903,48,,No seleccionado,,Consultar
2025,4,Licenciatura 2025,421,42104005,PEDAGOGIA,FES ARAGÓN,Escolarizado,https://www.dgae.unam.mx/Licenciatura2025/resultados/4/42104005.html,135,1868,1702,70,135,330907,31,,No seleccionado,,Consultar
2025,4,Licenciatura 2025,421,42104005,PEDAGOGIA,FES ARAGÓN,Escolarizado,https://www.dgae.unam.mx/Licenciatura2025/resultados/4/42104005.html,135,1868,1702,70,135,330908,63,,No seleccionado,,Consultar
2025,4,Licenciatura 2025,421,42104005,PEDAGOGIA,FES ARAGÓN,Escolarizado,https://www.dgae.unam.mx/Licenciatura2025/resultados/4/42104005.html,135,1868,1702,70,135,330911,69,,No seleccionado,,Consultar
2025,4,Licenciatura 2025,421,42104005,PEDAGOGIA,FES ARAGÓN,Escolarizado,https://www.dgae.unam.mx/Licenciatura2025/resultados/4/42104005.html,135,1868,1702,70,135,330916,42,,No seleccionado,,Consultar
2025,4,Licenciatura 2025,421,42104005,PEDAGOGIA,FES ARAGÓN,Escolarizado,https://www.dgae.unam.mx/Licenciatura2025/resultados/4/42104005.html,135,1868,1702,70,135,330920,,N,No presentado,,Consultar
2025,4,Licenciatura 2025,421,42104005,PEDAGOGIA,FES ARAGÓN,Escolarizado,https://www.dgae.unam.mx/Licenciatura2025/resultados/4/42104005.html,135,1868,1702,70,135,330926,65,,No seleccionado,,Consultar
2025,4,Licenciatura 2025,421,42104005,PEDAGOGIA,FES ARAGÓN,Escolarizado,https://www.dgae.unam.mx/Licenciatura2025/resultados/4/42104005.html,135,1868,1702,70,135,330927,50,,No seleccionado,,Consultar
2025,4,Licenciatura 2025,421,42104005,PEDAGOGIA,FES ARAGÓN,Escolarizado,https://www.dgae.unam.mx/Licenciatura2025/resultados/4/42104005.html,135,1868,1702,70,135,330928,33,,No seleccionado,,Consultar
2025,4,Licenciatura 2025,421,42104005,PEDAGOGIA,FES ARAGÓN,Escolarizado,https://www.dgae.unam.mx/Licenciatura2025/resultados/4/42104005.html,135,1868,1702,70,135,330935,,,No seleccionado,Cita para aclarar situación escolar.,Consultar
2025,4,Licenciatura 2025,421,42104005,PEDAGOGIA,FES ARAGÓN,Escolarizado,https://www.dgae.unam.mx/Licenciatura2025/resultados/4/42104005.html,135,1868,1702,70,135,330943,41,,No seleccionado,,Consultar
2025,4,Licenciatura 2025,421,42104005,PEDAGOGIA,FES ARAGÓN,Escolarizado,https://www.dgae.unam.mx/Licenciatura2025/resultados/4/42104005.html,135,1868,1702,70,135,330946,31,,No seleccionado,,Consultar
2025,4,Licenciatura 2025,421,42104005,PEDAGOGIA,FES ARAGÓN,Escolarizado,https://www.dgae.unam.mx/Licenciatura2025/resultados/4/42104005.html,135,1868,1702,70,135,330951,37,,No seleccionado,,Consultar
2025,4,Licenciatura 2025,421,42104005,PEDAGOGIA,FES ARAGÓN,Escolarizado,https://www.dgae.unam.mx/Licenciatura2025/resultados/4/42104005.html,135,1868,1702,70,135,330956,32,,No seleccionado,,Consultar
2025,4,Licenciatura 2025,421,42104005,PEDAGOGIA,FES ARAGÓN,Escolarizado,https://www.dgae.unam.mx/Licenciatura2025/resultados/4/42104005.html,135,1868,1702,70,135,330967,60,,No seleccionado,,Consultar
2025,4,Licenciatura 2025,421,42104005,PEDAGOGIA,FES ARAGÓN,Escolarizado,https://www.dgae.unam.mx/Licenciatura2025/resultados/4/42104005.html,135,1868,1702,70,135,330971,54,,No seleccionado,,Consultar
2025,4,Licenciatura 2025,421,42104005,PEDAGOGIA,FES ARAGÓN,Escolarizado,https://www.dgae.unam.mx/Licenciatura2025/resultados/4/42104005.html,135,1868,1702,70,135,330981,54,,No seleccionado,,Consultar
2025,4,Licenciatura 2025,421,42104005,PEDAGOGIA,FES ARAGÓN,Escolarizado,https://www.dgae.unam.mx/Licenciatura2025/resultados/4/42104005.html,135,1868,1702,70,135,330982,62,,No seleccionado,,Consultar
2025,4,Licenciatura 2025,421,42104005,PEDAGOGIA,FES ARAGÓN,Escolarizado,https://www.dgae.unam.mx/Licenciatura2025/resultados/4/42104005.html,135,1868,1702,70,135,330984,48,,No seleccionado,,Consultar
2025,4,Licenciatura 2025,421,42104005,PEDAGOGIA,FES ARAGÓN,Escolarizado,https://www.dgae.unam.mx/Licenciatura2025/resultados/4/42104005.html,135,1868,1702,70,135,330985,94,S,Seleccionado,Cita para entregar documentación.,Consultar
2025,4,Licenciatura 2025,421,42104005,PEDAGOGIA,FES ARAGÓN,Escolarizado,https://www.dgae.unam.mx/Licenciatura2025/resultados/4/42104005.html,135,1868,1702,70,135,330992,43,,No seleccionado,,Consultar
2025,4,Licenciatura 2025,421,42104005,PEDAGOGIA,FES ARAGÓN,Escolarizado,https://www.dgae.unam.mx/Licenciatura2025/resultados/4/42104005.html,135,1868,1702,70,135,330997,60,,No seleccionado,,Consultar
2025,4,Licenciatura 2025,421,42104005,PEDAGOGIA,FES ARAGÓN,Escolarizado,https://www.dgae.unam.mx/Licenciatura2025/resultados/4/42104005.html,135,1868,1702,70,135,331046,40,,No seleccionado,,Consultar
2025,4,Licenciatura 2025,421,42104005,PEDAGOGIA,FES ARAGÓN,Escolarizado,https://www.dgae.unam.mx/Licenciatura2025/resultados/4/42104005.html,135,1868,1702,70,135,331092,26,,No seleccionado,,Consultar
2025,4,Licenciatura 2025,421,42104005,PEDAGOGIA,FES ARAGÓN,Escolarizado,https://www.dgae.unam.mx/Licenciatura2025/resultados/4/42104005.html,135,1868,1702,70,135,331315,28,,No seleccionado,,Consultar
2025,4,Licenciatura 2025,421,42104005,PEDAGOGIA,FES ARAGÓN,Escolarizado,https://www.dgae.unam.mx/Licenciatura2025/resultados/4/42104005.html,135,1868,1702,70,135,331319,28,,No seleccionado,,Consultar
2025,4,Licenciatura 2025,421,42104005,PEDAGOGIA,FES ARAGÓN,Escolarizado,https://www.dgae.unam.mx/Licenciatura2025/resultados/4/42104005.html,135,1868,1702,70,135,331399,29,,No seleccionado,,Consultar
2025,4,Licenciatura 2025,421,42104005,PEDAGOGIA,FES ARAGÓN,Escolarizado,https://www.dgae.unam.mx/Licenciatura2025/resultados/4/42104005.html,135,1868,1702,70,135,331451,57,,No seleccionado,,Consultar
2025,4,Licenciatura 2025,421,42104005,PEDAGOGIA,FES ARAGÓN,Escolarizado,https://www.dgae.unam.mx/Licenciatura2025/resultados/4/42104005.html,135,1868,1702,70,135,331563,99,S,Seleccionado,Cita para entregar documentación.,Consultar
2025,4,Licenciatura 2025,421,42104005,PEDAGOGIA,FES ARAGÓN,Escolarizado,https://www.dgae.unam.mx/Licenciatura2025/resultados/4/42104005.html,135,1868,1702,70,135,331680,52,,No seleccionado,,Consultar
2025,4,Licenciatura 2025,421,42104005,PEDAGOGIA,FES ARAGÓN,Escolarizado,https://www.dgae.unam.mx/Licenciatura2025/resultados/4/42104005.html,135,1868,1702,70,135,331687,40,,No seleccionado,,Consultar
2025,4,Licenciatura 2025,421,42104005,PEDAGOGIA,FES ARAGÓN,Escolarizado,https://www.dgae.unam.mx/Licenciatura2025/resultados/4/42104005.html,135,1868,1702,70,135,331719,93,S,Seleccionado,Cita para entregar documentación.,Consultar
2025,4,Licenciatura 2025,421,42104005,PEDAGOGIA,FES ARAGÓN,Escolarizado,https://www.dgae.unam.mx/Licenciatura2025/resultados/4/42104005.html,135,1868,1702,70,135,331798,31,,No seleccionado,,Consultar
2025,4,Licenciatura 2025,421,42104005,PEDAGOGIA,FES ARAGÓN,Escolarizado,https://www.dgae.unam.mx/Licenciatura2025/resultados/4/42104005.html,135,1868,1702,70,135,331914,61,,No seleccionado,,Consultar
2025,4,Licenciatura 2025,421,42104005,PEDAGOGIA,FES ARAGÓN,Escolarizado,https://www.dgae.unam.mx/Licenciatura2025/resultados/4/42104005.html,135,1868,1702,70,135,331940,27,,No seleccionado,,Consultar
2025,4,Licenciatura 2025,421,42104005,PEDAGOGIA,FES ARAGÓN,Escolarizado,https://www.dgae.unam.mx/Licenciatura2025/resultados/4/42104005.html,135,1868,1702,70,135,332082,,N,No presentado,,Consultar
2025,4,Licenciatura 2025,421,42104005,PEDAGOGIA,FES ARAGÓN,Escolarizado,https://www.dgae.unam.mx/Licenciatura2025/resultados/4/42104005.html,135,1868,1702,70,135,332110,,N,No presentado,,Consultar
2025,4,Licenciatura 2025,421,42104005,PEDAGOGIA,FES ARAGÓN,Escolarizado,https://www.dgae.unam.mx/Licenciatura2025/resultados/4/42104005.html,135,1868,1702,70,135,332114,40,,No seleccionado,,Consultar
2025,4,Licenciatura 2025,421,42104005,PEDAGOGIA,FES ARAGÓN,Escolarizado,https://www.dgae.unam.mx/Licenciatura2025/resultados/4/42104005.html,135,1868,1702,70,135,332197,55,,No seleccionado,,Consultar
2025,4,Licenciatura 2025,421,42104005,PEDAGOGIA,FES ARAGÓN,Escolarizado,https://www.dgae.unam.mx/Licenciatura2025/resultados/4/42104005.html,135,1868,1702,70,135,332203,49,,No seleccionado,,Consultar
2025,4,Licenciatura 2025,421,42104005,PEDAGOGIA,FES ARAGÓN,Escolarizado,https://www.dgae.unam.mx/Licenciatura2025/resultados/4/42104005.html,135,1868,1702,70,135,332241,,N,No presentado,,Consultar
2025,4,Licenciatura 2025,421,42104005,PEDAGOGIA,FES ARAGÓN,Escolarizado,https://www.dgae.unam.mx/Licenciatura2025/resultados/4/42104005.html,135,1868,1702,70,135,332246,50,,No seleccionado,,Consultar
2025,4,Licenciatura 2025,421,42104005,PEDAGOGIA,FES ARAGÓN,Escolarizado,https://www.dgae.unam.mx/Licenciatura2025/resultados/4/42104005.html,135,1868,1702,70,135,332266,44,,No seleccionado,,Consultar
2025,4,Licenciatura 2025,421,42104005,PEDAGOGIA,FES ARAGÓN,Escolarizado,https://www.dgae.unam.mx/Licenciatura2025/resultados/4/42104005.html,135,1868,1702,70,135,332270,70,S,Seleccionado,Cita para entregar documentación.,Consultar
2025,4,Licenciatura 2025,421,42104005,PEDAGOGIA,FES ARAGÓN,Escolarizado,https://www.dgae.unam.mx/Licenciatura2025/resultados/4/42104005.html,135,1868,1702,70,135,332277,69,,No seleccionado,,Consultar
2025,4,Licenciatura 2025,421,42104005,PEDAGOGIA,FES ARAGÓN,Escolarizado,https://www.dgae.unam.mx/Licenciatura2025/resultados/4/42104005.html,135,1868,1702,70,135,332279,43,,No seleccionado,,Consultar
2025,4,Licenciatura 2025,421,42104005,PEDAGOGIA,FES ARAGÓN,Escolarizado,https://www.dgae.unam.mx/Licenciatura2025/resultados/4/42104005.html,135,1868,1702,70,135,332285,,N,No presentado,,Consultar
2025,4,Licenciatura 2025,421,42104005,PEDAGOGIA,FES ARAGÓN,Escolarizado,https://www.dgae.unam.mx/Licenciatura2025/resultados/4/42104005.html,135,1868,1702,70,135,332286,38,,No seleccionado,,Consultar
2025,4,Licenciatura 2025,421,42104005,PEDAGOGIA,FES ARAGÓN,Escolarizado,https://www.dgae.unam.mx/Licenciatura2025/resultados/4/42104005.html,135,1868,1702,70,135,332298,80,S,Seleccionado,Cita para entregar documentación.,Consultar
2025,4,Licenciatura 2025,421,42104005,PEDAGOGIA,FES ARAGÓN,Escolarizado,https://www.dgae.unam.mx/Licenciatura2025/resultados/4/42104005.html,135,1868,1702,70,135,332310,,N,No presentado,,Consultar
2025,4,Licenciatura 2025,421,42104005,PEDAGOGIA,FES ARAGÓN,Escolarizado,https://www.dgae.unam.mx/Licenciatura2025/resultados/4/42104005.html,135,1868,1702,70,135,332318,44,,No seleccionado,,Consultar
2025,4,Licenciatura 2025,421,42104005,PEDAGOGIA,FES ARAGÓN,Escolarizado,https://www.dgae.unam.mx/Licenciatura2025/resultados/4/42104005.html,135,1868,1702,70,135,332323,50,,No seleccionado,,Consultar
2025,4,Licenciatura 2025,421,42104005,PEDAGOGIA,FES ARAGÓN,Escolarizado,https://www.dgae.unam.mx/Licenciatura2025/resultados/4/42104005.html,135,1868,1702,70,135,332327,56,,No seleccionado,,Consultar
2025,4,Licenciatura 2025,421,42104005,PEDAGOGIA,FES ARAGÓN,Escolarizado,https://www.dgae.unam.mx/Licenciatura2025/resultados/4/42104005.html,135,1868,1702,70,135,332342,48,,No seleccionado,,Consultar
2025,4,Licenciatura 2025,421,42104005,PEDAGOGIA,FES ARAGÓN,Escolarizado,https://www.dgae.unam.mx/Licenciatura2025/resultados/4/42104005.html,135,1868,1702,70,135,332346,46,,No seleccionado,,Consultar
2025,4,Licenciatura 2025,421,42104005,PEDAGOGIA,FES ARAGÓN,Escolarizado,https://www.dgae.unam.mx/Licenciatura2025/resultados/4/42104005.html,135,1868,1702,70,135,332358,43,,No seleccionado,,Consultar
2025,4,Licenciatura 2025,421,42104005,PEDAGOGIA,FES ARAGÓN,Escolarizado,https://www.dgae.unam.mx/Licenciatura2025/resultados/4/42104005.html,135,1868,1702,70,135,332361,71,S,Seleccionado,Cita para entregar documentación.,Consultar
2025,4,Licenciatura 2025,421,42104005,PEDAGOGIA,FES ARAGÓN,Escolarizado,https://www.dgae.unam.mx/Licenciatura2025/resultados/4/42104005.html,135,1868,1702,70,135,332373,,N,No presentado,,Consultar
2025,4,Licenciatura 2025,421,42104005,PEDAGOGIA,FES ARAGÓN,Escolarizado,https://www.dgae.unam.mx/Licenciatura2025/resultados/4/42104005.html,135,1868,1702,70,135,332376,37,,No seleccionado,,Consultar
2025,4,Licenciatura 2025,421,42104005,PEDAGOGIA,FES ARAGÓN,Escolarizado,https://www.dgae.unam.mx/Licenciatura2025/resultados/4/42104005.html,135,1868,1702,70,135,332384,58,,No seleccionado,,Consultar
2025,4,Licenciatura 2025,421,42104005,PEDAGOGIA,FES ARAGÓN,Escolarizado,https://www.dgae.unam.mx/Licenciatura2025/resultados/4/42104005.html,135,1868,1702,70,135,332397,72,S,Seleccionado,Cita para entregar documentación.,Consultar
2025,4,Licenciatura 2025,421,42104005,PEDAGOGIA,FES ARAGÓN,Escolarizado,https://www.dgae.unam.mx/Licenciatura2025/resultados/4/42104005.html,135,1868,1702,70,135,332400,58,,No seleccionado,,Consultar
2025,4,Licenciatura 2025,421,42104005,PEDAGOGIA,FES ARAGÓN,Escolarizado,https://www.dgae.unam.mx/Licenciatura2025/resultados/4/42104005.html,135,1868,1702,70,135,332404,36,,No seleccionado,,Consultar
2025,4,Licenciatura 2025,421,42104005,PEDAGOGIA,FES ARAGÓN,Escolarizado,https://www.dgae.unam.mx/Licenciatura2025/resultados/4/42104005.html,135,1868,1702,70,135,332412,33,,No seleccionado,,Consultar
2025,4,Licenciatura 2025,421,42104005,PEDAGOGIA,FES ARAGÓN,Escolarizado,https://www.dgae.unam.mx/Licenciatura2025/resultados/4/42104005.html,135,1868,1702,70,135,332414,33,,No seleccionado,,Consultar
2025,4,Licenciatura 2025,421,42104005,PEDAGOGIA,FES ARAGÓN,Escolarizado,https://www.dgae.unam.mx/Licenciatura2025/resultados/4/42104005.html,135,1868,1702,70,135,332418,41,,No seleccionado,,Consultar
2025,4,Licenciatura 2025,421,42104005,PEDAGOGIA,FES ARAGÓN,Escolarizado,https://www.dgae.unam.mx/Licenciatura2025/resultados/4/42104005.html,135,1868,1702,70,135,332461,45,,No seleccionado,,Consultar
2025,4,Licenciatura 2025,421,42104005,PEDAGOGIA,FES ARAGÓN,Escolarizado,https://www.dgae.unam.mx/Licenciatura2025/resultados/4/42104005.html,135,1868,1702,70,135,332463,71,S,Seleccionado,Cita para entregar documentación.,Consultar
2025,4,Licenciatura 2025,421,42104005,PEDAGOGIA,FES ARAGÓN,Escolarizado,https://www.dgae.unam.mx/Licenciatura2025/resultados/4/42104005.html,135,1868,1702,70,135,332478,90,S,Seleccionado,,Consultar
2025,4,Licenciatura 2025,421,42104005,PEDAGOGIA,FES ARAGÓN,Escolarizado,https://www.dgae.unam.mx/Licenciatura2025/resultados/4/42104005.html,135,1868,1702,70,135,332480,,N,No presentado,,Consultar
2025,4,Licenciatura 2025,421,42104005,PEDAGOGIA,FES ARAGÓN,Escolarizado,https://www.dgae.unam.mx/Licenciatura2025/resultados/4/42104005.html,135,1868,1702,70,135,332498,,N,No presentado,,Consultar
2025,4,Licenciatura 2025,421,42104005,PEDAGOGIA,FES ARAGÓN,Escolarizado,https://www.dgae.unam.mx/Licenciatura2025/resultados/4/42104005.html,135,1868,1702,70,135,332502,61,,No seleccionado,,Consultar
2025,4,Licenciatura 2025,421,42104005,PEDAGOGIA,FES ARAGÓN,Escolarizado,https://www.dgae.unam.mx/Licenciatura2025/resultados/4/42104005.html,135,1868,1702,70,135,332524,32,,No seleccionado,,Consultar
2025,4,Licenciatura 2025,421,42104005,PEDAGOGIA,FES ARAGÓN,Escolarizado,https://www.dgae.unam.mx/Licenciatura2025/resultados/4/42104005.html,135,1868,1702,70,135,332528,44,,No seleccionado,,Consultar
2025,4,Licenciatura 2025,421,42104005,PEDAGOGIA,FES ARAGÓN,Escolarizado,https://www.dgae.unam.mx/Licenciatura2025/resultados/4/42104005.html,135,1868,1702,70,135,332536,27,,No seleccionado,,Consultar
2025,4,Licenciatura 2025,421,42104005,PEDAGOGIA,FES ARAGÓN,Escolarizado,https://www.dgae.unam.mx/Licenciatura2025/resultados/4/42104005.html,135,1868,1702,70,135,332538,58,,No seleccionado,,Consultar
2025,4,Licenciatura 2025,421,42104005,PEDAGOGIA,FES ARAGÓN,Escolarizado,https://www.dgae.unam.mx/Licenciatura2025/resultados/4/42104005.html,135,1868,1702,70,135,332544,32,,No seleccionado,,Consultar
2025,4,Licenciatura 2025,421,42104005,PEDAGOGIA,FES ARAGÓN,Escolarizado,https://www.dgae.unam.mx/Licenciatura2025/resultados/4/42104005.html,135,1868,1702,70,135,332547,35,,No seleccionado,,Consultar
2025,4,Licenciatura 2025,421,42104005,PEDAGOGIA,FES ARAGÓN,Escolarizado,https://www.dgae.unam.mx/Licenciatura2025/resultados/4/42104005.html,135,1868,1702,70,135,332548,,N,No presentado,,Consultar
2025,4,Licenciatura 2025,421,42104005,PEDAGOGIA,FES ARAGÓN,Escolarizado,https://www.dgae.unam.mx/Licenciatura2025/resultados/4/42104005.html,135,1868,1702,70,135,332550,31,,No seleccionado,,Consultar
2025,4,Licenciatura 2025,421,42104005,PEDAGOGIA,FES ARAGÓN,Escolarizado,https://www.dgae.unam.mx/Licenciatura2025/resultados/4/42104005.html,135,1868,1702,70,135,332563,52,,No seleccionado,,Consultar
2025,4,Licenciatura 2025,421,42104005,PEDAGOGIA,FES ARAGÓN,Escolarizado,https://www.dgae.unam.mx/Licenciatura2025/resultados/4/42104005.html,135,1868,1702,70,135,332568,35,,No seleccionado,,Consultar
2025,4,Licenciatura 2025,421,42104005,PEDAGOGIA,FES ARAGÓN,Escolarizado,https://www.dgae.unam.mx/Licenciatura2025/resultados/4/42104005.html,135,1868,1702,70,135,332572,37,,No seleccionado,,Consultar
2025,4,Licenciatura 2025,421,42104005,PEDAGOGIA,FES ARAGÓN,Escolarizado,https://www.dgae.unam.mx/Licenciatura2025/resultados/4/42104005.html,135,1868,1702,70,135,332577,27,,No seleccionado,,Consultar
2025,4,Licenciatura 2025,421,42104005,PEDAGOGIA,FES ARAGÓN,Escolarizado,https://www.dgae.unam.mx/Licenciatura2025/resultados/4/42104005.html,135,1868,1702,70,135,332588,41,,No seleccionado,,Consultar
2025,4,Licenciatura 2025,421,42104005,PEDAGOGIA,FES ARAGÓN,Escolarizado,https://www.dgae.unam.mx/Licenciatura2025/resultados/4/42104005.html,135,1868,1702,70,135,332589,,N,No presentado,,Consultar
2025,4,Licenciatura 2025,421,42104005,PEDAGOGIA,FES ARAGÓN,Escolarizado,https://www.dgae.unam.mx/Licenciatura2025/resultados/4/42104005.html,135,1868,1702,70,135,332594,52,,No seleccionado,,Consultar
2025,4,Licenciatura 2025,421,42104005,PEDAGOGIA,FES ARAGÓN,Escolarizado,https://www.dgae.unam.mx/Licenciatura2025/resultados/4/42104005.html,135,1868,1702,70,135,332601,42,,No seleccionado,,Consultar
2025,4,Licenciatura 2025,421,42104005,PEDAGOGIA,FES ARAGÓN,Escolarizado,https://www.dgae.unam.mx/Licenciatura2025/resultados/4/42104005.html,135,1868,1702,70,135,332607,61,,No seleccionado,,Consultar
2025,4,Licenciatura 2025,421,42104005,PEDAGOGIA,FES ARAGÓN,Escolarizado,https://www.dgae.unam.mx/Licenciatura2025/resultados/4/42104005.html,135,1868,1702,70,135,332614,42,,No seleccionado,,Consultar
2025,4,Licenciatura 2025,421,42104005,PEDAGOGIA,FES ARAGÓN,Escolarizado,https://www.dgae.unam.mx/Licenciatura2025/resultados/4/42104005.html,135,1868,1702,70,135,332617,40,,No seleccionado,,Consultar
2025,4,Licenciatura 2025,421,42104005,PEDAGOGIA,FES ARAGÓN,Escolarizado,https://www.dgae.unam.mx/Licenciatura2025/resultados/4/42104005.html,135,1868,1702,70,135,332640,,N,No presentado,,Consultar
2025,4,Licenciatura 2025,421,42104005,PEDAGOGIA,FES ARAGÓN,Escolarizado,https://www.dgae.unam.mx/Licenciatura2025/resultados/4/42104005.html,135,1868,1702,70,135,332644,69,,No seleccionado,,Consultar
2025,4,Licenciatura 2025,421,42104005,PEDAGOGIA,FES ARAGÓN,Escolarizado,https://www.dgae.unam.mx/Licenciatura2025/resultados/4/42104005.html,135,1868,1702,70,135,332646,,N,No presentado,,Consultar
2025,4,Licenciatura 2025,421,42104005,PEDAGOGIA,FES ARAGÓN,Escolarizado,https://www.dgae.unam.mx/Licenciatura2025/resultados/4/42104005.html,135,1868,1702,70,135,332650,37,,No seleccionado,,Consultar
2025,4,Licenciatura 2025,421,42104005,PEDAGOGIA,FES ARAGÓN,Escolarizado,https://www.dgae.unam.mx/Licenciatura2025/resultados/4/42104005.html,135,1868,1702,70,135,332654,37,,No seleccionado,,Consultar
2025,4,Licenciatura 2025,421,42104005,PEDAGOGIA,FES ARAGÓN,Escolarizado,https://www.dgae.unam.mx/Licenciatura2025/resultados/4/42104005.html,135,1868,1702,70,135,332655,66,,No seleccionado,,Consultar
2025,4,Licenciatura 2025,421,42104005,PEDAGOGIA,FES ARAGÓN,Escolarizado,https://www.dgae.unam.mx/Licenciatura2025/resultados/4/42104005.html,135,1868,1702,70,135,332658,24,,No seleccionado,,Consultar
2025,4,Licenciatura 2025,421,42104005,PEDAGOGIA,FES ARAGÓN,Escolarizado,https://www.dgae.unam.mx/Licenciatura2025/resultados/4/42104005.html,135,1868,1702,70,135,332663,42,,No seleccionado,,Consultar
2025,4,Licenciatura 2025,421,42104005,PEDAGOGIA,FES ARAGÓN,Escolarizado,https://www.dgae.unam.mx/Licenciatura2025/resultados/4/42104005.html,135,1868,1702,70,135,332664,32,,No seleccionado,,Consultar
2025,4,Licenciatura 2025,421,42104005,PEDAGOGIA,FES ARAGÓN,Escolarizado,https://www.dgae.unam.mx/Licenciatura2025/resultados/4/42104005.html,135,1868,1702,70,135,332670,28,,No seleccionado,,Consultar
2025,4,Licenciatura 2025,421,42104005,PEDAGOGIA,FES ARAGÓN,Escolarizado,https://www.dgae.unam.mx/Licenciatura2025/resultados/4/42104005.html,135,1868,1702,70,135,332704,61,,No seleccionado,,Consultar
2025,4,Licenciatura 2025,421,42104005,PEDAGOGIA,FES ARAGÓN,Escolarizado,https://www.dgae.unam.mx/Licenciatura2025/resultados/4/42104005.html,135,1868,1702,70,135,332709,71,S,Seleccionado,Cita para entregar documentación.,Consultar
2025,4,Licenciatura 2025,421,42104005,PEDAGOGIA,FES ARAGÓN,Escolarizado,https://www.dgae.unam.mx/Licenciatura2025/resultados/4/42104005.html,135,1868,1702,70,135,332711,83,S,Seleccionado,Cita para entregar documentación.,Consultar
2025,4,Licenciatura 2025,421,42104005,PEDAGOGIA,FES ARAGÓN,Escolarizado,https://www.dgae.unam.mx/Licenciatura2025/resultados/4/42104005.html,135,1868,1702,70,135,332728,52,,No seleccionado,,Consultar
2025,4,Licenciatura 2025,421,42104005,PEDAGOGIA,FES ARAGÓN,Escolarizado,https://www.dgae.unam.mx/Licenciatura2025/resultados/4/42104005.html,135,1868,1702,70,135,332735,39,,No seleccionado,,Consultar
2025,4,Licenciatura 2025,421,42104005,PEDAGOGIA,FES ARAGÓN,Escolarizado,https://www.dgae.unam.mx/Licenciatura2025/resultados/4/42104005.html,135,1868,1702,70,135,332753,48,,No seleccionado,,Consultar
2025,4,Licenciatura 2025,421,42104005,PEDAGOGIA,FES ARAGÓN,Escolarizado,https://www.dgae.unam.mx/Licenciatura2025/resultados/4/42104005.html,135,1868,1702,70,135,332762,43,,No seleccionado,,Consultar
2025,4,Licenciatura 2025,421,42104005,PEDAGOGIA,FES ARAGÓN,Escolarizado,https://www.dgae.unam.mx/Licenciatura2025/resultados/4/42104005.html,135,1868,1702,70,135,332768,47,,No seleccionado,,Consultar
2025,4,Licenciatura 2025,421,42104005,PEDAGOGIA,FES ARAGÓN,Escolarizado,https://www.dgae.unam.mx/Licenciatura2025/resultados/4/42104005.html,135,1868,1702,70,135,332780,38,,No seleccionado,,Consultar
2025,4,Licenciatura 2025,421,42104005,PEDAGOGIA,FES ARAGÓN,Escolarizado,https://www.dgae.unam.mx/Licenciatura2025/resultados/4/42104005.html,135,1868,1702,70,135,332784,44,,No seleccionado,,Consultar
2025,4,Licenciatura 2025,421,42104005,PEDAGOGIA,FES ARAGÓN,Escolarizado,https://www.dgae.unam.mx/Licenciatura2025/resultados/4/42104005.html,135,1868,1702,70,135,332797,39,,No seleccionado,,Consultar
2025,4,Licenciatura 2025,421,42104005,PEDAGOGIA,FES ARAGÓN,Escolarizado,https://www.dgae.unam.mx/Licenciatura2025/resultados/4/42104005.html,135,1868,1702,70,135,332801,62,,No seleccionado,,Consultar
2025,4,Licenciatura 2025,421,42104005,PEDAGOGIA,FES ARAGÓN,Escolarizado,https://www.dgae.unam.mx/Licenciatura2025/resultados/4/42104005.html,135,1868,1702,70,135,332803,50,,No seleccionado,,Consultar
2025,4,Licenciatura 2025,421,42104005,PEDAGOGIA,FES ARAGÓN,Escolarizado,https://www.dgae.unam.mx/Licenciatura2025/resultados/4/42104005.html,135,1868,1702,70,135,332806,57,,No seleccionado,,Consultar
2025,4,Licenciatura 2025,421,42104005,PEDAGOGIA,FES ARAGÓN,Escolarizado,https://www.dgae.unam.mx/Licenciatura2025/resultados/4/42104005.html,135,1868,1702,70,135,332807,71,S,Seleccionado,Cita para entregar documentación.,Consultar
2025,4,Licenciatura 2025,421,42104005,PEDAGOGIA,FES ARAGÓN,Escolarizado,https://www.dgae.unam.mx/Licenciatura2025/resultados/4/42104005.html,135,1868,1702,70,135,332811,32,,No seleccionado,,Consultar
2025,4,Licenciatura 2025,421,42104005,PEDAGOGIA,FES ARAGÓN,Escolarizado,https://www.dgae.unam.mx/Licenciatura2025/resultados/4/42104005.html,135,1868,1702,70,135,332814,39,,No seleccionado,,Consultar
2025,4,Licenciatura 2025,421,42104005,PEDAGOGIA,FES ARAGÓN,Escolarizado,https://www.dgae.unam.mx/Licenciatura2025/resultados/4/42104005.html,135,1868,1702,70,135,332816,53,,No seleccionado,,Consultar
2025,4,Licenciatura 2025,421,42104005,PEDAGOGIA,FES ARAGÓN,Escolarizado,https://www.dgae.unam.mx/Licenciatura2025/resultados/4/42104005.html,135,1868,1702,70,135,332817,32,,No seleccionado,,Consultar
2025,4,Licenciatura 2025,421,42104005,PEDAGOGIA,FES ARAGÓN,Escolarizado,https://www.dgae.unam.mx/Licenciatura2025/resultados/4/42104005.html,135,1868,1702,70,135,332822,39,,No seleccionado,,Consultar
2025,4,Licenciatura 2025,421,42104005,PEDAGOGIA,FES ARAGÓN,Escolarizado,https://www.dgae.unam.mx/Licenciatura2025/resultados/4/42104005.html,135,1868,1702,70,135,332831,41,,No seleccionado,,Consultar
2025,4,Licenciatura 2025,421,42104005,PEDAGOGIA,FES ARAGÓN,Escolarizado,https://www.dgae.unam.mx/Licenciatura2025/resultados/4/42104005.html,135,1868,1702,70,135,332843,55,,No seleccionado,,Consultar
2025,4,Licenciatura 2025,421,42104005,PEDAGOGIA,FES ARAGÓN,Escolarizado,https://www.dgae.unam.mx/Licenciatura2025/resultados/4/42104005.html,135,1868,1702,70,135,332855,81,S,Seleccionado,Cita para entregar documentación.,Consultar
2025,4,Licenciatura 2025,421,42104005,PEDAGOGIA,FES ARAGÓN,Escolarizado,https://www.dgae.unam.mx/Licenciatura2025/resultados/4/42104005.html,135,1868,1702,70,135,332885,37,,No seleccionado,,Consultar
2025,4,Licenciatura 2025,421,42104005,PEDAGOGIA,FES ARAGÓN,Escolarizado,https://www.dgae.unam.mx/Licenciatura2025/resultados/4/42104005.html,135,1868,1702,70,135,332902,47,,No seleccionado,,Consultar
2025,4,Licenciatura 2025,421,42104005,PEDAGOGIA,FES ARAGÓN,Escolarizado,https://www.dgae.unam.mx/Licenciatura2025/resultados/4/42104005.html,135,1868,1702,70,135,332903,40,,No seleccionado,,Consultar
2025,4,Licenciatura 2025,421,42104005,PEDAGOGIA,FES ARAGÓN,Escolarizado,https://www.dgae.unam.mx/Licenciatura2025/resultados/4/42104005.html,135,1868,1702,70,135,332924,62,,No seleccionado,,Consultar
2025,4,Licenciatura 2025,421,42104005,PEDAGOGIA,FES ARAGÓN,Escolarizado,https://www.dgae.unam.mx/Licenciatura2025/resultados/4/42104005.html,135,1868,1702,70,135,332929,,N,No presentado,,Consultar
2025,4,Licenciatura 2025,421,42104005,PEDAGOGIA,FES ARAGÓN,Escolarizado,https://www.dgae.unam.mx/Licenciatura2025/resultados/4/42104005.html,135,1868,1702,70,135,332933,43,,No seleccionado,,Consultar
2025,4,Licenciatura 2025,421,42104005,PEDAGOGIA,FES ARAGÓN,Escolarizado,https://www.dgae.unam.mx/Licenciatura2025/resultados/4/42104005.html,135,1868,1702,70,135,332946,35,,No seleccionado,,Consultar
2025,4,Licenciatura 2025,421,42104005,PEDAGOGIA,FES ARAGÓN,Escolarizado,https://www.dgae.unam.mx/Licenciatura2025/resultados/4/42104005.html,135,1868,1702,70,135,332948,41,,No seleccionado,,Consultar
2025,4,Licenciatura 2025,421,42104005,PEDAGOGIA,FES ARAGÓN,Escolarizado,https://www.dgae.unam.mx/Licenciatura2025/resultados/4/42104005.html,135,1868,1702,70,135,332956,44,,No seleccionado,,Consultar
2025,4,Licenciatura 2025,421,42104005,PEDAGOGIA,FES ARAGÓN,Escolarizado,https://www.dgae.unam.mx/Licenciatura2025/resultados/4/42104005.html,135,1868,1702,70,135,332962,51,,No seleccionado,,Consultar
2025,4,Licenciatura 2025,421,42104005,PEDAGOGIA,FES ARAGÓN,Escolarizado,https://www.dgae.unam.mx/Licenciatura2025/resultados/4/42104005.html,135,1868,1702,70,135,332965,47,,No seleccionado,,Consultar
2025,4,Licenciatura 2025,421,42104005,PEDAGOGIA,FES ARAGÓN,Escolarizado,https://www.dgae.unam.mx/Licenciatura2025/resultados/4/42104005.html,135,1868,1702,70,135,332966,,N,No presentado,,Consultar
2025,4,Licenciatura 2025,421,42104005,PEDAGOGIA,FES ARAGÓN,Escolarizado,https://www.dgae.unam.mx/Licenciatura2025/resultados/4/42104005.html,135,1868,1702,70,135,332991,,N,No presentado,,Consultar
2025,4,Licenciatura 2025,421,42104005,PEDAGOGIA,FES ARAGÓN,Escolarizado,https://www.dgae.unam.mx/Licenciatura2025/resultados/4/42104005.html,135,1868,1702,70,135,333419,,N,No presentado,,Consultar
2025,4,Licenciatura 2025,421,42104005,PEDAGOGIA,FES ARAGÓN,Escolarizado,https://www.dgae.unam.mx/Licenciatura2025/resultados/4/42104005.html,135,1868,1702,70,135,333426,28,,No seleccionado,,Consultar
2025,4,Licenciatura 2025,421,42104005,PEDAGOGIA,FES ARAGÓN,Escolarizado,https://www.dgae.unam.mx/Licenciatura2025/resultados/4/42104005.html,135,1868,1702,70,135,333427,40,,No seleccionado,,Consultar
2025,4,Licenciatura 2025,421,42104005,PEDAGOGIA,FES ARAGÓN,Escolarizado,https://www.dgae.unam.mx/Licenciatura2025/resultados/4/42104005.html,135,1868,1702,70,135,333438,28,,No seleccionado,,Consultar
2025,4,Licenciatura 2025,421,42104005,PEDAGOGIA,FES ARAGÓN,Escolarizado,https://www.dgae.unam.mx/Licenciatura2025/resultados/4/42104005.html,135,1868,1702,70,135,333448,35,,No seleccionado,,Consultar
2025,4,Licenciatura 2025,421,42104005,PEDAGOGIA,FES ARAGÓN,Escolarizado,https://www.dgae.unam.mx/Licenciatura2025/resultados/4/42104005.html,135,1868,1702,70,135,333453,37,,No seleccionado,,Consultar
2025,4,Licenciatura 2025,421,42104005,PEDAGOGIA,FES ARAGÓN,Escolarizado,https://www.dgae.unam.mx/Licenciatura2025/resultados/4/42104005.html,135,1868,1702,70,135,333465,38,,No seleccionado,,Consultar
2025,4,Licenciatura 2025,421,42104005,PEDAGOGIA,FES ARAGÓN,Escolarizado,https://www.dgae.unam.mx/Licenciatura2025/resultados/4/42104005.html,135,1868,1702,70,135,333494,42,,No seleccionado,,Consultar
2025,4,Licenciatura 2025,421,42104005,PEDAGOGIA,FES ARAGÓN,Escolarizado,https://www.dgae.unam.mx/Licenciatura2025/resultados/4/42104005.html,135,1868,1702,70,135,333499,31,,No seleccionado,,Consultar
2025,4,Licenciatura 2025,421,42104005,PEDAGOGIA,FES ARAGÓN,Escolarizado,https://www.dgae.unam.mx/Licenciatura2025/resultados/4/42104005.html,135,1868,1702,70,135,333500,54,,No seleccionado,,Consultar
2025,4,Licenciatura 2025,421,42104005,PEDAGOGIA,FES ARAGÓN,Escolarizado,https://www.dgae.unam.mx/Licenciatura2025/resultados/4/42104005.html,135,1868,1702,70,135,333503,72,S,Seleccionado,Cita para entregar documentación.,Consultar
2025,4,Licenciatura 2025,421,42104005,PEDAGOGIA,FES ARAGÓN,Escolarizado,https://www.dgae.unam.mx/Licenciatura2025/resultados/4/42104005.html,135,1868,1702,70,135,333509,47,,No seleccionado,,Consultar
2025,4,Licenciatura 2025,421,42104005,PEDAGOGIA,FES ARAGÓN,Escolarizado,https://www.dgae.unam.mx/Licenciatura2025/resultados/4/42104005.html,135,1868,1702,70,135,333516,67,,No seleccionado,,Consultar
2025,4,Licenciatura 2025,421,42104005,PEDAGOGIA,FES ARAGÓN,Escolarizado,https://www.dgae.unam.mx/Licenciatura2025/resultados/4/42104005.html,135,1868,1702,70,135,333523,32,,No seleccionado,,Consultar
2025,4,Licenciatura 2025,421,42104005,PEDAGOGIA,FES ARAGÓN,Escolarizado,https://www.dgae.unam.mx/Licenciatura2025/resultados/4/42104005.html,135,1868,1702,70,135,333550,34,,No seleccionado,,Consultar
2025,4,Licenciatura 2025,421,42104005,PEDAGOGIA,FES ARAGÓN,Escolarizado,https://www.dgae.unam.mx/Licenciatura2025/resultados/4/42104005.html,135,1868,1702,70,135,333556,46,,No seleccionado,,Consultar
2025,4,Licenciatura 2025,421,42104005,PEDAGOGIA,FES ARAGÓN,Escolarizado,https://www.dgae.unam.mx/Licenciatura2025/resultados/4/42104005.html,135,1868,1702,70,135,333571,34,,No seleccionado,,Consultar
2025,4,Licenciatura 2025,421,42104005,PEDAGOGIA,FES ARAGÓN,Escolarizado,https://www.dgae.unam.mx/Licenciatura2025/resultados/4/42104005.html,135,1868,1702,70,135,333578,29,,No seleccionado,,Consultar
2025,4,Licenciatura 2025,421,42104005,PEDAGOGIA,FES ARAGÓN,Escolarizado,https://www.dgae.unam.mx/Licenciatura2025/resultados/4/42104005.html,135,1868,1702,70,135,333584,45,,No seleccionado,,Consultar
2025,4,Licenciatura 2025,421,42104005,PEDAGOGIA,FES ARAGÓN,Escolarizado,https://www.dgae.unam.mx/Licenciatura2025/resultados/4/42104005.html,135,1868,1702,70,135,333589,,N,No presentado,,Consultar
2025,4,Licenciatura 2025,421,42104005,PEDAGOGIA,FES ARAGÓN,Escolarizado,https://www.dgae.unam.mx/Licenciatura2025/resultados/4/42104005.html,135,1868,1702,70,135,333624,43,,No seleccionado,,Consultar
2025,4,Licenciatura 2025,421,42104005,PEDAGOGIA,FES ARAGÓN,Escolarizado,https://www.dgae.unam.mx/Licenciatura2025/resultados/4/42104005.html,135,1868,1702,70,135,333648,102,S,Seleccionado,,Consultar
2025,4,Licenciatura 2025,421,42104005,PEDAGOGIA,FES ARAGÓN,Escolarizado,https://www.dgae.unam.mx/Licenciatura2025/resultados/4/42104005.html,135,1868,1702,70,135,333650,65,,No seleccionado,,Consultar
2025,4,Licenciatura 2025,421,42104005,PEDAGOGIA,FES ARAGÓN,Escolarizado,https://www.dgae.unam.mx/Licenciatura2025/resultados/4/42104005.html,135,1868,1702,70,135,333665,40,,No seleccionado,,Consultar
2025,4,Licenciatura 2025,421,42104005,PEDAGOGIA,FES ARAGÓN,Escolarizado,https://www.dgae.unam.mx/Licenciatura2025/resultados/4/42104005.html,135,1868,1702,70,135,333671,,N,No presentado,,Consultar
2025,4,Licenciatura 2025,421,42104005,PEDAGOGIA,FES ARAGÓN,Escolarizado,https://www.dgae.unam.mx/Licenciatura2025/resultados/4/42104005.html,135,1868,1702,70,135,333713,63,,No seleccionado,,Consultar
2025,4,Licenciatura 2025,421,42104005,PEDAGOGIA,FES ARAGÓN,Escolarizado,https://www.dgae.unam.mx/Licenciatura2025/resultados/4/42104005.html,135,1868,1702,70,135,333718,37,,No seleccionado,,Consultar
2025,4,Licenciatura 2025,421,42104005,PEDAGOGIA,FES ARAGÓN,Escolarizado,https://www.dgae.unam.mx/Licenciatura2025/resultados/4/42104005.html,135,1868,1702,70,135,333720,43,,No seleccionado,,Consultar
2025,4,Licenciatura 2025,421,42104005,PEDAGOGIA,FES ARAGÓN,Escolarizado,https://www.dgae.unam.mx/Licenciatura2025/resultados/4/42104005.html,135,1868,1702,70,135,333729,31,,No seleccionado,,Consultar
2025,4,Licenciatura 2025,421,42104005,PEDAGOGIA,FES ARAGÓN,Escolarizado,https://www.dgae.unam.mx/Licenciatura2025/resultados/4/42104005.html,135,1868,1702,70,135,333737,30,,No seleccionado,,Consultar
2025,4,Licenciatura 2025,421,42104005,PEDAGOGIA,FES ARAGÓN,Escolarizado,https://www.dgae.unam.mx/Licenciatura2025/resultados/4/42104005.html,135,1868,1702,70,135,333745,58,,No seleccionado,,Consultar
2025,4,Licenciatura 2025,421,42104005,PEDAGOGIA,FES ARAGÓN,Escolarizado,https://www.dgae.unam.mx/Licenciatura2025/resultados/4/42104005.html,135,1868,1702,70,135,333746,40,,No seleccionado,,Consultar
2025,4,Licenciatura 2025,421,42104005,PEDAGOGIA,FES ARAGÓN,Escolarizado,https://www.dgae.unam.mx/Licenciatura2025/resultados/4/42104005.html,135,1868,1702,70,135,333757,39,,No seleccionado,,Consultar
2025,4,Licenciatura 2025,421,42104005,PEDAGOGIA,FES ARAGÓN,Escolarizado,https://www.dgae.unam.mx/Licenciatura2025/resultados/4/42104005.html,135,1868,1702,70,135,333764,41,,No seleccionado,,Consultar
2025,4,Licenciatura 2025,421,42104005,PEDAGOGIA,FES ARAGÓN,Escolarizado,https://www.dgae.unam.mx/Licenciatura2025/resultados/4/42104005.html,135,1868,1702,70,135,333774,41,,No seleccionado,,Consultar
2025,4,Licenciatura 2025,421,42104005,PEDAGOGIA,FES ARAGÓN,Escolarizado,https://www.dgae.unam.mx/Licenciatura2025/resultados/4/42104005.html,135,1868,1702,70,135,333786,79,S,Seleccionado,Cita para entregar documentación.,Consultar
2025,4,Licenciatura 2025,421,42104005,PEDAGOGIA,FES ARAGÓN,Escolarizado,https://www.dgae.unam.mx/Licenciatura2025/resultados/4/42104005.html,135,1868,1702,70,135,333814,44,,No seleccionado,,Consultar
2025,4,Licenciatura 2025,421,42104005,PEDAGOGIA,FES ARAGÓN,Escolarizado,https://www.dgae.unam.mx/Licenciatura2025/resultados/4/42104005.html,135,1868,1702,70,135,333824,58,,No seleccionado,,Consultar
2025,4,Licenciatura 2025,421,42104005,PEDAGOGIA,FES ARAGÓN,Escolarizado,https://www.dgae.unam.mx/Licenciatura2025/resultados/4/42104005.html,135,1868,1702,70,135,333825,28,,No seleccionado,,Consultar
2025,4,Licenciatura 2025,421,42104005,PEDAGOGIA,FES ARAGÓN,Escolarizado,https://www.dgae.unam.mx/Licenciatura2025/resultados/4/42104005.html,135,1868,1702,70,135,333826,58,,No seleccionado,,Consultar
2025,4,Licenciatura 2025,421,42104005,PEDAGOGIA,FES ARAGÓN,Escolarizado,https://www.dgae.unam.mx/Licenciatura2025/resultados/4/42104005.html,135,1868,1702,70,135,333840,33,,No seleccionado,,Consultar
2025,4,Licenciatura 2025,421,42104005,PEDAGOGIA,FES ARAGÓN,Escolarizado,https://www.dgae.unam.mx/Licenciatura2025/resultados/4/42104005.html,135,1868,1702,70,135,333851,54,,No seleccionado,,Consultar
2025,4,Licenciatura 2025,421,42104005,PEDAGOGIA,FES ARAGÓN,Escolarizado,https://www.dgae.unam.mx/Licenciatura2025/resultados/4/42104005.html,135,1868,1702,70,135,333891,,N,No presentado,,Consultar
2025,4,Licenciatura 2025,421,42104005,PEDAGOGIA,FES ARAGÓN,Escolarizado,https://www.dgae.unam.mx/Licenciatura2025/resultados/4/42104005.html,135,1868,1702,70,135,333917,36,,No seleccionado,,Consultar
2025,4,Licenciatura 2025,421,42104005,PEDAGOGIA,FES ARAGÓN,Escolarizado,https://www.dgae.unam.mx/Licenciatura2025/resultados/4/42104005.html,135,1868,1702,70,135,333922,32,,No seleccionado,,Consultar
2025,4,Licenciatura 2025,421,42104005,PEDAGOGIA,FES ARAGÓN,Escolarizado,https://www.dgae.unam.mx/Licenciatura2025/resultados/4/42104005.html,135,1868,1702,70,135,333948,41,,No seleccionado,,Consultar
2025,4,Licenciatura 2025,421,42104005,PEDAGOGIA,FES ARAGÓN,Escolarizado,https://www.dgae.unam.mx/Licenciatura2025/resultados/4/42104005.html,135,1868,1702,70,135,333951,42,,No seleccionado,,Consultar
2025,4,Licenciatura 2025,421,42104005,PEDAGOGIA,FES ARAGÓN,Escolarizado,https://www.dgae.unam.mx/Licenciatura2025/resultados/4/42104005.html,135,1868,1702,70,135,333956,41,,No seleccionado,,Consultar
2025,4,Licenciatura 2025,421,42104005,PEDAGOGIA,FES ARAGÓN,Escolarizado,https://www.dgae.unam.mx/Licenciatura2025/resultados/4/42104005.html,135,1868,1702,70,135,333962,,N,No presentado,,Consultar
2025,4,Licenciatura 2025,421,42104005,PEDAGOGIA,FES ARAGÓN,Escolarizado,https://www.dgae.unam.mx/Licenciatura2025/resultados/4/42104005.html,135,1868,1702,70,135,333993,42,,No seleccionado,,Consultar
2025,4,Licenciatura 2025,421,42104005,PEDAGOGIA,FES ARAGÓN,Escolarizado,https://www.dgae.unam.mx/Licenciatura2025/resultados/4/42104005.html,135,1868,1702,70,135,333997,40,,No seleccionado,,Consultar
2025,4,Licenciatura 2025,421,42104005,PEDAGOGIA,FES ARAGÓN,Escolarizado,https://www.dgae.unam.mx/Licenciatura2025/resultados/4/42104005.html,135,1868,1702,70,135,334000,39,,No seleccionado,,Consultar
2025,4,Licenciatura 2025,421,42104005,PEDAGOGIA,FES ARAGÓN,Escolarizado,https://www.dgae.unam.mx/Licenciatura2025/resultados/4/42104005.html,135,1868,1702,70,135,334008,59,,No seleccionado,,Consultar
2025,4,Licenciatura 2025,421,42104005,PEDAGOGIA,FES ARAGÓN,Escolarizado,https://www.dgae.unam.mx/Licenciatura2025/resultados/4/42104005.html,135,1868,1702,70,135,334011,46,,No seleccionado,,Consultar
2025,4,Licenciatura 2025,421,42104005,PEDAGOGIA,FES ARAGÓN,Escolarizado,https://www.dgae.unam.mx/Licenciatura2025/resultados/4/42104005.html,135,1868,1702,70,135,334041,30,,No seleccionado,,Consultar
2025,4,Licenciatura 2025,421,42104005,PEDAGOGIA,FES ARAGÓN,Escolarizado,https://www.dgae.unam.mx/Licenciatura2025/resultados/4/42104005.html,135,1868,1702,70,135,334044,79,S,Seleccionado,Cita para entregar documentación.,Consultar
2025,4,Licenciatura 2025,421,42104005,PEDAGOGIA,FES ARAGÓN,Escolarizado,https://www.dgae.unam.mx/Licenciatura2025/resultados/4/42104005.html,135,1868,1702,70,135,334050,62,,No seleccionado,,Consultar
2025,4,Licenciatura 2025,421,42104005,PEDAGOGIA,FES ARAGÓN,Escolarizado,https://www.dgae.unam.mx/Licenciatura2025/resultados/4/42104005.html,135,1868,1702,70,135,334058,44,,No seleccionado,,Consultar
2025,4,Licenciatura 2025,421,42104005,PEDAGOGIA,FES ARAGÓN,Escolarizado,https://www.dgae.unam.mx/Licenciatura2025/resultados/4/42104005.html,135,1868,1702,70,135,334068,59,,No seleccionado,,Consultar
2025,4,Licenciatura 2025,421,42104005,PEDAGOGIA,FES ARAGÓN,Escolarizado,https://www.dgae.unam.mx/Licenciatura2025/resultados/4/42104005.html,135,1868,1702,70,135,334105,69,,No seleccionado,,Consultar
2025,4,Licenciatura 2025,421,42104005,PEDAGOGIA,FES ARAGÓN,Escolarizado,https://www.dgae.unam.mx/Licenciatura2025/resultados/4/42104005.html,135,1868,1702,70,135,334108,40,,No seleccionado,,Consultar
2025,4,Licenciatura 2025,421,42104005,PEDAGOGIA,FES ARAGÓN,Escolarizado,https://www.dgae.unam.mx/Licenciatura2025/resultados/4/42104005.html,135,1868,1702,70,135,334117,48,,No seleccionado,,Consultar
2025,4,Licenciatura 2025,421,42104005,PEDAGOGIA,FES ARAGÓN,Escolarizado,https://www.dgae.unam.mx/Licenciatura2025/resultados/4/42104005.html,135,1868,1702,70,135,334119,42,,No seleccionado,,Consultar
2025,4,Licenciatura 2025,421,42104005,PEDAGOGIA,FES ARAGÓN,Escolarizado,https://www.dgae.unam.mx/Licenciatura2025/resultados/4/42104005.html,135,1868,1702,70,135,334140,49,,No seleccionado,,Consultar
2025,4,Licenciatura 2025,421,42104005,PEDAGOGIA,FES ARAGÓN,Escolarizado,https://www.dgae.unam.mx/Licenciatura2025/resultados/4/42104005.html,135,1868,1702,70,135,334162,53,,No seleccionado,,Consultar
2025,4,Licenciatura 2025,421,42104005,PEDAGOGIA,FES ARAGÓN,Escolarizado,https://www.dgae.unam.mx/Licenciatura2025/resultados/4/42104005.html,135,1868,1702,70,135,334166,40,,No seleccionado,,Consultar
2025,4,Licenciatura 2025,421,42104005,PEDAGOGIA,FES ARAGÓN,Escolarizado,https://www.dgae.unam.mx/Licenciatura2025/resultados/4/42104005.html,135,1868,1702,70,135,334172,48,,No seleccionado,,Consultar
2025,4,Licenciatura 2025,421,42104005,PEDAGOGIA,FES ARAGÓN,Escolarizado,https://www.dgae.unam.mx/Licenciatura2025/resultados/4/42104005.html,135,1868,1702,70,135,334179,32,,No seleccionado,,Consultar
2025,4,Licenciatura 2025,421,42104005,PEDAGOGIA,FES ARAGÓN,Escolarizado,https://www.dgae.unam.mx/Licenciatura2025/resultados/4/42104005.html,135,1868,1702,70,135,334220,26,,No seleccionado,,Consultar
2025,4,Licenciatura 2025,421,42104005,PEDAGOGIA,FES ARAGÓN,Escolarizado,https://www.dgae.unam.mx/Licenciatura2025/resultados/4/42104005.html,135,1868,1702,70,135,334224,,N,No presentado,,Consultar
2025,4,Licenciatura 2025,421,42104005,PEDAGOGIA,FES ARAGÓN,Escolarizado,https://www.dgae.unam.mx/Licenciatura2025/resultados/4/42104005.html,135,1868,1702,70,135,334228,41,,No seleccionado,,Consultar
2025,4,Licenciatura 2025,421,42104005,PEDAGOGIA,FES ARAGÓN,Escolarizado,https://www.dgae.unam.mx/Licenciatura2025/resultados/4/42104005.html,135,1868,1702,70,135,334240,34,,No seleccionado,,Consultar
2025,4,Licenciatura 2025,421,42104005,PEDAGOGIA,FES ARAGÓN,Escolarizado,https://www.dgae.unam.mx/Licenciatura2025/resultados/4/42104005.html,135,1868,1702,70,135,334258,44,,No seleccionado,,Consultar
2025,4,Licenciatura 2025,421,42104005,PEDAGOGIA,FES ARAGÓN,Escolarizado,https://www.dgae.unam.mx/Licenciatura2025/resultados/4/42104005.html,135,1868,1702,70,135,334262,64,,No seleccionado,,Consultar
2025,4,Licenciatura 2025,421,42104005,PEDAGOGIA,FES ARAGÓN,Escolarizado,https://www.dgae.unam.mx/Licenciatura2025/resultados/4/42104005.html,135,1868,1702,70,135,334287,33,,No seleccionado,,Consultar
2025,4,Licenciatura 2025,421,42104005,PEDAGOGIA,FES ARAGÓN,Escolarizado,https://www.dgae.unam.mx/Licenciatura2025/resultados/4/42104005.html,135,1868,1702,70,135,334288,78,S,Seleccionado,Cita para entregar documentación.,Consultar
2025,4,Licenciatura 2025,421,42104005,PEDAGOGIA,FES ARAGÓN,Escolarizado,https://www.dgae.unam.mx/Licenciatura2025/resultados/4/42104005.html,135,1868,1702,70,135,334321,45,,No seleccionado,,Consultar
2025,4,Licenciatura 2025,421,42104005,PEDAGOGIA,FES ARAGÓN,Escolarizado,https://www.dgae.unam.mx/Licenciatura2025/resultados/4/42104005.html,135,1868,1702,70,135,334341,63,,No seleccionado,,Consultar
2025,4,Licenciatura 2025,421,42104005,PEDAGOGIA,FES ARAGÓN,Escolarizado,https://www.dgae.unam.mx/Licenciatura2025/resultados/4/42104005.html,135,1868,1702,70,135,334342,36,,No seleccionado,,Consultar
2025,4,Licenciatura 2025,421,42104005,PEDAGOGIA,FES ARAGÓN,Escolarizado,https://www.dgae.unam.mx/Licenciatura2025/resultados/4/42104005.html,135,1868,1702,70,135,334356,44,,No seleccionado,,Consultar
2025,4,Licenciatura 2025,421,42104005,PEDAGOGIA,FES ARAGÓN,Escolarizado,https://www.dgae.unam.mx/Licenciatura2025/resultados/4/42104005.html,135,1868,1702,70,135,334388,62,,No seleccionado,,Consultar
2025,4,Licenciatura 2025,421,42104005,PEDAGOGIA,FES ARAGÓN,Escolarizado,https://www.dgae.unam.mx/Licenciatura2025/resultados/4/42104005.html,135,1868,1702,70,135,334390,60,,No seleccionado,,Consultar
2025,4,Licenciatura 2025,421,42104005,PEDAGOGIA,FES ARAGÓN,Escolarizado,https://www.dgae.unam.mx/Licenciatura2025/resultados/4/42104005.html,135,1868,1702,70,135,334399,90,S,Seleccionado,Cita para entregar documentación.,Consultar
2025,4,Licenciatura 2025,421,42104005,PEDAGOGIA,FES ARAGÓN,Escolarizado,https://www.dgae.unam.mx/Licenciatura2025/resultados/4/42104005.html,135,1868,1702,70,135,334403,52,,No seleccionado,,Consultar
2025,4,Licenciatura 2025,421,42104005,PEDAGOGIA,FES ARAGÓN,Escolarizado,https://www.dgae.unam.mx/Licenciatura2025/resultados/4/42104005.html,135,1868,1702,70,135,334404,44,,No seleccionado,,Consultar
2025,4,Licenciatura 2025,421,42104005,PEDAGOGIA,FES ARAGÓN,Escolarizado,https://www.dgae.unam.mx/Licenciatura2025/resultados/4/42104005.html,135,1868,1702,70,135,334405,30,,No seleccionado,,Consultar
2025,4,Licenciatura 2025,421,42104005,PEDAGOGIA,FES ARAGÓN,Escolarizado,https://www.dgae.unam.mx/Licenciatura2025/resultados/4/42104005.html,135,1868,1702,70,135,334426,85,S,Seleccionado,Cita para entregar documentación.,Consultar
2025,4,Licenciatura 2025,421,42104005,PEDAGOGIA,FES ARAGÓN,Escolarizado,https://www.dgae.unam.mx/Licenciatura2025/resultados/4/42104005.html,135,1868,1702,70,135,334447,55,,No seleccionado,,Consultar
2025,4,Licenciatura 2025,421,42104005,PEDAGOGIA,FES ARAGÓN,Escolarizado,https://www.dgae.unam.mx/Licenciatura2025/resultados/4/42104005.html,135,1868,1702,70,135,334461,41,,No seleccionado,,Consultar
2025,4,Licenciatura 2025,421,42104005,PEDAGOGIA,FES ARAGÓN,Escolarizado,https://www.dgae.unam.mx/Licenciatura2025/resultados/4/42104005.html,135,1868,1702,70,135,334470,49,,No seleccionado,,Consultar
2025,4,Licenciatura 2025,421,42104005,PEDAGOGIA,FES ARAGÓN,Escolarizado,https://www.dgae.unam.mx/Licenciatura2025/resultados/4/42104005.html,135,1868,1702,70,135,334525,39,,No seleccionado,,Consultar
2025,4,Licenciatura 2025,421,42104005,PEDAGOGIA,FES ARAGÓN,Escolarizado,https://www.dgae.unam.mx/Licenciatura2025/resultados/4/42104005.html,135,1868,1702,70,135,334528,65,,No seleccionado,,Consultar
2025,4,Licenciatura 2025,421,42104005,PEDAGOGIA,FES ARAGÓN,Escolarizado,https://www.dgae.unam.mx/Licenciatura2025/resultados/4/42104005.html,135,1868,1702,70,135,334533,33,,No seleccionado,,Consultar
2025,4,Licenciatura 2025,421,42104005,PEDAGOGIA,FES ARAGÓN,Escolarizado,https://www.dgae.unam.mx/Licenciatura2025/resultados/4/42104005.html,135,1868,1702,70,135,334552,61,,No seleccionado,,Consultar
2025,4,Licenciatura 2025,421,42104005,PEDAGOGIA,FES ARAGÓN,Escolarizado,https://www.dgae.unam.mx/Licenciatura2025/resultados/4/42104005.html,135,1868,1702,70,135,334569,40,,No seleccionado,,Consultar
2025,4,Licenciatura 2025,421,42104005,PEDAGOGIA,FES ARAGÓN,Escolarizado,https://www.dgae.unam.mx/Licenciatura2025/resultados/4/42104005.html,135,1868,1702,70,135,334679,59,,No seleccionado,,Consultar
2025,4,Licenciatura 2025,421,42104005,PEDAGOGIA,FES ARAGÓN,Escolarizado,https://www.dgae.unam.mx/Licenciatura2025/resultados/4/42104005.html,135,1868,1702,70,135,334706,59,,No seleccionado,,Consultar
2025,4,Licenciatura 2025,421,42104005,PEDAGOGIA,FES ARAGÓN,Escolarizado,https://www.dgae.unam.mx/Licenciatura2025/resultados/4/42104005.html,135,1868,1702,70,135,334709,48,,No seleccionado,,Consultar
2025,4,Licenciatura 2025,421,42104005,PEDAGOGIA,FES ARAGÓN,Escolarizado,https://www.dgae.unam.mx/Licenciatura2025/resultados/4/42104005.html,135,1868,1702,70,135,334719,41,,No seleccionado,,Consultar
2025,4,Licenciatura 2025,421,42104005,PEDAGOGIA,FES ARAGÓN,Escolarizado,https://www.dgae.unam.mx/Licenciatura2025/resultados/4/42104005.html,135,1868,1702,70,135,334733,28,,No seleccionado,,Consultar
2025,4,Licenciatura 2025,421,42104005,PEDAGOGIA,FES ARAGÓN,Escolarizado,https://www.dgae.unam.mx/Licenciatura2025/resultados/4/42104005.html,135,1868,1702,70,135,334739,52,,No seleccionado,,Consultar
2025,4,Licenciatura 2025,421,42104005,PEDAGOGIA,FES ARAGÓN,Escolarizado,https://www.dgae.unam.mx/Licenciatura2025/resultados/4/42104005.html,135,1868,1702,70,135,334753,34,,No seleccionado,,Consultar
2025,4,Licenciatura 2025,421,42104005,PEDAGOGIA,FES ARAGÓN,Escolarizado,https://www.dgae.unam.mx/Licenciatura2025/resultados/4/42104005.html,135,1868,1702,70,135,334759,32,,No seleccionado,,Consultar
2025,4,Licenciatura 2025,421,42104005,PEDAGOGIA,FES ARAGÓN,Escolarizado,https://www.dgae.unam.mx/Licenciatura2025/resultados/4/42104005.html,135,1868,1702,70,135,334772,55,,No seleccionado,,Consultar
2025,4,Licenciatura 2025,421,42104005,PEDAGOGIA,FES ARAGÓN,Escolarizado,https://www.dgae.unam.mx/Licenciatura2025/resultados/4/42104005.html,135,1868,1702,70,135,334777,56,,No seleccionado,,Consultar
2025,4,Licenciatura 2025,421,42104005,PEDAGOGIA,FES ARAGÓN,Escolarizado,https://www.dgae.unam.mx/Licenciatura2025/resultados/4/42104005.html,135,1868,1702,70,135,334787,75,S,Seleccionado,Cita para entregar documentación.,Consultar
2025,4,Licenciatura 2025,421,42104005,PEDAGOGIA,FES ARAGÓN,Escolarizado,https://www.dgae.unam.mx/Licenciatura2025/resultados/4/42104005.html,135,1868,1702,70,135,334800,52,,No seleccionado,,Consultar
2025,4,Licenciatura 2025,421,42104005,PEDAGOGIA,FES ARAGÓN,Escolarizado,https://www.dgae.unam.mx/Licenciatura2025/resultados/4/42104005.html,135,1868,1702,70,135,334806,57,,No seleccionado,,Consultar
2025,4,Licenciatura 2025,421,42104005,PEDAGOGIA,FES ARAGÓN,Escolarizado,https://www.dgae.unam.mx/Licenciatura2025/resultados/4/42104005.html,135,1868,1702,70,135,334808,29,,No seleccionado,,Consultar
2025,4,Licenciatura 2025,421,42104005,PEDAGOGIA,FES ARAGÓN,Escolarizado,https://www.dgae.unam.mx/Licenciatura2025/resultados/4/42104005.html,135,1868,1702,70,135,334821,43,,No seleccionado,,Consultar
2025,4,Licenciatura 2025,421,42104005,PEDAGOGIA,FES ARAGÓN,Escolarizado,https://www.dgae.unam.mx/Licenciatura2025/resultados/4/42104005.html,135,1868,1702,70,135,334822,46,,No seleccionado,,Consultar
2025,4,Licenciatura 2025,421,42104005,PEDAGOGIA,FES ARAGÓN,Escolarizado,https://www.dgae.unam.mx/Licenciatura2025/resultados/4/42104005.html,135,1868,1702,70,135,334823,36,,No seleccionado,,Consultar
2025,4,Licenciatura 2025,421,42104005,PEDAGOGIA,FES ARAGÓN,Escolarizado,https://www.dgae.unam.mx/Licenciatura2025/resultados/4/42104005.html,135,1868,1702,70,135,334840,63,,No seleccionado,,Consultar
2025,4,Licenciatura 2025,421,42104005,PEDAGOGIA,FES ARAGÓN,Escolarizado,https://www.dgae.unam.mx/Licenciatura2025/resultados/4/42104005.html,135,1868,1702,70,135,334843,33,,No seleccionado,,Consultar
2025,4,Licenciatura 2025,421,42104005,PEDAGOGIA,FES ARAGÓN,Escolarizado,https://www.dgae.unam.mx/Licenciatura2025/resultados/4/42104005.html,135,1868,1702,70,135,334847,42,,No seleccionado,,Consultar
2025,4,Licenciatura 2025,421,42104005,PEDAGOGIA,FES ARAGÓN,Escolarizado,https://www.dgae.unam.mx/Licenciatura2025/resultados/4/42104005.html,135,1868,1702,70,135,334848,,N,No presentado,,Consultar
2025,4,Licenciatura 2025,421,42104005,PEDAGOGIA,FES ARAGÓN,Escolarizado,https://www.dgae.unam.mx/Licenciatura2025/resultados/4/42104005.html,135,1868,1702,70,135,334853,42,,No seleccionado,,Consultar
2025,4,Licenciatura 2025,421,42104005,PEDAGOGIA,FES ARAGÓN,Escolarizado,https://www.dgae.unam.mx/Licenciatura2025/resultados/4/42104005.html,135,1868,1702,70,135,334856,37,,No seleccionado,,Consultar
2025,4,Licenciatura 2025,421,42104005,PEDAGOGIA,FES ARAGÓN,Escolarizado,https://www.dgae.unam.mx/Licenciatura2025/resultados/4/42104005.html,135,1868,1702,70,135,334864,48,,No seleccionado,,Consultar
2025,4,Licenciatura 2025,421,42104005,PEDAGOGIA,FES ARAGÓN,Escolarizado,https://www.dgae.unam.mx/Licenciatura2025/resultados/4/42104005.html,135,1868,1702,70,135,334868,26,,No seleccionado,,Consultar
2025,4,Licenciatura 2025,421,42104005,PEDAGOGIA,FES ARAGÓN,Escolarizado,https://www.dgae.unam.mx/Licenciatura2025/resultados/4/42104005.html,135,1868,1702,70,135,334898,49,,No seleccionado,,Consultar
2025,4,Licenciatura 2025,421,42104005,PEDAGOGIA,FES ARAGÓN,Escolarizado,https://www.dgae.unam.mx/Licenciatura2025/resultados/4/42104005.html,135,1868,1702,70,135,334911,,N,No presentado,,Consultar
2025,4,Licenciatura 2025,421,42104005,PEDAGOGIA,FES ARAGÓN,Escolarizado,https://www.dgae.unam.mx/Licenciatura2025/resultados/4/42104005.html,135,1868,1702,70,135,334920,58,,No seleccionado,,Consultar
2025,4,Licenciatura 2025,421,42104005,PEDAGOGIA,FES ARAGÓN,Escolarizado,https://www.dgae.unam.mx/Licenciatura2025/resultados/4/42104005.html,135,1868,1702,70,135,334925,41,,No seleccionado,,Consultar
2025,4,Licenciatura 2025,421,42104005,PEDAGOGIA,FES ARAGÓN,Escolarizado,https://www.dgae.unam.mx/Licenciatura2025/resultados/4/42104005.html,135,1868,1702,70,135,334930,46,,No seleccionado,,Consultar
2025,4,Licenciatura 2025,421,42104005,PEDAGOGIA,FES ARAGÓN,Escolarizado,https://www.dgae.unam.mx/Licenciatura2025/resultados/4/42104005.html,135,1868,1702,70,135,334945,62,,No seleccionado,,Consultar
2025,4,Licenciatura 2025,421,42104005,PEDAGOGIA,FES ARAGÓN,Escolarizado,https://www.dgae.unam.mx/Licenciatura2025/resultados/4/42104005.html,135,1868,1702,70,135,334954,49,,No seleccionado,,Consultar
2025,4,Licenciatura 2025,421,42104005,PEDAGOGIA,FES ARAGÓN,Escolarizado,https://www.dgae.unam.mx/Licenciatura2025/resultados/4/42104005.html,135,1868,1702,70,135,334960,42,,No seleccionado,,Consultar
2025,4,Licenciatura 2025,421,42104005,PEDAGOGIA,FES ARAGÓN,Escolarizado,https://www.dgae.unam.mx/Licenciatura2025/resultados/4/42104005.html,135,1868,1702,70,135,334966,37,,No seleccionado,,Consultar
2025,4,Licenciatura 2025,421,42104005,PEDAGOGIA,FES ARAGÓN,Escolarizado,https://www.dgae.unam.mx/Licenciatura2025/resultados/4/42104005.html,135,1868,1702,70,135,334976,34,,No seleccionado,,Consultar
2025,4,Licenciatura 2025,421,42104005,PEDAGOGIA,FES ARAGÓN,Escolarizado,https://www.dgae.unam.mx/Licenciatura2025/resultados/4/42104005.html,135,1868,1702,70,135,334978,36,,No seleccionado,,Consultar
2025,4,Licenciatura 2025,421,42104005,PEDAGOGIA,FES ARAGÓN,Escolarizado,https://www.dgae.unam.mx/Licenciatura2025/resultados/4/42104005.html,135,1868,1702,70,135,334980,32,,No seleccionado,,Consultar
2025,4,Licenciatura 2025,421,42104005,PEDAGOGIA,FES ARAGÓN,Escolarizado,https://www.dgae.unam.mx/Licenciatura2025/resultados/4/42104005.html,135,1868,1702,70,135,334989,27,,No seleccionado,,Consultar
2025,4,Licenciatura 2025,421,42104005,PEDAGOGIA,FES ARAGÓN,Escolarizado,https://www.dgae.unam.mx/Licenciatura2025/resultados/4/42104005.html,135,1868,1702,70,135,335000,56,,No seleccionado,,Consultar
2025,4,Licenciatura 2025,421,42104005,PEDAGOGIA,FES ARAGÓN,Escolarizado,https://www.dgae.unam.mx/Licenciatura2025/resultados/4/42104005.html,135,1868,1702,70,135,335001,35,,No seleccionado,,Consultar
2025,4,Licenciatura 2025,421,42104005,PEDAGOGIA,FES ARAGÓN,Escolarizado,https://www.dgae.unam.mx/Licenciatura2025/resultados/4/42104005.html,135,1868,1702,70,135,335002,31,,No seleccionado,,Consultar
2025,4,Licenciatura 2025,421,42104005,PEDAGOGIA,FES ARAGÓN,Escolarizado,https://www.dgae.unam.mx/Licenciatura2025/resultados/4/42104005.html,135,1868,1702,70,135,335008,71,S,Seleccionado,Cita para entregar documentación.,Consultar
2025,4,Licenciatura 2025,421,42104005,PEDAGOGIA,FES ARAGÓN,Escolarizado,https://www.dgae.unam.mx/Licenciatura2025/resultados/4/42104005.html,135,1868,1702,70,135,335016,41,,No seleccionado,,Consultar
2025,4,Licenciatura 2025,421,42104005,PEDAGOGIA,FES ARAGÓN,Escolarizado,https://www.dgae.unam.mx/Licenciatura2025/resultados/4/42104005.html,135,1868,1702,70,135,335022,39,,No seleccionado,,Consultar
2025,4,Licenciatura 2025,421,42104005,PEDAGOGIA,FES ARAGÓN,Escolarizado,https://www.dgae.unam.mx/Licenciatura2025/resultados/4/42104005.html,135,1868,1702,70,135,335028,46,,No seleccionado,,Consultar
2025,4,Licenciatura 2025,421,42104005,PEDAGOGIA,FES ARAGÓN,Escolarizado,https://www.dgae.unam.mx/Licenciatura2025/resultados/4/42104005.html,135,1868,1702,70,135,335029,59,,No seleccionado,,Consultar
2025,4,Licenciatura 2025,421,42104005,PEDAGOGIA,FES ARAGÓN,Escolarizado,https://www.dgae.unam.mx/Licenciatura2025/resultados/4/42104005.html,135,1868,1702,70,135,335036,45,,No seleccionado,,Consultar
2025,4,Licenciatura 2025,421,42104005,PEDAGOGIA,FES ARAGÓN,Escolarizado,https://www.dgae.unam.mx/Licenciatura2025/resultados/4/42104005.html,135,1868,1702,70,135,335045,27,,No seleccionado,,Consultar
2025,4,Licenciatura 2025,421,42104005,PEDAGOGIA,FES ARAGÓN,Escolarizado,https://www.dgae.unam.mx/Licenciatura2025/resultados/4/42104005.html,135,1868,1702,70,135,335056,37,,No seleccionado,,Consultar
2025,4,Licenciatura 2025,421,42104005,PEDAGOGIA,FES ARAGÓN,Escolarizado,https://www.dgae.unam.mx/Licenciatura2025/resultados/4/42104005.html,135,1868,1702,70,135,335059,55,,No seleccionado,,Consultar
2025,4,Licenciatura 2025,421,42104005,PEDAGOGIA,FES ARAGÓN,Escolarizado,https://www.dgae.unam.mx/Licenciatura2025/resultados/4/42104005.html,135,1868,1702,70,135,335070,45,,No seleccionado,,Consultar
2025,4,Licenciatura 2025,421,42104005,PEDAGOGIA,FES ARAGÓN,Escolarizado,https://www.dgae.unam.mx/Licenciatura2025/resultados/4/42104005.html,135,1868,1702,70,135,335077,61,,No seleccionado,,Consultar
2025,4,Licenciatura 2025,421,42104005,PEDAGOGIA,FES ARAGÓN,Escolarizado,https://www.dgae.unam.mx/Licenciatura2025/resultados/4/42104005.html,135,1868,1702,70,135,335078,43,,No seleccionado,,Consultar
2025,4,Licenciatura 2025,421,42104005,PEDAGOGIA,FES ARAGÓN,Escolarizado,https://www.dgae.unam.mx/Licenciatura2025/resultados/4/42104005.html,135,1868,1702,70,135,335080,39,,No seleccionado,,Consultar
2025,4,Licenciatura 2025,421,42104005,PEDAGOGIA,FES ARAGÓN,Escolarizado,https://www.dgae.unam.mx/Licenciatura2025/resultados/4/42104005.html,135,1868,1702,70,135,335081,64,,No seleccionado,,Consultar
2025,4,Licenciatura 2025,421,42104005,PEDAGOGIA,FES ARAGÓN,Escolarizado,https://www.dgae.unam.mx/Licenciatura2025/resultados/4/42104005.html,135,1868,1702,70,135,335089,59,,No seleccionado,,Consultar
2025,4,Licenciatura 2025,421,42104005,PEDAGOGIA,FES ARAGÓN,Escolarizado,https://www.dgae.unam.mx/Licenciatura2025/resultados/4/42104005.html,135,1868,1702,70,135,335090,45,,No seleccionado,,Consultar
2025,4,Licenciatura 2025,421,42104005,PEDAGOGIA,FES ARAGÓN,Escolarizado,https://www.dgae.unam.mx/Licenciatura2025/resultados/4/42104005.html,135,1868,1702,70,135,335096,111,S,Seleccionado,Cita para entregar documentación.,Consultar
2025,4,Licenciatura 2025,421,42104005,PEDAGOGIA,FES ARAGÓN,Escolarizado,https://www.dgae.unam.mx/Licenciatura2025/resultados/4/42104005.html,135,1868,1702,70,135,335098,41,,No seleccionado,,Consultar
2025,4,Licenciatura 2025,421,42104005,PEDAGOGIA,FES ARAGÓN,Escolarizado,https://www.dgae.unam.mx/Licenciatura2025/resultados/4/42104005.html,135,1868,1702,70,135,335100,39,,No seleccionado,,Consultar
2025,4,Licenciatura 2025,421,42104005,PEDAGOGIA,FES ARAGÓN,Escolarizado,https://www.dgae.unam.mx/Licenciatura2025/resultados/4/42104005.html,135,1868,1702,70,135,335121,34,,No seleccionado,,Consultar
2025,4,Licenciatura 2025,421,42104005,PEDAGOGIA,FES ARAGÓN,Escolarizado,https://www.dgae.unam.mx/Licenciatura2025/resultados/4/42104005.html,135,1868,1702,70,135,335124,51,,No seleccionado,,Consultar
2025,4,Licenciatura 2025,421,42104005,PEDAGOGIA,FES ARAGÓN,Escolarizado,https://www.dgae.unam.mx/Licenciatura2025/resultados/4/42104005.html,135,1868,1702,70,135,335129,42,,No seleccionado,,Consultar
2025,4,Licenciatura 2025,421,42104005,PEDAGOGIA,FES ARAGÓN,Escolarizado,https://www.dgae.unam.mx/Licenciatura2025/resultados/4/42104005.html,135,1868,1702,70,135,335136,30,,No seleccionado,,Consultar
2025,4,Licenciatura 2025,421,42104005,PEDAGOGIA,FES ARAGÓN,Escolarizado,https://www.dgae.unam.mx/Licenciatura2025/resultados/4/42104005.html,135,1868,1702,70,135,335140,57,,No seleccionado,,Consultar
2025,4,Licenciatura 2025,421,42104005,PEDAGOGIA,FES ARAGÓN,Escolarizado,https://www.dgae.unam.mx/Licenciatura2025/resultados/4/42104005.html,135,1868,1702,70,135,335147,51,,No seleccionado,,Consultar
2025,4,Licenciatura 2025,421,42104005,PEDAGOGIA,FES ARAGÓN,Escolarizado,https://www.dgae.unam.mx/Licenciatura2025/resultados/4/42104005.html,135,1868,1702,70,135,335151,45,,No seleccionado,,Consultar
2025,4,Licenciatura 2025,421,42104005,PEDAGOGIA,FES ARAGÓN,Escolarizado,https://www.dgae.unam.mx/Licenciatura2025/resultados/4/42104005.html,135,1868,1702,70,135,335159,41,,No seleccionado,,Consultar
2025,4,Licenciatura 2025,421,42104005,PEDAGOGIA,FES ARAGÓN,Escolarizado,https://www.dgae.unam.mx/Licenciatura2025/resultados/4/42104005.html,135,1868,1702,70,135,335160,37,,No seleccionado,,Consultar
2025,4,Licenciatura 2025,421,42104005,PEDAGOGIA,FES ARAGÓN,Escolarizado,https://www.dgae.unam.mx/Licenciatura2025/resultados/4/42104005.html,135,1868,1702,70,135,335174,34,,No seleccionado,,Consultar
2025,4,Licenciatura 2025,421,42104005,PEDAGOGIA,FES ARAGÓN,Escolarizado,https://www.dgae.unam.mx/Licenciatura2025/resultados/4/42104005.html,135,1868,1702,70,135,335178,32,,No seleccionado,,Consultar
2025,4,Licenciatura 2025,421,42104005,PEDAGOGIA,FES ARAGÓN,Escolarizado,https://www.dgae.unam.mx/Licenciatura2025/resultados/4/42104005.html,135,1868,1702,70,135,335182,35,,No seleccionado,,Consultar
2025,4,Licenciatura 2025,421,42104005,PEDAGOGIA,FES ARAGÓN,Escolarizado,https://www.dgae.unam.mx/Licenciatura2025/resultados/4/42104005.html,135,1868,1702,70,135,335195,35,,No seleccionado,,Consultar
2025,4,Licenciatura 2025,421,42104005,PEDAGOGIA,FES ARAGÓN,Escolarizado,https://www.dgae.unam.mx/Licenciatura2025/resultados/4/42104005.html,135,1868,1702,70,135,335201,33,,No seleccionado,,Consultar
2025,4,Licenciatura 2025,421,42104005,PEDAGOGIA,FES ARAGÓN,Escolarizado,https://www.dgae.unam.mx/Licenciatura2025/resultados/4/42104005.html,135,1868,1702,70,135,335214,48,,No seleccionado,,Consultar
2025,4,Licenciatura 2025,421,42104005,PEDAGOGIA,FES ARAGÓN,Escolarizado,https://www.dgae.unam.mx/Licenciatura2025/resultados/4/42104005.html,135,1868,1702,70,135,335226,,N,No presentado,,Consultar
2025,4,Licenciatura 2025,421,42104005,PEDAGOGIA,FES ARAGÓN,Escolarizado,https://www.dgae.unam.mx/Licenciatura2025/resultados/4/42104005.html,135,1868,1702,70,135,335234,25,,No seleccionado,,Consultar
2025,4,Licenciatura 2025,421,42104005,PEDAGOGIA,FES ARAGÓN,Escolarizado,https://www.dgae.unam.mx/Licenciatura2025/resultados/4/42104005.html,135,1868,1702,70,135,335241,46,,No seleccionado,,Consultar
2025,4,Licenciatura 2025,421,42104005,PEDAGOGIA,FES ARAGÓN,Escolarizado,https://www.dgae.unam.mx/Licenciatura2025/resultados/4/42104005.html,135,1868,1702,70,135,335254,41,,No seleccionado,,Consultar
2025,4,Licenciatura 2025,421,42104005,PEDAGOGIA,FES ARAGÓN,Escolarizado,https://www.dgae.unam.mx/Licenciatura2025/resultados/4/42104005.html,135,1868,1702,70,135,335255,63,,No seleccionado,,Consultar
2025,4,Licenciatura 2025,421,42104005,PEDAGOGIA,FES ARAGÓN,Escolarizado,https://www.dgae.unam.mx/Licenciatura2025/resultados/4/42104005.html,135,1868,1702,70,135,335256,49,,No seleccionado,,Consultar
2025,4,Licenciatura 2025,421,42104005,PEDAGOGIA,FES ARAGÓN,Escolarizado,https://www.dgae.unam.mx/Licenciatura2025/resultados/4/42104005.html,135,1868,1702,70,135,335261,32,,No seleccionado,,Consultar
2025,4,Licenciatura 2025,421,42104005,PEDAGOGIA,FES ARAGÓN,Escolarizado,https://www.dgae.unam.mx/Licenciatura2025/resultados/4/42104005.html,135,1868,1702,70,135,335264,60,,No seleccionado,,Consultar
2025,4,Licenciatura 2025,421,42104005,PEDAGOGIA,FES ARAGÓN,Escolarizado,https://www.dgae.unam.mx/Licenciatura2025/resultados/4/42104005.html,135,1868,1702,70,135,335270,70,S,Seleccionado,Cita para entregar documentación.,Consultar
2025,4,Licenciatura 2025,421,42104005,PEDAGOGIA,FES ARAGÓN,Escolarizado,https://www.dgae.unam.mx/Licenciatura2025/resultados/4/42104005.html,135,1868,1702,70,135,335273,45,,No seleccionado,,Consultar
2025,4,Licenciatura 2025,421,42104005,PEDAGOGIA,FES ARAGÓN,Escolarizado,https://www.dgae.unam.mx/Licenciatura2025/resultados/4/42104005.html,135,1868,1702,70,135,335276,51,,No seleccionado,,Consultar
2025,4,Licenciatura 2025,421,42104005,PEDAGOGIA,FES ARAGÓN,Escolarizado,https://www.dgae.unam.mx/Licenciatura2025/resultados/4/42104005.html,135,1868,1702,70,135,335279,90,S,Seleccionado,Cita para entregar documentación.,Consultar
2025,4,Licenciatura 2025,421,42104005,PEDAGOGIA,FES ARAGÓN,Escolarizado,https://www.dgae.unam.mx/Licenciatura2025/resultados/4/42104005.html,135,1868,1702,70,135,335290,45,,No seleccionado,,Consultar
2025,4,Licenciatura 2025,421,42104005,PEDAGOGIA,FES ARAGÓN,Escolarizado,https://www.dgae.unam.mx/Licenciatura2025/resultados/4/42104005.html,135,1868,1702,70,135,335294,40,,No seleccionado,,Consultar
2025,4,Licenciatura 2025,421,42104005,PEDAGOGIA,FES ARAGÓN,Escolarizado,https://www.dgae.unam.mx/Licenciatura2025/resultados/4/42104005.html,135,1868,1702,70,135,335295,68,,No seleccionado,,Consultar
2025,4,Licenciatura 2025,421,42104005,PEDAGOGIA,FES ARAGÓN,Escolarizado,https://www.dgae.unam.mx/Licenciatura2025/resultados/4/42104005.html,135,1868,1702,70,135,335296,58,,No seleccionado,,Consultar
2025,4,Licenciatura 2025,421,42104005,PEDAGOGIA,FES ARAGÓN,Escolarizado,https://www.dgae.unam.mx/Licenciatura2025/resultados/4/42104005.html,135,1868,1702,70,135,335301,53,,No seleccionado,,Consultar
2025,4,Licenciatura 2025,421,42104005,PEDAGOGIA,FES ARAGÓN,Escolarizado,https://www.dgae.unam.mx/Licenciatura2025/resultados/4/42104005.html,135,1868,1702,70,135,335304,41,,No seleccionado,,Consultar
2025,4,Licenciatura 2025,421,42104005,PEDAGOGIA,FES ARAGÓN,Escolarizado,https://www.dgae.unam.mx/Licenciatura2025/resultados/4/42104005.html,135,1868,1702,70,135,335307,59,,No seleccionado,,Consultar
2025,4,Licenciatura 2025,421,42104005,PEDAGOGIA,FES ARAGÓN,Escolarizado,https://www.dgae.unam.mx/Licenciatura2025/resultados/4/42104005.html,135,1868,1702,70,135,335311,35,,No seleccionado,,Consultar
2025,4,Licenciatura 2025,421,42104005,PEDAGOGIA,FES ARAGÓN,Escolarizado,https://www.dgae.unam.mx/Licenciatura2025/resultados/4/42104005.html,135,1868,1702,70,135,335312,72,S,Seleccionado,Cita para entregar documentación.,Consultar
2025,4,Licenciatura 2025,421,42104005,PEDAGOGIA,FES ARAGÓN,Escolarizado,https://www.dgae.unam.mx/Licenciatura2025/resultados/4/42104005.html,135,1868,1702,70,135,335314,43,,No seleccionado,,Consultar
2025,4,Licenciatura 2025,421,42104005,PEDAGOGIA,FES ARAGÓN,Escolarizado,https://www.dgae.unam.mx/Licenciatura2025/resultados/4/42104005.html,135,1868,1702,70,135,335326,45,,No seleccionado,,Consultar
2025,4,Licenciatura 2025,421,42104005,PEDAGOGIA,FES ARAGÓN,Escolarizado,https://www.dgae.unam.mx/Licenciatura2025/resultados/4/42104005.html,135,1868,1702,70,135,335327,49,,No seleccionado,,Consultar
2025,4,Licenciatura 2025,421,42104005,PEDAGOGIA,FES ARAGÓN,Escolarizado,https://www.dgae.unam.mx/Licenciatura2025/resultados/4/42104005.html,135,1868,1702,70,135,335334,49,,No seleccionado,,Consultar
2025,4,Licenciatura 2025,421,42104005,PEDAGOGIA,FES ARAGÓN,Escolarizado,https://www.dgae.unam.mx/Licenciatura2025/resultados/4/42104005.html,135,1868,1702,70,135,335335,67,,No seleccionado,,Consultar
2025,4,Licenciatura 2025,421,42104005,PEDAGOGIA,FES ARAGÓN,Escolarizado,https://www.dgae.unam.mx/Licenciatura2025/resultados/4/42104005.html,135,1868,1702,70,135,335341,47,,No seleccionado,,Consultar
2025,4,Licenciatura 2025,421,42104005,PEDAGOGIA,FES ARAGÓN,Escolarizado,https://www.dgae.unam.mx/Licenciatura2025/resultados/4/42104005.html,135,1868,1702,70,135,335370,33,,No seleccionado,,Consultar
2025,4,Licenciatura 2025,421,42104005,PEDAGOGIA,FES ARAGÓN,Escolarizado,https://www.dgae.unam.mx/Licenciatura2025/resultados/4/42104005.html,135,1868,1702,70,135,335383,40,,No seleccionado,,Consultar
2025,4,Licenciatura 2025,421,42104005,PEDAGOGIA,FES ARAGÓN,Escolarizado,https://www.dgae.unam.mx/Licenciatura2025/resultados/4/42104005.html,135,1868,1702,70,135,335384,,N,No presentado,,Consultar
2025,4,Licenciatura 2025,421,42104005,PEDAGOGIA,FES ARAGÓN,Escolarizado,https://www.dgae.unam.mx/Licenciatura2025/resultados/4/42104005.html,135,1868,1702,70,135,335387,56,,No seleccionado,,Consultar
2025,4,Licenciatura 2025,421,42104005,PEDAGOGIA,FES ARAGÓN,Escolarizado,https://www.dgae.unam.mx/Licenciatura2025/resultados/4/42104005.html,135,1868,1702,70,135,335393,32,,No seleccionado,,Consultar
2025,4,Licenciatura 2025,421,42104005,PEDAGOGIA,FES ARAGÓN,Escolarizado,https://www.dgae.unam.mx/Licenciatura2025/resultados/4/42104005.html,135,1868,1702,70,135,335397,37,,No seleccionado,,Consultar
2025,4,Licenciatura 2025,421,42104005,PEDAGOGIA,FES ARAGÓN,Escolarizado,https://www.dgae.unam.mx/Licenciatura2025/resultados/4/42104005.html,135,1868,1702,70,135,335398,44,,No seleccionado,,Consultar
2025,4,Licenciatura 2025,421,42104005,PEDAGOGIA,FES ARAGÓN,Escolarizado,https://www.dgae.unam.mx/Licenciatura2025/resultados/4/42104005.html,135,1868,1702,70,135,335413,37,,No seleccionado,,Consultar
2025,4,Licenciatura 2025,421,42104005,PEDAGOGIA,FES ARAGÓN,Escolarizado,https://www.dgae.unam.mx/Licenciatura2025/resultados/4/42104005.html,135,1868,1702,70,135,335418,60,,No seleccionado,,Consultar
2025,4,Licenciatura 2025,421,42104005,PEDAGOGIA,FES ARAGÓN,Escolarizado,https://www.dgae.unam.mx/Licenciatura2025/resultados/4/42104005.html,135,1868,1702,70,135,335420,39,,No seleccionado,,Consultar
2025,4,Licenciatura 2025,421,42104005,PEDAGOGIA,FES ARAGÓN,Escolarizado,https://www.dgae.unam.mx/Licenciatura2025/resultados/4/42104005.html,135,1868,1702,70,135,335426,76,S,Seleccionado,Cita para entregar documentación.,Consultar
2025,4,Licenciatura 2025,421,42104005,PEDAGOGIA,FES ARAGÓN,Escolarizado,https://www.dgae.unam.mx/Licenciatura2025/resultados/4/42104005.html,135,1868,1702,70,135,335431,,N,No presentado,,Consultar
2025,4,Licenciatura 2025,421,42104005,PEDAGOGIA,FES ARAGÓN,Escolarizado,https://www.dgae.unam.mx/Licenciatura2025/resultados/4/42104005.html,135,1868,1702,70,135,335439,39,,No seleccionado,,Consultar
2025,4,Licenciatura 2025,421,42104005,PEDAGOGIA,FES ARAGÓN,Escolarizado,https://www.dgae.unam.mx/Licenciatura2025/resultados/4/42104005.html,135,1868,1702,70,135,335441,57,,No seleccionado,,Consultar
2025,4,Licenciatura 2025,421,42104005,PEDAGOGIA,FES ARAGÓN,Escolarizado,https://www.dgae.unam.mx/Licenciatura2025/resultados/4/42104005.html,135,1868,1702,70,135,335445,43,,No seleccionado,,Consultar
2025,4,Licenciatura 2025,421,42104005,PEDAGOGIA,FES ARAGÓN,Escolarizado,https://www.dgae.unam.mx/Licenciatura2025/resultados/4/42104005.html,135,1868,1702,70,135,335446,40,,No seleccionado,,Consultar
2025,4,Licenciatura 2025,421,42104005,PEDAGOGIA,FES ARAGÓN,Escolarizado,https://www.dgae.unam.mx/Licenciatura2025/resultados/4/42104005.html,135,1868,1702,70,135,335454,32,,No seleccionado,,Consultar
2025,4,Licenciatura 2025,421,42104005,PEDAGOGIA,FES ARAGÓN,Escolarizado,https://www.dgae.unam.mx/Licenciatura2025/resultados/4/42104005.html,135,1868,1702,70,135,335460,38,,No seleccionado,,Consultar
2025,4,Licenciatura 2025,421,42104005,PEDAGOGIA,FES ARAGÓN,Escolarizado,https://www.dgae.unam.mx/Licenciatura2025/resultados/4/42104005.html,135,1868,1702,70,135,335461,41,,No seleccionado,,Consultar
2025,4,Licenciatura 2025,421,42104005,PEDAGOGIA,FES ARAGÓN,Escolarizado,https://www.dgae.unam.mx/Licenciatura2025/resultados/4/42104005.html,135,1868,1702,70,135,335489,50,,No seleccionado,,Consultar
2025,4,Licenciatura 2025,421,42104005,PEDAGOGIA,FES ARAGÓN,Escolarizado,https://www.dgae.unam.mx/Licenciatura2025/resultados/4/42104005.html,135,1868,1702,70,135,335491,59,,No seleccionado,,Consultar
2025,4,Licenciatura 2025,421,42104005,PEDAGOGIA,FES ARAGÓN,Escolarizado,https://www.dgae.unam.mx/Licenciatura2025/resultados/4/42104005.html,135,1868,1702,70,135,335496,34,,No seleccionado,,Consultar
2025,4,Licenciatura 2025,421,42104005,PEDAGOGIA,FES ARAGÓN,Escolarizado,https://www.dgae.unam.mx/Licenciatura2025/resultados/4/42104005.html,135,1868,1702,70,135,335500,35,,No seleccionado,,Consultar
2025,4,Licenciatura 2025,421,42104005,PEDAGOGIA,FES ARAGÓN,Escolarizado,https://www.dgae.unam.mx/Licenciatura2025/resultados/4/42104005.html,135,1868,1702,70,135,335504,46,,No seleccionado,,Consultar
2025,4,Licenciatura 2025,421,42104005,PEDAGOGIA,FES ARAGÓN,Escolarizado,https://www.dgae.unam.mx/Licenciatura2025/resultados/4/42104005.html,135,1868,1702,70,135,335511,44,,No seleccionado,,Consultar
2025,4,Licenciatura 2025,421,42104005,PEDAGOGIA,FES ARAGÓN,Escolarizado,https://www.dgae.unam.mx/Licenciatura2025/resultados/4/42104005.html,135,1868,1702,70,135,335517,,N,No presentado,,Consultar
2025,4,Licenciatura 2025,421,42104005,PEDAGOGIA,FES ARAGÓN,Escolarizado,https://www.dgae.unam.mx/Licenciatura2025/resultados/4/42104005.html,135,1868,1702,70,135,335520,38,,No seleccionado,,Consultar
2025,4,Licenciatura 2025,421,42104005,PEDAGOGIA,FES ARAGÓN,Escolarizado,https://www.dgae.unam.mx/Licenciatura2025/resultados/4/42104005.html,135,1868,1702,70,135,335535,35,,No seleccionado,,Consultar
2025,4,Licenciatura 2025,421,42104005,PEDAGOGIA,FES ARAGÓN,Escolarizado,https://www.dgae.unam.mx/Licenciatura2025/resultados/4/42104005.html,135,1868,1702,70,135,335577,34,,No seleccionado,,Consultar
2025,4,Licenciatura 2025,421,42104005,PEDAGOGIA,FES ARAGÓN,Escolarizado,https://www.dgae.unam.mx/Licenciatura2025/resultados/4/42104005.html,135,1868,1702,70,135,335583,35,,No seleccionado,,Consultar
2025,4,Licenciatura 2025,421,42104005,PEDAGOGIA,FES ARAGÓN,Escolarizado,https://www.dgae.unam.mx/Licenciatura2025/resultados/4/42104005.html,135,1868,1702,70,135,335593,49,,No seleccionado,,Consultar
2025,4,Licenciatura 2025,421,42104005,PEDAGOGIA,FES ARAGÓN,Escolarizado,https://www.dgae.unam.mx/Licenciatura2025/resultados/4/42104005.html,135,1868,1702,70,135,335603,50,,No seleccionado,,Consultar
2025,4,Licenciatura 2025,421,42104005,PEDAGOGIA,FES ARAGÓN,Escolarizado,https://www.dgae.unam.mx/Licenciatura2025/resultados/4/42104005.html,135,1868,1702,70,135,335607,,N,No presentado,,Consultar
2025,4,Licenciatura 2025,421,42104005,PEDAGOGIA,FES ARAGÓN,Escolarizado,https://www.dgae.unam.mx/Licenciatura2025/resultados/4/42104005.html,135,1868,1702,70,135,335608,51,,No seleccionado,,Consultar
2025,4,Licenciatura 2025,421,42104005,PEDAGOGIA,FES ARAGÓN,Escolarizado,https://www.dgae.unam.mx/Licenciatura2025/resultados/4/42104005.html,135,1868,1702,70,135,335623,39,,No seleccionado,,Consultar
2025,4,Licenciatura 2025,421,42104005,PEDAGOGIA,FES ARAGÓN,Escolarizado,https://www.dgae.unam.mx/Licenciatura2025/resultados/4/42104005.html,135,1868,1702,70,135,335655,49,,No seleccionado,,Consultar
2025,4,Licenciatura 2025,421,42104005,PEDAGOGIA,FES ARAGÓN,Escolarizado,https://www.dgae.unam.mx/Licenciatura2025/resultados/4/42104005.html,135,1868,1702,70,135,335689,42,,No seleccionado,,Consultar
2025,4,Licenciatura 2025,421,42104005,PEDAGOGIA,FES ARAGÓN,Escolarizado,https://www.dgae.unam.mx/Licenciatura2025/resultados/4/42104005.html,135,1868,1702,70,135,335717,45,,No seleccionado,,Consultar
2025,4,Licenciatura 2025,421,42104005,PEDAGOGIA,FES ARAGÓN,Escolarizado,https://www.dgae.unam.mx/Licenciatura2025/resultados/4/42104005.html,135,1868,1702,70,135,335734,41,,No seleccionado,,Consultar
2025,4,Licenciatura 2025,421,42104005,PEDAGOGIA,FES ARAGÓN,Escolarizado,https://www.dgae.unam.mx/Licenciatura2025/resultados/4/42104005.html,135,1868,1702,70,135,335753,39,,No seleccionado,,Consultar
2025,4,Licenciatura 2025,421,42104005,PEDAGOGIA,FES ARAGÓN,Escolarizado,https://www.dgae.unam.mx/Licenciatura2025/resultados/4/42104005.html,135,1868,1702,70,135,335769,40,,No seleccionado,,Consultar
2025,4,Licenciatura 2025,421,42104005,PEDAGOGIA,FES ARAGÓN,Escolarizado,https://www.dgae.unam.mx/Licenciatura2025/resultados/4/42104005.html,135,1868,1702,70,135,335816,36,,No seleccionado,,Consultar
2025,4,Licenciatura 2025,421,42104005,PEDAGOGIA,FES ARAGÓN,Escolarizado,https://www.dgae.unam.mx/Licenciatura2025/resultados/4/42104005.html,135,1868,1702,70,135,335818,54,,No seleccionado,,Consultar
2025,4,Licenciatura 2025,421,42104005,PEDAGOGIA,FES ARAGÓN,Escolarizado,https://www.dgae.unam.mx/Licenciatura2025/resultados/4/42104005.html,135,1868,1702,70,135,335830,37,,No seleccionado,,Consultar
2025,4,Licenciatura 2025,421,42104005,PEDAGOGIA,FES ARAGÓN,Escolarizado,https://www.dgae.unam.mx/Licenciatura2025/resultados/4/42104005.html,135,1868,1702,70,135,335867,44,,No seleccionado,,Consultar
2025,4,Licenciatura 2025,421,42104005,PEDAGOGIA,FES ARAGÓN,Escolarizado,https://www.dgae.unam.mx/Licenciatura2025/resultados/4/42104005.html,135,1868,1702,70,135,335887,65,,No seleccionado,,Consultar
2025,4,Licenciatura 2025,421,42104005,PEDAGOGIA,FES ARAGÓN,Escolarizado,https://www.dgae.unam.mx/Licenciatura2025/resultados/4/42104005.html,135,1868,1702,70,135,335901,60,,No seleccionado,,Consultar
2025,4,Licenciatura 2025,421,42104005,PEDAGOGIA,FES ARAGÓN,Escolarizado,https://www.dgae.unam.mx/Licenciatura2025/resultados/4/42104005.html,135,1868,1702,70,135,335902,61,,No seleccionado,,Consultar
2025,4,Licenciatura 2025,421,42104005,PEDAGOGIA,FES ARAGÓN,Escolarizado,https://www.dgae.unam.mx/Licenciatura2025/resultados/4/42104005.html,135,1868,1702,70,135,335903,40,,No seleccionado,,Consultar
2025,4,Licenciatura 2025,421,42104005,PEDAGOGIA,FES ARAGÓN,Escolarizado,https://www.dgae.unam.mx/Licenciatura2025/resultados/4/42104005.html,135,1868,1702,70,135,335907,41,,No seleccionado,,Consultar
2025,4,Licenciatura 2025,421,42104005,PEDAGOGIA,FES ARAGÓN,Escolarizado,https://www.dgae.unam.mx/Licenciatura2025/resultados/4/42104005.html,135,1868,1702,70,135,335912,33,,No seleccionado,,Consultar
2025,4,Licenciatura 2025,421,42104005,PEDAGOGIA,FES ARAGÓN,Escolarizado,https://www.dgae.unam.mx/Licenciatura2025/resultados/4/42104005.html,135,1868,1702,70,135,335930,51,,No seleccionado,,Consultar
2025,4,Licenciatura 2025,421,42104005,PEDAGOGIA,FES ARAGÓN,Escolarizado,https://www.dgae.unam.mx/Licenciatura2025/resultados/4/42104005.html,135,1868,1702,70,135,335938,34,,No seleccionado,,Consultar
2025,4,Licenciatura 2025,421,42104005,PEDAGOGIA,FES ARAGÓN,Escolarizado,https://www.dgae.unam.mx/Licenciatura2025/resultados/4/42104005.html,135,1868,1702,70,135,335939,32,,No seleccionado,,Consultar
2025,4,Licenciatura 2025,421,42104005,PEDAGOGIA,FES ARAGÓN,Escolarizado,https://www.dgae.unam.mx/Licenciatura2025/resultados/4/42104005.html,135,1868,1702,70,135,335951,55,,No seleccionado,,Consultar
2025,4,Licenciatura 2025,421,42104005,PEDAGOGIA,FES ARAGÓN,Escolarizado,https://www.dgae.unam.mx/Licenciatura2025/resultados/4/42104005.html,135,1868,1702,70,135,335961,79,S,Seleccionado,Cita para entregar documentación.,Consultar
2025,4,Licenciatura 2025,421,42104005,PEDAGOGIA,FES ARAGÓN,Escolarizado,https://www.dgae.unam.mx/Licenciatura2025/resultados/4/42104005.html,135,1868,1702,70,135,335962,21,,No seleccionado,,Consultar
2025,4,Licenciatura 2025,421,42104005,PEDAGOGIA,FES ARAGÓN,Escolarizado,https://www.dgae.unam.mx/Licenciatura2025/resultados/4/42104005.html,135,1868,1702,70,135,335964,45,,No seleccionado,,Consultar
2025,4,Licenciatura 2025,421,42104005,PEDAGOGIA,FES ARAGÓN,Escolarizado,https://www.dgae.unam.mx/Licenciatura2025/resultados/4/42104005.html,135,1868,1702,70,135,335965,,N,No presentado,,Consultar
2025,4,Licenciatura 2025,421,42104005,PEDAGOGIA,FES ARAGÓN,Escolarizado,https://www.dgae.unam.mx/Licenciatura2025/resultados/4/42104005.html,135,1868,1702,70,135,335968,40,,No seleccionado,,Consultar
2025,4,Licenciatura 2025,421,42104005,PEDAGOGIA,FES ARAGÓN,Escolarizado,https://www.dgae.unam.mx/Licenciatura2025/resultados/4/42104005.html,135,1868,1702,70,135,335969,39,,No seleccionado,,Consultar
2025,4,Licenciatura 2025,421,42104005,PEDAGOGIA,FES ARAGÓN,Escolarizado,https://www.dgae.unam.mx/Licenciatura2025/resultados/4/42104005.html,135,1868,1702,70,135,335971,58,,No seleccionado,,Consultar
2025,4,Licenciatura 2025,421,42104005,PEDAGOGIA,FES ARAGÓN,Escolarizado,https://www.dgae.unam.mx/Licenciatura2025/resultados/4/42104005.html,135,1868,1702,70,135,335976,42,,No seleccionado,,Consultar
2025,4,Licenciatura 2025,421,42104005,PEDAGOGIA,FES ARAGÓN,Escolarizado,https://www.dgae.unam.mx/Licenciatura2025/resultados/4/42104005.html,135,1868,1702,70,135,335977,42,,No seleccionado,,Consultar
2025,4,Licenciatura 2025,421,42104005,PEDAGOGIA,FES ARAGÓN,Escolarizado,https://www.dgae.unam.mx/Licenciatura2025/resultados/4/42104005.html,135,1868,1702,70,135,335989,39,,No seleccionado,,Consultar
2025,4,Licenciatura 2025,421,42104005,PEDAGOGIA,FES ARAGÓN,Escolarizado,https://www.dgae.unam.mx/Licenciatura2025/resultados/4/42104005.html,135,1868,1702,70,135,335990,56,,No seleccionado,,Consultar
2025,4,Licenciatura 2025,421,42104005,PEDAGOGIA,FES ARAGÓN,Escolarizado,https://www.dgae.unam.mx/Licenciatura2025/resultados/4/42104005.html,135,1868,1702,70,135,335991,50,,No seleccionado,,Consultar
2025,4,Licenciatura 2025,421,42104005,PEDAGOGIA,FES ARAGÓN,Escolarizado,https://www.dgae.unam.mx/Licenciatura2025/resultados/4/42104005.html,135,1868,1702,70,135,335993,35,,No seleccionado,,Consultar
2025,4,Licenciatura 2025,421,42104005,PEDAGOGIA,FES ARAGÓN,Escolarizado,https://www.dgae.unam.mx/Licenciatura2025/resultados/4/42104005.html,135,1868,1702,70,135,336004,53,,No seleccionado,,Consultar
2025,4,Licenciatura 2025,421,42104005,PEDAGOGIA,FES ARAGÓN,Escolarizado,https://www.dgae.unam.mx/Licenciatura2025/resultados/4/42104005.html,135,1868,1702,70,135,336005,76,S,Seleccionado,Cita para entregar documentación.,Consultar
2025,4,Licenciatura 2025,421,42104005,PEDAGOGIA,FES ARAGÓN,Escolarizado,https://www.dgae.unam.mx/Licenciatura2025/resultados/4/42104005.html,135,1868,1702,70,135,336014,40,,No seleccionado,,Consultar
2025,4,Licenciatura 2025,421,42104005,PEDAGOGIA,FES ARAGÓN,Escolarizado,https://www.dgae.unam.mx/Licenciatura2025/resultados/4/42104005.html,135,1868,1702,70,135,336017,37,,No seleccionado,,Consultar
2025,4,Licenciatura 2025,421,42104005,PEDAGOGIA,FES ARAGÓN,Escolarizado,https://www.dgae.unam.mx/Licenciatura2025/resultados/4/42104005.html,135,1868,1702,70,135,336019,67,,No seleccionado,,Consultar
2025,4,Licenciatura 2025,421,42104005,PEDAGOGIA,FES ARAGÓN,Escolarizado,https://www.dgae.unam.mx/Licenciatura2025/resultados/4/42104005.html,135,1868,1702,70,135,336020,37,,No seleccionado,,Consultar
2025,4,Licenciatura 2025,421,42104005,PEDAGOGIA,FES ARAGÓN,Escolarizado,https://www.dgae.unam.mx/Licenciatura2025/resultados/4/42104005.html,135,1868,1702,70,135,336029,35,,No seleccionado,,Consultar
2025,4,Licenciatura 2025,421,42104005,PEDAGOGIA,FES ARAGÓN,Escolarizado,https://www.dgae.unam.mx/Licenciatura2025/resultados/4/42104005.html,135,1868,1702,70,135,336030,40,,No seleccionado,,Consultar
2025,4,Licenciatura 2025,421,42104005,PEDAGOGIA,FES ARAGÓN,Escolarizado,https://www.dgae.unam.mx/Licenciatura2025/resultados/4/42104005.html,135,1868,1702,70,135,336059,37,,No seleccionado,,Consultar
2025,4,Licenciatura 2025,421,42104005,PEDAGOGIA,FES ARAGÓN,Escolarizado,https://www.dgae.unam.mx/Licenciatura2025/resultados/4/42104005.html,135,1868,1702,70,135,336070,28,,No seleccionado,,Consultar
2025,4,Licenciatura 2025,421,42104005,PEDAGOGIA,FES ARAGÓN,Escolarizado,https://www.dgae.unam.mx/Licenciatura2025/resultados/4/42104005.html,135,1868,1702,70,135,336073,40,,No seleccionado,,Consultar
2025,4,Licenciatura 2025,421,42104005,PEDAGOGIA,FES ARAGÓN,Escolarizado,https://www.dgae.unam.mx/Licenciatura2025/resultados/4/42104005.html,135,1868,1702,70,135,336076,36,,No seleccionado,,Consultar
2025,4,Licenciatura 2025,421,42104005,PEDAGOGIA,FES ARAGÓN,Escolarizado,https://www.dgae.unam.mx/Licenciatura2025/resultados/4/42104005.html,135,1868,1702,70,135,336080,43,,No seleccionado,,Consultar
2025,4,Licenciatura 2025,421,42104005,PEDAGOGIA,FES ARAGÓN,Escolarizado,https://www.dgae.unam.mx/Licenciatura2025/resultados/4/42104005.html,135,1868,1702,70,135,336104,60,,No seleccionado,,Consultar
2025,4,Licenciatura 2025,421,42104005,PEDAGOGIA,FES ARAGÓN,Escolarizado,https://www.dgae.unam.mx/Licenciatura2025/resultados/4/42104005.html,135,1868,1702,70,135,336129,35,,No seleccionado,,Consultar
2025,4,Licenciatura 2025,421,42104005,PEDAGOGIA,FES ARAGÓN,Escolarizado,https://www.dgae.unam.mx/Licenciatura2025/resultados/4/42104005.html,135,1868,1702,70,135,336137,59,,No seleccionado,,Consultar
2025,4,Licenciatura 2025,421,42104005,PEDAGOGIA,FES ARAGÓN,Escolarizado,https://www.dgae.unam.mx/Licenciatura2025/resultados/4/42104005.html,135,1868,1702,70,135,336166,33,,No seleccionado,,Consultar
2025,4,Licenciatura 2025,421,42104005,PEDAGOGIA,FES ARAGÓN,Escolarizado,https://www.dgae.unam.mx/Licenciatura2025/resultados/4/42104005.html,135,1868,1702,70,135,336168,79,S,Seleccionado,Cita para entregar documentación.,Consultar
2025,4,Licenciatura 2025,421,42104005,PEDAGOGIA,FES ARAGÓN,Escolarizado,https://www.dgae.unam.mx/Licenciatura2025/resultados/4/42104005.html,135,1868,1702,70,135,336172,,N,No presentado,,Consultar
2025,4,Licenciatura 2025,421,42104005,PEDAGOGIA,FES ARAGÓN,Escolarizado,https://www.dgae.unam.mx/Licenciatura2025/resultados/4/42104005.html,135,1868,1702,70,135,336175,44,,No seleccionado,,Consultar
2025,4,Licenciatura 2025,421,42104005,PEDAGOGIA,FES ARAGÓN,Escolarizado,https://www.dgae.unam.mx/Licenciatura2025/resultados/4/42104005.html,135,1868,1702,70,135,336179,50,,No seleccionado,,Consultar
2025,4,Licenciatura 2025,421,42104005,PEDAGOGIA,FES ARAGÓN,Escolarizado,https://www.dgae.unam.mx/Licenciatura2025/resultados/4/42104005.html,135,1868,1702,70,135,336182,42,,No seleccionado,,Consultar
2025,4,Licenciatura 2025,421,42104005,PEDAGOGIA,FES ARAGÓN,Escolarizado,https://www.dgae.unam.mx/Licenciatura2025/resultados/4/42104005.html,135,1868,1702,70,135,336192,35,,No seleccionado,,Consultar
2025,4,Licenciatura 2025,421,42104005,PEDAGOGIA,FES ARAGÓN,Escolarizado,https://www.dgae.unam.mx/Licenciatura2025/resultados/4/42104005.html,135,1868,1702,70,135,336196,,N,No presentado,,Consultar
2025,4,Licenciatura 2025,421,42104005,PEDAGOGIA,FES ARAGÓN,Escolarizado,https://www.dgae.unam.mx/Licenciatura2025/resultados/4/42104005.html,135,1868,1702,70,135,336197,43,,No seleccionado,,Consultar
2025,4,Licenciatura 2025,421,42104005,PEDAGOGIA,FES ARAGÓN,Escolarizado,https://www.dgae.unam.mx/Licenciatura2025/resultados/4/42104005.html,135,1868,1702,70,135,336201,,N,No presentado,,Consultar
2025,4,Licenciatura 2025,421,42104005,PEDAGOGIA,FES ARAGÓN,Escolarizado,https://www.dgae.unam.mx/Licenciatura2025/resultados/4/42104005.html,135,1868,1702,70,135,336204,22,,No seleccionado,,Consultar
2025,4,Licenciatura 2025,421,42104005,PEDAGOGIA,FES ARAGÓN,Escolarizado,https://www.dgae.unam.mx/Licenciatura2025/resultados/4/42104005.html,135,1868,1702,70,135,336210,43,,No seleccionado,,Consultar
2025,4,Licenciatura 2025,421,42104005,PEDAGOGIA,FES ARAGÓN,Escolarizado,https://www.dgae.unam.mx/Licenciatura2025/resultados/4/42104005.html,135,1868,1702,70,135,336211,,N,No presentado,,Consultar
2025,4,Licenciatura 2025,421,42104005,PEDAGOGIA,FES ARAGÓN,Escolarizado,https://www.dgae.unam.mx/Licenciatura2025/resultados/4/42104005.html,135,1868,1702,70,135,336218,,N,No presentado,,Consultar
2025,4,Licenciatura 2025,421,42104005,PEDAGOGIA,FES ARAGÓN,Escolarizado,https://www.dgae.unam.mx/Licenciatura2025/resultados/4/42104005.html,135,1868,1702,70,135,336226,44,,No seleccionado,,Consultar
2025,4,Licenciatura 2025,421,42104005,PEDAGOGIA,FES ARAGÓN,Escolarizado,https://www.dgae.unam.mx/Licenciatura2025/resultados/4/42104005.html,135,1868,1702,70,135,336229,49,,No seleccionado,,Consultar
2025,4,Licenciatura 2025,421,42104005,PEDAGOGIA,FES ARAGÓN,Escolarizado,https://www.dgae.unam.mx/Licenciatura2025/resultados/4/42104005.html,135,1868,1702,70,135,336231,32,,No seleccionado,,Consultar
2025,4,Licenciatura 2025,421,42104005,PEDAGOGIA,FES ARAGÓN,Escolarizado,https://www.dgae.unam.mx/Licenciatura2025/resultados/4/42104005.html,135,1868,1702,70,135,336237,44,,No seleccionado,,Consultar
2025,4,Licenciatura 2025,421,42104005,PEDAGOGIA,FES ARAGÓN,Escolarizado,https://www.dgae.unam.mx/Licenciatura2025/resultados/4/42104005.html,135,1868,1702,70,135,336242,34,,No seleccionado,,Consultar
2025,4,Licenciatura 2025,421,42104005,PEDAGOGIA,FES ARAGÓN,Escolarizado,https://www.dgae.unam.mx/Licenciatura2025/resultados/4/42104005.html,135,1868,1702,70,135,336251,40,,No seleccionado,,Consultar
2025,4,Licenciatura 2025,421,42104005,PEDAGOGIA,FES ARAGÓN,Escolarizado,https://www.dgae.unam.mx/Licenciatura2025/resultados/4/42104005.html,135,1868,1702,70,135,336252,27,,No seleccionado,,Consultar
2025,4,Licenciatura 2025,421,42104005,PEDAGOGIA,FES ARAGÓN,Escolarizado,https://www.dgae.unam.mx/Licenciatura2025/resultados/4/42104005.html,135,1868,1702,70,135,336254,,N,No presentado,,Consultar
2025,4,Licenciatura 2025,421,42104005,PEDAGOGIA,FES ARAGÓN,Escolarizado,https://www.dgae.unam.mx/Licenciatura2025/resultados/4/42104005.html,135,1868,1702,70,135,336256,,N,No presentado,,Consultar
2025,4,Licenciatura 2025,421,42104005,PEDAGOGIA,FES ARAGÓN,Escolarizado,https://www.dgae.unam.mx/Licenciatura2025/resultados/4/42104005.html,135,1868,1702,70,135,336257,77,S,Seleccionado,Cita para entregar documentación.,Consultar
2025,4,Licenciatura 2025,421,42104005,PEDAGOGIA,FES ARAGÓN,Escolarizado,https://www.dgae.unam.mx/Licenciatura2025/resultados/4/42104005.html,135,1868,1702,70,135,336271,29,,No seleccionado,,Consultar
2025,4,Licenciatura 2025,421,42104005,PEDAGOGIA,FES ARAGÓN,Escolarizado,https://www.dgae.unam.mx/Licenciatura2025/resultados/4/42104005.html,135,1868,1702,70,135,336292,43,,No seleccionado,,Consultar
2025,4,Licenciatura 2025,421,42104005,PEDAGOGIA,FES ARAGÓN,Escolarizado,https://www.dgae.unam.mx/Licenciatura2025/resultados/4/42104005.html,135,1868,1702,70,135,336295,37,,No seleccionado,,Consultar
2025,4,Licenciatura 2025,421,42104005,PEDAGOGIA,FES ARAGÓN,Escolarizado,https://www.dgae.unam.mx/Licenciatura2025/resultados/4/42104005.html,135,1868,1702,70,135,336296,29,,No seleccionado,,Consultar
2025,4,Licenciatura 2025,421,42104005,PEDAGOGIA,FES ARAGÓN,Escolarizado,https://www.dgae.unam.mx/Licenciatura2025/resultados/4/42104005.html,135,1868,1702,70,135,336306,50,,No seleccionado,,Consultar
2025,4,Licenciatura 2025,421,42104005,PEDAGOGIA,FES ARAGÓN,Escolarizado,https://www.dgae.unam.mx/Licenciatura2025/resultados/4/42104005.html,135,1868,1702,70,135,336541,42,,No seleccionado,,Consultar
2025,4,Licenciatura 2025,421,42104005,PEDAGOGIA,FES ARAGÓN,Escolarizado,https://www.dgae.unam.mx/Licenciatura2025/resultados/4/42104005.html,135,1868,1702,70,135,336595,53,,No seleccionado,,Consultar
2025,4,Licenciatura 2025,421,42104005,PEDAGOGIA,FES ARAGÓN,Escolarizado,https://www.dgae.unam.mx/Licenciatura2025/resultados/4/42104005.html,135,1868,1702,70,135,336626,40,,No seleccionado,,Consultar
2025,4,Licenciatura 2025,421,42104005,PEDAGOGIA,FES ARAGÓN,Escolarizado,https://www.dgae.unam.mx/Licenciatura2025/resultados/4/42104005.html,135,1868,1702,70,135,336687,45,,No seleccionado,,Consultar
2025,4,Licenciatura 2025,421,42104005,PEDAGOGIA,FES ARAGÓN,Escolarizado,https://www.dgae.unam.mx/Licenciatura2025/resultados/4/42104005.html,135,1868,1702,70,135,336723,30,,No seleccionado,,Consultar
2025,4,Licenciatura 2025,421,42104005,PEDAGOGIA,FES ARAGÓN,Escolarizado,https://www.dgae.unam.mx/Licenciatura2025/resultados/4/42104005.html,135,1868,1702,70,135,336779,52,,No seleccionado,,Consultar
2025,4,Licenciatura 2025,421,42104005,PEDAGOGIA,FES ARAGÓN,Escolarizado,https://www.dgae.unam.mx/Licenciatura2025/resultados/4/42104005.html,135,1868,1702,70,135,336839,41,,No seleccionado,,Consultar
2025,4,Licenciatura 2025,421,42104005,PEDAGOGIA,FES ARAGÓN,Escolarizado,https://www.dgae.unam.mx/Licenciatura2025/resultados/4/42104005.html,135,1868,1702,70,135,336880,68,,No seleccionado,,Consultar
2025,4,Licenciatura 2025,421,42104005,PEDAGOGIA,FES ARAGÓN,Escolarizado,https://www.dgae.unam.mx/Licenciatura2025/resultados/4/42104005.html,135,1868,1702,70,135,336908,36,,No seleccionado,,Consultar
2025,4,Licenciatura 2025,421,42104005,PEDAGOGIA,FES ARAGÓN,Escolarizado,https://www.dgae.unam.mx/Licenciatura2025/resultados/4/42104005.html,135,1868,1702,70,135,336943,44,,No seleccionado,,Consultar
2025,4,Licenciatura 2025,421,42104005,PEDAGOGIA,FES ARAGÓN,Escolarizado,https://www.dgae.unam.mx/Licenciatura2025/resultados/4/42104005.html,135,1868,1702,70,135,336950,40,,No seleccionado,,Consultar
2025,4,Licenciatura 2025,421,42104005,PEDAGOGIA,FES ARAGÓN,Escolarizado,https://www.dgae.unam.mx/Licenciatura2025/resultados/4/42104005.html,135,1868,1702,70,135,336975,60,,No seleccionado,,Consultar
2025,4,Licenciatura 2025,421,42104005,PEDAGOGIA,FES ARAGÓN,Escolarizado,https://www.dgae.unam.mx/Licenciatura2025/resultados/4/42104005.html,135,1868,1702,70,135,336997,36,,No seleccionado,,Consultar
2025,4,Licenciatura 2025,421,42104005,PEDAGOGIA,FES ARAGÓN,Escolarizado,https://www.dgae.unam.mx/Licenciatura2025/resultados/4/42104005.html,135,1868,1702,70,135,337325,41,,No seleccionado,,Consultar
2025,4,Licenciatura 2025,421,42104005,PEDAGOGIA,FES ARAGÓN,Escolarizado,https://www.dgae.unam.mx/Licenciatura2025/resultados/4/42104005.html,135,1868,1702,70,135,337329,,N,No presentado,,Consultar
2025,4,Licenciatura 2025,421,42104005,PEDAGOGIA,FES ARAGÓN,Escolarizado,https://www.dgae.unam.mx/Licenciatura2025/resultados/4/42104005.html,135,1868,1702,70,135,337367,34,,No seleccionado,,Consultar
2025,4,Licenciatura 2025,421,42104005,PEDAGOGIA,FES ARAGÓN,Escolarizado,https://www.dgae.unam.mx/Licenciatura2025/resultados/4/42104005.html,135,1868,1702,70,135,337370,41,,No seleccionado,,Consultar
2025,4,Licenciatura 2025,421,42104005,PEDAGOGIA,FES ARAGÓN,Escolarizado,https://www.dgae.unam.mx/Licenciatura2025/resultados/4/42104005.html,135,1868,1702,70,135,337372,32,,No seleccionado,,Consultar
2025,4,Licenciatura 2025,421,42104005,PEDAGOGIA,FES ARAGÓN,Escolarizado,https://www.dgae.unam.mx/Licenciatura2025/resultados/4/42104005.html,135,1868,1702,70,135,337373,39,,No seleccionado,,Consultar
2025,4,Licenciatura 2025,421,42104005,PEDAGOGIA,FES ARAGÓN,Escolarizado,https://www.dgae.unam.mx/Licenciatura2025/resultados/4/42104005.html,135,1868,1702,70,135,337379,33,,No seleccionado,,Consultar
2025,4,Licenciatura 2025,421,42104005,PEDAGOGIA,FES ARAGÓN,Escolarizado,https://www.dgae.unam.mx/Licenciatura2025/resultados/4/42104005.html,135,1868,1702,70,135,337385,65,,No seleccionado,,Consultar
2025,4,Licenciatura 2025,421,42104005,PEDAGOGIA,FES ARAGÓN,Escolarizado,https://www.dgae.unam.mx/Licenciatura2025/resultados/4/42104005.html,135,1868,1702,70,135,337393,43,,No seleccionado,,Consultar
2025,4,Licenciatura 2025,421,42104005,PEDAGOGIA,FES ARAGÓN,Escolarizado,https://www.dgae.unam.mx/Licenciatura2025/resultados/4/42104005.html,135,1868,1702,70,135,337394,40,,No seleccionado,,Consultar
2025,4,Licenciatura 2025,421,42104005,PEDAGOGIA,FES ARAGÓN,Escolarizado,https://www.dgae.unam.mx/Licenciatura2025/resultados/4/42104005.html,135,1868,1702,70,135,337413,27,,No seleccionado,,Consultar
2025,4,Licenciatura 2025,421,42104005,PEDAGOGIA,FES ARAGÓN,Escolarizado,https://www.dgae.unam.mx/Licenciatura2025/resultados/4/42104005.html,135,1868,1702,70,135,337423,42,,No seleccionado,,Consultar
2025,4,Licenciatura 2025,421,42104005,PEDAGOGIA,FES ARAGÓN,Escolarizado,https://www.dgae.unam.mx/Licenciatura2025/resultados/4/42104005.html,135,1868,1702,70,135,337459,55,,No seleccionado,,Consultar
2025,4,Licenciatura 2025,421,42104005,PEDAGOGIA,FES ARAGÓN,Escolarizado,https://www.dgae.unam.mx/Licenciatura2025/resultados/4/42104005.html,135,1868,1702,70,135,337460,42,,No seleccionado,,Consultar
2025,4,Licenciatura 2025,421,42104005,PEDAGOGIA,FES ARAGÓN,Escolarizado,https://www.dgae.unam.mx/Licenciatura2025/resultados/4/42104005.html,135,1868,1702,70,135,337464,36,,No seleccionado,,Consultar
2025,4,Licenciatura 2025,421,42104005,PEDAGOGIA,FES ARAGÓN,Escolarizado,https://www.dgae.unam.mx/Licenciatura2025/resultados/4/42104005.html,135,1868,1702,70,135,337487,,N,No presentado,,Consultar
2025,4,Licenciatura 2025,421,42104005,PEDAGOGIA,FES ARAGÓN,Escolarizado,https://www.dgae.unam.mx/Licenciatura2025/resultados/4/42104005.html,135,1868,1702,70,135,337491,,N,No presentado,,Consultar
2025,4,Licenciatura 2025,421,42104005,PEDAGOGIA,FES ARAGÓN,Escolarizado,https://www.dgae.unam.mx/Licenciatura2025/resultados/4/42104005.html,135,1868,1702,70,135,337516,40,,No seleccionado,,Consultar
2025,4,Licenciatura 2025,421,42104005,PEDAGOGIA,FES ARAGÓN,Escolarizado,https://www.dgae.unam.mx/Licenciatura2025/resultados/4/42104005.html,135,1868,1702,70,135,337521,65,,No seleccionado,,Consultar
2025,4,Licenciatura 2025,421,42104005,PEDAGOGIA,FES ARAGÓN,Escolarizado,https://www.dgae.unam.mx/Licenciatura2025/resultados/4/42104005.html,135,1868,1702,70,135,337547,59,,No seleccionado,,Consultar
2025,4,Licenciatura 2025,421,42104005,PEDAGOGIA,FES ARAGÓN,Escolarizado,https://www.dgae.unam.mx/Licenciatura2025/resultados/4/42104005.html,135,1868,1702,70,135,337573,40,,No seleccionado,,Consultar
2025,4,Licenciatura 2025,421,42104005,PEDAGOGIA,FES ARAGÓN,Escolarizado,https://www.dgae.unam.mx/Licenciatura2025/resultados/4/42104005.html,135,1868,1702,70,135,337597,39,,No seleccionado,,Consultar
2025,4,Licenciatura 2025,421,42104005,PEDAGOGIA,FES ARAGÓN,Escolarizado,https://www.dgae.unam.mx/Licenciatura2025/resultados/4/42104005.html,135,1868,1702,70,135,337598,,N,No presentado,,Consultar
2025,4,Licenciatura 2025,421,42104005,PEDAGOGIA,FES ARAGÓN,Escolarizado,https://www.dgae.unam.mx/Licenciatura2025/resultados/4/42104005.html,135,1868,1702,70,135,337601,29,,No seleccionado,,Consultar
2025,4,Licenciatura 2025,421,42104005,PEDAGOGIA,FES ARAGÓN,Escolarizado,https://www.dgae.unam.mx/Licenciatura2025/resultados/4/42104005.html,135,1868,1702,70,135,337608,42,,No seleccionado,,Consultar
2025,4,Licenciatura 2025,421,42104005,PEDAGOGIA,FES ARAGÓN,Escolarizado,https://www.dgae.unam.mx/Licenciatura2025/resultados/4/42104005.html,135,1868,1702,70,135,337614,47,,No seleccionado,,Consultar
2025,4,Licenciatura 2025,421,42104005,PEDAGOGIA,FES ARAGÓN,Escolarizado,https://www.dgae.unam.mx/Licenciatura2025/resultados/4/42104005.html,135,1868,1702,70,135,337615,56,,No seleccionado,,Consultar
2025,4,Licenciatura 2025,421,42104005,PEDAGOGIA,FES ARAGÓN,Escolarizado,https://www.dgae.unam.mx/Licenciatura2025/resultados/4/42104005.html,135,1868,1702,70,135,337617,36,,No seleccionado,,Consultar
2025,4,Licenciatura 2025,421,42104005,PEDAGOGIA,FES ARAGÓN,Escolarizado,https://www.dgae.unam.mx/Licenciatura2025/resultados/4/42104005.html,135,1868,1702,70,135,337620,44,,No seleccionado,,Consultar
2025,4,Licenciatura 2025,421,42104005,PEDAGOGIA,FES ARAGÓN,Escolarizado,https://www.dgae.unam.mx/Licenciatura2025/resultados/4/42104005.html,135,1868,1702,70,135,337624,78,S,Seleccionado,Cita para entregar documentación.,Consultar
2025,4,Licenciatura 2025,421,42104005,PEDAGOGIA,FES ARAGÓN,Escolarizado,https://www.dgae.unam.mx/Licenciatura2025/resultados/4/42104005.html,135,1868,1702,70,135,337630,75,S,Seleccionado,Cita para entregar documentación.,Consultar
2025,4,Licenciatura 2025,421,42104005,PEDAGOGIA,FES ARAGÓN,Escolarizado,https://www.dgae.unam.mx/Licenciatura2025/resultados/4/42104005.html,135,1868,1702,70,135,337632,64,,No seleccionado,,Consultar
2025,4,Licenciatura 2025,421,42104005,PEDAGOGIA,FES ARAGÓN,Escolarizado,https://www.dgae.unam.mx/Licenciatura2025/resultados/4/42104005.html,135,1868,1702,70,135,337639,42,,No seleccionado,,Consultar
2025,4,Licenciatura 2025,421,42104005,PEDAGOGIA,FES ARAGÓN,Escolarizado,https://www.dgae.unam.mx/Licenciatura2025/resultados/4/42104005.html,135,1868,1702,70,135,337640,45,,No seleccionado,,Consultar
2025,4,Licenciatura 2025,421,42104005,PEDAGOGIA,FES ARAGÓN,Escolarizado,https://www.dgae.unam.mx/Licenciatura2025/resultados/4/42104005.html,135,1868,1702,70,135,337644,46,,No seleccionado,,Consultar
2025,4,Licenciatura 2025,421,42104005,PEDAGOGIA,FES ARAGÓN,Escolarizado,https://www.dgae.unam.mx/Licenciatura2025/resultados/4/42104005.html,135,1868,1702,70,135,337661,35,,No seleccionado,,Consultar
2025,4,Licenciatura 2025,421,42104005,PEDAGOGIA,FES ARAGÓN,Escolarizado,https://www.dgae.unam.mx/Licenciatura2025/resultados/4/42104005.html,135,1868,1702,70,135,337667,56,,No seleccionado,,Consultar
2025,4,Licenciatura 2025,421,42104005,PEDAGOGIA,FES ARAGÓN,Escolarizado,https://www.dgae.unam.mx/Licenciatura2025/resultados/4/42104005.html,135,1868,1702,70,135,337677,63,,No seleccionado,,Consultar
2025,4,Licenciatura 2025,421,42104005,PEDAGOGIA,FES ARAGÓN,Escolarizado,https://www.dgae.unam.mx/Licenciatura2025/resultados/4/42104005.html,135,1868,1702,70,135,337690,101,S,Seleccionado,Cita para entregar documentación.,Consultar
2025,4,Licenciatura 2025,421,42104005,PEDAGOGIA,FES ARAGÓN,Escolarizado,https://www.dgae.unam.mx/Licenciatura2025/resultados/4/42104005.html,135,1868,1702,70,135,337691,94,S,Seleccionado,Cita para entregar documentación.,Consultar
2025,4,Licenciatura 2025,421,42104005,PEDAGOGIA,FES ARAGÓN,Escolarizado,https://www.dgae.unam.mx/Licenciatura2025/resultados/4/42104005.html,135,1868,1702,70,135,337695,40,,No seleccionado,,Consultar
2025,4,Licenciatura 2025,421,42104005,PEDAGOGIA,FES ARAGÓN,Escolarizado,https://www.dgae.unam.mx/Licenciatura2025/resultados/4/42104005.html,135,1868,1702,70,135,337707,31,,No seleccionado,,Consultar
2025,4,Licenciatura 2025,421,42104005,PEDAGOGIA,FES ARAGÓN,Escolarizado,https://www.dgae.unam.mx/Licenciatura2025/resultados/4/42104005.html,135,1868,1702,70,135,337712,24,,No seleccionado,,Consultar
2025,4,Licenciatura 2025,421,42104005,PEDAGOGIA,FES ARAGÓN,Escolarizado,https://www.dgae.unam.mx/Licenciatura2025/resultados/4/42104005.html,135,1868,1702,70,135,337716,51,,No seleccionado,,Consultar
2025,4,Licenciatura 2025,421,42104005,PEDAGOGIA,FES ARAGÓN,Escolarizado,https://www.dgae.unam.mx/Licenciatura2025/resultados/4/42104005.html,135,1868,1702,70,135,337717,,N,No presentado,,Consultar
2025,4,Licenciatura 2025,421,42104005,PEDAGOGIA,FES ARAGÓN,Escolarizado,https://www.dgae.unam.mx/Licenciatura2025/resultados/4/42104005.html,135,1868,1702,70,135,337728,31,,No seleccionado,,Consultar
2025,4,Licenciatura 2025,421,42104005,PEDAGOGIA,FES ARAGÓN,Escolarizado,https://www.dgae.unam.mx/Licenciatura2025/resultados/4/42104005.html,135,1868,1702,70,135,337731,35,,No seleccionado,,Consultar
2025,4,Licenciatura 2025,421,42104005,PEDAGOGIA,FES ARAGÓN,Escolarizado,https://www.dgae.unam.mx/Licenciatura2025/resultados/4/42104005.html,135,1868,1702,70,135,337733,56,,No seleccionado,,Consultar
2025,4,Licenciatura 2025,421,42104005,PEDAGOGIA,FES ARAGÓN,Escolarizado,https://www.dgae.unam.mx/Licenciatura2025/resultados/4/42104005.html,135,1868,1702,70,135,337737,60,,No seleccionado,,Consultar
2025,4,Licenciatura 2025,421,42104005,PEDAGOGIA,FES ARAGÓN,Escolarizado,https://www.dgae.unam.mx/Licenciatura2025/resultados/4/42104005.html,135,1868,1702,70,135,337738,,N,No presentado,,Consultar
2025,4,Licenciatura 2025,421,42104005,PEDAGOGIA,FES ARAGÓN,Escolarizado,https://www.dgae.unam.mx/Licenciatura2025/resultados/4/42104005.html,135,1868,1702,70,135,337744,44,,No seleccionado,,Consultar
2025,4,Licenciatura 2025,421,42104005,PEDAGOGIA,FES ARAGÓN,Escolarizado,https://www.dgae.unam.mx/Licenciatura2025/resultados/4/42104005.html,135,1868,1702,70,135,337752,88,S,Seleccionado,Cita para entregar documentación.,Consultar
2025,4,Licenciatura 2025,421,42104005,PEDAGOGIA,FES ARAGÓN,Escolarizado,https://www.dgae.unam.mx/Licenciatura2025/resultados/4/42104005.html,135,1868,1702,70,135,337754,77,S,Seleccionado,Cita para entregar documentación.,Consultar
2025,4,Licenciatura 2025,421,42104005,PEDAGOGIA,FES ARAGÓN,Escolarizado,https://www.dgae.unam.mx/Licenciatura2025/resultados/4/42104005.html,135,1868,1702,70,135,337765,36,,No seleccionado,,Consultar
2025,4,Licenciatura 2025,421,42104005,PEDAGOGIA,FES ARAGÓN,Escolarizado,https://www.dgae.unam.mx/Licenciatura2025/resultados/4/42104005.html,135,1868,1702,70,135,337782,45,,No seleccionado,,Consultar
2025,4,Licenciatura 2025,421,42104005,PEDAGOGIA,FES ARAGÓN,Escolarizado,https://www.dgae.unam.mx/Licenciatura2025/resultados/4/42104005.html,135,1868,1702,70,135,337786,71,S,Seleccionado,Cita para entregar documentación.,Consultar
2025,4,Licenciatura 2025,421,42104005,PEDAGOGIA,FES ARAGÓN,Escolarizado,https://www.dgae.unam.mx/Licenciatura2025/resultados/4/42104005.html,135,1868,1702,70,135,337787,34,,No seleccionado,,Consultar
2025,4,Licenciatura 2025,421,42104005,PEDAGOGIA,FES ARAGÓN,Escolarizado,https://www.dgae.unam.mx/Licenciatura2025/resultados/4/42104005.html,135,1868,1702,70,135,337790,,N,No presentado,,Consultar
2025,4,Licenciatura 2025,421,42104005,PEDAGOGIA,FES ARAGÓN,Escolarizado,https://www.dgae.unam.mx/Licenciatura2025/resultados/4/42104005.html,135,1868,1702,70,135,337794,40,,No seleccionado,,Consultar
2025,4,Licenciatura 2025,421,42104005,PEDAGOGIA,FES ARAGÓN,Escolarizado,https://www.dgae.unam.mx/Licenciatura2025/resultados/4/42104005.html,135,1868,1702,70,135,337795,27,,No seleccionado,,Consultar
2025,4,Licenciatura 2025,421,42104005,PEDAGOGIA,FES ARAGÓN,Escolarizado,https://www.dgae.unam.mx/Licenciatura2025/resultados/4/42104005.html,135,1868,1702,70,135,337798,33,,No seleccionado,,Consultar
2025,4,Licenciatura 2025,421,42104005,PEDAGOGIA,FES ARAGÓN,Escolarizado,https://www.dgae.unam.mx/Licenciatura2025/resultados/4/42104005.html,135,1868,1702,70,135,337803,31,,No seleccionado,,Consultar
2025,4,Licenciatura 2025,421,42104005,PEDAGOGIA,FES ARAGÓN,Escolarizado,https://www.dgae.unam.mx/Licenciatura2025/resultados/4/42104005.html,135,1868,1702,70,135,337808,,N,No presentado,,Consultar
2025,4,Licenciatura 2025,421,42104005,PEDAGOGIA,FES ARAGÓN,Escolarizado,https://www.dgae.unam.mx/Licenciatura2025/resultados/4/42104005.html,135,1868,1702,70,135,337817,46,,No seleccionado,,Consultar
2025,4,Licenciatura 2025,421,42104005,PEDAGOGIA,FES ARAGÓN,Escolarizado,https://www.dgae.unam.mx/Licenciatura2025/resultados/4/42104005.html,135,1868,1702,70,135,337821,78,S,Seleccionado,Cita para entregar documentación.,Consultar
2025,4,Licenciatura 2025,421,42104005,PEDAGOGIA,FES ARAGÓN,Escolarizado,https://www.dgae.unam.mx/Licenciatura2025/resultados/4/42104005.html,135,1868,1702,70,135,337824,41,,No seleccionado,,Consultar
2025,4,Licenciatura 2025,421,42104005,PEDAGOGIA,FES ARAGÓN,Escolarizado,https://www.dgae.unam.mx/Licenciatura2025/resultados/4/42104005.html,135,1868,1702,70,135,337829,51,,No seleccionado,,Consultar
2025,4,Licenciatura 2025,421,42104005,PEDAGOGIA,FES ARAGÓN,Escolarizado,https://www.dgae.unam.mx/Licenciatura2025/resultados/4/42104005.html,135,1868,1702,70,135,337832,44,,No seleccionado,,Consultar
2025,4,Licenciatura 2025,421,42104005,PEDAGOGIA,FES ARAGÓN,Escolarizado,https://www.dgae.unam.mx/Licenciatura2025/resultados/4/42104005.html,135,1868,1702,70,135,337839,38,,No seleccionado,,Consultar
2025,4,Licenciatura 2025,421,42104005,PEDAGOGIA,FES ARAGÓN,Escolarizado,https://www.dgae.unam.mx/Licenciatura2025/resultados/4/42104005.html,135,1868,1702,70,135,337848,68,,No seleccionado,,Consultar
2025,4,Licenciatura 2025,421,42104005,PEDAGOGIA,FES ARAGÓN,Escolarizado,https://www.dgae.unam.mx/Licenciatura2025/resultados/4/42104005.html,135,1868,1702,70,135,337852,33,,No seleccionado,,Consultar
2025,4,Licenciatura 2025,421,42104005,PEDAGOGIA,FES ARAGÓN,Escolarizado,https://www.dgae.unam.mx/Licenciatura2025/resultados/4/42104005.html,135,1868,1702,70,135,337856,38,,No seleccionado,,Consultar
2025,4,Licenciatura 2025,421,42104005,PEDAGOGIA,FES ARAGÓN,Escolarizado,https://www.dgae.unam.mx/Licenciatura2025/resultados/4/42104005.html,135,1868,1702,70,135,337858,43,,No seleccionado,,Consultar
2025,4,Licenciatura 2025,421,42104005,PEDAGOGIA,FES ARAGÓN,Escolarizado,https://www.dgae.unam.mx/Licenciatura2025/resultados/4/42104005.html,135,1868,1702,70,135,337875,51,,No seleccionado,,Consultar
2025,4,Licenciatura 2025,421,42104005,PEDAGOGIA,FES ARAGÓN,Escolarizado,https://www.dgae.unam.mx/Licenciatura2025/resultados/4/42104005.html,135,1868,1702,70,135,337880,52,,No seleccionado,,Consultar
2025,4,Licenciatura 2025,421,42104005,PEDAGOGIA,FES ARAGÓN,Escolarizado,https://www.dgae.unam.mx/Licenciatura2025/resultados/4/42104005.html,135,1868,1702,70,135,337882,50,,No seleccionado,,Consultar
2025,4,Licenciatura 2025,421,42104005,PEDAGOGIA,FES ARAGÓN,Escolarizado,https://www.dgae.unam.mx/Licenciatura2025/resultados/4/42104005.html,135,1868,1702,70,135,337886,36,,No seleccionado,,Consultar
2025,4,Licenciatura 2025,421,42104005,PEDAGOGIA,FES ARAGÓN,Escolarizado,https://www.dgae.unam.mx/Licenciatura2025/resultados/4/42104005.html,135,1868,1702,70,135,337890,28,,No seleccionado,,Consultar
2025,4,Licenciatura 2025,421,42104005,PEDAGOGIA,FES ARAGÓN,Escolarizado,https://www.dgae.unam.mx/Licenciatura2025/resultados/4/42104005.html,135,1868,1702,70,135,337906,47,,No seleccionado,,Consultar
2025,4,Licenciatura 2025,421,42104005,PEDAGOGIA,FES ARAGÓN,Escolarizado,https://www.dgae.unam.mx/Licenciatura2025/resultados/4/42104005.html,135,1868,1702,70,135,337910,65,,No seleccionado,,Consultar
2025,4,Licenciatura 2025,421,42104005,PEDAGOGIA,FES ARAGÓN,Escolarizado,https://www.dgae.unam.mx/Licenciatura2025/resultados/4/42104005.html,135,1868,1702,70,135,337924,45,,No seleccionado,,Consultar
2025,4,Licenciatura 2025,421,42104005,PEDAGOGIA,FES ARAGÓN,Escolarizado,https://www.dgae.unam.mx/Licenciatura2025/resultados/4/42104005.html,135,1868,1702,70,135,337934,32,,No seleccionado,,Consultar
2025,4,Licenciatura 2025,421,42104005,PEDAGOGIA,FES ARAGÓN,Escolarizado,https://www.dgae.unam.mx/Licenciatura2025/resultados/4/42104005.html,135,1868,1702,70,135,337947,26,,No seleccionado,,Consultar
2025,4,Licenciatura 2025,421,42104005,PEDAGOGIA,FES ARAGÓN,Escolarizado,https://www.dgae.unam.mx/Licenciatura2025/resultados/4/42104005.html,135,1868,1702,70,135,337950,41,,No seleccionado,,Consultar
2025,4,Licenciatura 2025,421,42104005,PEDAGOGIA,FES ARAGÓN,Escolarizado,https://www.dgae.unam.mx/Licenciatura2025/resultados/4/42104005.html,135,1868,1702,70,135,337956,42,,No seleccionado,,Consultar
2025,4,Licenciatura 2025,421,42104005,PEDAGOGIA,FES ARAGÓN,Escolarizado,https://www.dgae.unam.mx/Licenciatura2025/resultados/4/42104005.html,135,1868,1702,70,135,337957,,N,No presentado,,Consultar
2025,4,Licenciatura 2025,421,42104005,PEDAGOGIA,FES ARAGÓN,Escolarizado,https://www.dgae.unam.mx/Licenciatura2025/resultados/4/42104005.html,135,1868,1702,70,135,337975,32,,No seleccionado,,Consultar
2025,4,Licenciatura 2025,421,42104005,PEDAGOGIA,FES ARAGÓN,Escolarizado,https://www.dgae.unam.mx/Licenciatura2025/resultados/4/42104005.html,135,1868,1702,70,135,337982,,N,No presentado,,Consultar
2025,4,Licenciatura 2025,421,42104005,PEDAGOGIA,FES ARAGÓN,Escolarizado,https://www.dgae.unam.mx/Licenciatura2025/resultados/4/42104005.html,135,1868,1702,70,135,337983,27,,No seleccionado,,Consultar
2025,4,Licenciatura 2025,421,42104005,PEDAGOGIA,FES ARAGÓN,Escolarizado,https://www.dgae.unam.mx/Licenciatura2025/resultados/4/42104005.html,135,1868,1702,70,135,337987,,N,No presentado,,Consultar
2025,4,Licenciatura 2025,421,42104005,PEDAGOGIA,FES ARAGÓN,Escolarizado,https://www.dgae.unam.mx/Licenciatura2025/resultados/4/42104005.html,135,1868,1702,70,135,338002,53,,No seleccionado,,Consultar
2025,4,Licenciatura 2025,421,42104005,PEDAGOGIA,FES ARAGÓN,Escolarizado,https://www.dgae.unam.mx/Licenciatura2025/resultados/4/42104005.html,135,1868,1702,70,135,338013,43,,No seleccionado,,Consultar
2025,4,Licenciatura 2025,421,42104005,PEDAGOGIA,FES ARAGÓN,Escolarizado,https://www.dgae.unam.mx/Licenciatura2025/resultados/4/42104005.html,135,1868,1702,70,135,338024,27,,No seleccionado,,Consultar
2025,4,Licenciatura 2025,421,42104005,PEDAGOGIA,FES ARAGÓN,Escolarizado,https://www.dgae.unam.mx/Licenciatura2025/resultados/4/42104005.html,135,1868,1702,70,135,338025,45,,No seleccionado,,Consultar
2025,4,Licenciatura 2025,421,42104005,PEDAGOGIA,FES ARAGÓN,Escolarizado,https://www.dgae.unam.mx/Licenciatura2025/resultados/4/42104005.html,135,1868,1702,70,135,338029,85,S,Seleccionado,Cita para entregar documentación.,Consultar
2025,4,Licenciatura 2025,421,42104005,PEDAGOGIA,FES ARAGÓN,Escolarizado,https://www.dgae.unam.mx/Licenciatura2025/resultados/4/42104005.html,135,1868,1702,70,135,338031,45,,No seleccionado,,Consultar
2025,4,Licenciatura 2025,421,42104005,PEDAGOGIA,FES ARAGÓN,Escolarizado,https://www.dgae.unam.mx/Licenciatura2025/resultados/4/42104005.html,135,1868,1702,70,135,338033,55,,No seleccionado,,Consultar
2025,4,Licenciatura 2025,421,42104005,PEDAGOGIA,FES ARAGÓN,Escolarizado,https://www.dgae.unam.mx/Licenciatura2025/resultados/4/42104005.html,135,1868,1702,70,135,338037,37,,No seleccionado,,Consultar
2025,4,Licenciatura 2025,421,42104005,PEDAGOGIA,FES ARAGÓN,Escolarizado,https://www.dgae.unam.mx/Licenciatura2025/resultados/4/42104005.html,135,1868,1702,70,135,338047,33,,No seleccionado,,Consultar
2025,4,Licenciatura 2025,421,42104005,PEDAGOGIA,FES ARAGÓN,Escolarizado,https://www.dgae.unam.mx/Licenciatura2025/resultados/4/42104005.html,135,1868,1702,70,135,338050,57,,No seleccionado,,Consultar
2025,4,Licenciatura 2025,421,42104005,PEDAGOGIA,FES ARAGÓN,Escolarizado,https://www.dgae.unam.mx/Licenciatura2025/resultados/4/42104005.html,135,1868,1702,70,135,338060,32,,No seleccionado,,Consultar
2025,4,Licenciatura 2025,421,42104005,PEDAGOGIA,FES ARAGÓN,Escolarizado,https://www.dgae.unam.mx/Licenciatura2025/resultados/4/42104005.html,135,1868,1702,70,135,338066,46,,No seleccionado,,Consultar
2025,4,Licenciatura 2025,421,42104005,PEDAGOGIA,FES ARAGÓN,Escolarizado,https://www.dgae.unam.mx/Licenciatura2025/resultados/4/42104005.html,135,1868,1702,70,135,338071,33,,No seleccionado,,Consultar
2025,4,Licenciatura 2025,421,42104005,PEDAGOGIA,FES ARAGÓN,Escolarizado,https://www.dgae.unam.mx/Licenciatura2025/resultados/4/42104005.html,135,1868,1702,70,135,338082,41,,No seleccionado,,Consultar
2025,4,Licenciatura 2025,421,42104005,PEDAGOGIA,FES ARAGÓN,Escolarizado,https://www.dgae.unam.mx/Licenciatura2025/resultados/4/42104005.html,135,1868,1702,70,135,338083,,N,No presentado,,Consultar
2025,4,Licenciatura 2025,421,42104005,PEDAGOGIA,FES ARAGÓN,Escolarizado,https://www.dgae.unam.mx/Licenciatura2025/resultados/4/42104005.html,135,1868,1702,70,135,338089,47,,No seleccionado,,Consultar
2025,4,Licenciatura 2025,421,42104005,PEDAGOGIA,FES ARAGÓN,Escolarizado,https://www.dgae.unam.mx/Licenciatura2025/resultados/4/42104005.html,135,1868,1702,70,135,338096,38,,No seleccionado,,Consultar
2025,4,Licenciatura 2025,421,42104005,PEDAGOGIA,FES ARAGÓN,Escolarizado,https://www.dgae.unam.mx/Licenciatura2025/resultados/4/42104005.html,135,1868,1702,70,135,338101,53,,No seleccionado,,Consultar
2025,4,Licenciatura 2025,421,42104005,PEDAGOGIA,FES ARAGÓN,Escolarizado,https://www.dgae.unam.mx/Licenciatura2025/resultados/4/42104005.html,135,1868,1702,70,135,338108,36,,No seleccionado,,Consultar
2025,4,Licenciatura 2025,421,42104005,PEDAGOGIA,FES ARAGÓN,Escolarizado,https://www.dgae.unam.mx/Licenciatura2025/resultados/4/42104005.html,135,1868,1702,70,135,338125,43,,No seleccionado,,Consultar
2025,4,Licenciatura 2025,421,42104005,PEDAGOGIA,FES ARAGÓN,Escolarizado,https://www.dgae.unam.mx/Licenciatura2025/resultados/4/42104005.html,135,1868,1702,70,135,338126,36,,No seleccionado,,Consultar
2025,4,Licenciatura 2025,421,42104005,PEDAGOGIA,FES ARAGÓN,Escolarizado,https://www.dgae.unam.mx/Licenciatura2025/resultados/4/42104005.html,135,1868,1702,70,135,338134,32,,No seleccionado,,Consultar
2025,4,Licenciatura 2025,421,42104005,PEDAGOGIA,FES ARAGÓN,Escolarizado,https://www.dgae.unam.mx/Licenciatura2025/resultados/4/42104005.html,135,1868,1702,70,135,338137,31,,No seleccionado,,Consultar
2025,4,Licenciatura 2025,421,42104005,PEDAGOGIA,FES ARAGÓN,Escolarizado,https://www.dgae.unam.mx/Licenciatura2025/resultados/4/42104005.html,135,1868,1702,70,135,338142,51,,No seleccionado,,Consultar
2025,4,Licenciatura 2025,421,42104005,PEDAGOGIA,FES ARAGÓN,Escolarizado,https://www.dgae.unam.mx/Licenciatura2025/resultados/4/42104005.html,135,1868,1702,70,135,338157,47,,No seleccionado,,Consultar
2025,4,Licenciatura 2025,421,42104005,PEDAGOGIA,FES ARAGÓN,Escolarizado,https://www.dgae.unam.mx/Licenciatura2025/resultados/4/42104005.html,135,1868,1702,70,135,338158,51,,No seleccionado,,Consultar
2025,4,Licenciatura 2025,421,42104005,PEDAGOGIA,FES ARAGÓN,Escolarizado,https://www.dgae.unam.mx/Licenciatura2025/resultados/4/42104005.html,135,1868,1702,70,135,338174,28,,No seleccionado,,Consultar
2025,4,Licenciatura 2025,421,42104005,PEDAGOGIA,FES ARAGÓN,Escolarizado,https://www.dgae.unam.mx/Licenciatura2025/resultados/4/42104005.html,135,1868,1702,70,135,338185,38,,No seleccionado,,Consultar
2025,4,Licenciatura 2025,421,42104005,PEDAGOGIA,FES ARAGÓN,Escolarizado,https://www.dgae.unam.mx/Licenciatura2025/resultados/4/42104005.html,135,1868,1702,70,135,338186,35,,No seleccionado,,Consultar
2025,4,Licenciatura 2025,421,42104005,PEDAGOGIA,FES ARAGÓN,Escolarizado,https://www.dgae.unam.mx/Licenciatura2025/resultados/4/42104005.html,135,1868,1702,70,135,338201,40,,No seleccionado,,Consultar
2025,4,Licenciatura 2025,421,42104005,PEDAGOGIA,FES ARAGÓN,Escolarizado,https://www.dgae.unam.mx/Licenciatura2025/resultados/4/42104005.html,135,1868,1702,70,135,338203,46,,No seleccionado,,Consultar
2025,4,Licenciatura 2025,421,42104005,PEDAGOGIA,FES ARAGÓN,Escolarizado,https://www.dgae.unam.mx/Licenciatura2025/resultados/4/42104005.html,135,1868,1702,70,135,338223,92,S,Seleccionado,Cita para entregar documentación.,Consultar
2025,4,Licenciatura 2025,421,42104005,PEDAGOGIA,FES ARAGÓN,Escolarizado,https://www.dgae.unam.mx/Licenciatura2025/resultados/4/42104005.html,135,1868,1702,70,135,338233,43,,No seleccionado,,Consultar
2025,4,Licenciatura 2025,421,42104005,PEDAGOGIA,FES ARAGÓN,Escolarizado,https://www.dgae.unam.mx/Licenciatura2025/resultados/4/42104005.html,135,1868,1702,70,135,338237,31,,No seleccionado,,Consultar
2025,4,Licenciatura 2025,421,42104005,PEDAGOGIA,FES ARAGÓN,Escolarizado,https://www.dgae.unam.mx/Licenciatura2025/resultados/4/42104005.html,135,1868,1702,70,135,338244,54,,No seleccionado,,Consultar
2025,4,Licenciatura 2025,421,42104005,PEDAGOGIA,FES ARAGÓN,Escolarizado,https://www.dgae.unam.mx/Licenciatura2025/resultados/4/42104005.html,135,1868,1702,70,135,338248,30,,No seleccionado,,Consultar
2025,4,Licenciatura 2025,421,42104005,PEDAGOGIA,FES ARAGÓN,Escolarizado,https://www.dgae.unam.mx/Licenciatura2025/resultados/4/42104005.html,135,1868,1702,70,135,338249,41,,No seleccionado,,Consultar
2025,4,Licenciatura 2025,421,42104005,PEDAGOGIA,FES ARAGÓN,Escolarizado,https://www.dgae.unam.mx/Licenciatura2025/resultados/4/42104005.html,135,1868,1702,70,135,338256,81,S,Seleccionado,Cita para entregar documentación.,Consultar
2025,4,Licenciatura 2025,421,42104005,PEDAGOGIA,FES ARAGÓN,Escolarizado,https://www.dgae.unam.mx/Licenciatura2025/resultados/4/42104005.html,135,1868,1702,70,135,338264,54,,No seleccionado,,Consultar
2025,4,Licenciatura 2025,421,42104005,PEDAGOGIA,FES ARAGÓN,Escolarizado,https://www.dgae.unam.mx/Licenciatura2025/resultados/4/42104005.html,135,1868,1702,70,135,338270,41,,No seleccionado,,Consultar
2025,4,Licenciatura 2025,421,42104005,PEDAGOGIA,FES ARAGÓN,Escolarizado,https://www.dgae.unam.mx/Licenciatura2025/resultados/4/42104005.html,135,1868,1702,70,135,338274,68,,No seleccionado,,Consultar
2025,4,Licenciatura 2025,421,42104005,PEDAGOGIA,FES ARAGÓN,Escolarizado,https://www.dgae.unam.mx/Licenciatura2025/resultados/4/42104005.html,135,1868,1702,70,135,338280,44,,No seleccionado,,Consultar
2025,4,Licenciatura 2025,421,42104005,PEDAGOGIA,FES ARAGÓN,Escolarizado,https://www.dgae.unam.mx/Licenciatura2025/resultados/4/42104005.html,135,1868,1702,70,135,338283,57,,No seleccionado,,Consultar
2025,4,Licenciatura 2025,421,42104005,PEDAGOGIA,FES ARAGÓN,Escolarizado,https://www.dgae.unam.mx/Licenciatura2025/resultados/4/42104005.html,135,1868,1702,70,135,338286,28,,No seleccionado,,Consultar
2025,4,Licenciatura 2025,421,42104005,PEDAGOGIA,FES ARAGÓN,Escolarizado,https://www.dgae.unam.mx/Licenciatura2025/resultados/4/42104005.html,135,1868,1702,70,135,338290,40,,No seleccionado,,Consultar
2025,4,Licenciatura 2025,421,42104005,PEDAGOGIA,FES ARAGÓN,Escolarizado,https://www.dgae.unam.mx/Licenciatura2025/resultados/4/42104005.html,135,1868,1702,70,135,338303,51,,No seleccionado,,Consultar
2025,4,Licenciatura 2025,421,42104005,PEDAGOGIA,FES ARAGÓN,Escolarizado,https://www.dgae.unam.mx/Licenciatura2025/resultados/4/42104005.html,135,1868,1702,70,135,338316,65,,No seleccionado,,Consultar
2025,4,Licenciatura 2025,421,42104005,PEDAGOGIA,FES ARAGÓN,Escolarizado,https://www.dgae.unam.mx/Licenciatura2025/resultados/4/42104005.html,135,1868,1702,70,135,338320,47,,No seleccionado,,Consultar
2025,4,Licenciatura 2025,421,42104005,PEDAGOGIA,FES ARAGÓN,Escolarizado,https://www.dgae.unam.mx/Licenciatura2025/resultados/4/42104005.html,135,1868,1702,70,135,338322,65,,No seleccionado,,Consultar
2025,4,Licenciatura 2025,421,42104005,PEDAGOGIA,FES ARAGÓN,Escolarizado,https://www.dgae.unam.mx/Licenciatura2025/resultados/4/42104005.html,135,1868,1702,70,135,338323,40,,No seleccionado,,Consultar
2025,4,Licenciatura 2025,421,42104005,PEDAGOGIA,FES ARAGÓN,Escolarizado,https://www.dgae.unam.mx/Licenciatura2025/resultados/4/42104005.html,135,1868,1702,70,135,338325,,N,No presentado,,Consultar
2025,4,Licenciatura 2025,421,42104005,PEDAGOGIA,FES ARAGÓN,Escolarizado,https://www.dgae.unam.mx/Licenciatura2025/resultados/4/42104005.html,135,1868,1702,70,135,338326,55,,No seleccionado,,Consultar
2025,4,Licenciatura 2025,421,42104005,PEDAGOGIA,FES ARAGÓN,Escolarizado,https://www.dgae.unam.mx/Licenciatura2025/resultados/4/42104005.html,135,1868,1702,70,135,338327,66,,No seleccionado,,Consultar
2025,4,Licenciatura 2025,421,42104005,PEDAGOGIA,FES ARAGÓN,Escolarizado,https://www.dgae.unam.mx/Licenciatura2025/resultados/4/42104005.html,135,1868,1702,70,135,338332,85,S,Seleccionado,Cita para entregar documentación.,Consultar
2025,4,Licenciatura 2025,421,42104005,PEDAGOGIA,FES ARAGÓN,Escolarizado,https://www.dgae.unam.mx/Licenciatura2025/resultados/4/42104005.html,135,1868,1702,70,135,338351,56,,No seleccionado,,Consultar
2025,4,Licenciatura 2025,421,42104005,PEDAGOGIA,FES ARAGÓN,Escolarizado,https://www.dgae.unam.mx/Licenciatura2025/resultados/4/42104005.html,135,1868,1702,70,135,338353,54,,No seleccionado,,Consultar
2025,4,Licenciatura 2025,421,42104005,PEDAGOGIA,FES ARAGÓN,Escolarizado,https://www.dgae.unam.mx/Licenciatura2025/resultados/4/42104005.html,135,1868,1702,70,135,338356,36,,No seleccionado,,Consultar
2025,4,Licenciatura 2025,421,42104005,PEDAGOGIA,FES ARAGÓN,Escolarizado,https://www.dgae.unam.mx/Licenciatura2025/resultados/4/42104005.html,135,1868,1702,70,135,338379,47,,No seleccionado,,Consultar
2025,4,Licenciatura 2025,421,42104005,PEDAGOGIA,FES ARAGÓN,Escolarizado,https://www.dgae.unam.mx/Licenciatura2025/resultados/4/42104005.html,135,1868,1702,70,135,338386,34,,No seleccionado,,Consultar
2025,4,Licenciatura 2025,421,42104005,PEDAGOGIA,FES ARAGÓN,Escolarizado,https://www.dgae.unam.mx/Licenciatura2025/resultados/4/42104005.html,135,1868,1702,70,135,338393,45,,No seleccionado,,Consultar
2025,4,Licenciatura 2025,421,42104005,PEDAGOGIA,FES ARAGÓN,Escolarizado,https://www.dgae.unam.mx/Licenciatura2025/resultados/4/42104005.html,135,1868,1702,70,135,338397,38,,No seleccionado,,Consultar
2025,4,Licenciatura 2025,421,42104005,PEDAGOGIA,FES ARAGÓN,Escolarizado,https://www.dgae.unam.mx/Licenciatura2025/resultados/4/42104005.html,135,1868,1702,70,135,338399,64,,No seleccionado,,Consultar
2025,4,Licenciatura 2025,421,42104005,PEDAGOGIA,FES ARAGÓN,Escolarizado,https://www.dgae.unam.mx/Licenciatura2025/resultados/4/42104005.html,135,1868,1702,70,135,338400,39,,No seleccionado,,Consultar
2025,4,Licenciatura 2025,421,42104005,PEDAGOGIA,FES ARAGÓN,Escolarizado,https://www.dgae.unam.mx/Licenciatura2025/resultados/4/42104005.html,135,1868,1702,70,135,338405,39,,No seleccionado,,Consultar
2025,4,Licenciatura 2025,421,42104005,PEDAGOGIA,FES ARAGÓN,Escolarizado,https://www.dgae.unam.mx/Licenciatura2025/resultados/4/42104005.html,135,1868,1702,70,135,338407,31,,No seleccionado,,Consultar
2025,4,Licenciatura 2025,421,42104005,PEDAGOGIA,FES ARAGÓN,Escolarizado,https://www.dgae.unam.mx/Licenciatura2025/resultados/4/42104005.html,135,1868,1702,70,135,338413,28,,No seleccionado,,Consultar
2025,4,Licenciatura 2025,421,42104005,PEDAGOGIA,FES ARAGÓN,Escolarizado,https://www.dgae.unam.mx/Licenciatura2025/resultados/4/42104005.html,135,1868,1702,70,135,338414,45,,No seleccionado,,Consultar
2025,4,Licenciatura 2025,421,42104005,PEDAGOGIA,FES ARAGÓN,Escolarizado,https://www.dgae.unam.mx/Licenciatura2025/resultados/4/42104005.html,135,1868,1702,70,135,338417,27,,No seleccionado,,Consultar
2025,4,Licenciatura 2025,421,42104005,PEDAGOGIA,FES ARAGÓN,Escolarizado,https://www.dgae.unam.mx/Licenciatura2025/resultados/4/42104005.html,135,1868,1702,70,135,338418,46,,No seleccionado,,Consultar
2025,4,Licenciatura 2025,421,42104005,PEDAGOGIA,FES ARAGÓN,Escolarizado,https://www.dgae.unam.mx/Licenciatura2025/resultados/4/42104005.html,135,1868,1702,70,135,338419,40,,No seleccionado,,Consultar
2025,4,Licenciatura 2025,421,42104005,PEDAGOGIA,FES ARAGÓN,Escolarizado,https://www.dgae.unam.mx/Licenciatura2025/resultados/4/42104005.html,135,1868,1702,70,135,338422,42,,No seleccionado,,Consultar
2025,4,Licenciatura 2025,421,42104005,PEDAGOGIA,FES ARAGÓN,Escolarizado,https://www.dgae.unam.mx/Licenciatura2025/resultados/4/42104005.html,135,1868,1702,70,135,338426,43,,No seleccionado,,Consultar
2025,4,Licenciatura 2025,421,42104005,PEDAGOGIA,FES ARAGÓN,Escolarizado,https://www.dgae.unam.mx/Licenciatura2025/resultados/4/42104005.html,135,1868,1702,70,135,338435,45,,No seleccionado,,Consultar
2025,4,Licenciatura 2025,421,42104005,PEDAGOGIA,FES ARAGÓN,Escolarizado,https://www.dgae.unam.mx/Licenciatura2025/resultados/4/42104005.html,135,1868,1702,70,135,338439,57,,No seleccionado,,Consultar
2025,4,Licenciatura 2025,421,42104005,PEDAGOGIA,FES ARAGÓN,Escolarizado,https://www.dgae.unam.mx/Licenciatura2025/resultados/4/42104005.html,135,1868,1702,70,135,338441,58,,No seleccionado,,Consultar
2025,4,Licenciatura 2025,421,42104005,PEDAGOGIA,FES ARAGÓN,Escolarizado,https://www.dgae.unam.mx/Licenciatura2025/resultados/4/42104005.html,135,1868,1702,70,135,338457,32,,No seleccionado,,Consultar
2025,4,Licenciatura 2025,421,42104005,PEDAGOGIA,FES ARAGÓN,Escolarizado,https://www.dgae.unam.mx/Licenciatura2025/resultados/4/42104005.html,135,1868,1702,70,135,338459,66,,No seleccionado,,Consultar
2025,4,Licenciatura 2025,421,42104005,PEDAGOGIA,FES ARAGÓN,Escolarizado,https://www.dgae.unam.mx/Licenciatura2025/resultados/4/42104005.html,135,1868,1702,70,135,338460,43,,No seleccionado,,Consultar
2025,4,Licenciatura 2025,421,42104005,PEDAGOGIA,FES ARAGÓN,Escolarizado,https://www.dgae.unam.mx/Licenciatura2025/resultados/4/42104005.html,135,1868,1702,70,135,338464,39,,No seleccionado,,Consultar
2025,4,Licenciatura 2025,421,42104005,PEDAGOGIA,FES ARAGÓN,Escolarizado,https://www.dgae.unam.mx/Licenciatura2025/resultados/4/42104005.html,135,1868,1702,70,135,338465,50,,No seleccionado,,Consultar
2025,4,Licenciatura 2025,421,42104005,PEDAGOGIA,FES ARAGÓN,Escolarizado,https://www.dgae.unam.mx/Licenciatura2025/resultados/4/42104005.html,135,1868,1702,70,135,338473,31,,No seleccionado,,Consultar
2025,4,Licenciatura 2025,421,42104005,PEDAGOGIA,FES ARAGÓN,Escolarizado,https://www.dgae.unam.mx/Licenciatura2025/resultados/4/42104005.html,135,1868,1702,70,135,338479,65,,No seleccionado,,Consultar
2025,4,Licenciatura 2025,421,42104005,PEDAGOGIA,FES ARAGÓN,Escolarizado,https://www.dgae.unam.mx/Licenciatura2025/resultados/4/42104005.html,135,1868,1702,70,135,338486,39,,No seleccionado,,Consultar
2025,4,Licenciatura 2025,421,42104005,PEDAGOGIA,FES ARAGÓN,Escolarizado,https://www.dgae.unam.mx/Licenciatura2025/resultados/4/42104005.html,135,1868,1702,70,135,338489,49,,No seleccionado,,Consultar
2025,4,Licenciatura 2025,421,42104005,PEDAGOGIA,FES ARAGÓN,Escolarizado,https://www.dgae.unam.mx/Licenciatura2025/resultados/4/42104005.html,135,1868,1702,70,135,338491,48,,No seleccionado,,Consultar
2025,4,Licenciatura 2025,421,42104005,PEDAGOGIA,FES ARAGÓN,Escolarizado,https://www.dgae.unam.mx/Licenciatura2025/resultados/4/42104005.html,135,1868,1702,70,135,338494,38,,No seleccionado,,Consultar
2025,4,Licenciatura 2025,421,42104005,PEDAGOGIA,FES ARAGÓN,Escolarizado,https://www.dgae.unam.mx/Licenciatura2025/resultados/4/42104005.html,135,1868,1702,70,135,338498,50,,No seleccionado,,Consultar
2025,4,Licenciatura 2025,421,42104005,PEDAGOGIA,FES ARAGÓN,Escolarizado,https://www.dgae.unam.mx/Licenciatura2025/resultados/4/42104005.html,135,1868,1702,70,135,338500,33,,No seleccionado,,Consultar
2025,4,Licenciatura 2025,421,42104005,PEDAGOGIA,FES ARAGÓN,Escolarizado,https://www.dgae.unam.mx/Licenciatura2025/resultados/4/42104005.html,135,1868,1702,70,135,338508,50,,No seleccionado,,Consultar
2025,4,Licenciatura 2025,421,42104005,PEDAGOGIA,FES ARAGÓN,Escolarizado,https://www.dgae.unam.mx/Licenciatura2025/resultados/4/42104005.html,135,1868,1702,70,135,338514,31,,No seleccionado,,Consultar
2025,4,Licenciatura 2025,421,42104005,PEDAGOGIA,FES ARAGÓN,Escolarizado,https://www.dgae.unam.mx/Licenciatura2025/resultados/4/42104005.html,135,1868,1702,70,135,338515,47,,No seleccionado,,Consultar
2025,4,Licenciatura 2025,421,42104005,PEDAGOGIA,FES ARAGÓN,Escolarizado,https://www.dgae.unam.mx/Licenciatura2025/resultados/4/42104005.html,135,1868,1702,70,135,338519,57,,No seleccionado,,Consultar
2025,4,Licenciatura 2025,421,42104005,PEDAGOGIA,FES ARAGÓN,Escolarizado,https://www.dgae.unam.mx/Licenciatura2025/resultados/4/42104005.html,135,1868,1702,70,135,338522,32,,No seleccionado,,Consultar
2025,4,Licenciatura 2025,421,42104005,PEDAGOGIA,FES ARAGÓN,Escolarizado,https://www.dgae.unam.mx/Licenciatura2025/resultados/4/42104005.html,135,1868,1702,70,135,338523,33,,No seleccionado,,Consultar
2025,4,Licenciatura 2025,421,42104005,PEDAGOGIA,FES ARAGÓN,Escolarizado,https://www.dgae.unam.mx/Licenciatura2025/resultados/4/42104005.html,135,1868,1702,70,135,338546,,N,No presentado,,Consultar
2025,4,Licenciatura 2025,421,42104005,PEDAGOGIA,FES ARAGÓN,Escolarizado,https://www.dgae.unam.mx/Licenciatura2025/resultados/4/42104005.html,135,1868,1702,70,135,338548,42,,No seleccionado,,Consultar
2025,4,Licenciatura 2025,421,42104005,PEDAGOGIA,FES ARAGÓN,Escolarizado,https://www.dgae.unam.mx/Licenciatura2025/resultados/4/42104005.html,135,1868,1702,70,135,338556,51,,No seleccionado,,Consultar
2025,4,Licenciatura 2025,421,42104005,PEDAGOGIA,FES ARAGÓN,Escolarizado,https://www.dgae.unam.mx/Licenciatura2025/resultados/4/42104005.html,135,1868,1702,70,135,338563,60,,No seleccionado,,Consultar
2025,4,Licenciatura 2025,421,42104005,PEDAGOGIA,FES ARAGÓN,Escolarizado,https://www.dgae.unam.mx/Licenciatura2025/resultados/4/42104005.html,135,1868,1702,70,135,338572,44,,No seleccionado,,Consultar
2025,4,Licenciatura 2025,421,42104005,PEDAGOGIA,FES ARAGÓN,Escolarizado,https://www.dgae.unam.mx/Licenciatura2025/resultados/4/42104005.html,135,1868,1702,70,135,338580,68,,No seleccionado,,Consultar
2025,4,Licenciatura 2025,421,42104005,PEDAGOGIA,FES ARAGÓN,Escolarizado,https://www.dgae.unam.mx/Licenciatura2025/resultados/4/42104005.html,135,1868,1702,70,135,338581,33,,No seleccionado,,Consultar
2025,4,Licenciatura 2025,421,42104005,PEDAGOGIA,FES ARAGÓN,Escolarizado,https://www.dgae.unam.mx/Licenciatura2025/resultados/4/42104005.html,135,1868,1702,70,135,338593,47,,No seleccionado,,Consultar
2025,4,Licenciatura 2025,421,42104005,PEDAGOGIA,FES ARAGÓN,Escolarizado,https://www.dgae.unam.mx/Licenciatura2025/resultados/4/42104005.html,135,1868,1702,70,135,338604,86,S,Seleccionado,Cita para entregar documentación.,Consultar
2025,4,Licenciatura 2025,421,42104005,PEDAGOGIA,FES ARAGÓN,Escolarizado,https://www.dgae.unam.mx/Licenciatura2025/resultados/4/42104005.html,135,1868,1702,70,135,338606,49,,No seleccionado,,Consultar
2025,4,Licenciatura 2025,421,42104005,PEDAGOGIA,FES ARAGÓN,Escolarizado,https://www.dgae.unam.mx/Licenciatura2025/resultados/4/42104005.html,135,1868,1702,70,135,338633,37,,No seleccionado,,Consultar
2025,4,Licenciatura 2025,421,42104005,PEDAGOGIA,FES ARAGÓN,Escolarizado,https://www.dgae.unam.mx/Licenciatura2025/resultados/4/42104005.html,135,1868,1702,70,135,338636,38,,No seleccionado,,Consultar
2025,4,Licenciatura 2025,421,42104005,PEDAGOGIA,FES ARAGÓN,Escolarizado,https://www.dgae.unam.mx/Licenciatura2025/resultados/4/42104005.html,135,1868,1702,70,135,338639,42,,No seleccionado,,Consultar
2025,4,Licenciatura 2025,421,42104005,PEDAGOGIA,FES ARAGÓN,Escolarizado,https://www.dgae.unam.mx/Licenciatura2025/resultados/4/42104005.html,135,1868,1702,70,135,338640,41,,No seleccionado,,Consultar
2025,4,Licenciatura 2025,421,42104005,PEDAGOGIA,FES ARAGÓN,Escolarizado,https://www.dgae.unam.mx/Licenciatura2025/resultados/4/42104005.html,135,1868,1702,70,135,338648,47,,No seleccionado,,Consultar
2025,4,Licenciatura 2025,421,42104005,PEDAGOGIA,FES ARAGÓN,Escolarizado,https://www.dgae.unam.mx/Licenciatura2025/resultados/4/42104005.html,135,1868,1702,70,135,338656,93,S,Seleccionado,,Consultar
2025,4,Licenciatura 2025,421,42104005,PEDAGOGIA,FES ARAGÓN,Escolarizado,https://www.dgae.unam.mx/Licenciatura2025/resultados/4/42104005.html,135,1868,1702,70,135,338658,46,,No seleccionado,,Consultar
2025,4,Licenciatura 2025,421,42104005,PEDAGOGIA,FES ARAGÓN,Escolarizado,https://www.dgae.unam.mx/Licenciatura2025/resultados/4/42104005.html,135,1868,1702,70,135,338660,44,,No seleccionado,,Consultar
2025,4,Licenciatura 2025,421,42104005,PEDAGOGIA,FES ARAGÓN,Escolarizado,https://www.dgae.unam.mx/Licenciatura2025/resultados/4/42104005.html,135,1868,1702,70,135,338668,38,,No seleccionado,,Consultar
2025,4,Licenciatura 2025,421,42104005,PEDAGOGIA,FES ARAGÓN,Escolarizado,https://www.dgae.unam.mx/Licenciatura2025/resultados/4/42104005.html,135,1868,1702,70,135,338672,51,,No seleccionado,,Consultar
2025,4,Licenciatura 2025,421,42104005,PEDAGOGIA,FES ARAGÓN,Escolarizado,https://www.dgae.unam.mx/Licenciatura2025/resultados/4/42104005.html,135,1868,1702,70,135,338676,42,,No seleccionado,,Consultar
2025,4,Licenciatura 2025,421,42104005,PEDAGOGIA,FES ARAGÓN,Escolarizado,https://www.dgae.unam.mx/Licenciatura2025/resultados/4/42104005.html,135,1868,1702,70,135,338679,70,S,Seleccionado,Cita para entregar documentación.,Consultar
2025,4,Licenciatura 2025,421,42104005,PEDAGOGIA,FES ARAGÓN,Escolarizado,https://www.dgae.unam.mx/Licenciatura2025/resultados/4/42104005.html,135,1868,1702,70,135,338681,43,,No seleccionado,,Consultar
2025,4,Licenciatura 2025,421,42104005,PEDAGOGIA,FES ARAGÓN,Escolarizado,https://www.dgae.unam.mx/Licenciatura2025/resultados/4/42104005.html,135,1868,1702,70,135,338683,28,,No seleccionado,,Consultar
2025,4,Licenciatura 2025,421,42104005,PEDAGOGIA,FES ARAGÓN,Escolarizado,https://www.dgae.unam.mx/Licenciatura2025/resultados/4/42104005.html,135,1868,1702,70,135,338690,71,S,Seleccionado,Cita para entregar documentación.,Consultar
2025,4,Licenciatura 2025,421,42104005,PEDAGOGIA,FES ARAGÓN,Escolarizado,https://www.dgae.unam.mx/Licenciatura2025/resultados/4/42104005.html,135,1868,1702,70,135,338691,66,,No seleccionado,,Consultar
2025,4,Licenciatura 2025,421,42104005,PEDAGOGIA,FES ARAGÓN,Escolarizado,https://www.dgae.unam.mx/Licenciatura2025/resultados/4/42104005.html,135,1868,1702,70,135,338695,58,,No seleccionado,,Consultar
2025,4,Licenciatura 2025,421,42104005,PEDAGOGIA,FES ARAGÓN,Escolarizado,https://www.dgae.unam.mx/Licenciatura2025/resultados/4/42104005.html,135,1868,1702,70,135,338696,,N,No presentado,,Consultar
2025,4,Licenciatura 2025,421,42104005,PEDAGOGIA,FES ARAGÓN,Escolarizado,https://www.dgae.unam.mx/Licenciatura2025/resultados/4/42104005.html,135,1868,1702,70,135,338697,32,,No seleccionado,,Consultar
2025,4,Licenciatura 2025,421,42104005,PEDAGOGIA,FES ARAGÓN,Escolarizado,https://www.dgae.unam.mx/Licenciatura2025/resultados/4/42104005.html,135,1868,1702,70,135,338698,41,,No seleccionado,,Consultar
2025,4,Licenciatura 2025,421,42104005,PEDAGOGIA,FES ARAGÓN,Escolarizado,https://www.dgae.unam.mx/Licenciatura2025/resultados/4/42104005.html,135,1868,1702,70,135,338699,50,,No seleccionado,,Consultar
2025,4,Licenciatura 2025,421,42104005,PEDAGOGIA,FES ARAGÓN,Escolarizado,https://www.dgae.unam.mx/Licenciatura2025/resultados/4/42104005.html,135,1868,1702,70,135,338703,37,,No seleccionado,,Consultar
2025,4,Licenciatura 2025,421,42104005,PEDAGOGIA,FES ARAGÓN,Escolarizado,https://www.dgae.unam.mx/Licenciatura2025/resultados/4/42104005.html,135,1868,1702,70,135,338711,49,,No seleccionado,,Consultar
2025,4,Licenciatura 2025,421,42104005,PEDAGOGIA,FES ARAGÓN,Escolarizado,https://www.dgae.unam.mx/Licenciatura2025/resultados/4/42104005.html,135,1868,1702,70,135,338715,44,,No seleccionado,,Consultar
2025,4,Licenciatura 2025,421,42104005,PEDAGOGIA,FES ARAGÓN,Escolarizado,https://www.dgae.unam.mx/Licenciatura2025/resultados/4/42104005.html,135,1868,1702,70,135,338723,36,,No seleccionado,,Consultar
2025,4,Licenciatura 2025,421,42104005,PEDAGOGIA,FES ARAGÓN,Escolarizado,https://www.dgae.unam.mx/Licenciatura2025/resultados/4/42104005.html,135,1868,1702,70,135,338728,48,,No seleccionado,,Consultar
2025,4,Licenciatura 2025,421,42104005,PEDAGOGIA,FES ARAGÓN,Escolarizado,https://www.dgae.unam.mx/Licenciatura2025/resultados/4/42104005.html,135,1868,1702,70,135,338732,40,,No seleccionado,,Consultar
2025,4,Licenciatura 2025,421,42104005,PEDAGOGIA,FES ARAGÓN,Escolarizado,https://www.dgae.unam.mx/Licenciatura2025/resultados/4/42104005.html,135,1868,1702,70,135,338734,58,,No seleccionado,,Consultar
2025,4,Licenciatura 2025,421,42104005,PEDAGOGIA,FES ARAGÓN,Escolarizado,https://www.dgae.unam.mx/Licenciatura2025/resultados/4/42104005.html,135,1868,1702,70,135,338736,38,,No seleccionado,,Consultar
2025,4,Licenciatura 2025,421,42104005,PEDAGOGIA,FES ARAGÓN,Escolarizado,https://www.dgae.unam.mx/Licenciatura2025/resultados/4/42104005.html,135,1868,1702,70,135,338739,52,,No seleccionado,,Consultar
2025,4,Licenciatura 2025,421,42104005,PEDAGOGIA,FES ARAGÓN,Escolarizado,https://www.dgae.unam.mx/Licenciatura2025/resultados/4/42104005.html,135,1868,1702,70,135,338744,60,,No seleccionado,,Consultar
2025,4,Licenciatura 2025,421,42104005,PEDAGOGIA,FES ARAGÓN,Escolarizado,https://www.dgae.unam.mx/Licenciatura2025/resultados/4/42104005.html,135,1868,1702,70,135,338760,60,,No seleccionado,,Consultar
2025,4,Licenciatura 2025,421,42104005,PEDAGOGIA,FES ARAGÓN,Escolarizado,https://www.dgae.unam.mx/Licenciatura2025/resultados/4/42104005.html,135,1868,1702,70,135,338778,56,,No seleccionado,,Consultar
2025,4,Licenciatura 2025,421,42104005,PEDAGOGIA,FES ARAGÓN,Escolarizado,https://www.dgae.unam.mx/Licenciatura2025/resultados/4/42104005.html,135,1868,1702,70,135,338788,29,,No seleccionado,,Consultar
2025,4,Licenciatura 2025,421,42104005,PEDAGOGIA,FES ARAGÓN,Escolarizado,https://www.dgae.unam.mx/Licenciatura2025/resultados/4/42104005.html,135,1868,1702,70,135,338793,,N,No presentado,,Consultar
2025,4,Licenciatura 2025,421,42104005,PEDAGOGIA,FES ARAGÓN,Escolarizado,https://www.dgae.unam.mx/Licenciatura2025/resultados/4/42104005.html,135,1868,1702,70,135,338797,35,,No seleccionado,,Consultar
2025,4,Licenciatura 2025,421,42104005,PEDAGOGIA,FES ARAGÓN,Escolarizado,https://www.dgae.unam.mx/Licenciatura2025/resultados/4/42104005.html,135,1868,1702,70,135,338802,37,,No seleccionado,,Consultar
2025,4,Licenciatura 2025,421,42104005,PEDAGOGIA,FES ARAGÓN,Escolarizado,https://www.dgae.unam.mx/Licenciatura2025/resultados/4/42104005.html,135,1868,1702,70,135,338808,49,,No seleccionado,,Consultar
2025,4,Licenciatura 2025,421,42104005,PEDAGOGIA,FES ARAGÓN,Escolarizado,https://www.dgae.unam.mx/Licenciatura2025/resultados/4/42104005.html,135,1868,1702,70,135,338814,35,,No seleccionado,,Consultar
2025,4,Licenciatura 2025,421,42104005,PEDAGOGIA,FES ARAGÓN,Escolarizado,https://www.dgae.unam.mx/Licenciatura2025/resultados/4/42104005.html,135,1868,1702,70,135,338816,57,,No seleccionado,,Consultar
2025,4,Licenciatura 2025,421,42104005,PEDAGOGIA,FES ARAGÓN,Escolarizado,https://www.dgae.unam.mx/Licenciatura2025/resultados/4/42104005.html,135,1868,1702,70,135,338820,54,,No seleccionado,,Consultar
2025,4,Licenciatura 2025,421,42104005,PEDAGOGIA,FES ARAGÓN,Escolarizado,https://www.dgae.unam.mx/Licenciatura2025/resultados/4/42104005.html,135,1868,1702,70,135,338826,26,,No seleccionado,,Consultar
2025,4,Licenciatura 2025,421,42104005,PEDAGOGIA,FES ARAGÓN,Escolarizado,https://www.dgae.unam.mx/Licenciatura2025/resultados/4/42104005.html,135,1868,1702,70,135,338827,33,,No seleccionado,,Consultar
2025,4,Licenciatura 2025,421,42104005,PEDAGOGIA,FES ARAGÓN,Escolarizado,https://www.dgae.unam.mx/Licenciatura2025/resultados/4/42104005.html,135,1868,1702,70,135,338831,43,,No seleccionado,,Consultar
2025,4,Licenciatura 2025,421,42104005,PEDAGOGIA,FES ARAGÓN,Escolarizado,https://www.dgae.unam.mx/Licenciatura2025/resultados/4/42104005.html,135,1868,1702,70,135,338837,47,,No seleccionado,,Consultar
2025,4,Licenciatura 2025,421,42104005,PEDAGOGIA,FES ARAGÓN,Escolarizado,https://www.dgae.unam.mx/Licenciatura2025/resultados/4/42104005.html,135,1868,1702,70,135,338842,57,,No seleccionado,,Consultar
2025,4,Licenciatura 2025,421,42104005,PEDAGOGIA,FES ARAGÓN,Escolarizado,https://www.dgae.unam.mx/Licenciatura2025/resultados/4/42104005.html,135,1868,1702,70,135,338848,38,,No seleccionado,,Consultar
2025,4,Licenciatura 2025,421,42104005,PEDAGOGIA,FES ARAGÓN,Escolarizado,https://www.dgae.unam.mx/Licenciatura2025/resultados/4/42104005.html,135,1868,1702,70,135,338849,75,S,Seleccionado,Cita para entregar documentación.,Consultar
2025,4,Licenciatura 2025,421,42104005,PEDAGOGIA,FES ARAGÓN,Escolarizado,https://www.dgae.unam.mx/Licenciatura2025/resultados/4/42104005.html,135,1868,1702,70,135,338860,47,,No seleccionado,,Consultar
2025,4,Licenciatura 2025,421,42104005,PEDAGOGIA,FES ARAGÓN,Escolarizado,https://www.dgae.unam.mx/Licenciatura2025/resultados/4/42104005.html,135,1868,1702,70,135,338864,38,,No seleccionado,,Consultar
2025,4,Licenciatura 2025,421,42104005,PEDAGOGIA,FES ARAGÓN,Escolarizado,https://www.dgae.unam.mx/Licenciatura2025/resultados/4/42104005.html,135,1868,1702,70,135,338868,79,S,Seleccionado,Cita para entregar documentación.,Consultar
2025,4,Licenciatura 2025,421,42104005,PEDAGOGIA,FES ARAGÓN,Escolarizado,https://www.dgae.unam.mx/Licenciatura2025/resultados/4/42104005.html,135,1868,1702,70,135,338871,37,,No seleccionado,,Consultar
2025,4,Licenciatura 2025,421,42104005,PEDAGOGIA,FES ARAGÓN,Escolarizado,https://www.dgae.unam.mx/Licenciatura2025/resultados/4/42104005.html,135,1868,1702,70,135,338878,53,,No seleccionado,,Consultar
2025,4,Licenciatura 2025,421,42104005,PEDAGOGIA,FES ARAGÓN,Escolarizado,https://www.dgae.unam.mx/Licenciatura2025/resultados/4/42104005.html,135,1868,1702,70,135,338885,61,,No seleccionado,,Consultar
2025,4,Licenciatura 2025,421,42104005,PEDAGOGIA,FES ARAGÓN,Escolarizado,https://www.dgae.unam.mx/Licenciatura2025/resultados/4/42104005.html,135,1868,1702,70,135,338886,69,,No seleccionado,,Consultar
2025,4,Licenciatura 2025,421,42104005,PEDAGOGIA,FES ARAGÓN,Escolarizado,https://www.dgae.unam.mx/Licenciatura2025/resultados/4/42104005.html,135,1868,1702,70,135,338895,75,S,Seleccionado,Cita para entregar documentación.,Consultar
2025,4,Licenciatura 2025,421,42104005,PEDAGOGIA,FES ARAGÓN,Escolarizado,https://www.dgae.unam.mx/Licenciatura2025/resultados/4/42104005.html,135,1868,1702,70,135,338913,47,,No seleccionado,,Consultar
2025,4,Licenciatura 2025,421,42104005,PEDAGOGIA,FES ARAGÓN,Escolarizado,https://www.dgae.unam.mx/Licenciatura2025/resultados/4/42104005.html,135,1868,1702,70,135,338919,48,,No seleccionado,,Consultar
2025,4,Licenciatura 2025,421,42104005,PEDAGOGIA,FES ARAGÓN,Escolarizado,https://www.dgae.unam.mx/Licenciatura2025/resultados/4/42104005.html,135,1868,1702,70,135,338920,39,,No seleccionado,,Consultar
2025,4,Licenciatura 2025,421,42104005,PEDAGOGIA,FES ARAGÓN,Escolarizado,https://www.dgae.unam.mx/Licenciatura2025/resultados/4/42104005.html,135,1868,1702,70,135,338923,38,,No seleccionado,,Consultar
2025,4,Licenciatura 2025,421,42104005,PEDAGOGIA,FES ARAGÓN,Escolarizado,https://www.dgae.unam.mx/Licenciatura2025/resultados/4/42104005.html,135,1868,1702,70,135,338928,64,,No seleccionado,,Consultar
2025,4,Licenciatura 2025,421,42104005,PEDAGOGIA,FES ARAGÓN,Escolarizado,https://www.dgae.unam.mx/Licenciatura2025/resultados/4/42104005.html,135,1868,1702,70,135,338935,34,,No seleccionado,,Consultar
2025,4,Licenciatura 2025,421,42104005,PEDAGOGIA,FES ARAGÓN,Escolarizado,https://www.dgae.unam.mx/Licenciatura2025/resultados/4/42104005.html,135,1868,1702,70,135,338945,49,,No seleccionado,,Consultar
2025,4,Licenciatura 2025,421,42104005,PEDAGOGIA,FES ARAGÓN,Escolarizado,https://www.dgae.unam.mx/Licenciatura2025/resultados/4/42104005.html,135,1868,1702,70,135,338960,37,,No seleccionado,,Consultar
2025,4,Licenciatura 2025,421,42104005,PEDAGOGIA,FES ARAGÓN,Escolarizado,https://www.dgae.unam.mx/Licenciatura2025/resultados/4/42104005.html,135,1868,1702,70,135,338968,96,S,Seleccionado,,Consultar
2025,4,Licenciatura 2025,421,42104005,PEDAGOGIA,FES ARAGÓN,Escolarizado,https://www.dgae.unam.mx/Licenciatura2025/resultados/4/42104005.html,135,1868,1702,70,135,338969,44,,No seleccionado,,Consultar
2025,4,Licenciatura 2025,421,42104005,PEDAGOGIA,FES ARAGÓN,Escolarizado,https://www.dgae.unam.mx/Licenciatura2025/resultados/4/42104005.html,135,1868,1702,70,135,338970,46,,No seleccionado,,Consultar
2025,4,Licenciatura 2025,421,42104005,PEDAGOGIA,FES ARAGÓN,Escolarizado,https://www.dgae.unam.mx/Licenciatura2025/resultados/4/42104005.html,135,1868,1702,70,135,338978,39,,No seleccionado,,Consultar
2025,4,Licenciatura 2025,421,42104005,PEDAGOGIA,FES ARAGÓN,Escolarizado,https://www.dgae.unam.mx/Licenciatura2025/resultados/4/42104005.html,135,1868,1702,70,135,338980,45,,No seleccionado,,Consultar
2025,4,Licenciatura 2025,421,42104005,PEDAGOGIA,FES ARAGÓN,Escolarizado,https://www.dgae.unam.mx/Licenciatura2025/resultados/4/42104005.html,135,1868,1702,70,135,338987,46,,No seleccionado,,Consultar
2025,4,Licenciatura 2025,421,42104005,PEDAGOGIA,FES ARAGÓN,Escolarizado,https://www.dgae.unam.mx/Licenciatura2025/resultados/4/42104005.html,135,1868,1702,70,135,338991,51,,No seleccionado,,Consultar
2025,4,Licenciatura 2025,421,42104005,PEDAGOGIA,FES ARAGÓN,Escolarizado,https://www.dgae.unam.mx/Licenciatura2025/resultados/4/42104005.html,135,1868,1702,70,135,339004,48,,No seleccionado,,Consultar
2025,4,Licenciatura 2025,421,42104005,PEDAGOGIA,FES ARAGÓN,Escolarizado,https://www.dgae.unam.mx/Licenciatura2025/resultados/4/42104005.html,135,1868,1702,70,135,339005,43,,No seleccionado,,Consultar
2025,4,Licenciatura 2025,421,42104005,PEDAGOGIA,FES ARAGÓN,Escolarizado,https://www.dgae.unam.mx/Licenciatura2025/resultados/4/42104005.html,135,1868,1702,70,135,339007,61,,No seleccionado,,Consultar
2025,4,Licenciatura 2025,421,42104005,PEDAGOGIA,FES ARAGÓN,Escolarizado,https://www.dgae.unam.mx/Licenciatura2025/resultados/4/42104005.html,135,1868,1702,70,135,339011,45,,No seleccionado,,Consultar
2025,4,Licenciatura 2025,421,42104005,PEDAGOGIA,FES ARAGÓN,Escolarizado,https://www.dgae.unam.mx/Licenciatura2025/resultados/4/42104005.html,135,1868,1702,70,135,339014,32,,No seleccionado,,Consultar
2025,4,Licenciatura 2025,421,42104005,PEDAGOGIA,FES ARAGÓN,Escolarizado,https://www.dgae.unam.mx/Licenciatura2025/resultados/4/42104005.html,135,1868,1702,70,135,339015,49,,No seleccionado,,Consultar
2025,4,Licenciatura 2025,421,42104005,PEDAGOGIA,FES ARAGÓN,Escolarizado,https://www.dgae.unam.mx/Licenciatura2025/resultados/4/42104005.html,135,1868,1702,70,135,339019,63,,No seleccionado,,Consultar
2025,4,Licenciatura 2025,421,42104005,PEDAGOGIA,FES ARAGÓN,Escolarizado,https://www.dgae.unam.mx/Licenciatura2025/resultados/4/42104005.html,135,1868,1702,70,135,339021,59,,No seleccionado,,Consultar
2025,4,Licenciatura 2025,421,42104005,PEDAGOGIA,FES ARAGÓN,Escolarizado,https://www.dgae.unam.mx/Licenciatura2025/resultados/4/42104005.html,135,1868,1702,70,135,339022,60,,No seleccionado,,Consultar
2025,4,Licenciatura 2025,421,42104005,PEDAGOGIA,FES ARAGÓN,Escolarizado,https://www.dgae.unam.mx/Licenciatura2025/resultados/4/42104005.html,135,1868,1702,70,135,339025,43,,No seleccionado,,Consultar
2025,4,Licenciatura 2025,421,42104005,PEDAGOGIA,FES ARAGÓN,Escolarizado,https://www.dgae.unam.mx/Licenciatura2025/resultados/4/42104005.html,135,1868,1702,70,135,339026,37,,No seleccionado,,Consultar
2025,4,Licenciatura 2025,421,42104005,PEDAGOGIA,FES ARAGÓN,Escolarizado,https://www.dgae.unam.mx/Licenciatura2025/resultados/4/42104005.html,135,1868,1702,70,135,339027,37,,No seleccionado,,Consultar
2025,4,Licenciatura 2025,421,42104005,PEDAGOGIA,FES ARAGÓN,Escolarizado,https://www.dgae.unam.mx/Licenciatura2025/resultados/4/42104005.html,135,1868,1702,70,135,339043,26,,No seleccionado,,Consultar
2025,4,Licenciatura 2025,421,42104005,PEDAGOGIA,FES ARAGÓN,Escolarizado,https://www.dgae.unam.mx/Licenciatura2025/resultados/4/42104005.html,135,1868,1702,70,135,339049,41,,No seleccionado,,Consultar
2025,4,Licenciatura 2025,421,42104005,PEDAGOGIA,FES ARAGÓN,Escolarizado,https://www.dgae.unam.mx/Licenciatura2025/resultados/4/42104005.html,135,1868,1702,70,135,339053,35,,No seleccionado,,Consultar
2025,4,Licenciatura 2025,421,42104005,PEDAGOGIA,FES ARAGÓN,Escolarizado,https://www.dgae.unam.mx/Licenciatura2025/resultados/4/42104005.html,135,1868,1702,70,135,339054,36,,No seleccionado,,Consultar
2025,4,Licenciatura 2025,421,42104005,PEDAGOGIA,FES ARAGÓN,Escolarizado,https://www.dgae.unam.mx/Licenciatura2025/resultados/4/42104005.html,135,1868,1702,70,135,339056,70,S,Seleccionado,Cita para entregar documentación.,Consultar
2025,4,Licenciatura 2025,421,42104005,PEDAGOGIA,FES ARAGÓN,Escolarizado,https://www.dgae.unam.mx/Licenciatura2025/resultados/4/42104005.html,135,1868,1702,70,135,339062,46,,No seleccionado,,Consultar
2025,4,Licenciatura 2025,421,42104005,PEDAGOGIA,FES ARAGÓN,Escolarizado,https://www.dgae.unam.mx/Licenciatura2025/resultados/4/42104005.html,135,1868,1702,70,135,339067,47,,No seleccionado,,Consultar
2025,4,Licenciatura 2025,421,42104005,PEDAGOGIA,FES ARAGÓN,Escolarizado,https://www.dgae.unam.mx/Licenciatura2025/resultados/4/42104005.html,135,1868,1702,70,135,339069,54,,No seleccionado,,Consultar
2025,4,Licenciatura 2025,421,42104005,PEDAGOGIA,FES ARAGÓN,Escolarizado,https://www.dgae.unam.mx/Licenciatura2025/resultados/4/42104005.html,135,1868,1702,70,135,339095,51,,No seleccionado,,Consultar
2025,4,Licenciatura 2025,421,42104005,PEDAGOGIA,FES ARAGÓN,Escolarizado,https://www.dgae.unam.mx/Licenciatura2025/resultados/4/42104005.html,135,1868,1702,70,135,339324,37,,No seleccionado,,Consultar
2025,4,Licenciatura 2025,421,42104005,PEDAGOGIA,FES ARAGÓN,Escolarizado,https://www.dgae.unam.mx/Licenciatura2025/resultados/4/42104005.html,135,1868,1702,70,135,339475,25,,No seleccionado,,Consultar
2025,4,Licenciatura 2025,421,42104005,PEDAGOGIA,FES ARAGÓN,Escolarizado,https://www.dgae.unam.mx/Licenciatura2025/resultados/4/42104005.html,135,1868,1702,70,135,339510,47,,No seleccionado,,Consultar
2025,4,Licenciatura 2025,421,42104005,PEDAGOGIA,FES ARAGÓN,Escolarizado,https://www.dgae.unam.mx/Licenciatura2025/resultados/4/42104005.html,135,1868,1702,70,135,339553,38,,No seleccionado,,Consultar
2025,4,Licenciatura 2025,421,42104005,PEDAGOGIA,FES ARAGÓN,Escolarizado,https://www.dgae.unam.mx/Licenciatura2025/resultados/4/42104005.html,135,1868,1702,70,135,339708,31,,No seleccionado,,Consultar
2025,4,Licenciatura 2025,421,42104005,PEDAGOGIA,FES ARAGÓN,Escolarizado,https://www.dgae.unam.mx/Licenciatura2025/resultados/4/42104005.html,135,1868,1702,70,135,339742,39,,No seleccionado,,Consultar
2025,4,Licenciatura 2025,421,42104005,PEDAGOGIA,FES ARAGÓN,Escolarizado,https://www.dgae.unam.mx/Licenciatura2025/resultados/4/42104005.html,135,1868,1702,70,135,339747,,N,No presentado,,Consultar
2025,4,Licenciatura 2025,421,42104005,PEDAGOGIA,FES ARAGÓN,Escolarizado,https://www.dgae.unam.mx/Licenciatura2025/resultados/4/42104005.html,135,1868,1702,70,135,339750,48,,No seleccionado,,Consultar
2025,4,Licenciatura 2025,421,42104005,PEDAGOGIA,FES ARAGÓN,Escolarizado,https://www.dgae.unam.mx/Licenciatura2025/resultados/4/42104005.html,135,1868,1702,70,135,339763,52,,No seleccionado,,Consultar
2025,4,Licenciatura 2025,421,42104005,PEDAGOGIA,FES ARAGÓN,Escolarizado,https://www.dgae.unam.mx/Licenciatura2025/resultados/4/42104005.html,135,1868,1702,70,135,339764,42,,No seleccionado,,Consultar
2025,4,Licenciatura 2025,421,42104005,PEDAGOGIA,FES ARAGÓN,Escolarizado,https://www.dgae.unam.mx/Licenciatura2025/resultados/4/42104005.html,135,1868,1702,70,135,339795,41,,No seleccionado,,Consultar
2025,4,Licenciatura 2025,421,42104005,PEDAGOGIA,FES ARAGÓN,Escolarizado,https://www.dgae.unam.mx/Licenciatura2025/resultados/4/42104005.html,135,1868,1702,70,135,339834,30,,No seleccionado,,Consultar
2025,4,Licenciatura 2025,421,42104005,PEDAGOGIA,FES ARAGÓN,Escolarizado,https://www.dgae.unam.mx/Licenciatura2025/resultados/4/42104005.html,135,1868,1702,70,135,339842,44,,No seleccionado,,Consultar
2025,4,Licenciatura 2025,421,42104005,PEDAGOGIA,FES ARAGÓN,Escolarizado,https://www.dgae.unam.mx/Licenciatura2025/resultados/4/42104005.html,135,1868,1702,70,135,339885,71,S,Seleccionado,Cita para entregar documentación.,Consultar
2025,4,Licenciatura 2025,421,42104005,PEDAGOGIA,FES ARAGÓN,Escolarizado,https://www.dgae.unam.mx/Licenciatura2025/resultados/4/42104005.html,135,1868,1702,70,135,339891,51,,No seleccionado,,Consultar
2025,4,Licenciatura 2025,421,42104005,PEDAGOGIA,FES ARAGÓN,Escolarizado,https://www.dgae.unam.mx/Licenciatura2025/resultados/4/42104005.html,135,1868,1702,70,135,339899,46,,No seleccionado,,Consultar
2025,4,Licenciatura 2025,421,42104005,PEDAGOGIA,FES ARAGÓN,Escolarizado,https://www.dgae.unam.mx/Licenciatura2025/resultados/4/42104005.html,135,1868,1702,70,135,339920,29,,No seleccionado,,Consultar
2025,4,Licenciatura 2025,421,42104005,PEDAGOGIA,FES ARAGÓN,Escolarizado,https://www.dgae.unam.mx/Licenciatura2025/resultados/4/42104005.html,135,1868,1702,70,135,339924,35,,No seleccionado,,Consultar
2025,4,Licenciatura 2025,421,42104005,PEDAGOGIA,FES ARAGÓN,Escolarizado,https://www.dgae.unam.mx/Licenciatura2025/resultados/4/42104005.html,135,1868,1702,70,135,339928,26,,No seleccionado,,Consultar
2025,4,Licenciatura 2025,421,42104005,PEDAGOGIA,FES ARAGÓN,Escolarizado,https://www.dgae.unam.mx/Licenciatura2025/resultados/4/42104005.html,135,1868,1702,70,135,339943,50,,No seleccionado,,Consultar
2025,4,Licenciatura 2025,421,42104005,PEDAGOGIA,FES ARAGÓN,Escolarizado,https://www.dgae.unam.mx/Licenciatura2025/resultados/4/42104005.html,135,1868,1702,70,135,339953,32,,No seleccionado,,Consultar
2025,4,Licenciatura 2025,421,42104005,PEDAGOGIA,FES ARAGÓN,Escolarizado,https://www.dgae.unam.mx/Licenciatura2025/resultados/4/42104005.html,135,1868,1702,70,135,339961,39,,No seleccionado,,Consultar
2025,4,Licenciatura 2025,421,42104005,PEDAGOGIA,FES ARAGÓN,Escolarizado,https://www.dgae.unam.mx/Licenciatura2025/resultados/4/42104005.html,135,1868,1702,70,135,339964,38,,No seleccionado,,Consultar
2025,4,Licenciatura 2025,421,42104005,PEDAGOGIA,FES ARAGÓN,Escolarizado,https://www.dgae.unam.mx/Licenciatura2025/resultados/4/42104005.html,135,1868,1702,70,135,339969,41,,No seleccionado,,Consultar
2025,4,Licenciatura 2025,421,42104005,PEDAGOGIA,FES ARAGÓN,Escolarizado,https://www.dgae.unam.mx/Licenciatura2025/resultados/4/42104005.html,135,1868,1702,70,135,339978,49,,No seleccionado,,Consultar
2025,4,Licenciatura 2025,421,42104005,PEDAGOGIA,FES ARAGÓN,Escolarizado,https://www.dgae.unam.mx/Licenciatura2025/resultados/4/42104005.html,135,1868,1702,70,135,339980,,N,No presentado,,Consultar
2025,4,Licenciatura 2025,421,42104005,PEDAGOGIA,FES ARAGÓN,Escolarizado,https://www.dgae.unam.mx/Licenciatura2025/resultados/4/42104005.html,135,1868,1702,70,135,340013,46,,No seleccionado,,Consultar
2025,4,Licenciatura 2025,421,42104005,PEDAGOGIA,FES ARAGÓN,Escolarizado,https://www.dgae.unam.mx/Licenciatura2025/resultados/4/42104005.html,135,1868,1702,70,135,340014,50,,No seleccionado,,Consultar
2025,4,Licenciatura 2025,421,42104005,PEDAGOGIA,FES ARAGÓN,Escolarizado,https://www.dgae.unam.mx/Licenciatura2025/resultados/4/42104005.html,135,1868,1702,70,135,340116,64,,No seleccionado,,Consultar
2025,4,Licenciatura 2025,421,42104005,PEDAGOGIA,FES ARAGÓN,Escolarizado,https://www.dgae.unam.mx/Licenciatura2025/resultados/4/42104005.html,135,1868,1702,70,135,340121,42,,No seleccionado,,Consultar
2025,4,Licenciatura 2025,421,42104005,PEDAGOGIA,FES ARAGÓN,Escolarizado,https://www.dgae.unam.mx/Licenciatura2025/resultados/4/42104005.html,135,1868,1702,70,135,340128,34,,No seleccionado,,Consultar
2025,4,Licenciatura 2025,421,42104005,PEDAGOGIA,FES ARAGÓN,Escolarizado,https://www.dgae.unam.mx/Licenciatura2025/resultados/4/42104005.html,135,1868,1702,70,135,340130,44,,No seleccionado,,Consultar
2025,4,Licenciatura 2025,421,42104005,PEDAGOGIA,FES ARAGÓN,Escolarizado,https://www.dgae.unam.mx/Licenciatura2025/resultados/4/42104005.html,135,1868,1702,70,135,340133,27,,No seleccionado,,Consultar
2025,4,Licenciatura 2025,421,42104005,PEDAGOGIA,FES ARAGÓN,Escolarizado,https://www.dgae.unam.mx/Licenciatura2025/resultados/4/42104005.html,135,1868,1702,70,135,340136,53,,No seleccionado,,Consultar
2025,4,Licenciatura 2025,421,42104005,PEDAGOGIA,FES ARAGÓN,Escolarizado,https://www.dgae.unam.mx/Licenciatura2025/resultados/4/42104005.html,135,1868,1702,70,135,340140,68,,No seleccionado,,Consultar
2025,4,Licenciatura 2025,421,42104005,PEDAGOGIA,FES ARAGÓN,Escolarizado,https://www.dgae.unam.mx/Licenciatura2025/resultados/4/42104005.html,135,1868,1702,70,135,340145,51,,No seleccionado,,Consultar
2025,4,Licenciatura 2025,421,42104005,PEDAGOGIA,FES ARAGÓN,Escolarizado,https://www.dgae.unam.mx/Licenciatura2025/resultados/4/42104005.html,135,1868,1702,70,135,340147,35,,No seleccionado,,Consultar
2025,4,Licenciatura 2025,421,42104005,PEDAGOGIA,FES ARAGÓN,Escolarizado,https://www.dgae.unam.mx/Licenciatura2025/resultados/4/42104005.html,135,1868,1702,70,135,340152,44,,No seleccionado,,Consultar
2025,4,Licenciatura 2025,421,42104005,PEDAGOGIA,FES ARAGÓN,Escolarizado,https://www.dgae.unam.mx/Licenciatura2025/resultados/4/42104005.html,135,1868,1702,70,135,340153,90,S,Seleccionado,Cita para entregar documentación.,Consultar
2025,4,Licenciatura 2025,421,42104005,PEDAGOGIA,FES ARAGÓN,Escolarizado,https://www.dgae.unam.mx/Licenciatura2025/resultados/4/42104005.html,135,1868,1702,70,135,340156,50,,No seleccionado,,Consultar
2025,4,Licenciatura 2025,421,42104005,PEDAGOGIA,FES ARAGÓN,Escolarizado,https://www.dgae.unam.mx/Licenciatura2025/resultados/4/42104005.html,135,1868,1702,70,135,340158,39,,No seleccionado,,Consultar
2025,4,Licenciatura 2025,421,42104005,PEDAGOGIA,FES ARAGÓN,Escolarizado,https://www.dgae.unam.mx/Licenciatura2025/resultados/4/42104005.html,135,1868,1702,70,135,340159,40,,No seleccionado,,Consultar
2025,4,Licenciatura 2025,421,42104005,PEDAGOGIA,FES ARAGÓN,Escolarizado,https://www.dgae.unam.mx/Licenciatura2025/resultados/4/42104005.html,135,1868,1702,70,135,340178,38,,No seleccionado,,Consultar
2025,4,Licenciatura 2025,421,42104005,PEDAGOGIA,FES ARAGÓN,Escolarizado,https://www.dgae.unam.mx/Licenciatura2025/resultados/4/42104005.html,135,1868,1702,70,135,340186,30,,No seleccionado,,Consultar
2025,4,Licenciatura 2025,421,42104005,PEDAGOGIA,FES ARAGÓN,Escolarizado,https://www.dgae.unam.mx/Licenciatura2025/resultados/4/42104005.html,135,1868,1702,70,135,340190,,N,No presentado,,Consultar
2025,4,Licenciatura 2025,421,42104005,PEDAGOGIA,FES ARAGÓN,Escolarizado,https://www.dgae.unam.mx/Licenciatura2025/resultados/4/42104005.html,135,1868,1702,70,135,340191,35,,No seleccionado,,Consultar
2025,4,Licenciatura 2025,421,42104005,PEDAGOGIA,FES ARAGÓN,Escolarizado,https://www.dgae.unam.mx/Licenciatura2025/resultados/4/42104005.html,135,1868,1702,70,135,340194,28,,No seleccionado,,Consultar
2025,4,Licenciatura 2025,421,42104005,PEDAGOGIA,FES ARAGÓN,Escolarizado,https://www.dgae.unam.mx/Licenciatura2025/resultados/4/42104005.html,135,1868,1702,70,135,340209,50,,No seleccionado,,Consultar
2025,4,Licenciatura 2025,421,42104005,PEDAGOGIA,FES ARAGÓN,Escolarizado,https://www.dgae.unam.mx/Licenciatura2025/resultados/4/42104005.html,135,1868,1702,70,135,340220,54,,No seleccionado,,Consultar
2025,4,Licenciatura 2025,421,42104005,PEDAGOGIA,FES ARAGÓN,Escolarizado,https://www.dgae.unam.mx/Licenciatura2025/resultados/4/42104005.html,135,1868,1702,70,135,340226,64,,No seleccionado,,Consultar
2025,4,Licenciatura 2025,421,42104005,PEDAGOGIA,FES ARAGÓN,Escolarizado,https://www.dgae.unam.mx/Licenciatura2025/resultados/4/42104005.html,135,1868,1702,70,135,340238,33,,No seleccionado,,Consultar
2025,4,Licenciatura 2025,421,42104005,PEDAGOGIA,FES ARAGÓN,Escolarizado,https://www.dgae.unam.mx/Licenciatura2025/resultados/4/42104005.html,135,1868,1702,70,135,340239,36,,No seleccionado,,Consultar
2025,4,Licenciatura 2025,421,42104005,PEDAGOGIA,FES ARAGÓN,Escolarizado,https://www.dgae.unam.mx/Licenciatura2025/resultados/4/42104005.html,135,1868,1702,70,135,340257,46,,No seleccionado,,Consultar
2025,4,Licenciatura 2025,421,42104005,PEDAGOGIA,FES ARAGÓN,Escolarizado,https://www.dgae.unam.mx/Licenciatura2025/resultados/4/42104005.html,135,1868,1702,70,135,340260,36,,No seleccionado,,Consultar
2025,4,Licenciatura 2025,421,42104005,PEDAGOGIA,FES ARAGÓN,Escolarizado,https://www.dgae.unam.mx/Licenciatura2025/resultados/4/42104005.html,135,1868,1702,70,135,340270,,N,No presentado,,Consultar
2025,4,Licenciatura 2025,421,42104005,PEDAGOGIA,FES ARAGÓN,Escolarizado,https://www.dgae.unam.mx/Licenciatura2025/resultados/4/42104005.html,135,1868,1702,70,135,340282,51,,No seleccionado,,Consultar
2025,4,Licenciatura 2025,421,42104005,PEDAGOGIA,FES ARAGÓN,Escolarizado,https://www.dgae.unam.mx/Licenciatura2025/resultados/4/42104005.html,135,1868,1702,70,135,340292,32,,No seleccionado,,Consultar
2025,4,Licenciatura 2025,421,42104005,PEDAGOGIA,FES ARAGÓN,Escolarizado,https://www.dgae.unam.mx/Licenciatura2025/resultados/4/42104005.html,135,1868,1702,70,135,340310,41,,No seleccionado,,Consultar
2025,4,Licenciatura 2025,421,42104005,PEDAGOGIA,FES ARAGÓN,Escolarizado,https://www.dgae.unam.mx/Licenciatura2025/resultados/4/42104005.html,135,1868,1702,70,135,340311,74,S,Seleccionado,,Consultar
2025,4,Licenciatura 2025,421,42104005,PEDAGOGIA,FES ARAGÓN,Escolarizado,https://www.dgae.unam.mx/Licenciatura2025/resultados/4/42104005.html,135,1868,1702,70,135,340314,39,,No seleccionado,,Consultar
2025,4,Licenciatura 2025,421,42104005,PEDAGOGIA,FES ARAGÓN,Escolarizado,https://www.dgae.unam.mx/Licenciatura2025/resultados/4/42104005.html,135,1868,1702,70,135,340315,43,,No seleccionado,,Consultar
2025,4,Licenciatura 2025,421,42104005,PEDAGOGIA,FES ARAGÓN,Escolarizado,https://www.dgae.unam.mx/Licenciatura2025/resultados/4/42104005.html,135,1868,1702,70,135,340317,54,,No seleccionado,,Consultar
2025,4,Licenciatura 2025,421,42104005,PEDAGOGIA,FES ARAGÓN,Escolarizado,https://www.dgae.unam.mx/Licenciatura2025/resultados/4/42104005.html,135,1868,1702,70,135,340318,35,,No seleccionado,,Consultar
2025,4,Licenciatura 2025,421,42104005,PEDAGOGIA,FES ARAGÓN,Escolarizado,https://www.dgae.unam.mx/Licenciatura2025/resultados/4/42104005.html,135,1868,1702,70,135,340320,49,,No seleccionado,,Consultar
2025,4,Licenciatura 2025,421,42104005,PEDAGOGIA,FES ARAGÓN,Escolarizado,https://www.dgae.unam.mx/Licenciatura2025/resultados/4/42104005.html,135,1868,1702,70,135,340322,45,,No seleccionado,,Consultar
2025,4,Licenciatura 2025,421,42104005,PEDAGOGIA,FES ARAGÓN,Escolarizado,https://www.dgae.unam.mx/Licenciatura2025/resultados/4/42104005.html,135,1868,1702,70,135,340326,84,S,Seleccionado,Cita para entregar documentación.,Consultar
2025,4,Licenciatura 2025,421,42104005,PEDAGOGIA,FES ARAGÓN,Escolarizado,https://www.dgae.unam.mx/Licenciatura2025/resultados/4/42104005.html,135,1868,1702,70,135,340333,37,,No seleccionado,,Consultar
2025,4,Licenciatura 2025,421,42104005,PEDAGOGIA,FES ARAGÓN,Escolarizado,https://www.dgae.unam.mx/Licenciatura2025/resultados/4/42104005.html,135,1868,1702,70,135,340336,44,,No seleccionado,,Consultar
2025,4,Licenciatura 2025,421,42104005,PEDAGOGIA,FES ARAGÓN,Escolarizado,https://www.dgae.unam.mx/Licenciatura2025/resultados/4/42104005.html,135,1868,1702,70,135,340338,55,,No seleccionado,,Consultar
2025,4,Licenciatura 2025,421,42104005,PEDAGOGIA,FES ARAGÓN,Escolarizado,https://www.dgae.unam.mx/Licenciatura2025/resultados/4/42104005.html,135,1868,1702,70,135,340351,,N,No presentado,,Consultar
2025,4,Licenciatura 2025,421,42104005,PEDAGOGIA,FES ARAGÓN,Escolarizado,https://www.dgae.unam.mx/Licenciatura2025/resultados/4/42104005.html,135,1868,1702,70,135,340353,46,,No seleccionado,,Consultar
2025,4,Licenciatura 2025,421,42104005,PEDAGOGIA,FES ARAGÓN,Escolarizado,https://www.dgae.unam.mx/Licenciatura2025/resultados/4/42104005.html,135,1868,1702,70,135,340355,27,,No seleccionado,,Consultar
2025,4,Licenciatura 2025,421,42104005,PEDAGOGIA,FES ARAGÓN,Escolarizado,https://www.dgae.unam.mx/Licenciatura2025/resultados/4/42104005.html,135,1868,1702,70,135,340356,67,,No seleccionado,,Consultar
2025,4,Licenciatura 2025,421,42104005,PEDAGOGIA,FES ARAGÓN,Escolarizado,https://www.dgae.unam.mx/Licenciatura2025/resultados/4/42104005.html,135,1868,1702,70,135,340367,85,S,Seleccionado,Cita para entregar documentación.,Consultar
2025,4,Licenciatura 2025,421,42104005,PEDAGOGIA,FES ARAGÓN,Escolarizado,https://www.dgae.unam.mx/Licenciatura2025/resultados/4/42104005.html,135,1868,1702,70,135,340368,42,,No seleccionado,,Consultar
2025,4,Licenciatura 2025,421,42104005,PEDAGOGIA,FES ARAGÓN,Escolarizado,https://www.dgae.unam.mx/Licenciatura2025/resultados/4/42104005.html,135,1868,1702,70,135,340372,,N,No presentado,,Consultar
2025,4,Licenciatura 2025,421,42104005,PEDAGOGIA,FES ARAGÓN,Escolarizado,https://www.dgae.unam.mx/Licenciatura2025/resultados/4/42104005.html,135,1868,1702,70,135,340373,29,,No seleccionado,,Consultar
2025,4,Licenciatura 2025,421,42104005,PEDAGOGIA,FES ARAGÓN,Escolarizado,https://www.dgae.unam.mx/Licenciatura2025/resultados/4/42104005.html,135,1868,1702,70,135,340377,34,,No seleccionado,,Consultar
2025,4,Licenciatura 2025,421,42104005,PEDAGOGIA,FES ARAGÓN,Escolarizado,https://www.dgae.unam.mx/Licenciatura2025/resultados/4/42104005.html,135,1868,1702,70,135,340390,34,,No seleccionado,,Consultar
2025,4,Licenciatura 2025,421,42104005,PEDAGOGIA,FES ARAGÓN,Escolarizado,https://www.dgae.unam.mx/Licenciatura2025/resultados/4/42104005.html,135,1868,1702,70,135,340396,65,,No seleccionado,,Consultar
2025,4,Licenciatura 2025,421,42104005,PEDAGOGIA,FES ARAGÓN,Escolarizado,https://www.dgae.unam.mx/Licenciatura2025/resultados/4/42104005.html,135,1868,1702,70,135,340400,41,,No seleccionado,,Consultar
2025,4,Licenciatura 2025,421,42104005,PEDAGOGIA,FES ARAGÓN,Escolarizado,https://www.dgae.unam.mx/Licenciatura2025/resultados/4/42104005.html,135,1868,1702,70,135,340405,43,,No seleccionado,,Consultar
2025,4,Licenciatura 2025,421,42104005,PEDAGOGIA,FES ARAGÓN,Escolarizado,https://www.dgae.unam.mx/Licenciatura2025/resultados/4/42104005.html,135,1868,1702,70,135,340406,45,,No seleccionado,,Consultar
2025,4,Licenciatura 2025,421,42104005,PEDAGOGIA,FES ARAGÓN,Escolarizado,https://www.dgae.unam.mx/Licenciatura2025/resultados/4/42104005.html,135,1868,1702,70,135,340410,79,S,Seleccionado,,Consultar
2025,4,Licenciatura 2025,421,42104005,PEDAGOGIA,FES ARAGÓN,Escolarizado,https://www.dgae.unam.mx/Licenciatura2025/resultados/4/42104005.html,135,1868,1702,70,135,340411,,N,No presentado,,Consultar
2025,4,Licenciatura 2025,421,42104005,PEDAGOGIA,FES ARAGÓN,Escolarizado,https://www.dgae.unam.mx/Licenciatura2025/resultados/4/42104005.html,135,1868,1702,70,135,340412,44,,No seleccionado,,Consultar
2025,4,Licenciatura 2025,421,42104005,PEDAGOGIA,FES ARAGÓN,Escolarizado,https://www.dgae.unam.mx/Licenciatura2025/resultados/4/42104005.html,135,1868,1702,70,135,340413,42,,No seleccionado,,Consultar
2025,4,Licenciatura 2025,421,42104005,PEDAGOGIA,FES ARAGÓN,Escolarizado,https://www.dgae.unam.mx/Licenciatura2025/resultados/4/42104005.html,135,1868,1702,70,135,340419,47,,No seleccionado,,Consultar
2025,4,Licenciatura 2025,421,42104005,PEDAGOGIA,FES ARAGÓN,Escolarizado,https://www.dgae.unam.mx/Licenciatura2025/resultados/4/42104005.html,135,1868,1702,70,135,340425,43,,No seleccionado,,Consultar
2025,4,Licenciatura 2025,421,42104005,PEDAGOGIA,FES ARAGÓN,Escolarizado,https://www.dgae.unam.mx/Licenciatura2025/resultados/4/42104005.html,135,1868,1702,70,135,340430,,N,No presentado,,Consultar
2025,4,Licenciatura 2025,421,42104005,PEDAGOGIA,FES ARAGÓN,Escolarizado,https://www.dgae.unam.mx/Licenciatura2025/resultados/4/42104005.html,135,1868,1702,70,135,340433,76,S,Seleccionado,Cita para entregar documentación.,Consultar
2025,4,Licenciatura 2025,421,42104005,PEDAGOGIA,FES ARAGÓN,Escolarizado,https://www.dgae.unam.mx/Licenciatura2025/resultados/4/42104005.html,135,1868,1702,70,135,340435,36,,No seleccionado,,Consultar
2025,4,Licenciatura 2025,421,42104005,PEDAGOGIA,FES ARAGÓN,Escolarizado,https://www.dgae.unam.mx/Licenciatura2025/resultados/4/42104005.html,135,1868,1702,70,135,340453,46,,No seleccionado,,Consultar
2025,4,Licenciatura 2025,421,42104005,PEDAGOGIA,FES ARAGÓN,Escolarizado,https://www.dgae.unam.mx/Licenciatura2025/resultados/4/42104005.html,135,1868,1702,70,135,340456,58,,No seleccionado,,Consultar
2025,4,Licenciatura 2025,421,42104005,PEDAGOGIA,FES ARAGÓN,Escolarizado,https://www.dgae.unam.mx/Licenciatura2025/resultados/4/42104005.html,135,1868,1702,70,135,340470,39,,No seleccionado,,Consultar
2025,4,Licenciatura 2025,421,42104005,PEDAGOGIA,FES ARAGÓN,Escolarizado,https://www.dgae.unam.mx/Licenciatura2025/resultados/4/42104005.html,135,1868,1702,70,135,340476,55,,No seleccionado,,Consultar
2025,4,Licenciatura 2025,421,42104005,PEDAGOGIA,FES ARAGÓN,Escolarizado,https://www.dgae.unam.mx/Licenciatura2025/resultados/4/42104005.html,135,1868,1702,70,135,340484,39,,No seleccionado,,Consultar
2025,4,Licenciatura 2025,421,42104005,PEDAGOGIA,FES ARAGÓN,Escolarizado,https://www.dgae.unam.mx/Licenciatura2025/resultados/4/42104005.html,135,1868,1702,70,135,340486,36,,No seleccionado,,Consultar
2025,4,Licenciatura 2025,421,42104005,PEDAGOGIA,FES ARAGÓN,Escolarizado,https://www.dgae.unam.mx/Licenciatura2025/resultados/4/42104005.html,135,1868,1702,70,135,340494,31,,No seleccionado,,Consultar
2025,4,Licenciatura 2025,421,42104005,PEDAGOGIA,FES ARAGÓN,Escolarizado,https://www.dgae.unam.mx/Licenciatura2025/resultados/4/42104005.html,135,1868,1702,70,135,340499,51,,No seleccionado,,Consultar
2025,4,Licenciatura 2025,421,42104005,PEDAGOGIA,FES ARAGÓN,Escolarizado,https://www.dgae.unam.mx/Licenciatura2025/resultados/4/42104005.html,135,1868,1702,70,135,340503,41,,No seleccionado,,Consultar
2025,4,Licenciatura 2025,421,42104005,PEDAGOGIA,FES ARAGÓN,Escolarizado,https://www.dgae.unam.mx/Licenciatura2025/resultados/4/42104005.html,135,1868,1702,70,135,340505,31,,No seleccionado,,Consultar
2025,4,Licenciatura 2025,421,42104005,PEDAGOGIA,FES ARAGÓN,Escolarizado,https://www.dgae.unam.mx/Licenciatura2025/resultados/4/42104005.html,135,1868,1702,70,135,340506,40,,No seleccionado,,Consultar
2025,4,Licenciatura 2025,421,42104005,PEDAGOGIA,FES ARAGÓN,Escolarizado,https://www.dgae.unam.mx/Licenciatura2025/resultados/4/42104005.html,135,1868,1702,70,135,340507,55,,No seleccionado,,Consultar
2025,4,Licenciatura 2025,421,42104005,PEDAGOGIA,FES ARAGÓN,Escolarizado,https://www.dgae.unam.mx/Licenciatura2025/resultados/4/42104005.html,135,1868,1702,70,135,340508,47,,No seleccionado,,Consultar
2025,4,Licenciatura 2025,421,42104005,PEDAGOGIA,FES ARAGÓN,Escolarizado,https://www.dgae.unam.mx/Licenciatura2025/resultados/4/42104005.html,135,1868,1702,70,135,340512,70,S,Seleccionado,Cita para entregar documentación.,Consultar
2025,4,Licenciatura 2025,421,42104005,PEDAGOGIA,FES ARAGÓN,Escolarizado,https://www.dgae.unam.mx/Licenciatura2025/resultados/4/42104005.html,135,1868,1702,70,135,340530,47,,No seleccionado,,Consultar
2025,4,Licenciatura 2025,421,42104005,PEDAGOGIA,FES ARAGÓN,Escolarizado,https://www.dgae.unam.mx/Licenciatura2025/resultados/4/42104005.html,135,1868,1702,70,135,340532,63,,No seleccionado,,Consultar
2025,4,Licenciatura 2025,421,42104005,PEDAGOGIA,FES ARAGÓN,Escolarizado,https://www.dgae.unam.mx/Licenciatura2025/resultados/4/42104005.html,135,1868,1702,70,135,340539,44,,No seleccionado,,Consultar
2025,4,Licenciatura 2025,421,42104005,PEDAGOGIA,FES ARAGÓN,Escolarizado,https://www.dgae.unam.mx/Licenciatura2025/resultados/4/42104005.html,135,1868,1702,70,135,340541,41,,No seleccionado,,Consultar
2025,4,Licenciatura 2025,421,42104005,PEDAGOGIA,FES ARAGÓN,Escolarizado,https://www.dgae.unam.mx/Licenciatura2025/resultados/4/42104005.html,135,1868,1702,70,135,340543,68,,No seleccionado,,Consultar
2025,4,Licenciatura 2025,421,42104005,PEDAGOGIA,FES ARAGÓN,Escolarizado,https://www.dgae.unam.mx/Licenciatura2025/resultados/4/42104005.html,135,1868,1702,70,135,340544,85,S,Seleccionado,Cita para entregar documentación.,Consultar
2025,4,Licenciatura 2025,421,42104005,PEDAGOGIA,FES ARAGÓN,Escolarizado,https://www.dgae.unam.mx/Licenciatura2025/resultados/4/42104005.html,135,1868,1702,70,135,340551,67,,No seleccionado,,Consultar
2025,4,Licenciatura 2025,421,42104005,PEDAGOGIA,FES ARAGÓN,Escolarizado,https://www.dgae.unam.mx/Licenciatura2025/resultados/4/42104005.html,135,1868,1702,70,135,340555,42,,No seleccionado,,Consultar
2025,4,Licenciatura 2025,421,42104005,PEDAGOGIA,FES ARAGÓN,Escolarizado,https://www.dgae.unam.mx/Licenciatura2025/resultados/4/42104005.html,135,1868,1702,70,135,340559,38,,No seleccionado,,Consultar
2025,4,Licenciatura 2025,421,42104005,PEDAGOGIA,FES ARAGÓN,Escolarizado,https://www.dgae.unam.mx/Licenciatura2025/resultados/4/42104005.html,135,1868,1702,70,135,340561,42,,No seleccionado,,Consultar
2025,4,Licenciatura 2025,421,42104005,PEDAGOGIA,FES ARAGÓN,Escolarizado,https://www.dgae.unam.mx/Licenciatura2025/resultados/4/42104005.html,135,1868,1702,70,135,340564,52,,No seleccionado,,Consultar
2025,4,Licenciatura 2025,421,42104005,PEDAGOGIA,FES ARAGÓN,Escolarizado,https://www.dgae.unam.mx/Licenciatura2025/resultados/4/42104005.html,135,1868,1702,70,135,340572,76,S,Seleccionado,Cita para entregar documentación.,Consultar
2025,4,Licenciatura 2025,421,42104005,PEDAGOGIA,FES ARAGÓN,Escolarizado,https://www.dgae.unam.mx/Licenciatura2025/resultados/4/42104005.html,135,1868,1702,70,135,340575,63,,No seleccionado,,Consultar
2025,4,Licenciatura 2025,421,42104005,PEDAGOGIA,FES ARAGÓN,Escolarizado,https://www.dgae.unam.mx/Licenciatura2025/resultados/4/42104005.html,135,1868,1702,70,135,340581,84,S,Seleccionado,Cita para entregar documentación.,Consultar
2025,4,Licenciatura 2025,421,42104005,PEDAGOGIA,FES ARAGÓN,Escolarizado,https://www.dgae.unam.mx/Licenciatura2025/resultados/4/42104005.html,135,1868,1702,70,135,340585,32,,No seleccionado,,Consultar
2025,4,Licenciatura 2025,421,42104005,PEDAGOGIA,FES ARAGÓN,Escolarizado,https://www.dgae.unam.mx/Licenciatura2025/resultados/4/42104005.html,135,1868,1702,70,135,340588,61,,No seleccionado,,Consultar
2025,4,Licenciatura 2025,421,42104005,PEDAGOGIA,FES ARAGÓN,Escolarizado,https://www.dgae.unam.mx/Licenciatura2025/resultados/4/42104005.html,135,1868,1702,70,135,340592,32,,No seleccionado,,Consultar
2025,4,Licenciatura 2025,421,42104005,PEDAGOGIA,FES ARAGÓN,Escolarizado,https://www.dgae.unam.mx/Licenciatura2025/resultados/4/42104005.html,135,1868,1702,70,135,340595,40,,No seleccionado,,Consultar
2025,4,Licenciatura 2025,421,42104005,PEDAGOGIA,FES ARAGÓN,Escolarizado,https://www.dgae.unam.mx/Licenciatura2025/resultados/4/42104005.html,135,1868,1702,70,135,340608,,N,No presentado,,Consultar
2025,4,Licenciatura 2025,421,42104005,PEDAGOGIA,FES ARAGÓN,Escolarizado,https://www.dgae.unam.mx/Licenciatura2025/resultados/4/42104005.html,135,1868,1702,70,135,340616,64,,No seleccionado,,Consultar
2025,4,Licenciatura 2025,421,42104005,PEDAGOGIA,FES ARAGÓN,Escolarizado,https://www.dgae.unam.mx/Licenciatura2025/resultados/4/42104005.html,135,1868,1702,70,135,340624,,N,No presentado,,Consultar
2025,4,Licenciatura 2025,421,42104005,PEDAGOGIA,FES ARAGÓN,Escolarizado,https://www.dgae.unam.mx/Licenciatura2025/resultados/4/42104005.html,135,1868,1702,70,135,340627,27,,No seleccionado,,Consultar
2025,4,Licenciatura 2025,421,42104005,PEDAGOGIA,FES ARAGÓN,Escolarizado,https://www.dgae.unam.mx/Licenciatura2025/resultados/4/42104005.html,135,1868,1702,70,135,340630,46,,No seleccionado,,Consultar
2025,4,Licenciatura 2025,421,42104005,PEDAGOGIA,FES ARAGÓN,Escolarizado,https://www.dgae.unam.mx/Licenciatura2025/resultados/4/42104005.html,135,1868,1702,70,135,340633,39,,No seleccionado,,Consultar
2025,4,Licenciatura 2025,421,42104005,PEDAGOGIA,FES ARAGÓN,Escolarizado,https://www.dgae.unam.mx/Licenciatura2025/resultados/4/42104005.html,135,1868,1702,70,135,340634,41,,No seleccionado,,Consultar
2025,4,Licenciatura 2025,421,42104005,PEDAGOGIA,FES ARAGÓN,Escolarizado,https://www.dgae.unam.mx/Licenciatura2025/resultados/4/42104005.html,135,1868,1702,70,135,340636,30,,No seleccionado,,Consultar
2025,4,Licenciatura 2025,421,42104005,PEDAGOGIA,FES ARAGÓN,Escolarizado,https://www.dgae.unam.mx/Licenciatura2025/resultados/4/42104005.html,135,1868,1702,70,135,340638,50,,No seleccionado,,Consultar
2025,4,Licenciatura 2025,421,42104005,PEDAGOGIA,FES ARAGÓN,Escolarizado,https://www.dgae.unam.mx/Licenciatura2025/resultados/4/42104005.html,135,1868,1702,70,135,340642,41,,No seleccionado,,Consultar
2025,4,Licenciatura 2025,421,42104005,PEDAGOGIA,FES ARAGÓN,Escolarizado,https://www.dgae.unam.mx/Licenciatura2025/resultados/4/42104005.html,135,1868,1702,70,135,340649,45,,No seleccionado,,Consultar
2025,4,Licenciatura 2025,421,42104005,PEDAGOGIA,FES ARAGÓN,Escolarizado,https://www.dgae.unam.mx/Licenciatura2025/resultados/4/42104005.html,135,1868,1702,70,135,340651,55,,No seleccionado,,Consultar
2025,4,Licenciatura 2025,421,42104005,PEDAGOGIA,FES ARAGÓN,Escolarizado,https://www.dgae.unam.mx/Licenciatura2025/resultados/4/42104005.html,135,1868,1702,70,135,340652,,N,No presentado,,Consultar
2025,4,Licenciatura 2025,421,42104005,PEDAGOGIA,FES ARAGÓN,Escolarizado,https://www.dgae.unam.mx/Licenciatura2025/resultados/4/42104005.html,135,1868,1702,70,135,340654,42,,No seleccionado,,Consultar
2025,4,Licenciatura 2025,421,42104005,PEDAGOGIA,FES ARAGÓN,Escolarizado,https://www.dgae.unam.mx/Licenciatura2025/resultados/4/42104005.html,135,1868,1702,70,135,340660,45,,No seleccionado,,Consultar
2025,4,Licenciatura 2025,421,42104005,PEDAGOGIA,FES ARAGÓN,Escolarizado,https://www.dgae.unam.mx/Licenciatura2025/resultados/4/42104005.html,135,1868,1702,70,135,340662,46,,No seleccionado,,Consultar
2025,4,Licenciatura 2025,421,42104005,PEDAGOGIA,FES ARAGÓN,Escolarizado,https://www.dgae.unam.mx/Licenciatura2025/resultados/4/42104005.html,135,1868,1702,70,135,340664,39,,No seleccionado,,Consultar
2025,4,Licenciatura 2025,421,42104005,PEDAGOGIA,FES ARAGÓN,Escolarizado,https://www.dgae.unam.mx/Licenciatura2025/resultados/4/42104005.html,135,1868,1702,70,135,340665,37,,No seleccionado,,Consultar
2025,4,Licenciatura 2025,421,42104005,PEDAGOGIA,FES ARAGÓN,Escolarizado,https://www.dgae.unam.mx/Licenciatura2025/resultados/4/42104005.html,135,1868,1702,70,135,340677,38,,No seleccionado,,Consultar
2025,4,Licenciatura 2025,421,42104005,PEDAGOGIA,FES ARAGÓN,Escolarizado,https://www.dgae.unam.mx/Licenciatura2025/resultados/4/42104005.html,135,1868,1702,70,135,340715,29,,No seleccionado,,Consultar
2025,4,Licenciatura 2025,421,42104005,PEDAGOGIA,FES ARAGÓN,Escolarizado,https://www.dgae.unam.mx/Licenciatura2025/resultados/4/42104005.html,135,1868,1702,70,135,340724,68,,No seleccionado,,Consultar
2025,4,Licenciatura 2025,421,42104005,PEDAGOGIA,FES ARAGÓN,Escolarizado,https://www.dgae.unam.mx/Licenciatura2025/resultados/4/42104005.html,135,1868,1702,70,135,340726,44,,No seleccionado,,Consultar
2025,4,Licenciatura 2025,421,42104005,PEDAGOGIA,FES ARAGÓN,Escolarizado,https://www.dgae.unam.mx/Licenciatura2025/resultados/4/42104005.html,135,1868,1702,70,135,340727,28,,No seleccionado,,Consultar
2025,4,Licenciatura 2025,421,42104005,PEDAGOGIA,FES ARAGÓN,Escolarizado,https://www.dgae.unam.mx/Licenciatura2025/resultados/4/42104005.html,135,1868,1702,70,135,340737,,N,No presentado,,Consultar
2025,4,Licenciatura 2025,421,42104005,PEDAGOGIA,FES ARAGÓN,Escolarizado,https://www.dgae.unam.mx/Licenciatura2025/resultados/4/42104005.html,135,1868,1702,70,135,340741,30,,No seleccionado,,Consultar
2025,4,Licenciatura 2025,421,42104005,PEDAGOGIA,FES ARAGÓN,Escolarizado,https://www.dgae.unam.mx/Licenciatura2025/resultados/4/42104005.html,135,1868,1702,70,135,340746,36,,No seleccionado,,Consultar
2025,4,Licenciatura 2025,421,42104005,PEDAGOGIA,FES ARAGÓN,Escolarizado,https://www.dgae.unam.mx/Licenciatura2025/resultados/4/42104005.html,135,1868,1702,70,135,340747,29,,No seleccionado,,Consultar
2025,4,Licenciatura 2025,421,42104005,PEDAGOGIA,FES ARAGÓN,Escolarizado,https://www.dgae.unam.mx/Licenciatura2025/resultados/4/42104005.html,135,1868,1702,70,135,340751,35,,No seleccionado,,Consultar
2025,4,Licenciatura 2025,421,42104005,PEDAGOGIA,FES ARAGÓN,Escolarizado,https://www.dgae.unam.mx/Licenciatura2025/resultados/4/42104005.html,135,1868,1702,70,135,340755,41,,No seleccionado,,Consultar
2025,4,Licenciatura 2025,421,42104005,PEDAGOGIA,FES ARAGÓN,Escolarizado,https://www.dgae.unam.mx/Licenciatura2025/resultados/4/42104005.html,135,1868,1702,70,135,340757,25,,No seleccionado,,Consultar
2025,4,Licenciatura 2025,421,42104005,PEDAGOGIA,FES ARAGÓN,Escolarizado,https://www.dgae.unam.mx/Licenciatura2025/resultados/4/42104005.html,135,1868,1702,70,135,340761,70,S,Seleccionado,Cita para entregar documentación.,Consultar
2025,4,Licenciatura 2025,421,42104005,PEDAGOGIA,FES ARAGÓN,Escolarizado,https://www.dgae.unam.mx/Licenciatura2025/resultados/4/42104005.html,135,1868,1702,70,135,340764,57,,No seleccionado,,Consultar
2025,4,Licenciatura 2025,421,42104005,PEDAGOGIA,FES ARAGÓN,Escolarizado,https://www.dgae.unam.mx/Licenciatura2025/resultados/4/42104005.html,135,1868,1702,70,135,340772,48,,No seleccionado,,Consultar
2025,4,Licenciatura 2025,421,42104005,PEDAGOGIA,FES ARAGÓN,Escolarizado,https://www.dgae.unam.mx/Licenciatura2025/resultados/4/42104005.html,135,1868,1702,70,135,340773,50,,No seleccionado,,Consultar
2025,4,Licenciatura 2025,421,42104005,PEDAGOGIA,FES ARAGÓN,Escolarizado,https://www.dgae.unam.mx/Licenciatura2025/resultados/4/42104005.html,135,1868,1702,70,135,340774,57,,No seleccionado,,Consultar
2025,4,Licenciatura 2025,421,42104005,PEDAGOGIA,FES ARAGÓN,Escolarizado,https://www.dgae.unam.mx/Licenciatura2025/resultados/4/42104005.html,135,1868,1702,70,135,340782,47,,No seleccionado,,Consultar
2025,4,Licenciatura 2025,421,42104005,PEDAGOGIA,FES ARAGÓN,Escolarizado,https://www.dgae.unam.mx/Licenciatura2025/resultados/4/42104005.html,135,1868,1702,70,135,340783,32,,No seleccionado,,Consultar
2025,4,Licenciatura 2025,421,42104005,PEDAGOGIA,FES ARAGÓN,Escolarizado,https://www.dgae.unam.mx/Licenciatura2025/resultados/4/42104005.html,135,1868,1702,70,135,340784,35,,No seleccionado,,Consultar
2025,4,Licenciatura 2025,421,42104005,PEDAGOGIA,FES ARAGÓN,Escolarizado,https://www.dgae.unam.mx/Licenciatura2025/resultados/4/42104005.html,135,1868,1702,70,135,340785,54,,No seleccionado,,Consultar
2025,4,Licenciatura 2025,421,42104005,PEDAGOGIA,FES ARAGÓN,Escolarizado,https://www.dgae.unam.mx/Licenciatura2025/resultados/4/42104005.html,135,1868,1702,70,135,340788,32,,No seleccionado,,Consultar
2025,4,Licenciatura 2025,421,42104005,PEDAGOGIA,FES ARAGÓN,Escolarizado,https://www.dgae.unam.mx/Licenciatura2025/resultados/4/42104005.html,135,1868,1702,70,135,340796,35,,No seleccionado,,Consultar
2025,4,Licenciatura 2025,421,42104005,PEDAGOGIA,FES ARAGÓN,Escolarizado,https://www.dgae.unam.mx/Licenciatura2025/resultados/4/42104005.html,135,1868,1702,70,135,340798,,,No seleccionado,Cita para aclarar situación escolar.,Consultar
2025,4,Licenciatura 2025,421,42104005,PEDAGOGIA,FES ARAGÓN,Escolarizado,https://www.dgae.unam.mx/Licenciatura2025/resultados/4/42104005.html,135,1868,1702,70,135,340812,52,,No seleccionado,,Consultar
2025,4,Licenciatura 2025,421,42104005,PEDAGOGIA,FES ARAGÓN,Escolarizado,https://www.dgae.unam.mx/Licenciatura2025/resultados/4/42104005.html,135,1868,1702,70,135,340813,45,,No seleccionado,,Consultar
2025,4,Licenciatura 2025,421,42104005,PEDAGOGIA,FES ARAGÓN,Escolarizado,https://www.dgae.unam.mx/Licenciatura2025/resultados/4/42104005.html,135,1868,1702,70,135,340814,40,,No seleccionado,,Consultar
2025,4,Licenciatura 2025,421,42104005,PEDAGOGIA,FES ARAGÓN,Escolarizado,https://www.dgae.unam.mx/Licenciatura2025/resultados/4/42104005.html,135,1868,1702,70,135,340816,74,S,Seleccionado,Cita para entregar documentación.,Consultar
2025,4,Licenciatura 2025,421,42104005,PEDAGOGIA,FES ARAGÓN,Escolarizado,https://www.dgae.unam.mx/Licenciatura2025/resultados/4/42104005.html,135,1868,1702,70,135,340826,54,,No seleccionado,,Consultar
2025,4,Licenciatura 2025,421,42104005,PEDAGOGIA,FES ARAGÓN,Escolarizado,https://www.dgae.unam.mx/Licenciatura2025/resultados/4/42104005.html,135,1868,1702,70,135,340827,46,,No seleccionado,,Consultar
2025,4,Licenciatura 2025,421,42104005,PEDAGOGIA,FES ARAGÓN,Escolarizado,https://www.dgae.unam.mx/Licenciatura2025/resultados/4/42104005.html,135,1868,1702,70,135,340828,,N,No presentado,,Consultar
2025,4,Licenciatura 2025,421,42104005,PEDAGOGIA,FES ARAGÓN,Escolarizado,https://www.dgae.unam.mx/Licenciatura2025/resultados/4/42104005.html,135,1868,1702,70,135,340830,,N,No presentado,,Consultar
2025,4,Licenciatura 2025,421,42104005,PEDAGOGIA,FES ARAGÓN,Escolarizado,https://www.dgae.unam.mx/Licenciatura2025/resultados/4/42104005.html,135,1868,1702,70,135,340831,37,,No seleccionado,,Consultar
2025,4,Licenciatura 2025,421,42104005,PEDAGOGIA,FES ARAGÓN,Escolarizado,https://www.dgae.unam.mx/Licenciatura2025/resultados/4/42104005.html,135,1868,1702,70,135,340833,45,,No seleccionado,,Consultar
2025,4,Licenciatura 2025,421,42104005,PEDAGOGIA,FES ARAGÓN,Escolarizado,https://www.dgae.unam.mx/Licenciatura2025/resultados/4/42104005.html,135,1868,1702,70,135,340836,40,,No seleccionado,,Consultar
2025,4,Licenciatura 2025,421,42104005,PEDAGOGIA,FES ARAGÓN,Escolarizado,https://www.dgae.unam.mx/Licenciatura2025/resultados/4/42104005.html,135,1868,1702,70,135,340837,38,,No seleccionado,,Consultar
2025,4,Licenciatura 2025,421,42104005,PEDAGOGIA,FES ARAGÓN,Escolarizado,https://www.dgae.unam.mx/Licenciatura2025/resultados/4/42104005.html,135,1868,1702,70,135,340841,56,,No seleccionado,,Consultar
2025,4,Licenciatura 2025,421,42104005,PEDAGOGIA,FES ARAGÓN,Escolarizado,https://www.dgae.unam.mx/Licenciatura2025/resultados/4/42104005.html,135,1868,1702,70,135,340843,58,,No seleccionado,,Consultar
2025,4,Licenciatura 2025,421,42104005,PEDAGOGIA,FES ARAGÓN,Escolarizado,https://www.dgae.unam.mx/Licenciatura2025/resultados/4/42104005.html,135,1868,1702,70,135,340847,30,,No seleccionado,,Consultar
2025,4,Licenciatura 2025,421,42104005,PEDAGOGIA,FES ARAGÓN,Escolarizado,https://www.dgae.unam.mx/Licenciatura2025/resultados/4/42104005.html,135,1868,1702,70,135,340848,44,,No seleccionado,,Consultar
2025,4,Licenciatura 2025,421,42104005,PEDAGOGIA,FES ARAGÓN,Escolarizado,https://www.dgae.unam.mx/Licenciatura2025/resultados/4/42104005.html,135,1868,1702,70,135,340849,43,,No seleccionado,,Consultar
2025,4,Licenciatura 2025,421,42104005,PEDAGOGIA,FES ARAGÓN,Escolarizado,https://www.dgae.unam.mx/Licenciatura2025/resultados/4/42104005.html,135,1868,1702,70,135,340850,65,,No seleccionado,,Consultar
2025,4,Licenciatura 2025,421,42104005,PEDAGOGIA,FES ARAGÓN,Escolarizado,https://www.dgae.unam.mx/Licenciatura2025/resultados/4/42104005.html,135,1868,1702,70,135,340852,64,,No seleccionado,,Consultar
2025,4,Licenciatura 2025,421,42104005,PEDAGOGIA,FES ARAGÓN,Escolarizado,https://www.dgae.unam.mx/Licenciatura2025/resultados/4/42104005.html,135,1868,1702,70,135,340854,71,S,Seleccionado,Cita para entregar documentación.,Consultar
2025,4,Licenciatura 2025,421,42104005,PEDAGOGIA,FES ARAGÓN,Escolarizado,https://www.dgae.unam.mx/Licenciatura2025/resultados/4/42104005.html,135,1868,1702,70,135,340855,38,,No seleccionado,,Consultar
2025,4,Licenciatura 2025,421,42104005,PEDAGOGIA,FES ARAGÓN,Escolarizado,https://www.dgae.unam.mx/Licenciatura2025/resultados/4/42104005.html,135,1868,1702,70,135,340856,41,,No seleccionado,,Consultar
2025,4,Licenciatura 2025,421,42104005,PEDAGOGIA,FES ARAGÓN,Escolarizado,https://www.dgae.unam.mx/Licenciatura2025/resultados/4/42104005.html,135,1868,1702,70,135,340857,47,,No seleccionado,,Consultar
2025,4,Licenciatura 2025,421,42104005,PEDAGOGIA,FES ARAGÓN,Escolarizado,https://www.dgae.unam.mx/Licenciatura2025/resultados/4/42104005.html,135,1868,1702,70,135,340860,72,S,Seleccionado,Cita para entregar documentación.,Consultar
2025,4,Licenciatura 2025,421,42104005,PEDAGOGIA,FES ARAGÓN,Escolarizado,https://www.dgae.unam.mx/Licenciatura2025/resultados/4/42104005.html,135,1868,1702,70,135,340861,46,,No seleccionado,,Consultar
2025,4,Licenciatura 2025,421,42104005,PEDAGOGIA,FES ARAGÓN,Escolarizado,https://www.dgae.unam.mx/Licenciatura2025/resultados/4/42104005.html,135,1868,1702,70,135,340863,32,,No seleccionado,,Consultar
2025,4,Licenciatura 2025,421,42104005,PEDAGOGIA,FES ARAGÓN,Escolarizado,https://www.dgae.unam.mx/Licenciatura2025/resultados/4/42104005.html,135,1868,1702,70,135,340866,38,,No seleccionado,,Consultar
2025,4,Licenciatura 2025,421,42104005,PEDAGOGIA,FES ARAGÓN,Escolarizado,https://www.dgae.unam.mx/Licenciatura2025/resultados/4/42104005.html,135,1868,1702,70,135,340868,57,,No seleccionado,,Consultar
2025,4,Licenciatura 2025,421,42104005,PEDAGOGIA,FES ARAGÓN,Escolarizado,https://www.dgae.unam.mx/Licenciatura2025/resultados/4/42104005.html,135,1868,1702,70,135,340870,54,,No seleccionado,,Consultar
2025,4,Licenciatura 2025,421,42104005,PEDAGOGIA,FES ARAGÓN,Escolarizado,https://www.dgae.unam.mx/Licenciatura2025/resultados/4/42104005.html,135,1868,1702,70,135,340875,36,,No seleccionado,,Consultar
2025,4,Licenciatura 2025,421,42104005,PEDAGOGIA,FES ARAGÓN,Escolarizado,https://www.dgae.unam.mx/Licenciatura2025/resultados/4/42104005.html,135,1868,1702,70,135,340878,38,,No seleccionado,,Consultar
2025,4,Licenciatura 2025,421,42104005,PEDAGOGIA,FES ARAGÓN,Escolarizado,https://www.dgae.unam.mx/Licenciatura2025/resultados/4/42104005.html,135,1868,1702,70,135,340882,31,,No seleccionado,,Consultar
2025,4,Licenciatura 2025,421,42104005,PEDAGOGIA,FES ARAGÓN,Escolarizado,https://www.dgae.unam.mx/Licenciatura2025/resultados/4/42104005.html,135,1868,1702,70,135,340884,61,,No seleccionado,,Consultar
2025,4,Licenciatura 2025,421,42104005,PEDAGOGIA,FES ARAGÓN,Escolarizado,https://www.dgae.unam.mx/Licenciatura2025/resultados/4/42104005.html,135,1868,1702,70,135,340885,35,,No seleccionado,,Consultar
2025,4,Licenciatura 2025,421,42104005,PEDAGOGIA,FES ARAGÓN,Escolarizado,https://www.dgae.unam.mx/Licenciatura2025/resultados/4/42104005.html,135,1868,1702,70,135,340888,49,,No seleccionado,,Consultar
2025,4,Licenciatura 2025,421,42104005,PEDAGOGIA,FES ARAGÓN,Escolarizado,https://www.dgae.unam.mx/Licenciatura2025/resultados/4/42104005.html,135,1868,1702,70,135,340895,,N,No presentado,,Consultar
2025,4,Licenciatura 2025,421,42104005,PEDAGOGIA,FES ARAGÓN,Escolarizado,https://www.dgae.unam.mx/Licenciatura2025/resultados/4/42104005.html,135,1868,1702,70,135,340896,52,,No seleccionado,,Consultar
2025,4,Licenciatura 2025,421,42104005,PEDAGOGIA,FES ARAGÓN,Escolarizado,https://www.dgae.unam.mx/Licenciatura2025/resultados/4/42104005.html,135,1868,1702,70,135,340903,48,,No seleccionado,,Consultar
2025,4,Licenciatura 2025,421,42104005,PEDAGOGIA,FES ARAGÓN,Escolarizado,https://www.dgae.unam.mx/Licenciatura2025/resultados/4/42104005.html,135,1868,1702,70,135,340905,94,S,Seleccionado,Cita para entregar documentación.,Consultar
2025,4,Licenciatura 2025,421,42104005,PEDAGOGIA,FES ARAGÓN,Escolarizado,https://www.dgae.unam.mx/Licenciatura2025/resultados/4/42104005.html,135,1868,1702,70,135,340908,44,,No seleccionado,,Consultar
2025,4,Licenciatura 2025,421,42104005,PEDAGOGIA,FES ARAGÓN,Escolarizado,https://www.dgae.unam.mx/Licenciatura2025/resultados/4/42104005.html,135,1868,1702,70,135,340909,58,,No seleccionado,,Consultar
2025,4,Licenciatura 2025,421,42104005,PEDAGOGIA,FES ARAGÓN,Escolarizado,https://www.dgae.unam.mx/Licenciatura2025/resultados/4/42104005.html,135,1868,1702,70,135,340911,33,,No seleccionado,,Consultar
2025,4,Licenciatura 2025,421,42104005,PEDAGOGIA,FES ARAGÓN,Escolarizado,https://www.dgae.unam.mx/Licenciatura2025/resultados/4/42104005.html,135,1868,1702,70,135,340913,39,,No seleccionado,,Consultar
2025,4,Licenciatura 2025,421,42104005,PEDAGOGIA,FES ARAGÓN,Escolarizado,https://www.dgae.unam.mx/Licenciatura2025/resultados/4/42104005.html,135,1868,1702,70,135,340916,35,,No seleccionado,,Consultar
2025,4,Licenciatura 2025,421,42104005,PEDAGOGIA,FES ARAGÓN,Escolarizado,https://www.dgae.unam.mx/Licenciatura2025/resultados/4/42104005.html,135,1868,1702,70,135,340917,42,,No seleccionado,,Consultar
2025,4,Licenciatura 2025,421,42104005,PEDAGOGIA,FES ARAGÓN,Escolarizado,https://www.dgae.unam.mx/Licenciatura2025/resultados/4/42104005.html,135,1868,1702,70,135,340919,41,,No seleccionado,,Consultar
2025,4,Licenciatura 2025,421,42104005,PEDAGOGIA,FES ARAGÓN,Escolarizado,https://www.dgae.unam.mx/Licenciatura2025/resultados/4/42104005.html,135,1868,1702,70,135,340925,42,,No seleccionado,,Consultar
2025,4,Licenciatura 2025,421,42104005,PEDAGOGIA,FES ARAGÓN,Escolarizado,https://www.dgae.unam.mx/Licenciatura2025/resultados/4/42104005.html,135,1868,1702,70,135,340927,63,,No seleccionado,,Consultar
2025,4,Licenciatura 2025,421,42104005,PEDAGOGIA,FES ARAGÓN,Escolarizado,https://www.dgae.unam.mx/Licenciatura2025/resultados/4/42104005.html,135,1868,1702,70,135,340933,68,,No seleccionado,,Consultar
2025,4,Licenciatura 2025,421,42104005,PEDAGOGIA,FES ARAGÓN,Escolarizado,https://www.dgae.unam.mx/Licenciatura2025/resultados/4/42104005.html,135,1868,1702,70,135,340935,41,,No seleccionado,,Consultar
2025,4,Licenciatura 2025,421,42104005,PEDAGOGIA,FES ARAGÓN,Escolarizado,https://www.dgae.unam.mx/Licenciatura2025/resultados/4/42104005.html,135,1868,1702,70,135,340937,48,,No seleccionado,,Consultar
2025,4,Licenciatura 2025,421,42104005,PEDAGOGIA,FES ARAGÓN,Escolarizado,https://www.dgae.unam.mx/Licenciatura2025/resultados/4/42104005.html,135,1868,1702,70,135,340940,49,,No seleccionado,,Consultar
2025,4,Licenciatura 2025,421,42104005,PEDAGOGIA,FES ARAGÓN,Escolarizado,https://www.dgae.unam.mx/Licenciatura2025/resultados/4/42104005.html,135,1868,1702,70,135,340942,63,,No seleccionado,,Consultar
2025,4,Licenciatura 2025,421,42104005,PEDAGOGIA,FES ARAGÓN,Escolarizado,https://www.dgae.unam.mx/Licenciatura2025/resultados/4/42104005.html,135,1868,1702,70,135,340944,52,,No seleccionado,,Consultar
2025,4,Licenciatura 2025,421,42104005,PEDAGOGIA,FES ARAGÓN,Escolarizado,https://www.dgae.unam.mx/Licenciatura2025/resultados/4/42104005.html,135,1868,1702,70,135,340946,41,,No seleccionado,,Consultar
2025,4,Licenciatura 2025,421,42104005,PEDAGOGIA,FES ARAGÓN,Escolarizado,https://www.dgae.unam.mx/Licenciatura2025/resultados/4/42104005.html,135,1868,1702,70,135,340947,68,,No seleccionado,,Consultar
2025,4,Licenciatura 2025,421,42104005,PEDAGOGIA,FES ARAGÓN,Escolarizado,https://www.dgae.unam.mx/Licenciatura2025/resultados/4/42104005.html,135,1868,1702,70,135,340949,44,,No seleccionado,,Consultar
2025,4,Licenciatura 2025,421,42104005,PEDAGOGIA,FES ARAGÓN,Escolarizado,https://www.dgae.unam.mx/Licenciatura2025/resultados/4/42104005.html,135,1868,1702,70,135,340956,53,,No seleccionado,,Consultar
2025,4,Licenciatura 2025,421,42104005,PEDAGOGIA,FES ARAGÓN,Escolarizado,https://www.dgae.unam.mx/Licenciatura2025/resultados/4/42104005.html,135,1868,1702,70,135,340959,35,,No seleccionado,,Consultar
2025,4,Licenciatura 2025,421,42104005,PEDAGOGIA,FES ARAGÓN,Escolarizado,https://www.dgae.unam.mx/Licenciatura2025/resultados/4/42104005.html,135,1868,1702,70,135,340961,37,,No seleccionado,,Consultar
2025,4,Licenciatura 2025,421,42104005,PEDAGOGIA,FES ARAGÓN,Escolarizado,https://www.dgae.unam.mx/Licenciatura2025/resultados/4/42104005.html,135,1868,1702,70,135,340966,,N,No presentado,,Consultar
2025,4,Licenciatura 2025,421,42104005,PEDAGOGIA,FES ARAGÓN,Escolarizado,https://www.dgae.unam.mx/Licenciatura2025/resultados/4/42104005.html,135,1868,1702,70,135,340968,40,,No seleccionado,,Consultar
2025,4,Licenciatura 2025,421,42104005,PEDAGOGIA,FES ARAGÓN,Escolarizado,https://www.dgae.unam.mx/Licenciatura2025/resultados/4/42104005.html,135,1868,1702,70,135,340969,44,,No seleccionado,,Consultar
2025,4,Licenciatura 2025,421,42104005,PEDAGOGIA,FES ARAGÓN,Escolarizado,https://www.dgae.unam.mx/Licenciatura2025/resultados/4/42104005.html,135,1868,1702,70,135,340975,47,,No seleccionado,,Consultar
2025,4,Licenciatura 2025,421,42104005,PEDAGOGIA,FES ARAGÓN,Escolarizado,https://www.dgae.unam.mx/Licenciatura2025/resultados/4/42104005.html,135,1868,1702,70,135,340976,30,,No seleccionado,,Consultar
2025,4,Licenciatura 2025,421,42104005,PEDAGOGIA,FES ARAGÓN,Escolarizado,https://www.dgae.unam.mx/Licenciatura2025/resultados/4/42104005.html,135,1868,1702,70,135,340978,45,,No seleccionado,,Consultar
2025,4,Licenciatura 2025,421,42104005,PEDAGOGIA,FES ARAGÓN,Escolarizado,https://www.dgae.unam.mx/Licenciatura2025/resultados/4/42104005.html,135,1868,1702,70,135,340979,59,,No seleccionado,,Consultar
2025,4,Licenciatura 2025,421,42104005,PEDAGOGIA,FES ARAGÓN,Escolarizado,https://www.dgae.unam.mx/Licenciatura2025/resultados/4/42104005.html,135,1868,1702,70,135,340990,38,,No seleccionado,,Consultar
2025,4,Licenciatura 2025,421,42104005,PEDAGOGIA,FES ARAGÓN,Escolarizado,https://www.dgae.unam.mx/Licenciatura2025/resultados/4/42104005.html,135,1868,1702,70,135,340993,60,,No seleccionado,,Consultar
2025,4,Licenciatura 2025,421,42104005,PEDAGOGIA,FES ARAGÓN,Escolarizado,https://www.dgae.unam.mx/Licenciatura2025/resultados/4/42104005.html,135,1868,1702,70,135,340996,35,,No seleccionado,,Consultar
2025,4,Licenciatura 2025,421,42104005,PEDAGOGIA,FES ARAGÓN,Escolarizado,https://www.dgae.unam.mx/Licenciatura2025/resultados/4/42104005.html,135,1868,1702,70,135,340998,57,,No seleccionado,,Consultar
2025,4,Licenciatura 2025,421,42104005,PEDAGOGIA,FES ARAGÓN,Escolarizado,https://www.dgae.unam.mx/Licenciatura2025/resultados/4/42104005.html,135,1868,1702,70,135,341000,74,S,Seleccionado,Cita para entregar documentación.,Consultar
2025,4,Licenciatura 2025,421,42104005,PEDAGOGIA,FES ARAGÓN,Escolarizado,https://www.dgae.unam.mx/Licenciatura2025/resultados/4/42104005.html,135,1868,1702,70,135,341001,50,,No seleccionado,,Consultar
2025,4,Licenciatura 2025,421,42104005,PEDAGOGIA,FES ARAGÓN,Escolarizado,https://www.dgae.unam.mx/Licenciatura2025/resultados/4/42104005.html,135,1868,1702,70,135,341002,36,,No seleccionado,,Consultar
2025,4,Licenciatura 2025,421,42104005,PEDAGOGIA,FES ARAGÓN,Escolarizado,https://www.dgae.unam.mx/Licenciatura2025/resultados/4/42104005.html,135,1868,1702,70,135,341013,51,,No seleccionado,,Consultar
2025,4,Licenciatura 2025,421,42104005,PEDAGOGIA,FES ARAGÓN,Escolarizado,https://www.dgae.unam.mx/Licenciatura2025/resultados/4/42104005.html,135,1868,1702,70,135,341016,48,,No seleccionado,,Consultar
2025,4,Licenciatura 2025,421,42104005,PEDAGOGIA,FES ARAGÓN,Escolarizado,https://www.dgae.unam.mx/Licenciatura2025/resultados/4/42104005.html,135,1868,1702,70,135,341018,54,,No seleccionado,,Consultar
2025,4,Licenciatura 2025,421,42104005,PEDAGOGIA,FES ARAGÓN,Escolarizado,https://www.dgae.unam.mx/Licenciatura2025/resultados/4/42104005.html,135,1868,1702,70,135,341019,46,,No seleccionado,,Consultar
2025,4,Licenciatura 2025,421,42104005,PEDAGOGIA,FES ARAGÓN,Escolarizado,https://www.dgae.unam.mx/Licenciatura2025/resultados/4/42104005.html,135,1868,1702,70,135,341025,31,,No seleccionado,,Consultar
2025,4,Licenciatura 2025,421,42104005,PEDAGOGIA,FES ARAGÓN,Escolarizado,https://www.dgae.unam.mx/Licenciatura2025/resultados/4/42104005.html,135,1868,1702,70,135,341026,76,S,Seleccionado,Cita para entregar documentación.,Consultar
2025,4,Licenciatura 2025,421,42104005,PEDAGOGIA,FES ARAGÓN,Escolarizado,https://www.dgae.unam.mx/Licenciatura2025/resultados/4/42104005.html,135,1868,1702,70,135,341028,101,S,Seleccionado,,Consultar
2025,4,Licenciatura 2025,421,42104005,PEDAGOGIA,FES ARAGÓN,Escolarizado,https://www.dgae.unam.mx/Licenciatura2025/resultados/4/42104005.html,135,1868,1702,70,135,341029,40,,No seleccionado,,Consultar
2025,4,Licenciatura 2025,421,42104005,PEDAGOGIA,FES ARAGÓN,Escolarizado,https://www.dgae.unam.mx/Licenciatura2025/resultados/4/42104005.html,135,1868,1702,70,135,341034,52,,No seleccionado,,Consultar
2025,4,Licenciatura 2025,421,42104005,PEDAGOGIA,FES ARAGÓN,Escolarizado,https://www.dgae.unam.mx/Licenciatura2025/resultados/4/42104005.html,135,1868,1702,70,135,341035,40,,No seleccionado,,Consultar
2025,4,Licenciatura 2025,421,42104005,PEDAGOGIA,FES ARAGÓN,Escolarizado,https://www.dgae.unam.mx/Licenciatura2025/resultados/4/42104005.html,135,1868,1702,70,135,341040,104,S,Seleccionado,,Consultar
2025,4,Licenciatura 2025,421,42104005,PEDAGOGIA,FES ARAGÓN,Escolarizado,https://www.dgae.unam.mx/Licenciatura2025/resultados/4/42104005.html,135,1868,1702,70,135,341041,45,,No seleccionado,,Consultar
2025,4,Licenciatura 2025,421,42104005,PEDAGOGIA,FES ARAGÓN,Escolarizado,https://www.dgae.unam.mx/Licenciatura2025/resultados/4/42104005.html,135,1868,1702,70,135,341042,47,,No seleccionado,,Consultar
2025,4,Licenciatura 2025,421,42104005,PEDAGOGIA,FES ARAGÓN,Escolarizado,https://www.dgae.unam.mx/Licenciatura2025/resultados/4/42104005.html,135,1868,1702,70,135,341054,38,,No seleccionado,,Consultar
2025,4,Licenciatura 2025,421,42104005,PEDAGOGIA,FES ARAGÓN,Escolarizado,https://www.dgae.unam.mx/Licenciatura2025/resultados/4/42104005.html,135,1868,1702,70,135,341061,52,,No seleccionado,,Consultar
2025,4,Licenciatura 2025,421,42104005,PEDAGOGIA,FES ARAGÓN,Escolarizado,https://www.dgae.unam.mx/Licenciatura2025/resultados/4/42104005.html,135,1868,1702,70,135,341063,54,,No seleccionado,,Consultar
2025,4,Licenciatura 2025,421,42104005,PEDAGOGIA,FES ARAGÓN,Escolarizado,https://www.dgae.unam.mx/Licenciatura2025/resultados/4/42104005.html,135,1868,1702,70,135,341069,43,,No seleccionado,,Consultar
2025,4,Licenciatura 2025,421,42104005,PEDAGOGIA,FES ARAGÓN,Escolarizado,https://www.dgae.unam.mx/Licenciatura2025/resultados/4/42104005.html,135,1868,1702,70,135,341070,39,,No seleccionado,,Consultar
2025,4,Licenciatura 2025,421,42104005,PEDAGOGIA,FES ARAGÓN,Escolarizado,https://www.dgae.unam.mx/Licenciatura2025/resultados/4/42104005.html,135,1868,1702,70,135,341072,37,,No seleccionado,,Consultar
2025,4,Licenciatura 2025,421,42104005,PEDAGOGIA,FES ARAGÓN,Escolarizado,https://www.dgae.unam.mx/Licenciatura2025/resultados/4/42104005.html,135,1868,1702,70,135,341074,54,,No seleccionado,,Consultar
2025,4,Licenciatura 2025,421,42104005,PEDAGOGIA,FES ARAGÓN,Escolarizado,https://www.dgae.unam.mx/Licenciatura2025/resultados/4/42104005.html,135,1868,1702,70,135,341075,42,,No seleccionado,,Consultar
2025,4,Licenciatura 2025,421,42104005,PEDAGOGIA,FES ARAGÓN,Escolarizado,https://www.dgae.unam.mx/Licenciatura2025/resultados/4/42104005.html,135,1868,1702,70,135,341077,45,,No seleccionado,,Consultar
2025,4,Licenciatura 2025,421,42104005,PEDAGOGIA,FES ARAGÓN,Escolarizado,https://www.dgae.unam.mx/Licenciatura2025/resultados/4/42104005.html,135,1868,1702,70,135,341080,37,,No seleccionado,,Consultar
2025,4,Licenciatura 2025,421,42104005,PEDAGOGIA,FES ARAGÓN,Escolarizado,https://www.dgae.unam.mx/Licenciatura2025/resultados/4/42104005.html,135,1868,1702,70,135,341082,33,,No seleccionado,,Consultar
2025,4,Licenciatura 2025,421,42104005,PEDAGOGIA,FES ARAGÓN,Escolarizado,https://www.dgae.unam.mx/Licenciatura2025/resultados/4/42104005.html,135,1868,1702,70,135,341085,49,,No seleccionado,,Consultar
2025,4,Licenciatura 2025,421,42104005,PEDAGOGIA,FES ARAGÓN,Escolarizado,https://www.dgae.unam.mx/Licenciatura2025/resultados/4/42104005.html,135,1868,1702,70,135,341087,73,S,Seleccionado,Cita para entregar documentación.,Consultar
2025,4,Licenciatura 2025,421,42104005,PEDAGOGIA,FES ARAGÓN,Escolarizado,https://www.dgae.unam.mx/Licenciatura2025/resultados/4/42104005.html,135,1868,1702,70,135,341089,42,,No seleccionado,,Consultar
2025,4,Licenciatura 2025,421,42104005,PEDAGOGIA,FES ARAGÓN,Escolarizado,https://www.dgae.unam.mx/Licenciatura2025/resultados/4/42104005.html,135,1868,1702,70,135,341091,,,No seleccionado,Cita para aclarar situación escolar.,Consultar
2025,4,Licenciatura 2025,421,42104005,PEDAGOGIA,FES ARAGÓN,Escolarizado,https://www.dgae.unam.mx/Licenciatura2025/resultados/4/42104005.html,135,1868,1702,70,135,341092,69,,No seleccionado,,Consultar
2025,4,Licenciatura 2025,421,42104005,PEDAGOGIA,FES ARAGÓN,Escolarizado,https://www.dgae.unam.mx/Licenciatura2025/resultados/4/42104005.html,135,1868,1702,70,135,341093,,,No seleccionado,Cita para aclarar situación escolar.,Consultar
2025,4,Licenciatura 2025,421,42104005,PEDAGOGIA,FES ARAGÓN,Escolarizado,https://www.dgae.unam.mx/Licenciatura2025/resultados/4/42104005.html,135,1868,1702,70,135,341099,33,,No seleccionado,,Consultar
2025,4,Licenciatura 2025,421,42104005,PEDAGOGIA,FES ARAGÓN,Escolarizado,https://www.dgae.unam.mx/Licenciatura2025/resultados/4/42104005.html,135,1868,1702,70,135,341100,40,,No seleccionado,,Consultar
2025,4,Licenciatura 2025,421,42104005,PEDAGOGIA,FES ARAGÓN,Escolarizado,https://www.dgae.unam.mx/Licenciatura2025/resultados/4/42104005.html,135,1868,1702,70,135,341102,37,,No seleccionado,,Consultar
2025,4,Licenciatura 2025,421,42104005,PEDAGOGIA,FES ARAGÓN,Escolarizado,https://www.dgae.unam.mx/Licenciatura2025/resultados/4/42104005.html,135,1868,1702,70,135,341103,40,,No seleccionado,,Consultar
2025,4,Licenciatura 2025,421,42104005,PEDAGOGIA,FES ARAGÓN,Escolarizado,https://www.dgae.unam.mx/Licenciatura2025/resultados/4/42104005.html,135,1868,1702,70,135,341106,31,,No seleccionado,,Consultar
2025,4,Licenciatura 2025,421,42104005,PEDAGOGIA,FES ARAGÓN,Escolarizado,https://www.dgae.unam.mx/Licenciatura2025/resultados/4/42104005.html,135,1868,1702,70,135,341109,50,,No seleccionado,,Consultar
2025,4,Licenciatura 2025,421,42104005,PEDAGOGIA,FES ARAGÓN,Escolarizado,https://www.dgae.unam.mx/Licenciatura2025/resultados/4/42104005.html,135,1868,1702,70,135,341111,30,,No seleccionado,,Consultar
2025,4,Licenciatura 2025,421,42104005,PEDAGOGIA,FES ARAGÓN,Escolarizado,https://www.dgae.unam.mx/Licenciatura2025/resultados/4/42104005.html,135,1868,1702,70,135,341113,87,S,Seleccionado,Cita para entregar documentación.,Consultar
2025,4,Licenciatura 2025,421,42104005,PEDAGOGIA,FES ARAGÓN,Escolarizado,https://www.dgae.unam.mx/Licenciatura2025/resultados/4/42104005.html,135,1868,1702,70,135,341117,40,,No seleccionado,,Consultar
2025,4,Licenciatura 2025,421,42104005,PEDAGOGIA,FES ARAGÓN,Escolarizado,https://www.dgae.unam.mx/Licenciatura2025/resultados/4/42104005.html,135,1868,1702,70,135,341118,,N,No presentado,,Consultar
2025,4,Licenciatura 2025,421,42104005,PEDAGOGIA,FES ARAGÓN,Escolarizado,https://www.dgae.unam.mx/Licenciatura2025/resultados/4/42104005.html,135,1868,1702,70,135,341123,31,,No seleccionado,,Consultar
2025,4,Licenciatura 2025,421,42104005,PEDAGOGIA,FES ARAGÓN,Escolarizado,https://www.dgae.unam.mx/Licenciatura2025/resultados/4/42104005.html,135,1868,1702,70,135,341125,65,,No seleccionado,,Consultar
2025,4,Licenciatura 2025,421,42104005,PEDAGOGIA,FES ARAGÓN,Escolarizado,https://www.dgae.unam.mx/Licenciatura2025/resultados/4/42104005.html,135,1868,1702,70,135,341128,38,,No seleccionado,,Consultar
2025,4,Licenciatura 2025,421,42104005,PEDAGOGIA,FES ARAGÓN,Escolarizado,https://www.dgae.unam.mx/Licenciatura2025/resultados/4/42104005.html,135,1868,1702,70,135,341130,33,,No seleccionado,,Consultar
2025,4,Licenciatura 2025,421,42104005,PEDAGOGIA,FES ARAGÓN,Escolarizado,https://www.dgae.unam.mx/Licenciatura2025/resultados/4/42104005.html,135,1868,1702,70,135,341131,88,S,Seleccionado,Cita para entregar documentación.,Consultar
2025,4,Licenciatura 2025,421,42104005,PEDAGOGIA,FES ARAGÓN,Escolarizado,https://www.dgae.unam.mx/Licenciatura2025/resultados/4/42104005.html,135,1868,1702,70,135,341132,39,,No seleccionado,,Consultar
2025,4,Licenciatura 2025,421,42104005,PEDAGOGIA,FES ARAGÓN,Escolarizado,https://www.dgae.unam.mx/Licenciatura2025/resultados/4/42104005.html,135,1868,1702,70,135,341133,89,S,Seleccionado,Cita para entregar documentación.,Consultar
2025,4,Licenciatura 2025,421,42104005,PEDAGOGIA,FES ARAGÓN,Escolarizado,https://www.dgae.unam.mx/Licenciatura2025/resultados/4/42104005.html,135,1868,1702,70,135,341136,41,,No seleccionado,,Consultar
2025,4,Licenciatura 2025,421,42104005,PEDAGOGIA,FES ARAGÓN,Escolarizado,https://www.dgae.unam.mx/Licenciatura2025/resultados/4/42104005.html,135,1868,1702,70,135,341139,68,,No seleccionado,,Consultar
2025,4,Licenciatura 2025,421,42104005,PEDAGOGIA,FES ARAGÓN,Escolarizado,https://www.dgae.unam.mx/Licenciatura2025/resultados/4/42104005.html,135,1868,1702,70,135,341140,115,S,Seleccionado,Cita para entregar documentación.,Consultar
2025,4,Licenciatura 2025,421,42104005,PEDAGOGIA,FES ARAGÓN,Escolarizado,https://www.dgae.unam.mx/Licenciatura2025/resultados/4/42104005.html,135,1868,1702,70,135,341143,31,,No seleccionado,,Consultar
2025,4,Licenciatura 2025,421,42104005,PEDAGOGIA,FES ARAGÓN,Escolarizado,https://www.dgae.unam.mx/Licenciatura2025/resultados/4/42104005.html,135,1868,1702,70,135,341145,44,,No seleccionado,,Consultar
2025,4,Licenciatura 2025,421,42104005,PEDAGOGIA,FES ARAGÓN,Escolarizado,https://www.dgae.unam.mx/Licenciatura2025/resultados/4/42104005.html,135,1868,1702,70,135,341147,25,,No seleccionado,,Consultar
2025,4,Licenciatura 2025,421,42104005,PEDAGOGIA,FES ARAGÓN,Escolarizado,https://www.dgae.unam.mx/Licenciatura2025/resultados/4/42104005.html,135,1868,1702,70,135,341148,,N,No presentado,,Consultar
2025,4,Licenciatura 2025,421,42104005,PEDAGOGIA,FES ARAGÓN,Escolarizado,https://www.dgae.unam.mx/Licenciatura2025/resultados/4/42104005.html,135,1868,1702,70,135,341150,60,,No seleccionado,,Consultar
2025,4,Licenciatura 2025,421,42104005,PEDAGOGIA,FES ARAGÓN,Escolarizado,https://www.dgae.unam.mx/Licenciatura2025/resultados/4/42104005.html,135,1868,1702,70,135,341152,42,,No seleccionado,,Consultar
2025,4,Licenciatura 2025,421,42104005,PEDAGOGIA,FES ARAGÓN,Escolarizado,https://www.dgae.unam.mx/Licenciatura2025/resultados/4/42104005.html,135,1868,1702,70,135,341157,70,S,Seleccionado,,Consultar
2025,4,Licenciatura 2025,421,42104005,PEDAGOGIA,FES ARAGÓN,Escolarizado,https://www.dgae.unam.mx/Licenciatura2025/resultados/4/42104005.html,135,1868,1702,70,135,341159,71,S,Seleccionado,Cita para entregar documentación.,Consultar
2025,4,Licenciatura 2025,421,42104005,PEDAGOGIA,FES ARAGÓN,Escolarizado,https://www.dgae.unam.mx/Licenciatura2025/resultados/4/42104005.html,135,1868,1702,70,135,341163,71,S,Seleccionado,Cita para entregar documentación.,Consultar
2025,4,Licenciatura 2025,421,42104005,PEDAGOGIA,FES ARAGÓN,Escolarizado,https://www.dgae.unam.mx/Licenciatura2025/resultados/4/42104005.html,135,1868,1702,70,135,341164,52,,No seleccionado,,Consultar
2025,4,Licenciatura 2025,421,42104005,PEDAGOGIA,FES ARAGÓN,Escolarizado,https://www.dgae.unam.mx/Licenciatura2025/resultados/4/42104005.html,135,1868,1702,70,135,341165,49,,No seleccionado,,Consultar
2025,4,Licenciatura 2025,421,42104005,PEDAGOGIA,FES ARAGÓN,Escolarizado,https://www.dgae.unam.mx/Licenciatura2025/resultados/4/42104005.html,135,1868,1702,70,135,341167,51,,No seleccionado,,Consultar
2025,4,Licenciatura 2025,421,42104005,PEDAGOGIA,FES ARAGÓN,Escolarizado,https://www.dgae.unam.mx/Licenciatura2025/resultados/4/42104005.html,135,1868,1702,70,135,341168,49,,No seleccionado,,Consultar
2025,4,Licenciatura 2025,421,42104005,PEDAGOGIA,FES ARAGÓN,Escolarizado,https://www.dgae.unam.mx/Licenciatura2025/resultados/4/42104005.html,135,1868,1702,70,135,341170,49,,No seleccionado,,Consultar
2025,4,Licenciatura 2025,421,42104005,PEDAGOGIA,FES ARAGÓN,Escolarizado,https://www.dgae.unam.mx/Licenciatura2025/resultados/4/42104005.html,135,1868,1702,70,135,341171,48,,No seleccionado,,Consultar
2025,4,Licenciatura 2025,421,42104005,PEDAGOGIA,FES ARAGÓN,Escolarizado,https://www.dgae.unam.mx/Licenciatura2025/resultados/4/42104005.html,135,1868,1702,70,135,341172,56,,No seleccionado,,Consultar
2025,4,Licenciatura 2025,421,42104005,PEDAGOGIA,FES ARAGÓN,Escolarizado,https://www.dgae.unam.mx/Licenciatura2025/resultados/4/42104005.html,135,1868,1702,70,135,341173,44,,No seleccionado,,Consultar
2025,4,Licenciatura 2025,421,42104005,PEDAGOGIA,FES ARAGÓN,Escolarizado,https://www.dgae.unam.mx/Licenciatura2025/resultados/4/42104005.html,135,1868,1702,70,135,341176,35,,No seleccionado,,Consultar
2025,4,Licenciatura 2025,421,42104005,PEDAGOGIA,FES ARAGÓN,Escolarizado,https://www.dgae.unam.mx/Licenciatura2025/resultados/4/42104005.html,135,1868,1702,70,135,341177,34,,No seleccionado,,Consultar
2025,4,Licenciatura 2025,421,42104005,PEDAGOGIA,FES ARAGÓN,Escolarizado,https://www.dgae.unam.mx/Licenciatura2025/resultados/4/42104005.html,135,1868,1702,70,135,341180,59,,No seleccionado,,Consultar
2025,4,Licenciatura 2025,421,42104005,PEDAGOGIA,FES ARAGÓN,Escolarizado,https://www.dgae.unam.mx/Licenciatura2025/resultados/4/42104005.html,135,1868,1702,70,135,341184,48,,No seleccionado,,Consultar
2025,4,Licenciatura 2025,421,42104005,PEDAGOGIA,FES ARAGÓN,Escolarizado,https://www.dgae.unam.mx/Licenciatura2025/resultados/4/42104005.html,135,1868,1702,70,135,341187,29,,No seleccionado,,Consultar
2025,4,Licenciatura 2025,421,42104005,PEDAGOGIA,FES ARAGÓN,Escolarizado,https://www.dgae.unam.mx/Licenciatura2025/resultados/4/42104005.html,135,1868,1702,70,135,341190,71,S,Seleccionado,Cita para entregar documentación.,Consultar
2025,4,Licenciatura 2025,421,42104005,PEDAGOGIA,FES ARAGÓN,Escolarizado,https://www.dgae.unam.mx/Licenciatura2025/resultados/4/42104005.html,135,1868,1702,70,135,341192,,,No seleccionado,Cita para aclarar situación escolar.,Consultar
2025,4,Licenciatura 2025,421,42104005,PEDAGOGIA,FES ARAGÓN,Escolarizado,https://www.dgae.unam.mx/Licenciatura2025/resultados/4/42104005.html,135,1868,1702,70,135,341194,39,,No seleccionado,,Consultar
2025,4,Licenciatura 2025,421,42104005,PEDAGOGIA,FES ARAGÓN,Escolarizado,https://www.dgae.unam.mx/Licenciatura2025/resultados/4/42104005.html,135,1868,1702,70,135,341195,44,,No seleccionado,,Consultar
2025,4,Licenciatura 2025,421,42104005,PEDAGOGIA,FES ARAGÓN,Escolarizado,https://www.dgae.unam.mx/Licenciatura2025/resultados/4/42104005.html,135,1868,1702,70,135,341197,45,,No seleccionado,,Consultar
2025,4,Licenciatura 2025,421,42104005,PEDAGOGIA,FES ARAGÓN,Escolarizado,https://www.dgae.unam.mx/Licenciatura2025/resultados/4/42104005.html,135,1868,1702,70,135,341204,43,,No seleccionado,,Consultar
2025,4,Licenciatura 2025,421,42104005,PEDAGOGIA,FES ARAGÓN,Escolarizado,https://www.dgae.unam.mx/Licenciatura2025/resultados/4/42104005.html,135,1868,1702,70,135,341207,54,,No seleccionado,,Consultar
2025,4,Licenciatura 2025,421,42104005,PEDAGOGIA,FES ARAGÓN,Escolarizado,https://www.dgae.unam.mx/Licenciatura2025/resultados/4/42104005.html,135,1868,1702,70,135,341208,49,,No seleccionado,,Consultar
2025,4,Licenciatura 2025,421,42104005,PEDAGOGIA,FES ARAGÓN,Escolarizado,https://www.dgae.unam.mx/Licenciatura2025/resultados/4/42104005.html,135,1868,1702,70,135,341211,41,,No seleccionado,,Consultar
2025,4,Licenciatura 2025,421,42104005,PEDAGOGIA,FES ARAGÓN,Escolarizado,https://www.dgae.unam.mx/Licenciatura2025/resultados/4/42104005.html,135,1868,1702,70,135,341214,36,,No seleccionado,,Consultar
2025,4,Licenciatura 2025,421,42104005,PEDAGOGIA,FES ARAGÓN,Escolarizado,https://www.dgae.unam.mx/Licenciatura2025/resultados/4/42104005.html,135,1868,1702,70,135,341221,35,,No seleccionado,,Consultar
2025,4,Licenciatura 2025,421,42104005,PEDAGOGIA,FES ARAGÓN,Escolarizado,https://www.dgae.unam.mx/Licenciatura2025/resultados/4/42104005.html,135,1868,1702,70,135,341222,37,,No seleccionado,,Consultar
2025,4,Licenciatura 2025,421,42104005,PEDAGOGIA,FES ARAGÓN,Escolarizado,https://www.dgae.unam.mx/Licenciatura2025/resultados/4/42104005.html,135,1868,1702,70,135,341230,50,,No seleccionado,,Consultar
2025,4,Licenciatura 2025,421,42104005,PEDAGOGIA,FES ARAGÓN,Escolarizado,https://www.dgae.unam.mx/Licenciatura2025/resultados/4/42104005.html,135,1868,1702,70,135,341232,38,,No seleccionado,,Consultar
2025,4,Licenciatura 2025,421,42104005,PEDAGOGIA,FES ARAGÓN,Escolarizado,https://www.dgae.unam.mx/Licenciatura2025/resultados/4/42104005.html,135,1868,1702,70,135,341236,39,,No seleccionado,,Consultar
2025,4,Licenciatura 2025,421,42104005,PEDAGOGIA,FES ARAGÓN,Escolarizado,https://www.dgae.unam.mx/Licenciatura2025/resultados/4/42104005.html,135,1868,1702,70,135,341237,31,,No seleccionado,,Consultar
2025,4,Licenciatura 2025,421,42104005,PEDAGOGIA,FES ARAGÓN,Escolarizado,https://www.dgae.unam.mx/Licenciatura2025/resultados/4/42104005.html,135,1868,1702,70,135,341244,45,,No seleccionado,,Consultar
2025,4,Licenciatura 2025,421,42104005,PEDAGOGIA,FES ARAGÓN,Escolarizado,https://www.dgae.unam.mx/Licenciatura2025/resultados/4/42104005.html,135,1868,1702,70,135,341246,37,,No seleccionado,,Consultar
2025,4,Licenciatura 2025,421,42104005,PEDAGOGIA,FES ARAGÓN,Escolarizado,https://www.dgae.unam.mx/Licenciatura2025/resultados/4/42104005.html,135,1868,1702,70,135,341255,48,,No seleccionado,,Consultar
2025,4,Licenciatura 2025,421,42104005,PEDAGOGIA,FES ARAGÓN,Escolarizado,https://www.dgae.unam.mx/Licenciatura2025/resultados/4/42104005.html,135,1868,1702,70,135,341257,41,,No seleccionado,,Consultar
2025,4,Licenciatura 2025,421,42104005,PEDAGOGIA,FES ARAGÓN,Escolarizado,https://www.dgae.unam.mx/Licenciatura2025/resultados/4/42104005.html,135,1868,1702,70,135,341262,,N,No presentado,,Consultar
2025,4,Licenciatura 2025,421,42104005,PEDAGOGIA,FES ARAGÓN,Escolarizado,https://www.dgae.unam.mx/Licenciatura2025/resultados/4/42104005.html,135,1868,1702,70,135,341263,54,,No seleccionado,,Consultar
2025,4,Licenciatura 2025,421,42104005,PEDAGOGIA,FES ARAGÓN,Escolarizado,https://www.dgae.unam.mx/Licenciatura2025/resultados/4/42104005.html,135,1868,1702,70,135,341266,33,,No seleccionado,,Consultar
2025,4,Licenciatura 2025,421,42104005,PEDAGOGIA,FES ARAGÓN,Escolarizado,https://www.dgae.unam.mx/Licenciatura2025/resultados/4/42104005.html,135,1868,1702,70,135,341267,40,,No seleccionado,,Consultar
2025,4,Licenciatura 2025,421,42104005,PEDAGOGIA,FES ARAGÓN,Escolarizado,https://www.dgae.unam.mx/Licenciatura2025/resultados/4/42104005.html,135,1868,1702,70,135,341273,87,S,Seleccionado,Cita para entregar documentación.,Consultar
2025,4,Licenciatura 2025,421,42104005,PEDAGOGIA,FES ARAGÓN,Escolarizado,https://www.dgae.unam.mx/Licenciatura2025/resultados/4/42104005.html,135,1868,1702,70,135,341275,30,,No seleccionado,,Consultar
2025,4,Licenciatura 2025,421,42104005,PEDAGOGIA,FES ARAGÓN,Escolarizado,https://www.dgae.unam.mx/Licenciatura2025/resultados/4/42104005.html,135,1868,1702,70,135,341279,,N,No presentado,,Consultar
2025,4,Licenciatura 2025,421,42104005,PEDAGOGIA,FES ARAGÓN,Escolarizado,https://www.dgae.unam.mx/Licenciatura2025/resultados/4/42104005.html,135,1868,1702,70,135,341281,50,,No seleccionado,,Consultar
2025,4,Licenciatura 2025,421,42104005,PEDAGOGIA,FES ARAGÓN,Escolarizado,https://www.dgae.unam.mx/Licenciatura2025/resultados/4/42104005.html,135,1868,1702,70,135,341283,35,,No seleccionado,,Consultar
2025,4,Licenciatura 2025,421,42104005,PEDAGOGIA,FES ARAGÓN,Escolarizado,https://www.dgae.unam.mx/Licenciatura2025/resultados/4/42104005.html,135,1868,1702,70,135,341286,54,,No seleccionado,,Consultar
2025,4,Licenciatura 2025,421,42104005,PEDAGOGIA,FES ARAGÓN,Escolarizado,https://www.dgae.unam.mx/Licenciatura2025/resultados/4/42104005.html,135,1868,1702,70,135,341291,,N,No presentado,,Consultar
2025,4,Licenciatura 2025,421,42104005,PEDAGOGIA,FES ARAGÓN,Escolarizado,https://www.dgae.unam.mx/Licenciatura2025/resultados/4/42104005.html,135,1868,1702,70,135,341293,59,,No seleccionado,,Consultar
2025,4,Licenciatura 2025,421,42104005,PEDAGOGIA,FES ARAGÓN,Escolarizado,https://www.dgae.unam.mx/Licenciatura2025/resultados/4/42104005.html,135,1868,1702,70,135,341294,39,,No seleccionado,,Consultar
2025,4,Licenciatura 2025,421,42104005,PEDAGOGIA,FES ARAGÓN,Escolarizado,https://www.dgae.unam.mx/Licenciatura2025/resultados/4/42104005.html,135,1868,1702,70,135,341295,32,,No seleccionado,,Consultar
2025,4,Licenciatura 2025,421,42104005,PEDAGOGIA,FES ARAGÓN,Escolarizado,https://www.dgae.unam.mx/Licenciatura2025/resultados/4/42104005.html,135,1868,1702,70,135,341296,55,,No seleccionado,,Consultar
2025,4,Licenciatura 2025,421,42104005,PEDAGOGIA,FES ARAGÓN,Escolarizado,https://www.dgae.unam.mx/Licenciatura2025/resultados/4/42104005.html,135,1868,1702,70,135,341297,53,,No seleccionado,,Consultar
2025,4,Licenciatura 2025,421,42104005,PEDAGOGIA,FES ARAGÓN,Escolarizado,https://www.dgae.unam.mx/Licenciatura2025/resultados/4/42104005.html,135,1868,1702,70,135,341301,53,,No seleccionado,,Consultar
2025,4,Licenciatura 2025,421,42104005,PEDAGOGIA,FES ARAGÓN,Escolarizado,https://www.dgae.unam.mx/Licenciatura2025/resultados/4/42104005.html,135,1868,1702,70,135,341302,36,,No seleccionado,,Consultar
2025,4,Licenciatura 2025,421,42104005,PEDAGOGIA,FES ARAGÓN,Escolarizado,https://www.dgae.unam.mx/Licenciatura2025/resultados/4/42104005.html,135,1868,1702,70,135,341308,62,,No seleccionado,,Consultar
2025,4,Licenciatura 2025,421,42104005,PEDAGOGIA,FES ARAGÓN,Escolarizado,https://www.dgae.unam.mx/Licenciatura2025/resultados/4/42104005.html,135,1868,1702,70,135,341309,69,,No seleccionado,,Consultar
2025,4,Licenciatura 2025,421,42104005,PEDAGOGIA,FES ARAGÓN,Escolarizado,https://www.dgae.unam.mx/Licenciatura2025/resultados/4/42104005.html,135,1868,1702,70,135,341320,57,,No seleccionado,,Consultar
2025,4,Licenciatura 2025,421,42104005,PEDAGOGIA,FES ARAGÓN,Escolarizado,https://www.dgae.unam.mx/Licenciatura2025/resultados/4/42104005.html,135,1868,1702,70,135,341321,76,S,Seleccionado,Cita para entregar documentación.,Consultar
2025,4,Licenciatura 2025,421,42104005,PEDAGOGIA,FES ARAGÓN,Escolarizado,https://www.dgae.unam.mx/Licenciatura2025/resultados/4/42104005.html,135,1868,1702,70,135,341329,60,,No seleccionado,,Consultar
2025,4,Licenciatura 2025,421,42104005,PEDAGOGIA,FES ARAGÓN,Escolarizado,https://www.dgae.unam.mx/Licenciatura2025/resultados/4/42104005.html,135,1868,1702,70,135,341332,58,,No seleccionado,,Consultar
2025,4,Licenciatura 2025,421,42104005,PEDAGOGIA,FES ARAGÓN,Escolarizado,https://www.dgae.unam.mx/Licenciatura2025/resultados/4/42104005.html,135,1868,1702,70,135,341334,,N,No presentado,,Consultar
2025,4,Licenciatura 2025,421,42104005,PEDAGOGIA,FES ARAGÓN,Escolarizado,https://www.dgae.unam.mx/Licenciatura2025/resultados/4/42104005.html,135,1868,1702,70,135,341335,46,,No seleccionado,,Consultar
2025,4,Licenciatura 2025,421,42104005,PEDAGOGIA,FES ARAGÓN,Escolarizado,https://www.dgae.unam.mx/Licenciatura2025/resultados/4/42104005.html,135,1868,1702,70,135,341339,41,,No seleccionado,,Consultar
2025,4,Licenciatura 2025,421,42104005,PEDAGOGIA,FES ARAGÓN,Escolarizado,https://www.dgae.unam.mx/Licenciatura2025/resultados/4/42104005.html,135,1868,1702,70,135,341343,48,,No seleccionado,,Consultar
2025,4,Licenciatura 2025,421,42104005,PEDAGOGIA,FES ARAGÓN,Escolarizado,https://www.dgae.unam.mx/Licenciatura2025/resultados/4/42104005.html,135,1868,1702,70,135,341344,60,,No seleccionado,,Consultar
2025,4,Licenciatura 2025,421,42104005,PEDAGOGIA,FES ARAGÓN,Escolarizado,https://www.dgae.unam.mx/Licenciatura2025/resultados/4/42104005.html,135,1868,1702,70,135,341348,49,,No seleccionado,,Consultar
2025,4,Licenciatura 2025,421,42104005,PEDAGOGIA,FES ARAGÓN,Escolarizado,https://www.dgae.unam.mx/Licenciatura2025/resultados/4/42104005.html,135,1868,1702,70,135,341349,65,,No seleccionado,,Consultar
2025,4,Licenciatura 2025,421,42104005,PEDAGOGIA,FES ARAGÓN,Escolarizado,https://www.dgae.unam.mx/Licenciatura2025/resultados/4/42104005.html,135,1868,1702,70,135,341350,38,,No seleccionado,,Consultar
2025,4,Licenciatura 2025,421,42104005,PEDAGOGIA,FES ARAGÓN,Escolarizado,https://www.dgae.unam.mx/Licenciatura2025/resultados/4/42104005.html,135,1868,1702,70,135,341353,45,,No seleccionado,,Consultar
2025,4,Licenciatura 2025,421,42104005,PEDAGOGIA,FES ARAGÓN,Escolarizado,https://www.dgae.unam.mx/Licenciatura2025/resultados/4/42104005.html,135,1868,1702,70,135,341354,33,,No seleccionado,,Consultar
2025,4,Licenciatura 2025,421,42104005,PEDAGOGIA,FES ARAGÓN,Escolarizado,https://www.dgae.unam.mx/Licenciatura2025/resultados/4/42104005.html,135,1868,1702,70,135,341357,51,,No seleccionado,,Consultar
2025,4,Licenciatura 2025,421,42104005,PEDAGOGIA,FES ARAGÓN,Escolarizado,https://www.dgae.unam.mx/Licenciatura2025/resultados/4/42104005.html,135,1868,1702,70,135,341360,43,,No seleccionado,,Consultar
2025,4,Licenciatura 2025,421,42104005,PEDAGOGIA,FES ARAGÓN,Escolarizado,https://www.dgae.unam.mx/Licenciatura2025/resultados/4/42104005.html,135,1868,1702,70,135,341363,58,,No seleccionado,,Consultar
2025,4,Licenciatura 2025,421,42104005,PEDAGOGIA,FES ARAGÓN,Escolarizado,https://www.dgae.unam.mx/Licenciatura2025/resultados/4/42104005.html,135,1868,1702,70,135,341364,45,,No seleccionado,,Consultar
2025,4,Licenciatura 2025,421,42104005,PEDAGOGIA,FES ARAGÓN,Escolarizado,https://www.dgae.unam.mx/Licenciatura2025/resultados/4/42104005.html,135,1868,1702,70,135,341367,99,S,Seleccionado,Cita para entregar documentación.,Consultar
2025,4,Licenciatura 2025,421,42104005,PEDAGOGIA,FES ARAGÓN,Escolarizado,https://www.dgae.unam.mx/Licenciatura2025/resultados/4/42104005.html,135,1868,1702,70,135,341369,34,,No seleccionado,,Consultar
2025,4,Licenciatura 2025,421,42104005,PEDAGOGIA,FES ARAGÓN,Escolarizado,https://www.dgae.unam.mx/Licenciatura2025/resultados/4/42104005.html,135,1868,1702,70,135,341371,38,,No seleccionado,,Consultar
2025,4,Licenciatura 2025,421,42104005,PEDAGOGIA,FES ARAGÓN,Escolarizado,https://www.dgae.unam.mx/Licenciatura2025/resultados/4/42104005.html,135,1868,1702,70,135,341373,53,,No seleccionado,,Consultar
2025,4,Licenciatura 2025,421,42104005,PEDAGOGIA,FES ARAGÓN,Escolarizado,https://www.dgae.unam.mx/Licenciatura2025/resultados/4/42104005.html,135,1868,1702,70,135,341374,40,,No seleccionado,,Consultar
2025,4,Licenciatura 2025,421,42104005,PEDAGOGIA,FES ARAGÓN,Escolarizado,https://www.dgae.unam.mx/Licenciatura2025/resultados/4/42104005.html,135,1868,1702,70,135,341377,32,,No seleccionado,,Consultar
2025,4,Licenciatura 2025,421,42104005,PEDAGOGIA,FES ARAGÓN,Escolarizado,https://www.dgae.unam.mx/Licenciatura2025/resultados/4/42104005.html,135,1868,1702,70,135,341378,32,,No seleccionado,,Consultar
2025,4,Licenciatura 2025,421,42104005,PEDAGOGIA,FES ARAGÓN,Escolarizado,https://www.dgae.unam.mx/Licenciatura2025/resultados/4/42104005.html,135,1868,1702,70,135,341386,35,,No seleccionado,,Consultar
2025,4,Licenciatura 2025,421,42104005,PEDAGOGIA,FES ARAGÓN,Escolarizado,https://www.dgae.unam.mx/Licenciatura2025/resultados/4/42104005.html,135,1868,1702,70,135,341389,25,,No seleccionado,,Consultar
2025,4,Licenciatura 2025,421,42104005,PEDAGOGIA,FES ARAGÓN,Escolarizado,https://www.dgae.unam.mx/Licenciatura2025/resultados/4/42104005.html,135,1868,1702,70,135,341400,36,,No seleccionado,,Consultar
2025,4,Licenciatura 2025,421,42104005,PEDAGOGIA,FES ARAGÓN,Escolarizado,https://www.dgae.unam.mx/Licenciatura2025/resultados/4/42104005.html,135,1868,1702,70,135,341401,52,,No seleccionado,,Consultar
2025,4,Licenciatura 2025,421,42104005,PEDAGOGIA,FES ARAGÓN,Escolarizado,https://www.dgae.unam.mx/Licenciatura2025/resultados/4/42104005.html,135,1868,1702,70,135,341407,32,,No seleccionado,,Consultar
2025,4,Licenciatura 2025,421,42104005,PEDAGOGIA,FES ARAGÓN,Escolarizado,https://www.dgae.unam.mx/Licenciatura2025/resultados/4/42104005.html,135,1868,1702,70,135,341410,33,,No seleccionado,,Consultar
2025,4,Licenciatura 2025,421,42104005,PEDAGOGIA,FES ARAGÓN,Escolarizado,https://www.dgae.unam.mx/Licenciatura2025/resultados/4/42104005.html,135,1868,1702,70,135,341413,37,,No seleccionado,,Consultar
2025,4,Licenciatura 2025,421,42104005,PEDAGOGIA,FES ARAGÓN,Escolarizado,https://www.dgae.unam.mx/Licenciatura2025/resultados/4/42104005.html,135,1868,1702,70,135,341415,65,,No seleccionado,,Consultar
2025,4,Licenciatura 2025,421,42104005,PEDAGOGIA,FES ARAGÓN,Escolarizado,https://www.dgae.unam.mx/Licenciatura2025/resultados/4/42104005.html,135,1868,1702,70,135,341418,38,,No seleccionado,,Consultar
2025,4,Licenciatura 2025,421,42104005,PEDAGOGIA,FES ARAGÓN,Escolarizado,https://www.dgae.unam.mx/Licenciatura2025/resultados/4/42104005.html,135,1868,1702,70,135,341422,37,,No seleccionado,,Consultar
2025,4,Licenciatura 2025,421,42104005,PEDAGOGIA,FES ARAGÓN,Escolarizado,https://www.dgae.unam.mx/Licenciatura2025/resultados/4/42104005.html,135,1868,1702,70,135,341425,44,,No seleccionado,,Consultar
2025,4,Licenciatura 2025,421,42104005,PEDAGOGIA,FES ARAGÓN,Escolarizado,https://www.dgae.unam.mx/Licenciatura2025/resultados/4/42104005.html,135,1868,1702,70,135,341427,48,,No seleccionado,,Consultar
2025,4,Licenciatura 2025,421,42104005,PEDAGOGIA,FES ARAGÓN,Escolarizado,https://www.dgae.unam.mx/Licenciatura2025/resultados/4/42104005.html,135,1868,1702,70,135,341429,32,,No seleccionado,,Consultar
2025,4,Licenciatura 2025,421,42104005,PEDAGOGIA,FES ARAGÓN,Escolarizado,https://www.dgae.unam.mx/Licenciatura2025/resultados/4/42104005.html,135,1868,1702,70,135,341430,74,S,Seleccionado,Cita para entregar documentación.,Consultar
2025,4,Licenciatura 2025,421,42104005,PEDAGOGIA,FES ARAGÓN,Escolarizado,https://www.dgae.unam.mx/Licenciatura2025/resultados/4/42104005.html,135,1868,1702,70,135,341433,68,,No seleccionado,,Consultar
2025,4,Licenciatura 2025,421,42104005,PEDAGOGIA,FES ARAGÓN,Escolarizado,https://www.dgae.unam.mx/Licenciatura2025/resultados/4/42104005.html,135,1868,1702,70,135,341438,40,,No seleccionado,,Consultar
2025,4,Licenciatura 2025,421,42104005,PEDAGOGIA,FES ARAGÓN,Escolarizado,https://www.dgae.unam.mx/Licenciatura2025/resultados/4/42104005.html,135,1868,1702,70,135,341440,51,,No seleccionado,,Consultar
2025,4,Licenciatura 2025,421,42104005,PEDAGOGIA,FES ARAGÓN,Escolarizado,https://www.dgae.unam.mx/Licenciatura2025/resultados/4/42104005.html,135,1868,1702,70,135,341444,64,,No seleccionado,,Consultar
2025,4,Licenciatura 2025,421,42104005,PEDAGOGIA,FES ARAGÓN,Escolarizado,https://www.dgae.unam.mx/Licenciatura2025/resultados/4/42104005.html,135,1868,1702,70,135,341447,27,,No seleccionado,,Consultar
2025,4,Licenciatura 2025,421,42104005,PEDAGOGIA,FES ARAGÓN,Escolarizado,https://www.dgae.unam.mx/Licenciatura2025/resultados/4/42104005.html,135,1868,1702,70,135,341452,40,,No seleccionado,,Consultar
2025,4,Licenciatura 2025,421,42104005,PEDAGOGIA,FES ARAGÓN,Escolarizado,https://www.dgae.unam.mx/Licenciatura2025/resultados/4/42104005.html,135,1868,1702,70,135,341453,,N,No presentado,,Consultar
2025,4,Licenciatura 2025,421,42104005,PEDAGOGIA,FES ARAGÓN,Escolarizado,https://www.dgae.unam.mx/Licenciatura2025/resultados/4/42104005.html,135,1868,1702,70,135,341466,40,,No seleccionado,,Consultar
2025,4,Licenciatura 2025,421,42104005,PEDAGOGIA,FES ARAGÓN,Escolarizado,https://www.dgae.unam.mx/Licenciatura2025/resultados/4/42104005.html,135,1868,1702,70,135,341469,57,,No seleccionado,,Consultar
2025,4,Licenciatura 2025,421,42104005,PEDAGOGIA,FES ARAGÓN,Escolarizado,https://www.dgae.unam.mx/Licenciatura2025/resultados/4/42104005.html,135,1868,1702,70,135,341474,58,,No seleccionado,,Consultar
2025,4,Licenciatura 2025,421,42104005,PEDAGOGIA,FES ARAGÓN,Escolarizado,https://www.dgae.unam.mx/Licenciatura2025/resultados/4/42104005.html,135,1868,1702,70,135,341487,41,,No seleccionado,,Consultar
2025,4,Licenciatura 2025,421,42104005,PEDAGOGIA,FES ARAGÓN,Escolarizado,https://www.dgae.unam.mx/Licenciatura2025/resultados/4/42104005.html,135,1868,1702,70,135,341495,31,,No seleccionado,,Consultar
2025,4,Licenciatura 2025,421,42104005,PEDAGOGIA,FES ARAGÓN,Escolarizado,https://www.dgae.unam.mx/Licenciatura2025/resultados/4/42104005.html,135,1868,1702,70,135,341755,62,,No seleccionado,,Consultar
2025,4,Licenciatura 2025,421,42104005,PEDAGOGIA,FES ARAGÓN,Escolarizado,https://www.dgae.unam.mx/Licenciatura2025/resultados/4/42104005.html,135,1868,1702,70,135,342143,69,,No seleccionado,,Consultar
2025,4,Licenciatura 2025,421,42104005,PEDAGOGIA,FES ARAGÓN,Escolarizado,https://www.dgae.unam.mx/Licenciatura2025/resultados/4/42104005.html,135,1868,1702,70,135,342151,38,,No seleccionado,,Consultar
2025,4,Licenciatura 2025,421,42104005,PEDAGOGIA,FES ARAGÓN,Escolarizado,https://www.dgae.unam.mx/Licenciatura2025/resultados/4/42104005.html,135,1868,1702,70,135,342173,43,,No seleccionado,,Consultar
2025,4,Licenciatura 2025,421,42104005,PEDAGOGIA,FES ARAGÓN,Escolarizado,https://www.dgae.unam.mx/Licenciatura2025/resultados/4/42104005.html,135,1868,1702,70,135,342178,88,S,Seleccionado,Cita para entregar documentación.,Consultar
2025,4,Licenciatura 2025,421,42104005,PEDAGOGIA,FES ARAGÓN,Escolarizado,https://www.dgae.unam.mx/Licenciatura2025/resultados/4/42104005.html,135,1868,1702,70,135,342201,46,,No seleccionado,,Consultar
2025,4,Licenciatura 2025,421,42104005,PEDAGOGIA,FES ARAGÓN,Escolarizado,https://www.dgae.unam.mx/Licenciatura2025/resultados/4/42104005.html,135,1868,1702,70,135,342210,50,,No seleccionado,,Consultar
2025,4,Licenciatura 2025,421,42104005,PEDAGOGIA,FES ARAGÓN,Escolarizado,https://www.dgae.unam.mx/Licenciatura2025/resultados/4/42104005.html,135,1868,1702,70,135,342232,36,,No seleccionado,,Consultar
2025,4,Licenciatura 2025,421,42104005,PEDAGOGIA,FES ARAGÓN,Escolarizado,https://www.dgae.unam.mx/Licenciatura2025/resultados/4/42104005.html,135,1868,1702,70,135,342234,,N,No presentado,,Consultar
2025,4,Licenciatura 2025,421,42104005,PEDAGOGIA,FES ARAGÓN,Escolarizado,https://www.dgae.unam.mx/Licenciatura2025/resultados/4/42104005.html,135,1868,1702,70,135,342242,48,,No seleccionado,,Consultar
2025,4,Licenciatura 2025,421,42104005,PEDAGOGIA,FES ARAGÓN,Escolarizado,https://www.dgae.unam.mx/Licenciatura2025/resultados/4/42104005.html,135,1868,1702,70,135,342245,86,S,Seleccionado,Cita para entregar documentación.,Consultar
2025,4,Licenciatura 2025,421,42104005,PEDAGOGIA,FES ARAGÓN,Escolarizado,https://www.dgae.unam.mx/Licenciatura2025/resultados/4/42104005.html,135,1868,1702,70,135,342247,54,,No seleccionado,,Consultar
2025,4,Licenciatura 2025,421,42104005,PEDAGOGIA,FES ARAGÓN,Escolarizado,https://www.dgae.unam.mx/Licenciatura2025/resultados/4/42104005.html,135,1868,1702,70,135,342249,44,,No seleccionado,,Consultar
2025,4,Licenciatura 2025,421,42104005,PEDAGOGIA,FES ARAGÓN,Escolarizado,https://www.dgae.unam.mx/Licenciatura2025/resultados/4/42104005.html,135,1868,1702,70,135,342250,47,,No seleccionado,,Consultar
2025,4,Licenciatura 2025,421,42104005,PEDAGOGIA,FES ARAGÓN,Escolarizado,https://www.dgae.unam.mx/Licenciatura2025/resultados/4/42104005.html,135,1868,1702,70,135,342254,,N,No presentado,,Consultar
2025,4,Licenciatura 2025,421,42104005,PEDAGOGIA,FES ARAGÓN,Escolarizado,https://www.dgae.unam.mx/Licenciatura2025/resultados/4/42104005.html,135,1868,1702,70,135,342255,37,,No seleccionado,,Consultar
2025,4,Licenciatura 2025,421,42104005,PEDAGOGIA,FES ARAGÓN,Escolarizado,https://www.dgae.unam.mx/Licenciatura2025/resultados/4/42104005.html,135,1868,1702,70,135,342256,42,,No seleccionado,,Consultar
2025,4,Licenciatura 2025,421,42104005,PEDAGOGIA,FES ARAGÓN,Escolarizado,https://www.dgae.unam.mx/Licenciatura2025/resultados/4/42104005.html,135,1868,1702,70,135,342259,62,,No seleccionado,,Consultar
2025,4,Licenciatura 2025,421,42104005,PEDAGOGIA,FES ARAGÓN,Escolarizado,https://www.dgae.unam.mx/Licenciatura2025/resultados/4/42104005.html,135,1868,1702,70,135,342278,77,S,Seleccionado,Cita para entregar documentación.,Consultar
2025,4,Licenciatura 2025,421,42104005,PEDAGOGIA,FES ARAGÓN,Escolarizado,https://www.dgae.unam.mx/Licenciatura2025/resultados/4/42104005.html,135,1868,1702,70,135,342285,39,,No seleccionado,,Consultar
2025,4,Licenciatura 2025,421,42104005,PEDAGOGIA,FES ARAGÓN,Escolarizado,https://www.dgae.unam.mx/Licenciatura2025/resultados/4/42104005.html,135,1868,1702,70,135,342293,46,,No seleccionado,,Consultar
2025,4,Licenciatura 2025,421,42104005,PEDAGOGIA,FES ARAGÓN,Escolarizado,https://www.dgae.unam.mx/Licenciatura2025/resultados/4/42104005.html,135,1868,1702,70,135,342297,37,,No seleccionado,,Consultar
2025,4,Licenciatura 2025,421,42104005,PEDAGOGIA,FES ARAGÓN,Escolarizado,https://www.dgae.unam.mx/Licenciatura2025/resultados/4/42104005.html,135,1868,1702,70,135,342299,38,,No seleccionado,,Consultar
2025,4,Licenciatura 2025,421,42104005,PEDAGOGIA,FES ARAGÓN,Escolarizado,https://www.dgae.unam.mx/Licenciatura2025/resultados/4/42104005.html,135,1868,1702,70,135,342301,37,,No seleccionado,,Consultar
2025,4,Licenciatura 2025,421,42104005,PEDAGOGIA,FES ARAGÓN,Escolarizado,https://www.dgae.unam.mx/Licenciatura2025/resultados/4/42104005.html,135,1868,1702,70,135,342303,32,,No seleccionado,,Consultar
2025,4,Licenciatura 2025,421,42104005,PEDAGOGIA,FES ARAGÓN,Escolarizado,https://www.dgae.unam.mx/Licenciatura2025/resultados/4/42104005.html,135,1868,1702,70,135,342309,48,,No seleccionado,,Consultar
2025,4,Licenciatura 2025,421,42104005,PEDAGOGIA,FES ARAGÓN,Escolarizado,https://www.dgae.unam.mx/Licenciatura2025/resultados/4/42104005.html,135,1868,1702,70,135,342314,62,,No seleccionado,,Consultar
2025,4,Licenciatura 2025,421,42104005,PEDAGOGIA,FES ARAGÓN,Escolarizado,https://www.dgae.unam.mx/Licenciatura2025/resultados/4/42104005.html,135,1868,1702,70,135,342318,39,,No seleccionado,,Consultar
2025,4,Licenciatura 2025,421,42104005,PEDAGOGIA,FES ARAGÓN,Escolarizado,https://www.dgae.unam.mx/Licenciatura2025/resultados/4/42104005.html,135,1868,1702,70,135,342320,44,,No seleccionado,,Consultar
2025,4,Licenciatura 2025,421,42104005,PEDAGOGIA,FES ARAGÓN,Escolarizado,https://www.dgae.unam.mx/Licenciatura2025/resultados/4/42104005.html,135,1868,1702,70,135,342324,51,,No seleccionado,,Consultar
2025,4,Licenciatura 2025,421,42104005,PEDAGOGIA,FES ARAGÓN,Escolarizado,https://www.dgae.unam.mx/Licenciatura2025/resultados/4/42104005.html,135,1868,1702,70,135,342336,41,,No seleccionado,,Consultar
2025,4,Licenciatura 2025,421,42104005,PEDAGOGIA,FES ARAGÓN,Escolarizado,https://www.dgae.unam.mx/Licenciatura2025/resultados/4/42104005.html,135,1868,1702,70,135,342342,43,,No seleccionado,,Consultar
2025,4,Licenciatura 2025,421,42104005,PEDAGOGIA,FES ARAGÓN,Escolarizado,https://www.dgae.unam.mx/Licenciatura2025/resultados/4/42104005.html,135,1868,1702,70,135,342351,,N,No presentado,,Consultar
2025,4,Licenciatura 2025,421,42104005,PEDAGOGIA,FES ARAGÓN,Escolarizado,https://www.dgae.unam.mx/Licenciatura2025/resultados/4/42104005.html,135,1868,1702,70,135,342362,69,,No seleccionado,,Consultar
2025,4,Licenciatura 2025,421,42104005,PEDAGOGIA,FES ARAGÓN,Escolarizado,https://www.dgae.unam.mx/Licenciatura2025/resultados/4/42104005.html,135,1868,1702,70,135,342375,57,,No seleccionado,,Consultar
2025,4,Licenciatura 2025,421,42104005,PEDAGOGIA,FES ARAGÓN,Escolarizado,https://www.dgae.unam.mx/Licenciatura2025/resultados/4/42104005.html,135,1868,1702,70,135,342381,50,,No seleccionado,,Consultar
2025,4,Licenciatura 2025,421,42104005,PEDAGOGIA,FES ARAGÓN,Escolarizado,https://www.dgae.unam.mx/Licenciatura2025/resultados/4/42104005.html,135,1868,1702,70,135,342407,42,,No seleccionado,,Consultar
2025,4,Licenciatura 2025,421,42104005,PEDAGOGIA,FES ARAGÓN,Escolarizado,https://www.dgae.unam.mx/Licenciatura2025/resultados/4/42104005.html,135,1868,1702,70,135,342417,47,,No seleccionado,,Consultar
2025,4,Licenciatura 2025,421,42104005,PEDAGOGIA,FES ARAGÓN,Escolarizado,https://www.dgae.unam.mx/Licenciatura2025/resultados/4/42104005.html,135,1868,1702,70,135,342422,45,,No seleccionado,,Consultar
2025,4,Licenciatura 2025,421,42104005,PEDAGOGIA,FES ARAGÓN,Escolarizado,https://www.dgae.unam.mx/Licenciatura2025/resultados/4/42104005.html,135,1868,1702,70,135,342436,62,,No seleccionado,,Consultar
2025,4,Licenciatura 2025,421,42104005,PEDAGOGIA,FES ARAGÓN,Escolarizado,https://www.dgae.unam.mx/Licenciatura2025/resultados/4/42104005.html,135,1868,1702,70,135,342437,44,,No seleccionado,,Consultar
2025,4,Licenciatura 2025,421,42104005,PEDAGOGIA,FES ARAGÓN,Escolarizado,https://www.dgae.unam.mx/Licenciatura2025/resultados/4/42104005.html,135,1868,1702,70,135,342446,30,,No seleccionado,,Consultar
2025,4,Licenciatura 2025,421,42104005,PEDAGOGIA,FES ARAGÓN,Escolarizado,https://www.dgae.unam.mx/Licenciatura2025/resultados/4/42104005.html,135,1868,1702,70,135,342448,47,,No seleccionado,,Consultar
2025,4,Licenciatura 2025,421,42104005,PEDAGOGIA,FES ARAGÓN,Escolarizado,https://www.dgae.unam.mx/Licenciatura2025/resultados/4/42104005.html,135,1868,1702,70,135,342453,37,,No seleccionado,,Consultar
2025,4,Licenciatura 2025,421,42104005,PEDAGOGIA,FES ARAGÓN,Escolarizado,https://www.dgae.unam.mx/Licenciatura2025/resultados/4/42104005.html,135,1868,1702,70,135,342456,49,,No seleccionado,,Consultar
2025,4,Licenciatura 2025,421,42104005,PEDAGOGIA,FES ARAGÓN,Escolarizado,https://www.dgae.unam.mx/Licenciatura2025/resultados/4/42104005.html,135,1868,1702,70,135,342460,49,,No seleccionado,,Consultar
2025,4,Licenciatura 2025,421,42104005,PEDAGOGIA,FES ARAGÓN,Escolarizado,https://www.dgae.unam.mx/Licenciatura2025/resultados/4/42104005.html,135,1868,1702,70,135,342464,54,,No seleccionado,,Consultar
2025,4,Licenciatura 2025,421,42104005,PEDAGOGIA,FES ARAGÓN,Escolarizado,https://www.dgae.unam.mx/Licenciatura2025/resultados/4/42104005.html,135,1868,1702,70,135,342470,44,,No seleccionado,,Consultar
2025,4,Licenciatura 2025,421,42104005,PEDAGOGIA,FES ARAGÓN,Escolarizado,https://www.dgae.unam.mx/Licenciatura2025/resultados/4/42104005.html,135,1868,1702,70,135,342473,66,,No seleccionado,,Consultar
2025,4,Licenciatura 2025,421,42104005,PEDAGOGIA,FES ARAGÓN,Escolarizado,https://www.dgae.unam.mx/Licenciatura2025/resultados/4/42104005.html,135,1868,1702,70,135,342483,67,,No seleccionado,,Consultar
2025,4,Licenciatura 2025,421,42104005,PEDAGOGIA,FES ARAGÓN,Escolarizado,https://www.dgae.unam.mx/Licenciatura2025/resultados/4/42104005.html,135,1868,1702,70,135,342507,48,,No seleccionado,,Consultar
2025,4,Licenciatura 2025,421,42104005,PEDAGOGIA,FES ARAGÓN,Escolarizado,https://www.dgae.unam.mx/Licenciatura2025/resultados/4/42104005.html,135,1868,1702,70,135,342514,41,,No seleccionado,,Consultar
2025,4,Licenciatura 2025,421,42104005,PEDAGOGIA,FES ARAGÓN,Escolarizado,https://www.dgae.unam.mx/Licenciatura2025/resultados/4/42104005.html,135,1868,1702,70,135,342518,68,,No seleccionado,,Consultar
2025,4,Licenciatura 2025,421,42104005,PEDAGOGIA,FES ARAGÓN,Escolarizado,https://www.dgae.unam.mx/Licenciatura2025/resultados/4/42104005.html,135,1868,1702,70,135,342519,43,,No seleccionado,,Consultar
2025,4,Licenciatura 2025,421,42104005,PEDAGOGIA,FES ARAGÓN,Escolarizado,https://www.dgae.unam.mx/Licenciatura2025/resultados/4/42104005.html,135,1868,1702,70,135,342524,66,,No seleccionado,,Consultar
2025,4,Licenciatura 2025,421,42104005,PEDAGOGIA,FES ARAGÓN,Escolarizado,https://www.dgae.unam.mx/Licenciatura2025/resultados/4/42104005.html,135,1868,1702,70,135,342525,40,,No seleccionado,,Consultar
2025,4,Licenciatura 2025,421,42104005,PEDAGOGIA,FES ARAGÓN,Escolarizado,https://www.dgae.unam.mx/Licenciatura2025/resultados/4/42104005.html,135,1868,1702,70,135,342526,,N,No presentado,,Consultar
2025,4,Licenciatura 2025,421,42104005,PEDAGOGIA,FES ARAGÓN,Escolarizado,https://www.dgae.unam.mx/Licenciatura2025/resultados/4/42104005.html,135,1868,1702,70,135,342530,38,,No seleccionado,,Consultar
2025,4,Licenciatura 2025,421,42104005,PEDAGOGIA,FES ARAGÓN,Escolarizado,https://www.dgae.unam.mx/Licenciatura2025/resultados/4/42104005.html,135,1868,1702,70,135,342532,52,,No seleccionado,,Consultar
2025,4,Licenciatura 2025,421,42104005,PEDAGOGIA,FES ARAGÓN,Escolarizado,https://www.dgae.unam.mx/Licenciatura2025/resultados/4/42104005.html,135,1868,1702,70,135,342535,68,,No seleccionado,,Consultar
2025,4,Licenciatura 2025,421,42104005,PEDAGOGIA,FES ARAGÓN,Escolarizado,https://www.dgae.unam.mx/Licenciatura2025/resultados/4/42104005.html,135,1868,1702,70,135,342544,76,S,Seleccionado,Cita para entregar documentación.,Consultar
2025,4,Licenciatura 2025,421,42104005,PEDAGOGIA,FES ARAGÓN,Escolarizado,https://www.dgae.unam.mx/Licenciatura2025/resultados/4/42104005.html,135,1868,1702,70,135,342545,41,,No seleccionado,,Consultar
2025,4,Licenciatura 2025,421,42104005,PEDAGOGIA,FES ARAGÓN,Escolarizado,https://www.dgae.unam.mx/Licenciatura2025/resultados/4/42104005.html,135,1868,1702,70,135,342552,,N,No presentado,,Consultar
2025,4,Licenciatura 2025,421,42104005,PEDAGOGIA,FES ARAGÓN,Escolarizado,https://www.dgae.unam.mx/Licenciatura2025/resultados/4/42104005.html,135,1868,1702,70,135,342561,42,,No seleccionado,,Consultar
2025,4,Licenciatura 2025,421,42104005,PEDAGOGIA,FES ARAGÓN,Escolarizado,https://www.dgae.unam.mx/Licenciatura2025/resultados/4/42104005.html,135,1868,1702,70,135,342566,89,S,Seleccionado,Cita para entregar documentación.,Consultar
2025,4,Licenciatura 2025,421,42104005,PEDAGOGIA,FES ARAGÓN,Escolarizado,https://www.dgae.unam.mx/Licenciatura2025/resultados/4/42104005.html,135,1868,1702,70,135,342577,,N,No presentado,,Consultar
2025,4,Licenciatura 2025,421,42104005,PEDAGOGIA,FES ARAGÓN,Escolarizado,https://www.dgae.unam.mx/Licenciatura2025/resultados/4/42104005.html,135,1868,1702,70,135,342583,76,S,Seleccionado,Cita para entregar documentación.,Consultar
2025,4,Licenciatura 2025,421,42104005,PEDAGOGIA,FES ARAGÓN,Escolarizado,https://www.dgae.unam.mx/Licenciatura2025/resultados/4/42104005.html,135,1868,1702,70,135,342588,39,,No seleccionado,,Consultar
2025,4,Licenciatura 2025,421,42104005,PEDAGOGIA,FES ARAGÓN,Escolarizado,https://www.dgae.unam.mx/Licenciatura2025/resultados/4/42104005.html,135,1868,1702,70,135,342591,42,,No seleccionado,,Consultar
2025,4,Licenciatura 2025,421,42104005,PEDAGOGIA,FES ARAGÓN,Escolarizado,https://www.dgae.unam.mx/Licenciatura2025/resultados/4/42104005.html,135,1868,1702,70,135,342600,58,,No seleccionado,,Consultar
2025,4,Licenciatura 2025,421,42104005,PEDAGOGIA,FES ARAGÓN,Escolarizado,https://www.dgae.unam.mx/Licenciatura2025/resultados/4/42104005.html,135,1868,1702,70,135,342610,40,,No seleccionado,,Consultar
2025,4,Licenciatura 2025,421,42104005,PEDAGOGIA,FES ARAGÓN,Escolarizado,https://www.dgae.unam.mx/Licenciatura2025/resultados/4/42104005.html,135,1868,1702,70,135,342621,39,,No seleccionado,,Consultar
2025,4,Licenciatura 2025,421,42104005,PEDAGOGIA,FES ARAGÓN,Escolarizado,https://www.dgae.unam.mx/Licenciatura2025/resultados/4/42104005.html,135,1868,1702,70,135,342622,54,,No seleccionado,,Consultar
2025,4,Licenciatura 2025,421,42104005,PEDAGOGIA,FES ARAGÓN,Escolarizado,https://www.dgae.unam.mx/Licenciatura2025/resultados/4/42104005.html,135,1868,1702,70,135,342624,68,,No seleccionado,,Consultar
2025,4,Licenciatura 2025,421,42104005,PEDAGOGIA,FES ARAGÓN,Escolarizado,https://www.dgae.unam.mx/Licenciatura2025/resultados/4/42104005.html,135,1868,1702,70,135,342639,29,,No seleccionado,,Consultar
2025,4,Licenciatura 2025,421,42104005,PEDAGOGIA,FES ARAGÓN,Escolarizado,https://www.dgae.unam.mx/Licenciatura2025/resultados/4/42104005.html,135,1868,1702,70,135,342642,42,,No seleccionado,,Consultar
2025,4,Licenciatura 2025,421,42104005,PEDAGOGIA,FES ARAGÓN,Escolarizado,https://www.dgae.unam.mx/Licenciatura2025/resultados/4/42104005.html,135,1868,1702,70,135,342643,50,,No seleccionado,,Consultar
2025,4,Licenciatura 2025,421,42104005,PEDAGOGIA,FES ARAGÓN,Escolarizado,https://www.dgae.unam.mx/Licenciatura2025/resultados/4/42104005.html,135,1868,1702,70,135,342647,41,,No seleccionado,,Consultar
2025,4,Licenciatura 2025,421,42104005,PEDAGOGIA,FES ARAGÓN,Escolarizado,https://www.dgae.unam.mx/Licenciatura2025/resultados/4/42104005.html,135,1868,1702,70,135,342648,46,,No seleccionado,,Consultar
2025,4,Licenciatura 2025,421,42104005,PEDAGOGIA,FES ARAGÓN,Escolarizado,https://www.dgae.unam.mx/Licenciatura2025/resultados/4/42104005.html,135,1868,1702,70,135,342650,45,,No seleccionado,,Consultar
2025,4,Licenciatura 2025,421,42104005,PEDAGOGIA,FES ARAGÓN,Escolarizado,https://www.dgae.unam.mx/Licenciatura2025/resultados/4/42104005.html,135,1868,1702,70,135,342654,52,,No seleccionado,,Consultar
2025,4,Licenciatura 2025,421,42104005,PEDAGOGIA,FES ARAGÓN,Escolarizado,https://www.dgae.unam.mx/Licenciatura2025/resultados/4/42104005.html,135,1868,1702,70,135,342657,42,,No seleccionado,,Consultar
2025,4,Licenciatura 2025,421,42104005,PEDAGOGIA,FES ARAGÓN,Escolarizado,https://www.dgae.unam.mx/Licenciatura2025/resultados/4/42104005.html,135,1868,1702,70,135,342666,57,,No seleccionado,,Consultar
2025,4,Licenciatura 2025,421,42104005,PEDAGOGIA,FES ARAGÓN,Escolarizado,https://www.dgae.unam.mx/Licenciatura2025/resultados/4/42104005.html,135,1868,1702,70,135,342668,60,,No seleccionado,,Consultar
2025,4,Licenciatura 2025,421,42104005,PEDAGOGIA,FES ARAGÓN,Escolarizado,https://www.dgae.unam.mx/Licenciatura2025/resultados/4/42104005.html,135,1868,1702,70,135,342672,32,,No seleccionado,,Consultar
2025,4,Licenciatura 2025,421,42104005,PEDAGOGIA,FES ARAGÓN,Escolarizado,https://www.dgae.unam.mx/Licenciatura2025/resultados/4/42104005.html,135,1868,1702,70,135,342673,46,,No seleccionado,,Consultar
2025,4,Licenciatura 2025,421,42104005,PEDAGOGIA,FES ARAGÓN,Escolarizado,https://www.dgae.unam.mx/Licenciatura2025/resultados/4/42104005.html,135,1868,1702,70,135,342676,43,,No seleccionado,,Consultar
2025,4,Licenciatura 2025,421,42104005,PEDAGOGIA,FES ARAGÓN,Escolarizado,https://www.dgae.unam.mx/Licenciatura2025/resultados/4/42104005.html,135,1868,1702,70,135,342691,48,,No seleccionado,,Consultar
2025,4,Licenciatura 2025,421,42104005,PEDAGOGIA,FES ARAGÓN,Escolarizado,https://www.dgae.unam.mx/Licenciatura2025/resultados/4/42104005.html,135,1868,1702,70,135,342706,27,,No seleccionado,,Consultar
2025,4,Licenciatura 2025,421,42104005,PEDAGOGIA,FES ARAGÓN,Escolarizado,https://www.dgae.unam.mx/Licenciatura2025/resultados/4/42104005.html,135,1868,1702,70,135,342707,41,,No seleccionado,,Consultar
2025,4,Licenciatura 2025,421,42104005,PEDAGOGIA,FES ARAGÓN,Escolarizado,https://www.dgae.unam.mx/Licenciatura2025/resultados/4/42104005.html,135,1868,1702,70,135,342708,58,,No seleccionado,,Consultar
2025,4,Licenciatura 2025,421,42104005,PEDAGOGIA,FES ARAGÓN,Escolarizado,https://www.dgae.unam.mx/Licenciatura2025/resultados/4/42104005.html,135,1868,1702,70,135,342712,42,,No seleccionado,,Consultar
2025,4,Licenciatura 2025,421,42104005,PEDAGOGIA,FES ARAGÓN,Escolarizado,https://www.dgae.unam.mx/Licenciatura2025/resultados/4/42104005.html,135,1868,1702,70,135,342717,33,,No seleccionado,,Consultar
2025,4,Licenciatura 2025,421,42104005,PEDAGOGIA,FES ARAGÓN,Escolarizado,https://www.dgae.unam.mx/Licenciatura2025/resultados/4/42104005.html,135,1868,1702,70,135,342724,33,,No seleccionado,,Consultar
2025,4,Licenciatura 2025,421,42104005,PEDAGOGIA,FES ARAGÓN,Escolarizado,https://www.dgae.unam.mx/Licenciatura2025/resultados/4/42104005.html,135,1868,1702,70,135,342732,40,,No seleccionado,,Consultar
2025,4,Licenciatura 2025,421,42104005,PEDAGOGIA,FES ARAGÓN,Escolarizado,https://www.dgae.unam.mx/Licenciatura2025/resultados/4/42104005.html,135,1868,1702,70,135,342736,32,,No seleccionado,,Consultar
2025,4,Licenciatura 2025,421,42104005,PEDAGOGIA,FES ARAGÓN,Escolarizado,https://www.dgae.unam.mx/Licenciatura2025/resultados/4/42104005.html,135,1868,1702,70,135,342739,68,,No seleccionado,,Consultar
2025,4,Licenciatura 2025,421,42104005,PEDAGOGIA,FES ARAGÓN,Escolarizado,https://www.dgae.unam.mx/Licenciatura2025/resultados/4/42104005.html,135,1868,1702,70,135,342749,60,,No seleccionado,,Consultar
2025,4,Licenciatura 2025,421,42104005,PEDAGOGIA,FES ARAGÓN,Escolarizado,https://www.dgae.unam.mx/Licenciatura2025/resultados/4/42104005.html,135,1868,1702,70,135,342750,71,S,Seleccionado,Cita para entregar documentación.,Consultar
2025,4,Licenciatura 2025,421,42104005,PEDAGOGIA,FES ARAGÓN,Escolarizado,https://www.dgae.unam.mx/Licenciatura2025/resultados/4/42104005.html,135,1868,1702,70,135,342753,47,,No seleccionado,,Consultar
2025,4,Licenciatura 2025,421,42104005,PEDAGOGIA,FES ARAGÓN,Escolarizado,https://www.dgae.unam.mx/Licenciatura2025/resultados/4/42104005.html,135,1868,1702,70,135,342756,44,,No seleccionado,,Consultar
2025,4,Licenciatura 2025,421,42104005,PEDAGOGIA,FES ARAGÓN,Escolarizado,https://www.dgae.unam.mx/Licenciatura2025/resultados/4/42104005.html,135,1868,1702,70,135,342757,41,,No seleccionado,,Consultar
2025,4,Licenciatura 2025,421,42104005,PEDAGOGIA,FES ARAGÓN,Escolarizado,https://www.dgae.unam.mx/Licenciatura2025/resultados/4/42104005.html,135,1868,1702,70,135,342771,35,,No seleccionado,,Consultar
2025,4,Licenciatura 2025,421,42104005,PEDAGOGIA,FES ARAGÓN,Escolarizado,https://www.dgae.unam.mx/Licenciatura2025/resultados/4/42104005.html,135,1868,1702,70,135,342778,46,,No seleccionado,,Consultar
2025,4,Licenciatura 2025,421,42104005,PEDAGOGIA,FES ARAGÓN,Escolarizado,https://www.dgae.unam.mx/Licenciatura2025/resultados/4/42104005.html,135,1868,1702,70,135,342780,45,,No seleccionado,,Consultar
2025,4,Licenciatura 2025,421,42104005,PEDAGOGIA,FES ARAGÓN,Escolarizado,https://www.dgae.unam.mx/Licenciatura2025/resultados/4/42104005.html,135,1868,1702,70,135,342787,65,,No seleccionado,,Consultar
2025,4,Licenciatura 2025,421,42104005,PEDAGOGIA,FES ARAGÓN,Escolarizado,https://www.dgae.unam.mx/Licenciatura2025/resultados/4/42104005.html,135,1868,1702,70,135,342789,37,,No seleccionado,,Consultar
2025,4,Licenciatura 2025,421,42104005,PEDAGOGIA,FES ARAGÓN,Escolarizado,https://www.dgae.unam.mx/Licenciatura2025/resultados/4/42104005.html,135,1868,1702,70,135,342800,47,,No seleccionado,,Consultar
2025,4,Licenciatura 2025,421,42104005,PEDAGOGIA,FES ARAGÓN,Escolarizado,https://www.dgae.unam.mx/Licenciatura2025/resultados/4/42104005.html,135,1868,1702,70,135,342804,61,,No seleccionado,,Consultar
2025,4,Licenciatura 2025,421,42104005,PEDAGOGIA,FES ARAGÓN,Escolarizado,https://www.dgae.unam.mx/Licenciatura2025/resultados/4/42104005.html,135,1868,1702,70,135,342807,38,,No seleccionado,,Consultar
2025,4,Licenciatura 2025,421,42104005,PEDAGOGIA,FES ARAGÓN,Escolarizado,https://www.dgae.unam.mx/Licenciatura2025/resultados/4/42104005.html,135,1868,1702,70,135,342836,35,,No seleccionado,,Consultar
2025,4,Licenciatura 2025,421,42104005,PEDAGOGIA,FES ARAGÓN,Escolarizado,https://www.dgae.unam.mx/Licenciatura2025/resultados/4/42104005.html,135,1868,1702,70,135,342840,37,,No seleccionado,,Consultar
2025,4,Licenciatura 2025,421,42104005,PEDAGOGIA,FES ARAGÓN,Escolarizado,https://www.dgae.unam.mx/Licenciatura2025/resultados/4/42104005.html,135,1868,1702,70,135,342845,47,,No seleccionado,,Consultar
2025,4,Licenciatura 2025,421,42104005,PEDAGOGIA,FES ARAGÓN,Escolarizado,https://www.dgae.unam.mx/Licenciatura2025/resultados/4/42104005.html,135,1868,1702,70,135,342850,40,,No seleccionado,,Consultar
2025,4,Licenciatura 2025,421,42104005,PEDAGOGIA,FES ARAGÓN,Escolarizado,https://www.dgae.unam.mx/Licenciatura2025/resultados/4/42104005.html,135,1868,1702,70,135,342865,57,,No seleccionado,,Consultar
2025,4,Licenciatura 2025,421,42104005,PEDAGOGIA,FES ARAGÓN,Escolarizado,https://www.dgae.unam.mx/Licenciatura2025/resultados/4/42104005.html,135,1868,1702,70,135,342875,40,,No seleccionado,,Consultar
2025,4,Licenciatura 2025,421,42104005,PEDAGOGIA,FES ARAGÓN,Escolarizado,https://www.dgae.unam.mx/Licenciatura2025/resultados/4/42104005.html,135,1868,1702,70,135,342877,37,,No seleccionado,,Consultar
2025,4,Licenciatura 2025,421,42104005,PEDAGOGIA,FES ARAGÓN,Escolarizado,https://www.dgae.unam.mx/Licenciatura2025/resultados/4/42104005.html,135,1868,1702,70,135,342880,79,S,Seleccionado,Cita para entregar documentación.,Consultar
2025,4,Licenciatura 2025,421,42104005,PEDAGOGIA,FES ARAGÓN,Escolarizado,https://www.dgae.unam.mx/Licenciatura2025/resultados/4/42104005.html,135,1868,1702,70,135,342885,27,,No seleccionado,,Consultar
2025,4,Licenciatura 2025,421,42104005,PEDAGOGIA,FES ARAGÓN,Escolarizado,https://www.dgae.unam.mx/Licenciatura2025/resultados/4/42104005.html,135,1868,1702,70,135,342889,36,,No seleccionado,,Consultar
2025,4,Licenciatura 2025,421,42104005,PEDAGOGIA,FES ARAGÓN,Escolarizado,https://www.dgae.unam.mx/Licenciatura2025/resultados/4/42104005.html,135,1868,1702,70,135,342904,35,,No seleccionado,,Consultar
2025,4,Licenciatura 2025,421,42104005,PEDAGOGIA,FES ARAGÓN,Escolarizado,https://www.dgae.unam.mx/Licenciatura2025/resultados/4/42104005.html,135,1868,1702,70,135,342912,,N,No presentado,,Consultar
2025,4,Licenciatura 2025,421,42104005,PEDAGOGIA,FES ARAGÓN,Escolarizado,https://www.dgae.unam.mx/Licenciatura2025/resultados/4/42104005.html,135,1868,1702,70,135,342916,39,,No seleccionado,,Consultar
2025,4,Licenciatura 2025,421,42104005,PEDAGOGIA,FES ARAGÓN,Escolarizado,https://www.dgae.unam.mx/Licenciatura2025/resultados/4/42104005.html,135,1868,1702,70,135,342918,,N,No presentado,,Consultar
2025,4,Licenciatura 2025,421,42104005,PEDAGOGIA,FES ARAGÓN,Escolarizado,https://www.dgae.unam.mx/Licenciatura2025/resultados/4/42104005.html,135,1868,1702,70,135,342929,46,,No seleccionado,,Consultar
2025,4,Licenciatura 2025,421,42104005,PEDAGOGIA,FES ARAGÓN,Escolarizado,https://www.dgae.unam.mx/Licenciatura2025/resultados/4/42104005.html,135,1868,1702,70,135,342931,81,S,Seleccionado,Cita para entregar documentación.,Consultar
2025,4,Licenciatura 2025,421,42104005,PEDAGOGIA,FES ARAGÓN,Escolarizado,https://www.dgae.unam.mx/Licenciatura2025/resultados/4/42104005.html,135,1868,1702,70,135,342932,32,,No seleccionado,,Consultar
2025,4,Licenciatura 2025,421,42104005,PEDAGOGIA,FES ARAGÓN,Escolarizado,https://www.dgae.unam.mx/Licenciatura2025/resultados/4/42104005.html,135,1868,1702,70,135,342945,,N,No presentado,,Consultar
2025,4,Licenciatura 2025,421,42104005,PEDAGOGIA,FES ARAGÓN,Escolarizado,https://www.dgae.unam.mx/Licenciatura2025/resultados/4/42104005.html,135,1868,1702,70,135,342974,40,,No seleccionado,,Consultar
2025,4,Licenciatura 2025,421,42104005,PEDAGOGIA,FES ARAGÓN,Escolarizado,https://www.dgae.unam.mx/Licenciatura2025/resultados/4/42104005.html,135,1868,1702,70,135,342975,71,S,Seleccionado,Cita para entregar documentación.,Consultar
2025,4,Licenciatura 2025,421,42104005,PEDAGOGIA,FES ARAGÓN,Escolarizado,https://www.dgae.unam.mx/Licenciatura2025/resultados/4/42104005.html,135,1868,1702,70,135,342990,50,,No seleccionado,,Consultar
2025,4,Licenciatura 2025,421,42104005,PEDAGOGIA,FES ARAGÓN,Escolarizado,https://www.dgae.unam.mx/Licenciatura2025/resultados/4/42104005.html,135,1868,1702,70,135,342992,,N,No presentado,,Consultar
2025,4,Licenciatura 2025,421,42104005,PEDAGOGIA,FES ARAGÓN,Escolarizado,https://www.dgae.unam.mx/Licenciatura2025/resultados/4/42104005.html,135,1868,1702,70,135,343000,76,S,Seleccionado,Cita para entregar documentación.,Consultar
2025,4,Licenciatura 2025,421,42104005,PEDAGOGIA,FES ARAGÓN,Escolarizado,https://www.dgae.unam.mx/Licenciatura2025/resultados/4/42104005.html,135,1868,1702,70,135,343024,72,S,Seleccionado,Cita para entregar documentación.,Consultar
2025,4,Licenciatura 2025,421,42104005,PEDAGOGIA,FES ARAGÓN,Escolarizado,https://www.dgae.unam.mx/Licenciatura2025/resultados/4/42104005.html,135,1868,1702,70,135,343026,77,S,Seleccionado,Cita para entregar documentación.,Consultar
2025,4,Licenciatura 2025,421,42104005,PEDAGOGIA,FES ARAGÓN,Escolarizado,https://www.dgae.unam.mx/Licenciatura2025/resultados/4/42104005.html,135,1868,1702,70,135,343027,34,,No seleccionado,,Consultar
2025,4,Licenciatura 2025,421,42104005,PEDAGOGIA,FES ARAGÓN,Escolarizado,https://www.dgae.unam.mx/Licenciatura2025/resultados/4/42104005.html,135,1868,1702,70,135,343029,28,,No seleccionado,,Consultar
2025,4,Licenciatura 2025,421,42104005,PEDAGOGIA,FES ARAGÓN,Escolarizado,https://www.dgae.unam.mx/Licenciatura2025/resultados/4/42104005.html,135,1868,1702,70,135,343034,66,,No seleccionado,,Consultar
2025,4,Licenciatura 2025,421,42104005,PEDAGOGIA,FES ARAGÓN,Escolarizado,https://www.dgae.unam.mx/Licenciatura2025/resultados/4/42104005.html,135,1868,1702,70,135,343047,51,,No seleccionado,,Consultar
2025,4,Licenciatura 2025,421,42104005,PEDAGOGIA,FES ARAGÓN,Escolarizado,https://www.dgae.unam.mx/Licenciatura2025/resultados/4/42104005.html,135,1868,1702,70,135,343053,59,,No seleccionado,,Consultar
2025,4,Licenciatura 2025,421,42104005,PEDAGOGIA,FES ARAGÓN,Escolarizado,https://www.dgae.unam.mx/Licenciatura2025/resultados/4/42104005.html,135,1868,1702,70,135,343063,22,,No seleccionado,,Consultar
2025,4,Licenciatura 2025,421,42104005,PEDAGOGIA,FES ARAGÓN,Escolarizado,https://www.dgae.unam.mx/Licenciatura2025/resultados/4/42104005.html,135,1868,1702,70,135,343071,75,S,Seleccionado,Cita para entregar documentación.,Consultar
2025,4,Licenciatura 2025,421,42104005,PEDAGOGIA,FES ARAGÓN,Escolarizado,https://www.dgae.unam.mx/Licenciatura2025/resultados/4/42104005.html,135,1868,1702,70,135,343081,32,,No seleccionado,,Consultar
2025,4,Licenciatura 2025,421,42104005,PEDAGOGIA,FES ARAGÓN,Escolarizado,https://www.dgae.unam.mx/Licenciatura2025/resultados/4/42104005.html,135,1868,1702,70,135,343098,61,,No seleccionado,,Consultar
2025,4,Licenciatura 2025,421,42104005,PEDAGOGIA,FES ARAGÓN,Escolarizado,https://www.dgae.unam.mx/Licenciatura2025/resultados/4/42104005.html,135,1868,1702,70,135,343099,82,S,Seleccionado,Cita para entregar documentación.,Consultar
2025,4,Licenciatura 2025,421,42104005,PEDAGOGIA,FES ARAGÓN,Escolarizado,https://www.dgae.unam.mx/Licenciatura2025/resultados/4/42104005.html,135,1868,1702,70,135,343103,37,,No seleccionado,,Consultar
2025,4,Licenciatura 2025,421,42104005,PEDAGOGIA,FES ARAGÓN,Escolarizado,https://www.dgae.unam.mx/Licenciatura2025/resultados/4/42104005.html,135,1868,1702,70,135,343104,55,,No seleccionado,,Consultar
2025,4,Licenciatura 2025,421,42104005,PEDAGOGIA,FES ARAGÓN,Escolarizado,https://www.dgae.unam.mx/Licenciatura2025/resultados/4/42104005.html,135,1868,1702,70,135,343108,,N,No presentado,,Consultar
2025,4,Licenciatura 2025,421,42104005,PEDAGOGIA,FES ARAGÓN,Escolarizado,https://www.dgae.unam.mx/Licenciatura2025/resultados/4/42104005.html,135,1868,1702,70,135,343114,42,,No seleccionado,,Consultar
2025,4,Licenciatura 2025,421,42104005,PEDAGOGIA,FES ARAGÓN,Escolarizado,https://www.dgae.unam.mx/Licenciatura2025/resultados/4/42104005.html,135,1868,1702,70,135,343119,35,,No seleccionado,,Consultar
2025,4,Licenciatura 2025,421,42104005,PEDAGOGIA,FES ARAGÓN,Escolarizado,https://www.dgae.unam.mx/Licenciatura2025/resultados/4/42104005.html,135,1868,1702,70,135,343122,,N,No presentado,,Consultar
2025,4,Licenciatura 2025,421,42104005,PEDAGOGIA,FES ARAGÓN,Escolarizado,https://www.dgae.unam.mx/Licenciatura2025/resultados/4/42104005.html,135,1868,1702,70,135,343133,52,,No seleccionado,,Consultar
2025,4,Licenciatura 2025,421,42104005,PEDAGOGIA,FES ARAGÓN,Escolarizado,https://www.dgae.unam.mx/Licenciatura2025/resultados/4/42104005.html,135,1868,1702,70,135,343234,40,,No seleccionado,,Consultar
2025,4,Licenciatura 2025,421,42104005,PEDAGOGIA,FES ARAGÓN,Escolarizado,https://www.dgae.unam.mx/Licenciatura2025/resultados/4/42104005.html,135,1868,1702,70,135,343236,41,,No seleccionado,,Consultar
2025,4,Licenciatura 2025,421,42104005,PEDAGOGIA,FES ARAGÓN,Escolarizado,https://www.dgae.unam.mx/Licenciatura2025/resultados/4/42104005.html,135,1868,1702,70,135,343238,37,,No seleccionado,,Consultar
2025,4,Licenciatura 2025,421,42104005,PEDAGOGIA,FES ARAGÓN,Escolarizado,https://www.dgae.unam.mx/Licenciatura2025/resultados/4/42104005.html,135,1868,1702,70,135,343239,44,,No seleccionado,,Consultar
2025,4,Licenciatura 2025,421,42104005,PEDAGOGIA,FES ARAGÓN,Escolarizado,https://www.dgae.unam.mx/Licenciatura2025/resultados/4/42104005.html,135,1868,1702,70,135,343241,67,,No seleccionado,,Consultar
2025,4,Licenciatura 2025,421,42104005,PEDAGOGIA,FES ARAGÓN,Escolarizado,https://www.dgae.unam.mx/Licenciatura2025/resultados/4/42104005.html,135,1868,1702,70,135,343255,35,,No seleccionado,,Consultar
2025,4,Licenciatura 2025,421,42104005,PEDAGOGIA,FES ARAGÓN,Escolarizado,https://www.dgae.unam.mx/Licenciatura2025/resultados/4/42104005.html,135,1868,1702,70,135,343257,43,,No seleccionado,,Consultar
2025,4,Licenciatura 2025,421,42104005,PEDAGOGIA,FES ARAGÓN,Escolarizado,https://www.dgae.unam.mx/Licenciatura2025/resultados/4/42104005.html,135,1868,1702,70,135,343262,48,,No seleccionado,,Consultar
2025,4,Licenciatura 2025,421,42104005,PEDAGOGIA,FES ARAGÓN,Escolarizado,https://www.dgae.unam.mx/Licenciatura2025/resultados/4/42104005.html,135,1868,1702,70,135,343271,39,,No seleccionado,,Consultar
2025,4,Licenciatura 2025,421,42104005,PEDAGOGIA,FES ARAGÓN,Escolarizado,https://www.dgae.unam.mx/Licenciatura2025/resultados/4/42104005.html,135,1868,1702,70,135,343383,,N,No presentado,,Consultar
2025,4,Licenciatura 2025,421,42104005,PEDAGOGIA,FES ARAGÓN,Escolarizado,https://www.dgae.unam.mx/Licenciatura2025/resultados/4/42104005.html,135,1868,1702,70,135,343398,61,,No seleccionado,,Consultar
2025,4,Licenciatura 2025,421,42104005,PEDAGOGIA,FES ARAGÓN,Escolarizado,https://www.dgae.unam.mx/Licenciatura2025/resultados/4/42104005.html,135,1868,1702,70,135,343479,40,,No seleccionado,,Consultar
2025,4,Licenciatura 2025,421,42104005,PEDAGOGIA,FES ARAGÓN,Escolarizado,https://www.dgae.unam.mx/Licenciatura2025/resultados/4/42104005.html,135,1868,1702,70,135,343485,37,,No seleccionado,,Consultar
2025,4,Licenciatura 2025,421,42104005,PEDAGOGIA,FES ARAGÓN,Escolarizado,https://www.dgae.unam.mx/Licenciatura2025/resultados/4/42104005.html,135,1868,1702,70,135,343487,36,,No seleccionado,,Consultar
2025,4,Licenciatura 2025,421,42104005,PEDAGOGIA,FES ARAGÓN,Escolarizado,https://www.dgae.unam.mx/Licenciatura2025/resultados/4/42104005.html,135,1868,1702,70,135,343510,44,,No seleccionado,,Consultar
2025,4,Licenciatura 2025,421,42104005,PEDAGOGIA,FES ARAGÓN,Escolarizado,https://www.dgae.unam.mx/Licenciatura2025/resultados/4/42104005.html,135,1868,1702,70,135,343538,58,,No seleccionado,,Consultar
2025,4,Licenciatura 2025,421,42104005,PEDAGOGIA,FES ARAGÓN,Escolarizado,https://www.dgae.unam.mx/Licenciatura2025/resultados/4/42104005.html,135,1868,1702,70,135,343547,22,,No seleccionado,,Consultar
2025,4,Licenciatura 2025,421,42104005,PEDAGOGIA,FES ARAGÓN,Escolarizado,https://www.dgae.unam.mx/Licenciatura2025/resultados/4/42104005.html,135,1868,1702,70,135,343590,44,,No seleccionado,,Consultar
2025,4,Licenciatura 2025,421,42104005,PEDAGOGIA,FES ARAGÓN,Escolarizado,https://www.dgae.unam.mx/Licenciatura2025/resultados/4/42104005.html,135,1868,1702,70,135,343597,28,,No seleccionado,,Consultar
2025,4,Licenciatura 2025,421,42104005,PEDAGOGIA,FES ARAGÓN,Escolarizado,https://www.dgae.unam.mx/Licenciatura2025/resultados/4/42104005.html,135,1868,1702,70,135,343630,24,,No seleccionado,,Consultar
2025,4,Licenciatura 2025,421,42104005,PEDAGOGIA,FES ARAGÓN,Escolarizado,https://www.dgae.unam.mx/Licenciatura2025/resultados/4/42104005.html,135,1868,1702,70,135,343652,45,,No seleccionado,,Consultar
2025,4,Licenciatura 2025,421,42104005,PEDAGOGIA,FES ARAGÓN,Escolarizado,https://www.dgae.unam.mx/Licenciatura2025/resultados/4/42104005.html,135,1868,1702,70,135,343658,38,,No seleccionado,,Consultar
2025,4,Licenciatura 2025,421,42104005,PEDAGOGIA,FES ARAGÓN,Escolarizado,https://www.dgae.unam.mx/Licenciatura2025/resultados/4/42104005.html,135,1868,1702,70,135,343696,56,,No seleccionado,,Consultar
2025,4,Licenciatura 2025,421,42104005,PEDAGOGIA,FES ARAGÓN,Escolarizado,https://www.dgae.unam.mx/Licenciatura2025/resultados/4/42104005.html,135,1868,1702,70,135,343702,50,,No seleccionado,,Consultar
2025,4,Licenciatura 2025,421,42104005,PEDAGOGIA,FES ARAGÓN,Escolarizado,https://www.dgae.unam.mx/Licenciatura2025/resultados/4/42104005.html,135,1868,1702,70,135,343707,31,,No seleccionado,,Consultar
2025,4,Licenciatura 2025,421,42104005,PEDAGOGIA,FES ARAGÓN,Escolarizado,https://www.dgae.unam.mx/Licenciatura2025/resultados/4/42104005.html,135,1868,1702,70,135,343724,52,,No seleccionado,,Consultar
2025,4,Licenciatura 2025,421,42104005,PEDAGOGIA,FES ARAGÓN,Escolarizado,https://www.dgae.unam.mx/Licenciatura2025/resultados/4/42104005.html,135,1868,1702,70,135,343726,30,,No seleccionado,,Consultar
2025,4,Licenciatura 2025,421,42104005,PEDAGOGIA,FES ARAGÓN,Escolarizado,https://www.dgae.unam.mx/Licenciatura2025/resultados/4/42104005.html,135,1868,1702,70,135,343729,34,,No seleccionado,,Consultar
2025,4,Licenciatura 2025,421,42104005,PEDAGOGIA,FES ARAGÓN,Escolarizado,https://www.dgae.unam.mx/Licenciatura2025/resultados/4/42104005.html,135,1868,1702,70,135,343735,33,,No seleccionado,,Consultar
2025,4,Licenciatura 2025,421,42104005,PEDAGOGIA,FES ARAGÓN,Escolarizado,https://www.dgae.unam.mx/Licenciatura2025/resultados/4/42104005.html,135,1868,1702,70,135,343741,43,,No seleccionado,,Consultar
2025,4,Licenciatura 2025,421,42104005,PEDAGOGIA,FES ARAGÓN,Escolarizado,https://www.dgae.unam.mx/Licenciatura2025/resultados/4/42104005.html,135,1868,1702,70,135,343777,41,,No seleccionado,,Consultar
2025,4,Licenciatura 2025,421,42104005,PEDAGOGIA,FES ARAGÓN,Escolarizado,https://www.dgae.unam.mx/Licenciatura2025/resultados/4/42104005.html,135,1868,1702,70,135,343778,,N,No presentado,,Consultar
2025,4,Licenciatura 2025,421,42104005,PEDAGOGIA,FES ARAGÓN,Escolarizado,https://www.dgae.unam.mx/Licenciatura2025/resultados/4/42104005.html,135,1868,1702,70,135,343792,51,,No seleccionado,,Consultar
2025,4,Licenciatura 2025,421,42104005,PEDAGOGIA,FES ARAGÓN,Escolarizado,https://www.dgae.unam.mx/Licenciatura2025/resultados/4/42104005.html,135,1868,1702,70,135,343825,52,,No seleccionado,,Consultar
2025,4,Licenciatura 2025,421,42104005,PEDAGOGIA,FES ARAGÓN,Escolarizado,https://www.dgae.unam.mx/Licenciatura2025/resultados/4/42104005.html,135,1868,1702,70,135,343834,50,,No seleccionado,,Consultar
2025,4,Licenciatura 2025,421,42104005,PEDAGOGIA,FES ARAGÓN,Escolarizado,https://www.dgae.unam.mx/Licenciatura2025/resultados/4/42104005.html,135,1868,1702,70,135,343880,57,,No seleccionado,,Consultar
2025,4,Licenciatura 2025,421,42104005,PEDAGOGIA,FES ARAGÓN,Escolarizado,https://www.dgae.unam.mx/Licenciatura2025/resultados/4/42104005.html,135,1868,1702,70,135,343892,43,,No seleccionado,,Consultar
2025,4,Licenciatura 2025,421,42104005,PEDAGOGIA,FES ARAGÓN,Escolarizado,https://www.dgae.unam.mx/Licenciatura2025/resultados/4/42104005.html,135,1868,1702,70,135,343922,45,,No seleccionado,,Consultar
2025,4,Licenciatura 2025,421,42104005,PEDAGOGIA,FES ARAGÓN,Escolarizado,https://www.dgae.unam.mx/Licenciatura2025/resultados/4/42104005.html,135,1868,1702,70,135,343934,48,,No seleccionado,,Consultar
2025,4,Licenciatura 2025,421,42104005,PEDAGOGIA,FES ARAGÓN,Escolarizado,https://www.dgae.unam.mx/Licenciatura2025/resultados/4/42104005.html,135,1868,1702,70,135,343987,40,,No seleccionado,,Consultar
2025,4,Licenciatura 2025,421,42104005,PEDAGOGIA,FES ARAGÓN,Escolarizado,https://www.dgae.unam.mx/Licenciatura2025/resultados/4/42104005.html,135,1868,1702,70,135,343994,39,,No seleccionado,,Consultar
2025,4,Licenciatura 2025,421,42104005,PEDAGOGIA,FES ARAGÓN,Escolarizado,https://www.dgae.unam.mx/Licenciatura2025/resultados/4/42104005.html,135,1868,1702,70,135,344011,,N,No presentado,,Consultar
2025,4,Licenciatura 2025,421,42104005,PEDAGOGIA,FES ARAGÓN,Escolarizado,https://www.dgae.unam.mx/Licenciatura2025/resultados/4/42104005.html,135,1868,1702,70,135,344022,,N,No presentado,,Consultar
2025,4,Licenciatura 2025,421,42104005,PEDAGOGIA,FES ARAGÓN,Escolarizado,https://www.dgae.unam.mx/Licenciatura2025/resultados/4/42104005.html,135,1868,1702,70,135,344032,45,,No seleccionado,,Consultar
2025,4,Licenciatura 2025,421,42104005,PEDAGOGIA,FES ARAGÓN,Escolarizado,https://www.dgae.unam.mx/Licenciatura2025/resultados/4/42104005.html,135,1868,1702,70,135,344086,49,,No seleccionado,,Consultar
2025,4,Licenciatura 2025,421,42104005,PEDAGOGIA,FES ARAGÓN,Escolarizado,https://www.dgae.unam.mx/Licenciatura2025/resultados/4/42104005.html,135,1868,1702,70,135,344126,,N,No presentado,,Consultar
2025,4,Licenciatura 2025,421,42104005,PEDAGOGIA,FES ARAGÓN,Escolarizado,https://www.dgae.unam.mx/Licenciatura2025/resultados/4/42104005.html,135,1868,1702,70,135,344154,43,,No seleccionado,,Consultar
2025,4,Licenciatura 2025,421,42104005,PEDAGOGIA,FES ARAGÓN,Escolarizado,https://www.dgae.unam.mx/Licenciatura2025/resultados/4/42104005.html,135,1868,1702,70,135,344182,36,,No seleccionado,,Consultar
2025,4,Licenciatura 2025,421,42104005,PEDAGOGIA,FES ARAGÓN,Escolarizado,https://www.dgae.unam.mx/Licenciatura2025/resultados/4/42104005.html,135,1868,1702,70,135,344191,40,,No seleccionado,,Consultar
2025,4,Licenciatura 2025,421,42104005,PEDAGOGIA,FES ARAGÓN,Escolarizado,https://www.dgae.unam.mx/Licenciatura2025/resultados/4/42104005.html,135,1868,1702,70,135,344205,23,,No seleccionado,,Consultar
2025,4,Licenciatura 2025,421,42104005,PEDAGOGIA,FES ARAGÓN,Escolarizado,https://www.dgae.unam.mx/Licenciatura2025/resultados/4/42104005.html,135,1868,1702,70,135,344236,69,,No seleccionado,,Consultar
2025,4,Licenciatura 2025,421,42104005,PEDAGOGIA,FES ARAGÓN,Escolarizado,https://www.dgae.unam.mx/Licenciatura2025/resultados/4/42104005.html,135,1868,1702,70,135,344255,35,,No seleccionado,,Consultar
2025,4,Licenciatura 2025,421,42104005,PEDAGOGIA,FES ARAGÓN,Escolarizado,https://www.dgae.unam.mx/Licenciatura2025/resultados/4/42104005.html,135,1868,1702,70,135,344260,25,,No seleccionado,,Consultar
2025,4,Licenciatura 2025,421,42104005,PEDAGOGIA,FES ARAGÓN,Escolarizado,https://www.dgae.unam.mx/Licenciatura2025/resultados/4/42104005.html,135,1868,1702,70,135,344267,,N,No presentado,,Consultar
2025,4,Licenciatura 2025,421,42104005,PEDAGOGIA,FES ARAGÓN,Escolarizado,https://www.dgae.unam.mx/Licenciatura2025/resultados/4/42104005.html,135,1868,1702,70,135,344268,37,,No seleccionado,,Consultar
2025,4,Licenciatura 2025,421,42104005,PEDAGOGIA,FES ARAGÓN,Escolarizado,https://www.dgae.unam.mx/Licenciatura2025/resultados/4/42104005.html,135,1868,1702,70,135,344301,33,,No seleccionado,,Consultar
2025,4,Licenciatura 2025,421,42104005,PEDAGOGIA,FES ARAGÓN,Escolarizado,https://www.dgae.unam.mx/Licenciatura2025/resultados/4/42104005.html,135,1868,1702,70,135,344306,,N,No presentado,,Consultar
2025,4,Licenciatura 2025,421,42104005,PEDAGOGIA,FES ARAGÓN,Escolarizado,https://www.dgae.unam.mx/Licenciatura2025/resultados/4/42104005.html,135,1868,1702,70,135,344308,94,S,Seleccionado,Cita para entregar documentación.,Consultar
2025,4,Licenciatura 2025,421,42104005,PEDAGOGIA,FES ARAGÓN,Escolarizado,https://www.dgae.unam.mx/Licenciatura2025/resultados/4/42104005.html,135,1868,1702,70,135,344312,33,,No seleccionado,,Consultar
2025,4,Licenciatura 2025,421,42104005,PEDAGOGIA,FES ARAGÓN,Escolarizado,https://www.dgae.unam.mx/Licenciatura2025/resultados/4/42104005.html,135,1868,1702,70,135,344320,69,,No seleccionado,,Consultar
2025,4,Licenciatura 2025,421,42104005,PEDAGOGIA,FES ARAGÓN,Escolarizado,https://www.dgae.unam.mx/Licenciatura2025/resultados/4/42104005.html,135,1868,1702,70,135,344323,78,S,Seleccionado,Cita para entregar documentación.,Consultar
2025,4,Licenciatura 2025,421,42104005,PEDAGOGIA,FES ARAGÓN,Escolarizado,https://www.dgae.unam.mx/Licenciatura2025/resultados/4/42104005.html,135,1868,1702,70,135,344324,45,,No seleccionado,,Consultar
2025,4,Licenciatura 2025,421,42104005,PEDAGOGIA,FES ARAGÓN,Escolarizado,https://www.dgae.unam.mx/Licenciatura2025/resultados/4/42104005.html,135,1868,1702,70,135,344341,49,,No seleccionado,,Consultar
2025,4,Licenciatura 2025,421,42104005,PEDAGOGIA,FES ARAGÓN,Escolarizado,https://www.dgae.unam.mx/Licenciatura2025/resultados/4/42104005.html,135,1868,1702,70,135,344345,33,,No seleccionado,,Consultar
2025,4,Licenciatura 2025,421,42104005,PEDAGOGIA,FES ARAGÓN,Escolarizado,https://www.dgae.unam.mx/Licenciatura2025/resultados/4/42104005.html,135,1868,1702,70,135,344358,56,,No seleccionado,,Consultar
2025,4,Licenciatura 2025,421,42104005,PEDAGOGIA,FES ARAGÓN,Escolarizado,https://www.dgae.unam.mx/Licenciatura2025/resultados/4/42104005.html,135,1868,1702,70,135,344362,25,,No seleccionado,,Consultar
2025,4,Licenciatura 2025,421,42104005,PEDAGOGIA,FES ARAGÓN,Escolarizado,https://www.dgae.unam.mx/Licenciatura2025/resultados/4/42104005.html,135,1868,1702,70,135,344364,,N,No presentado,,Consultar
2025,4,Licenciatura 2025,421,42104005,PEDAGOGIA,FES ARAGÓN,Escolarizado,https://www.dgae.unam.mx/Licenciatura2025/resultados/4/42104005.html,135,1868,1702,70,135,344367,42,,No seleccionado,,Consultar
2025,4,Licenciatura 2025,421,42104005,PEDAGOGIA,FES ARAGÓN,Escolarizado,https://www.dgae.unam.mx/Licenciatura2025/resultados/4/42104005.html,135,1868,1702,70,135,344368,47,,No seleccionado,,Consultar
2025,4,Licenciatura 2025,421,42104005,PEDAGOGIA,FES ARAGÓN,Escolarizado,https://www.dgae.unam.mx/Licenciatura2025/resultados/4/42104005.html,135,1868,1702,70,135,344371,,N,No presentado,,Consultar
2025,4,Licenciatura 2025,421,42104005,PEDAGOGIA,FES ARAGÓN,Escolarizado,https://www.dgae.unam.mx/Licenciatura2025/resultados/4/42104005.html,135,1868,1702,70,135,344376,32,,No seleccionado,,Consultar
2025,4,Licenciatura 2025,421,42104005,PEDAGOGIA,FES ARAGÓN,Escolarizado,https://www.dgae.unam.mx/Licenciatura2025/resultados/4/42104005.html,135,1868,1702,70,135,344379,41,,No seleccionado,,Consultar
2025,4,Licenciatura 2025,421,42104005,PEDAGOGIA,FES ARAGÓN,Escolarizado,https://www.dgae.unam.mx/Licenciatura2025/resultados/4/42104005.html,135,1868,1702,70,135,344381,38,,No seleccionado,,Consultar
2025,4,Licenciatura 2025,421,42104005,PEDAGOGIA,FES ARAGÓN,Escolarizado,https://www.dgae.unam.mx/Licenciatura2025/resultados/4/42104005.html,135,1868,1702,70,135,344388,28,,No seleccionado,,Consultar
2025,4,Licenciatura 2025,421,42104005,PEDAGOGIA,FES ARAGÓN,Escolarizado,https://www.dgae.unam.mx/Licenciatura2025/resultados/4/42104005.html,135,1868,1702,70,135,344400,26,,No seleccionado,,Consultar
2025,4,Licenciatura 2025,421,42104005,PEDAGOGIA,FES ARAGÓN,Escolarizado,https://www.dgae.unam.mx/Licenciatura2025/resultados/4/42104005.html,135,1868,1702,70,135,344401,58,,No seleccionado,,Consultar
2025,4,Licenciatura 2025,421,42104005,PEDAGOGIA,FES ARAGÓN,Escolarizado,https://www.dgae.unam.mx/Licenciatura2025/resultados/4/42104005.html,135,1868,1702,70,135,344408,57,,No seleccionado,,Consultar
2025,4,Licenciatura 2025,421,42104005,PEDAGOGIA,FES ARAGÓN,Escolarizado,https://www.dgae.unam.mx/Licenciatura2025/resultados/4/42104005.html,135,1868,1702,70,135,344409,,N,No presentado,,Consultar
2025,4,Licenciatura 2025,421,42104005,PEDAGOGIA,FES ARAGÓN,Escolarizado,https://www.dgae.unam.mx/Licenciatura2025/resultados/4/42104005.html,135,1868,1702,70,135,344410,,N,No presentado,,Consultar
2025,4,Licenciatura 2025,421,42104005,PEDAGOGIA,FES ARAGÓN,Escolarizado,https://www.dgae.unam.mx/Licenciatura2025/resultados/4/42104005.html,135,1868,1702,70,135,344415,49,,No seleccionado,,Consultar
2025,4,Licenciatura 2025,421,42104005,PEDAGOGIA,FES ARAGÓN,Escolarizado,https://www.dgae.unam.mx/Licenciatura2025/resultados/4/42104005.html,135,1868,1702,70,135,344425,50,,No seleccionado,,Consultar
2025,4,Licenciatura 2025,421,42104005,PEDAGOGIA,FES ARAGÓN,Escolarizado,https://www.dgae.unam.mx/Licenciatura2025/resultados/4/42104005.html,135,1868,1702,70,135,344432,36,,No seleccionado,,Consultar
2025,4,Licenciatura 2025,421,42104005,PEDAGOGIA,FES ARAGÓN,Escolarizado,https://www.dgae.unam.mx/Licenciatura2025/resultados/4/42104005.html,135,1868,1702,70,135,344435,,N,No presentado,,Consultar
2025,4,Licenciatura 2025,421,42104005,PEDAGOGIA,FES ARAGÓN,Escolarizado,https://www.dgae.unam.mx/Licenciatura2025/resultados/4/42104005.html,135,1868,1702,70,135,344437,28,,No seleccionado,,Consultar
2025,4,Licenciatura 2025,421,42104005,PEDAGOGIA,FES ARAGÓN,Escolarizado,https://www.dgae.unam.mx/Licenciatura2025/resultados/4/42104005.html,135,1868,1702,70,135,344440,45,,No seleccionado,,Consultar
2025,4,Licenciatura 2025,421,42104005,PEDAGOGIA,FES ARAGÓN,Escolarizado,https://www.dgae.unam.mx/Licenciatura2025/resultados/4/42104005.html,135,1868,1702,70,135,344442,33,,No seleccionado,,Consultar
2025,4,Licenciatura 2025,421,42104005,PEDAGOGIA,FES ARAGÓN,Escolarizado,https://www.dgae.unam.mx/Licenciatura2025/resultados/4/42104005.html,135,1868,1702,70,135,344443,104,S,Seleccionado,Cita para entregar documentación.,Consultar
2025,4,Licenciatura 2025,421,42104005,PEDAGOGIA,FES ARAGÓN,Escolarizado,https://www.dgae.unam.mx/Licenciatura2025/resultados/4/42104005.html,135,1868,1702,70,135,344446,74,S,Seleccionado,Cita para entregar documentación.,Consultar
2025,4,Licenciatura 2025,421,42104005,PEDAGOGIA,FES ARAGÓN,Escolarizado,https://www.dgae.unam.mx/Licenciatura2025/resultados/4/42104005.html,135,1868,1702,70,135,344450,40,,No seleccionado,,Consultar
2025,4,Licenciatura 2025,421,42104005,PEDAGOGIA,FES ARAGÓN,Escolarizado,https://www.dgae.unam.mx/Licenciatura2025/resultados/4/42104005.html,135,1868,1702,70,135,344451,58,,No seleccionado,,Consultar
2025,4,Licenciatura 2025,421,42104005,PEDAGOGIA,FES ARAGÓN,Escolarizado,https://www.dgae.unam.mx/Licenciatura2025/resultados/4/42104005.html,135,1868,1702,70,135,344452,54,,No seleccionado,,Consultar
2025,4,Licenciatura 2025,421,42104005,PEDAGOGIA,FES ARAGÓN,Escolarizado,https://www.dgae.unam.mx/Licenciatura2025/resultados/4/42104005.html,135,1868,1702,70,135,344455,48,,No seleccionado,,Consultar
2025,4,Licenciatura 2025,421,42104005,PEDAGOGIA,FES ARAGÓN,Escolarizado,https://www.dgae.unam.mx/Licenciatura2025/resultados/4/42104005.html,135,1868,1702,70,135,344458,58,,No seleccionado,,Consultar
2025,4,Licenciatura 2025,421,42104005,PEDAGOGIA,FES ARAGÓN,Escolarizado,https://www.dgae.unam.mx/Licenciatura2025/resultados/4/42104005.html,135,1868,1702,70,135,344461,36,,No seleccionado,,Consultar
2025,4,Licenciatura 2025,421,42104005,PEDAGOGIA,FES ARAGÓN,Escolarizado,https://www.dgae.unam.mx/Licenciatura2025/resultados/4/42104005.html,135,1868,1702,70,135,344462,59,,No seleccionado,,Consultar
2025,4,Licenciatura 2025,421,42104005,PEDAGOGIA,FES ARAGÓN,Escolarizado,https://www.dgae.unam.mx/Licenciatura2025/resultados/4/42104005.html,135,1868,1702,70,135,344464,50,,No seleccionado,,Consultar
2025,4,Licenciatura 2025,421,42104005,PEDAGOGIA,FES ARAGÓN,Escolarizado,https://www.dgae.unam.mx/Licenciatura2025/resultados/4/42104005.html,135,1868,1702,70,135,344473,73,S,Seleccionado,Cita para entregar documentación.,Consultar
2025,4,Licenciatura 2025,421,42104005,PEDAGOGIA,FES ARAGÓN,Escolarizado,https://www.dgae.unam.mx/Licenciatura2025/resultados/4/42104005.html,135,1868,1702,70,135,344493,51,,No seleccionado,,Consultar
2025,4,Licenciatura 2025,421,42104005,PEDAGOGIA,FES ARAGÓN,Escolarizado,https://www.dgae.unam.mx/Licenciatura2025/resultados/4/42104005.html,135,1868,1702,70,135,344507,35,,No seleccionado,,Consultar
2025,4,Licenciatura 2025,421,42104005,PEDAGOGIA,FES ARAGÓN,Escolarizado,https://www.dgae.unam.mx/Licenciatura2025/resultados/4/42104005.html,135,1868,1702,70,135,344511,31,,No seleccionado,,Consultar
2025,4,Licenciatura 2025,421,42104005,PEDAGOGIA,FES ARAGÓN,Escolarizado,https://www.dgae.unam.mx/Licenciatura2025/resultados/4/42104005.html,135,1868,1702,70,135,344517,52,,No seleccionado,,Consultar
2025,4,Licenciatura 2025,421,42104005,PEDAGOGIA,FES ARAGÓN,Escolarizado,https://www.dgae.unam.mx/Licenciatura2025/resultados/4/42104005.html,135,1868,1702,70,135,344519,,N,No presentado,,Consultar
2025,4,Licenciatura 2025,421,42104005,PEDAGOGIA,FES ARAGÓN,Escolarizado,https://www.dgae.unam.mx/Licenciatura2025/resultados/4/42104005.html,135,1868,1702,70,135,344522,48,,No seleccionado,,Consultar
2025,4,Licenciatura 2025,421,42104005,PEDAGOGIA,FES ARAGÓN,Escolarizado,https://www.dgae.unam.mx/Licenciatura2025/resultados/4/42104005.html,135,1868,1702,70,135,344529,68,,No seleccionado,,Consultar
2025,4,Licenciatura 2025,421,42104005,PEDAGOGIA,FES ARAGÓN,Escolarizado,https://www.dgae.unam.mx/Licenciatura2025/resultados/4/42104005.html,135,1868,1702,70,135,344537,,N,No presentado,,Consultar
2025,4,Licenciatura 2025,421,42104005,PEDAGOGIA,FES ARAGÓN,Escolarizado,https://www.dgae.unam.mx/Licenciatura2025/resultados/4/42104005.html,135,1868,1702,70,135,344550,,N,No presentado,,Consultar
2025,4,Licenciatura 2025,421,42104005,PEDAGOGIA,FES ARAGÓN,Escolarizado,https://www.dgae.unam.mx/Licenciatura2025/resultados/4/42104005.html,135,1868,1702,70,135,344555,35,,No seleccionado,,Consultar
2025,4,Licenciatura 2025,421,42104005,PEDAGOGIA,FES ARAGÓN,Escolarizado,https://www.dgae.unam.mx/Licenciatura2025/resultados/4/42104005.html,135,1868,1702,70,135,344556,54,,No seleccionado,,Consultar
2025,4,Licenciatura 2025,421,42104005,PEDAGOGIA,FES ARAGÓN,Escolarizado,https://www.dgae.unam.mx/Licenciatura2025/resultados/4/42104005.html,135,1868,1702,70,135,344557,40,,No seleccionado,,Consultar
2025,4,Licenciatura 2025,421,42104005,PEDAGOGIA,FES ARAGÓN,Escolarizado,https://www.dgae.unam.mx/Licenciatura2025/resultados/4/42104005.html,135,1868,1702,70,135,344563,34,,No seleccionado,,Consultar
2025,4,Licenciatura 2025,421,42104005,PEDAGOGIA,FES ARAGÓN,Escolarizado,https://www.dgae.unam.mx/Licenciatura2025/resultados/4/42104005.html,135,1868,1702,70,135,344567,52,,No seleccionado,,Consultar
2025,4,Licenciatura 2025,421,42104005,PEDAGOGIA,FES ARAGÓN,Escolarizado,https://www.dgae.unam.mx/Licenciatura2025/resultados/4/42104005.html,135,1868,1702,70,135,344568,57,,No seleccionado,,Consultar
2025,4,Licenciatura 2025,421,42104005,PEDAGOGIA,FES ARAGÓN,Escolarizado,https://www.dgae.unam.mx/Licenciatura2025/resultados/4/42104005.html,135,1868,1702,70,135,344572,31,,No seleccionado,,Consultar
2025,4,Licenciatura 2025,421,42104005,PEDAGOGIA,FES ARAGÓN,Escolarizado,https://www.dgae.unam.mx/Licenciatura2025/resultados/4/42104005.html,135,1868,1702,70,135,344573,48,,No seleccionado,,Consultar
2025,4,Licenciatura 2025,421,42104005,PEDAGOGIA,FES ARAGÓN,Escolarizado,https://www.dgae.unam.mx/Licenciatura2025/resultados/4/42104005.html,135,1868,1702,70,135,344574,44,,No seleccionado,,Consultar
2025,4,Licenciatura 2025,421,42104005,PEDAGOGIA,FES ARAGÓN,Escolarizado,https://www.dgae.unam.mx/Licenciatura2025/resultados/4/42104005.html,135,1868,1702,70,135,344576,49,,No seleccionado,,Consultar
2025,4,Licenciatura 2025,421,42104005,PEDAGOGIA,FES ARAGÓN,Escolarizado,https://www.dgae.unam.mx/Licenciatura2025/resultados/4/42104005.html,135,1868,1702,70,135,344578,43,,No seleccionado,,Consultar
2025,4,Licenciatura 2025,421,42104005,PEDAGOGIA,FES ARAGÓN,Escolarizado,https://www.dgae.unam.mx/Licenciatura2025/resultados/4/42104005.html,135,1868,1702,70,135,344581,66,,No seleccionado,,Consultar
2025,4,Licenciatura 2025,421,42104005,PEDAGOGIA,FES ARAGÓN,Escolarizado,https://www.dgae.unam.mx/Licenciatura2025/resultados/4/42104005.html,135,1868,1702,70,135,344583,49,,No seleccionado,,Consultar
2025,4,Licenciatura 2025,421,42104005,PEDAGOGIA,FES ARAGÓN,Escolarizado,https://www.dgae.unam.mx/Licenciatura2025/resultados/4/42104005.html,135,1868,1702,70,135,344584,39,,No seleccionado,,Consultar
2025,4,Licenciatura 2025,421,42104005,PEDAGOGIA,FES ARAGÓN,Escolarizado,https://www.dgae.unam.mx/Licenciatura2025/resultados/4/42104005.html,135,1868,1702,70,135,344596,44,,No seleccionado,,Consultar
2025,4,Licenciatura 2025,421,42104005,PEDAGOGIA,FES ARAGÓN,Escolarizado,https://www.dgae.unam.mx/Licenciatura2025/resultados/4/42104005.html,135,1868,1702,70,135,344599,51,,No seleccionado,,Consultar
2025,4,Licenciatura 2025,421,42104005,PEDAGOGIA,FES ARAGÓN,Escolarizado,https://www.dgae.unam.mx/Licenciatura2025/resultados/4/42104005.html,135,1868,1702,70,135,344600,31,,No seleccionado,,Consultar
2025,4,Licenciatura 2025,421,42104005,PEDAGOGIA,FES ARAGÓN,Escolarizado,https://www.dgae.unam.mx/Licenciatura2025/resultados/4/42104005.html,135,1868,1702,70,135,344601,38,,No seleccionado,,Consultar
2025,4,Licenciatura 2025,421,42104005,PEDAGOGIA,FES ARAGÓN,Escolarizado,https://www.dgae.unam.mx/Licenciatura2025/resultados/4/42104005.html,135,1868,1702,70,135,344602,38,,No seleccionado,,Consultar
2025,4,Licenciatura 2025,421,42104005,PEDAGOGIA,FES ARAGÓN,Escolarizado,https://www.dgae.unam.mx/Licenciatura2025/resultados/4/42104005.html,135,1868,1702,70,135,344604,48,,No seleccionado,,Consultar
2025,4,Licenciatura 2025,421,42104005,PEDAGOGIA,FES ARAGÓN,Escolarizado,https://www.dgae.unam.mx/Licenciatura2025/resultados/4/42104005.html,135,1868,1702,70,135,344607,44,,No seleccionado,,Consultar
2025,4,Licenciatura 2025,421,42104005,PEDAGOGIA,FES ARAGÓN,Escolarizado,https://www.dgae.unam.mx/Licenciatura2025/resultados/4/42104005.html,135,1868,1702,70,135,344608,45,,No seleccionado,,Consultar
2025,4,Licenciatura 2025,421,42104005,PEDAGOGIA,FES ARAGÓN,Escolarizado,https://www.dgae.unam.mx/Licenciatura2025/resultados/4/42104005.html,135,1868,1702,70,135,344609,31,,No seleccionado,,Consultar
2025,4,Licenciatura 2025,421,42104005,PEDAGOGIA,FES ARAGÓN,Escolarizado,https://www.dgae.unam.mx/Licenciatura2025/resultados/4/42104005.html,135,1868,1702,70,135,344612,45,,No seleccionado,,Consultar
2025,4,Licenciatura 2025,421,42104005,PEDAGOGIA,FES ARAGÓN,Escolarizado,https://www.dgae.unam.mx/Licenciatura2025/resultados/4/42104005.html,135,1868,1702,70,135,344618,69,,No seleccionado,,Consultar
2025,4,Licenciatura 2025,421,42104005,PEDAGOGIA,FES ARAGÓN,Escolarizado,https://www.dgae.unam.mx/Licenciatura2025/resultados/4/42104005.html,135,1868,1702,70,135,344625,41,,No seleccionado,,Consultar
2025,4,Licenciatura 2025,421,42104005,PEDAGOGIA,FES ARAGÓN,Escolarizado,https://www.dgae.unam.mx/Licenciatura2025/resultados/4/42104005.html,135,1868,1702,70,135,344635,31,,No seleccionado,,Consultar
2025,4,Licenciatura 2025,421,42104005,PEDAGOGIA,FES ARAGÓN,Escolarizado,https://www.dgae.unam.mx/Licenciatura2025/resultados/4/42104005.html,135,1868,1702,70,135,344637,49,,No seleccionado,,Consultar
2025,4,Licenciatura 2025,421,42104005,PEDAGOGIA,FES ARAGÓN,Escolarizado,https://www.dgae.unam.mx/Licenciatura2025/resultados/4/42104005.html,135,1868,1702,70,135,344638,83,S,Seleccionado,Cita para entregar documentación.,Consultar
2025,4,Licenciatura 2025,421,42104005,PEDAGOGIA,FES ARAGÓN,Escolarizado,https://www.dgae.unam.mx/Licenciatura2025/resultados/4/42104005.html,135,1868,1702,70,135,344644,46,,No seleccionado,,Consultar
2025,4,Licenciatura 2025,421,42104005,PEDAGOGIA,FES ARAGÓN,Escolarizado,https://www.dgae.unam.mx/Licenciatura2025/resultados/4/42104005.html,135,1868,1702,70,135,344645,35,,No seleccionado,,Consultar
2025,4,Licenciatura 2025,421,42104005,PEDAGOGIA,FES ARAGÓN,Escolarizado,https://www.dgae.unam.mx/Licenciatura2025/resultados/4/42104005.html,135,1868,1702,70,135,344649,44,,No seleccionado,,Consultar
2025,4,Licenciatura 2025,421,42104005,PEDAGOGIA,FES ARAGÓN,Escolarizado,https://www.dgae.unam.mx/Licenciatura2025/resultados/4/42104005.html,135,1868,1702,70,135,344650,68,,No seleccionado,,Consultar
2025,4,Licenciatura 2025,421,42104005,PEDAGOGIA,FES ARAGÓN,Escolarizado,https://www.dgae.unam.mx/Licenciatura2025/resultados/4/42104005.html,135,1868,1702,70,135,344653,31,,No seleccionado,,Consultar
2025,4,Licenciatura 2025,421,42104005,PEDAGOGIA,FES ARAGÓN,Escolarizado,https://www.dgae.unam.mx/Licenciatura2025/resultados/4/42104005.html,135,1868,1702,70,135,344656,70,S,Seleccionado,Cita para entregar documentación.,Consultar
2025,4,Licenciatura 2025,421,42104005,PEDAGOGIA,FES ARAGÓN,Escolarizado,https://www.dgae.unam.mx/Licenciatura2025/resultados/4/42104005.html,135,1868,1702,70,135,344658,,N,No presentado,,Consultar
2025,4,Licenciatura 2025,421,42104005,PEDAGOGIA,FES ARAGÓN,Escolarizado,https://www.dgae.unam.mx/Licenciatura2025/resultados/4/42104005.html,135,1868,1702,70,135,344663,36,,No seleccionado,,Consultar
2025,4,Licenciatura 2025,421,42104005,PEDAGOGIA,FES ARAGÓN,Escolarizado,https://www.dgae.unam.mx/Licenciatura2025/resultados/4/42104005.html,135,1868,1702,70,135,344671,22,,No seleccionado,,Consultar
2025,4,Licenciatura 2025,421,42104005,PEDAGOGIA,FES ARAGÓN,Escolarizado,https://www.dgae.unam.mx/Licenciatura2025/resultados/4/42104005.html,135,1868,1702,70,135,344675,41,,No seleccionado,,Consultar
2025,4,Licenciatura 2025,421,42104005,PEDAGOGIA,FES ARAGÓN,Escolarizado,https://www.dgae.unam.mx/Licenciatura2025/resultados/4/42104005.html,135,1868,1702,70,135,344678,34,,No seleccionado,,Consultar
2025,4,Licenciatura 2025,421,42104005,PEDAGOGIA,FES ARAGÓN,Escolarizado,https://www.dgae.unam.mx/Licenciatura2025/resultados/4/42104005.html,135,1868,1702,70,135,344681,35,,No seleccionado,,Consultar
2025,4,Licenciatura 2025,421,42104005,PEDAGOGIA,FES ARAGÓN,Escolarizado,https://www.dgae.unam.mx/Licenciatura2025/resultados/4/42104005.html,135,1868,1702,70,135,344690,46,,No seleccionado,,Consultar
2025,4,Licenciatura 2025,421,42104005,PEDAGOGIA,FES ARAGÓN,Escolarizado,https://www.dgae.unam.mx/Licenciatura2025/resultados/4/42104005.html,135,1868,1702,70,135,344694,43,,No seleccionado,,Consultar
2025,4,Licenciatura 2025,421,42104005,PEDAGOGIA,FES ARAGÓN,Escolarizado,https://www.dgae.unam.mx/Licenciatura2025/resultados/4/42104005.html,135,1868,1702,70,135,344697,31,,No seleccionado,,Consultar
2025,4,Licenciatura 2025,421,42104005,PEDAGOGIA,FES ARAGÓN,Escolarizado,https://www.dgae.unam.mx/Licenciatura2025/resultados/4/42104005.html,135,1868,1702,70,135,344702,52,,No seleccionado,,Consultar
2025,4,Licenciatura 2025,421,42104005,PEDAGOGIA,FES ARAGÓN,Escolarizado,https://www.dgae.unam.mx/Licenciatura2025/resultados/4/42104005.html,135,1868,1702,70,135,344704,40,,No seleccionado,,Consultar
2025,4,Licenciatura 2025,421,42104005,PEDAGOGIA,FES ARAGÓN,Escolarizado,https://www.dgae.unam.mx/Licenciatura2025/resultados/4/42104005.html,135,1868,1702,70,135,344709,44,,No seleccionado,,Consultar
2025,4,Licenciatura 2025,421,42104005,PEDAGOGIA,FES ARAGÓN,Escolarizado,https://www.dgae.unam.mx/Licenciatura2025/resultados/4/42104005.html,135,1868,1702,70,135,344714,38,,No seleccionado,,Consultar
2025,4,Licenciatura 2025,421,42104005,PEDAGOGIA,FES ARAGÓN,Escolarizado,https://www.dgae.unam.mx/Licenciatura2025/resultados/4/42104005.html,135,1868,1702,70,135,344719,31,,No seleccionado,,Consultar
2025,4,Licenciatura 2025,421,42104005,PEDAGOGIA,FES ARAGÓN,Escolarizado,https://www.dgae.unam.mx/Licenciatura2025/resultados/4/42104005.html,135,1868,1702,70,135,344722,,N,No presentado,,Consultar
2025,4,Licenciatura 2025,421,42104005,PEDAGOGIA,FES ARAGÓN,Escolarizado,https://www.dgae.unam.mx/Licenciatura2025/resultados/4/42104005.html,135,1868,1702,70,135,344727,33,,No seleccionado,,Consultar
2025,4,Licenciatura 2025,421,42104005,PEDAGOGIA,FES ARAGÓN,Escolarizado,https://www.dgae.unam.mx/Licenciatura2025/resultados/4/42104005.html,135,1868,1702,70,135,344731,56,,No seleccionado,,Consultar
2025,4,Licenciatura 2025,421,42104005,PEDAGOGIA,FES ARAGÓN,Escolarizado,https://www.dgae.unam.mx/Licenciatura2025/resultados/4/42104005.html,135,1868,1702,70,135,344735,35,,No seleccionado,,Consultar
2025,4,Licenciatura 2025,421,42104005,PEDAGOGIA,FES ARAGÓN,Escolarizado,https://www.dgae.unam.mx/Licenciatura2025/resultados/4/42104005.html,135,1868,1702,70,135,344741,34,,No seleccionado,,Consultar
2025,4,Licenciatura 2025,421,42104005,PEDAGOGIA,FES ARAGÓN,Escolarizado,https://www.dgae.unam.mx/Licenciatura2025/resultados/4/42104005.html,135,1868,1702,70,135,344752,91,S,Seleccionado,Cita para entregar documentación.,Consultar
2025,4,Licenciatura 2025,421,42104005,PEDAGOGIA,FES ARAGÓN,Escolarizado,https://www.dgae.unam.mx/Licenciatura2025/resultados/4/42104005.html,135,1868,1702,70,135,344760,37,,No seleccionado,,Consultar
2025,4,Licenciatura 2025,421,42104005,PEDAGOGIA,FES ARAGÓN,Escolarizado,https://www.dgae.unam.mx/Licenciatura2025/resultados/4/42104005.html,135,1868,1702,70,135,344761,59,,No seleccionado,,Consultar
2025,4,Licenciatura 2025,421,42104005,PEDAGOGIA,FES ARAGÓN,Escolarizado,https://www.dgae.unam.mx/Licenciatura2025/resultados/4/42104005.html,135,1868,1702,70,135,344763,67,,No seleccionado,,Consultar
2025,4,Licenciatura 2025,421,42104005,PEDAGOGIA,FES ARAGÓN,Escolarizado,https://www.dgae.unam.mx/Licenciatura2025/resultados/4/42104005.html,135,1868,1702,70,135,344778,36,,No seleccionado,,Consultar
2025,4,Licenciatura 2025,421,42104005,PEDAGOGIA,FES ARAGÓN,Escolarizado,https://www.dgae.unam.mx/Licenciatura2025/resultados/4/42104005.html,135,1868,1702,70,135,344786,50,,No seleccionado,,Consultar
2025,4,Licenciatura 2025,421,42104005,PEDAGOGIA,FES ARAGÓN,Escolarizado,https://www.dgae.unam.mx/Licenciatura2025/resultados/4/42104005.html,135,1868,1702,70,135,344790,61,,No seleccionado,,Consultar
2025,4,Licenciatura 2025,421,42104005,PEDAGOGIA,FES ARAGÓN,Escolarizado,https://www.dgae.unam.mx/Licenciatura2025/resultados/4/42104005.html,135,1868,1702,70,135,344800,37,,No seleccionado,,Consultar
2025,4,Licenciatura 2025,421,42104005,PEDAGOGIA,FES ARAGÓN,Escolarizado,https://www.dgae.unam.mx/Licenciatura2025/resultados/4/42104005.html,135,1868,1702,70,135,344802,50,,No seleccionado,,Consultar
2025,4,Licenciatura 2025,421,42104005,PEDAGOGIA,FES ARAGÓN,Escolarizado,https://www.dgae.unam.mx/Licenciatura2025/resultados/4/42104005.html,135,1868,1702,70,135,344809,42,,No seleccionado,,Consultar
2025,4,Licenciatura 2025,421,42104005,PEDAGOGIA,FES ARAGÓN,Escolarizado,https://www.dgae.unam.mx/Licenciatura2025/resultados/4/42104005.html,135,1868,1702,70,135,344812,55,,No seleccionado,,Consultar
2025,4,Licenciatura 2025,421,42104005,PEDAGOGIA,FES ARAGÓN,Escolarizado,https://www.dgae.unam.mx/Licenciatura2025/resultados/4/42104005.html,135,1868,1702,70,135,344813,40,,No seleccionado,,Consultar
2025,4,Licenciatura 2025,421,42104005,PEDAGOGIA,FES ARAGÓN,Escolarizado,https://www.dgae.unam.mx/Licenciatura2025/resultados/4/42104005.html,135,1868,1702,70,135,344814,38,,No seleccionado,,Consultar
2025,4,Licenciatura 2025,421,42104005,PEDAGOGIA,FES ARAGÓN,Escolarizado,https://www.dgae.unam.mx/Licenciatura2025/resultados/4/42104005.html,135,1868,1702,70,135,344816,58,,No seleccionado,,Consultar
2025,4,Licenciatura 2025,421,42104005,PEDAGOGIA,FES ARAGÓN,Escolarizado,https://www.dgae.unam.mx/Licenciatura2025/resultados/4/42104005.html,135,1868,1702,70,135,344818,49,,No seleccionado,,Consultar
2025,4,Licenciatura 2025,421,42104005,PEDAGOGIA,FES ARAGÓN,Escolarizado,https://www.dgae.unam.mx/Licenciatura2025/resultados/4/42104005.html,135,1868,1702,70,135,344820,50,,No seleccionado,,Consultar
2025,4,Licenciatura 2025,421,42104005,PEDAGOGIA,FES ARAGÓN,Escolarizado,https://www.dgae.unam.mx/Licenciatura2025/resultados/4/42104005.html,135,1868,1702,70,135,344823,46,,No seleccionado,,Consultar
2025,4,Licenciatura 2025,421,42104005,PEDAGOGIA,FES ARAGÓN,Escolarizado,https://www.dgae.unam.mx/Licenciatura2025/resultados/4/42104005.html,135,1868,1702,70,135,344827,38,,No seleccionado,,Consultar
2025,4,Licenciatura 2025,421,42104005,PEDAGOGIA,FES ARAGÓN,Escolarizado,https://www.dgae.unam.mx/Licenciatura2025/resultados/4/42104005.html,135,1868,1702,70,135,344833,42,,No seleccionado,,Consultar
2025,4,Licenciatura 2025,421,42104005,PEDAGOGIA,FES ARAGÓN,Escolarizado,https://www.dgae.unam.mx/Licenciatura2025/resultados/4/42104005.html,135,1868,1702,70,135,344836,50,,No seleccionado,,Consultar
2025,4,Licenciatura 2025,421,42104005,PEDAGOGIA,FES ARAGÓN,Escolarizado,https://www.dgae.unam.mx/Licenciatura2025/resultados/4/42104005.html,135,1868,1702,70,135,344838,82,S,Seleccionado,Cita para entregar documentación.,Consultar
2025,4,Licenciatura 2025,421,42104005,PEDAGOGIA,FES ARAGÓN,Escolarizado,https://www.dgae.unam.mx/Licenciatura2025/resultados/4/42104005.html,135,1868,1702,70,135,344839,,N,No presentado,,Consultar
2025,4,Licenciatura 2025,421,42104005,PEDAGOGIA,FES ARAGÓN,Escolarizado,https://www.dgae.unam.mx/Licenciatura2025/resultados/4/42104005.html,135,1868,1702,70,135,344843,43,,No seleccionado,,Consultar
2025,4,Licenciatura 2025,421,42104005,PEDAGOGIA,FES ARAGÓN,Escolarizado,https://www.dgae.unam.mx/Licenciatura2025/resultados/4/42104005.html,135,1868,1702,70,135,344852,,N,No presentado,,Consultar
2025,4,Licenciatura 2025,421,42104005,PEDAGOGIA,FES ARAGÓN,Escolarizado,https://www.dgae.unam.mx/Licenciatura2025/resultados/4/42104005.html,135,1868,1702,70,135,344853,56,,No seleccionado,,Consultar
2025,4,Licenciatura 2025,421,42104005,PEDAGOGIA,FES ARAGÓN,Escolarizado,https://www.dgae.unam.mx/Licenciatura2025/resultados/4/42104005.html,135,1868,1702,70,135,344854,49,,No seleccionado,,Consultar
2025,4,Licenciatura 2025,421,42104005,PEDAGOGIA,FES ARAGÓN,Escolarizado,https://www.dgae.unam.mx/Licenciatura2025/resultados/4/42104005.html,135,1868,1702,70,135,344863,32,,No seleccionado,,Consultar
2025,4,Licenciatura 2025,421,42104005,PEDAGOGIA,FES ARAGÓN,Escolarizado,https://www.dgae.unam.mx/Licenciatura2025/resultados/4/42104005.html,135,1868,1702,70,135,344864,35,,No seleccionado,,Consultar
2025,4,Licenciatura 2025,421,42104005,PEDAGOGIA,FES ARAGÓN,Escolarizado,https://www.dgae.unam.mx/Licenciatura2025/resultados/4/42104005.html,135,1868,1702,70,135,344870,42,,No seleccionado,,Consultar
2025,4,Licenciatura 2025,421,42104005,PEDAGOGIA,FES ARAGÓN,Escolarizado,https://www.dgae.unam.mx/Licenciatura2025/resultados/4/42104005.html,135,1868,1702,70,135,344871,76,S,Seleccionado,,Consultar
2025,4,Licenciatura 2025,421,42104005,PEDAGOGIA,FES ARAGÓN,Escolarizado,https://www.dgae.unam.mx/Licenciatura2025/resultados/4/42104005.html,135,1868,1702,70,135,344873,38,,No seleccionado,,Consultar
2025,4,Licenciatura 2025,421,42104005,PEDAGOGIA,FES ARAGÓN,Escolarizado,https://www.dgae.unam.mx/Licenciatura2025/resultados/4/42104005.html,135,1868,1702,70,135,344876,44,,No seleccionado,,Consultar
2025,4,Licenciatura 2025,421,42104005,PEDAGOGIA,FES ARAGÓN,Escolarizado,https://www.dgae.unam.mx/Licenciatura2025/resultados/4/42104005.html,135,1868,1702,70,135,344878,40,,No seleccionado,,Consultar
2025,4,Licenciatura 2025,421,42104005,PEDAGOGIA,FES ARAGÓN,Escolarizado,https://www.dgae.unam.mx/Licenciatura2025/resultados/4/42104005.html,135,1868,1702,70,135,344879,31,,No seleccionado,,Consultar
2025,4,Licenciatura 2025,421,42104005,PEDAGOGIA,FES ARAGÓN,Escolarizado,https://www.dgae.unam.mx/Licenciatura2025/resultados/4/42104005.html,135,1868,1702,70,135,344883,69,,No seleccionado,,Consultar
2025,4,Licenciatura 2025,421,42104005,PEDAGOGIA,FES ARAGÓN,Escolarizado,https://www.dgae.unam.mx/Licenciatura2025/resultados/4/42104005.html,135,1868,1702,70,135,344884,47,,No seleccionado,,Consultar
2025,4,Licenciatura 2025,421,42104005,PEDAGOGIA,FES ARAGÓN,Escolarizado,https://www.dgae.unam.mx/Licenciatura2025/resultados/4/42104005.html,135,1868,1702,70,135,344885,38,,No seleccionado,,Consultar
2025,4,Licenciatura 2025,421,42104005,PEDAGOGIA,FES ARAGÓN,Escolarizado,https://www.dgae.unam.mx/Licenciatura2025/resultados/4/42104005.html,135,1868,1702,70,135,344888,56,,No seleccionado,,Consultar
2025,4,Licenciatura 2025,421,42104005,PEDAGOGIA,FES ARAGÓN,Escolarizado,https://www.dgae.unam.mx/Licenciatura2025/resultados/4/42104005.html,135,1868,1702,70,135,344890,60,,No seleccionado,,Consultar
2025,4,Licenciatura 2025,421,42104005,PEDAGOGIA,FES ARAGÓN,Escolarizado,https://www.dgae.unam.mx/Licenciatura2025/resultados/4/42104005.html,135,1868,1702,70,135,344892,70,S,Seleccionado,Cita para entregar documentación.,Consultar
2025,4,Licenciatura 2025,421,42104005,PEDAGOGIA,FES ARAGÓN,Escolarizado,https://www.dgae.unam.mx/Licenciatura2025/resultados/4/42104005.html,135,1868,1702,70,135,344894,69,,No seleccionado,,Consultar
2025,4,Licenciatura 2025,421,42104005,PEDAGOGIA,FES ARAGÓN,Escolarizado,https://www.dgae.unam.mx/Licenciatura2025/resultados/4/42104005.html,135,1868,1702,70,135,344895,38,,No seleccionado,,Consultar
2025,4,Licenciatura 2025,421,42104005,PEDAGOGIA,FES ARAGÓN,Escolarizado,https://www.dgae.unam.mx/Licenciatura2025/resultados/4/42104005.html,135,1868,1702,70,135,344904,50,,No seleccionado,,Consultar
2025,4,Licenciatura 2025,421,42104005,PEDAGOGIA,FES ARAGÓN,Escolarizado,https://www.dgae.unam.mx/Licenciatura2025/resultados/4/42104005.html,135,1868,1702,70,135,344915,47,,No seleccionado,,Consultar
2025,4,Licenciatura 2025,421,42104005,PEDAGOGIA,FES ARAGÓN,Escolarizado,https://www.dgae.unam.mx/Licenciatura2025/resultados/4/42104005.html,135,1868,1702,70,135,344916,59,,No seleccionado,,Consultar
2025,4,Licenciatura 2025,421,42104005,PEDAGOGIA,FES ARAGÓN,Escolarizado,https://www.dgae.unam.mx/Licenciatura2025/resultados/4/42104005.html,135,1868,1702,70,135,344919,43,,No seleccionado,,Consultar
2025,4,Licenciatura 2025,421,42104005,PEDAGOGIA,FES ARAGÓN,Escolarizado,https://www.dgae.unam.mx/Licenciatura2025/resultados/4/42104005.html,135,1868,1702,70,135,344922,46,,No seleccionado,,Consultar
2025,4,Licenciatura 2025,421,42104005,PEDAGOGIA,FES ARAGÓN,Escolarizado,https://www.dgae.unam.mx/Licenciatura2025/resultados/4/42104005.html,135,1868,1702,70,135,344923,51,,No seleccionado,,Consultar
2025,4,Licenciatura 2025,421,42104005,PEDAGOGIA,FES ARAGÓN,Escolarizado,https://www.dgae.unam.mx/Licenciatura2025/resultados/4/42104005.html,135,1868,1702,70,135,344934,53,,No seleccionado,,Consultar
2025,4,Licenciatura 2025,421,42104005,PEDAGOGIA,FES ARAGÓN,Escolarizado,https://www.dgae.unam.mx/Licenciatura2025/resultados/4/42104005.html,135,1868,1702,70,135,344942,31,,No seleccionado,,Consultar
2025,4,Licenciatura 2025,421,42104005,PEDAGOGIA,FES ARAGÓN,Escolarizado,https://www.dgae.unam.mx/Licenciatura2025/resultados/4/42104005.html,135,1868,1702,70,135,344943,38,,No seleccionado,,Consultar
2025,4,Licenciatura 2025,421,42104005,PEDAGOGIA,FES ARAGÓN,Escolarizado,https://www.dgae.unam.mx/Licenciatura2025/resultados/4/42104005.html,135,1868,1702,70,135,344946,25,,No seleccionado,,Consultar
2025,4,Licenciatura 2025,421,42104005,PEDAGOGIA,FES ARAGÓN,Escolarizado,https://www.dgae.unam.mx/Licenciatura2025/resultados/4/42104005.html,135,1868,1702,70,135,344947,42,,No seleccionado,,Consultar
2025,4,Licenciatura 2025,421,42104005,PEDAGOGIA,FES ARAGÓN,Escolarizado,https://www.dgae.unam.mx/Licenciatura2025/resultados/4/42104005.html,135,1868,1702,70,135,344955,46,,No seleccionado,,Consultar
2025,4,Licenciatura 2025,421,42104005,PEDAGOGIA,FES ARAGÓN,Escolarizado,https://www.dgae.unam.mx/Licenciatura2025/resultados/4/42104005.html,135,1868,1702,70,135,344956,48,,No seleccionado,,Consultar
2025,4,Licenciatura 2025,421,42104005,PEDAGOGIA,FES ARAGÓN,Escolarizado,https://www.dgae.unam.mx/Licenciatura2025/resultados/4/42104005.html,135,1868,1702,70,135,344961,31,,No seleccionado,,Consultar
2025,4,Licenciatura 2025,421,42104005,PEDAGOGIA,FES ARAGÓN,Escolarizado,https://www.dgae.unam.mx/Licenciatura2025/resultados/4/42104005.html,135,1868,1702,70,135,344975,76,S,Seleccionado,Cita para entregar documentación.,Consultar
2025,4,Licenciatura 2025,421,42104005,PEDAGOGIA,FES ARAGÓN,Escolarizado,https://www.dgae.unam.mx/Licenciatura2025/resultados/4/42104005.html,135,1868,1702,70,135,344986,54,,No seleccionado,,Consultar
2025,4,Licenciatura 2025,421,42104005,PEDAGOGIA,FES ARAGÓN,Escolarizado,https://www.dgae.unam.mx/Licenciatura2025/resultados/4/42104005.html,135,1868,1702,70,135,344989,46,,No seleccionado,,Consultar
2025,4,Licenciatura 2025,421,42104005,PEDAGOGIA,FES ARAGÓN,Escolarizado,https://www.dgae.unam.mx/Licenciatura2025/resultados/4/42104005.html,135,1868,1702,70,135,344996,54,,No seleccionado,,Consultar
2025,4,Licenciatura 2025,421,42104005,PEDAGOGIA,FES ARAGÓN,Escolarizado,https://www.dgae.unam.mx/Licenciatura2025/resultados/4/42104005.html,135,1868,1702,70,135,345001,27,,No seleccionado,,Consultar
2025,4,Licenciatura 2025,421,42104005,PEDAGOGIA,FES ARAGÓN,Escolarizado,https://www.dgae.unam.mx/Licenciatura2025/resultados/4/42104005.html,135,1868,1702,70,135,345005,54,,No seleccionado,,Consultar
2025,4,Licenciatura 2025,421,42104005,PEDAGOGIA,FES ARAGÓN,Escolarizado,https://www.dgae.unam.mx/Licenciatura2025/resultados/4/42104005.html,135,1868,1702,70,135,345012,46,,No seleccionado,,Consultar
2025,4,Licenciatura 2025,421,42104005,PEDAGOGIA,FES ARAGÓN,Escolarizado,https://www.dgae.unam.mx/Licenciatura2025/resultados/4/42104005.html,135,1868,1702,70,135,345015,39,,No seleccionado,,Consultar
2025,4,Licenciatura 2025,421,42104005,PEDAGOGIA,FES ARAGÓN,Escolarizado,https://www.dgae.unam.mx/Licenciatura2025/resultados/4/42104005.html,135,1868,1702,70,135,345022,37,,No seleccionado,,Consultar
2025,4,Licenciatura 2025,421,42104005,PEDAGOGIA,FES ARAGÓN,Escolarizado,https://www.dgae.unam.mx/Licenciatura2025/resultados/4/42104005.html,135,1868,1702,70,135,345027,37,,No seleccionado,,Consultar
2025,4,Licenciatura 2025,421,42104005,PEDAGOGIA,FES ARAGÓN,Escolarizado,https://www.dgae.unam.mx/Licenciatura2025/resultados/4/42104005.html,135,1868,1702,70,135,345028,48,,No seleccionado,,Consultar
2025,4,Licenciatura 2025,421,42104005,PEDAGOGIA,FES ARAGÓN,Escolarizado,https://www.dgae.unam.mx/Licenciatura2025/resultados/4/42104005.html,135,1868,1702,70,135,345029,35,,No seleccionado,,Consultar
2025,4,Licenciatura 2025,421,42104005,PEDAGOGIA,FES ARAGÓN,Escolarizado,https://www.dgae.unam.mx/Licenciatura2025/resultados/4/42104005.html,135,1868,1702,70,135,345032,48,,No seleccionado,,Consultar
2025,4,Licenciatura 2025,421,42104005,PEDAGOGIA,FES ARAGÓN,Escolarizado,https://www.dgae.unam.mx/Licenciatura2025/resultados/4/42104005.html,135,1868,1702,70,135,345035,,N,No presentado,,Consultar
2025,4,Licenciatura 2025,421,42104005,PEDAGOGIA,FES ARAGÓN,Escolarizado,https://www.dgae.unam.mx/Licenciatura2025/resultados/4/42104005.html,135,1868,1702,70,135,345040,54,,No seleccionado,,Consultar
2025,4,Licenciatura 2025,421,42104005,PEDAGOGIA,FES ARAGÓN,Escolarizado,https://www.dgae.unam.mx/Licenciatura2025/resultados/4/42104005.html,135,1868,1702,70,135,345046,29,,No seleccionado,,Consultar
2025,4,Licenciatura 2025,421,42104005,PEDAGOGIA,FES ARAGÓN,Escolarizado,https://www.dgae.unam.mx/Licenciatura2025/resultados/4/42104005.html,135,1868,1702,70,135,345051,35,,No seleccionado,,Consultar
2025,4,Licenciatura 2025,421,42104005,PEDAGOGIA,FES ARAGÓN,Escolarizado,https://www.dgae.unam.mx/Licenciatura2025/resultados/4/42104005.html,135,1868,1702,70,135,345054,,N,No presentado,,Consultar
2025,4,Licenciatura 2025,421,42104005,PEDAGOGIA,FES ARAGÓN,Escolarizado,https://www.dgae.unam.mx/Licenciatura2025/resultados/4/42104005.html,135,1868,1702,70,135,345055,36,,No seleccionado,,Consultar
2025,4,Licenciatura 2025,421,42104005,PEDAGOGIA,FES ARAGÓN,Escolarizado,https://www.dgae.unam.mx/Licenciatura2025/resultados/4/42104005.html,135,1868,1702,70,135,345056,46,,No seleccionado,,Consultar
2025,4,Licenciatura 2025,421,42104005,PEDAGOGIA,FES ARAGÓN,Escolarizado,https://www.dgae.unam.mx/Licenciatura2025/resultados/4/42104005.html,135,1868,1702,70,135,345057,44,,No seleccionado,,Consultar
2025,4,Licenciatura 2025,421,42104005,PEDAGOGIA,FES ARAGÓN,Escolarizado,https://www.dgae.unam.mx/Licenciatura2025/resultados/4/42104005.html,135,1868,1702,70,135,345071,54,,No seleccionado,,Consultar
2025,4,Licenciatura 2025,421,42104005,PEDAGOGIA,FES ARAGÓN,Escolarizado,https://www.dgae.unam.mx/Licenciatura2025/resultados/4/42104005.html,135,1868,1702,70,135,345075,44,,No seleccionado,,Consultar
2025,4,Licenciatura 2025,421,42104005,PEDAGOGIA,FES ARAGÓN,Escolarizado,https://www.dgae.unam.mx/Licenciatura2025/resultados/4/42104005.html,135,1868,1702,70,135,345085,34,,No seleccionado,,Consultar
2025,4,Licenciatura 2025,421,42104005,PEDAGOGIA,FES ARAGÓN,Escolarizado,https://www.dgae.unam.mx/Licenciatura2025/resultados/4/42104005.html,135,1868,1702,70,135,345097,40,,No seleccionado,,Consultar
2025,4,Licenciatura 2025,421,42104005,PEDAGOGIA,FES ARAGÓN,Escolarizado,https://www.dgae.unam.mx/Licenciatura2025/resultados/4/42104005.html,135,1868,1702,70,135,345110,65,,No seleccionado,,Consultar
2025,4,Licenciatura 2025,421,42104005,PEDAGOGIA,FES ARAGÓN,Escolarizado,https://www.dgae.unam.mx/Licenciatura2025/resultados/4/42104005.html,135,1868,1702,70,135,345119,34,,No seleccionado,,Consultar
2025,4,Licenciatura 2025,421,42104005,PEDAGOGIA,FES ARAGÓN,Escolarizado,https://www.dgae.unam.mx/Licenciatura2025/resultados/4/42104005.html,135,1868,1702,70,135,345132,36,,No seleccionado,,Consultar
2025,4,Licenciatura 2025,421,42104005,PEDAGOGIA,FES ARAGÓN,Escolarizado,https://www.dgae.unam.mx/Licenciatura2025/resultados/4/42104005.html,135,1868,1702,70,135,345142,32,,No seleccionado,,Consultar
2025,4,Licenciatura 2025,421,42104005,PEDAGOGIA,FES ARAGÓN,Escolarizado,https://www.dgae.unam.mx/Licenciatura2025/resultados/4/42104005.html,135,1868,1702,70,135,345161,43,,No seleccionado,,Consultar
2025,4,Licenciatura 2025,421,42104005,PEDAGOGIA,FES ARAGÓN,Escolarizado,https://www.dgae.unam.mx/Licenciatura2025/resultados/4/42104005.html,135,1868,1702,70,135,345189,99,S,Seleccionado,Cita para entregar documentación.,Consultar
2025,4,Licenciatura 2025,421,42104005,PEDAGOGIA,FES ARAGÓN,Escolarizado,https://www.dgae.unam.mx/Licenciatura2025/resultados/4/42104005.html,135,1868,1702,70,135,345193,52,,No seleccionado,,Consultar
2025,4,Licenciatura 2025,421,42104005,PEDAGOGIA,FES ARAGÓN,Escolarizado,https://www.dgae.unam.mx/Licenciatura2025/resultados/4/42104005.html,135,1868,1702,70,135,345196,52,,No seleccionado,,Consultar
2025,4,Licenciatura 2025,421,42104005,PEDAGOGIA,FES ARAGÓN,Escolarizado,https://www.dgae.unam.mx/Licenciatura2025/resultados/4/42104005.html,135,1868,1702,70,135,345210,42,,No seleccionado,,Consultar
2025,4,Licenciatura 2025,421,42104005,PEDAGOGIA,FES ARAGÓN,Escolarizado,https://www.dgae.unam.mx/Licenciatura2025/resultados/4/42104005.html,135,1868,1702,70,135,345217,46,,No seleccionado,,Consultar
2025,4,Licenciatura 2025,421,42104005,PEDAGOGIA,FES ARAGÓN,Escolarizado,https://www.dgae.unam.mx/Licenciatura2025/resultados/4/42104005.html,135,1868,1702,70,135,345220,29,,No seleccionado,,Consultar
2025,4,Licenciatura 2025,421,42104005,PEDAGOGIA,FES ARAGÓN,Escolarizado,https://www.dgae.unam.mx/Licenciatura2025/resultados/4/42104005.html,135,1868,1702,70,135,345226,40,,No seleccionado,,Consultar
2025,4,Licenciatura 2025,421,42104005,PEDAGOGIA,FES ARAGÓN,Escolarizado,https://www.dgae.unam.mx/Licenciatura2025/resultados/4/42104005.html,135,1868,1702,70,135,345228,,N,No presentado,,Consultar
2025,4,Licenciatura 2025,421,42104005,PEDAGOGIA,FES ARAGÓN,Escolarizado,https://www.dgae.unam.mx/Licenciatura2025/resultados/4/42104005.html,135,1868,1702,70,135,345229,57,,No seleccionado,,Consultar
2025,4,Licenciatura 2025,421,42104005,PEDAGOGIA,FES ARAGÓN,Escolarizado,https://www.dgae.unam.mx/Licenciatura2025/resultados/4/42104005.html,135,1868,1702,70,135,345236,39,,No seleccionado,,Consultar
2025,4,Licenciatura 2025,421,42104005,PEDAGOGIA,FES ARAGÓN,Escolarizado,https://www.dgae.unam.mx/Licenciatura2025/resultados/4/42104005.html,135,1868,1702,70,135,345241,50,,No seleccionado,,Consultar
2025,4,Licenciatura 2025,421,42104005,PEDAGOGIA,FES ARAGÓN,Escolarizado,https://www.dgae.unam.mx/Licenciatura2025/resultados/4/42104005.html,135,1868,1702,70,135,345242,44,,No seleccionado,,Consultar
2025,4,Licenciatura 2025,421,42104005,PEDAGOGIA,FES ARAGÓN,Escolarizado,https://www.dgae.unam.mx/Licenciatura2025/resultados/4/42104005.html,135,1868,1702,70,135,345248,38,,No seleccionado,,Consultar
2025,4,Licenciatura 2025,421,42104005,PEDAGOGIA,FES ARAGÓN,Escolarizado,https://www.dgae.unam.mx/Licenciatura2025/resultados/4/42104005.html,135,1868,1702,70,135,345250,,N,No presentado,,Consultar
2025,4,Licenciatura 2025,421,42104005,PEDAGOGIA,FES ARAGÓN,Escolarizado,https://www.dgae.unam.mx/Licenciatura2025/resultados/4/42104005.html,135,1868,1702,70,135,345253,62,,No seleccionado,,Consultar
2025,4,Licenciatura 2025,421,42104005,PEDAGOGIA,FES ARAGÓN,Escolarizado,https://www.dgae.unam.mx/Licenciatura2025/resultados/4/42104005.html,135,1868,1702,70,135,345254,37,,No seleccionado,,Consultar
2025,4,Licenciatura 2025,421,42104005,PEDAGOGIA,FES ARAGÓN,Escolarizado,https://www.dgae.unam.mx/Licenciatura2025/resultados/4/42104005.html,135,1868,1702,70,135,345260,28,,No seleccionado,,Consultar
2025,4,Licenciatura 2025,421,42104005,PEDAGOGIA,FES ARAGÓN,Escolarizado,https://www.dgae.unam.mx/Licenciatura2025/resultados/4/42104005.html,135,1868,1702,70,135,345262,74,S,Seleccionado,Cita para entregar documentación.,Consultar
2025,4,Licenciatura 2025,421,42104005,PEDAGOGIA,FES ARAGÓN,Escolarizado,https://www.dgae.unam.mx/Licenciatura2025/resultados/4/42104005.html,135,1868,1702,70,135,345266,33,,No seleccionado,,Consultar
2025,4,Licenciatura 2025,421,42104005,PEDAGOGIA,FES ARAGÓN,Escolarizado,https://www.dgae.unam.mx/Licenciatura2025/resultados/4/42104005.html,135,1868,1702,70,135,345268,39,,No seleccionado,,Consultar
2025,4,Licenciatura 2025,421,42104005,PEDAGOGIA,FES ARAGÓN,Escolarizado,https://www.dgae.unam.mx/Licenciatura2025/resultados/4/42104005.html,135,1868,1702,70,135,345270,33,,No seleccionado,,Consultar
2025,4,Licenciatura 2025,421,42104005,PEDAGOGIA,FES ARAGÓN,Escolarizado,https://www.dgae.unam.mx/Licenciatura2025/resultados/4/42104005.html,135,1868,1702,70,135,345274,55,,No seleccionado,,Consultar
2025,4,Licenciatura 2025,421,42104005,PEDAGOGIA,FES ARAGÓN,Escolarizado,https://www.dgae.unam.mx/Licenciatura2025/resultados/4/42104005.html,135,1868,1702,70,135,345281,64,,No seleccionado,,Consultar
2025,4,Licenciatura 2025,421,42104005,PEDAGOGIA,FES ARAGÓN,Escolarizado,https://www.dgae.unam.mx/Licenciatura2025/resultados/4/42104005.html,135,1868,1702,70,135,345283,62,,No seleccionado,,Consultar
2025,4,Licenciatura 2025,421,42104005,PEDAGOGIA,FES ARAGÓN,Escolarizado,https://www.dgae.unam.mx/Licenciatura2025/resultados/4/42104005.html,135,1868,1702,70,135,345291,,N,No presentado,,Consultar
2025,4,Licenciatura 2025,421,42104005,PEDAGOGIA,FES ARAGÓN,Escolarizado,https://www.dgae.unam.mx/Licenciatura2025/resultados/4/42104005.html,135,1868,1702,70,135,345297,44,,No seleccionado,,Consultar
2025,4,Licenciatura 2025,421,42104005,PEDAGOGIA,FES ARAGÓN,Escolarizado,https://www.dgae.unam.mx/Licenciatura2025/resultados/4/42104005.html,135,1868,1702,70,135,345300,44,,No seleccionado,,Consultar
2025,4,Licenciatura 2025,421,42104005,PEDAGOGIA,FES ARAGÓN,Escolarizado,https://www.dgae.unam.mx/Licenciatura2025/resultados/4/42104005.html,135,1868,1702,70,135,345324,33,,No seleccionado,,Consultar
2025,4,Licenciatura 2025,421,42104005,PEDAGOGIA,FES ARAGÓN,Escolarizado,https://www.dgae.unam.mx/Licenciatura2025/resultados/4/42104005.html,135,1868,1702,70,135,345326,37,,No seleccionado,,Consultar
2025,4,Licenciatura 2025,421,42104005,PEDAGOGIA,FES ARAGÓN,Escolarizado,https://www.dgae.unam.mx/Licenciatura2025/resultados/4/42104005.html,135,1868,1702,70,135,345329,44,,No seleccionado,,Consultar
2025,4,Licenciatura 2025,421,42104005,PEDAGOGIA,FES ARAGÓN,Escolarizado,https://www.dgae.unam.mx/Licenciatura2025/resultados/4/42104005.html,135,1868,1702,70,135,345335,,N,No presentado,,Consultar
2025,4,Licenciatura 2025,421,42104005,PEDAGOGIA,FES ARAGÓN,Escolarizado,https://www.dgae.unam.mx/Licenciatura2025/resultados/4/42104005.html,135,1868,1702,70,135,345337,38,,No seleccionado,,Consultar
2025,4,Licenciatura 2025,421,42104005,PEDAGOGIA,FES ARAGÓN,Escolarizado,https://www.dgae.unam.mx/Licenciatura2025/resultados/4/42104005.html,135,1868,1702,70,135,345343,,N,No presentado,,Consultar
2025,4,Licenciatura 2025,421,42104005,PEDAGOGIA,FES ARAGÓN,Escolarizado,https://www.dgae.unam.mx/Licenciatura2025/resultados/4/42104005.html,135,1868,1702,70,135,345345,,N,No presentado,,Consultar
2025,4,Licenciatura 2025,421,42104005,PEDAGOGIA,FES ARAGÓN,Escolarizado,https://www.dgae.unam.mx/Licenciatura2025/resultados/4/42104005.html,135,1868,1702,70,135,345351,33,,No seleccionado,,Consultar
2025,4,Licenciatura 2025,421,42104005,PEDAGOGIA,FES ARAGÓN,Escolarizado,https://www.dgae.unam.mx/Licenciatura2025/resultados/4/42104005.html,135,1868,1702,70,135,345355,29,,No seleccionado,,Consultar
2025,4,Licenciatura 2025,421,42104005,PEDAGOGIA,FES ARAGÓN,Escolarizado,https://www.dgae.unam.mx/Licenciatura2025/resultados/4/42104005.html,135,1868,1702,70,135,345356,69,,No seleccionado,,Consultar
2025,4,Licenciatura 2025,421,42104005,PEDAGOGIA,FES ARAGÓN,Escolarizado,https://www.dgae.unam.mx/Licenciatura2025/resultados/4/42104005.html,135,1868,1702,70,135,345358,40,,No seleccionado,,Consultar
2025,4,Licenciatura 2025,421,42104005,PEDAGOGIA,FES ARAGÓN,Escolarizado,https://www.dgae.unam.mx/Licenciatura2025/resultados/4/42104005.html,135,1868,1702,70,135,345359,36,,No seleccionado,,Consultar
2025,4,Licenciatura 2025,421,42104005,PEDAGOGIA,FES ARAGÓN,Escolarizado,https://www.dgae.unam.mx/Licenciatura2025/resultados/4/42104005.html,135,1868,1702,70,135,345363,34,,No seleccionado,,Consultar
2025,4,Licenciatura 2025,421,42104005,PEDAGOGIA,FES ARAGÓN,Escolarizado,https://www.dgae.unam.mx/Licenciatura2025/resultados/4/42104005.html,135,1868,1702,70,135,345366,,N,No presentado,,Consultar
2025,4,Licenciatura 2025,421,42104005,PEDAGOGIA,FES ARAGÓN,Escolarizado,https://www.dgae.unam.mx/Licenciatura2025/resultados/4/42104005.html,135,1868,1702,70,135,345368,51,,No seleccionado,,Consultar
2025,4,Licenciatura 2025,421,42104005,PEDAGOGIA,FES ARAGÓN,Escolarizado,https://www.dgae.unam.mx/Licenciatura2025/resultados/4/42104005.html,135,1868,1702,70,135,345369,,N,No presentado,,Consultar
2025,4,Licenciatura 2025,421,42104005,PEDAGOGIA,FES ARAGÓN,Escolarizado,https://www.dgae.unam.mx/Licenciatura2025/resultados/4/42104005.html,135,1868,1702,70,135,345370,48,,No seleccionado,,Consultar
2025,4,Licenciatura 2025,421,42104005,PEDAGOGIA,FES ARAGÓN,Escolarizado,https://www.dgae.unam.mx/Licenciatura2025/resultados/4/42104005.html,135,1868,1702,70,135,345373,41,,No seleccionado,,Consultar
2025,4,Licenciatura 2025,421,42104005,PEDAGOGIA,FES ARAGÓN,Escolarizado,https://www.dgae.unam.mx/Licenciatura2025/resultados/4/42104005.html,135,1868,1702,70,135,345374,66,,No seleccionado,,Consultar
2025,4,Licenciatura 2025,421,42104005,PEDAGOGIA,FES ARAGÓN,Escolarizado,https://www.dgae.unam.mx/Licenciatura2025/resultados/4/42104005.html,135,1868,1702,70,135,345375,53,,No seleccionado,,Consultar
2025,4,Licenciatura 2025,421,42104005,PEDAGOGIA,FES ARAGÓN,Escolarizado,https://www.dgae.unam.mx/Licenciatura2025/resultados/4/42104005.html,135,1868,1702,70,135,345387,55,,No seleccionado,,Consultar
2025,4,Licenciatura 2025,421,42104005,PEDAGOGIA,FES ARAGÓN,Escolarizado,https://www.dgae.unam.mx/Licenciatura2025/resultados/4/42104005.html,135,1868,1702,70,135,345398,34,,No seleccionado,,Consultar
2025,4,Licenciatura 2025,421,42104005,PEDAGOGIA,FES ARAGÓN,Escolarizado,https://www.dgae.unam.mx/Licenciatura2025/resultados/4/42104005.html,135,1868,1702,70,135,345407,47,,No seleccionado,,Consultar
2025,4,Licenciatura 2025,421,42104005,PEDAGOGIA,FES ARAGÓN,Escolarizado,https://www.dgae.unam.mx/Licenciatura2025/resultados/4/42104005.html,135,1868,1702,70,135,345411,40,,No seleccionado,,Consultar
2025,4,Licenciatura 2025,421,42104005,PEDAGOGIA,FES ARAGÓN,Escolarizado,https://www.dgae.unam.mx/Licenciatura2025/resultados/4/42104005.html,135,1868,1702,70,135,345418,34,,No seleccionado,,Consultar
2025,4,Licenciatura 2025,421,42104005,PEDAGOGIA,FES ARAGÓN,Escolarizado,https://www.dgae.unam.mx/Licenciatura2025/resultados/4/42104005.html,135,1868,1702,70,135,345425,39,,No seleccionado,,Consultar
2025,4,Licenciatura 2025,421,42104005,PEDAGOGIA,FES ARAGÓN,Escolarizado,https://www.dgae.unam.mx/Licenciatura2025/resultados/4/42104005.html,135,1868,1702,70,135,345432,65,,No seleccionado,,Consultar
2025,4,Licenciatura 2025,421,42104005,PEDAGOGIA,FES ARAGÓN,Escolarizado,https://www.dgae.unam.mx/Licenciatura2025/resultados/4/42104005.html,135,1868,1702,70,135,345435,43,,No seleccionado,,Consultar
2025,4,Licenciatura 2025,421,42104005,PEDAGOGIA,FES ARAGÓN,Escolarizado,https://www.dgae.unam.mx/Licenciatura2025/resultados/4/42104005.html,135,1868,1702,70,135,345443,41,,No seleccionado,,Consultar
2025,4,Licenciatura 2025,421,42104005,PEDAGOGIA,FES ARAGÓN,Escolarizado,https://www.dgae.unam.mx/Licenciatura2025/resultados/4/42104005.html,135,1868,1702,70,135,345461,48,,No seleccionado,,Consultar
2025,4,Licenciatura 2025,421,42104005,PEDAGOGIA,FES ARAGÓN,Escolarizado,https://www.dgae.unam.mx/Licenciatura2025/resultados/4/42104005.html,135,1868,1702,70,135,345466,68,,No seleccionado,,Consultar
2025,4,Licenciatura 2025,421,42104005,PEDAGOGIA,FES ARAGÓN,Escolarizado,https://www.dgae.unam.mx/Licenciatura2025/resultados/4/42104005.html,135,1868,1702,70,135,345482,63,,No seleccionado,,Consultar
2025,4,Licenciatura 2025,421,42104005,PEDAGOGIA,FES ARAGÓN,Escolarizado,https://www.dgae.unam.mx/Licenciatura2025/resultados/4/42104005.html,135,1868,1702,70,135,345487,40,,No seleccionado,,Consultar
2025,4,Licenciatura 2025,421,42104005,PEDAGOGIA,FES ARAGÓN,Escolarizado,https://www.dgae.unam.mx/Licenciatura2025/resultados/4/42104005.html,135,1868,1702,70,135,345492,44,,No seleccionado,,Consultar
2025,4,Licenciatura 2025,421,42104005,PEDAGOGIA,FES ARAGÓN,Escolarizado,https://www.dgae.unam.mx/Licenciatura2025/resultados/4/42104005.html,135,1868,1702,70,135,345503,34,,No seleccionado,,Consultar
2025,4,Licenciatura 2025,421,42104005,PEDAGOGIA,FES ARAGÓN,Escolarizado,https://www.dgae.unam.mx/Licenciatura2025/resultados/4/42104005.html,135,1868,1702,70,135,345512,20,,No seleccionado,,Consultar
2025,4,Licenciatura 2025,421,42104005,PEDAGOGIA,FES ARAGÓN,Escolarizado,https://www.dgae.unam.mx/Licenciatura2025/resultados/4/42104005.html,135,1868,1702,70,135,345520,,N,No presentado,,Consultar
2025,4,Licenciatura 2025,421,42104005,PEDAGOGIA,FES ARAGÓN,Escolarizado,https://www.dgae.unam.mx/Licenciatura2025/resultados/4/42104005.html,135,1868,1702,70,135,345529,39,,No seleccionado,,Consultar
2025,4,Licenciatura 2025,421,42104005,PEDAGOGIA,FES ARAGÓN,Escolarizado,https://www.dgae.unam.mx/Licenciatura2025/resultados/4/42104005.html,135,1868,1702,70,135,345537,23,,No seleccionado,,Consultar
2025,4,Licenciatura 2025,421,42104005,PEDAGOGIA,FES ARAGÓN,Escolarizado,https://www.dgae.unam.mx/Licenciatura2025/resultados/4/42104005.html,135,1868,1702,70,135,345548,35,,No seleccionado,,Consultar
2025,4,Licenciatura 2025,421,42104005,PEDAGOGIA,FES ARAGÓN,Escolarizado,https://www.dgae.unam.mx/Licenciatura2025/resultados/4/42104005.html,135,1868,1702,70,135,345553,28,,No seleccionado,,Consultar
2025,4,Licenciatura 2025,421,42104005,PEDAGOGIA,FES ARAGÓN,Escolarizado,https://www.dgae.unam.mx/Licenciatura2025/resultados/4/42104005.html,135,1868,1702,70,135,345573,44,,No seleccionado,,Consultar
2025,4,Licenciatura 2025,421,42104005,PEDAGOGIA,FES ARAGÓN,Escolarizado,https://www.dgae.unam.mx/Licenciatura2025/resultados/4/42104005.html,135,1868,1702,70,135,345581,66,,No seleccionado,,Consultar
2025,4,Licenciatura 2025,421,42104005,PEDAGOGIA,FES ARAGÓN,Escolarizado,https://www.dgae.unam.mx/Licenciatura2025/resultados/4/42104005.html,135,1868,1702,70,135,345585,47,,No seleccionado,,Consultar
2025,4,Licenciatura 2025,421,42104005,PEDAGOGIA,FES ARAGÓN,Escolarizado,https://www.dgae.unam.mx/Licenciatura2025/resultados/4/42104005.html,135,1868,1702,70,135,345586,46,,No seleccionado,,Consultar
2025,4,Licenciatura 2025,421,42104005,PEDAGOGIA,FES ARAGÓN,Escolarizado,https://www.dgae.unam.mx/Licenciatura2025/resultados/4/42104005.html,135,1868,1702,70,135,345588,54,,No seleccionado,,Consultar
2025,4,Licenciatura 2025,421,42104005,PEDAGOGIA,FES ARAGÓN,Escolarizado,https://www.dgae.unam.mx/Licenciatura2025/resultados/4/42104005.html,135,1868,1702,70,135,345590,37,,No seleccionado,,Consultar
2025,4,Licenciatura 2025,421,42104005,PEDAGOGIA,FES ARAGÓN,Escolarizado,https://www.dgae.unam.mx/Licenciatura2025/resultados/4/42104005.html,135,1868,1702,70,135,345596,,N,No presentado,,Consultar
2025,4,Licenciatura 2025,421,42104005,PEDAGOGIA,FES ARAGÓN,Escolarizado,https://www.dgae.unam.mx/Licenciatura2025/resultados/4/42104005.html,135,1868,1702,70,135,345600,39,,No seleccionado,,Consultar
2025,4,Licenciatura 2025,421,42104005,PEDAGOGIA,FES ARAGÓN,Escolarizado,https://www.dgae.unam.mx/Licenciatura2025/resultados/4/42104005.html,135,1868,1702,70,135,345607,34,,No seleccionado,,Consultar
2025,4,Licenciatura 2025,421,42104005,PEDAGOGIA,FES ARAGÓN,Escolarizado,https://www.dgae.unam.mx/Licenciatura2025/resultados/4/42104005.html,135,1868,1702,70,135,345610,30,,No seleccionado,,Consultar
2025,4,Licenciatura 2025,421,42104005,PEDAGOGIA,FES ARAGÓN,Escolarizado,https://www.dgae.unam.mx/Licenciatura2025/resultados/4/42104005.html,135,1868,1702,70,135,345613,42,,No seleccionado,,Consultar
2025,4,Licenciatura 2025,421,42104005,PEDAGOGIA,FES ARAGÓN,Escolarizado,https://www.dgae.unam.mx/Licenciatura2025/resultados/4/42104005.html,135,1868,1702,70,135,345614,35,,No seleccionado,,Consultar
2025,4,Licenciatura 2025,421,42104005,PEDAGOGIA,FES ARAGÓN,Escolarizado,https://www.dgae.unam.mx/Licenciatura2025/resultados/4/42104005.html,135,1868,1702,70,135,345627,41,,No seleccionado,,Consultar
2025,4,Licenciatura 2025,421,42104005,PEDAGOGIA,FES ARAGÓN,Escolarizado,https://www.dgae.unam.mx/Licenciatura2025/resultados/4/42104005.html,135,1868,1702,70,135,345628,48,,No seleccionado,,Consultar
2025,4,Licenciatura 2025,421,42104005,PEDAGOGIA,FES ARAGÓN,Escolarizado,https://www.dgae.unam.mx/Licenciatura2025/resultados/4/42104005.html,135,1868,1702,70,135,345631,26,,No seleccionado,,Consultar
2025,4,Licenciatura 2025,421,42104005,PEDAGOGIA,FES ARAGÓN,Escolarizado,https://www.dgae.unam.mx/Licenciatura2025/resultados/4/42104005.html,135,1868,1702,70,135,345646,47,,No seleccionado,,Consultar
2025,4,Licenciatura 2025,421,42104005,PEDAGOGIA,FES ARAGÓN,Escolarizado,https://www.dgae.unam.mx/Licenciatura2025/resultados/4/42104005.html,135,1868,1702,70,135,345647,41,,No seleccionado,,Consultar
2025,4,Licenciatura 2025,421,42104005,PEDAGOGIA,FES ARAGÓN,Escolarizado,https://www.dgae.unam.mx/Licenciatura2025/resultados/4/42104005.html,135,1868,1702,70,135,345666,34,,No seleccionado,,Consultar
2025,4,Licenciatura 2025,421,42104005,PEDAGOGIA,FES ARAGÓN,Escolarizado,https://www.dgae.unam.mx/Licenciatura2025/resultados/4/42104005.html,135,1868,1702,70,135,345691,32,,No seleccionado,,Consultar
2025,4,Licenciatura 2025,421,42104005,PEDAGOGIA,FES ARAGÓN,Escolarizado,https://www.dgae.unam.mx/Licenciatura2025/resultados/4/42104005.html,135,1868,1702,70,135,345707,48,,No seleccionado,,Consultar
2025,4,Licenciatura 2025,421,42104005,PEDAGOGIA,FES ARAGÓN,Escolarizado,https://www.dgae.unam.mx/Licenciatura2025/resultados/4/42104005.html,135,1868,1702,70,135,345711,40,,No seleccionado,,Consultar
2025,4,Licenciatura 2025,421,42104005,PEDAGOGIA,FES ARAGÓN,Escolarizado,https://www.dgae.unam.mx/Licenciatura2025/resultados/4/42104005.html,135,1868,1702,70,135,345714,38,,No seleccionado,,Consultar
2025,4,Licenciatura 2025,421,42104005,PEDAGOGIA,FES ARAGÓN,Escolarizado,https://www.dgae.unam.mx/Licenciatura2025/resultados/4/42104005.html,135,1868,1702,70,135,345724,46,,No seleccionado,,Consultar
2025,4,Licenciatura 2025,421,42104005,PEDAGOGIA,FES ARAGÓN,Escolarizado,https://www.dgae.unam.mx/Licenciatura2025/resultados/4/42104005.html,135,1868,1702,70,135,345731,,N,No presentado,,Consultar
2025,4,Licenciatura 2025,421,42104005,PEDAGOGIA,FES ARAGÓN,Escolarizado,https://www.dgae.unam.mx/Licenciatura2025/resultados/4/42104005.html,135,1868,1702,70,135,345748,41,,No seleccionado,,Consultar
2025,4,Licenciatura 2025,421,42104005,PEDAGOGIA,FES ARAGÓN,Escolarizado,https://www.dgae.unam.mx/Licenciatura2025/resultados/4/42104005.html,135,1868,1702,70,135,345777,60,,No seleccionado,,Consultar
2025,4,Licenciatura 2025,421,42104005,PEDAGOGIA,FES ARAGÓN,Escolarizado,https://www.dgae.unam.mx/Licenciatura2025/resultados/4/42104005.html,135,1868,1702,70,135,345778,32,,No seleccionado,,Consultar
2025,4,Licenciatura 2025,421,42104005,PEDAGOGIA,FES ARAGÓN,Escolarizado,https://www.dgae.unam.mx/Licenciatura2025/resultados/4/42104005.html,135,1868,1702,70,135,345782,54,,No seleccionado,,Consultar
2025,4,Licenciatura 2025,421,42104005,PEDAGOGIA,FES ARAGÓN,Escolarizado,https://www.dgae.unam.mx/Licenciatura2025/resultados/4/42104005.html,135,1868,1702,70,135,345783,50,,No seleccionado,,Consultar
2025,4,Licenciatura 2025,421,42104005,PEDAGOGIA,FES ARAGÓN,Escolarizado,https://www.dgae.unam.mx/Licenciatura2025/resultados/4/42104005.html,135,1868,1702,70,135,345787,43,,No seleccionado,,Consultar
2025,4,Licenciatura 2025,421,42104005,PEDAGOGIA,FES ARAGÓN,Escolarizado,https://www.dgae.unam.mx/Licenciatura2025/resultados/4/42104005.html,135,1868,1702,70,135,345793,41,,No seleccionado,,Consultar
2025,4,Licenciatura 2025,421,42104005,PEDAGOGIA,FES ARAGÓN,Escolarizado,https://www.dgae.unam.mx/Licenciatura2025/resultados/4/42104005.html,135,1868,1702,70,135,345807,26,,No seleccionado,,Consultar
2025,4,Licenciatura 2025,421,42104005,PEDAGOGIA,FES ARAGÓN,Escolarizado,https://www.dgae.unam.mx/Licenciatura2025/resultados/4/42104005.html,135,1868,1702,70,135,345809,27,,No seleccionado,,Consultar
2025,4,Licenciatura 2025,421,42104005,PEDAGOGIA,FES ARAGÓN,Escolarizado,https://www.dgae.unam.mx/Licenciatura2025/resultados/4/42104005.html,135,1868,1702,70,135,345817,28,,No seleccionado,,Consultar
2025,4,Licenciatura 2025,421,42104005,PEDAGOGIA,FES ARAGÓN,Escolarizado,https://www.dgae.unam.mx/Licenciatura2025/resultados/4/42104005.html,135,1868,1702,70,135,345823,39,,No seleccionado,,Consultar
2025,4,Licenciatura 2025,421,42104005,PEDAGOGIA,FES ARAGÓN,Escolarizado,https://www.dgae.unam.mx/Licenciatura2025/resultados/4/42104005.html,135,1868,1702,70,135,345829,41,,No seleccionado,,Consultar
2025,4,Licenciatura 2025,421,42104005,PEDAGOGIA,FES ARAGÓN,Escolarizado,https://www.dgae.unam.mx/Licenciatura2025/resultados/4/42104005.html,135,1868,1702,70,135,345830,,N,No presentado,,Consultar
2025,4,Licenciatura 2025,421,42104005,PEDAGOGIA,FES ARAGÓN,Escolarizado,https://www.dgae.unam.mx/Licenciatura2025/resultados/4/42104005.html,135,1868,1702,70,135,345832,54,,No seleccionado,,Consultar
2025,4,Licenciatura 2025,421,42104005,PEDAGOGIA,FES ARAGÓN,Escolarizado,https://www.dgae.unam.mx/Licenciatura2025/resultados/4/42104005.html,135,1868,1702,70,135,345845,39,,No seleccionado,,Consultar
2025,4,Licenciatura 2025,421,42104005,PEDAGOGIA,FES ARAGÓN,Escolarizado,https://www.dgae.unam.mx/Licenciatura2025/resultados/4/42104005.html,135,1868,1702,70,135,345850,38,,No seleccionado,,Consultar
2025,4,Licenciatura 2025,421,42104005,PEDAGOGIA,FES ARAGÓN,Escolarizado,https://www.dgae.unam.mx/Licenciatura2025/resultados/4/42104005.html,135,1868,1702,70,135,345852,32,,No seleccionado,,Consultar
2025,4,Licenciatura 2025,421,42104005,PEDAGOGIA,FES ARAGÓN,Escolarizado,https://www.dgae.unam.mx/Licenciatura2025/resultados/4/42104005.html,135,1868,1702,70,135,345855,45,,No seleccionado,,Consultar
2025,4,Licenciatura 2025,421,42104005,PEDAGOGIA,FES ARAGÓN,Escolarizado,https://www.dgae.unam.mx/Licenciatura2025/resultados/4/42104005.html,135,1868,1702,70,135,345860,67,,No seleccionado,,Consultar
2025,4,Licenciatura 2025,421,42104005,PEDAGOGIA,FES ARAGÓN,Escolarizado,https://www.dgae.unam.mx/Licenciatura2025/resultados/4/42104005.html,135,1868,1702,70,135,345862,39,,No seleccionado,,Consultar
2025,4,Licenciatura 2025,421,42104005,PEDAGOGIA,FES ARAGÓN,Escolarizado,https://www.dgae.unam.mx/Licenciatura2025/resultados/4/42104005.html,135,1868,1702,70,135,345863,58,,No seleccionado,,Consultar
2025,4,Licenciatura 2025,421,42104005,PEDAGOGIA,FES ARAGÓN,Escolarizado,https://www.dgae.unam.mx/Licenciatura2025/resultados/4/42104005.html,135,1868,1702,70,135,345865,51,,No seleccionado,,Consultar
2025,4,Licenciatura 2025,421,42104005,PEDAGOGIA,FES ARAGÓN,Escolarizado,https://www.dgae.unam.mx/Licenciatura2025/resultados/4/42104005.html,135,1868,1702,70,135,345868,41,,No seleccionado,,Consultar
2025,4,Licenciatura 2025,421,42104005,PEDAGOGIA,FES ARAGÓN,Escolarizado,https://www.dgae.unam.mx/Licenciatura2025/resultados/4/42104005.html,135,1868,1702,70,135,345877,50,,No seleccionado,,Consultar
2025,4,Licenciatura 2025,421,42104005,PEDAGOGIA,FES ARAGÓN,Escolarizado,https://www.dgae.unam.mx/Licenciatura2025/resultados/4/42104005.html,135,1868,1702,70,135,345879,60,,No seleccionado,,Consultar
2025,4,Licenciatura 2025,421,42104005,PEDAGOGIA,FES ARAGÓN,Escolarizado,https://www.dgae.unam.mx/Licenciatura2025/resultados/4/42104005.html,135,1868,1702,70,135,345893,29,,No seleccionado,,Consultar
2025,4,Licenciatura 2025,421,42104005,PEDAGOGIA,FES ARAGÓN,Escolarizado,https://www.dgae.unam.mx/Licenciatura2025/resultados/4/42104005.html,135,1868,1702,70,135,345896,42,,No seleccionado,,Consultar
2025,4,Licenciatura 2025,421,42104005,PEDAGOGIA,FES ARAGÓN,Escolarizado,https://www.dgae.unam.mx/Licenciatura2025/resultados/4/42104005.html,135,1868,1702,70,135,345901,39,,No seleccionado,,Consultar
2025,4,Licenciatura 2025,421,42104005,PEDAGOGIA,FES ARAGÓN,Escolarizado,https://www.dgae.unam.mx/Licenciatura2025/resultados/4/42104005.html,135,1868,1702,70,135,345907,35,,No seleccionado,,Consultar
2025,4,Licenciatura 2025,421,42104005,PEDAGOGIA,FES ARAGÓN,Escolarizado,https://www.dgae.unam.mx/Licenciatura2025/resultados/4/42104005.html,135,1868,1702,70,135,345915,37,,No seleccionado,,Consultar
2025,4,Licenciatura 2025,421,42104005,PEDAGOGIA,FES ARAGÓN,Escolarizado,https://www.dgae.unam.mx/Licenciatura2025/resultados/4/42104005.html,135,1868,1702,70,135,345920,42,,No seleccionado,,Consultar
2025,4,Licenciatura 2025,421,42104005,PEDAGOGIA,FES ARAGÓN,Escolarizado,https://www.dgae.unam.mx/Licenciatura2025/resultados/4/42104005.html,135,1868,1702,70,135,345925,45,,No seleccionado,,Consultar
2025,4,Licenciatura 2025,421,42104005,PEDAGOGIA,FES ARAGÓN,Escolarizado,https://www.dgae.unam.mx/Licenciatura2025/resultados/4/42104005.html,135,1868,1702,70,135,345931,,N,No presentado,,Consultar
2025,4,Licenciatura 2025,421,42104005,PEDAGOGIA,FES ARAGÓN,Escolarizado,https://www.dgae.unam.mx/Licenciatura2025/resultados/4/42104005.html,135,1868,1702,70,135,345939,47,,No seleccionado,,Consultar
2025,4,Licenciatura 2025,421,42104005,PEDAGOGIA,FES ARAGÓN,Escolarizado,https://www.dgae.unam.mx/Licenciatura2025/resultados/4/42104005.html,135,1868,1702,70,135,345940,44,,No seleccionado,,Consultar
2025,4,Licenciatura 2025,421,42104005,PEDAGOGIA,FES ARAGÓN,Escolarizado,https://www.dgae.unam.mx/Licenciatura2025/resultados/4/42104005.html,135,1868,1702,70,135,345956,57,,No seleccionado,,Consultar
2025,4,Licenciatura 2025,421,42104005,PEDAGOGIA,FES ARAGÓN,Escolarizado,https://www.dgae.unam.mx/Licenciatura2025/resultados/4/42104005.html,135,1868,1702,70,135,345960,33,,No seleccionado,,Consultar
2025,4,Licenciatura 2025,421,42104005,PEDAGOGIA,FES ARAGÓN,Escolarizado,https://www.dgae.unam.mx/Licenciatura2025/resultados/4/42104005.html,135,1868,1702,70,135,345973,42,,No seleccionado,,Consultar
2025,4,Licenciatura 2025,421,42104005,PEDAGOGIA,FES ARAGÓN,Escolarizado,https://www.dgae.unam.mx/Licenciatura2025/resultados/4/42104005.html,135,1868,1702,70,135,345978,62,,No seleccionado,,Consultar
2025,4,Licenciatura 2025,421,42104005,PEDAGOGIA,FES ARAGÓN,Escolarizado,https://www.dgae.unam.mx/Licenciatura2025/resultados/4/42104005.html,135,1868,1702,70,135,345979,43,,No seleccionado,,Consultar
2025,4,Licenciatura 2025,421,42104005,PEDAGOGIA,FES ARAGÓN,Escolarizado,https://www.dgae.unam.mx/Licenciatura2025/resultados/4/42104005.html,135,1868,1702,70,135,345989,41,,No seleccionado,,Consultar
2025,4,Licenciatura 2025,421,42104005,PEDAGOGIA,FES ARAGÓN,Escolarizado,https://www.dgae.unam.mx/Licenciatura2025/resultados/4/42104005.html,135,1868,1702,70,135,345995,42,,No seleccionado,,Consultar
2025,4,Licenciatura 2025,421,42104005,PEDAGOGIA,FES ARAGÓN,Escolarizado,https://www.dgae.unam.mx/Licenciatura2025/resultados/4/42104005.html,135,1868,1702,70,135,345998,73,S,Seleccionado,Cita para entregar documentación.,Consultar
2025,4,Licenciatura 2025,421,42104005,PEDAGOGIA,FES ARAGÓN,Escolarizado,https://www.dgae.unam.mx/Licenciatura2025/resultados/4/42104005.html,135,1868,1702,70,135,346001,49,,No seleccionado,,Consultar
2025,4,Licenciatura 2025,421,42104005,PEDAGOGIA,FES ARAGÓN,Escolarizado,https://www.dgae.unam.mx/Licenciatura2025/resultados/4/42104005.html,135,1868,1702,70,135,346003,78,S,Seleccionado,Cita para entregar documentación.,Consultar
2025,4,Licenciatura 2025,421,42104005,PEDAGOGIA,FES ARAGÓN,Escolarizado,https://www.dgae.unam.mx/Licenciatura2025/resultados/4/42104005.html,135,1868,1702,70,135,346004,60,,No seleccionado,,Consultar
2025,4,Licenciatura 2025,421,42104005,PEDAGOGIA,FES ARAGÓN,Escolarizado,https://www.dgae.unam.mx/Licenciatura2025/resultados/4/42104005.html,135,1868,1702,70,135,346006,65,,No seleccionado,,Consultar
2025,4,Licenciatura 2025,421,42104005,PEDAGOGIA,FES ARAGÓN,Escolarizado,https://www.dgae.unam.mx/Licenciatura2025/resultados/4/42104005.html,135,1868,1702,70,135,346013,,N,No presentado,,Consultar
2025,4,Licenciatura 2025,421,42104005,PEDAGOGIA,FES ARAGÓN,Escolarizado,https://www.dgae.unam.mx/Licenciatura2025/resultados/4/42104005.html,135,1868,1702,70,135,346017,44,,No seleccionado,,Consultar
2025,4,Licenciatura 2025,421,42104005,PEDAGOGIA,FES ARAGÓN,Escolarizado,https://www.dgae.unam.mx/Licenciatura2025/resultados/4/42104005.html,135,1868,1702,70,135,346019,42,,No seleccionado,,Consultar
2025,4,Licenciatura 2025,421,42104005,PEDAGOGIA,FES ARAGÓN,Escolarizado,https://www.dgae.unam.mx/Licenciatura2025/resultados/4/42104005.html,135,1868,1702,70,135,346027,45,,No seleccionado,,Consultar
2025,4,Licenciatura 2025,421,42104005,PEDAGOGIA,FES ARAGÓN,Escolarizado,https://www.dgae.unam.mx/Licenciatura2025/resultados/4/42104005.html,135,1868,1702,70,135,346039,39,,No seleccionado,,Consultar
2025,4,Licenciatura 2025,421,42104005,PEDAGOGIA,FES ARAGÓN,Escolarizado,https://www.dgae.unam.mx/Licenciatura2025/resultados/4/42104005.html,135,1868,1702,70,135,346041,29,,No seleccionado,,Consultar
2025,4,Licenciatura 2025,421,42104005,PEDAGOGIA,FES ARAGÓN,Escolarizado,https://www.dgae.unam.mx/Licenciatura2025/resultados/4/42104005.html,135,1868,1702,70,135,346082,33,,No seleccionado,,Consultar
2025,4,Licenciatura 2025,421,42104005,PEDAGOGIA,FES ARAGÓN,Escolarizado,https://www.dgae.unam.mx/Licenciatura2025/resultados/4/42104005.html,135,1868,1702,70,135,346093,31,,No seleccionado,,Consultar
2025,4,Licenciatura 2025,421,42104005,PEDAGOGIA,FES ARAGÓN,Escolarizado,https://www.dgae.unam.mx/Licenciatura2025/resultados/4/42104005.html,135,1868,1702,70,135,346100,60,,No seleccionado,,Consultar
2025,4,Licenciatura 2025,421,42104005,PEDAGOGIA,FES ARAGÓN,Escolarizado,https://www.dgae.unam.mx/Licenciatura2025/resultados/4/42104005.html,135,1868,1702,70,135,346284,,N,No presentado,,Consultar
2025,4,Licenciatura 2025,421,42104005,PEDAGOGIA,FES ARAGÓN,Escolarizado,https://www.dgae.unam.mx/Licenciatura2025/resultados/4/42104005.html,135,1868,1702,70,135,346409,,N,No presentado,,Consultar
2025,4,Licenciatura 2025,421,42104005,PEDAGOGIA,FES ARAGÓN,Escolarizado,https://www.dgae.unam.mx/Licenciatura2025/resultados/4/42104005.html,135,1868,1702,70,135,346619,34,,No seleccionado,,Consultar
2025,4,Licenciatura 2025,421,42104005,PEDAGOGIA,FES ARAGÓN,Escolarizado,https://www.dgae.unam.mx/Licenciatura2025/resultados/4/42104005.html,135,1868,1702,70,135,346714,24,,No seleccionado,,Consultar
2025,4,Licenciatura 2025,421,42104005,PEDAGOGIA,FES ARAGÓN,Escolarizado,https://www.dgae.unam.mx/Licenciatura2025/resultados/4/42104005.html,135,1868,1702,70,135,346764,28,,No seleccionado,,Consultar
2025,4,Licenciatura 2025,421,42104005,PEDAGOGIA,FES ARAGÓN,Escolarizado,https://www.dgae.unam.mx/Licenciatura2025/resultados/4/42104005.html,135,1868,1702,70,135,346917,37,,No seleccionado,,Consultar
2025,4,Licenciatura 2025,421,42104005,PEDAGOGIA,FES ARAGÓN,Escolarizado,https://www.dgae.unam.mx/Licenciatura2025/resultados/4/42104005.html,135,1868,1702,70,135,346977,,N,No presentado,,Consultar
2025,4,Licenciatura 2025,421,42104005,PEDAGOGIA,FES ARAGÓN,Escolarizado,https://www.dgae.unam.mx/Licenciatura2025/resultados/4/42104005.html,135,1868,1702,70,135,346980,,N,No presentado,,Consultar
2025,4,Licenciatura 2025,421,42104005,PEDAGOGIA,FES ARAGÓN,Escolarizado,https://www.dgae.unam.mx/Licenciatura2025/resultados/4/42104005.html,135,1868,1702,70,135,347006,,N,No presentado,,Consultar
2025,4,Licenciatura 2025,421,42104005,PEDAGOGIA,FES ARAGÓN,Escolarizado,https://www.dgae.unam.mx/Licenciatura2025/resultados/4/42104005.html,135,1868,1702,70,135,347019,,N,No presentado,,Consultar
2025,4,Licenciatura 2025,421,42104005,PEDAGOGIA,FES ARAGÓN,Escolarizado,https://www.dgae.unam.mx/Licenciatura2025/resultados/4/42104005.html,135,1868,1702,70,135,347089,70,S,Seleccionado,Cita para entregar documentación.,Consultar
2025,4,Licenciatura 2025,421,42104005,PEDAGOGIA,FES ARAGÓN,Escolarizado,https://www.dgae.unam.mx/Licenciatura2025/resultados/4/42104005.html,135,1868,1702,70,135,347138,40,,No seleccionado,,Consultar
2025,4,Licenciatura 2025,421,42104005,PEDAGOGIA,FES ARAGÓN,Escolarizado,https://www.dgae.unam.mx/Licenciatura2025/resultados/4/42104005.html,135,1868,1702,70,135,347186,40,,No seleccionado,,Consultar
2025,4,Licenciatura 2025,421,42104005,PEDAGOGIA,FES ARAGÓN,Escolarizado,https://www.dgae.unam.mx/Licenciatura2025/resultados/4/42104005.html,135,1868,1702,70,135,347212,64,,No seleccionado,,Consultar
2025,4,Licenciatura 2025,421,42104005,PEDAGOGIA,FES ARAGÓN,Escolarizado,https://www.dgae.unam.mx/Licenciatura2025/resultados/4/42104005.html,135,1868,1702,70,135,347214,29,,No seleccionado,,Consultar
2025,4,Licenciatura 2025,421,42104005,PEDAGOGIA,FES ARAGÓN,Escolarizado,https://www.dgae.unam.mx/Licenciatura2025/resultados/4/42104005.html,135,1868,1702,70,135,347234,,N,No presentado,,Consultar
2025,4,Licenciatura 2025,421,42104005,PEDAGOGIA,FES ARAGÓN,Escolarizado,https://www.dgae.unam.mx/Licenciatura2025/resultados/4/42104005.html,135,1868,1702,70,135,347256,,N,No presentado,,Consultar
2025,4,Licenciatura 2025,421,42104005,PEDAGOGIA,FES ARAGÓN,Escolarizado,https://www.dgae.unam.mx/Licenciatura2025/resultados/4/42104005.html,135,1868,1702,70,135,347259,,N,No presentado,,Consultar
2025,4,Licenciatura 2025,421,42104005,PEDAGOGIA,FES ARAGÓN,Escolarizado,https://www.dgae.unam.mx/Licenciatura2025/resultados/4/42104005.html,135,1868,1702,70,135,347261,34,,No seleccionado,,Consultar
2025,4,Licenciatura 2025,421,42104005,PEDAGOGIA,FES ARAGÓN,Escolarizado,https://www.dgae.unam.mx/Licenciatura2025/resultados/4/42104005.html,135,1868,1702,70,135,347332,49,,No seleccionado,,Consultar
2025,4,Licenciatura 2025,421,42104005,PEDAGOGIA,FES ARAGÓN,Escolarizado,https://www.dgae.unam.mx/Licenciatura2025/resultados/4/42104005.html,135,1868,1702,70,135,347334,,N,No presentado,,Consultar
2025,4,Licenciatura 2025,421,42104005,PEDAGOGIA,FES ARAGÓN,Escolarizado,https://www.dgae.unam.mx/Licenciatura2025/resultados/4/42104005.html,135,1868,1702,70,135,347376,28,,No seleccionado,,Consultar
2025,4,Licenciatura 2025,421,42104005,PEDAGOGIA,FES ARAGÓN,Escolarizado,https://www.dgae.unam.mx/Licenciatura2025/resultados/4/42104005.html,135,1868,1702,70,135,347382,,N,No presentado,,Consultar
2025,4,Licenciatura 2025,421,42104005,PEDAGOGIA,FES ARAGÓN,Escolarizado,https://www.dgae.unam.mx/Licenciatura2025/resultados/4/42104005.html,135,1868,1702,70,135,347419,43,,No seleccionado,,Consultar
2025,4,Licenciatura 2025,421,42104005,PEDAGOGIA,FES ARAGÓN,Escolarizado,https://www.dgae.unam.mx/Licenciatura2025/resultados/4/42104005.html,135,1868,1702,70,135,347557,,N,No presentado,,Consultar
2025,4,Licenciatura 2025,421,42104005,PEDAGOGIA,FES ARAGÓN,Escolarizado,https://www.dgae.unam.mx/Licenciatura2025/resultados/4/42104005.html,135,1868,1702,70,135,347607,,N,No presentado,,Consultar
2025,4,Licenciatura 2025,421,42104005,PEDAGOGIA,FES ARAGÓN,Escolarizado,https://www.dgae.unam.mx/Licenciatura2025/resultados/4/42104005.html,135,1868,1702,70,135,347754,,N,No presentado,,Consultar
2025,4,Licenciatura 2025,421,42104005,PEDAGOGIA,FES ARAGÓN,Escolarizado,https://www.dgae.unam.mx/Licenciatura2025/resultados/4/42104005.html,135,1868,1702,70,135,347915,,N,No presentado,,Consultar
2025,4,Licenciatura 2025,421,42104005,PEDAGOGIA,FES ARAGÓN,Escolarizado,https://www.dgae.unam.mx/Licenciatura2025/resultados/4/42104005.html,135,1868,1702,70,135,347995,51,,No seleccionado,,Consultar
2025,4,Licenciatura 2025,421,42104005,PEDAGOGIA,FES ARAGÓN,Escolarizado,https://www.dgae.unam.mx/Licenciatura2025/resultados/4/42104005.html,135,1868,1702,70,135,348060,32,,No seleccionado,,Consultar
2025,4,Licenciatura 2025,421,42104005,PEDAGOGIA,FES ARAGÓN,Escolarizado,https://www.dgae.unam.mx/Licenciatura2025/resultados/4/42104005.html,135,1868,1702,70,135,348070,,N,No presentado,,Consultar
2025,4,Licenciatura 2025,421,42104005,PEDAGOGIA,FES ARAGÓN,Escolarizado,https://www.dgae.unam.mx/Licenciatura2025/resultados/4/42104005.html,135,1868,1702,70,135,348090,45,,No seleccionado,,Consultar
2025,4,Licenciatura 2025,421,42104005,PEDAGOGIA,FES ARAGÓN,Escolarizado,https://www.dgae.unam.mx/Licenciatura2025/resultados/4/42104005.html,135,1868,1702,70,135,348116,25,,No seleccionado,,Consultar
2025,4,Licenciatura 2025,421,42104005,PEDAGOGIA,FES ARAGÓN,Escolarizado,https://www.dgae.unam.mx/Licenciatura2025/resultados/4/42104005.html,135,1868,1702,70,135,348119,55,,No seleccionado,,Consultar
2025,4,Licenciatura 2025,421,42104005,PEDAGOGIA,FES ARAGÓN,Escolarizado,https://www.dgae.unam.mx/Licenciatura2025/resultados/4/42104005.html,135,1868,1702,70,135,348152,37,,No seleccionado,,Consultar
2025,4,Licenciatura 2025,421,42104005,PEDAGOGIA,FES ARAGÓN,Escolarizado,https://www.dgae.unam.mx/Licenciatura2025/resultados/4/42104005.html,135,1868,1702,70,135,348251,,N,No presentado,,Consultar
2025,4,Licenciatura 2025,421,42104005,PEDAGOGIA,FES ARAGÓN,Escolarizado,https://www.dgae.unam.mx/Licenciatura2025/resultados/4/42104005.html,135,1868,1702,70,135,348263,39,,No seleccionado,,Consultar
2025,4,Licenciatura 2025,421,42104005,PEDAGOGIA,FES ARAGÓN,Escolarizado,https://www.dgae.unam.mx/Licenciatura2025/resultados/4/42104005.html,135,1868,1702,70,135,348280,,N,No presentado,,Consultar
2025,4,Licenciatura 2025,421,42104005,PEDAGOGIA,FES ARAGÓN,Escolarizado,https://www.dgae.unam.mx/Licenciatura2025/resultados/4/42104005.html,135,1868,1702,70,135,348313,42,,No seleccionado,,Consultar
2025,4,Licenciatura 2025,421,42104005,PEDAGOGIA,FES ARAGÓN,Escolarizado,https://www.dgae.unam.mx/Licenciatura2025/resultados/4/42104005.html,135,1868,1702,70,135,348327,,N,No presentado,,Consultar
2025,4,Licenciatura 2025,421,42104005,PEDAGOGIA,FES ARAGÓN,Escolarizado,https://www.dgae.unam.mx/Licenciatura2025/resultados/4/42104005.html,135,1868,1702,70,135,348346,,N,No presentado,,Consultar
2025,4,Licenciatura 2025,421,42104005,PEDAGOGIA,FES ARAGÓN,Escolarizado,https://www.dgae.unam.mx/Licenciatura2025/resultados/4/42104005.html,135,1868,1702,70,135,348352,50,,No seleccionado,,Consultar
2025,4,Licenciatura 2025,421,42104005,PEDAGOGIA,FES ARAGÓN,Escolarizado,https://www.dgae.unam.mx/Licenciatura2025/resultados/4/42104005.html,135,1868,1702,70,135,348359,,N,No presentado,,Consultar
2025,4,Licenciatura 2025,421,42104005,PEDAGOGIA,FES ARAGÓN,Escolarizado,https://www.dgae.unam.mx/Licenciatura2025/resultados/4/42104005.html,135,1868,1702,70,135,348361,,N,No presentado,,Consultar
2025,4,Licenciatura 2025,421,42104005,PEDAGOGIA,FES ARAGÓN,Escolarizado,https://www.dgae.unam.mx/Licenciatura2025/resultados/4/42104005.html,135,1868,1702,70,135,348368,45,,No seleccionado,,Consultar
2025,4,Licenciatura 2025,421,42104005,PEDAGOGIA,FES ARAGÓN,Escolarizado,https://www.dgae.unam.mx/Licenciatura2025/resultados/4/42104005.html,135,1868,1702,70,135,348371,,N,No presentado,,Consultar
2025,4,Licenciatura 2025,421,42104005,PEDAGOGIA,FES ARAGÓN,Escolarizado,https://www.dgae.unam.mx/Licenciatura2025/resultados/4/42104005.html,135,1868,1702,70,135,348402,,N,No presentado,,Consultar
2025,4,Licenciatura 2025,421,42104005,PEDAGOGIA,FES ARAGÓN,Escolarizado,https://www.dgae.unam.mx/Licenciatura2025/resultados/4/42104005.html,135,1868,1702,70,135,348435,,N,No presentado,,Consultar
2025,4,Licenciatura 2025,421,42104005,PEDAGOGIA,FES ARAGÓN,Escolarizado,https://www.dgae.unam.mx/Licenciatura2025/resultados/4/42104005.html,135,1868,1702,70,135,348464,38,,No seleccionado,,Consultar
2025,4,Licenciatura 2025,421,42104005,PEDAGOGIA,FES ARAGÓN,Escolarizado,https://www.dgae.unam.mx/Licenciatura2025/resultados/4/42104005.html,135,1868,1702,70,135,348490,,N,No presentado,,Consultar
2025,4,Licenciatura 2025,421,42104005,PEDAGOGIA,FES ARAGÓN,Escolarizado,https://www.dgae.unam.mx/Licenciatura2025/resultados/4/42104005.html,135,1868,1702,70,135,348491,,N,No presentado,,Consultar
2025,4,Licenciatura 2025,421,42104005,PEDAGOGIA,FES ARAGÓN,Escolarizado,https://www.dgae.unam.mx/Licenciatura2025/resultados/4/42104005.html,135,1868,1702,70,135,348493,52,,No seleccionado,,Consultar
2025,4,Licenciatura 2025,421,42104005,PEDAGOGIA,FES ARAGÓN,Escolarizado,https://www.dgae.unam.mx/Licenciatura2025/resultados/4/42104005.html,135,1868,1702,70,135,348523,,N,No presentado,,Consultar
2025,4,Licenciatura 2025,421,42104005,PEDAGOGIA,FES ARAGÓN,Escolarizado,https://www.dgae.unam.mx/Licenciatura2025/resultados/4/42104005.html,135,1868,1702,70,135,348548,,N,No presentado,,Consultar
2025,4,Licenciatura 2025,421,42104005,PEDAGOGIA,FES ARAGÓN,Escolarizado,https://www.dgae.unam.mx/Licenciatura2025/resultados/4/42104005.html,135,1868,1702,70,135,348552,,N,No presentado,,Consultar
2025,4,Licenciatura 2025,421,42104005,PEDAGOGIA,FES ARAGÓN,Escolarizado,https://www.dgae.unam.mx/Licenciatura2025/resultados/4/42104005.html,135,1868,1702,70,135,348594,,N,No presentado,,Consultar
2025,4,Licenciatura 2025,421,42104005,PEDAGOGIA,FES ARAGÓN,Escolarizado,https://www.dgae.unam.mx/Licenciatura2025/resultados/4/42104005.html,135,1868,1702,70,135,348597,,N,No presentado,,Consultar
2025,4,Licenciatura 2025,421,42104005,PEDAGOGIA,FES ARAGÓN,Escolarizado,https://www.dgae.unam.mx/Licenciatura2025/resultados/4/42104005.html,135,1868,1702,70,135,348610,,N,No presentado,,Consultar
2025,4,Licenciatura 2025,421,42104005,PEDAGOGIA,FES ARAGÓN,Escolarizado,https://www.dgae.unam.mx/Licenciatura2025/resultados/4/42104005.html,135,1868,1702,70,135,348621,,N,No presentado,,Consultar
2025,4,Licenciatura 2025,421,42104005,PEDAGOGIA,FES ARAGÓN,Escolarizado,https://www.dgae.unam.mx/Licenciatura2025/resultados/4/42104005.html,135,1868,1702,70,135,348633,,N,No presentado,,Consultar
2025,4,Licenciatura 2025,421,42104005,PEDAGOGIA,FES ARAGÓN,Escolarizado,https://www.dgae.unam.mx/Licenciatura2025/resultados/4/42104005.html,135,1868,1702,70,135,348660,,N,No presentado,,Consultar
2025,4,Licenciatura 2025,421,42104005,PEDAGOGIA,FES ARAGÓN,Escolarizado,https://www.dgae.unam.mx/Licenciatura2025/resultados/4/42104005.html,135,1868,1702,70,135,348664,,N,No presentado,,Consultar
2025,4,Licenciatura 2025,421,42104005,PEDAGOGIA,FES ARAGÓN,Escolarizado,https://www.dgae.unam.mx/Licenciatura2025/resultados/4/42104005.html,135,1868,1702,70,135,350001,42,,No seleccionado,,Consultar
2025,4,Licenciatura 2025,421,42104005,PEDAGOGIA,FES ARAGÓN,Escolarizado,https://www.dgae.unam.mx/Licenciatura2025/resultados/4/42104005.html,135,1868,1702,70,135,350015,38,,No seleccionado,,Consultar
2025,4,Licenciatura 2025,421,42104005,PEDAGOGIA,FES ARAGÓN,Escolarizado,https://www.dgae.unam.mx/Licenciatura2025/resultados/4/42104005.html,135,1868,1702,70,135,350018,31,,No seleccionado,,Consultar
2025,4,Licenciatura 2025,421,42104005,PEDAGOGIA,FES ARAGÓN,Escolarizado,https://www.dgae.unam.mx/Licenciatura2025/resultados/4/42104005.html,135,1868,1702,70,135,350028,32,,No seleccionado,,Consultar
