Anio,Area,Concurso,Clave_carrera,Codigo_opcion,Carrera,Plantel,Modalidad,URL_resultados,Oferta,Aspirantes,Presentaron_examen,Aciertos_minimos,Seleccionados,Numero_comprobante,Aciertos,Acreditado,Estatus,Detalles,Diagnostico
2025,4,Licenciatura 2025,440,44000425,TRADUCCION,"ESCUELA NACIONAL DE LENGUAS, LINGÜÍSTICA Y TRADUCCIÓN",Escolarizado,https://www.dgae.unam.mx/Licenciatura2025/resultados/4/44000425.html,19,566,329,106,19,330001,70,,No seleccionado,,Consultar
2025,4,Licenciatura 2025,440,44000425,TRADUCCION,"ESCUELA NACIONAL DE LENGUAS, LINGÜÍSTICA Y TRADUCCIÓN",Escolarizado,https://www.dgae.unam.mx/Licenciatura2025/resultados/4/44000425.html,19,566,329,106,19,330014,71,,No seleccionado,,Consultar
2025,4,Licenciatura 2025,440,44000425,TRADUCCION,"ESCUELA NACIONAL DE LENGUAS, LINGÜÍSTICA Y TRADUCCIÓN",Escolarizado,https://www.dgae.unam.mx/Licenciatura2025/resultados/4/44000425.html,19,566,329,106,19,330016,,N,No presentado,,Consultar
2025,4,Licenciatura 2025,440,44000425,TRADUCCION,"ESCUELA NACIONAL DE LENGUAS, LINGÜÍSTICA Y TRADUCCIÓN",Escolarizado,https://www.dgae.unam.mx/Licenciatura2025/resultados/4/44000425.html,19,566,329,106,19,330049,109,S,Seleccionado,Cita para entregar documentación.,Consultar
2025,4,Licenciatura 2025,440,44000425,TRADUCCION,"ESCUELA NACIONAL DE LENGUAS, LINGÜÍSTICA Y TRADUCCIÓN",Escolarizado,https://www.dgae.unam.mx/Licenciatura2025/resultados/4/44000425.html,19,566,329,106,19,330069,76,,No seleccionado,,Consultar
2025,4,Licenciatura 2025,440,44000425,TRADUCCION,"ESCUELA NACIONAL DE LENGUAS, LINGÜÍSTICA Y TRADUCCIÓN",Escolarizado,https://www.dgae.unam.mx/Licenciatura2025/resultados/4/44000425.html,19,566,329,106,19,330076,101,,No seleccionado,,Consultar
2025,4,Licenciatura 2025,440,44000425,TRADUCCION,"ESCUELA NACIONAL DE LENGUAS, LINGÜÍSTICA Y TRADUCCIÓN",Escolarizado,https://www.dgae.unam.mx/Licenciatura2025/resultados/4/44000425.html,19,566,329,106,19,330078,89,,No seleccionado,,Consultar
2025,4,Licenciatura 2025,440,44000425,TRADUCCION,"ESCUELA NACIONAL DE LENGUAS, LINGÜÍSTICA Y TRADUCCIÓN",Escolarizado,https://www.dgae.unam.mx/Licenciatura2025/resultados/4/44000425.html,19,566,329,106,19,330084,59,,No seleccionado,,Consultar
2025,4,Licenciatura 2025,440,44000425,TRADUCCION,"ESCUELA NACIONAL DE LENGUAS, LINGÜÍSTICA Y TRADUCCIÓN",Escolarizado,https://www.dgae.unam.mx/Licenciatura2025/resultados/4/44000425.html,19,566,329,106,19,330092,90,,No seleccionado,,Consultar
2025,4,Licenciatura 2025,440,44000425,TRADUCCION,"ESCUELA NACIONAL DE LENGUAS, LINGÜÍSTICA Y TRADUCCIÓN",Escolarizado,https://www.dgae.unam.mx/Licenciatura2025/resultados/4/44000425.html,19,566,329,106,19,330113,65,,No seleccionado,,Consultar
2025,4,Licenciatura 2025,440,44000425,TRADUCCION,"ESCUELA NACIONAL DE LENGUAS, LINGÜÍSTICA Y TRADUCCIÓN",Escolarizado,https://www.dgae.unam.mx/Licenciatura2025/resultados/4/44000425.html,19,566,329,106,19,330172,101,,No seleccionado,,Consultar
2025,4,Licenciatura 2025,440,44000425,TRADUCCION,"ESCUELA NACIONAL DE LENGUAS, LINGÜÍSTICA Y TRADUCCIÓN",Escolarizado,https://www.dgae.unam.mx/Licenciatura2025/resultados/4/44000425.html,19,566,329,106,19,330181,,N,No presentado,,Consultar
2025,4,Licenciatura 2025,440,44000425,TRADUCCION,"ESCUELA NACIONAL DE LENGUAS, LINGÜÍSTICA Y TRADUCCIÓN",Escolarizado,https://www.dgae.unam.mx/Licenciatura2025/resultados/4/44000425.html,19,566,329,106,19,330191,55,,No seleccionado,,Consultar
2025,4,Licenciatura 2025,440,44000425,TRADUCCION,"ESCUELA NACIONAL DE LENGUAS, LINGÜÍSTICA Y TRADUCCIÓN",Escolarizado,https://www.dgae.unam.mx/Licenciatura2025/resultados/4/44000425.html,19,566,329,106,19,330248,101,,No seleccionado,,Consultar
2025,4,Licenciatura 2025,440,44000425,TRADUCCION,"ESCUELA NACIONAL DE LENGUAS, LINGÜÍSTICA Y TRADUCCIÓN",Escolarizado,https://www.dgae.unam.mx/Licenciatura2025/resultados/4/44000425.html,19,566,329,106,19,330302,70,,No seleccionado,,Consultar
2025,4,Licenciatura 2025,440,44000425,TRADUCCION,"ESCUELA NACIONAL DE LENGUAS, LINGÜÍSTICA Y TRADUCCIÓN",Escolarizado,https://www.dgae.unam.mx/Licenciatura2025/resultados/4/44000425.html,19,566,329,106,19,330321,73,,No seleccionado,,Consultar
2025,4,Licenciatura 2025,440,44000425,TRADUCCION,"ESCUELA NACIONAL DE LENGUAS, LINGÜÍSTICA Y TRADUCCIÓN",Escolarizado,https://www.dgae.unam.mx/Licenciatura2025/resultados/4/44000425.html,19,566,329,106,19,330345,,N,No presentado,,Consultar
2025,4,Licenciatura 2025,440,44000425,TRADUCCION,"ESCUELA NACIONAL DE LENGUAS, LINGÜÍSTICA Y TRADUCCIÓN",Escolarizado,https://www.dgae.unam.mx/Licenciatura2025/resultados/4/44000425.html,19,566,329,106,19,330387,66,,No seleccionado,,Consultar
2025,4,Licenciatura 2025,440,44000425,TRADUCCION,"ESCUELA NACIONAL DE LENGUAS, LINGÜÍSTICA Y TRADUCCIÓN",Escolarizado,https://www.dgae.unam.mx/Licenciatura2025/resultados/4/44000425.html,19,566,329,106,19,330397,43,,No seleccionado,,Consultar
2025,4,Licenciatura 2025,440,44000425,TRADUCCION,"ESCUELA NACIONAL DE LENGUAS, LINGÜÍSTICA Y TRADUCCIÓN",Escolarizado,https://www.dgae.unam.mx/Licenciatura2025/resultados/4/44000425.html,19,566,329,106,19,330488,68,,No seleccionado,,Consultar
2025,4,Licenciatura 2025,440,44000425,TRADUCCION,"ESCUELA NACIONAL DE LENGUAS, LINGÜÍSTICA Y TRADUCCIÓN",Escolarizado,https://www.dgae.unam.mx/Licenciatura2025/resultados/4/44000425.html,19,566,329,106,19,330573,40,,No seleccionado,,Consultar
2025,4,Licenciatura 2025,440,44000425,TRADUCCION,"ESCUELA NACIONAL DE LENGUAS, LINGÜÍSTICA Y TRADUCCIÓN",Escolarizado,https://www.dgae.unam.mx/Licenciatura2025/resultados/4/44000425.html,19,566,329,106,19,330632,83,,No seleccionado,,Consultar
2025,4,Licenciatura 2025,440,44000425,TRADUCCION,"ESCUELA NACIONAL DE LENGUAS, LINGÜÍSTICA Y TRADUCCIÓN",Escolarizado,https://www.dgae.unam.mx/Licenciatura2025/resultados/4/44000425.html,19,566,329,106,19,330704,41,,No seleccionado,,Consultar
2025,4,Licenciatura 2025,440,44000425,TRADUCCION,"ESCUELA NACIONAL DE LENGUAS, LINGÜÍSTICA Y TRADUCCIÓN",Escolarizado,https://www.dgae.unam.mx/Licenciatura2025/resultados/4/44000425.html,19,566,329,106,19,330719,,N,No presentado,,Consultar
2025,4,Licenciatura 2025,440,44000425,TRADUCCION,"ESCUELA NACIONAL DE LENGUAS, LINGÜÍSTICA Y TRADUCCIÓN",Escolarizado,https://www.dgae.unam.mx/Licenciatura2025/resultados/4/44000425.html,19,566,329,106,19,330725,56,,No seleccionado,,Consultar
2025,4,Licenciatura 2025,440,44000425,TRADUCCION,"ESCUELA NACIONAL DE LENGUAS, LINGÜÍSTICA Y TRADUCCIÓN",Escolarizado,https://www.dgae.unam.mx/Licenciatura2025/resultados/4/44000425.html,19,566,329,106,19,330749,51,,No seleccionado,,Consultar
2025,4,Licenciatura 2025,440,44000425,TRADUCCION,"ESCUELA NACIONAL DE LENGUAS, LINGÜÍSTICA Y TRADUCCIÓN",Escolarizado,https://www.dgae.unam.mx/Licenciatura2025/resultados/4/44000425.html,19,566,329,106,19,330766,55,,No seleccionado,,Consultar
2025,4,Licenciatura 2025,440,44000425,TRADUCCION,"ESCUELA NACIONAL DE LENGUAS, LINGÜÍSTICA Y TRADUCCIÓN",Escolarizado,https://www.dgae.unam.mx/Licenciatura2025/resultados/4/44000425.html,19,566,329,106,19,330829,,N,No presentado,,Consultar
2025,4,Licenciatura 2025,440,44000425,TRADUCCION,"ESCUELA NACIONAL DE LENGUAS, LINGÜÍSTICA Y TRADUCCIÓN",Escolarizado,https://www.dgae.unam.mx/Licenciatura2025/resultados/4/44000425.html,19,566,329,106,19,330864,75,,No seleccionado,,Consultar
2025,4,Licenciatura 2025,440,44000425,TRADUCCION,"ESCUELA NACIONAL DE LENGUAS, LINGÜÍSTICA Y TRADUCCIÓN",Escolarizado,https://www.dgae.unam.mx/Licenciatura2025/resultados/4/44000425.html,19,566,329,106,19,330865,,N,No presentado,,Consultar
2025,4,Licenciatura 2025,440,44000425,TRADUCCION,"ESCUELA NACIONAL DE LENGUAS, LINGÜÍSTICA Y TRADUCCIÓN",Escolarizado,https://www.dgae.unam.mx/Licenciatura2025/resultados/4/44000425.html,19,566,329,106,19,330877,,N,No presentado,,Consultar
2025,4,Licenciatura 2025,440,44000425,TRADUCCION,"ESCUELA NACIONAL DE LENGUAS, LINGÜÍSTICA Y TRADUCCIÓN",Escolarizado,https://www.dgae.unam.mx/Licenciatura2025/resultados/4/44000425.html,19,566,329,106,19,330893,,N,No presentado,,Consultar
2025,4,Licenciatura 2025,440,44000425,TRADUCCION,"ESCUELA NACIONAL DE LENGUAS, LINGÜÍSTICA Y TRADUCCIÓN",Escolarizado,https://www.dgae.unam.mx/Licenciatura2025/resultados/4/44000425.html,19,566,329,106,19,330906,39,,No seleccionado,,Consultar
2025,4,Licenciatura 2025,440,44000425,TRADUCCION,"ESCUELA NACIONAL DE LENGUAS, LINGÜÍSTICA Y TRADUCCIÓN",Escolarizado,https://www.dgae.unam.mx/Licenciatura2025/resultados/4/44000425.html,19,566,329,106,19,330915,53,,No seleccionado,,Consultar
2025,4,Licenciatura 2025,440,44000425,TRADUCCION,"ESCUELA NACIONAL DE LENGUAS, LINGÜÍSTICA Y TRADUCCIÓN",Escolarizado,https://www.dgae.unam.mx/Licenciatura2025/resultados/4/44000425.html,19,566,329,106,19,330963,,N,No presentado,,Consultar
2025,4,Licenciatura 2025,440,44000425,TRADUCCION,"ESCUELA NACIONAL DE LENGUAS, LINGÜÍSTICA Y TRADUCCIÓN",Escolarizado,https://www.dgae.unam.mx/Licenciatura2025/resultados/4/44000425.html,19,566,329,106,19,330979,49,,No seleccionado,,Consultar
2025,4,Licenciatura 2025,440,44000425,TRADUCCION,"ESCUELA NACIONAL DE LENGUAS, LINGÜÍSTICA Y TRADUCCIÓN",Escolarizado,https://www.dgae.unam.mx/Licenciatura2025/resultados/4/44000425.html,19,566,329,106,19,330996,61,,No seleccionado,,Consultar
2025,4,Licenciatura 2025,440,44000425,TRADUCCION,"ESCUELA NACIONAL DE LENGUAS, LINGÜÍSTICA Y TRADUCCIÓN",Escolarizado,https://www.dgae.unam.mx/Licenciatura2025/resultados/4/44000425.html,19,566,329,106,19,331058,76,,No seleccionado,,Consultar
2025,4,Licenciatura 2025,440,44000425,TRADUCCION,"ESCUELA NACIONAL DE LENGUAS, LINGÜÍSTICA Y TRADUCCIÓN",Escolarizado,https://www.dgae.unam.mx/Licenciatura2025/resultados/4/44000425.html,19,566,329,106,19,331110,,N,No presentado,,Consultar
2025,4,Licenciatura 2025,440,44000425,TRADUCCION,"ESCUELA NACIONAL DE LENGUAS, LINGÜÍSTICA Y TRADUCCIÓN",Escolarizado,https://www.dgae.unam.mx/Licenciatura2025/resultados/4/44000425.html,19,566,329,106,19,331149,39,,No seleccionado,,Consultar
2025,4,Licenciatura 2025,440,44000425,TRADUCCION,"ESCUELA NACIONAL DE LENGUAS, LINGÜÍSTICA Y TRADUCCIÓN",Escolarizado,https://www.dgae.unam.mx/Licenciatura2025/resultados/4/44000425.html,19,566,329,106,19,331220,100,,No seleccionado,,Consultar
2025,4,Licenciatura 2025,440,44000425,TRADUCCION,"ESCUELA NACIONAL DE LENGUAS, LINGÜÍSTICA Y TRADUCCIÓN",Escolarizado,https://www.dgae.unam.mx/Licenciatura2025/resultados/4/44000425.html,19,566,329,106,19,331291,64,,No seleccionado,,Consultar
2025,4,Licenciatura 2025,440,44000425,TRADUCCION,"ESCUELA NACIONAL DE LENGUAS, LINGÜÍSTICA Y TRADUCCIÓN",Escolarizado,https://www.dgae.unam.mx/Licenciatura2025/resultados/4/44000425.html,19,566,329,106,19,331454,,N,No presentado,,Consultar
2025,4,Licenciatura 2025,440,44000425,TRADUCCION,"ESCUELA NACIONAL DE LENGUAS, LINGÜÍSTICA Y TRADUCCIÓN",Escolarizado,https://www.dgae.unam.mx/Licenciatura2025/resultados/4/44000425.html,19,566,329,106,19,331503,,N,No presentado,,Consultar
2025,4,Licenciatura 2025,440,44000425,TRADUCCION,"ESCUELA NACIONAL DE LENGUAS, LINGÜÍSTICA Y TRADUCCIÓN",Escolarizado,https://www.dgae.unam.mx/Licenciatura2025/resultados/4/44000425.html,19,566,329,106,19,331554,51,,No seleccionado,,Consultar
2025,4,Licenciatura 2025,440,44000425,TRADUCCION,"ESCUELA NACIONAL DE LENGUAS, LINGÜÍSTICA Y TRADUCCIÓN",Escolarizado,https://www.dgae.unam.mx/Licenciatura2025/resultados/4/44000425.html,19,566,329,106,19,331560,95,,No seleccionado,,Consultar
2025,4,Licenciatura 2025,440,44000425,TRADUCCION,"ESCUELA NACIONAL DE LENGUAS, LINGÜÍSTICA Y TRADUCCIÓN",Escolarizado,https://www.dgae.unam.mx/Licenciatura2025/resultados/4/44000425.html,19,566,329,106,19,331632,,N,No presentado,,Consultar
2025,4,Licenciatura 2025,440,44000425,TRADUCCION,"ESCUELA NACIONAL DE LENGUAS, LINGÜÍSTICA Y TRADUCCIÓN",Escolarizado,https://www.dgae.unam.mx/Licenciatura2025/resultados/4/44000425.html,19,566,329,106,19,331683,,N,No presentado,,Consultar
2025,4,Licenciatura 2025,440,44000425,TRADUCCION,"ESCUELA NACIONAL DE LENGUAS, LINGÜÍSTICA Y TRADUCCIÓN",Escolarizado,https://www.dgae.unam.mx/Licenciatura2025/resultados/4/44000425.html,19,566,329,106,19,331684,70,,No seleccionado,,Consultar
2025,4,Licenciatura 2025,440,44000425,TRADUCCION,"ESCUELA NACIONAL DE LENGUAS, LINGÜÍSTICA Y TRADUCCIÓN",Escolarizado,https://www.dgae.unam.mx/Licenciatura2025/resultados/4/44000425.html,19,566,329,106,19,331731,64,,No seleccionado,,Consultar
2025,4,Licenciatura 2025,440,44000425,TRADUCCION,"ESCUELA NACIONAL DE LENGUAS, LINGÜÍSTICA Y TRADUCCIÓN",Escolarizado,https://www.dgae.unam.mx/Licenciatura2025/resultados/4/44000425.html,19,566,329,106,19,331742,,N,No presentado,,Consultar
2025,4,Licenciatura 2025,440,44000425,TRADUCCION,"ESCUELA NACIONAL DE LENGUAS, LINGÜÍSTICA Y TRADUCCIÓN",Escolarizado,https://www.dgae.unam.mx/Licenciatura2025/resultados/4/44000425.html,19,566,329,106,19,331770,48,,No seleccionado,,Consultar
2025,4,Licenciatura 2025,440,44000425,TRADUCCION,"ESCUELA NACIONAL DE LENGUAS, LINGÜÍSTICA Y TRADUCCIÓN",Escolarizado,https://www.dgae.unam.mx/Licenciatura2025/resultados/4/44000425.html,19,566,329,106,19,331789,90,,No seleccionado,,Consultar
2025,4,Licenciatura 2025,440,44000425,TRADUCCION,"ESCUELA NACIONAL DE LENGUAS, LINGÜÍSTICA Y TRADUCCIÓN",Escolarizado,https://www.dgae.unam.mx/Licenciatura2025/resultados/4/44000425.html,19,566,329,106,19,331800,65,,No seleccionado,,Consultar
2025,4,Licenciatura 2025,440,44000425,TRADUCCION,"ESCUELA NACIONAL DE LENGUAS, LINGÜÍSTICA Y TRADUCCIÓN",Escolarizado,https://www.dgae.unam.mx/Licenciatura2025/resultados/4/44000425.html,19,566,329,106,19,331803,69,,No seleccionado,,Consultar
2025,4,Licenciatura 2025,440,44000425,TRADUCCION,"ESCUELA NACIONAL DE LENGUAS, LINGÜÍSTICA Y TRADUCCIÓN",Escolarizado,https://www.dgae.unam.mx/Licenciatura2025/resultados/4/44000425.html,19,566,329,106,19,331809,72,,No seleccionado,,Consultar
2025,4,Licenciatura 2025,440,44000425,TRADUCCION,"ESCUELA NACIONAL DE LENGUAS, LINGÜÍSTICA Y TRADUCCIÓN",Escolarizado,https://www.dgae.unam.mx/Licenciatura2025/resultados/4/44000425.html,19,566,329,106,19,331862,50,,No seleccionado,,Consultar
2025,4,Licenciatura 2025,440,44000425,TRADUCCION,"ESCUELA NACIONAL DE LENGUAS, LINGÜÍSTICA Y TRADUCCIÓN",Escolarizado,https://www.dgae.unam.mx/Licenciatura2025/resultados/4/44000425.html,19,566,329,106,19,331864,66,,No seleccionado,,Consultar
2025,4,Licenciatura 2025,440,44000425,TRADUCCION,"ESCUELA NACIONAL DE LENGUAS, LINGÜÍSTICA Y TRADUCCIÓN",Escolarizado,https://www.dgae.unam.mx/Licenciatura2025/resultados/4/44000425.html,19,566,329,106,19,331874,84,,No seleccionado,,Consultar
2025,4,Licenciatura 2025,440,44000425,TRADUCCION,"ESCUELA NACIONAL DE LENGUAS, LINGÜÍSTICA Y TRADUCCIÓN",Escolarizado,https://www.dgae.unam.mx/Licenciatura2025/resultados/4/44000425.html,19,566,329,106,19,331925,65,,No seleccionado,,Consultar
2025,4,Licenciatura 2025,440,44000425,TRADUCCION,"ESCUELA NACIONAL DE LENGUAS, LINGÜÍSTICA Y TRADUCCIÓN",Escolarizado,https://www.dgae.unam.mx/Licenciatura2025/resultados/4/44000425.html,19,566,329,106,19,331956,,N,No presentado,,Consultar
2025,4,Licenciatura 2025,440,44000425,TRADUCCION,"ESCUELA NACIONAL DE LENGUAS, LINGÜÍSTICA Y TRADUCCIÓN",Escolarizado,https://www.dgae.unam.mx/Licenciatura2025/resultados/4/44000425.html,19,566,329,106,19,331988,,N,No presentado,,Consultar
2025,4,Licenciatura 2025,440,44000425,TRADUCCION,"ESCUELA NACIONAL DE LENGUAS, LINGÜÍSTICA Y TRADUCCIÓN",Escolarizado,https://www.dgae.unam.mx/Licenciatura2025/resultados/4/44000425.html,19,566,329,106,19,332025,,N,No presentado,,Consultar
2025,4,Licenciatura 2025,440,44000425,TRADUCCION,"ESCUELA NACIONAL DE LENGUAS, LINGÜÍSTICA Y TRADUCCIÓN",Escolarizado,https://www.dgae.unam.mx/Licenciatura2025/resultados/4/44000425.html,19,566,329,106,19,332049,78,,No seleccionado,,Consultar
2025,4,Licenciatura 2025,440,44000425,TRADUCCION,"ESCUELA NACIONAL DE LENGUAS, LINGÜÍSTICA Y TRADUCCIÓN",Escolarizado,https://www.dgae.unam.mx/Licenciatura2025/resultados/4/44000425.html,19,566,329,106,19,332095,,N,No presentado,,Consultar
2025,4,Licenciatura 2025,440,44000425,TRADUCCION,"ESCUELA NACIONAL DE LENGUAS, LINGÜÍSTICA Y TRADUCCIÓN",Escolarizado,https://www.dgae.unam.mx/Licenciatura2025/resultados/4/44000425.html,19,566,329,106,19,332140,,N,No presentado,,Consultar
2025,4,Licenciatura 2025,440,44000425,TRADUCCION,"ESCUELA NACIONAL DE LENGUAS, LINGÜÍSTICA Y TRADUCCIÓN",Escolarizado,https://www.dgae.unam.mx/Licenciatura2025/resultados/4/44000425.html,19,566,329,106,19,332149,97,,No seleccionado,,Consultar
2025,4,Licenciatura 2025,440,44000425,TRADUCCION,"ESCUELA NACIONAL DE LENGUAS, LINGÜÍSTICA Y TRADUCCIÓN",Escolarizado,https://www.dgae.unam.mx/Licenciatura2025/resultados/4/44000425.html,19,566,329,106,19,332162,,N,No presentado,,Consultar
2025,4,Licenciatura 2025,440,44000425,TRADUCCION,"ESCUELA NACIONAL DE LENGUAS, LINGÜÍSTICA Y TRADUCCIÓN",Escolarizado,https://www.dgae.unam.mx/Licenciatura2025/resultados/4/44000425.html,19,566,329,106,19,332347,41,,No seleccionado,,Consultar
2025,4,Licenciatura 2025,440,44000425,TRADUCCION,"ESCUELA NACIONAL DE LENGUAS, LINGÜÍSTICA Y TRADUCCIÓN",Escolarizado,https://www.dgae.unam.mx/Licenciatura2025/resultados/4/44000425.html,19,566,329,106,19,332354,108,S,Seleccionado,Cita para entregar documentación.,Consultar
2025,4,Licenciatura 2025,440,44000425,TRADUCCION,"ESCUELA NACIONAL DE LENGUAS, LINGÜÍSTICA Y TRADUCCIÓN",Escolarizado,https://www.dgae.unam.mx/Licenciatura2025/resultados/4/44000425.html,19,566,329,106,19,332363,,N,No presentado,,Consultar
2025,4,Licenciatura 2025,440,44000425,TRADUCCION,"ESCUELA NACIONAL DE LENGUAS, LINGÜÍSTICA Y TRADUCCIÓN",Escolarizado,https://www.dgae.unam.mx/Licenciatura2025/resultados/4/44000425.html,19,566,329,106,19,332381,45,,No seleccionado,,Consultar
2025,4,Licenciatura 2025,440,44000425,TRADUCCION,"ESCUELA NACIONAL DE LENGUAS, LINGÜÍSTICA Y TRADUCCIÓN",Escolarizado,https://www.dgae.unam.mx/Licenciatura2025/resultados/4/44000425.html,19,566,329,106,19,332492,,N,No presentado,,Consultar
2025,4,Licenciatura 2025,440,44000425,TRADUCCION,"ESCUELA NACIONAL DE LENGUAS, LINGÜÍSTICA Y TRADUCCIÓN",Escolarizado,https://www.dgae.unam.mx/Licenciatura2025/resultados/4/44000425.html,19,566,329,106,19,332503,72,,No seleccionado,,Consultar
2025,4,Licenciatura 2025,440,44000425,TRADUCCION,"ESCUELA NACIONAL DE LENGUAS, LINGÜÍSTICA Y TRADUCCIÓN",Escolarizado,https://www.dgae.unam.mx/Licenciatura2025/resultados/4/44000425.html,19,566,329,106,19,332542,49,,No seleccionado,,Consultar
2025,4,Licenciatura 2025,440,44000425,TRADUCCION,"ESCUELA NACIONAL DE LENGUAS, LINGÜÍSTICA Y TRADUCCIÓN",Escolarizado,https://www.dgae.unam.mx/Licenciatura2025/resultados/4/44000425.html,19,566,329,106,19,332596,,N,No presentado,,Consultar
2025,4,Licenciatura 2025,440,44000425,TRADUCCION,"ESCUELA NACIONAL DE LENGUAS, LINGÜÍSTICA Y TRADUCCIÓN",Escolarizado,https://www.dgae.unam.mx/Licenciatura2025/resultados/4/44000425.html,19,566,329,106,19,332605,70,,No seleccionado,,Consultar
2025,4,Licenciatura 2025,440,44000425,TRADUCCION,"ESCUELA NACIONAL DE LENGUAS, LINGÜÍSTICA Y TRADUCCIÓN",Escolarizado,https://www.dgae.unam.mx/Licenciatura2025/resultados/4/44000425.html,19,566,329,106,19,332680,,N,No presentado,,Consultar
2025,4,Licenciatura 2025,440,44000425,TRADUCCION,"ESCUELA NACIONAL DE LENGUAS, LINGÜÍSTICA Y TRADUCCIÓN",Escolarizado,https://www.dgae.unam.mx/Licenciatura2025/resultados/4/44000425.html,19,566,329,106,19,332701,,N,No presentado,,Consultar
2025,4,Licenciatura 2025,440,44000425,TRADUCCION,"ESCUELA NACIONAL DE LENGUAS, LINGÜÍSTICA Y TRADUCCIÓN",Escolarizado,https://www.dgae.unam.mx/Licenciatura2025/resultados/4/44000425.html,19,566,329,106,19,332734,,N,No presentado,,Consultar
2025,4,Licenciatura 2025,440,44000425,TRADUCCION,"ESCUELA NACIONAL DE LENGUAS, LINGÜÍSTICA Y TRADUCCIÓN",Escolarizado,https://www.dgae.unam.mx/Licenciatura2025/resultados/4/44000425.html,19,566,329,106,19,332745,,N,No presentado,,Consultar
2025,4,Licenciatura 2025,440,44000425,TRADUCCION,"ESCUELA NACIONAL DE LENGUAS, LINGÜÍSTICA Y TRADUCCIÓN",Escolarizado,https://www.dgae.unam.mx/Licenciatura2025/resultados/4/44000425.html,19,566,329,106,19,332750,43,,No seleccionado,,Consultar
2025,4,Licenciatura 2025,440,44000425,TRADUCCION,"ESCUELA NACIONAL DE LENGUAS, LINGÜÍSTICA Y TRADUCCIÓN",Escolarizado,https://www.dgae.unam.mx/Licenciatura2025/resultados/4/44000425.html,19,566,329,106,19,332760,,N,No presentado,,Consultar
2025,4,Licenciatura 2025,440,44000425,TRADUCCION,"ESCUELA NACIONAL DE LENGUAS, LINGÜÍSTICA Y TRADUCCIÓN",Escolarizado,https://www.dgae.unam.mx/Licenciatura2025/resultados/4/44000425.html,19,566,329,106,19,332836,47,,No seleccionado,,Consultar
2025,4,Licenciatura 2025,440,44000425,TRADUCCION,"ESCUELA NACIONAL DE LENGUAS, LINGÜÍSTICA Y TRADUCCIÓN",Escolarizado,https://www.dgae.unam.mx/Licenciatura2025/resultados/4/44000425.html,19,566,329,106,19,332873,50,,No seleccionado,,Consultar
2025,4,Licenciatura 2025,440,44000425,TRADUCCION,"ESCUELA NACIONAL DE LENGUAS, LINGÜÍSTICA Y TRADUCCIÓN",Escolarizado,https://www.dgae.unam.mx/Licenciatura2025/resultados/4/44000425.html,19,566,329,106,19,332882,62,,No seleccionado,,Consultar
2025,4,Licenciatura 2025,440,44000425,TRADUCCION,"ESCUELA NACIONAL DE LENGUAS, LINGÜÍSTICA Y TRADUCCIÓN",Escolarizado,https://www.dgae.unam.mx/Licenciatura2025/resultados/4/44000425.html,19,566,329,106,19,332935,,N,No presentado,,Consultar
2025,4,Licenciatura 2025,440,44000425,TRADUCCION,"ESCUELA NACIONAL DE LENGUAS, LINGÜÍSTICA Y TRADUCCIÓN",Escolarizado,https://www.dgae.unam.mx/Licenciatura2025/resultados/4/44000425.html,19,566,329,106,19,333028,,N,No presentado,,Consultar
2025,4,Licenciatura 2025,440,44000425,TRADUCCION,"ESCUELA NACIONAL DE LENGUAS, LINGÜÍSTICA Y TRADUCCIÓN",Escolarizado,https://www.dgae.unam.mx/Licenciatura2025/resultados/4/44000425.html,19,566,329,106,19,333056,52,,No seleccionado,,Consultar
2025,4,Licenciatura 2025,440,44000425,TRADUCCION,"ESCUELA NACIONAL DE LENGUAS, LINGÜÍSTICA Y TRADUCCIÓN",Escolarizado,https://www.dgae.unam.mx/Licenciatura2025/resultados/4/44000425.html,19,566,329,106,19,333058,55,,No seleccionado,,Consultar
2025,4,Licenciatura 2025,440,44000425,TRADUCCION,"ESCUELA NACIONAL DE LENGUAS, LINGÜÍSTICA Y TRADUCCIÓN",Escolarizado,https://www.dgae.unam.mx/Licenciatura2025/resultados/4/44000425.html,19,566,329,106,19,333076,,N,No presentado,,Consultar
2025,4,Licenciatura 2025,440,44000425,TRADUCCION,"ESCUELA NACIONAL DE LENGUAS, LINGÜÍSTICA Y TRADUCCIÓN",Escolarizado,https://www.dgae.unam.mx/Licenciatura2025/resultados/4/44000425.html,19,566,329,106,19,333082,95,,No seleccionado,,Consultar
2025,4,Licenciatura 2025,440,44000425,TRADUCCION,"ESCUELA NACIONAL DE LENGUAS, LINGÜÍSTICA Y TRADUCCIÓN",Escolarizado,https://www.dgae.unam.mx/Licenciatura2025/resultados/4/44000425.html,19,566,329,106,19,333093,80,,No seleccionado,,Consultar
2025,4,Licenciatura 2025,440,44000425,TRADUCCION,"ESCUELA NACIONAL DE LENGUAS, LINGÜÍSTICA Y TRADUCCIÓN",Escolarizado,https://www.dgae.unam.mx/Licenciatura2025/resultados/4/44000425.html,19,566,329,106,19,333127,,N,No presentado,,Consultar
2025,4,Licenciatura 2025,440,44000425,TRADUCCION,"ESCUELA NACIONAL DE LENGUAS, LINGÜÍSTICA Y TRADUCCIÓN",Escolarizado,https://www.dgae.unam.mx/Licenciatura2025/resultados/4/44000425.html,19,566,329,106,19,333143,54,,No seleccionado,,Consultar
2025,4,Licenciatura 2025,440,44000425,TRADUCCION,"ESCUELA NACIONAL DE LENGUAS, LINGÜÍSTICA Y TRADUCCIÓN",Escolarizado,https://www.dgae.unam.mx/Licenciatura2025/resultados/4/44000425.html,19,566,329,106,19,333214,47,,No seleccionado,,Consultar
2025,4,Licenciatura 2025,440,44000425,TRADUCCION,"ESCUELA NACIONAL DE LENGUAS, LINGÜÍSTICA Y TRADUCCIÓN",Escolarizado,https://www.dgae.unam.mx/Licenciatura2025/resultados/4/44000425.html,19,566,329,106,19,333223,57,,No seleccionado,,Consultar
2025,4,Licenciatura 2025,440,44000425,TRADUCCION,"ESCUELA NACIONAL DE LENGUAS, LINGÜÍSTICA Y TRADUCCIÓN",Escolarizado,https://www.dgae.unam.mx/Licenciatura2025/resultados/4/44000425.html,19,566,329,106,19,333231,33,,No seleccionado,,Consultar
2025,4,Licenciatura 2025,440,44000425,TRADUCCION,"ESCUELA NACIONAL DE LENGUAS, LINGÜÍSTICA Y TRADUCCIÓN",Escolarizado,https://www.dgae.unam.mx/Licenciatura2025/resultados/4/44000425.html,19,566,329,106,19,333341,71,,No seleccionado,,Consultar
2025,4,Licenciatura 2025,440,44000425,TRADUCCION,"ESCUELA NACIONAL DE LENGUAS, LINGÜÍSTICA Y TRADUCCIÓN",Escolarizado,https://www.dgae.unam.mx/Licenciatura2025/resultados/4/44000425.html,19,566,329,106,19,333376,45,,No seleccionado,,Consultar
2025,4,Licenciatura 2025,440,44000425,TRADUCCION,"ESCUELA NACIONAL DE LENGUAS, LINGÜÍSTICA Y TRADUCCIÓN",Escolarizado,https://www.dgae.unam.mx/Licenciatura2025/resultados/4/44000425.html,19,566,329,106,19,333381,39,,No seleccionado,,Consultar
2025,4,Licenciatura 2025,440,44000425,TRADUCCION,"ESCUELA NACIONAL DE LENGUAS, LINGÜÍSTICA Y TRADUCCIÓN",Escolarizado,https://www.dgae.unam.mx/Licenciatura2025/resultados/4/44000425.html,19,566,329,106,19,333384,,N,No presentado,,Consultar
2025,4,Licenciatura 2025,440,44000425,TRADUCCION,"ESCUELA NACIONAL DE LENGUAS, LINGÜÍSTICA Y TRADUCCIÓN",Escolarizado,https://www.dgae.unam.mx/Licenciatura2025/resultados/4/44000425.html,19,566,329,106,19,333409,77,,No seleccionado,,Consultar
2025,4,Licenciatura 2025,440,44000425,TRADUCCION,"ESCUELA NACIONAL DE LENGUAS, LINGÜÍSTICA Y TRADUCCIÓN",Escolarizado,https://www.dgae.unam.mx/Licenciatura2025/resultados/4/44000425.html,19,566,329,106,19,333412,94,,No seleccionado,,Consultar
2025,4,Licenciatura 2025,440,44000425,TRADUCCION,"ESCUELA NACIONAL DE LENGUAS, LINGÜÍSTICA Y TRADUCCIÓN",Escolarizado,https://www.dgae.unam.mx/Licenciatura2025/resultados/4/44000425.html,19,566,329,106,19,333422,87,,No seleccionado,,Consultar
2025,4,Licenciatura 2025,440,44000425,TRADUCCION,"ESCUELA NACIONAL DE LENGUAS, LINGÜÍSTICA Y TRADUCCIÓN",Escolarizado,https://www.dgae.unam.mx/Licenciatura2025/resultados/4/44000425.html,19,566,329,106,19,333472,,N,No presentado,,Consultar
2025,4,Licenciatura 2025,440,44000425,TRADUCCION,"ESCUELA NACIONAL DE LENGUAS, LINGÜÍSTICA Y TRADUCCIÓN",Escolarizado,https://www.dgae.unam.mx/Licenciatura2025/resultados/4/44000425.html,19,566,329,106,19,333495,58,,No seleccionado,,Consultar
2025,4,Licenciatura 2025,440,44000425,TRADUCCION,"ESCUELA NACIONAL DE LENGUAS, LINGÜÍSTICA Y TRADUCCIÓN",Escolarizado,https://www.dgae.unam.mx/Licenciatura2025/resultados/4/44000425.html,19,566,329,106,19,333532,,N,No presentado,,Consultar
2025,4,Licenciatura 2025,440,44000425,TRADUCCION,"ESCUELA NACIONAL DE LENGUAS, LINGÜÍSTICA Y TRADUCCIÓN",Escolarizado,https://www.dgae.unam.mx/Licenciatura2025/resultados/4/44000425.html,19,566,329,106,19,333560,,N,No presentado,,Consultar
2025,4,Licenciatura 2025,440,44000425,TRADUCCION,"ESCUELA NACIONAL DE LENGUAS, LINGÜÍSTICA Y TRADUCCIÓN",Escolarizado,https://www.dgae.unam.mx/Licenciatura2025/resultados/4/44000425.html,19,566,329,106,19,333601,77,,No seleccionado,,Consultar
2025,4,Licenciatura 2025,440,44000425,TRADUCCION,"ESCUELA NACIONAL DE LENGUAS, LINGÜÍSTICA Y TRADUCCIÓN",Escolarizado,https://www.dgae.unam.mx/Licenciatura2025/resultados/4/44000425.html,19,566,329,106,19,333603,88,,No seleccionado,,Consultar
2025,4,Licenciatura 2025,440,44000425,TRADUCCION,"ESCUELA NACIONAL DE LENGUAS, LINGÜÍSTICA Y TRADUCCIÓN",Escolarizado,https://www.dgae.unam.mx/Licenciatura2025/resultados/4/44000425.html,19,566,329,106,19,333612,40,,No seleccionado,,Consultar
2025,4,Licenciatura 2025,440,44000425,TRADUCCION,"ESCUELA NACIONAL DE LENGUAS, LINGÜÍSTICA Y TRADUCCIÓN",Escolarizado,https://www.dgae.unam.mx/Licenciatura2025/resultados/4/44000425.html,19,566,329,106,19,333653,,N,No presentado,,Consultar
2025,4,Licenciatura 2025,440,44000425,TRADUCCION,"ESCUELA NACIONAL DE LENGUAS, LINGÜÍSTICA Y TRADUCCIÓN",Escolarizado,https://www.dgae.unam.mx/Licenciatura2025/resultados/4/44000425.html,19,566,329,106,19,333680,39,,No seleccionado,,Consultar
2025,4,Licenciatura 2025,440,44000425,TRADUCCION,"ESCUELA NACIONAL DE LENGUAS, LINGÜÍSTICA Y TRADUCCIÓN",Escolarizado,https://www.dgae.unam.mx/Licenciatura2025/resultados/4/44000425.html,19,566,329,106,19,333683,,N,No presentado,,Consultar
2025,4,Licenciatura 2025,440,44000425,TRADUCCION,"ESCUELA NACIONAL DE LENGUAS, LINGÜÍSTICA Y TRADUCCIÓN",Escolarizado,https://www.dgae.unam.mx/Licenciatura2025/resultados/4/44000425.html,19,566,329,106,19,333684,71,,No seleccionado,,Consultar
2025,4,Licenciatura 2025,440,44000425,TRADUCCION,"ESCUELA NACIONAL DE LENGUAS, LINGÜÍSTICA Y TRADUCCIÓN",Escolarizado,https://www.dgae.unam.mx/Licenciatura2025/resultados/4/44000425.html,19,566,329,106,19,333853,,N,No presentado,,Consultar
2025,4,Licenciatura 2025,440,44000425,TRADUCCION,"ESCUELA NACIONAL DE LENGUAS, LINGÜÍSTICA Y TRADUCCIÓN",Escolarizado,https://www.dgae.unam.mx/Licenciatura2025/resultados/4/44000425.html,19,566,329,106,19,333861,,N,No presentado,,Consultar
2025,4,Licenciatura 2025,440,44000425,TRADUCCION,"ESCUELA NACIONAL DE LENGUAS, LINGÜÍSTICA Y TRADUCCIÓN",Escolarizado,https://www.dgae.unam.mx/Licenciatura2025/resultados/4/44000425.html,19,566,329,106,19,333878,102,,No seleccionado,,Consultar
2025,4,Licenciatura 2025,440,44000425,TRADUCCION,"ESCUELA NACIONAL DE LENGUAS, LINGÜÍSTICA Y TRADUCCIÓN",Escolarizado,https://www.dgae.unam.mx/Licenciatura2025/resultados/4/44000425.html,19,566,329,106,19,333888,63,,No seleccionado,,Consultar
2025,4,Licenciatura 2025,440,44000425,TRADUCCION,"ESCUELA NACIONAL DE LENGUAS, LINGÜÍSTICA Y TRADUCCIÓN",Escolarizado,https://www.dgae.unam.mx/Licenciatura2025/resultados/4/44000425.html,19,566,329,106,19,333970,,N,No presentado,,Consultar
2025,4,Licenciatura 2025,440,44000425,TRADUCCION,"ESCUELA NACIONAL DE LENGUAS, LINGÜÍSTICA Y TRADUCCIÓN",Escolarizado,https://www.dgae.unam.mx/Licenciatura2025/resultados/4/44000425.html,19,566,329,106,19,333994,76,,No seleccionado,,Consultar
2025,4,Licenciatura 2025,440,44000425,TRADUCCION,"ESCUELA NACIONAL DE LENGUAS, LINGÜÍSTICA Y TRADUCCIÓN",Escolarizado,https://www.dgae.unam.mx/Licenciatura2025/resultados/4/44000425.html,19,566,329,106,19,334023,54,,No seleccionado,,Consultar
2025,4,Licenciatura 2025,440,44000425,TRADUCCION,"ESCUELA NACIONAL DE LENGUAS, LINGÜÍSTICA Y TRADUCCIÓN",Escolarizado,https://www.dgae.unam.mx/Licenciatura2025/resultados/4/44000425.html,19,566,329,106,19,334025,46,,No seleccionado,,Consultar
2025,4,Licenciatura 2025,440,44000425,TRADUCCION,"ESCUELA NACIONAL DE LENGUAS, LINGÜÍSTICA Y TRADUCCIÓN",Escolarizado,https://www.dgae.unam.mx/Licenciatura2025/resultados/4/44000425.html,19,566,329,106,19,334075,,N,No presentado,,Consultar
2025,4,Licenciatura 2025,440,44000425,TRADUCCION,"ESCUELA NACIONAL DE LENGUAS, LINGÜÍSTICA Y TRADUCCIÓN",Escolarizado,https://www.dgae.unam.mx/Licenciatura2025/resultados/4/44000425.html,19,566,329,106,19,334076,61,,No seleccionado,,Consultar
2025,4,Licenciatura 2025,440,44000425,TRADUCCION,"ESCUELA NACIONAL DE LENGUAS, LINGÜÍSTICA Y TRADUCCIÓN",Escolarizado,https://www.dgae.unam.mx/Licenciatura2025/resultados/4/44000425.html,19,566,329,106,19,334133,,N,No presentado,,Consultar
2025,4,Licenciatura 2025,440,44000425,TRADUCCION,"ESCUELA NACIONAL DE LENGUAS, LINGÜÍSTICA Y TRADUCCIÓN",Escolarizado,https://www.dgae.unam.mx/Licenciatura2025/resultados/4/44000425.html,19,566,329,106,19,334136,,N,No presentado,,Consultar
2025,4,Licenciatura 2025,440,44000425,TRADUCCION,"ESCUELA NACIONAL DE LENGUAS, LINGÜÍSTICA Y TRADUCCIÓN",Escolarizado,https://www.dgae.unam.mx/Licenciatura2025/resultados/4/44000425.html,19,566,329,106,19,334218,,N,No presentado,,Consultar
2025,4,Licenciatura 2025,440,44000425,TRADUCCION,"ESCUELA NACIONAL DE LENGUAS, LINGÜÍSTICA Y TRADUCCIÓN",Escolarizado,https://www.dgae.unam.mx/Licenciatura2025/resultados/4/44000425.html,19,566,329,106,19,334244,57,,No seleccionado,,Consultar
2025,4,Licenciatura 2025,440,44000425,TRADUCCION,"ESCUELA NACIONAL DE LENGUAS, LINGÜÍSTICA Y TRADUCCIÓN",Escolarizado,https://www.dgae.unam.mx/Licenciatura2025/resultados/4/44000425.html,19,566,329,106,19,334248,,N,No presentado,,Consultar
2025,4,Licenciatura 2025,440,44000425,TRADUCCION,"ESCUELA NACIONAL DE LENGUAS, LINGÜÍSTICA Y TRADUCCIÓN",Escolarizado,https://www.dgae.unam.mx/Licenciatura2025/resultados/4/44000425.html,19,566,329,106,19,334429,,N,No presentado,,Consultar
2025,4,Licenciatura 2025,440,44000425,TRADUCCION,"ESCUELA NACIONAL DE LENGUAS, LINGÜÍSTICA Y TRADUCCIÓN",Escolarizado,https://www.dgae.unam.mx/Licenciatura2025/resultados/4/44000425.html,19,566,329,106,19,334496,,N,No presentado,,Consultar
2025,4,Licenciatura 2025,440,44000425,TRADUCCION,"ESCUELA NACIONAL DE LENGUAS, LINGÜÍSTICA Y TRADUCCIÓN",Escolarizado,https://www.dgae.unam.mx/Licenciatura2025/resultados/4/44000425.html,19,566,329,106,19,334553,64,,No seleccionado,,Consultar
2025,4,Licenciatura 2025,440,44000425,TRADUCCION,"ESCUELA NACIONAL DE LENGUAS, LINGÜÍSTICA Y TRADUCCIÓN",Escolarizado,https://www.dgae.unam.mx/Licenciatura2025/resultados/4/44000425.html,19,566,329,106,19,334588,102,,No seleccionado,,Consultar
2025,4,Licenciatura 2025,440,44000425,TRADUCCION,"ESCUELA NACIONAL DE LENGUAS, LINGÜÍSTICA Y TRADUCCIÓN",Escolarizado,https://www.dgae.unam.mx/Licenciatura2025/resultados/4/44000425.html,19,566,329,106,19,334598,43,,No seleccionado,,Consultar
2025,4,Licenciatura 2025,440,44000425,TRADUCCION,"ESCUELA NACIONAL DE LENGUAS, LINGÜÍSTICA Y TRADUCCIÓN",Escolarizado,https://www.dgae.unam.mx/Licenciatura2025/resultados/4/44000425.html,19,566,329,106,19,334604,108,S,Seleccionado,Cita para entregar documentación.,Consultar
2025,4,Licenciatura 2025,440,44000425,TRADUCCION,"ESCUELA NACIONAL DE LENGUAS, LINGÜÍSTICA Y TRADUCCIÓN",Escolarizado,https://www.dgae.unam.mx/Licenciatura2025/resultados/4/44000425.html,19,566,329,106,19,334659,,N,No presentado,,Consultar
2025,4,Licenciatura 2025,440,44000425,TRADUCCION,"ESCUELA NACIONAL DE LENGUAS, LINGÜÍSTICA Y TRADUCCIÓN",Escolarizado,https://www.dgae.unam.mx/Licenciatura2025/resultados/4/44000425.html,19,566,329,106,19,334663,,N,No presentado,,Consultar
2025,4,Licenciatura 2025,440,44000425,TRADUCCION,"ESCUELA NACIONAL DE LENGUAS, LINGÜÍSTICA Y TRADUCCIÓN",Escolarizado,https://www.dgae.unam.mx/Licenciatura2025/resultados/4/44000425.html,19,566,329,106,19,334670,74,,No seleccionado,,Consultar
2025,4,Licenciatura 2025,440,44000425,TRADUCCION,"ESCUELA NACIONAL DE LENGUAS, LINGÜÍSTICA Y TRADUCCIÓN",Escolarizado,https://www.dgae.unam.mx/Licenciatura2025/resultados/4/44000425.html,19,566,329,106,19,334674,52,,No seleccionado,,Consultar
2025,4,Licenciatura 2025,440,44000425,TRADUCCION,"ESCUELA NACIONAL DE LENGUAS, LINGÜÍSTICA Y TRADUCCIÓN",Escolarizado,https://www.dgae.unam.mx/Licenciatura2025/resultados/4/44000425.html,19,566,329,106,19,334677,33,,No seleccionado,,Consultar
2025,4,Licenciatura 2025,440,44000425,TRADUCCION,"ESCUELA NACIONAL DE LENGUAS, LINGÜÍSTICA Y TRADUCCIÓN",Escolarizado,https://www.dgae.unam.mx/Licenciatura2025/resultados/4/44000425.html,19,566,329,106,19,334680,117,S,Seleccionado,Cita para entregar documentación.,Consultar
2025,4,Licenciatura 2025,440,44000425,TRADUCCION,"ESCUELA NACIONAL DE LENGUAS, LINGÜÍSTICA Y TRADUCCIÓN",Escolarizado,https://www.dgae.unam.mx/Licenciatura2025/resultados/4/44000425.html,19,566,329,106,19,334710,71,,No seleccionado,,Consultar
2025,4,Licenciatura 2025,440,44000425,TRADUCCION,"ESCUELA NACIONAL DE LENGUAS, LINGÜÍSTICA Y TRADUCCIÓN",Escolarizado,https://www.dgae.unam.mx/Licenciatura2025/resultados/4/44000425.html,19,566,329,106,19,334756,,N,No presentado,,Consultar
2025,4,Licenciatura 2025,440,44000425,TRADUCCION,"ESCUELA NACIONAL DE LENGUAS, LINGÜÍSTICA Y TRADUCCIÓN",Escolarizado,https://www.dgae.unam.mx/Licenciatura2025/resultados/4/44000425.html,19,566,329,106,19,334769,44,,No seleccionado,,Consultar
2025,4,Licenciatura 2025,440,44000425,TRADUCCION,"ESCUELA NACIONAL DE LENGUAS, LINGÜÍSTICA Y TRADUCCIÓN",Escolarizado,https://www.dgae.unam.mx/Licenciatura2025/resultados/4/44000425.html,19,566,329,106,19,334805,53,,No seleccionado,,Consultar
2025,4,Licenciatura 2025,440,44000425,TRADUCCION,"ESCUELA NACIONAL DE LENGUAS, LINGÜÍSTICA Y TRADUCCIÓN",Escolarizado,https://www.dgae.unam.mx/Licenciatura2025/resultados/4/44000425.html,19,566,329,106,19,334824,,N,No presentado,,Consultar
2025,4,Licenciatura 2025,440,44000425,TRADUCCION,"ESCUELA NACIONAL DE LENGUAS, LINGÜÍSTICA Y TRADUCCIÓN",Escolarizado,https://www.dgae.unam.mx/Licenciatura2025/resultados/4/44000425.html,19,566,329,106,19,334841,,N,No presentado,,Consultar
2025,4,Licenciatura 2025,440,44000425,TRADUCCION,"ESCUELA NACIONAL DE LENGUAS, LINGÜÍSTICA Y TRADUCCIÓN",Escolarizado,https://www.dgae.unam.mx/Licenciatura2025/resultados/4/44000425.html,19,566,329,106,19,334917,48,,No seleccionado,,Consultar
2025,4,Licenciatura 2025,440,44000425,TRADUCCION,"ESCUELA NACIONAL DE LENGUAS, LINGÜÍSTICA Y TRADUCCIÓN",Escolarizado,https://www.dgae.unam.mx/Licenciatura2025/resultados/4/44000425.html,19,566,329,106,19,335026,,N,No presentado,,Consultar
2025,4,Licenciatura 2025,440,44000425,TRADUCCION,"ESCUELA NACIONAL DE LENGUAS, LINGÜÍSTICA Y TRADUCCIÓN",Escolarizado,https://www.dgae.unam.mx/Licenciatura2025/resultados/4/44000425.html,19,566,329,106,19,335130,,N,No presentado,,Consultar
2025,4,Licenciatura 2025,440,44000425,TRADUCCION,"ESCUELA NACIONAL DE LENGUAS, LINGÜÍSTICA Y TRADUCCIÓN",Escolarizado,https://www.dgae.unam.mx/Licenciatura2025/resultados/4/44000425.html,19,566,329,106,19,335156,,N,No presentado,,Consultar
2025,4,Licenciatura 2025,440,44000425,TRADUCCION,"ESCUELA NACIONAL DE LENGUAS, LINGÜÍSTICA Y TRADUCCIÓN",Escolarizado,https://www.dgae.unam.mx/Licenciatura2025/resultados/4/44000425.html,19,566,329,106,19,335164,72,,No seleccionado,,Consultar
2025,4,Licenciatura 2025,440,44000425,TRADUCCION,"ESCUELA NACIONAL DE LENGUAS, LINGÜÍSTICA Y TRADUCCIÓN",Escolarizado,https://www.dgae.unam.mx/Licenciatura2025/resultados/4/44000425.html,19,566,329,106,19,335204,48,,No seleccionado,,Consultar
2025,4,Licenciatura 2025,440,44000425,TRADUCCION,"ESCUELA NACIONAL DE LENGUAS, LINGÜÍSTICA Y TRADUCCIÓN",Escolarizado,https://www.dgae.unam.mx/Licenciatura2025/resultados/4/44000425.html,19,566,329,106,19,335211,45,,No seleccionado,,Consultar
2025,4,Licenciatura 2025,440,44000425,TRADUCCION,"ESCUELA NACIONAL DE LENGUAS, LINGÜÍSTICA Y TRADUCCIÓN",Escolarizado,https://www.dgae.unam.mx/Licenciatura2025/resultados/4/44000425.html,19,566,329,106,19,335235,46,,No seleccionado,,Consultar
2025,4,Licenciatura 2025,440,44000425,TRADUCCION,"ESCUELA NACIONAL DE LENGUAS, LINGÜÍSTICA Y TRADUCCIÓN",Escolarizado,https://www.dgae.unam.mx/Licenciatura2025/resultados/4/44000425.html,19,566,329,106,19,335246,67,,No seleccionado,,Consultar
2025,4,Licenciatura 2025,440,44000425,TRADUCCION,"ESCUELA NACIONAL DE LENGUAS, LINGÜÍSTICA Y TRADUCCIÓN",Escolarizado,https://www.dgae.unam.mx/Licenciatura2025/resultados/4/44000425.html,19,566,329,106,19,335277,,N,No presentado,,Consultar
2025,4,Licenciatura 2025,440,44000425,TRADUCCION,"ESCUELA NACIONAL DE LENGUAS, LINGÜÍSTICA Y TRADUCCIÓN",Escolarizado,https://www.dgae.unam.mx/Licenciatura2025/resultados/4/44000425.html,19,566,329,106,19,335319,74,,No seleccionado,,Consultar
2025,4,Licenciatura 2025,440,44000425,TRADUCCION,"ESCUELA NACIONAL DE LENGUAS, LINGÜÍSTICA Y TRADUCCIÓN",Escolarizado,https://www.dgae.unam.mx/Licenciatura2025/resultados/4/44000425.html,19,566,329,106,19,335371,46,,No seleccionado,,Consultar
2025,4,Licenciatura 2025,440,44000425,TRADUCCION,"ESCUELA NACIONAL DE LENGUAS, LINGÜÍSTICA Y TRADUCCIÓN",Escolarizado,https://www.dgae.unam.mx/Licenciatura2025/resultados/4/44000425.html,19,566,329,106,19,335377,51,,No seleccionado,,Consultar
2025,4,Licenciatura 2025,440,44000425,TRADUCCION,"ESCUELA NACIONAL DE LENGUAS, LINGÜÍSTICA Y TRADUCCIÓN",Escolarizado,https://www.dgae.unam.mx/Licenciatura2025/resultados/4/44000425.html,19,566,329,106,19,335395,,N,No presentado,,Consultar
2025,4,Licenciatura 2025,440,44000425,TRADUCCION,"ESCUELA NACIONAL DE LENGUAS, LINGÜÍSTICA Y TRADUCCIÓN",Escolarizado,https://www.dgae.unam.mx/Licenciatura2025/resultados/4/44000425.html,19,566,329,106,19,335455,40,,No seleccionado,,Consultar
2025,4,Licenciatura 2025,440,44000425,TRADUCCION,"ESCUELA NACIONAL DE LENGUAS, LINGÜÍSTICA Y TRADUCCIÓN",Escolarizado,https://www.dgae.unam.mx/Licenciatura2025/resultados/4/44000425.html,19,566,329,106,19,335519,72,,No seleccionado,,Consultar
2025,4,Licenciatura 2025,440,44000425,TRADUCCION,"ESCUELA NACIONAL DE LENGUAS, LINGÜÍSTICA Y TRADUCCIÓN",Escolarizado,https://www.dgae.unam.mx/Licenciatura2025/resultados/4/44000425.html,19,566,329,106,19,335527,109,S,Seleccionado,Cita para entregar documentación.,Consultar
2025,4,Licenciatura 2025,440,44000425,TRADUCCION,"ESCUELA NACIONAL DE LENGUAS, LINGÜÍSTICA Y TRADUCCIÓN",Escolarizado,https://www.dgae.unam.mx/Licenciatura2025/resultados/4/44000425.html,19,566,329,106,19,335534,35,,No seleccionado,,Consultar
2025,4,Licenciatura 2025,440,44000425,TRADUCCION,"ESCUELA NACIONAL DE LENGUAS, LINGÜÍSTICA Y TRADUCCIÓN",Escolarizado,https://www.dgae.unam.mx/Licenciatura2025/resultados/4/44000425.html,19,566,329,106,19,335552,35,,No seleccionado,,Consultar
2025,4,Licenciatura 2025,440,44000425,TRADUCCION,"ESCUELA NACIONAL DE LENGUAS, LINGÜÍSTICA Y TRADUCCIÓN",Escolarizado,https://www.dgae.unam.mx/Licenciatura2025/resultados/4/44000425.html,19,566,329,106,19,335592,,N,No presentado,,Consultar
2025,4,Licenciatura 2025,440,44000425,TRADUCCION,"ESCUELA NACIONAL DE LENGUAS, LINGÜÍSTICA Y TRADUCCIÓN",Escolarizado,https://www.dgae.unam.mx/Licenciatura2025/resultados/4/44000425.html,19,566,329,106,19,335626,57,,No seleccionado,,Consultar
2025,4,Licenciatura 2025,440,44000425,TRADUCCION,"ESCUELA NACIONAL DE LENGUAS, LINGÜÍSTICA Y TRADUCCIÓN",Escolarizado,https://www.dgae.unam.mx/Licenciatura2025/resultados/4/44000425.html,19,566,329,106,19,335632,,N,No presentado,,Consultar
2025,4,Licenciatura 2025,440,44000425,TRADUCCION,"ESCUELA NACIONAL DE LENGUAS, LINGÜÍSTICA Y TRADUCCIÓN",Escolarizado,https://www.dgae.unam.mx/Licenciatura2025/resultados/4/44000425.html,19,566,329,106,19,335679,62,,No seleccionado,,Consultar
2025,4,Licenciatura 2025,440,44000425,TRADUCCION,"ESCUELA NACIONAL DE LENGUAS, LINGÜÍSTICA Y TRADUCCIÓN",Escolarizado,https://www.dgae.unam.mx/Licenciatura2025/resultados/4/44000425.html,19,566,329,106,19,335701,44,,No seleccionado,,Consultar
2025,4,Licenciatura 2025,440,44000425,TRADUCCION,"ESCUELA NACIONAL DE LENGUAS, LINGÜÍSTICA Y TRADUCCIÓN",Escolarizado,https://www.dgae.unam.mx/Licenciatura2025/resultados/4/44000425.html,19,566,329,106,19,335704,80,,No seleccionado,,Consultar
2025,4,Licenciatura 2025,440,44000425,TRADUCCION,"ESCUELA NACIONAL DE LENGUAS, LINGÜÍSTICA Y TRADUCCIÓN",Escolarizado,https://www.dgae.unam.mx/Licenciatura2025/resultados/4/44000425.html,19,566,329,106,19,335715,,N,No presentado,,Consultar
2025,4,Licenciatura 2025,440,44000425,TRADUCCION,"ESCUELA NACIONAL DE LENGUAS, LINGÜÍSTICA Y TRADUCCIÓN",Escolarizado,https://www.dgae.unam.mx/Licenciatura2025/resultados/4/44000425.html,19,566,329,106,19,335745,,N,No presentado,,Consultar
2025,4,Licenciatura 2025,440,44000425,TRADUCCION,"ESCUELA NACIONAL DE LENGUAS, LINGÜÍSTICA Y TRADUCCIÓN",Escolarizado,https://www.dgae.unam.mx/Licenciatura2025/resultados/4/44000425.html,19,566,329,106,19,335764,55,,No seleccionado,,Consultar
2025,4,Licenciatura 2025,440,44000425,TRADUCCION,"ESCUELA NACIONAL DE LENGUAS, LINGÜÍSTICA Y TRADUCCIÓN",Escolarizado,https://www.dgae.unam.mx/Licenciatura2025/resultados/4/44000425.html,19,566,329,106,19,335780,84,,No seleccionado,,Consultar
2025,4,Licenciatura 2025,440,44000425,TRADUCCION,"ESCUELA NACIONAL DE LENGUAS, LINGÜÍSTICA Y TRADUCCIÓN",Escolarizado,https://www.dgae.unam.mx/Licenciatura2025/resultados/4/44000425.html,19,566,329,106,19,335787,85,,No seleccionado,,Consultar
2025,4,Licenciatura 2025,440,44000425,TRADUCCION,"ESCUELA NACIONAL DE LENGUAS, LINGÜÍSTICA Y TRADUCCIÓN",Escolarizado,https://www.dgae.unam.mx/Licenciatura2025/resultados/4/44000425.html,19,566,329,106,19,335808,69,,No seleccionado,,Consultar
2025,4,Licenciatura 2025,440,44000425,TRADUCCION,"ESCUELA NACIONAL DE LENGUAS, LINGÜÍSTICA Y TRADUCCIÓN",Escolarizado,https://www.dgae.unam.mx/Licenciatura2025/resultados/4/44000425.html,19,566,329,106,19,335810,45,,No seleccionado,,Consultar
2025,4,Licenciatura 2025,440,44000425,TRADUCCION,"ESCUELA NACIONAL DE LENGUAS, LINGÜÍSTICA Y TRADUCCIÓN",Escolarizado,https://www.dgae.unam.mx/Licenciatura2025/resultados/4/44000425.html,19,566,329,106,19,335877,50,,No seleccionado,,Consultar
2025,4,Licenciatura 2025,440,44000425,TRADUCCION,"ESCUELA NACIONAL DE LENGUAS, LINGÜÍSTICA Y TRADUCCIÓN",Escolarizado,https://www.dgae.unam.mx/Licenciatura2025/resultados/4/44000425.html,19,566,329,106,19,335878,70,,No seleccionado,,Consultar
2025,4,Licenciatura 2025,440,44000425,TRADUCCION,"ESCUELA NACIONAL DE LENGUAS, LINGÜÍSTICA Y TRADUCCIÓN",Escolarizado,https://www.dgae.unam.mx/Licenciatura2025/resultados/4/44000425.html,19,566,329,106,19,335893,,N,No presentado,,Consultar
2025,4,Licenciatura 2025,440,44000425,TRADUCCION,"ESCUELA NACIONAL DE LENGUAS, LINGÜÍSTICA Y TRADUCCIÓN",Escolarizado,https://www.dgae.unam.mx/Licenciatura2025/resultados/4/44000425.html,19,566,329,106,19,335937,69,,No seleccionado,,Consultar
2025,4,Licenciatura 2025,440,44000425,TRADUCCION,"ESCUELA NACIONAL DE LENGUAS, LINGÜÍSTICA Y TRADUCCIÓN",Escolarizado,https://www.dgae.unam.mx/Licenciatura2025/resultados/4/44000425.html,19,566,329,106,19,335960,,N,No presentado,,Consultar
2025,4,Licenciatura 2025,440,44000425,TRADUCCION,"ESCUELA NACIONAL DE LENGUAS, LINGÜÍSTICA Y TRADUCCIÓN",Escolarizado,https://www.dgae.unam.mx/Licenciatura2025/resultados/4/44000425.html,19,566,329,106,19,336049,36,,No seleccionado,,Consultar
2025,4,Licenciatura 2025,440,44000425,TRADUCCION,"ESCUELA NACIONAL DE LENGUAS, LINGÜÍSTICA Y TRADUCCIÓN",Escolarizado,https://www.dgae.unam.mx/Licenciatura2025/resultados/4/44000425.html,19,566,329,106,19,336061,67,,No seleccionado,,Consultar
2025,4,Licenciatura 2025,440,44000425,TRADUCCION,"ESCUELA NACIONAL DE LENGUAS, LINGÜÍSTICA Y TRADUCCIÓN",Escolarizado,https://www.dgae.unam.mx/Licenciatura2025/resultados/4/44000425.html,19,566,329,106,19,336140,,N,No presentado,,Consultar
2025,4,Licenciatura 2025,440,44000425,TRADUCCION,"ESCUELA NACIONAL DE LENGUAS, LINGÜÍSTICA Y TRADUCCIÓN",Escolarizado,https://www.dgae.unam.mx/Licenciatura2025/resultados/4/44000425.html,19,566,329,106,19,336209,85,,No seleccionado,,Consultar
2025,4,Licenciatura 2025,440,44000425,TRADUCCION,"ESCUELA NACIONAL DE LENGUAS, LINGÜÍSTICA Y TRADUCCIÓN",Escolarizado,https://www.dgae.unam.mx/Licenciatura2025/resultados/4/44000425.html,19,566,329,106,19,336241,,N,No presentado,,Consultar
2025,4,Licenciatura 2025,440,44000425,TRADUCCION,"ESCUELA NACIONAL DE LENGUAS, LINGÜÍSTICA Y TRADUCCIÓN",Escolarizado,https://www.dgae.unam.mx/Licenciatura2025/resultados/4/44000425.html,19,566,329,106,19,336288,,N,No presentado,,Consultar
2025,4,Licenciatura 2025,440,44000425,TRADUCCION,"ESCUELA NACIONAL DE LENGUAS, LINGÜÍSTICA Y TRADUCCIÓN",Escolarizado,https://www.dgae.unam.mx/Licenciatura2025/resultados/4/44000425.html,19,566,329,106,19,336305,72,,No seleccionado,,Consultar
2025,4,Licenciatura 2025,440,44000425,TRADUCCION,"ESCUELA NACIONAL DE LENGUAS, LINGÜÍSTICA Y TRADUCCIÓN",Escolarizado,https://www.dgae.unam.mx/Licenciatura2025/resultados/4/44000425.html,19,566,329,106,19,336307,106,S,Seleccionado,,Consultar
2025,4,Licenciatura 2025,440,44000425,TRADUCCION,"ESCUELA NACIONAL DE LENGUAS, LINGÜÍSTICA Y TRADUCCIÓN",Escolarizado,https://www.dgae.unam.mx/Licenciatura2025/resultados/4/44000425.html,19,566,329,106,19,336355,74,,No seleccionado,,Consultar
2025,4,Licenciatura 2025,440,44000425,TRADUCCION,"ESCUELA NACIONAL DE LENGUAS, LINGÜÍSTICA Y TRADUCCIÓN",Escolarizado,https://www.dgae.unam.mx/Licenciatura2025/resultados/4/44000425.html,19,566,329,106,19,336386,,N,No presentado,,Consultar
2025,4,Licenciatura 2025,440,44000425,TRADUCCION,"ESCUELA NACIONAL DE LENGUAS, LINGÜÍSTICA Y TRADUCCIÓN",Escolarizado,https://www.dgae.unam.mx/Licenciatura2025/resultados/4/44000425.html,19,566,329,106,19,336387,,N,No presentado,,Consultar
2025,4,Licenciatura 2025,440,44000425,TRADUCCION,"ESCUELA NACIONAL DE LENGUAS, LINGÜÍSTICA Y TRADUCCIÓN",Escolarizado,https://www.dgae.unam.mx/Licenciatura2025/resultados/4/44000425.html,19,566,329,106,19,336390,53,,No seleccionado,,Consultar
2025,4,Licenciatura 2025,440,44000425,TRADUCCION,"ESCUELA NACIONAL DE LENGUAS, LINGÜÍSTICA Y TRADUCCIÓN",Escolarizado,https://www.dgae.unam.mx/Licenciatura2025/resultados/4/44000425.html,19,566,329,106,19,336405,57,,No seleccionado,,Consultar
2025,4,Licenciatura 2025,440,44000425,TRADUCCION,"ESCUELA NACIONAL DE LENGUAS, LINGÜÍSTICA Y TRADUCCIÓN",Escolarizado,https://www.dgae.unam.mx/Licenciatura2025/resultados/4/44000425.html,19,566,329,106,19,336432,,N,No presentado,,Consultar
2025,4,Licenciatura 2025,440,44000425,TRADUCCION,"ESCUELA NACIONAL DE LENGUAS, LINGÜÍSTICA Y TRADUCCIÓN",Escolarizado,https://www.dgae.unam.mx/Licenciatura2025/resultados/4/44000425.html,19,566,329,106,19,336433,91,,No seleccionado,,Consultar
2025,4,Licenciatura 2025,440,44000425,TRADUCCION,"ESCUELA NACIONAL DE LENGUAS, LINGÜÍSTICA Y TRADUCCIÓN",Escolarizado,https://www.dgae.unam.mx/Licenciatura2025/resultados/4/44000425.html,19,566,329,106,19,336442,,N,No presentado,,Consultar
2025,4,Licenciatura 2025,440,44000425,TRADUCCION,"ESCUELA NACIONAL DE LENGUAS, LINGÜÍSTICA Y TRADUCCIÓN",Escolarizado,https://www.dgae.unam.mx/Licenciatura2025/resultados/4/44000425.html,19,566,329,106,19,336445,28,,No seleccionado,,Consultar
2025,4,Licenciatura 2025,440,44000425,TRADUCCION,"ESCUELA NACIONAL DE LENGUAS, LINGÜÍSTICA Y TRADUCCIÓN",Escolarizado,https://www.dgae.unam.mx/Licenciatura2025/resultados/4/44000425.html,19,566,329,106,19,336457,77,,No seleccionado,,Consultar
2025,4,Licenciatura 2025,440,44000425,TRADUCCION,"ESCUELA NACIONAL DE LENGUAS, LINGÜÍSTICA Y TRADUCCIÓN",Escolarizado,https://www.dgae.unam.mx/Licenciatura2025/resultados/4/44000425.html,19,566,329,106,19,336465,57,,No seleccionado,,Consultar
2025,4,Licenciatura 2025,440,44000425,TRADUCCION,"ESCUELA NACIONAL DE LENGUAS, LINGÜÍSTICA Y TRADUCCIÓN",Escolarizado,https://www.dgae.unam.mx/Licenciatura2025/resultados/4/44000425.html,19,566,329,106,19,336477,64,,No seleccionado,,Consultar
2025,4,Licenciatura 2025,440,44000425,TRADUCCION,"ESCUELA NACIONAL DE LENGUAS, LINGÜÍSTICA Y TRADUCCIÓN",Escolarizado,https://www.dgae.unam.mx/Licenciatura2025/resultados/4/44000425.html,19,566,329,106,19,336481,89,,No seleccionado,,Consultar
2025,4,Licenciatura 2025,440,44000425,TRADUCCION,"ESCUELA NACIONAL DE LENGUAS, LINGÜÍSTICA Y TRADUCCIÓN",Escolarizado,https://www.dgae.unam.mx/Licenciatura2025/resultados/4/44000425.html,19,566,329,106,19,336566,,N,No presentado,,Consultar
2025,4,Licenciatura 2025,440,44000425,TRADUCCION,"ESCUELA NACIONAL DE LENGUAS, LINGÜÍSTICA Y TRADUCCIÓN",Escolarizado,https://www.dgae.unam.mx/Licenciatura2025/resultados/4/44000425.html,19,566,329,106,19,336570,32,,No seleccionado,,Consultar
2025,4,Licenciatura 2025,440,44000425,TRADUCCION,"ESCUELA NACIONAL DE LENGUAS, LINGÜÍSTICA Y TRADUCCIÓN",Escolarizado,https://www.dgae.unam.mx/Licenciatura2025/resultados/4/44000425.html,19,566,329,106,19,336621,103,,No seleccionado,,Consultar
2025,4,Licenciatura 2025,440,44000425,TRADUCCION,"ESCUELA NACIONAL DE LENGUAS, LINGÜÍSTICA Y TRADUCCIÓN",Escolarizado,https://www.dgae.unam.mx/Licenciatura2025/resultados/4/44000425.html,19,566,329,106,19,336631,67,,No seleccionado,,Consultar
2025,4,Licenciatura 2025,440,44000425,TRADUCCION,"ESCUELA NACIONAL DE LENGUAS, LINGÜÍSTICA Y TRADUCCIÓN",Escolarizado,https://www.dgae.unam.mx/Licenciatura2025/resultados/4/44000425.html,19,566,329,106,19,336638,46,,No seleccionado,,Consultar
2025,4,Licenciatura 2025,440,44000425,TRADUCCION,"ESCUELA NACIONAL DE LENGUAS, LINGÜÍSTICA Y TRADUCCIÓN",Escolarizado,https://www.dgae.unam.mx/Licenciatura2025/resultados/4/44000425.html,19,566,329,106,19,336644,53,,No seleccionado,,Consultar
2025,4,Licenciatura 2025,440,44000425,TRADUCCION,"ESCUELA NACIONAL DE LENGUAS, LINGÜÍSTICA Y TRADUCCIÓN",Escolarizado,https://www.dgae.unam.mx/Licenciatura2025/resultados/4/44000425.html,19,566,329,106,19,336673,103,,No seleccionado,,Consultar
2025,4,Licenciatura 2025,440,44000425,TRADUCCION,"ESCUELA NACIONAL DE LENGUAS, LINGÜÍSTICA Y TRADUCCIÓN",Escolarizado,https://www.dgae.unam.mx/Licenciatura2025/resultados/4/44000425.html,19,566,329,106,19,336692,76,,No seleccionado,,Consultar
2025,4,Licenciatura 2025,440,44000425,TRADUCCION,"ESCUELA NACIONAL DE LENGUAS, LINGÜÍSTICA Y TRADUCCIÓN",Escolarizado,https://www.dgae.unam.mx/Licenciatura2025/resultados/4/44000425.html,19,566,329,106,19,336778,,N,No presentado,,Consultar
2025,4,Licenciatura 2025,440,44000425,TRADUCCION,"ESCUELA NACIONAL DE LENGUAS, LINGÜÍSTICA Y TRADUCCIÓN",Escolarizado,https://www.dgae.unam.mx/Licenciatura2025/resultados/4/44000425.html,19,566,329,106,19,336824,,N,No presentado,,Consultar
2025,4,Licenciatura 2025,440,44000425,TRADUCCION,"ESCUELA NACIONAL DE LENGUAS, LINGÜÍSTICA Y TRADUCCIÓN",Escolarizado,https://www.dgae.unam.mx/Licenciatura2025/resultados/4/44000425.html,19,566,329,106,19,336887,80,,No seleccionado,,Consultar
2025,4,Licenciatura 2025,440,44000425,TRADUCCION,"ESCUELA NACIONAL DE LENGUAS, LINGÜÍSTICA Y TRADUCCIÓN",Escolarizado,https://www.dgae.unam.mx/Licenciatura2025/resultados/4/44000425.html,19,566,329,106,19,336888,57,,No seleccionado,,Consultar
2025,4,Licenciatura 2025,440,44000425,TRADUCCION,"ESCUELA NACIONAL DE LENGUAS, LINGÜÍSTICA Y TRADUCCIÓN",Escolarizado,https://www.dgae.unam.mx/Licenciatura2025/resultados/4/44000425.html,19,566,329,106,19,336900,108,S,Seleccionado,Cita para entregar documentación.,Consultar
2025,4,Licenciatura 2025,440,44000425,TRADUCCION,"ESCUELA NACIONAL DE LENGUAS, LINGÜÍSTICA Y TRADUCCIÓN",Escolarizado,https://www.dgae.unam.mx/Licenciatura2025/resultados/4/44000425.html,19,566,329,106,19,336930,47,,No seleccionado,,Consultar
2025,4,Licenciatura 2025,440,44000425,TRADUCCION,"ESCUELA NACIONAL DE LENGUAS, LINGÜÍSTICA Y TRADUCCIÓN",Escolarizado,https://www.dgae.unam.mx/Licenciatura2025/resultados/4/44000425.html,19,566,329,106,19,337010,39,,No seleccionado,,Consultar
2025,4,Licenciatura 2025,440,44000425,TRADUCCION,"ESCUELA NACIONAL DE LENGUAS, LINGÜÍSTICA Y TRADUCCIÓN",Escolarizado,https://www.dgae.unam.mx/Licenciatura2025/resultados/4/44000425.html,19,566,329,106,19,337074,117,S,Seleccionado,Cita para entregar documentación.,Consultar
2025,4,Licenciatura 2025,440,44000425,TRADUCCION,"ESCUELA NACIONAL DE LENGUAS, LINGÜÍSTICA Y TRADUCCIÓN",Escolarizado,https://www.dgae.unam.mx/Licenciatura2025/resultados/4/44000425.html,19,566,329,106,19,337106,39,,No seleccionado,,Consultar
2025,4,Licenciatura 2025,440,44000425,TRADUCCION,"ESCUELA NACIONAL DE LENGUAS, LINGÜÍSTICA Y TRADUCCIÓN",Escolarizado,https://www.dgae.unam.mx/Licenciatura2025/resultados/4/44000425.html,19,566,329,106,19,337175,,N,No presentado,,Consultar
2025,4,Licenciatura 2025,440,44000425,TRADUCCION,"ESCUELA NACIONAL DE LENGUAS, LINGÜÍSTICA Y TRADUCCIÓN",Escolarizado,https://www.dgae.unam.mx/Licenciatura2025/resultados/4/44000425.html,19,566,329,106,19,337185,,N,No presentado,,Consultar
2025,4,Licenciatura 2025,440,44000425,TRADUCCION,"ESCUELA NACIONAL DE LENGUAS, LINGÜÍSTICA Y TRADUCCIÓN",Escolarizado,https://www.dgae.unam.mx/Licenciatura2025/resultados/4/44000425.html,19,566,329,106,19,337209,,N,No presentado,,Consultar
2025,4,Licenciatura 2025,440,44000425,TRADUCCION,"ESCUELA NACIONAL DE LENGUAS, LINGÜÍSTICA Y TRADUCCIÓN",Escolarizado,https://www.dgae.unam.mx/Licenciatura2025/resultados/4/44000425.html,19,566,329,106,19,337254,87,,No seleccionado,,Consultar
2025,4,Licenciatura 2025,440,44000425,TRADUCCION,"ESCUELA NACIONAL DE LENGUAS, LINGÜÍSTICA Y TRADUCCIÓN",Escolarizado,https://www.dgae.unam.mx/Licenciatura2025/resultados/4/44000425.html,19,566,329,106,19,337259,94,,No seleccionado,,Consultar
2025,4,Licenciatura 2025,440,44000425,TRADUCCION,"ESCUELA NACIONAL DE LENGUAS, LINGÜÍSTICA Y TRADUCCIÓN",Escolarizado,https://www.dgae.unam.mx/Licenciatura2025/resultados/4/44000425.html,19,566,329,106,19,337288,,N,No presentado,,Consultar
2025,4,Licenciatura 2025,440,44000425,TRADUCCION,"ESCUELA NACIONAL DE LENGUAS, LINGÜÍSTICA Y TRADUCCIÓN",Escolarizado,https://www.dgae.unam.mx/Licenciatura2025/resultados/4/44000425.html,19,566,329,106,19,337320,,N,No presentado,,Consultar
2025,4,Licenciatura 2025,440,44000425,TRADUCCION,"ESCUELA NACIONAL DE LENGUAS, LINGÜÍSTICA Y TRADUCCIÓN",Escolarizado,https://www.dgae.unam.mx/Licenciatura2025/resultados/4/44000425.html,19,566,329,106,19,337374,,N,No presentado,,Consultar
2025,4,Licenciatura 2025,440,44000425,TRADUCCION,"ESCUELA NACIONAL DE LENGUAS, LINGÜÍSTICA Y TRADUCCIÓN",Escolarizado,https://www.dgae.unam.mx/Licenciatura2025/resultados/4/44000425.html,19,566,329,106,19,337389,70,,No seleccionado,,Consultar
2025,4,Licenciatura 2025,440,44000425,TRADUCCION,"ESCUELA NACIONAL DE LENGUAS, LINGÜÍSTICA Y TRADUCCIÓN",Escolarizado,https://www.dgae.unam.mx/Licenciatura2025/resultados/4/44000425.html,19,566,329,106,19,337506,32,,No seleccionado,,Consultar
2025,4,Licenciatura 2025,440,44000425,TRADUCCION,"ESCUELA NACIONAL DE LENGUAS, LINGÜÍSTICA Y TRADUCCIÓN",Escolarizado,https://www.dgae.unam.mx/Licenciatura2025/resultados/4/44000425.html,19,566,329,106,19,337522,96,,No seleccionado,,Consultar
2025,4,Licenciatura 2025,440,44000425,TRADUCCION,"ESCUELA NACIONAL DE LENGUAS, LINGÜÍSTICA Y TRADUCCIÓN",Escolarizado,https://www.dgae.unam.mx/Licenciatura2025/resultados/4/44000425.html,19,566,329,106,19,337527,,N,No presentado,,Consultar
2025,4,Licenciatura 2025,440,44000425,TRADUCCION,"ESCUELA NACIONAL DE LENGUAS, LINGÜÍSTICA Y TRADUCCIÓN",Escolarizado,https://www.dgae.unam.mx/Licenciatura2025/resultados/4/44000425.html,19,566,329,106,19,337530,74,,No seleccionado,,Consultar
2025,4,Licenciatura 2025,440,44000425,TRADUCCION,"ESCUELA NACIONAL DE LENGUAS, LINGÜÍSTICA Y TRADUCCIÓN",Escolarizado,https://www.dgae.unam.mx/Licenciatura2025/resultados/4/44000425.html,19,566,329,106,19,337546,60,,No seleccionado,,Consultar
2025,4,Licenciatura 2025,440,44000425,TRADUCCION,"ESCUELA NACIONAL DE LENGUAS, LINGÜÍSTICA Y TRADUCCIÓN",Escolarizado,https://www.dgae.unam.mx/Licenciatura2025/resultados/4/44000425.html,19,566,329,106,19,337583,97,,No seleccionado,,Consultar
2025,4,Licenciatura 2025,440,44000425,TRADUCCION,"ESCUELA NACIONAL DE LENGUAS, LINGÜÍSTICA Y TRADUCCIÓN",Escolarizado,https://www.dgae.unam.mx/Licenciatura2025/resultados/4/44000425.html,19,566,329,106,19,337603,,N,No presentado,,Consultar
2025,4,Licenciatura 2025,440,44000425,TRADUCCION,"ESCUELA NACIONAL DE LENGUAS, LINGÜÍSTICA Y TRADUCCIÓN",Escolarizado,https://www.dgae.unam.mx/Licenciatura2025/resultados/4/44000425.html,19,566,329,106,19,337658,,N,No presentado,,Consultar
2025,4,Licenciatura 2025,440,44000425,TRADUCCION,"ESCUELA NACIONAL DE LENGUAS, LINGÜÍSTICA Y TRADUCCIÓN",Escolarizado,https://www.dgae.unam.mx/Licenciatura2025/resultados/4/44000425.html,19,566,329,106,19,337675,47,,No seleccionado,,Consultar
2025,4,Licenciatura 2025,440,44000425,TRADUCCION,"ESCUELA NACIONAL DE LENGUAS, LINGÜÍSTICA Y TRADUCCIÓN",Escolarizado,https://www.dgae.unam.mx/Licenciatura2025/resultados/4/44000425.html,19,566,329,106,19,337711,57,,No seleccionado,,Consultar
2025,4,Licenciatura 2025,440,44000425,TRADUCCION,"ESCUELA NACIONAL DE LENGUAS, LINGÜÍSTICA Y TRADUCCIÓN",Escolarizado,https://www.dgae.unam.mx/Licenciatura2025/resultados/4/44000425.html,19,566,329,106,19,337814,37,,No seleccionado,,Consultar
2025,4,Licenciatura 2025,440,44000425,TRADUCCION,"ESCUELA NACIONAL DE LENGUAS, LINGÜÍSTICA Y TRADUCCIÓN",Escolarizado,https://www.dgae.unam.mx/Licenciatura2025/resultados/4/44000425.html,19,566,329,106,19,337860,73,,No seleccionado,,Consultar
2025,4,Licenciatura 2025,440,44000425,TRADUCCION,"ESCUELA NACIONAL DE LENGUAS, LINGÜÍSTICA Y TRADUCCIÓN",Escolarizado,https://www.dgae.unam.mx/Licenciatura2025/resultados/4/44000425.html,19,566,329,106,19,337912,75,,No seleccionado,,Consultar
2025,4,Licenciatura 2025,440,44000425,TRADUCCION,"ESCUELA NACIONAL DE LENGUAS, LINGÜÍSTICA Y TRADUCCIÓN",Escolarizado,https://www.dgae.unam.mx/Licenciatura2025/resultados/4/44000425.html,19,566,329,106,19,337993,66,,No seleccionado,,Consultar
2025,4,Licenciatura 2025,440,44000425,TRADUCCION,"ESCUELA NACIONAL DE LENGUAS, LINGÜÍSTICA Y TRADUCCIÓN",Escolarizado,https://www.dgae.unam.mx/Licenciatura2025/resultados/4/44000425.html,19,566,329,106,19,338049,,N,No presentado,,Consultar
2025,4,Licenciatura 2025,440,44000425,TRADUCCION,"ESCUELA NACIONAL DE LENGUAS, LINGÜÍSTICA Y TRADUCCIÓN",Escolarizado,https://www.dgae.unam.mx/Licenciatura2025/resultados/4/44000425.html,19,566,329,106,19,338055,52,,No seleccionado,,Consultar
2025,4,Licenciatura 2025,440,44000425,TRADUCCION,"ESCUELA NACIONAL DE LENGUAS, LINGÜÍSTICA Y TRADUCCIÓN",Escolarizado,https://www.dgae.unam.mx/Licenciatura2025/resultados/4/44000425.html,19,566,329,106,19,338064,,N,No presentado,,Consultar
2025,4,Licenciatura 2025,440,44000425,TRADUCCION,"ESCUELA NACIONAL DE LENGUAS, LINGÜÍSTICA Y TRADUCCIÓN",Escolarizado,https://www.dgae.unam.mx/Licenciatura2025/resultados/4/44000425.html,19,566,329,106,19,338112,,N,No presentado,,Consultar
2025,4,Licenciatura 2025,440,44000425,TRADUCCION,"ESCUELA NACIONAL DE LENGUAS, LINGÜÍSTICA Y TRADUCCIÓN",Escolarizado,https://www.dgae.unam.mx/Licenciatura2025/resultados/4/44000425.html,19,566,329,106,19,338127,,N,No presentado,,Consultar
2025,4,Licenciatura 2025,440,44000425,TRADUCCION,"ESCUELA NACIONAL DE LENGUAS, LINGÜÍSTICA Y TRADUCCIÓN",Escolarizado,https://www.dgae.unam.mx/Licenciatura2025/resultados/4/44000425.html,19,566,329,106,19,338132,,N,No presentado,,Consultar
2025,4,Licenciatura 2025,440,44000425,TRADUCCION,"ESCUELA NACIONAL DE LENGUAS, LINGÜÍSTICA Y TRADUCCIÓN",Escolarizado,https://www.dgae.unam.mx/Licenciatura2025/resultados/4/44000425.html,19,566,329,106,19,338140,61,,No seleccionado,,Consultar
2025,4,Licenciatura 2025,440,44000425,TRADUCCION,"ESCUELA NACIONAL DE LENGUAS, LINGÜÍSTICA Y TRADUCCIÓN",Escolarizado,https://www.dgae.unam.mx/Licenciatura2025/resultados/4/44000425.html,19,566,329,106,19,338162,50,,No seleccionado,,Consultar
2025,4,Licenciatura 2025,440,44000425,TRADUCCION,"ESCUELA NACIONAL DE LENGUAS, LINGÜÍSTICA Y TRADUCCIÓN",Escolarizado,https://www.dgae.unam.mx/Licenciatura2025/resultados/4/44000425.html,19,566,329,106,19,338197,77,,No seleccionado,,Consultar
2025,4,Licenciatura 2025,440,44000425,TRADUCCION,"ESCUELA NACIONAL DE LENGUAS, LINGÜÍSTICA Y TRADUCCIÓN",Escolarizado,https://www.dgae.unam.mx/Licenciatura2025/resultados/4/44000425.html,19,566,329,106,19,338229,,N,No presentado,,Consultar
2025,4,Licenciatura 2025,440,44000425,TRADUCCION,"ESCUELA NACIONAL DE LENGUAS, LINGÜÍSTICA Y TRADUCCIÓN",Escolarizado,https://www.dgae.unam.mx/Licenciatura2025/resultados/4/44000425.html,19,566,329,106,19,338236,29,,No seleccionado,,Consultar
2025,4,Licenciatura 2025,440,44000425,TRADUCCION,"ESCUELA NACIONAL DE LENGUAS, LINGÜÍSTICA Y TRADUCCIÓN",Escolarizado,https://www.dgae.unam.mx/Licenciatura2025/resultados/4/44000425.html,19,566,329,106,19,338284,,N,No presentado,,Consultar
2025,4,Licenciatura 2025,440,44000425,TRADUCCION,"ESCUELA NACIONAL DE LENGUAS, LINGÜÍSTICA Y TRADUCCIÓN",Escolarizado,https://www.dgae.unam.mx/Licenciatura2025/resultados/4/44000425.html,19,566,329,106,19,338340,65,,No seleccionado,,Consultar
2025,4,Licenciatura 2025,440,44000425,TRADUCCION,"ESCUELA NACIONAL DE LENGUAS, LINGÜÍSTICA Y TRADUCCIÓN",Escolarizado,https://www.dgae.unam.mx/Licenciatura2025/resultados/4/44000425.html,19,566,329,106,19,338361,81,,No seleccionado,,Consultar
2025,4,Licenciatura 2025,440,44000425,TRADUCCION,"ESCUELA NACIONAL DE LENGUAS, LINGÜÍSTICA Y TRADUCCIÓN",Escolarizado,https://www.dgae.unam.mx/Licenciatura2025/resultados/4/44000425.html,19,566,329,106,19,338403,,N,No presentado,,Consultar
2025,4,Licenciatura 2025,440,44000425,TRADUCCION,"ESCUELA NACIONAL DE LENGUAS, LINGÜÍSTICA Y TRADUCCIÓN",Escolarizado,https://www.dgae.unam.mx/Licenciatura2025/resultados/4/44000425.html,19,566,329,106,19,338431,36,,No seleccionado,,Consultar
2025,4,Licenciatura 2025,440,44000425,TRADUCCION,"ESCUELA NACIONAL DE LENGUAS, LINGÜÍSTICA Y TRADUCCIÓN",Escolarizado,https://www.dgae.unam.mx/Licenciatura2025/resultados/4/44000425.html,19,566,329,106,19,338461,78,,No seleccionado,,Consultar
2025,4,Licenciatura 2025,440,44000425,TRADUCCION,"ESCUELA NACIONAL DE LENGUAS, LINGÜÍSTICA Y TRADUCCIÓN",Escolarizado,https://www.dgae.unam.mx/Licenciatura2025/resultados/4/44000425.html,19,566,329,106,19,338512,41,,No seleccionado,,Consultar
2025,4,Licenciatura 2025,440,44000425,TRADUCCION,"ESCUELA NACIONAL DE LENGUAS, LINGÜÍSTICA Y TRADUCCIÓN",Escolarizado,https://www.dgae.unam.mx/Licenciatura2025/resultados/4/44000425.html,19,566,329,106,19,338539,71,,No seleccionado,,Consultar
2025,4,Licenciatura 2025,440,44000425,TRADUCCION,"ESCUELA NACIONAL DE LENGUAS, LINGÜÍSTICA Y TRADUCCIÓN",Escolarizado,https://www.dgae.unam.mx/Licenciatura2025/resultados/4/44000425.html,19,566,329,106,19,338576,54,,No seleccionado,,Consultar
2025,4,Licenciatura 2025,440,44000425,TRADUCCION,"ESCUELA NACIONAL DE LENGUAS, LINGÜÍSTICA Y TRADUCCIÓN",Escolarizado,https://www.dgae.unam.mx/Licenciatura2025/resultados/4/44000425.html,19,566,329,106,19,338584,,N,No presentado,,Consultar
2025,4,Licenciatura 2025,440,44000425,TRADUCCION,"ESCUELA NACIONAL DE LENGUAS, LINGÜÍSTICA Y TRADUCCIÓN",Escolarizado,https://www.dgae.unam.mx/Licenciatura2025/resultados/4/44000425.html,19,566,329,106,19,338650,,N,No presentado,,Consultar
2025,4,Licenciatura 2025,440,44000425,TRADUCCION,"ESCUELA NACIONAL DE LENGUAS, LINGÜÍSTICA Y TRADUCCIÓN",Escolarizado,https://www.dgae.unam.mx/Licenciatura2025/resultados/4/44000425.html,19,566,329,106,19,338652,31,,No seleccionado,,Consultar
2025,4,Licenciatura 2025,440,44000425,TRADUCCION,"ESCUELA NACIONAL DE LENGUAS, LINGÜÍSTICA Y TRADUCCIÓN",Escolarizado,https://www.dgae.unam.mx/Licenciatura2025/resultados/4/44000425.html,19,566,329,106,19,338700,44,,No seleccionado,,Consultar
2025,4,Licenciatura 2025,440,44000425,TRADUCCION,"ESCUELA NACIONAL DE LENGUAS, LINGÜÍSTICA Y TRADUCCIÓN",Escolarizado,https://www.dgae.unam.mx/Licenciatura2025/resultados/4/44000425.html,19,566,329,106,19,338738,,N,No presentado,,Consultar
2025,4,Licenciatura 2025,440,44000425,TRADUCCION,"ESCUELA NACIONAL DE LENGUAS, LINGÜÍSTICA Y TRADUCCIÓN",Escolarizado,https://www.dgae.unam.mx/Licenciatura2025/resultados/4/44000425.html,19,566,329,106,19,338741,,N,No presentado,,Consultar
2025,4,Licenciatura 2025,440,44000425,TRADUCCION,"ESCUELA NACIONAL DE LENGUAS, LINGÜÍSTICA Y TRADUCCIÓN",Escolarizado,https://www.dgae.unam.mx/Licenciatura2025/resultados/4/44000425.html,19,566,329,106,19,338749,66,,No seleccionado,,Consultar
2025,4,Licenciatura 2025,440,44000425,TRADUCCION,"ESCUELA NACIONAL DE LENGUAS, LINGÜÍSTICA Y TRADUCCIÓN",Escolarizado,https://www.dgae.unam.mx/Licenciatura2025/resultados/4/44000425.html,19,566,329,106,19,338798,58,,No seleccionado,,Consultar
2025,4,Licenciatura 2025,440,44000425,TRADUCCION,"ESCUELA NACIONAL DE LENGUAS, LINGÜÍSTICA Y TRADUCCIÓN",Escolarizado,https://www.dgae.unam.mx/Licenciatura2025/resultados/4/44000425.html,19,566,329,106,19,338805,66,,No seleccionado,,Consultar
2025,4,Licenciatura 2025,440,44000425,TRADUCCION,"ESCUELA NACIONAL DE LENGUAS, LINGÜÍSTICA Y TRADUCCIÓN",Escolarizado,https://www.dgae.unam.mx/Licenciatura2025/resultados/4/44000425.html,19,566,329,106,19,338844,73,,No seleccionado,,Consultar
2025,4,Licenciatura 2025,440,44000425,TRADUCCION,"ESCUELA NACIONAL DE LENGUAS, LINGÜÍSTICA Y TRADUCCIÓN",Escolarizado,https://www.dgae.unam.mx/Licenciatura2025/resultados/4/44000425.html,19,566,329,106,19,338862,,N,No presentado,,Consultar
2025,4,Licenciatura 2025,440,44000425,TRADUCCION,"ESCUELA NACIONAL DE LENGUAS, LINGÜÍSTICA Y TRADUCCIÓN",Escolarizado,https://www.dgae.unam.mx/Licenciatura2025/resultados/4/44000425.html,19,566,329,106,19,338975,72,,No seleccionado,,Consultar
2025,4,Licenciatura 2025,440,44000425,TRADUCCION,"ESCUELA NACIONAL DE LENGUAS, LINGÜÍSTICA Y TRADUCCIÓN",Escolarizado,https://www.dgae.unam.mx/Licenciatura2025/resultados/4/44000425.html,19,566,329,106,19,339071,,N,No presentado,,Consultar
2025,4,Licenciatura 2025,440,44000425,TRADUCCION,"ESCUELA NACIONAL DE LENGUAS, LINGÜÍSTICA Y TRADUCCIÓN",Escolarizado,https://www.dgae.unam.mx/Licenciatura2025/resultados/4/44000425.html,19,566,329,106,19,339077,,N,No presentado,,Consultar
2025,4,Licenciatura 2025,440,44000425,TRADUCCION,"ESCUELA NACIONAL DE LENGUAS, LINGÜÍSTICA Y TRADUCCIÓN",Escolarizado,https://www.dgae.unam.mx/Licenciatura2025/resultados/4/44000425.html,19,566,329,106,19,339158,62,,No seleccionado,,Consultar
2025,4,Licenciatura 2025,440,44000425,TRADUCCION,"ESCUELA NACIONAL DE LENGUAS, LINGÜÍSTICA Y TRADUCCIÓN",Escolarizado,https://www.dgae.unam.mx/Licenciatura2025/resultados/4/44000425.html,19,566,329,106,19,339168,105,,No seleccionado,,Consultar
2025,4,Licenciatura 2025,440,44000425,TRADUCCION,"ESCUELA NACIONAL DE LENGUAS, LINGÜÍSTICA Y TRADUCCIÓN",Escolarizado,https://www.dgae.unam.mx/Licenciatura2025/resultados/4/44000425.html,19,566,329,106,19,339171,68,,No seleccionado,,Consultar
2025,4,Licenciatura 2025,440,44000425,TRADUCCION,"ESCUELA NACIONAL DE LENGUAS, LINGÜÍSTICA Y TRADUCCIÓN",Escolarizado,https://www.dgae.unam.mx/Licenciatura2025/resultados/4/44000425.html,19,566,329,106,19,339211,95,,No seleccionado,,Consultar
2025,4,Licenciatura 2025,440,44000425,TRADUCCION,"ESCUELA NACIONAL DE LENGUAS, LINGÜÍSTICA Y TRADUCCIÓN",Escolarizado,https://www.dgae.unam.mx/Licenciatura2025/resultados/4/44000425.html,19,566,329,106,19,339244,48,,No seleccionado,,Consultar
2025,4,Licenciatura 2025,440,44000425,TRADUCCION,"ESCUELA NACIONAL DE LENGUAS, LINGÜÍSTICA Y TRADUCCIÓN",Escolarizado,https://www.dgae.unam.mx/Licenciatura2025/resultados/4/44000425.html,19,566,329,106,19,339269,91,,No seleccionado,,Consultar
2025,4,Licenciatura 2025,440,44000425,TRADUCCION,"ESCUELA NACIONAL DE LENGUAS, LINGÜÍSTICA Y TRADUCCIÓN",Escolarizado,https://www.dgae.unam.mx/Licenciatura2025/resultados/4/44000425.html,19,566,329,106,19,339330,63,,No seleccionado,,Consultar
2025,4,Licenciatura 2025,440,44000425,TRADUCCION,"ESCUELA NACIONAL DE LENGUAS, LINGÜÍSTICA Y TRADUCCIÓN",Escolarizado,https://www.dgae.unam.mx/Licenciatura2025/resultados/4/44000425.html,19,566,329,106,19,339396,80,,No seleccionado,,Consultar
2025,4,Licenciatura 2025,440,44000425,TRADUCCION,"ESCUELA NACIONAL DE LENGUAS, LINGÜÍSTICA Y TRADUCCIÓN",Escolarizado,https://www.dgae.unam.mx/Licenciatura2025/resultados/4/44000425.html,19,566,329,106,19,339410,,N,No presentado,,Consultar
2025,4,Licenciatura 2025,440,44000425,TRADUCCION,"ESCUELA NACIONAL DE LENGUAS, LINGÜÍSTICA Y TRADUCCIÓN",Escolarizado,https://www.dgae.unam.mx/Licenciatura2025/resultados/4/44000425.html,19,566,329,106,19,339455,,N,No presentado,,Consultar
2025,4,Licenciatura 2025,440,44000425,TRADUCCION,"ESCUELA NACIONAL DE LENGUAS, LINGÜÍSTICA Y TRADUCCIÓN",Escolarizado,https://www.dgae.unam.mx/Licenciatura2025/resultados/4/44000425.html,19,566,329,106,19,339498,,N,No presentado,,Consultar
2025,4,Licenciatura 2025,440,44000425,TRADUCCION,"ESCUELA NACIONAL DE LENGUAS, LINGÜÍSTICA Y TRADUCCIÓN",Escolarizado,https://www.dgae.unam.mx/Licenciatura2025/resultados/4/44000425.html,19,566,329,106,19,339515,106,S,Seleccionado,,Consultar
2025,4,Licenciatura 2025,440,44000425,TRADUCCION,"ESCUELA NACIONAL DE LENGUAS, LINGÜÍSTICA Y TRADUCCIÓN",Escolarizado,https://www.dgae.unam.mx/Licenciatura2025/resultados/4/44000425.html,19,566,329,106,19,339579,109,S,Seleccionado,,Consultar
2025,4,Licenciatura 2025,440,44000425,TRADUCCION,"ESCUELA NACIONAL DE LENGUAS, LINGÜÍSTICA Y TRADUCCIÓN",Escolarizado,https://www.dgae.unam.mx/Licenciatura2025/resultados/4/44000425.html,19,566,329,106,19,339587,57,,No seleccionado,,Consultar
2025,4,Licenciatura 2025,440,44000425,TRADUCCION,"ESCUELA NACIONAL DE LENGUAS, LINGÜÍSTICA Y TRADUCCIÓN",Escolarizado,https://www.dgae.unam.mx/Licenciatura2025/resultados/4/44000425.html,19,566,329,106,19,339651,47,,No seleccionado,,Consultar
2025,4,Licenciatura 2025,440,44000425,TRADUCCION,"ESCUELA NACIONAL DE LENGUAS, LINGÜÍSTICA Y TRADUCCIÓN",Escolarizado,https://www.dgae.unam.mx/Licenciatura2025/resultados/4/44000425.html,19,566,329,106,19,339655,,N,No presentado,,Consultar
2025,4,Licenciatura 2025,440,44000425,TRADUCCION,"ESCUELA NACIONAL DE LENGUAS, LINGÜÍSTICA Y TRADUCCIÓN",Escolarizado,https://www.dgae.unam.mx/Licenciatura2025/resultados/4/44000425.html,19,566,329,106,19,339663,70,,No seleccionado,,Consultar
2025,4,Licenciatura 2025,440,44000425,TRADUCCION,"ESCUELA NACIONAL DE LENGUAS, LINGÜÍSTICA Y TRADUCCIÓN",Escolarizado,https://www.dgae.unam.mx/Licenciatura2025/resultados/4/44000425.html,19,566,329,106,19,339678,49,,No seleccionado,,Consultar
2025,4,Licenciatura 2025,440,44000425,TRADUCCION,"ESCUELA NACIONAL DE LENGUAS, LINGÜÍSTICA Y TRADUCCIÓN",Escolarizado,https://www.dgae.unam.mx/Licenciatura2025/resultados/4/44000425.html,19,566,329,106,19,339726,56,,No seleccionado,,Consultar
2025,4,Licenciatura 2025,440,44000425,TRADUCCION,"ESCUELA NACIONAL DE LENGUAS, LINGÜÍSTICA Y TRADUCCIÓN",Escolarizado,https://www.dgae.unam.mx/Licenciatura2025/resultados/4/44000425.html,19,566,329,106,19,339752,96,,No seleccionado,,Consultar
2025,4,Licenciatura 2025,440,44000425,TRADUCCION,"ESCUELA NACIONAL DE LENGUAS, LINGÜÍSTICA Y TRADUCCIÓN",Escolarizado,https://www.dgae.unam.mx/Licenciatura2025/resultados/4/44000425.html,19,566,329,106,19,339765,71,,No seleccionado,,Consultar
2025,4,Licenciatura 2025,440,44000425,TRADUCCION,"ESCUELA NACIONAL DE LENGUAS, LINGÜÍSTICA Y TRADUCCIÓN",Escolarizado,https://www.dgae.unam.mx/Licenciatura2025/resultados/4/44000425.html,19,566,329,106,19,339772,40,,No seleccionado,,Consultar
2025,4,Licenciatura 2025,440,44000425,TRADUCCION,"ESCUELA NACIONAL DE LENGUAS, LINGÜÍSTICA Y TRADUCCIÓN",Escolarizado,https://www.dgae.unam.mx/Licenciatura2025/resultados/4/44000425.html,19,566,329,106,19,339780,,N,No presentado,,Consultar
2025,4,Licenciatura 2025,440,44000425,TRADUCCION,"ESCUELA NACIONAL DE LENGUAS, LINGÜÍSTICA Y TRADUCCIÓN",Escolarizado,https://www.dgae.unam.mx/Licenciatura2025/resultados/4/44000425.html,19,566,329,106,19,339787,,N,No presentado,,Consultar
2025,4,Licenciatura 2025,440,44000425,TRADUCCION,"ESCUELA NACIONAL DE LENGUAS, LINGÜÍSTICA Y TRADUCCIÓN",Escolarizado,https://www.dgae.unam.mx/Licenciatura2025/resultados/4/44000425.html,19,566,329,106,19,339922,60,,No seleccionado,,Consultar
2025,4,Licenciatura 2025,440,44000425,TRADUCCION,"ESCUELA NACIONAL DE LENGUAS, LINGÜÍSTICA Y TRADUCCIÓN",Escolarizado,https://www.dgae.unam.mx/Licenciatura2025/resultados/4/44000425.html,19,566,329,106,19,339945,,N,No presentado,,Consultar
2025,4,Licenciatura 2025,440,44000425,TRADUCCION,"ESCUELA NACIONAL DE LENGUAS, LINGÜÍSTICA Y TRADUCCIÓN",Escolarizado,https://www.dgae.unam.mx/Licenciatura2025/resultados/4/44000425.html,19,566,329,106,19,339950,36,,No seleccionado,,Consultar
2025,4,Licenciatura 2025,440,44000425,TRADUCCION,"ESCUELA NACIONAL DE LENGUAS, LINGÜÍSTICA Y TRADUCCIÓN",Escolarizado,https://www.dgae.unam.mx/Licenciatura2025/resultados/4/44000425.html,19,566,329,106,19,340024,,N,No presentado,,Consultar
2025,4,Licenciatura 2025,440,44000425,TRADUCCION,"ESCUELA NACIONAL DE LENGUAS, LINGÜÍSTICA Y TRADUCCIÓN",Escolarizado,https://www.dgae.unam.mx/Licenciatura2025/resultados/4/44000425.html,19,566,329,106,19,340039,56,,No seleccionado,,Consultar
2025,4,Licenciatura 2025,440,44000425,TRADUCCION,"ESCUELA NACIONAL DE LENGUAS, LINGÜÍSTICA Y TRADUCCIÓN",Escolarizado,https://www.dgae.unam.mx/Licenciatura2025/resultados/4/44000425.html,19,566,329,106,19,340065,,N,No presentado,,Consultar
2025,4,Licenciatura 2025,440,44000425,TRADUCCION,"ESCUELA NACIONAL DE LENGUAS, LINGÜÍSTICA Y TRADUCCIÓN",Escolarizado,https://www.dgae.unam.mx/Licenciatura2025/resultados/4/44000425.html,19,566,329,106,19,340078,,N,No presentado,,Consultar
2025,4,Licenciatura 2025,440,44000425,TRADUCCION,"ESCUELA NACIONAL DE LENGUAS, LINGÜÍSTICA Y TRADUCCIÓN",Escolarizado,https://www.dgae.unam.mx/Licenciatura2025/resultados/4/44000425.html,19,566,329,106,19,340082,104,,No seleccionado,,Consultar
2025,4,Licenciatura 2025,440,44000425,TRADUCCION,"ESCUELA NACIONAL DE LENGUAS, LINGÜÍSTICA Y TRADUCCIÓN",Escolarizado,https://www.dgae.unam.mx/Licenciatura2025/resultados/4/44000425.html,19,566,329,106,19,340101,67,,No seleccionado,,Consultar
2025,4,Licenciatura 2025,440,44000425,TRADUCCION,"ESCUELA NACIONAL DE LENGUAS, LINGÜÍSTICA Y TRADUCCIÓN",Escolarizado,https://www.dgae.unam.mx/Licenciatura2025/resultados/4/44000425.html,19,566,329,106,19,340207,,N,No presentado,,Consultar
2025,4,Licenciatura 2025,440,44000425,TRADUCCION,"ESCUELA NACIONAL DE LENGUAS, LINGÜÍSTICA Y TRADUCCIÓN",Escolarizado,https://www.dgae.unam.mx/Licenciatura2025/resultados/4/44000425.html,19,566,329,106,19,340213,78,,No seleccionado,,Consultar
2025,4,Licenciatura 2025,440,44000425,TRADUCCION,"ESCUELA NACIONAL DE LENGUAS, LINGÜÍSTICA Y TRADUCCIÓN",Escolarizado,https://www.dgae.unam.mx/Licenciatura2025/resultados/4/44000425.html,19,566,329,106,19,340343,,N,No presentado,,Consultar
2025,4,Licenciatura 2025,440,44000425,TRADUCCION,"ESCUELA NACIONAL DE LENGUAS, LINGÜÍSTICA Y TRADUCCIÓN",Escolarizado,https://www.dgae.unam.mx/Licenciatura2025/resultados/4/44000425.html,19,566,329,106,19,340360,,N,No presentado,,Consultar
2025,4,Licenciatura 2025,440,44000425,TRADUCCION,"ESCUELA NACIONAL DE LENGUAS, LINGÜÍSTICA Y TRADUCCIÓN",Escolarizado,https://www.dgae.unam.mx/Licenciatura2025/resultados/4/44000425.html,19,566,329,106,19,340380,53,,No seleccionado,,Consultar
2025,4,Licenciatura 2025,440,44000425,TRADUCCION,"ESCUELA NACIONAL DE LENGUAS, LINGÜÍSTICA Y TRADUCCIÓN",Escolarizado,https://www.dgae.unam.mx/Licenciatura2025/resultados/4/44000425.html,19,566,329,106,19,340407,,N,No presentado,,Consultar
2025,4,Licenciatura 2025,440,44000425,TRADUCCION,"ESCUELA NACIONAL DE LENGUAS, LINGÜÍSTICA Y TRADUCCIÓN",Escolarizado,https://www.dgae.unam.mx/Licenciatura2025/resultados/4/44000425.html,19,566,329,106,19,340414,,N,No presentado,,Consultar
2025,4,Licenciatura 2025,440,44000425,TRADUCCION,"ESCUELA NACIONAL DE LENGUAS, LINGÜÍSTICA Y TRADUCCIÓN",Escolarizado,https://www.dgae.unam.mx/Licenciatura2025/resultados/4/44000425.html,19,566,329,106,19,340431,60,,No seleccionado,,Consultar
2025,4,Licenciatura 2025,440,44000425,TRADUCCION,"ESCUELA NACIONAL DE LENGUAS, LINGÜÍSTICA Y TRADUCCIÓN",Escolarizado,https://www.dgae.unam.mx/Licenciatura2025/resultados/4/44000425.html,19,566,329,106,19,340465,53,,No seleccionado,,Consultar
2025,4,Licenciatura 2025,440,44000425,TRADUCCION,"ESCUELA NACIONAL DE LENGUAS, LINGÜÍSTICA Y TRADUCCIÓN",Escolarizado,https://www.dgae.unam.mx/Licenciatura2025/resultados/4/44000425.html,19,566,329,106,19,340548,,N,No presentado,,Consultar
2025,4,Licenciatura 2025,440,44000425,TRADUCCION,"ESCUELA NACIONAL DE LENGUAS, LINGÜÍSTICA Y TRADUCCIÓN",Escolarizado,https://www.dgae.unam.mx/Licenciatura2025/resultados/4/44000425.html,19,566,329,106,19,340605,,N,No presentado,,Consultar
2025,4,Licenciatura 2025,440,44000425,TRADUCCION,"ESCUELA NACIONAL DE LENGUAS, LINGÜÍSTICA Y TRADUCCIÓN",Escolarizado,https://www.dgae.unam.mx/Licenciatura2025/resultados/4/44000425.html,19,566,329,106,19,340641,82,,No seleccionado,,Consultar
2025,4,Licenciatura 2025,440,44000425,TRADUCCION,"ESCUELA NACIONAL DE LENGUAS, LINGÜÍSTICA Y TRADUCCIÓN",Escolarizado,https://www.dgae.unam.mx/Licenciatura2025/resultados/4/44000425.html,19,566,329,106,19,340646,48,,No seleccionado,,Consultar
2025,4,Licenciatura 2025,440,44000425,TRADUCCION,"ESCUELA NACIONAL DE LENGUAS, LINGÜÍSTICA Y TRADUCCIÓN",Escolarizado,https://www.dgae.unam.mx/Licenciatura2025/resultados/4/44000425.html,19,566,329,106,19,340690,,N,No presentado,,Consultar
2025,4,Licenciatura 2025,440,44000425,TRADUCCION,"ESCUELA NACIONAL DE LENGUAS, LINGÜÍSTICA Y TRADUCCIÓN",Escolarizado,https://www.dgae.unam.mx/Licenciatura2025/resultados/4/44000425.html,19,566,329,106,19,340754,,N,No presentado,,Consultar
2025,4,Licenciatura 2025,440,44000425,TRADUCCION,"ESCUELA NACIONAL DE LENGUAS, LINGÜÍSTICA Y TRADUCCIÓN",Escolarizado,https://www.dgae.unam.mx/Licenciatura2025/resultados/4/44000425.html,19,566,329,106,19,340845,,N,No presentado,,Consultar
2025,4,Licenciatura 2025,440,44000425,TRADUCCION,"ESCUELA NACIONAL DE LENGUAS, LINGÜÍSTICA Y TRADUCCIÓN",Escolarizado,https://www.dgae.unam.mx/Licenciatura2025/resultados/4/44000425.html,19,566,329,106,19,340859,,N,No presentado,,Consultar
2025,4,Licenciatura 2025,440,44000425,TRADUCCION,"ESCUELA NACIONAL DE LENGUAS, LINGÜÍSTICA Y TRADUCCIÓN",Escolarizado,https://www.dgae.unam.mx/Licenciatura2025/resultados/4/44000425.html,19,566,329,106,19,340865,45,,No seleccionado,,Consultar
2025,4,Licenciatura 2025,440,44000425,TRADUCCION,"ESCUELA NACIONAL DE LENGUAS, LINGÜÍSTICA Y TRADUCCIÓN",Escolarizado,https://www.dgae.unam.mx/Licenciatura2025/resultados/4/44000425.html,19,566,329,106,19,340879,52,,No seleccionado,,Consultar
2025,4,Licenciatura 2025,440,44000425,TRADUCCION,"ESCUELA NACIONAL DE LENGUAS, LINGÜÍSTICA Y TRADUCCIÓN",Escolarizado,https://www.dgae.unam.mx/Licenciatura2025/resultados/4/44000425.html,19,566,329,106,19,340907,43,,No seleccionado,,Consultar
2025,4,Licenciatura 2025,440,44000425,TRADUCCION,"ESCUELA NACIONAL DE LENGUAS, LINGÜÍSTICA Y TRADUCCIÓN",Escolarizado,https://www.dgae.unam.mx/Licenciatura2025/resultados/4/44000425.html,19,566,329,106,19,340980,45,,No seleccionado,,Consultar
2025,4,Licenciatura 2025,440,44000425,TRADUCCION,"ESCUELA NACIONAL DE LENGUAS, LINGÜÍSTICA Y TRADUCCIÓN",Escolarizado,https://www.dgae.unam.mx/Licenciatura2025/resultados/4/44000425.html,19,566,329,106,19,340983,,N,No presentado,,Consultar
2025,4,Licenciatura 2025,440,44000425,TRADUCCION,"ESCUELA NACIONAL DE LENGUAS, LINGÜÍSTICA Y TRADUCCIÓN",Escolarizado,https://www.dgae.unam.mx/Licenciatura2025/resultados/4/44000425.html,19,566,329,106,19,341011,57,,No seleccionado,,Consultar
2025,4,Licenciatura 2025,440,44000425,TRADUCCION,"ESCUELA NACIONAL DE LENGUAS, LINGÜÍSTICA Y TRADUCCIÓN",Escolarizado,https://www.dgae.unam.mx/Licenciatura2025/resultados/4/44000425.html,19,566,329,106,19,341022,83,,No seleccionado,,Consultar
2025,4,Licenciatura 2025,440,44000425,TRADUCCION,"ESCUELA NACIONAL DE LENGUAS, LINGÜÍSTICA Y TRADUCCIÓN",Escolarizado,https://www.dgae.unam.mx/Licenciatura2025/resultados/4/44000425.html,19,566,329,106,19,341052,68,,No seleccionado,,Consultar
2025,4,Licenciatura 2025,440,44000425,TRADUCCION,"ESCUELA NACIONAL DE LENGUAS, LINGÜÍSTICA Y TRADUCCIÓN",Escolarizado,https://www.dgae.unam.mx/Licenciatura2025/resultados/4/44000425.html,19,566,329,106,19,341104,51,,No seleccionado,,Consultar
2025,4,Licenciatura 2025,440,44000425,TRADUCCION,"ESCUELA NACIONAL DE LENGUAS, LINGÜÍSTICA Y TRADUCCIÓN",Escolarizado,https://www.dgae.unam.mx/Licenciatura2025/resultados/4/44000425.html,19,566,329,106,19,341153,,N,No presentado,,Consultar
2025,4,Licenciatura 2025,440,44000425,TRADUCCION,"ESCUELA NACIONAL DE LENGUAS, LINGÜÍSTICA Y TRADUCCIÓN",Escolarizado,https://www.dgae.unam.mx/Licenciatura2025/resultados/4/44000425.html,19,566,329,106,19,341182,,N,No presentado,,Consultar
2025,4,Licenciatura 2025,440,44000425,TRADUCCION,"ESCUELA NACIONAL DE LENGUAS, LINGÜÍSTICA Y TRADUCCIÓN",Escolarizado,https://www.dgae.unam.mx/Licenciatura2025/resultados/4/44000425.html,19,566,329,106,19,341196,,N,No presentado,,Consultar
2025,4,Licenciatura 2025,440,44000425,TRADUCCION,"ESCUELA NACIONAL DE LENGUAS, LINGÜÍSTICA Y TRADUCCIÓN",Escolarizado,https://www.dgae.unam.mx/Licenciatura2025/resultados/4/44000425.html,19,566,329,106,19,341198,,N,No presentado,,Consultar
2025,4,Licenciatura 2025,440,44000425,TRADUCCION,"ESCUELA NACIONAL DE LENGUAS, LINGÜÍSTICA Y TRADUCCIÓN",Escolarizado,https://www.dgae.unam.mx/Licenciatura2025/resultados/4/44000425.html,19,566,329,106,19,341199,,N,No presentado,,Consultar
2025,4,Licenciatura 2025,440,44000425,TRADUCCION,"ESCUELA NACIONAL DE LENGUAS, LINGÜÍSTICA Y TRADUCCIÓN",Escolarizado,https://www.dgae.unam.mx/Licenciatura2025/resultados/4/44000425.html,19,566,329,106,19,341215,106,S,Seleccionado,,Consultar
2025,4,Licenciatura 2025,440,44000425,TRADUCCION,"ESCUELA NACIONAL DE LENGUAS, LINGÜÍSTICA Y TRADUCCIÓN",Escolarizado,https://www.dgae.unam.mx/Licenciatura2025/resultados/4/44000425.html,19,566,329,106,19,341219,60,,No seleccionado,,Consultar
2025,4,Licenciatura 2025,440,44000425,TRADUCCION,"ESCUELA NACIONAL DE LENGUAS, LINGÜÍSTICA Y TRADUCCIÓN",Escolarizado,https://www.dgae.unam.mx/Licenciatura2025/resultados/4/44000425.html,19,566,329,106,19,341229,54,,No seleccionado,,Consultar
2025,4,Licenciatura 2025,440,44000425,TRADUCCION,"ESCUELA NACIONAL DE LENGUAS, LINGÜÍSTICA Y TRADUCCIÓN",Escolarizado,https://www.dgae.unam.mx/Licenciatura2025/resultados/4/44000425.html,19,566,329,106,19,341280,57,,No seleccionado,,Consultar
2025,4,Licenciatura 2025,440,44000425,TRADUCCION,"ESCUELA NACIONAL DE LENGUAS, LINGÜÍSTICA Y TRADUCCIÓN",Escolarizado,https://www.dgae.unam.mx/Licenciatura2025/resultados/4/44000425.html,19,566,329,106,19,341382,47,,No seleccionado,,Consultar
2025,4,Licenciatura 2025,440,44000425,TRADUCCION,"ESCUELA NACIONAL DE LENGUAS, LINGÜÍSTICA Y TRADUCCIÓN",Escolarizado,https://www.dgae.unam.mx/Licenciatura2025/resultados/4/44000425.html,19,566,329,106,19,341395,,N,No presentado,,Consultar
2025,4,Licenciatura 2025,440,44000425,TRADUCCION,"ESCUELA NACIONAL DE LENGUAS, LINGÜÍSTICA Y TRADUCCIÓN",Escolarizado,https://www.dgae.unam.mx/Licenciatura2025/resultados/4/44000425.html,19,566,329,106,19,341467,42,,No seleccionado,,Consultar
2025,4,Licenciatura 2025,440,44000425,TRADUCCION,"ESCUELA NACIONAL DE LENGUAS, LINGÜÍSTICA Y TRADUCCIÓN",Escolarizado,https://www.dgae.unam.mx/Licenciatura2025/resultados/4/44000425.html,19,566,329,106,19,341478,64,,No seleccionado,,Consultar
2025,4,Licenciatura 2025,440,44000425,TRADUCCION,"ESCUELA NACIONAL DE LENGUAS, LINGÜÍSTICA Y TRADUCCIÓN",Escolarizado,https://www.dgae.unam.mx/Licenciatura2025/resultados/4/44000425.html,19,566,329,106,19,341614,52,,No seleccionado,,Consultar
2025,4,Licenciatura 2025,440,44000425,TRADUCCION,"ESCUELA NACIONAL DE LENGUAS, LINGÜÍSTICA Y TRADUCCIÓN",Escolarizado,https://www.dgae.unam.mx/Licenciatura2025/resultados/4/44000425.html,19,566,329,106,19,341710,41,,No seleccionado,,Consultar
2025,4,Licenciatura 2025,440,44000425,TRADUCCION,"ESCUELA NACIONAL DE LENGUAS, LINGÜÍSTICA Y TRADUCCIÓN",Escolarizado,https://www.dgae.unam.mx/Licenciatura2025/resultados/4/44000425.html,19,566,329,106,19,341852,80,,No seleccionado,,Consultar
2025,4,Licenciatura 2025,440,44000425,TRADUCCION,"ESCUELA NACIONAL DE LENGUAS, LINGÜÍSTICA Y TRADUCCIÓN",Escolarizado,https://www.dgae.unam.mx/Licenciatura2025/resultados/4/44000425.html,19,566,329,106,19,341907,,N,No presentado,,Consultar
2025,4,Licenciatura 2025,440,44000425,TRADUCCION,"ESCUELA NACIONAL DE LENGUAS, LINGÜÍSTICA Y TRADUCCIÓN",Escolarizado,https://www.dgae.unam.mx/Licenciatura2025/resultados/4/44000425.html,19,566,329,106,19,341909,,N,No presentado,,Consultar
2025,4,Licenciatura 2025,440,44000425,TRADUCCION,"ESCUELA NACIONAL DE LENGUAS, LINGÜÍSTICA Y TRADUCCIÓN",Escolarizado,https://www.dgae.unam.mx/Licenciatura2025/resultados/4/44000425.html,19,566,329,106,19,341944,39,,No seleccionado,,Consultar
2025,4,Licenciatura 2025,440,44000425,TRADUCCION,"ESCUELA NACIONAL DE LENGUAS, LINGÜÍSTICA Y TRADUCCIÓN",Escolarizado,https://www.dgae.unam.mx/Licenciatura2025/resultados/4/44000425.html,19,566,329,106,19,341999,,N,No presentado,,Consultar
2025,4,Licenciatura 2025,440,44000425,TRADUCCION,"ESCUELA NACIONAL DE LENGUAS, LINGÜÍSTICA Y TRADUCCIÓN",Escolarizado,https://www.dgae.unam.mx/Licenciatura2025/resultados/4/44000425.html,19,566,329,106,19,342097,,N,No presentado,,Consultar
2025,4,Licenciatura 2025,440,44000425,TRADUCCION,"ESCUELA NACIONAL DE LENGUAS, LINGÜÍSTICA Y TRADUCCIÓN",Escolarizado,https://www.dgae.unam.mx/Licenciatura2025/resultados/4/44000425.html,19,566,329,106,19,342169,78,,No seleccionado,,Consultar
2025,4,Licenciatura 2025,440,44000425,TRADUCCION,"ESCUELA NACIONAL DE LENGUAS, LINGÜÍSTICA Y TRADUCCIÓN",Escolarizado,https://www.dgae.unam.mx/Licenciatura2025/resultados/4/44000425.html,19,566,329,106,19,342183,,N,No presentado,,Consultar
2025,4,Licenciatura 2025,440,44000425,TRADUCCION,"ESCUELA NACIONAL DE LENGUAS, LINGÜÍSTICA Y TRADUCCIÓN",Escolarizado,https://www.dgae.unam.mx/Licenciatura2025/resultados/4/44000425.html,19,566,329,106,19,342248,57,,No seleccionado,,Consultar
2025,4,Licenciatura 2025,440,44000425,TRADUCCION,"ESCUELA NACIONAL DE LENGUAS, LINGÜÍSTICA Y TRADUCCIÓN",Escolarizado,https://www.dgae.unam.mx/Licenciatura2025/resultados/4/44000425.html,19,566,329,106,19,342269,,N,No presentado,,Consultar
2025,4,Licenciatura 2025,440,44000425,TRADUCCION,"ESCUELA NACIONAL DE LENGUAS, LINGÜÍSTICA Y TRADUCCIÓN",Escolarizado,https://www.dgae.unam.mx/Licenciatura2025/resultados/4/44000425.html,19,566,329,106,19,342289,37,,No seleccionado,,Consultar
2025,4,Licenciatura 2025,440,44000425,TRADUCCION,"ESCUELA NACIONAL DE LENGUAS, LINGÜÍSTICA Y TRADUCCIÓN",Escolarizado,https://www.dgae.unam.mx/Licenciatura2025/resultados/4/44000425.html,19,566,329,106,19,342316,,N,No presentado,,Consultar
2025,4,Licenciatura 2025,440,44000425,TRADUCCION,"ESCUELA NACIONAL DE LENGUAS, LINGÜÍSTICA Y TRADUCCIÓN",Escolarizado,https://www.dgae.unam.mx/Licenciatura2025/resultados/4/44000425.html,19,566,329,106,19,342410,,N,No presentado,,Consultar
2025,4,Licenciatura 2025,440,44000425,TRADUCCION,"ESCUELA NACIONAL DE LENGUAS, LINGÜÍSTICA Y TRADUCCIÓN",Escolarizado,https://www.dgae.unam.mx/Licenciatura2025/resultados/4/44000425.html,19,566,329,106,19,342443,69,,No seleccionado,,Consultar
2025,4,Licenciatura 2025,440,44000425,TRADUCCION,"ESCUELA NACIONAL DE LENGUAS, LINGÜÍSTICA Y TRADUCCIÓN",Escolarizado,https://www.dgae.unam.mx/Licenciatura2025/resultados/4/44000425.html,19,566,329,106,19,342479,,N,No presentado,,Consultar
2025,4,Licenciatura 2025,440,44000425,TRADUCCION,"ESCUELA NACIONAL DE LENGUAS, LINGÜÍSTICA Y TRADUCCIÓN",Escolarizado,https://www.dgae.unam.mx/Licenciatura2025/resultados/4/44000425.html,19,566,329,106,19,342489,,N,No presentado,,Consultar
2025,4,Licenciatura 2025,440,44000425,TRADUCCION,"ESCUELA NACIONAL DE LENGUAS, LINGÜÍSTICA Y TRADUCCIÓN",Escolarizado,https://www.dgae.unam.mx/Licenciatura2025/resultados/4/44000425.html,19,566,329,106,19,342502,44,,No seleccionado,,Consultar
2025,4,Licenciatura 2025,440,44000425,TRADUCCION,"ESCUELA NACIONAL DE LENGUAS, LINGÜÍSTICA Y TRADUCCIÓN",Escolarizado,https://www.dgae.unam.mx/Licenciatura2025/resultados/4/44000425.html,19,566,329,106,19,342515,61,,No seleccionado,,Consultar
2025,4,Licenciatura 2025,440,44000425,TRADUCCION,"ESCUELA NACIONAL DE LENGUAS, LINGÜÍSTICA Y TRADUCCIÓN",Escolarizado,https://www.dgae.unam.mx/Licenciatura2025/resultados/4/44000425.html,19,566,329,106,19,342571,88,,No seleccionado,,Consultar
2025,4,Licenciatura 2025,440,44000425,TRADUCCION,"ESCUELA NACIONAL DE LENGUAS, LINGÜÍSTICA Y TRADUCCIÓN",Escolarizado,https://www.dgae.unam.mx/Licenciatura2025/resultados/4/44000425.html,19,566,329,106,19,342652,,N,No presentado,,Consultar
2025,4,Licenciatura 2025,440,44000425,TRADUCCION,"ESCUELA NACIONAL DE LENGUAS, LINGÜÍSTICA Y TRADUCCIÓN",Escolarizado,https://www.dgae.unam.mx/Licenciatura2025/resultados/4/44000425.html,19,566,329,106,19,342792,,N,No presentado,,Consultar
2025,4,Licenciatura 2025,440,44000425,TRADUCCION,"ESCUELA NACIONAL DE LENGUAS, LINGÜÍSTICA Y TRADUCCIÓN",Escolarizado,https://www.dgae.unam.mx/Licenciatura2025/resultados/4/44000425.html,19,566,329,106,19,342811,60,,No seleccionado,,Consultar
2025,4,Licenciatura 2025,440,44000425,TRADUCCION,"ESCUELA NACIONAL DE LENGUAS, LINGÜÍSTICA Y TRADUCCIÓN",Escolarizado,https://www.dgae.unam.mx/Licenciatura2025/resultados/4/44000425.html,19,566,329,106,19,342869,92,,No seleccionado,,Consultar
2025,4,Licenciatura 2025,440,44000425,TRADUCCION,"ESCUELA NACIONAL DE LENGUAS, LINGÜÍSTICA Y TRADUCCIÓN",Escolarizado,https://www.dgae.unam.mx/Licenciatura2025/resultados/4/44000425.html,19,566,329,106,19,342936,,N,No presentado,,Consultar
2025,4,Licenciatura 2025,440,44000425,TRADUCCION,"ESCUELA NACIONAL DE LENGUAS, LINGÜÍSTICA Y TRADUCCIÓN",Escolarizado,https://www.dgae.unam.mx/Licenciatura2025/resultados/4/44000425.html,19,566,329,106,19,343011,93,,No seleccionado,,Consultar
2025,4,Licenciatura 2025,440,44000425,TRADUCCION,"ESCUELA NACIONAL DE LENGUAS, LINGÜÍSTICA Y TRADUCCIÓN",Escolarizado,https://www.dgae.unam.mx/Licenciatura2025/resultados/4/44000425.html,19,566,329,106,19,343021,55,,No seleccionado,,Consultar
2025,4,Licenciatura 2025,440,44000425,TRADUCCION,"ESCUELA NACIONAL DE LENGUAS, LINGÜÍSTICA Y TRADUCCIÓN",Escolarizado,https://www.dgae.unam.mx/Licenciatura2025/resultados/4/44000425.html,19,566,329,106,19,343102,,N,No presentado,,Consultar
2025,4,Licenciatura 2025,440,44000425,TRADUCCION,"ESCUELA NACIONAL DE LENGUAS, LINGÜÍSTICA Y TRADUCCIÓN",Escolarizado,https://www.dgae.unam.mx/Licenciatura2025/resultados/4/44000425.html,19,566,329,106,19,343180,68,,No seleccionado,,Consultar
2025,4,Licenciatura 2025,440,44000425,TRADUCCION,"ESCUELA NACIONAL DE LENGUAS, LINGÜÍSTICA Y TRADUCCIÓN",Escolarizado,https://www.dgae.unam.mx/Licenciatura2025/resultados/4/44000425.html,19,566,329,106,19,343192,,N,No presentado,,Consultar
2025,4,Licenciatura 2025,440,44000425,TRADUCCION,"ESCUELA NACIONAL DE LENGUAS, LINGÜÍSTICA Y TRADUCCIÓN",Escolarizado,https://www.dgae.unam.mx/Licenciatura2025/resultados/4/44000425.html,19,566,329,106,19,343215,55,,No seleccionado,,Consultar
2025,4,Licenciatura 2025,440,44000425,TRADUCCION,"ESCUELA NACIONAL DE LENGUAS, LINGÜÍSTICA Y TRADUCCIÓN",Escolarizado,https://www.dgae.unam.mx/Licenciatura2025/resultados/4/44000425.html,19,566,329,106,19,343218,84,,No seleccionado,,Consultar
2025,4,Licenciatura 2025,440,44000425,TRADUCCION,"ESCUELA NACIONAL DE LENGUAS, LINGÜÍSTICA Y TRADUCCIÓN",Escolarizado,https://www.dgae.unam.mx/Licenciatura2025/resultados/4/44000425.html,19,566,329,106,19,343232,58,,No seleccionado,,Consultar
2025,4,Licenciatura 2025,440,44000425,TRADUCCION,"ESCUELA NACIONAL DE LENGUAS, LINGÜÍSTICA Y TRADUCCIÓN",Escolarizado,https://www.dgae.unam.mx/Licenciatura2025/resultados/4/44000425.html,19,566,329,106,19,343235,69,,No seleccionado,,Consultar
2025,4,Licenciatura 2025,440,44000425,TRADUCCION,"ESCUELA NACIONAL DE LENGUAS, LINGÜÍSTICA Y TRADUCCIÓN",Escolarizado,https://www.dgae.unam.mx/Licenciatura2025/resultados/4/44000425.html,19,566,329,106,19,343281,67,,No seleccionado,,Consultar
2025,4,Licenciatura 2025,440,44000425,TRADUCCION,"ESCUELA NACIONAL DE LENGUAS, LINGÜÍSTICA Y TRADUCCIÓN",Escolarizado,https://www.dgae.unam.mx/Licenciatura2025/resultados/4/44000425.html,19,566,329,106,19,343296,58,,No seleccionado,,Consultar
2025,4,Licenciatura 2025,440,44000425,TRADUCCION,"ESCUELA NACIONAL DE LENGUAS, LINGÜÍSTICA Y TRADUCCIÓN",Escolarizado,https://www.dgae.unam.mx/Licenciatura2025/resultados/4/44000425.html,19,566,329,106,19,343319,44,,No seleccionado,,Consultar
2025,4,Licenciatura 2025,440,44000425,TRADUCCION,"ESCUELA NACIONAL DE LENGUAS, LINGÜÍSTICA Y TRADUCCIÓN",Escolarizado,https://www.dgae.unam.mx/Licenciatura2025/resultados/4/44000425.html,19,566,329,106,19,343338,,N,No presentado,,Consultar
2025,4,Licenciatura 2025,440,44000425,TRADUCCION,"ESCUELA NACIONAL DE LENGUAS, LINGÜÍSTICA Y TRADUCCIÓN",Escolarizado,https://www.dgae.unam.mx/Licenciatura2025/resultados/4/44000425.html,19,566,329,106,19,343423,77,,No seleccionado,,Consultar
2025,4,Licenciatura 2025,440,44000425,TRADUCCION,"ESCUELA NACIONAL DE LENGUAS, LINGÜÍSTICA Y TRADUCCIÓN",Escolarizado,https://www.dgae.unam.mx/Licenciatura2025/resultados/4/44000425.html,19,566,329,106,19,343577,,N,No presentado,,Consultar
2025,4,Licenciatura 2025,440,44000425,TRADUCCION,"ESCUELA NACIONAL DE LENGUAS, LINGÜÍSTICA Y TRADUCCIÓN",Escolarizado,https://www.dgae.unam.mx/Licenciatura2025/resultados/4/44000425.html,19,566,329,106,19,343588,88,,No seleccionado,,Consultar
2025,4,Licenciatura 2025,440,44000425,TRADUCCION,"ESCUELA NACIONAL DE LENGUAS, LINGÜÍSTICA Y TRADUCCIÓN",Escolarizado,https://www.dgae.unam.mx/Licenciatura2025/resultados/4/44000425.html,19,566,329,106,19,343592,,N,No presentado,,Consultar
2025,4,Licenciatura 2025,440,44000425,TRADUCCION,"ESCUELA NACIONAL DE LENGUAS, LINGÜÍSTICA Y TRADUCCIÓN",Escolarizado,https://www.dgae.unam.mx/Licenciatura2025/resultados/4/44000425.html,19,566,329,106,19,343682,36,,No seleccionado,,Consultar
2025,4,Licenciatura 2025,440,44000425,TRADUCCION,"ESCUELA NACIONAL DE LENGUAS, LINGÜÍSTICA Y TRADUCCIÓN",Escolarizado,https://www.dgae.unam.mx/Licenciatura2025/resultados/4/44000425.html,19,566,329,106,19,343706,60,,No seleccionado,,Consultar
2025,4,Licenciatura 2025,440,44000425,TRADUCCION,"ESCUELA NACIONAL DE LENGUAS, LINGÜÍSTICA Y TRADUCCIÓN",Escolarizado,https://www.dgae.unam.mx/Licenciatura2025/resultados/4/44000425.html,19,566,329,106,19,343794,70,,No seleccionado,,Consultar
2025,4,Licenciatura 2025,440,44000425,TRADUCCION,"ESCUELA NACIONAL DE LENGUAS, LINGÜÍSTICA Y TRADUCCIÓN",Escolarizado,https://www.dgae.unam.mx/Licenciatura2025/resultados/4/44000425.html,19,566,329,106,19,343839,60,,No seleccionado,,Consultar
2025,4,Licenciatura 2025,440,44000425,TRADUCCION,"ESCUELA NACIONAL DE LENGUAS, LINGÜÍSTICA Y TRADUCCIÓN",Escolarizado,https://www.dgae.unam.mx/Licenciatura2025/resultados/4/44000425.html,19,566,329,106,19,343853,33,,No seleccionado,,Consultar
2025,4,Licenciatura 2025,440,44000425,TRADUCCION,"ESCUELA NACIONAL DE LENGUAS, LINGÜÍSTICA Y TRADUCCIÓN",Escolarizado,https://www.dgae.unam.mx/Licenciatura2025/resultados/4/44000425.html,19,566,329,106,19,343883,,N,No presentado,,Consultar
2025,4,Licenciatura 2025,440,44000425,TRADUCCION,"ESCUELA NACIONAL DE LENGUAS, LINGÜÍSTICA Y TRADUCCIÓN",Escolarizado,https://www.dgae.unam.mx/Licenciatura2025/resultados/4/44000425.html,19,566,329,106,19,343898,,N,No presentado,,Consultar
2025,4,Licenciatura 2025,440,44000425,TRADUCCION,"ESCUELA NACIONAL DE LENGUAS, LINGÜÍSTICA Y TRADUCCIÓN",Escolarizado,https://www.dgae.unam.mx/Licenciatura2025/resultados/4/44000425.html,19,566,329,106,19,343910,,N,No presentado,,Consultar
2025,4,Licenciatura 2025,440,44000425,TRADUCCION,"ESCUELA NACIONAL DE LENGUAS, LINGÜÍSTICA Y TRADUCCIÓN",Escolarizado,https://www.dgae.unam.mx/Licenciatura2025/resultados/4/44000425.html,19,566,329,106,19,343959,62,,No seleccionado,,Consultar
2025,4,Licenciatura 2025,440,44000425,TRADUCCION,"ESCUELA NACIONAL DE LENGUAS, LINGÜÍSTICA Y TRADUCCIÓN",Escolarizado,https://www.dgae.unam.mx/Licenciatura2025/resultados/4/44000425.html,19,566,329,106,19,343982,49,,No seleccionado,,Consultar
2025,4,Licenciatura 2025,440,44000425,TRADUCCION,"ESCUELA NACIONAL DE LENGUAS, LINGÜÍSTICA Y TRADUCCIÓN",Escolarizado,https://www.dgae.unam.mx/Licenciatura2025/resultados/4/44000425.html,19,566,329,106,19,344084,,N,No presentado,,Consultar
2025,4,Licenciatura 2025,440,44000425,TRADUCCION,"ESCUELA NACIONAL DE LENGUAS, LINGÜÍSTICA Y TRADUCCIÓN",Escolarizado,https://www.dgae.unam.mx/Licenciatura2025/resultados/4/44000425.html,19,566,329,106,19,344123,,N,No presentado,,Consultar
2025,4,Licenciatura 2025,440,44000425,TRADUCCION,"ESCUELA NACIONAL DE LENGUAS, LINGÜÍSTICA Y TRADUCCIÓN",Escolarizado,https://www.dgae.unam.mx/Licenciatura2025/resultados/4/44000425.html,19,566,329,106,19,344186,109,S,Seleccionado,,Consultar
2025,4,Licenciatura 2025,440,44000425,TRADUCCION,"ESCUELA NACIONAL DE LENGUAS, LINGÜÍSTICA Y TRADUCCIÓN",Escolarizado,https://www.dgae.unam.mx/Licenciatura2025/resultados/4/44000425.html,19,566,329,106,19,344195,99,,No seleccionado,,Consultar
2025,4,Licenciatura 2025,440,44000425,TRADUCCION,"ESCUELA NACIONAL DE LENGUAS, LINGÜÍSTICA Y TRADUCCIÓN",Escolarizado,https://www.dgae.unam.mx/Licenciatura2025/resultados/4/44000425.html,19,566,329,106,19,344261,92,,No seleccionado,,Consultar
2025,4,Licenciatura 2025,440,44000425,TRADUCCION,"ESCUELA NACIONAL DE LENGUAS, LINGÜÍSTICA Y TRADUCCIÓN",Escolarizado,https://www.dgae.unam.mx/Licenciatura2025/resultados/4/44000425.html,19,566,329,106,19,344327,109,S,Seleccionado,Cita para entregar documentación.,Consultar
2025,4,Licenciatura 2025,440,44000425,TRADUCCION,"ESCUELA NACIONAL DE LENGUAS, LINGÜÍSTICA Y TRADUCCIÓN",Escolarizado,https://www.dgae.unam.mx/Licenciatura2025/resultados/4/44000425.html,19,566,329,106,19,344348,,N,No presentado,,Consultar
2025,4,Licenciatura 2025,440,44000425,TRADUCCION,"ESCUELA NACIONAL DE LENGUAS, LINGÜÍSTICA Y TRADUCCIÓN",Escolarizado,https://www.dgae.unam.mx/Licenciatura2025/resultados/4/44000425.html,19,566,329,106,19,344372,,N,No presentado,,Consultar
2025,4,Licenciatura 2025,440,44000425,TRADUCCION,"ESCUELA NACIONAL DE LENGUAS, LINGÜÍSTICA Y TRADUCCIÓN",Escolarizado,https://www.dgae.unam.mx/Licenciatura2025/resultados/4/44000425.html,19,566,329,106,19,344398,,N,No presentado,,Consultar
2025,4,Licenciatura 2025,440,44000425,TRADUCCION,"ESCUELA NACIONAL DE LENGUAS, LINGÜÍSTICA Y TRADUCCIÓN",Escolarizado,https://www.dgae.unam.mx/Licenciatura2025/resultados/4/44000425.html,19,566,329,106,19,344414,,N,No presentado,,Consultar
2025,4,Licenciatura 2025,440,44000425,TRADUCCION,"ESCUELA NACIONAL DE LENGUAS, LINGÜÍSTICA Y TRADUCCIÓN",Escolarizado,https://www.dgae.unam.mx/Licenciatura2025/resultados/4/44000425.html,19,566,329,106,19,344422,,N,No presentado,,Consultar
2025,4,Licenciatura 2025,440,44000425,TRADUCCION,"ESCUELA NACIONAL DE LENGUAS, LINGÜÍSTICA Y TRADUCCIÓN",Escolarizado,https://www.dgae.unam.mx/Licenciatura2025/resultados/4/44000425.html,19,566,329,106,19,344504,,N,No presentado,,Consultar
2025,4,Licenciatura 2025,440,44000425,TRADUCCION,"ESCUELA NACIONAL DE LENGUAS, LINGÜÍSTICA Y TRADUCCIÓN",Escolarizado,https://www.dgae.unam.mx/Licenciatura2025/resultados/4/44000425.html,19,566,329,106,19,344509,56,,No seleccionado,,Consultar
2025,4,Licenciatura 2025,440,44000425,TRADUCCION,"ESCUELA NACIONAL DE LENGUAS, LINGÜÍSTICA Y TRADUCCIÓN",Escolarizado,https://www.dgae.unam.mx/Licenciatura2025/resultados/4/44000425.html,19,566,329,106,19,344606,,N,No presentado,,Consultar
2025,4,Licenciatura 2025,440,44000425,TRADUCCION,"ESCUELA NACIONAL DE LENGUAS, LINGÜÍSTICA Y TRADUCCIÓN",Escolarizado,https://www.dgae.unam.mx/Licenciatura2025/resultados/4/44000425.html,19,566,329,106,19,344611,44,,No seleccionado,,Consultar
2025,4,Licenciatura 2025,440,44000425,TRADUCCION,"ESCUELA NACIONAL DE LENGUAS, LINGÜÍSTICA Y TRADUCCIÓN",Escolarizado,https://www.dgae.unam.mx/Licenciatura2025/resultados/4/44000425.html,19,566,329,106,19,344679,53,,No seleccionado,,Consultar
2025,4,Licenciatura 2025,440,44000425,TRADUCCION,"ESCUELA NACIONAL DE LENGUAS, LINGÜÍSTICA Y TRADUCCIÓN",Escolarizado,https://www.dgae.unam.mx/Licenciatura2025/resultados/4/44000425.html,19,566,329,106,19,344680,32,,No seleccionado,,Consultar
2025,4,Licenciatura 2025,440,44000425,TRADUCCION,"ESCUELA NACIONAL DE LENGUAS, LINGÜÍSTICA Y TRADUCCIÓN",Escolarizado,https://www.dgae.unam.mx/Licenciatura2025/resultados/4/44000425.html,19,566,329,106,19,344686,,N,No presentado,,Consultar
2025,4,Licenciatura 2025,440,44000425,TRADUCCION,"ESCUELA NACIONAL DE LENGUAS, LINGÜÍSTICA Y TRADUCCIÓN",Escolarizado,https://www.dgae.unam.mx/Licenciatura2025/resultados/4/44000425.html,19,566,329,106,19,344699,35,,No seleccionado,,Consultar
2025,4,Licenciatura 2025,440,44000425,TRADUCCION,"ESCUELA NACIONAL DE LENGUAS, LINGÜÍSTICA Y TRADUCCIÓN",Escolarizado,https://www.dgae.unam.mx/Licenciatura2025/resultados/4/44000425.html,19,566,329,106,19,344740,48,,No seleccionado,,Consultar
2025,4,Licenciatura 2025,440,44000425,TRADUCCION,"ESCUELA NACIONAL DE LENGUAS, LINGÜÍSTICA Y TRADUCCIÓN",Escolarizado,https://www.dgae.unam.mx/Licenciatura2025/resultados/4/44000425.html,19,566,329,106,19,344747,,N,No presentado,,Consultar
2025,4,Licenciatura 2025,440,44000425,TRADUCCION,"ESCUELA NACIONAL DE LENGUAS, LINGÜÍSTICA Y TRADUCCIÓN",Escolarizado,https://www.dgae.unam.mx/Licenciatura2025/resultados/4/44000425.html,19,566,329,106,19,344776,53,,No seleccionado,,Consultar
2025,4,Licenciatura 2025,440,44000425,TRADUCCION,"ESCUELA NACIONAL DE LENGUAS, LINGÜÍSTICA Y TRADUCCIÓN",Escolarizado,https://www.dgae.unam.mx/Licenciatura2025/resultados/4/44000425.html,19,566,329,106,19,344794,105,,No seleccionado,,Consultar
2025,4,Licenciatura 2025,440,44000425,TRADUCCION,"ESCUELA NACIONAL DE LENGUAS, LINGÜÍSTICA Y TRADUCCIÓN",Escolarizado,https://www.dgae.unam.mx/Licenciatura2025/resultados/4/44000425.html,19,566,329,106,19,344903,,N,No presentado,,Consultar
2025,4,Licenciatura 2025,440,44000425,TRADUCCION,"ESCUELA NACIONAL DE LENGUAS, LINGÜÍSTICA Y TRADUCCIÓN",Escolarizado,https://www.dgae.unam.mx/Licenciatura2025/resultados/4/44000425.html,19,566,329,106,19,344964,,N,No presentado,,Consultar
2025,4,Licenciatura 2025,440,44000425,TRADUCCION,"ESCUELA NACIONAL DE LENGUAS, LINGÜÍSTICA Y TRADUCCIÓN",Escolarizado,https://www.dgae.unam.mx/Licenciatura2025/resultados/4/44000425.html,19,566,329,106,19,344997,42,,No seleccionado,,Consultar
2025,4,Licenciatura 2025,440,44000425,TRADUCCION,"ESCUELA NACIONAL DE LENGUAS, LINGÜÍSTICA Y TRADUCCIÓN",Escolarizado,https://www.dgae.unam.mx/Licenciatura2025/resultados/4/44000425.html,19,566,329,106,19,345076,,N,No presentado,,Consultar
2025,4,Licenciatura 2025,440,44000425,TRADUCCION,"ESCUELA NACIONAL DE LENGUAS, LINGÜÍSTICA Y TRADUCCIÓN",Escolarizado,https://www.dgae.unam.mx/Licenciatura2025/resultados/4/44000425.html,19,566,329,106,19,345086,109,S,Seleccionado,Cita para entregar documentación.,Consultar
2025,4,Licenciatura 2025,440,44000425,TRADUCCION,"ESCUELA NACIONAL DE LENGUAS, LINGÜÍSTICA Y TRADUCCIÓN",Escolarizado,https://www.dgae.unam.mx/Licenciatura2025/resultados/4/44000425.html,19,566,329,106,19,345173,41,,No seleccionado,,Consultar
2025,4,Licenciatura 2025,440,44000425,TRADUCCION,"ESCUELA NACIONAL DE LENGUAS, LINGÜÍSTICA Y TRADUCCIÓN",Escolarizado,https://www.dgae.unam.mx/Licenciatura2025/resultados/4/44000425.html,19,566,329,106,19,345179,,N,No presentado,,Consultar
2025,4,Licenciatura 2025,440,44000425,TRADUCCION,"ESCUELA NACIONAL DE LENGUAS, LINGÜÍSTICA Y TRADUCCIÓN",Escolarizado,https://www.dgae.unam.mx/Licenciatura2025/resultados/4/44000425.html,19,566,329,106,19,345216,58,,No seleccionado,,Consultar
2025,4,Licenciatura 2025,440,44000425,TRADUCCION,"ESCUELA NACIONAL DE LENGUAS, LINGÜÍSTICA Y TRADUCCIÓN",Escolarizado,https://www.dgae.unam.mx/Licenciatura2025/resultados/4/44000425.html,19,566,329,106,19,345240,,N,No presentado,,Consultar
2025,4,Licenciatura 2025,440,44000425,TRADUCCION,"ESCUELA NACIONAL DE LENGUAS, LINGÜÍSTICA Y TRADUCCIÓN",Escolarizado,https://www.dgae.unam.mx/Licenciatura2025/resultados/4/44000425.html,19,566,329,106,19,345243,57,,No seleccionado,,Consultar
2025,4,Licenciatura 2025,440,44000425,TRADUCCION,"ESCUELA NACIONAL DE LENGUAS, LINGÜÍSTICA Y TRADUCCIÓN",Escolarizado,https://www.dgae.unam.mx/Licenciatura2025/resultados/4/44000425.html,19,566,329,106,19,345280,70,,No seleccionado,,Consultar
2025,4,Licenciatura 2025,440,44000425,TRADUCCION,"ESCUELA NACIONAL DE LENGUAS, LINGÜÍSTICA Y TRADUCCIÓN",Escolarizado,https://www.dgae.unam.mx/Licenciatura2025/resultados/4/44000425.html,19,566,329,106,19,345433,,N,No presentado,,Consultar
2025,4,Licenciatura 2025,440,44000425,TRADUCCION,"ESCUELA NACIONAL DE LENGUAS, LINGÜÍSTICA Y TRADUCCIÓN",Escolarizado,https://www.dgae.unam.mx/Licenciatura2025/resultados/4/44000425.html,19,566,329,106,19,345437,91,,No seleccionado,,Consultar
2025,4,Licenciatura 2025,440,44000425,TRADUCCION,"ESCUELA NACIONAL DE LENGUAS, LINGÜÍSTICA Y TRADUCCIÓN",Escolarizado,https://www.dgae.unam.mx/Licenciatura2025/resultados/4/44000425.html,19,566,329,106,19,345442,64,,No seleccionado,,Consultar
2025,4,Licenciatura 2025,440,44000425,TRADUCCION,"ESCUELA NACIONAL DE LENGUAS, LINGÜÍSTICA Y TRADUCCIÓN",Escolarizado,https://www.dgae.unam.mx/Licenciatura2025/resultados/4/44000425.html,19,566,329,106,19,345489,114,S,Seleccionado,Cita para entregar documentación.,Consultar
2025,4,Licenciatura 2025,440,44000425,TRADUCCION,"ESCUELA NACIONAL DE LENGUAS, LINGÜÍSTICA Y TRADUCCIÓN",Escolarizado,https://www.dgae.unam.mx/Licenciatura2025/resultados/4/44000425.html,19,566,329,106,19,345507,,N,No presentado,,Consultar
2025,4,Licenciatura 2025,440,44000425,TRADUCCION,"ESCUELA NACIONAL DE LENGUAS, LINGÜÍSTICA Y TRADUCCIÓN",Escolarizado,https://www.dgae.unam.mx/Licenciatura2025/resultados/4/44000425.html,19,566,329,106,19,345629,65,,No seleccionado,,Consultar
2025,4,Licenciatura 2025,440,44000425,TRADUCCION,"ESCUELA NACIONAL DE LENGUAS, LINGÜÍSTICA Y TRADUCCIÓN",Escolarizado,https://www.dgae.unam.mx/Licenciatura2025/resultados/4/44000425.html,19,566,329,106,19,345665,46,,No seleccionado,,Consultar
2025,4,Licenciatura 2025,440,44000425,TRADUCCION,"ESCUELA NACIONAL DE LENGUAS, LINGÜÍSTICA Y TRADUCCIÓN",Escolarizado,https://www.dgae.unam.mx/Licenciatura2025/resultados/4/44000425.html,19,566,329,106,19,345668,82,,No seleccionado,,Consultar
2025,4,Licenciatura 2025,440,44000425,TRADUCCION,"ESCUELA NACIONAL DE LENGUAS, LINGÜÍSTICA Y TRADUCCIÓN",Escolarizado,https://www.dgae.unam.mx/Licenciatura2025/resultados/4/44000425.html,19,566,329,106,19,345702,55,,No seleccionado,,Consultar
2025,4,Licenciatura 2025,440,44000425,TRADUCCION,"ESCUELA NACIONAL DE LENGUAS, LINGÜÍSTICA Y TRADUCCIÓN",Escolarizado,https://www.dgae.unam.mx/Licenciatura2025/resultados/4/44000425.html,19,566,329,106,19,345709,78,,No seleccionado,,Consultar
2025,4,Licenciatura 2025,440,44000425,TRADUCCION,"ESCUELA NACIONAL DE LENGUAS, LINGÜÍSTICA Y TRADUCCIÓN",Escolarizado,https://www.dgae.unam.mx/Licenciatura2025/resultados/4/44000425.html,19,566,329,106,19,345810,45,,No seleccionado,,Consultar
2025,4,Licenciatura 2025,440,44000425,TRADUCCION,"ESCUELA NACIONAL DE LENGUAS, LINGÜÍSTICA Y TRADUCCIÓN",Escolarizado,https://www.dgae.unam.mx/Licenciatura2025/resultados/4/44000425.html,19,566,329,106,19,345848,,N,No presentado,,Consultar
2025,4,Licenciatura 2025,440,44000425,TRADUCCION,"ESCUELA NACIONAL DE LENGUAS, LINGÜÍSTICA Y TRADUCCIÓN",Escolarizado,https://www.dgae.unam.mx/Licenciatura2025/resultados/4/44000425.html,19,566,329,106,19,345923,,N,No presentado,,Consultar
2025,4,Licenciatura 2025,440,44000425,TRADUCCION,"ESCUELA NACIONAL DE LENGUAS, LINGÜÍSTICA Y TRADUCCIÓN",Escolarizado,https://www.dgae.unam.mx/Licenciatura2025/resultados/4/44000425.html,19,566,329,106,19,345957,,N,No presentado,,Consultar
2025,4,Licenciatura 2025,440,44000425,TRADUCCION,"ESCUELA NACIONAL DE LENGUAS, LINGÜÍSTICA Y TRADUCCIÓN",Escolarizado,https://www.dgae.unam.mx/Licenciatura2025/resultados/4/44000425.html,19,566,329,106,19,345969,37,,No seleccionado,,Consultar
2025,4,Licenciatura 2025,440,44000425,TRADUCCION,"ESCUELA NACIONAL DE LENGUAS, LINGÜÍSTICA Y TRADUCCIÓN",Escolarizado,https://www.dgae.unam.mx/Licenciatura2025/resultados/4/44000425.html,19,566,329,106,19,346035,,N,No presentado,,Consultar
2025,4,Licenciatura 2025,440,44000425,TRADUCCION,"ESCUELA NACIONAL DE LENGUAS, LINGÜÍSTICA Y TRADUCCIÓN",Escolarizado,https://www.dgae.unam.mx/Licenciatura2025/resultados/4/44000425.html,19,566,329,106,19,346047,80,,No seleccionado,,Consultar
2025,4,Licenciatura 2025,440,44000425,TRADUCCION,"ESCUELA NACIONAL DE LENGUAS, LINGÜÍSTICA Y TRADUCCIÓN",Escolarizado,https://www.dgae.unam.mx/Licenciatura2025/resultados/4/44000425.html,19,566,329,106,19,346057,59,,No seleccionado,,Consultar
2025,4,Licenciatura 2025,440,44000425,TRADUCCION,"ESCUELA NACIONAL DE LENGUAS, LINGÜÍSTICA Y TRADUCCIÓN",Escolarizado,https://www.dgae.unam.mx/Licenciatura2025/resultados/4/44000425.html,19,566,329,106,19,346087,35,,No seleccionado,,Consultar
2025,4,Licenciatura 2025,440,44000425,TRADUCCION,"ESCUELA NACIONAL DE LENGUAS, LINGÜÍSTICA Y TRADUCCIÓN",Escolarizado,https://www.dgae.unam.mx/Licenciatura2025/resultados/4/44000425.html,19,566,329,106,19,346094,,N,No presentado,,Consultar
2025,4,Licenciatura 2025,440,44000425,TRADUCCION,"ESCUELA NACIONAL DE LENGUAS, LINGÜÍSTICA Y TRADUCCIÓN",Escolarizado,https://www.dgae.unam.mx/Licenciatura2025/resultados/4/44000425.html,19,566,329,106,19,346105,71,,No seleccionado,,Consultar
2025,4,Licenciatura 2025,440,44000425,TRADUCCION,"ESCUELA NACIONAL DE LENGUAS, LINGÜÍSTICA Y TRADUCCIÓN",Escolarizado,https://www.dgae.unam.mx/Licenciatura2025/resultados/4/44000425.html,19,566,329,106,19,346111,79,,No seleccionado,,Consultar
2025,4,Licenciatura 2025,440,44000425,TRADUCCION,"ESCUELA NACIONAL DE LENGUAS, LINGÜÍSTICA Y TRADUCCIÓN",Escolarizado,https://www.dgae.unam.mx/Licenciatura2025/resultados/4/44000425.html,19,566,329,106,19,346164,,N,No presentado,,Consultar
2025,4,Licenciatura 2025,440,44000425,TRADUCCION,"ESCUELA NACIONAL DE LENGUAS, LINGÜÍSTICA Y TRADUCCIÓN",Escolarizado,https://www.dgae.unam.mx/Licenciatura2025/resultados/4/44000425.html,19,566,329,106,19,346175,68,,No seleccionado,,Consultar
2025,4,Licenciatura 2025,440,44000425,TRADUCCION,"ESCUELA NACIONAL DE LENGUAS, LINGÜÍSTICA Y TRADUCCIÓN",Escolarizado,https://www.dgae.unam.mx/Licenciatura2025/resultados/4/44000425.html,19,566,329,106,19,346191,104,,No seleccionado,,Consultar
2025,4,Licenciatura 2025,440,44000425,TRADUCCION,"ESCUELA NACIONAL DE LENGUAS, LINGÜÍSTICA Y TRADUCCIÓN",Escolarizado,https://www.dgae.unam.mx/Licenciatura2025/resultados/4/44000425.html,19,566,329,106,19,346330,,N,No presentado,,Consultar
2025,4,Licenciatura 2025,440,44000425,TRADUCCION,"ESCUELA NACIONAL DE LENGUAS, LINGÜÍSTICA Y TRADUCCIÓN",Escolarizado,https://www.dgae.unam.mx/Licenciatura2025/resultados/4/44000425.html,19,566,329,106,19,346362,55,,No seleccionado,,Consultar
2025,4,Licenciatura 2025,440,44000425,TRADUCCION,"ESCUELA NACIONAL DE LENGUAS, LINGÜÍSTICA Y TRADUCCIÓN",Escolarizado,https://www.dgae.unam.mx/Licenciatura2025/resultados/4/44000425.html,19,566,329,106,19,346370,,N,No presentado,,Consultar
2025,4,Licenciatura 2025,440,44000425,TRADUCCION,"ESCUELA NACIONAL DE LENGUAS, LINGÜÍSTICA Y TRADUCCIÓN",Escolarizado,https://www.dgae.unam.mx/Licenciatura2025/resultados/4/44000425.html,19,566,329,106,19,346378,,N,No presentado,,Consultar
2025,4,Licenciatura 2025,440,44000425,TRADUCCION,"ESCUELA NACIONAL DE LENGUAS, LINGÜÍSTICA Y TRADUCCIÓN",Escolarizado,https://www.dgae.unam.mx/Licenciatura2025/resultados/4/44000425.html,19,566,329,106,19,346425,33,,No seleccionado,,Consultar
2025,4,Licenciatura 2025,440,44000425,TRADUCCION,"ESCUELA NACIONAL DE LENGUAS, LINGÜÍSTICA Y TRADUCCIÓN",Escolarizado,https://www.dgae.unam.mx/Licenciatura2025/resultados/4/44000425.html,19,566,329,106,19,346443,47,,No seleccionado,,Consultar
2025,4,Licenciatura 2025,440,44000425,TRADUCCION,"ESCUELA NACIONAL DE LENGUAS, LINGÜÍSTICA Y TRADUCCIÓN",Escolarizado,https://www.dgae.unam.mx/Licenciatura2025/resultados/4/44000425.html,19,566,329,106,19,346507,83,,No seleccionado,,Consultar
2025,4,Licenciatura 2025,440,44000425,TRADUCCION,"ESCUELA NACIONAL DE LENGUAS, LINGÜÍSTICA Y TRADUCCIÓN",Escolarizado,https://www.dgae.unam.mx/Licenciatura2025/resultados/4/44000425.html,19,566,329,106,19,346594,,N,No presentado,,Consultar
2025,4,Licenciatura 2025,440,44000425,TRADUCCION,"ESCUELA NACIONAL DE LENGUAS, LINGÜÍSTICA Y TRADUCCIÓN",Escolarizado,https://www.dgae.unam.mx/Licenciatura2025/resultados/4/44000425.html,19,566,329,106,19,346604,39,,No seleccionado,,Consultar
2025,4,Licenciatura 2025,440,44000425,TRADUCCION,"ESCUELA NACIONAL DE LENGUAS, LINGÜÍSTICA Y TRADUCCIÓN",Escolarizado,https://www.dgae.unam.mx/Licenciatura2025/resultados/4/44000425.html,19,566,329,106,19,346631,,N,No presentado,,Consultar
2025,4,Licenciatura 2025,440,44000425,TRADUCCION,"ESCUELA NACIONAL DE LENGUAS, LINGÜÍSTICA Y TRADUCCIÓN",Escolarizado,https://www.dgae.unam.mx/Licenciatura2025/resultados/4/44000425.html,19,566,329,106,19,346663,99,,No seleccionado,,Consultar
2025,4,Licenciatura 2025,440,44000425,TRADUCCION,"ESCUELA NACIONAL DE LENGUAS, LINGÜÍSTICA Y TRADUCCIÓN",Escolarizado,https://www.dgae.unam.mx/Licenciatura2025/resultados/4/44000425.html,19,566,329,106,19,346784,71,,No seleccionado,,Consultar
2025,4,Licenciatura 2025,440,44000425,TRADUCCION,"ESCUELA NACIONAL DE LENGUAS, LINGÜÍSTICA Y TRADUCCIÓN",Escolarizado,https://www.dgae.unam.mx/Licenciatura2025/resultados/4/44000425.html,19,566,329,106,19,346800,67,,No seleccionado,,Consultar
2025,4,Licenciatura 2025,440,44000425,TRADUCCION,"ESCUELA NACIONAL DE LENGUAS, LINGÜÍSTICA Y TRADUCCIÓN",Escolarizado,https://www.dgae.unam.mx/Licenciatura2025/resultados/4/44000425.html,19,566,329,106,19,346808,73,,No seleccionado,,Consultar
2025,4,Licenciatura 2025,440,44000425,TRADUCCION,"ESCUELA NACIONAL DE LENGUAS, LINGÜÍSTICA Y TRADUCCIÓN",Escolarizado,https://www.dgae.unam.mx/Licenciatura2025/resultados/4/44000425.html,19,566,329,106,19,346843,62,,No seleccionado,,Consultar
2025,4,Licenciatura 2025,440,44000425,TRADUCCION,"ESCUELA NACIONAL DE LENGUAS, LINGÜÍSTICA Y TRADUCCIÓN",Escolarizado,https://www.dgae.unam.mx/Licenciatura2025/resultados/4/44000425.html,19,566,329,106,19,346854,36,,No seleccionado,,Consultar
2025,4,Licenciatura 2025,440,44000425,TRADUCCION,"ESCUELA NACIONAL DE LENGUAS, LINGÜÍSTICA Y TRADUCCIÓN",Escolarizado,https://www.dgae.unam.mx/Licenciatura2025/resultados/4/44000425.html,19,566,329,106,19,346901,55,,No seleccionado,,Consultar
2025,4,Licenciatura 2025,440,44000425,TRADUCCION,"ESCUELA NACIONAL DE LENGUAS, LINGÜÍSTICA Y TRADUCCIÓN",Escolarizado,https://www.dgae.unam.mx/Licenciatura2025/resultados/4/44000425.html,19,566,329,106,19,346906,74,,No seleccionado,,Consultar
2025,4,Licenciatura 2025,440,44000425,TRADUCCION,"ESCUELA NACIONAL DE LENGUAS, LINGÜÍSTICA Y TRADUCCIÓN",Escolarizado,https://www.dgae.unam.mx/Licenciatura2025/resultados/4/44000425.html,19,566,329,106,19,346946,,N,No presentado,,Consultar
2025,4,Licenciatura 2025,440,44000425,TRADUCCION,"ESCUELA NACIONAL DE LENGUAS, LINGÜÍSTICA Y TRADUCCIÓN",Escolarizado,https://www.dgae.unam.mx/Licenciatura2025/resultados/4/44000425.html,19,566,329,106,19,346956,,N,No presentado,,Consultar
2025,4,Licenciatura 2025,440,44000425,TRADUCCION,"ESCUELA NACIONAL DE LENGUAS, LINGÜÍSTICA Y TRADUCCIÓN",Escolarizado,https://www.dgae.unam.mx/Licenciatura2025/resultados/4/44000425.html,19,566,329,106,19,346972,113,S,Seleccionado,Cita para entregar documentación.,Consultar
2025,4,Licenciatura 2025,440,44000425,TRADUCCION,"ESCUELA NACIONAL DE LENGUAS, LINGÜÍSTICA Y TRADUCCIÓN",Escolarizado,https://www.dgae.unam.mx/Licenciatura2025/resultados/4/44000425.html,19,566,329,106,19,347008,,N,No presentado,,Consultar
2025,4,Licenciatura 2025,440,44000425,TRADUCCION,"ESCUELA NACIONAL DE LENGUAS, LINGÜÍSTICA Y TRADUCCIÓN",Escolarizado,https://www.dgae.unam.mx/Licenciatura2025/resultados/4/44000425.html,19,566,329,106,19,347020,54,,No seleccionado,,Consultar
2025,4,Licenciatura 2025,440,44000425,TRADUCCION,"ESCUELA NACIONAL DE LENGUAS, LINGÜÍSTICA Y TRADUCCIÓN",Escolarizado,https://www.dgae.unam.mx/Licenciatura2025/resultados/4/44000425.html,19,566,329,106,19,347047,,N,No presentado,,Consultar
2025,4,Licenciatura 2025,440,44000425,TRADUCCION,"ESCUELA NACIONAL DE LENGUAS, LINGÜÍSTICA Y TRADUCCIÓN",Escolarizado,https://www.dgae.unam.mx/Licenciatura2025/resultados/4/44000425.html,19,566,329,106,19,347058,,N,No presentado,,Consultar
2025,4,Licenciatura 2025,440,44000425,TRADUCCION,"ESCUELA NACIONAL DE LENGUAS, LINGÜÍSTICA Y TRADUCCIÓN",Escolarizado,https://www.dgae.unam.mx/Licenciatura2025/resultados/4/44000425.html,19,566,329,106,19,347112,,N,No presentado,,Consultar
2025,4,Licenciatura 2025,440,44000425,TRADUCCION,"ESCUELA NACIONAL DE LENGUAS, LINGÜÍSTICA Y TRADUCCIÓN",Escolarizado,https://www.dgae.unam.mx/Licenciatura2025/resultados/4/44000425.html,19,566,329,106,19,347124,112,S,Seleccionado,Cita para entregar documentación.,Consultar
2025,4,Licenciatura 2025,440,44000425,TRADUCCION,"ESCUELA NACIONAL DE LENGUAS, LINGÜÍSTICA Y TRADUCCIÓN",Escolarizado,https://www.dgae.unam.mx/Licenciatura2025/resultados/4/44000425.html,19,566,329,106,19,347154,,N,No presentado,,Consultar
2025,4,Licenciatura 2025,440,44000425,TRADUCCION,"ESCUELA NACIONAL DE LENGUAS, LINGÜÍSTICA Y TRADUCCIÓN",Escolarizado,https://www.dgae.unam.mx/Licenciatura2025/resultados/4/44000425.html,19,566,329,106,19,347180,,N,No presentado,,Consultar
2025,4,Licenciatura 2025,440,44000425,TRADUCCION,"ESCUELA NACIONAL DE LENGUAS, LINGÜÍSTICA Y TRADUCCIÓN",Escolarizado,https://www.dgae.unam.mx/Licenciatura2025/resultados/4/44000425.html,19,566,329,106,19,347232,,N,No presentado,,Consultar
2025,4,Licenciatura 2025,440,44000425,TRADUCCION,"ESCUELA NACIONAL DE LENGUAS, LINGÜÍSTICA Y TRADUCCIÓN",Escolarizado,https://www.dgae.unam.mx/Licenciatura2025/resultados/4/44000425.html,19,566,329,106,19,347235,34,,No seleccionado,,Consultar
2025,4,Licenciatura 2025,440,44000425,TRADUCCION,"ESCUELA NACIONAL DE LENGUAS, LINGÜÍSTICA Y TRADUCCIÓN",Escolarizado,https://www.dgae.unam.mx/Licenciatura2025/resultados/4/44000425.html,19,566,329,106,19,347268,,N,No presentado,,Consultar
2025,4,Licenciatura 2025,440,44000425,TRADUCCION,"ESCUELA NACIONAL DE LENGUAS, LINGÜÍSTICA Y TRADUCCIÓN",Escolarizado,https://www.dgae.unam.mx/Licenciatura2025/resultados/4/44000425.html,19,566,329,106,19,347277,87,,No seleccionado,,Consultar
2025,4,Licenciatura 2025,440,44000425,TRADUCCION,"ESCUELA NACIONAL DE LENGUAS, LINGÜÍSTICA Y TRADUCCIÓN",Escolarizado,https://www.dgae.unam.mx/Licenciatura2025/resultados/4/44000425.html,19,566,329,106,19,347321,50,,No seleccionado,,Consultar
2025,4,Licenciatura 2025,440,44000425,TRADUCCION,"ESCUELA NACIONAL DE LENGUAS, LINGÜÍSTICA Y TRADUCCIÓN",Escolarizado,https://www.dgae.unam.mx/Licenciatura2025/resultados/4/44000425.html,19,566,329,106,19,347340,84,,No seleccionado,,Consultar
2025,4,Licenciatura 2025,440,44000425,TRADUCCION,"ESCUELA NACIONAL DE LENGUAS, LINGÜÍSTICA Y TRADUCCIÓN",Escolarizado,https://www.dgae.unam.mx/Licenciatura2025/resultados/4/44000425.html,19,566,329,106,19,347351,109,S,Seleccionado,Cita para entregar documentación.,Consultar
2025,4,Licenciatura 2025,440,44000425,TRADUCCION,"ESCUELA NACIONAL DE LENGUAS, LINGÜÍSTICA Y TRADUCCIÓN",Escolarizado,https://www.dgae.unam.mx/Licenciatura2025/resultados/4/44000425.html,19,566,329,106,19,347352,64,,No seleccionado,,Consultar
2025,4,Licenciatura 2025,440,44000425,TRADUCCION,"ESCUELA NACIONAL DE LENGUAS, LINGÜÍSTICA Y TRADUCCIÓN",Escolarizado,https://www.dgae.unam.mx/Licenciatura2025/resultados/4/44000425.html,19,566,329,106,19,347354,59,,No seleccionado,,Consultar
2025,4,Licenciatura 2025,440,44000425,TRADUCCION,"ESCUELA NACIONAL DE LENGUAS, LINGÜÍSTICA Y TRADUCCIÓN",Escolarizado,https://www.dgae.unam.mx/Licenciatura2025/resultados/4/44000425.html,19,566,329,106,19,347388,,N,No presentado,,Consultar
2025,4,Licenciatura 2025,440,44000425,TRADUCCION,"ESCUELA NACIONAL DE LENGUAS, LINGÜÍSTICA Y TRADUCCIÓN",Escolarizado,https://www.dgae.unam.mx/Licenciatura2025/resultados/4/44000425.html,19,566,329,106,19,347390,,N,No presentado,,Consultar
2025,4,Licenciatura 2025,440,44000425,TRADUCCION,"ESCUELA NACIONAL DE LENGUAS, LINGÜÍSTICA Y TRADUCCIÓN",Escolarizado,https://www.dgae.unam.mx/Licenciatura2025/resultados/4/44000425.html,19,566,329,106,19,347414,74,,No seleccionado,,Consultar
2025,4,Licenciatura 2025,440,44000425,TRADUCCION,"ESCUELA NACIONAL DE LENGUAS, LINGÜÍSTICA Y TRADUCCIÓN",Escolarizado,https://www.dgae.unam.mx/Licenciatura2025/resultados/4/44000425.html,19,566,329,106,19,347422,,N,No presentado,,Consultar
2025,4,Licenciatura 2025,440,44000425,TRADUCCION,"ESCUELA NACIONAL DE LENGUAS, LINGÜÍSTICA Y TRADUCCIÓN",Escolarizado,https://www.dgae.unam.mx/Licenciatura2025/resultados/4/44000425.html,19,566,329,106,19,347471,,N,No presentado,,Consultar
2025,4,Licenciatura 2025,440,44000425,TRADUCCION,"ESCUELA NACIONAL DE LENGUAS, LINGÜÍSTICA Y TRADUCCIÓN",Escolarizado,https://www.dgae.unam.mx/Licenciatura2025/resultados/4/44000425.html,19,566,329,106,19,347504,,N,No presentado,,Consultar
2025,4,Licenciatura 2025,440,44000425,TRADUCCION,"ESCUELA NACIONAL DE LENGUAS, LINGÜÍSTICA Y TRADUCCIÓN",Escolarizado,https://www.dgae.unam.mx/Licenciatura2025/resultados/4/44000425.html,19,566,329,106,19,347521,,N,No presentado,,Consultar
2025,4,Licenciatura 2025,440,44000425,TRADUCCION,"ESCUELA NACIONAL DE LENGUAS, LINGÜÍSTICA Y TRADUCCIÓN",Escolarizado,https://www.dgae.unam.mx/Licenciatura2025/resultados/4/44000425.html,19,566,329,106,19,347522,,N,No presentado,,Consultar
2025,4,Licenciatura 2025,440,44000425,TRADUCCION,"ESCUELA NACIONAL DE LENGUAS, LINGÜÍSTICA Y TRADUCCIÓN",Escolarizado,https://www.dgae.unam.mx/Licenciatura2025/resultados/4/44000425.html,19,566,329,106,19,347523,,N,No presentado,,Consultar
2025,4,Licenciatura 2025,440,44000425,TRADUCCION,"ESCUELA NACIONAL DE LENGUAS, LINGÜÍSTICA Y TRADUCCIÓN",Escolarizado,https://www.dgae.unam.mx/Licenciatura2025/resultados/4/44000425.html,19,566,329,106,19,347568,,N,No presentado,,Consultar
2025,4,Licenciatura 2025,440,44000425,TRADUCCION,"ESCUELA NACIONAL DE LENGUAS, LINGÜÍSTICA Y TRADUCCIÓN",Escolarizado,https://www.dgae.unam.mx/Licenciatura2025/resultados/4/44000425.html,19,566,329,106,19,347571,51,,No seleccionado,,Consultar
2025,4,Licenciatura 2025,440,44000425,TRADUCCION,"ESCUELA NACIONAL DE LENGUAS, LINGÜÍSTICA Y TRADUCCIÓN",Escolarizado,https://www.dgae.unam.mx/Licenciatura2025/resultados/4/44000425.html,19,566,329,106,19,347575,,N,No presentado,,Consultar
2025,4,Licenciatura 2025,440,44000425,TRADUCCION,"ESCUELA NACIONAL DE LENGUAS, LINGÜÍSTICA Y TRADUCCIÓN",Escolarizado,https://www.dgae.unam.mx/Licenciatura2025/resultados/4/44000425.html,19,566,329,106,19,347590,,N,No presentado,,Consultar
2025,4,Licenciatura 2025,440,44000425,TRADUCCION,"ESCUELA NACIONAL DE LENGUAS, LINGÜÍSTICA Y TRADUCCIÓN",Escolarizado,https://www.dgae.unam.mx/Licenciatura2025/resultados/4/44000425.html,19,566,329,106,19,347609,,N,No presentado,,Consultar
2025,4,Licenciatura 2025,440,44000425,TRADUCCION,"ESCUELA NACIONAL DE LENGUAS, LINGÜÍSTICA Y TRADUCCIÓN",Escolarizado,https://www.dgae.unam.mx/Licenciatura2025/resultados/4/44000425.html,19,566,329,106,19,347628,,N,No presentado,,Consultar
2025,4,Licenciatura 2025,440,44000425,TRADUCCION,"ESCUELA NACIONAL DE LENGUAS, LINGÜÍSTICA Y TRADUCCIÓN",Escolarizado,https://www.dgae.unam.mx/Licenciatura2025/resultados/4/44000425.html,19,566,329,106,19,347643,,N,No presentado,,Consultar
2025,4,Licenciatura 2025,440,44000425,TRADUCCION,"ESCUELA NACIONAL DE LENGUAS, LINGÜÍSTICA Y TRADUCCIÓN",Escolarizado,https://www.dgae.unam.mx/Licenciatura2025/resultados/4/44000425.html,19,566,329,106,19,347649,,N,No presentado,,Consultar
2025,4,Licenciatura 2025,440,44000425,TRADUCCION,"ESCUELA NACIONAL DE LENGUAS, LINGÜÍSTICA Y TRADUCCIÓN",Escolarizado,https://www.dgae.unam.mx/Licenciatura2025/resultados/4/44000425.html,19,566,329,106,19,347653,,N,No presentado,,Consultar
2025,4,Licenciatura 2025,440,44000425,TRADUCCION,"ESCUELA NACIONAL DE LENGUAS, LINGÜÍSTICA Y TRADUCCIÓN",Escolarizado,https://www.dgae.unam.mx/Licenciatura2025/resultados/4/44000425.html,19,566,329,106,19,347697,,N,No presentado,,Consultar
2025,4,Licenciatura 2025,440,44000425,TRADUCCION,"ESCUELA NACIONAL DE LENGUAS, LINGÜÍSTICA Y TRADUCCIÓN",Escolarizado,https://www.dgae.unam.mx/Licenciatura2025/resultados/4/44000425.html,19,566,329,106,19,347712,56,,No seleccionado,,Consultar
2025,4,Licenciatura 2025,440,44000425,TRADUCCION,"ESCUELA NACIONAL DE LENGUAS, LINGÜÍSTICA Y TRADUCCIÓN",Escolarizado,https://www.dgae.unam.mx/Licenciatura2025/resultados/4/44000425.html,19,566,329,106,19,347735,,N,No presentado,,Consultar
2025,4,Licenciatura 2025,440,44000425,TRADUCCION,"ESCUELA NACIONAL DE LENGUAS, LINGÜÍSTICA Y TRADUCCIÓN",Escolarizado,https://www.dgae.unam.mx/Licenciatura2025/resultados/4/44000425.html,19,566,329,106,19,347736,45,,No seleccionado,,Consultar
2025,4,Licenciatura 2025,440,44000425,TRADUCCION,"ESCUELA NACIONAL DE LENGUAS, LINGÜÍSTICA Y TRADUCCIÓN",Escolarizado,https://www.dgae.unam.mx/Licenciatura2025/resultados/4/44000425.html,19,566,329,106,19,347743,,N,No presentado,,Consultar
2025,4,Licenciatura 2025,440,44000425,TRADUCCION,"ESCUELA NACIONAL DE LENGUAS, LINGÜÍSTICA Y TRADUCCIÓN",Escolarizado,https://www.dgae.unam.mx/Licenciatura2025/resultados/4/44000425.html,19,566,329,106,19,347766,,N,No presentado,,Consultar
2025,4,Licenciatura 2025,440,44000425,TRADUCCION,"ESCUELA NACIONAL DE LENGUAS, LINGÜÍSTICA Y TRADUCCIÓN",Escolarizado,https://www.dgae.unam.mx/Licenciatura2025/resultados/4/44000425.html,19,566,329,106,19,347774,,N,No presentado,,Consultar
2025,4,Licenciatura 2025,440,44000425,TRADUCCION,"ESCUELA NACIONAL DE LENGUAS, LINGÜÍSTICA Y TRADUCCIÓN",Escolarizado,https://www.dgae.unam.mx/Licenciatura2025/resultados/4/44000425.html,19,566,329,106,19,347781,40,,No seleccionado,,Consultar
2025,4,Licenciatura 2025,440,44000425,TRADUCCION,"ESCUELA NACIONAL DE LENGUAS, LINGÜÍSTICA Y TRADUCCIÓN",Escolarizado,https://www.dgae.unam.mx/Licenciatura2025/resultados/4/44000425.html,19,566,329,106,19,347790,,N,No presentado,,Consultar
2025,4,Licenciatura 2025,440,44000425,TRADUCCION,"ESCUELA NACIONAL DE LENGUAS, LINGÜÍSTICA Y TRADUCCIÓN",Escolarizado,https://www.dgae.unam.mx/Licenciatura2025/resultados/4/44000425.html,19,566,329,106,19,347811,,N,No presentado,,Consultar
2025,4,Licenciatura 2025,440,44000425,TRADUCCION,"ESCUELA NACIONAL DE LENGUAS, LINGÜÍSTICA Y TRADUCCIÓN",Escolarizado,https://www.dgae.unam.mx/Licenciatura2025/resultados/4/44000425.html,19,566,329,106,19,347826,56,,No seleccionado,,Consultar
2025,4,Licenciatura 2025,440,44000425,TRADUCCION,"ESCUELA NACIONAL DE LENGUAS, LINGÜÍSTICA Y TRADUCCIÓN",Escolarizado,https://www.dgae.unam.mx/Licenciatura2025/resultados/4/44000425.html,19,566,329,106,19,347830,,N,No presentado,,Consultar
2025,4,Licenciatura 2025,440,44000425,TRADUCCION,"ESCUELA NACIONAL DE LENGUAS, LINGÜÍSTICA Y TRADUCCIÓN",Escolarizado,https://www.dgae.unam.mx/Licenciatura2025/resultados/4/44000425.html,19,566,329,106,19,347931,,N,No presentado,,Consultar
2025,4,Licenciatura 2025,440,44000425,TRADUCCION,"ESCUELA NACIONAL DE LENGUAS, LINGÜÍSTICA Y TRADUCCIÓN",Escolarizado,https://www.dgae.unam.mx/Licenciatura2025/resultados/4/44000425.html,19,566,329,106,19,347954,,N,No presentado,,Consultar
2025,4,Licenciatura 2025,440,44000425,TRADUCCION,"ESCUELA NACIONAL DE LENGUAS, LINGÜÍSTICA Y TRADUCCIÓN",Escolarizado,https://www.dgae.unam.mx/Licenciatura2025/resultados/4/44000425.html,19,566,329,106,19,347965,65,,No seleccionado,,Consultar
2025,4,Licenciatura 2025,440,44000425,TRADUCCION,"ESCUELA NACIONAL DE LENGUAS, LINGÜÍSTICA Y TRADUCCIÓN",Escolarizado,https://www.dgae.unam.mx/Licenciatura2025/resultados/4/44000425.html,19,566,329,106,19,347978,,N,No presentado,,Consultar
2025,4,Licenciatura 2025,440,44000425,TRADUCCION,"ESCUELA NACIONAL DE LENGUAS, LINGÜÍSTICA Y TRADUCCIÓN",Escolarizado,https://www.dgae.unam.mx/Licenciatura2025/resultados/4/44000425.html,19,566,329,106,19,347981,,N,No presentado,,Consultar
2025,4,Licenciatura 2025,440,44000425,TRADUCCION,"ESCUELA NACIONAL DE LENGUAS, LINGÜÍSTICA Y TRADUCCIÓN",Escolarizado,https://www.dgae.unam.mx/Licenciatura2025/resultados/4/44000425.html,19,566,329,106,19,347998,,N,No presentado,,Consultar
2025,4,Licenciatura 2025,440,44000425,TRADUCCION,"ESCUELA NACIONAL DE LENGUAS, LINGÜÍSTICA Y TRADUCCIÓN",Escolarizado,https://www.dgae.unam.mx/Licenciatura2025/resultados/4/44000425.html,19,566,329,106,19,348014,,N,No presentado,,Consultar
2025,4,Licenciatura 2025,440,44000425,TRADUCCION,"ESCUELA NACIONAL DE LENGUAS, LINGÜÍSTICA Y TRADUCCIÓN",Escolarizado,https://www.dgae.unam.mx/Licenciatura2025/resultados/4/44000425.html,19,566,329,106,19,348039,,N,No presentado,,Consultar
2025,4,Licenciatura 2025,440,44000425,TRADUCCION,"ESCUELA NACIONAL DE LENGUAS, LINGÜÍSTICA Y TRADUCCIÓN",Escolarizado,https://www.dgae.unam.mx/Licenciatura2025/resultados/4/44000425.html,19,566,329,106,19,348113,94,,No seleccionado,,Consultar
2025,4,Licenciatura 2025,440,44000425,TRADUCCION,"ESCUELA NACIONAL DE LENGUAS, LINGÜÍSTICA Y TRADUCCIÓN",Escolarizado,https://www.dgae.unam.mx/Licenciatura2025/resultados/4/44000425.html,19,566,329,106,19,348168,75,,No seleccionado,,Consultar
2025,4,Licenciatura 2025,440,44000425,TRADUCCION,"ESCUELA NACIONAL DE LENGUAS, LINGÜÍSTICA Y TRADUCCIÓN",Escolarizado,https://www.dgae.unam.mx/Licenciatura2025/resultados/4/44000425.html,19,566,329,106,19,348193,,N,No presentado,,Consultar
2025,4,Licenciatura 2025,440,44000425,TRADUCCION,"ESCUELA NACIONAL DE LENGUAS, LINGÜÍSTICA Y TRADUCCIÓN",Escolarizado,https://www.dgae.unam.mx/Licenciatura2025/resultados/4/44000425.html,19,566,329,106,19,348199,,N,No presentado,,Consultar
2025,4,Licenciatura 2025,440,44000425,TRADUCCION,"ESCUELA NACIONAL DE LENGUAS, LINGÜÍSTICA Y TRADUCCIÓN",Escolarizado,https://www.dgae.unam.mx/Licenciatura2025/resultados/4/44000425.html,19,566,329,106,19,348226,,N,No presentado,,Consultar
2025,4,Licenciatura 2025,440,44000425,TRADUCCION,"ESCUELA NACIONAL DE LENGUAS, LINGÜÍSTICA Y TRADUCCIÓN",Escolarizado,https://www.dgae.unam.mx/Licenciatura2025/resultados/4/44000425.html,19,566,329,106,19,348230,,N,No presentado,,Consultar
2025,4,Licenciatura 2025,440,44000425,TRADUCCION,"ESCUELA NACIONAL DE LENGUAS, LINGÜÍSTICA Y TRADUCCIÓN",Escolarizado,https://www.dgae.unam.mx/Licenciatura2025/resultados/4/44000425.html,19,566,329,106,19,348282,,N,No presentado,,Consultar
2025,4,Licenciatura 2025,440,44000425,TRADUCCION,"ESCUELA NACIONAL DE LENGUAS, LINGÜÍSTICA Y TRADUCCIÓN",Escolarizado,https://www.dgae.unam.mx/Licenciatura2025/resultados/4/44000425.html,19,566,329,106,19,348322,,N,No presentado,,Consultar
2025,4,Licenciatura 2025,440,44000425,TRADUCCION,"ESCUELA NACIONAL DE LENGUAS, LINGÜÍSTICA Y TRADUCCIÓN",Escolarizado,https://www.dgae.unam.mx/Licenciatura2025/resultados/4/44000425.html,19,566,329,106,19,348365,,N,No presentado,,Consultar
2025,4,Licenciatura 2025,440,44000425,TRADUCCION,"ESCUELA NACIONAL DE LENGUAS, LINGÜÍSTICA Y TRADUCCIÓN",Escolarizado,https://www.dgae.unam.mx/Licenciatura2025/resultados/4/44000425.html,19,566,329,106,19,348396,,N,No presentado,,Consultar
2025,4,Licenciatura 2025,440,44000425,TRADUCCION,"ESCUELA NACIONAL DE LENGUAS, LINGÜÍSTICA Y TRADUCCIÓN",Escolarizado,https://www.dgae.unam.mx/Licenciatura2025/resultados/4/44000425.html,19,566,329,106,19,348427,,N,No presentado,,Consultar
2025,4,Licenciatura 2025,440,44000425,TRADUCCION,"ESCUELA NACIONAL DE LENGUAS, LINGÜÍSTICA Y TRADUCCIÓN",Escolarizado,https://www.dgae.unam.mx/Licenciatura2025/resultados/4/44000425.html,19,566,329,106,19,348465,52,,No seleccionado,,Consultar
2025,4,Licenciatura 2025,440,44000425,TRADUCCION,"ESCUELA NACIONAL DE LENGUAS, LINGÜÍSTICA Y TRADUCCIÓN",Escolarizado,https://www.dgae.unam.mx/Licenciatura2025/resultados/4/44000425.html,19,566,329,106,19,348492,,N,No presentado,,Consultar
2025,4,Licenciatura 2025,440,44000425,TRADUCCION,"ESCUELA NACIONAL DE LENGUAS, LINGÜÍSTICA Y TRADUCCIÓN",Escolarizado,https://www.dgae.unam.mx/Licenciatura2025/resultados/4/44000425.html,19,566,329,106,19,348506,,N,No presentado,,Consultar
2025,4,Licenciatura 2025,440,44000425,TRADUCCION,"ESCUELA NACIONAL DE LENGUAS, LINGÜÍSTICA Y TRADUCCIÓN",Escolarizado,https://www.dgae.unam.mx/Licenciatura2025/resultados/4/44000425.html,19,566,329,106,19,348527,,N,No presentado,,Consultar
2025,4,Licenciatura 2025,440,44000425,TRADUCCION,"ESCUELA NACIONAL DE LENGUAS, LINGÜÍSTICA Y TRADUCCIÓN",Escolarizado,https://www.dgae.unam.mx/Licenciatura2025/resultados/4/44000425.html,19,566,329,106,19,348533,88,,No seleccionado,,Consultar
2025,4,Licenciatura 2025,440,44000425,TRADUCCION,"ESCUELA NACIONAL DE LENGUAS, LINGÜÍSTICA Y TRADUCCIÓN",Escolarizado,https://www.dgae.unam.mx/Licenciatura2025/resultados/4/44000425.html,19,566,329,106,19,348534,48,,No seleccionado,,Consultar
2025,4,Licenciatura 2025,440,44000425,TRADUCCION,"ESCUELA NACIONAL DE LENGUAS, LINGÜÍSTICA Y TRADUCCIÓN",Escolarizado,https://www.dgae.unam.mx/Licenciatura2025/resultados/4/44000425.html,19,566,329,106,19,348536,,N,No presentado,,Consultar
2025,4,Licenciatura 2025,440,44000425,TRADUCCION,"ESCUELA NACIONAL DE LENGUAS, LINGÜÍSTICA Y TRADUCCIÓN",Escolarizado,https://www.dgae.unam.mx/Licenciatura2025/resultados/4/44000425.html,19,566,329,106,19,348584,,N,No presentado,,Consultar
2025,4,Licenciatura 2025,440,44000425,TRADUCCION,"ESCUELA NACIONAL DE LENGUAS, LINGÜÍSTICA Y TRADUCCIÓN",Escolarizado,https://www.dgae.unam.mx/Licenciatura2025/resultados/4/44000425.html,19,566,329,106,19,348620,,N,No presentado,,Consultar
2025,4,Licenciatura 2025,440,44000425,TRADUCCION,"ESCUELA NACIONAL DE LENGUAS, LINGÜÍSTICA Y TRADUCCIÓN",Escolarizado,https://www.dgae.unam.mx/Licenciatura2025/resultados/4/44000425.html,19,566,329,106,19,348645,,N,No presentado,,Consultar
2025,4,Licenciatura 2025,440,44000425,TRADUCCION,"ESCUELA NACIONAL DE LENGUAS, LINGÜÍSTICA Y TRADUCCIÓN",Escolarizado,https://www.dgae.unam.mx/Licenciatura2025/resultados/4/44000425.html,19,566,329,106,19,348646,,N,No presentado,,Consultar
2025,4,Licenciatura 2025,440,44000425,TRADUCCION,"ESCUELA NACIONAL DE LENGUAS, LINGÜÍSTICA Y TRADUCCIÓN",Escolarizado,https://www.dgae.unam.mx/Licenciatura2025/resultados/4/44000425.html,19,566,329,106,19,348656,,N,No presentado,,Consultar
2025,4,Licenciatura 2025,440,44000425,TRADUCCION,"ESCUELA NACIONAL DE LENGUAS, LINGÜÍSTICA Y TRADUCCIÓN",Escolarizado,https://www.dgae.unam.mx/Licenciatura2025/resultados/4/44000425.html,19,566,329,106,19,348658,,N,No presentado,,Consultar
2025,4,Licenciatura 2025,440,44000425,TRADUCCION,"ESCUELA NACIONAL DE LENGUAS, LINGÜÍSTICA Y TRADUCCIÓN",Escolarizado,https://www.dgae.unam.mx/Licenciatura2025/resultados/4/44000425.html,19,566,329,106,19,350021,110,S,Seleccionado,Cita para entregar documentación.,Consultar
