Anio,Area,Concurso,Clave_carrera,Codigo_opcion,Carrera,Plantel,Modalidad,URL_resultados,Oferta,Aspirantes,Presentaron_examen,Aciertos_minimos,Seleccionados,Numero_comprobante,Aciertos,Acreditado,Estatus,Detalles,Diagnostico
2025,1,Licenciatura 2025,106,10600035,FISICA,FACULTAD DE CIENCIAS,Escolarizado,https://www.dgae.unam.mx/Licenciatura2025/resultados/1/10600035.html,80,970,799,104,85,000041,103,,No seleccionado,,Consultar
2025,1,Licenciatura 2025,106,10600035,FISICA,FACULTAD DE CIENCIAS,Escolarizado,https://www.dgae.unam.mx/Licenciatura2025/resultados/1/10600035.html,80,970,799,104,85,000048,85,,No seleccionado,,Consultar
2025,1,Licenciatura 2025,106,10600035,FISICA,FACULTAD DE CIENCIAS,Escolarizado,https://www.dgae.unam.mx/Licenciatura2025/resultados/1/10600035.html,80,970,799,104,85,000064,113,S,Seleccionado,Cita para entregar documentación.,Consultar
2025,1,Licenciatura 2025,106,10600035,FISICA,FACULTAD DE CIENCIAS,Escolarizado,https://www.dgae.unam.mx/Licenciatura2025/resultados/1/10600035.html,80,970,799,104,85,000100,84,,No seleccionado,,Consultar
2025,1,Licenciatura 2025,106,10600035,FISICA,FACULTAD DE CIENCIAS,Escolarizado,https://www.dgae.unam.mx/Licenciatura2025/resultados/1/10600035.html,80,970,799,104,85,000116,54,,No seleccionado,,Consultar
2025,1,Licenciatura 2025,106,10600035,FISICA,FACULTAD DE CIENCIAS,Escolarizado,https://www.dgae.unam.mx/Licenciatura2025/resultados/1/10600035.html,80,970,799,104,85,000127,94,,No seleccionado,,Consultar
2025,1,Licenciatura 2025,106,10600035,FISICA,FACULTAD DE CIENCIAS,Escolarizado,https://www.dgae.unam.mx/Licenciatura2025/resultados/1/10600035.html,80,970,799,104,85,000130,96,,No seleccionado,,Consultar
2025,1,Licenciatura 2025,106,10600035,FISICA,FACULTAD DE CIENCIAS,Escolarizado,https://www.dgae.unam.mx/Licenciatura2025/resultados/1/10600035.html,80,970,799,104,85,000140,58,,No seleccionado,,Consultar
2025,1,Licenciatura 2025,106,10600035,FISICA,FACULTAD DE CIENCIAS,Escolarizado,https://www.dgae.unam.mx/Licenciatura2025/resultados/1/10600035.html,80,970,799,104,85,000145,,N,No presentado,,Consultar
2025,1,Licenciatura 2025,106,10600035,FISICA,FACULTAD DE CIENCIAS,Escolarizado,https://www.dgae.unam.mx/Licenciatura2025/resultados/1/10600035.html,80,970,799,104,85,000147,39,,No seleccionado,,Consultar
2025,1,Licenciatura 2025,106,10600035,FISICA,FACULTAD DE CIENCIAS,Escolarizado,https://www.dgae.unam.mx/Licenciatura2025/resultados/1/10600035.html,80,970,799,104,85,000165,52,,No seleccionado,,Consultar
2025,1,Licenciatura 2025,106,10600035,FISICA,FACULTAD DE CIENCIAS,Escolarizado,https://www.dgae.unam.mx/Licenciatura2025/resultados/1/10600035.html,80,970,799,104,85,000173,,N,No presentado,,Consultar
2025,1,Licenciatura 2025,106,10600035,FISICA,FACULTAD DE CIENCIAS,Escolarizado,https://www.dgae.unam.mx/Licenciatura2025/resultados/1/10600035.html,80,970,799,104,85,000186,,N,No presentado,,Consultar
2025,1,Licenciatura 2025,106,10600035,FISICA,FACULTAD DE CIENCIAS,Escolarizado,https://www.dgae.unam.mx/Licenciatura2025/resultados/1/10600035.html,80,970,799,104,85,000192,104,S,Seleccionado,Cita para entregar documentación.,Consultar
2025,1,Licenciatura 2025,106,10600035,FISICA,FACULTAD DE CIENCIAS,Escolarizado,https://www.dgae.unam.mx/Licenciatura2025/resultados/1/10600035.html,80,970,799,104,85,000195,66,,No seleccionado,,Consultar
2025,1,Licenciatura 2025,106,10600035,FISICA,FACULTAD DE CIENCIAS,Escolarizado,https://www.dgae.unam.mx/Licenciatura2025/resultados/1/10600035.html,80,970,799,104,85,000221,,N,No presentado,,Consultar
2025,1,Licenciatura 2025,106,10600035,FISICA,FACULTAD DE CIENCIAS,Escolarizado,https://www.dgae.unam.mx/Licenciatura2025/resultados/1/10600035.html,80,970,799,104,85,000245,50,,No seleccionado,,Consultar
2025,1,Licenciatura 2025,106,10600035,FISICA,FACULTAD DE CIENCIAS,Escolarizado,https://www.dgae.unam.mx/Licenciatura2025/resultados/1/10600035.html,80,970,799,104,85,000254,100,,No seleccionado,,Consultar
2025,1,Licenciatura 2025,106,10600035,FISICA,FACULTAD DE CIENCIAS,Escolarizado,https://www.dgae.unam.mx/Licenciatura2025/resultados/1/10600035.html,80,970,799,104,85,000282,96,,No seleccionado,,Consultar
2025,1,Licenciatura 2025,106,10600035,FISICA,FACULTAD DE CIENCIAS,Escolarizado,https://www.dgae.unam.mx/Licenciatura2025/resultados/1/10600035.html,80,970,799,104,85,000300,92,,No seleccionado,,Consultar
2025,1,Licenciatura 2025,106,10600035,FISICA,FACULTAD DE CIENCIAS,Escolarizado,https://www.dgae.unam.mx/Licenciatura2025/resultados/1/10600035.html,80,970,799,104,85,000314,101,,No seleccionado,,Consultar
2025,1,Licenciatura 2025,106,10600035,FISICA,FACULTAD DE CIENCIAS,Escolarizado,https://www.dgae.unam.mx/Licenciatura2025/resultados/1/10600035.html,80,970,799,104,85,000342,61,,No seleccionado,,Consultar
2025,1,Licenciatura 2025,106,10600035,FISICA,FACULTAD DE CIENCIAS,Escolarizado,https://www.dgae.unam.mx/Licenciatura2025/resultados/1/10600035.html,80,970,799,104,85,000349,90,,No seleccionado,,Consultar
2025,1,Licenciatura 2025,106,10600035,FISICA,FACULTAD DE CIENCIAS,Escolarizado,https://www.dgae.unam.mx/Licenciatura2025/resultados/1/10600035.html,80,970,799,104,85,000350,86,,No seleccionado,,Consultar
2025,1,Licenciatura 2025,106,10600035,FISICA,FACULTAD DE CIENCIAS,Escolarizado,https://www.dgae.unam.mx/Licenciatura2025/resultados/1/10600035.html,80,970,799,104,85,000394,,N,No presentado,,Consultar
2025,1,Licenciatura 2025,106,10600035,FISICA,FACULTAD DE CIENCIAS,Escolarizado,https://www.dgae.unam.mx/Licenciatura2025/resultados/1/10600035.html,80,970,799,104,85,000407,75,,No seleccionado,,Consultar
2025,1,Licenciatura 2025,106,10600035,FISICA,FACULTAD DE CIENCIAS,Escolarizado,https://www.dgae.unam.mx/Licenciatura2025/resultados/1/10600035.html,80,970,799,104,85,000425,,N,No presentado,,Consultar
2025,1,Licenciatura 2025,106,10600035,FISICA,FACULTAD DE CIENCIAS,Escolarizado,https://www.dgae.unam.mx/Licenciatura2025/resultados/1/10600035.html,80,970,799,104,85,000454,98,,No seleccionado,,Consultar
2025,1,Licenciatura 2025,106,10600035,FISICA,FACULTAD DE CIENCIAS,Escolarizado,https://www.dgae.unam.mx/Licenciatura2025/resultados/1/10600035.html,80,970,799,104,85,000489,67,,No seleccionado,,Consultar
2025,1,Licenciatura 2025,106,10600035,FISICA,FACULTAD DE CIENCIAS,Escolarizado,https://www.dgae.unam.mx/Licenciatura2025/resultados/1/10600035.html,80,970,799,104,85,000507,47,,No seleccionado,,Consultar
2025,1,Licenciatura 2025,106,10600035,FISICA,FACULTAD DE CIENCIAS,Escolarizado,https://www.dgae.unam.mx/Licenciatura2025/resultados/1/10600035.html,80,970,799,104,85,000521,39,,No seleccionado,,Consultar
2025,1,Licenciatura 2025,106,10600035,FISICA,FACULTAD DE CIENCIAS,Escolarizado,https://www.dgae.unam.mx/Licenciatura2025/resultados/1/10600035.html,80,970,799,104,85,000533,73,,No seleccionado,,Consultar
2025,1,Licenciatura 2025,106,10600035,FISICA,FACULTAD DE CIENCIAS,Escolarizado,https://www.dgae.unam.mx/Licenciatura2025/resultados/1/10600035.html,80,970,799,104,85,000542,77,,No seleccionado,,Consultar
2025,1,Licenciatura 2025,106,10600035,FISICA,FACULTAD DE CIENCIAS,Escolarizado,https://www.dgae.unam.mx/Licenciatura2025/resultados/1/10600035.html,80,970,799,104,85,000766,63,,No seleccionado,,Consultar
2025,1,Licenciatura 2025,106,10600035,FISICA,FACULTAD DE CIENCIAS,Escolarizado,https://www.dgae.unam.mx/Licenciatura2025/resultados/1/10600035.html,80,970,799,104,85,000770,87,,No seleccionado,,Consultar
2025,1,Licenciatura 2025,106,10600035,FISICA,FACULTAD DE CIENCIAS,Escolarizado,https://www.dgae.unam.mx/Licenciatura2025/resultados/1/10600035.html,80,970,799,104,85,000809,,N,No presentado,,Consultar
2025,1,Licenciatura 2025,106,10600035,FISICA,FACULTAD DE CIENCIAS,Escolarizado,https://www.dgae.unam.mx/Licenciatura2025/resultados/1/10600035.html,80,970,799,104,85,000822,76,,No seleccionado,,Consultar
2025,1,Licenciatura 2025,106,10600035,FISICA,FACULTAD DE CIENCIAS,Escolarizado,https://www.dgae.unam.mx/Licenciatura2025/resultados/1/10600035.html,80,970,799,104,85,000879,58,,No seleccionado,,Consultar
2025,1,Licenciatura 2025,106,10600035,FISICA,FACULTAD DE CIENCIAS,Escolarizado,https://www.dgae.unam.mx/Licenciatura2025/resultados/1/10600035.html,80,970,799,104,85,000885,74,,No seleccionado,,Consultar
2025,1,Licenciatura 2025,106,10600035,FISICA,FACULTAD DE CIENCIAS,Escolarizado,https://www.dgae.unam.mx/Licenciatura2025/resultados/1/10600035.html,80,970,799,104,85,000956,98,,No seleccionado,,Consultar
2025,1,Licenciatura 2025,106,10600035,FISICA,FACULTAD DE CIENCIAS,Escolarizado,https://www.dgae.unam.mx/Licenciatura2025/resultados/1/10600035.html,80,970,799,104,85,000995,74,,No seleccionado,,Consultar
2025,1,Licenciatura 2025,106,10600035,FISICA,FACULTAD DE CIENCIAS,Escolarizado,https://www.dgae.unam.mx/Licenciatura2025/resultados/1/10600035.html,80,970,799,104,85,001095,58,,No seleccionado,,Consultar
2025,1,Licenciatura 2025,106,10600035,FISICA,FACULTAD DE CIENCIAS,Escolarizado,https://www.dgae.unam.mx/Licenciatura2025/resultados/1/10600035.html,80,970,799,104,85,001152,80,,No seleccionado,,Consultar
2025,1,Licenciatura 2025,106,10600035,FISICA,FACULTAD DE CIENCIAS,Escolarizado,https://www.dgae.unam.mx/Licenciatura2025/resultados/1/10600035.html,80,970,799,104,85,001311,,N,No presentado,,Consultar
2025,1,Licenciatura 2025,106,10600035,FISICA,FACULTAD DE CIENCIAS,Escolarizado,https://www.dgae.unam.mx/Licenciatura2025/resultados/1/10600035.html,80,970,799,104,85,001405,109,S,Seleccionado,Cita para entregar documentación.,Consultar
2025,1,Licenciatura 2025,106,10600035,FISICA,FACULTAD DE CIENCIAS,Escolarizado,https://www.dgae.unam.mx/Licenciatura2025/resultados/1/10600035.html,80,970,799,104,85,001460,31,,No seleccionado,,Consultar
2025,1,Licenciatura 2025,106,10600035,FISICA,FACULTAD DE CIENCIAS,Escolarizado,https://www.dgae.unam.mx/Licenciatura2025/resultados/1/10600035.html,80,970,799,104,85,001505,53,,No seleccionado,,Consultar
2025,1,Licenciatura 2025,106,10600035,FISICA,FACULTAD DE CIENCIAS,Escolarizado,https://www.dgae.unam.mx/Licenciatura2025/resultados/1/10600035.html,80,970,799,104,85,001524,,N,No presentado,,Consultar
2025,1,Licenciatura 2025,106,10600035,FISICA,FACULTAD DE CIENCIAS,Escolarizado,https://www.dgae.unam.mx/Licenciatura2025/resultados/1/10600035.html,80,970,799,104,85,001526,73,,No seleccionado,,Consultar
2025,1,Licenciatura 2025,106,10600035,FISICA,FACULTAD DE CIENCIAS,Escolarizado,https://www.dgae.unam.mx/Licenciatura2025/resultados/1/10600035.html,80,970,799,104,85,001587,106,S,Seleccionado,,Consultar
2025,1,Licenciatura 2025,106,10600035,FISICA,FACULTAD DE CIENCIAS,Escolarizado,https://www.dgae.unam.mx/Licenciatura2025/resultados/1/10600035.html,80,970,799,104,85,001718,,N,No presentado,,Consultar
2025,1,Licenciatura 2025,106,10600035,FISICA,FACULTAD DE CIENCIAS,Escolarizado,https://www.dgae.unam.mx/Licenciatura2025/resultados/1/10600035.html,80,970,799,104,85,001822,50,,No seleccionado,,Consultar
2025,1,Licenciatura 2025,106,10600035,FISICA,FACULTAD DE CIENCIAS,Escolarizado,https://www.dgae.unam.mx/Licenciatura2025/resultados/1/10600035.html,80,970,799,104,85,001889,65,,No seleccionado,,Consultar
2025,1,Licenciatura 2025,106,10600035,FISICA,FACULTAD DE CIENCIAS,Escolarizado,https://www.dgae.unam.mx/Licenciatura2025/resultados/1/10600035.html,80,970,799,104,85,001939,57,,No seleccionado,,Consultar
2025,1,Licenciatura 2025,106,10600035,FISICA,FACULTAD DE CIENCIAS,Escolarizado,https://www.dgae.unam.mx/Licenciatura2025/resultados/1/10600035.html,80,970,799,104,85,002046,78,,No seleccionado,,Consultar
2025,1,Licenciatura 2025,106,10600035,FISICA,FACULTAD DE CIENCIAS,Escolarizado,https://www.dgae.unam.mx/Licenciatura2025/resultados/1/10600035.html,80,970,799,104,85,002061,76,,No seleccionado,,Consultar
2025,1,Licenciatura 2025,106,10600035,FISICA,FACULTAD DE CIENCIAS,Escolarizado,https://www.dgae.unam.mx/Licenciatura2025/resultados/1/10600035.html,80,970,799,104,85,002103,69,,No seleccionado,,Consultar
2025,1,Licenciatura 2025,106,10600035,FISICA,FACULTAD DE CIENCIAS,Escolarizado,https://www.dgae.unam.mx/Licenciatura2025/resultados/1/10600035.html,80,970,799,104,85,002115,,N,No presentado,,Consultar
2025,1,Licenciatura 2025,106,10600035,FISICA,FACULTAD DE CIENCIAS,Escolarizado,https://www.dgae.unam.mx/Licenciatura2025/resultados/1/10600035.html,80,970,799,104,85,002127,,N,No presentado,,Consultar
2025,1,Licenciatura 2025,106,10600035,FISICA,FACULTAD DE CIENCIAS,Escolarizado,https://www.dgae.unam.mx/Licenciatura2025/resultados/1/10600035.html,80,970,799,104,85,002187,60,,No seleccionado,,Consultar
2025,1,Licenciatura 2025,106,10600035,FISICA,FACULTAD DE CIENCIAS,Escolarizado,https://www.dgae.unam.mx/Licenciatura2025/resultados/1/10600035.html,80,970,799,104,85,002247,96,,No seleccionado,,Consultar
2025,1,Licenciatura 2025,106,10600035,FISICA,FACULTAD DE CIENCIAS,Escolarizado,https://www.dgae.unam.mx/Licenciatura2025/resultados/1/10600035.html,80,970,799,104,85,002248,,N,No presentado,,Consultar
2025,1,Licenciatura 2025,106,10600035,FISICA,FACULTAD DE CIENCIAS,Escolarizado,https://www.dgae.unam.mx/Licenciatura2025/resultados/1/10600035.html,80,970,799,104,85,002294,55,,No seleccionado,,Consultar
2025,1,Licenciatura 2025,106,10600035,FISICA,FACULTAD DE CIENCIAS,Escolarizado,https://www.dgae.unam.mx/Licenciatura2025/resultados/1/10600035.html,80,970,799,104,85,002360,91,,No seleccionado,,Consultar
2025,1,Licenciatura 2025,106,10600035,FISICA,FACULTAD DE CIENCIAS,Escolarizado,https://www.dgae.unam.mx/Licenciatura2025/resultados/1/10600035.html,80,970,799,104,85,002382,85,,No seleccionado,,Consultar
2025,1,Licenciatura 2025,106,10600035,FISICA,FACULTAD DE CIENCIAS,Escolarizado,https://www.dgae.unam.mx/Licenciatura2025/resultados/1/10600035.html,80,970,799,104,85,002383,56,,No seleccionado,,Consultar
2025,1,Licenciatura 2025,106,10600035,FISICA,FACULTAD DE CIENCIAS,Escolarizado,https://www.dgae.unam.mx/Licenciatura2025/resultados/1/10600035.html,80,970,799,104,85,002411,94,,No seleccionado,,Consultar
2025,1,Licenciatura 2025,106,10600035,FISICA,FACULTAD DE CIENCIAS,Escolarizado,https://www.dgae.unam.mx/Licenciatura2025/resultados/1/10600035.html,80,970,799,104,85,002523,47,,No seleccionado,,Consultar
2025,1,Licenciatura 2025,106,10600035,FISICA,FACULTAD DE CIENCIAS,Escolarizado,https://www.dgae.unam.mx/Licenciatura2025/resultados/1/10600035.html,80,970,799,104,85,002543,58,,No seleccionado,,Consultar
2025,1,Licenciatura 2025,106,10600035,FISICA,FACULTAD DE CIENCIAS,Escolarizado,https://www.dgae.unam.mx/Licenciatura2025/resultados/1/10600035.html,80,970,799,104,85,002555,57,,No seleccionado,,Consultar
2025,1,Licenciatura 2025,106,10600035,FISICA,FACULTAD DE CIENCIAS,Escolarizado,https://www.dgae.unam.mx/Licenciatura2025/resultados/1/10600035.html,80,970,799,104,85,002609,74,,No seleccionado,,Consultar
2025,1,Licenciatura 2025,106,10600035,FISICA,FACULTAD DE CIENCIAS,Escolarizado,https://www.dgae.unam.mx/Licenciatura2025/resultados/1/10600035.html,80,970,799,104,85,002648,35,,No seleccionado,,Consultar
2025,1,Licenciatura 2025,106,10600035,FISICA,FACULTAD DE CIENCIAS,Escolarizado,https://www.dgae.unam.mx/Licenciatura2025/resultados/1/10600035.html,80,970,799,104,85,002672,,N,No presentado,,Consultar
2025,1,Licenciatura 2025,106,10600035,FISICA,FACULTAD DE CIENCIAS,Escolarizado,https://www.dgae.unam.mx/Licenciatura2025/resultados/1/10600035.html,80,970,799,104,85,002699,57,,No seleccionado,,Consultar
2025,1,Licenciatura 2025,106,10600035,FISICA,FACULTAD DE CIENCIAS,Escolarizado,https://www.dgae.unam.mx/Licenciatura2025/resultados/1/10600035.html,80,970,799,104,85,002792,92,,No seleccionado,,Consultar
2025,1,Licenciatura 2025,106,10600035,FISICA,FACULTAD DE CIENCIAS,Escolarizado,https://www.dgae.unam.mx/Licenciatura2025/resultados/1/10600035.html,80,970,799,104,85,002844,56,,No seleccionado,,Consultar
2025,1,Licenciatura 2025,106,10600035,FISICA,FACULTAD DE CIENCIAS,Escolarizado,https://www.dgae.unam.mx/Licenciatura2025/resultados/1/10600035.html,80,970,799,104,85,002864,69,,No seleccionado,,Consultar
2025,1,Licenciatura 2025,106,10600035,FISICA,FACULTAD DE CIENCIAS,Escolarizado,https://www.dgae.unam.mx/Licenciatura2025/resultados/1/10600035.html,80,970,799,104,85,002916,89,,No seleccionado,,Consultar
2025,1,Licenciatura 2025,106,10600035,FISICA,FACULTAD DE CIENCIAS,Escolarizado,https://www.dgae.unam.mx/Licenciatura2025/resultados/1/10600035.html,80,970,799,104,85,003050,93,,No seleccionado,,Consultar
2025,1,Licenciatura 2025,106,10600035,FISICA,FACULTAD DE CIENCIAS,Escolarizado,https://www.dgae.unam.mx/Licenciatura2025/resultados/1/10600035.html,80,970,799,104,85,003103,77,,No seleccionado,,Consultar
2025,1,Licenciatura 2025,106,10600035,FISICA,FACULTAD DE CIENCIAS,Escolarizado,https://www.dgae.unam.mx/Licenciatura2025/resultados/1/10600035.html,80,970,799,104,85,003160,,N,No presentado,,Consultar
2025,1,Licenciatura 2025,106,10600035,FISICA,FACULTAD DE CIENCIAS,Escolarizado,https://www.dgae.unam.mx/Licenciatura2025/resultados/1/10600035.html,80,970,799,104,85,003195,27,,No seleccionado,,Consultar
2025,1,Licenciatura 2025,106,10600035,FISICA,FACULTAD DE CIENCIAS,Escolarizado,https://www.dgae.unam.mx/Licenciatura2025/resultados/1/10600035.html,80,970,799,104,85,003226,53,,No seleccionado,,Consultar
2025,1,Licenciatura 2025,106,10600035,FISICA,FACULTAD DE CIENCIAS,Escolarizado,https://www.dgae.unam.mx/Licenciatura2025/resultados/1/10600035.html,80,970,799,104,85,003231,,N,No presentado,,Consultar
2025,1,Licenciatura 2025,106,10600035,FISICA,FACULTAD DE CIENCIAS,Escolarizado,https://www.dgae.unam.mx/Licenciatura2025/resultados/1/10600035.html,80,970,799,104,85,003246,88,,No seleccionado,,Consultar
2025,1,Licenciatura 2025,106,10600035,FISICA,FACULTAD DE CIENCIAS,Escolarizado,https://www.dgae.unam.mx/Licenciatura2025/resultados/1/10600035.html,80,970,799,104,85,003252,,N,No presentado,,Consultar
2025,1,Licenciatura 2025,106,10600035,FISICA,FACULTAD DE CIENCIAS,Escolarizado,https://www.dgae.unam.mx/Licenciatura2025/resultados/1/10600035.html,80,970,799,104,85,003253,99,,No seleccionado,,Consultar
2025,1,Licenciatura 2025,106,10600035,FISICA,FACULTAD DE CIENCIAS,Escolarizado,https://www.dgae.unam.mx/Licenciatura2025/resultados/1/10600035.html,80,970,799,104,85,003264,87,,No seleccionado,,Consultar
2025,1,Licenciatura 2025,106,10600035,FISICA,FACULTAD DE CIENCIAS,Escolarizado,https://www.dgae.unam.mx/Licenciatura2025/resultados/1/10600035.html,80,970,799,104,85,003375,80,,No seleccionado,,Consultar
2025,1,Licenciatura 2025,106,10600035,FISICA,FACULTAD DE CIENCIAS,Escolarizado,https://www.dgae.unam.mx/Licenciatura2025/resultados/1/10600035.html,80,970,799,104,85,003397,46,,No seleccionado,,Consultar
2025,1,Licenciatura 2025,106,10600035,FISICA,FACULTAD DE CIENCIAS,Escolarizado,https://www.dgae.unam.mx/Licenciatura2025/resultados/1/10600035.html,80,970,799,104,85,003478,79,,No seleccionado,,Consultar
2025,1,Licenciatura 2025,106,10600035,FISICA,FACULTAD DE CIENCIAS,Escolarizado,https://www.dgae.unam.mx/Licenciatura2025/resultados/1/10600035.html,80,970,799,104,85,003529,51,,No seleccionado,,Consultar
2025,1,Licenciatura 2025,106,10600035,FISICA,FACULTAD DE CIENCIAS,Escolarizado,https://www.dgae.unam.mx/Licenciatura2025/resultados/1/10600035.html,80,970,799,104,85,003600,52,,No seleccionado,,Consultar
2025,1,Licenciatura 2025,106,10600035,FISICA,FACULTAD DE CIENCIAS,Escolarizado,https://www.dgae.unam.mx/Licenciatura2025/resultados/1/10600035.html,80,970,799,104,85,003619,46,,No seleccionado,,Consultar
2025,1,Licenciatura 2025,106,10600035,FISICA,FACULTAD DE CIENCIAS,Escolarizado,https://www.dgae.unam.mx/Licenciatura2025/resultados/1/10600035.html,80,970,799,104,85,003623,95,,No seleccionado,,Consultar
2025,1,Licenciatura 2025,106,10600035,FISICA,FACULTAD DE CIENCIAS,Escolarizado,https://www.dgae.unam.mx/Licenciatura2025/resultados/1/10600035.html,80,970,799,104,85,003727,100,,No seleccionado,,Consultar
2025,1,Licenciatura 2025,106,10600035,FISICA,FACULTAD DE CIENCIAS,Escolarizado,https://www.dgae.unam.mx/Licenciatura2025/resultados/1/10600035.html,80,970,799,104,85,003757,80,,No seleccionado,,Consultar
2025,1,Licenciatura 2025,106,10600035,FISICA,FACULTAD DE CIENCIAS,Escolarizado,https://www.dgae.unam.mx/Licenciatura2025/resultados/1/10600035.html,80,970,799,104,85,003837,77,,No seleccionado,,Consultar
2025,1,Licenciatura 2025,106,10600035,FISICA,FACULTAD DE CIENCIAS,Escolarizado,https://www.dgae.unam.mx/Licenciatura2025/resultados/1/10600035.html,80,970,799,104,85,003867,109,S,Seleccionado,Cita para entregar documentación.,Consultar
2025,1,Licenciatura 2025,106,10600035,FISICA,FACULTAD DE CIENCIAS,Escolarizado,https://www.dgae.unam.mx/Licenciatura2025/resultados/1/10600035.html,80,970,799,104,85,003941,,N,No presentado,,Consultar
2025,1,Licenciatura 2025,106,10600035,FISICA,FACULTAD DE CIENCIAS,Escolarizado,https://www.dgae.unam.mx/Licenciatura2025/resultados/1/10600035.html,80,970,799,104,85,003951,53,,No seleccionado,,Consultar
2025,1,Licenciatura 2025,106,10600035,FISICA,FACULTAD DE CIENCIAS,Escolarizado,https://www.dgae.unam.mx/Licenciatura2025/resultados/1/10600035.html,80,970,799,104,85,003957,59,,No seleccionado,,Consultar
2025,1,Licenciatura 2025,106,10600035,FISICA,FACULTAD DE CIENCIAS,Escolarizado,https://www.dgae.unam.mx/Licenciatura2025/resultados/1/10600035.html,80,970,799,104,85,004025,51,,No seleccionado,,Consultar
2025,1,Licenciatura 2025,106,10600035,FISICA,FACULTAD DE CIENCIAS,Escolarizado,https://www.dgae.unam.mx/Licenciatura2025/resultados/1/10600035.html,80,970,799,104,85,004040,89,,No seleccionado,,Consultar
2025,1,Licenciatura 2025,106,10600035,FISICA,FACULTAD DE CIENCIAS,Escolarizado,https://www.dgae.unam.mx/Licenciatura2025/resultados/1/10600035.html,80,970,799,104,85,004065,50,,No seleccionado,,Consultar
2025,1,Licenciatura 2025,106,10600035,FISICA,FACULTAD DE CIENCIAS,Escolarizado,https://www.dgae.unam.mx/Licenciatura2025/resultados/1/10600035.html,80,970,799,104,85,004084,,N,No presentado,,Consultar
2025,1,Licenciatura 2025,106,10600035,FISICA,FACULTAD DE CIENCIAS,Escolarizado,https://www.dgae.unam.mx/Licenciatura2025/resultados/1/10600035.html,80,970,799,104,85,004150,77,,No seleccionado,,Consultar
2025,1,Licenciatura 2025,106,10600035,FISICA,FACULTAD DE CIENCIAS,Escolarizado,https://www.dgae.unam.mx/Licenciatura2025/resultados/1/10600035.html,80,970,799,104,85,004219,,N,No presentado,,Consultar
2025,1,Licenciatura 2025,106,10600035,FISICA,FACULTAD DE CIENCIAS,Escolarizado,https://www.dgae.unam.mx/Licenciatura2025/resultados/1/10600035.html,80,970,799,104,85,004230,93,,No seleccionado,,Consultar
2025,1,Licenciatura 2025,106,10600035,FISICA,FACULTAD DE CIENCIAS,Escolarizado,https://www.dgae.unam.mx/Licenciatura2025/resultados/1/10600035.html,80,970,799,104,85,004245,71,,No seleccionado,,Consultar
2025,1,Licenciatura 2025,106,10600035,FISICA,FACULTAD DE CIENCIAS,Escolarizado,https://www.dgae.unam.mx/Licenciatura2025/resultados/1/10600035.html,80,970,799,104,85,004280,65,,No seleccionado,,Consultar
2025,1,Licenciatura 2025,106,10600035,FISICA,FACULTAD DE CIENCIAS,Escolarizado,https://www.dgae.unam.mx/Licenciatura2025/resultados/1/10600035.html,80,970,799,104,85,004317,98,,No seleccionado,,Consultar
2025,1,Licenciatura 2025,106,10600035,FISICA,FACULTAD DE CIENCIAS,Escolarizado,https://www.dgae.unam.mx/Licenciatura2025/resultados/1/10600035.html,80,970,799,104,85,004342,98,,No seleccionado,,Consultar
2025,1,Licenciatura 2025,106,10600035,FISICA,FACULTAD DE CIENCIAS,Escolarizado,https://www.dgae.unam.mx/Licenciatura2025/resultados/1/10600035.html,80,970,799,104,85,004354,55,,No seleccionado,,Consultar
2025,1,Licenciatura 2025,106,10600035,FISICA,FACULTAD DE CIENCIAS,Escolarizado,https://www.dgae.unam.mx/Licenciatura2025/resultados/1/10600035.html,80,970,799,104,85,004358,,N,No presentado,,Consultar
2025,1,Licenciatura 2025,106,10600035,FISICA,FACULTAD DE CIENCIAS,Escolarizado,https://www.dgae.unam.mx/Licenciatura2025/resultados/1/10600035.html,80,970,799,104,85,004376,102,,No seleccionado,,Consultar
2025,1,Licenciatura 2025,106,10600035,FISICA,FACULTAD DE CIENCIAS,Escolarizado,https://www.dgae.unam.mx/Licenciatura2025/resultados/1/10600035.html,80,970,799,104,85,004378,90,,No seleccionado,,Consultar
2025,1,Licenciatura 2025,106,10600035,FISICA,FACULTAD DE CIENCIAS,Escolarizado,https://www.dgae.unam.mx/Licenciatura2025/resultados/1/10600035.html,80,970,799,104,85,004394,69,,No seleccionado,,Consultar
2025,1,Licenciatura 2025,106,10600035,FISICA,FACULTAD DE CIENCIAS,Escolarizado,https://www.dgae.unam.mx/Licenciatura2025/resultados/1/10600035.html,80,970,799,104,85,004412,91,,No seleccionado,,Consultar
2025,1,Licenciatura 2025,106,10600035,FISICA,FACULTAD DE CIENCIAS,Escolarizado,https://www.dgae.unam.mx/Licenciatura2025/resultados/1/10600035.html,80,970,799,104,85,004416,88,,No seleccionado,,Consultar
2025,1,Licenciatura 2025,106,10600035,FISICA,FACULTAD DE CIENCIAS,Escolarizado,https://www.dgae.unam.mx/Licenciatura2025/resultados/1/10600035.html,80,970,799,104,85,004425,106,S,Seleccionado,,Consultar
2025,1,Licenciatura 2025,106,10600035,FISICA,FACULTAD DE CIENCIAS,Escolarizado,https://www.dgae.unam.mx/Licenciatura2025/resultados/1/10600035.html,80,970,799,104,85,004445,97,,No seleccionado,,Consultar
2025,1,Licenciatura 2025,106,10600035,FISICA,FACULTAD DE CIENCIAS,Escolarizado,https://www.dgae.unam.mx/Licenciatura2025/resultados/1/10600035.html,80,970,799,104,85,004459,93,,No seleccionado,,Consultar
2025,1,Licenciatura 2025,106,10600035,FISICA,FACULTAD DE CIENCIAS,Escolarizado,https://www.dgae.unam.mx/Licenciatura2025/resultados/1/10600035.html,80,970,799,104,85,004568,98,,No seleccionado,,Consultar
2025,1,Licenciatura 2025,106,10600035,FISICA,FACULTAD DE CIENCIAS,Escolarizado,https://www.dgae.unam.mx/Licenciatura2025/resultados/1/10600035.html,80,970,799,104,85,004713,109,S,Seleccionado,Cita para entregar documentación.,Consultar
2025,1,Licenciatura 2025,106,10600035,FISICA,FACULTAD DE CIENCIAS,Escolarizado,https://www.dgae.unam.mx/Licenciatura2025/resultados/1/10600035.html,80,970,799,104,85,004809,65,,No seleccionado,,Consultar
2025,1,Licenciatura 2025,106,10600035,FISICA,FACULTAD DE CIENCIAS,Escolarizado,https://www.dgae.unam.mx/Licenciatura2025/resultados/1/10600035.html,80,970,799,104,85,004866,,N,No presentado,,Consultar
2025,1,Licenciatura 2025,106,10600035,FISICA,FACULTAD DE CIENCIAS,Escolarizado,https://www.dgae.unam.mx/Licenciatura2025/resultados/1/10600035.html,80,970,799,104,85,004868,56,,No seleccionado,,Consultar
2025,1,Licenciatura 2025,106,10600035,FISICA,FACULTAD DE CIENCIAS,Escolarizado,https://www.dgae.unam.mx/Licenciatura2025/resultados/1/10600035.html,80,970,799,104,85,004876,73,,No seleccionado,,Consultar
2025,1,Licenciatura 2025,106,10600035,FISICA,FACULTAD DE CIENCIAS,Escolarizado,https://www.dgae.unam.mx/Licenciatura2025/resultados/1/10600035.html,80,970,799,104,85,004919,,N,No presentado,,Consultar
2025,1,Licenciatura 2025,106,10600035,FISICA,FACULTAD DE CIENCIAS,Escolarizado,https://www.dgae.unam.mx/Licenciatura2025/resultados/1/10600035.html,80,970,799,104,85,005179,76,,No seleccionado,,Consultar
2025,1,Licenciatura 2025,106,10600035,FISICA,FACULTAD DE CIENCIAS,Escolarizado,https://www.dgae.unam.mx/Licenciatura2025/resultados/1/10600035.html,80,970,799,104,85,005227,,N,No presentado,,Consultar
2025,1,Licenciatura 2025,106,10600035,FISICA,FACULTAD DE CIENCIAS,Escolarizado,https://www.dgae.unam.mx/Licenciatura2025/resultados/1/10600035.html,80,970,799,104,85,005232,78,,No seleccionado,,Consultar
2025,1,Licenciatura 2025,106,10600035,FISICA,FACULTAD DE CIENCIAS,Escolarizado,https://www.dgae.unam.mx/Licenciatura2025/resultados/1/10600035.html,80,970,799,104,85,005261,103,,No seleccionado,,Consultar
2025,1,Licenciatura 2025,106,10600035,FISICA,FACULTAD DE CIENCIAS,Escolarizado,https://www.dgae.unam.mx/Licenciatura2025/resultados/1/10600035.html,80,970,799,104,85,005303,,N,No presentado,,Consultar
2025,1,Licenciatura 2025,106,10600035,FISICA,FACULTAD DE CIENCIAS,Escolarizado,https://www.dgae.unam.mx/Licenciatura2025/resultados/1/10600035.html,80,970,799,104,85,005322,79,,No seleccionado,,Consultar
2025,1,Licenciatura 2025,106,10600035,FISICA,FACULTAD DE CIENCIAS,Escolarizado,https://www.dgae.unam.mx/Licenciatura2025/resultados/1/10600035.html,80,970,799,104,85,005333,101,,No seleccionado,,Consultar
2025,1,Licenciatura 2025,106,10600035,FISICA,FACULTAD DE CIENCIAS,Escolarizado,https://www.dgae.unam.mx/Licenciatura2025/resultados/1/10600035.html,80,970,799,104,85,005421,,N,No presentado,,Consultar
2025,1,Licenciatura 2025,106,10600035,FISICA,FACULTAD DE CIENCIAS,Escolarizado,https://www.dgae.unam.mx/Licenciatura2025/resultados/1/10600035.html,80,970,799,104,85,005435,80,,No seleccionado,,Consultar
2025,1,Licenciatura 2025,106,10600035,FISICA,FACULTAD DE CIENCIAS,Escolarizado,https://www.dgae.unam.mx/Licenciatura2025/resultados/1/10600035.html,80,970,799,104,85,005437,108,S,Seleccionado,Cita para entregar documentación.,Consultar
2025,1,Licenciatura 2025,106,10600035,FISICA,FACULTAD DE CIENCIAS,Escolarizado,https://www.dgae.unam.mx/Licenciatura2025/resultados/1/10600035.html,80,970,799,104,85,005464,58,,No seleccionado,,Consultar
2025,1,Licenciatura 2025,106,10600035,FISICA,FACULTAD DE CIENCIAS,Escolarizado,https://www.dgae.unam.mx/Licenciatura2025/resultados/1/10600035.html,80,970,799,104,85,005481,99,,No seleccionado,,Consultar
2025,1,Licenciatura 2025,106,10600035,FISICA,FACULTAD DE CIENCIAS,Escolarizado,https://www.dgae.unam.mx/Licenciatura2025/resultados/1/10600035.html,80,970,799,104,85,005483,,N,No presentado,,Consultar
2025,1,Licenciatura 2025,106,10600035,FISICA,FACULTAD DE CIENCIAS,Escolarizado,https://www.dgae.unam.mx/Licenciatura2025/resultados/1/10600035.html,80,970,799,104,85,005486,45,,No seleccionado,,Consultar
2025,1,Licenciatura 2025,106,10600035,FISICA,FACULTAD DE CIENCIAS,Escolarizado,https://www.dgae.unam.mx/Licenciatura2025/resultados/1/10600035.html,80,970,799,104,85,005488,108,S,Seleccionado,,Consultar
2025,1,Licenciatura 2025,106,10600035,FISICA,FACULTAD DE CIENCIAS,Escolarizado,https://www.dgae.unam.mx/Licenciatura2025/resultados/1/10600035.html,80,970,799,104,85,005544,54,,No seleccionado,,Consultar
2025,1,Licenciatura 2025,106,10600035,FISICA,FACULTAD DE CIENCIAS,Escolarizado,https://www.dgae.unam.mx/Licenciatura2025/resultados/1/10600035.html,80,970,799,104,85,005590,48,,No seleccionado,,Consultar
2025,1,Licenciatura 2025,106,10600035,FISICA,FACULTAD DE CIENCIAS,Escolarizado,https://www.dgae.unam.mx/Licenciatura2025/resultados/1/10600035.html,80,970,799,104,85,005596,91,,No seleccionado,,Consultar
2025,1,Licenciatura 2025,106,10600035,FISICA,FACULTAD DE CIENCIAS,Escolarizado,https://www.dgae.unam.mx/Licenciatura2025/resultados/1/10600035.html,80,970,799,104,85,005597,87,,No seleccionado,,Consultar
2025,1,Licenciatura 2025,106,10600035,FISICA,FACULTAD DE CIENCIAS,Escolarizado,https://www.dgae.unam.mx/Licenciatura2025/resultados/1/10600035.html,80,970,799,104,85,005610,72,,No seleccionado,,Consultar
2025,1,Licenciatura 2025,106,10600035,FISICA,FACULTAD DE CIENCIAS,Escolarizado,https://www.dgae.unam.mx/Licenciatura2025/resultados/1/10600035.html,80,970,799,104,85,005701,80,,No seleccionado,,Consultar
2025,1,Licenciatura 2025,106,10600035,FISICA,FACULTAD DE CIENCIAS,Escolarizado,https://www.dgae.unam.mx/Licenciatura2025/resultados/1/10600035.html,80,970,799,104,85,005707,60,,No seleccionado,,Consultar
2025,1,Licenciatura 2025,106,10600035,FISICA,FACULTAD DE CIENCIAS,Escolarizado,https://www.dgae.unam.mx/Licenciatura2025/resultados/1/10600035.html,80,970,799,104,85,005747,,N,No presentado,,Consultar
2025,1,Licenciatura 2025,106,10600035,FISICA,FACULTAD DE CIENCIAS,Escolarizado,https://www.dgae.unam.mx/Licenciatura2025/resultados/1/10600035.html,80,970,799,104,85,005797,69,,No seleccionado,,Consultar
2025,1,Licenciatura 2025,106,10600035,FISICA,FACULTAD DE CIENCIAS,Escolarizado,https://www.dgae.unam.mx/Licenciatura2025/resultados/1/10600035.html,80,970,799,104,85,005817,67,,No seleccionado,,Consultar
2025,1,Licenciatura 2025,106,10600035,FISICA,FACULTAD DE CIENCIAS,Escolarizado,https://www.dgae.unam.mx/Licenciatura2025/resultados/1/10600035.html,80,970,799,104,85,005849,80,,No seleccionado,,Consultar
2025,1,Licenciatura 2025,106,10600035,FISICA,FACULTAD DE CIENCIAS,Escolarizado,https://www.dgae.unam.mx/Licenciatura2025/resultados/1/10600035.html,80,970,799,104,85,005850,71,,No seleccionado,,Consultar
2025,1,Licenciatura 2025,106,10600035,FISICA,FACULTAD DE CIENCIAS,Escolarizado,https://www.dgae.unam.mx/Licenciatura2025/resultados/1/10600035.html,80,970,799,104,85,005861,,N,No presentado,,Consultar
2025,1,Licenciatura 2025,106,10600035,FISICA,FACULTAD DE CIENCIAS,Escolarizado,https://www.dgae.unam.mx/Licenciatura2025/resultados/1/10600035.html,80,970,799,104,85,005873,104,S,Seleccionado,Cita para entregar documentación.,Consultar
2025,1,Licenciatura 2025,106,10600035,FISICA,FACULTAD DE CIENCIAS,Escolarizado,https://www.dgae.unam.mx/Licenciatura2025/resultados/1/10600035.html,80,970,799,104,85,005878,109,S,Seleccionado,Cita para entregar documentación.,Consultar
2025,1,Licenciatura 2025,106,10600035,FISICA,FACULTAD DE CIENCIAS,Escolarizado,https://www.dgae.unam.mx/Licenciatura2025/resultados/1/10600035.html,80,970,799,104,85,005910,50,,No seleccionado,,Consultar
2025,1,Licenciatura 2025,106,10600035,FISICA,FACULTAD DE CIENCIAS,Escolarizado,https://www.dgae.unam.mx/Licenciatura2025/resultados/1/10600035.html,80,970,799,104,85,005987,44,,No seleccionado,,Consultar
2025,1,Licenciatura 2025,106,10600035,FISICA,FACULTAD DE CIENCIAS,Escolarizado,https://www.dgae.unam.mx/Licenciatura2025/resultados/1/10600035.html,80,970,799,104,85,005989,84,,No seleccionado,,Consultar
2025,1,Licenciatura 2025,106,10600035,FISICA,FACULTAD DE CIENCIAS,Escolarizado,https://www.dgae.unam.mx/Licenciatura2025/resultados/1/10600035.html,80,970,799,104,85,005997,66,,No seleccionado,,Consultar
2025,1,Licenciatura 2025,106,10600035,FISICA,FACULTAD DE CIENCIAS,Escolarizado,https://www.dgae.unam.mx/Licenciatura2025/resultados/1/10600035.html,80,970,799,104,85,006054,87,,No seleccionado,,Consultar
2025,1,Licenciatura 2025,106,10600035,FISICA,FACULTAD DE CIENCIAS,Escolarizado,https://www.dgae.unam.mx/Licenciatura2025/resultados/1/10600035.html,80,970,799,104,85,006056,40,,No seleccionado,,Consultar
2025,1,Licenciatura 2025,106,10600035,FISICA,FACULTAD DE CIENCIAS,Escolarizado,https://www.dgae.unam.mx/Licenciatura2025/resultados/1/10600035.html,80,970,799,104,85,006063,55,,No seleccionado,,Consultar
2025,1,Licenciatura 2025,106,10600035,FISICA,FACULTAD DE CIENCIAS,Escolarizado,https://www.dgae.unam.mx/Licenciatura2025/resultados/1/10600035.html,80,970,799,104,85,006115,62,,No seleccionado,,Consultar
2025,1,Licenciatura 2025,106,10600035,FISICA,FACULTAD DE CIENCIAS,Escolarizado,https://www.dgae.unam.mx/Licenciatura2025/resultados/1/10600035.html,80,970,799,104,85,006130,99,,No seleccionado,,Consultar
2025,1,Licenciatura 2025,106,10600035,FISICA,FACULTAD DE CIENCIAS,Escolarizado,https://www.dgae.unam.mx/Licenciatura2025/resultados/1/10600035.html,80,970,799,104,85,006146,67,,No seleccionado,,Consultar
2025,1,Licenciatura 2025,106,10600035,FISICA,FACULTAD DE CIENCIAS,Escolarizado,https://www.dgae.unam.mx/Licenciatura2025/resultados/1/10600035.html,80,970,799,104,85,006156,68,,No seleccionado,,Consultar
2025,1,Licenciatura 2025,106,10600035,FISICA,FACULTAD DE CIENCIAS,Escolarizado,https://www.dgae.unam.mx/Licenciatura2025/resultados/1/10600035.html,80,970,799,104,85,006162,102,,No seleccionado,,Consultar
2025,1,Licenciatura 2025,106,10600035,FISICA,FACULTAD DE CIENCIAS,Escolarizado,https://www.dgae.unam.mx/Licenciatura2025/resultados/1/10600035.html,80,970,799,104,85,006178,99,,No seleccionado,,Consultar
2025,1,Licenciatura 2025,106,10600035,FISICA,FACULTAD DE CIENCIAS,Escolarizado,https://www.dgae.unam.mx/Licenciatura2025/resultados/1/10600035.html,80,970,799,104,85,006220,77,,No seleccionado,,Consultar
2025,1,Licenciatura 2025,106,10600035,FISICA,FACULTAD DE CIENCIAS,Escolarizado,https://www.dgae.unam.mx/Licenciatura2025/resultados/1/10600035.html,80,970,799,104,85,006267,,N,No presentado,,Consultar
2025,1,Licenciatura 2025,106,10600035,FISICA,FACULTAD DE CIENCIAS,Escolarizado,https://www.dgae.unam.mx/Licenciatura2025/resultados/1/10600035.html,80,970,799,104,85,006299,60,,No seleccionado,,Consultar
2025,1,Licenciatura 2025,106,10600035,FISICA,FACULTAD DE CIENCIAS,Escolarizado,https://www.dgae.unam.mx/Licenciatura2025/resultados/1/10600035.html,80,970,799,104,85,006312,106,S,Seleccionado,,Consultar
2025,1,Licenciatura 2025,106,10600035,FISICA,FACULTAD DE CIENCIAS,Escolarizado,https://www.dgae.unam.mx/Licenciatura2025/resultados/1/10600035.html,80,970,799,104,85,006337,,N,No presentado,,Consultar
2025,1,Licenciatura 2025,106,10600035,FISICA,FACULTAD DE CIENCIAS,Escolarizado,https://www.dgae.unam.mx/Licenciatura2025/resultados/1/10600035.html,80,970,799,104,85,006355,91,,No seleccionado,,Consultar
2025,1,Licenciatura 2025,106,10600035,FISICA,FACULTAD DE CIENCIAS,Escolarizado,https://www.dgae.unam.mx/Licenciatura2025/resultados/1/10600035.html,80,970,799,104,85,006413,92,,No seleccionado,,Consultar
2025,1,Licenciatura 2025,106,10600035,FISICA,FACULTAD DE CIENCIAS,Escolarizado,https://www.dgae.unam.mx/Licenciatura2025/resultados/1/10600035.html,80,970,799,104,85,006464,48,,No seleccionado,,Consultar
2025,1,Licenciatura 2025,106,10600035,FISICA,FACULTAD DE CIENCIAS,Escolarizado,https://www.dgae.unam.mx/Licenciatura2025/resultados/1/10600035.html,80,970,799,104,85,006606,91,,No seleccionado,,Consultar
2025,1,Licenciatura 2025,106,10600035,FISICA,FACULTAD DE CIENCIAS,Escolarizado,https://www.dgae.unam.mx/Licenciatura2025/resultados/1/10600035.html,80,970,799,104,85,006615,,N,No presentado,,Consultar
2025,1,Licenciatura 2025,106,10600035,FISICA,FACULTAD DE CIENCIAS,Escolarizado,https://www.dgae.unam.mx/Licenciatura2025/resultados/1/10600035.html,80,970,799,104,85,006645,104,S,Seleccionado,Cita para entregar documentación.,Consultar
2025,1,Licenciatura 2025,106,10600035,FISICA,FACULTAD DE CIENCIAS,Escolarizado,https://www.dgae.unam.mx/Licenciatura2025/resultados/1/10600035.html,80,970,799,104,85,006683,65,,No seleccionado,,Consultar
2025,1,Licenciatura 2025,106,10600035,FISICA,FACULTAD DE CIENCIAS,Escolarizado,https://www.dgae.unam.mx/Licenciatura2025/resultados/1/10600035.html,80,970,799,104,85,006768,,N,No presentado,,Consultar
2025,1,Licenciatura 2025,106,10600035,FISICA,FACULTAD DE CIENCIAS,Escolarizado,https://www.dgae.unam.mx/Licenciatura2025/resultados/1/10600035.html,80,970,799,104,85,006789,36,,No seleccionado,,Consultar
2025,1,Licenciatura 2025,106,10600035,FISICA,FACULTAD DE CIENCIAS,Escolarizado,https://www.dgae.unam.mx/Licenciatura2025/resultados/1/10600035.html,80,970,799,104,85,006937,105,S,Seleccionado,Cita para entregar documentación.,Consultar
2025,1,Licenciatura 2025,106,10600035,FISICA,FACULTAD DE CIENCIAS,Escolarizado,https://www.dgae.unam.mx/Licenciatura2025/resultados/1/10600035.html,80,970,799,104,85,006975,67,,No seleccionado,,Consultar
2025,1,Licenciatura 2025,106,10600035,FISICA,FACULTAD DE CIENCIAS,Escolarizado,https://www.dgae.unam.mx/Licenciatura2025/resultados/1/10600035.html,80,970,799,104,85,006976,33,,No seleccionado,,Consultar
2025,1,Licenciatura 2025,106,10600035,FISICA,FACULTAD DE CIENCIAS,Escolarizado,https://www.dgae.unam.mx/Licenciatura2025/resultados/1/10600035.html,80,970,799,104,85,006988,81,,No seleccionado,,Consultar
2025,1,Licenciatura 2025,106,10600035,FISICA,FACULTAD DE CIENCIAS,Escolarizado,https://www.dgae.unam.mx/Licenciatura2025/resultados/1/10600035.html,80,970,799,104,85,007007,63,,No seleccionado,,Consultar
2025,1,Licenciatura 2025,106,10600035,FISICA,FACULTAD DE CIENCIAS,Escolarizado,https://www.dgae.unam.mx/Licenciatura2025/resultados/1/10600035.html,80,970,799,104,85,007075,105,S,Seleccionado,Cita para entregar documentación.,Consultar
2025,1,Licenciatura 2025,106,10600035,FISICA,FACULTAD DE CIENCIAS,Escolarizado,https://www.dgae.unam.mx/Licenciatura2025/resultados/1/10600035.html,80,970,799,104,85,007250,92,,No seleccionado,,Consultar
2025,1,Licenciatura 2025,106,10600035,FISICA,FACULTAD DE CIENCIAS,Escolarizado,https://www.dgae.unam.mx/Licenciatura2025/resultados/1/10600035.html,80,970,799,104,85,007272,86,,No seleccionado,,Consultar
2025,1,Licenciatura 2025,106,10600035,FISICA,FACULTAD DE CIENCIAS,Escolarizado,https://www.dgae.unam.mx/Licenciatura2025/resultados/1/10600035.html,80,970,799,104,85,007274,54,,No seleccionado,,Consultar
2025,1,Licenciatura 2025,106,10600035,FISICA,FACULTAD DE CIENCIAS,Escolarizado,https://www.dgae.unam.mx/Licenciatura2025/resultados/1/10600035.html,80,970,799,104,85,007456,59,,No seleccionado,,Consultar
2025,1,Licenciatura 2025,106,10600035,FISICA,FACULTAD DE CIENCIAS,Escolarizado,https://www.dgae.unam.mx/Licenciatura2025/resultados/1/10600035.html,80,970,799,104,85,007464,90,,No seleccionado,,Consultar
2025,1,Licenciatura 2025,106,10600035,FISICA,FACULTAD DE CIENCIAS,Escolarizado,https://www.dgae.unam.mx/Licenciatura2025/resultados/1/10600035.html,80,970,799,104,85,007467,27,,No seleccionado,,Consultar
2025,1,Licenciatura 2025,106,10600035,FISICA,FACULTAD DE CIENCIAS,Escolarizado,https://www.dgae.unam.mx/Licenciatura2025/resultados/1/10600035.html,80,970,799,104,85,007592,48,,No seleccionado,,Consultar
2025,1,Licenciatura 2025,106,10600035,FISICA,FACULTAD DE CIENCIAS,Escolarizado,https://www.dgae.unam.mx/Licenciatura2025/resultados/1/10600035.html,80,970,799,104,85,007621,114,S,Seleccionado,,Consultar
2025,1,Licenciatura 2025,106,10600035,FISICA,FACULTAD DE CIENCIAS,Escolarizado,https://www.dgae.unam.mx/Licenciatura2025/resultados/1/10600035.html,80,970,799,104,85,007625,102,,No seleccionado,,Consultar
2025,1,Licenciatura 2025,106,10600035,FISICA,FACULTAD DE CIENCIAS,Escolarizado,https://www.dgae.unam.mx/Licenciatura2025/resultados/1/10600035.html,80,970,799,104,85,007635,37,,No seleccionado,,Consultar
2025,1,Licenciatura 2025,106,10600035,FISICA,FACULTAD DE CIENCIAS,Escolarizado,https://www.dgae.unam.mx/Licenciatura2025/resultados/1/10600035.html,80,970,799,104,85,007661,116,S,Seleccionado,,Consultar
2025,1,Licenciatura 2025,106,10600035,FISICA,FACULTAD DE CIENCIAS,Escolarizado,https://www.dgae.unam.mx/Licenciatura2025/resultados/1/10600035.html,80,970,799,104,85,007666,93,,No seleccionado,,Consultar
2025,1,Licenciatura 2025,106,10600035,FISICA,FACULTAD DE CIENCIAS,Escolarizado,https://www.dgae.unam.mx/Licenciatura2025/resultados/1/10600035.html,80,970,799,104,85,007752,100,,No seleccionado,,Consultar
2025,1,Licenciatura 2025,106,10600035,FISICA,FACULTAD DE CIENCIAS,Escolarizado,https://www.dgae.unam.mx/Licenciatura2025/resultados/1/10600035.html,80,970,799,104,85,007818,93,,No seleccionado,,Consultar
2025,1,Licenciatura 2025,106,10600035,FISICA,FACULTAD DE CIENCIAS,Escolarizado,https://www.dgae.unam.mx/Licenciatura2025/resultados/1/10600035.html,80,970,799,104,85,007842,116,S,Seleccionado,Cita para entregar documentación.,Consultar
2025,1,Licenciatura 2025,106,10600035,FISICA,FACULTAD DE CIENCIAS,Escolarizado,https://www.dgae.unam.mx/Licenciatura2025/resultados/1/10600035.html,80,970,799,104,85,007916,66,,No seleccionado,,Consultar
2025,1,Licenciatura 2025,106,10600035,FISICA,FACULTAD DE CIENCIAS,Escolarizado,https://www.dgae.unam.mx/Licenciatura2025/resultados/1/10600035.html,80,970,799,104,85,007936,71,,No seleccionado,,Consultar
2025,1,Licenciatura 2025,106,10600035,FISICA,FACULTAD DE CIENCIAS,Escolarizado,https://www.dgae.unam.mx/Licenciatura2025/resultados/1/10600035.html,80,970,799,104,85,008011,,N,No presentado,,Consultar
2025,1,Licenciatura 2025,106,10600035,FISICA,FACULTAD DE CIENCIAS,Escolarizado,https://www.dgae.unam.mx/Licenciatura2025/resultados/1/10600035.html,80,970,799,104,85,008022,,N,No presentado,,Consultar
2025,1,Licenciatura 2025,106,10600035,FISICA,FACULTAD DE CIENCIAS,Escolarizado,https://www.dgae.unam.mx/Licenciatura2025/resultados/1/10600035.html,80,970,799,104,85,008160,53,,No seleccionado,,Consultar
2025,1,Licenciatura 2025,106,10600035,FISICA,FACULTAD DE CIENCIAS,Escolarizado,https://www.dgae.unam.mx/Licenciatura2025/resultados/1/10600035.html,80,970,799,104,85,008166,100,,No seleccionado,,Consultar
2025,1,Licenciatura 2025,106,10600035,FISICA,FACULTAD DE CIENCIAS,Escolarizado,https://www.dgae.unam.mx/Licenciatura2025/resultados/1/10600035.html,80,970,799,104,85,008378,55,,No seleccionado,,Consultar
2025,1,Licenciatura 2025,106,10600035,FISICA,FACULTAD DE CIENCIAS,Escolarizado,https://www.dgae.unam.mx/Licenciatura2025/resultados/1/10600035.html,80,970,799,104,85,008397,44,,No seleccionado,,Consultar
2025,1,Licenciatura 2025,106,10600035,FISICA,FACULTAD DE CIENCIAS,Escolarizado,https://www.dgae.unam.mx/Licenciatura2025/resultados/1/10600035.html,80,970,799,104,85,008419,39,,No seleccionado,,Consultar
2025,1,Licenciatura 2025,106,10600035,FISICA,FACULTAD DE CIENCIAS,Escolarizado,https://www.dgae.unam.mx/Licenciatura2025/resultados/1/10600035.html,80,970,799,104,85,008470,89,,No seleccionado,,Consultar
2025,1,Licenciatura 2025,106,10600035,FISICA,FACULTAD DE CIENCIAS,Escolarizado,https://www.dgae.unam.mx/Licenciatura2025/resultados/1/10600035.html,80,970,799,104,85,008472,57,,No seleccionado,,Consultar
2025,1,Licenciatura 2025,106,10600035,FISICA,FACULTAD DE CIENCIAS,Escolarizado,https://www.dgae.unam.mx/Licenciatura2025/resultados/1/10600035.html,80,970,799,104,85,008575,76,,No seleccionado,,Consultar
2025,1,Licenciatura 2025,106,10600035,FISICA,FACULTAD DE CIENCIAS,Escolarizado,https://www.dgae.unam.mx/Licenciatura2025/resultados/1/10600035.html,80,970,799,104,85,008581,43,,No seleccionado,,Consultar
2025,1,Licenciatura 2025,106,10600035,FISICA,FACULTAD DE CIENCIAS,Escolarizado,https://www.dgae.unam.mx/Licenciatura2025/resultados/1/10600035.html,80,970,799,104,85,008586,40,,No seleccionado,,Consultar
2025,1,Licenciatura 2025,106,10600035,FISICA,FACULTAD DE CIENCIAS,Escolarizado,https://www.dgae.unam.mx/Licenciatura2025/resultados/1/10600035.html,80,970,799,104,85,008620,88,,No seleccionado,,Consultar
2025,1,Licenciatura 2025,106,10600035,FISICA,FACULTAD DE CIENCIAS,Escolarizado,https://www.dgae.unam.mx/Licenciatura2025/resultados/1/10600035.html,80,970,799,104,85,008685,86,,No seleccionado,,Consultar
2025,1,Licenciatura 2025,106,10600035,FISICA,FACULTAD DE CIENCIAS,Escolarizado,https://www.dgae.unam.mx/Licenciatura2025/resultados/1/10600035.html,80,970,799,104,85,008730,49,,No seleccionado,,Consultar
2025,1,Licenciatura 2025,106,10600035,FISICA,FACULTAD DE CIENCIAS,Escolarizado,https://www.dgae.unam.mx/Licenciatura2025/resultados/1/10600035.html,80,970,799,104,85,008783,64,,No seleccionado,,Consultar
2025,1,Licenciatura 2025,106,10600035,FISICA,FACULTAD DE CIENCIAS,Escolarizado,https://www.dgae.unam.mx/Licenciatura2025/resultados/1/10600035.html,80,970,799,104,85,008786,71,,No seleccionado,,Consultar
2025,1,Licenciatura 2025,106,10600035,FISICA,FACULTAD DE CIENCIAS,Escolarizado,https://www.dgae.unam.mx/Licenciatura2025/resultados/1/10600035.html,80,970,799,104,85,008836,66,,No seleccionado,,Consultar
2025,1,Licenciatura 2025,106,10600035,FISICA,FACULTAD DE CIENCIAS,Escolarizado,https://www.dgae.unam.mx/Licenciatura2025/resultados/1/10600035.html,80,970,799,104,85,008890,86,,No seleccionado,,Consultar
2025,1,Licenciatura 2025,106,10600035,FISICA,FACULTAD DE CIENCIAS,Escolarizado,https://www.dgae.unam.mx/Licenciatura2025/resultados/1/10600035.html,80,970,799,104,85,008977,,N,No presentado,,Consultar
2025,1,Licenciatura 2025,106,10600035,FISICA,FACULTAD DE CIENCIAS,Escolarizado,https://www.dgae.unam.mx/Licenciatura2025/resultados/1/10600035.html,80,970,799,104,85,008984,96,,No seleccionado,,Consultar
2025,1,Licenciatura 2025,106,10600035,FISICA,FACULTAD DE CIENCIAS,Escolarizado,https://www.dgae.unam.mx/Licenciatura2025/resultados/1/10600035.html,80,970,799,104,85,009074,37,,No seleccionado,,Consultar
2025,1,Licenciatura 2025,106,10600035,FISICA,FACULTAD DE CIENCIAS,Escolarizado,https://www.dgae.unam.mx/Licenciatura2025/resultados/1/10600035.html,80,970,799,104,85,009091,100,,No seleccionado,,Consultar
2025,1,Licenciatura 2025,106,10600035,FISICA,FACULTAD DE CIENCIAS,Escolarizado,https://www.dgae.unam.mx/Licenciatura2025/resultados/1/10600035.html,80,970,799,104,85,009130,112,S,Seleccionado,Cita para entregar documentación.,Consultar
2025,1,Licenciatura 2025,106,10600035,FISICA,FACULTAD DE CIENCIAS,Escolarizado,https://www.dgae.unam.mx/Licenciatura2025/resultados/1/10600035.html,80,970,799,104,85,009141,73,,No seleccionado,,Consultar
2025,1,Licenciatura 2025,106,10600035,FISICA,FACULTAD DE CIENCIAS,Escolarizado,https://www.dgae.unam.mx/Licenciatura2025/resultados/1/10600035.html,80,970,799,104,85,009146,83,,No seleccionado,,Consultar
2025,1,Licenciatura 2025,106,10600035,FISICA,FACULTAD DE CIENCIAS,Escolarizado,https://www.dgae.unam.mx/Licenciatura2025/resultados/1/10600035.html,80,970,799,104,85,009154,,N,No presentado,,Consultar
2025,1,Licenciatura 2025,106,10600035,FISICA,FACULTAD DE CIENCIAS,Escolarizado,https://www.dgae.unam.mx/Licenciatura2025/resultados/1/10600035.html,80,970,799,104,85,009232,56,,No seleccionado,,Consultar
2025,1,Licenciatura 2025,106,10600035,FISICA,FACULTAD DE CIENCIAS,Escolarizado,https://www.dgae.unam.mx/Licenciatura2025/resultados/1/10600035.html,80,970,799,104,85,009249,48,,No seleccionado,,Consultar
2025,1,Licenciatura 2025,106,10600035,FISICA,FACULTAD DE CIENCIAS,Escolarizado,https://www.dgae.unam.mx/Licenciatura2025/resultados/1/10600035.html,80,970,799,104,85,009262,107,S,Seleccionado,Cita para entregar documentación.,Consultar
2025,1,Licenciatura 2025,106,10600035,FISICA,FACULTAD DE CIENCIAS,Escolarizado,https://www.dgae.unam.mx/Licenciatura2025/resultados/1/10600035.html,80,970,799,104,85,009276,,N,No presentado,,Consultar
2025,1,Licenciatura 2025,106,10600035,FISICA,FACULTAD DE CIENCIAS,Escolarizado,https://www.dgae.unam.mx/Licenciatura2025/resultados/1/10600035.html,80,970,799,104,85,009287,91,,No seleccionado,,Consultar
2025,1,Licenciatura 2025,106,10600035,FISICA,FACULTAD DE CIENCIAS,Escolarizado,https://www.dgae.unam.mx/Licenciatura2025/resultados/1/10600035.html,80,970,799,104,85,009346,45,,No seleccionado,,Consultar
2025,1,Licenciatura 2025,106,10600035,FISICA,FACULTAD DE CIENCIAS,Escolarizado,https://www.dgae.unam.mx/Licenciatura2025/resultados/1/10600035.html,80,970,799,104,85,009389,85,,No seleccionado,,Consultar
2025,1,Licenciatura 2025,106,10600035,FISICA,FACULTAD DE CIENCIAS,Escolarizado,https://www.dgae.unam.mx/Licenciatura2025/resultados/1/10600035.html,80,970,799,104,85,009418,109,S,Seleccionado,Cita para entregar documentación.,Consultar
2025,1,Licenciatura 2025,106,10600035,FISICA,FACULTAD DE CIENCIAS,Escolarizado,https://www.dgae.unam.mx/Licenciatura2025/resultados/1/10600035.html,80,970,799,104,85,009423,92,,No seleccionado,,Consultar
2025,1,Licenciatura 2025,106,10600035,FISICA,FACULTAD DE CIENCIAS,Escolarizado,https://www.dgae.unam.mx/Licenciatura2025/resultados/1/10600035.html,80,970,799,104,85,009475,,N,No presentado,,Consultar
2025,1,Licenciatura 2025,106,10600035,FISICA,FACULTAD DE CIENCIAS,Escolarizado,https://www.dgae.unam.mx/Licenciatura2025/resultados/1/10600035.html,80,970,799,104,85,009477,,N,No presentado,,Consultar
2025,1,Licenciatura 2025,106,10600035,FISICA,FACULTAD DE CIENCIAS,Escolarizado,https://www.dgae.unam.mx/Licenciatura2025/resultados/1/10600035.html,80,970,799,104,85,009503,46,,No seleccionado,,Consultar
2025,1,Licenciatura 2025,106,10600035,FISICA,FACULTAD DE CIENCIAS,Escolarizado,https://www.dgae.unam.mx/Licenciatura2025/resultados/1/10600035.html,80,970,799,104,85,009514,63,,No seleccionado,,Consultar
2025,1,Licenciatura 2025,106,10600035,FISICA,FACULTAD DE CIENCIAS,Escolarizado,https://www.dgae.unam.mx/Licenciatura2025/resultados/1/10600035.html,80,970,799,104,85,009539,,N,No presentado,,Consultar
2025,1,Licenciatura 2025,106,10600035,FISICA,FACULTAD DE CIENCIAS,Escolarizado,https://www.dgae.unam.mx/Licenciatura2025/resultados/1/10600035.html,80,970,799,104,85,009549,105,S,Seleccionado,Cita para entregar documentación.,Consultar
2025,1,Licenciatura 2025,106,10600035,FISICA,FACULTAD DE CIENCIAS,Escolarizado,https://www.dgae.unam.mx/Licenciatura2025/resultados/1/10600035.html,80,970,799,104,85,009585,53,,No seleccionado,,Consultar
2025,1,Licenciatura 2025,106,10600035,FISICA,FACULTAD DE CIENCIAS,Escolarizado,https://www.dgae.unam.mx/Licenciatura2025/resultados/1/10600035.html,80,970,799,104,85,009670,69,,No seleccionado,,Consultar
2025,1,Licenciatura 2025,106,10600035,FISICA,FACULTAD DE CIENCIAS,Escolarizado,https://www.dgae.unam.mx/Licenciatura2025/resultados/1/10600035.html,80,970,799,104,85,009678,49,,No seleccionado,,Consultar
2025,1,Licenciatura 2025,106,10600035,FISICA,FACULTAD DE CIENCIAS,Escolarizado,https://www.dgae.unam.mx/Licenciatura2025/resultados/1/10600035.html,80,970,799,104,85,009692,95,,No seleccionado,,Consultar
2025,1,Licenciatura 2025,106,10600035,FISICA,FACULTAD DE CIENCIAS,Escolarizado,https://www.dgae.unam.mx/Licenciatura2025/resultados/1/10600035.html,80,970,799,104,85,009798,61,,No seleccionado,,Consultar
2025,1,Licenciatura 2025,106,10600035,FISICA,FACULTAD DE CIENCIAS,Escolarizado,https://www.dgae.unam.mx/Licenciatura2025/resultados/1/10600035.html,80,970,799,104,85,009842,72,,No seleccionado,,Consultar
2025,1,Licenciatura 2025,106,10600035,FISICA,FACULTAD DE CIENCIAS,Escolarizado,https://www.dgae.unam.mx/Licenciatura2025/resultados/1/10600035.html,80,970,799,104,85,009903,82,,No seleccionado,,Consultar
2025,1,Licenciatura 2025,106,10600035,FISICA,FACULTAD DE CIENCIAS,Escolarizado,https://www.dgae.unam.mx/Licenciatura2025/resultados/1/10600035.html,80,970,799,104,85,009931,118,S,Seleccionado,,Consultar
2025,1,Licenciatura 2025,106,10600035,FISICA,FACULTAD DE CIENCIAS,Escolarizado,https://www.dgae.unam.mx/Licenciatura2025/resultados/1/10600035.html,80,970,799,104,85,009933,62,,No seleccionado,,Consultar
2025,1,Licenciatura 2025,106,10600035,FISICA,FACULTAD DE CIENCIAS,Escolarizado,https://www.dgae.unam.mx/Licenciatura2025/resultados/1/10600035.html,80,970,799,104,85,009942,63,,No seleccionado,,Consultar
2025,1,Licenciatura 2025,106,10600035,FISICA,FACULTAD DE CIENCIAS,Escolarizado,https://www.dgae.unam.mx/Licenciatura2025/resultados/1/10600035.html,80,970,799,104,85,009984,77,,No seleccionado,,Consultar
2025,1,Licenciatura 2025,106,10600035,FISICA,FACULTAD DE CIENCIAS,Escolarizado,https://www.dgae.unam.mx/Licenciatura2025/resultados/1/10600035.html,80,970,799,104,85,010045,93,,No seleccionado,,Consultar
2025,1,Licenciatura 2025,106,10600035,FISICA,FACULTAD DE CIENCIAS,Escolarizado,https://www.dgae.unam.mx/Licenciatura2025/resultados/1/10600035.html,80,970,799,104,85,010055,84,,No seleccionado,,Consultar
2025,1,Licenciatura 2025,106,10600035,FISICA,FACULTAD DE CIENCIAS,Escolarizado,https://www.dgae.unam.mx/Licenciatura2025/resultados/1/10600035.html,80,970,799,104,85,010088,88,,No seleccionado,,Consultar
2025,1,Licenciatura 2025,106,10600035,FISICA,FACULTAD DE CIENCIAS,Escolarizado,https://www.dgae.unam.mx/Licenciatura2025/resultados/1/10600035.html,80,970,799,104,85,010133,,N,No presentado,,Consultar
2025,1,Licenciatura 2025,106,10600035,FISICA,FACULTAD DE CIENCIAS,Escolarizado,https://www.dgae.unam.mx/Licenciatura2025/resultados/1/10600035.html,80,970,799,104,85,010340,74,,No seleccionado,,Consultar
2025,1,Licenciatura 2025,106,10600035,FISICA,FACULTAD DE CIENCIAS,Escolarizado,https://www.dgae.unam.mx/Licenciatura2025/resultados/1/10600035.html,80,970,799,104,85,010368,102,,No seleccionado,,Consultar
2025,1,Licenciatura 2025,106,10600035,FISICA,FACULTAD DE CIENCIAS,Escolarizado,https://www.dgae.unam.mx/Licenciatura2025/resultados/1/10600035.html,80,970,799,104,85,010384,92,,No seleccionado,,Consultar
2025,1,Licenciatura 2025,106,10600035,FISICA,FACULTAD DE CIENCIAS,Escolarizado,https://www.dgae.unam.mx/Licenciatura2025/resultados/1/10600035.html,80,970,799,104,85,010386,106,S,Seleccionado,Cita para entregar documentación.,Consultar
2025,1,Licenciatura 2025,106,10600035,FISICA,FACULTAD DE CIENCIAS,Escolarizado,https://www.dgae.unam.mx/Licenciatura2025/resultados/1/10600035.html,80,970,799,104,85,010414,103,,No seleccionado,,Consultar
2025,1,Licenciatura 2025,106,10600035,FISICA,FACULTAD DE CIENCIAS,Escolarizado,https://www.dgae.unam.mx/Licenciatura2025/resultados/1/10600035.html,80,970,799,104,85,010419,87,,No seleccionado,,Consultar
2025,1,Licenciatura 2025,106,10600035,FISICA,FACULTAD DE CIENCIAS,Escolarizado,https://www.dgae.unam.mx/Licenciatura2025/resultados/1/10600035.html,80,970,799,104,85,010478,65,,No seleccionado,,Consultar
2025,1,Licenciatura 2025,106,10600035,FISICA,FACULTAD DE CIENCIAS,Escolarizado,https://www.dgae.unam.mx/Licenciatura2025/resultados/1/10600035.html,80,970,799,104,85,010527,60,,No seleccionado,,Consultar
2025,1,Licenciatura 2025,106,10600035,FISICA,FACULTAD DE CIENCIAS,Escolarizado,https://www.dgae.unam.mx/Licenciatura2025/resultados/1/10600035.html,80,970,799,104,85,010557,72,,No seleccionado,,Consultar
2025,1,Licenciatura 2025,106,10600035,FISICA,FACULTAD DE CIENCIAS,Escolarizado,https://www.dgae.unam.mx/Licenciatura2025/resultados/1/10600035.html,80,970,799,104,85,010579,36,,No seleccionado,,Consultar
2025,1,Licenciatura 2025,106,10600035,FISICA,FACULTAD DE CIENCIAS,Escolarizado,https://www.dgae.unam.mx/Licenciatura2025/resultados/1/10600035.html,80,970,799,104,85,010609,55,,No seleccionado,,Consultar
2025,1,Licenciatura 2025,106,10600035,FISICA,FACULTAD DE CIENCIAS,Escolarizado,https://www.dgae.unam.mx/Licenciatura2025/resultados/1/10600035.html,80,970,799,104,85,010669,77,,No seleccionado,,Consultar
2025,1,Licenciatura 2025,106,10600035,FISICA,FACULTAD DE CIENCIAS,Escolarizado,https://www.dgae.unam.mx/Licenciatura2025/resultados/1/10600035.html,80,970,799,104,85,010725,66,,No seleccionado,,Consultar
2025,1,Licenciatura 2025,106,10600035,FISICA,FACULTAD DE CIENCIAS,Escolarizado,https://www.dgae.unam.mx/Licenciatura2025/resultados/1/10600035.html,80,970,799,104,85,010756,,N,No presentado,,Consultar
2025,1,Licenciatura 2025,106,10600035,FISICA,FACULTAD DE CIENCIAS,Escolarizado,https://www.dgae.unam.mx/Licenciatura2025/resultados/1/10600035.html,80,970,799,104,85,010768,54,,No seleccionado,,Consultar
2025,1,Licenciatura 2025,106,10600035,FISICA,FACULTAD DE CIENCIAS,Escolarizado,https://www.dgae.unam.mx/Licenciatura2025/resultados/1/10600035.html,80,970,799,104,85,010820,,N,No presentado,,Consultar
2025,1,Licenciatura 2025,106,10600035,FISICA,FACULTAD DE CIENCIAS,Escolarizado,https://www.dgae.unam.mx/Licenciatura2025/resultados/1/10600035.html,80,970,799,104,85,010829,50,,No seleccionado,,Consultar
2025,1,Licenciatura 2025,106,10600035,FISICA,FACULTAD DE CIENCIAS,Escolarizado,https://www.dgae.unam.mx/Licenciatura2025/resultados/1/10600035.html,80,970,799,104,85,010879,98,,No seleccionado,,Consultar
2025,1,Licenciatura 2025,106,10600035,FISICA,FACULTAD DE CIENCIAS,Escolarizado,https://www.dgae.unam.mx/Licenciatura2025/resultados/1/10600035.html,80,970,799,104,85,010923,68,,No seleccionado,,Consultar
2025,1,Licenciatura 2025,106,10600035,FISICA,FACULTAD DE CIENCIAS,Escolarizado,https://www.dgae.unam.mx/Licenciatura2025/resultados/1/10600035.html,80,970,799,104,85,010943,,N,No presentado,,Consultar
2025,1,Licenciatura 2025,106,10600035,FISICA,FACULTAD DE CIENCIAS,Escolarizado,https://www.dgae.unam.mx/Licenciatura2025/resultados/1/10600035.html,80,970,799,104,85,010968,73,,No seleccionado,,Consultar
2025,1,Licenciatura 2025,106,10600035,FISICA,FACULTAD DE CIENCIAS,Escolarizado,https://www.dgae.unam.mx/Licenciatura2025/resultados/1/10600035.html,80,970,799,104,85,010977,59,,No seleccionado,,Consultar
2025,1,Licenciatura 2025,106,10600035,FISICA,FACULTAD DE CIENCIAS,Escolarizado,https://www.dgae.unam.mx/Licenciatura2025/resultados/1/10600035.html,80,970,799,104,85,011007,53,,No seleccionado,,Consultar
2025,1,Licenciatura 2025,106,10600035,FISICA,FACULTAD DE CIENCIAS,Escolarizado,https://www.dgae.unam.mx/Licenciatura2025/resultados/1/10600035.html,80,970,799,104,85,011032,50,,No seleccionado,,Consultar
2025,1,Licenciatura 2025,106,10600035,FISICA,FACULTAD DE CIENCIAS,Escolarizado,https://www.dgae.unam.mx/Licenciatura2025/resultados/1/10600035.html,80,970,799,104,85,011044,51,,No seleccionado,,Consultar
2025,1,Licenciatura 2025,106,10600035,FISICA,FACULTAD DE CIENCIAS,Escolarizado,https://www.dgae.unam.mx/Licenciatura2025/resultados/1/10600035.html,80,970,799,104,85,011136,102,,No seleccionado,,Consultar
2025,1,Licenciatura 2025,106,10600035,FISICA,FACULTAD DE CIENCIAS,Escolarizado,https://www.dgae.unam.mx/Licenciatura2025/resultados/1/10600035.html,80,970,799,104,85,011170,68,,No seleccionado,,Consultar
2025,1,Licenciatura 2025,106,10600035,FISICA,FACULTAD DE CIENCIAS,Escolarizado,https://www.dgae.unam.mx/Licenciatura2025/resultados/1/10600035.html,80,970,799,104,85,011201,88,,No seleccionado,,Consultar
2025,1,Licenciatura 2025,106,10600035,FISICA,FACULTAD DE CIENCIAS,Escolarizado,https://www.dgae.unam.mx/Licenciatura2025/resultados/1/10600035.html,80,970,799,104,85,011204,76,,No seleccionado,,Consultar
2025,1,Licenciatura 2025,106,10600035,FISICA,FACULTAD DE CIENCIAS,Escolarizado,https://www.dgae.unam.mx/Licenciatura2025/resultados/1/10600035.html,80,970,799,104,85,011329,45,,No seleccionado,,Consultar
2025,1,Licenciatura 2025,106,10600035,FISICA,FACULTAD DE CIENCIAS,Escolarizado,https://www.dgae.unam.mx/Licenciatura2025/resultados/1/10600035.html,80,970,799,104,85,011345,,N,No presentado,,Consultar
2025,1,Licenciatura 2025,106,10600035,FISICA,FACULTAD DE CIENCIAS,Escolarizado,https://www.dgae.unam.mx/Licenciatura2025/resultados/1/10600035.html,80,970,799,104,85,011362,77,,No seleccionado,,Consultar
2025,1,Licenciatura 2025,106,10600035,FISICA,FACULTAD DE CIENCIAS,Escolarizado,https://www.dgae.unam.mx/Licenciatura2025/resultados/1/10600035.html,80,970,799,104,85,011369,66,,No seleccionado,,Consultar
2025,1,Licenciatura 2025,106,10600035,FISICA,FACULTAD DE CIENCIAS,Escolarizado,https://www.dgae.unam.mx/Licenciatura2025/resultados/1/10600035.html,80,970,799,104,85,011391,70,,No seleccionado,,Consultar
2025,1,Licenciatura 2025,106,10600035,FISICA,FACULTAD DE CIENCIAS,Escolarizado,https://www.dgae.unam.mx/Licenciatura2025/resultados/1/10600035.html,80,970,799,104,85,011495,85,,No seleccionado,,Consultar
2025,1,Licenciatura 2025,106,10600035,FISICA,FACULTAD DE CIENCIAS,Escolarizado,https://www.dgae.unam.mx/Licenciatura2025/resultados/1/10600035.html,80,970,799,104,85,011519,47,,No seleccionado,,Consultar
2025,1,Licenciatura 2025,106,10600035,FISICA,FACULTAD DE CIENCIAS,Escolarizado,https://www.dgae.unam.mx/Licenciatura2025/resultados/1/10600035.html,80,970,799,104,85,011562,111,S,Seleccionado,,Consultar
2025,1,Licenciatura 2025,106,10600035,FISICA,FACULTAD DE CIENCIAS,Escolarizado,https://www.dgae.unam.mx/Licenciatura2025/resultados/1/10600035.html,80,970,799,104,85,011600,51,,No seleccionado,,Consultar
2025,1,Licenciatura 2025,106,10600035,FISICA,FACULTAD DE CIENCIAS,Escolarizado,https://www.dgae.unam.mx/Licenciatura2025/resultados/1/10600035.html,80,970,799,104,85,011642,60,,No seleccionado,,Consultar
2025,1,Licenciatura 2025,106,10600035,FISICA,FACULTAD DE CIENCIAS,Escolarizado,https://www.dgae.unam.mx/Licenciatura2025/resultados/1/10600035.html,80,970,799,104,85,011667,67,,No seleccionado,,Consultar
2025,1,Licenciatura 2025,106,10600035,FISICA,FACULTAD DE CIENCIAS,Escolarizado,https://www.dgae.unam.mx/Licenciatura2025/resultados/1/10600035.html,80,970,799,104,85,011688,98,,No seleccionado,,Consultar
2025,1,Licenciatura 2025,106,10600035,FISICA,FACULTAD DE CIENCIAS,Escolarizado,https://www.dgae.unam.mx/Licenciatura2025/resultados/1/10600035.html,80,970,799,104,85,011750,38,,No seleccionado,,Consultar
2025,1,Licenciatura 2025,106,10600035,FISICA,FACULTAD DE CIENCIAS,Escolarizado,https://www.dgae.unam.mx/Licenciatura2025/resultados/1/10600035.html,80,970,799,104,85,011814,90,,No seleccionado,,Consultar
2025,1,Licenciatura 2025,106,10600035,FISICA,FACULTAD DE CIENCIAS,Escolarizado,https://www.dgae.unam.mx/Licenciatura2025/resultados/1/10600035.html,80,970,799,104,85,011829,94,,No seleccionado,,Consultar
2025,1,Licenciatura 2025,106,10600035,FISICA,FACULTAD DE CIENCIAS,Escolarizado,https://www.dgae.unam.mx/Licenciatura2025/resultados/1/10600035.html,80,970,799,104,85,011881,74,,No seleccionado,,Consultar
2025,1,Licenciatura 2025,106,10600035,FISICA,FACULTAD DE CIENCIAS,Escolarizado,https://www.dgae.unam.mx/Licenciatura2025/resultados/1/10600035.html,80,970,799,104,85,011894,107,S,Seleccionado,Cita para entregar documentación.,Consultar
2025,1,Licenciatura 2025,106,10600035,FISICA,FACULTAD DE CIENCIAS,Escolarizado,https://www.dgae.unam.mx/Licenciatura2025/resultados/1/10600035.html,80,970,799,104,85,011911,114,S,Seleccionado,Cita para entregar documentación.,Consultar
2025,1,Licenciatura 2025,106,10600035,FISICA,FACULTAD DE CIENCIAS,Escolarizado,https://www.dgae.unam.mx/Licenciatura2025/resultados/1/10600035.html,80,970,799,104,85,011935,64,,No seleccionado,,Consultar
2025,1,Licenciatura 2025,106,10600035,FISICA,FACULTAD DE CIENCIAS,Escolarizado,https://www.dgae.unam.mx/Licenciatura2025/resultados/1/10600035.html,80,970,799,104,85,011940,38,,No seleccionado,,Consultar
2025,1,Licenciatura 2025,106,10600035,FISICA,FACULTAD DE CIENCIAS,Escolarizado,https://www.dgae.unam.mx/Licenciatura2025/resultados/1/10600035.html,80,970,799,104,85,011944,66,,No seleccionado,,Consultar
2025,1,Licenciatura 2025,106,10600035,FISICA,FACULTAD DE CIENCIAS,Escolarizado,https://www.dgae.unam.mx/Licenciatura2025/resultados/1/10600035.html,80,970,799,104,85,011958,57,,No seleccionado,,Consultar
2025,1,Licenciatura 2025,106,10600035,FISICA,FACULTAD DE CIENCIAS,Escolarizado,https://www.dgae.unam.mx/Licenciatura2025/resultados/1/10600035.html,80,970,799,104,85,012069,,N,No presentado,,Consultar
2025,1,Licenciatura 2025,106,10600035,FISICA,FACULTAD DE CIENCIAS,Escolarizado,https://www.dgae.unam.mx/Licenciatura2025/resultados/1/10600035.html,80,970,799,104,85,012126,52,,No seleccionado,,Consultar
2025,1,Licenciatura 2025,106,10600035,FISICA,FACULTAD DE CIENCIAS,Escolarizado,https://www.dgae.unam.mx/Licenciatura2025/resultados/1/10600035.html,80,970,799,104,85,012171,,N,No presentado,,Consultar
2025,1,Licenciatura 2025,106,10600035,FISICA,FACULTAD DE CIENCIAS,Escolarizado,https://www.dgae.unam.mx/Licenciatura2025/resultados/1/10600035.html,80,970,799,104,85,012203,51,,No seleccionado,,Consultar
2025,1,Licenciatura 2025,106,10600035,FISICA,FACULTAD DE CIENCIAS,Escolarizado,https://www.dgae.unam.mx/Licenciatura2025/resultados/1/10600035.html,80,970,799,104,85,012243,81,,No seleccionado,,Consultar
2025,1,Licenciatura 2025,106,10600035,FISICA,FACULTAD DE CIENCIAS,Escolarizado,https://www.dgae.unam.mx/Licenciatura2025/resultados/1/10600035.html,80,970,799,104,85,012313,75,,No seleccionado,,Consultar
2025,1,Licenciatura 2025,106,10600035,FISICA,FACULTAD DE CIENCIAS,Escolarizado,https://www.dgae.unam.mx/Licenciatura2025/resultados/1/10600035.html,80,970,799,104,85,012360,39,,No seleccionado,,Consultar
2025,1,Licenciatura 2025,106,10600035,FISICA,FACULTAD DE CIENCIAS,Escolarizado,https://www.dgae.unam.mx/Licenciatura2025/resultados/1/10600035.html,80,970,799,104,85,012451,63,,No seleccionado,,Consultar
2025,1,Licenciatura 2025,106,10600035,FISICA,FACULTAD DE CIENCIAS,Escolarizado,https://www.dgae.unam.mx/Licenciatura2025/resultados/1/10600035.html,80,970,799,104,85,012480,,N,No presentado,,Consultar
2025,1,Licenciatura 2025,106,10600035,FISICA,FACULTAD DE CIENCIAS,Escolarizado,https://www.dgae.unam.mx/Licenciatura2025/resultados/1/10600035.html,80,970,799,104,85,012536,94,,No seleccionado,,Consultar
2025,1,Licenciatura 2025,106,10600035,FISICA,FACULTAD DE CIENCIAS,Escolarizado,https://www.dgae.unam.mx/Licenciatura2025/resultados/1/10600035.html,80,970,799,104,85,012568,56,,No seleccionado,,Consultar
2025,1,Licenciatura 2025,106,10600035,FISICA,FACULTAD DE CIENCIAS,Escolarizado,https://www.dgae.unam.mx/Licenciatura2025/resultados/1/10600035.html,80,970,799,104,85,012648,61,,No seleccionado,,Consultar
2025,1,Licenciatura 2025,106,10600035,FISICA,FACULTAD DE CIENCIAS,Escolarizado,https://www.dgae.unam.mx/Licenciatura2025/resultados/1/10600035.html,80,970,799,104,85,012650,93,,No seleccionado,,Consultar
2025,1,Licenciatura 2025,106,10600035,FISICA,FACULTAD DE CIENCIAS,Escolarizado,https://www.dgae.unam.mx/Licenciatura2025/resultados/1/10600035.html,80,970,799,104,85,012719,95,,No seleccionado,,Consultar
2025,1,Licenciatura 2025,106,10600035,FISICA,FACULTAD DE CIENCIAS,Escolarizado,https://www.dgae.unam.mx/Licenciatura2025/resultados/1/10600035.html,80,970,799,104,85,012902,40,,No seleccionado,,Consultar
2025,1,Licenciatura 2025,106,10600035,FISICA,FACULTAD DE CIENCIAS,Escolarizado,https://www.dgae.unam.mx/Licenciatura2025/resultados/1/10600035.html,80,970,799,104,85,012961,57,,No seleccionado,,Consultar
2025,1,Licenciatura 2025,106,10600035,FISICA,FACULTAD DE CIENCIAS,Escolarizado,https://www.dgae.unam.mx/Licenciatura2025/resultados/1/10600035.html,80,970,799,104,85,013037,,N,No presentado,,Consultar
2025,1,Licenciatura 2025,106,10600035,FISICA,FACULTAD DE CIENCIAS,Escolarizado,https://www.dgae.unam.mx/Licenciatura2025/resultados/1/10600035.html,80,970,799,104,85,013039,36,,No seleccionado,,Consultar
2025,1,Licenciatura 2025,106,10600035,FISICA,FACULTAD DE CIENCIAS,Escolarizado,https://www.dgae.unam.mx/Licenciatura2025/resultados/1/10600035.html,80,970,799,104,85,013073,33,,No seleccionado,,Consultar
2025,1,Licenciatura 2025,106,10600035,FISICA,FACULTAD DE CIENCIAS,Escolarizado,https://www.dgae.unam.mx/Licenciatura2025/resultados/1/10600035.html,80,970,799,104,85,013102,63,,No seleccionado,,Consultar
2025,1,Licenciatura 2025,106,10600035,FISICA,FACULTAD DE CIENCIAS,Escolarizado,https://www.dgae.unam.mx/Licenciatura2025/resultados/1/10600035.html,80,970,799,104,85,013326,82,,No seleccionado,,Consultar
2025,1,Licenciatura 2025,106,10600035,FISICA,FACULTAD DE CIENCIAS,Escolarizado,https://www.dgae.unam.mx/Licenciatura2025/resultados/1/10600035.html,80,970,799,104,85,013444,52,,No seleccionado,,Consultar
2025,1,Licenciatura 2025,106,10600035,FISICA,FACULTAD DE CIENCIAS,Escolarizado,https://www.dgae.unam.mx/Licenciatura2025/resultados/1/10600035.html,80,970,799,104,85,013469,63,,No seleccionado,,Consultar
2025,1,Licenciatura 2025,106,10600035,FISICA,FACULTAD DE CIENCIAS,Escolarizado,https://www.dgae.unam.mx/Licenciatura2025/resultados/1/10600035.html,80,970,799,104,85,013477,56,,No seleccionado,,Consultar
2025,1,Licenciatura 2025,106,10600035,FISICA,FACULTAD DE CIENCIAS,Escolarizado,https://www.dgae.unam.mx/Licenciatura2025/resultados/1/10600035.html,80,970,799,104,85,013481,98,,No seleccionado,,Consultar
2025,1,Licenciatura 2025,106,10600035,FISICA,FACULTAD DE CIENCIAS,Escolarizado,https://www.dgae.unam.mx/Licenciatura2025/resultados/1/10600035.html,80,970,799,104,85,013512,113,S,Seleccionado,Cita para entregar documentación.,Consultar
2025,1,Licenciatura 2025,106,10600035,FISICA,FACULTAD DE CIENCIAS,Escolarizado,https://www.dgae.unam.mx/Licenciatura2025/resultados/1/10600035.html,80,970,799,104,85,013587,70,,No seleccionado,,Consultar
2025,1,Licenciatura 2025,106,10600035,FISICA,FACULTAD DE CIENCIAS,Escolarizado,https://www.dgae.unam.mx/Licenciatura2025/resultados/1/10600035.html,80,970,799,104,85,013779,69,,No seleccionado,,Consultar
2025,1,Licenciatura 2025,106,10600035,FISICA,FACULTAD DE CIENCIAS,Escolarizado,https://www.dgae.unam.mx/Licenciatura2025/resultados/1/10600035.html,80,970,799,104,85,013814,90,,No seleccionado,,Consultar
2025,1,Licenciatura 2025,106,10600035,FISICA,FACULTAD DE CIENCIAS,Escolarizado,https://www.dgae.unam.mx/Licenciatura2025/resultados/1/10600035.html,80,970,799,104,85,013815,48,,No seleccionado,,Consultar
2025,1,Licenciatura 2025,106,10600035,FISICA,FACULTAD DE CIENCIAS,Escolarizado,https://www.dgae.unam.mx/Licenciatura2025/resultados/1/10600035.html,80,970,799,104,85,013868,51,,No seleccionado,,Consultar
2025,1,Licenciatura 2025,106,10600035,FISICA,FACULTAD DE CIENCIAS,Escolarizado,https://www.dgae.unam.mx/Licenciatura2025/resultados/1/10600035.html,80,970,799,104,85,014007,61,,No seleccionado,,Consultar
2025,1,Licenciatura 2025,106,10600035,FISICA,FACULTAD DE CIENCIAS,Escolarizado,https://www.dgae.unam.mx/Licenciatura2025/resultados/1/10600035.html,80,970,799,104,85,014069,62,,No seleccionado,,Consultar
2025,1,Licenciatura 2025,106,10600035,FISICA,FACULTAD DE CIENCIAS,Escolarizado,https://www.dgae.unam.mx/Licenciatura2025/resultados/1/10600035.html,80,970,799,104,85,014070,106,S,Seleccionado,Cita para entregar documentación.,Consultar
2025,1,Licenciatura 2025,106,10600035,FISICA,FACULTAD DE CIENCIAS,Escolarizado,https://www.dgae.unam.mx/Licenciatura2025/resultados/1/10600035.html,80,970,799,104,85,014210,,N,No presentado,,Consultar
2025,1,Licenciatura 2025,106,10600035,FISICA,FACULTAD DE CIENCIAS,Escolarizado,https://www.dgae.unam.mx/Licenciatura2025/resultados/1/10600035.html,80,970,799,104,85,014215,51,,No seleccionado,,Consultar
2025,1,Licenciatura 2025,106,10600035,FISICA,FACULTAD DE CIENCIAS,Escolarizado,https://www.dgae.unam.mx/Licenciatura2025/resultados/1/10600035.html,80,970,799,104,85,014237,78,,No seleccionado,,Consultar
2025,1,Licenciatura 2025,106,10600035,FISICA,FACULTAD DE CIENCIAS,Escolarizado,https://www.dgae.unam.mx/Licenciatura2025/resultados/1/10600035.html,80,970,799,104,85,014270,80,,No seleccionado,,Consultar
2025,1,Licenciatura 2025,106,10600035,FISICA,FACULTAD DE CIENCIAS,Escolarizado,https://www.dgae.unam.mx/Licenciatura2025/resultados/1/10600035.html,80,970,799,104,85,014298,91,,No seleccionado,,Consultar
2025,1,Licenciatura 2025,106,10600035,FISICA,FACULTAD DE CIENCIAS,Escolarizado,https://www.dgae.unam.mx/Licenciatura2025/resultados/1/10600035.html,80,970,799,104,85,014309,66,,No seleccionado,,Consultar
2025,1,Licenciatura 2025,106,10600035,FISICA,FACULTAD DE CIENCIAS,Escolarizado,https://www.dgae.unam.mx/Licenciatura2025/resultados/1/10600035.html,80,970,799,104,85,014387,73,,No seleccionado,,Consultar
2025,1,Licenciatura 2025,106,10600035,FISICA,FACULTAD DE CIENCIAS,Escolarizado,https://www.dgae.unam.mx/Licenciatura2025/resultados/1/10600035.html,80,970,799,104,85,014416,47,,No seleccionado,,Consultar
2025,1,Licenciatura 2025,106,10600035,FISICA,FACULTAD DE CIENCIAS,Escolarizado,https://www.dgae.unam.mx/Licenciatura2025/resultados/1/10600035.html,80,970,799,104,85,014444,23,,No seleccionado,,Consultar
2025,1,Licenciatura 2025,106,10600035,FISICA,FACULTAD DE CIENCIAS,Escolarizado,https://www.dgae.unam.mx/Licenciatura2025/resultados/1/10600035.html,80,970,799,104,85,014703,,N,No presentado,,Consultar
2025,1,Licenciatura 2025,106,10600035,FISICA,FACULTAD DE CIENCIAS,Escolarizado,https://www.dgae.unam.mx/Licenciatura2025/resultados/1/10600035.html,80,970,799,104,85,014769,107,S,Seleccionado,Cita para entregar documentación.,Consultar
2025,1,Licenciatura 2025,106,10600035,FISICA,FACULTAD DE CIENCIAS,Escolarizado,https://www.dgae.unam.mx/Licenciatura2025/resultados/1/10600035.html,80,970,799,104,85,014824,105,S,Seleccionado,Cita para entregar documentación.,Consultar
2025,1,Licenciatura 2025,106,10600035,FISICA,FACULTAD DE CIENCIAS,Escolarizado,https://www.dgae.unam.mx/Licenciatura2025/resultados/1/10600035.html,80,970,799,104,85,014851,65,,No seleccionado,,Consultar
2025,1,Licenciatura 2025,106,10600035,FISICA,FACULTAD DE CIENCIAS,Escolarizado,https://www.dgae.unam.mx/Licenciatura2025/resultados/1/10600035.html,80,970,799,104,85,015050,70,,No seleccionado,,Consultar
2025,1,Licenciatura 2025,106,10600035,FISICA,FACULTAD DE CIENCIAS,Escolarizado,https://www.dgae.unam.mx/Licenciatura2025/resultados/1/10600035.html,80,970,799,104,85,015064,60,,No seleccionado,,Consultar
2025,1,Licenciatura 2025,106,10600035,FISICA,FACULTAD DE CIENCIAS,Escolarizado,https://www.dgae.unam.mx/Licenciatura2025/resultados/1/10600035.html,80,970,799,104,85,015179,55,,No seleccionado,,Consultar
2025,1,Licenciatura 2025,106,10600035,FISICA,FACULTAD DE CIENCIAS,Escolarizado,https://www.dgae.unam.mx/Licenciatura2025/resultados/1/10600035.html,80,970,799,104,85,015274,103,,No seleccionado,,Consultar
2025,1,Licenciatura 2025,106,10600035,FISICA,FACULTAD DE CIENCIAS,Escolarizado,https://www.dgae.unam.mx/Licenciatura2025/resultados/1/10600035.html,80,970,799,104,85,015311,92,,No seleccionado,,Consultar
2025,1,Licenciatura 2025,106,10600035,FISICA,FACULTAD DE CIENCIAS,Escolarizado,https://www.dgae.unam.mx/Licenciatura2025/resultados/1/10600035.html,80,970,799,104,85,015472,,N,No presentado,,Consultar
2025,1,Licenciatura 2025,106,10600035,FISICA,FACULTAD DE CIENCIAS,Escolarizado,https://www.dgae.unam.mx/Licenciatura2025/resultados/1/10600035.html,80,970,799,104,85,015673,67,,No seleccionado,,Consultar
2025,1,Licenciatura 2025,106,10600035,FISICA,FACULTAD DE CIENCIAS,Escolarizado,https://www.dgae.unam.mx/Licenciatura2025/resultados/1/10600035.html,80,970,799,104,85,015674,74,,No seleccionado,,Consultar
2025,1,Licenciatura 2025,106,10600035,FISICA,FACULTAD DE CIENCIAS,Escolarizado,https://www.dgae.unam.mx/Licenciatura2025/resultados/1/10600035.html,80,970,799,104,85,015695,54,,No seleccionado,,Consultar
2025,1,Licenciatura 2025,106,10600035,FISICA,FACULTAD DE CIENCIAS,Escolarizado,https://www.dgae.unam.mx/Licenciatura2025/resultados/1/10600035.html,80,970,799,104,85,015792,,N,No presentado,,Consultar
2025,1,Licenciatura 2025,106,10600035,FISICA,FACULTAD DE CIENCIAS,Escolarizado,https://www.dgae.unam.mx/Licenciatura2025/resultados/1/10600035.html,80,970,799,104,85,015876,,N,No presentado,,Consultar
2025,1,Licenciatura 2025,106,10600035,FISICA,FACULTAD DE CIENCIAS,Escolarizado,https://www.dgae.unam.mx/Licenciatura2025/resultados/1/10600035.html,80,970,799,104,85,015902,43,,No seleccionado,,Consultar
2025,1,Licenciatura 2025,106,10600035,FISICA,FACULTAD DE CIENCIAS,Escolarizado,https://www.dgae.unam.mx/Licenciatura2025/resultados/1/10600035.html,80,970,799,104,85,015954,104,S,Seleccionado,Cita para entregar documentación.,Consultar
2025,1,Licenciatura 2025,106,10600035,FISICA,FACULTAD DE CIENCIAS,Escolarizado,https://www.dgae.unam.mx/Licenciatura2025/resultados/1/10600035.html,80,970,799,104,85,015993,89,,No seleccionado,,Consultar
2025,1,Licenciatura 2025,106,10600035,FISICA,FACULTAD DE CIENCIAS,Escolarizado,https://www.dgae.unam.mx/Licenciatura2025/resultados/1/10600035.html,80,970,799,104,85,016035,64,,No seleccionado,,Consultar
2025,1,Licenciatura 2025,106,10600035,FISICA,FACULTAD DE CIENCIAS,Escolarizado,https://www.dgae.unam.mx/Licenciatura2025/resultados/1/10600035.html,80,970,799,104,85,016133,106,S,Seleccionado,,Consultar
2025,1,Licenciatura 2025,106,10600035,FISICA,FACULTAD DE CIENCIAS,Escolarizado,https://www.dgae.unam.mx/Licenciatura2025/resultados/1/10600035.html,80,970,799,104,85,016197,,N,No presentado,,Consultar
2025,1,Licenciatura 2025,106,10600035,FISICA,FACULTAD DE CIENCIAS,Escolarizado,https://www.dgae.unam.mx/Licenciatura2025/resultados/1/10600035.html,80,970,799,104,85,016249,81,,No seleccionado,,Consultar
2025,1,Licenciatura 2025,106,10600035,FISICA,FACULTAD DE CIENCIAS,Escolarizado,https://www.dgae.unam.mx/Licenciatura2025/resultados/1/10600035.html,80,970,799,104,85,016272,75,,No seleccionado,,Consultar
2025,1,Licenciatura 2025,106,10600035,FISICA,FACULTAD DE CIENCIAS,Escolarizado,https://www.dgae.unam.mx/Licenciatura2025/resultados/1/10600035.html,80,970,799,104,85,016293,64,,No seleccionado,,Consultar
2025,1,Licenciatura 2025,106,10600035,FISICA,FACULTAD DE CIENCIAS,Escolarizado,https://www.dgae.unam.mx/Licenciatura2025/resultados/1/10600035.html,80,970,799,104,85,016359,63,,No seleccionado,,Consultar
2025,1,Licenciatura 2025,106,10600035,FISICA,FACULTAD DE CIENCIAS,Escolarizado,https://www.dgae.unam.mx/Licenciatura2025/resultados/1/10600035.html,80,970,799,104,85,016377,101,,No seleccionado,,Consultar
2025,1,Licenciatura 2025,106,10600035,FISICA,FACULTAD DE CIENCIAS,Escolarizado,https://www.dgae.unam.mx/Licenciatura2025/resultados/1/10600035.html,80,970,799,104,85,016441,,N,No presentado,,Consultar
2025,1,Licenciatura 2025,106,10600035,FISICA,FACULTAD DE CIENCIAS,Escolarizado,https://www.dgae.unam.mx/Licenciatura2025/resultados/1/10600035.html,80,970,799,104,85,016458,,N,No presentado,,Consultar
2025,1,Licenciatura 2025,106,10600035,FISICA,FACULTAD DE CIENCIAS,Escolarizado,https://www.dgae.unam.mx/Licenciatura2025/resultados/1/10600035.html,80,970,799,104,85,016503,62,,No seleccionado,,Consultar
2025,1,Licenciatura 2025,106,10600035,FISICA,FACULTAD DE CIENCIAS,Escolarizado,https://www.dgae.unam.mx/Licenciatura2025/resultados/1/10600035.html,80,970,799,104,85,016511,98,,No seleccionado,,Consultar
2025,1,Licenciatura 2025,106,10600035,FISICA,FACULTAD DE CIENCIAS,Escolarizado,https://www.dgae.unam.mx/Licenciatura2025/resultados/1/10600035.html,80,970,799,104,85,016532,107,S,Seleccionado,,Consultar
2025,1,Licenciatura 2025,106,10600035,FISICA,FACULTAD DE CIENCIAS,Escolarizado,https://www.dgae.unam.mx/Licenciatura2025/resultados/1/10600035.html,80,970,799,104,85,016534,35,,No seleccionado,,Consultar
2025,1,Licenciatura 2025,106,10600035,FISICA,FACULTAD DE CIENCIAS,Escolarizado,https://www.dgae.unam.mx/Licenciatura2025/resultados/1/10600035.html,80,970,799,104,85,016583,,N,No presentado,,Consultar
2025,1,Licenciatura 2025,106,10600035,FISICA,FACULTAD DE CIENCIAS,Escolarizado,https://www.dgae.unam.mx/Licenciatura2025/resultados/1/10600035.html,80,970,799,104,85,016740,99,,No seleccionado,,Consultar
2025,1,Licenciatura 2025,106,10600035,FISICA,FACULTAD DE CIENCIAS,Escolarizado,https://www.dgae.unam.mx/Licenciatura2025/resultados/1/10600035.html,80,970,799,104,85,016755,97,,No seleccionado,,Consultar
2025,1,Licenciatura 2025,106,10600035,FISICA,FACULTAD DE CIENCIAS,Escolarizado,https://www.dgae.unam.mx/Licenciatura2025/resultados/1/10600035.html,80,970,799,104,85,016856,114,S,Seleccionado,Cita para entregar documentación.,Consultar
2025,1,Licenciatura 2025,106,10600035,FISICA,FACULTAD DE CIENCIAS,Escolarizado,https://www.dgae.unam.mx/Licenciatura2025/resultados/1/10600035.html,80,970,799,104,85,017035,89,,No seleccionado,,Consultar
2025,1,Licenciatura 2025,106,10600035,FISICA,FACULTAD DE CIENCIAS,Escolarizado,https://www.dgae.unam.mx/Licenciatura2025/resultados/1/10600035.html,80,970,799,104,85,017146,101,,No seleccionado,,Consultar
2025,1,Licenciatura 2025,106,10600035,FISICA,FACULTAD DE CIENCIAS,Escolarizado,https://www.dgae.unam.mx/Licenciatura2025/resultados/1/10600035.html,80,970,799,104,85,017171,65,,No seleccionado,,Consultar
2025,1,Licenciatura 2025,106,10600035,FISICA,FACULTAD DE CIENCIAS,Escolarizado,https://www.dgae.unam.mx/Licenciatura2025/resultados/1/10600035.html,80,970,799,104,85,017349,98,,No seleccionado,,Consultar
2025,1,Licenciatura 2025,106,10600035,FISICA,FACULTAD DE CIENCIAS,Escolarizado,https://www.dgae.unam.mx/Licenciatura2025/resultados/1/10600035.html,80,970,799,104,85,017412,72,,No seleccionado,,Consultar
2025,1,Licenciatura 2025,106,10600035,FISICA,FACULTAD DE CIENCIAS,Escolarizado,https://www.dgae.unam.mx/Licenciatura2025/resultados/1/10600035.html,80,970,799,104,85,017429,53,,No seleccionado,,Consultar
2025,1,Licenciatura 2025,106,10600035,FISICA,FACULTAD DE CIENCIAS,Escolarizado,https://www.dgae.unam.mx/Licenciatura2025/resultados/1/10600035.html,80,970,799,104,85,017480,42,,No seleccionado,,Consultar
2025,1,Licenciatura 2025,106,10600035,FISICA,FACULTAD DE CIENCIAS,Escolarizado,https://www.dgae.unam.mx/Licenciatura2025/resultados/1/10600035.html,80,970,799,104,85,017510,56,,No seleccionado,,Consultar
2025,1,Licenciatura 2025,106,10600035,FISICA,FACULTAD DE CIENCIAS,Escolarizado,https://www.dgae.unam.mx/Licenciatura2025/resultados/1/10600035.html,80,970,799,104,85,017731,55,,No seleccionado,,Consultar
2025,1,Licenciatura 2025,106,10600035,FISICA,FACULTAD DE CIENCIAS,Escolarizado,https://www.dgae.unam.mx/Licenciatura2025/resultados/1/10600035.html,80,970,799,104,85,017733,55,,No seleccionado,,Consultar
2025,1,Licenciatura 2025,106,10600035,FISICA,FACULTAD DE CIENCIAS,Escolarizado,https://www.dgae.unam.mx/Licenciatura2025/resultados/1/10600035.html,80,970,799,104,85,017745,61,,No seleccionado,,Consultar
2025,1,Licenciatura 2025,106,10600035,FISICA,FACULTAD DE CIENCIAS,Escolarizado,https://www.dgae.unam.mx/Licenciatura2025/resultados/1/10600035.html,80,970,799,104,85,017777,43,,No seleccionado,,Consultar
2025,1,Licenciatura 2025,106,10600035,FISICA,FACULTAD DE CIENCIAS,Escolarizado,https://www.dgae.unam.mx/Licenciatura2025/resultados/1/10600035.html,80,970,799,104,85,017809,75,,No seleccionado,,Consultar
2025,1,Licenciatura 2025,106,10600035,FISICA,FACULTAD DE CIENCIAS,Escolarizado,https://www.dgae.unam.mx/Licenciatura2025/resultados/1/10600035.html,80,970,799,104,85,017833,78,,No seleccionado,,Consultar
2025,1,Licenciatura 2025,106,10600035,FISICA,FACULTAD DE CIENCIAS,Escolarizado,https://www.dgae.unam.mx/Licenciatura2025/resultados/1/10600035.html,80,970,799,104,85,017863,105,S,Seleccionado,Cita para entregar documentación.,Consultar
2025,1,Licenciatura 2025,106,10600035,FISICA,FACULTAD DE CIENCIAS,Escolarizado,https://www.dgae.unam.mx/Licenciatura2025/resultados/1/10600035.html,80,970,799,104,85,017899,29,,No seleccionado,,Consultar
2025,1,Licenciatura 2025,106,10600035,FISICA,FACULTAD DE CIENCIAS,Escolarizado,https://www.dgae.unam.mx/Licenciatura2025/resultados/1/10600035.html,80,970,799,104,85,018048,51,,No seleccionado,,Consultar
2025,1,Licenciatura 2025,106,10600035,FISICA,FACULTAD DE CIENCIAS,Escolarizado,https://www.dgae.unam.mx/Licenciatura2025/resultados/1/10600035.html,80,970,799,104,85,018070,55,,No seleccionado,,Consultar
2025,1,Licenciatura 2025,106,10600035,FISICA,FACULTAD DE CIENCIAS,Escolarizado,https://www.dgae.unam.mx/Licenciatura2025/resultados/1/10600035.html,80,970,799,104,85,018077,93,,No seleccionado,,Consultar
2025,1,Licenciatura 2025,106,10600035,FISICA,FACULTAD DE CIENCIAS,Escolarizado,https://www.dgae.unam.mx/Licenciatura2025/resultados/1/10600035.html,80,970,799,104,85,018120,,N,No presentado,,Consultar
2025,1,Licenciatura 2025,106,10600035,FISICA,FACULTAD DE CIENCIAS,Escolarizado,https://www.dgae.unam.mx/Licenciatura2025/resultados/1/10600035.html,80,970,799,104,85,018188,62,,No seleccionado,,Consultar
2025,1,Licenciatura 2025,106,10600035,FISICA,FACULTAD DE CIENCIAS,Escolarizado,https://www.dgae.unam.mx/Licenciatura2025/resultados/1/10600035.html,80,970,799,104,85,018284,76,,No seleccionado,,Consultar
2025,1,Licenciatura 2025,106,10600035,FISICA,FACULTAD DE CIENCIAS,Escolarizado,https://www.dgae.unam.mx/Licenciatura2025/resultados/1/10600035.html,80,970,799,104,85,018424,75,,No seleccionado,,Consultar
2025,1,Licenciatura 2025,106,10600035,FISICA,FACULTAD DE CIENCIAS,Escolarizado,https://www.dgae.unam.mx/Licenciatura2025/resultados/1/10600035.html,80,970,799,104,85,018437,87,,No seleccionado,,Consultar
2025,1,Licenciatura 2025,106,10600035,FISICA,FACULTAD DE CIENCIAS,Escolarizado,https://www.dgae.unam.mx/Licenciatura2025/resultados/1/10600035.html,80,970,799,104,85,018489,,N,No presentado,,Consultar
2025,1,Licenciatura 2025,106,10600035,FISICA,FACULTAD DE CIENCIAS,Escolarizado,https://www.dgae.unam.mx/Licenciatura2025/resultados/1/10600035.html,80,970,799,104,85,018542,89,,No seleccionado,,Consultar
2025,1,Licenciatura 2025,106,10600035,FISICA,FACULTAD DE CIENCIAS,Escolarizado,https://www.dgae.unam.mx/Licenciatura2025/resultados/1/10600035.html,80,970,799,104,85,018729,57,,No seleccionado,,Consultar
2025,1,Licenciatura 2025,106,10600035,FISICA,FACULTAD DE CIENCIAS,Escolarizado,https://www.dgae.unam.mx/Licenciatura2025/resultados/1/10600035.html,80,970,799,104,85,018775,103,,No seleccionado,,Consultar
2025,1,Licenciatura 2025,106,10600035,FISICA,FACULTAD DE CIENCIAS,Escolarizado,https://www.dgae.unam.mx/Licenciatura2025/resultados/1/10600035.html,80,970,799,104,85,018821,52,,No seleccionado,,Consultar
2025,1,Licenciatura 2025,106,10600035,FISICA,FACULTAD DE CIENCIAS,Escolarizado,https://www.dgae.unam.mx/Licenciatura2025/resultados/1/10600035.html,80,970,799,104,85,018891,,N,No presentado,,Consultar
2025,1,Licenciatura 2025,106,10600035,FISICA,FACULTAD DE CIENCIAS,Escolarizado,https://www.dgae.unam.mx/Licenciatura2025/resultados/1/10600035.html,80,970,799,104,85,018901,65,,No seleccionado,,Consultar
2025,1,Licenciatura 2025,106,10600035,FISICA,FACULTAD DE CIENCIAS,Escolarizado,https://www.dgae.unam.mx/Licenciatura2025/resultados/1/10600035.html,80,970,799,104,85,018935,74,,No seleccionado,,Consultar
2025,1,Licenciatura 2025,106,10600035,FISICA,FACULTAD DE CIENCIAS,Escolarizado,https://www.dgae.unam.mx/Licenciatura2025/resultados/1/10600035.html,80,970,799,104,85,018973,99,,No seleccionado,,Consultar
2025,1,Licenciatura 2025,106,10600035,FISICA,FACULTAD DE CIENCIAS,Escolarizado,https://www.dgae.unam.mx/Licenciatura2025/resultados/1/10600035.html,80,970,799,104,85,019055,,N,No presentado,,Consultar
2025,1,Licenciatura 2025,106,10600035,FISICA,FACULTAD DE CIENCIAS,Escolarizado,https://www.dgae.unam.mx/Licenciatura2025/resultados/1/10600035.html,80,970,799,104,85,019120,110,S,Seleccionado,Cita para entregar documentación.,Consultar
2025,1,Licenciatura 2025,106,10600035,FISICA,FACULTAD DE CIENCIAS,Escolarizado,https://www.dgae.unam.mx/Licenciatura2025/resultados/1/10600035.html,80,970,799,104,85,019208,40,,No seleccionado,,Consultar
2025,1,Licenciatura 2025,106,10600035,FISICA,FACULTAD DE CIENCIAS,Escolarizado,https://www.dgae.unam.mx/Licenciatura2025/resultados/1/10600035.html,80,970,799,104,85,019309,43,,No seleccionado,,Consultar
2025,1,Licenciatura 2025,106,10600035,FISICA,FACULTAD DE CIENCIAS,Escolarizado,https://www.dgae.unam.mx/Licenciatura2025/resultados/1/10600035.html,80,970,799,104,85,019454,67,,No seleccionado,,Consultar
2025,1,Licenciatura 2025,106,10600035,FISICA,FACULTAD DE CIENCIAS,Escolarizado,https://www.dgae.unam.mx/Licenciatura2025/resultados/1/10600035.html,80,970,799,104,85,019481,74,,No seleccionado,,Consultar
2025,1,Licenciatura 2025,106,10600035,FISICA,FACULTAD DE CIENCIAS,Escolarizado,https://www.dgae.unam.mx/Licenciatura2025/resultados/1/10600035.html,80,970,799,104,85,019485,34,,No seleccionado,,Consultar
2025,1,Licenciatura 2025,106,10600035,FISICA,FACULTAD DE CIENCIAS,Escolarizado,https://www.dgae.unam.mx/Licenciatura2025/resultados/1/10600035.html,80,970,799,104,85,019624,,N,No presentado,,Consultar
2025,1,Licenciatura 2025,106,10600035,FISICA,FACULTAD DE CIENCIAS,Escolarizado,https://www.dgae.unam.mx/Licenciatura2025/resultados/1/10600035.html,80,970,799,104,85,019724,,N,No presentado,,Consultar
2025,1,Licenciatura 2025,106,10600035,FISICA,FACULTAD DE CIENCIAS,Escolarizado,https://www.dgae.unam.mx/Licenciatura2025/resultados/1/10600035.html,80,970,799,104,85,019763,,N,No presentado,,Consultar
2025,1,Licenciatura 2025,106,10600035,FISICA,FACULTAD DE CIENCIAS,Escolarizado,https://www.dgae.unam.mx/Licenciatura2025/resultados/1/10600035.html,80,970,799,104,85,019838,74,,No seleccionado,,Consultar
2025,1,Licenciatura 2025,106,10600035,FISICA,FACULTAD DE CIENCIAS,Escolarizado,https://www.dgae.unam.mx/Licenciatura2025/resultados/1/10600035.html,80,970,799,104,85,019879,98,,No seleccionado,,Consultar
2025,1,Licenciatura 2025,106,10600035,FISICA,FACULTAD DE CIENCIAS,Escolarizado,https://www.dgae.unam.mx/Licenciatura2025/resultados/1/10600035.html,80,970,799,104,85,019890,74,,No seleccionado,,Consultar
2025,1,Licenciatura 2025,106,10600035,FISICA,FACULTAD DE CIENCIAS,Escolarizado,https://www.dgae.unam.mx/Licenciatura2025/resultados/1/10600035.html,80,970,799,104,85,019891,64,,No seleccionado,,Consultar
2025,1,Licenciatura 2025,106,10600035,FISICA,FACULTAD DE CIENCIAS,Escolarizado,https://www.dgae.unam.mx/Licenciatura2025/resultados/1/10600035.html,80,970,799,104,85,019945,55,,No seleccionado,,Consultar
2025,1,Licenciatura 2025,106,10600035,FISICA,FACULTAD DE CIENCIAS,Escolarizado,https://www.dgae.unam.mx/Licenciatura2025/resultados/1/10600035.html,80,970,799,104,85,019957,90,,No seleccionado,,Consultar
2025,1,Licenciatura 2025,106,10600035,FISICA,FACULTAD DE CIENCIAS,Escolarizado,https://www.dgae.unam.mx/Licenciatura2025/resultados/1/10600035.html,80,970,799,104,85,019958,34,,No seleccionado,,Consultar
2025,1,Licenciatura 2025,106,10600035,FISICA,FACULTAD DE CIENCIAS,Escolarizado,https://www.dgae.unam.mx/Licenciatura2025/resultados/1/10600035.html,80,970,799,104,85,020014,93,,No seleccionado,,Consultar
2025,1,Licenciatura 2025,106,10600035,FISICA,FACULTAD DE CIENCIAS,Escolarizado,https://www.dgae.unam.mx/Licenciatura2025/resultados/1/10600035.html,80,970,799,104,85,020042,109,S,Seleccionado,Cita para entregar documentación.,Consultar
2025,1,Licenciatura 2025,106,10600035,FISICA,FACULTAD DE CIENCIAS,Escolarizado,https://www.dgae.unam.mx/Licenciatura2025/resultados/1/10600035.html,80,970,799,104,85,020091,89,,No seleccionado,,Consultar
2025,1,Licenciatura 2025,106,10600035,FISICA,FACULTAD DE CIENCIAS,Escolarizado,https://www.dgae.unam.mx/Licenciatura2025/resultados/1/10600035.html,80,970,799,104,85,020262,60,,No seleccionado,,Consultar
2025,1,Licenciatura 2025,106,10600035,FISICA,FACULTAD DE CIENCIAS,Escolarizado,https://www.dgae.unam.mx/Licenciatura2025/resultados/1/10600035.html,80,970,799,104,85,020291,39,,No seleccionado,,Consultar
2025,1,Licenciatura 2025,106,10600035,FISICA,FACULTAD DE CIENCIAS,Escolarizado,https://www.dgae.unam.mx/Licenciatura2025/resultados/1/10600035.html,80,970,799,104,85,020352,,N,No presentado,,Consultar
2025,1,Licenciatura 2025,106,10600035,FISICA,FACULTAD DE CIENCIAS,Escolarizado,https://www.dgae.unam.mx/Licenciatura2025/resultados/1/10600035.html,80,970,799,104,85,020367,56,,No seleccionado,,Consultar
2025,1,Licenciatura 2025,106,10600035,FISICA,FACULTAD DE CIENCIAS,Escolarizado,https://www.dgae.unam.mx/Licenciatura2025/resultados/1/10600035.html,80,970,799,104,85,020409,,N,No presentado,,Consultar
2025,1,Licenciatura 2025,106,10600035,FISICA,FACULTAD DE CIENCIAS,Escolarizado,https://www.dgae.unam.mx/Licenciatura2025/resultados/1/10600035.html,80,970,799,104,85,020785,62,,No seleccionado,,Consultar
2025,1,Licenciatura 2025,106,10600035,FISICA,FACULTAD DE CIENCIAS,Escolarizado,https://www.dgae.unam.mx/Licenciatura2025/resultados/1/10600035.html,80,970,799,104,85,020827,83,,No seleccionado,,Consultar
2025,1,Licenciatura 2025,106,10600035,FISICA,FACULTAD DE CIENCIAS,Escolarizado,https://www.dgae.unam.mx/Licenciatura2025/resultados/1/10600035.html,80,970,799,104,85,020836,66,,No seleccionado,,Consultar
2025,1,Licenciatura 2025,106,10600035,FISICA,FACULTAD DE CIENCIAS,Escolarizado,https://www.dgae.unam.mx/Licenciatura2025/resultados/1/10600035.html,80,970,799,104,85,020918,,N,No presentado,,Consultar
2025,1,Licenciatura 2025,106,10600035,FISICA,FACULTAD DE CIENCIAS,Escolarizado,https://www.dgae.unam.mx/Licenciatura2025/resultados/1/10600035.html,80,970,799,104,85,020991,84,,No seleccionado,,Consultar
2025,1,Licenciatura 2025,106,10600035,FISICA,FACULTAD DE CIENCIAS,Escolarizado,https://www.dgae.unam.mx/Licenciatura2025/resultados/1/10600035.html,80,970,799,104,85,021010,95,,No seleccionado,,Consultar
2025,1,Licenciatura 2025,106,10600035,FISICA,FACULTAD DE CIENCIAS,Escolarizado,https://www.dgae.unam.mx/Licenciatura2025/resultados/1/10600035.html,80,970,799,104,85,021014,117,S,Seleccionado,Cita para entregar documentación.,Consultar
2025,1,Licenciatura 2025,106,10600035,FISICA,FACULTAD DE CIENCIAS,Escolarizado,https://www.dgae.unam.mx/Licenciatura2025/resultados/1/10600035.html,80,970,799,104,85,021211,,N,No presentado,,Consultar
2025,1,Licenciatura 2025,106,10600035,FISICA,FACULTAD DE CIENCIAS,Escolarizado,https://www.dgae.unam.mx/Licenciatura2025/resultados/1/10600035.html,80,970,799,104,85,021258,,N,No presentado,,Consultar
2025,1,Licenciatura 2025,106,10600035,FISICA,FACULTAD DE CIENCIAS,Escolarizado,https://www.dgae.unam.mx/Licenciatura2025/resultados/1/10600035.html,80,970,799,104,85,021309,82,,No seleccionado,,Consultar
2025,1,Licenciatura 2025,106,10600035,FISICA,FACULTAD DE CIENCIAS,Escolarizado,https://www.dgae.unam.mx/Licenciatura2025/resultados/1/10600035.html,80,970,799,104,85,021349,52,,No seleccionado,,Consultar
2025,1,Licenciatura 2025,106,10600035,FISICA,FACULTAD DE CIENCIAS,Escolarizado,https://www.dgae.unam.mx/Licenciatura2025/resultados/1/10600035.html,80,970,799,104,85,021437,75,,No seleccionado,,Consultar
2025,1,Licenciatura 2025,106,10600035,FISICA,FACULTAD DE CIENCIAS,Escolarizado,https://www.dgae.unam.mx/Licenciatura2025/resultados/1/10600035.html,80,970,799,104,85,021493,,N,No presentado,,Consultar
2025,1,Licenciatura 2025,106,10600035,FISICA,FACULTAD DE CIENCIAS,Escolarizado,https://www.dgae.unam.mx/Licenciatura2025/resultados/1/10600035.html,80,970,799,104,85,021637,,,No seleccionado,Cita para aclarar situación escolar.,Consultar
2025,1,Licenciatura 2025,106,10600035,FISICA,FACULTAD DE CIENCIAS,Escolarizado,https://www.dgae.unam.mx/Licenciatura2025/resultados/1/10600035.html,80,970,799,104,85,021654,70,,No seleccionado,,Consultar
2025,1,Licenciatura 2025,106,10600035,FISICA,FACULTAD DE CIENCIAS,Escolarizado,https://www.dgae.unam.mx/Licenciatura2025/resultados/1/10600035.html,80,970,799,104,85,021665,,N,No presentado,,Consultar
2025,1,Licenciatura 2025,106,10600035,FISICA,FACULTAD DE CIENCIAS,Escolarizado,https://www.dgae.unam.mx/Licenciatura2025/resultados/1/10600035.html,80,970,799,104,85,021669,93,,No seleccionado,,Consultar
2025,1,Licenciatura 2025,106,10600035,FISICA,FACULTAD DE CIENCIAS,Escolarizado,https://www.dgae.unam.mx/Licenciatura2025/resultados/1/10600035.html,80,970,799,104,85,021674,85,,No seleccionado,,Consultar
2025,1,Licenciatura 2025,106,10600035,FISICA,FACULTAD DE CIENCIAS,Escolarizado,https://www.dgae.unam.mx/Licenciatura2025/resultados/1/10600035.html,80,970,799,104,85,021683,80,,No seleccionado,,Consultar
2025,1,Licenciatura 2025,106,10600035,FISICA,FACULTAD DE CIENCIAS,Escolarizado,https://www.dgae.unam.mx/Licenciatura2025/resultados/1/10600035.html,80,970,799,104,85,021730,99,,No seleccionado,,Consultar
2025,1,Licenciatura 2025,106,10600035,FISICA,FACULTAD DE CIENCIAS,Escolarizado,https://www.dgae.unam.mx/Licenciatura2025/resultados/1/10600035.html,80,970,799,104,85,021750,42,,No seleccionado,,Consultar
2025,1,Licenciatura 2025,106,10600035,FISICA,FACULTAD DE CIENCIAS,Escolarizado,https://www.dgae.unam.mx/Licenciatura2025/resultados/1/10600035.html,80,970,799,104,85,021860,106,S,Seleccionado,Cita para entregar documentación.,Consultar
2025,1,Licenciatura 2025,106,10600035,FISICA,FACULTAD DE CIENCIAS,Escolarizado,https://www.dgae.unam.mx/Licenciatura2025/resultados/1/10600035.html,80,970,799,104,85,021882,,N,No presentado,,Consultar
2025,1,Licenciatura 2025,106,10600035,FISICA,FACULTAD DE CIENCIAS,Escolarizado,https://www.dgae.unam.mx/Licenciatura2025/resultados/1/10600035.html,80,970,799,104,85,021911,75,,No seleccionado,,Consultar
2025,1,Licenciatura 2025,106,10600035,FISICA,FACULTAD DE CIENCIAS,Escolarizado,https://www.dgae.unam.mx/Licenciatura2025/resultados/1/10600035.html,80,970,799,104,85,021958,47,,No seleccionado,,Consultar
2025,1,Licenciatura 2025,106,10600035,FISICA,FACULTAD DE CIENCIAS,Escolarizado,https://www.dgae.unam.mx/Licenciatura2025/resultados/1/10600035.html,80,970,799,104,85,022039,60,,No seleccionado,,Consultar
2025,1,Licenciatura 2025,106,10600035,FISICA,FACULTAD DE CIENCIAS,Escolarizado,https://www.dgae.unam.mx/Licenciatura2025/resultados/1/10600035.html,80,970,799,104,85,022042,88,,No seleccionado,,Consultar
2025,1,Licenciatura 2025,106,10600035,FISICA,FACULTAD DE CIENCIAS,Escolarizado,https://www.dgae.unam.mx/Licenciatura2025/resultados/1/10600035.html,80,970,799,104,85,022044,48,,No seleccionado,,Consultar
2025,1,Licenciatura 2025,106,10600035,FISICA,FACULTAD DE CIENCIAS,Escolarizado,https://www.dgae.unam.mx/Licenciatura2025/resultados/1/10600035.html,80,970,799,104,85,022057,,N,No presentado,,Consultar
2025,1,Licenciatura 2025,106,10600035,FISICA,FACULTAD DE CIENCIAS,Escolarizado,https://www.dgae.unam.mx/Licenciatura2025/resultados/1/10600035.html,80,970,799,104,85,022131,115,S,Seleccionado,Cita para entregar documentación.,Consultar
2025,1,Licenciatura 2025,106,10600035,FISICA,FACULTAD DE CIENCIAS,Escolarizado,https://www.dgae.unam.mx/Licenciatura2025/resultados/1/10600035.html,80,970,799,104,85,022205,50,,No seleccionado,,Consultar
2025,1,Licenciatura 2025,106,10600035,FISICA,FACULTAD DE CIENCIAS,Escolarizado,https://www.dgae.unam.mx/Licenciatura2025/resultados/1/10600035.html,80,970,799,104,85,022281,90,,No seleccionado,,Consultar
2025,1,Licenciatura 2025,106,10600035,FISICA,FACULTAD DE CIENCIAS,Escolarizado,https://www.dgae.unam.mx/Licenciatura2025/resultados/1/10600035.html,80,970,799,104,85,022393,51,,No seleccionado,,Consultar
2025,1,Licenciatura 2025,106,10600035,FISICA,FACULTAD DE CIENCIAS,Escolarizado,https://www.dgae.unam.mx/Licenciatura2025/resultados/1/10600035.html,80,970,799,104,85,022432,,N,No presentado,,Consultar
2025,1,Licenciatura 2025,106,10600035,FISICA,FACULTAD DE CIENCIAS,Escolarizado,https://www.dgae.unam.mx/Licenciatura2025/resultados/1/10600035.html,80,970,799,104,85,022465,73,,No seleccionado,,Consultar
2025,1,Licenciatura 2025,106,10600035,FISICA,FACULTAD DE CIENCIAS,Escolarizado,https://www.dgae.unam.mx/Licenciatura2025/resultados/1/10600035.html,80,970,799,104,85,022505,90,,No seleccionado,,Consultar
2025,1,Licenciatura 2025,106,10600035,FISICA,FACULTAD DE CIENCIAS,Escolarizado,https://www.dgae.unam.mx/Licenciatura2025/resultados/1/10600035.html,80,970,799,104,85,022569,100,,No seleccionado,,Consultar
2025,1,Licenciatura 2025,106,10600035,FISICA,FACULTAD DE CIENCIAS,Escolarizado,https://www.dgae.unam.mx/Licenciatura2025/resultados/1/10600035.html,80,970,799,104,85,022641,107,S,Seleccionado,Cita para entregar documentación.,Consultar
2025,1,Licenciatura 2025,106,10600035,FISICA,FACULTAD DE CIENCIAS,Escolarizado,https://www.dgae.unam.mx/Licenciatura2025/resultados/1/10600035.html,80,970,799,104,85,022668,98,,No seleccionado,,Consultar
2025,1,Licenciatura 2025,106,10600035,FISICA,FACULTAD DE CIENCIAS,Escolarizado,https://www.dgae.unam.mx/Licenciatura2025/resultados/1/10600035.html,80,970,799,104,85,022796,70,,No seleccionado,,Consultar
2025,1,Licenciatura 2025,106,10600035,FISICA,FACULTAD DE CIENCIAS,Escolarizado,https://www.dgae.unam.mx/Licenciatura2025/resultados/1/10600035.html,80,970,799,104,85,022797,71,,No seleccionado,,Consultar
2025,1,Licenciatura 2025,106,10600035,FISICA,FACULTAD DE CIENCIAS,Escolarizado,https://www.dgae.unam.mx/Licenciatura2025/resultados/1/10600035.html,80,970,799,104,85,022932,71,,No seleccionado,,Consultar
2025,1,Licenciatura 2025,106,10600035,FISICA,FACULTAD DE CIENCIAS,Escolarizado,https://www.dgae.unam.mx/Licenciatura2025/resultados/1/10600035.html,80,970,799,104,85,022975,67,,No seleccionado,,Consultar
2025,1,Licenciatura 2025,106,10600035,FISICA,FACULTAD DE CIENCIAS,Escolarizado,https://www.dgae.unam.mx/Licenciatura2025/resultados/1/10600035.html,80,970,799,104,85,023021,,N,No presentado,,Consultar
2025,1,Licenciatura 2025,106,10600035,FISICA,FACULTAD DE CIENCIAS,Escolarizado,https://www.dgae.unam.mx/Licenciatura2025/resultados/1/10600035.html,80,970,799,104,85,023044,55,,No seleccionado,,Consultar
2025,1,Licenciatura 2025,106,10600035,FISICA,FACULTAD DE CIENCIAS,Escolarizado,https://www.dgae.unam.mx/Licenciatura2025/resultados/1/10600035.html,80,970,799,104,85,023062,68,,No seleccionado,,Consultar
2025,1,Licenciatura 2025,106,10600035,FISICA,FACULTAD DE CIENCIAS,Escolarizado,https://www.dgae.unam.mx/Licenciatura2025/resultados/1/10600035.html,80,970,799,104,85,023124,,N,No presentado,,Consultar
2025,1,Licenciatura 2025,106,10600035,FISICA,FACULTAD DE CIENCIAS,Escolarizado,https://www.dgae.unam.mx/Licenciatura2025/resultados/1/10600035.html,80,970,799,104,85,023167,56,,No seleccionado,,Consultar
2025,1,Licenciatura 2025,106,10600035,FISICA,FACULTAD DE CIENCIAS,Escolarizado,https://www.dgae.unam.mx/Licenciatura2025/resultados/1/10600035.html,80,970,799,104,85,023252,57,,No seleccionado,,Consultar
2025,1,Licenciatura 2025,106,10600035,FISICA,FACULTAD DE CIENCIAS,Escolarizado,https://www.dgae.unam.mx/Licenciatura2025/resultados/1/10600035.html,80,970,799,104,85,023267,51,,No seleccionado,,Consultar
2025,1,Licenciatura 2025,106,10600035,FISICA,FACULTAD DE CIENCIAS,Escolarizado,https://www.dgae.unam.mx/Licenciatura2025/resultados/1/10600035.html,80,970,799,104,85,023368,102,,No seleccionado,,Consultar
2025,1,Licenciatura 2025,106,10600035,FISICA,FACULTAD DE CIENCIAS,Escolarizado,https://www.dgae.unam.mx/Licenciatura2025/resultados/1/10600035.html,80,970,799,104,85,023825,55,,No seleccionado,,Consultar
2025,1,Licenciatura 2025,106,10600035,FISICA,FACULTAD DE CIENCIAS,Escolarizado,https://www.dgae.unam.mx/Licenciatura2025/resultados/1/10600035.html,80,970,799,104,85,023828,86,,No seleccionado,,Consultar
2025,1,Licenciatura 2025,106,10600035,FISICA,FACULTAD DE CIENCIAS,Escolarizado,https://www.dgae.unam.mx/Licenciatura2025/resultados/1/10600035.html,80,970,799,104,85,023835,79,,No seleccionado,,Consultar
2025,1,Licenciatura 2025,106,10600035,FISICA,FACULTAD DE CIENCIAS,Escolarizado,https://www.dgae.unam.mx/Licenciatura2025/resultados/1/10600035.html,80,970,799,104,85,023854,73,,No seleccionado,,Consultar
2025,1,Licenciatura 2025,106,10600035,FISICA,FACULTAD DE CIENCIAS,Escolarizado,https://www.dgae.unam.mx/Licenciatura2025/resultados/1/10600035.html,80,970,799,104,85,023903,70,,No seleccionado,,Consultar
2025,1,Licenciatura 2025,106,10600035,FISICA,FACULTAD DE CIENCIAS,Escolarizado,https://www.dgae.unam.mx/Licenciatura2025/resultados/1/10600035.html,80,970,799,104,85,023993,115,S,Seleccionado,,Consultar
2025,1,Licenciatura 2025,106,10600035,FISICA,FACULTAD DE CIENCIAS,Escolarizado,https://www.dgae.unam.mx/Licenciatura2025/resultados/1/10600035.html,80,970,799,104,85,024026,103,,No seleccionado,,Consultar
2025,1,Licenciatura 2025,106,10600035,FISICA,FACULTAD DE CIENCIAS,Escolarizado,https://www.dgae.unam.mx/Licenciatura2025/resultados/1/10600035.html,80,970,799,104,85,024029,74,,No seleccionado,,Consultar
2025,1,Licenciatura 2025,106,10600035,FISICA,FACULTAD DE CIENCIAS,Escolarizado,https://www.dgae.unam.mx/Licenciatura2025/resultados/1/10600035.html,80,970,799,104,85,024070,112,S,Seleccionado,,Consultar
2025,1,Licenciatura 2025,106,10600035,FISICA,FACULTAD DE CIENCIAS,Escolarizado,https://www.dgae.unam.mx/Licenciatura2025/resultados/1/10600035.html,80,970,799,104,85,024075,75,,No seleccionado,,Consultar
2025,1,Licenciatura 2025,106,10600035,FISICA,FACULTAD DE CIENCIAS,Escolarizado,https://www.dgae.unam.mx/Licenciatura2025/resultados/1/10600035.html,80,970,799,104,85,024132,51,,No seleccionado,,Consultar
2025,1,Licenciatura 2025,106,10600035,FISICA,FACULTAD DE CIENCIAS,Escolarizado,https://www.dgae.unam.mx/Licenciatura2025/resultados/1/10600035.html,80,970,799,104,85,024148,49,,No seleccionado,,Consultar
2025,1,Licenciatura 2025,106,10600035,FISICA,FACULTAD DE CIENCIAS,Escolarizado,https://www.dgae.unam.mx/Licenciatura2025/resultados/1/10600035.html,80,970,799,104,85,024168,78,,No seleccionado,,Consultar
2025,1,Licenciatura 2025,106,10600035,FISICA,FACULTAD DE CIENCIAS,Escolarizado,https://www.dgae.unam.mx/Licenciatura2025/resultados/1/10600035.html,80,970,799,104,85,024193,96,,No seleccionado,,Consultar
2025,1,Licenciatura 2025,106,10600035,FISICA,FACULTAD DE CIENCIAS,Escolarizado,https://www.dgae.unam.mx/Licenciatura2025/resultados/1/10600035.html,80,970,799,104,85,024209,69,,No seleccionado,,Consultar
2025,1,Licenciatura 2025,106,10600035,FISICA,FACULTAD DE CIENCIAS,Escolarizado,https://www.dgae.unam.mx/Licenciatura2025/resultados/1/10600035.html,80,970,799,104,85,024238,,N,No presentado,,Consultar
2025,1,Licenciatura 2025,106,10600035,FISICA,FACULTAD DE CIENCIAS,Escolarizado,https://www.dgae.unam.mx/Licenciatura2025/resultados/1/10600035.html,80,970,799,104,85,024250,78,,No seleccionado,,Consultar
2025,1,Licenciatura 2025,106,10600035,FISICA,FACULTAD DE CIENCIAS,Escolarizado,https://www.dgae.unam.mx/Licenciatura2025/resultados/1/10600035.html,80,970,799,104,85,024254,94,,No seleccionado,,Consultar
2025,1,Licenciatura 2025,106,10600035,FISICA,FACULTAD DE CIENCIAS,Escolarizado,https://www.dgae.unam.mx/Licenciatura2025/resultados/1/10600035.html,80,970,799,104,85,024319,42,,No seleccionado,,Consultar
2025,1,Licenciatura 2025,106,10600035,FISICA,FACULTAD DE CIENCIAS,Escolarizado,https://www.dgae.unam.mx/Licenciatura2025/resultados/1/10600035.html,80,970,799,104,85,024320,,N,No presentado,,Consultar
2025,1,Licenciatura 2025,106,10600035,FISICA,FACULTAD DE CIENCIAS,Escolarizado,https://www.dgae.unam.mx/Licenciatura2025/resultados/1/10600035.html,80,970,799,104,85,024409,90,,No seleccionado,,Consultar
2025,1,Licenciatura 2025,106,10600035,FISICA,FACULTAD DE CIENCIAS,Escolarizado,https://www.dgae.unam.mx/Licenciatura2025/resultados/1/10600035.html,80,970,799,104,85,024419,53,,No seleccionado,,Consultar
2025,1,Licenciatura 2025,106,10600035,FISICA,FACULTAD DE CIENCIAS,Escolarizado,https://www.dgae.unam.mx/Licenciatura2025/resultados/1/10600035.html,80,970,799,104,85,024432,53,,No seleccionado,,Consultar
2025,1,Licenciatura 2025,106,10600035,FISICA,FACULTAD DE CIENCIAS,Escolarizado,https://www.dgae.unam.mx/Licenciatura2025/resultados/1/10600035.html,80,970,799,104,85,024513,58,,No seleccionado,,Consultar
2025,1,Licenciatura 2025,106,10600035,FISICA,FACULTAD DE CIENCIAS,Escolarizado,https://www.dgae.unam.mx/Licenciatura2025/resultados/1/10600035.html,80,970,799,104,85,024558,86,,No seleccionado,,Consultar
2025,1,Licenciatura 2025,106,10600035,FISICA,FACULTAD DE CIENCIAS,Escolarizado,https://www.dgae.unam.mx/Licenciatura2025/resultados/1/10600035.html,80,970,799,104,85,024590,84,,No seleccionado,,Consultar
2025,1,Licenciatura 2025,106,10600035,FISICA,FACULTAD DE CIENCIAS,Escolarizado,https://www.dgae.unam.mx/Licenciatura2025/resultados/1/10600035.html,80,970,799,104,85,024616,47,,No seleccionado,,Consultar
2025,1,Licenciatura 2025,106,10600035,FISICA,FACULTAD DE CIENCIAS,Escolarizado,https://www.dgae.unam.mx/Licenciatura2025/resultados/1/10600035.html,80,970,799,104,85,024622,102,,No seleccionado,,Consultar
2025,1,Licenciatura 2025,106,10600035,FISICA,FACULTAD DE CIENCIAS,Escolarizado,https://www.dgae.unam.mx/Licenciatura2025/resultados/1/10600035.html,80,970,799,104,85,024671,61,,No seleccionado,,Consultar
2025,1,Licenciatura 2025,106,10600035,FISICA,FACULTAD DE CIENCIAS,Escolarizado,https://www.dgae.unam.mx/Licenciatura2025/resultados/1/10600035.html,80,970,799,104,85,024757,67,,No seleccionado,,Consultar
2025,1,Licenciatura 2025,106,10600035,FISICA,FACULTAD DE CIENCIAS,Escolarizado,https://www.dgae.unam.mx/Licenciatura2025/resultados/1/10600035.html,80,970,799,104,85,024867,92,,No seleccionado,,Consultar
2025,1,Licenciatura 2025,106,10600035,FISICA,FACULTAD DE CIENCIAS,Escolarizado,https://www.dgae.unam.mx/Licenciatura2025/resultados/1/10600035.html,80,970,799,104,85,024896,51,,No seleccionado,,Consultar
2025,1,Licenciatura 2025,106,10600035,FISICA,FACULTAD DE CIENCIAS,Escolarizado,https://www.dgae.unam.mx/Licenciatura2025/resultados/1/10600035.html,80,970,799,104,85,024927,36,,No seleccionado,,Consultar
2025,1,Licenciatura 2025,106,10600035,FISICA,FACULTAD DE CIENCIAS,Escolarizado,https://www.dgae.unam.mx/Licenciatura2025/resultados/1/10600035.html,80,970,799,104,85,025062,,N,No presentado,,Consultar
2025,1,Licenciatura 2025,106,10600035,FISICA,FACULTAD DE CIENCIAS,Escolarizado,https://www.dgae.unam.mx/Licenciatura2025/resultados/1/10600035.html,80,970,799,104,85,025079,93,,No seleccionado,,Consultar
2025,1,Licenciatura 2025,106,10600035,FISICA,FACULTAD DE CIENCIAS,Escolarizado,https://www.dgae.unam.mx/Licenciatura2025/resultados/1/10600035.html,80,970,799,104,85,025138,43,,No seleccionado,,Consultar
2025,1,Licenciatura 2025,106,10600035,FISICA,FACULTAD DE CIENCIAS,Escolarizado,https://www.dgae.unam.mx/Licenciatura2025/resultados/1/10600035.html,80,970,799,104,85,025141,43,,No seleccionado,,Consultar
2025,1,Licenciatura 2025,106,10600035,FISICA,FACULTAD DE CIENCIAS,Escolarizado,https://www.dgae.unam.mx/Licenciatura2025/resultados/1/10600035.html,80,970,799,104,85,025155,44,,No seleccionado,,Consultar
2025,1,Licenciatura 2025,106,10600035,FISICA,FACULTAD DE CIENCIAS,Escolarizado,https://www.dgae.unam.mx/Licenciatura2025/resultados/1/10600035.html,80,970,799,104,85,025204,52,,No seleccionado,,Consultar
2025,1,Licenciatura 2025,106,10600035,FISICA,FACULTAD DE CIENCIAS,Escolarizado,https://www.dgae.unam.mx/Licenciatura2025/resultados/1/10600035.html,80,970,799,104,85,025220,61,,No seleccionado,,Consultar
2025,1,Licenciatura 2025,106,10600035,FISICA,FACULTAD DE CIENCIAS,Escolarizado,https://www.dgae.unam.mx/Licenciatura2025/resultados/1/10600035.html,80,970,799,104,85,025268,74,,No seleccionado,,Consultar
2025,1,Licenciatura 2025,106,10600035,FISICA,FACULTAD DE CIENCIAS,Escolarizado,https://www.dgae.unam.mx/Licenciatura2025/resultados/1/10600035.html,80,970,799,104,85,025328,80,,No seleccionado,,Consultar
2025,1,Licenciatura 2025,106,10600035,FISICA,FACULTAD DE CIENCIAS,Escolarizado,https://www.dgae.unam.mx/Licenciatura2025/resultados/1/10600035.html,80,970,799,104,85,025329,48,,No seleccionado,,Consultar
2025,1,Licenciatura 2025,106,10600035,FISICA,FACULTAD DE CIENCIAS,Escolarizado,https://www.dgae.unam.mx/Licenciatura2025/resultados/1/10600035.html,80,970,799,104,85,025338,100,,No seleccionado,,Consultar
2025,1,Licenciatura 2025,106,10600035,FISICA,FACULTAD DE CIENCIAS,Escolarizado,https://www.dgae.unam.mx/Licenciatura2025/resultados/1/10600035.html,80,970,799,104,85,025345,37,,No seleccionado,,Consultar
2025,1,Licenciatura 2025,106,10600035,FISICA,FACULTAD DE CIENCIAS,Escolarizado,https://www.dgae.unam.mx/Licenciatura2025/resultados/1/10600035.html,80,970,799,104,85,025357,114,S,Seleccionado,Cita para entregar documentación.,Consultar
2025,1,Licenciatura 2025,106,10600035,FISICA,FACULTAD DE CIENCIAS,Escolarizado,https://www.dgae.unam.mx/Licenciatura2025/resultados/1/10600035.html,80,970,799,104,85,025410,61,,No seleccionado,,Consultar
2025,1,Licenciatura 2025,106,10600035,FISICA,FACULTAD DE CIENCIAS,Escolarizado,https://www.dgae.unam.mx/Licenciatura2025/resultados/1/10600035.html,80,970,799,104,85,025441,55,,No seleccionado,,Consultar
2025,1,Licenciatura 2025,106,10600035,FISICA,FACULTAD DE CIENCIAS,Escolarizado,https://www.dgae.unam.mx/Licenciatura2025/resultados/1/10600035.html,80,970,799,104,85,025454,101,,No seleccionado,,Consultar
2025,1,Licenciatura 2025,106,10600035,FISICA,FACULTAD DE CIENCIAS,Escolarizado,https://www.dgae.unam.mx/Licenciatura2025/resultados/1/10600035.html,80,970,799,104,85,025457,54,,No seleccionado,,Consultar
2025,1,Licenciatura 2025,106,10600035,FISICA,FACULTAD DE CIENCIAS,Escolarizado,https://www.dgae.unam.mx/Licenciatura2025/resultados/1/10600035.html,80,970,799,104,85,025479,46,,No seleccionado,,Consultar
2025,1,Licenciatura 2025,106,10600035,FISICA,FACULTAD DE CIENCIAS,Escolarizado,https://www.dgae.unam.mx/Licenciatura2025/resultados/1/10600035.html,80,970,799,104,85,025606,78,,No seleccionado,,Consultar
2025,1,Licenciatura 2025,106,10600035,FISICA,FACULTAD DE CIENCIAS,Escolarizado,https://www.dgae.unam.mx/Licenciatura2025/resultados/1/10600035.html,80,970,799,104,85,025636,47,,No seleccionado,,Consultar
2025,1,Licenciatura 2025,106,10600035,FISICA,FACULTAD DE CIENCIAS,Escolarizado,https://www.dgae.unam.mx/Licenciatura2025/resultados/1/10600035.html,80,970,799,104,85,025652,48,,No seleccionado,,Consultar
2025,1,Licenciatura 2025,106,10600035,FISICA,FACULTAD DE CIENCIAS,Escolarizado,https://www.dgae.unam.mx/Licenciatura2025/resultados/1/10600035.html,80,970,799,104,85,025747,47,,No seleccionado,,Consultar
2025,1,Licenciatura 2025,106,10600035,FISICA,FACULTAD DE CIENCIAS,Escolarizado,https://www.dgae.unam.mx/Licenciatura2025/resultados/1/10600035.html,80,970,799,104,85,025812,54,,No seleccionado,,Consultar
2025,1,Licenciatura 2025,106,10600035,FISICA,FACULTAD DE CIENCIAS,Escolarizado,https://www.dgae.unam.mx/Licenciatura2025/resultados/1/10600035.html,80,970,799,104,85,025828,46,,No seleccionado,,Consultar
2025,1,Licenciatura 2025,106,10600035,FISICA,FACULTAD DE CIENCIAS,Escolarizado,https://www.dgae.unam.mx/Licenciatura2025/resultados/1/10600035.html,80,970,799,104,85,025961,97,,No seleccionado,,Consultar
2025,1,Licenciatura 2025,106,10600035,FISICA,FACULTAD DE CIENCIAS,Escolarizado,https://www.dgae.unam.mx/Licenciatura2025/resultados/1/10600035.html,80,970,799,104,85,026056,51,,No seleccionado,,Consultar
2025,1,Licenciatura 2025,106,10600035,FISICA,FACULTAD DE CIENCIAS,Escolarizado,https://www.dgae.unam.mx/Licenciatura2025/resultados/1/10600035.html,80,970,799,104,85,026092,42,,No seleccionado,,Consultar
2025,1,Licenciatura 2025,106,10600035,FISICA,FACULTAD DE CIENCIAS,Escolarizado,https://www.dgae.unam.mx/Licenciatura2025/resultados/1/10600035.html,80,970,799,104,85,026218,78,,No seleccionado,,Consultar
2025,1,Licenciatura 2025,106,10600035,FISICA,FACULTAD DE CIENCIAS,Escolarizado,https://www.dgae.unam.mx/Licenciatura2025/resultados/1/10600035.html,80,970,799,104,85,026221,74,,No seleccionado,,Consultar
2025,1,Licenciatura 2025,106,10600035,FISICA,FACULTAD DE CIENCIAS,Escolarizado,https://www.dgae.unam.mx/Licenciatura2025/resultados/1/10600035.html,80,970,799,104,85,026232,103,,No seleccionado,,Consultar
2025,1,Licenciatura 2025,106,10600035,FISICA,FACULTAD DE CIENCIAS,Escolarizado,https://www.dgae.unam.mx/Licenciatura2025/resultados/1/10600035.html,80,970,799,104,85,026264,30,,No seleccionado,,Consultar
2025,1,Licenciatura 2025,106,10600035,FISICA,FACULTAD DE CIENCIAS,Escolarizado,https://www.dgae.unam.mx/Licenciatura2025/resultados/1/10600035.html,80,970,799,104,85,026310,,N,No presentado,,Consultar
2025,1,Licenciatura 2025,106,10600035,FISICA,FACULTAD DE CIENCIAS,Escolarizado,https://www.dgae.unam.mx/Licenciatura2025/resultados/1/10600035.html,80,970,799,104,85,026342,97,,No seleccionado,,Consultar
2025,1,Licenciatura 2025,106,10600035,FISICA,FACULTAD DE CIENCIAS,Escolarizado,https://www.dgae.unam.mx/Licenciatura2025/resultados/1/10600035.html,80,970,799,104,85,026348,42,,No seleccionado,,Consultar
2025,1,Licenciatura 2025,106,10600035,FISICA,FACULTAD DE CIENCIAS,Escolarizado,https://www.dgae.unam.mx/Licenciatura2025/resultados/1/10600035.html,80,970,799,104,85,026378,79,,No seleccionado,,Consultar
2025,1,Licenciatura 2025,106,10600035,FISICA,FACULTAD DE CIENCIAS,Escolarizado,https://www.dgae.unam.mx/Licenciatura2025/resultados/1/10600035.html,80,970,799,104,85,026381,,N,No presentado,,Consultar
2025,1,Licenciatura 2025,106,10600035,FISICA,FACULTAD DE CIENCIAS,Escolarizado,https://www.dgae.unam.mx/Licenciatura2025/resultados/1/10600035.html,80,970,799,104,85,026432,68,,No seleccionado,,Consultar
2025,1,Licenciatura 2025,106,10600035,FISICA,FACULTAD DE CIENCIAS,Escolarizado,https://www.dgae.unam.mx/Licenciatura2025/resultados/1/10600035.html,80,970,799,104,85,026470,56,,No seleccionado,,Consultar
2025,1,Licenciatura 2025,106,10600035,FISICA,FACULTAD DE CIENCIAS,Escolarizado,https://www.dgae.unam.mx/Licenciatura2025/resultados/1/10600035.html,80,970,799,104,85,026546,,N,No presentado,,Consultar
2025,1,Licenciatura 2025,106,10600035,FISICA,FACULTAD DE CIENCIAS,Escolarizado,https://www.dgae.unam.mx/Licenciatura2025/resultados/1/10600035.html,80,970,799,104,85,026578,64,,No seleccionado,,Consultar
2025,1,Licenciatura 2025,106,10600035,FISICA,FACULTAD DE CIENCIAS,Escolarizado,https://www.dgae.unam.mx/Licenciatura2025/resultados/1/10600035.html,80,970,799,104,85,026639,43,,No seleccionado,,Consultar
2025,1,Licenciatura 2025,106,10600035,FISICA,FACULTAD DE CIENCIAS,Escolarizado,https://www.dgae.unam.mx/Licenciatura2025/resultados/1/10600035.html,80,970,799,104,85,026674,67,,No seleccionado,,Consultar
2025,1,Licenciatura 2025,106,10600035,FISICA,FACULTAD DE CIENCIAS,Escolarizado,https://www.dgae.unam.mx/Licenciatura2025/resultados/1/10600035.html,80,970,799,104,85,026683,96,,No seleccionado,,Consultar
2025,1,Licenciatura 2025,106,10600035,FISICA,FACULTAD DE CIENCIAS,Escolarizado,https://www.dgae.unam.mx/Licenciatura2025/resultados/1/10600035.html,80,970,799,104,85,026986,45,,No seleccionado,,Consultar
2025,1,Licenciatura 2025,106,10600035,FISICA,FACULTAD DE CIENCIAS,Escolarizado,https://www.dgae.unam.mx/Licenciatura2025/resultados/1/10600035.html,80,970,799,104,85,027039,50,,No seleccionado,,Consultar
2025,1,Licenciatura 2025,106,10600035,FISICA,FACULTAD DE CIENCIAS,Escolarizado,https://www.dgae.unam.mx/Licenciatura2025/resultados/1/10600035.html,80,970,799,104,85,027058,,N,No presentado,,Consultar
2025,1,Licenciatura 2025,106,10600035,FISICA,FACULTAD DE CIENCIAS,Escolarizado,https://www.dgae.unam.mx/Licenciatura2025/resultados/1/10600035.html,80,970,799,104,85,027143,101,,No seleccionado,,Consultar
2025,1,Licenciatura 2025,106,10600035,FISICA,FACULTAD DE CIENCIAS,Escolarizado,https://www.dgae.unam.mx/Licenciatura2025/resultados/1/10600035.html,80,970,799,104,85,027160,59,,No seleccionado,,Consultar
2025,1,Licenciatura 2025,106,10600035,FISICA,FACULTAD DE CIENCIAS,Escolarizado,https://www.dgae.unam.mx/Licenciatura2025/resultados/1/10600035.html,80,970,799,104,85,027269,111,S,Seleccionado,,Consultar
2025,1,Licenciatura 2025,106,10600035,FISICA,FACULTAD DE CIENCIAS,Escolarizado,https://www.dgae.unam.mx/Licenciatura2025/resultados/1/10600035.html,80,970,799,104,85,027275,49,,No seleccionado,,Consultar
2025,1,Licenciatura 2025,106,10600035,FISICA,FACULTAD DE CIENCIAS,Escolarizado,https://www.dgae.unam.mx/Licenciatura2025/resultados/1/10600035.html,80,970,799,104,85,027314,93,,No seleccionado,,Consultar
2025,1,Licenciatura 2025,106,10600035,FISICA,FACULTAD DE CIENCIAS,Escolarizado,https://www.dgae.unam.mx/Licenciatura2025/resultados/1/10600035.html,80,970,799,104,85,027450,60,,No seleccionado,,Consultar
2025,1,Licenciatura 2025,106,10600035,FISICA,FACULTAD DE CIENCIAS,Escolarizado,https://www.dgae.unam.mx/Licenciatura2025/resultados/1/10600035.html,80,970,799,104,85,027454,64,,No seleccionado,,Consultar
2025,1,Licenciatura 2025,106,10600035,FISICA,FACULTAD DE CIENCIAS,Escolarizado,https://www.dgae.unam.mx/Licenciatura2025/resultados/1/10600035.html,80,970,799,104,85,027692,62,,No seleccionado,,Consultar
2025,1,Licenciatura 2025,106,10600035,FISICA,FACULTAD DE CIENCIAS,Escolarizado,https://www.dgae.unam.mx/Licenciatura2025/resultados/1/10600035.html,80,970,799,104,85,027695,,N,No presentado,,Consultar
2025,1,Licenciatura 2025,106,10600035,FISICA,FACULTAD DE CIENCIAS,Escolarizado,https://www.dgae.unam.mx/Licenciatura2025/resultados/1/10600035.html,80,970,799,104,85,027705,40,,No seleccionado,,Consultar
2025,1,Licenciatura 2025,106,10600035,FISICA,FACULTAD DE CIENCIAS,Escolarizado,https://www.dgae.unam.mx/Licenciatura2025/resultados/1/10600035.html,80,970,799,104,85,027732,94,,No seleccionado,,Consultar
2025,1,Licenciatura 2025,106,10600035,FISICA,FACULTAD DE CIENCIAS,Escolarizado,https://www.dgae.unam.mx/Licenciatura2025/resultados/1/10600035.html,80,970,799,104,85,027776,60,,No seleccionado,,Consultar
2025,1,Licenciatura 2025,106,10600035,FISICA,FACULTAD DE CIENCIAS,Escolarizado,https://www.dgae.unam.mx/Licenciatura2025/resultados/1/10600035.html,80,970,799,104,85,027806,33,,No seleccionado,,Consultar
2025,1,Licenciatura 2025,106,10600035,FISICA,FACULTAD DE CIENCIAS,Escolarizado,https://www.dgae.unam.mx/Licenciatura2025/resultados/1/10600035.html,80,970,799,104,85,027869,56,,No seleccionado,,Consultar
2025,1,Licenciatura 2025,106,10600035,FISICA,FACULTAD DE CIENCIAS,Escolarizado,https://www.dgae.unam.mx/Licenciatura2025/resultados/1/10600035.html,80,970,799,104,85,027992,88,,No seleccionado,,Consultar
2025,1,Licenciatura 2025,106,10600035,FISICA,FACULTAD DE CIENCIAS,Escolarizado,https://www.dgae.unam.mx/Licenciatura2025/resultados/1/10600035.html,80,970,799,104,85,028010,82,,No seleccionado,,Consultar
2025,1,Licenciatura 2025,106,10600035,FISICA,FACULTAD DE CIENCIAS,Escolarizado,https://www.dgae.unam.mx/Licenciatura2025/resultados/1/10600035.html,80,970,799,104,85,028127,83,,No seleccionado,,Consultar
2025,1,Licenciatura 2025,106,10600035,FISICA,FACULTAD DE CIENCIAS,Escolarizado,https://www.dgae.unam.mx/Licenciatura2025/resultados/1/10600035.html,80,970,799,104,85,028151,90,,No seleccionado,,Consultar
2025,1,Licenciatura 2025,106,10600035,FISICA,FACULTAD DE CIENCIAS,Escolarizado,https://www.dgae.unam.mx/Licenciatura2025/resultados/1/10600035.html,80,970,799,104,85,028178,64,,No seleccionado,,Consultar
2025,1,Licenciatura 2025,106,10600035,FISICA,FACULTAD DE CIENCIAS,Escolarizado,https://www.dgae.unam.mx/Licenciatura2025/resultados/1/10600035.html,80,970,799,104,85,028201,68,,No seleccionado,,Consultar
2025,1,Licenciatura 2025,106,10600035,FISICA,FACULTAD DE CIENCIAS,Escolarizado,https://www.dgae.unam.mx/Licenciatura2025/resultados/1/10600035.html,80,970,799,104,85,028271,41,,No seleccionado,,Consultar
2025,1,Licenciatura 2025,106,10600035,FISICA,FACULTAD DE CIENCIAS,Escolarizado,https://www.dgae.unam.mx/Licenciatura2025/resultados/1/10600035.html,80,970,799,104,85,028346,,N,No presentado,,Consultar
2025,1,Licenciatura 2025,106,10600035,FISICA,FACULTAD DE CIENCIAS,Escolarizado,https://www.dgae.unam.mx/Licenciatura2025/resultados/1/10600035.html,80,970,799,104,85,028391,61,,No seleccionado,,Consultar
2025,1,Licenciatura 2025,106,10600035,FISICA,FACULTAD DE CIENCIAS,Escolarizado,https://www.dgae.unam.mx/Licenciatura2025/resultados/1/10600035.html,80,970,799,104,85,028395,,N,No presentado,,Consultar
2025,1,Licenciatura 2025,106,10600035,FISICA,FACULTAD DE CIENCIAS,Escolarizado,https://www.dgae.unam.mx/Licenciatura2025/resultados/1/10600035.html,80,970,799,104,85,028420,96,,No seleccionado,,Consultar
2025,1,Licenciatura 2025,106,10600035,FISICA,FACULTAD DE CIENCIAS,Escolarizado,https://www.dgae.unam.mx/Licenciatura2025/resultados/1/10600035.html,80,970,799,104,85,028433,72,,No seleccionado,,Consultar
2025,1,Licenciatura 2025,106,10600035,FISICA,FACULTAD DE CIENCIAS,Escolarizado,https://www.dgae.unam.mx/Licenciatura2025/resultados/1/10600035.html,80,970,799,104,85,028511,75,,No seleccionado,,Consultar
2025,1,Licenciatura 2025,106,10600035,FISICA,FACULTAD DE CIENCIAS,Escolarizado,https://www.dgae.unam.mx/Licenciatura2025/resultados/1/10600035.html,80,970,799,104,85,028548,46,,No seleccionado,,Consultar
2025,1,Licenciatura 2025,106,10600035,FISICA,FACULTAD DE CIENCIAS,Escolarizado,https://www.dgae.unam.mx/Licenciatura2025/resultados/1/10600035.html,80,970,799,104,85,028551,57,,No seleccionado,,Consultar
2025,1,Licenciatura 2025,106,10600035,FISICA,FACULTAD DE CIENCIAS,Escolarizado,https://www.dgae.unam.mx/Licenciatura2025/resultados/1/10600035.html,80,970,799,104,85,028554,81,,No seleccionado,,Consultar
2025,1,Licenciatura 2025,106,10600035,FISICA,FACULTAD DE CIENCIAS,Escolarizado,https://www.dgae.unam.mx/Licenciatura2025/resultados/1/10600035.html,80,970,799,104,85,028655,113,S,Seleccionado,Cita para entregar documentación.,Consultar
2025,1,Licenciatura 2025,106,10600035,FISICA,FACULTAD DE CIENCIAS,Escolarizado,https://www.dgae.unam.mx/Licenciatura2025/resultados/1/10600035.html,80,970,799,104,85,028794,43,,No seleccionado,,Consultar
2025,1,Licenciatura 2025,106,10600035,FISICA,FACULTAD DE CIENCIAS,Escolarizado,https://www.dgae.unam.mx/Licenciatura2025/resultados/1/10600035.html,80,970,799,104,85,028822,54,,No seleccionado,,Consultar
2025,1,Licenciatura 2025,106,10600035,FISICA,FACULTAD DE CIENCIAS,Escolarizado,https://www.dgae.unam.mx/Licenciatura2025/resultados/1/10600035.html,80,970,799,104,85,028861,,N,No presentado,,Consultar
2025,1,Licenciatura 2025,106,10600035,FISICA,FACULTAD DE CIENCIAS,Escolarizado,https://www.dgae.unam.mx/Licenciatura2025/resultados/1/10600035.html,80,970,799,104,85,028866,61,,No seleccionado,,Consultar
2025,1,Licenciatura 2025,106,10600035,FISICA,FACULTAD DE CIENCIAS,Escolarizado,https://www.dgae.unam.mx/Licenciatura2025/resultados/1/10600035.html,80,970,799,104,85,028901,89,,No seleccionado,,Consultar
2025,1,Licenciatura 2025,106,10600035,FISICA,FACULTAD DE CIENCIAS,Escolarizado,https://www.dgae.unam.mx/Licenciatura2025/resultados/1/10600035.html,80,970,799,104,85,028921,68,,No seleccionado,,Consultar
2025,1,Licenciatura 2025,106,10600035,FISICA,FACULTAD DE CIENCIAS,Escolarizado,https://www.dgae.unam.mx/Licenciatura2025/resultados/1/10600035.html,80,970,799,104,85,028990,91,,No seleccionado,,Consultar
2025,1,Licenciatura 2025,106,10600035,FISICA,FACULTAD DE CIENCIAS,Escolarizado,https://www.dgae.unam.mx/Licenciatura2025/resultados/1/10600035.html,80,970,799,104,85,029089,111,S,Seleccionado,,Consultar
2025,1,Licenciatura 2025,106,10600035,FISICA,FACULTAD DE CIENCIAS,Escolarizado,https://www.dgae.unam.mx/Licenciatura2025/resultados/1/10600035.html,80,970,799,104,85,029132,,N,No presentado,,Consultar
2025,1,Licenciatura 2025,106,10600035,FISICA,FACULTAD DE CIENCIAS,Escolarizado,https://www.dgae.unam.mx/Licenciatura2025/resultados/1/10600035.html,80,970,799,104,85,029165,24,,No seleccionado,,Consultar
2025,1,Licenciatura 2025,106,10600035,FISICA,FACULTAD DE CIENCIAS,Escolarizado,https://www.dgae.unam.mx/Licenciatura2025/resultados/1/10600035.html,80,970,799,104,85,029309,,N,No presentado,,Consultar
2025,1,Licenciatura 2025,106,10600035,FISICA,FACULTAD DE CIENCIAS,Escolarizado,https://www.dgae.unam.mx/Licenciatura2025/resultados/1/10600035.html,80,970,799,104,85,029340,49,,No seleccionado,,Consultar
2025,1,Licenciatura 2025,106,10600035,FISICA,FACULTAD DE CIENCIAS,Escolarizado,https://www.dgae.unam.mx/Licenciatura2025/resultados/1/10600035.html,80,970,799,104,85,029387,88,,No seleccionado,,Consultar
2025,1,Licenciatura 2025,106,10600035,FISICA,FACULTAD DE CIENCIAS,Escolarizado,https://www.dgae.unam.mx/Licenciatura2025/resultados/1/10600035.html,80,970,799,104,85,029459,84,,No seleccionado,,Consultar
2025,1,Licenciatura 2025,106,10600035,FISICA,FACULTAD DE CIENCIAS,Escolarizado,https://www.dgae.unam.mx/Licenciatura2025/resultados/1/10600035.html,80,970,799,104,85,029564,62,,No seleccionado,,Consultar
2025,1,Licenciatura 2025,106,10600035,FISICA,FACULTAD DE CIENCIAS,Escolarizado,https://www.dgae.unam.mx/Licenciatura2025/resultados/1/10600035.html,80,970,799,104,85,029592,105,S,Seleccionado,Cita para entregar documentación.,Consultar
2025,1,Licenciatura 2025,106,10600035,FISICA,FACULTAD DE CIENCIAS,Escolarizado,https://www.dgae.unam.mx/Licenciatura2025/resultados/1/10600035.html,80,970,799,104,85,029616,76,,No seleccionado,,Consultar
2025,1,Licenciatura 2025,106,10600035,FISICA,FACULTAD DE CIENCIAS,Escolarizado,https://www.dgae.unam.mx/Licenciatura2025/resultados/1/10600035.html,80,970,799,104,85,029625,46,,No seleccionado,,Consultar
2025,1,Licenciatura 2025,106,10600035,FISICA,FACULTAD DE CIENCIAS,Escolarizado,https://www.dgae.unam.mx/Licenciatura2025/resultados/1/10600035.html,80,970,799,104,85,029642,107,S,Seleccionado,Cita para entregar documentación.,Consultar
2025,1,Licenciatura 2025,106,10600035,FISICA,FACULTAD DE CIENCIAS,Escolarizado,https://www.dgae.unam.mx/Licenciatura2025/resultados/1/10600035.html,80,970,799,104,85,029655,64,,No seleccionado,,Consultar
2025,1,Licenciatura 2025,106,10600035,FISICA,FACULTAD DE CIENCIAS,Escolarizado,https://www.dgae.unam.mx/Licenciatura2025/resultados/1/10600035.html,80,970,799,104,85,029738,,N,No presentado,,Consultar
2025,1,Licenciatura 2025,106,10600035,FISICA,FACULTAD DE CIENCIAS,Escolarizado,https://www.dgae.unam.mx/Licenciatura2025/resultados/1/10600035.html,80,970,799,104,85,029977,,N,No presentado,,Consultar
2025,1,Licenciatura 2025,106,10600035,FISICA,FACULTAD DE CIENCIAS,Escolarizado,https://www.dgae.unam.mx/Licenciatura2025/resultados/1/10600035.html,80,970,799,104,85,029978,63,,No seleccionado,,Consultar
2025,1,Licenciatura 2025,106,10600035,FISICA,FACULTAD DE CIENCIAS,Escolarizado,https://www.dgae.unam.mx/Licenciatura2025/resultados/1/10600035.html,80,970,799,104,85,030005,92,,No seleccionado,,Consultar
2025,1,Licenciatura 2025,106,10600035,FISICA,FACULTAD DE CIENCIAS,Escolarizado,https://www.dgae.unam.mx/Licenciatura2025/resultados/1/10600035.html,80,970,799,104,85,030056,106,S,Seleccionado,Cita para entregar documentación.,Consultar
2025,1,Licenciatura 2025,106,10600035,FISICA,FACULTAD DE CIENCIAS,Escolarizado,https://www.dgae.unam.mx/Licenciatura2025/resultados/1/10600035.html,80,970,799,104,85,030089,45,,No seleccionado,,Consultar
2025,1,Licenciatura 2025,106,10600035,FISICA,FACULTAD DE CIENCIAS,Escolarizado,https://www.dgae.unam.mx/Licenciatura2025/resultados/1/10600035.html,80,970,799,104,85,030190,77,,No seleccionado,,Consultar
2025,1,Licenciatura 2025,106,10600035,FISICA,FACULTAD DE CIENCIAS,Escolarizado,https://www.dgae.unam.mx/Licenciatura2025/resultados/1/10600035.html,80,970,799,104,85,030280,,N,No presentado,,Consultar
2025,1,Licenciatura 2025,106,10600035,FISICA,FACULTAD DE CIENCIAS,Escolarizado,https://www.dgae.unam.mx/Licenciatura2025/resultados/1/10600035.html,80,970,799,104,85,030286,57,,No seleccionado,,Consultar
2025,1,Licenciatura 2025,106,10600035,FISICA,FACULTAD DE CIENCIAS,Escolarizado,https://www.dgae.unam.mx/Licenciatura2025/resultados/1/10600035.html,80,970,799,104,85,030311,96,,No seleccionado,,Consultar
2025,1,Licenciatura 2025,106,10600035,FISICA,FACULTAD DE CIENCIAS,Escolarizado,https://www.dgae.unam.mx/Licenciatura2025/resultados/1/10600035.html,80,970,799,104,85,030379,72,,No seleccionado,,Consultar
2025,1,Licenciatura 2025,106,10600035,FISICA,FACULTAD DE CIENCIAS,Escolarizado,https://www.dgae.unam.mx/Licenciatura2025/resultados/1/10600035.html,80,970,799,104,85,030409,41,,No seleccionado,,Consultar
2025,1,Licenciatura 2025,106,10600035,FISICA,FACULTAD DE CIENCIAS,Escolarizado,https://www.dgae.unam.mx/Licenciatura2025/resultados/1/10600035.html,80,970,799,104,85,030411,104,S,Seleccionado,Cita para entregar documentación.,Consultar
2025,1,Licenciatura 2025,106,10600035,FISICA,FACULTAD DE CIENCIAS,Escolarizado,https://www.dgae.unam.mx/Licenciatura2025/resultados/1/10600035.html,80,970,799,104,85,030483,66,,No seleccionado,,Consultar
2025,1,Licenciatura 2025,106,10600035,FISICA,FACULTAD DE CIENCIAS,Escolarizado,https://www.dgae.unam.mx/Licenciatura2025/resultados/1/10600035.html,80,970,799,104,85,030494,65,,No seleccionado,,Consultar
2025,1,Licenciatura 2025,106,10600035,FISICA,FACULTAD DE CIENCIAS,Escolarizado,https://www.dgae.unam.mx/Licenciatura2025/resultados/1/10600035.html,80,970,799,104,85,030559,63,,No seleccionado,,Consultar
2025,1,Licenciatura 2025,106,10600035,FISICA,FACULTAD DE CIENCIAS,Escolarizado,https://www.dgae.unam.mx/Licenciatura2025/resultados/1/10600035.html,80,970,799,104,85,030563,82,,No seleccionado,,Consultar
2025,1,Licenciatura 2025,106,10600035,FISICA,FACULTAD DE CIENCIAS,Escolarizado,https://www.dgae.unam.mx/Licenciatura2025/resultados/1/10600035.html,80,970,799,104,85,030596,56,,No seleccionado,,Consultar
2025,1,Licenciatura 2025,106,10600035,FISICA,FACULTAD DE CIENCIAS,Escolarizado,https://www.dgae.unam.mx/Licenciatura2025/resultados/1/10600035.html,80,970,799,104,85,030687,,N,No presentado,,Consultar
2025,1,Licenciatura 2025,106,10600035,FISICA,FACULTAD DE CIENCIAS,Escolarizado,https://www.dgae.unam.mx/Licenciatura2025/resultados/1/10600035.html,80,970,799,104,85,030801,82,,No seleccionado,,Consultar
2025,1,Licenciatura 2025,106,10600035,FISICA,FACULTAD DE CIENCIAS,Escolarizado,https://www.dgae.unam.mx/Licenciatura2025/resultados/1/10600035.html,80,970,799,104,85,030806,74,,No seleccionado,,Consultar
2025,1,Licenciatura 2025,106,10600035,FISICA,FACULTAD DE CIENCIAS,Escolarizado,https://www.dgae.unam.mx/Licenciatura2025/resultados/1/10600035.html,80,970,799,104,85,030875,,N,No presentado,,Consultar
2025,1,Licenciatura 2025,106,10600035,FISICA,FACULTAD DE CIENCIAS,Escolarizado,https://www.dgae.unam.mx/Licenciatura2025/resultados/1/10600035.html,80,970,799,104,85,030898,96,,No seleccionado,,Consultar
2025,1,Licenciatura 2025,106,10600035,FISICA,FACULTAD DE CIENCIAS,Escolarizado,https://www.dgae.unam.mx/Licenciatura2025/resultados/1/10600035.html,80,970,799,104,85,030904,83,,No seleccionado,,Consultar
2025,1,Licenciatura 2025,106,10600035,FISICA,FACULTAD DE CIENCIAS,Escolarizado,https://www.dgae.unam.mx/Licenciatura2025/resultados/1/10600035.html,80,970,799,104,85,030911,54,,No seleccionado,,Consultar
2025,1,Licenciatura 2025,106,10600035,FISICA,FACULTAD DE CIENCIAS,Escolarizado,https://www.dgae.unam.mx/Licenciatura2025/resultados/1/10600035.html,80,970,799,104,85,030953,65,,No seleccionado,,Consultar
2025,1,Licenciatura 2025,106,10600035,FISICA,FACULTAD DE CIENCIAS,Escolarizado,https://www.dgae.unam.mx/Licenciatura2025/resultados/1/10600035.html,80,970,799,104,85,031000,93,,No seleccionado,,Consultar
2025,1,Licenciatura 2025,106,10600035,FISICA,FACULTAD DE CIENCIAS,Escolarizado,https://www.dgae.unam.mx/Licenciatura2025/resultados/1/10600035.html,80,970,799,104,85,031020,79,,No seleccionado,,Consultar
2025,1,Licenciatura 2025,106,10600035,FISICA,FACULTAD DE CIENCIAS,Escolarizado,https://www.dgae.unam.mx/Licenciatura2025/resultados/1/10600035.html,80,970,799,104,85,031031,55,,No seleccionado,,Consultar
2025,1,Licenciatura 2025,106,10600035,FISICA,FACULTAD DE CIENCIAS,Escolarizado,https://www.dgae.unam.mx/Licenciatura2025/resultados/1/10600035.html,80,970,799,104,85,031037,75,,No seleccionado,,Consultar
2025,1,Licenciatura 2025,106,10600035,FISICA,FACULTAD DE CIENCIAS,Escolarizado,https://www.dgae.unam.mx/Licenciatura2025/resultados/1/10600035.html,80,970,799,104,85,031071,73,,No seleccionado,,Consultar
2025,1,Licenciatura 2025,106,10600035,FISICA,FACULTAD DE CIENCIAS,Escolarizado,https://www.dgae.unam.mx/Licenciatura2025/resultados/1/10600035.html,80,970,799,104,85,031081,44,,No seleccionado,,Consultar
2025,1,Licenciatura 2025,106,10600035,FISICA,FACULTAD DE CIENCIAS,Escolarizado,https://www.dgae.unam.mx/Licenciatura2025/resultados/1/10600035.html,80,970,799,104,85,031123,98,,No seleccionado,,Consultar
2025,1,Licenciatura 2025,106,10600035,FISICA,FACULTAD DE CIENCIAS,Escolarizado,https://www.dgae.unam.mx/Licenciatura2025/resultados/1/10600035.html,80,970,799,104,85,031174,102,,No seleccionado,,Consultar
2025,1,Licenciatura 2025,106,10600035,FISICA,FACULTAD DE CIENCIAS,Escolarizado,https://www.dgae.unam.mx/Licenciatura2025/resultados/1/10600035.html,80,970,799,104,85,031181,46,,No seleccionado,,Consultar
2025,1,Licenciatura 2025,106,10600035,FISICA,FACULTAD DE CIENCIAS,Escolarizado,https://www.dgae.unam.mx/Licenciatura2025/resultados/1/10600035.html,80,970,799,104,85,031185,77,,No seleccionado,,Consultar
2025,1,Licenciatura 2025,106,10600035,FISICA,FACULTAD DE CIENCIAS,Escolarizado,https://www.dgae.unam.mx/Licenciatura2025/resultados/1/10600035.html,80,970,799,104,85,031202,65,,No seleccionado,,Consultar
2025,1,Licenciatura 2025,106,10600035,FISICA,FACULTAD DE CIENCIAS,Escolarizado,https://www.dgae.unam.mx/Licenciatura2025/resultados/1/10600035.html,80,970,799,104,85,031263,56,,No seleccionado,,Consultar
2025,1,Licenciatura 2025,106,10600035,FISICA,FACULTAD DE CIENCIAS,Escolarizado,https://www.dgae.unam.mx/Licenciatura2025/resultados/1/10600035.html,80,970,799,104,85,031326,,N,No presentado,,Consultar
2025,1,Licenciatura 2025,106,10600035,FISICA,FACULTAD DE CIENCIAS,Escolarizado,https://www.dgae.unam.mx/Licenciatura2025/resultados/1/10600035.html,80,970,799,104,85,031351,99,,No seleccionado,,Consultar
2025,1,Licenciatura 2025,106,10600035,FISICA,FACULTAD DE CIENCIAS,Escolarizado,https://www.dgae.unam.mx/Licenciatura2025/resultados/1/10600035.html,80,970,799,104,85,031547,105,S,Seleccionado,,Consultar
2025,1,Licenciatura 2025,106,10600035,FISICA,FACULTAD DE CIENCIAS,Escolarizado,https://www.dgae.unam.mx/Licenciatura2025/resultados/1/10600035.html,80,970,799,104,85,031558,,N,No presentado,,Consultar
2025,1,Licenciatura 2025,106,10600035,FISICA,FACULTAD DE CIENCIAS,Escolarizado,https://www.dgae.unam.mx/Licenciatura2025/resultados/1/10600035.html,80,970,799,104,85,031572,46,,No seleccionado,,Consultar
2025,1,Licenciatura 2025,106,10600035,FISICA,FACULTAD DE CIENCIAS,Escolarizado,https://www.dgae.unam.mx/Licenciatura2025/resultados/1/10600035.html,80,970,799,104,85,031620,114,S,Seleccionado,Cita para entregar documentación.,Consultar
2025,1,Licenciatura 2025,106,10600035,FISICA,FACULTAD DE CIENCIAS,Escolarizado,https://www.dgae.unam.mx/Licenciatura2025/resultados/1/10600035.html,80,970,799,104,85,031628,83,,No seleccionado,,Consultar
2025,1,Licenciatura 2025,106,10600035,FISICA,FACULTAD DE CIENCIAS,Escolarizado,https://www.dgae.unam.mx/Licenciatura2025/resultados/1/10600035.html,80,970,799,104,85,031677,,N,No presentado,,Consultar
2025,1,Licenciatura 2025,106,10600035,FISICA,FACULTAD DE CIENCIAS,Escolarizado,https://www.dgae.unam.mx/Licenciatura2025/resultados/1/10600035.html,80,970,799,104,85,031694,,N,No presentado,,Consultar
2025,1,Licenciatura 2025,106,10600035,FISICA,FACULTAD DE CIENCIAS,Escolarizado,https://www.dgae.unam.mx/Licenciatura2025/resultados/1/10600035.html,80,970,799,104,85,031718,87,,No seleccionado,,Consultar
2025,1,Licenciatura 2025,106,10600035,FISICA,FACULTAD DE CIENCIAS,Escolarizado,https://www.dgae.unam.mx/Licenciatura2025/resultados/1/10600035.html,80,970,799,104,85,031741,86,,No seleccionado,,Consultar
2025,1,Licenciatura 2025,106,10600035,FISICA,FACULTAD DE CIENCIAS,Escolarizado,https://www.dgae.unam.mx/Licenciatura2025/resultados/1/10600035.html,80,970,799,104,85,031748,103,,No seleccionado,,Consultar
2025,1,Licenciatura 2025,106,10600035,FISICA,FACULTAD DE CIENCIAS,Escolarizado,https://www.dgae.unam.mx/Licenciatura2025/resultados/1/10600035.html,80,970,799,104,85,031766,113,S,Seleccionado,Cita para entregar documentación.,Consultar
2025,1,Licenciatura 2025,106,10600035,FISICA,FACULTAD DE CIENCIAS,Escolarizado,https://www.dgae.unam.mx/Licenciatura2025/resultados/1/10600035.html,80,970,799,104,85,031769,76,,No seleccionado,,Consultar
2025,1,Licenciatura 2025,106,10600035,FISICA,FACULTAD DE CIENCIAS,Escolarizado,https://www.dgae.unam.mx/Licenciatura2025/resultados/1/10600035.html,80,970,799,104,85,031812,110,S,Seleccionado,Cita para entregar documentación.,Consultar
2025,1,Licenciatura 2025,106,10600035,FISICA,FACULTAD DE CIENCIAS,Escolarizado,https://www.dgae.unam.mx/Licenciatura2025/resultados/1/10600035.html,80,970,799,104,85,031849,50,,No seleccionado,,Consultar
2025,1,Licenciatura 2025,106,10600035,FISICA,FACULTAD DE CIENCIAS,Escolarizado,https://www.dgae.unam.mx/Licenciatura2025/resultados/1/10600035.html,80,970,799,104,85,031852,105,S,Seleccionado,Cita para entregar documentación.,Consultar
2025,1,Licenciatura 2025,106,10600035,FISICA,FACULTAD DE CIENCIAS,Escolarizado,https://www.dgae.unam.mx/Licenciatura2025/resultados/1/10600035.html,80,970,799,104,85,031861,,N,No presentado,,Consultar
2025,1,Licenciatura 2025,106,10600035,FISICA,FACULTAD DE CIENCIAS,Escolarizado,https://www.dgae.unam.mx/Licenciatura2025/resultados/1/10600035.html,80,970,799,104,85,031879,43,,No seleccionado,,Consultar
2025,1,Licenciatura 2025,106,10600035,FISICA,FACULTAD DE CIENCIAS,Escolarizado,https://www.dgae.unam.mx/Licenciatura2025/resultados/1/10600035.html,80,970,799,104,85,031882,,N,No presentado,,Consultar
2025,1,Licenciatura 2025,106,10600035,FISICA,FACULTAD DE CIENCIAS,Escolarizado,https://www.dgae.unam.mx/Licenciatura2025/resultados/1/10600035.html,80,970,799,104,85,031904,,N,No presentado,,Consultar
2025,1,Licenciatura 2025,106,10600035,FISICA,FACULTAD DE CIENCIAS,Escolarizado,https://www.dgae.unam.mx/Licenciatura2025/resultados/1/10600035.html,80,970,799,104,85,031905,,N,No presentado,,Consultar
2025,1,Licenciatura 2025,106,10600035,FISICA,FACULTAD DE CIENCIAS,Escolarizado,https://www.dgae.unam.mx/Licenciatura2025/resultados/1/10600035.html,80,970,799,104,85,031921,,N,No presentado,,Consultar
2025,1,Licenciatura 2025,106,10600035,FISICA,FACULTAD DE CIENCIAS,Escolarizado,https://www.dgae.unam.mx/Licenciatura2025/resultados/1/10600035.html,80,970,799,104,85,031939,107,S,Seleccionado,Cita para entregar documentación.,Consultar
2025,1,Licenciatura 2025,106,10600035,FISICA,FACULTAD DE CIENCIAS,Escolarizado,https://www.dgae.unam.mx/Licenciatura2025/resultados/1/10600035.html,80,970,799,104,85,031941,76,,No seleccionado,,Consultar
2025,1,Licenciatura 2025,106,10600035,FISICA,FACULTAD DE CIENCIAS,Escolarizado,https://www.dgae.unam.mx/Licenciatura2025/resultados/1/10600035.html,80,970,799,104,85,031942,64,,No seleccionado,,Consultar
2025,1,Licenciatura 2025,106,10600035,FISICA,FACULTAD DE CIENCIAS,Escolarizado,https://www.dgae.unam.mx/Licenciatura2025/resultados/1/10600035.html,80,970,799,104,85,031988,,N,No presentado,,Consultar
2025,1,Licenciatura 2025,106,10600035,FISICA,FACULTAD DE CIENCIAS,Escolarizado,https://www.dgae.unam.mx/Licenciatura2025/resultados/1/10600035.html,80,970,799,104,85,032020,70,,No seleccionado,,Consultar
2025,1,Licenciatura 2025,106,10600035,FISICA,FACULTAD DE CIENCIAS,Escolarizado,https://www.dgae.unam.mx/Licenciatura2025/resultados/1/10600035.html,80,970,799,104,85,032076,56,,No seleccionado,,Consultar
2025,1,Licenciatura 2025,106,10600035,FISICA,FACULTAD DE CIENCIAS,Escolarizado,https://www.dgae.unam.mx/Licenciatura2025/resultados/1/10600035.html,80,970,799,104,85,032094,,N,No presentado,,Consultar
2025,1,Licenciatura 2025,106,10600035,FISICA,FACULTAD DE CIENCIAS,Escolarizado,https://www.dgae.unam.mx/Licenciatura2025/resultados/1/10600035.html,80,970,799,104,85,032104,71,,No seleccionado,,Consultar
2025,1,Licenciatura 2025,106,10600035,FISICA,FACULTAD DE CIENCIAS,Escolarizado,https://www.dgae.unam.mx/Licenciatura2025/resultados/1/10600035.html,80,970,799,104,85,032138,74,,No seleccionado,,Consultar
2025,1,Licenciatura 2025,106,10600035,FISICA,FACULTAD DE CIENCIAS,Escolarizado,https://www.dgae.unam.mx/Licenciatura2025/resultados/1/10600035.html,80,970,799,104,85,032189,78,,No seleccionado,,Consultar
2025,1,Licenciatura 2025,106,10600035,FISICA,FACULTAD DE CIENCIAS,Escolarizado,https://www.dgae.unam.mx/Licenciatura2025/resultados/1/10600035.html,80,970,799,104,85,032232,104,S,Seleccionado,Cita para entregar documentación.,Consultar
2025,1,Licenciatura 2025,106,10600035,FISICA,FACULTAD DE CIENCIAS,Escolarizado,https://www.dgae.unam.mx/Licenciatura2025/resultados/1/10600035.html,80,970,799,104,85,032237,84,,No seleccionado,,Consultar
2025,1,Licenciatura 2025,106,10600035,FISICA,FACULTAD DE CIENCIAS,Escolarizado,https://www.dgae.unam.mx/Licenciatura2025/resultados/1/10600035.html,80,970,799,104,85,032283,69,,No seleccionado,,Consultar
2025,1,Licenciatura 2025,106,10600035,FISICA,FACULTAD DE CIENCIAS,Escolarizado,https://www.dgae.unam.mx/Licenciatura2025/resultados/1/10600035.html,80,970,799,104,85,032285,56,,No seleccionado,,Consultar
2025,1,Licenciatura 2025,106,10600035,FISICA,FACULTAD DE CIENCIAS,Escolarizado,https://www.dgae.unam.mx/Licenciatura2025/resultados/1/10600035.html,80,970,799,104,85,032293,,N,No presentado,,Consultar
2025,1,Licenciatura 2025,106,10600035,FISICA,FACULTAD DE CIENCIAS,Escolarizado,https://www.dgae.unam.mx/Licenciatura2025/resultados/1/10600035.html,80,970,799,104,85,032298,55,,No seleccionado,,Consultar
2025,1,Licenciatura 2025,106,10600035,FISICA,FACULTAD DE CIENCIAS,Escolarizado,https://www.dgae.unam.mx/Licenciatura2025/resultados/1/10600035.html,80,970,799,104,85,032301,89,,No seleccionado,,Consultar
2025,1,Licenciatura 2025,106,10600035,FISICA,FACULTAD DE CIENCIAS,Escolarizado,https://www.dgae.unam.mx/Licenciatura2025/resultados/1/10600035.html,80,970,799,104,85,032318,106,S,Seleccionado,Cita para entregar documentación.,Consultar
2025,1,Licenciatura 2025,106,10600035,FISICA,FACULTAD DE CIENCIAS,Escolarizado,https://www.dgae.unam.mx/Licenciatura2025/resultados/1/10600035.html,80,970,799,104,85,032347,53,,No seleccionado,,Consultar
2025,1,Licenciatura 2025,106,10600035,FISICA,FACULTAD DE CIENCIAS,Escolarizado,https://www.dgae.unam.mx/Licenciatura2025/resultados/1/10600035.html,80,970,799,104,85,032361,,N,No presentado,,Consultar
2025,1,Licenciatura 2025,106,10600035,FISICA,FACULTAD DE CIENCIAS,Escolarizado,https://www.dgae.unam.mx/Licenciatura2025/resultados/1/10600035.html,80,970,799,104,85,032379,,N,No presentado,,Consultar
2025,1,Licenciatura 2025,106,10600035,FISICA,FACULTAD DE CIENCIAS,Escolarizado,https://www.dgae.unam.mx/Licenciatura2025/resultados/1/10600035.html,80,970,799,104,85,032399,65,,No seleccionado,,Consultar
2025,1,Licenciatura 2025,106,10600035,FISICA,FACULTAD DE CIENCIAS,Escolarizado,https://www.dgae.unam.mx/Licenciatura2025/resultados/1/10600035.html,80,970,799,104,85,032443,49,,No seleccionado,,Consultar
2025,1,Licenciatura 2025,106,10600035,FISICA,FACULTAD DE CIENCIAS,Escolarizado,https://www.dgae.unam.mx/Licenciatura2025/resultados/1/10600035.html,80,970,799,104,85,032478,58,,No seleccionado,,Consultar
2025,1,Licenciatura 2025,106,10600035,FISICA,FACULTAD DE CIENCIAS,Escolarizado,https://www.dgae.unam.mx/Licenciatura2025/resultados/1/10600035.html,80,970,799,104,85,032480,,N,No presentado,,Consultar
2025,1,Licenciatura 2025,106,10600035,FISICA,FACULTAD DE CIENCIAS,Escolarizado,https://www.dgae.unam.mx/Licenciatura2025/resultados/1/10600035.html,80,970,799,104,85,032541,,N,No presentado,,Consultar
2025,1,Licenciatura 2025,106,10600035,FISICA,FACULTAD DE CIENCIAS,Escolarizado,https://www.dgae.unam.mx/Licenciatura2025/resultados/1/10600035.html,80,970,799,104,85,032556,75,,No seleccionado,,Consultar
2025,1,Licenciatura 2025,106,10600035,FISICA,FACULTAD DE CIENCIAS,Escolarizado,https://www.dgae.unam.mx/Licenciatura2025/resultados/1/10600035.html,80,970,799,104,85,032603,,N,No presentado,,Consultar
2025,1,Licenciatura 2025,106,10600035,FISICA,FACULTAD DE CIENCIAS,Escolarizado,https://www.dgae.unam.mx/Licenciatura2025/resultados/1/10600035.html,80,970,799,104,85,032610,,N,No presentado,,Consultar
2025,1,Licenciatura 2025,106,10600035,FISICA,FACULTAD DE CIENCIAS,Escolarizado,https://www.dgae.unam.mx/Licenciatura2025/resultados/1/10600035.html,80,970,799,104,85,032613,101,,No seleccionado,,Consultar
2025,1,Licenciatura 2025,106,10600035,FISICA,FACULTAD DE CIENCIAS,Escolarizado,https://www.dgae.unam.mx/Licenciatura2025/resultados/1/10600035.html,80,970,799,104,85,032644,73,,No seleccionado,,Consultar
2025,1,Licenciatura 2025,106,10600035,FISICA,FACULTAD DE CIENCIAS,Escolarizado,https://www.dgae.unam.mx/Licenciatura2025/resultados/1/10600035.html,80,970,799,104,85,032650,68,,No seleccionado,,Consultar
2025,1,Licenciatura 2025,106,10600035,FISICA,FACULTAD DE CIENCIAS,Escolarizado,https://www.dgae.unam.mx/Licenciatura2025/resultados/1/10600035.html,80,970,799,104,85,032652,106,S,Seleccionado,Cita para entregar documentación.,Consultar
2025,1,Licenciatura 2025,106,10600035,FISICA,FACULTAD DE CIENCIAS,Escolarizado,https://www.dgae.unam.mx/Licenciatura2025/resultados/1/10600035.html,80,970,799,104,85,032673,74,,No seleccionado,,Consultar
2025,1,Licenciatura 2025,106,10600035,FISICA,FACULTAD DE CIENCIAS,Escolarizado,https://www.dgae.unam.mx/Licenciatura2025/resultados/1/10600035.html,80,970,799,104,85,032700,81,,No seleccionado,,Consultar
2025,1,Licenciatura 2025,106,10600035,FISICA,FACULTAD DE CIENCIAS,Escolarizado,https://www.dgae.unam.mx/Licenciatura2025/resultados/1/10600035.html,80,970,799,104,85,032704,89,,No seleccionado,,Consultar
2025,1,Licenciatura 2025,106,10600035,FISICA,FACULTAD DE CIENCIAS,Escolarizado,https://www.dgae.unam.mx/Licenciatura2025/resultados/1/10600035.html,80,970,799,104,85,032741,83,,No seleccionado,,Consultar
2025,1,Licenciatura 2025,106,10600035,FISICA,FACULTAD DE CIENCIAS,Escolarizado,https://www.dgae.unam.mx/Licenciatura2025/resultados/1/10600035.html,80,970,799,104,85,032766,106,S,Seleccionado,Cita para entregar documentación.,Consultar
2025,1,Licenciatura 2025,106,10600035,FISICA,FACULTAD DE CIENCIAS,Escolarizado,https://www.dgae.unam.mx/Licenciatura2025/resultados/1/10600035.html,80,970,799,104,85,032792,87,,No seleccionado,,Consultar
2025,1,Licenciatura 2025,106,10600035,FISICA,FACULTAD DE CIENCIAS,Escolarizado,https://www.dgae.unam.mx/Licenciatura2025/resultados/1/10600035.html,80,970,799,104,85,032800,,N,No presentado,,Consultar
2025,1,Licenciatura 2025,106,10600035,FISICA,FACULTAD DE CIENCIAS,Escolarizado,https://www.dgae.unam.mx/Licenciatura2025/resultados/1/10600035.html,80,970,799,104,85,032805,,N,No presentado,,Consultar
2025,1,Licenciatura 2025,106,10600035,FISICA,FACULTAD DE CIENCIAS,Escolarizado,https://www.dgae.unam.mx/Licenciatura2025/resultados/1/10600035.html,80,970,799,104,85,032815,93,,No seleccionado,,Consultar
2025,1,Licenciatura 2025,106,10600035,FISICA,FACULTAD DE CIENCIAS,Escolarizado,https://www.dgae.unam.mx/Licenciatura2025/resultados/1/10600035.html,80,970,799,104,85,032843,102,,No seleccionado,,Consultar
2025,1,Licenciatura 2025,106,10600035,FISICA,FACULTAD DE CIENCIAS,Escolarizado,https://www.dgae.unam.mx/Licenciatura2025/resultados/1/10600035.html,80,970,799,104,85,032845,78,,No seleccionado,,Consultar
2025,1,Licenciatura 2025,106,10600035,FISICA,FACULTAD DE CIENCIAS,Escolarizado,https://www.dgae.unam.mx/Licenciatura2025/resultados/1/10600035.html,80,970,799,104,85,032850,,N,No presentado,,Consultar
2025,1,Licenciatura 2025,106,10600035,FISICA,FACULTAD DE CIENCIAS,Escolarizado,https://www.dgae.unam.mx/Licenciatura2025/resultados/1/10600035.html,80,970,799,104,85,032879,,N,No presentado,,Consultar
2025,1,Licenciatura 2025,106,10600035,FISICA,FACULTAD DE CIENCIAS,Escolarizado,https://www.dgae.unam.mx/Licenciatura2025/resultados/1/10600035.html,80,970,799,104,85,032886,82,,No seleccionado,,Consultar
2025,1,Licenciatura 2025,106,10600035,FISICA,FACULTAD DE CIENCIAS,Escolarizado,https://www.dgae.unam.mx/Licenciatura2025/resultados/1/10600035.html,80,970,799,104,85,032902,62,,No seleccionado,,Consultar
2025,1,Licenciatura 2025,106,10600035,FISICA,FACULTAD DE CIENCIAS,Escolarizado,https://www.dgae.unam.mx/Licenciatura2025/resultados/1/10600035.html,80,970,799,104,85,032930,,N,No presentado,,Consultar
2025,1,Licenciatura 2025,106,10600035,FISICA,FACULTAD DE CIENCIAS,Escolarizado,https://www.dgae.unam.mx/Licenciatura2025/resultados/1/10600035.html,80,970,799,104,85,032939,95,,No seleccionado,,Consultar
2025,1,Licenciatura 2025,106,10600035,FISICA,FACULTAD DE CIENCIAS,Escolarizado,https://www.dgae.unam.mx/Licenciatura2025/resultados/1/10600035.html,80,970,799,104,85,032941,66,,No seleccionado,,Consultar
2025,1,Licenciatura 2025,106,10600035,FISICA,FACULTAD DE CIENCIAS,Escolarizado,https://www.dgae.unam.mx/Licenciatura2025/resultados/1/10600035.html,80,970,799,104,85,032944,70,,No seleccionado,,Consultar
2025,1,Licenciatura 2025,106,10600035,FISICA,FACULTAD DE CIENCIAS,Escolarizado,https://www.dgae.unam.mx/Licenciatura2025/resultados/1/10600035.html,80,970,799,104,85,032952,,N,No presentado,,Consultar
2025,1,Licenciatura 2025,106,10600035,FISICA,FACULTAD DE CIENCIAS,Escolarizado,https://www.dgae.unam.mx/Licenciatura2025/resultados/1/10600035.html,80,970,799,104,85,032953,109,S,Seleccionado,Cita para entregar documentación.,Consultar
2025,1,Licenciatura 2025,106,10600035,FISICA,FACULTAD DE CIENCIAS,Escolarizado,https://www.dgae.unam.mx/Licenciatura2025/resultados/1/10600035.html,80,970,799,104,85,032973,94,,No seleccionado,,Consultar
2025,1,Licenciatura 2025,106,10600035,FISICA,FACULTAD DE CIENCIAS,Escolarizado,https://www.dgae.unam.mx/Licenciatura2025/resultados/1/10600035.html,80,970,799,104,85,032998,68,,No seleccionado,,Consultar
2025,1,Licenciatura 2025,106,10600035,FISICA,FACULTAD DE CIENCIAS,Escolarizado,https://www.dgae.unam.mx/Licenciatura2025/resultados/1/10600035.html,80,970,799,104,85,033017,87,,No seleccionado,,Consultar
2025,1,Licenciatura 2025,106,10600035,FISICA,FACULTAD DE CIENCIAS,Escolarizado,https://www.dgae.unam.mx/Licenciatura2025/resultados/1/10600035.html,80,970,799,104,85,033029,,N,No presentado,,Consultar
2025,1,Licenciatura 2025,106,10600035,FISICA,FACULTAD DE CIENCIAS,Escolarizado,https://www.dgae.unam.mx/Licenciatura2025/resultados/1/10600035.html,80,970,799,104,85,033033,104,S,Seleccionado,Cita para entregar documentación.,Consultar
2025,1,Licenciatura 2025,106,10600035,FISICA,FACULTAD DE CIENCIAS,Escolarizado,https://www.dgae.unam.mx/Licenciatura2025/resultados/1/10600035.html,80,970,799,104,85,033038,91,,No seleccionado,,Consultar
2025,1,Licenciatura 2025,106,10600035,FISICA,FACULTAD DE CIENCIAS,Escolarizado,https://www.dgae.unam.mx/Licenciatura2025/resultados/1/10600035.html,80,970,799,104,85,033067,103,,No seleccionado,,Consultar
2025,1,Licenciatura 2025,106,10600035,FISICA,FACULTAD DE CIENCIAS,Escolarizado,https://www.dgae.unam.mx/Licenciatura2025/resultados/1/10600035.html,80,970,799,104,85,033076,91,,No seleccionado,,Consultar
2025,1,Licenciatura 2025,106,10600035,FISICA,FACULTAD DE CIENCIAS,Escolarizado,https://www.dgae.unam.mx/Licenciatura2025/resultados/1/10600035.html,80,970,799,104,85,033082,118,S,Seleccionado,Cita para entregar documentación.,Consultar
2025,1,Licenciatura 2025,106,10600035,FISICA,FACULTAD DE CIENCIAS,Escolarizado,https://www.dgae.unam.mx/Licenciatura2025/resultados/1/10600035.html,80,970,799,104,85,033089,69,,No seleccionado,,Consultar
2025,1,Licenciatura 2025,106,10600035,FISICA,FACULTAD DE CIENCIAS,Escolarizado,https://www.dgae.unam.mx/Licenciatura2025/resultados/1/10600035.html,80,970,799,104,85,033101,63,,No seleccionado,,Consultar
2025,1,Licenciatura 2025,106,10600035,FISICA,FACULTAD DE CIENCIAS,Escolarizado,https://www.dgae.unam.mx/Licenciatura2025/resultados/1/10600035.html,80,970,799,104,85,033117,97,,No seleccionado,,Consultar
2025,1,Licenciatura 2025,106,10600035,FISICA,FACULTAD DE CIENCIAS,Escolarizado,https://www.dgae.unam.mx/Licenciatura2025/resultados/1/10600035.html,80,970,799,104,85,033132,88,,No seleccionado,,Consultar
2025,1,Licenciatura 2025,106,10600035,FISICA,FACULTAD DE CIENCIAS,Escolarizado,https://www.dgae.unam.mx/Licenciatura2025/resultados/1/10600035.html,80,970,799,104,85,033155,65,,No seleccionado,,Consultar
2025,1,Licenciatura 2025,106,10600035,FISICA,FACULTAD DE CIENCIAS,Escolarizado,https://www.dgae.unam.mx/Licenciatura2025/resultados/1/10600035.html,80,970,799,104,85,033159,101,,No seleccionado,,Consultar
2025,1,Licenciatura 2025,106,10600035,FISICA,FACULTAD DE CIENCIAS,Escolarizado,https://www.dgae.unam.mx/Licenciatura2025/resultados/1/10600035.html,80,970,799,104,85,033167,71,,No seleccionado,,Consultar
2025,1,Licenciatura 2025,106,10600035,FISICA,FACULTAD DE CIENCIAS,Escolarizado,https://www.dgae.unam.mx/Licenciatura2025/resultados/1/10600035.html,80,970,799,104,85,033174,89,,No seleccionado,,Consultar
2025,1,Licenciatura 2025,106,10600035,FISICA,FACULTAD DE CIENCIAS,Escolarizado,https://www.dgae.unam.mx/Licenciatura2025/resultados/1/10600035.html,80,970,799,104,85,033177,,N,No presentado,,Consultar
2025,1,Licenciatura 2025,106,10600035,FISICA,FACULTAD DE CIENCIAS,Escolarizado,https://www.dgae.unam.mx/Licenciatura2025/resultados/1/10600035.html,80,970,799,104,85,033197,105,S,Seleccionado,Cita para entregar documentación.,Consultar
2025,1,Licenciatura 2025,106,10600035,FISICA,FACULTAD DE CIENCIAS,Escolarizado,https://www.dgae.unam.mx/Licenciatura2025/resultados/1/10600035.html,80,970,799,104,85,033203,94,,No seleccionado,,Consultar
2025,1,Licenciatura 2025,106,10600035,FISICA,FACULTAD DE CIENCIAS,Escolarizado,https://www.dgae.unam.mx/Licenciatura2025/resultados/1/10600035.html,80,970,799,104,85,033221,,N,No presentado,,Consultar
2025,1,Licenciatura 2025,106,10600035,FISICA,FACULTAD DE CIENCIAS,Escolarizado,https://www.dgae.unam.mx/Licenciatura2025/resultados/1/10600035.html,80,970,799,104,85,033252,49,,No seleccionado,,Consultar
2025,1,Licenciatura 2025,106,10600035,FISICA,FACULTAD DE CIENCIAS,Escolarizado,https://www.dgae.unam.mx/Licenciatura2025/resultados/1/10600035.html,80,970,799,104,85,033270,89,,No seleccionado,,Consultar
2025,1,Licenciatura 2025,106,10600035,FISICA,FACULTAD DE CIENCIAS,Escolarizado,https://www.dgae.unam.mx/Licenciatura2025/resultados/1/10600035.html,80,970,799,104,85,033306,86,,No seleccionado,,Consultar
2025,1,Licenciatura 2025,106,10600035,FISICA,FACULTAD DE CIENCIAS,Escolarizado,https://www.dgae.unam.mx/Licenciatura2025/resultados/1/10600035.html,80,970,799,104,85,033309,58,,No seleccionado,,Consultar
2025,1,Licenciatura 2025,106,10600035,FISICA,FACULTAD DE CIENCIAS,Escolarizado,https://www.dgae.unam.mx/Licenciatura2025/resultados/1/10600035.html,80,970,799,104,85,033317,100,,No seleccionado,,Consultar
2025,1,Licenciatura 2025,106,10600035,FISICA,FACULTAD DE CIENCIAS,Escolarizado,https://www.dgae.unam.mx/Licenciatura2025/resultados/1/10600035.html,80,970,799,104,85,033319,,N,No presentado,,Consultar
2025,1,Licenciatura 2025,106,10600035,FISICA,FACULTAD DE CIENCIAS,Escolarizado,https://www.dgae.unam.mx/Licenciatura2025/resultados/1/10600035.html,80,970,799,104,85,033325,34,,No seleccionado,,Consultar
2025,1,Licenciatura 2025,106,10600035,FISICA,FACULTAD DE CIENCIAS,Escolarizado,https://www.dgae.unam.mx/Licenciatura2025/resultados/1/10600035.html,80,970,799,104,85,033342,36,,No seleccionado,,Consultar
2025,1,Licenciatura 2025,106,10600035,FISICA,FACULTAD DE CIENCIAS,Escolarizado,https://www.dgae.unam.mx/Licenciatura2025/resultados/1/10600035.html,80,970,799,104,85,033344,118,S,Seleccionado,Cita para entregar documentación.,Consultar
2025,1,Licenciatura 2025,106,10600035,FISICA,FACULTAD DE CIENCIAS,Escolarizado,https://www.dgae.unam.mx/Licenciatura2025/resultados/1/10600035.html,80,970,799,104,85,033345,50,,No seleccionado,,Consultar
2025,1,Licenciatura 2025,106,10600035,FISICA,FACULTAD DE CIENCIAS,Escolarizado,https://www.dgae.unam.mx/Licenciatura2025/resultados/1/10600035.html,80,970,799,104,85,033363,62,,No seleccionado,,Consultar
2025,1,Licenciatura 2025,106,10600035,FISICA,FACULTAD DE CIENCIAS,Escolarizado,https://www.dgae.unam.mx/Licenciatura2025/resultados/1/10600035.html,80,970,799,104,85,033380,111,S,Seleccionado,Cita para entregar documentación.,Consultar
2025,1,Licenciatura 2025,106,10600035,FISICA,FACULTAD DE CIENCIAS,Escolarizado,https://www.dgae.unam.mx/Licenciatura2025/resultados/1/10600035.html,80,970,799,104,85,033410,49,,No seleccionado,,Consultar
2025,1,Licenciatura 2025,106,10600035,FISICA,FACULTAD DE CIENCIAS,Escolarizado,https://www.dgae.unam.mx/Licenciatura2025/resultados/1/10600035.html,80,970,799,104,85,033412,,N,No presentado,,Consultar
2025,1,Licenciatura 2025,106,10600035,FISICA,FACULTAD DE CIENCIAS,Escolarizado,https://www.dgae.unam.mx/Licenciatura2025/resultados/1/10600035.html,80,970,799,104,85,033444,48,,No seleccionado,,Consultar
2025,1,Licenciatura 2025,106,10600035,FISICA,FACULTAD DE CIENCIAS,Escolarizado,https://www.dgae.unam.mx/Licenciatura2025/resultados/1/10600035.html,80,970,799,104,85,033445,68,,No seleccionado,,Consultar
2025,1,Licenciatura 2025,106,10600035,FISICA,FACULTAD DE CIENCIAS,Escolarizado,https://www.dgae.unam.mx/Licenciatura2025/resultados/1/10600035.html,80,970,799,104,85,033454,79,,No seleccionado,,Consultar
2025,1,Licenciatura 2025,106,10600035,FISICA,FACULTAD DE CIENCIAS,Escolarizado,https://www.dgae.unam.mx/Licenciatura2025/resultados/1/10600035.html,80,970,799,104,85,033462,69,,No seleccionado,,Consultar
2025,1,Licenciatura 2025,106,10600035,FISICA,FACULTAD DE CIENCIAS,Escolarizado,https://www.dgae.unam.mx/Licenciatura2025/resultados/1/10600035.html,80,970,799,104,85,033476,52,,No seleccionado,,Consultar
2025,1,Licenciatura 2025,106,10600035,FISICA,FACULTAD DE CIENCIAS,Escolarizado,https://www.dgae.unam.mx/Licenciatura2025/resultados/1/10600035.html,80,970,799,104,85,033490,84,,No seleccionado,,Consultar
2025,1,Licenciatura 2025,106,10600035,FISICA,FACULTAD DE CIENCIAS,Escolarizado,https://www.dgae.unam.mx/Licenciatura2025/resultados/1/10600035.html,80,970,799,104,85,033491,58,,No seleccionado,,Consultar
2025,1,Licenciatura 2025,106,10600035,FISICA,FACULTAD DE CIENCIAS,Escolarizado,https://www.dgae.unam.mx/Licenciatura2025/resultados/1/10600035.html,80,970,799,104,85,033572,,N,No presentado,,Consultar
2025,1,Licenciatura 2025,106,10600035,FISICA,FACULTAD DE CIENCIAS,Escolarizado,https://www.dgae.unam.mx/Licenciatura2025/resultados/1/10600035.html,80,970,799,104,85,033616,72,,No seleccionado,,Consultar
2025,1,Licenciatura 2025,106,10600035,FISICA,FACULTAD DE CIENCIAS,Escolarizado,https://www.dgae.unam.mx/Licenciatura2025/resultados/1/10600035.html,80,970,799,104,85,033652,,N,No presentado,,Consultar
2025,1,Licenciatura 2025,106,10600035,FISICA,FACULTAD DE CIENCIAS,Escolarizado,https://www.dgae.unam.mx/Licenciatura2025/resultados/1/10600035.html,80,970,799,104,85,033679,,N,No presentado,,Consultar
2025,1,Licenciatura 2025,106,10600035,FISICA,FACULTAD DE CIENCIAS,Escolarizado,https://www.dgae.unam.mx/Licenciatura2025/resultados/1/10600035.html,80,970,799,104,85,033700,113,S,Seleccionado,Cita para entregar documentación.,Consultar
2025,1,Licenciatura 2025,106,10600035,FISICA,FACULTAD DE CIENCIAS,Escolarizado,https://www.dgae.unam.mx/Licenciatura2025/resultados/1/10600035.html,80,970,799,104,85,033704,64,,No seleccionado,,Consultar
2025,1,Licenciatura 2025,106,10600035,FISICA,FACULTAD DE CIENCIAS,Escolarizado,https://www.dgae.unam.mx/Licenciatura2025/resultados/1/10600035.html,80,970,799,104,85,033708,80,,No seleccionado,,Consultar
2025,1,Licenciatura 2025,106,10600035,FISICA,FACULTAD DE CIENCIAS,Escolarizado,https://www.dgae.unam.mx/Licenciatura2025/resultados/1/10600035.html,80,970,799,104,85,033709,100,,No seleccionado,,Consultar
2025,1,Licenciatura 2025,106,10600035,FISICA,FACULTAD DE CIENCIAS,Escolarizado,https://www.dgae.unam.mx/Licenciatura2025/resultados/1/10600035.html,80,970,799,104,85,033740,115,S,Seleccionado,Cita para entregar documentación.,Consultar
2025,1,Licenciatura 2025,106,10600035,FISICA,FACULTAD DE CIENCIAS,Escolarizado,https://www.dgae.unam.mx/Licenciatura2025/resultados/1/10600035.html,80,970,799,104,85,033763,64,,No seleccionado,,Consultar
2025,1,Licenciatura 2025,106,10600035,FISICA,FACULTAD DE CIENCIAS,Escolarizado,https://www.dgae.unam.mx/Licenciatura2025/resultados/1/10600035.html,80,970,799,104,85,033817,,N,No presentado,,Consultar
2025,1,Licenciatura 2025,106,10600035,FISICA,FACULTAD DE CIENCIAS,Escolarizado,https://www.dgae.unam.mx/Licenciatura2025/resultados/1/10600035.html,80,970,799,104,85,033862,61,,No seleccionado,,Consultar
2025,1,Licenciatura 2025,106,10600035,FISICA,FACULTAD DE CIENCIAS,Escolarizado,https://www.dgae.unam.mx/Licenciatura2025/resultados/1/10600035.html,80,970,799,104,85,033903,106,S,Seleccionado,Cita para entregar documentación.,Consultar
2025,1,Licenciatura 2025,106,10600035,FISICA,FACULTAD DE CIENCIAS,Escolarizado,https://www.dgae.unam.mx/Licenciatura2025/resultados/1/10600035.html,80,970,799,104,85,034006,59,,No seleccionado,,Consultar
2025,1,Licenciatura 2025,106,10600035,FISICA,FACULTAD DE CIENCIAS,Escolarizado,https://www.dgae.unam.mx/Licenciatura2025/resultados/1/10600035.html,80,970,799,104,85,034025,90,,No seleccionado,,Consultar
2025,1,Licenciatura 2025,106,10600035,FISICA,FACULTAD DE CIENCIAS,Escolarizado,https://www.dgae.unam.mx/Licenciatura2025/resultados/1/10600035.html,80,970,799,104,85,034030,79,,No seleccionado,,Consultar
2025,1,Licenciatura 2025,106,10600035,FISICA,FACULTAD DE CIENCIAS,Escolarizado,https://www.dgae.unam.mx/Licenciatura2025/resultados/1/10600035.html,80,970,799,104,85,034043,,N,No presentado,,Consultar
2025,1,Licenciatura 2025,106,10600035,FISICA,FACULTAD DE CIENCIAS,Escolarizado,https://www.dgae.unam.mx/Licenciatura2025/resultados/1/10600035.html,80,970,799,104,85,034092,,N,No presentado,,Consultar
2025,1,Licenciatura 2025,106,10600035,FISICA,FACULTAD DE CIENCIAS,Escolarizado,https://www.dgae.unam.mx/Licenciatura2025/resultados/1/10600035.html,80,970,799,104,85,034094,90,,No seleccionado,,Consultar
2025,1,Licenciatura 2025,106,10600035,FISICA,FACULTAD DE CIENCIAS,Escolarizado,https://www.dgae.unam.mx/Licenciatura2025/resultados/1/10600035.html,80,970,799,104,85,034097,66,,No seleccionado,,Consultar
2025,1,Licenciatura 2025,106,10600035,FISICA,FACULTAD DE CIENCIAS,Escolarizado,https://www.dgae.unam.mx/Licenciatura2025/resultados/1/10600035.html,80,970,799,104,85,034110,89,,No seleccionado,,Consultar
2025,1,Licenciatura 2025,106,10600035,FISICA,FACULTAD DE CIENCIAS,Escolarizado,https://www.dgae.unam.mx/Licenciatura2025/resultados/1/10600035.html,80,970,799,104,85,034111,107,S,Seleccionado,Cita para entregar documentación.,Consultar
2025,1,Licenciatura 2025,106,10600035,FISICA,FACULTAD DE CIENCIAS,Escolarizado,https://www.dgae.unam.mx/Licenciatura2025/resultados/1/10600035.html,80,970,799,104,85,034112,,N,No presentado,,Consultar
2025,1,Licenciatura 2025,106,10600035,FISICA,FACULTAD DE CIENCIAS,Escolarizado,https://www.dgae.unam.mx/Licenciatura2025/resultados/1/10600035.html,80,970,799,104,85,034129,56,,No seleccionado,,Consultar
2025,1,Licenciatura 2025,106,10600035,FISICA,FACULTAD DE CIENCIAS,Escolarizado,https://www.dgae.unam.mx/Licenciatura2025/resultados/1/10600035.html,80,970,799,104,85,034137,55,,No seleccionado,,Consultar
2025,1,Licenciatura 2025,106,10600035,FISICA,FACULTAD DE CIENCIAS,Escolarizado,https://www.dgae.unam.mx/Licenciatura2025/resultados/1/10600035.html,80,970,799,104,85,034165,66,,No seleccionado,,Consultar
2025,1,Licenciatura 2025,106,10600035,FISICA,FACULTAD DE CIENCIAS,Escolarizado,https://www.dgae.unam.mx/Licenciatura2025/resultados/1/10600035.html,80,970,799,104,85,034181,,N,No presentado,,Consultar
2025,1,Licenciatura 2025,106,10600035,FISICA,FACULTAD DE CIENCIAS,Escolarizado,https://www.dgae.unam.mx/Licenciatura2025/resultados/1/10600035.html,80,970,799,104,85,034188,67,,No seleccionado,,Consultar
2025,1,Licenciatura 2025,106,10600035,FISICA,FACULTAD DE CIENCIAS,Escolarizado,https://www.dgae.unam.mx/Licenciatura2025/resultados/1/10600035.html,80,970,799,104,85,034194,79,,No seleccionado,,Consultar
2025,1,Licenciatura 2025,106,10600035,FISICA,FACULTAD DE CIENCIAS,Escolarizado,https://www.dgae.unam.mx/Licenciatura2025/resultados/1/10600035.html,80,970,799,104,85,034231,67,,No seleccionado,,Consultar
2025,1,Licenciatura 2025,106,10600035,FISICA,FACULTAD DE CIENCIAS,Escolarizado,https://www.dgae.unam.mx/Licenciatura2025/resultados/1/10600035.html,80,970,799,104,85,034245,100,,No seleccionado,,Consultar
2025,1,Licenciatura 2025,106,10600035,FISICA,FACULTAD DE CIENCIAS,Escolarizado,https://www.dgae.unam.mx/Licenciatura2025/resultados/1/10600035.html,80,970,799,104,85,034251,,N,No presentado,,Consultar
2025,1,Licenciatura 2025,106,10600035,FISICA,FACULTAD DE CIENCIAS,Escolarizado,https://www.dgae.unam.mx/Licenciatura2025/resultados/1/10600035.html,80,970,799,104,85,034283,65,,No seleccionado,,Consultar
2025,1,Licenciatura 2025,106,10600035,FISICA,FACULTAD DE CIENCIAS,Escolarizado,https://www.dgae.unam.mx/Licenciatura2025/resultados/1/10600035.html,80,970,799,104,85,034305,95,,No seleccionado,,Consultar
2025,1,Licenciatura 2025,106,10600035,FISICA,FACULTAD DE CIENCIAS,Escolarizado,https://www.dgae.unam.mx/Licenciatura2025/resultados/1/10600035.html,80,970,799,104,85,034353,109,S,Seleccionado,Cita para entregar documentación.,Consultar
2025,1,Licenciatura 2025,106,10600035,FISICA,FACULTAD DE CIENCIAS,Escolarizado,https://www.dgae.unam.mx/Licenciatura2025/resultados/1/10600035.html,80,970,799,104,85,034359,94,,No seleccionado,,Consultar
2025,1,Licenciatura 2025,106,10600035,FISICA,FACULTAD DE CIENCIAS,Escolarizado,https://www.dgae.unam.mx/Licenciatura2025/resultados/1/10600035.html,80,970,799,104,85,034380,89,,No seleccionado,,Consultar
2025,1,Licenciatura 2025,106,10600035,FISICA,FACULTAD DE CIENCIAS,Escolarizado,https://www.dgae.unam.mx/Licenciatura2025/resultados/1/10600035.html,80,970,799,104,85,034398,,N,No presentado,,Consultar
2025,1,Licenciatura 2025,106,10600035,FISICA,FACULTAD DE CIENCIAS,Escolarizado,https://www.dgae.unam.mx/Licenciatura2025/resultados/1/10600035.html,80,970,799,104,85,034407,89,,No seleccionado,,Consultar
2025,1,Licenciatura 2025,106,10600035,FISICA,FACULTAD DE CIENCIAS,Escolarizado,https://www.dgae.unam.mx/Licenciatura2025/resultados/1/10600035.html,80,970,799,104,85,034422,77,,No seleccionado,,Consultar
2025,1,Licenciatura 2025,106,10600035,FISICA,FACULTAD DE CIENCIAS,Escolarizado,https://www.dgae.unam.mx/Licenciatura2025/resultados/1/10600035.html,80,970,799,104,85,034443,,N,No presentado,,Consultar
2025,1,Licenciatura 2025,106,10600035,FISICA,FACULTAD DE CIENCIAS,Escolarizado,https://www.dgae.unam.mx/Licenciatura2025/resultados/1/10600035.html,80,970,799,104,85,034460,111,S,Seleccionado,Cita para entregar documentación.,Consultar
2025,1,Licenciatura 2025,106,10600035,FISICA,FACULTAD DE CIENCIAS,Escolarizado,https://www.dgae.unam.mx/Licenciatura2025/resultados/1/10600035.html,80,970,799,104,85,034463,44,,No seleccionado,,Consultar
2025,1,Licenciatura 2025,106,10600035,FISICA,FACULTAD DE CIENCIAS,Escolarizado,https://www.dgae.unam.mx/Licenciatura2025/resultados/1/10600035.html,80,970,799,104,85,034487,71,,No seleccionado,,Consultar
2025,1,Licenciatura 2025,106,10600035,FISICA,FACULTAD DE CIENCIAS,Escolarizado,https://www.dgae.unam.mx/Licenciatura2025/resultados/1/10600035.html,80,970,799,104,85,034491,99,,No seleccionado,,Consultar
2025,1,Licenciatura 2025,106,10600035,FISICA,FACULTAD DE CIENCIAS,Escolarizado,https://www.dgae.unam.mx/Licenciatura2025/resultados/1/10600035.html,80,970,799,104,85,034496,,N,No presentado,,Consultar
2025,1,Licenciatura 2025,106,10600035,FISICA,FACULTAD DE CIENCIAS,Escolarizado,https://www.dgae.unam.mx/Licenciatura2025/resultados/1/10600035.html,80,970,799,104,85,034497,67,,No seleccionado,,Consultar
2025,1,Licenciatura 2025,106,10600035,FISICA,FACULTAD DE CIENCIAS,Escolarizado,https://www.dgae.unam.mx/Licenciatura2025/resultados/1/10600035.html,80,970,799,104,85,034514,104,S,Seleccionado,Cita para entregar documentación.,Consultar
2025,1,Licenciatura 2025,106,10600035,FISICA,FACULTAD DE CIENCIAS,Escolarizado,https://www.dgae.unam.mx/Licenciatura2025/resultados/1/10600035.html,80,970,799,104,85,034517,,N,No presentado,,Consultar
2025,1,Licenciatura 2025,106,10600035,FISICA,FACULTAD DE CIENCIAS,Escolarizado,https://www.dgae.unam.mx/Licenciatura2025/resultados/1/10600035.html,80,970,799,104,85,034531,78,,No seleccionado,,Consultar
2025,1,Licenciatura 2025,106,10600035,FISICA,FACULTAD DE CIENCIAS,Escolarizado,https://www.dgae.unam.mx/Licenciatura2025/resultados/1/10600035.html,80,970,799,104,85,034535,75,,No seleccionado,,Consultar
2025,1,Licenciatura 2025,106,10600035,FISICA,FACULTAD DE CIENCIAS,Escolarizado,https://www.dgae.unam.mx/Licenciatura2025/resultados/1/10600035.html,80,970,799,104,85,034538,42,,No seleccionado,,Consultar
2025,1,Licenciatura 2025,106,10600035,FISICA,FACULTAD DE CIENCIAS,Escolarizado,https://www.dgae.unam.mx/Licenciatura2025/resultados/1/10600035.html,80,970,799,104,85,034544,88,,No seleccionado,,Consultar
2025,1,Licenciatura 2025,106,10600035,FISICA,FACULTAD DE CIENCIAS,Escolarizado,https://www.dgae.unam.mx/Licenciatura2025/resultados/1/10600035.html,80,970,799,104,85,034601,63,,No seleccionado,,Consultar
2025,1,Licenciatura 2025,106,10600035,FISICA,FACULTAD DE CIENCIAS,Escolarizado,https://www.dgae.unam.mx/Licenciatura2025/resultados/1/10600035.html,80,970,799,104,85,034602,,N,No presentado,,Consultar
2025,1,Licenciatura 2025,106,10600035,FISICA,FACULTAD DE CIENCIAS,Escolarizado,https://www.dgae.unam.mx/Licenciatura2025/resultados/1/10600035.html,80,970,799,104,85,034611,52,,No seleccionado,,Consultar
2025,1,Licenciatura 2025,106,10600035,FISICA,FACULTAD DE CIENCIAS,Escolarizado,https://www.dgae.unam.mx/Licenciatura2025/resultados/1/10600035.html,80,970,799,104,85,034616,78,,No seleccionado,,Consultar
2025,1,Licenciatura 2025,106,10600035,FISICA,FACULTAD DE CIENCIAS,Escolarizado,https://www.dgae.unam.mx/Licenciatura2025/resultados/1/10600035.html,80,970,799,104,85,034618,,N,No presentado,,Consultar
2025,1,Licenciatura 2025,106,10600035,FISICA,FACULTAD DE CIENCIAS,Escolarizado,https://www.dgae.unam.mx/Licenciatura2025/resultados/1/10600035.html,80,970,799,104,85,034620,,N,No presentado,,Consultar
2025,1,Licenciatura 2025,106,10600035,FISICA,FACULTAD DE CIENCIAS,Escolarizado,https://www.dgae.unam.mx/Licenciatura2025/resultados/1/10600035.html,80,970,799,104,85,034627,,N,No presentado,,Consultar
2025,1,Licenciatura 2025,106,10600035,FISICA,FACULTAD DE CIENCIAS,Escolarizado,https://www.dgae.unam.mx/Licenciatura2025/resultados/1/10600035.html,80,970,799,104,85,034645,43,,No seleccionado,,Consultar
2025,1,Licenciatura 2025,106,10600035,FISICA,FACULTAD DE CIENCIAS,Escolarizado,https://www.dgae.unam.mx/Licenciatura2025/resultados/1/10600035.html,80,970,799,104,85,034669,103,,No seleccionado,,Consultar
2025,1,Licenciatura 2025,106,10600035,FISICA,FACULTAD DE CIENCIAS,Escolarizado,https://www.dgae.unam.mx/Licenciatura2025/resultados/1/10600035.html,80,970,799,104,85,034670,,N,No presentado,,Consultar
2025,1,Licenciatura 2025,106,10600035,FISICA,FACULTAD DE CIENCIAS,Escolarizado,https://www.dgae.unam.mx/Licenciatura2025/resultados/1/10600035.html,80,970,799,104,85,034718,67,,No seleccionado,,Consultar
2025,1,Licenciatura 2025,106,10600035,FISICA,FACULTAD DE CIENCIAS,Escolarizado,https://www.dgae.unam.mx/Licenciatura2025/resultados/1/10600035.html,80,970,799,104,85,034725,,N,No presentado,,Consultar
2025,1,Licenciatura 2025,106,10600035,FISICA,FACULTAD DE CIENCIAS,Escolarizado,https://www.dgae.unam.mx/Licenciatura2025/resultados/1/10600035.html,80,970,799,104,85,034752,,N,No presentado,,Consultar
2025,1,Licenciatura 2025,106,10600035,FISICA,FACULTAD DE CIENCIAS,Escolarizado,https://www.dgae.unam.mx/Licenciatura2025/resultados/1/10600035.html,80,970,799,104,85,034760,90,,No seleccionado,,Consultar
2025,1,Licenciatura 2025,106,10600035,FISICA,FACULTAD DE CIENCIAS,Escolarizado,https://www.dgae.unam.mx/Licenciatura2025/resultados/1/10600035.html,80,970,799,104,85,034774,90,,No seleccionado,,Consultar
2025,1,Licenciatura 2025,106,10600035,FISICA,FACULTAD DE CIENCIAS,Escolarizado,https://www.dgae.unam.mx/Licenciatura2025/resultados/1/10600035.html,80,970,799,104,85,034778,44,,No seleccionado,,Consultar
2025,1,Licenciatura 2025,106,10600035,FISICA,FACULTAD DE CIENCIAS,Escolarizado,https://www.dgae.unam.mx/Licenciatura2025/resultados/1/10600035.html,80,970,799,104,85,034838,64,,No seleccionado,,Consultar
2025,1,Licenciatura 2025,106,10600035,FISICA,FACULTAD DE CIENCIAS,Escolarizado,https://www.dgae.unam.mx/Licenciatura2025/resultados/1/10600035.html,80,970,799,104,85,034859,79,,No seleccionado,,Consultar
2025,1,Licenciatura 2025,106,10600035,FISICA,FACULTAD DE CIENCIAS,Escolarizado,https://www.dgae.unam.mx/Licenciatura2025/resultados/1/10600035.html,80,970,799,104,85,034861,63,,No seleccionado,,Consultar
2025,1,Licenciatura 2025,106,10600035,FISICA,FACULTAD DE CIENCIAS,Escolarizado,https://www.dgae.unam.mx/Licenciatura2025/resultados/1/10600035.html,80,970,799,104,85,034908,65,,No seleccionado,,Consultar
2025,1,Licenciatura 2025,106,10600035,FISICA,FACULTAD DE CIENCIAS,Escolarizado,https://www.dgae.unam.mx/Licenciatura2025/resultados/1/10600035.html,80,970,799,104,85,034947,,N,No presentado,,Consultar
2025,1,Licenciatura 2025,106,10600035,FISICA,FACULTAD DE CIENCIAS,Escolarizado,https://www.dgae.unam.mx/Licenciatura2025/resultados/1/10600035.html,80,970,799,104,85,034966,78,,No seleccionado,,Consultar
2025,1,Licenciatura 2025,106,10600035,FISICA,FACULTAD DE CIENCIAS,Escolarizado,https://www.dgae.unam.mx/Licenciatura2025/resultados/1/10600035.html,80,970,799,104,85,035003,79,,No seleccionado,,Consultar
2025,1,Licenciatura 2025,106,10600035,FISICA,FACULTAD DE CIENCIAS,Escolarizado,https://www.dgae.unam.mx/Licenciatura2025/resultados/1/10600035.html,80,970,799,104,85,035006,,N,No presentado,,Consultar
2025,1,Licenciatura 2025,106,10600035,FISICA,FACULTAD DE CIENCIAS,Escolarizado,https://www.dgae.unam.mx/Licenciatura2025/resultados/1/10600035.html,80,970,799,104,85,035026,46,,No seleccionado,,Consultar
2025,1,Licenciatura 2025,106,10600035,FISICA,FACULTAD DE CIENCIAS,Escolarizado,https://www.dgae.unam.mx/Licenciatura2025/resultados/1/10600035.html,80,970,799,104,85,035031,86,,No seleccionado,,Consultar
2025,1,Licenciatura 2025,106,10600035,FISICA,FACULTAD DE CIENCIAS,Escolarizado,https://www.dgae.unam.mx/Licenciatura2025/resultados/1/10600035.html,80,970,799,104,85,035032,92,,No seleccionado,,Consultar
2025,1,Licenciatura 2025,106,10600035,FISICA,FACULTAD DE CIENCIAS,Escolarizado,https://www.dgae.unam.mx/Licenciatura2025/resultados/1/10600035.html,80,970,799,104,85,035037,64,,No seleccionado,,Consultar
2025,1,Licenciatura 2025,106,10600035,FISICA,FACULTAD DE CIENCIAS,Escolarizado,https://www.dgae.unam.mx/Licenciatura2025/resultados/1/10600035.html,80,970,799,104,85,035059,96,,No seleccionado,,Consultar
2025,1,Licenciatura 2025,106,10600035,FISICA,FACULTAD DE CIENCIAS,Escolarizado,https://www.dgae.unam.mx/Licenciatura2025/resultados/1/10600035.html,80,970,799,104,85,035175,,N,No presentado,,Consultar
2025,1,Licenciatura 2025,106,10600035,FISICA,FACULTAD DE CIENCIAS,Escolarizado,https://www.dgae.unam.mx/Licenciatura2025/resultados/1/10600035.html,80,970,799,104,85,035242,,N,No presentado,,Consultar
2025,1,Licenciatura 2025,106,10600035,FISICA,FACULTAD DE CIENCIAS,Escolarizado,https://www.dgae.unam.mx/Licenciatura2025/resultados/1/10600035.html,80,970,799,104,85,035266,,N,No presentado,,Consultar
2025,1,Licenciatura 2025,106,10600035,FISICA,FACULTAD DE CIENCIAS,Escolarizado,https://www.dgae.unam.mx/Licenciatura2025/resultados/1/10600035.html,80,970,799,104,85,035394,88,,No seleccionado,,Consultar
2025,1,Licenciatura 2025,106,10600035,FISICA,FACULTAD DE CIENCIAS,Escolarizado,https://www.dgae.unam.mx/Licenciatura2025/resultados/1/10600035.html,80,970,799,104,85,035399,40,,No seleccionado,,Consultar
2025,1,Licenciatura 2025,106,10600035,FISICA,FACULTAD DE CIENCIAS,Escolarizado,https://www.dgae.unam.mx/Licenciatura2025/resultados/1/10600035.html,80,970,799,104,85,035405,73,,No seleccionado,,Consultar
2025,1,Licenciatura 2025,106,10600035,FISICA,FACULTAD DE CIENCIAS,Escolarizado,https://www.dgae.unam.mx/Licenciatura2025/resultados/1/10600035.html,80,970,799,104,85,035423,,N,No presentado,,Consultar
2025,1,Licenciatura 2025,106,10600035,FISICA,FACULTAD DE CIENCIAS,Escolarizado,https://www.dgae.unam.mx/Licenciatura2025/resultados/1/10600035.html,80,970,799,104,85,035432,,N,No presentado,,Consultar
2025,1,Licenciatura 2025,106,10600035,FISICA,FACULTAD DE CIENCIAS,Escolarizado,https://www.dgae.unam.mx/Licenciatura2025/resultados/1/10600035.html,80,970,799,104,85,035433,107,S,Seleccionado,Cita para entregar documentación.,Consultar
2025,1,Licenciatura 2025,106,10600035,FISICA,FACULTAD DE CIENCIAS,Escolarizado,https://www.dgae.unam.mx/Licenciatura2025/resultados/1/10600035.html,80,970,799,104,85,035435,72,,No seleccionado,,Consultar
2025,1,Licenciatura 2025,106,10600035,FISICA,FACULTAD DE CIENCIAS,Escolarizado,https://www.dgae.unam.mx/Licenciatura2025/resultados/1/10600035.html,80,970,799,104,85,035446,107,S,Seleccionado,Cita para entregar documentación.,Consultar
2025,1,Licenciatura 2025,106,10600035,FISICA,FACULTAD DE CIENCIAS,Escolarizado,https://www.dgae.unam.mx/Licenciatura2025/resultados/1/10600035.html,80,970,799,104,85,035447,74,,No seleccionado,,Consultar
2025,1,Licenciatura 2025,106,10600035,FISICA,FACULTAD DE CIENCIAS,Escolarizado,https://www.dgae.unam.mx/Licenciatura2025/resultados/1/10600035.html,80,970,799,104,85,035470,,N,No presentado,,Consultar
2025,1,Licenciatura 2025,106,10600035,FISICA,FACULTAD DE CIENCIAS,Escolarizado,https://www.dgae.unam.mx/Licenciatura2025/resultados/1/10600035.html,80,970,799,104,85,035477,45,,No seleccionado,,Consultar
2025,1,Licenciatura 2025,106,10600035,FISICA,FACULTAD DE CIENCIAS,Escolarizado,https://www.dgae.unam.mx/Licenciatura2025/resultados/1/10600035.html,80,970,799,104,85,035486,93,,No seleccionado,,Consultar
2025,1,Licenciatura 2025,106,10600035,FISICA,FACULTAD DE CIENCIAS,Escolarizado,https://www.dgae.unam.mx/Licenciatura2025/resultados/1/10600035.html,80,970,799,104,85,035488,58,,No seleccionado,,Consultar
2025,1,Licenciatura 2025,106,10600035,FISICA,FACULTAD DE CIENCIAS,Escolarizado,https://www.dgae.unam.mx/Licenciatura2025/resultados/1/10600035.html,80,970,799,104,85,035507,97,,No seleccionado,,Consultar
2025,1,Licenciatura 2025,106,10600035,FISICA,FACULTAD DE CIENCIAS,Escolarizado,https://www.dgae.unam.mx/Licenciatura2025/resultados/1/10600035.html,80,970,799,104,85,035538,44,,No seleccionado,,Consultar
2025,1,Licenciatura 2025,106,10600035,FISICA,FACULTAD DE CIENCIAS,Escolarizado,https://www.dgae.unam.mx/Licenciatura2025/resultados/1/10600035.html,80,970,799,104,85,035541,67,,No seleccionado,,Consultar
2025,1,Licenciatura 2025,106,10600035,FISICA,FACULTAD DE CIENCIAS,Escolarizado,https://www.dgae.unam.mx/Licenciatura2025/resultados/1/10600035.html,80,970,799,104,85,035547,97,,No seleccionado,,Consultar
2025,1,Licenciatura 2025,106,10600035,FISICA,FACULTAD DE CIENCIAS,Escolarizado,https://www.dgae.unam.mx/Licenciatura2025/resultados/1/10600035.html,80,970,799,104,85,035573,,N,No presentado,,Consultar
2025,1,Licenciatura 2025,106,10600035,FISICA,FACULTAD DE CIENCIAS,Escolarizado,https://www.dgae.unam.mx/Licenciatura2025/resultados/1/10600035.html,80,970,799,104,85,035647,73,,No seleccionado,,Consultar
2025,1,Licenciatura 2025,106,10600035,FISICA,FACULTAD DE CIENCIAS,Escolarizado,https://www.dgae.unam.mx/Licenciatura2025/resultados/1/10600035.html,80,970,799,104,85,035652,81,,No seleccionado,,Consultar
2025,1,Licenciatura 2025,106,10600035,FISICA,FACULTAD DE CIENCIAS,Escolarizado,https://www.dgae.unam.mx/Licenciatura2025/resultados/1/10600035.html,80,970,799,104,85,035704,87,,No seleccionado,,Consultar
2025,1,Licenciatura 2025,106,10600035,FISICA,FACULTAD DE CIENCIAS,Escolarizado,https://www.dgae.unam.mx/Licenciatura2025/resultados/1/10600035.html,80,970,799,104,85,035718,65,,No seleccionado,,Consultar
2025,1,Licenciatura 2025,106,10600035,FISICA,FACULTAD DE CIENCIAS,Escolarizado,https://www.dgae.unam.mx/Licenciatura2025/resultados/1/10600035.html,80,970,799,104,85,035720,32,,No seleccionado,,Consultar
2025,1,Licenciatura 2025,106,10600035,FISICA,FACULTAD DE CIENCIAS,Escolarizado,https://www.dgae.unam.mx/Licenciatura2025/resultados/1/10600035.html,80,970,799,104,85,035738,115,S,Seleccionado,Cita para entregar documentación.,Consultar
2025,1,Licenciatura 2025,106,10600035,FISICA,FACULTAD DE CIENCIAS,Escolarizado,https://www.dgae.unam.mx/Licenciatura2025/resultados/1/10600035.html,80,970,799,104,85,035790,,N,No presentado,,Consultar
2025,1,Licenciatura 2025,106,10600035,FISICA,FACULTAD DE CIENCIAS,Escolarizado,https://www.dgae.unam.mx/Licenciatura2025/resultados/1/10600035.html,80,970,799,104,85,035792,89,,No seleccionado,,Consultar
2025,1,Licenciatura 2025,106,10600035,FISICA,FACULTAD DE CIENCIAS,Escolarizado,https://www.dgae.unam.mx/Licenciatura2025/resultados/1/10600035.html,80,970,799,104,85,035809,67,,No seleccionado,,Consultar
2025,1,Licenciatura 2025,106,10600035,FISICA,FACULTAD DE CIENCIAS,Escolarizado,https://www.dgae.unam.mx/Licenciatura2025/resultados/1/10600035.html,80,970,799,104,85,035825,,N,No presentado,,Consultar
2025,1,Licenciatura 2025,106,10600035,FISICA,FACULTAD DE CIENCIAS,Escolarizado,https://www.dgae.unam.mx/Licenciatura2025/resultados/1/10600035.html,80,970,799,104,85,035827,59,,No seleccionado,,Consultar
2025,1,Licenciatura 2025,106,10600035,FISICA,FACULTAD DE CIENCIAS,Escolarizado,https://www.dgae.unam.mx/Licenciatura2025/resultados/1/10600035.html,80,970,799,104,85,035856,88,,No seleccionado,,Consultar
2025,1,Licenciatura 2025,106,10600035,FISICA,FACULTAD DE CIENCIAS,Escolarizado,https://www.dgae.unam.mx/Licenciatura2025/resultados/1/10600035.html,80,970,799,104,85,035857,,N,No presentado,,Consultar
2025,1,Licenciatura 2025,106,10600035,FISICA,FACULTAD DE CIENCIAS,Escolarizado,https://www.dgae.unam.mx/Licenciatura2025/resultados/1/10600035.html,80,970,799,104,85,035883,76,,No seleccionado,,Consultar
2025,1,Licenciatura 2025,106,10600035,FISICA,FACULTAD DE CIENCIAS,Escolarizado,https://www.dgae.unam.mx/Licenciatura2025/resultados/1/10600035.html,80,970,799,104,85,035896,114,S,Seleccionado,Cita para entregar documentación.,Consultar
2025,1,Licenciatura 2025,106,10600035,FISICA,FACULTAD DE CIENCIAS,Escolarizado,https://www.dgae.unam.mx/Licenciatura2025/resultados/1/10600035.html,80,970,799,104,85,035929,,N,No presentado,,Consultar
2025,1,Licenciatura 2025,106,10600035,FISICA,FACULTAD DE CIENCIAS,Escolarizado,https://www.dgae.unam.mx/Licenciatura2025/resultados/1/10600035.html,80,970,799,104,85,035952,46,,No seleccionado,,Consultar
2025,1,Licenciatura 2025,106,10600035,FISICA,FACULTAD DE CIENCIAS,Escolarizado,https://www.dgae.unam.mx/Licenciatura2025/resultados/1/10600035.html,80,970,799,104,85,035967,80,,No seleccionado,,Consultar
2025,1,Licenciatura 2025,106,10600035,FISICA,FACULTAD DE CIENCIAS,Escolarizado,https://www.dgae.unam.mx/Licenciatura2025/resultados/1/10600035.html,80,970,799,104,85,035975,94,,No seleccionado,,Consultar
2025,1,Licenciatura 2025,106,10600035,FISICA,FACULTAD DE CIENCIAS,Escolarizado,https://www.dgae.unam.mx/Licenciatura2025/resultados/1/10600035.html,80,970,799,104,85,036033,61,,No seleccionado,,Consultar
2025,1,Licenciatura 2025,106,10600035,FISICA,FACULTAD DE CIENCIAS,Escolarizado,https://www.dgae.unam.mx/Licenciatura2025/resultados/1/10600035.html,80,970,799,104,85,036098,,N,No presentado,,Consultar
2025,1,Licenciatura 2025,106,10600035,FISICA,FACULTAD DE CIENCIAS,Escolarizado,https://www.dgae.unam.mx/Licenciatura2025/resultados/1/10600035.html,80,970,799,104,85,036108,,N,No presentado,,Consultar
2025,1,Licenciatura 2025,106,10600035,FISICA,FACULTAD DE CIENCIAS,Escolarizado,https://www.dgae.unam.mx/Licenciatura2025/resultados/1/10600035.html,80,970,799,104,85,036124,35,,No seleccionado,,Consultar
2025,1,Licenciatura 2025,106,10600035,FISICA,FACULTAD DE CIENCIAS,Escolarizado,https://www.dgae.unam.mx/Licenciatura2025/resultados/1/10600035.html,80,970,799,104,85,036135,,N,No presentado,,Consultar
2025,1,Licenciatura 2025,106,10600035,FISICA,FACULTAD DE CIENCIAS,Escolarizado,https://www.dgae.unam.mx/Licenciatura2025/resultados/1/10600035.html,80,970,799,104,85,036138,,N,No presentado,,Consultar
2025,1,Licenciatura 2025,106,10600035,FISICA,FACULTAD DE CIENCIAS,Escolarizado,https://www.dgae.unam.mx/Licenciatura2025/resultados/1/10600035.html,80,970,799,104,85,036145,106,S,Seleccionado,Cita para entregar documentación.,Consultar
2025,1,Licenciatura 2025,106,10600035,FISICA,FACULTAD DE CIENCIAS,Escolarizado,https://www.dgae.unam.mx/Licenciatura2025/resultados/1/10600035.html,80,970,799,104,85,036148,,N,No presentado,,Consultar
2025,1,Licenciatura 2025,106,10600035,FISICA,FACULTAD DE CIENCIAS,Escolarizado,https://www.dgae.unam.mx/Licenciatura2025/resultados/1/10600035.html,80,970,799,104,85,036150,101,,No seleccionado,,Consultar
2025,1,Licenciatura 2025,106,10600035,FISICA,FACULTAD DE CIENCIAS,Escolarizado,https://www.dgae.unam.mx/Licenciatura2025/resultados/1/10600035.html,80,970,799,104,85,036160,95,,No seleccionado,,Consultar
2025,1,Licenciatura 2025,106,10600035,FISICA,FACULTAD DE CIENCIAS,Escolarizado,https://www.dgae.unam.mx/Licenciatura2025/resultados/1/10600035.html,80,970,799,104,85,036187,103,,No seleccionado,,Consultar
2025,1,Licenciatura 2025,106,10600035,FISICA,FACULTAD DE CIENCIAS,Escolarizado,https://www.dgae.unam.mx/Licenciatura2025/resultados/1/10600035.html,80,970,799,104,85,036205,,N,No presentado,,Consultar
2025,1,Licenciatura 2025,106,10600035,FISICA,FACULTAD DE CIENCIAS,Escolarizado,https://www.dgae.unam.mx/Licenciatura2025/resultados/1/10600035.html,80,970,799,104,85,036211,96,,No seleccionado,,Consultar
2025,1,Licenciatura 2025,106,10600035,FISICA,FACULTAD DE CIENCIAS,Escolarizado,https://www.dgae.unam.mx/Licenciatura2025/resultados/1/10600035.html,80,970,799,104,85,036226,108,S,Seleccionado,Cita para entregar documentación.,Consultar
2025,1,Licenciatura 2025,106,10600035,FISICA,FACULTAD DE CIENCIAS,Escolarizado,https://www.dgae.unam.mx/Licenciatura2025/resultados/1/10600035.html,80,970,799,104,85,036272,89,,No seleccionado,,Consultar
2025,1,Licenciatura 2025,106,10600035,FISICA,FACULTAD DE CIENCIAS,Escolarizado,https://www.dgae.unam.mx/Licenciatura2025/resultados/1/10600035.html,80,970,799,104,85,036279,81,,No seleccionado,,Consultar
2025,1,Licenciatura 2025,106,10600035,FISICA,FACULTAD DE CIENCIAS,Escolarizado,https://www.dgae.unam.mx/Licenciatura2025/resultados/1/10600035.html,80,970,799,104,85,036289,111,S,Seleccionado,Cita para entregar documentación.,Consultar
2025,1,Licenciatura 2025,106,10600035,FISICA,FACULTAD DE CIENCIAS,Escolarizado,https://www.dgae.unam.mx/Licenciatura2025/resultados/1/10600035.html,80,970,799,104,85,036311,,N,No presentado,,Consultar
2025,1,Licenciatura 2025,106,10600035,FISICA,FACULTAD DE CIENCIAS,Escolarizado,https://www.dgae.unam.mx/Licenciatura2025/resultados/1/10600035.html,80,970,799,104,85,036317,88,,No seleccionado,,Consultar
2025,1,Licenciatura 2025,106,10600035,FISICA,FACULTAD DE CIENCIAS,Escolarizado,https://www.dgae.unam.mx/Licenciatura2025/resultados/1/10600035.html,80,970,799,104,85,036320,80,,No seleccionado,,Consultar
2025,1,Licenciatura 2025,106,10600035,FISICA,FACULTAD DE CIENCIAS,Escolarizado,https://www.dgae.unam.mx/Licenciatura2025/resultados/1/10600035.html,80,970,799,104,85,036370,74,,No seleccionado,,Consultar
2025,1,Licenciatura 2025,106,10600035,FISICA,FACULTAD DE CIENCIAS,Escolarizado,https://www.dgae.unam.mx/Licenciatura2025/resultados/1/10600035.html,80,970,799,104,85,036393,108,S,Seleccionado,Cita para entregar documentación.,Consultar
2025,1,Licenciatura 2025,106,10600035,FISICA,FACULTAD DE CIENCIAS,Escolarizado,https://www.dgae.unam.mx/Licenciatura2025/resultados/1/10600035.html,80,970,799,104,85,036462,79,,No seleccionado,,Consultar
2025,1,Licenciatura 2025,106,10600035,FISICA,FACULTAD DE CIENCIAS,Escolarizado,https://www.dgae.unam.mx/Licenciatura2025/resultados/1/10600035.html,80,970,799,104,85,036481,114,S,Seleccionado,Cita para entregar documentación.,Consultar
2025,1,Licenciatura 2025,106,10600035,FISICA,FACULTAD DE CIENCIAS,Escolarizado,https://www.dgae.unam.mx/Licenciatura2025/resultados/1/10600035.html,80,970,799,104,85,036524,,N,No presentado,,Consultar
2025,1,Licenciatura 2025,106,10600035,FISICA,FACULTAD DE CIENCIAS,Escolarizado,https://www.dgae.unam.mx/Licenciatura2025/resultados/1/10600035.html,80,970,799,104,85,036532,80,,No seleccionado,,Consultar
2025,1,Licenciatura 2025,106,10600035,FISICA,FACULTAD DE CIENCIAS,Escolarizado,https://www.dgae.unam.mx/Licenciatura2025/resultados/1/10600035.html,80,970,799,104,85,036551,74,,No seleccionado,,Consultar
2025,1,Licenciatura 2025,106,10600035,FISICA,FACULTAD DE CIENCIAS,Escolarizado,https://www.dgae.unam.mx/Licenciatura2025/resultados/1/10600035.html,80,970,799,104,85,036597,39,,No seleccionado,,Consultar
2025,1,Licenciatura 2025,106,10600035,FISICA,FACULTAD DE CIENCIAS,Escolarizado,https://www.dgae.unam.mx/Licenciatura2025/resultados/1/10600035.html,80,970,799,104,85,036705,75,,No seleccionado,,Consultar
2025,1,Licenciatura 2025,106,10600035,FISICA,FACULTAD DE CIENCIAS,Escolarizado,https://www.dgae.unam.mx/Licenciatura2025/resultados/1/10600035.html,80,970,799,104,85,036757,61,,No seleccionado,,Consultar
2025,1,Licenciatura 2025,106,10600035,FISICA,FACULTAD DE CIENCIAS,Escolarizado,https://www.dgae.unam.mx/Licenciatura2025/resultados/1/10600035.html,80,970,799,104,85,036810,84,,No seleccionado,,Consultar
2025,1,Licenciatura 2025,106,10600035,FISICA,FACULTAD DE CIENCIAS,Escolarizado,https://www.dgae.unam.mx/Licenciatura2025/resultados/1/10600035.html,80,970,799,104,85,036818,52,,No seleccionado,,Consultar
2025,1,Licenciatura 2025,106,10600035,FISICA,FACULTAD DE CIENCIAS,Escolarizado,https://www.dgae.unam.mx/Licenciatura2025/resultados/1/10600035.html,80,970,799,104,85,036868,,N,No presentado,,Consultar
2025,1,Licenciatura 2025,106,10600035,FISICA,FACULTAD DE CIENCIAS,Escolarizado,https://www.dgae.unam.mx/Licenciatura2025/resultados/1/10600035.html,80,970,799,104,85,036872,,N,No presentado,,Consultar
2025,1,Licenciatura 2025,106,10600035,FISICA,FACULTAD DE CIENCIAS,Escolarizado,https://www.dgae.unam.mx/Licenciatura2025/resultados/1/10600035.html,80,970,799,104,85,036885,62,,No seleccionado,,Consultar
2025,1,Licenciatura 2025,106,10600035,FISICA,FACULTAD DE CIENCIAS,Escolarizado,https://www.dgae.unam.mx/Licenciatura2025/resultados/1/10600035.html,80,970,799,104,85,036893,62,,No seleccionado,,Consultar
2025,1,Licenciatura 2025,106,10600035,FISICA,FACULTAD DE CIENCIAS,Escolarizado,https://www.dgae.unam.mx/Licenciatura2025/resultados/1/10600035.html,80,970,799,104,85,036919,,N,No presentado,,Consultar
2025,1,Licenciatura 2025,106,10600035,FISICA,FACULTAD DE CIENCIAS,Escolarizado,https://www.dgae.unam.mx/Licenciatura2025/resultados/1/10600035.html,80,970,799,104,85,036966,70,,No seleccionado,,Consultar
2025,1,Licenciatura 2025,106,10600035,FISICA,FACULTAD DE CIENCIAS,Escolarizado,https://www.dgae.unam.mx/Licenciatura2025/resultados/1/10600035.html,80,970,799,104,85,037029,,N,No presentado,,Consultar
2025,1,Licenciatura 2025,106,10600035,FISICA,FACULTAD DE CIENCIAS,Escolarizado,https://www.dgae.unam.mx/Licenciatura2025/resultados/1/10600035.html,80,970,799,104,85,037080,47,,No seleccionado,,Consultar
2025,1,Licenciatura 2025,106,10600035,FISICA,FACULTAD DE CIENCIAS,Escolarizado,https://www.dgae.unam.mx/Licenciatura2025/resultados/1/10600035.html,80,970,799,104,85,037088,87,,No seleccionado,,Consultar
2025,1,Licenciatura 2025,106,10600035,FISICA,FACULTAD DE CIENCIAS,Escolarizado,https://www.dgae.unam.mx/Licenciatura2025/resultados/1/10600035.html,80,970,799,104,85,037111,98,,No seleccionado,,Consultar
2025,1,Licenciatura 2025,106,10600035,FISICA,FACULTAD DE CIENCIAS,Escolarizado,https://www.dgae.unam.mx/Licenciatura2025/resultados/1/10600035.html,80,970,799,104,85,037118,81,,No seleccionado,,Consultar
2025,1,Licenciatura 2025,106,10600035,FISICA,FACULTAD DE CIENCIAS,Escolarizado,https://www.dgae.unam.mx/Licenciatura2025/resultados/1/10600035.html,80,970,799,104,85,037127,102,,No seleccionado,,Consultar
2025,1,Licenciatura 2025,106,10600035,FISICA,FACULTAD DE CIENCIAS,Escolarizado,https://www.dgae.unam.mx/Licenciatura2025/resultados/1/10600035.html,80,970,799,104,85,037154,56,,No seleccionado,,Consultar
2025,1,Licenciatura 2025,106,10600035,FISICA,FACULTAD DE CIENCIAS,Escolarizado,https://www.dgae.unam.mx/Licenciatura2025/resultados/1/10600035.html,80,970,799,104,85,037177,97,,No seleccionado,,Consultar
2025,1,Licenciatura 2025,106,10600035,FISICA,FACULTAD DE CIENCIAS,Escolarizado,https://www.dgae.unam.mx/Licenciatura2025/resultados/1/10600035.html,80,970,799,104,85,037212,65,,No seleccionado,,Consultar
2025,1,Licenciatura 2025,106,10600035,FISICA,FACULTAD DE CIENCIAS,Escolarizado,https://www.dgae.unam.mx/Licenciatura2025/resultados/1/10600035.html,80,970,799,104,85,037276,67,,No seleccionado,,Consultar
2025,1,Licenciatura 2025,106,10600035,FISICA,FACULTAD DE CIENCIAS,Escolarizado,https://www.dgae.unam.mx/Licenciatura2025/resultados/1/10600035.html,80,970,799,104,85,037278,35,,No seleccionado,,Consultar
2025,1,Licenciatura 2025,106,10600035,FISICA,FACULTAD DE CIENCIAS,Escolarizado,https://www.dgae.unam.mx/Licenciatura2025/resultados/1/10600035.html,80,970,799,104,85,037297,92,,No seleccionado,,Consultar
2025,1,Licenciatura 2025,106,10600035,FISICA,FACULTAD DE CIENCIAS,Escolarizado,https://www.dgae.unam.mx/Licenciatura2025/resultados/1/10600035.html,80,970,799,104,85,037305,97,,No seleccionado,,Consultar
2025,1,Licenciatura 2025,106,10600035,FISICA,FACULTAD DE CIENCIAS,Escolarizado,https://www.dgae.unam.mx/Licenciatura2025/resultados/1/10600035.html,80,970,799,104,85,037306,74,,No seleccionado,,Consultar
2025,1,Licenciatura 2025,106,10600035,FISICA,FACULTAD DE CIENCIAS,Escolarizado,https://www.dgae.unam.mx/Licenciatura2025/resultados/1/10600035.html,80,970,799,104,85,037337,84,,No seleccionado,,Consultar
2025,1,Licenciatura 2025,106,10600035,FISICA,FACULTAD DE CIENCIAS,Escolarizado,https://www.dgae.unam.mx/Licenciatura2025/resultados/1/10600035.html,80,970,799,104,85,037362,89,,No seleccionado,,Consultar
2025,1,Licenciatura 2025,106,10600035,FISICA,FACULTAD DE CIENCIAS,Escolarizado,https://www.dgae.unam.mx/Licenciatura2025/resultados/1/10600035.html,80,970,799,104,85,037377,,N,No presentado,,Consultar
