Anio,Area,Concurso,Clave_carrera,Codigo_opcion,Carrera,Plantel,Modalidad,URL_resultados,Oferta,Aspirantes,Presentaron_examen,Aciertos_minimos,Seleccionados,Numero_comprobante,Aciertos,Acreditado,Estatus,Detalles,Diagnostico
2025,1,Licenciatura 2025,114,11404005,INGENIERIA INDUSTRIAL,FES ARAGÓN,Escolarizado,https://www.dgae.unam.mx/Licenciatura2025/resultados/1/11404005.html,50,666,602,78,53,000013,,N,No presentado,,Consultar
2025,1,Licenciatura 2025,114,11404005,INGENIERIA INDUSTRIAL,FES ARAGÓN,Escolarizado,https://www.dgae.unam.mx/Licenciatura2025/resultados/1/11404005.html,50,666,602,78,53,000153,63,,No seleccionado,,Consultar
2025,1,Licenciatura 2025,114,11404005,INGENIERIA INDUSTRIAL,FES ARAGÓN,Escolarizado,https://www.dgae.unam.mx/Licenciatura2025/resultados/1/11404005.html,50,666,602,78,53,000484,43,,No seleccionado,,Consultar
2025,1,Licenciatura 2025,114,11404005,INGENIERIA INDUSTRIAL,FES ARAGÓN,Escolarizado,https://www.dgae.unam.mx/Licenciatura2025/resultados/1/11404005.html,50,666,602,78,53,000505,54,,No seleccionado,,Consultar
2025,1,Licenciatura 2025,114,11404005,INGENIERIA INDUSTRIAL,FES ARAGÓN,Escolarizado,https://www.dgae.unam.mx/Licenciatura2025/resultados/1/11404005.html,50,666,602,78,53,000562,58,,No seleccionado,,Consultar
2025,1,Licenciatura 2025,114,11404005,INGENIERIA INDUSTRIAL,FES ARAGÓN,Escolarizado,https://www.dgae.unam.mx/Licenciatura2025/resultados/1/11404005.html,50,666,602,78,53,000575,51,,No seleccionado,,Consultar
2025,1,Licenciatura 2025,114,11404005,INGENIERIA INDUSTRIAL,FES ARAGÓN,Escolarizado,https://www.dgae.unam.mx/Licenciatura2025/resultados/1/11404005.html,50,666,602,78,53,000580,49,,No seleccionado,,Consultar
2025,1,Licenciatura 2025,114,11404005,INGENIERIA INDUSTRIAL,FES ARAGÓN,Escolarizado,https://www.dgae.unam.mx/Licenciatura2025/resultados/1/11404005.html,50,666,602,78,53,000655,73,,No seleccionado,,Consultar
2025,1,Licenciatura 2025,114,11404005,INGENIERIA INDUSTRIAL,FES ARAGÓN,Escolarizado,https://www.dgae.unam.mx/Licenciatura2025/resultados/1/11404005.html,50,666,602,78,53,000705,34,,No seleccionado,,Consultar
2025,1,Licenciatura 2025,114,11404005,INGENIERIA INDUSTRIAL,FES ARAGÓN,Escolarizado,https://www.dgae.unam.mx/Licenciatura2025/resultados/1/11404005.html,50,666,602,78,53,000710,68,,No seleccionado,,Consultar
2025,1,Licenciatura 2025,114,11404005,INGENIERIA INDUSTRIAL,FES ARAGÓN,Escolarizado,https://www.dgae.unam.mx/Licenciatura2025/resultados/1/11404005.html,50,666,602,78,53,000739,31,,No seleccionado,,Consultar
2025,1,Licenciatura 2025,114,11404005,INGENIERIA INDUSTRIAL,FES ARAGÓN,Escolarizado,https://www.dgae.unam.mx/Licenciatura2025/resultados/1/11404005.html,50,666,602,78,53,000762,58,,No seleccionado,,Consultar
2025,1,Licenciatura 2025,114,11404005,INGENIERIA INDUSTRIAL,FES ARAGÓN,Escolarizado,https://www.dgae.unam.mx/Licenciatura2025/resultados/1/11404005.html,50,666,602,78,53,000776,61,,No seleccionado,,Consultar
2025,1,Licenciatura 2025,114,11404005,INGENIERIA INDUSTRIAL,FES ARAGÓN,Escolarizado,https://www.dgae.unam.mx/Licenciatura2025/resultados/1/11404005.html,50,666,602,78,53,000780,57,,No seleccionado,,Consultar
2025,1,Licenciatura 2025,114,11404005,INGENIERIA INDUSTRIAL,FES ARAGÓN,Escolarizado,https://www.dgae.unam.mx/Licenciatura2025/resultados/1/11404005.html,50,666,602,78,53,000795,72,,No seleccionado,,Consultar
2025,1,Licenciatura 2025,114,11404005,INGENIERIA INDUSTRIAL,FES ARAGÓN,Escolarizado,https://www.dgae.unam.mx/Licenciatura2025/resultados/1/11404005.html,50,666,602,78,53,000838,58,,No seleccionado,,Consultar
2025,1,Licenciatura 2025,114,11404005,INGENIERIA INDUSTRIAL,FES ARAGÓN,Escolarizado,https://www.dgae.unam.mx/Licenciatura2025/resultados/1/11404005.html,50,666,602,78,53,000855,67,,No seleccionado,,Consultar
2025,1,Licenciatura 2025,114,11404005,INGENIERIA INDUSTRIAL,FES ARAGÓN,Escolarizado,https://www.dgae.unam.mx/Licenciatura2025/resultados/1/11404005.html,50,666,602,78,53,000972,62,,No seleccionado,,Consultar
2025,1,Licenciatura 2025,114,11404005,INGENIERIA INDUSTRIAL,FES ARAGÓN,Escolarizado,https://www.dgae.unam.mx/Licenciatura2025/resultados/1/11404005.html,50,666,602,78,53,000978,51,,No seleccionado,,Consultar
2025,1,Licenciatura 2025,114,11404005,INGENIERIA INDUSTRIAL,FES ARAGÓN,Escolarizado,https://www.dgae.unam.mx/Licenciatura2025/resultados/1/11404005.html,50,666,602,78,53,001003,54,,No seleccionado,,Consultar
2025,1,Licenciatura 2025,114,11404005,INGENIERIA INDUSTRIAL,FES ARAGÓN,Escolarizado,https://www.dgae.unam.mx/Licenciatura2025/resultados/1/11404005.html,50,666,602,78,53,001026,50,,No seleccionado,,Consultar
2025,1,Licenciatura 2025,114,11404005,INGENIERIA INDUSTRIAL,FES ARAGÓN,Escolarizado,https://www.dgae.unam.mx/Licenciatura2025/resultados/1/11404005.html,50,666,602,78,53,001035,39,,No seleccionado,,Consultar
2025,1,Licenciatura 2025,114,11404005,INGENIERIA INDUSTRIAL,FES ARAGÓN,Escolarizado,https://www.dgae.unam.mx/Licenciatura2025/resultados/1/11404005.html,50,666,602,78,53,001091,84,S,Seleccionado,Cita para entregar documentación.,Consultar
2025,1,Licenciatura 2025,114,11404005,INGENIERIA INDUSTRIAL,FES ARAGÓN,Escolarizado,https://www.dgae.unam.mx/Licenciatura2025/resultados/1/11404005.html,50,666,602,78,53,001114,38,,No seleccionado,,Consultar
2025,1,Licenciatura 2025,114,11404005,INGENIERIA INDUSTRIAL,FES ARAGÓN,Escolarizado,https://www.dgae.unam.mx/Licenciatura2025/resultados/1/11404005.html,50,666,602,78,53,001166,37,,No seleccionado,,Consultar
2025,1,Licenciatura 2025,114,11404005,INGENIERIA INDUSTRIAL,FES ARAGÓN,Escolarizado,https://www.dgae.unam.mx/Licenciatura2025/resultados/1/11404005.html,50,666,602,78,53,001178,49,,No seleccionado,,Consultar
2025,1,Licenciatura 2025,114,11404005,INGENIERIA INDUSTRIAL,FES ARAGÓN,Escolarizado,https://www.dgae.unam.mx/Licenciatura2025/resultados/1/11404005.html,50,666,602,78,53,001253,61,,No seleccionado,,Consultar
2025,1,Licenciatura 2025,114,11404005,INGENIERIA INDUSTRIAL,FES ARAGÓN,Escolarizado,https://www.dgae.unam.mx/Licenciatura2025/resultados/1/11404005.html,50,666,602,78,53,001261,58,,No seleccionado,,Consultar
2025,1,Licenciatura 2025,114,11404005,INGENIERIA INDUSTRIAL,FES ARAGÓN,Escolarizado,https://www.dgae.unam.mx/Licenciatura2025/resultados/1/11404005.html,50,666,602,78,53,001308,41,,No seleccionado,,Consultar
2025,1,Licenciatura 2025,114,11404005,INGENIERIA INDUSTRIAL,FES ARAGÓN,Escolarizado,https://www.dgae.unam.mx/Licenciatura2025/resultados/1/11404005.html,50,666,602,78,53,001332,51,,No seleccionado,,Consultar
2025,1,Licenciatura 2025,114,11404005,INGENIERIA INDUSTRIAL,FES ARAGÓN,Escolarizado,https://www.dgae.unam.mx/Licenciatura2025/resultados/1/11404005.html,50,666,602,78,53,001366,37,,No seleccionado,,Consultar
2025,1,Licenciatura 2025,114,11404005,INGENIERIA INDUSTRIAL,FES ARAGÓN,Escolarizado,https://www.dgae.unam.mx/Licenciatura2025/resultados/1/11404005.html,50,666,602,78,53,001454,70,,No seleccionado,,Consultar
2025,1,Licenciatura 2025,114,11404005,INGENIERIA INDUSTRIAL,FES ARAGÓN,Escolarizado,https://www.dgae.unam.mx/Licenciatura2025/resultados/1/11404005.html,50,666,602,78,53,001463,80,S,Seleccionado,Cita para entregar documentación.,Consultar
2025,1,Licenciatura 2025,114,11404005,INGENIERIA INDUSTRIAL,FES ARAGÓN,Escolarizado,https://www.dgae.unam.mx/Licenciatura2025/resultados/1/11404005.html,50,666,602,78,53,001478,51,,No seleccionado,,Consultar
2025,1,Licenciatura 2025,114,11404005,INGENIERIA INDUSTRIAL,FES ARAGÓN,Escolarizado,https://www.dgae.unam.mx/Licenciatura2025/resultados/1/11404005.html,50,666,602,78,53,001495,,N,No presentado,,Consultar
2025,1,Licenciatura 2025,114,11404005,INGENIERIA INDUSTRIAL,FES ARAGÓN,Escolarizado,https://www.dgae.unam.mx/Licenciatura2025/resultados/1/11404005.html,50,666,602,78,53,001536,65,,No seleccionado,,Consultar
2025,1,Licenciatura 2025,114,11404005,INGENIERIA INDUSTRIAL,FES ARAGÓN,Escolarizado,https://www.dgae.unam.mx/Licenciatura2025/resultados/1/11404005.html,50,666,602,78,53,001612,65,,No seleccionado,,Consultar
2025,1,Licenciatura 2025,114,11404005,INGENIERIA INDUSTRIAL,FES ARAGÓN,Escolarizado,https://www.dgae.unam.mx/Licenciatura2025/resultados/1/11404005.html,50,666,602,78,53,001619,72,,No seleccionado,,Consultar
2025,1,Licenciatura 2025,114,11404005,INGENIERIA INDUSTRIAL,FES ARAGÓN,Escolarizado,https://www.dgae.unam.mx/Licenciatura2025/resultados/1/11404005.html,50,666,602,78,53,001650,31,,No seleccionado,,Consultar
2025,1,Licenciatura 2025,114,11404005,INGENIERIA INDUSTRIAL,FES ARAGÓN,Escolarizado,https://www.dgae.unam.mx/Licenciatura2025/resultados/1/11404005.html,50,666,602,78,53,001666,89,S,Seleccionado,Cita para entregar documentación.,Consultar
2025,1,Licenciatura 2025,114,11404005,INGENIERIA INDUSTRIAL,FES ARAGÓN,Escolarizado,https://www.dgae.unam.mx/Licenciatura2025/resultados/1/11404005.html,50,666,602,78,53,001681,59,,No seleccionado,,Consultar
2025,1,Licenciatura 2025,114,11404005,INGENIERIA INDUSTRIAL,FES ARAGÓN,Escolarizado,https://www.dgae.unam.mx/Licenciatura2025/resultados/1/11404005.html,50,666,602,78,53,001697,42,,No seleccionado,,Consultar
2025,1,Licenciatura 2025,114,11404005,INGENIERIA INDUSTRIAL,FES ARAGÓN,Escolarizado,https://www.dgae.unam.mx/Licenciatura2025/resultados/1/11404005.html,50,666,602,78,53,001702,43,,No seleccionado,,Consultar
2025,1,Licenciatura 2025,114,11404005,INGENIERIA INDUSTRIAL,FES ARAGÓN,Escolarizado,https://www.dgae.unam.mx/Licenciatura2025/resultados/1/11404005.html,50,666,602,78,53,001726,42,,No seleccionado,,Consultar
2025,1,Licenciatura 2025,114,11404005,INGENIERIA INDUSTRIAL,FES ARAGÓN,Escolarizado,https://www.dgae.unam.mx/Licenciatura2025/resultados/1/11404005.html,50,666,602,78,53,001730,69,,No seleccionado,,Consultar
2025,1,Licenciatura 2025,114,11404005,INGENIERIA INDUSTRIAL,FES ARAGÓN,Escolarizado,https://www.dgae.unam.mx/Licenciatura2025/resultados/1/11404005.html,50,666,602,78,53,001785,32,,No seleccionado,,Consultar
2025,1,Licenciatura 2025,114,11404005,INGENIERIA INDUSTRIAL,FES ARAGÓN,Escolarizado,https://www.dgae.unam.mx/Licenciatura2025/resultados/1/11404005.html,50,666,602,78,53,001878,30,,No seleccionado,,Consultar
2025,1,Licenciatura 2025,114,11404005,INGENIERIA INDUSTRIAL,FES ARAGÓN,Escolarizado,https://www.dgae.unam.mx/Licenciatura2025/resultados/1/11404005.html,50,666,602,78,53,001881,53,,No seleccionado,,Consultar
2025,1,Licenciatura 2025,114,11404005,INGENIERIA INDUSTRIAL,FES ARAGÓN,Escolarizado,https://www.dgae.unam.mx/Licenciatura2025/resultados/1/11404005.html,50,666,602,78,53,001949,34,,No seleccionado,,Consultar
2025,1,Licenciatura 2025,114,11404005,INGENIERIA INDUSTRIAL,FES ARAGÓN,Escolarizado,https://www.dgae.unam.mx/Licenciatura2025/resultados/1/11404005.html,50,666,602,78,53,001972,48,,No seleccionado,,Consultar
2025,1,Licenciatura 2025,114,11404005,INGENIERIA INDUSTRIAL,FES ARAGÓN,Escolarizado,https://www.dgae.unam.mx/Licenciatura2025/resultados/1/11404005.html,50,666,602,78,53,001976,41,,No seleccionado,,Consultar
2025,1,Licenciatura 2025,114,11404005,INGENIERIA INDUSTRIAL,FES ARAGÓN,Escolarizado,https://www.dgae.unam.mx/Licenciatura2025/resultados/1/11404005.html,50,666,602,78,53,002067,39,,No seleccionado,,Consultar
2025,1,Licenciatura 2025,114,11404005,INGENIERIA INDUSTRIAL,FES ARAGÓN,Escolarizado,https://www.dgae.unam.mx/Licenciatura2025/resultados/1/11404005.html,50,666,602,78,53,002160,27,,No seleccionado,,Consultar
2025,1,Licenciatura 2025,114,11404005,INGENIERIA INDUSTRIAL,FES ARAGÓN,Escolarizado,https://www.dgae.unam.mx/Licenciatura2025/resultados/1/11404005.html,50,666,602,78,53,002172,27,,No seleccionado,,Consultar
2025,1,Licenciatura 2025,114,11404005,INGENIERIA INDUSTRIAL,FES ARAGÓN,Escolarizado,https://www.dgae.unam.mx/Licenciatura2025/resultados/1/11404005.html,50,666,602,78,53,002176,60,,No seleccionado,,Consultar
2025,1,Licenciatura 2025,114,11404005,INGENIERIA INDUSTRIAL,FES ARAGÓN,Escolarizado,https://www.dgae.unam.mx/Licenciatura2025/resultados/1/11404005.html,50,666,602,78,53,002203,,N,No presentado,,Consultar
2025,1,Licenciatura 2025,114,11404005,INGENIERIA INDUSTRIAL,FES ARAGÓN,Escolarizado,https://www.dgae.unam.mx/Licenciatura2025/resultados/1/11404005.html,50,666,602,78,53,002231,36,,No seleccionado,,Consultar
2025,1,Licenciatura 2025,114,11404005,INGENIERIA INDUSTRIAL,FES ARAGÓN,Escolarizado,https://www.dgae.unam.mx/Licenciatura2025/resultados/1/11404005.html,50,666,602,78,53,002321,37,,No seleccionado,,Consultar
2025,1,Licenciatura 2025,114,11404005,INGENIERIA INDUSTRIAL,FES ARAGÓN,Escolarizado,https://www.dgae.unam.mx/Licenciatura2025/resultados/1/11404005.html,50,666,602,78,53,002345,43,,No seleccionado,,Consultar
2025,1,Licenciatura 2025,114,11404005,INGENIERIA INDUSTRIAL,FES ARAGÓN,Escolarizado,https://www.dgae.unam.mx/Licenciatura2025/resultados/1/11404005.html,50,666,602,78,53,002371,,N,No presentado,,Consultar
2025,1,Licenciatura 2025,114,11404005,INGENIERIA INDUSTRIAL,FES ARAGÓN,Escolarizado,https://www.dgae.unam.mx/Licenciatura2025/resultados/1/11404005.html,50,666,602,78,53,002429,31,,No seleccionado,,Consultar
2025,1,Licenciatura 2025,114,11404005,INGENIERIA INDUSTRIAL,FES ARAGÓN,Escolarizado,https://www.dgae.unam.mx/Licenciatura2025/resultados/1/11404005.html,50,666,602,78,53,002454,27,,No seleccionado,,Consultar
2025,1,Licenciatura 2025,114,11404005,INGENIERIA INDUSTRIAL,FES ARAGÓN,Escolarizado,https://www.dgae.unam.mx/Licenciatura2025/resultados/1/11404005.html,50,666,602,78,53,002557,67,,No seleccionado,,Consultar
2025,1,Licenciatura 2025,114,11404005,INGENIERIA INDUSTRIAL,FES ARAGÓN,Escolarizado,https://www.dgae.unam.mx/Licenciatura2025/resultados/1/11404005.html,50,666,602,78,53,002576,45,,No seleccionado,,Consultar
2025,1,Licenciatura 2025,114,11404005,INGENIERIA INDUSTRIAL,FES ARAGÓN,Escolarizado,https://www.dgae.unam.mx/Licenciatura2025/resultados/1/11404005.html,50,666,602,78,53,002638,53,,No seleccionado,,Consultar
2025,1,Licenciatura 2025,114,11404005,INGENIERIA INDUSTRIAL,FES ARAGÓN,Escolarizado,https://www.dgae.unam.mx/Licenciatura2025/resultados/1/11404005.html,50,666,602,78,53,002640,47,,No seleccionado,,Consultar
2025,1,Licenciatura 2025,114,11404005,INGENIERIA INDUSTRIAL,FES ARAGÓN,Escolarizado,https://www.dgae.unam.mx/Licenciatura2025/resultados/1/11404005.html,50,666,602,78,53,002667,48,,No seleccionado,,Consultar
2025,1,Licenciatura 2025,114,11404005,INGENIERIA INDUSTRIAL,FES ARAGÓN,Escolarizado,https://www.dgae.unam.mx/Licenciatura2025/resultados/1/11404005.html,50,666,602,78,53,002676,45,,No seleccionado,,Consultar
2025,1,Licenciatura 2025,114,11404005,INGENIERIA INDUSTRIAL,FES ARAGÓN,Escolarizado,https://www.dgae.unam.mx/Licenciatura2025/resultados/1/11404005.html,50,666,602,78,53,002690,51,,No seleccionado,,Consultar
2025,1,Licenciatura 2025,114,11404005,INGENIERIA INDUSTRIAL,FES ARAGÓN,Escolarizado,https://www.dgae.unam.mx/Licenciatura2025/resultados/1/11404005.html,50,666,602,78,53,002790,,N,No presentado,,Consultar
2025,1,Licenciatura 2025,114,11404005,INGENIERIA INDUSTRIAL,FES ARAGÓN,Escolarizado,https://www.dgae.unam.mx/Licenciatura2025/resultados/1/11404005.html,50,666,602,78,53,002840,43,,No seleccionado,,Consultar
2025,1,Licenciatura 2025,114,11404005,INGENIERIA INDUSTRIAL,FES ARAGÓN,Escolarizado,https://www.dgae.unam.mx/Licenciatura2025/resultados/1/11404005.html,50,666,602,78,53,002899,33,,No seleccionado,,Consultar
2025,1,Licenciatura 2025,114,11404005,INGENIERIA INDUSTRIAL,FES ARAGÓN,Escolarizado,https://www.dgae.unam.mx/Licenciatura2025/resultados/1/11404005.html,50,666,602,78,53,002953,84,S,Seleccionado,Cita para entregar documentación.,Consultar
2025,1,Licenciatura 2025,114,11404005,INGENIERIA INDUSTRIAL,FES ARAGÓN,Escolarizado,https://www.dgae.unam.mx/Licenciatura2025/resultados/1/11404005.html,50,666,602,78,53,002955,,N,No presentado,,Consultar
2025,1,Licenciatura 2025,114,11404005,INGENIERIA INDUSTRIAL,FES ARAGÓN,Escolarizado,https://www.dgae.unam.mx/Licenciatura2025/resultados/1/11404005.html,50,666,602,78,53,002991,91,S,Seleccionado,Cita para entregar documentación.,Consultar
2025,1,Licenciatura 2025,114,11404005,INGENIERIA INDUSTRIAL,FES ARAGÓN,Escolarizado,https://www.dgae.unam.mx/Licenciatura2025/resultados/1/11404005.html,50,666,602,78,53,003029,40,,No seleccionado,,Consultar
2025,1,Licenciatura 2025,114,11404005,INGENIERIA INDUSTRIAL,FES ARAGÓN,Escolarizado,https://www.dgae.unam.mx/Licenciatura2025/resultados/1/11404005.html,50,666,602,78,53,003044,48,,No seleccionado,,Consultar
2025,1,Licenciatura 2025,114,11404005,INGENIERIA INDUSTRIAL,FES ARAGÓN,Escolarizado,https://www.dgae.unam.mx/Licenciatura2025/resultados/1/11404005.html,50,666,602,78,53,003095,36,,No seleccionado,,Consultar
2025,1,Licenciatura 2025,114,11404005,INGENIERIA INDUSTRIAL,FES ARAGÓN,Escolarizado,https://www.dgae.unam.mx/Licenciatura2025/resultados/1/11404005.html,50,666,602,78,53,003127,83,S,Seleccionado,Cita para entregar documentación.,Consultar
2025,1,Licenciatura 2025,114,11404005,INGENIERIA INDUSTRIAL,FES ARAGÓN,Escolarizado,https://www.dgae.unam.mx/Licenciatura2025/resultados/1/11404005.html,50,666,602,78,53,003179,70,,No seleccionado,,Consultar
2025,1,Licenciatura 2025,114,11404005,INGENIERIA INDUSTRIAL,FES ARAGÓN,Escolarizado,https://www.dgae.unam.mx/Licenciatura2025/resultados/1/11404005.html,50,666,602,78,53,003203,48,,No seleccionado,,Consultar
2025,1,Licenciatura 2025,114,11404005,INGENIERIA INDUSTRIAL,FES ARAGÓN,Escolarizado,https://www.dgae.unam.mx/Licenciatura2025/resultados/1/11404005.html,50,666,602,78,53,003222,39,,No seleccionado,,Consultar
2025,1,Licenciatura 2025,114,11404005,INGENIERIA INDUSTRIAL,FES ARAGÓN,Escolarizado,https://www.dgae.unam.mx/Licenciatura2025/resultados/1/11404005.html,50,666,602,78,53,003284,77,,No seleccionado,,Consultar
2025,1,Licenciatura 2025,114,11404005,INGENIERIA INDUSTRIAL,FES ARAGÓN,Escolarizado,https://www.dgae.unam.mx/Licenciatura2025/resultados/1/11404005.html,50,666,602,78,53,003299,36,,No seleccionado,,Consultar
2025,1,Licenciatura 2025,114,11404005,INGENIERIA INDUSTRIAL,FES ARAGÓN,Escolarizado,https://www.dgae.unam.mx/Licenciatura2025/resultados/1/11404005.html,50,666,602,78,53,003360,44,,No seleccionado,,Consultar
2025,1,Licenciatura 2025,114,11404005,INGENIERIA INDUSTRIAL,FES ARAGÓN,Escolarizado,https://www.dgae.unam.mx/Licenciatura2025/resultados/1/11404005.html,50,666,602,78,53,003370,44,,No seleccionado,,Consultar
2025,1,Licenciatura 2025,114,11404005,INGENIERIA INDUSTRIAL,FES ARAGÓN,Escolarizado,https://www.dgae.unam.mx/Licenciatura2025/resultados/1/11404005.html,50,666,602,78,53,003378,105,S,Seleccionado,Cita para entregar documentación.,Consultar
2025,1,Licenciatura 2025,114,11404005,INGENIERIA INDUSTRIAL,FES ARAGÓN,Escolarizado,https://www.dgae.unam.mx/Licenciatura2025/resultados/1/11404005.html,50,666,602,78,53,003420,60,,No seleccionado,,Consultar
2025,1,Licenciatura 2025,114,11404005,INGENIERIA INDUSTRIAL,FES ARAGÓN,Escolarizado,https://www.dgae.unam.mx/Licenciatura2025/resultados/1/11404005.html,50,666,602,78,53,003464,46,,No seleccionado,,Consultar
2025,1,Licenciatura 2025,114,11404005,INGENIERIA INDUSTRIAL,FES ARAGÓN,Escolarizado,https://www.dgae.unam.mx/Licenciatura2025/resultados/1/11404005.html,50,666,602,78,53,003540,78,S,Seleccionado,Cita para entregar documentación.,Consultar
2025,1,Licenciatura 2025,114,11404005,INGENIERIA INDUSTRIAL,FES ARAGÓN,Escolarizado,https://www.dgae.unam.mx/Licenciatura2025/resultados/1/11404005.html,50,666,602,78,53,003579,73,,No seleccionado,,Consultar
2025,1,Licenciatura 2025,114,11404005,INGENIERIA INDUSTRIAL,FES ARAGÓN,Escolarizado,https://www.dgae.unam.mx/Licenciatura2025/resultados/1/11404005.html,50,666,602,78,53,003586,53,,No seleccionado,,Consultar
2025,1,Licenciatura 2025,114,11404005,INGENIERIA INDUSTRIAL,FES ARAGÓN,Escolarizado,https://www.dgae.unam.mx/Licenciatura2025/resultados/1/11404005.html,50,666,602,78,53,003590,49,,No seleccionado,,Consultar
2025,1,Licenciatura 2025,114,11404005,INGENIERIA INDUSTRIAL,FES ARAGÓN,Escolarizado,https://www.dgae.unam.mx/Licenciatura2025/resultados/1/11404005.html,50,666,602,78,53,003592,39,,No seleccionado,,Consultar
2025,1,Licenciatura 2025,114,11404005,INGENIERIA INDUSTRIAL,FES ARAGÓN,Escolarizado,https://www.dgae.unam.mx/Licenciatura2025/resultados/1/11404005.html,50,666,602,78,53,003594,81,S,Seleccionado,Cita para entregar documentación.,Consultar
2025,1,Licenciatura 2025,114,11404005,INGENIERIA INDUSTRIAL,FES ARAGÓN,Escolarizado,https://www.dgae.unam.mx/Licenciatura2025/resultados/1/11404005.html,50,666,602,78,53,003652,99,S,Seleccionado,,Consultar
2025,1,Licenciatura 2025,114,11404005,INGENIERIA INDUSTRIAL,FES ARAGÓN,Escolarizado,https://www.dgae.unam.mx/Licenciatura2025/resultados/1/11404005.html,50,666,602,78,53,003761,43,,No seleccionado,,Consultar
2025,1,Licenciatura 2025,114,11404005,INGENIERIA INDUSTRIAL,FES ARAGÓN,Escolarizado,https://www.dgae.unam.mx/Licenciatura2025/resultados/1/11404005.html,50,666,602,78,53,003843,71,,No seleccionado,,Consultar
2025,1,Licenciatura 2025,114,11404005,INGENIERIA INDUSTRIAL,FES ARAGÓN,Escolarizado,https://www.dgae.unam.mx/Licenciatura2025/resultados/1/11404005.html,50,666,602,78,53,003863,40,,No seleccionado,,Consultar
2025,1,Licenciatura 2025,114,11404005,INGENIERIA INDUSTRIAL,FES ARAGÓN,Escolarizado,https://www.dgae.unam.mx/Licenciatura2025/resultados/1/11404005.html,50,666,602,78,53,003889,84,S,Seleccionado,Cita para entregar documentación.,Consultar
2025,1,Licenciatura 2025,114,11404005,INGENIERIA INDUSTRIAL,FES ARAGÓN,Escolarizado,https://www.dgae.unam.mx/Licenciatura2025/resultados/1/11404005.html,50,666,602,78,53,003903,60,,No seleccionado,,Consultar
2025,1,Licenciatura 2025,114,11404005,INGENIERIA INDUSTRIAL,FES ARAGÓN,Escolarizado,https://www.dgae.unam.mx/Licenciatura2025/resultados/1/11404005.html,50,666,602,78,53,003917,40,,No seleccionado,,Consultar
2025,1,Licenciatura 2025,114,11404005,INGENIERIA INDUSTRIAL,FES ARAGÓN,Escolarizado,https://www.dgae.unam.mx/Licenciatura2025/resultados/1/11404005.html,50,666,602,78,53,004044,40,,No seleccionado,,Consultar
2025,1,Licenciatura 2025,114,11404005,INGENIERIA INDUSTRIAL,FES ARAGÓN,Escolarizado,https://www.dgae.unam.mx/Licenciatura2025/resultados/1/11404005.html,50,666,602,78,53,004603,53,,No seleccionado,,Consultar
2025,1,Licenciatura 2025,114,11404005,INGENIERIA INDUSTRIAL,FES ARAGÓN,Escolarizado,https://www.dgae.unam.mx/Licenciatura2025/resultados/1/11404005.html,50,666,602,78,53,004741,59,,No seleccionado,,Consultar
2025,1,Licenciatura 2025,114,11404005,INGENIERIA INDUSTRIAL,FES ARAGÓN,Escolarizado,https://www.dgae.unam.mx/Licenciatura2025/resultados/1/11404005.html,50,666,602,78,53,004752,28,,No seleccionado,,Consultar
2025,1,Licenciatura 2025,114,11404005,INGENIERIA INDUSTRIAL,FES ARAGÓN,Escolarizado,https://www.dgae.unam.mx/Licenciatura2025/resultados/1/11404005.html,50,666,602,78,53,004802,79,S,Seleccionado,Cita para entregar documentación.,Consultar
2025,1,Licenciatura 2025,114,11404005,INGENIERIA INDUSTRIAL,FES ARAGÓN,Escolarizado,https://www.dgae.unam.mx/Licenciatura2025/resultados/1/11404005.html,50,666,602,78,53,005935,54,,No seleccionado,,Consultar
2025,1,Licenciatura 2025,114,11404005,INGENIERIA INDUSTRIAL,FES ARAGÓN,Escolarizado,https://www.dgae.unam.mx/Licenciatura2025/resultados/1/11404005.html,50,666,602,78,53,005968,36,,No seleccionado,,Consultar
2025,1,Licenciatura 2025,114,11404005,INGENIERIA INDUSTRIAL,FES ARAGÓN,Escolarizado,https://www.dgae.unam.mx/Licenciatura2025/resultados/1/11404005.html,50,666,602,78,53,006153,40,,No seleccionado,,Consultar
2025,1,Licenciatura 2025,114,11404005,INGENIERIA INDUSTRIAL,FES ARAGÓN,Escolarizado,https://www.dgae.unam.mx/Licenciatura2025/resultados/1/11404005.html,50,666,602,78,53,006234,61,,No seleccionado,,Consultar
2025,1,Licenciatura 2025,114,11404005,INGENIERIA INDUSTRIAL,FES ARAGÓN,Escolarizado,https://www.dgae.unam.mx/Licenciatura2025/resultados/1/11404005.html,50,666,602,78,53,006266,30,,No seleccionado,,Consultar
2025,1,Licenciatura 2025,114,11404005,INGENIERIA INDUSTRIAL,FES ARAGÓN,Escolarizado,https://www.dgae.unam.mx/Licenciatura2025/resultados/1/11404005.html,50,666,602,78,53,006286,83,S,Seleccionado,Cita para entregar documentación.,Consultar
2025,1,Licenciatura 2025,114,11404005,INGENIERIA INDUSTRIAL,FES ARAGÓN,Escolarizado,https://www.dgae.unam.mx/Licenciatura2025/resultados/1/11404005.html,50,666,602,78,53,006367,31,,No seleccionado,,Consultar
2025,1,Licenciatura 2025,114,11404005,INGENIERIA INDUSTRIAL,FES ARAGÓN,Escolarizado,https://www.dgae.unam.mx/Licenciatura2025/resultados/1/11404005.html,50,666,602,78,53,006404,61,,No seleccionado,,Consultar
2025,1,Licenciatura 2025,114,11404005,INGENIERIA INDUSTRIAL,FES ARAGÓN,Escolarizado,https://www.dgae.unam.mx/Licenciatura2025/resultados/1/11404005.html,50,666,602,78,53,006444,37,,No seleccionado,,Consultar
2025,1,Licenciatura 2025,114,11404005,INGENIERIA INDUSTRIAL,FES ARAGÓN,Escolarizado,https://www.dgae.unam.mx/Licenciatura2025/resultados/1/11404005.html,50,666,602,78,53,006489,82,S,Seleccionado,Cita para entregar documentación.,Consultar
2025,1,Licenciatura 2025,114,11404005,INGENIERIA INDUSTRIAL,FES ARAGÓN,Escolarizado,https://www.dgae.unam.mx/Licenciatura2025/resultados/1/11404005.html,50,666,602,78,53,006530,30,,No seleccionado,,Consultar
2025,1,Licenciatura 2025,114,11404005,INGENIERIA INDUSTRIAL,FES ARAGÓN,Escolarizado,https://www.dgae.unam.mx/Licenciatura2025/resultados/1/11404005.html,50,666,602,78,53,006552,57,,No seleccionado,,Consultar
2025,1,Licenciatura 2025,114,11404005,INGENIERIA INDUSTRIAL,FES ARAGÓN,Escolarizado,https://www.dgae.unam.mx/Licenciatura2025/resultados/1/11404005.html,50,666,602,78,53,006880,54,,No seleccionado,,Consultar
2025,1,Licenciatura 2025,114,11404005,INGENIERIA INDUSTRIAL,FES ARAGÓN,Escolarizado,https://www.dgae.unam.mx/Licenciatura2025/resultados/1/11404005.html,50,666,602,78,53,007023,59,,No seleccionado,,Consultar
2025,1,Licenciatura 2025,114,11404005,INGENIERIA INDUSTRIAL,FES ARAGÓN,Escolarizado,https://www.dgae.unam.mx/Licenciatura2025/resultados/1/11404005.html,50,666,602,78,53,007226,37,,No seleccionado,,Consultar
2025,1,Licenciatura 2025,114,11404005,INGENIERIA INDUSTRIAL,FES ARAGÓN,Escolarizado,https://www.dgae.unam.mx/Licenciatura2025/resultados/1/11404005.html,50,666,602,78,53,007237,44,,No seleccionado,,Consultar
2025,1,Licenciatura 2025,114,11404005,INGENIERIA INDUSTRIAL,FES ARAGÓN,Escolarizado,https://www.dgae.unam.mx/Licenciatura2025/resultados/1/11404005.html,50,666,602,78,53,007264,71,,No seleccionado,,Consultar
2025,1,Licenciatura 2025,114,11404005,INGENIERIA INDUSTRIAL,FES ARAGÓN,Escolarizado,https://www.dgae.unam.mx/Licenciatura2025/resultados/1/11404005.html,50,666,602,78,53,007364,59,,No seleccionado,,Consultar
2025,1,Licenciatura 2025,114,11404005,INGENIERIA INDUSTRIAL,FES ARAGÓN,Escolarizado,https://www.dgae.unam.mx/Licenciatura2025/resultados/1/11404005.html,50,666,602,78,53,007399,60,,No seleccionado,,Consultar
2025,1,Licenciatura 2025,114,11404005,INGENIERIA INDUSTRIAL,FES ARAGÓN,Escolarizado,https://www.dgae.unam.mx/Licenciatura2025/resultados/1/11404005.html,50,666,602,78,53,007518,40,,No seleccionado,,Consultar
2025,1,Licenciatura 2025,114,11404005,INGENIERIA INDUSTRIAL,FES ARAGÓN,Escolarizado,https://www.dgae.unam.mx/Licenciatura2025/resultados/1/11404005.html,50,666,602,78,53,007519,38,,No seleccionado,,Consultar
2025,1,Licenciatura 2025,114,11404005,INGENIERIA INDUSTRIAL,FES ARAGÓN,Escolarizado,https://www.dgae.unam.mx/Licenciatura2025/resultados/1/11404005.html,50,666,602,78,53,007577,40,,No seleccionado,,Consultar
2025,1,Licenciatura 2025,114,11404005,INGENIERIA INDUSTRIAL,FES ARAGÓN,Escolarizado,https://www.dgae.unam.mx/Licenciatura2025/resultados/1/11404005.html,50,666,602,78,53,007687,39,,No seleccionado,,Consultar
2025,1,Licenciatura 2025,114,11404005,INGENIERIA INDUSTRIAL,FES ARAGÓN,Escolarizado,https://www.dgae.unam.mx/Licenciatura2025/resultados/1/11404005.html,50,666,602,78,53,007730,30,,No seleccionado,,Consultar
2025,1,Licenciatura 2025,114,11404005,INGENIERIA INDUSTRIAL,FES ARAGÓN,Escolarizado,https://www.dgae.unam.mx/Licenciatura2025/resultados/1/11404005.html,50,666,602,78,53,007763,45,,No seleccionado,,Consultar
2025,1,Licenciatura 2025,114,11404005,INGENIERIA INDUSTRIAL,FES ARAGÓN,Escolarizado,https://www.dgae.unam.mx/Licenciatura2025/resultados/1/11404005.html,50,666,602,78,53,007973,33,,No seleccionado,,Consultar
2025,1,Licenciatura 2025,114,11404005,INGENIERIA INDUSTRIAL,FES ARAGÓN,Escolarizado,https://www.dgae.unam.mx/Licenciatura2025/resultados/1/11404005.html,50,666,602,78,53,007991,45,,No seleccionado,,Consultar
2025,1,Licenciatura 2025,114,11404005,INGENIERIA INDUSTRIAL,FES ARAGÓN,Escolarizado,https://www.dgae.unam.mx/Licenciatura2025/resultados/1/11404005.html,50,666,602,78,53,008031,28,,No seleccionado,,Consultar
2025,1,Licenciatura 2025,114,11404005,INGENIERIA INDUSTRIAL,FES ARAGÓN,Escolarizado,https://www.dgae.unam.mx/Licenciatura2025/resultados/1/11404005.html,50,666,602,78,53,008137,96,S,Seleccionado,Cita para entregar documentación.,Consultar
2025,1,Licenciatura 2025,114,11404005,INGENIERIA INDUSTRIAL,FES ARAGÓN,Escolarizado,https://www.dgae.unam.mx/Licenciatura2025/resultados/1/11404005.html,50,666,602,78,53,008417,29,,No seleccionado,,Consultar
2025,1,Licenciatura 2025,114,11404005,INGENIERIA INDUSTRIAL,FES ARAGÓN,Escolarizado,https://www.dgae.unam.mx/Licenciatura2025/resultados/1/11404005.html,50,666,602,78,53,008444,,N,No presentado,,Consultar
2025,1,Licenciatura 2025,114,11404005,INGENIERIA INDUSTRIAL,FES ARAGÓN,Escolarizado,https://www.dgae.unam.mx/Licenciatura2025/resultados/1/11404005.html,50,666,602,78,53,008450,57,,No seleccionado,,Consultar
2025,1,Licenciatura 2025,114,11404005,INGENIERIA INDUSTRIAL,FES ARAGÓN,Escolarizado,https://www.dgae.unam.mx/Licenciatura2025/resultados/1/11404005.html,50,666,602,78,53,008465,,N,No presentado,,Consultar
2025,1,Licenciatura 2025,114,11404005,INGENIERIA INDUSTRIAL,FES ARAGÓN,Escolarizado,https://www.dgae.unam.mx/Licenciatura2025/resultados/1/11404005.html,50,666,602,78,53,008475,48,,No seleccionado,,Consultar
2025,1,Licenciatura 2025,114,11404005,INGENIERIA INDUSTRIAL,FES ARAGÓN,Escolarizado,https://www.dgae.unam.mx/Licenciatura2025/resultados/1/11404005.html,50,666,602,78,53,008478,27,,No seleccionado,,Consultar
2025,1,Licenciatura 2025,114,11404005,INGENIERIA INDUSTRIAL,FES ARAGÓN,Escolarizado,https://www.dgae.unam.mx/Licenciatura2025/resultados/1/11404005.html,50,666,602,78,53,008480,29,,No seleccionado,,Consultar
2025,1,Licenciatura 2025,114,11404005,INGENIERIA INDUSTRIAL,FES ARAGÓN,Escolarizado,https://www.dgae.unam.mx/Licenciatura2025/resultados/1/11404005.html,50,666,602,78,53,008483,77,,No seleccionado,,Consultar
2025,1,Licenciatura 2025,114,11404005,INGENIERIA INDUSTRIAL,FES ARAGÓN,Escolarizado,https://www.dgae.unam.mx/Licenciatura2025/resultados/1/11404005.html,50,666,602,78,53,008496,41,,No seleccionado,,Consultar
2025,1,Licenciatura 2025,114,11404005,INGENIERIA INDUSTRIAL,FES ARAGÓN,Escolarizado,https://www.dgae.unam.mx/Licenciatura2025/resultados/1/11404005.html,50,666,602,78,53,008545,,N,No presentado,,Consultar
2025,1,Licenciatura 2025,114,11404005,INGENIERIA INDUSTRIAL,FES ARAGÓN,Escolarizado,https://www.dgae.unam.mx/Licenciatura2025/resultados/1/11404005.html,50,666,602,78,53,008552,54,,No seleccionado,,Consultar
2025,1,Licenciatura 2025,114,11404005,INGENIERIA INDUSTRIAL,FES ARAGÓN,Escolarizado,https://www.dgae.unam.mx/Licenciatura2025/resultados/1/11404005.html,50,666,602,78,53,008700,30,,No seleccionado,,Consultar
2025,1,Licenciatura 2025,114,11404005,INGENIERIA INDUSTRIAL,FES ARAGÓN,Escolarizado,https://www.dgae.unam.mx/Licenciatura2025/resultados/1/11404005.html,50,666,602,78,53,008715,37,,No seleccionado,,Consultar
2025,1,Licenciatura 2025,114,11404005,INGENIERIA INDUSTRIAL,FES ARAGÓN,Escolarizado,https://www.dgae.unam.mx/Licenciatura2025/resultados/1/11404005.html,50,666,602,78,53,008745,92,S,Seleccionado,Cita para entregar documentación.,Consultar
2025,1,Licenciatura 2025,114,11404005,INGENIERIA INDUSTRIAL,FES ARAGÓN,Escolarizado,https://www.dgae.unam.mx/Licenciatura2025/resultados/1/11404005.html,50,666,602,78,53,008753,57,,No seleccionado,,Consultar
2025,1,Licenciatura 2025,114,11404005,INGENIERIA INDUSTRIAL,FES ARAGÓN,Escolarizado,https://www.dgae.unam.mx/Licenciatura2025/resultados/1/11404005.html,50,666,602,78,53,008821,50,,No seleccionado,,Consultar
2025,1,Licenciatura 2025,114,11404005,INGENIERIA INDUSTRIAL,FES ARAGÓN,Escolarizado,https://www.dgae.unam.mx/Licenciatura2025/resultados/1/11404005.html,50,666,602,78,53,008862,78,S,Seleccionado,Cita para entregar documentación.,Consultar
2025,1,Licenciatura 2025,114,11404005,INGENIERIA INDUSTRIAL,FES ARAGÓN,Escolarizado,https://www.dgae.unam.mx/Licenciatura2025/resultados/1/11404005.html,50,666,602,78,53,008864,45,,No seleccionado,,Consultar
2025,1,Licenciatura 2025,114,11404005,INGENIERIA INDUSTRIAL,FES ARAGÓN,Escolarizado,https://www.dgae.unam.mx/Licenciatura2025/resultados/1/11404005.html,50,666,602,78,53,008956,42,,No seleccionado,,Consultar
2025,1,Licenciatura 2025,114,11404005,INGENIERIA INDUSTRIAL,FES ARAGÓN,Escolarizado,https://www.dgae.unam.mx/Licenciatura2025/resultados/1/11404005.html,50,666,602,78,53,008969,78,S,Seleccionado,Cita para entregar documentación.,Consultar
2025,1,Licenciatura 2025,114,11404005,INGENIERIA INDUSTRIAL,FES ARAGÓN,Escolarizado,https://www.dgae.unam.mx/Licenciatura2025/resultados/1/11404005.html,50,666,602,78,53,009019,64,,No seleccionado,,Consultar
2025,1,Licenciatura 2025,114,11404005,INGENIERIA INDUSTRIAL,FES ARAGÓN,Escolarizado,https://www.dgae.unam.mx/Licenciatura2025/resultados/1/11404005.html,50,666,602,78,53,009029,46,,No seleccionado,,Consultar
2025,1,Licenciatura 2025,114,11404005,INGENIERIA INDUSTRIAL,FES ARAGÓN,Escolarizado,https://www.dgae.unam.mx/Licenciatura2025/resultados/1/11404005.html,50,666,602,78,53,009079,49,,No seleccionado,,Consultar
2025,1,Licenciatura 2025,114,11404005,INGENIERIA INDUSTRIAL,FES ARAGÓN,Escolarizado,https://www.dgae.unam.mx/Licenciatura2025/resultados/1/11404005.html,50,666,602,78,53,009085,36,,No seleccionado,,Consultar
2025,1,Licenciatura 2025,114,11404005,INGENIERIA INDUSTRIAL,FES ARAGÓN,Escolarizado,https://www.dgae.unam.mx/Licenciatura2025/resultados/1/11404005.html,50,666,602,78,53,009111,76,,No seleccionado,,Consultar
2025,1,Licenciatura 2025,114,11404005,INGENIERIA INDUSTRIAL,FES ARAGÓN,Escolarizado,https://www.dgae.unam.mx/Licenciatura2025/resultados/1/11404005.html,50,666,602,78,53,009194,73,,No seleccionado,,Consultar
2025,1,Licenciatura 2025,114,11404005,INGENIERIA INDUSTRIAL,FES ARAGÓN,Escolarizado,https://www.dgae.unam.mx/Licenciatura2025/resultados/1/11404005.html,50,666,602,78,53,009246,54,,No seleccionado,,Consultar
2025,1,Licenciatura 2025,114,11404005,INGENIERIA INDUSTRIAL,FES ARAGÓN,Escolarizado,https://www.dgae.unam.mx/Licenciatura2025/resultados/1/11404005.html,50,666,602,78,53,009358,62,,No seleccionado,,Consultar
2025,1,Licenciatura 2025,114,11404005,INGENIERIA INDUSTRIAL,FES ARAGÓN,Escolarizado,https://www.dgae.unam.mx/Licenciatura2025/resultados/1/11404005.html,50,666,602,78,53,009375,55,,No seleccionado,,Consultar
2025,1,Licenciatura 2025,114,11404005,INGENIERIA INDUSTRIAL,FES ARAGÓN,Escolarizado,https://www.dgae.unam.mx/Licenciatura2025/resultados/1/11404005.html,50,666,602,78,53,009466,53,,No seleccionado,,Consultar
2025,1,Licenciatura 2025,114,11404005,INGENIERIA INDUSTRIAL,FES ARAGÓN,Escolarizado,https://www.dgae.unam.mx/Licenciatura2025/resultados/1/11404005.html,50,666,602,78,53,009591,31,,No seleccionado,,Consultar
2025,1,Licenciatura 2025,114,11404005,INGENIERIA INDUSTRIAL,FES ARAGÓN,Escolarizado,https://www.dgae.unam.mx/Licenciatura2025/resultados/1/11404005.html,50,666,602,78,53,009719,45,,No seleccionado,,Consultar
2025,1,Licenciatura 2025,114,11404005,INGENIERIA INDUSTRIAL,FES ARAGÓN,Escolarizado,https://www.dgae.unam.mx/Licenciatura2025/resultados/1/11404005.html,50,666,602,78,53,009733,58,,No seleccionado,,Consultar
2025,1,Licenciatura 2025,114,11404005,INGENIERIA INDUSTRIAL,FES ARAGÓN,Escolarizado,https://www.dgae.unam.mx/Licenciatura2025/resultados/1/11404005.html,50,666,602,78,53,009784,35,,No seleccionado,,Consultar
2025,1,Licenciatura 2025,114,11404005,INGENIERIA INDUSTRIAL,FES ARAGÓN,Escolarizado,https://www.dgae.unam.mx/Licenciatura2025/resultados/1/11404005.html,50,666,602,78,53,009827,31,,No seleccionado,,Consultar
2025,1,Licenciatura 2025,114,11404005,INGENIERIA INDUSTRIAL,FES ARAGÓN,Escolarizado,https://www.dgae.unam.mx/Licenciatura2025/resultados/1/11404005.html,50,666,602,78,53,009851,98,S,Seleccionado,Cita para entregar documentación.,Consultar
2025,1,Licenciatura 2025,114,11404005,INGENIERIA INDUSTRIAL,FES ARAGÓN,Escolarizado,https://www.dgae.unam.mx/Licenciatura2025/resultados/1/11404005.html,50,666,602,78,53,009883,61,,No seleccionado,,Consultar
2025,1,Licenciatura 2025,114,11404005,INGENIERIA INDUSTRIAL,FES ARAGÓN,Escolarizado,https://www.dgae.unam.mx/Licenciatura2025/resultados/1/11404005.html,50,666,602,78,53,009922,69,,No seleccionado,,Consultar
2025,1,Licenciatura 2025,114,11404005,INGENIERIA INDUSTRIAL,FES ARAGÓN,Escolarizado,https://www.dgae.unam.mx/Licenciatura2025/resultados/1/11404005.html,50,666,602,78,53,009936,34,,No seleccionado,,Consultar
2025,1,Licenciatura 2025,114,11404005,INGENIERIA INDUSTRIAL,FES ARAGÓN,Escolarizado,https://www.dgae.unam.mx/Licenciatura2025/resultados/1/11404005.html,50,666,602,78,53,009947,47,,No seleccionado,,Consultar
2025,1,Licenciatura 2025,114,11404005,INGENIERIA INDUSTRIAL,FES ARAGÓN,Escolarizado,https://www.dgae.unam.mx/Licenciatura2025/resultados/1/11404005.html,50,666,602,78,53,009989,61,,No seleccionado,,Consultar
2025,1,Licenciatura 2025,114,11404005,INGENIERIA INDUSTRIAL,FES ARAGÓN,Escolarizado,https://www.dgae.unam.mx/Licenciatura2025/resultados/1/11404005.html,50,666,602,78,53,009993,57,,No seleccionado,,Consultar
2025,1,Licenciatura 2025,114,11404005,INGENIERIA INDUSTRIAL,FES ARAGÓN,Escolarizado,https://www.dgae.unam.mx/Licenciatura2025/resultados/1/11404005.html,50,666,602,78,53,010019,,N,No presentado,,Consultar
2025,1,Licenciatura 2025,114,11404005,INGENIERIA INDUSTRIAL,FES ARAGÓN,Escolarizado,https://www.dgae.unam.mx/Licenciatura2025/resultados/1/11404005.html,50,666,602,78,53,010081,48,,No seleccionado,,Consultar
2025,1,Licenciatura 2025,114,11404005,INGENIERIA INDUSTRIAL,FES ARAGÓN,Escolarizado,https://www.dgae.unam.mx/Licenciatura2025/resultados/1/11404005.html,50,666,602,78,53,010099,31,,No seleccionado,,Consultar
2025,1,Licenciatura 2025,114,11404005,INGENIERIA INDUSTRIAL,FES ARAGÓN,Escolarizado,https://www.dgae.unam.mx/Licenciatura2025/resultados/1/11404005.html,50,666,602,78,53,010167,49,,No seleccionado,,Consultar
2025,1,Licenciatura 2025,114,11404005,INGENIERIA INDUSTRIAL,FES ARAGÓN,Escolarizado,https://www.dgae.unam.mx/Licenciatura2025/resultados/1/11404005.html,50,666,602,78,53,010210,49,,No seleccionado,,Consultar
2025,1,Licenciatura 2025,114,11404005,INGENIERIA INDUSTRIAL,FES ARAGÓN,Escolarizado,https://www.dgae.unam.mx/Licenciatura2025/resultados/1/11404005.html,50,666,602,78,53,010235,30,,No seleccionado,,Consultar
2025,1,Licenciatura 2025,114,11404005,INGENIERIA INDUSTRIAL,FES ARAGÓN,Escolarizado,https://www.dgae.unam.mx/Licenciatura2025/resultados/1/11404005.html,50,666,602,78,53,010249,30,,No seleccionado,,Consultar
2025,1,Licenciatura 2025,114,11404005,INGENIERIA INDUSTRIAL,FES ARAGÓN,Escolarizado,https://www.dgae.unam.mx/Licenciatura2025/resultados/1/11404005.html,50,666,602,78,53,010515,65,,No seleccionado,,Consultar
2025,1,Licenciatura 2025,114,11404005,INGENIERIA INDUSTRIAL,FES ARAGÓN,Escolarizado,https://www.dgae.unam.mx/Licenciatura2025/resultados/1/11404005.html,50,666,602,78,53,011074,29,,No seleccionado,,Consultar
2025,1,Licenciatura 2025,114,11404005,INGENIERIA INDUSTRIAL,FES ARAGÓN,Escolarizado,https://www.dgae.unam.mx/Licenciatura2025/resultados/1/11404005.html,50,666,602,78,53,011290,,N,No presentado,,Consultar
2025,1,Licenciatura 2025,114,11404005,INGENIERIA INDUSTRIAL,FES ARAGÓN,Escolarizado,https://www.dgae.unam.mx/Licenciatura2025/resultados/1/11404005.html,50,666,602,78,53,011316,51,,No seleccionado,,Consultar
2025,1,Licenciatura 2025,114,11404005,INGENIERIA INDUSTRIAL,FES ARAGÓN,Escolarizado,https://www.dgae.unam.mx/Licenciatura2025/resultados/1/11404005.html,50,666,602,78,53,011429,46,,No seleccionado,,Consultar
2025,1,Licenciatura 2025,114,11404005,INGENIERIA INDUSTRIAL,FES ARAGÓN,Escolarizado,https://www.dgae.unam.mx/Licenciatura2025/resultados/1/11404005.html,50,666,602,78,53,011526,28,,No seleccionado,,Consultar
2025,1,Licenciatura 2025,114,11404005,INGENIERIA INDUSTRIAL,FES ARAGÓN,Escolarizado,https://www.dgae.unam.mx/Licenciatura2025/resultados/1/11404005.html,50,666,602,78,53,012331,,N,No presentado,,Consultar
2025,1,Licenciatura 2025,114,11404005,INGENIERIA INDUSTRIAL,FES ARAGÓN,Escolarizado,https://www.dgae.unam.mx/Licenciatura2025/resultados/1/11404005.html,50,666,602,78,53,012466,,N,No presentado,,Consultar
2025,1,Licenciatura 2025,114,11404005,INGENIERIA INDUSTRIAL,FES ARAGÓN,Escolarizado,https://www.dgae.unam.mx/Licenciatura2025/resultados/1/11404005.html,50,666,602,78,53,012509,53,,No seleccionado,,Consultar
2025,1,Licenciatura 2025,114,11404005,INGENIERIA INDUSTRIAL,FES ARAGÓN,Escolarizado,https://www.dgae.unam.mx/Licenciatura2025/resultados/1/11404005.html,50,666,602,78,53,012659,70,,No seleccionado,,Consultar
2025,1,Licenciatura 2025,114,11404005,INGENIERIA INDUSTRIAL,FES ARAGÓN,Escolarizado,https://www.dgae.unam.mx/Licenciatura2025/resultados/1/11404005.html,50,666,602,78,53,012781,40,,No seleccionado,,Consultar
2025,1,Licenciatura 2025,114,11404005,INGENIERIA INDUSTRIAL,FES ARAGÓN,Escolarizado,https://www.dgae.unam.mx/Licenciatura2025/resultados/1/11404005.html,50,666,602,78,53,012873,29,,No seleccionado,,Consultar
2025,1,Licenciatura 2025,114,11404005,INGENIERIA INDUSTRIAL,FES ARAGÓN,Escolarizado,https://www.dgae.unam.mx/Licenciatura2025/resultados/1/11404005.html,50,666,602,78,53,012916,81,S,Seleccionado,Cita para entregar documentación.,Consultar
2025,1,Licenciatura 2025,114,11404005,INGENIERIA INDUSTRIAL,FES ARAGÓN,Escolarizado,https://www.dgae.unam.mx/Licenciatura2025/resultados/1/11404005.html,50,666,602,78,53,012953,,N,No presentado,,Consultar
2025,1,Licenciatura 2025,114,11404005,INGENIERIA INDUSTRIAL,FES ARAGÓN,Escolarizado,https://www.dgae.unam.mx/Licenciatura2025/resultados/1/11404005.html,50,666,602,78,53,012985,41,,No seleccionado,,Consultar
2025,1,Licenciatura 2025,114,11404005,INGENIERIA INDUSTRIAL,FES ARAGÓN,Escolarizado,https://www.dgae.unam.mx/Licenciatura2025/resultados/1/11404005.html,50,666,602,78,53,013011,53,,No seleccionado,,Consultar
2025,1,Licenciatura 2025,114,11404005,INGENIERIA INDUSTRIAL,FES ARAGÓN,Escolarizado,https://www.dgae.unam.mx/Licenciatura2025/resultados/1/11404005.html,50,666,602,78,53,013120,42,,No seleccionado,,Consultar
2025,1,Licenciatura 2025,114,11404005,INGENIERIA INDUSTRIAL,FES ARAGÓN,Escolarizado,https://www.dgae.unam.mx/Licenciatura2025/resultados/1/11404005.html,50,666,602,78,53,013143,40,,No seleccionado,,Consultar
2025,1,Licenciatura 2025,114,11404005,INGENIERIA INDUSTRIAL,FES ARAGÓN,Escolarizado,https://www.dgae.unam.mx/Licenciatura2025/resultados/1/11404005.html,50,666,602,78,53,013212,71,,No seleccionado,,Consultar
2025,1,Licenciatura 2025,114,11404005,INGENIERIA INDUSTRIAL,FES ARAGÓN,Escolarizado,https://www.dgae.unam.mx/Licenciatura2025/resultados/1/11404005.html,50,666,602,78,53,013227,,N,No presentado,,Consultar
2025,1,Licenciatura 2025,114,11404005,INGENIERIA INDUSTRIAL,FES ARAGÓN,Escolarizado,https://www.dgae.unam.mx/Licenciatura2025/resultados/1/11404005.html,50,666,602,78,53,013254,44,,No seleccionado,,Consultar
2025,1,Licenciatura 2025,114,11404005,INGENIERIA INDUSTRIAL,FES ARAGÓN,Escolarizado,https://www.dgae.unam.mx/Licenciatura2025/resultados/1/11404005.html,50,666,602,78,53,013267,36,,No seleccionado,,Consultar
2025,1,Licenciatura 2025,114,11404005,INGENIERIA INDUSTRIAL,FES ARAGÓN,Escolarizado,https://www.dgae.unam.mx/Licenciatura2025/resultados/1/11404005.html,50,666,602,78,53,013290,68,,No seleccionado,,Consultar
2025,1,Licenciatura 2025,114,11404005,INGENIERIA INDUSTRIAL,FES ARAGÓN,Escolarizado,https://www.dgae.unam.mx/Licenciatura2025/resultados/1/11404005.html,50,666,602,78,53,013298,60,,No seleccionado,,Consultar
2025,1,Licenciatura 2025,114,11404005,INGENIERIA INDUSTRIAL,FES ARAGÓN,Escolarizado,https://www.dgae.unam.mx/Licenciatura2025/resultados/1/11404005.html,50,666,602,78,53,013317,38,,No seleccionado,,Consultar
2025,1,Licenciatura 2025,114,11404005,INGENIERIA INDUSTRIAL,FES ARAGÓN,Escolarizado,https://www.dgae.unam.mx/Licenciatura2025/resultados/1/11404005.html,50,666,602,78,53,013318,43,,No seleccionado,,Consultar
2025,1,Licenciatura 2025,114,11404005,INGENIERIA INDUSTRIAL,FES ARAGÓN,Escolarizado,https://www.dgae.unam.mx/Licenciatura2025/resultados/1/11404005.html,50,666,602,78,53,013321,,N,No presentado,,Consultar
2025,1,Licenciatura 2025,114,11404005,INGENIERIA INDUSTRIAL,FES ARAGÓN,Escolarizado,https://www.dgae.unam.mx/Licenciatura2025/resultados/1/11404005.html,50,666,602,78,53,013324,52,,No seleccionado,,Consultar
2025,1,Licenciatura 2025,114,11404005,INGENIERIA INDUSTRIAL,FES ARAGÓN,Escolarizado,https://www.dgae.unam.mx/Licenciatura2025/resultados/1/11404005.html,50,666,602,78,53,013336,39,,No seleccionado,,Consultar
2025,1,Licenciatura 2025,114,11404005,INGENIERIA INDUSTRIAL,FES ARAGÓN,Escolarizado,https://www.dgae.unam.mx/Licenciatura2025/resultados/1/11404005.html,50,666,602,78,53,013382,55,,No seleccionado,,Consultar
2025,1,Licenciatura 2025,114,11404005,INGENIERIA INDUSTRIAL,FES ARAGÓN,Escolarizado,https://www.dgae.unam.mx/Licenciatura2025/resultados/1/11404005.html,50,666,602,78,53,013383,103,S,Seleccionado,Cita para entregar documentación.,Consultar
2025,1,Licenciatura 2025,114,11404005,INGENIERIA INDUSTRIAL,FES ARAGÓN,Escolarizado,https://www.dgae.unam.mx/Licenciatura2025/resultados/1/11404005.html,50,666,602,78,53,013422,51,,No seleccionado,,Consultar
2025,1,Licenciatura 2025,114,11404005,INGENIERIA INDUSTRIAL,FES ARAGÓN,Escolarizado,https://www.dgae.unam.mx/Licenciatura2025/resultados/1/11404005.html,50,666,602,78,53,013429,56,,No seleccionado,,Consultar
2025,1,Licenciatura 2025,114,11404005,INGENIERIA INDUSTRIAL,FES ARAGÓN,Escolarizado,https://www.dgae.unam.mx/Licenciatura2025/resultados/1/11404005.html,50,666,602,78,53,013439,48,,No seleccionado,,Consultar
2025,1,Licenciatura 2025,114,11404005,INGENIERIA INDUSTRIAL,FES ARAGÓN,Escolarizado,https://www.dgae.unam.mx/Licenciatura2025/resultados/1/11404005.html,50,666,602,78,53,013489,47,,No seleccionado,,Consultar
2025,1,Licenciatura 2025,114,11404005,INGENIERIA INDUSTRIAL,FES ARAGÓN,Escolarizado,https://www.dgae.unam.mx/Licenciatura2025/resultados/1/11404005.html,50,666,602,78,53,013554,31,,No seleccionado,,Consultar
2025,1,Licenciatura 2025,114,11404005,INGENIERIA INDUSTRIAL,FES ARAGÓN,Escolarizado,https://www.dgae.unam.mx/Licenciatura2025/resultados/1/11404005.html,50,666,602,78,53,013586,70,,No seleccionado,,Consultar
2025,1,Licenciatura 2025,114,11404005,INGENIERIA INDUSTRIAL,FES ARAGÓN,Escolarizado,https://www.dgae.unam.mx/Licenciatura2025/resultados/1/11404005.html,50,666,602,78,53,013589,56,,No seleccionado,,Consultar
2025,1,Licenciatura 2025,114,11404005,INGENIERIA INDUSTRIAL,FES ARAGÓN,Escolarizado,https://www.dgae.unam.mx/Licenciatura2025/resultados/1/11404005.html,50,666,602,78,53,013643,52,,No seleccionado,,Consultar
2025,1,Licenciatura 2025,114,11404005,INGENIERIA INDUSTRIAL,FES ARAGÓN,Escolarizado,https://www.dgae.unam.mx/Licenciatura2025/resultados/1/11404005.html,50,666,602,78,53,013702,31,,No seleccionado,,Consultar
2025,1,Licenciatura 2025,114,11404005,INGENIERIA INDUSTRIAL,FES ARAGÓN,Escolarizado,https://www.dgae.unam.mx/Licenciatura2025/resultados/1/11404005.html,50,666,602,78,53,013712,38,,No seleccionado,,Consultar
2025,1,Licenciatura 2025,114,11404005,INGENIERIA INDUSTRIAL,FES ARAGÓN,Escolarizado,https://www.dgae.unam.mx/Licenciatura2025/resultados/1/11404005.html,50,666,602,78,53,013745,38,,No seleccionado,,Consultar
2025,1,Licenciatura 2025,114,11404005,INGENIERIA INDUSTRIAL,FES ARAGÓN,Escolarizado,https://www.dgae.unam.mx/Licenciatura2025/resultados/1/11404005.html,50,666,602,78,53,013829,78,S,Seleccionado,Cita para entregar documentación.,Consultar
2025,1,Licenciatura 2025,114,11404005,INGENIERIA INDUSTRIAL,FES ARAGÓN,Escolarizado,https://www.dgae.unam.mx/Licenciatura2025/resultados/1/11404005.html,50,666,602,78,53,013845,55,,No seleccionado,,Consultar
2025,1,Licenciatura 2025,114,11404005,INGENIERIA INDUSTRIAL,FES ARAGÓN,Escolarizado,https://www.dgae.unam.mx/Licenciatura2025/resultados/1/11404005.html,50,666,602,78,53,013875,40,,No seleccionado,,Consultar
2025,1,Licenciatura 2025,114,11404005,INGENIERIA INDUSTRIAL,FES ARAGÓN,Escolarizado,https://www.dgae.unam.mx/Licenciatura2025/resultados/1/11404005.html,50,666,602,78,53,013947,53,,No seleccionado,,Consultar
2025,1,Licenciatura 2025,114,11404005,INGENIERIA INDUSTRIAL,FES ARAGÓN,Escolarizado,https://www.dgae.unam.mx/Licenciatura2025/resultados/1/11404005.html,50,666,602,78,53,014016,79,S,Seleccionado,,Consultar
2025,1,Licenciatura 2025,114,11404005,INGENIERIA INDUSTRIAL,FES ARAGÓN,Escolarizado,https://www.dgae.unam.mx/Licenciatura2025/resultados/1/11404005.html,50,666,602,78,53,014026,40,,No seleccionado,,Consultar
2025,1,Licenciatura 2025,114,11404005,INGENIERIA INDUSTRIAL,FES ARAGÓN,Escolarizado,https://www.dgae.unam.mx/Licenciatura2025/resultados/1/11404005.html,50,666,602,78,53,014061,50,,No seleccionado,,Consultar
2025,1,Licenciatura 2025,114,11404005,INGENIERIA INDUSTRIAL,FES ARAGÓN,Escolarizado,https://www.dgae.unam.mx/Licenciatura2025/resultados/1/11404005.html,50,666,602,78,53,014088,42,,No seleccionado,,Consultar
2025,1,Licenciatura 2025,114,11404005,INGENIERIA INDUSTRIAL,FES ARAGÓN,Escolarizado,https://www.dgae.unam.mx/Licenciatura2025/resultados/1/11404005.html,50,666,602,78,53,014148,38,,No seleccionado,,Consultar
2025,1,Licenciatura 2025,114,11404005,INGENIERIA INDUSTRIAL,FES ARAGÓN,Escolarizado,https://www.dgae.unam.mx/Licenciatura2025/resultados/1/11404005.html,50,666,602,78,53,014177,48,,No seleccionado,,Consultar
2025,1,Licenciatura 2025,114,11404005,INGENIERIA INDUSTRIAL,FES ARAGÓN,Escolarizado,https://www.dgae.unam.mx/Licenciatura2025/resultados/1/11404005.html,50,666,602,78,53,014184,31,,No seleccionado,,Consultar
2025,1,Licenciatura 2025,114,11404005,INGENIERIA INDUSTRIAL,FES ARAGÓN,Escolarizado,https://www.dgae.unam.mx/Licenciatura2025/resultados/1/11404005.html,50,666,602,78,53,014252,55,,No seleccionado,,Consultar
2025,1,Licenciatura 2025,114,11404005,INGENIERIA INDUSTRIAL,FES ARAGÓN,Escolarizado,https://www.dgae.unam.mx/Licenciatura2025/resultados/1/11404005.html,50,666,602,78,53,014261,60,,No seleccionado,,Consultar
2025,1,Licenciatura 2025,114,11404005,INGENIERIA INDUSTRIAL,FES ARAGÓN,Escolarizado,https://www.dgae.unam.mx/Licenciatura2025/resultados/1/11404005.html,50,666,602,78,53,014295,75,,No seleccionado,,Consultar
2025,1,Licenciatura 2025,114,11404005,INGENIERIA INDUSTRIAL,FES ARAGÓN,Escolarizado,https://www.dgae.unam.mx/Licenciatura2025/resultados/1/11404005.html,50,666,602,78,53,014300,67,,No seleccionado,,Consultar
2025,1,Licenciatura 2025,114,11404005,INGENIERIA INDUSTRIAL,FES ARAGÓN,Escolarizado,https://www.dgae.unam.mx/Licenciatura2025/resultados/1/11404005.html,50,666,602,78,53,014439,56,,No seleccionado,,Consultar
2025,1,Licenciatura 2025,114,11404005,INGENIERIA INDUSTRIAL,FES ARAGÓN,Escolarizado,https://www.dgae.unam.mx/Licenciatura2025/resultados/1/11404005.html,50,666,602,78,53,014442,62,,No seleccionado,,Consultar
2025,1,Licenciatura 2025,114,11404005,INGENIERIA INDUSTRIAL,FES ARAGÓN,Escolarizado,https://www.dgae.unam.mx/Licenciatura2025/resultados/1/11404005.html,50,666,602,78,53,014532,47,,No seleccionado,,Consultar
2025,1,Licenciatura 2025,114,11404005,INGENIERIA INDUSTRIAL,FES ARAGÓN,Escolarizado,https://www.dgae.unam.mx/Licenciatura2025/resultados/1/11404005.html,50,666,602,78,53,014561,42,,No seleccionado,,Consultar
2025,1,Licenciatura 2025,114,11404005,INGENIERIA INDUSTRIAL,FES ARAGÓN,Escolarizado,https://www.dgae.unam.mx/Licenciatura2025/resultados/1/11404005.html,50,666,602,78,53,014601,71,,No seleccionado,,Consultar
2025,1,Licenciatura 2025,114,11404005,INGENIERIA INDUSTRIAL,FES ARAGÓN,Escolarizado,https://www.dgae.unam.mx/Licenciatura2025/resultados/1/11404005.html,50,666,602,78,53,014664,40,,No seleccionado,,Consultar
2025,1,Licenciatura 2025,114,11404005,INGENIERIA INDUSTRIAL,FES ARAGÓN,Escolarizado,https://www.dgae.unam.mx/Licenciatura2025/resultados/1/11404005.html,50,666,602,78,53,014740,44,,No seleccionado,,Consultar
2025,1,Licenciatura 2025,114,11404005,INGENIERIA INDUSTRIAL,FES ARAGÓN,Escolarizado,https://www.dgae.unam.mx/Licenciatura2025/resultados/1/11404005.html,50,666,602,78,53,014793,62,,No seleccionado,,Consultar
2025,1,Licenciatura 2025,114,11404005,INGENIERIA INDUSTRIAL,FES ARAGÓN,Escolarizado,https://www.dgae.unam.mx/Licenciatura2025/resultados/1/11404005.html,50,666,602,78,53,014820,40,,No seleccionado,,Consultar
2025,1,Licenciatura 2025,114,11404005,INGENIERIA INDUSTRIAL,FES ARAGÓN,Escolarizado,https://www.dgae.unam.mx/Licenciatura2025/resultados/1/11404005.html,50,666,602,78,53,014829,28,,No seleccionado,,Consultar
2025,1,Licenciatura 2025,114,11404005,INGENIERIA INDUSTRIAL,FES ARAGÓN,Escolarizado,https://www.dgae.unam.mx/Licenciatura2025/resultados/1/11404005.html,50,666,602,78,53,014832,36,,No seleccionado,,Consultar
2025,1,Licenciatura 2025,114,11404005,INGENIERIA INDUSTRIAL,FES ARAGÓN,Escolarizado,https://www.dgae.unam.mx/Licenciatura2025/resultados/1/11404005.html,50,666,602,78,53,014836,60,,No seleccionado,,Consultar
2025,1,Licenciatura 2025,114,11404005,INGENIERIA INDUSTRIAL,FES ARAGÓN,Escolarizado,https://www.dgae.unam.mx/Licenciatura2025/resultados/1/11404005.html,50,666,602,78,53,014949,,N,No presentado,,Consultar
2025,1,Licenciatura 2025,114,11404005,INGENIERIA INDUSTRIAL,FES ARAGÓN,Escolarizado,https://www.dgae.unam.mx/Licenciatura2025/resultados/1/11404005.html,50,666,602,78,53,014960,61,,No seleccionado,,Consultar
2025,1,Licenciatura 2025,114,11404005,INGENIERIA INDUSTRIAL,FES ARAGÓN,Escolarizado,https://www.dgae.unam.mx/Licenciatura2025/resultados/1/11404005.html,50,666,602,78,53,014983,,N,No presentado,,Consultar
2025,1,Licenciatura 2025,114,11404005,INGENIERIA INDUSTRIAL,FES ARAGÓN,Escolarizado,https://www.dgae.unam.mx/Licenciatura2025/resultados/1/11404005.html,50,666,602,78,53,014999,58,,No seleccionado,,Consultar
2025,1,Licenciatura 2025,114,11404005,INGENIERIA INDUSTRIAL,FES ARAGÓN,Escolarizado,https://www.dgae.unam.mx/Licenciatura2025/resultados/1/11404005.html,50,666,602,78,53,015001,52,,No seleccionado,,Consultar
2025,1,Licenciatura 2025,114,11404005,INGENIERIA INDUSTRIAL,FES ARAGÓN,Escolarizado,https://www.dgae.unam.mx/Licenciatura2025/resultados/1/11404005.html,50,666,602,78,53,015004,34,,No seleccionado,,Consultar
2025,1,Licenciatura 2025,114,11404005,INGENIERIA INDUSTRIAL,FES ARAGÓN,Escolarizado,https://www.dgae.unam.mx/Licenciatura2025/resultados/1/11404005.html,50,666,602,78,53,015053,67,,No seleccionado,,Consultar
2025,1,Licenciatura 2025,114,11404005,INGENIERIA INDUSTRIAL,FES ARAGÓN,Escolarizado,https://www.dgae.unam.mx/Licenciatura2025/resultados/1/11404005.html,50,666,602,78,53,015069,39,,No seleccionado,,Consultar
2025,1,Licenciatura 2025,114,11404005,INGENIERIA INDUSTRIAL,FES ARAGÓN,Escolarizado,https://www.dgae.unam.mx/Licenciatura2025/resultados/1/11404005.html,50,666,602,78,53,015139,33,,No seleccionado,,Consultar
2025,1,Licenciatura 2025,114,11404005,INGENIERIA INDUSTRIAL,FES ARAGÓN,Escolarizado,https://www.dgae.unam.mx/Licenciatura2025/resultados/1/11404005.html,50,666,602,78,53,015189,34,,No seleccionado,,Consultar
2025,1,Licenciatura 2025,114,11404005,INGENIERIA INDUSTRIAL,FES ARAGÓN,Escolarizado,https://www.dgae.unam.mx/Licenciatura2025/resultados/1/11404005.html,50,666,602,78,53,015319,74,,No seleccionado,,Consultar
2025,1,Licenciatura 2025,114,11404005,INGENIERIA INDUSTRIAL,FES ARAGÓN,Escolarizado,https://www.dgae.unam.mx/Licenciatura2025/resultados/1/11404005.html,50,666,602,78,53,015334,47,,No seleccionado,,Consultar
2025,1,Licenciatura 2025,114,11404005,INGENIERIA INDUSTRIAL,FES ARAGÓN,Escolarizado,https://www.dgae.unam.mx/Licenciatura2025/resultados/1/11404005.html,50,666,602,78,53,015344,59,,No seleccionado,,Consultar
2025,1,Licenciatura 2025,114,11404005,INGENIERIA INDUSTRIAL,FES ARAGÓN,Escolarizado,https://www.dgae.unam.mx/Licenciatura2025/resultados/1/11404005.html,50,666,602,78,53,015430,44,,No seleccionado,,Consultar
2025,1,Licenciatura 2025,114,11404005,INGENIERIA INDUSTRIAL,FES ARAGÓN,Escolarizado,https://www.dgae.unam.mx/Licenciatura2025/resultados/1/11404005.html,50,666,602,78,53,015455,32,,No seleccionado,,Consultar
2025,1,Licenciatura 2025,114,11404005,INGENIERIA INDUSTRIAL,FES ARAGÓN,Escolarizado,https://www.dgae.unam.mx/Licenciatura2025/resultados/1/11404005.html,50,666,602,78,53,015473,64,,No seleccionado,,Consultar
2025,1,Licenciatura 2025,114,11404005,INGENIERIA INDUSTRIAL,FES ARAGÓN,Escolarizado,https://www.dgae.unam.mx/Licenciatura2025/resultados/1/11404005.html,50,666,602,78,53,015506,60,,No seleccionado,,Consultar
2025,1,Licenciatura 2025,114,11404005,INGENIERIA INDUSTRIAL,FES ARAGÓN,Escolarizado,https://www.dgae.unam.mx/Licenciatura2025/resultados/1/11404005.html,50,666,602,78,53,015519,53,,No seleccionado,,Consultar
2025,1,Licenciatura 2025,114,11404005,INGENIERIA INDUSTRIAL,FES ARAGÓN,Escolarizado,https://www.dgae.unam.mx/Licenciatura2025/resultados/1/11404005.html,50,666,602,78,53,015571,35,,No seleccionado,,Consultar
2025,1,Licenciatura 2025,114,11404005,INGENIERIA INDUSTRIAL,FES ARAGÓN,Escolarizado,https://www.dgae.unam.mx/Licenciatura2025/resultados/1/11404005.html,50,666,602,78,53,015609,51,,No seleccionado,,Consultar
2025,1,Licenciatura 2025,114,11404005,INGENIERIA INDUSTRIAL,FES ARAGÓN,Escolarizado,https://www.dgae.unam.mx/Licenciatura2025/resultados/1/11404005.html,50,666,602,78,53,015663,,N,No presentado,,Consultar
2025,1,Licenciatura 2025,114,11404005,INGENIERIA INDUSTRIAL,FES ARAGÓN,Escolarizado,https://www.dgae.unam.mx/Licenciatura2025/resultados/1/11404005.html,50,666,602,78,53,015686,44,,No seleccionado,,Consultar
2025,1,Licenciatura 2025,114,11404005,INGENIERIA INDUSTRIAL,FES ARAGÓN,Escolarizado,https://www.dgae.unam.mx/Licenciatura2025/resultados/1/11404005.html,50,666,602,78,53,015694,31,,No seleccionado,,Consultar
2025,1,Licenciatura 2025,114,11404005,INGENIERIA INDUSTRIAL,FES ARAGÓN,Escolarizado,https://www.dgae.unam.mx/Licenciatura2025/resultados/1/11404005.html,50,666,602,78,53,015712,55,,No seleccionado,,Consultar
2025,1,Licenciatura 2025,114,11404005,INGENIERIA INDUSTRIAL,FES ARAGÓN,Escolarizado,https://www.dgae.unam.mx/Licenciatura2025/resultados/1/11404005.html,50,666,602,78,53,015795,34,,No seleccionado,,Consultar
2025,1,Licenciatura 2025,114,11404005,INGENIERIA INDUSTRIAL,FES ARAGÓN,Escolarizado,https://www.dgae.unam.mx/Licenciatura2025/resultados/1/11404005.html,50,666,602,78,53,015799,53,,No seleccionado,,Consultar
2025,1,Licenciatura 2025,114,11404005,INGENIERIA INDUSTRIAL,FES ARAGÓN,Escolarizado,https://www.dgae.unam.mx/Licenciatura2025/resultados/1/11404005.html,50,666,602,78,53,015802,44,,No seleccionado,,Consultar
2025,1,Licenciatura 2025,114,11404005,INGENIERIA INDUSTRIAL,FES ARAGÓN,Escolarizado,https://www.dgae.unam.mx/Licenciatura2025/resultados/1/11404005.html,50,666,602,78,53,015824,28,,No seleccionado,,Consultar
2025,1,Licenciatura 2025,114,11404005,INGENIERIA INDUSTRIAL,FES ARAGÓN,Escolarizado,https://www.dgae.unam.mx/Licenciatura2025/resultados/1/11404005.html,50,666,602,78,53,015841,42,,No seleccionado,,Consultar
2025,1,Licenciatura 2025,114,11404005,INGENIERIA INDUSTRIAL,FES ARAGÓN,Escolarizado,https://www.dgae.unam.mx/Licenciatura2025/resultados/1/11404005.html,50,666,602,78,53,015864,55,,No seleccionado,,Consultar
2025,1,Licenciatura 2025,114,11404005,INGENIERIA INDUSTRIAL,FES ARAGÓN,Escolarizado,https://www.dgae.unam.mx/Licenciatura2025/resultados/1/11404005.html,50,666,602,78,53,015959,,N,No presentado,,Consultar
2025,1,Licenciatura 2025,114,11404005,INGENIERIA INDUSTRIAL,FES ARAGÓN,Escolarizado,https://www.dgae.unam.mx/Licenciatura2025/resultados/1/11404005.html,50,666,602,78,53,016196,85,S,Seleccionado,Cita para entregar documentación.,Consultar
2025,1,Licenciatura 2025,114,11404005,INGENIERIA INDUSTRIAL,FES ARAGÓN,Escolarizado,https://www.dgae.unam.mx/Licenciatura2025/resultados/1/11404005.html,50,666,602,78,53,016375,39,,No seleccionado,,Consultar
2025,1,Licenciatura 2025,114,11404005,INGENIERIA INDUSTRIAL,FES ARAGÓN,Escolarizado,https://www.dgae.unam.mx/Licenciatura2025/resultados/1/11404005.html,50,666,602,78,53,016759,84,S,Seleccionado,Cita para entregar documentación.,Consultar
2025,1,Licenciatura 2025,114,11404005,INGENIERIA INDUSTRIAL,FES ARAGÓN,Escolarizado,https://www.dgae.unam.mx/Licenciatura2025/resultados/1/11404005.html,50,666,602,78,53,017145,42,,No seleccionado,,Consultar
2025,1,Licenciatura 2025,114,11404005,INGENIERIA INDUSTRIAL,FES ARAGÓN,Escolarizado,https://www.dgae.unam.mx/Licenciatura2025/resultados/1/11404005.html,50,666,602,78,53,017184,71,,No seleccionado,,Consultar
2025,1,Licenciatura 2025,114,11404005,INGENIERIA INDUSTRIAL,FES ARAGÓN,Escolarizado,https://www.dgae.unam.mx/Licenciatura2025/resultados/1/11404005.html,50,666,602,78,53,017490,49,,No seleccionado,,Consultar
2025,1,Licenciatura 2025,114,11404005,INGENIERIA INDUSTRIAL,FES ARAGÓN,Escolarizado,https://www.dgae.unam.mx/Licenciatura2025/resultados/1/11404005.html,50,666,602,78,53,017538,70,,No seleccionado,,Consultar
2025,1,Licenciatura 2025,114,11404005,INGENIERIA INDUSTRIAL,FES ARAGÓN,Escolarizado,https://www.dgae.unam.mx/Licenciatura2025/resultados/1/11404005.html,50,666,602,78,53,017670,68,,No seleccionado,,Consultar
2025,1,Licenciatura 2025,114,11404005,INGENIERIA INDUSTRIAL,FES ARAGÓN,Escolarizado,https://www.dgae.unam.mx/Licenciatura2025/resultados/1/11404005.html,50,666,602,78,53,017702,22,,No seleccionado,,Consultar
2025,1,Licenciatura 2025,114,11404005,INGENIERIA INDUSTRIAL,FES ARAGÓN,Escolarizado,https://www.dgae.unam.mx/Licenciatura2025/resultados/1/11404005.html,50,666,602,78,53,017977,100,S,Seleccionado,Cita para entregar documentación.,Consultar
2025,1,Licenciatura 2025,114,11404005,INGENIERIA INDUSTRIAL,FES ARAGÓN,Escolarizado,https://www.dgae.unam.mx/Licenciatura2025/resultados/1/11404005.html,50,666,602,78,53,017985,61,,No seleccionado,,Consultar
2025,1,Licenciatura 2025,114,11404005,INGENIERIA INDUSTRIAL,FES ARAGÓN,Escolarizado,https://www.dgae.unam.mx/Licenciatura2025/resultados/1/11404005.html,50,666,602,78,53,018026,57,,No seleccionado,,Consultar
2025,1,Licenciatura 2025,114,11404005,INGENIERIA INDUSTRIAL,FES ARAGÓN,Escolarizado,https://www.dgae.unam.mx/Licenciatura2025/resultados/1/11404005.html,50,666,602,78,53,018030,,N,No presentado,,Consultar
2025,1,Licenciatura 2025,114,11404005,INGENIERIA INDUSTRIAL,FES ARAGÓN,Escolarizado,https://www.dgae.unam.mx/Licenciatura2025/resultados/1/11404005.html,50,666,602,78,53,018053,,N,No presentado,,Consultar
2025,1,Licenciatura 2025,114,11404005,INGENIERIA INDUSTRIAL,FES ARAGÓN,Escolarizado,https://www.dgae.unam.mx/Licenciatura2025/resultados/1/11404005.html,50,666,602,78,53,018055,48,,No seleccionado,,Consultar
2025,1,Licenciatura 2025,114,11404005,INGENIERIA INDUSTRIAL,FES ARAGÓN,Escolarizado,https://www.dgae.unam.mx/Licenciatura2025/resultados/1/11404005.html,50,666,602,78,53,018138,57,,No seleccionado,,Consultar
2025,1,Licenciatura 2025,114,11404005,INGENIERIA INDUSTRIAL,FES ARAGÓN,Escolarizado,https://www.dgae.unam.mx/Licenciatura2025/resultados/1/11404005.html,50,666,602,78,53,018176,63,,No seleccionado,,Consultar
2025,1,Licenciatura 2025,114,11404005,INGENIERIA INDUSTRIAL,FES ARAGÓN,Escolarizado,https://www.dgae.unam.mx/Licenciatura2025/resultados/1/11404005.html,50,666,602,78,53,018205,37,,No seleccionado,,Consultar
2025,1,Licenciatura 2025,114,11404005,INGENIERIA INDUSTRIAL,FES ARAGÓN,Escolarizado,https://www.dgae.unam.mx/Licenciatura2025/resultados/1/11404005.html,50,666,602,78,53,018210,61,,No seleccionado,,Consultar
2025,1,Licenciatura 2025,114,11404005,INGENIERIA INDUSTRIAL,FES ARAGÓN,Escolarizado,https://www.dgae.unam.mx/Licenciatura2025/resultados/1/11404005.html,50,666,602,78,53,018223,43,,No seleccionado,,Consultar
2025,1,Licenciatura 2025,114,11404005,INGENIERIA INDUSTRIAL,FES ARAGÓN,Escolarizado,https://www.dgae.unam.mx/Licenciatura2025/resultados/1/11404005.html,50,666,602,78,53,018291,41,,No seleccionado,,Consultar
2025,1,Licenciatura 2025,114,11404005,INGENIERIA INDUSTRIAL,FES ARAGÓN,Escolarizado,https://www.dgae.unam.mx/Licenciatura2025/resultados/1/11404005.html,50,666,602,78,53,018300,48,,No seleccionado,,Consultar
2025,1,Licenciatura 2025,114,11404005,INGENIERIA INDUSTRIAL,FES ARAGÓN,Escolarizado,https://www.dgae.unam.mx/Licenciatura2025/resultados/1/11404005.html,50,666,602,78,53,018310,,N,No presentado,,Consultar
2025,1,Licenciatura 2025,114,11404005,INGENIERIA INDUSTRIAL,FES ARAGÓN,Escolarizado,https://www.dgae.unam.mx/Licenciatura2025/resultados/1/11404005.html,50,666,602,78,53,018378,58,,No seleccionado,,Consultar
2025,1,Licenciatura 2025,114,11404005,INGENIERIA INDUSTRIAL,FES ARAGÓN,Escolarizado,https://www.dgae.unam.mx/Licenciatura2025/resultados/1/11404005.html,50,666,602,78,53,018450,44,,No seleccionado,,Consultar
2025,1,Licenciatura 2025,114,11404005,INGENIERIA INDUSTRIAL,FES ARAGÓN,Escolarizado,https://www.dgae.unam.mx/Licenciatura2025/resultados/1/11404005.html,50,666,602,78,53,018469,63,,No seleccionado,,Consultar
2025,1,Licenciatura 2025,114,11404005,INGENIERIA INDUSTRIAL,FES ARAGÓN,Escolarizado,https://www.dgae.unam.mx/Licenciatura2025/resultados/1/11404005.html,50,666,602,78,53,018505,,N,No presentado,,Consultar
2025,1,Licenciatura 2025,114,11404005,INGENIERIA INDUSTRIAL,FES ARAGÓN,Escolarizado,https://www.dgae.unam.mx/Licenciatura2025/resultados/1/11404005.html,50,666,602,78,53,018521,55,,No seleccionado,,Consultar
2025,1,Licenciatura 2025,114,11404005,INGENIERIA INDUSTRIAL,FES ARAGÓN,Escolarizado,https://www.dgae.unam.mx/Licenciatura2025/resultados/1/11404005.html,50,666,602,78,53,018592,47,,No seleccionado,,Consultar
2025,1,Licenciatura 2025,114,11404005,INGENIERIA INDUSTRIAL,FES ARAGÓN,Escolarizado,https://www.dgae.unam.mx/Licenciatura2025/resultados/1/11404005.html,50,666,602,78,53,018644,51,,No seleccionado,,Consultar
2025,1,Licenciatura 2025,114,11404005,INGENIERIA INDUSTRIAL,FES ARAGÓN,Escolarizado,https://www.dgae.unam.mx/Licenciatura2025/resultados/1/11404005.html,50,666,602,78,53,018657,40,,No seleccionado,,Consultar
2025,1,Licenciatura 2025,114,11404005,INGENIERIA INDUSTRIAL,FES ARAGÓN,Escolarizado,https://www.dgae.unam.mx/Licenciatura2025/resultados/1/11404005.html,50,666,602,78,53,018747,86,S,Seleccionado,Cita para entregar documentación.,Consultar
2025,1,Licenciatura 2025,114,11404005,INGENIERIA INDUSTRIAL,FES ARAGÓN,Escolarizado,https://www.dgae.unam.mx/Licenciatura2025/resultados/1/11404005.html,50,666,602,78,53,018776,41,,No seleccionado,,Consultar
2025,1,Licenciatura 2025,114,11404005,INGENIERIA INDUSTRIAL,FES ARAGÓN,Escolarizado,https://www.dgae.unam.mx/Licenciatura2025/resultados/1/11404005.html,50,666,602,78,53,018777,52,,No seleccionado,,Consultar
2025,1,Licenciatura 2025,114,11404005,INGENIERIA INDUSTRIAL,FES ARAGÓN,Escolarizado,https://www.dgae.unam.mx/Licenciatura2025/resultados/1/11404005.html,50,666,602,78,53,018790,45,,No seleccionado,,Consultar
2025,1,Licenciatura 2025,114,11404005,INGENIERIA INDUSTRIAL,FES ARAGÓN,Escolarizado,https://www.dgae.unam.mx/Licenciatura2025/resultados/1/11404005.html,50,666,602,78,53,018795,52,,No seleccionado,,Consultar
2025,1,Licenciatura 2025,114,11404005,INGENIERIA INDUSTRIAL,FES ARAGÓN,Escolarizado,https://www.dgae.unam.mx/Licenciatura2025/resultados/1/11404005.html,50,666,602,78,53,018801,47,,No seleccionado,,Consultar
2025,1,Licenciatura 2025,114,11404005,INGENIERIA INDUSTRIAL,FES ARAGÓN,Escolarizado,https://www.dgae.unam.mx/Licenciatura2025/resultados/1/11404005.html,50,666,602,78,53,018834,,N,No presentado,,Consultar
2025,1,Licenciatura 2025,114,11404005,INGENIERIA INDUSTRIAL,FES ARAGÓN,Escolarizado,https://www.dgae.unam.mx/Licenciatura2025/resultados/1/11404005.html,50,666,602,78,53,018864,41,,No seleccionado,,Consultar
2025,1,Licenciatura 2025,114,11404005,INGENIERIA INDUSTRIAL,FES ARAGÓN,Escolarizado,https://www.dgae.unam.mx/Licenciatura2025/resultados/1/11404005.html,50,666,602,78,53,018920,52,,No seleccionado,,Consultar
2025,1,Licenciatura 2025,114,11404005,INGENIERIA INDUSTRIAL,FES ARAGÓN,Escolarizado,https://www.dgae.unam.mx/Licenciatura2025/resultados/1/11404005.html,50,666,602,78,53,018946,46,,No seleccionado,,Consultar
2025,1,Licenciatura 2025,114,11404005,INGENIERIA INDUSTRIAL,FES ARAGÓN,Escolarizado,https://www.dgae.unam.mx/Licenciatura2025/resultados/1/11404005.html,50,666,602,78,53,018964,63,,No seleccionado,,Consultar
2025,1,Licenciatura 2025,114,11404005,INGENIERIA INDUSTRIAL,FES ARAGÓN,Escolarizado,https://www.dgae.unam.mx/Licenciatura2025/resultados/1/11404005.html,50,666,602,78,53,018972,72,,No seleccionado,,Consultar
2025,1,Licenciatura 2025,114,11404005,INGENIERIA INDUSTRIAL,FES ARAGÓN,Escolarizado,https://www.dgae.unam.mx/Licenciatura2025/resultados/1/11404005.html,50,666,602,78,53,019029,67,,No seleccionado,,Consultar
2025,1,Licenciatura 2025,114,11404005,INGENIERIA INDUSTRIAL,FES ARAGÓN,Escolarizado,https://www.dgae.unam.mx/Licenciatura2025/resultados/1/11404005.html,50,666,602,78,53,019103,37,,No seleccionado,,Consultar
2025,1,Licenciatura 2025,114,11404005,INGENIERIA INDUSTRIAL,FES ARAGÓN,Escolarizado,https://www.dgae.unam.mx/Licenciatura2025/resultados/1/11404005.html,50,666,602,78,53,019107,55,,No seleccionado,,Consultar
2025,1,Licenciatura 2025,114,11404005,INGENIERIA INDUSTRIAL,FES ARAGÓN,Escolarizado,https://www.dgae.unam.mx/Licenciatura2025/resultados/1/11404005.html,50,666,602,78,53,019113,89,S,Seleccionado,Cita para entregar documentación.,Consultar
2025,1,Licenciatura 2025,114,11404005,INGENIERIA INDUSTRIAL,FES ARAGÓN,Escolarizado,https://www.dgae.unam.mx/Licenciatura2025/resultados/1/11404005.html,50,666,602,78,53,019158,77,,No seleccionado,,Consultar
2025,1,Licenciatura 2025,114,11404005,INGENIERIA INDUSTRIAL,FES ARAGÓN,Escolarizado,https://www.dgae.unam.mx/Licenciatura2025/resultados/1/11404005.html,50,666,602,78,53,019200,71,,No seleccionado,,Consultar
2025,1,Licenciatura 2025,114,11404005,INGENIERIA INDUSTRIAL,FES ARAGÓN,Escolarizado,https://www.dgae.unam.mx/Licenciatura2025/resultados/1/11404005.html,50,666,602,78,53,019216,48,,No seleccionado,,Consultar
2025,1,Licenciatura 2025,114,11404005,INGENIERIA INDUSTRIAL,FES ARAGÓN,Escolarizado,https://www.dgae.unam.mx/Licenciatura2025/resultados/1/11404005.html,50,666,602,78,53,019222,64,,No seleccionado,,Consultar
2025,1,Licenciatura 2025,114,11404005,INGENIERIA INDUSTRIAL,FES ARAGÓN,Escolarizado,https://www.dgae.unam.mx/Licenciatura2025/resultados/1/11404005.html,50,666,602,78,53,019226,37,,No seleccionado,,Consultar
2025,1,Licenciatura 2025,114,11404005,INGENIERIA INDUSTRIAL,FES ARAGÓN,Escolarizado,https://www.dgae.unam.mx/Licenciatura2025/resultados/1/11404005.html,50,666,602,78,53,019255,72,,No seleccionado,,Consultar
2025,1,Licenciatura 2025,114,11404005,INGENIERIA INDUSTRIAL,FES ARAGÓN,Escolarizado,https://www.dgae.unam.mx/Licenciatura2025/resultados/1/11404005.html,50,666,602,78,53,019293,30,,No seleccionado,,Consultar
2025,1,Licenciatura 2025,114,11404005,INGENIERIA INDUSTRIAL,FES ARAGÓN,Escolarizado,https://www.dgae.unam.mx/Licenciatura2025/resultados/1/11404005.html,50,666,602,78,53,019295,53,,No seleccionado,,Consultar
2025,1,Licenciatura 2025,114,11404005,INGENIERIA INDUSTRIAL,FES ARAGÓN,Escolarizado,https://www.dgae.unam.mx/Licenciatura2025/resultados/1/11404005.html,50,666,602,78,53,019329,45,,No seleccionado,,Consultar
2025,1,Licenciatura 2025,114,11404005,INGENIERIA INDUSTRIAL,FES ARAGÓN,Escolarizado,https://www.dgae.unam.mx/Licenciatura2025/resultados/1/11404005.html,50,666,602,78,53,019359,40,,No seleccionado,,Consultar
2025,1,Licenciatura 2025,114,11404005,INGENIERIA INDUSTRIAL,FES ARAGÓN,Escolarizado,https://www.dgae.unam.mx/Licenciatura2025/resultados/1/11404005.html,50,666,602,78,53,019371,61,,No seleccionado,,Consultar
2025,1,Licenciatura 2025,114,11404005,INGENIERIA INDUSTRIAL,FES ARAGÓN,Escolarizado,https://www.dgae.unam.mx/Licenciatura2025/resultados/1/11404005.html,50,666,602,78,53,019373,38,,No seleccionado,,Consultar
2025,1,Licenciatura 2025,114,11404005,INGENIERIA INDUSTRIAL,FES ARAGÓN,Escolarizado,https://www.dgae.unam.mx/Licenciatura2025/resultados/1/11404005.html,50,666,602,78,53,019467,38,,No seleccionado,,Consultar
2025,1,Licenciatura 2025,114,11404005,INGENIERIA INDUSTRIAL,FES ARAGÓN,Escolarizado,https://www.dgae.unam.mx/Licenciatura2025/resultados/1/11404005.html,50,666,602,78,53,019470,65,,No seleccionado,,Consultar
2025,1,Licenciatura 2025,114,11404005,INGENIERIA INDUSTRIAL,FES ARAGÓN,Escolarizado,https://www.dgae.unam.mx/Licenciatura2025/resultados/1/11404005.html,50,666,602,78,53,019500,35,,No seleccionado,,Consultar
2025,1,Licenciatura 2025,114,11404005,INGENIERIA INDUSTRIAL,FES ARAGÓN,Escolarizado,https://www.dgae.unam.mx/Licenciatura2025/resultados/1/11404005.html,50,666,602,78,53,019512,51,,No seleccionado,,Consultar
2025,1,Licenciatura 2025,114,11404005,INGENIERIA INDUSTRIAL,FES ARAGÓN,Escolarizado,https://www.dgae.unam.mx/Licenciatura2025/resultados/1/11404005.html,50,666,602,78,53,019529,48,,No seleccionado,,Consultar
2025,1,Licenciatura 2025,114,11404005,INGENIERIA INDUSTRIAL,FES ARAGÓN,Escolarizado,https://www.dgae.unam.mx/Licenciatura2025/resultados/1/11404005.html,50,666,602,78,53,019530,75,,No seleccionado,,Consultar
2025,1,Licenciatura 2025,114,11404005,INGENIERIA INDUSTRIAL,FES ARAGÓN,Escolarizado,https://www.dgae.unam.mx/Licenciatura2025/resultados/1/11404005.html,50,666,602,78,53,019535,56,,No seleccionado,,Consultar
2025,1,Licenciatura 2025,114,11404005,INGENIERIA INDUSTRIAL,FES ARAGÓN,Escolarizado,https://www.dgae.unam.mx/Licenciatura2025/resultados/1/11404005.html,50,666,602,78,53,019553,44,,No seleccionado,,Consultar
2025,1,Licenciatura 2025,114,11404005,INGENIERIA INDUSTRIAL,FES ARAGÓN,Escolarizado,https://www.dgae.unam.mx/Licenciatura2025/resultados/1/11404005.html,50,666,602,78,53,019598,67,,No seleccionado,,Consultar
2025,1,Licenciatura 2025,114,11404005,INGENIERIA INDUSTRIAL,FES ARAGÓN,Escolarizado,https://www.dgae.unam.mx/Licenciatura2025/resultados/1/11404005.html,50,666,602,78,53,019625,41,,No seleccionado,,Consultar
2025,1,Licenciatura 2025,114,11404005,INGENIERIA INDUSTRIAL,FES ARAGÓN,Escolarizado,https://www.dgae.unam.mx/Licenciatura2025/resultados/1/11404005.html,50,666,602,78,53,019641,51,,No seleccionado,,Consultar
2025,1,Licenciatura 2025,114,11404005,INGENIERIA INDUSTRIAL,FES ARAGÓN,Escolarizado,https://www.dgae.unam.mx/Licenciatura2025/resultados/1/11404005.html,50,666,602,78,53,019667,66,,No seleccionado,,Consultar
2025,1,Licenciatura 2025,114,11404005,INGENIERIA INDUSTRIAL,FES ARAGÓN,Escolarizado,https://www.dgae.unam.mx/Licenciatura2025/resultados/1/11404005.html,50,666,602,78,53,019707,,N,No presentado,,Consultar
2025,1,Licenciatura 2025,114,11404005,INGENIERIA INDUSTRIAL,FES ARAGÓN,Escolarizado,https://www.dgae.unam.mx/Licenciatura2025/resultados/1/11404005.html,50,666,602,78,53,019720,31,,No seleccionado,,Consultar
2025,1,Licenciatura 2025,114,11404005,INGENIERIA INDUSTRIAL,FES ARAGÓN,Escolarizado,https://www.dgae.unam.mx/Licenciatura2025/resultados/1/11404005.html,50,666,602,78,53,019728,47,,No seleccionado,,Consultar
2025,1,Licenciatura 2025,114,11404005,INGENIERIA INDUSTRIAL,FES ARAGÓN,Escolarizado,https://www.dgae.unam.mx/Licenciatura2025/resultados/1/11404005.html,50,666,602,78,53,019745,34,,No seleccionado,,Consultar
2025,1,Licenciatura 2025,114,11404005,INGENIERIA INDUSTRIAL,FES ARAGÓN,Escolarizado,https://www.dgae.unam.mx/Licenciatura2025/resultados/1/11404005.html,50,666,602,78,53,019758,41,,No seleccionado,,Consultar
2025,1,Licenciatura 2025,114,11404005,INGENIERIA INDUSTRIAL,FES ARAGÓN,Escolarizado,https://www.dgae.unam.mx/Licenciatura2025/resultados/1/11404005.html,50,666,602,78,53,019759,55,,No seleccionado,,Consultar
2025,1,Licenciatura 2025,114,11404005,INGENIERIA INDUSTRIAL,FES ARAGÓN,Escolarizado,https://www.dgae.unam.mx/Licenciatura2025/resultados/1/11404005.html,50,666,602,78,53,019792,73,,No seleccionado,,Consultar
2025,1,Licenciatura 2025,114,11404005,INGENIERIA INDUSTRIAL,FES ARAGÓN,Escolarizado,https://www.dgae.unam.mx/Licenciatura2025/resultados/1/11404005.html,50,666,602,78,53,019817,,N,No presentado,,Consultar
2025,1,Licenciatura 2025,114,11404005,INGENIERIA INDUSTRIAL,FES ARAGÓN,Escolarizado,https://www.dgae.unam.mx/Licenciatura2025/resultados/1/11404005.html,50,666,602,78,53,019854,54,,No seleccionado,,Consultar
2025,1,Licenciatura 2025,114,11404005,INGENIERIA INDUSTRIAL,FES ARAGÓN,Escolarizado,https://www.dgae.unam.mx/Licenciatura2025/resultados/1/11404005.html,50,666,602,78,53,019872,39,,No seleccionado,,Consultar
2025,1,Licenciatura 2025,114,11404005,INGENIERIA INDUSTRIAL,FES ARAGÓN,Escolarizado,https://www.dgae.unam.mx/Licenciatura2025/resultados/1/11404005.html,50,666,602,78,53,019874,28,,No seleccionado,,Consultar
2025,1,Licenciatura 2025,114,11404005,INGENIERIA INDUSTRIAL,FES ARAGÓN,Escolarizado,https://www.dgae.unam.mx/Licenciatura2025/resultados/1/11404005.html,50,666,602,78,53,019908,63,,No seleccionado,,Consultar
2025,1,Licenciatura 2025,114,11404005,INGENIERIA INDUSTRIAL,FES ARAGÓN,Escolarizado,https://www.dgae.unam.mx/Licenciatura2025/resultados/1/11404005.html,50,666,602,78,53,019938,62,,No seleccionado,,Consultar
2025,1,Licenciatura 2025,114,11404005,INGENIERIA INDUSTRIAL,FES ARAGÓN,Escolarizado,https://www.dgae.unam.mx/Licenciatura2025/resultados/1/11404005.html,50,666,602,78,53,019952,40,,No seleccionado,,Consultar
2025,1,Licenciatura 2025,114,11404005,INGENIERIA INDUSTRIAL,FES ARAGÓN,Escolarizado,https://www.dgae.unam.mx/Licenciatura2025/resultados/1/11404005.html,50,666,602,78,53,019978,55,,No seleccionado,,Consultar
2025,1,Licenciatura 2025,114,11404005,INGENIERIA INDUSTRIAL,FES ARAGÓN,Escolarizado,https://www.dgae.unam.mx/Licenciatura2025/resultados/1/11404005.html,50,666,602,78,53,019981,43,,No seleccionado,,Consultar
2025,1,Licenciatura 2025,114,11404005,INGENIERIA INDUSTRIAL,FES ARAGÓN,Escolarizado,https://www.dgae.unam.mx/Licenciatura2025/resultados/1/11404005.html,50,666,602,78,53,019991,,N,No presentado,,Consultar
2025,1,Licenciatura 2025,114,11404005,INGENIERIA INDUSTRIAL,FES ARAGÓN,Escolarizado,https://www.dgae.unam.mx/Licenciatura2025/resultados/1/11404005.html,50,666,602,78,53,019993,39,,No seleccionado,,Consultar
2025,1,Licenciatura 2025,114,11404005,INGENIERIA INDUSTRIAL,FES ARAGÓN,Escolarizado,https://www.dgae.unam.mx/Licenciatura2025/resultados/1/11404005.html,50,666,602,78,53,020003,67,,No seleccionado,,Consultar
2025,1,Licenciatura 2025,114,11404005,INGENIERIA INDUSTRIAL,FES ARAGÓN,Escolarizado,https://www.dgae.unam.mx/Licenciatura2025/resultados/1/11404005.html,50,666,602,78,53,020011,45,,No seleccionado,,Consultar
2025,1,Licenciatura 2025,114,11404005,INGENIERIA INDUSTRIAL,FES ARAGÓN,Escolarizado,https://www.dgae.unam.mx/Licenciatura2025/resultados/1/11404005.html,50,666,602,78,53,020021,61,,No seleccionado,,Consultar
2025,1,Licenciatura 2025,114,11404005,INGENIERIA INDUSTRIAL,FES ARAGÓN,Escolarizado,https://www.dgae.unam.mx/Licenciatura2025/resultados/1/11404005.html,50,666,602,78,53,020025,50,,No seleccionado,,Consultar
2025,1,Licenciatura 2025,114,11404005,INGENIERIA INDUSTRIAL,FES ARAGÓN,Escolarizado,https://www.dgae.unam.mx/Licenciatura2025/resultados/1/11404005.html,50,666,602,78,53,020028,40,,No seleccionado,,Consultar
2025,1,Licenciatura 2025,114,11404005,INGENIERIA INDUSTRIAL,FES ARAGÓN,Escolarizado,https://www.dgae.unam.mx/Licenciatura2025/resultados/1/11404005.html,50,666,602,78,53,020034,70,,No seleccionado,,Consultar
2025,1,Licenciatura 2025,114,11404005,INGENIERIA INDUSTRIAL,FES ARAGÓN,Escolarizado,https://www.dgae.unam.mx/Licenciatura2025/resultados/1/11404005.html,50,666,602,78,53,020036,66,,No seleccionado,,Consultar
2025,1,Licenciatura 2025,114,11404005,INGENIERIA INDUSTRIAL,FES ARAGÓN,Escolarizado,https://www.dgae.unam.mx/Licenciatura2025/resultados/1/11404005.html,50,666,602,78,53,020063,68,,No seleccionado,,Consultar
2025,1,Licenciatura 2025,114,11404005,INGENIERIA INDUSTRIAL,FES ARAGÓN,Escolarizado,https://www.dgae.unam.mx/Licenciatura2025/resultados/1/11404005.html,50,666,602,78,53,020084,62,,No seleccionado,,Consultar
2025,1,Licenciatura 2025,114,11404005,INGENIERIA INDUSTRIAL,FES ARAGÓN,Escolarizado,https://www.dgae.unam.mx/Licenciatura2025/resultados/1/11404005.html,50,666,602,78,53,020127,61,,No seleccionado,,Consultar
2025,1,Licenciatura 2025,114,11404005,INGENIERIA INDUSTRIAL,FES ARAGÓN,Escolarizado,https://www.dgae.unam.mx/Licenciatura2025/resultados/1/11404005.html,50,666,602,78,53,020144,58,,No seleccionado,,Consultar
2025,1,Licenciatura 2025,114,11404005,INGENIERIA INDUSTRIAL,FES ARAGÓN,Escolarizado,https://www.dgae.unam.mx/Licenciatura2025/resultados/1/11404005.html,50,666,602,78,53,020163,60,,No seleccionado,,Consultar
2025,1,Licenciatura 2025,114,11404005,INGENIERIA INDUSTRIAL,FES ARAGÓN,Escolarizado,https://www.dgae.unam.mx/Licenciatura2025/resultados/1/11404005.html,50,666,602,78,53,020164,66,,No seleccionado,,Consultar
2025,1,Licenciatura 2025,114,11404005,INGENIERIA INDUSTRIAL,FES ARAGÓN,Escolarizado,https://www.dgae.unam.mx/Licenciatura2025/resultados/1/11404005.html,50,666,602,78,53,020192,31,,No seleccionado,,Consultar
2025,1,Licenciatura 2025,114,11404005,INGENIERIA INDUSTRIAL,FES ARAGÓN,Escolarizado,https://www.dgae.unam.mx/Licenciatura2025/resultados/1/11404005.html,50,666,602,78,53,020201,34,,No seleccionado,,Consultar
2025,1,Licenciatura 2025,114,11404005,INGENIERIA INDUSTRIAL,FES ARAGÓN,Escolarizado,https://www.dgae.unam.mx/Licenciatura2025/resultados/1/11404005.html,50,666,602,78,53,020207,41,,No seleccionado,,Consultar
2025,1,Licenciatura 2025,114,11404005,INGENIERIA INDUSTRIAL,FES ARAGÓN,Escolarizado,https://www.dgae.unam.mx/Licenciatura2025/resultados/1/11404005.html,50,666,602,78,53,020221,42,,No seleccionado,,Consultar
2025,1,Licenciatura 2025,114,11404005,INGENIERIA INDUSTRIAL,FES ARAGÓN,Escolarizado,https://www.dgae.unam.mx/Licenciatura2025/resultados/1/11404005.html,50,666,602,78,53,020252,103,S,Seleccionado,Cita para entregar documentación.,Consultar
2025,1,Licenciatura 2025,114,11404005,INGENIERIA INDUSTRIAL,FES ARAGÓN,Escolarizado,https://www.dgae.unam.mx/Licenciatura2025/resultados/1/11404005.html,50,666,602,78,53,020267,51,,No seleccionado,,Consultar
2025,1,Licenciatura 2025,114,11404005,INGENIERIA INDUSTRIAL,FES ARAGÓN,Escolarizado,https://www.dgae.unam.mx/Licenciatura2025/resultados/1/11404005.html,50,666,602,78,53,020281,46,,No seleccionado,,Consultar
2025,1,Licenciatura 2025,114,11404005,INGENIERIA INDUSTRIAL,FES ARAGÓN,Escolarizado,https://www.dgae.unam.mx/Licenciatura2025/resultados/1/11404005.html,50,666,602,78,53,020283,42,,No seleccionado,,Consultar
2025,1,Licenciatura 2025,114,11404005,INGENIERIA INDUSTRIAL,FES ARAGÓN,Escolarizado,https://www.dgae.unam.mx/Licenciatura2025/resultados/1/11404005.html,50,666,602,78,53,020292,70,,No seleccionado,,Consultar
2025,1,Licenciatura 2025,114,11404005,INGENIERIA INDUSTRIAL,FES ARAGÓN,Escolarizado,https://www.dgae.unam.mx/Licenciatura2025/resultados/1/11404005.html,50,666,602,78,53,020344,,N,No presentado,,Consultar
2025,1,Licenciatura 2025,114,11404005,INGENIERIA INDUSTRIAL,FES ARAGÓN,Escolarizado,https://www.dgae.unam.mx/Licenciatura2025/resultados/1/11404005.html,50,666,602,78,53,020439,41,,No seleccionado,,Consultar
2025,1,Licenciatura 2025,114,11404005,INGENIERIA INDUSTRIAL,FES ARAGÓN,Escolarizado,https://www.dgae.unam.mx/Licenciatura2025/resultados/1/11404005.html,50,666,602,78,53,020469,38,,No seleccionado,,Consultar
2025,1,Licenciatura 2025,114,11404005,INGENIERIA INDUSTRIAL,FES ARAGÓN,Escolarizado,https://www.dgae.unam.mx/Licenciatura2025/resultados/1/11404005.html,50,666,602,78,53,020474,61,,No seleccionado,,Consultar
2025,1,Licenciatura 2025,114,11404005,INGENIERIA INDUSTRIAL,FES ARAGÓN,Escolarizado,https://www.dgae.unam.mx/Licenciatura2025/resultados/1/11404005.html,50,666,602,78,53,020491,56,,No seleccionado,,Consultar
2025,1,Licenciatura 2025,114,11404005,INGENIERIA INDUSTRIAL,FES ARAGÓN,Escolarizado,https://www.dgae.unam.mx/Licenciatura2025/resultados/1/11404005.html,50,666,602,78,53,020555,45,,No seleccionado,,Consultar
2025,1,Licenciatura 2025,114,11404005,INGENIERIA INDUSTRIAL,FES ARAGÓN,Escolarizado,https://www.dgae.unam.mx/Licenciatura2025/resultados/1/11404005.html,50,666,602,78,53,020564,28,,No seleccionado,,Consultar
2025,1,Licenciatura 2025,114,11404005,INGENIERIA INDUSTRIAL,FES ARAGÓN,Escolarizado,https://www.dgae.unam.mx/Licenciatura2025/resultados/1/11404005.html,50,666,602,78,53,020619,38,,No seleccionado,,Consultar
2025,1,Licenciatura 2025,114,11404005,INGENIERIA INDUSTRIAL,FES ARAGÓN,Escolarizado,https://www.dgae.unam.mx/Licenciatura2025/resultados/1/11404005.html,50,666,602,78,53,020649,49,,No seleccionado,,Consultar
2025,1,Licenciatura 2025,114,11404005,INGENIERIA INDUSTRIAL,FES ARAGÓN,Escolarizado,https://www.dgae.unam.mx/Licenciatura2025/resultados/1/11404005.html,50,666,602,78,53,020655,53,,No seleccionado,,Consultar
2025,1,Licenciatura 2025,114,11404005,INGENIERIA INDUSTRIAL,FES ARAGÓN,Escolarizado,https://www.dgae.unam.mx/Licenciatura2025/resultados/1/11404005.html,50,666,602,78,53,020667,63,,No seleccionado,,Consultar
2025,1,Licenciatura 2025,114,11404005,INGENIERIA INDUSTRIAL,FES ARAGÓN,Escolarizado,https://www.dgae.unam.mx/Licenciatura2025/resultados/1/11404005.html,50,666,602,78,53,020686,59,,No seleccionado,,Consultar
2025,1,Licenciatura 2025,114,11404005,INGENIERIA INDUSTRIAL,FES ARAGÓN,Escolarizado,https://www.dgae.unam.mx/Licenciatura2025/resultados/1/11404005.html,50,666,602,78,53,020692,79,S,Seleccionado,Cita para entregar documentación.,Consultar
2025,1,Licenciatura 2025,114,11404005,INGENIERIA INDUSTRIAL,FES ARAGÓN,Escolarizado,https://www.dgae.unam.mx/Licenciatura2025/resultados/1/11404005.html,50,666,602,78,53,020710,55,,No seleccionado,,Consultar
2025,1,Licenciatura 2025,114,11404005,INGENIERIA INDUSTRIAL,FES ARAGÓN,Escolarizado,https://www.dgae.unam.mx/Licenciatura2025/resultados/1/11404005.html,50,666,602,78,53,020723,39,,No seleccionado,,Consultar
2025,1,Licenciatura 2025,114,11404005,INGENIERIA INDUSTRIAL,FES ARAGÓN,Escolarizado,https://www.dgae.unam.mx/Licenciatura2025/resultados/1/11404005.html,50,666,602,78,53,020986,48,,No seleccionado,,Consultar
2025,1,Licenciatura 2025,114,11404005,INGENIERIA INDUSTRIAL,FES ARAGÓN,Escolarizado,https://www.dgae.unam.mx/Licenciatura2025/resultados/1/11404005.html,50,666,602,78,53,021114,62,,No seleccionado,,Consultar
2025,1,Licenciatura 2025,114,11404005,INGENIERIA INDUSTRIAL,FES ARAGÓN,Escolarizado,https://www.dgae.unam.mx/Licenciatura2025/resultados/1/11404005.html,50,666,602,78,53,021162,25,,No seleccionado,,Consultar
2025,1,Licenciatura 2025,114,11404005,INGENIERIA INDUSTRIAL,FES ARAGÓN,Escolarizado,https://www.dgae.unam.mx/Licenciatura2025/resultados/1/11404005.html,50,666,602,78,53,021687,64,,No seleccionado,,Consultar
2025,1,Licenciatura 2025,114,11404005,INGENIERIA INDUSTRIAL,FES ARAGÓN,Escolarizado,https://www.dgae.unam.mx/Licenciatura2025/resultados/1/11404005.html,50,666,602,78,53,021736,61,,No seleccionado,,Consultar
2025,1,Licenciatura 2025,114,11404005,INGENIERIA INDUSTRIAL,FES ARAGÓN,Escolarizado,https://www.dgae.unam.mx/Licenciatura2025/resultados/1/11404005.html,50,666,602,78,53,022219,52,,No seleccionado,,Consultar
2025,1,Licenciatura 2025,114,11404005,INGENIERIA INDUSTRIAL,FES ARAGÓN,Escolarizado,https://www.dgae.unam.mx/Licenciatura2025/resultados/1/11404005.html,50,666,602,78,53,022290,46,,No seleccionado,,Consultar
2025,1,Licenciatura 2025,114,11404005,INGENIERIA INDUSTRIAL,FES ARAGÓN,Escolarizado,https://www.dgae.unam.mx/Licenciatura2025/resultados/1/11404005.html,50,666,602,78,53,022296,59,,No seleccionado,,Consultar
2025,1,Licenciatura 2025,114,11404005,INGENIERIA INDUSTRIAL,FES ARAGÓN,Escolarizado,https://www.dgae.unam.mx/Licenciatura2025/resultados/1/11404005.html,50,666,602,78,53,022306,33,,No seleccionado,,Consultar
2025,1,Licenciatura 2025,114,11404005,INGENIERIA INDUSTRIAL,FES ARAGÓN,Escolarizado,https://www.dgae.unam.mx/Licenciatura2025/resultados/1/11404005.html,50,666,602,78,53,022347,52,,No seleccionado,,Consultar
2025,1,Licenciatura 2025,114,11404005,INGENIERIA INDUSTRIAL,FES ARAGÓN,Escolarizado,https://www.dgae.unam.mx/Licenciatura2025/resultados/1/11404005.html,50,666,602,78,53,022350,39,,No seleccionado,,Consultar
2025,1,Licenciatura 2025,114,11404005,INGENIERIA INDUSTRIAL,FES ARAGÓN,Escolarizado,https://www.dgae.unam.mx/Licenciatura2025/resultados/1/11404005.html,50,666,602,78,53,022354,,N,No presentado,,Consultar
2025,1,Licenciatura 2025,114,11404005,INGENIERIA INDUSTRIAL,FES ARAGÓN,Escolarizado,https://www.dgae.unam.mx/Licenciatura2025/resultados/1/11404005.html,50,666,602,78,53,022423,103,S,Seleccionado,Cita para entregar documentación.,Consultar
2025,1,Licenciatura 2025,114,11404005,INGENIERIA INDUSTRIAL,FES ARAGÓN,Escolarizado,https://www.dgae.unam.mx/Licenciatura2025/resultados/1/11404005.html,50,666,602,78,53,022478,59,,No seleccionado,,Consultar
2025,1,Licenciatura 2025,114,11404005,INGENIERIA INDUSTRIAL,FES ARAGÓN,Escolarizado,https://www.dgae.unam.mx/Licenciatura2025/resultados/1/11404005.html,50,666,602,78,53,022493,43,,No seleccionado,,Consultar
2025,1,Licenciatura 2025,114,11404005,INGENIERIA INDUSTRIAL,FES ARAGÓN,Escolarizado,https://www.dgae.unam.mx/Licenciatura2025/resultados/1/11404005.html,50,666,602,78,53,022523,37,,No seleccionado,,Consultar
2025,1,Licenciatura 2025,114,11404005,INGENIERIA INDUSTRIAL,FES ARAGÓN,Escolarizado,https://www.dgae.unam.mx/Licenciatura2025/resultados/1/11404005.html,50,666,602,78,53,022524,31,,No seleccionado,,Consultar
2025,1,Licenciatura 2025,114,11404005,INGENIERIA INDUSTRIAL,FES ARAGÓN,Escolarizado,https://www.dgae.unam.mx/Licenciatura2025/resultados/1/11404005.html,50,666,602,78,53,022525,46,,No seleccionado,,Consultar
2025,1,Licenciatura 2025,114,11404005,INGENIERIA INDUSTRIAL,FES ARAGÓN,Escolarizado,https://www.dgae.unam.mx/Licenciatura2025/resultados/1/11404005.html,50,666,602,78,53,022534,39,,No seleccionado,,Consultar
2025,1,Licenciatura 2025,114,11404005,INGENIERIA INDUSTRIAL,FES ARAGÓN,Escolarizado,https://www.dgae.unam.mx/Licenciatura2025/resultados/1/11404005.html,50,666,602,78,53,022550,45,,No seleccionado,,Consultar
2025,1,Licenciatura 2025,114,11404005,INGENIERIA INDUSTRIAL,FES ARAGÓN,Escolarizado,https://www.dgae.unam.mx/Licenciatura2025/resultados/1/11404005.html,50,666,602,78,53,022563,29,,No seleccionado,,Consultar
2025,1,Licenciatura 2025,114,11404005,INGENIERIA INDUSTRIAL,FES ARAGÓN,Escolarizado,https://www.dgae.unam.mx/Licenciatura2025/resultados/1/11404005.html,50,666,602,78,53,022591,34,,No seleccionado,,Consultar
2025,1,Licenciatura 2025,114,11404005,INGENIERIA INDUSTRIAL,FES ARAGÓN,Escolarizado,https://www.dgae.unam.mx/Licenciatura2025/resultados/1/11404005.html,50,666,602,78,53,022595,38,,No seleccionado,,Consultar
2025,1,Licenciatura 2025,114,11404005,INGENIERIA INDUSTRIAL,FES ARAGÓN,Escolarizado,https://www.dgae.unam.mx/Licenciatura2025/resultados/1/11404005.html,50,666,602,78,53,022623,54,,No seleccionado,,Consultar
2025,1,Licenciatura 2025,114,11404005,INGENIERIA INDUSTRIAL,FES ARAGÓN,Escolarizado,https://www.dgae.unam.mx/Licenciatura2025/resultados/1/11404005.html,50,666,602,78,53,022627,106,S,Seleccionado,Cita para entregar documentación.,Consultar
2025,1,Licenciatura 2025,114,11404005,INGENIERIA INDUSTRIAL,FES ARAGÓN,Escolarizado,https://www.dgae.unam.mx/Licenciatura2025/resultados/1/11404005.html,50,666,602,78,53,022650,81,S,Seleccionado,Cita para entregar documentación.,Consultar
2025,1,Licenciatura 2025,114,11404005,INGENIERIA INDUSTRIAL,FES ARAGÓN,Escolarizado,https://www.dgae.unam.mx/Licenciatura2025/resultados/1/11404005.html,50,666,602,78,53,022653,50,,No seleccionado,,Consultar
2025,1,Licenciatura 2025,114,11404005,INGENIERIA INDUSTRIAL,FES ARAGÓN,Escolarizado,https://www.dgae.unam.mx/Licenciatura2025/resultados/1/11404005.html,50,666,602,78,53,022674,40,,No seleccionado,,Consultar
2025,1,Licenciatura 2025,114,11404005,INGENIERIA INDUSTRIAL,FES ARAGÓN,Escolarizado,https://www.dgae.unam.mx/Licenciatura2025/resultados/1/11404005.html,50,666,602,78,53,022675,,N,No presentado,,Consultar
2025,1,Licenciatura 2025,114,11404005,INGENIERIA INDUSTRIAL,FES ARAGÓN,Escolarizado,https://www.dgae.unam.mx/Licenciatura2025/resultados/1/11404005.html,50,666,602,78,53,022688,36,,No seleccionado,,Consultar
2025,1,Licenciatura 2025,114,11404005,INGENIERIA INDUSTRIAL,FES ARAGÓN,Escolarizado,https://www.dgae.unam.mx/Licenciatura2025/resultados/1/11404005.html,50,666,602,78,53,022770,53,,No seleccionado,,Consultar
2025,1,Licenciatura 2025,114,11404005,INGENIERIA INDUSTRIAL,FES ARAGÓN,Escolarizado,https://www.dgae.unam.mx/Licenciatura2025/resultados/1/11404005.html,50,666,602,78,53,022979,57,,No seleccionado,,Consultar
2025,1,Licenciatura 2025,114,11404005,INGENIERIA INDUSTRIAL,FES ARAGÓN,Escolarizado,https://www.dgae.unam.mx/Licenciatura2025/resultados/1/11404005.html,50,666,602,78,53,022989,51,,No seleccionado,,Consultar
2025,1,Licenciatura 2025,114,11404005,INGENIERIA INDUSTRIAL,FES ARAGÓN,Escolarizado,https://www.dgae.unam.mx/Licenciatura2025/resultados/1/11404005.html,50,666,602,78,53,023015,55,,No seleccionado,,Consultar
2025,1,Licenciatura 2025,114,11404005,INGENIERIA INDUSTRIAL,FES ARAGÓN,Escolarizado,https://www.dgae.unam.mx/Licenciatura2025/resultados/1/11404005.html,50,666,602,78,53,023036,35,,No seleccionado,,Consultar
2025,1,Licenciatura 2025,114,11404005,INGENIERIA INDUSTRIAL,FES ARAGÓN,Escolarizado,https://www.dgae.unam.mx/Licenciatura2025/resultados/1/11404005.html,50,666,602,78,53,023053,58,,No seleccionado,,Consultar
2025,1,Licenciatura 2025,114,11404005,INGENIERIA INDUSTRIAL,FES ARAGÓN,Escolarizado,https://www.dgae.unam.mx/Licenciatura2025/resultados/1/11404005.html,50,666,602,78,53,023080,40,,No seleccionado,,Consultar
2025,1,Licenciatura 2025,114,11404005,INGENIERIA INDUSTRIAL,FES ARAGÓN,Escolarizado,https://www.dgae.unam.mx/Licenciatura2025/resultados/1/11404005.html,50,666,602,78,53,023081,61,,No seleccionado,,Consultar
2025,1,Licenciatura 2025,114,11404005,INGENIERIA INDUSTRIAL,FES ARAGÓN,Escolarizado,https://www.dgae.unam.mx/Licenciatura2025/resultados/1/11404005.html,50,666,602,78,53,023088,46,,No seleccionado,,Consultar
2025,1,Licenciatura 2025,114,11404005,INGENIERIA INDUSTRIAL,FES ARAGÓN,Escolarizado,https://www.dgae.unam.mx/Licenciatura2025/resultados/1/11404005.html,50,666,602,78,53,023094,72,,No seleccionado,,Consultar
2025,1,Licenciatura 2025,114,11404005,INGENIERIA INDUSTRIAL,FES ARAGÓN,Escolarizado,https://www.dgae.unam.mx/Licenciatura2025/resultados/1/11404005.html,50,666,602,78,53,023095,84,S,Seleccionado,Cita para entregar documentación.,Consultar
2025,1,Licenciatura 2025,114,11404005,INGENIERIA INDUSTRIAL,FES ARAGÓN,Escolarizado,https://www.dgae.unam.mx/Licenciatura2025/resultados/1/11404005.html,50,666,602,78,53,023098,59,,No seleccionado,,Consultar
2025,1,Licenciatura 2025,114,11404005,INGENIERIA INDUSTRIAL,FES ARAGÓN,Escolarizado,https://www.dgae.unam.mx/Licenciatura2025/resultados/1/11404005.html,50,666,602,78,53,023215,49,,No seleccionado,,Consultar
2025,1,Licenciatura 2025,114,11404005,INGENIERIA INDUSTRIAL,FES ARAGÓN,Escolarizado,https://www.dgae.unam.mx/Licenciatura2025/resultados/1/11404005.html,50,666,602,78,53,023311,71,,No seleccionado,,Consultar
2025,1,Licenciatura 2025,114,11404005,INGENIERIA INDUSTRIAL,FES ARAGÓN,Escolarizado,https://www.dgae.unam.mx/Licenciatura2025/resultados/1/11404005.html,50,666,602,78,53,023332,,N,No presentado,,Consultar
2025,1,Licenciatura 2025,114,11404005,INGENIERIA INDUSTRIAL,FES ARAGÓN,Escolarizado,https://www.dgae.unam.mx/Licenciatura2025/resultados/1/11404005.html,50,666,602,78,53,023453,39,,No seleccionado,,Consultar
2025,1,Licenciatura 2025,114,11404005,INGENIERIA INDUSTRIAL,FES ARAGÓN,Escolarizado,https://www.dgae.unam.mx/Licenciatura2025/resultados/1/11404005.html,50,666,602,78,53,023519,,N,No presentado,,Consultar
2025,1,Licenciatura 2025,114,11404005,INGENIERIA INDUSTRIAL,FES ARAGÓN,Escolarizado,https://www.dgae.unam.mx/Licenciatura2025/resultados/1/11404005.html,50,666,602,78,53,023594,48,,No seleccionado,,Consultar
2025,1,Licenciatura 2025,114,11404005,INGENIERIA INDUSTRIAL,FES ARAGÓN,Escolarizado,https://www.dgae.unam.mx/Licenciatura2025/resultados/1/11404005.html,50,666,602,78,53,023615,41,,No seleccionado,,Consultar
2025,1,Licenciatura 2025,114,11404005,INGENIERIA INDUSTRIAL,FES ARAGÓN,Escolarizado,https://www.dgae.unam.mx/Licenciatura2025/resultados/1/11404005.html,50,666,602,78,53,023621,58,,No seleccionado,,Consultar
2025,1,Licenciatura 2025,114,11404005,INGENIERIA INDUSTRIAL,FES ARAGÓN,Escolarizado,https://www.dgae.unam.mx/Licenciatura2025/resultados/1/11404005.html,50,666,602,78,53,023666,58,,No seleccionado,,Consultar
2025,1,Licenciatura 2025,114,11404005,INGENIERIA INDUSTRIAL,FES ARAGÓN,Escolarizado,https://www.dgae.unam.mx/Licenciatura2025/resultados/1/11404005.html,50,666,602,78,53,023749,52,,No seleccionado,,Consultar
2025,1,Licenciatura 2025,114,11404005,INGENIERIA INDUSTRIAL,FES ARAGÓN,Escolarizado,https://www.dgae.unam.mx/Licenciatura2025/resultados/1/11404005.html,50,666,602,78,53,023819,82,S,Seleccionado,Cita para entregar documentación.,Consultar
2025,1,Licenciatura 2025,114,11404005,INGENIERIA INDUSTRIAL,FES ARAGÓN,Escolarizado,https://www.dgae.unam.mx/Licenciatura2025/resultados/1/11404005.html,50,666,602,78,53,023858,49,,No seleccionado,,Consultar
2025,1,Licenciatura 2025,114,11404005,INGENIERIA INDUSTRIAL,FES ARAGÓN,Escolarizado,https://www.dgae.unam.mx/Licenciatura2025/resultados/1/11404005.html,50,666,602,78,53,023870,29,,No seleccionado,,Consultar
2025,1,Licenciatura 2025,114,11404005,INGENIERIA INDUSTRIAL,FES ARAGÓN,Escolarizado,https://www.dgae.unam.mx/Licenciatura2025/resultados/1/11404005.html,50,666,602,78,53,023887,45,,No seleccionado,,Consultar
2025,1,Licenciatura 2025,114,11404005,INGENIERIA INDUSTRIAL,FES ARAGÓN,Escolarizado,https://www.dgae.unam.mx/Licenciatura2025/resultados/1/11404005.html,50,666,602,78,53,023948,57,,No seleccionado,,Consultar
2025,1,Licenciatura 2025,114,11404005,INGENIERIA INDUSTRIAL,FES ARAGÓN,Escolarizado,https://www.dgae.unam.mx/Licenciatura2025/resultados/1/11404005.html,50,666,602,78,53,023956,65,,No seleccionado,,Consultar
2025,1,Licenciatura 2025,114,11404005,INGENIERIA INDUSTRIAL,FES ARAGÓN,Escolarizado,https://www.dgae.unam.mx/Licenciatura2025/resultados/1/11404005.html,50,666,602,78,53,024170,42,,No seleccionado,,Consultar
2025,1,Licenciatura 2025,114,11404005,INGENIERIA INDUSTRIAL,FES ARAGÓN,Escolarizado,https://www.dgae.unam.mx/Licenciatura2025/resultados/1/11404005.html,50,666,602,78,53,024359,60,,No seleccionado,,Consultar
2025,1,Licenciatura 2025,114,11404005,INGENIERIA INDUSTRIAL,FES ARAGÓN,Escolarizado,https://www.dgae.unam.mx/Licenciatura2025/resultados/1/11404005.html,50,666,602,78,53,024375,38,,No seleccionado,,Consultar
2025,1,Licenciatura 2025,114,11404005,INGENIERIA INDUSTRIAL,FES ARAGÓN,Escolarizado,https://www.dgae.unam.mx/Licenciatura2025/resultados/1/11404005.html,50,666,602,78,53,024828,62,,No seleccionado,,Consultar
2025,1,Licenciatura 2025,114,11404005,INGENIERIA INDUSTRIAL,FES ARAGÓN,Escolarizado,https://www.dgae.unam.mx/Licenciatura2025/resultados/1/11404005.html,50,666,602,78,53,024932,54,,No seleccionado,,Consultar
2025,1,Licenciatura 2025,114,11404005,INGENIERIA INDUSTRIAL,FES ARAGÓN,Escolarizado,https://www.dgae.unam.mx/Licenciatura2025/resultados/1/11404005.html,50,666,602,78,53,024956,35,,No seleccionado,,Consultar
2025,1,Licenciatura 2025,114,11404005,INGENIERIA INDUSTRIAL,FES ARAGÓN,Escolarizado,https://www.dgae.unam.mx/Licenciatura2025/resultados/1/11404005.html,50,666,602,78,53,025054,78,S,Seleccionado,Cita para entregar documentación.,Consultar
2025,1,Licenciatura 2025,114,11404005,INGENIERIA INDUSTRIAL,FES ARAGÓN,Escolarizado,https://www.dgae.unam.mx/Licenciatura2025/resultados/1/11404005.html,50,666,602,78,53,025248,69,,No seleccionado,,Consultar
2025,1,Licenciatura 2025,114,11404005,INGENIERIA INDUSTRIAL,FES ARAGÓN,Escolarizado,https://www.dgae.unam.mx/Licenciatura2025/resultados/1/11404005.html,50,666,602,78,53,025360,,N,No presentado,,Consultar
2025,1,Licenciatura 2025,114,11404005,INGENIERIA INDUSTRIAL,FES ARAGÓN,Escolarizado,https://www.dgae.unam.mx/Licenciatura2025/resultados/1/11404005.html,50,666,602,78,53,025364,36,,No seleccionado,,Consultar
2025,1,Licenciatura 2025,114,11404005,INGENIERIA INDUSTRIAL,FES ARAGÓN,Escolarizado,https://www.dgae.unam.mx/Licenciatura2025/resultados/1/11404005.html,50,666,602,78,53,025388,,N,No presentado,,Consultar
2025,1,Licenciatura 2025,114,11404005,INGENIERIA INDUSTRIAL,FES ARAGÓN,Escolarizado,https://www.dgae.unam.mx/Licenciatura2025/resultados/1/11404005.html,50,666,602,78,53,025389,42,,No seleccionado,,Consultar
2025,1,Licenciatura 2025,114,11404005,INGENIERIA INDUSTRIAL,FES ARAGÓN,Escolarizado,https://www.dgae.unam.mx/Licenciatura2025/resultados/1/11404005.html,50,666,602,78,53,025415,,N,No presentado,,Consultar
2025,1,Licenciatura 2025,114,11404005,INGENIERIA INDUSTRIAL,FES ARAGÓN,Escolarizado,https://www.dgae.unam.mx/Licenciatura2025/resultados/1/11404005.html,50,666,602,78,53,025559,56,,No seleccionado,,Consultar
2025,1,Licenciatura 2025,114,11404005,INGENIERIA INDUSTRIAL,FES ARAGÓN,Escolarizado,https://www.dgae.unam.mx/Licenciatura2025/resultados/1/11404005.html,50,666,602,78,53,025712,40,,No seleccionado,,Consultar
2025,1,Licenciatura 2025,114,11404005,INGENIERIA INDUSTRIAL,FES ARAGÓN,Escolarizado,https://www.dgae.unam.mx/Licenciatura2025/resultados/1/11404005.html,50,666,602,78,53,025723,31,,No seleccionado,,Consultar
2025,1,Licenciatura 2025,114,11404005,INGENIERIA INDUSTRIAL,FES ARAGÓN,Escolarizado,https://www.dgae.unam.mx/Licenciatura2025/resultados/1/11404005.html,50,666,602,78,53,025914,38,,No seleccionado,,Consultar
2025,1,Licenciatura 2025,114,11404005,INGENIERIA INDUSTRIAL,FES ARAGÓN,Escolarizado,https://www.dgae.unam.mx/Licenciatura2025/resultados/1/11404005.html,50,666,602,78,53,025936,68,,No seleccionado,,Consultar
2025,1,Licenciatura 2025,114,11404005,INGENIERIA INDUSTRIAL,FES ARAGÓN,Escolarizado,https://www.dgae.unam.mx/Licenciatura2025/resultados/1/11404005.html,50,666,602,78,53,025953,80,S,Seleccionado,,Consultar
2025,1,Licenciatura 2025,114,11404005,INGENIERIA INDUSTRIAL,FES ARAGÓN,Escolarizado,https://www.dgae.unam.mx/Licenciatura2025/resultados/1/11404005.html,50,666,602,78,53,025957,44,,No seleccionado,,Consultar
2025,1,Licenciatura 2025,114,11404005,INGENIERIA INDUSTRIAL,FES ARAGÓN,Escolarizado,https://www.dgae.unam.mx/Licenciatura2025/resultados/1/11404005.html,50,666,602,78,53,025972,56,,No seleccionado,,Consultar
2025,1,Licenciatura 2025,114,11404005,INGENIERIA INDUSTRIAL,FES ARAGÓN,Escolarizado,https://www.dgae.unam.mx/Licenciatura2025/resultados/1/11404005.html,50,666,602,78,53,025988,59,,No seleccionado,,Consultar
2025,1,Licenciatura 2025,114,11404005,INGENIERIA INDUSTRIAL,FES ARAGÓN,Escolarizado,https://www.dgae.unam.mx/Licenciatura2025/resultados/1/11404005.html,50,666,602,78,53,025989,64,,No seleccionado,,Consultar
2025,1,Licenciatura 2025,114,11404005,INGENIERIA INDUSTRIAL,FES ARAGÓN,Escolarizado,https://www.dgae.unam.mx/Licenciatura2025/resultados/1/11404005.html,50,666,602,78,53,026001,51,,No seleccionado,,Consultar
2025,1,Licenciatura 2025,114,11404005,INGENIERIA INDUSTRIAL,FES ARAGÓN,Escolarizado,https://www.dgae.unam.mx/Licenciatura2025/resultados/1/11404005.html,50,666,602,78,53,026028,20,,No seleccionado,,Consultar
2025,1,Licenciatura 2025,114,11404005,INGENIERIA INDUSTRIAL,FES ARAGÓN,Escolarizado,https://www.dgae.unam.mx/Licenciatura2025/resultados/1/11404005.html,50,666,602,78,53,026035,43,,No seleccionado,,Consultar
2025,1,Licenciatura 2025,114,11404005,INGENIERIA INDUSTRIAL,FES ARAGÓN,Escolarizado,https://www.dgae.unam.mx/Licenciatura2025/resultados/1/11404005.html,50,666,602,78,53,026048,52,,No seleccionado,,Consultar
2025,1,Licenciatura 2025,114,11404005,INGENIERIA INDUSTRIAL,FES ARAGÓN,Escolarizado,https://www.dgae.unam.mx/Licenciatura2025/resultados/1/11404005.html,50,666,602,78,53,026058,57,,No seleccionado,,Consultar
2025,1,Licenciatura 2025,114,11404005,INGENIERIA INDUSTRIAL,FES ARAGÓN,Escolarizado,https://www.dgae.unam.mx/Licenciatura2025/resultados/1/11404005.html,50,666,602,78,53,026068,64,,No seleccionado,,Consultar
2025,1,Licenciatura 2025,114,11404005,INGENIERIA INDUSTRIAL,FES ARAGÓN,Escolarizado,https://www.dgae.unam.mx/Licenciatura2025/resultados/1/11404005.html,50,666,602,78,53,026097,93,S,Seleccionado,Cita para entregar documentación.,Consultar
2025,1,Licenciatura 2025,114,11404005,INGENIERIA INDUSTRIAL,FES ARAGÓN,Escolarizado,https://www.dgae.unam.mx/Licenciatura2025/resultados/1/11404005.html,50,666,602,78,53,026110,50,,No seleccionado,,Consultar
2025,1,Licenciatura 2025,114,11404005,INGENIERIA INDUSTRIAL,FES ARAGÓN,Escolarizado,https://www.dgae.unam.mx/Licenciatura2025/resultados/1/11404005.html,50,666,602,78,53,026124,69,,No seleccionado,,Consultar
2025,1,Licenciatura 2025,114,11404005,INGENIERIA INDUSTRIAL,FES ARAGÓN,Escolarizado,https://www.dgae.unam.mx/Licenciatura2025/resultados/1/11404005.html,50,666,602,78,53,026242,39,,No seleccionado,,Consultar
2025,1,Licenciatura 2025,114,11404005,INGENIERIA INDUSTRIAL,FES ARAGÓN,Escolarizado,https://www.dgae.unam.mx/Licenciatura2025/resultados/1/11404005.html,50,666,602,78,53,026320,39,,No seleccionado,,Consultar
2025,1,Licenciatura 2025,114,11404005,INGENIERIA INDUSTRIAL,FES ARAGÓN,Escolarizado,https://www.dgae.unam.mx/Licenciatura2025/resultados/1/11404005.html,50,666,602,78,53,026351,61,,No seleccionado,,Consultar
2025,1,Licenciatura 2025,114,11404005,INGENIERIA INDUSTRIAL,FES ARAGÓN,Escolarizado,https://www.dgae.unam.mx/Licenciatura2025/resultados/1/11404005.html,50,666,602,78,53,026364,89,S,Seleccionado,Cita para entregar documentación.,Consultar
2025,1,Licenciatura 2025,114,11404005,INGENIERIA INDUSTRIAL,FES ARAGÓN,Escolarizado,https://www.dgae.unam.mx/Licenciatura2025/resultados/1/11404005.html,50,666,602,78,53,026369,38,,No seleccionado,,Consultar
2025,1,Licenciatura 2025,114,11404005,INGENIERIA INDUSTRIAL,FES ARAGÓN,Escolarizado,https://www.dgae.unam.mx/Licenciatura2025/resultados/1/11404005.html,50,666,602,78,53,026412,42,,No seleccionado,,Consultar
2025,1,Licenciatura 2025,114,11404005,INGENIERIA INDUSTRIAL,FES ARAGÓN,Escolarizado,https://www.dgae.unam.mx/Licenciatura2025/resultados/1/11404005.html,50,666,602,78,53,026414,37,,No seleccionado,,Consultar
2025,1,Licenciatura 2025,114,11404005,INGENIERIA INDUSTRIAL,FES ARAGÓN,Escolarizado,https://www.dgae.unam.mx/Licenciatura2025/resultados/1/11404005.html,50,666,602,78,53,026416,53,,No seleccionado,,Consultar
2025,1,Licenciatura 2025,114,11404005,INGENIERIA INDUSTRIAL,FES ARAGÓN,Escolarizado,https://www.dgae.unam.mx/Licenciatura2025/resultados/1/11404005.html,50,666,602,78,53,026443,44,,No seleccionado,,Consultar
2025,1,Licenciatura 2025,114,11404005,INGENIERIA INDUSTRIAL,FES ARAGÓN,Escolarizado,https://www.dgae.unam.mx/Licenciatura2025/resultados/1/11404005.html,50,666,602,78,53,026455,38,,No seleccionado,,Consultar
2025,1,Licenciatura 2025,114,11404005,INGENIERIA INDUSTRIAL,FES ARAGÓN,Escolarizado,https://www.dgae.unam.mx/Licenciatura2025/resultados/1/11404005.html,50,666,602,78,53,026459,44,,No seleccionado,,Consultar
2025,1,Licenciatura 2025,114,11404005,INGENIERIA INDUSTRIAL,FES ARAGÓN,Escolarizado,https://www.dgae.unam.mx/Licenciatura2025/resultados/1/11404005.html,50,666,602,78,53,026493,38,,No seleccionado,,Consultar
2025,1,Licenciatura 2025,114,11404005,INGENIERIA INDUSTRIAL,FES ARAGÓN,Escolarizado,https://www.dgae.unam.mx/Licenciatura2025/resultados/1/11404005.html,50,666,602,78,53,026543,,N,No presentado,,Consultar
2025,1,Licenciatura 2025,114,11404005,INGENIERIA INDUSTRIAL,FES ARAGÓN,Escolarizado,https://www.dgae.unam.mx/Licenciatura2025/resultados/1/11404005.html,50,666,602,78,53,026554,38,,No seleccionado,,Consultar
2025,1,Licenciatura 2025,114,11404005,INGENIERIA INDUSTRIAL,FES ARAGÓN,Escolarizado,https://www.dgae.unam.mx/Licenciatura2025/resultados/1/11404005.html,50,666,602,78,53,026571,39,,No seleccionado,,Consultar
2025,1,Licenciatura 2025,114,11404005,INGENIERIA INDUSTRIAL,FES ARAGÓN,Escolarizado,https://www.dgae.unam.mx/Licenciatura2025/resultados/1/11404005.html,50,666,602,78,53,026605,43,,No seleccionado,,Consultar
2025,1,Licenciatura 2025,114,11404005,INGENIERIA INDUSTRIAL,FES ARAGÓN,Escolarizado,https://www.dgae.unam.mx/Licenciatura2025/resultados/1/11404005.html,50,666,602,78,53,026637,103,S,Seleccionado,,Consultar
2025,1,Licenciatura 2025,114,11404005,INGENIERIA INDUSTRIAL,FES ARAGÓN,Escolarizado,https://www.dgae.unam.mx/Licenciatura2025/resultados/1/11404005.html,50,666,602,78,53,026686,55,,No seleccionado,,Consultar
2025,1,Licenciatura 2025,114,11404005,INGENIERIA INDUSTRIAL,FES ARAGÓN,Escolarizado,https://www.dgae.unam.mx/Licenciatura2025/resultados/1/11404005.html,50,666,602,78,53,026713,50,,No seleccionado,,Consultar
2025,1,Licenciatura 2025,114,11404005,INGENIERIA INDUSTRIAL,FES ARAGÓN,Escolarizado,https://www.dgae.unam.mx/Licenciatura2025/resultados/1/11404005.html,50,666,602,78,53,026740,,N,No presentado,,Consultar
2025,1,Licenciatura 2025,114,11404005,INGENIERIA INDUSTRIAL,FES ARAGÓN,Escolarizado,https://www.dgae.unam.mx/Licenciatura2025/resultados/1/11404005.html,50,666,602,78,53,026741,97,S,Seleccionado,Cita para entregar documentación.,Consultar
2025,1,Licenciatura 2025,114,11404005,INGENIERIA INDUSTRIAL,FES ARAGÓN,Escolarizado,https://www.dgae.unam.mx/Licenciatura2025/resultados/1/11404005.html,50,666,602,78,53,026777,49,,No seleccionado,,Consultar
2025,1,Licenciatura 2025,114,11404005,INGENIERIA INDUSTRIAL,FES ARAGÓN,Escolarizado,https://www.dgae.unam.mx/Licenciatura2025/resultados/1/11404005.html,50,666,602,78,53,026781,72,,No seleccionado,,Consultar
2025,1,Licenciatura 2025,114,11404005,INGENIERIA INDUSTRIAL,FES ARAGÓN,Escolarizado,https://www.dgae.unam.mx/Licenciatura2025/resultados/1/11404005.html,50,666,602,78,53,026803,56,,No seleccionado,,Consultar
2025,1,Licenciatura 2025,114,11404005,INGENIERIA INDUSTRIAL,FES ARAGÓN,Escolarizado,https://www.dgae.unam.mx/Licenciatura2025/resultados/1/11404005.html,50,666,602,78,53,026812,56,,No seleccionado,,Consultar
2025,1,Licenciatura 2025,114,11404005,INGENIERIA INDUSTRIAL,FES ARAGÓN,Escolarizado,https://www.dgae.unam.mx/Licenciatura2025/resultados/1/11404005.html,50,666,602,78,53,026847,65,,No seleccionado,,Consultar
2025,1,Licenciatura 2025,114,11404005,INGENIERIA INDUSTRIAL,FES ARAGÓN,Escolarizado,https://www.dgae.unam.mx/Licenciatura2025/resultados/1/11404005.html,50,666,602,78,53,026873,73,,No seleccionado,,Consultar
2025,1,Licenciatura 2025,114,11404005,INGENIERIA INDUSTRIAL,FES ARAGÓN,Escolarizado,https://www.dgae.unam.mx/Licenciatura2025/resultados/1/11404005.html,50,666,602,78,53,026943,45,,No seleccionado,,Consultar
2025,1,Licenciatura 2025,114,11404005,INGENIERIA INDUSTRIAL,FES ARAGÓN,Escolarizado,https://www.dgae.unam.mx/Licenciatura2025/resultados/1/11404005.html,50,666,602,78,53,026955,40,,No seleccionado,,Consultar
2025,1,Licenciatura 2025,114,11404005,INGENIERIA INDUSTRIAL,FES ARAGÓN,Escolarizado,https://www.dgae.unam.mx/Licenciatura2025/resultados/1/11404005.html,50,666,602,78,53,027031,36,,No seleccionado,,Consultar
2025,1,Licenciatura 2025,114,11404005,INGENIERIA INDUSTRIAL,FES ARAGÓN,Escolarizado,https://www.dgae.unam.mx/Licenciatura2025/resultados/1/11404005.html,50,666,602,78,53,027064,64,,No seleccionado,,Consultar
2025,1,Licenciatura 2025,114,11404005,INGENIERIA INDUSTRIAL,FES ARAGÓN,Escolarizado,https://www.dgae.unam.mx/Licenciatura2025/resultados/1/11404005.html,50,666,602,78,53,027115,45,,No seleccionado,,Consultar
2025,1,Licenciatura 2025,114,11404005,INGENIERIA INDUSTRIAL,FES ARAGÓN,Escolarizado,https://www.dgae.unam.mx/Licenciatura2025/resultados/1/11404005.html,50,666,602,78,53,027212,32,,No seleccionado,,Consultar
2025,1,Licenciatura 2025,114,11404005,INGENIERIA INDUSTRIAL,FES ARAGÓN,Escolarizado,https://www.dgae.unam.mx/Licenciatura2025/resultados/1/11404005.html,50,666,602,78,53,027214,39,,No seleccionado,,Consultar
2025,1,Licenciatura 2025,114,11404005,INGENIERIA INDUSTRIAL,FES ARAGÓN,Escolarizado,https://www.dgae.unam.mx/Licenciatura2025/resultados/1/11404005.html,50,666,602,78,53,027219,73,,No seleccionado,,Consultar
2025,1,Licenciatura 2025,114,11404005,INGENIERIA INDUSTRIAL,FES ARAGÓN,Escolarizado,https://www.dgae.unam.mx/Licenciatura2025/resultados/1/11404005.html,50,666,602,78,53,027221,40,,No seleccionado,,Consultar
2025,1,Licenciatura 2025,114,11404005,INGENIERIA INDUSTRIAL,FES ARAGÓN,Escolarizado,https://www.dgae.unam.mx/Licenciatura2025/resultados/1/11404005.html,50,666,602,78,53,027262,60,,No seleccionado,,Consultar
2025,1,Licenciatura 2025,114,11404005,INGENIERIA INDUSTRIAL,FES ARAGÓN,Escolarizado,https://www.dgae.unam.mx/Licenciatura2025/resultados/1/11404005.html,50,666,602,78,53,027325,85,S,Seleccionado,Cita para entregar documentación.,Consultar
2025,1,Licenciatura 2025,114,11404005,INGENIERIA INDUSTRIAL,FES ARAGÓN,Escolarizado,https://www.dgae.unam.mx/Licenciatura2025/resultados/1/11404005.html,50,666,602,78,53,027334,25,,No seleccionado,,Consultar
2025,1,Licenciatura 2025,114,11404005,INGENIERIA INDUSTRIAL,FES ARAGÓN,Escolarizado,https://www.dgae.unam.mx/Licenciatura2025/resultados/1/11404005.html,50,666,602,78,53,027346,,N,No presentado,,Consultar
2025,1,Licenciatura 2025,114,11404005,INGENIERIA INDUSTRIAL,FES ARAGÓN,Escolarizado,https://www.dgae.unam.mx/Licenciatura2025/resultados/1/11404005.html,50,666,602,78,53,027348,39,,No seleccionado,,Consultar
2025,1,Licenciatura 2025,114,11404005,INGENIERIA INDUSTRIAL,FES ARAGÓN,Escolarizado,https://www.dgae.unam.mx/Licenciatura2025/resultados/1/11404005.html,50,666,602,78,53,027359,42,,No seleccionado,,Consultar
2025,1,Licenciatura 2025,114,11404005,INGENIERIA INDUSTRIAL,FES ARAGÓN,Escolarizado,https://www.dgae.unam.mx/Licenciatura2025/resultados/1/11404005.html,50,666,602,78,53,027407,63,,No seleccionado,,Consultar
2025,1,Licenciatura 2025,114,11404005,INGENIERIA INDUSTRIAL,FES ARAGÓN,Escolarizado,https://www.dgae.unam.mx/Licenciatura2025/resultados/1/11404005.html,50,666,602,78,53,027416,41,,No seleccionado,,Consultar
2025,1,Licenciatura 2025,114,11404005,INGENIERIA INDUSTRIAL,FES ARAGÓN,Escolarizado,https://www.dgae.unam.mx/Licenciatura2025/resultados/1/11404005.html,50,666,602,78,53,027477,62,,No seleccionado,,Consultar
2025,1,Licenciatura 2025,114,11404005,INGENIERIA INDUSTRIAL,FES ARAGÓN,Escolarizado,https://www.dgae.unam.mx/Licenciatura2025/resultados/1/11404005.html,50,666,602,78,53,027500,53,,No seleccionado,,Consultar
2025,1,Licenciatura 2025,114,11404005,INGENIERIA INDUSTRIAL,FES ARAGÓN,Escolarizado,https://www.dgae.unam.mx/Licenciatura2025/resultados/1/11404005.html,50,666,602,78,53,027584,50,,No seleccionado,,Consultar
2025,1,Licenciatura 2025,114,11404005,INGENIERIA INDUSTRIAL,FES ARAGÓN,Escolarizado,https://www.dgae.unam.mx/Licenciatura2025/resultados/1/11404005.html,50,666,602,78,53,027608,,N,No presentado,,Consultar
2025,1,Licenciatura 2025,114,11404005,INGENIERIA INDUSTRIAL,FES ARAGÓN,Escolarizado,https://www.dgae.unam.mx/Licenciatura2025/resultados/1/11404005.html,50,666,602,78,53,027630,27,,No seleccionado,,Consultar
2025,1,Licenciatura 2025,114,11404005,INGENIERIA INDUSTRIAL,FES ARAGÓN,Escolarizado,https://www.dgae.unam.mx/Licenciatura2025/resultados/1/11404005.html,50,666,602,78,53,027653,52,,No seleccionado,,Consultar
2025,1,Licenciatura 2025,114,11404005,INGENIERIA INDUSTRIAL,FES ARAGÓN,Escolarizado,https://www.dgae.unam.mx/Licenciatura2025/resultados/1/11404005.html,50,666,602,78,53,027662,98,S,Seleccionado,Cita para entregar documentación.,Consultar
2025,1,Licenciatura 2025,114,11404005,INGENIERIA INDUSTRIAL,FES ARAGÓN,Escolarizado,https://www.dgae.unam.mx/Licenciatura2025/resultados/1/11404005.html,50,666,602,78,53,027718,78,S,Seleccionado,Cita para entregar documentación.,Consultar
2025,1,Licenciatura 2025,114,11404005,INGENIERIA INDUSTRIAL,FES ARAGÓN,Escolarizado,https://www.dgae.unam.mx/Licenciatura2025/resultados/1/11404005.html,50,666,602,78,53,027729,,N,No presentado,,Consultar
2025,1,Licenciatura 2025,114,11404005,INGENIERIA INDUSTRIAL,FES ARAGÓN,Escolarizado,https://www.dgae.unam.mx/Licenciatura2025/resultados/1/11404005.html,50,666,602,78,53,027773,,N,No presentado,,Consultar
2025,1,Licenciatura 2025,114,11404005,INGENIERIA INDUSTRIAL,FES ARAGÓN,Escolarizado,https://www.dgae.unam.mx/Licenciatura2025/resultados/1/11404005.html,50,666,602,78,53,027797,59,,No seleccionado,,Consultar
2025,1,Licenciatura 2025,114,11404005,INGENIERIA INDUSTRIAL,FES ARAGÓN,Escolarizado,https://www.dgae.unam.mx/Licenciatura2025/resultados/1/11404005.html,50,666,602,78,53,027800,70,,No seleccionado,,Consultar
2025,1,Licenciatura 2025,114,11404005,INGENIERIA INDUSTRIAL,FES ARAGÓN,Escolarizado,https://www.dgae.unam.mx/Licenciatura2025/resultados/1/11404005.html,50,666,602,78,53,027847,48,,No seleccionado,,Consultar
2025,1,Licenciatura 2025,114,11404005,INGENIERIA INDUSTRIAL,FES ARAGÓN,Escolarizado,https://www.dgae.unam.mx/Licenciatura2025/resultados/1/11404005.html,50,666,602,78,53,027856,77,,No seleccionado,,Consultar
2025,1,Licenciatura 2025,114,11404005,INGENIERIA INDUSTRIAL,FES ARAGÓN,Escolarizado,https://www.dgae.unam.mx/Licenciatura2025/resultados/1/11404005.html,50,666,602,78,53,027863,47,,No seleccionado,,Consultar
2025,1,Licenciatura 2025,114,11404005,INGENIERIA INDUSTRIAL,FES ARAGÓN,Escolarizado,https://www.dgae.unam.mx/Licenciatura2025/resultados/1/11404005.html,50,666,602,78,53,027907,54,,No seleccionado,,Consultar
2025,1,Licenciatura 2025,114,11404005,INGENIERIA INDUSTRIAL,FES ARAGÓN,Escolarizado,https://www.dgae.unam.mx/Licenciatura2025/resultados/1/11404005.html,50,666,602,78,53,027944,,N,No presentado,,Consultar
2025,1,Licenciatura 2025,114,11404005,INGENIERIA INDUSTRIAL,FES ARAGÓN,Escolarizado,https://www.dgae.unam.mx/Licenciatura2025/resultados/1/11404005.html,50,666,602,78,53,028048,89,S,Seleccionado,Cita para entregar documentación.,Consultar
2025,1,Licenciatura 2025,114,11404005,INGENIERIA INDUSTRIAL,FES ARAGÓN,Escolarizado,https://www.dgae.unam.mx/Licenciatura2025/resultados/1/11404005.html,50,666,602,78,53,028084,42,,No seleccionado,,Consultar
2025,1,Licenciatura 2025,114,11404005,INGENIERIA INDUSTRIAL,FES ARAGÓN,Escolarizado,https://www.dgae.unam.mx/Licenciatura2025/resultados/1/11404005.html,50,666,602,78,53,028174,41,,No seleccionado,,Consultar
2025,1,Licenciatura 2025,114,11404005,INGENIERIA INDUSTRIAL,FES ARAGÓN,Escolarizado,https://www.dgae.unam.mx/Licenciatura2025/resultados/1/11404005.html,50,666,602,78,53,028290,46,,No seleccionado,,Consultar
2025,1,Licenciatura 2025,114,11404005,INGENIERIA INDUSTRIAL,FES ARAGÓN,Escolarizado,https://www.dgae.unam.mx/Licenciatura2025/resultados/1/11404005.html,50,666,602,78,53,028295,84,S,Seleccionado,Cita para entregar documentación.,Consultar
2025,1,Licenciatura 2025,114,11404005,INGENIERIA INDUSTRIAL,FES ARAGÓN,Escolarizado,https://www.dgae.unam.mx/Licenciatura2025/resultados/1/11404005.html,50,666,602,78,53,028324,70,,No seleccionado,,Consultar
2025,1,Licenciatura 2025,114,11404005,INGENIERIA INDUSTRIAL,FES ARAGÓN,Escolarizado,https://www.dgae.unam.mx/Licenciatura2025/resultados/1/11404005.html,50,666,602,78,53,028356,52,,No seleccionado,,Consultar
2025,1,Licenciatura 2025,114,11404005,INGENIERIA INDUSTRIAL,FES ARAGÓN,Escolarizado,https://www.dgae.unam.mx/Licenciatura2025/resultados/1/11404005.html,50,666,602,78,53,028377,,N,No presentado,,Consultar
2025,1,Licenciatura 2025,114,11404005,INGENIERIA INDUSTRIAL,FES ARAGÓN,Escolarizado,https://www.dgae.unam.mx/Licenciatura2025/resultados/1/11404005.html,50,666,602,78,53,028378,34,,No seleccionado,,Consultar
2025,1,Licenciatura 2025,114,11404005,INGENIERIA INDUSTRIAL,FES ARAGÓN,Escolarizado,https://www.dgae.unam.mx/Licenciatura2025/resultados/1/11404005.html,50,666,602,78,53,028381,34,,No seleccionado,,Consultar
2025,1,Licenciatura 2025,114,11404005,INGENIERIA INDUSTRIAL,FES ARAGÓN,Escolarizado,https://www.dgae.unam.mx/Licenciatura2025/resultados/1/11404005.html,50,666,602,78,53,028383,37,,No seleccionado,,Consultar
2025,1,Licenciatura 2025,114,11404005,INGENIERIA INDUSTRIAL,FES ARAGÓN,Escolarizado,https://www.dgae.unam.mx/Licenciatura2025/resultados/1/11404005.html,50,666,602,78,53,028387,55,,No seleccionado,,Consultar
2025,1,Licenciatura 2025,114,11404005,INGENIERIA INDUSTRIAL,FES ARAGÓN,Escolarizado,https://www.dgae.unam.mx/Licenciatura2025/resultados/1/11404005.html,50,666,602,78,53,028399,60,,No seleccionado,,Consultar
2025,1,Licenciatura 2025,114,11404005,INGENIERIA INDUSTRIAL,FES ARAGÓN,Escolarizado,https://www.dgae.unam.mx/Licenciatura2025/resultados/1/11404005.html,50,666,602,78,53,028412,67,,No seleccionado,,Consultar
2025,1,Licenciatura 2025,114,11404005,INGENIERIA INDUSTRIAL,FES ARAGÓN,Escolarizado,https://www.dgae.unam.mx/Licenciatura2025/resultados/1/11404005.html,50,666,602,78,53,028442,59,,No seleccionado,,Consultar
2025,1,Licenciatura 2025,114,11404005,INGENIERIA INDUSTRIAL,FES ARAGÓN,Escolarizado,https://www.dgae.unam.mx/Licenciatura2025/resultados/1/11404005.html,50,666,602,78,53,028445,,N,No presentado,,Consultar
2025,1,Licenciatura 2025,114,11404005,INGENIERIA INDUSTRIAL,FES ARAGÓN,Escolarizado,https://www.dgae.unam.mx/Licenciatura2025/resultados/1/11404005.html,50,666,602,78,53,028455,41,,No seleccionado,,Consultar
2025,1,Licenciatura 2025,114,11404005,INGENIERIA INDUSTRIAL,FES ARAGÓN,Escolarizado,https://www.dgae.unam.mx/Licenciatura2025/resultados/1/11404005.html,50,666,602,78,53,028510,46,,No seleccionado,,Consultar
2025,1,Licenciatura 2025,114,11404005,INGENIERIA INDUSTRIAL,FES ARAGÓN,Escolarizado,https://www.dgae.unam.mx/Licenciatura2025/resultados/1/11404005.html,50,666,602,78,53,028536,48,,No seleccionado,,Consultar
2025,1,Licenciatura 2025,114,11404005,INGENIERIA INDUSTRIAL,FES ARAGÓN,Escolarizado,https://www.dgae.unam.mx/Licenciatura2025/resultados/1/11404005.html,50,666,602,78,53,028537,62,,No seleccionado,,Consultar
2025,1,Licenciatura 2025,114,11404005,INGENIERIA INDUSTRIAL,FES ARAGÓN,Escolarizado,https://www.dgae.unam.mx/Licenciatura2025/resultados/1/11404005.html,50,666,602,78,53,028660,39,,No seleccionado,,Consultar
2025,1,Licenciatura 2025,114,11404005,INGENIERIA INDUSTRIAL,FES ARAGÓN,Escolarizado,https://www.dgae.unam.mx/Licenciatura2025/resultados/1/11404005.html,50,666,602,78,53,028664,87,S,Seleccionado,Cita para entregar documentación.,Consultar
2025,1,Licenciatura 2025,114,11404005,INGENIERIA INDUSTRIAL,FES ARAGÓN,Escolarizado,https://www.dgae.unam.mx/Licenciatura2025/resultados/1/11404005.html,50,666,602,78,53,028705,34,,No seleccionado,,Consultar
2025,1,Licenciatura 2025,114,11404005,INGENIERIA INDUSTRIAL,FES ARAGÓN,Escolarizado,https://www.dgae.unam.mx/Licenciatura2025/resultados/1/11404005.html,50,666,602,78,53,028786,54,,No seleccionado,,Consultar
2025,1,Licenciatura 2025,114,11404005,INGENIERIA INDUSTRIAL,FES ARAGÓN,Escolarizado,https://www.dgae.unam.mx/Licenciatura2025/resultados/1/11404005.html,50,666,602,78,53,028804,73,,No seleccionado,,Consultar
2025,1,Licenciatura 2025,114,11404005,INGENIERIA INDUSTRIAL,FES ARAGÓN,Escolarizado,https://www.dgae.unam.mx/Licenciatura2025/resultados/1/11404005.html,50,666,602,78,53,028837,,N,No presentado,,Consultar
2025,1,Licenciatura 2025,114,11404005,INGENIERIA INDUSTRIAL,FES ARAGÓN,Escolarizado,https://www.dgae.unam.mx/Licenciatura2025/resultados/1/11404005.html,50,666,602,78,53,028886,65,,No seleccionado,,Consultar
2025,1,Licenciatura 2025,114,11404005,INGENIERIA INDUSTRIAL,FES ARAGÓN,Escolarizado,https://www.dgae.unam.mx/Licenciatura2025/resultados/1/11404005.html,50,666,602,78,53,028894,62,,No seleccionado,,Consultar
2025,1,Licenciatura 2025,114,11404005,INGENIERIA INDUSTRIAL,FES ARAGÓN,Escolarizado,https://www.dgae.unam.mx/Licenciatura2025/resultados/1/11404005.html,50,666,602,78,53,028904,42,,No seleccionado,,Consultar
2025,1,Licenciatura 2025,114,11404005,INGENIERIA INDUSTRIAL,FES ARAGÓN,Escolarizado,https://www.dgae.unam.mx/Licenciatura2025/resultados/1/11404005.html,50,666,602,78,53,028905,35,,No seleccionado,,Consultar
2025,1,Licenciatura 2025,114,11404005,INGENIERIA INDUSTRIAL,FES ARAGÓN,Escolarizado,https://www.dgae.unam.mx/Licenciatura2025/resultados/1/11404005.html,50,666,602,78,53,028950,46,,No seleccionado,,Consultar
2025,1,Licenciatura 2025,114,11404005,INGENIERIA INDUSTRIAL,FES ARAGÓN,Escolarizado,https://www.dgae.unam.mx/Licenciatura2025/resultados/1/11404005.html,50,666,602,78,53,029016,65,,No seleccionado,,Consultar
2025,1,Licenciatura 2025,114,11404005,INGENIERIA INDUSTRIAL,FES ARAGÓN,Escolarizado,https://www.dgae.unam.mx/Licenciatura2025/resultados/1/11404005.html,50,666,602,78,53,029067,43,,No seleccionado,,Consultar
2025,1,Licenciatura 2025,114,11404005,INGENIERIA INDUSTRIAL,FES ARAGÓN,Escolarizado,https://www.dgae.unam.mx/Licenciatura2025/resultados/1/11404005.html,50,666,602,78,53,029092,50,,No seleccionado,,Consultar
2025,1,Licenciatura 2025,114,11404005,INGENIERIA INDUSTRIAL,FES ARAGÓN,Escolarizado,https://www.dgae.unam.mx/Licenciatura2025/resultados/1/11404005.html,50,666,602,78,53,029119,,N,No presentado,,Consultar
2025,1,Licenciatura 2025,114,11404005,INGENIERIA INDUSTRIAL,FES ARAGÓN,Escolarizado,https://www.dgae.unam.mx/Licenciatura2025/resultados/1/11404005.html,50,666,602,78,53,029135,42,,No seleccionado,,Consultar
2025,1,Licenciatura 2025,114,11404005,INGENIERIA INDUSTRIAL,FES ARAGÓN,Escolarizado,https://www.dgae.unam.mx/Licenciatura2025/resultados/1/11404005.html,50,666,602,78,53,029142,40,,No seleccionado,,Consultar
2025,1,Licenciatura 2025,114,11404005,INGENIERIA INDUSTRIAL,FES ARAGÓN,Escolarizado,https://www.dgae.unam.mx/Licenciatura2025/resultados/1/11404005.html,50,666,602,78,53,029207,33,,No seleccionado,,Consultar
2025,1,Licenciatura 2025,114,11404005,INGENIERIA INDUSTRIAL,FES ARAGÓN,Escolarizado,https://www.dgae.unam.mx/Licenciatura2025/resultados/1/11404005.html,50,666,602,78,53,029245,84,S,Seleccionado,Cita para entregar documentación.,Consultar
2025,1,Licenciatura 2025,114,11404005,INGENIERIA INDUSTRIAL,FES ARAGÓN,Escolarizado,https://www.dgae.unam.mx/Licenciatura2025/resultados/1/11404005.html,50,666,602,78,53,029269,51,,No seleccionado,,Consultar
2025,1,Licenciatura 2025,114,11404005,INGENIERIA INDUSTRIAL,FES ARAGÓN,Escolarizado,https://www.dgae.unam.mx/Licenciatura2025/resultados/1/11404005.html,50,666,602,78,53,029316,87,S,Seleccionado,,Consultar
2025,1,Licenciatura 2025,114,11404005,INGENIERIA INDUSTRIAL,FES ARAGÓN,Escolarizado,https://www.dgae.unam.mx/Licenciatura2025/resultados/1/11404005.html,50,666,602,78,53,029349,57,,No seleccionado,,Consultar
2025,1,Licenciatura 2025,114,11404005,INGENIERIA INDUSTRIAL,FES ARAGÓN,Escolarizado,https://www.dgae.unam.mx/Licenciatura2025/resultados/1/11404005.html,50,666,602,78,53,029372,52,,No seleccionado,,Consultar
2025,1,Licenciatura 2025,114,11404005,INGENIERIA INDUSTRIAL,FES ARAGÓN,Escolarizado,https://www.dgae.unam.mx/Licenciatura2025/resultados/1/11404005.html,50,666,602,78,53,029377,46,,No seleccionado,,Consultar
2025,1,Licenciatura 2025,114,11404005,INGENIERIA INDUSTRIAL,FES ARAGÓN,Escolarizado,https://www.dgae.unam.mx/Licenciatura2025/resultados/1/11404005.html,50,666,602,78,53,029431,62,,No seleccionado,,Consultar
2025,1,Licenciatura 2025,114,11404005,INGENIERIA INDUSTRIAL,FES ARAGÓN,Escolarizado,https://www.dgae.unam.mx/Licenciatura2025/resultados/1/11404005.html,50,666,602,78,53,029474,58,,No seleccionado,,Consultar
2025,1,Licenciatura 2025,114,11404005,INGENIERIA INDUSTRIAL,FES ARAGÓN,Escolarizado,https://www.dgae.unam.mx/Licenciatura2025/resultados/1/11404005.html,50,666,602,78,53,029483,41,,No seleccionado,,Consultar
2025,1,Licenciatura 2025,114,11404005,INGENIERIA INDUSTRIAL,FES ARAGÓN,Escolarizado,https://www.dgae.unam.mx/Licenciatura2025/resultados/1/11404005.html,50,666,602,78,53,029559,41,,No seleccionado,,Consultar
2025,1,Licenciatura 2025,114,11404005,INGENIERIA INDUSTRIAL,FES ARAGÓN,Escolarizado,https://www.dgae.unam.mx/Licenciatura2025/resultados/1/11404005.html,50,666,602,78,53,029596,,N,No presentado,,Consultar
2025,1,Licenciatura 2025,114,11404005,INGENIERIA INDUSTRIAL,FES ARAGÓN,Escolarizado,https://www.dgae.unam.mx/Licenciatura2025/resultados/1/11404005.html,50,666,602,78,53,029605,31,,No seleccionado,,Consultar
2025,1,Licenciatura 2025,114,11404005,INGENIERIA INDUSTRIAL,FES ARAGÓN,Escolarizado,https://www.dgae.unam.mx/Licenciatura2025/resultados/1/11404005.html,50,666,602,78,53,029644,50,,No seleccionado,,Consultar
2025,1,Licenciatura 2025,114,11404005,INGENIERIA INDUSTRIAL,FES ARAGÓN,Escolarizado,https://www.dgae.unam.mx/Licenciatura2025/resultados/1/11404005.html,50,666,602,78,53,029677,48,,No seleccionado,,Consultar
2025,1,Licenciatura 2025,114,11404005,INGENIERIA INDUSTRIAL,FES ARAGÓN,Escolarizado,https://www.dgae.unam.mx/Licenciatura2025/resultados/1/11404005.html,50,666,602,78,53,029711,64,,No seleccionado,,Consultar
2025,1,Licenciatura 2025,114,11404005,INGENIERIA INDUSTRIAL,FES ARAGÓN,Escolarizado,https://www.dgae.unam.mx/Licenciatura2025/resultados/1/11404005.html,50,666,602,78,53,030159,71,,No seleccionado,,Consultar
2025,1,Licenciatura 2025,114,11404005,INGENIERIA INDUSTRIAL,FES ARAGÓN,Escolarizado,https://www.dgae.unam.mx/Licenciatura2025/resultados/1/11404005.html,50,666,602,78,53,030660,23,,No seleccionado,,Consultar
2025,1,Licenciatura 2025,114,11404005,INGENIERIA INDUSTRIAL,FES ARAGÓN,Escolarizado,https://www.dgae.unam.mx/Licenciatura2025/resultados/1/11404005.html,50,666,602,78,53,031073,25,,No seleccionado,,Consultar
2025,1,Licenciatura 2025,114,11404005,INGENIERIA INDUSTRIAL,FES ARAGÓN,Escolarizado,https://www.dgae.unam.mx/Licenciatura2025/resultados/1/11404005.html,50,666,602,78,53,031468,47,,No seleccionado,,Consultar
2025,1,Licenciatura 2025,114,11404005,INGENIERIA INDUSTRIAL,FES ARAGÓN,Escolarizado,https://www.dgae.unam.mx/Licenciatura2025/resultados/1/11404005.html,50,666,602,78,53,032059,38,,No seleccionado,,Consultar
2025,1,Licenciatura 2025,114,11404005,INGENIERIA INDUSTRIAL,FES ARAGÓN,Escolarizado,https://www.dgae.unam.mx/Licenciatura2025/resultados/1/11404005.html,50,666,602,78,53,032127,62,,No seleccionado,,Consultar
2025,1,Licenciatura 2025,114,11404005,INGENIERIA INDUSTRIAL,FES ARAGÓN,Escolarizado,https://www.dgae.unam.mx/Licenciatura2025/resultados/1/11404005.html,50,666,602,78,53,032206,,N,No presentado,,Consultar
2025,1,Licenciatura 2025,114,11404005,INGENIERIA INDUSTRIAL,FES ARAGÓN,Escolarizado,https://www.dgae.unam.mx/Licenciatura2025/resultados/1/11404005.html,50,666,602,78,53,032335,32,,No seleccionado,,Consultar
2025,1,Licenciatura 2025,114,11404005,INGENIERIA INDUSTRIAL,FES ARAGÓN,Escolarizado,https://www.dgae.unam.mx/Licenciatura2025/resultados/1/11404005.html,50,666,602,78,53,032683,69,,No seleccionado,,Consultar
2025,1,Licenciatura 2025,114,11404005,INGENIERIA INDUSTRIAL,FES ARAGÓN,Escolarizado,https://www.dgae.unam.mx/Licenciatura2025/resultados/1/11404005.html,50,666,602,78,53,032701,111,S,Seleccionado,Cita para entregar documentación.,Consultar
2025,1,Licenciatura 2025,114,11404005,INGENIERIA INDUSTRIAL,FES ARAGÓN,Escolarizado,https://www.dgae.unam.mx/Licenciatura2025/resultados/1/11404005.html,50,666,602,78,53,032821,88,S,Seleccionado,Cita para entregar documentación.,Consultar
2025,1,Licenciatura 2025,114,11404005,INGENIERIA INDUSTRIAL,FES ARAGÓN,Escolarizado,https://www.dgae.unam.mx/Licenciatura2025/resultados/1/11404005.html,50,666,602,78,53,033002,61,,No seleccionado,,Consultar
2025,1,Licenciatura 2025,114,11404005,INGENIERIA INDUSTRIAL,FES ARAGÓN,Escolarizado,https://www.dgae.unam.mx/Licenciatura2025/resultados/1/11404005.html,50,666,602,78,53,033384,52,,No seleccionado,,Consultar
2025,1,Licenciatura 2025,114,11404005,INGENIERIA INDUSTRIAL,FES ARAGÓN,Escolarizado,https://www.dgae.unam.mx/Licenciatura2025/resultados/1/11404005.html,50,666,602,78,53,033463,,N,No presentado,,Consultar
2025,1,Licenciatura 2025,114,11404005,INGENIERIA INDUSTRIAL,FES ARAGÓN,Escolarizado,https://www.dgae.unam.mx/Licenciatura2025/resultados/1/11404005.html,50,666,602,78,53,033810,50,,No seleccionado,,Consultar
2025,1,Licenciatura 2025,114,11404005,INGENIERIA INDUSTRIAL,FES ARAGÓN,Escolarizado,https://www.dgae.unam.mx/Licenciatura2025/resultados/1/11404005.html,50,666,602,78,53,033844,49,,No seleccionado,,Consultar
2025,1,Licenciatura 2025,114,11404005,INGENIERIA INDUSTRIAL,FES ARAGÓN,Escolarizado,https://www.dgae.unam.mx/Licenciatura2025/resultados/1/11404005.html,50,666,602,78,53,033905,66,,No seleccionado,,Consultar
2025,1,Licenciatura 2025,114,11404005,INGENIERIA INDUSTRIAL,FES ARAGÓN,Escolarizado,https://www.dgae.unam.mx/Licenciatura2025/resultados/1/11404005.html,50,666,602,78,53,034009,106,S,Seleccionado,Cita para entregar documentación.,Consultar
2025,1,Licenciatura 2025,114,11404005,INGENIERIA INDUSTRIAL,FES ARAGÓN,Escolarizado,https://www.dgae.unam.mx/Licenciatura2025/resultados/1/11404005.html,50,666,602,78,53,034026,62,,No seleccionado,,Consultar
2025,1,Licenciatura 2025,114,11404005,INGENIERIA INDUSTRIAL,FES ARAGÓN,Escolarizado,https://www.dgae.unam.mx/Licenciatura2025/resultados/1/11404005.html,50,666,602,78,53,034093,52,,No seleccionado,,Consultar
2025,1,Licenciatura 2025,114,11404005,INGENIERIA INDUSTRIAL,FES ARAGÓN,Escolarizado,https://www.dgae.unam.mx/Licenciatura2025/resultados/1/11404005.html,50,666,602,78,53,034135,35,,No seleccionado,,Consultar
2025,1,Licenciatura 2025,114,11404005,INGENIERIA INDUSTRIAL,FES ARAGÓN,Escolarizado,https://www.dgae.unam.mx/Licenciatura2025/resultados/1/11404005.html,50,666,602,78,53,034153,46,,No seleccionado,,Consultar
2025,1,Licenciatura 2025,114,11404005,INGENIERIA INDUSTRIAL,FES ARAGÓN,Escolarizado,https://www.dgae.unam.mx/Licenciatura2025/resultados/1/11404005.html,50,666,602,78,53,034196,,N,No presentado,,Consultar
2025,1,Licenciatura 2025,114,11404005,INGENIERIA INDUSTRIAL,FES ARAGÓN,Escolarizado,https://www.dgae.unam.mx/Licenciatura2025/resultados/1/11404005.html,50,666,602,78,53,034212,55,,No seleccionado,,Consultar
2025,1,Licenciatura 2025,114,11404005,INGENIERIA INDUSTRIAL,FES ARAGÓN,Escolarizado,https://www.dgae.unam.mx/Licenciatura2025/resultados/1/11404005.html,50,666,602,78,53,034298,40,,No seleccionado,,Consultar
2025,1,Licenciatura 2025,114,11404005,INGENIERIA INDUSTRIAL,FES ARAGÓN,Escolarizado,https://www.dgae.unam.mx/Licenciatura2025/resultados/1/11404005.html,50,666,602,78,53,034307,,N,No presentado,,Consultar
2025,1,Licenciatura 2025,114,11404005,INGENIERIA INDUSTRIAL,FES ARAGÓN,Escolarizado,https://www.dgae.unam.mx/Licenciatura2025/resultados/1/11404005.html,50,666,602,78,53,034350,52,,No seleccionado,,Consultar
2025,1,Licenciatura 2025,114,11404005,INGENIERIA INDUSTRIAL,FES ARAGÓN,Escolarizado,https://www.dgae.unam.mx/Licenciatura2025/resultados/1/11404005.html,50,666,602,78,53,034596,33,,No seleccionado,,Consultar
2025,1,Licenciatura 2025,114,11404005,INGENIERIA INDUSTRIAL,FES ARAGÓN,Escolarizado,https://www.dgae.unam.mx/Licenciatura2025/resultados/1/11404005.html,50,666,602,78,53,034907,43,,No seleccionado,,Consultar
2025,1,Licenciatura 2025,114,11404005,INGENIERIA INDUSTRIAL,FES ARAGÓN,Escolarizado,https://www.dgae.unam.mx/Licenciatura2025/resultados/1/11404005.html,50,666,602,78,53,034916,40,,No seleccionado,,Consultar
2025,1,Licenciatura 2025,114,11404005,INGENIERIA INDUSTRIAL,FES ARAGÓN,Escolarizado,https://www.dgae.unam.mx/Licenciatura2025/resultados/1/11404005.html,50,666,602,78,53,034927,,N,No presentado,,Consultar
2025,1,Licenciatura 2025,114,11404005,INGENIERIA INDUSTRIAL,FES ARAGÓN,Escolarizado,https://www.dgae.unam.mx/Licenciatura2025/resultados/1/11404005.html,50,666,602,78,53,034929,,N,No presentado,,Consultar
2025,1,Licenciatura 2025,114,11404005,INGENIERIA INDUSTRIAL,FES ARAGÓN,Escolarizado,https://www.dgae.unam.mx/Licenciatura2025/resultados/1/11404005.html,50,666,602,78,53,034990,,N,No presentado,,Consultar
2025,1,Licenciatura 2025,114,11404005,INGENIERIA INDUSTRIAL,FES ARAGÓN,Escolarizado,https://www.dgae.unam.mx/Licenciatura2025/resultados/1/11404005.html,50,666,602,78,53,035056,38,,No seleccionado,,Consultar
2025,1,Licenciatura 2025,114,11404005,INGENIERIA INDUSTRIAL,FES ARAGÓN,Escolarizado,https://www.dgae.unam.mx/Licenciatura2025/resultados/1/11404005.html,50,666,602,78,53,035210,,N,No presentado,,Consultar
2025,1,Licenciatura 2025,114,11404005,INGENIERIA INDUSTRIAL,FES ARAGÓN,Escolarizado,https://www.dgae.unam.mx/Licenciatura2025/resultados/1/11404005.html,50,666,602,78,53,035457,48,,No seleccionado,,Consultar
2025,1,Licenciatura 2025,114,11404005,INGENIERIA INDUSTRIAL,FES ARAGÓN,Escolarizado,https://www.dgae.unam.mx/Licenciatura2025/resultados/1/11404005.html,50,666,602,78,53,035591,40,,No seleccionado,,Consultar
2025,1,Licenciatura 2025,114,11404005,INGENIERIA INDUSTRIAL,FES ARAGÓN,Escolarizado,https://www.dgae.unam.mx/Licenciatura2025/resultados/1/11404005.html,50,666,602,78,53,035644,,N,No presentado,,Consultar
2025,1,Licenciatura 2025,114,11404005,INGENIERIA INDUSTRIAL,FES ARAGÓN,Escolarizado,https://www.dgae.unam.mx/Licenciatura2025/resultados/1/11404005.html,50,666,602,78,53,035665,67,,No seleccionado,,Consultar
2025,1,Licenciatura 2025,114,11404005,INGENIERIA INDUSTRIAL,FES ARAGÓN,Escolarizado,https://www.dgae.unam.mx/Licenciatura2025/resultados/1/11404005.html,50,666,602,78,53,035959,,N,No presentado,,Consultar
2025,1,Licenciatura 2025,114,11404005,INGENIERIA INDUSTRIAL,FES ARAGÓN,Escolarizado,https://www.dgae.unam.mx/Licenciatura2025/resultados/1/11404005.html,50,666,602,78,53,036175,46,,No seleccionado,,Consultar
2025,1,Licenciatura 2025,114,11404005,INGENIERIA INDUSTRIAL,FES ARAGÓN,Escolarizado,https://www.dgae.unam.mx/Licenciatura2025/resultados/1/11404005.html,50,666,602,78,53,036560,33,,No seleccionado,,Consultar
2025,1,Licenciatura 2025,114,11404005,INGENIERIA INDUSTRIAL,FES ARAGÓN,Escolarizado,https://www.dgae.unam.mx/Licenciatura2025/resultados/1/11404005.html,50,666,602,78,53,036678,37,,No seleccionado,,Consultar
2025,1,Licenciatura 2025,114,11404005,INGENIERIA INDUSTRIAL,FES ARAGÓN,Escolarizado,https://www.dgae.unam.mx/Licenciatura2025/resultados/1/11404005.html,50,666,602,78,53,036681,,N,No presentado,,Consultar
2025,1,Licenciatura 2025,114,11404005,INGENIERIA INDUSTRIAL,FES ARAGÓN,Escolarizado,https://www.dgae.unam.mx/Licenciatura2025/resultados/1/11404005.html,50,666,602,78,53,036710,42,,No seleccionado,,Consultar
2025,1,Licenciatura 2025,114,11404005,INGENIERIA INDUSTRIAL,FES ARAGÓN,Escolarizado,https://www.dgae.unam.mx/Licenciatura2025/resultados/1/11404005.html,50,666,602,78,53,036731,,N,No presentado,,Consultar
2025,1,Licenciatura 2025,114,11404005,INGENIERIA INDUSTRIAL,FES ARAGÓN,Escolarizado,https://www.dgae.unam.mx/Licenciatura2025/resultados/1/11404005.html,50,666,602,78,53,036883,,N,No presentado,,Consultar
2025,1,Licenciatura 2025,114,11404005,INGENIERIA INDUSTRIAL,FES ARAGÓN,Escolarizado,https://www.dgae.unam.mx/Licenciatura2025/resultados/1/11404005.html,50,666,602,78,53,036938,,N,No presentado,,Consultar
2025,1,Licenciatura 2025,114,11404005,INGENIERIA INDUSTRIAL,FES ARAGÓN,Escolarizado,https://www.dgae.unam.mx/Licenciatura2025/resultados/1/11404005.html,50,666,602,78,53,037186,,N,No presentado,,Consultar
2025,1,Licenciatura 2025,114,11404005,INGENIERIA INDUSTRIAL,FES ARAGÓN,Escolarizado,https://www.dgae.unam.mx/Licenciatura2025/resultados/1/11404005.html,50,666,602,78,53,037238,,N,No presentado,,Consultar
2025,1,Licenciatura 2025,114,11404005,INGENIERIA INDUSTRIAL,FES ARAGÓN,Escolarizado,https://www.dgae.unam.mx/Licenciatura2025/resultados/1/11404005.html,50,666,602,78,53,037740,96,S,Seleccionado,,Consultar
