Area,Concurso,Clave_carrera,Codigo_opcion,Carrera,Plantel,Modalidad,URL_resultados,Oferta,Aspirantes,Presentaron_examen,Aciertos_minimos,Seleccionados,Numero_comprobante,Aciertos,Acreditado,Estatus,Detalles,Diagnostico
1,Licenciatura 2026,107,10704005,INGENIERIA CIVIL,FES ARAGÓN,Escolarizado,https://www.dgae.unam.mx/Licenciatura2026/resultados/1/10704005.html,142,777,662,87,144,000074,95,S,Seleccionado,Cita para entregar documentación.,Consultar
1,Licenciatura 2026,107,10704005,INGENIERIA CIVIL,FES ARAGÓN,Escolarizado,https://www.dgae.unam.mx/Licenciatura2026/resultados/1/10704005.html,142,777,662,87,144,000079,102,S,Seleccionado,,Consultar
1,Licenciatura 2026,107,10704005,INGENIERIA CIVIL,FES ARAGÓN,Escolarizado,https://www.dgae.unam.mx/Licenciatura2026/resultados/1/10704005.html,142,777,662,87,144,000094,85,,No seleccionado,,Consultar
1,Licenciatura 2026,107,10704005,INGENIERIA CIVIL,FES ARAGÓN,Escolarizado,https://www.dgae.unam.mx/Licenciatura2026/resultados/1/10704005.html,142,777,662,87,144,000130,46,,No seleccionado,,Consultar
1,Licenciatura 2026,107,10704005,INGENIERIA CIVIL,FES ARAGÓN,Escolarizado,https://www.dgae.unam.mx/Licenciatura2026/resultados/1/10704005.html,142,777,662,87,144,000175,39,,No seleccionado,,Consultar
1,Licenciatura 2026,107,10704005,INGENIERIA CIVIL,FES ARAGÓN,Escolarizado,https://www.dgae.unam.mx/Licenciatura2026/resultados/1/10704005.html,142,777,662,87,144,000309,78,,No seleccionado,,Consultar
1,Licenciatura 2026,107,10704005,INGENIERIA CIVIL,FES ARAGÓN,Escolarizado,https://www.dgae.unam.mx/Licenciatura2026/resultados/1/10704005.html,142,777,662,87,144,000369,66,,No seleccionado,,Consultar
1,Licenciatura 2026,107,10704005,INGENIERIA CIVIL,FES ARAGÓN,Escolarizado,https://www.dgae.unam.mx/Licenciatura2026/resultados/1/10704005.html,142,777,662,87,144,000374,,N,No presentado,,Consultar
1,Licenciatura 2026,107,10704005,INGENIERIA CIVIL,FES ARAGÓN,Escolarizado,https://www.dgae.unam.mx/Licenciatura2026/resultados/1/10704005.html,142,777,662,87,144,000389,92,S,Seleccionado,Cita para entregar documentación.,Consultar
1,Licenciatura 2026,107,10704005,INGENIERIA CIVIL,FES ARAGÓN,Escolarizado,https://www.dgae.unam.mx/Licenciatura2026/resultados/1/10704005.html,142,777,662,87,144,000394,81,,No seleccionado,,Consultar
1,Licenciatura 2026,107,10704005,INGENIERIA CIVIL,FES ARAGÓN,Escolarizado,https://www.dgae.unam.mx/Licenciatura2026/resultados/1/10704005.html,142,777,662,87,144,000423,13,,No seleccionado,,Consultar
1,Licenciatura 2026,107,10704005,INGENIERIA CIVIL,FES ARAGÓN,Escolarizado,https://www.dgae.unam.mx/Licenciatura2026/resultados/1/10704005.html,142,777,662,87,144,000429,34,,No seleccionado,,Consultar
1,Licenciatura 2026,107,10704005,INGENIERIA CIVIL,FES ARAGÓN,Escolarizado,https://www.dgae.unam.mx/Licenciatura2026/resultados/1/10704005.html,142,777,662,87,144,000469,92,S,Seleccionado,Cita para entregar documentación.,Consultar
1,Licenciatura 2026,107,10704005,INGENIERIA CIVIL,FES ARAGÓN,Escolarizado,https://www.dgae.unam.mx/Licenciatura2026/resultados/1/10704005.html,142,777,662,87,144,000524,,N,No presentado,,Consultar
1,Licenciatura 2026,107,10704005,INGENIERIA CIVIL,FES ARAGÓN,Escolarizado,https://www.dgae.unam.mx/Licenciatura2026/resultados/1/10704005.html,142,777,662,87,144,000543,65,,No seleccionado,,Consultar
1,Licenciatura 2026,107,10704005,INGENIERIA CIVIL,FES ARAGÓN,Escolarizado,https://www.dgae.unam.mx/Licenciatura2026/resultados/1/10704005.html,142,777,662,87,144,000580,44,,No seleccionado,,Consultar
1,Licenciatura 2026,107,10704005,INGENIERIA CIVIL,FES ARAGÓN,Escolarizado,https://www.dgae.unam.mx/Licenciatura2026/resultados/1/10704005.html,142,777,662,87,144,000598,84,,No seleccionado,,Consultar
1,Licenciatura 2026,107,10704005,INGENIERIA CIVIL,FES ARAGÓN,Escolarizado,https://www.dgae.unam.mx/Licenciatura2026/resultados/1/10704005.html,142,777,662,87,144,000614,56,,No seleccionado,,Consultar
1,Licenciatura 2026,107,10704005,INGENIERIA CIVIL,FES ARAGÓN,Escolarizado,https://www.dgae.unam.mx/Licenciatura2026/resultados/1/10704005.html,142,777,662,87,144,000629,106,S,Seleccionado,Cita para entregar documentación.,Consultar
1,Licenciatura 2026,107,10704005,INGENIERIA CIVIL,FES ARAGÓN,Escolarizado,https://www.dgae.unam.mx/Licenciatura2026/resultados/1/10704005.html,142,777,662,87,144,000706,45,,No seleccionado,,Consultar
1,Licenciatura 2026,107,10704005,INGENIERIA CIVIL,FES ARAGÓN,Escolarizado,https://www.dgae.unam.mx/Licenciatura2026/resultados/1/10704005.html,142,777,662,87,144,000725,101,S,Seleccionado,Cita para entregar documentación.,Consultar
1,Licenciatura 2026,107,10704005,INGENIERIA CIVIL,FES ARAGÓN,Escolarizado,https://www.dgae.unam.mx/Licenciatura2026/resultados/1/10704005.html,142,777,662,87,144,000772,47,,No seleccionado,,Consultar
1,Licenciatura 2026,107,10704005,INGENIERIA CIVIL,FES ARAGÓN,Escolarizado,https://www.dgae.unam.mx/Licenciatura2026/resultados/1/10704005.html,142,777,662,87,144,000846,81,,No seleccionado,,Consultar
1,Licenciatura 2026,107,10704005,INGENIERIA CIVIL,FES ARAGÓN,Escolarizado,https://www.dgae.unam.mx/Licenciatura2026/resultados/1/10704005.html,142,777,662,87,144,000936,75,,No seleccionado,,Consultar
1,Licenciatura 2026,107,10704005,INGENIERIA CIVIL,FES ARAGÓN,Escolarizado,https://www.dgae.unam.mx/Licenciatura2026/resultados/1/10704005.html,142,777,662,87,144,000951,96,S,Seleccionado,Cita para entregar documentación.,Consultar
1,Licenciatura 2026,107,10704005,INGENIERIA CIVIL,FES ARAGÓN,Escolarizado,https://www.dgae.unam.mx/Licenciatura2026/resultados/1/10704005.html,142,777,662,87,144,000976,81,,No seleccionado,,Consultar
1,Licenciatura 2026,107,10704005,INGENIERIA CIVIL,FES ARAGÓN,Escolarizado,https://www.dgae.unam.mx/Licenciatura2026/resultados/1/10704005.html,142,777,662,87,144,000986,95,S,Seleccionado,Cita para entregar documentación.,Consultar
1,Licenciatura 2026,107,10704005,INGENIERIA CIVIL,FES ARAGÓN,Escolarizado,https://www.dgae.unam.mx/Licenciatura2026/resultados/1/10704005.html,142,777,662,87,144,001047,66,,No seleccionado,,Consultar
1,Licenciatura 2026,107,10704005,INGENIERIA CIVIL,FES ARAGÓN,Escolarizado,https://www.dgae.unam.mx/Licenciatura2026/resultados/1/10704005.html,142,777,662,87,144,001090,116,S,Seleccionado,Cita para entregar documentación.,Consultar
1,Licenciatura 2026,107,10704005,INGENIERIA CIVIL,FES ARAGÓN,Escolarizado,https://www.dgae.unam.mx/Licenciatura2026/resultados/1/10704005.html,142,777,662,87,144,001144,92,S,Seleccionado,Cita para entregar documentación.,Consultar
1,Licenciatura 2026,107,10704005,INGENIERIA CIVIL,FES ARAGÓN,Escolarizado,https://www.dgae.unam.mx/Licenciatura2026/resultados/1/10704005.html,142,777,662,87,144,001246,57,,No seleccionado,,Consultar
1,Licenciatura 2026,107,10704005,INGENIERIA CIVIL,FES ARAGÓN,Escolarizado,https://www.dgae.unam.mx/Licenciatura2026/resultados/1/10704005.html,142,777,662,87,144,001263,50,,No seleccionado,,Consultar
1,Licenciatura 2026,107,10704005,INGENIERIA CIVIL,FES ARAGÓN,Escolarizado,https://www.dgae.unam.mx/Licenciatura2026/resultados/1/10704005.html,142,777,662,87,144,001284,55,,No seleccionado,,Consultar
1,Licenciatura 2026,107,10704005,INGENIERIA CIVIL,FES ARAGÓN,Escolarizado,https://www.dgae.unam.mx/Licenciatura2026/resultados/1/10704005.html,142,777,662,87,144,001316,96,S,Seleccionado,Cita para entregar documentación.,Consultar
1,Licenciatura 2026,107,10704005,INGENIERIA CIVIL,FES ARAGÓN,Escolarizado,https://www.dgae.unam.mx/Licenciatura2026/resultados/1/10704005.html,142,777,662,87,144,001329,105,S,Seleccionado,Cita para entregar documentación.,Consultar
1,Licenciatura 2026,107,10704005,INGENIERIA CIVIL,FES ARAGÓN,Escolarizado,https://www.dgae.unam.mx/Licenciatura2026/resultados/1/10704005.html,142,777,662,87,144,001374,51,,No seleccionado,,Consultar
1,Licenciatura 2026,107,10704005,INGENIERIA CIVIL,FES ARAGÓN,Escolarizado,https://www.dgae.unam.mx/Licenciatura2026/resultados/1/10704005.html,142,777,662,87,144,001456,,N,No presentado,,Consultar
1,Licenciatura 2026,107,10704005,INGENIERIA CIVIL,FES ARAGÓN,Escolarizado,https://www.dgae.unam.mx/Licenciatura2026/resultados/1/10704005.html,142,777,662,87,144,001458,44,,No seleccionado,,Consultar
1,Licenciatura 2026,107,10704005,INGENIERIA CIVIL,FES ARAGÓN,Escolarizado,https://www.dgae.unam.mx/Licenciatura2026/resultados/1/10704005.html,142,777,662,87,144,001471,49,,No seleccionado,,Consultar
1,Licenciatura 2026,107,10704005,INGENIERIA CIVIL,FES ARAGÓN,Escolarizado,https://www.dgae.unam.mx/Licenciatura2026/resultados/1/10704005.html,142,777,662,87,144,001488,,N,No presentado,,Consultar
1,Licenciatura 2026,107,10704005,INGENIERIA CIVIL,FES ARAGÓN,Escolarizado,https://www.dgae.unam.mx/Licenciatura2026/resultados/1/10704005.html,142,777,662,87,144,001523,85,,No seleccionado,,Consultar
1,Licenciatura 2026,107,10704005,INGENIERIA CIVIL,FES ARAGÓN,Escolarizado,https://www.dgae.unam.mx/Licenciatura2026/resultados/1/10704005.html,142,777,662,87,144,001630,,N,No presentado,,Consultar
1,Licenciatura 2026,107,10704005,INGENIERIA CIVIL,FES ARAGÓN,Escolarizado,https://www.dgae.unam.mx/Licenciatura2026/resultados/1/10704005.html,142,777,662,87,144,001650,81,,No seleccionado,,Consultar
1,Licenciatura 2026,107,10704005,INGENIERIA CIVIL,FES ARAGÓN,Escolarizado,https://www.dgae.unam.mx/Licenciatura2026/resultados/1/10704005.html,142,777,662,87,144,001734,47,,No seleccionado,,Consultar
1,Licenciatura 2026,107,10704005,INGENIERIA CIVIL,FES ARAGÓN,Escolarizado,https://www.dgae.unam.mx/Licenciatura2026/resultados/1/10704005.html,142,777,662,87,144,001741,60,,No seleccionado,,Consultar
1,Licenciatura 2026,107,10704005,INGENIERIA CIVIL,FES ARAGÓN,Escolarizado,https://www.dgae.unam.mx/Licenciatura2026/resultados/1/10704005.html,142,777,662,87,144,001832,91,S,Seleccionado,,Consultar
1,Licenciatura 2026,107,10704005,INGENIERIA CIVIL,FES ARAGÓN,Escolarizado,https://www.dgae.unam.mx/Licenciatura2026/resultados/1/10704005.html,142,777,662,87,144,001864,,N,No presentado,,Consultar
1,Licenciatura 2026,107,10704005,INGENIERIA CIVIL,FES ARAGÓN,Escolarizado,https://www.dgae.unam.mx/Licenciatura2026/resultados/1/10704005.html,142,777,662,87,144,001887,92,S,Seleccionado,Cita para entregar documentación.,Consultar
1,Licenciatura 2026,107,10704005,INGENIERIA CIVIL,FES ARAGÓN,Escolarizado,https://www.dgae.unam.mx/Licenciatura2026/resultados/1/10704005.html,142,777,662,87,144,001927,,N,No presentado,,Consultar
1,Licenciatura 2026,107,10704005,INGENIERIA CIVIL,FES ARAGÓN,Escolarizado,https://www.dgae.unam.mx/Licenciatura2026/resultados/1/10704005.html,142,777,662,87,144,001964,90,S,Seleccionado,Cita para entregar documentación.,Consultar
1,Licenciatura 2026,107,10704005,INGENIERIA CIVIL,FES ARAGÓN,Escolarizado,https://www.dgae.unam.mx/Licenciatura2026/resultados/1/10704005.html,142,777,662,87,144,002034,90,S,Seleccionado,Cita para entregar documentación.,Consultar
1,Licenciatura 2026,107,10704005,INGENIERIA CIVIL,FES ARAGÓN,Escolarizado,https://www.dgae.unam.mx/Licenciatura2026/resultados/1/10704005.html,142,777,662,87,144,002186,38,,No seleccionado,,Consultar
1,Licenciatura 2026,107,10704005,INGENIERIA CIVIL,FES ARAGÓN,Escolarizado,https://www.dgae.unam.mx/Licenciatura2026/resultados/1/10704005.html,142,777,662,87,144,002187,110,S,Seleccionado,Cita para entregar documentación.,Consultar
1,Licenciatura 2026,107,10704005,INGENIERIA CIVIL,FES ARAGÓN,Escolarizado,https://www.dgae.unam.mx/Licenciatura2026/resultados/1/10704005.html,142,777,662,87,144,002279,47,,No seleccionado,,Consultar
1,Licenciatura 2026,107,10704005,INGENIERIA CIVIL,FES ARAGÓN,Escolarizado,https://www.dgae.unam.mx/Licenciatura2026/resultados/1/10704005.html,142,777,662,87,144,002318,39,,No seleccionado,,Consultar
1,Licenciatura 2026,107,10704005,INGENIERIA CIVIL,FES ARAGÓN,Escolarizado,https://www.dgae.unam.mx/Licenciatura2026/resultados/1/10704005.html,142,777,662,87,144,002391,64,,No seleccionado,,Consultar
1,Licenciatura 2026,107,10704005,INGENIERIA CIVIL,FES ARAGÓN,Escolarizado,https://www.dgae.unam.mx/Licenciatura2026/resultados/1/10704005.html,142,777,662,87,144,002450,52,,No seleccionado,,Consultar
1,Licenciatura 2026,107,10704005,INGENIERIA CIVIL,FES ARAGÓN,Escolarizado,https://www.dgae.unam.mx/Licenciatura2026/resultados/1/10704005.html,142,777,662,87,144,002466,104,S,Seleccionado,,Consultar
1,Licenciatura 2026,107,10704005,INGENIERIA CIVIL,FES ARAGÓN,Escolarizado,https://www.dgae.unam.mx/Licenciatura2026/resultados/1/10704005.html,142,777,662,87,144,002475,43,,No seleccionado,,Consultar
1,Licenciatura 2026,107,10704005,INGENIERIA CIVIL,FES ARAGÓN,Escolarizado,https://www.dgae.unam.mx/Licenciatura2026/resultados/1/10704005.html,142,777,662,87,144,002553,75,,No seleccionado,,Consultar
1,Licenciatura 2026,107,10704005,INGENIERIA CIVIL,FES ARAGÓN,Escolarizado,https://www.dgae.unam.mx/Licenciatura2026/resultados/1/10704005.html,142,777,662,87,144,002562,78,,No seleccionado,,Consultar
1,Licenciatura 2026,107,10704005,INGENIERIA CIVIL,FES ARAGÓN,Escolarizado,https://www.dgae.unam.mx/Licenciatura2026/resultados/1/10704005.html,142,777,662,87,144,002563,108,S,Seleccionado,Cita para entregar documentación.,Consultar
1,Licenciatura 2026,107,10704005,INGENIERIA CIVIL,FES ARAGÓN,Escolarizado,https://www.dgae.unam.mx/Licenciatura2026/resultados/1/10704005.html,142,777,662,87,144,002583,48,,No seleccionado,,Consultar
1,Licenciatura 2026,107,10704005,INGENIERIA CIVIL,FES ARAGÓN,Escolarizado,https://www.dgae.unam.mx/Licenciatura2026/resultados/1/10704005.html,142,777,662,87,144,002597,78,,No seleccionado,,Consultar
1,Licenciatura 2026,107,10704005,INGENIERIA CIVIL,FES ARAGÓN,Escolarizado,https://www.dgae.unam.mx/Licenciatura2026/resultados/1/10704005.html,142,777,662,87,144,002634,83,,No seleccionado,,Consultar
1,Licenciatura 2026,107,10704005,INGENIERIA CIVIL,FES ARAGÓN,Escolarizado,https://www.dgae.unam.mx/Licenciatura2026/resultados/1/10704005.html,142,777,662,87,144,002636,29,,No seleccionado,,Consultar
1,Licenciatura 2026,107,10704005,INGENIERIA CIVIL,FES ARAGÓN,Escolarizado,https://www.dgae.unam.mx/Licenciatura2026/resultados/1/10704005.html,142,777,662,87,144,002650,,N,No presentado,,Consultar
1,Licenciatura 2026,107,10704005,INGENIERIA CIVIL,FES ARAGÓN,Escolarizado,https://www.dgae.unam.mx/Licenciatura2026/resultados/1/10704005.html,142,777,662,87,144,002673,93,S,Seleccionado,Cita para entregar documentación.,Consultar
1,Licenciatura 2026,107,10704005,INGENIERIA CIVIL,FES ARAGÓN,Escolarizado,https://www.dgae.unam.mx/Licenciatura2026/resultados/1/10704005.html,142,777,662,87,144,002691,65,,No seleccionado,,Consultar
1,Licenciatura 2026,107,10704005,INGENIERIA CIVIL,FES ARAGÓN,Escolarizado,https://www.dgae.unam.mx/Licenciatura2026/resultados/1/10704005.html,142,777,662,87,144,002738,74,,No seleccionado,,Consultar
1,Licenciatura 2026,107,10704005,INGENIERIA CIVIL,FES ARAGÓN,Escolarizado,https://www.dgae.unam.mx/Licenciatura2026/resultados/1/10704005.html,142,777,662,87,144,002739,59,,No seleccionado,,Consultar
1,Licenciatura 2026,107,10704005,INGENIERIA CIVIL,FES ARAGÓN,Escolarizado,https://www.dgae.unam.mx/Licenciatura2026/resultados/1/10704005.html,142,777,662,87,144,002864,85,,No seleccionado,,Consultar
1,Licenciatura 2026,107,10704005,INGENIERIA CIVIL,FES ARAGÓN,Escolarizado,https://www.dgae.unam.mx/Licenciatura2026/resultados/1/10704005.html,142,777,662,87,144,002946,,N,No presentado,,Consultar
1,Licenciatura 2026,107,10704005,INGENIERIA CIVIL,FES ARAGÓN,Escolarizado,https://www.dgae.unam.mx/Licenciatura2026/resultados/1/10704005.html,142,777,662,87,144,003044,71,,No seleccionado,,Consultar
1,Licenciatura 2026,107,10704005,INGENIERIA CIVIL,FES ARAGÓN,Escolarizado,https://www.dgae.unam.mx/Licenciatura2026/resultados/1/10704005.html,142,777,662,87,144,003095,37,,No seleccionado,,Consultar
1,Licenciatura 2026,107,10704005,INGENIERIA CIVIL,FES ARAGÓN,Escolarizado,https://www.dgae.unam.mx/Licenciatura2026/resultados/1/10704005.html,142,777,662,87,144,003096,59,,No seleccionado,,Consultar
1,Licenciatura 2026,107,10704005,INGENIERIA CIVIL,FES ARAGÓN,Escolarizado,https://www.dgae.unam.mx/Licenciatura2026/resultados/1/10704005.html,142,777,662,87,144,003121,92,S,Seleccionado,Cita para entregar documentación.,Consultar
1,Licenciatura 2026,107,10704005,INGENIERIA CIVIL,FES ARAGÓN,Escolarizado,https://www.dgae.unam.mx/Licenciatura2026/resultados/1/10704005.html,142,777,662,87,144,003136,61,,No seleccionado,,Consultar
1,Licenciatura 2026,107,10704005,INGENIERIA CIVIL,FES ARAGÓN,Escolarizado,https://www.dgae.unam.mx/Licenciatura2026/resultados/1/10704005.html,142,777,662,87,144,003162,114,S,Seleccionado,,Consultar
1,Licenciatura 2026,107,10704005,INGENIERIA CIVIL,FES ARAGÓN,Escolarizado,https://www.dgae.unam.mx/Licenciatura2026/resultados/1/10704005.html,142,777,662,87,144,003207,68,,No seleccionado,,Consultar
1,Licenciatura 2026,107,10704005,INGENIERIA CIVIL,FES ARAGÓN,Escolarizado,https://www.dgae.unam.mx/Licenciatura2026/resultados/1/10704005.html,142,777,662,87,144,003343,37,,No seleccionado,,Consultar
1,Licenciatura 2026,107,10704005,INGENIERIA CIVIL,FES ARAGÓN,Escolarizado,https://www.dgae.unam.mx/Licenciatura2026/resultados/1/10704005.html,142,777,662,87,144,003399,111,S,Seleccionado,Cita para entregar documentación.,Consultar
1,Licenciatura 2026,107,10704005,INGENIERIA CIVIL,FES ARAGÓN,Escolarizado,https://www.dgae.unam.mx/Licenciatura2026/resultados/1/10704005.html,142,777,662,87,144,003405,76,,No seleccionado,,Consultar
1,Licenciatura 2026,107,10704005,INGENIERIA CIVIL,FES ARAGÓN,Escolarizado,https://www.dgae.unam.mx/Licenciatura2026/resultados/1/10704005.html,142,777,662,87,144,003566,57,,No seleccionado,,Consultar
1,Licenciatura 2026,107,10704005,INGENIERIA CIVIL,FES ARAGÓN,Escolarizado,https://www.dgae.unam.mx/Licenciatura2026/resultados/1/10704005.html,142,777,662,87,144,003590,47,,No seleccionado,,Consultar
1,Licenciatura 2026,107,10704005,INGENIERIA CIVIL,FES ARAGÓN,Escolarizado,https://www.dgae.unam.mx/Licenciatura2026/resultados/1/10704005.html,142,777,662,87,144,003608,36,,No seleccionado,,Consultar
1,Licenciatura 2026,107,10704005,INGENIERIA CIVIL,FES ARAGÓN,Escolarizado,https://www.dgae.unam.mx/Licenciatura2026/resultados/1/10704005.html,142,777,662,87,144,003619,66,,No seleccionado,,Consultar
1,Licenciatura 2026,107,10704005,INGENIERIA CIVIL,FES ARAGÓN,Escolarizado,https://www.dgae.unam.mx/Licenciatura2026/resultados/1/10704005.html,142,777,662,87,144,003625,,N,No presentado,,Consultar
1,Licenciatura 2026,107,10704005,INGENIERIA CIVIL,FES ARAGÓN,Escolarizado,https://www.dgae.unam.mx/Licenciatura2026/resultados/1/10704005.html,142,777,662,87,144,003639,,N,No presentado,,Consultar
1,Licenciatura 2026,107,10704005,INGENIERIA CIVIL,FES ARAGÓN,Escolarizado,https://www.dgae.unam.mx/Licenciatura2026/resultados/1/10704005.html,142,777,662,87,144,003691,64,,No seleccionado,,Consultar
1,Licenciatura 2026,107,10704005,INGENIERIA CIVIL,FES ARAGÓN,Escolarizado,https://www.dgae.unam.mx/Licenciatura2026/resultados/1/10704005.html,142,777,662,87,144,003692,45,,No seleccionado,,Consultar
1,Licenciatura 2026,107,10704005,INGENIERIA CIVIL,FES ARAGÓN,Escolarizado,https://www.dgae.unam.mx/Licenciatura2026/resultados/1/10704005.html,142,777,662,87,144,003745,104,S,Seleccionado,Cita para entregar documentación.,Consultar
1,Licenciatura 2026,107,10704005,INGENIERIA CIVIL,FES ARAGÓN,Escolarizado,https://www.dgae.unam.mx/Licenciatura2026/resultados/1/10704005.html,142,777,662,87,144,003748,72,,No seleccionado,,Consultar
1,Licenciatura 2026,107,10704005,INGENIERIA CIVIL,FES ARAGÓN,Escolarizado,https://www.dgae.unam.mx/Licenciatura2026/resultados/1/10704005.html,142,777,662,87,144,003760,44,,No seleccionado,,Consultar
1,Licenciatura 2026,107,10704005,INGENIERIA CIVIL,FES ARAGÓN,Escolarizado,https://www.dgae.unam.mx/Licenciatura2026/resultados/1/10704005.html,142,777,662,87,144,003827,54,,No seleccionado,,Consultar
1,Licenciatura 2026,107,10704005,INGENIERIA CIVIL,FES ARAGÓN,Escolarizado,https://www.dgae.unam.mx/Licenciatura2026/resultados/1/10704005.html,142,777,662,87,144,003840,87,S,Seleccionado,Cita para entregar documentación.,Consultar
1,Licenciatura 2026,107,10704005,INGENIERIA CIVIL,FES ARAGÓN,Escolarizado,https://www.dgae.unam.mx/Licenciatura2026/resultados/1/10704005.html,142,777,662,87,144,003891,82,,No seleccionado,,Consultar
1,Licenciatura 2026,107,10704005,INGENIERIA CIVIL,FES ARAGÓN,Escolarizado,https://www.dgae.unam.mx/Licenciatura2026/resultados/1/10704005.html,142,777,662,87,144,003936,60,,No seleccionado,,Consultar
1,Licenciatura 2026,107,10704005,INGENIERIA CIVIL,FES ARAGÓN,Escolarizado,https://www.dgae.unam.mx/Licenciatura2026/resultados/1/10704005.html,142,777,662,87,144,003978,53,,No seleccionado,,Consultar
1,Licenciatura 2026,107,10704005,INGENIERIA CIVIL,FES ARAGÓN,Escolarizado,https://www.dgae.unam.mx/Licenciatura2026/resultados/1/10704005.html,142,777,662,87,144,004032,40,,No seleccionado,,Consultar
1,Licenciatura 2026,107,10704005,INGENIERIA CIVIL,FES ARAGÓN,Escolarizado,https://www.dgae.unam.mx/Licenciatura2026/resultados/1/10704005.html,142,777,662,87,144,004086,37,,No seleccionado,,Consultar
1,Licenciatura 2026,107,10704005,INGENIERIA CIVIL,FES ARAGÓN,Escolarizado,https://www.dgae.unam.mx/Licenciatura2026/resultados/1/10704005.html,142,777,662,87,144,004131,69,,No seleccionado,,Consultar
1,Licenciatura 2026,107,10704005,INGENIERIA CIVIL,FES ARAGÓN,Escolarizado,https://www.dgae.unam.mx/Licenciatura2026/resultados/1/10704005.html,142,777,662,87,144,004158,71,,No seleccionado,,Consultar
1,Licenciatura 2026,107,10704005,INGENIERIA CIVIL,FES ARAGÓN,Escolarizado,https://www.dgae.unam.mx/Licenciatura2026/resultados/1/10704005.html,142,777,662,87,144,004170,87,S,Seleccionado,Cita para entregar documentación.,Consultar
1,Licenciatura 2026,107,10704005,INGENIERIA CIVIL,FES ARAGÓN,Escolarizado,https://www.dgae.unam.mx/Licenciatura2026/resultados/1/10704005.html,142,777,662,87,144,004264,66,,No seleccionado,,Consultar
1,Licenciatura 2026,107,10704005,INGENIERIA CIVIL,FES ARAGÓN,Escolarizado,https://www.dgae.unam.mx/Licenciatura2026/resultados/1/10704005.html,142,777,662,87,144,004275,98,S,Seleccionado,Cita para entregar documentación.,Consultar
1,Licenciatura 2026,107,10704005,INGENIERIA CIVIL,FES ARAGÓN,Escolarizado,https://www.dgae.unam.mx/Licenciatura2026/resultados/1/10704005.html,142,777,662,87,144,004297,91,S,Seleccionado,,Consultar
1,Licenciatura 2026,107,10704005,INGENIERIA CIVIL,FES ARAGÓN,Escolarizado,https://www.dgae.unam.mx/Licenciatura2026/resultados/1/10704005.html,142,777,662,87,144,004323,,N,No presentado,,Consultar
1,Licenciatura 2026,107,10704005,INGENIERIA CIVIL,FES ARAGÓN,Escolarizado,https://www.dgae.unam.mx/Licenciatura2026/resultados/1/10704005.html,142,777,662,87,144,004351,82,,No seleccionado,,Consultar
1,Licenciatura 2026,107,10704005,INGENIERIA CIVIL,FES ARAGÓN,Escolarizado,https://www.dgae.unam.mx/Licenciatura2026/resultados/1/10704005.html,142,777,662,87,144,004370,58,,No seleccionado,,Consultar
1,Licenciatura 2026,107,10704005,INGENIERIA CIVIL,FES ARAGÓN,Escolarizado,https://www.dgae.unam.mx/Licenciatura2026/resultados/1/10704005.html,142,777,662,87,144,004385,86,,No seleccionado,,Consultar
1,Licenciatura 2026,107,10704005,INGENIERIA CIVIL,FES ARAGÓN,Escolarizado,https://www.dgae.unam.mx/Licenciatura2026/resultados/1/10704005.html,142,777,662,87,144,004416,80,,No seleccionado,,Consultar
1,Licenciatura 2026,107,10704005,INGENIERIA CIVIL,FES ARAGÓN,Escolarizado,https://www.dgae.unam.mx/Licenciatura2026/resultados/1/10704005.html,142,777,662,87,144,004434,,N,No presentado,,Consultar
1,Licenciatura 2026,107,10704005,INGENIERIA CIVIL,FES ARAGÓN,Escolarizado,https://www.dgae.unam.mx/Licenciatura2026/resultados/1/10704005.html,142,777,662,87,144,004470,78,,No seleccionado,,Consultar
1,Licenciatura 2026,107,10704005,INGENIERIA CIVIL,FES ARAGÓN,Escolarizado,https://www.dgae.unam.mx/Licenciatura2026/resultados/1/10704005.html,142,777,662,87,144,004567,51,,No seleccionado,,Consultar
1,Licenciatura 2026,107,10704005,INGENIERIA CIVIL,FES ARAGÓN,Escolarizado,https://www.dgae.unam.mx/Licenciatura2026/resultados/1/10704005.html,142,777,662,87,144,004655,64,,No seleccionado,,Consultar
1,Licenciatura 2026,107,10704005,INGENIERIA CIVIL,FES ARAGÓN,Escolarizado,https://www.dgae.unam.mx/Licenciatura2026/resultados/1/10704005.html,142,777,662,87,144,004704,,N,No presentado,,Consultar
1,Licenciatura 2026,107,10704005,INGENIERIA CIVIL,FES ARAGÓN,Escolarizado,https://www.dgae.unam.mx/Licenciatura2026/resultados/1/10704005.html,142,777,662,87,144,004735,72,,No seleccionado,,Consultar
1,Licenciatura 2026,107,10704005,INGENIERIA CIVIL,FES ARAGÓN,Escolarizado,https://www.dgae.unam.mx/Licenciatura2026/resultados/1/10704005.html,142,777,662,87,144,004754,66,,No seleccionado,,Consultar
1,Licenciatura 2026,107,10704005,INGENIERIA CIVIL,FES ARAGÓN,Escolarizado,https://www.dgae.unam.mx/Licenciatura2026/resultados/1/10704005.html,142,777,662,87,144,004789,,N,No presentado,,Consultar
1,Licenciatura 2026,107,10704005,INGENIERIA CIVIL,FES ARAGÓN,Escolarizado,https://www.dgae.unam.mx/Licenciatura2026/resultados/1/10704005.html,142,777,662,87,144,004884,42,,No seleccionado,,Consultar
1,Licenciatura 2026,107,10704005,INGENIERIA CIVIL,FES ARAGÓN,Escolarizado,https://www.dgae.unam.mx/Licenciatura2026/resultados/1/10704005.html,142,777,662,87,144,004903,90,S,Seleccionado,Cita para entregar documentación.,Consultar
1,Licenciatura 2026,107,10704005,INGENIERIA CIVIL,FES ARAGÓN,Escolarizado,https://www.dgae.unam.mx/Licenciatura2026/resultados/1/10704005.html,142,777,662,87,144,004926,60,,No seleccionado,,Consultar
1,Licenciatura 2026,107,10704005,INGENIERIA CIVIL,FES ARAGÓN,Escolarizado,https://www.dgae.unam.mx/Licenciatura2026/resultados/1/10704005.html,142,777,662,87,144,005018,75,,No seleccionado,,Consultar
1,Licenciatura 2026,107,10704005,INGENIERIA CIVIL,FES ARAGÓN,Escolarizado,https://www.dgae.unam.mx/Licenciatura2026/resultados/1/10704005.html,142,777,662,87,144,005100,33,,No seleccionado,,Consultar
1,Licenciatura 2026,107,10704005,INGENIERIA CIVIL,FES ARAGÓN,Escolarizado,https://www.dgae.unam.mx/Licenciatura2026/resultados/1/10704005.html,142,777,662,87,144,005102,,N,No presentado,,Consultar
1,Licenciatura 2026,107,10704005,INGENIERIA CIVIL,FES ARAGÓN,Escolarizado,https://www.dgae.unam.mx/Licenciatura2026/resultados/1/10704005.html,142,777,662,87,144,005117,36,,No seleccionado,,Consultar
1,Licenciatura 2026,107,10704005,INGENIERIA CIVIL,FES ARAGÓN,Escolarizado,https://www.dgae.unam.mx/Licenciatura2026/resultados/1/10704005.html,142,777,662,87,144,005131,88,S,Seleccionado,,Consultar
1,Licenciatura 2026,107,10704005,INGENIERIA CIVIL,FES ARAGÓN,Escolarizado,https://www.dgae.unam.mx/Licenciatura2026/resultados/1/10704005.html,142,777,662,87,144,005145,104,S,Seleccionado,Cita para entregar documentación.,Consultar
1,Licenciatura 2026,107,10704005,INGENIERIA CIVIL,FES ARAGÓN,Escolarizado,https://www.dgae.unam.mx/Licenciatura2026/resultados/1/10704005.html,142,777,662,87,144,005147,50,,No seleccionado,,Consultar
1,Licenciatura 2026,107,10704005,INGENIERIA CIVIL,FES ARAGÓN,Escolarizado,https://www.dgae.unam.mx/Licenciatura2026/resultados/1/10704005.html,142,777,662,87,144,005190,105,S,Seleccionado,Cita para entregar documentación.,Consultar
1,Licenciatura 2026,107,10704005,INGENIERIA CIVIL,FES ARAGÓN,Escolarizado,https://www.dgae.unam.mx/Licenciatura2026/resultados/1/10704005.html,142,777,662,87,144,005210,,N,No presentado,,Consultar
1,Licenciatura 2026,107,10704005,INGENIERIA CIVIL,FES ARAGÓN,Escolarizado,https://www.dgae.unam.mx/Licenciatura2026/resultados/1/10704005.html,142,777,662,87,144,005278,98,S,Seleccionado,Cita para entregar documentación.,Consultar
1,Licenciatura 2026,107,10704005,INGENIERIA CIVIL,FES ARAGÓN,Escolarizado,https://www.dgae.unam.mx/Licenciatura2026/resultados/1/10704005.html,142,777,662,87,144,005321,,N,No presentado,,Consultar
1,Licenciatura 2026,107,10704005,INGENIERIA CIVIL,FES ARAGÓN,Escolarizado,https://www.dgae.unam.mx/Licenciatura2026/resultados/1/10704005.html,142,777,662,87,144,005341,37,,No seleccionado,,Consultar
1,Licenciatura 2026,107,10704005,INGENIERIA CIVIL,FES ARAGÓN,Escolarizado,https://www.dgae.unam.mx/Licenciatura2026/resultados/1/10704005.html,142,777,662,87,144,005365,,N,No presentado,,Consultar
1,Licenciatura 2026,107,10704005,INGENIERIA CIVIL,FES ARAGÓN,Escolarizado,https://www.dgae.unam.mx/Licenciatura2026/resultados/1/10704005.html,142,777,662,87,144,005370,65,,No seleccionado,,Consultar
1,Licenciatura 2026,107,10704005,INGENIERIA CIVIL,FES ARAGÓN,Escolarizado,https://www.dgae.unam.mx/Licenciatura2026/resultados/1/10704005.html,142,777,662,87,144,005407,86,,No seleccionado,,Consultar
1,Licenciatura 2026,107,10704005,INGENIERIA CIVIL,FES ARAGÓN,Escolarizado,https://www.dgae.unam.mx/Licenciatura2026/resultados/1/10704005.html,142,777,662,87,144,005423,46,,No seleccionado,,Consultar
1,Licenciatura 2026,107,10704005,INGENIERIA CIVIL,FES ARAGÓN,Escolarizado,https://www.dgae.unam.mx/Licenciatura2026/resultados/1/10704005.html,142,777,662,87,144,005428,62,,No seleccionado,,Consultar
1,Licenciatura 2026,107,10704005,INGENIERIA CIVIL,FES ARAGÓN,Escolarizado,https://www.dgae.unam.mx/Licenciatura2026/resultados/1/10704005.html,142,777,662,87,144,005437,50,,No seleccionado,,Consultar
1,Licenciatura 2026,107,10704005,INGENIERIA CIVIL,FES ARAGÓN,Escolarizado,https://www.dgae.unam.mx/Licenciatura2026/resultados/1/10704005.html,142,777,662,87,144,005446,91,S,Seleccionado,Cita para entregar documentación.,Consultar
1,Licenciatura 2026,107,10704005,INGENIERIA CIVIL,FES ARAGÓN,Escolarizado,https://www.dgae.unam.mx/Licenciatura2026/resultados/1/10704005.html,142,777,662,87,144,005485,97,S,Seleccionado,Cita para entregar documentación.,Consultar
1,Licenciatura 2026,107,10704005,INGENIERIA CIVIL,FES ARAGÓN,Escolarizado,https://www.dgae.unam.mx/Licenciatura2026/resultados/1/10704005.html,142,777,662,87,144,005525,23,,No seleccionado,,Consultar
1,Licenciatura 2026,107,10704005,INGENIERIA CIVIL,FES ARAGÓN,Escolarizado,https://www.dgae.unam.mx/Licenciatura2026/resultados/1/10704005.html,142,777,662,87,144,005533,33,,No seleccionado,,Consultar
1,Licenciatura 2026,107,10704005,INGENIERIA CIVIL,FES ARAGÓN,Escolarizado,https://www.dgae.unam.mx/Licenciatura2026/resultados/1/10704005.html,142,777,662,87,144,005560,99,S,Seleccionado,Cita para entregar documentación.,Consultar
1,Licenciatura 2026,107,10704005,INGENIERIA CIVIL,FES ARAGÓN,Escolarizado,https://www.dgae.unam.mx/Licenciatura2026/resultados/1/10704005.html,142,777,662,87,144,005571,113,S,Seleccionado,Cita para entregar documentación.,Consultar
1,Licenciatura 2026,107,10704005,INGENIERIA CIVIL,FES ARAGÓN,Escolarizado,https://www.dgae.unam.mx/Licenciatura2026/resultados/1/10704005.html,142,777,662,87,144,005587,79,,No seleccionado,,Consultar
1,Licenciatura 2026,107,10704005,INGENIERIA CIVIL,FES ARAGÓN,Escolarizado,https://www.dgae.unam.mx/Licenciatura2026/resultados/1/10704005.html,142,777,662,87,144,005597,92,S,Seleccionado,Cita para entregar documentación.,Consultar
1,Licenciatura 2026,107,10704005,INGENIERIA CIVIL,FES ARAGÓN,Escolarizado,https://www.dgae.unam.mx/Licenciatura2026/resultados/1/10704005.html,142,777,662,87,144,005613,,N,No presentado,,Consultar
1,Licenciatura 2026,107,10704005,INGENIERIA CIVIL,FES ARAGÓN,Escolarizado,https://www.dgae.unam.mx/Licenciatura2026/resultados/1/10704005.html,142,777,662,87,144,005656,97,S,Seleccionado,Cita para entregar documentación.,Consultar
1,Licenciatura 2026,107,10704005,INGENIERIA CIVIL,FES ARAGÓN,Escolarizado,https://www.dgae.unam.mx/Licenciatura2026/resultados/1/10704005.html,142,777,662,87,144,005756,57,,No seleccionado,,Consultar
1,Licenciatura 2026,107,10704005,INGENIERIA CIVIL,FES ARAGÓN,Escolarizado,https://www.dgae.unam.mx/Licenciatura2026/resultados/1/10704005.html,142,777,662,87,144,005773,78,,No seleccionado,,Consultar
1,Licenciatura 2026,107,10704005,INGENIERIA CIVIL,FES ARAGÓN,Escolarizado,https://www.dgae.unam.mx/Licenciatura2026/resultados/1/10704005.html,142,777,662,87,144,005781,,N,No presentado,,Consultar
1,Licenciatura 2026,107,10704005,INGENIERIA CIVIL,FES ARAGÓN,Escolarizado,https://www.dgae.unam.mx/Licenciatura2026/resultados/1/10704005.html,142,777,662,87,144,005848,75,,No seleccionado,,Consultar
1,Licenciatura 2026,107,10704005,INGENIERIA CIVIL,FES ARAGÓN,Escolarizado,https://www.dgae.unam.mx/Licenciatura2026/resultados/1/10704005.html,142,777,662,87,144,005861,28,,No seleccionado,,Consultar
1,Licenciatura 2026,107,10704005,INGENIERIA CIVIL,FES ARAGÓN,Escolarizado,https://www.dgae.unam.mx/Licenciatura2026/resultados/1/10704005.html,142,777,662,87,144,005867,74,,No seleccionado,,Consultar
1,Licenciatura 2026,107,10704005,INGENIERIA CIVIL,FES ARAGÓN,Escolarizado,https://www.dgae.unam.mx/Licenciatura2026/resultados/1/10704005.html,142,777,662,87,144,005950,,N,No presentado,,Consultar
1,Licenciatura 2026,107,10704005,INGENIERIA CIVIL,FES ARAGÓN,Escolarizado,https://www.dgae.unam.mx/Licenciatura2026/resultados/1/10704005.html,142,777,662,87,144,006090,44,,No seleccionado,,Consultar
1,Licenciatura 2026,107,10704005,INGENIERIA CIVIL,FES ARAGÓN,Escolarizado,https://www.dgae.unam.mx/Licenciatura2026/resultados/1/10704005.html,142,777,662,87,144,006112,76,,No seleccionado,,Consultar
1,Licenciatura 2026,107,10704005,INGENIERIA CIVIL,FES ARAGÓN,Escolarizado,https://www.dgae.unam.mx/Licenciatura2026/resultados/1/10704005.html,142,777,662,87,144,006144,90,S,Seleccionado,Cita para entregar documentación.,Consultar
1,Licenciatura 2026,107,10704005,INGENIERIA CIVIL,FES ARAGÓN,Escolarizado,https://www.dgae.unam.mx/Licenciatura2026/resultados/1/10704005.html,142,777,662,87,144,006166,39,,No seleccionado,,Consultar
1,Licenciatura 2026,107,10704005,INGENIERIA CIVIL,FES ARAGÓN,Escolarizado,https://www.dgae.unam.mx/Licenciatura2026/resultados/1/10704005.html,142,777,662,87,144,006230,35,,No seleccionado,,Consultar
1,Licenciatura 2026,107,10704005,INGENIERIA CIVIL,FES ARAGÓN,Escolarizado,https://www.dgae.unam.mx/Licenciatura2026/resultados/1/10704005.html,142,777,662,87,144,006371,108,S,Seleccionado,Cita para entregar documentación.,Consultar
1,Licenciatura 2026,107,10704005,INGENIERIA CIVIL,FES ARAGÓN,Escolarizado,https://www.dgae.unam.mx/Licenciatura2026/resultados/1/10704005.html,142,777,662,87,144,006424,91,S,Seleccionado,Cita para entregar documentación.,Consultar
1,Licenciatura 2026,107,10704005,INGENIERIA CIVIL,FES ARAGÓN,Escolarizado,https://www.dgae.unam.mx/Licenciatura2026/resultados/1/10704005.html,142,777,662,87,144,006429,48,,No seleccionado,,Consultar
1,Licenciatura 2026,107,10704005,INGENIERIA CIVIL,FES ARAGÓN,Escolarizado,https://www.dgae.unam.mx/Licenciatura2026/resultados/1/10704005.html,142,777,662,87,144,006473,35,,No seleccionado,,Consultar
1,Licenciatura 2026,107,10704005,INGENIERIA CIVIL,FES ARAGÓN,Escolarizado,https://www.dgae.unam.mx/Licenciatura2026/resultados/1/10704005.html,142,777,662,87,144,006514,76,,No seleccionado,,Consultar
1,Licenciatura 2026,107,10704005,INGENIERIA CIVIL,FES ARAGÓN,Escolarizado,https://www.dgae.unam.mx/Licenciatura2026/resultados/1/10704005.html,142,777,662,87,144,006537,41,,No seleccionado,,Consultar
1,Licenciatura 2026,107,10704005,INGENIERIA CIVIL,FES ARAGÓN,Escolarizado,https://www.dgae.unam.mx/Licenciatura2026/resultados/1/10704005.html,142,777,662,87,144,006538,77,,No seleccionado,,Consultar
1,Licenciatura 2026,107,10704005,INGENIERIA CIVIL,FES ARAGÓN,Escolarizado,https://www.dgae.unam.mx/Licenciatura2026/resultados/1/10704005.html,142,777,662,87,144,006565,94,S,Seleccionado,Cita para entregar documentación.,Consultar
1,Licenciatura 2026,107,10704005,INGENIERIA CIVIL,FES ARAGÓN,Escolarizado,https://www.dgae.unam.mx/Licenciatura2026/resultados/1/10704005.html,142,777,662,87,144,006602,53,,No seleccionado,,Consultar
1,Licenciatura 2026,107,10704005,INGENIERIA CIVIL,FES ARAGÓN,Escolarizado,https://www.dgae.unam.mx/Licenciatura2026/resultados/1/10704005.html,142,777,662,87,144,006611,35,,No seleccionado,,Consultar
1,Licenciatura 2026,107,10704005,INGENIERIA CIVIL,FES ARAGÓN,Escolarizado,https://www.dgae.unam.mx/Licenciatura2026/resultados/1/10704005.html,142,777,662,87,144,006643,40,,No seleccionado,,Consultar
1,Licenciatura 2026,107,10704005,INGENIERIA CIVIL,FES ARAGÓN,Escolarizado,https://www.dgae.unam.mx/Licenciatura2026/resultados/1/10704005.html,142,777,662,87,144,006740,78,,No seleccionado,,Consultar
1,Licenciatura 2026,107,10704005,INGENIERIA CIVIL,FES ARAGÓN,Escolarizado,https://www.dgae.unam.mx/Licenciatura2026/resultados/1/10704005.html,142,777,662,87,144,006783,90,S,Seleccionado,Cita para entregar documentación.,Consultar
1,Licenciatura 2026,107,10704005,INGENIERIA CIVIL,FES ARAGÓN,Escolarizado,https://www.dgae.unam.mx/Licenciatura2026/resultados/1/10704005.html,142,777,662,87,144,006800,64,,No seleccionado,,Consultar
1,Licenciatura 2026,107,10704005,INGENIERIA CIVIL,FES ARAGÓN,Escolarizado,https://www.dgae.unam.mx/Licenciatura2026/resultados/1/10704005.html,142,777,662,87,144,006917,106,S,Seleccionado,Cita para entregar documentación.,Consultar
1,Licenciatura 2026,107,10704005,INGENIERIA CIVIL,FES ARAGÓN,Escolarizado,https://www.dgae.unam.mx/Licenciatura2026/resultados/1/10704005.html,142,777,662,87,144,006920,59,,No seleccionado,,Consultar
1,Licenciatura 2026,107,10704005,INGENIERIA CIVIL,FES ARAGÓN,Escolarizado,https://www.dgae.unam.mx/Licenciatura2026/resultados/1/10704005.html,142,777,662,87,144,006948,53,,No seleccionado,,Consultar
1,Licenciatura 2026,107,10704005,INGENIERIA CIVIL,FES ARAGÓN,Escolarizado,https://www.dgae.unam.mx/Licenciatura2026/resultados/1/10704005.html,142,777,662,87,144,007024,65,,No seleccionado,,Consultar
1,Licenciatura 2026,107,10704005,INGENIERIA CIVIL,FES ARAGÓN,Escolarizado,https://www.dgae.unam.mx/Licenciatura2026/resultados/1/10704005.html,142,777,662,87,144,007114,48,,No seleccionado,,Consultar
1,Licenciatura 2026,107,10704005,INGENIERIA CIVIL,FES ARAGÓN,Escolarizado,https://www.dgae.unam.mx/Licenciatura2026/resultados/1/10704005.html,142,777,662,87,144,007115,56,,No seleccionado,,Consultar
1,Licenciatura 2026,107,10704005,INGENIERIA CIVIL,FES ARAGÓN,Escolarizado,https://www.dgae.unam.mx/Licenciatura2026/resultados/1/10704005.html,142,777,662,87,144,007139,74,,No seleccionado,,Consultar
1,Licenciatura 2026,107,10704005,INGENIERIA CIVIL,FES ARAGÓN,Escolarizado,https://www.dgae.unam.mx/Licenciatura2026/resultados/1/10704005.html,142,777,662,87,144,007153,,N,No presentado,,Consultar
1,Licenciatura 2026,107,10704005,INGENIERIA CIVIL,FES ARAGÓN,Escolarizado,https://www.dgae.unam.mx/Licenciatura2026/resultados/1/10704005.html,142,777,662,87,144,007162,72,,No seleccionado,,Consultar
1,Licenciatura 2026,107,10704005,INGENIERIA CIVIL,FES ARAGÓN,Escolarizado,https://www.dgae.unam.mx/Licenciatura2026/resultados/1/10704005.html,142,777,662,87,144,007189,86,,No seleccionado,,Consultar
1,Licenciatura 2026,107,10704005,INGENIERIA CIVIL,FES ARAGÓN,Escolarizado,https://www.dgae.unam.mx/Licenciatura2026/resultados/1/10704005.html,142,777,662,87,144,007239,46,,No seleccionado,,Consultar
1,Licenciatura 2026,107,10704005,INGENIERIA CIVIL,FES ARAGÓN,Escolarizado,https://www.dgae.unam.mx/Licenciatura2026/resultados/1/10704005.html,142,777,662,87,144,007365,72,,No seleccionado,,Consultar
1,Licenciatura 2026,107,10704005,INGENIERIA CIVIL,FES ARAGÓN,Escolarizado,https://www.dgae.unam.mx/Licenciatura2026/resultados/1/10704005.html,142,777,662,87,144,007369,57,,No seleccionado,,Consultar
1,Licenciatura 2026,107,10704005,INGENIERIA CIVIL,FES ARAGÓN,Escolarizado,https://www.dgae.unam.mx/Licenciatura2026/resultados/1/10704005.html,142,777,662,87,144,007374,,N,No presentado,,Consultar
1,Licenciatura 2026,107,10704005,INGENIERIA CIVIL,FES ARAGÓN,Escolarizado,https://www.dgae.unam.mx/Licenciatura2026/resultados/1/10704005.html,142,777,662,87,144,007379,38,,No seleccionado,,Consultar
1,Licenciatura 2026,107,10704005,INGENIERIA CIVIL,FES ARAGÓN,Escolarizado,https://www.dgae.unam.mx/Licenciatura2026/resultados/1/10704005.html,142,777,662,87,144,007429,72,,No seleccionado,,Consultar
1,Licenciatura 2026,107,10704005,INGENIERIA CIVIL,FES ARAGÓN,Escolarizado,https://www.dgae.unam.mx/Licenciatura2026/resultados/1/10704005.html,142,777,662,87,144,007443,98,S,Seleccionado,Cita para entregar documentación.,Consultar
1,Licenciatura 2026,107,10704005,INGENIERIA CIVIL,FES ARAGÓN,Escolarizado,https://www.dgae.unam.mx/Licenciatura2026/resultados/1/10704005.html,142,777,662,87,144,007477,72,,No seleccionado,,Consultar
1,Licenciatura 2026,107,10704005,INGENIERIA CIVIL,FES ARAGÓN,Escolarizado,https://www.dgae.unam.mx/Licenciatura2026/resultados/1/10704005.html,142,777,662,87,144,007478,95,S,Seleccionado,Cita para entregar documentación.,Consultar
1,Licenciatura 2026,107,10704005,INGENIERIA CIVIL,FES ARAGÓN,Escolarizado,https://www.dgae.unam.mx/Licenciatura2026/resultados/1/10704005.html,142,777,662,87,144,007520,76,,No seleccionado,,Consultar
1,Licenciatura 2026,107,10704005,INGENIERIA CIVIL,FES ARAGÓN,Escolarizado,https://www.dgae.unam.mx/Licenciatura2026/resultados/1/10704005.html,142,777,662,87,144,007617,65,,No seleccionado,,Consultar
1,Licenciatura 2026,107,10704005,INGENIERIA CIVIL,FES ARAGÓN,Escolarizado,https://www.dgae.unam.mx/Licenciatura2026/resultados/1/10704005.html,142,777,662,87,144,007626,45,,No seleccionado,,Consultar
1,Licenciatura 2026,107,10704005,INGENIERIA CIVIL,FES ARAGÓN,Escolarizado,https://www.dgae.unam.mx/Licenciatura2026/resultados/1/10704005.html,142,777,662,87,144,007659,47,,No seleccionado,,Consultar
1,Licenciatura 2026,107,10704005,INGENIERIA CIVIL,FES ARAGÓN,Escolarizado,https://www.dgae.unam.mx/Licenciatura2026/resultados/1/10704005.html,142,777,662,87,144,007759,63,,No seleccionado,,Consultar
1,Licenciatura 2026,107,10704005,INGENIERIA CIVIL,FES ARAGÓN,Escolarizado,https://www.dgae.unam.mx/Licenciatura2026/resultados/1/10704005.html,142,777,662,87,144,007832,,N,No presentado,,Consultar
1,Licenciatura 2026,107,10704005,INGENIERIA CIVIL,FES ARAGÓN,Escolarizado,https://www.dgae.unam.mx/Licenciatura2026/resultados/1/10704005.html,142,777,662,87,144,007874,62,,No seleccionado,,Consultar
1,Licenciatura 2026,107,10704005,INGENIERIA CIVIL,FES ARAGÓN,Escolarizado,https://www.dgae.unam.mx/Licenciatura2026/resultados/1/10704005.html,142,777,662,87,144,007888,46,,No seleccionado,,Consultar
1,Licenciatura 2026,107,10704005,INGENIERIA CIVIL,FES ARAGÓN,Escolarizado,https://www.dgae.unam.mx/Licenciatura2026/resultados/1/10704005.html,142,777,662,87,144,007894,80,,No seleccionado,,Consultar
1,Licenciatura 2026,107,10704005,INGENIERIA CIVIL,FES ARAGÓN,Escolarizado,https://www.dgae.unam.mx/Licenciatura2026/resultados/1/10704005.html,142,777,662,87,144,007913,95,S,Seleccionado,Cita para entregar documentación.,Consultar
1,Licenciatura 2026,107,10704005,INGENIERIA CIVIL,FES ARAGÓN,Escolarizado,https://www.dgae.unam.mx/Licenciatura2026/resultados/1/10704005.html,142,777,662,87,144,007954,72,,No seleccionado,,Consultar
1,Licenciatura 2026,107,10704005,INGENIERIA CIVIL,FES ARAGÓN,Escolarizado,https://www.dgae.unam.mx/Licenciatura2026/resultados/1/10704005.html,142,777,662,87,144,007968,46,,No seleccionado,,Consultar
1,Licenciatura 2026,107,10704005,INGENIERIA CIVIL,FES ARAGÓN,Escolarizado,https://www.dgae.unam.mx/Licenciatura2026/resultados/1/10704005.html,142,777,662,87,144,007996,48,,No seleccionado,,Consultar
1,Licenciatura 2026,107,10704005,INGENIERIA CIVIL,FES ARAGÓN,Escolarizado,https://www.dgae.unam.mx/Licenciatura2026/resultados/1/10704005.html,142,777,662,87,144,008014,98,S,Seleccionado,Cita para entregar documentación.,Consultar
1,Licenciatura 2026,107,10704005,INGENIERIA CIVIL,FES ARAGÓN,Escolarizado,https://www.dgae.unam.mx/Licenciatura2026/resultados/1/10704005.html,142,777,662,87,144,008015,66,,No seleccionado,,Consultar
1,Licenciatura 2026,107,10704005,INGENIERIA CIVIL,FES ARAGÓN,Escolarizado,https://www.dgae.unam.mx/Licenciatura2026/resultados/1/10704005.html,142,777,662,87,144,008017,90,S,Seleccionado,Cita para entregar documentación.,Consultar
1,Licenciatura 2026,107,10704005,INGENIERIA CIVIL,FES ARAGÓN,Escolarizado,https://www.dgae.unam.mx/Licenciatura2026/resultados/1/10704005.html,142,777,662,87,144,008032,55,,No seleccionado,,Consultar
1,Licenciatura 2026,107,10704005,INGENIERIA CIVIL,FES ARAGÓN,Escolarizado,https://www.dgae.unam.mx/Licenciatura2026/resultados/1/10704005.html,142,777,662,87,144,008042,77,,No seleccionado,,Consultar
1,Licenciatura 2026,107,10704005,INGENIERIA CIVIL,FES ARAGÓN,Escolarizado,https://www.dgae.unam.mx/Licenciatura2026/resultados/1/10704005.html,142,777,662,87,144,008107,89,S,Seleccionado,Cita para entregar documentación.,Consultar
1,Licenciatura 2026,107,10704005,INGENIERIA CIVIL,FES ARAGÓN,Escolarizado,https://www.dgae.unam.mx/Licenciatura2026/resultados/1/10704005.html,142,777,662,87,144,008109,55,,No seleccionado,,Consultar
1,Licenciatura 2026,107,10704005,INGENIERIA CIVIL,FES ARAGÓN,Escolarizado,https://www.dgae.unam.mx/Licenciatura2026/resultados/1/10704005.html,142,777,662,87,144,008140,43,,No seleccionado,,Consultar
1,Licenciatura 2026,107,10704005,INGENIERIA CIVIL,FES ARAGÓN,Escolarizado,https://www.dgae.unam.mx/Licenciatura2026/resultados/1/10704005.html,142,777,662,87,144,008155,93,S,Seleccionado,Cita para entregar documentación.,Consultar
1,Licenciatura 2026,107,10704005,INGENIERIA CIVIL,FES ARAGÓN,Escolarizado,https://www.dgae.unam.mx/Licenciatura2026/resultados/1/10704005.html,142,777,662,87,144,008210,86,,No seleccionado,,Consultar
1,Licenciatura 2026,107,10704005,INGENIERIA CIVIL,FES ARAGÓN,Escolarizado,https://www.dgae.unam.mx/Licenciatura2026/resultados/1/10704005.html,142,777,662,87,144,008245,80,,No seleccionado,,Consultar
1,Licenciatura 2026,107,10704005,INGENIERIA CIVIL,FES ARAGÓN,Escolarizado,https://www.dgae.unam.mx/Licenciatura2026/resultados/1/10704005.html,142,777,662,87,144,008305,,N,No presentado,,Consultar
1,Licenciatura 2026,107,10704005,INGENIERIA CIVIL,FES ARAGÓN,Escolarizado,https://www.dgae.unam.mx/Licenciatura2026/resultados/1/10704005.html,142,777,662,87,144,008371,,N,No presentado,,Consultar
1,Licenciatura 2026,107,10704005,INGENIERIA CIVIL,FES ARAGÓN,Escolarizado,https://www.dgae.unam.mx/Licenciatura2026/resultados/1/10704005.html,142,777,662,87,144,008385,99,S,Seleccionado,Cita para entregar documentación.,Consultar
1,Licenciatura 2026,107,10704005,INGENIERIA CIVIL,FES ARAGÓN,Escolarizado,https://www.dgae.unam.mx/Licenciatura2026/resultados/1/10704005.html,142,777,662,87,144,008393,,N,No presentado,,Consultar
1,Licenciatura 2026,107,10704005,INGENIERIA CIVIL,FES ARAGÓN,Escolarizado,https://www.dgae.unam.mx/Licenciatura2026/resultados/1/10704005.html,142,777,662,87,144,008441,58,,No seleccionado,,Consultar
1,Licenciatura 2026,107,10704005,INGENIERIA CIVIL,FES ARAGÓN,Escolarizado,https://www.dgae.unam.mx/Licenciatura2026/resultados/1/10704005.html,142,777,662,87,144,008449,75,,No seleccionado,,Consultar
1,Licenciatura 2026,107,10704005,INGENIERIA CIVIL,FES ARAGÓN,Escolarizado,https://www.dgae.unam.mx/Licenciatura2026/resultados/1/10704005.html,142,777,662,87,144,008487,42,,No seleccionado,,Consultar
1,Licenciatura 2026,107,10704005,INGENIERIA CIVIL,FES ARAGÓN,Escolarizado,https://www.dgae.unam.mx/Licenciatura2026/resultados/1/10704005.html,142,777,662,87,144,008509,82,,No seleccionado,,Consultar
1,Licenciatura 2026,107,10704005,INGENIERIA CIVIL,FES ARAGÓN,Escolarizado,https://www.dgae.unam.mx/Licenciatura2026/resultados/1/10704005.html,142,777,662,87,144,008553,35,,No seleccionado,,Consultar
1,Licenciatura 2026,107,10704005,INGENIERIA CIVIL,FES ARAGÓN,Escolarizado,https://www.dgae.unam.mx/Licenciatura2026/resultados/1/10704005.html,142,777,662,87,144,008575,58,,No seleccionado,,Consultar
1,Licenciatura 2026,107,10704005,INGENIERIA CIVIL,FES ARAGÓN,Escolarizado,https://www.dgae.unam.mx/Licenciatura2026/resultados/1/10704005.html,142,777,662,87,144,008661,112,S,Seleccionado,Cita para entregar documentación.,Consultar
1,Licenciatura 2026,107,10704005,INGENIERIA CIVIL,FES ARAGÓN,Escolarizado,https://www.dgae.unam.mx/Licenciatura2026/resultados/1/10704005.html,142,777,662,87,144,008705,110,S,Seleccionado,Cita para entregar documentación.,Consultar
1,Licenciatura 2026,107,10704005,INGENIERIA CIVIL,FES ARAGÓN,Escolarizado,https://www.dgae.unam.mx/Licenciatura2026/resultados/1/10704005.html,142,777,662,87,144,008765,47,,No seleccionado,,Consultar
1,Licenciatura 2026,107,10704005,INGENIERIA CIVIL,FES ARAGÓN,Escolarizado,https://www.dgae.unam.mx/Licenciatura2026/resultados/1/10704005.html,142,777,662,87,144,008766,,N,No presentado,,Consultar
1,Licenciatura 2026,107,10704005,INGENIERIA CIVIL,FES ARAGÓN,Escolarizado,https://www.dgae.unam.mx/Licenciatura2026/resultados/1/10704005.html,142,777,662,87,144,008769,,N,No presentado,,Consultar
1,Licenciatura 2026,107,10704005,INGENIERIA CIVIL,FES ARAGÓN,Escolarizado,https://www.dgae.unam.mx/Licenciatura2026/resultados/1/10704005.html,142,777,662,87,144,008797,,N,No presentado,,Consultar
1,Licenciatura 2026,107,10704005,INGENIERIA CIVIL,FES ARAGÓN,Escolarizado,https://www.dgae.unam.mx/Licenciatura2026/resultados/1/10704005.html,142,777,662,87,144,008854,54,,No seleccionado,,Consultar
1,Licenciatura 2026,107,10704005,INGENIERIA CIVIL,FES ARAGÓN,Escolarizado,https://www.dgae.unam.mx/Licenciatura2026/resultados/1/10704005.html,142,777,662,87,144,008868,94,S,Seleccionado,Cita para entregar documentación.,Consultar
1,Licenciatura 2026,107,10704005,INGENIERIA CIVIL,FES ARAGÓN,Escolarizado,https://www.dgae.unam.mx/Licenciatura2026/resultados/1/10704005.html,142,777,662,87,144,008998,75,,No seleccionado,,Consultar
1,Licenciatura 2026,107,10704005,INGENIERIA CIVIL,FES ARAGÓN,Escolarizado,https://www.dgae.unam.mx/Licenciatura2026/resultados/1/10704005.html,142,777,662,87,144,009003,99,S,Seleccionado,Cita para entregar documentación.,Consultar
1,Licenciatura 2026,107,10704005,INGENIERIA CIVIL,FES ARAGÓN,Escolarizado,https://www.dgae.unam.mx/Licenciatura2026/resultados/1/10704005.html,142,777,662,87,144,009059,54,,No seleccionado,,Consultar
1,Licenciatura 2026,107,10704005,INGENIERIA CIVIL,FES ARAGÓN,Escolarizado,https://www.dgae.unam.mx/Licenciatura2026/resultados/1/10704005.html,142,777,662,87,144,009112,73,,No seleccionado,,Consultar
1,Licenciatura 2026,107,10704005,INGENIERIA CIVIL,FES ARAGÓN,Escolarizado,https://www.dgae.unam.mx/Licenciatura2026/resultados/1/10704005.html,142,777,662,87,144,009165,36,,No seleccionado,,Consultar
1,Licenciatura 2026,107,10704005,INGENIERIA CIVIL,FES ARAGÓN,Escolarizado,https://www.dgae.unam.mx/Licenciatura2026/resultados/1/10704005.html,142,777,662,87,144,009300,,N,No presentado,,Consultar
1,Licenciatura 2026,107,10704005,INGENIERIA CIVIL,FES ARAGÓN,Escolarizado,https://www.dgae.unam.mx/Licenciatura2026/resultados/1/10704005.html,142,777,662,87,144,009511,84,,No seleccionado,,Consultar
1,Licenciatura 2026,107,10704005,INGENIERIA CIVIL,FES ARAGÓN,Escolarizado,https://www.dgae.unam.mx/Licenciatura2026/resultados/1/10704005.html,142,777,662,87,144,009606,42,,No seleccionado,,Consultar
1,Licenciatura 2026,107,10704005,INGENIERIA CIVIL,FES ARAGÓN,Escolarizado,https://www.dgae.unam.mx/Licenciatura2026/resultados/1/10704005.html,142,777,662,87,144,009652,39,,No seleccionado,,Consultar
1,Licenciatura 2026,107,10704005,INGENIERIA CIVIL,FES ARAGÓN,Escolarizado,https://www.dgae.unam.mx/Licenciatura2026/resultados/1/10704005.html,142,777,662,87,144,009667,79,,No seleccionado,,Consultar
1,Licenciatura 2026,107,10704005,INGENIERIA CIVIL,FES ARAGÓN,Escolarizado,https://www.dgae.unam.mx/Licenciatura2026/resultados/1/10704005.html,142,777,662,87,144,009741,46,,No seleccionado,,Consultar
1,Licenciatura 2026,107,10704005,INGENIERIA CIVIL,FES ARAGÓN,Escolarizado,https://www.dgae.unam.mx/Licenciatura2026/resultados/1/10704005.html,142,777,662,87,144,009813,55,,No seleccionado,,Consultar
1,Licenciatura 2026,107,10704005,INGENIERIA CIVIL,FES ARAGÓN,Escolarizado,https://www.dgae.unam.mx/Licenciatura2026/resultados/1/10704005.html,142,777,662,87,144,009839,73,,No seleccionado,,Consultar
1,Licenciatura 2026,107,10704005,INGENIERIA CIVIL,FES ARAGÓN,Escolarizado,https://www.dgae.unam.mx/Licenciatura2026/resultados/1/10704005.html,142,777,662,87,144,009858,82,,No seleccionado,,Consultar
1,Licenciatura 2026,107,10704005,INGENIERIA CIVIL,FES ARAGÓN,Escolarizado,https://www.dgae.unam.mx/Licenciatura2026/resultados/1/10704005.html,142,777,662,87,144,009873,32,,No seleccionado,,Consultar
1,Licenciatura 2026,107,10704005,INGENIERIA CIVIL,FES ARAGÓN,Escolarizado,https://www.dgae.unam.mx/Licenciatura2026/resultados/1/10704005.html,142,777,662,87,144,010012,64,,No seleccionado,,Consultar
1,Licenciatura 2026,107,10704005,INGENIERIA CIVIL,FES ARAGÓN,Escolarizado,https://www.dgae.unam.mx/Licenciatura2026/resultados/1/10704005.html,142,777,662,87,144,010094,45,,No seleccionado,,Consultar
1,Licenciatura 2026,107,10704005,INGENIERIA CIVIL,FES ARAGÓN,Escolarizado,https://www.dgae.unam.mx/Licenciatura2026/resultados/1/10704005.html,142,777,662,87,144,010106,81,,No seleccionado,,Consultar
1,Licenciatura 2026,107,10704005,INGENIERIA CIVIL,FES ARAGÓN,Escolarizado,https://www.dgae.unam.mx/Licenciatura2026/resultados/1/10704005.html,142,777,662,87,144,010133,38,,No seleccionado,,Consultar
1,Licenciatura 2026,107,10704005,INGENIERIA CIVIL,FES ARAGÓN,Escolarizado,https://www.dgae.unam.mx/Licenciatura2026/resultados/1/10704005.html,142,777,662,87,144,010153,45,,No seleccionado,,Consultar
1,Licenciatura 2026,107,10704005,INGENIERIA CIVIL,FES ARAGÓN,Escolarizado,https://www.dgae.unam.mx/Licenciatura2026/resultados/1/10704005.html,142,777,662,87,144,010216,,C,Cancelado,,Consultar
1,Licenciatura 2026,107,10704005,INGENIERIA CIVIL,FES ARAGÓN,Escolarizado,https://www.dgae.unam.mx/Licenciatura2026/resultados/1/10704005.html,142,777,662,87,144,010222,36,,No seleccionado,,Consultar
1,Licenciatura 2026,107,10704005,INGENIERIA CIVIL,FES ARAGÓN,Escolarizado,https://www.dgae.unam.mx/Licenciatura2026/resultados/1/10704005.html,142,777,662,87,144,010280,63,,No seleccionado,,Consultar
1,Licenciatura 2026,107,10704005,INGENIERIA CIVIL,FES ARAGÓN,Escolarizado,https://www.dgae.unam.mx/Licenciatura2026/resultados/1/10704005.html,142,777,662,87,144,010295,45,,No seleccionado,,Consultar
1,Licenciatura 2026,107,10704005,INGENIERIA CIVIL,FES ARAGÓN,Escolarizado,https://www.dgae.unam.mx/Licenciatura2026/resultados/1/10704005.html,142,777,662,87,144,010313,46,,No seleccionado,,Consultar
1,Licenciatura 2026,107,10704005,INGENIERIA CIVIL,FES ARAGÓN,Escolarizado,https://www.dgae.unam.mx/Licenciatura2026/resultados/1/10704005.html,142,777,662,87,144,010321,46,,No seleccionado,,Consultar
1,Licenciatura 2026,107,10704005,INGENIERIA CIVIL,FES ARAGÓN,Escolarizado,https://www.dgae.unam.mx/Licenciatura2026/resultados/1/10704005.html,142,777,662,87,144,010417,39,,No seleccionado,,Consultar
1,Licenciatura 2026,107,10704005,INGENIERIA CIVIL,FES ARAGÓN,Escolarizado,https://www.dgae.unam.mx/Licenciatura2026/resultados/1/10704005.html,142,777,662,87,144,010459,72,,No seleccionado,,Consultar
1,Licenciatura 2026,107,10704005,INGENIERIA CIVIL,FES ARAGÓN,Escolarizado,https://www.dgae.unam.mx/Licenciatura2026/resultados/1/10704005.html,142,777,662,87,144,010511,45,,No seleccionado,,Consultar
1,Licenciatura 2026,107,10704005,INGENIERIA CIVIL,FES ARAGÓN,Escolarizado,https://www.dgae.unam.mx/Licenciatura2026/resultados/1/10704005.html,142,777,662,87,144,010522,58,,No seleccionado,,Consultar
1,Licenciatura 2026,107,10704005,INGENIERIA CIVIL,FES ARAGÓN,Escolarizado,https://www.dgae.unam.mx/Licenciatura2026/resultados/1/10704005.html,142,777,662,87,144,010585,41,,No seleccionado,,Consultar
1,Licenciatura 2026,107,10704005,INGENIERIA CIVIL,FES ARAGÓN,Escolarizado,https://www.dgae.unam.mx/Licenciatura2026/resultados/1/10704005.html,142,777,662,87,144,010630,79,,No seleccionado,,Consultar
1,Licenciatura 2026,107,10704005,INGENIERIA CIVIL,FES ARAGÓN,Escolarizado,https://www.dgae.unam.mx/Licenciatura2026/resultados/1/10704005.html,142,777,662,87,144,010652,100,S,Seleccionado,Cita para entregar documentación.,Consultar
1,Licenciatura 2026,107,10704005,INGENIERIA CIVIL,FES ARAGÓN,Escolarizado,https://www.dgae.unam.mx/Licenciatura2026/resultados/1/10704005.html,142,777,662,87,144,010681,36,,No seleccionado,,Consultar
1,Licenciatura 2026,107,10704005,INGENIERIA CIVIL,FES ARAGÓN,Escolarizado,https://www.dgae.unam.mx/Licenciatura2026/resultados/1/10704005.html,142,777,662,87,144,010798,57,,No seleccionado,,Consultar
1,Licenciatura 2026,107,10704005,INGENIERIA CIVIL,FES ARAGÓN,Escolarizado,https://www.dgae.unam.mx/Licenciatura2026/resultados/1/10704005.html,142,777,662,87,144,010830,36,,No seleccionado,,Consultar
1,Licenciatura 2026,107,10704005,INGENIERIA CIVIL,FES ARAGÓN,Escolarizado,https://www.dgae.unam.mx/Licenciatura2026/resultados/1/10704005.html,142,777,662,87,144,010885,47,,No seleccionado,,Consultar
1,Licenciatura 2026,107,10704005,INGENIERIA CIVIL,FES ARAGÓN,Escolarizado,https://www.dgae.unam.mx/Licenciatura2026/resultados/1/10704005.html,142,777,662,87,144,010896,50,,No seleccionado,,Consultar
1,Licenciatura 2026,107,10704005,INGENIERIA CIVIL,FES ARAGÓN,Escolarizado,https://www.dgae.unam.mx/Licenciatura2026/resultados/1/10704005.html,142,777,662,87,144,010926,,N,No presentado,,Consultar
1,Licenciatura 2026,107,10704005,INGENIERIA CIVIL,FES ARAGÓN,Escolarizado,https://www.dgae.unam.mx/Licenciatura2026/resultados/1/10704005.html,142,777,662,87,144,011009,,N,No presentado,,Consultar
1,Licenciatura 2026,107,10704005,INGENIERIA CIVIL,FES ARAGÓN,Escolarizado,https://www.dgae.unam.mx/Licenciatura2026/resultados/1/10704005.html,142,777,662,87,144,011017,51,,No seleccionado,,Consultar
1,Licenciatura 2026,107,10704005,INGENIERIA CIVIL,FES ARAGÓN,Escolarizado,https://www.dgae.unam.mx/Licenciatura2026/resultados/1/10704005.html,142,777,662,87,144,011029,42,,No seleccionado,,Consultar
1,Licenciatura 2026,107,10704005,INGENIERIA CIVIL,FES ARAGÓN,Escolarizado,https://www.dgae.unam.mx/Licenciatura2026/resultados/1/10704005.html,142,777,662,87,144,011034,30,,No seleccionado,,Consultar
1,Licenciatura 2026,107,10704005,INGENIERIA CIVIL,FES ARAGÓN,Escolarizado,https://www.dgae.unam.mx/Licenciatura2026/resultados/1/10704005.html,142,777,662,87,144,011052,59,,No seleccionado,,Consultar
1,Licenciatura 2026,107,10704005,INGENIERIA CIVIL,FES ARAGÓN,Escolarizado,https://www.dgae.unam.mx/Licenciatura2026/resultados/1/10704005.html,142,777,662,87,144,011066,106,S,Seleccionado,,Consultar
1,Licenciatura 2026,107,10704005,INGENIERIA CIVIL,FES ARAGÓN,Escolarizado,https://www.dgae.unam.mx/Licenciatura2026/resultados/1/10704005.html,142,777,662,87,144,011106,46,,No seleccionado,,Consultar
1,Licenciatura 2026,107,10704005,INGENIERIA CIVIL,FES ARAGÓN,Escolarizado,https://www.dgae.unam.mx/Licenciatura2026/resultados/1/10704005.html,142,777,662,87,144,011155,,C,Cancelado,,Consultar
1,Licenciatura 2026,107,10704005,INGENIERIA CIVIL,FES ARAGÓN,Escolarizado,https://www.dgae.unam.mx/Licenciatura2026/resultados/1/10704005.html,142,777,662,87,144,011159,58,,No seleccionado,,Consultar
1,Licenciatura 2026,107,10704005,INGENIERIA CIVIL,FES ARAGÓN,Escolarizado,https://www.dgae.unam.mx/Licenciatura2026/resultados/1/10704005.html,142,777,662,87,144,011168,71,,No seleccionado,,Consultar
1,Licenciatura 2026,107,10704005,INGENIERIA CIVIL,FES ARAGÓN,Escolarizado,https://www.dgae.unam.mx/Licenciatura2026/resultados/1/10704005.html,142,777,662,87,144,011192,40,,No seleccionado,,Consultar
1,Licenciatura 2026,107,10704005,INGENIERIA CIVIL,FES ARAGÓN,Escolarizado,https://www.dgae.unam.mx/Licenciatura2026/resultados/1/10704005.html,142,777,662,87,144,011202,37,,No seleccionado,,Consultar
1,Licenciatura 2026,107,10704005,INGENIERIA CIVIL,FES ARAGÓN,Escolarizado,https://www.dgae.unam.mx/Licenciatura2026/resultados/1/10704005.html,142,777,662,87,144,011220,59,,No seleccionado,,Consultar
1,Licenciatura 2026,107,10704005,INGENIERIA CIVIL,FES ARAGÓN,Escolarizado,https://www.dgae.unam.mx/Licenciatura2026/resultados/1/10704005.html,142,777,662,87,144,011230,58,,No seleccionado,,Consultar
1,Licenciatura 2026,107,10704005,INGENIERIA CIVIL,FES ARAGÓN,Escolarizado,https://www.dgae.unam.mx/Licenciatura2026/resultados/1/10704005.html,142,777,662,87,144,011314,,N,No presentado,,Consultar
1,Licenciatura 2026,107,10704005,INGENIERIA CIVIL,FES ARAGÓN,Escolarizado,https://www.dgae.unam.mx/Licenciatura2026/resultados/1/10704005.html,142,777,662,87,144,011351,28,,No seleccionado,,Consultar
1,Licenciatura 2026,107,10704005,INGENIERIA CIVIL,FES ARAGÓN,Escolarizado,https://www.dgae.unam.mx/Licenciatura2026/resultados/1/10704005.html,142,777,662,87,144,011485,66,,No seleccionado,,Consultar
1,Licenciatura 2026,107,10704005,INGENIERIA CIVIL,FES ARAGÓN,Escolarizado,https://www.dgae.unam.mx/Licenciatura2026/resultados/1/10704005.html,142,777,662,87,144,011504,38,,No seleccionado,,Consultar
1,Licenciatura 2026,107,10704005,INGENIERIA CIVIL,FES ARAGÓN,Escolarizado,https://www.dgae.unam.mx/Licenciatura2026/resultados/1/10704005.html,142,777,662,87,144,011547,,N,No presentado,,Consultar
1,Licenciatura 2026,107,10704005,INGENIERIA CIVIL,FES ARAGÓN,Escolarizado,https://www.dgae.unam.mx/Licenciatura2026/resultados/1/10704005.html,142,777,662,87,144,011558,,N,No presentado,,Consultar
1,Licenciatura 2026,107,10704005,INGENIERIA CIVIL,FES ARAGÓN,Escolarizado,https://www.dgae.unam.mx/Licenciatura2026/resultados/1/10704005.html,142,777,662,87,144,011623,,N,No presentado,,Consultar
1,Licenciatura 2026,107,10704005,INGENIERIA CIVIL,FES ARAGÓN,Escolarizado,https://www.dgae.unam.mx/Licenciatura2026/resultados/1/10704005.html,142,777,662,87,144,011747,43,,No seleccionado,,Consultar
1,Licenciatura 2026,107,10704005,INGENIERIA CIVIL,FES ARAGÓN,Escolarizado,https://www.dgae.unam.mx/Licenciatura2026/resultados/1/10704005.html,142,777,662,87,144,011769,66,,No seleccionado,,Consultar
1,Licenciatura 2026,107,10704005,INGENIERIA CIVIL,FES ARAGÓN,Escolarizado,https://www.dgae.unam.mx/Licenciatura2026/resultados/1/10704005.html,142,777,662,87,144,011780,,N,No presentado,,Consultar
1,Licenciatura 2026,107,10704005,INGENIERIA CIVIL,FES ARAGÓN,Escolarizado,https://www.dgae.unam.mx/Licenciatura2026/resultados/1/10704005.html,142,777,662,87,144,011816,41,,No seleccionado,,Consultar
1,Licenciatura 2026,107,10704005,INGENIERIA CIVIL,FES ARAGÓN,Escolarizado,https://www.dgae.unam.mx/Licenciatura2026/resultados/1/10704005.html,142,777,662,87,144,011968,52,,No seleccionado,,Consultar
1,Licenciatura 2026,107,10704005,INGENIERIA CIVIL,FES ARAGÓN,Escolarizado,https://www.dgae.unam.mx/Licenciatura2026/resultados/1/10704005.html,142,777,662,87,144,012034,85,,No seleccionado,,Consultar
1,Licenciatura 2026,107,10704005,INGENIERIA CIVIL,FES ARAGÓN,Escolarizado,https://www.dgae.unam.mx/Licenciatura2026/resultados/1/10704005.html,142,777,662,87,144,012221,66,,No seleccionado,,Consultar
1,Licenciatura 2026,107,10704005,INGENIERIA CIVIL,FES ARAGÓN,Escolarizado,https://www.dgae.unam.mx/Licenciatura2026/resultados/1/10704005.html,142,777,662,87,144,012223,61,,No seleccionado,,Consultar
1,Licenciatura 2026,107,10704005,INGENIERIA CIVIL,FES ARAGÓN,Escolarizado,https://www.dgae.unam.mx/Licenciatura2026/resultados/1/10704005.html,142,777,662,87,144,012233,77,,No seleccionado,,Consultar
1,Licenciatura 2026,107,10704005,INGENIERIA CIVIL,FES ARAGÓN,Escolarizado,https://www.dgae.unam.mx/Licenciatura2026/resultados/1/10704005.html,142,777,662,87,144,012238,,N,No presentado,,Consultar
1,Licenciatura 2026,107,10704005,INGENIERIA CIVIL,FES ARAGÓN,Escolarizado,https://www.dgae.unam.mx/Licenciatura2026/resultados/1/10704005.html,142,777,662,87,144,012271,59,,No seleccionado,,Consultar
1,Licenciatura 2026,107,10704005,INGENIERIA CIVIL,FES ARAGÓN,Escolarizado,https://www.dgae.unam.mx/Licenciatura2026/resultados/1/10704005.html,142,777,662,87,144,012312,31,,No seleccionado,,Consultar
1,Licenciatura 2026,107,10704005,INGENIERIA CIVIL,FES ARAGÓN,Escolarizado,https://www.dgae.unam.mx/Licenciatura2026/resultados/1/10704005.html,142,777,662,87,144,012318,61,,No seleccionado,,Consultar
1,Licenciatura 2026,107,10704005,INGENIERIA CIVIL,FES ARAGÓN,Escolarizado,https://www.dgae.unam.mx/Licenciatura2026/resultados/1/10704005.html,142,777,662,87,144,012376,43,,No seleccionado,,Consultar
1,Licenciatura 2026,107,10704005,INGENIERIA CIVIL,FES ARAGÓN,Escolarizado,https://www.dgae.unam.mx/Licenciatura2026/resultados/1/10704005.html,142,777,662,87,144,012384,55,,No seleccionado,,Consultar
1,Licenciatura 2026,107,10704005,INGENIERIA CIVIL,FES ARAGÓN,Escolarizado,https://www.dgae.unam.mx/Licenciatura2026/resultados/1/10704005.html,142,777,662,87,144,012413,68,,No seleccionado,,Consultar
1,Licenciatura 2026,107,10704005,INGENIERIA CIVIL,FES ARAGÓN,Escolarizado,https://www.dgae.unam.mx/Licenciatura2026/resultados/1/10704005.html,142,777,662,87,144,012420,,N,No presentado,,Consultar
1,Licenciatura 2026,107,10704005,INGENIERIA CIVIL,FES ARAGÓN,Escolarizado,https://www.dgae.unam.mx/Licenciatura2026/resultados/1/10704005.html,142,777,662,87,144,012494,69,,No seleccionado,,Consultar
1,Licenciatura 2026,107,10704005,INGENIERIA CIVIL,FES ARAGÓN,Escolarizado,https://www.dgae.unam.mx/Licenciatura2026/resultados/1/10704005.html,142,777,662,87,144,012584,71,,No seleccionado,,Consultar
1,Licenciatura 2026,107,10704005,INGENIERIA CIVIL,FES ARAGÓN,Escolarizado,https://www.dgae.unam.mx/Licenciatura2026/resultados/1/10704005.html,142,777,662,87,144,012618,42,,No seleccionado,,Consultar
1,Licenciatura 2026,107,10704005,INGENIERIA CIVIL,FES ARAGÓN,Escolarizado,https://www.dgae.unam.mx/Licenciatura2026/resultados/1/10704005.html,142,777,662,87,144,012619,68,,No seleccionado,,Consultar
1,Licenciatura 2026,107,10704005,INGENIERIA CIVIL,FES ARAGÓN,Escolarizado,https://www.dgae.unam.mx/Licenciatura2026/resultados/1/10704005.html,142,777,662,87,144,012722,54,,No seleccionado,,Consultar
1,Licenciatura 2026,107,10704005,INGENIERIA CIVIL,FES ARAGÓN,Escolarizado,https://www.dgae.unam.mx/Licenciatura2026/resultados/1/10704005.html,142,777,662,87,144,012725,,N,No presentado,,Consultar
1,Licenciatura 2026,107,10704005,INGENIERIA CIVIL,FES ARAGÓN,Escolarizado,https://www.dgae.unam.mx/Licenciatura2026/resultados/1/10704005.html,142,777,662,87,144,012779,58,,No seleccionado,,Consultar
1,Licenciatura 2026,107,10704005,INGENIERIA CIVIL,FES ARAGÓN,Escolarizado,https://www.dgae.unam.mx/Licenciatura2026/resultados/1/10704005.html,142,777,662,87,144,012827,36,,No seleccionado,,Consultar
1,Licenciatura 2026,107,10704005,INGENIERIA CIVIL,FES ARAGÓN,Escolarizado,https://www.dgae.unam.mx/Licenciatura2026/resultados/1/10704005.html,142,777,662,87,144,012836,41,,No seleccionado,,Consultar
1,Licenciatura 2026,107,10704005,INGENIERIA CIVIL,FES ARAGÓN,Escolarizado,https://www.dgae.unam.mx/Licenciatura2026/resultados/1/10704005.html,142,777,662,87,144,012839,89,S,Seleccionado,Cita para entregar documentación.,Consultar
1,Licenciatura 2026,107,10704005,INGENIERIA CIVIL,FES ARAGÓN,Escolarizado,https://www.dgae.unam.mx/Licenciatura2026/resultados/1/10704005.html,142,777,662,87,144,012858,64,,No seleccionado,,Consultar
1,Licenciatura 2026,107,10704005,INGENIERIA CIVIL,FES ARAGÓN,Escolarizado,https://www.dgae.unam.mx/Licenciatura2026/resultados/1/10704005.html,142,777,662,87,144,012924,44,,No seleccionado,,Consultar
1,Licenciatura 2026,107,10704005,INGENIERIA CIVIL,FES ARAGÓN,Escolarizado,https://www.dgae.unam.mx/Licenciatura2026/resultados/1/10704005.html,142,777,662,87,144,012973,85,,No seleccionado,,Consultar
1,Licenciatura 2026,107,10704005,INGENIERIA CIVIL,FES ARAGÓN,Escolarizado,https://www.dgae.unam.mx/Licenciatura2026/resultados/1/10704005.html,142,777,662,87,144,013016,41,,No seleccionado,,Consultar
1,Licenciatura 2026,107,10704005,INGENIERIA CIVIL,FES ARAGÓN,Escolarizado,https://www.dgae.unam.mx/Licenciatura2026/resultados/1/10704005.html,142,777,662,87,144,013032,65,,No seleccionado,,Consultar
1,Licenciatura 2026,107,10704005,INGENIERIA CIVIL,FES ARAGÓN,Escolarizado,https://www.dgae.unam.mx/Licenciatura2026/resultados/1/10704005.html,142,777,662,87,144,013046,97,S,Seleccionado,Cita para entregar documentación.,Consultar
1,Licenciatura 2026,107,10704005,INGENIERIA CIVIL,FES ARAGÓN,Escolarizado,https://www.dgae.unam.mx/Licenciatura2026/resultados/1/10704005.html,142,777,662,87,144,013080,42,,No seleccionado,,Consultar
1,Licenciatura 2026,107,10704005,INGENIERIA CIVIL,FES ARAGÓN,Escolarizado,https://www.dgae.unam.mx/Licenciatura2026/resultados/1/10704005.html,142,777,662,87,144,013123,82,,No seleccionado,,Consultar
1,Licenciatura 2026,107,10704005,INGENIERIA CIVIL,FES ARAGÓN,Escolarizado,https://www.dgae.unam.mx/Licenciatura2026/resultados/1/10704005.html,142,777,662,87,144,013148,83,,No seleccionado,,Consultar
1,Licenciatura 2026,107,10704005,INGENIERIA CIVIL,FES ARAGÓN,Escolarizado,https://www.dgae.unam.mx/Licenciatura2026/resultados/1/10704005.html,142,777,662,87,144,013176,63,,No seleccionado,,Consultar
1,Licenciatura 2026,107,10704005,INGENIERIA CIVIL,FES ARAGÓN,Escolarizado,https://www.dgae.unam.mx/Licenciatura2026/resultados/1/10704005.html,142,777,662,87,144,013183,79,,No seleccionado,,Consultar
1,Licenciatura 2026,107,10704005,INGENIERIA CIVIL,FES ARAGÓN,Escolarizado,https://www.dgae.unam.mx/Licenciatura2026/resultados/1/10704005.html,142,777,662,87,144,013260,113,S,Seleccionado,Cita para entregar documentación.,Consultar
1,Licenciatura 2026,107,10704005,INGENIERIA CIVIL,FES ARAGÓN,Escolarizado,https://www.dgae.unam.mx/Licenciatura2026/resultados/1/10704005.html,142,777,662,87,144,013302,55,,No seleccionado,,Consultar
1,Licenciatura 2026,107,10704005,INGENIERIA CIVIL,FES ARAGÓN,Escolarizado,https://www.dgae.unam.mx/Licenciatura2026/resultados/1/10704005.html,142,777,662,87,144,013344,62,,No seleccionado,,Consultar
1,Licenciatura 2026,107,10704005,INGENIERIA CIVIL,FES ARAGÓN,Escolarizado,https://www.dgae.unam.mx/Licenciatura2026/resultados/1/10704005.html,142,777,662,87,144,013348,62,,No seleccionado,,Consultar
1,Licenciatura 2026,107,10704005,INGENIERIA CIVIL,FES ARAGÓN,Escolarizado,https://www.dgae.unam.mx/Licenciatura2026/resultados/1/10704005.html,142,777,662,87,144,013438,90,S,Seleccionado,Cita para entregar documentación.,Consultar
1,Licenciatura 2026,107,10704005,INGENIERIA CIVIL,FES ARAGÓN,Escolarizado,https://www.dgae.unam.mx/Licenciatura2026/resultados/1/10704005.html,142,777,662,87,144,013441,,C,Cancelado,,Consultar
1,Licenciatura 2026,107,10704005,INGENIERIA CIVIL,FES ARAGÓN,Escolarizado,https://www.dgae.unam.mx/Licenciatura2026/resultados/1/10704005.html,142,777,662,87,144,013467,77,,No seleccionado,,Consultar
1,Licenciatura 2026,107,10704005,INGENIERIA CIVIL,FES ARAGÓN,Escolarizado,https://www.dgae.unam.mx/Licenciatura2026/resultados/1/10704005.html,142,777,662,87,144,013513,56,,No seleccionado,,Consultar
1,Licenciatura 2026,107,10704005,INGENIERIA CIVIL,FES ARAGÓN,Escolarizado,https://www.dgae.unam.mx/Licenciatura2026/resultados/1/10704005.html,142,777,662,87,144,013518,30,,No seleccionado,,Consultar
1,Licenciatura 2026,107,10704005,INGENIERIA CIVIL,FES ARAGÓN,Escolarizado,https://www.dgae.unam.mx/Licenciatura2026/resultados/1/10704005.html,142,777,662,87,144,013566,76,,No seleccionado,,Consultar
1,Licenciatura 2026,107,10704005,INGENIERIA CIVIL,FES ARAGÓN,Escolarizado,https://www.dgae.unam.mx/Licenciatura2026/resultados/1/10704005.html,142,777,662,87,144,013567,66,,No seleccionado,,Consultar
1,Licenciatura 2026,107,10704005,INGENIERIA CIVIL,FES ARAGÓN,Escolarizado,https://www.dgae.unam.mx/Licenciatura2026/resultados/1/10704005.html,142,777,662,87,144,013591,17,,No seleccionado,,Consultar
1,Licenciatura 2026,107,10704005,INGENIERIA CIVIL,FES ARAGÓN,Escolarizado,https://www.dgae.unam.mx/Licenciatura2026/resultados/1/10704005.html,142,777,662,87,144,013592,40,,No seleccionado,,Consultar
1,Licenciatura 2026,107,10704005,INGENIERIA CIVIL,FES ARAGÓN,Escolarizado,https://www.dgae.unam.mx/Licenciatura2026/resultados/1/10704005.html,142,777,662,87,144,013736,64,,No seleccionado,,Consultar
1,Licenciatura 2026,107,10704005,INGENIERIA CIVIL,FES ARAGÓN,Escolarizado,https://www.dgae.unam.mx/Licenciatura2026/resultados/1/10704005.html,142,777,662,87,144,013823,75,,No seleccionado,,Consultar
1,Licenciatura 2026,107,10704005,INGENIERIA CIVIL,FES ARAGÓN,Escolarizado,https://www.dgae.unam.mx/Licenciatura2026/resultados/1/10704005.html,142,777,662,87,144,013842,41,,No seleccionado,,Consultar
1,Licenciatura 2026,107,10704005,INGENIERIA CIVIL,FES ARAGÓN,Escolarizado,https://www.dgae.unam.mx/Licenciatura2026/resultados/1/10704005.html,142,777,662,87,144,013876,95,S,Seleccionado,Cita para entregar documentación.,Consultar
1,Licenciatura 2026,107,10704005,INGENIERIA CIVIL,FES ARAGÓN,Escolarizado,https://www.dgae.unam.mx/Licenciatura2026/resultados/1/10704005.html,142,777,662,87,144,013878,,N,No presentado,,Consultar
1,Licenciatura 2026,107,10704005,INGENIERIA CIVIL,FES ARAGÓN,Escolarizado,https://www.dgae.unam.mx/Licenciatura2026/resultados/1/10704005.html,142,777,662,87,144,013916,80,,No seleccionado,,Consultar
1,Licenciatura 2026,107,10704005,INGENIERIA CIVIL,FES ARAGÓN,Escolarizado,https://www.dgae.unam.mx/Licenciatura2026/resultados/1/10704005.html,142,777,662,87,144,013988,,N,No presentado,,Consultar
1,Licenciatura 2026,107,10704005,INGENIERIA CIVIL,FES ARAGÓN,Escolarizado,https://www.dgae.unam.mx/Licenciatura2026/resultados/1/10704005.html,142,777,662,87,144,014046,50,,No seleccionado,,Consultar
1,Licenciatura 2026,107,10704005,INGENIERIA CIVIL,FES ARAGÓN,Escolarizado,https://www.dgae.unam.mx/Licenciatura2026/resultados/1/10704005.html,142,777,662,87,144,014149,,N,No presentado,,Consultar
1,Licenciatura 2026,107,10704005,INGENIERIA CIVIL,FES ARAGÓN,Escolarizado,https://www.dgae.unam.mx/Licenciatura2026/resultados/1/10704005.html,142,777,662,87,144,014151,84,,No seleccionado,,Consultar
1,Licenciatura 2026,107,10704005,INGENIERIA CIVIL,FES ARAGÓN,Escolarizado,https://www.dgae.unam.mx/Licenciatura2026/resultados/1/10704005.html,142,777,662,87,144,014273,34,,No seleccionado,,Consultar
1,Licenciatura 2026,107,10704005,INGENIERIA CIVIL,FES ARAGÓN,Escolarizado,https://www.dgae.unam.mx/Licenciatura2026/resultados/1/10704005.html,142,777,662,87,144,014309,94,S,Seleccionado,Cita para entregar documentación.,Consultar
1,Licenciatura 2026,107,10704005,INGENIERIA CIVIL,FES ARAGÓN,Escolarizado,https://www.dgae.unam.mx/Licenciatura2026/resultados/1/10704005.html,142,777,662,87,144,014316,70,,No seleccionado,,Consultar
1,Licenciatura 2026,107,10704005,INGENIERIA CIVIL,FES ARAGÓN,Escolarizado,https://www.dgae.unam.mx/Licenciatura2026/resultados/1/10704005.html,142,777,662,87,144,014399,108,S,Seleccionado,Cita para entregar documentación.,Consultar
1,Licenciatura 2026,107,10704005,INGENIERIA CIVIL,FES ARAGÓN,Escolarizado,https://www.dgae.unam.mx/Licenciatura2026/resultados/1/10704005.html,142,777,662,87,144,014491,90,S,Seleccionado,Cita para entregar documentación.,Consultar
1,Licenciatura 2026,107,10704005,INGENIERIA CIVIL,FES ARAGÓN,Escolarizado,https://www.dgae.unam.mx/Licenciatura2026/resultados/1/10704005.html,142,777,662,87,144,014522,50,,No seleccionado,,Consultar
1,Licenciatura 2026,107,10704005,INGENIERIA CIVIL,FES ARAGÓN,Escolarizado,https://www.dgae.unam.mx/Licenciatura2026/resultados/1/10704005.html,142,777,662,87,144,014531,64,,No seleccionado,,Consultar
1,Licenciatura 2026,107,10704005,INGENIERIA CIVIL,FES ARAGÓN,Escolarizado,https://www.dgae.unam.mx/Licenciatura2026/resultados/1/10704005.html,142,777,662,87,144,014598,98,S,Seleccionado,Cita para entregar documentación.,Consultar
1,Licenciatura 2026,107,10704005,INGENIERIA CIVIL,FES ARAGÓN,Escolarizado,https://www.dgae.unam.mx/Licenciatura2026/resultados/1/10704005.html,142,777,662,87,144,014629,65,,No seleccionado,,Consultar
1,Licenciatura 2026,107,10704005,INGENIERIA CIVIL,FES ARAGÓN,Escolarizado,https://www.dgae.unam.mx/Licenciatura2026/resultados/1/10704005.html,142,777,662,87,144,014692,,N,No presentado,,Consultar
1,Licenciatura 2026,107,10704005,INGENIERIA CIVIL,FES ARAGÓN,Escolarizado,https://www.dgae.unam.mx/Licenciatura2026/resultados/1/10704005.html,142,777,662,87,144,014698,95,S,Seleccionado,Cita para entregar documentación.,Consultar
1,Licenciatura 2026,107,10704005,INGENIERIA CIVIL,FES ARAGÓN,Escolarizado,https://www.dgae.unam.mx/Licenciatura2026/resultados/1/10704005.html,142,777,662,87,144,014711,45,,No seleccionado,,Consultar
1,Licenciatura 2026,107,10704005,INGENIERIA CIVIL,FES ARAGÓN,Escolarizado,https://www.dgae.unam.mx/Licenciatura2026/resultados/1/10704005.html,142,777,662,87,144,014730,38,,No seleccionado,,Consultar
1,Licenciatura 2026,107,10704005,INGENIERIA CIVIL,FES ARAGÓN,Escolarizado,https://www.dgae.unam.mx/Licenciatura2026/resultados/1/10704005.html,142,777,662,87,144,014846,46,,No seleccionado,,Consultar
1,Licenciatura 2026,107,10704005,INGENIERIA CIVIL,FES ARAGÓN,Escolarizado,https://www.dgae.unam.mx/Licenciatura2026/resultados/1/10704005.html,142,777,662,87,144,014861,95,S,Seleccionado,Cita para entregar documentación.,Consultar
1,Licenciatura 2026,107,10704005,INGENIERIA CIVIL,FES ARAGÓN,Escolarizado,https://www.dgae.unam.mx/Licenciatura2026/resultados/1/10704005.html,142,777,662,87,144,014865,73,,No seleccionado,,Consultar
1,Licenciatura 2026,107,10704005,INGENIERIA CIVIL,FES ARAGÓN,Escolarizado,https://www.dgae.unam.mx/Licenciatura2026/resultados/1/10704005.html,142,777,662,87,144,014877,69,,No seleccionado,,Consultar
1,Licenciatura 2026,107,10704005,INGENIERIA CIVIL,FES ARAGÓN,Escolarizado,https://www.dgae.unam.mx/Licenciatura2026/resultados/1/10704005.html,142,777,662,87,144,014951,44,,No seleccionado,,Consultar
1,Licenciatura 2026,107,10704005,INGENIERIA CIVIL,FES ARAGÓN,Escolarizado,https://www.dgae.unam.mx/Licenciatura2026/resultados/1/10704005.html,142,777,662,87,144,015014,48,,No seleccionado,,Consultar
1,Licenciatura 2026,107,10704005,INGENIERIA CIVIL,FES ARAGÓN,Escolarizado,https://www.dgae.unam.mx/Licenciatura2026/resultados/1/10704005.html,142,777,662,87,144,015210,34,,No seleccionado,,Consultar
1,Licenciatura 2026,107,10704005,INGENIERIA CIVIL,FES ARAGÓN,Escolarizado,https://www.dgae.unam.mx/Licenciatura2026/resultados/1/10704005.html,142,777,662,87,144,015245,85,,No seleccionado,,Consultar
1,Licenciatura 2026,107,10704005,INGENIERIA CIVIL,FES ARAGÓN,Escolarizado,https://www.dgae.unam.mx/Licenciatura2026/resultados/1/10704005.html,142,777,662,87,144,015341,32,,No seleccionado,,Consultar
1,Licenciatura 2026,107,10704005,INGENIERIA CIVIL,FES ARAGÓN,Escolarizado,https://www.dgae.unam.mx/Licenciatura2026/resultados/1/10704005.html,142,777,662,87,144,015710,103,S,Seleccionado,Cita para entregar documentación.,Consultar
1,Licenciatura 2026,107,10704005,INGENIERIA CIVIL,FES ARAGÓN,Escolarizado,https://www.dgae.unam.mx/Licenciatura2026/resultados/1/10704005.html,142,777,662,87,144,015814,35,,No seleccionado,,Consultar
1,Licenciatura 2026,107,10704005,INGENIERIA CIVIL,FES ARAGÓN,Escolarizado,https://www.dgae.unam.mx/Licenciatura2026/resultados/1/10704005.html,142,777,662,87,144,015891,,N,No presentado,,Consultar
1,Licenciatura 2026,107,10704005,INGENIERIA CIVIL,FES ARAGÓN,Escolarizado,https://www.dgae.unam.mx/Licenciatura2026/resultados/1/10704005.html,142,777,662,87,144,016017,85,,No seleccionado,,Consultar
1,Licenciatura 2026,107,10704005,INGENIERIA CIVIL,FES ARAGÓN,Escolarizado,https://www.dgae.unam.mx/Licenciatura2026/resultados/1/10704005.html,142,777,662,87,144,016028,74,,No seleccionado,,Consultar
1,Licenciatura 2026,107,10704005,INGENIERIA CIVIL,FES ARAGÓN,Escolarizado,https://www.dgae.unam.mx/Licenciatura2026/resultados/1/10704005.html,142,777,662,87,144,016037,39,,No seleccionado,,Consultar
1,Licenciatura 2026,107,10704005,INGENIERIA CIVIL,FES ARAGÓN,Escolarizado,https://www.dgae.unam.mx/Licenciatura2026/resultados/1/10704005.html,142,777,662,87,144,016091,83,,No seleccionado,,Consultar
1,Licenciatura 2026,107,10704005,INGENIERIA CIVIL,FES ARAGÓN,Escolarizado,https://www.dgae.unam.mx/Licenciatura2026/resultados/1/10704005.html,142,777,662,87,144,016114,80,,No seleccionado,,Consultar
1,Licenciatura 2026,107,10704005,INGENIERIA CIVIL,FES ARAGÓN,Escolarizado,https://www.dgae.unam.mx/Licenciatura2026/resultados/1/10704005.html,142,777,662,87,144,016127,101,S,Seleccionado,Cita para entregar documentación.,Consultar
1,Licenciatura 2026,107,10704005,INGENIERIA CIVIL,FES ARAGÓN,Escolarizado,https://www.dgae.unam.mx/Licenciatura2026/resultados/1/10704005.html,142,777,662,87,144,016182,83,,No seleccionado,,Consultar
1,Licenciatura 2026,107,10704005,INGENIERIA CIVIL,FES ARAGÓN,Escolarizado,https://www.dgae.unam.mx/Licenciatura2026/resultados/1/10704005.html,142,777,662,87,144,016184,79,,No seleccionado,,Consultar
1,Licenciatura 2026,107,10704005,INGENIERIA CIVIL,FES ARAGÓN,Escolarizado,https://www.dgae.unam.mx/Licenciatura2026/resultados/1/10704005.html,142,777,662,87,144,016288,,N,No presentado,,Consultar
1,Licenciatura 2026,107,10704005,INGENIERIA CIVIL,FES ARAGÓN,Escolarizado,https://www.dgae.unam.mx/Licenciatura2026/resultados/1/10704005.html,142,777,662,87,144,016342,44,,No seleccionado,,Consultar
1,Licenciatura 2026,107,10704005,INGENIERIA CIVIL,FES ARAGÓN,Escolarizado,https://www.dgae.unam.mx/Licenciatura2026/resultados/1/10704005.html,142,777,662,87,144,016356,74,,No seleccionado,,Consultar
1,Licenciatura 2026,107,10704005,INGENIERIA CIVIL,FES ARAGÓN,Escolarizado,https://www.dgae.unam.mx/Licenciatura2026/resultados/1/10704005.html,142,777,662,87,144,016366,63,,No seleccionado,,Consultar
1,Licenciatura 2026,107,10704005,INGENIERIA CIVIL,FES ARAGÓN,Escolarizado,https://www.dgae.unam.mx/Licenciatura2026/resultados/1/10704005.html,142,777,662,87,144,016476,70,,No seleccionado,,Consultar
1,Licenciatura 2026,107,10704005,INGENIERIA CIVIL,FES ARAGÓN,Escolarizado,https://www.dgae.unam.mx/Licenciatura2026/resultados/1/10704005.html,142,777,662,87,144,016484,78,,No seleccionado,,Consultar
1,Licenciatura 2026,107,10704005,INGENIERIA CIVIL,FES ARAGÓN,Escolarizado,https://www.dgae.unam.mx/Licenciatura2026/resultados/1/10704005.html,142,777,662,87,144,016632,,N,No presentado,,Consultar
1,Licenciatura 2026,107,10704005,INGENIERIA CIVIL,FES ARAGÓN,Escolarizado,https://www.dgae.unam.mx/Licenciatura2026/resultados/1/10704005.html,142,777,662,87,144,016640,102,S,Seleccionado,Cita para entregar documentación.,Consultar
1,Licenciatura 2026,107,10704005,INGENIERIA CIVIL,FES ARAGÓN,Escolarizado,https://www.dgae.unam.mx/Licenciatura2026/resultados/1/10704005.html,142,777,662,87,144,016648,50,,No seleccionado,,Consultar
1,Licenciatura 2026,107,10704005,INGENIERIA CIVIL,FES ARAGÓN,Escolarizado,https://www.dgae.unam.mx/Licenciatura2026/resultados/1/10704005.html,142,777,662,87,144,016654,54,,No seleccionado,,Consultar
1,Licenciatura 2026,107,10704005,INGENIERIA CIVIL,FES ARAGÓN,Escolarizado,https://www.dgae.unam.mx/Licenciatura2026/resultados/1/10704005.html,142,777,662,87,144,016674,67,,No seleccionado,,Consultar
1,Licenciatura 2026,107,10704005,INGENIERIA CIVIL,FES ARAGÓN,Escolarizado,https://www.dgae.unam.mx/Licenciatura2026/resultados/1/10704005.html,142,777,662,87,144,016751,65,,No seleccionado,,Consultar
1,Licenciatura 2026,107,10704005,INGENIERIA CIVIL,FES ARAGÓN,Escolarizado,https://www.dgae.unam.mx/Licenciatura2026/resultados/1/10704005.html,142,777,662,87,144,016838,82,,No seleccionado,,Consultar
1,Licenciatura 2026,107,10704005,INGENIERIA CIVIL,FES ARAGÓN,Escolarizado,https://www.dgae.unam.mx/Licenciatura2026/resultados/1/10704005.html,142,777,662,87,144,016891,66,,No seleccionado,,Consultar
1,Licenciatura 2026,107,10704005,INGENIERIA CIVIL,FES ARAGÓN,Escolarizado,https://www.dgae.unam.mx/Licenciatura2026/resultados/1/10704005.html,142,777,662,87,144,016896,43,,No seleccionado,,Consultar
1,Licenciatura 2026,107,10704005,INGENIERIA CIVIL,FES ARAGÓN,Escolarizado,https://www.dgae.unam.mx/Licenciatura2026/resultados/1/10704005.html,142,777,662,87,144,016957,32,,No seleccionado,,Consultar
1,Licenciatura 2026,107,10704005,INGENIERIA CIVIL,FES ARAGÓN,Escolarizado,https://www.dgae.unam.mx/Licenciatura2026/resultados/1/10704005.html,142,777,662,87,144,017118,102,S,Seleccionado,Cita para entregar documentación.,Consultar
1,Licenciatura 2026,107,10704005,INGENIERIA CIVIL,FES ARAGÓN,Escolarizado,https://www.dgae.unam.mx/Licenciatura2026/resultados/1/10704005.html,142,777,662,87,144,017139,,N,No presentado,,Consultar
1,Licenciatura 2026,107,10704005,INGENIERIA CIVIL,FES ARAGÓN,Escolarizado,https://www.dgae.unam.mx/Licenciatura2026/resultados/1/10704005.html,142,777,662,87,144,017143,69,,No seleccionado,,Consultar
1,Licenciatura 2026,107,10704005,INGENIERIA CIVIL,FES ARAGÓN,Escolarizado,https://www.dgae.unam.mx/Licenciatura2026/resultados/1/10704005.html,142,777,662,87,144,017163,87,S,Seleccionado,Cita para entregar documentación.,Consultar
1,Licenciatura 2026,107,10704005,INGENIERIA CIVIL,FES ARAGÓN,Escolarizado,https://www.dgae.unam.mx/Licenciatura2026/resultados/1/10704005.html,142,777,662,87,144,017188,53,,No seleccionado,,Consultar
1,Licenciatura 2026,107,10704005,INGENIERIA CIVIL,FES ARAGÓN,Escolarizado,https://www.dgae.unam.mx/Licenciatura2026/resultados/1/10704005.html,142,777,662,87,144,017193,78,,No seleccionado,,Consultar
1,Licenciatura 2026,107,10704005,INGENIERIA CIVIL,FES ARAGÓN,Escolarizado,https://www.dgae.unam.mx/Licenciatura2026/resultados/1/10704005.html,142,777,662,87,144,017238,75,,No seleccionado,,Consultar
1,Licenciatura 2026,107,10704005,INGENIERIA CIVIL,FES ARAGÓN,Escolarizado,https://www.dgae.unam.mx/Licenciatura2026/resultados/1/10704005.html,142,777,662,87,144,017239,103,S,Seleccionado,Cita para entregar documentación.,Consultar
1,Licenciatura 2026,107,10704005,INGENIERIA CIVIL,FES ARAGÓN,Escolarizado,https://www.dgae.unam.mx/Licenciatura2026/resultados/1/10704005.html,142,777,662,87,144,017322,43,,No seleccionado,,Consultar
1,Licenciatura 2026,107,10704005,INGENIERIA CIVIL,FES ARAGÓN,Escolarizado,https://www.dgae.unam.mx/Licenciatura2026/resultados/1/10704005.html,142,777,662,87,144,017373,,N,No presentado,,Consultar
1,Licenciatura 2026,107,10704005,INGENIERIA CIVIL,FES ARAGÓN,Escolarizado,https://www.dgae.unam.mx/Licenciatura2026/resultados/1/10704005.html,142,777,662,87,144,017424,105,S,Seleccionado,,Consultar
1,Licenciatura 2026,107,10704005,INGENIERIA CIVIL,FES ARAGÓN,Escolarizado,https://www.dgae.unam.mx/Licenciatura2026/resultados/1/10704005.html,142,777,662,87,144,017440,,N,No presentado,,Consultar
1,Licenciatura 2026,107,10704005,INGENIERIA CIVIL,FES ARAGÓN,Escolarizado,https://www.dgae.unam.mx/Licenciatura2026/resultados/1/10704005.html,142,777,662,87,144,017455,64,,No seleccionado,,Consultar
1,Licenciatura 2026,107,10704005,INGENIERIA CIVIL,FES ARAGÓN,Escolarizado,https://www.dgae.unam.mx/Licenciatura2026/resultados/1/10704005.html,142,777,662,87,144,017461,46,,No seleccionado,,Consultar
1,Licenciatura 2026,107,10704005,INGENIERIA CIVIL,FES ARAGÓN,Escolarizado,https://www.dgae.unam.mx/Licenciatura2026/resultados/1/10704005.html,142,777,662,87,144,017592,85,,No seleccionado,,Consultar
1,Licenciatura 2026,107,10704005,INGENIERIA CIVIL,FES ARAGÓN,Escolarizado,https://www.dgae.unam.mx/Licenciatura2026/resultados/1/10704005.html,142,777,662,87,144,017598,81,,No seleccionado,,Consultar
1,Licenciatura 2026,107,10704005,INGENIERIA CIVIL,FES ARAGÓN,Escolarizado,https://www.dgae.unam.mx/Licenciatura2026/resultados/1/10704005.html,142,777,662,87,144,017609,,N,No presentado,,Consultar
1,Licenciatura 2026,107,10704005,INGENIERIA CIVIL,FES ARAGÓN,Escolarizado,https://www.dgae.unam.mx/Licenciatura2026/resultados/1/10704005.html,142,777,662,87,144,017621,,N,No presentado,,Consultar
1,Licenciatura 2026,107,10704005,INGENIERIA CIVIL,FES ARAGÓN,Escolarizado,https://www.dgae.unam.mx/Licenciatura2026/resultados/1/10704005.html,142,777,662,87,144,017628,48,,No seleccionado,,Consultar
1,Licenciatura 2026,107,10704005,INGENIERIA CIVIL,FES ARAGÓN,Escolarizado,https://www.dgae.unam.mx/Licenciatura2026/resultados/1/10704005.html,142,777,662,87,144,017629,43,,No seleccionado,,Consultar
1,Licenciatura 2026,107,10704005,INGENIERIA CIVIL,FES ARAGÓN,Escolarizado,https://www.dgae.unam.mx/Licenciatura2026/resultados/1/10704005.html,142,777,662,87,144,017694,40,,No seleccionado,,Consultar
1,Licenciatura 2026,107,10704005,INGENIERIA CIVIL,FES ARAGÓN,Escolarizado,https://www.dgae.unam.mx/Licenciatura2026/resultados/1/10704005.html,142,777,662,87,144,017701,76,,No seleccionado,,Consultar
1,Licenciatura 2026,107,10704005,INGENIERIA CIVIL,FES ARAGÓN,Escolarizado,https://www.dgae.unam.mx/Licenciatura2026/resultados/1/10704005.html,142,777,662,87,144,017713,,N,No presentado,,Consultar
1,Licenciatura 2026,107,10704005,INGENIERIA CIVIL,FES ARAGÓN,Escolarizado,https://www.dgae.unam.mx/Licenciatura2026/resultados/1/10704005.html,142,777,662,87,144,017790,64,,No seleccionado,,Consultar
1,Licenciatura 2026,107,10704005,INGENIERIA CIVIL,FES ARAGÓN,Escolarizado,https://www.dgae.unam.mx/Licenciatura2026/resultados/1/10704005.html,142,777,662,87,144,017799,,N,No presentado,,Consultar
1,Licenciatura 2026,107,10704005,INGENIERIA CIVIL,FES ARAGÓN,Escolarizado,https://www.dgae.unam.mx/Licenciatura2026/resultados/1/10704005.html,142,777,662,87,144,017920,36,,No seleccionado,,Consultar
1,Licenciatura 2026,107,10704005,INGENIERIA CIVIL,FES ARAGÓN,Escolarizado,https://www.dgae.unam.mx/Licenciatura2026/resultados/1/10704005.html,142,777,662,87,144,018104,89,S,Seleccionado,Cita para entregar documentación.,Consultar
1,Licenciatura 2026,107,10704005,INGENIERIA CIVIL,FES ARAGÓN,Escolarizado,https://www.dgae.unam.mx/Licenciatura2026/resultados/1/10704005.html,142,777,662,87,144,018113,,N,No presentado,,Consultar
1,Licenciatura 2026,107,10704005,INGENIERIA CIVIL,FES ARAGÓN,Escolarizado,https://www.dgae.unam.mx/Licenciatura2026/resultados/1/10704005.html,142,777,662,87,144,018148,77,,No seleccionado,,Consultar
1,Licenciatura 2026,107,10704005,INGENIERIA CIVIL,FES ARAGÓN,Escolarizado,https://www.dgae.unam.mx/Licenciatura2026/resultados/1/10704005.html,142,777,662,87,144,018173,70,,No seleccionado,,Consultar
1,Licenciatura 2026,107,10704005,INGENIERIA CIVIL,FES ARAGÓN,Escolarizado,https://www.dgae.unam.mx/Licenciatura2026/resultados/1/10704005.html,142,777,662,87,144,018190,44,,No seleccionado,,Consultar
1,Licenciatura 2026,107,10704005,INGENIERIA CIVIL,FES ARAGÓN,Escolarizado,https://www.dgae.unam.mx/Licenciatura2026/resultados/1/10704005.html,142,777,662,87,144,018211,62,,No seleccionado,,Consultar
1,Licenciatura 2026,107,10704005,INGENIERIA CIVIL,FES ARAGÓN,Escolarizado,https://www.dgae.unam.mx/Licenciatura2026/resultados/1/10704005.html,142,777,662,87,144,018230,,N,No presentado,,Consultar
1,Licenciatura 2026,107,10704005,INGENIERIA CIVIL,FES ARAGÓN,Escolarizado,https://www.dgae.unam.mx/Licenciatura2026/resultados/1/10704005.html,142,777,662,87,144,018266,74,,No seleccionado,,Consultar
1,Licenciatura 2026,107,10704005,INGENIERIA CIVIL,FES ARAGÓN,Escolarizado,https://www.dgae.unam.mx/Licenciatura2026/resultados/1/10704005.html,142,777,662,87,144,018307,62,,No seleccionado,,Consultar
1,Licenciatura 2026,107,10704005,INGENIERIA CIVIL,FES ARAGÓN,Escolarizado,https://www.dgae.unam.mx/Licenciatura2026/resultados/1/10704005.html,142,777,662,87,144,018342,62,,No seleccionado,,Consultar
1,Licenciatura 2026,107,10704005,INGENIERIA CIVIL,FES ARAGÓN,Escolarizado,https://www.dgae.unam.mx/Licenciatura2026/resultados/1/10704005.html,142,777,662,87,144,018415,77,,No seleccionado,,Consultar
1,Licenciatura 2026,107,10704005,INGENIERIA CIVIL,FES ARAGÓN,Escolarizado,https://www.dgae.unam.mx/Licenciatura2026/resultados/1/10704005.html,142,777,662,87,144,018416,106,S,Seleccionado,Cita para entregar documentación.,Consultar
1,Licenciatura 2026,107,10704005,INGENIERIA CIVIL,FES ARAGÓN,Escolarizado,https://www.dgae.unam.mx/Licenciatura2026/resultados/1/10704005.html,142,777,662,87,144,018443,40,,No seleccionado,,Consultar
1,Licenciatura 2026,107,10704005,INGENIERIA CIVIL,FES ARAGÓN,Escolarizado,https://www.dgae.unam.mx/Licenciatura2026/resultados/1/10704005.html,142,777,662,87,144,018467,80,,No seleccionado,,Consultar
1,Licenciatura 2026,107,10704005,INGENIERIA CIVIL,FES ARAGÓN,Escolarizado,https://www.dgae.unam.mx/Licenciatura2026/resultados/1/10704005.html,142,777,662,87,144,018515,,N,No presentado,,Consultar
1,Licenciatura 2026,107,10704005,INGENIERIA CIVIL,FES ARAGÓN,Escolarizado,https://www.dgae.unam.mx/Licenciatura2026/resultados/1/10704005.html,142,777,662,87,144,018548,69,,No seleccionado,,Consultar
1,Licenciatura 2026,107,10704005,INGENIERIA CIVIL,FES ARAGÓN,Escolarizado,https://www.dgae.unam.mx/Licenciatura2026/resultados/1/10704005.html,142,777,662,87,144,018561,56,,No seleccionado,,Consultar
1,Licenciatura 2026,107,10704005,INGENIERIA CIVIL,FES ARAGÓN,Escolarizado,https://www.dgae.unam.mx/Licenciatura2026/resultados/1/10704005.html,142,777,662,87,144,018638,0,,No seleccionado,,Consultar
1,Licenciatura 2026,107,10704005,INGENIERIA CIVIL,FES ARAGÓN,Escolarizado,https://www.dgae.unam.mx/Licenciatura2026/resultados/1/10704005.html,142,777,662,87,144,018692,52,,No seleccionado,,Consultar
1,Licenciatura 2026,107,10704005,INGENIERIA CIVIL,FES ARAGÓN,Escolarizado,https://www.dgae.unam.mx/Licenciatura2026/resultados/1/10704005.html,142,777,662,87,144,018729,65,,No seleccionado,,Consultar
1,Licenciatura 2026,107,10704005,INGENIERIA CIVIL,FES ARAGÓN,Escolarizado,https://www.dgae.unam.mx/Licenciatura2026/resultados/1/10704005.html,142,777,662,87,144,018857,27,,No seleccionado,,Consultar
1,Licenciatura 2026,107,10704005,INGENIERIA CIVIL,FES ARAGÓN,Escolarizado,https://www.dgae.unam.mx/Licenciatura2026/resultados/1/10704005.html,142,777,662,87,144,018861,75,,No seleccionado,,Consultar
1,Licenciatura 2026,107,10704005,INGENIERIA CIVIL,FES ARAGÓN,Escolarizado,https://www.dgae.unam.mx/Licenciatura2026/resultados/1/10704005.html,142,777,662,87,144,018863,33,,No seleccionado,,Consultar
1,Licenciatura 2026,107,10704005,INGENIERIA CIVIL,FES ARAGÓN,Escolarizado,https://www.dgae.unam.mx/Licenciatura2026/resultados/1/10704005.html,142,777,662,87,144,018995,52,,No seleccionado,,Consultar
1,Licenciatura 2026,107,10704005,INGENIERIA CIVIL,FES ARAGÓN,Escolarizado,https://www.dgae.unam.mx/Licenciatura2026/resultados/1/10704005.html,142,777,662,87,144,018998,81,,No seleccionado,,Consultar
1,Licenciatura 2026,107,10704005,INGENIERIA CIVIL,FES ARAGÓN,Escolarizado,https://www.dgae.unam.mx/Licenciatura2026/resultados/1/10704005.html,142,777,662,87,144,019169,40,,No seleccionado,,Consultar
1,Licenciatura 2026,107,10704005,INGENIERIA CIVIL,FES ARAGÓN,Escolarizado,https://www.dgae.unam.mx/Licenciatura2026/resultados/1/10704005.html,142,777,662,87,144,019189,77,,No seleccionado,,Consultar
1,Licenciatura 2026,107,10704005,INGENIERIA CIVIL,FES ARAGÓN,Escolarizado,https://www.dgae.unam.mx/Licenciatura2026/resultados/1/10704005.html,142,777,662,87,144,019216,44,,No seleccionado,,Consultar
1,Licenciatura 2026,107,10704005,INGENIERIA CIVIL,FES ARAGÓN,Escolarizado,https://www.dgae.unam.mx/Licenciatura2026/resultados/1/10704005.html,142,777,662,87,144,019279,86,,No seleccionado,,Consultar
1,Licenciatura 2026,107,10704005,INGENIERIA CIVIL,FES ARAGÓN,Escolarizado,https://www.dgae.unam.mx/Licenciatura2026/resultados/1/10704005.html,142,777,662,87,144,019289,55,,No seleccionado,,Consultar
1,Licenciatura 2026,107,10704005,INGENIERIA CIVIL,FES ARAGÓN,Escolarizado,https://www.dgae.unam.mx/Licenciatura2026/resultados/1/10704005.html,142,777,662,87,144,019294,42,,No seleccionado,,Consultar
1,Licenciatura 2026,107,10704005,INGENIERIA CIVIL,FES ARAGÓN,Escolarizado,https://www.dgae.unam.mx/Licenciatura2026/resultados/1/10704005.html,142,777,662,87,144,019335,63,,No seleccionado,,Consultar
1,Licenciatura 2026,107,10704005,INGENIERIA CIVIL,FES ARAGÓN,Escolarizado,https://www.dgae.unam.mx/Licenciatura2026/resultados/1/10704005.html,142,777,662,87,144,019352,,N,No presentado,,Consultar
1,Licenciatura 2026,107,10704005,INGENIERIA CIVIL,FES ARAGÓN,Escolarizado,https://www.dgae.unam.mx/Licenciatura2026/resultados/1/10704005.html,142,777,662,87,144,019415,54,,No seleccionado,,Consultar
1,Licenciatura 2026,107,10704005,INGENIERIA CIVIL,FES ARAGÓN,Escolarizado,https://www.dgae.unam.mx/Licenciatura2026/resultados/1/10704005.html,142,777,662,87,144,019445,58,,No seleccionado,,Consultar
1,Licenciatura 2026,107,10704005,INGENIERIA CIVIL,FES ARAGÓN,Escolarizado,https://www.dgae.unam.mx/Licenciatura2026/resultados/1/10704005.html,142,777,662,87,144,019487,57,,No seleccionado,,Consultar
1,Licenciatura 2026,107,10704005,INGENIERIA CIVIL,FES ARAGÓN,Escolarizado,https://www.dgae.unam.mx/Licenciatura2026/resultados/1/10704005.html,142,777,662,87,144,019495,59,,No seleccionado,,Consultar
1,Licenciatura 2026,107,10704005,INGENIERIA CIVIL,FES ARAGÓN,Escolarizado,https://www.dgae.unam.mx/Licenciatura2026/resultados/1/10704005.html,142,777,662,87,144,019591,97,S,Seleccionado,Cita para entregar documentación.,Consultar
1,Licenciatura 2026,107,10704005,INGENIERIA CIVIL,FES ARAGÓN,Escolarizado,https://www.dgae.unam.mx/Licenciatura2026/resultados/1/10704005.html,142,777,662,87,144,019597,59,,No seleccionado,,Consultar
1,Licenciatura 2026,107,10704005,INGENIERIA CIVIL,FES ARAGÓN,Escolarizado,https://www.dgae.unam.mx/Licenciatura2026/resultados/1/10704005.html,142,777,662,87,144,019638,33,,No seleccionado,,Consultar
1,Licenciatura 2026,107,10704005,INGENIERIA CIVIL,FES ARAGÓN,Escolarizado,https://www.dgae.unam.mx/Licenciatura2026/resultados/1/10704005.html,142,777,662,87,144,019649,,N,No presentado,,Consultar
1,Licenciatura 2026,107,10704005,INGENIERIA CIVIL,FES ARAGÓN,Escolarizado,https://www.dgae.unam.mx/Licenciatura2026/resultados/1/10704005.html,142,777,662,87,144,019682,29,,No seleccionado,,Consultar
1,Licenciatura 2026,107,10704005,INGENIERIA CIVIL,FES ARAGÓN,Escolarizado,https://www.dgae.unam.mx/Licenciatura2026/resultados/1/10704005.html,142,777,662,87,144,019702,70,,No seleccionado,,Consultar
1,Licenciatura 2026,107,10704005,INGENIERIA CIVIL,FES ARAGÓN,Escolarizado,https://www.dgae.unam.mx/Licenciatura2026/resultados/1/10704005.html,142,777,662,87,144,019731,34,,No seleccionado,,Consultar
1,Licenciatura 2026,107,10704005,INGENIERIA CIVIL,FES ARAGÓN,Escolarizado,https://www.dgae.unam.mx/Licenciatura2026/resultados/1/10704005.html,142,777,662,87,144,019773,57,,No seleccionado,,Consultar
1,Licenciatura 2026,107,10704005,INGENIERIA CIVIL,FES ARAGÓN,Escolarizado,https://www.dgae.unam.mx/Licenciatura2026/resultados/1/10704005.html,142,777,662,87,144,019776,94,S,Seleccionado,Cita para entregar documentación.,Consultar
1,Licenciatura 2026,107,10704005,INGENIERIA CIVIL,FES ARAGÓN,Escolarizado,https://www.dgae.unam.mx/Licenciatura2026/resultados/1/10704005.html,142,777,662,87,144,019802,70,,No seleccionado,,Consultar
1,Licenciatura 2026,107,10704005,INGENIERIA CIVIL,FES ARAGÓN,Escolarizado,https://www.dgae.unam.mx/Licenciatura2026/resultados/1/10704005.html,142,777,662,87,144,019832,107,S,Seleccionado,Cita para entregar documentación.,Consultar
1,Licenciatura 2026,107,10704005,INGENIERIA CIVIL,FES ARAGÓN,Escolarizado,https://www.dgae.unam.mx/Licenciatura2026/resultados/1/10704005.html,142,777,662,87,144,019861,32,,No seleccionado,,Consultar
1,Licenciatura 2026,107,10704005,INGENIERIA CIVIL,FES ARAGÓN,Escolarizado,https://www.dgae.unam.mx/Licenciatura2026/resultados/1/10704005.html,142,777,662,87,144,019888,49,,No seleccionado,,Consultar
1,Licenciatura 2026,107,10704005,INGENIERIA CIVIL,FES ARAGÓN,Escolarizado,https://www.dgae.unam.mx/Licenciatura2026/resultados/1/10704005.html,142,777,662,87,144,019896,98,S,Seleccionado,Cita para entregar documentación.,Consultar
1,Licenciatura 2026,107,10704005,INGENIERIA CIVIL,FES ARAGÓN,Escolarizado,https://www.dgae.unam.mx/Licenciatura2026/resultados/1/10704005.html,142,777,662,87,144,019975,50,,No seleccionado,,Consultar
1,Licenciatura 2026,107,10704005,INGENIERIA CIVIL,FES ARAGÓN,Escolarizado,https://www.dgae.unam.mx/Licenciatura2026/resultados/1/10704005.html,142,777,662,87,144,020135,85,,No seleccionado,,Consultar
1,Licenciatura 2026,107,10704005,INGENIERIA CIVIL,FES ARAGÓN,Escolarizado,https://www.dgae.unam.mx/Licenciatura2026/resultados/1/10704005.html,142,777,662,87,144,020150,86,,No seleccionado,,Consultar
1,Licenciatura 2026,107,10704005,INGENIERIA CIVIL,FES ARAGÓN,Escolarizado,https://www.dgae.unam.mx/Licenciatura2026/resultados/1/10704005.html,142,777,662,87,144,020168,92,S,Seleccionado,Cita para entregar documentación.,Consultar
1,Licenciatura 2026,107,10704005,INGENIERIA CIVIL,FES ARAGÓN,Escolarizado,https://www.dgae.unam.mx/Licenciatura2026/resultados/1/10704005.html,142,777,662,87,144,020195,34,,No seleccionado,,Consultar
1,Licenciatura 2026,107,10704005,INGENIERIA CIVIL,FES ARAGÓN,Escolarizado,https://www.dgae.unam.mx/Licenciatura2026/resultados/1/10704005.html,142,777,662,87,144,020279,43,,No seleccionado,,Consultar
1,Licenciatura 2026,107,10704005,INGENIERIA CIVIL,FES ARAGÓN,Escolarizado,https://www.dgae.unam.mx/Licenciatura2026/resultados/1/10704005.html,142,777,662,87,144,020343,47,,No seleccionado,,Consultar
1,Licenciatura 2026,107,10704005,INGENIERIA CIVIL,FES ARAGÓN,Escolarizado,https://www.dgae.unam.mx/Licenciatura2026/resultados/1/10704005.html,142,777,662,87,144,020365,38,,No seleccionado,,Consultar
1,Licenciatura 2026,107,10704005,INGENIERIA CIVIL,FES ARAGÓN,Escolarizado,https://www.dgae.unam.mx/Licenciatura2026/resultados/1/10704005.html,142,777,662,87,144,020468,,N,No presentado,,Consultar
1,Licenciatura 2026,107,10704005,INGENIERIA CIVIL,FES ARAGÓN,Escolarizado,https://www.dgae.unam.mx/Licenciatura2026/resultados/1/10704005.html,142,777,662,87,144,020489,43,,No seleccionado,,Consultar
1,Licenciatura 2026,107,10704005,INGENIERIA CIVIL,FES ARAGÓN,Escolarizado,https://www.dgae.unam.mx/Licenciatura2026/resultados/1/10704005.html,142,777,662,87,144,020513,71,,No seleccionado,,Consultar
1,Licenciatura 2026,107,10704005,INGENIERIA CIVIL,FES ARAGÓN,Escolarizado,https://www.dgae.unam.mx/Licenciatura2026/resultados/1/10704005.html,142,777,662,87,144,020646,,N,No presentado,,Consultar
1,Licenciatura 2026,107,10704005,INGENIERIA CIVIL,FES ARAGÓN,Escolarizado,https://www.dgae.unam.mx/Licenciatura2026/resultados/1/10704005.html,142,777,662,87,144,020686,,N,No presentado,,Consultar
1,Licenciatura 2026,107,10704005,INGENIERIA CIVIL,FES ARAGÓN,Escolarizado,https://www.dgae.unam.mx/Licenciatura2026/resultados/1/10704005.html,142,777,662,87,144,020755,39,,No seleccionado,,Consultar
1,Licenciatura 2026,107,10704005,INGENIERIA CIVIL,FES ARAGÓN,Escolarizado,https://www.dgae.unam.mx/Licenciatura2026/resultados/1/10704005.html,142,777,662,87,144,020890,102,S,Seleccionado,Cita para entregar documentación.,Consultar
1,Licenciatura 2026,107,10704005,INGENIERIA CIVIL,FES ARAGÓN,Escolarizado,https://www.dgae.unam.mx/Licenciatura2026/resultados/1/10704005.html,142,777,662,87,144,021077,,N,No presentado,,Consultar
1,Licenciatura 2026,107,10704005,INGENIERIA CIVIL,FES ARAGÓN,Escolarizado,https://www.dgae.unam.mx/Licenciatura2026/resultados/1/10704005.html,142,777,662,87,144,021107,39,,No seleccionado,,Consultar
1,Licenciatura 2026,107,10704005,INGENIERIA CIVIL,FES ARAGÓN,Escolarizado,https://www.dgae.unam.mx/Licenciatura2026/resultados/1/10704005.html,142,777,662,87,144,021135,77,,No seleccionado,,Consultar
1,Licenciatura 2026,107,10704005,INGENIERIA CIVIL,FES ARAGÓN,Escolarizado,https://www.dgae.unam.mx/Licenciatura2026/resultados/1/10704005.html,142,777,662,87,144,021143,,N,No presentado,,Consultar
1,Licenciatura 2026,107,10704005,INGENIERIA CIVIL,FES ARAGÓN,Escolarizado,https://www.dgae.unam.mx/Licenciatura2026/resultados/1/10704005.html,142,777,662,87,144,021160,70,,No seleccionado,,Consultar
1,Licenciatura 2026,107,10704005,INGENIERIA CIVIL,FES ARAGÓN,Escolarizado,https://www.dgae.unam.mx/Licenciatura2026/resultados/1/10704005.html,142,777,662,87,144,021290,76,,No seleccionado,,Consultar
1,Licenciatura 2026,107,10704005,INGENIERIA CIVIL,FES ARAGÓN,Escolarizado,https://www.dgae.unam.mx/Licenciatura2026/resultados/1/10704005.html,142,777,662,87,144,021345,92,S,Seleccionado,Cita para entregar documentación.,Consultar
1,Licenciatura 2026,107,10704005,INGENIERIA CIVIL,FES ARAGÓN,Escolarizado,https://www.dgae.unam.mx/Licenciatura2026/resultados/1/10704005.html,142,777,662,87,144,021379,78,,No seleccionado,,Consultar
1,Licenciatura 2026,107,10704005,INGENIERIA CIVIL,FES ARAGÓN,Escolarizado,https://www.dgae.unam.mx/Licenciatura2026/resultados/1/10704005.html,142,777,662,87,144,021416,106,S,Seleccionado,,Consultar
1,Licenciatura 2026,107,10704005,INGENIERIA CIVIL,FES ARAGÓN,Escolarizado,https://www.dgae.unam.mx/Licenciatura2026/resultados/1/10704005.html,142,777,662,87,144,021429,112,S,Seleccionado,,Consultar
1,Licenciatura 2026,107,10704005,INGENIERIA CIVIL,FES ARAGÓN,Escolarizado,https://www.dgae.unam.mx/Licenciatura2026/resultados/1/10704005.html,142,777,662,87,144,021447,63,,No seleccionado,,Consultar
1,Licenciatura 2026,107,10704005,INGENIERIA CIVIL,FES ARAGÓN,Escolarizado,https://www.dgae.unam.mx/Licenciatura2026/resultados/1/10704005.html,142,777,662,87,144,021450,,N,No presentado,,Consultar
1,Licenciatura 2026,107,10704005,INGENIERIA CIVIL,FES ARAGÓN,Escolarizado,https://www.dgae.unam.mx/Licenciatura2026/resultados/1/10704005.html,142,777,662,87,144,021455,37,,No seleccionado,,Consultar
1,Licenciatura 2026,107,10704005,INGENIERIA CIVIL,FES ARAGÓN,Escolarizado,https://www.dgae.unam.mx/Licenciatura2026/resultados/1/10704005.html,142,777,662,87,144,021471,31,,No seleccionado,,Consultar
1,Licenciatura 2026,107,10704005,INGENIERIA CIVIL,FES ARAGÓN,Escolarizado,https://www.dgae.unam.mx/Licenciatura2026/resultados/1/10704005.html,142,777,662,87,144,021479,108,S,Seleccionado,Cita para entregar documentación.,Consultar
1,Licenciatura 2026,107,10704005,INGENIERIA CIVIL,FES ARAGÓN,Escolarizado,https://www.dgae.unam.mx/Licenciatura2026/resultados/1/10704005.html,142,777,662,87,144,021564,35,,No seleccionado,,Consultar
1,Licenciatura 2026,107,10704005,INGENIERIA CIVIL,FES ARAGÓN,Escolarizado,https://www.dgae.unam.mx/Licenciatura2026/resultados/1/10704005.html,142,777,662,87,144,021687,92,S,Seleccionado,Cita para entregar documentación.,Consultar
1,Licenciatura 2026,107,10704005,INGENIERIA CIVIL,FES ARAGÓN,Escolarizado,https://www.dgae.unam.mx/Licenciatura2026/resultados/1/10704005.html,142,777,662,87,144,021731,31,,No seleccionado,,Consultar
1,Licenciatura 2026,107,10704005,INGENIERIA CIVIL,FES ARAGÓN,Escolarizado,https://www.dgae.unam.mx/Licenciatura2026/resultados/1/10704005.html,142,777,662,87,144,021733,40,,No seleccionado,,Consultar
1,Licenciatura 2026,107,10704005,INGENIERIA CIVIL,FES ARAGÓN,Escolarizado,https://www.dgae.unam.mx/Licenciatura2026/resultados/1/10704005.html,142,777,662,87,144,021779,47,,No seleccionado,,Consultar
1,Licenciatura 2026,107,10704005,INGENIERIA CIVIL,FES ARAGÓN,Escolarizado,https://www.dgae.unam.mx/Licenciatura2026/resultados/1/10704005.html,142,777,662,87,144,021824,97,S,Seleccionado,Cita para entregar documentación.,Consultar
1,Licenciatura 2026,107,10704005,INGENIERIA CIVIL,FES ARAGÓN,Escolarizado,https://www.dgae.unam.mx/Licenciatura2026/resultados/1/10704005.html,142,777,662,87,144,021826,45,,No seleccionado,,Consultar
1,Licenciatura 2026,107,10704005,INGENIERIA CIVIL,FES ARAGÓN,Escolarizado,https://www.dgae.unam.mx/Licenciatura2026/resultados/1/10704005.html,142,777,662,87,144,021833,80,,No seleccionado,,Consultar
1,Licenciatura 2026,107,10704005,INGENIERIA CIVIL,FES ARAGÓN,Escolarizado,https://www.dgae.unam.mx/Licenciatura2026/resultados/1/10704005.html,142,777,662,87,144,021909,73,,No seleccionado,,Consultar
1,Licenciatura 2026,107,10704005,INGENIERIA CIVIL,FES ARAGÓN,Escolarizado,https://www.dgae.unam.mx/Licenciatura2026/resultados/1/10704005.html,142,777,662,87,144,021929,82,,No seleccionado,,Consultar
1,Licenciatura 2026,107,10704005,INGENIERIA CIVIL,FES ARAGÓN,Escolarizado,https://www.dgae.unam.mx/Licenciatura2026/resultados/1/10704005.html,142,777,662,87,144,021952,64,,No seleccionado,,Consultar
1,Licenciatura 2026,107,10704005,INGENIERIA CIVIL,FES ARAGÓN,Escolarizado,https://www.dgae.unam.mx/Licenciatura2026/resultados/1/10704005.html,142,777,662,87,144,021990,92,S,Seleccionado,Cita para entregar documentación.,Consultar
1,Licenciatura 2026,107,10704005,INGENIERIA CIVIL,FES ARAGÓN,Escolarizado,https://www.dgae.unam.mx/Licenciatura2026/resultados/1/10704005.html,142,777,662,87,144,022083,24,,No seleccionado,,Consultar
1,Licenciatura 2026,107,10704005,INGENIERIA CIVIL,FES ARAGÓN,Escolarizado,https://www.dgae.unam.mx/Licenciatura2026/resultados/1/10704005.html,142,777,662,87,144,022099,85,,No seleccionado,,Consultar
1,Licenciatura 2026,107,10704005,INGENIERIA CIVIL,FES ARAGÓN,Escolarizado,https://www.dgae.unam.mx/Licenciatura2026/resultados/1/10704005.html,142,777,662,87,144,022104,43,,No seleccionado,,Consultar
1,Licenciatura 2026,107,10704005,INGENIERIA CIVIL,FES ARAGÓN,Escolarizado,https://www.dgae.unam.mx/Licenciatura2026/resultados/1/10704005.html,142,777,662,87,144,022331,53,,No seleccionado,,Consultar
1,Licenciatura 2026,107,10704005,INGENIERIA CIVIL,FES ARAGÓN,Escolarizado,https://www.dgae.unam.mx/Licenciatura2026/resultados/1/10704005.html,142,777,662,87,144,022355,80,,No seleccionado,,Consultar
1,Licenciatura 2026,107,10704005,INGENIERIA CIVIL,FES ARAGÓN,Escolarizado,https://www.dgae.unam.mx/Licenciatura2026/resultados/1/10704005.html,142,777,662,87,144,022439,55,,No seleccionado,,Consultar
1,Licenciatura 2026,107,10704005,INGENIERIA CIVIL,FES ARAGÓN,Escolarizado,https://www.dgae.unam.mx/Licenciatura2026/resultados/1/10704005.html,142,777,662,87,144,022441,93,S,Seleccionado,,Consultar
1,Licenciatura 2026,107,10704005,INGENIERIA CIVIL,FES ARAGÓN,Escolarizado,https://www.dgae.unam.mx/Licenciatura2026/resultados/1/10704005.html,142,777,662,87,144,022468,46,,No seleccionado,,Consultar
1,Licenciatura 2026,107,10704005,INGENIERIA CIVIL,FES ARAGÓN,Escolarizado,https://www.dgae.unam.mx/Licenciatura2026/resultados/1/10704005.html,142,777,662,87,144,022491,,N,No presentado,,Consultar
1,Licenciatura 2026,107,10704005,INGENIERIA CIVIL,FES ARAGÓN,Escolarizado,https://www.dgae.unam.mx/Licenciatura2026/resultados/1/10704005.html,142,777,662,87,144,022492,80,,No seleccionado,,Consultar
1,Licenciatura 2026,107,10704005,INGENIERIA CIVIL,FES ARAGÓN,Escolarizado,https://www.dgae.unam.mx/Licenciatura2026/resultados/1/10704005.html,142,777,662,87,144,022568,69,,No seleccionado,,Consultar
1,Licenciatura 2026,107,10704005,INGENIERIA CIVIL,FES ARAGÓN,Escolarizado,https://www.dgae.unam.mx/Licenciatura2026/resultados/1/10704005.html,142,777,662,87,144,022614,92,S,Seleccionado,Cita para entregar documentación.,Consultar
1,Licenciatura 2026,107,10704005,INGENIERIA CIVIL,FES ARAGÓN,Escolarizado,https://www.dgae.unam.mx/Licenciatura2026/resultados/1/10704005.html,142,777,662,87,144,022621,48,,No seleccionado,,Consultar
1,Licenciatura 2026,107,10704005,INGENIERIA CIVIL,FES ARAGÓN,Escolarizado,https://www.dgae.unam.mx/Licenciatura2026/resultados/1/10704005.html,142,777,662,87,144,022638,47,,No seleccionado,,Consultar
1,Licenciatura 2026,107,10704005,INGENIERIA CIVIL,FES ARAGÓN,Escolarizado,https://www.dgae.unam.mx/Licenciatura2026/resultados/1/10704005.html,142,777,662,87,144,022672,89,S,Seleccionado,Cita para entregar documentación.,Consultar
1,Licenciatura 2026,107,10704005,INGENIERIA CIVIL,FES ARAGÓN,Escolarizado,https://www.dgae.unam.mx/Licenciatura2026/resultados/1/10704005.html,142,777,662,87,144,022744,45,,No seleccionado,,Consultar
1,Licenciatura 2026,107,10704005,INGENIERIA CIVIL,FES ARAGÓN,Escolarizado,https://www.dgae.unam.mx/Licenciatura2026/resultados/1/10704005.html,142,777,662,87,144,022820,54,,No seleccionado,,Consultar
1,Licenciatura 2026,107,10704005,INGENIERIA CIVIL,FES ARAGÓN,Escolarizado,https://www.dgae.unam.mx/Licenciatura2026/resultados/1/10704005.html,142,777,662,87,144,022824,44,,No seleccionado,,Consultar
1,Licenciatura 2026,107,10704005,INGENIERIA CIVIL,FES ARAGÓN,Escolarizado,https://www.dgae.unam.mx/Licenciatura2026/resultados/1/10704005.html,142,777,662,87,144,022837,,N,No presentado,,Consultar
1,Licenciatura 2026,107,10704005,INGENIERIA CIVIL,FES ARAGÓN,Escolarizado,https://www.dgae.unam.mx/Licenciatura2026/resultados/1/10704005.html,142,777,662,87,144,022853,96,S,Seleccionado,Cita para entregar documentación.,Consultar
1,Licenciatura 2026,107,10704005,INGENIERIA CIVIL,FES ARAGÓN,Escolarizado,https://www.dgae.unam.mx/Licenciatura2026/resultados/1/10704005.html,142,777,662,87,144,022889,48,,No seleccionado,,Consultar
1,Licenciatura 2026,107,10704005,INGENIERIA CIVIL,FES ARAGÓN,Escolarizado,https://www.dgae.unam.mx/Licenciatura2026/resultados/1/10704005.html,142,777,662,87,144,022958,83,,No seleccionado,,Consultar
1,Licenciatura 2026,107,10704005,INGENIERIA CIVIL,FES ARAGÓN,Escolarizado,https://www.dgae.unam.mx/Licenciatura2026/resultados/1/10704005.html,142,777,662,87,144,022987,67,,No seleccionado,,Consultar
1,Licenciatura 2026,107,10704005,INGENIERIA CIVIL,FES ARAGÓN,Escolarizado,https://www.dgae.unam.mx/Licenciatura2026/resultados/1/10704005.html,142,777,662,87,144,023075,60,,No seleccionado,,Consultar
1,Licenciatura 2026,107,10704005,INGENIERIA CIVIL,FES ARAGÓN,Escolarizado,https://www.dgae.unam.mx/Licenciatura2026/resultados/1/10704005.html,142,777,662,87,144,023129,62,,No seleccionado,,Consultar
1,Licenciatura 2026,107,10704005,INGENIERIA CIVIL,FES ARAGÓN,Escolarizado,https://www.dgae.unam.mx/Licenciatura2026/resultados/1/10704005.html,142,777,662,87,144,023166,78,,No seleccionado,,Consultar
1,Licenciatura 2026,107,10704005,INGENIERIA CIVIL,FES ARAGÓN,Escolarizado,https://www.dgae.unam.mx/Licenciatura2026/resultados/1/10704005.html,142,777,662,87,144,023178,73,,No seleccionado,,Consultar
1,Licenciatura 2026,107,10704005,INGENIERIA CIVIL,FES ARAGÓN,Escolarizado,https://www.dgae.unam.mx/Licenciatura2026/resultados/1/10704005.html,142,777,662,87,144,023197,37,,No seleccionado,,Consultar
1,Licenciatura 2026,107,10704005,INGENIERIA CIVIL,FES ARAGÓN,Escolarizado,https://www.dgae.unam.mx/Licenciatura2026/resultados/1/10704005.html,142,777,662,87,144,023220,,N,No presentado,,Consultar
1,Licenciatura 2026,107,10704005,INGENIERIA CIVIL,FES ARAGÓN,Escolarizado,https://www.dgae.unam.mx/Licenciatura2026/resultados/1/10704005.html,142,777,662,87,144,023284,52,,No seleccionado,,Consultar
1,Licenciatura 2026,107,10704005,INGENIERIA CIVIL,FES ARAGÓN,Escolarizado,https://www.dgae.unam.mx/Licenciatura2026/resultados/1/10704005.html,142,777,662,87,144,023323,94,S,Seleccionado,Cita para entregar documentación.,Consultar
1,Licenciatura 2026,107,10704005,INGENIERIA CIVIL,FES ARAGÓN,Escolarizado,https://www.dgae.unam.mx/Licenciatura2026/resultados/1/10704005.html,142,777,662,87,144,023326,79,,No seleccionado,,Consultar
1,Licenciatura 2026,107,10704005,INGENIERIA CIVIL,FES ARAGÓN,Escolarizado,https://www.dgae.unam.mx/Licenciatura2026/resultados/1/10704005.html,142,777,662,87,144,023346,,N,No presentado,,Consultar
1,Licenciatura 2026,107,10704005,INGENIERIA CIVIL,FES ARAGÓN,Escolarizado,https://www.dgae.unam.mx/Licenciatura2026/resultados/1/10704005.html,142,777,662,87,144,023356,92,S,Seleccionado,,Consultar
1,Licenciatura 2026,107,10704005,INGENIERIA CIVIL,FES ARAGÓN,Escolarizado,https://www.dgae.unam.mx/Licenciatura2026/resultados/1/10704005.html,142,777,662,87,144,023432,30,,No seleccionado,,Consultar
1,Licenciatura 2026,107,10704005,INGENIERIA CIVIL,FES ARAGÓN,Escolarizado,https://www.dgae.unam.mx/Licenciatura2026/resultados/1/10704005.html,142,777,662,87,144,023459,,N,No presentado,,Consultar
1,Licenciatura 2026,107,10704005,INGENIERIA CIVIL,FES ARAGÓN,Escolarizado,https://www.dgae.unam.mx/Licenciatura2026/resultados/1/10704005.html,142,777,662,87,144,023529,,N,No presentado,,Consultar
1,Licenciatura 2026,107,10704005,INGENIERIA CIVIL,FES ARAGÓN,Escolarizado,https://www.dgae.unam.mx/Licenciatura2026/resultados/1/10704005.html,142,777,662,87,144,023564,49,,No seleccionado,,Consultar
1,Licenciatura 2026,107,10704005,INGENIERIA CIVIL,FES ARAGÓN,Escolarizado,https://www.dgae.unam.mx/Licenciatura2026/resultados/1/10704005.html,142,777,662,87,144,023568,65,,No seleccionado,,Consultar
1,Licenciatura 2026,107,10704005,INGENIERIA CIVIL,FES ARAGÓN,Escolarizado,https://www.dgae.unam.mx/Licenciatura2026/resultados/1/10704005.html,142,777,662,87,144,023683,35,,No seleccionado,,Consultar
1,Licenciatura 2026,107,10704005,INGENIERIA CIVIL,FES ARAGÓN,Escolarizado,https://www.dgae.unam.mx/Licenciatura2026/resultados/1/10704005.html,142,777,662,87,144,023787,97,S,Seleccionado,Cita para entregar documentación.,Consultar
1,Licenciatura 2026,107,10704005,INGENIERIA CIVIL,FES ARAGÓN,Escolarizado,https://www.dgae.unam.mx/Licenciatura2026/resultados/1/10704005.html,142,777,662,87,144,023820,77,,No seleccionado,,Consultar
1,Licenciatura 2026,107,10704005,INGENIERIA CIVIL,FES ARAGÓN,Escolarizado,https://www.dgae.unam.mx/Licenciatura2026/resultados/1/10704005.html,142,777,662,87,144,023871,65,,No seleccionado,,Consultar
1,Licenciatura 2026,107,10704005,INGENIERIA CIVIL,FES ARAGÓN,Escolarizado,https://www.dgae.unam.mx/Licenciatura2026/resultados/1/10704005.html,142,777,662,87,144,023932,102,S,Seleccionado,Cita para entregar documentación.,Consultar
1,Licenciatura 2026,107,10704005,INGENIERIA CIVIL,FES ARAGÓN,Escolarizado,https://www.dgae.unam.mx/Licenciatura2026/resultados/1/10704005.html,142,777,662,87,144,023987,63,,No seleccionado,,Consultar
1,Licenciatura 2026,107,10704005,INGENIERIA CIVIL,FES ARAGÓN,Escolarizado,https://www.dgae.unam.mx/Licenciatura2026/resultados/1/10704005.html,142,777,662,87,144,023991,82,,No seleccionado,,Consultar
1,Licenciatura 2026,107,10704005,INGENIERIA CIVIL,FES ARAGÓN,Escolarizado,https://www.dgae.unam.mx/Licenciatura2026/resultados/1/10704005.html,142,777,662,87,144,024013,76,,No seleccionado,,Consultar
1,Licenciatura 2026,107,10704005,INGENIERIA CIVIL,FES ARAGÓN,Escolarizado,https://www.dgae.unam.mx/Licenciatura2026/resultados/1/10704005.html,142,777,662,87,144,024119,55,,No seleccionado,,Consultar
1,Licenciatura 2026,107,10704005,INGENIERIA CIVIL,FES ARAGÓN,Escolarizado,https://www.dgae.unam.mx/Licenciatura2026/resultados/1/10704005.html,142,777,662,87,144,024121,66,,No seleccionado,,Consultar
1,Licenciatura 2026,107,10704005,INGENIERIA CIVIL,FES ARAGÓN,Escolarizado,https://www.dgae.unam.mx/Licenciatura2026/resultados/1/10704005.html,142,777,662,87,144,024137,49,,No seleccionado,,Consultar
1,Licenciatura 2026,107,10704005,INGENIERIA CIVIL,FES ARAGÓN,Escolarizado,https://www.dgae.unam.mx/Licenciatura2026/resultados/1/10704005.html,142,777,662,87,144,024230,,N,No presentado,,Consultar
1,Licenciatura 2026,107,10704005,INGENIERIA CIVIL,FES ARAGÓN,Escolarizado,https://www.dgae.unam.mx/Licenciatura2026/resultados/1/10704005.html,142,777,662,87,144,024270,69,,No seleccionado,,Consultar
1,Licenciatura 2026,107,10704005,INGENIERIA CIVIL,FES ARAGÓN,Escolarizado,https://www.dgae.unam.mx/Licenciatura2026/resultados/1/10704005.html,142,777,662,87,144,024390,58,,No seleccionado,,Consultar
1,Licenciatura 2026,107,10704005,INGENIERIA CIVIL,FES ARAGÓN,Escolarizado,https://www.dgae.unam.mx/Licenciatura2026/resultados/1/10704005.html,142,777,662,87,144,024402,43,,No seleccionado,,Consultar
1,Licenciatura 2026,107,10704005,INGENIERIA CIVIL,FES ARAGÓN,Escolarizado,https://www.dgae.unam.mx/Licenciatura2026/resultados/1/10704005.html,142,777,662,87,144,024415,73,,No seleccionado,,Consultar
1,Licenciatura 2026,107,10704005,INGENIERIA CIVIL,FES ARAGÓN,Escolarizado,https://www.dgae.unam.mx/Licenciatura2026/resultados/1/10704005.html,142,777,662,87,144,024438,86,,No seleccionado,,Consultar
1,Licenciatura 2026,107,10704005,INGENIERIA CIVIL,FES ARAGÓN,Escolarizado,https://www.dgae.unam.mx/Licenciatura2026/resultados/1/10704005.html,142,777,662,87,144,024457,64,,No seleccionado,,Consultar
1,Licenciatura 2026,107,10704005,INGENIERIA CIVIL,FES ARAGÓN,Escolarizado,https://www.dgae.unam.mx/Licenciatura2026/resultados/1/10704005.html,142,777,662,87,144,024511,108,S,Seleccionado,Cita para entregar documentación.,Consultar
1,Licenciatura 2026,107,10704005,INGENIERIA CIVIL,FES ARAGÓN,Escolarizado,https://www.dgae.unam.mx/Licenciatura2026/resultados/1/10704005.html,142,777,662,87,144,024547,78,,No seleccionado,,Consultar
1,Licenciatura 2026,107,10704005,INGENIERIA CIVIL,FES ARAGÓN,Escolarizado,https://www.dgae.unam.mx/Licenciatura2026/resultados/1/10704005.html,142,777,662,87,144,024569,80,,No seleccionado,,Consultar
1,Licenciatura 2026,107,10704005,INGENIERIA CIVIL,FES ARAGÓN,Escolarizado,https://www.dgae.unam.mx/Licenciatura2026/resultados/1/10704005.html,142,777,662,87,144,024582,,N,No presentado,,Consultar
1,Licenciatura 2026,107,10704005,INGENIERIA CIVIL,FES ARAGÓN,Escolarizado,https://www.dgae.unam.mx/Licenciatura2026/resultados/1/10704005.html,142,777,662,87,144,024609,31,,No seleccionado,,Consultar
1,Licenciatura 2026,107,10704005,INGENIERIA CIVIL,FES ARAGÓN,Escolarizado,https://www.dgae.unam.mx/Licenciatura2026/resultados/1/10704005.html,142,777,662,87,144,024649,56,,No seleccionado,,Consultar
1,Licenciatura 2026,107,10704005,INGENIERIA CIVIL,FES ARAGÓN,Escolarizado,https://www.dgae.unam.mx/Licenciatura2026/resultados/1/10704005.html,142,777,662,87,144,024723,111,S,Seleccionado,Cita para entregar documentación.,Consultar
1,Licenciatura 2026,107,10704005,INGENIERIA CIVIL,FES ARAGÓN,Escolarizado,https://www.dgae.unam.mx/Licenciatura2026/resultados/1/10704005.html,142,777,662,87,144,024732,44,,No seleccionado,,Consultar
1,Licenciatura 2026,107,10704005,INGENIERIA CIVIL,FES ARAGÓN,Escolarizado,https://www.dgae.unam.mx/Licenciatura2026/resultados/1/10704005.html,142,777,662,87,144,024739,31,,No seleccionado,,Consultar
1,Licenciatura 2026,107,10704005,INGENIERIA CIVIL,FES ARAGÓN,Escolarizado,https://www.dgae.unam.mx/Licenciatura2026/resultados/1/10704005.html,142,777,662,87,144,024764,62,,No seleccionado,,Consultar
1,Licenciatura 2026,107,10704005,INGENIERIA CIVIL,FES ARAGÓN,Escolarizado,https://www.dgae.unam.mx/Licenciatura2026/resultados/1/10704005.html,142,777,662,87,144,024772,,N,No presentado,,Consultar
1,Licenciatura 2026,107,10704005,INGENIERIA CIVIL,FES ARAGÓN,Escolarizado,https://www.dgae.unam.mx/Licenciatura2026/resultados/1/10704005.html,142,777,662,87,144,024901,59,,No seleccionado,,Consultar
1,Licenciatura 2026,107,10704005,INGENIERIA CIVIL,FES ARAGÓN,Escolarizado,https://www.dgae.unam.mx/Licenciatura2026/resultados/1/10704005.html,142,777,662,87,144,024920,96,S,Seleccionado,Cita para entregar documentación.,Consultar
1,Licenciatura 2026,107,10704005,INGENIERIA CIVIL,FES ARAGÓN,Escolarizado,https://www.dgae.unam.mx/Licenciatura2026/resultados/1/10704005.html,142,777,662,87,144,024924,94,S,Seleccionado,Cita para entregar documentación.,Consultar
1,Licenciatura 2026,107,10704005,INGENIERIA CIVIL,FES ARAGÓN,Escolarizado,https://www.dgae.unam.mx/Licenciatura2026/resultados/1/10704005.html,142,777,662,87,144,024936,70,,No seleccionado,,Consultar
1,Licenciatura 2026,107,10704005,INGENIERIA CIVIL,FES ARAGÓN,Escolarizado,https://www.dgae.unam.mx/Licenciatura2026/resultados/1/10704005.html,142,777,662,87,144,024952,,N,No presentado,,Consultar
1,Licenciatura 2026,107,10704005,INGENIERIA CIVIL,FES ARAGÓN,Escolarizado,https://www.dgae.unam.mx/Licenciatura2026/resultados/1/10704005.html,142,777,662,87,144,024981,42,,No seleccionado,,Consultar
1,Licenciatura 2026,107,10704005,INGENIERIA CIVIL,FES ARAGÓN,Escolarizado,https://www.dgae.unam.mx/Licenciatura2026/resultados/1/10704005.html,142,777,662,87,144,025010,,N,No presentado,,Consultar
1,Licenciatura 2026,107,10704005,INGENIERIA CIVIL,FES ARAGÓN,Escolarizado,https://www.dgae.unam.mx/Licenciatura2026/resultados/1/10704005.html,142,777,662,87,144,025136,,N,No presentado,,Consultar
1,Licenciatura 2026,107,10704005,INGENIERIA CIVIL,FES ARAGÓN,Escolarizado,https://www.dgae.unam.mx/Licenciatura2026/resultados/1/10704005.html,142,777,662,87,144,025142,101,S,Seleccionado,Cita para entregar documentación.,Consultar
1,Licenciatura 2026,107,10704005,INGENIERIA CIVIL,FES ARAGÓN,Escolarizado,https://www.dgae.unam.mx/Licenciatura2026/resultados/1/10704005.html,142,777,662,87,144,025182,,N,No presentado,,Consultar
1,Licenciatura 2026,107,10704005,INGENIERIA CIVIL,FES ARAGÓN,Escolarizado,https://www.dgae.unam.mx/Licenciatura2026/resultados/1/10704005.html,142,777,662,87,144,025275,,N,No presentado,,Consultar
1,Licenciatura 2026,107,10704005,INGENIERIA CIVIL,FES ARAGÓN,Escolarizado,https://www.dgae.unam.mx/Licenciatura2026/resultados/1/10704005.html,142,777,662,87,144,025311,77,,No seleccionado,,Consultar
1,Licenciatura 2026,107,10704005,INGENIERIA CIVIL,FES ARAGÓN,Escolarizado,https://www.dgae.unam.mx/Licenciatura2026/resultados/1/10704005.html,142,777,662,87,144,025373,31,,No seleccionado,,Consultar
1,Licenciatura 2026,107,10704005,INGENIERIA CIVIL,FES ARAGÓN,Escolarizado,https://www.dgae.unam.mx/Licenciatura2026/resultados/1/10704005.html,142,777,662,87,144,025385,40,,No seleccionado,,Consultar
1,Licenciatura 2026,107,10704005,INGENIERIA CIVIL,FES ARAGÓN,Escolarizado,https://www.dgae.unam.mx/Licenciatura2026/resultados/1/10704005.html,142,777,662,87,144,025393,43,,No seleccionado,,Consultar
1,Licenciatura 2026,107,10704005,INGENIERIA CIVIL,FES ARAGÓN,Escolarizado,https://www.dgae.unam.mx/Licenciatura2026/resultados/1/10704005.html,142,777,662,87,144,025491,60,,No seleccionado,,Consultar
1,Licenciatura 2026,107,10704005,INGENIERIA CIVIL,FES ARAGÓN,Escolarizado,https://www.dgae.unam.mx/Licenciatura2026/resultados/1/10704005.html,142,777,662,87,144,025501,94,S,Seleccionado,Cita para entregar documentación.,Consultar
1,Licenciatura 2026,107,10704005,INGENIERIA CIVIL,FES ARAGÓN,Escolarizado,https://www.dgae.unam.mx/Licenciatura2026/resultados/1/10704005.html,142,777,662,87,144,025534,80,,No seleccionado,,Consultar
1,Licenciatura 2026,107,10704005,INGENIERIA CIVIL,FES ARAGÓN,Escolarizado,https://www.dgae.unam.mx/Licenciatura2026/resultados/1/10704005.html,142,777,662,87,144,025565,39,,No seleccionado,,Consultar
1,Licenciatura 2026,107,10704005,INGENIERIA CIVIL,FES ARAGÓN,Escolarizado,https://www.dgae.unam.mx/Licenciatura2026/resultados/1/10704005.html,142,777,662,87,144,025609,39,,No seleccionado,,Consultar
1,Licenciatura 2026,107,10704005,INGENIERIA CIVIL,FES ARAGÓN,Escolarizado,https://www.dgae.unam.mx/Licenciatura2026/resultados/1/10704005.html,142,777,662,87,144,025621,88,S,Seleccionado,Cita para entregar documentación.,Consultar
1,Licenciatura 2026,107,10704005,INGENIERIA CIVIL,FES ARAGÓN,Escolarizado,https://www.dgae.unam.mx/Licenciatura2026/resultados/1/10704005.html,142,777,662,87,144,025713,101,S,Seleccionado,Cita para entregar documentación.,Consultar
1,Licenciatura 2026,107,10704005,INGENIERIA CIVIL,FES ARAGÓN,Escolarizado,https://www.dgae.unam.mx/Licenciatura2026/resultados/1/10704005.html,142,777,662,87,144,025722,98,S,Seleccionado,Cita para entregar documentación.,Consultar
1,Licenciatura 2026,107,10704005,INGENIERIA CIVIL,FES ARAGÓN,Escolarizado,https://www.dgae.unam.mx/Licenciatura2026/resultados/1/10704005.html,142,777,662,87,144,025739,94,S,Seleccionado,Cita para entregar documentación.,Consultar
1,Licenciatura 2026,107,10704005,INGENIERIA CIVIL,FES ARAGÓN,Escolarizado,https://www.dgae.unam.mx/Licenciatura2026/resultados/1/10704005.html,142,777,662,87,144,025856,,N,No presentado,,Consultar
1,Licenciatura 2026,107,10704005,INGENIERIA CIVIL,FES ARAGÓN,Escolarizado,https://www.dgae.unam.mx/Licenciatura2026/resultados/1/10704005.html,142,777,662,87,144,025919,67,,No seleccionado,,Consultar
1,Licenciatura 2026,107,10704005,INGENIERIA CIVIL,FES ARAGÓN,Escolarizado,https://www.dgae.unam.mx/Licenciatura2026/resultados/1/10704005.html,142,777,662,87,144,025978,54,,No seleccionado,,Consultar
1,Licenciatura 2026,107,10704005,INGENIERIA CIVIL,FES ARAGÓN,Escolarizado,https://www.dgae.unam.mx/Licenciatura2026/resultados/1/10704005.html,142,777,662,87,144,025982,29,,No seleccionado,,Consultar
1,Licenciatura 2026,107,10704005,INGENIERIA CIVIL,FES ARAGÓN,Escolarizado,https://www.dgae.unam.mx/Licenciatura2026/resultados/1/10704005.html,142,777,662,87,144,026112,104,S,Seleccionado,Cita para entregar documentación.,Consultar
1,Licenciatura 2026,107,10704005,INGENIERIA CIVIL,FES ARAGÓN,Escolarizado,https://www.dgae.unam.mx/Licenciatura2026/resultados/1/10704005.html,142,777,662,87,144,026197,108,S,Seleccionado,Cita para entregar documentación.,Consultar
1,Licenciatura 2026,107,10704005,INGENIERIA CIVIL,FES ARAGÓN,Escolarizado,https://www.dgae.unam.mx/Licenciatura2026/resultados/1/10704005.html,142,777,662,87,144,026279,39,,No seleccionado,,Consultar
1,Licenciatura 2026,107,10704005,INGENIERIA CIVIL,FES ARAGÓN,Escolarizado,https://www.dgae.unam.mx/Licenciatura2026/resultados/1/10704005.html,142,777,662,87,144,026282,30,,No seleccionado,,Consultar
1,Licenciatura 2026,107,10704005,INGENIERIA CIVIL,FES ARAGÓN,Escolarizado,https://www.dgae.unam.mx/Licenciatura2026/resultados/1/10704005.html,142,777,662,87,144,026301,,N,No presentado,,Consultar
1,Licenciatura 2026,107,10704005,INGENIERIA CIVIL,FES ARAGÓN,Escolarizado,https://www.dgae.unam.mx/Licenciatura2026/resultados/1/10704005.html,142,777,662,87,144,026314,52,,No seleccionado,,Consultar
1,Licenciatura 2026,107,10704005,INGENIERIA CIVIL,FES ARAGÓN,Escolarizado,https://www.dgae.unam.mx/Licenciatura2026/resultados/1/10704005.html,142,777,662,87,144,026357,,N,No presentado,,Consultar
1,Licenciatura 2026,107,10704005,INGENIERIA CIVIL,FES ARAGÓN,Escolarizado,https://www.dgae.unam.mx/Licenciatura2026/resultados/1/10704005.html,142,777,662,87,144,026382,32,,No seleccionado,,Consultar
1,Licenciatura 2026,107,10704005,INGENIERIA CIVIL,FES ARAGÓN,Escolarizado,https://www.dgae.unam.mx/Licenciatura2026/resultados/1/10704005.html,142,777,662,87,144,026465,56,,No seleccionado,,Consultar
1,Licenciatura 2026,107,10704005,INGENIERIA CIVIL,FES ARAGÓN,Escolarizado,https://www.dgae.unam.mx/Licenciatura2026/resultados/1/10704005.html,142,777,662,87,144,026483,102,S,Seleccionado,Cita para entregar documentación.,Consultar
1,Licenciatura 2026,107,10704005,INGENIERIA CIVIL,FES ARAGÓN,Escolarizado,https://www.dgae.unam.mx/Licenciatura2026/resultados/1/10704005.html,142,777,662,87,144,026518,,N,No presentado,,Consultar
1,Licenciatura 2026,107,10704005,INGENIERIA CIVIL,FES ARAGÓN,Escolarizado,https://www.dgae.unam.mx/Licenciatura2026/resultados/1/10704005.html,142,777,662,87,144,026560,65,,No seleccionado,,Consultar
1,Licenciatura 2026,107,10704005,INGENIERIA CIVIL,FES ARAGÓN,Escolarizado,https://www.dgae.unam.mx/Licenciatura2026/resultados/1/10704005.html,142,777,662,87,144,026651,38,,No seleccionado,,Consultar
1,Licenciatura 2026,107,10704005,INGENIERIA CIVIL,FES ARAGÓN,Escolarizado,https://www.dgae.unam.mx/Licenciatura2026/resultados/1/10704005.html,142,777,662,87,144,026682,85,,No seleccionado,,Consultar
1,Licenciatura 2026,107,10704005,INGENIERIA CIVIL,FES ARAGÓN,Escolarizado,https://www.dgae.unam.mx/Licenciatura2026/resultados/1/10704005.html,142,777,662,87,144,026937,61,,No seleccionado,,Consultar
1,Licenciatura 2026,107,10704005,INGENIERIA CIVIL,FES ARAGÓN,Escolarizado,https://www.dgae.unam.mx/Licenciatura2026/resultados/1/10704005.html,142,777,662,87,144,026953,40,,No seleccionado,,Consultar
1,Licenciatura 2026,107,10704005,INGENIERIA CIVIL,FES ARAGÓN,Escolarizado,https://www.dgae.unam.mx/Licenciatura2026/resultados/1/10704005.html,142,777,662,87,144,026988,84,,No seleccionado,,Consultar
1,Licenciatura 2026,107,10704005,INGENIERIA CIVIL,FES ARAGÓN,Escolarizado,https://www.dgae.unam.mx/Licenciatura2026/resultados/1/10704005.html,142,777,662,87,144,027039,73,,No seleccionado,,Consultar
1,Licenciatura 2026,107,10704005,INGENIERIA CIVIL,FES ARAGÓN,Escolarizado,https://www.dgae.unam.mx/Licenciatura2026/resultados/1/10704005.html,142,777,662,87,144,027176,38,,No seleccionado,,Consultar
1,Licenciatura 2026,107,10704005,INGENIERIA CIVIL,FES ARAGÓN,Escolarizado,https://www.dgae.unam.mx/Licenciatura2026/resultados/1/10704005.html,142,777,662,87,144,027190,91,S,Seleccionado,Cita para entregar documentación.,Consultar
1,Licenciatura 2026,107,10704005,INGENIERIA CIVIL,FES ARAGÓN,Escolarizado,https://www.dgae.unam.mx/Licenciatura2026/resultados/1/10704005.html,142,777,662,87,144,027195,59,,No seleccionado,,Consultar
1,Licenciatura 2026,107,10704005,INGENIERIA CIVIL,FES ARAGÓN,Escolarizado,https://www.dgae.unam.mx/Licenciatura2026/resultados/1/10704005.html,142,777,662,87,144,027206,66,,No seleccionado,,Consultar
1,Licenciatura 2026,107,10704005,INGENIERIA CIVIL,FES ARAGÓN,Escolarizado,https://www.dgae.unam.mx/Licenciatura2026/resultados/1/10704005.html,142,777,662,87,144,027329,40,,No seleccionado,,Consultar
1,Licenciatura 2026,107,10704005,INGENIERIA CIVIL,FES ARAGÓN,Escolarizado,https://www.dgae.unam.mx/Licenciatura2026/resultados/1/10704005.html,142,777,662,87,144,027349,99,S,Seleccionado,Cita para entregar documentación.,Consultar
1,Licenciatura 2026,107,10704005,INGENIERIA CIVIL,FES ARAGÓN,Escolarizado,https://www.dgae.unam.mx/Licenciatura2026/resultados/1/10704005.html,142,777,662,87,144,027356,10,,No seleccionado,,Consultar
1,Licenciatura 2026,107,10704005,INGENIERIA CIVIL,FES ARAGÓN,Escolarizado,https://www.dgae.unam.mx/Licenciatura2026/resultados/1/10704005.html,142,777,662,87,144,027363,,N,No presentado,,Consultar
1,Licenciatura 2026,107,10704005,INGENIERIA CIVIL,FES ARAGÓN,Escolarizado,https://www.dgae.unam.mx/Licenciatura2026/resultados/1/10704005.html,142,777,662,87,144,027403,40,,No seleccionado,,Consultar
1,Licenciatura 2026,107,10704005,INGENIERIA CIVIL,FES ARAGÓN,Escolarizado,https://www.dgae.unam.mx/Licenciatura2026/resultados/1/10704005.html,142,777,662,87,144,027421,67,,No seleccionado,,Consultar
1,Licenciatura 2026,107,10704005,INGENIERIA CIVIL,FES ARAGÓN,Escolarizado,https://www.dgae.unam.mx/Licenciatura2026/resultados/1/10704005.html,142,777,662,87,144,027472,92,S,Seleccionado,Cita para entregar documentación.,Consultar
1,Licenciatura 2026,107,10704005,INGENIERIA CIVIL,FES ARAGÓN,Escolarizado,https://www.dgae.unam.mx/Licenciatura2026/resultados/1/10704005.html,142,777,662,87,144,027486,55,,No seleccionado,,Consultar
1,Licenciatura 2026,107,10704005,INGENIERIA CIVIL,FES ARAGÓN,Escolarizado,https://www.dgae.unam.mx/Licenciatura2026/resultados/1/10704005.html,142,777,662,87,144,027510,,N,No presentado,,Consultar
1,Licenciatura 2026,107,10704005,INGENIERIA CIVIL,FES ARAGÓN,Escolarizado,https://www.dgae.unam.mx/Licenciatura2026/resultados/1/10704005.html,142,777,662,87,144,027534,,N,No presentado,,Consultar
1,Licenciatura 2026,107,10704005,INGENIERIA CIVIL,FES ARAGÓN,Escolarizado,https://www.dgae.unam.mx/Licenciatura2026/resultados/1/10704005.html,142,777,662,87,144,027538,113,S,Seleccionado,Cita para entregar documentación.,Consultar
1,Licenciatura 2026,107,10704005,INGENIERIA CIVIL,FES ARAGÓN,Escolarizado,https://www.dgae.unam.mx/Licenciatura2026/resultados/1/10704005.html,142,777,662,87,144,027552,70,,No seleccionado,,Consultar
1,Licenciatura 2026,107,10704005,INGENIERIA CIVIL,FES ARAGÓN,Escolarizado,https://www.dgae.unam.mx/Licenciatura2026/resultados/1/10704005.html,142,777,662,87,144,027559,52,,No seleccionado,,Consultar
1,Licenciatura 2026,107,10704005,INGENIERIA CIVIL,FES ARAGÓN,Escolarizado,https://www.dgae.unam.mx/Licenciatura2026/resultados/1/10704005.html,142,777,662,87,144,027610,83,,No seleccionado,,Consultar
1,Licenciatura 2026,107,10704005,INGENIERIA CIVIL,FES ARAGÓN,Escolarizado,https://www.dgae.unam.mx/Licenciatura2026/resultados/1/10704005.html,142,777,662,87,144,027680,,N,No presentado,,Consultar
1,Licenciatura 2026,107,10704005,INGENIERIA CIVIL,FES ARAGÓN,Escolarizado,https://www.dgae.unam.mx/Licenciatura2026/resultados/1/10704005.html,142,777,662,87,144,027696,49,,No seleccionado,,Consultar
1,Licenciatura 2026,107,10704005,INGENIERIA CIVIL,FES ARAGÓN,Escolarizado,https://www.dgae.unam.mx/Licenciatura2026/resultados/1/10704005.html,142,777,662,87,144,027713,59,,No seleccionado,,Consultar
1,Licenciatura 2026,107,10704005,INGENIERIA CIVIL,FES ARAGÓN,Escolarizado,https://www.dgae.unam.mx/Licenciatura2026/resultados/1/10704005.html,142,777,662,87,144,027716,78,,No seleccionado,,Consultar
1,Licenciatura 2026,107,10704005,INGENIERIA CIVIL,FES ARAGÓN,Escolarizado,https://www.dgae.unam.mx/Licenciatura2026/resultados/1/10704005.html,142,777,662,87,144,027736,76,,No seleccionado,,Consultar
1,Licenciatura 2026,107,10704005,INGENIERIA CIVIL,FES ARAGÓN,Escolarizado,https://www.dgae.unam.mx/Licenciatura2026/resultados/1/10704005.html,142,777,662,87,144,027747,,C,Cancelado,,Consultar
1,Licenciatura 2026,107,10704005,INGENIERIA CIVIL,FES ARAGÓN,Escolarizado,https://www.dgae.unam.mx/Licenciatura2026/resultados/1/10704005.html,142,777,662,87,144,027813,39,,No seleccionado,,Consultar
1,Licenciatura 2026,107,10704005,INGENIERIA CIVIL,FES ARAGÓN,Escolarizado,https://www.dgae.unam.mx/Licenciatura2026/resultados/1/10704005.html,142,777,662,87,144,027863,52,,No seleccionado,,Consultar
1,Licenciatura 2026,107,10704005,INGENIERIA CIVIL,FES ARAGÓN,Escolarizado,https://www.dgae.unam.mx/Licenciatura2026/resultados/1/10704005.html,142,777,662,87,144,027864,44,,No seleccionado,,Consultar
1,Licenciatura 2026,107,10704005,INGENIERIA CIVIL,FES ARAGÓN,Escolarizado,https://www.dgae.unam.mx/Licenciatura2026/resultados/1/10704005.html,142,777,662,87,144,027883,48,,No seleccionado,,Consultar
1,Licenciatura 2026,107,10704005,INGENIERIA CIVIL,FES ARAGÓN,Escolarizado,https://www.dgae.unam.mx/Licenciatura2026/resultados/1/10704005.html,142,777,662,87,144,027930,,N,No presentado,,Consultar
1,Licenciatura 2026,107,10704005,INGENIERIA CIVIL,FES ARAGÓN,Escolarizado,https://www.dgae.unam.mx/Licenciatura2026/resultados/1/10704005.html,142,777,662,87,144,027952,,N,No presentado,,Consultar
1,Licenciatura 2026,107,10704005,INGENIERIA CIVIL,FES ARAGÓN,Escolarizado,https://www.dgae.unam.mx/Licenciatura2026/resultados/1/10704005.html,142,777,662,87,144,027998,56,,No seleccionado,,Consultar
1,Licenciatura 2026,107,10704005,INGENIERIA CIVIL,FES ARAGÓN,Escolarizado,https://www.dgae.unam.mx/Licenciatura2026/resultados/1/10704005.html,142,777,662,87,144,028117,,N,No presentado,,Consultar
1,Licenciatura 2026,107,10704005,INGENIERIA CIVIL,FES ARAGÓN,Escolarizado,https://www.dgae.unam.mx/Licenciatura2026/resultados/1/10704005.html,142,777,662,87,144,028118,,N,No presentado,,Consultar
1,Licenciatura 2026,107,10704005,INGENIERIA CIVIL,FES ARAGÓN,Escolarizado,https://www.dgae.unam.mx/Licenciatura2026/resultados/1/10704005.html,142,777,662,87,144,028123,45,,No seleccionado,,Consultar
1,Licenciatura 2026,107,10704005,INGENIERIA CIVIL,FES ARAGÓN,Escolarizado,https://www.dgae.unam.mx/Licenciatura2026/resultados/1/10704005.html,142,777,662,87,144,028159,91,S,Seleccionado,Cita para entregar documentación.,Consultar
1,Licenciatura 2026,107,10704005,INGENIERIA CIVIL,FES ARAGÓN,Escolarizado,https://www.dgae.unam.mx/Licenciatura2026/resultados/1/10704005.html,142,777,662,87,144,028236,75,,No seleccionado,,Consultar
1,Licenciatura 2026,107,10704005,INGENIERIA CIVIL,FES ARAGÓN,Escolarizado,https://www.dgae.unam.mx/Licenciatura2026/resultados/1/10704005.html,142,777,662,87,144,028278,87,S,Seleccionado,Cita para entregar documentación.,Consultar
1,Licenciatura 2026,107,10704005,INGENIERIA CIVIL,FES ARAGÓN,Escolarizado,https://www.dgae.unam.mx/Licenciatura2026/resultados/1/10704005.html,142,777,662,87,144,028295,,N,No presentado,,Consultar
1,Licenciatura 2026,107,10704005,INGENIERIA CIVIL,FES ARAGÓN,Escolarizado,https://www.dgae.unam.mx/Licenciatura2026/resultados/1/10704005.html,142,777,662,87,144,028330,47,,No seleccionado,,Consultar
1,Licenciatura 2026,107,10704005,INGENIERIA CIVIL,FES ARAGÓN,Escolarizado,https://www.dgae.unam.mx/Licenciatura2026/resultados/1/10704005.html,142,777,662,87,144,028404,88,S,Seleccionado,Cita para entregar documentación.,Consultar
1,Licenciatura 2026,107,10704005,INGENIERIA CIVIL,FES ARAGÓN,Escolarizado,https://www.dgae.unam.mx/Licenciatura2026/resultados/1/10704005.html,142,777,662,87,144,028407,81,,No seleccionado,,Consultar
1,Licenciatura 2026,107,10704005,INGENIERIA CIVIL,FES ARAGÓN,Escolarizado,https://www.dgae.unam.mx/Licenciatura2026/resultados/1/10704005.html,142,777,662,87,144,028442,,N,No presentado,,Consultar
1,Licenciatura 2026,107,10704005,INGENIERIA CIVIL,FES ARAGÓN,Escolarizado,https://www.dgae.unam.mx/Licenciatura2026/resultados/1/10704005.html,142,777,662,87,144,028481,41,,No seleccionado,,Consultar
1,Licenciatura 2026,107,10704005,INGENIERIA CIVIL,FES ARAGÓN,Escolarizado,https://www.dgae.unam.mx/Licenciatura2026/resultados/1/10704005.html,142,777,662,87,144,028489,108,S,Seleccionado,,Consultar
1,Licenciatura 2026,107,10704005,INGENIERIA CIVIL,FES ARAGÓN,Escolarizado,https://www.dgae.unam.mx/Licenciatura2026/resultados/1/10704005.html,142,777,662,87,144,028502,42,,No seleccionado,,Consultar
1,Licenciatura 2026,107,10704005,INGENIERIA CIVIL,FES ARAGÓN,Escolarizado,https://www.dgae.unam.mx/Licenciatura2026/resultados/1/10704005.html,142,777,662,87,144,028519,106,S,Seleccionado,Cita para entregar documentación.,Consultar
1,Licenciatura 2026,107,10704005,INGENIERIA CIVIL,FES ARAGÓN,Escolarizado,https://www.dgae.unam.mx/Licenciatura2026/resultados/1/10704005.html,142,777,662,87,144,028606,72,,No seleccionado,,Consultar
1,Licenciatura 2026,107,10704005,INGENIERIA CIVIL,FES ARAGÓN,Escolarizado,https://www.dgae.unam.mx/Licenciatura2026/resultados/1/10704005.html,142,777,662,87,144,028652,102,S,Seleccionado,Cita para entregar documentación.,Consultar
1,Licenciatura 2026,107,10704005,INGENIERIA CIVIL,FES ARAGÓN,Escolarizado,https://www.dgae.unam.mx/Licenciatura2026/resultados/1/10704005.html,142,777,662,87,144,028660,68,,No seleccionado,,Consultar
1,Licenciatura 2026,107,10704005,INGENIERIA CIVIL,FES ARAGÓN,Escolarizado,https://www.dgae.unam.mx/Licenciatura2026/resultados/1/10704005.html,142,777,662,87,144,028676,53,,No seleccionado,,Consultar
1,Licenciatura 2026,107,10704005,INGENIERIA CIVIL,FES ARAGÓN,Escolarizado,https://www.dgae.unam.mx/Licenciatura2026/resultados/1/10704005.html,142,777,662,87,144,028689,38,,No seleccionado,,Consultar
1,Licenciatura 2026,107,10704005,INGENIERIA CIVIL,FES ARAGÓN,Escolarizado,https://www.dgae.unam.mx/Licenciatura2026/resultados/1/10704005.html,142,777,662,87,144,028718,85,,No seleccionado,,Consultar
1,Licenciatura 2026,107,10704005,INGENIERIA CIVIL,FES ARAGÓN,Escolarizado,https://www.dgae.unam.mx/Licenciatura2026/resultados/1/10704005.html,142,777,662,87,144,028741,59,,No seleccionado,,Consultar
1,Licenciatura 2026,107,10704005,INGENIERIA CIVIL,FES ARAGÓN,Escolarizado,https://www.dgae.unam.mx/Licenciatura2026/resultados/1/10704005.html,142,777,662,87,144,028820,50,,No seleccionado,,Consultar
1,Licenciatura 2026,107,10704005,INGENIERIA CIVIL,FES ARAGÓN,Escolarizado,https://www.dgae.unam.mx/Licenciatura2026/resultados/1/10704005.html,142,777,662,87,144,028822,87,S,Seleccionado,Cita para entregar documentación.,Consultar
1,Licenciatura 2026,107,10704005,INGENIERIA CIVIL,FES ARAGÓN,Escolarizado,https://www.dgae.unam.mx/Licenciatura2026/resultados/1/10704005.html,142,777,662,87,144,028831,91,S,Seleccionado,Cita para entregar documentación.,Consultar
1,Licenciatura 2026,107,10704005,INGENIERIA CIVIL,FES ARAGÓN,Escolarizado,https://www.dgae.unam.mx/Licenciatura2026/resultados/1/10704005.html,142,777,662,87,144,028958,,,No seleccionado,Cita para aclarar situación escolar.,Consultar
1,Licenciatura 2026,107,10704005,INGENIERIA CIVIL,FES ARAGÓN,Escolarizado,https://www.dgae.unam.mx/Licenciatura2026/resultados/1/10704005.html,142,777,662,87,144,028989,50,,No seleccionado,,Consultar
1,Licenciatura 2026,107,10704005,INGENIERIA CIVIL,FES ARAGÓN,Escolarizado,https://www.dgae.unam.mx/Licenciatura2026/resultados/1/10704005.html,142,777,662,87,144,028994,,N,No presentado,,Consultar
1,Licenciatura 2026,107,10704005,INGENIERIA CIVIL,FES ARAGÓN,Escolarizado,https://www.dgae.unam.mx/Licenciatura2026/resultados/1/10704005.html,142,777,662,87,144,029098,78,,No seleccionado,,Consultar
1,Licenciatura 2026,107,10704005,INGENIERIA CIVIL,FES ARAGÓN,Escolarizado,https://www.dgae.unam.mx/Licenciatura2026/resultados/1/10704005.html,142,777,662,87,144,029103,68,,No seleccionado,,Consultar
1,Licenciatura 2026,107,10704005,INGENIERIA CIVIL,FES ARAGÓN,Escolarizado,https://www.dgae.unam.mx/Licenciatura2026/resultados/1/10704005.html,142,777,662,87,144,029162,32,,No seleccionado,,Consultar
1,Licenciatura 2026,107,10704005,INGENIERIA CIVIL,FES ARAGÓN,Escolarizado,https://www.dgae.unam.mx/Licenciatura2026/resultados/1/10704005.html,142,777,662,87,144,029233,91,S,Seleccionado,,Consultar
1,Licenciatura 2026,107,10704005,INGENIERIA CIVIL,FES ARAGÓN,Escolarizado,https://www.dgae.unam.mx/Licenciatura2026/resultados/1/10704005.html,142,777,662,87,144,029256,66,,No seleccionado,,Consultar
1,Licenciatura 2026,107,10704005,INGENIERIA CIVIL,FES ARAGÓN,Escolarizado,https://www.dgae.unam.mx/Licenciatura2026/resultados/1/10704005.html,142,777,662,87,144,029287,1,,No seleccionado,,Consultar
1,Licenciatura 2026,107,10704005,INGENIERIA CIVIL,FES ARAGÓN,Escolarizado,https://www.dgae.unam.mx/Licenciatura2026/resultados/1/10704005.html,142,777,662,87,144,029295,,N,No presentado,,Consultar
1,Licenciatura 2026,107,10704005,INGENIERIA CIVIL,FES ARAGÓN,Escolarizado,https://www.dgae.unam.mx/Licenciatura2026/resultados/1/10704005.html,142,777,662,87,144,029439,77,,No seleccionado,,Consultar
1,Licenciatura 2026,107,10704005,INGENIERIA CIVIL,FES ARAGÓN,Escolarizado,https://www.dgae.unam.mx/Licenciatura2026/resultados/1/10704005.html,142,777,662,87,144,029460,,C,Cancelado,,Consultar
1,Licenciatura 2026,107,10704005,INGENIERIA CIVIL,FES ARAGÓN,Escolarizado,https://www.dgae.unam.mx/Licenciatura2026/resultados/1/10704005.html,142,777,662,87,144,029484,63,,No seleccionado,,Consultar
1,Licenciatura 2026,107,10704005,INGENIERIA CIVIL,FES ARAGÓN,Escolarizado,https://www.dgae.unam.mx/Licenciatura2026/resultados/1/10704005.html,142,777,662,87,144,029496,96,S,Seleccionado,,Consultar
1,Licenciatura 2026,107,10704005,INGENIERIA CIVIL,FES ARAGÓN,Escolarizado,https://www.dgae.unam.mx/Licenciatura2026/resultados/1/10704005.html,142,777,662,87,144,029505,91,S,Seleccionado,Cita para entregar documentación.,Consultar
1,Licenciatura 2026,107,10704005,INGENIERIA CIVIL,FES ARAGÓN,Escolarizado,https://www.dgae.unam.mx/Licenciatura2026/resultados/1/10704005.html,142,777,662,87,144,029514,,N,No presentado,,Consultar
1,Licenciatura 2026,107,10704005,INGENIERIA CIVIL,FES ARAGÓN,Escolarizado,https://www.dgae.unam.mx/Licenciatura2026/resultados/1/10704005.html,142,777,662,87,144,029546,,N,No presentado,,Consultar
1,Licenciatura 2026,107,10704005,INGENIERIA CIVIL,FES ARAGÓN,Escolarizado,https://www.dgae.unam.mx/Licenciatura2026/resultados/1/10704005.html,142,777,662,87,144,029562,51,,No seleccionado,,Consultar
1,Licenciatura 2026,107,10704005,INGENIERIA CIVIL,FES ARAGÓN,Escolarizado,https://www.dgae.unam.mx/Licenciatura2026/resultados/1/10704005.html,142,777,662,87,144,029611,,N,No presentado,,Consultar
1,Licenciatura 2026,107,10704005,INGENIERIA CIVIL,FES ARAGÓN,Escolarizado,https://www.dgae.unam.mx/Licenciatura2026/resultados/1/10704005.html,142,777,662,87,144,029632,,N,No presentado,,Consultar
1,Licenciatura 2026,107,10704005,INGENIERIA CIVIL,FES ARAGÓN,Escolarizado,https://www.dgae.unam.mx/Licenciatura2026/resultados/1/10704005.html,142,777,662,87,144,029641,104,S,Seleccionado,Cita para entregar documentación.,Consultar
1,Licenciatura 2026,107,10704005,INGENIERIA CIVIL,FES ARAGÓN,Escolarizado,https://www.dgae.unam.mx/Licenciatura2026/resultados/1/10704005.html,142,777,662,87,144,029699,37,,No seleccionado,,Consultar
1,Licenciatura 2026,107,10704005,INGENIERIA CIVIL,FES ARAGÓN,Escolarizado,https://www.dgae.unam.mx/Licenciatura2026/resultados/1/10704005.html,142,777,662,87,144,029715,,N,No presentado,,Consultar
1,Licenciatura 2026,107,10704005,INGENIERIA CIVIL,FES ARAGÓN,Escolarizado,https://www.dgae.unam.mx/Licenciatura2026/resultados/1/10704005.html,142,777,662,87,144,029797,99,S,Seleccionado,Cita para entregar documentación.,Consultar
1,Licenciatura 2026,107,10704005,INGENIERIA CIVIL,FES ARAGÓN,Escolarizado,https://www.dgae.unam.mx/Licenciatura2026/resultados/1/10704005.html,142,777,662,87,144,029834,62,,No seleccionado,,Consultar
1,Licenciatura 2026,107,10704005,INGENIERIA CIVIL,FES ARAGÓN,Escolarizado,https://www.dgae.unam.mx/Licenciatura2026/resultados/1/10704005.html,142,777,662,87,144,029871,,N,No presentado,,Consultar
1,Licenciatura 2026,107,10704005,INGENIERIA CIVIL,FES ARAGÓN,Escolarizado,https://www.dgae.unam.mx/Licenciatura2026/resultados/1/10704005.html,142,777,662,87,144,030010,70,,No seleccionado,,Consultar
1,Licenciatura 2026,107,10704005,INGENIERIA CIVIL,FES ARAGÓN,Escolarizado,https://www.dgae.unam.mx/Licenciatura2026/resultados/1/10704005.html,142,777,662,87,144,030072,,N,No presentado,,Consultar
1,Licenciatura 2026,107,10704005,INGENIERIA CIVIL,FES ARAGÓN,Escolarizado,https://www.dgae.unam.mx/Licenciatura2026/resultados/1/10704005.html,142,777,662,87,144,030121,95,S,Seleccionado,Cita para entregar documentación.,Consultar
1,Licenciatura 2026,107,10704005,INGENIERIA CIVIL,FES ARAGÓN,Escolarizado,https://www.dgae.unam.mx/Licenciatura2026/resultados/1/10704005.html,142,777,662,87,144,030188,74,,No seleccionado,,Consultar
1,Licenciatura 2026,107,10704005,INGENIERIA CIVIL,FES ARAGÓN,Escolarizado,https://www.dgae.unam.mx/Licenciatura2026/resultados/1/10704005.html,142,777,662,87,144,030415,101,S,Seleccionado,Cita para entregar documentación.,Consultar
1,Licenciatura 2026,107,10704005,INGENIERIA CIVIL,FES ARAGÓN,Escolarizado,https://www.dgae.unam.mx/Licenciatura2026/resultados/1/10704005.html,142,777,662,87,144,030416,109,S,Seleccionado,Cita para entregar documentación.,Consultar
1,Licenciatura 2026,107,10704005,INGENIERIA CIVIL,FES ARAGÓN,Escolarizado,https://www.dgae.unam.mx/Licenciatura2026/resultados/1/10704005.html,142,777,662,87,144,030486,50,,No seleccionado,,Consultar
1,Licenciatura 2026,107,10704005,INGENIERIA CIVIL,FES ARAGÓN,Escolarizado,https://www.dgae.unam.mx/Licenciatura2026/resultados/1/10704005.html,142,777,662,87,144,030615,59,,No seleccionado,,Consultar
1,Licenciatura 2026,107,10704005,INGENIERIA CIVIL,FES ARAGÓN,Escolarizado,https://www.dgae.unam.mx/Licenciatura2026/resultados/1/10704005.html,142,777,662,87,144,030755,109,S,Seleccionado,Cita para entregar documentación.,Consultar
1,Licenciatura 2026,107,10704005,INGENIERIA CIVIL,FES ARAGÓN,Escolarizado,https://www.dgae.unam.mx/Licenciatura2026/resultados/1/10704005.html,142,777,662,87,144,030818,56,,No seleccionado,,Consultar
1,Licenciatura 2026,107,10704005,INGENIERIA CIVIL,FES ARAGÓN,Escolarizado,https://www.dgae.unam.mx/Licenciatura2026/resultados/1/10704005.html,142,777,662,87,144,030884,87,S,Seleccionado,Cita para entregar documentación.,Consultar
1,Licenciatura 2026,107,10704005,INGENIERIA CIVIL,FES ARAGÓN,Escolarizado,https://www.dgae.unam.mx/Licenciatura2026/resultados/1/10704005.html,142,777,662,87,144,030986,63,,No seleccionado,,Consultar
1,Licenciatura 2026,107,10704005,INGENIERIA CIVIL,FES ARAGÓN,Escolarizado,https://www.dgae.unam.mx/Licenciatura2026/resultados/1/10704005.html,142,777,662,87,144,031076,50,,No seleccionado,,Consultar
1,Licenciatura 2026,107,10704005,INGENIERIA CIVIL,FES ARAGÓN,Escolarizado,https://www.dgae.unam.mx/Licenciatura2026/resultados/1/10704005.html,142,777,662,87,144,031081,58,,No seleccionado,,Consultar
1,Licenciatura 2026,107,10704005,INGENIERIA CIVIL,FES ARAGÓN,Escolarizado,https://www.dgae.unam.mx/Licenciatura2026/resultados/1/10704005.html,142,777,662,87,144,031170,112,S,Seleccionado,Cita para entregar documentación.,Consultar
1,Licenciatura 2026,107,10704005,INGENIERIA CIVIL,FES ARAGÓN,Escolarizado,https://www.dgae.unam.mx/Licenciatura2026/resultados/1/10704005.html,142,777,662,87,144,031206,,N,No presentado,,Consultar
1,Licenciatura 2026,107,10704005,INGENIERIA CIVIL,FES ARAGÓN,Escolarizado,https://www.dgae.unam.mx/Licenciatura2026/resultados/1/10704005.html,142,777,662,87,144,031268,111,S,Seleccionado,Cita para entregar documentación.,Consultar
1,Licenciatura 2026,107,10704005,INGENIERIA CIVIL,FES ARAGÓN,Escolarizado,https://www.dgae.unam.mx/Licenciatura2026/resultados/1/10704005.html,142,777,662,87,144,031510,60,,No seleccionado,,Consultar
1,Licenciatura 2026,107,10704005,INGENIERIA CIVIL,FES ARAGÓN,Escolarizado,https://www.dgae.unam.mx/Licenciatura2026/resultados/1/10704005.html,142,777,662,87,144,031611,113,S,Seleccionado,Cita para entregar documentación.,Consultar
1,Licenciatura 2026,107,10704005,INGENIERIA CIVIL,FES ARAGÓN,Escolarizado,https://www.dgae.unam.mx/Licenciatura2026/resultados/1/10704005.html,142,777,662,87,144,031727,,N,No presentado,,Consultar
1,Licenciatura 2026,107,10704005,INGENIERIA CIVIL,FES ARAGÓN,Escolarizado,https://www.dgae.unam.mx/Licenciatura2026/resultados/1/10704005.html,142,777,662,87,144,031958,28,,No seleccionado,,Consultar
1,Licenciatura 2026,107,10704005,INGENIERIA CIVIL,FES ARAGÓN,Escolarizado,https://www.dgae.unam.mx/Licenciatura2026/resultados/1/10704005.html,142,777,662,87,144,031975,,N,No presentado,,Consultar
1,Licenciatura 2026,107,10704005,INGENIERIA CIVIL,FES ARAGÓN,Escolarizado,https://www.dgae.unam.mx/Licenciatura2026/resultados/1/10704005.html,142,777,662,87,144,032083,34,,No seleccionado,,Consultar
1,Licenciatura 2026,107,10704005,INGENIERIA CIVIL,FES ARAGÓN,Escolarizado,https://www.dgae.unam.mx/Licenciatura2026/resultados/1/10704005.html,142,777,662,87,144,032436,40,,No seleccionado,,Consultar
1,Licenciatura 2026,107,10704005,INGENIERIA CIVIL,FES ARAGÓN,Escolarizado,https://www.dgae.unam.mx/Licenciatura2026/resultados/1/10704005.html,142,777,662,87,144,032488,86,,No seleccionado,,Consultar
1,Licenciatura 2026,107,10704005,INGENIERIA CIVIL,FES ARAGÓN,Escolarizado,https://www.dgae.unam.mx/Licenciatura2026/resultados/1/10704005.html,142,777,662,87,144,032935,37,,No seleccionado,,Consultar
1,Licenciatura 2026,107,10704005,INGENIERIA CIVIL,FES ARAGÓN,Escolarizado,https://www.dgae.unam.mx/Licenciatura2026/resultados/1/10704005.html,142,777,662,87,144,032944,98,S,Seleccionado,,Consultar
1,Licenciatura 2026,107,10704005,INGENIERIA CIVIL,FES ARAGÓN,Escolarizado,https://www.dgae.unam.mx/Licenciatura2026/resultados/1/10704005.html,142,777,662,87,144,033046,,N,No presentado,,Consultar
1,Licenciatura 2026,107,10704005,INGENIERIA CIVIL,FES ARAGÓN,Escolarizado,https://www.dgae.unam.mx/Licenciatura2026/resultados/1/10704005.html,142,777,662,87,144,033198,70,,No seleccionado,,Consultar
1,Licenciatura 2026,107,10704005,INGENIERIA CIVIL,FES ARAGÓN,Escolarizado,https://www.dgae.unam.mx/Licenciatura2026/resultados/1/10704005.html,142,777,662,87,144,033223,93,S,Seleccionado,Cita para entregar documentación.,Consultar
1,Licenciatura 2026,107,10704005,INGENIERIA CIVIL,FES ARAGÓN,Escolarizado,https://www.dgae.unam.mx/Licenciatura2026/resultados/1/10704005.html,142,777,662,87,144,033272,,N,No presentado,,Consultar
1,Licenciatura 2026,107,10704005,INGENIERIA CIVIL,FES ARAGÓN,Escolarizado,https://www.dgae.unam.mx/Licenciatura2026/resultados/1/10704005.html,142,777,662,87,144,033447,113,S,Seleccionado,Cita para entregar documentación.,Consultar
1,Licenciatura 2026,107,10704005,INGENIERIA CIVIL,FES ARAGÓN,Escolarizado,https://www.dgae.unam.mx/Licenciatura2026/resultados/1/10704005.html,142,777,662,87,144,033723,77,,No seleccionado,,Consultar
1,Licenciatura 2026,107,10704005,INGENIERIA CIVIL,FES ARAGÓN,Escolarizado,https://www.dgae.unam.mx/Licenciatura2026/resultados/1/10704005.html,142,777,662,87,144,033759,,N,No presentado,,Consultar
1,Licenciatura 2026,107,10704005,INGENIERIA CIVIL,FES ARAGÓN,Escolarizado,https://www.dgae.unam.mx/Licenciatura2026/resultados/1/10704005.html,142,777,662,87,144,033827,50,,No seleccionado,,Consultar
1,Licenciatura 2026,107,10704005,INGENIERIA CIVIL,FES ARAGÓN,Escolarizado,https://www.dgae.unam.mx/Licenciatura2026/resultados/1/10704005.html,142,777,662,87,144,033883,,N,No presentado,,Consultar
1,Licenciatura 2026,107,10704005,INGENIERIA CIVIL,FES ARAGÓN,Escolarizado,https://www.dgae.unam.mx/Licenciatura2026/resultados/1/10704005.html,142,777,662,87,144,034000,81,,No seleccionado,,Consultar
1,Licenciatura 2026,107,10704005,INGENIERIA CIVIL,FES ARAGÓN,Escolarizado,https://www.dgae.unam.mx/Licenciatura2026/resultados/1/10704005.html,142,777,662,87,144,034031,47,,No seleccionado,,Consultar
1,Licenciatura 2026,107,10704005,INGENIERIA CIVIL,FES ARAGÓN,Escolarizado,https://www.dgae.unam.mx/Licenciatura2026/resultados/1/10704005.html,142,777,662,87,144,034173,,N,No presentado,,Consultar
1,Licenciatura 2026,107,10704005,INGENIERIA CIVIL,FES ARAGÓN,Escolarizado,https://www.dgae.unam.mx/Licenciatura2026/resultados/1/10704005.html,142,777,662,87,144,034419,,N,No presentado,,Consultar
1,Licenciatura 2026,107,10704005,INGENIERIA CIVIL,FES ARAGÓN,Escolarizado,https://www.dgae.unam.mx/Licenciatura2026/resultados/1/10704005.html,142,777,662,87,144,034522,69,,No seleccionado,,Consultar
1,Licenciatura 2026,107,10704005,INGENIERIA CIVIL,FES ARAGÓN,Escolarizado,https://www.dgae.unam.mx/Licenciatura2026/resultados/1/10704005.html,142,777,662,87,144,034554,101,S,Seleccionado,Cita para entregar documentación.,Consultar
1,Licenciatura 2026,107,10704005,INGENIERIA CIVIL,FES ARAGÓN,Escolarizado,https://www.dgae.unam.mx/Licenciatura2026/resultados/1/10704005.html,142,777,662,87,144,034648,77,,No seleccionado,,Consultar
1,Licenciatura 2026,107,10704005,INGENIERIA CIVIL,FES ARAGÓN,Escolarizado,https://www.dgae.unam.mx/Licenciatura2026/resultados/1/10704005.html,142,777,662,87,144,035005,,N,No presentado,,Consultar
1,Licenciatura 2026,107,10704005,INGENIERIA CIVIL,FES ARAGÓN,Escolarizado,https://www.dgae.unam.mx/Licenciatura2026/resultados/1/10704005.html,142,777,662,87,144,035072,78,,No seleccionado,,Consultar
1,Licenciatura 2026,107,10704005,INGENIERIA CIVIL,FES ARAGÓN,Escolarizado,https://www.dgae.unam.mx/Licenciatura2026/resultados/1/10704005.html,142,777,662,87,144,035367,84,,No seleccionado,,Consultar
1,Licenciatura 2026,107,10704005,INGENIERIA CIVIL,FES ARAGÓN,Escolarizado,https://www.dgae.unam.mx/Licenciatura2026/resultados/1/10704005.html,142,777,662,87,144,035411,83,,No seleccionado,,Consultar
1,Licenciatura 2026,107,10704005,INGENIERIA CIVIL,FES ARAGÓN,Escolarizado,https://www.dgae.unam.mx/Licenciatura2026/resultados/1/10704005.html,142,777,662,87,144,035501,58,,No seleccionado,,Consultar
1,Licenciatura 2026,107,10704005,INGENIERIA CIVIL,FES ARAGÓN,Escolarizado,https://www.dgae.unam.mx/Licenciatura2026/resultados/1/10704005.html,142,777,662,87,144,035504,38,,No seleccionado,,Consultar
1,Licenciatura 2026,107,10704005,INGENIERIA CIVIL,FES ARAGÓN,Escolarizado,https://www.dgae.unam.mx/Licenciatura2026/resultados/1/10704005.html,142,777,662,87,144,035540,70,,No seleccionado,,Consultar
1,Licenciatura 2026,107,10704005,INGENIERIA CIVIL,FES ARAGÓN,Escolarizado,https://www.dgae.unam.mx/Licenciatura2026/resultados/1/10704005.html,142,777,662,87,144,035584,,N,No presentado,,Consultar
1,Licenciatura 2026,107,10704005,INGENIERIA CIVIL,FES ARAGÓN,Escolarizado,https://www.dgae.unam.mx/Licenciatura2026/resultados/1/10704005.html,142,777,662,87,144,035633,91,S,Seleccionado,Cita para entregar documentación.,Consultar
1,Licenciatura 2026,107,10704005,INGENIERIA CIVIL,FES ARAGÓN,Escolarizado,https://www.dgae.unam.mx/Licenciatura2026/resultados/1/10704005.html,142,777,662,87,144,035914,71,,No seleccionado,,Consultar
1,Licenciatura 2026,107,10704005,INGENIERIA CIVIL,FES ARAGÓN,Escolarizado,https://www.dgae.unam.mx/Licenciatura2026/resultados/1/10704005.html,142,777,662,87,144,036049,44,,No seleccionado,,Consultar
