Area,Concurso,Clave_carrera,Codigo_opcion,Carrera,Plantel,Modalidad,URL_resultados,Oferta,Aspirantes,Presentaron_examen,Aciertos_minimos,Seleccionados,Numero_comprobante,Aciertos,Acreditado,Estatus,Detalles,Diagnostico
1,Licenciatura 2026,121,12102005,MATEMATICAS APLICADAS Y COMPUTACION,FES ACATLÁN,Escolarizado,https://www.dgae.unam.mx/Licenciatura2026/resultados/1/12102005.html,260,475,427,59,265,000149,,N,No presentado,,Consultar
1,Licenciatura 2026,121,12102005,MATEMATICAS APLICADAS Y COMPUTACION,FES ACATLÁN,Escolarizado,https://www.dgae.unam.mx/Licenciatura2026/resultados/1/12102005.html,260,475,427,59,265,000200,71,S,Seleccionado,Cita para entregar documentación.,Consultar
1,Licenciatura 2026,121,12102005,MATEMATICAS APLICADAS Y COMPUTACION,FES ACATLÁN,Escolarizado,https://www.dgae.unam.mx/Licenciatura2026/resultados/1/12102005.html,260,475,427,59,265,000248,,N,No presentado,,Consultar
1,Licenciatura 2026,121,12102005,MATEMATICAS APLICADAS Y COMPUTACION,FES ACATLÁN,Escolarizado,https://www.dgae.unam.mx/Licenciatura2026/resultados/1/12102005.html,260,475,427,59,265,000284,112,S,Seleccionado,Cita para entregar documentación.,Consultar
1,Licenciatura 2026,121,12102005,MATEMATICAS APLICADAS Y COMPUTACION,FES ACATLÁN,Escolarizado,https://www.dgae.unam.mx/Licenciatura2026/resultados/1/12102005.html,260,475,427,59,265,000358,38,,No seleccionado,,Consultar
1,Licenciatura 2026,121,12102005,MATEMATICAS APLICADAS Y COMPUTACION,FES ACATLÁN,Escolarizado,https://www.dgae.unam.mx/Licenciatura2026/resultados/1/12102005.html,260,475,427,59,265,000383,55,,No seleccionado,,Consultar
1,Licenciatura 2026,121,12102005,MATEMATICAS APLICADAS Y COMPUTACION,FES ACATLÁN,Escolarizado,https://www.dgae.unam.mx/Licenciatura2026/resultados/1/12102005.html,260,475,427,59,265,000511,70,S,Seleccionado,Cita para entregar documentación.,Consultar
1,Licenciatura 2026,121,12102005,MATEMATICAS APLICADAS Y COMPUTACION,FES ACATLÁN,Escolarizado,https://www.dgae.unam.mx/Licenciatura2026/resultados/1/12102005.html,260,475,427,59,265,000592,92,S,Seleccionado,Cita para entregar documentación.,Consultar
1,Licenciatura 2026,121,12102005,MATEMATICAS APLICADAS Y COMPUTACION,FES ACATLÁN,Escolarizado,https://www.dgae.unam.mx/Licenciatura2026/resultados/1/12102005.html,260,475,427,59,265,000719,88,S,Seleccionado,Cita para entregar documentación.,Consultar
1,Licenciatura 2026,121,12102005,MATEMATICAS APLICADAS Y COMPUTACION,FES ACATLÁN,Escolarizado,https://www.dgae.unam.mx/Licenciatura2026/resultados/1/12102005.html,260,475,427,59,265,001015,100,S,Seleccionado,Cita para entregar documentación.,Consultar
1,Licenciatura 2026,121,12102005,MATEMATICAS APLICADAS Y COMPUTACION,FES ACATLÁN,Escolarizado,https://www.dgae.unam.mx/Licenciatura2026/resultados/1/12102005.html,260,475,427,59,265,001044,56,,No seleccionado,,Consultar
1,Licenciatura 2026,121,12102005,MATEMATICAS APLICADAS Y COMPUTACION,FES ACATLÁN,Escolarizado,https://www.dgae.unam.mx/Licenciatura2026/resultados/1/12102005.html,260,475,427,59,265,001057,60,S,Seleccionado,Cita para entregar documentación.,Consultar
1,Licenciatura 2026,121,12102005,MATEMATICAS APLICADAS Y COMPUTACION,FES ACATLÁN,Escolarizado,https://www.dgae.unam.mx/Licenciatura2026/resultados/1/12102005.html,260,475,427,59,265,001074,99,S,Seleccionado,Cita para entregar documentación.,Consultar
1,Licenciatura 2026,121,12102005,MATEMATICAS APLICADAS Y COMPUTACION,FES ACATLÁN,Escolarizado,https://www.dgae.unam.mx/Licenciatura2026/resultados/1/12102005.html,260,475,427,59,265,001161,,C,Cancelado,,Consultar
1,Licenciatura 2026,121,12102005,MATEMATICAS APLICADAS Y COMPUTACION,FES ACATLÁN,Escolarizado,https://www.dgae.unam.mx/Licenciatura2026/resultados/1/12102005.html,260,475,427,59,265,001243,54,,No seleccionado,,Consultar
1,Licenciatura 2026,121,12102005,MATEMATICAS APLICADAS Y COMPUTACION,FES ACATLÁN,Escolarizado,https://www.dgae.unam.mx/Licenciatura2026/resultados/1/12102005.html,260,475,427,59,265,001268,97,S,Seleccionado,Cita para entregar documentación.,Consultar
1,Licenciatura 2026,121,12102005,MATEMATICAS APLICADAS Y COMPUTACION,FES ACATLÁN,Escolarizado,https://www.dgae.unam.mx/Licenciatura2026/resultados/1/12102005.html,260,475,427,59,265,001387,52,,No seleccionado,,Consultar
1,Licenciatura 2026,121,12102005,MATEMATICAS APLICADAS Y COMPUTACION,FES ACATLÁN,Escolarizado,https://www.dgae.unam.mx/Licenciatura2026/resultados/1/12102005.html,260,475,427,59,265,001533,74,S,Seleccionado,Cita para entregar documentación.,Consultar
1,Licenciatura 2026,121,12102005,MATEMATICAS APLICADAS Y COMPUTACION,FES ACATLÁN,Escolarizado,https://www.dgae.unam.mx/Licenciatura2026/resultados/1/12102005.html,260,475,427,59,265,001569,49,,No seleccionado,,Consultar
1,Licenciatura 2026,121,12102005,MATEMATICAS APLICADAS Y COMPUTACION,FES ACATLÁN,Escolarizado,https://www.dgae.unam.mx/Licenciatura2026/resultados/1/12102005.html,260,475,427,59,265,001667,49,,No seleccionado,,Consultar
1,Licenciatura 2026,121,12102005,MATEMATICAS APLICADAS Y COMPUTACION,FES ACATLÁN,Escolarizado,https://www.dgae.unam.mx/Licenciatura2026/resultados/1/12102005.html,260,475,427,59,265,001861,66,S,Seleccionado,,Consultar
1,Licenciatura 2026,121,12102005,MATEMATICAS APLICADAS Y COMPUTACION,FES ACATLÁN,Escolarizado,https://www.dgae.unam.mx/Licenciatura2026/resultados/1/12102005.html,260,475,427,59,265,001910,,,No seleccionado,Cita para aclarar situación escolar.,Consultar
1,Licenciatura 2026,121,12102005,MATEMATICAS APLICADAS Y COMPUTACION,FES ACATLÁN,Escolarizado,https://www.dgae.unam.mx/Licenciatura2026/resultados/1/12102005.html,260,475,427,59,265,001950,47,,No seleccionado,,Consultar
1,Licenciatura 2026,121,12102005,MATEMATICAS APLICADAS Y COMPUTACION,FES ACATLÁN,Escolarizado,https://www.dgae.unam.mx/Licenciatura2026/resultados/1/12102005.html,260,475,427,59,265,002081,90,S,Seleccionado,Cita para entregar documentación.,Consultar
1,Licenciatura 2026,121,12102005,MATEMATICAS APLICADAS Y COMPUTACION,FES ACATLÁN,Escolarizado,https://www.dgae.unam.mx/Licenciatura2026/resultados/1/12102005.html,260,475,427,59,265,002125,95,S,Seleccionado,,Consultar
1,Licenciatura 2026,121,12102005,MATEMATICAS APLICADAS Y COMPUTACION,FES ACATLÁN,Escolarizado,https://www.dgae.unam.mx/Licenciatura2026/resultados/1/12102005.html,260,475,427,59,265,002332,53,,No seleccionado,,Consultar
1,Licenciatura 2026,121,12102005,MATEMATICAS APLICADAS Y COMPUTACION,FES ACATLÁN,Escolarizado,https://www.dgae.unam.mx/Licenciatura2026/resultados/1/12102005.html,260,475,427,59,265,002444,97,S,Seleccionado,,Consultar
1,Licenciatura 2026,121,12102005,MATEMATICAS APLICADAS Y COMPUTACION,FES ACATLÁN,Escolarizado,https://www.dgae.unam.mx/Licenciatura2026/resultados/1/12102005.html,260,475,427,59,265,002504,62,S,Seleccionado,,Consultar
1,Licenciatura 2026,121,12102005,MATEMATICAS APLICADAS Y COMPUTACION,FES ACATLÁN,Escolarizado,https://www.dgae.unam.mx/Licenciatura2026/resultados/1/12102005.html,260,475,427,59,265,002574,88,S,Seleccionado,Cita para entregar documentación.,Consultar
1,Licenciatura 2026,121,12102005,MATEMATICAS APLICADAS Y COMPUTACION,FES ACATLÁN,Escolarizado,https://www.dgae.unam.mx/Licenciatura2026/resultados/1/12102005.html,260,475,427,59,265,002645,65,S,Seleccionado,Cita para entregar documentación.,Consultar
1,Licenciatura 2026,121,12102005,MATEMATICAS APLICADAS Y COMPUTACION,FES ACATLÁN,Escolarizado,https://www.dgae.unam.mx/Licenciatura2026/resultados/1/12102005.html,260,475,427,59,265,002683,75,S,Seleccionado,Cita para entregar documentación.,Consultar
1,Licenciatura 2026,121,12102005,MATEMATICAS APLICADAS Y COMPUTACION,FES ACATLÁN,Escolarizado,https://www.dgae.unam.mx/Licenciatura2026/resultados/1/12102005.html,260,475,427,59,265,002718,24,,No seleccionado,,Consultar
1,Licenciatura 2026,121,12102005,MATEMATICAS APLICADAS Y COMPUTACION,FES ACATLÁN,Escolarizado,https://www.dgae.unam.mx/Licenciatura2026/resultados/1/12102005.html,260,475,427,59,265,002755,107,S,Seleccionado,Cita para entregar documentación.,Consultar
1,Licenciatura 2026,121,12102005,MATEMATICAS APLICADAS Y COMPUTACION,FES ACATLÁN,Escolarizado,https://www.dgae.unam.mx/Licenciatura2026/resultados/1/12102005.html,260,475,427,59,265,002777,47,,No seleccionado,,Consultar
1,Licenciatura 2026,121,12102005,MATEMATICAS APLICADAS Y COMPUTACION,FES ACATLÁN,Escolarizado,https://www.dgae.unam.mx/Licenciatura2026/resultados/1/12102005.html,260,475,427,59,265,002805,,N,No presentado,,Consultar
1,Licenciatura 2026,121,12102005,MATEMATICAS APLICADAS Y COMPUTACION,FES ACATLÁN,Escolarizado,https://www.dgae.unam.mx/Licenciatura2026/resultados/1/12102005.html,260,475,427,59,265,002825,,N,No presentado,,Consultar
1,Licenciatura 2026,121,12102005,MATEMATICAS APLICADAS Y COMPUTACION,FES ACATLÁN,Escolarizado,https://www.dgae.unam.mx/Licenciatura2026/resultados/1/12102005.html,260,475,427,59,265,002837,92,S,Seleccionado,Cita para entregar documentación.,Consultar
1,Licenciatura 2026,121,12102005,MATEMATICAS APLICADAS Y COMPUTACION,FES ACATLÁN,Escolarizado,https://www.dgae.unam.mx/Licenciatura2026/resultados/1/12102005.html,260,475,427,59,265,002880,87,S,Seleccionado,Cita para entregar documentación.,Consultar
1,Licenciatura 2026,121,12102005,MATEMATICAS APLICADAS Y COMPUTACION,FES ACATLÁN,Escolarizado,https://www.dgae.unam.mx/Licenciatura2026/resultados/1/12102005.html,260,475,427,59,265,002895,64,S,Seleccionado,Cita para entregar documentación.,Consultar
1,Licenciatura 2026,121,12102005,MATEMATICAS APLICADAS Y COMPUTACION,FES ACATLÁN,Escolarizado,https://www.dgae.unam.mx/Licenciatura2026/resultados/1/12102005.html,260,475,427,59,265,002982,95,S,Seleccionado,Cita para entregar documentación.,Consultar
1,Licenciatura 2026,121,12102005,MATEMATICAS APLICADAS Y COMPUTACION,FES ACATLÁN,Escolarizado,https://www.dgae.unam.mx/Licenciatura2026/resultados/1/12102005.html,260,475,427,59,265,002988,84,S,Seleccionado,Cita para entregar documentación.,Consultar
1,Licenciatura 2026,121,12102005,MATEMATICAS APLICADAS Y COMPUTACION,FES ACATLÁN,Escolarizado,https://www.dgae.unam.mx/Licenciatura2026/resultados/1/12102005.html,260,475,427,59,265,003070,91,S,Seleccionado,Cita para entregar documentación.,Consultar
1,Licenciatura 2026,121,12102005,MATEMATICAS APLICADAS Y COMPUTACION,FES ACATLÁN,Escolarizado,https://www.dgae.unam.mx/Licenciatura2026/resultados/1/12102005.html,260,475,427,59,265,003205,52,,No seleccionado,,Consultar
1,Licenciatura 2026,121,12102005,MATEMATICAS APLICADAS Y COMPUTACION,FES ACATLÁN,Escolarizado,https://www.dgae.unam.mx/Licenciatura2026/resultados/1/12102005.html,260,475,427,59,265,003374,81,S,Seleccionado,Cita para entregar documentación.,Consultar
1,Licenciatura 2026,121,12102005,MATEMATICAS APLICADAS Y COMPUTACION,FES ACATLÁN,Escolarizado,https://www.dgae.unam.mx/Licenciatura2026/resultados/1/12102005.html,260,475,427,59,265,003387,80,S,Seleccionado,Cita para entregar documentación.,Consultar
1,Licenciatura 2026,121,12102005,MATEMATICAS APLICADAS Y COMPUTACION,FES ACATLÁN,Escolarizado,https://www.dgae.unam.mx/Licenciatura2026/resultados/1/12102005.html,260,475,427,59,265,003449,74,S,Seleccionado,Cita para entregar documentación.,Consultar
1,Licenciatura 2026,121,12102005,MATEMATICAS APLICADAS Y COMPUTACION,FES ACATLÁN,Escolarizado,https://www.dgae.unam.mx/Licenciatura2026/resultados/1/12102005.html,260,475,427,59,265,003464,65,S,Seleccionado,Cita para entregar documentación.,Consultar
1,Licenciatura 2026,121,12102005,MATEMATICAS APLICADAS Y COMPUTACION,FES ACATLÁN,Escolarizado,https://www.dgae.unam.mx/Licenciatura2026/resultados/1/12102005.html,260,475,427,59,265,003506,92,S,Seleccionado,Cita para entregar documentación.,Consultar
1,Licenciatura 2026,121,12102005,MATEMATICAS APLICADAS Y COMPUTACION,FES ACATLÁN,Escolarizado,https://www.dgae.unam.mx/Licenciatura2026/resultados/1/12102005.html,260,475,427,59,265,003563,48,,No seleccionado,,Consultar
1,Licenciatura 2026,121,12102005,MATEMATICAS APLICADAS Y COMPUTACION,FES ACATLÁN,Escolarizado,https://www.dgae.unam.mx/Licenciatura2026/resultados/1/12102005.html,260,475,427,59,265,003579,83,S,Seleccionado,Cita para entregar documentación.,Consultar
1,Licenciatura 2026,121,12102005,MATEMATICAS APLICADAS Y COMPUTACION,FES ACATLÁN,Escolarizado,https://www.dgae.unam.mx/Licenciatura2026/resultados/1/12102005.html,260,475,427,59,265,003623,,N,No presentado,,Consultar
1,Licenciatura 2026,121,12102005,MATEMATICAS APLICADAS Y COMPUTACION,FES ACATLÁN,Escolarizado,https://www.dgae.unam.mx/Licenciatura2026/resultados/1/12102005.html,260,475,427,59,265,003656,80,S,Seleccionado,Cita para entregar documentación.,Consultar
1,Licenciatura 2026,121,12102005,MATEMATICAS APLICADAS Y COMPUTACION,FES ACATLÁN,Escolarizado,https://www.dgae.unam.mx/Licenciatura2026/resultados/1/12102005.html,260,475,427,59,265,003913,83,S,Seleccionado,Cita para entregar documentación.,Consultar
1,Licenciatura 2026,121,12102005,MATEMATICAS APLICADAS Y COMPUTACION,FES ACATLÁN,Escolarizado,https://www.dgae.unam.mx/Licenciatura2026/resultados/1/12102005.html,260,475,427,59,265,003944,95,S,Seleccionado,Cita para entregar documentación.,Consultar
1,Licenciatura 2026,121,12102005,MATEMATICAS APLICADAS Y COMPUTACION,FES ACATLÁN,Escolarizado,https://www.dgae.unam.mx/Licenciatura2026/resultados/1/12102005.html,260,475,427,59,265,004084,60,S,Seleccionado,Cita para entregar documentación.,Consultar
1,Licenciatura 2026,121,12102005,MATEMATICAS APLICADAS Y COMPUTACION,FES ACATLÁN,Escolarizado,https://www.dgae.unam.mx/Licenciatura2026/resultados/1/12102005.html,260,475,427,59,265,004212,95,S,Seleccionado,Cita para entregar documentación.,Consultar
1,Licenciatura 2026,121,12102005,MATEMATICAS APLICADAS Y COMPUTACION,FES ACATLÁN,Escolarizado,https://www.dgae.unam.mx/Licenciatura2026/resultados/1/12102005.html,260,475,427,59,265,004241,85,S,Seleccionado,Cita para entregar documentación.,Consultar
1,Licenciatura 2026,121,12102005,MATEMATICAS APLICADAS Y COMPUTACION,FES ACATLÁN,Escolarizado,https://www.dgae.unam.mx/Licenciatura2026/resultados/1/12102005.html,260,475,427,59,265,004245,56,,No seleccionado,,Consultar
1,Licenciatura 2026,121,12102005,MATEMATICAS APLICADAS Y COMPUTACION,FES ACATLÁN,Escolarizado,https://www.dgae.unam.mx/Licenciatura2026/resultados/1/12102005.html,260,475,427,59,265,004358,69,S,Seleccionado,,Consultar
1,Licenciatura 2026,121,12102005,MATEMATICAS APLICADAS Y COMPUTACION,FES ACATLÁN,Escolarizado,https://www.dgae.unam.mx/Licenciatura2026/resultados/1/12102005.html,260,475,427,59,265,004643,98,S,Seleccionado,,Consultar
1,Licenciatura 2026,121,12102005,MATEMATICAS APLICADAS Y COMPUTACION,FES ACATLÁN,Escolarizado,https://www.dgae.unam.mx/Licenciatura2026/resultados/1/12102005.html,260,475,427,59,265,004670,86,S,Seleccionado,Cita para entregar documentación.,Consultar
1,Licenciatura 2026,121,12102005,MATEMATICAS APLICADAS Y COMPUTACION,FES ACATLÁN,Escolarizado,https://www.dgae.unam.mx/Licenciatura2026/resultados/1/12102005.html,260,475,427,59,265,004733,36,,No seleccionado,,Consultar
1,Licenciatura 2026,121,12102005,MATEMATICAS APLICADAS Y COMPUTACION,FES ACATLÁN,Escolarizado,https://www.dgae.unam.mx/Licenciatura2026/resultados/1/12102005.html,260,475,427,59,265,004804,46,,No seleccionado,,Consultar
1,Licenciatura 2026,121,12102005,MATEMATICAS APLICADAS Y COMPUTACION,FES ACATLÁN,Escolarizado,https://www.dgae.unam.mx/Licenciatura2026/resultados/1/12102005.html,260,475,427,59,265,004810,58,,No seleccionado,,Consultar
1,Licenciatura 2026,121,12102005,MATEMATICAS APLICADAS Y COMPUTACION,FES ACATLÁN,Escolarizado,https://www.dgae.unam.mx/Licenciatura2026/resultados/1/12102005.html,260,475,427,59,265,004813,65,S,Seleccionado,,Consultar
1,Licenciatura 2026,121,12102005,MATEMATICAS APLICADAS Y COMPUTACION,FES ACATLÁN,Escolarizado,https://www.dgae.unam.mx/Licenciatura2026/resultados/1/12102005.html,260,475,427,59,265,004890,69,S,Seleccionado,Cita para entregar documentación.,Consultar
1,Licenciatura 2026,121,12102005,MATEMATICAS APLICADAS Y COMPUTACION,FES ACATLÁN,Escolarizado,https://www.dgae.unam.mx/Licenciatura2026/resultados/1/12102005.html,260,475,427,59,265,004904,88,S,Seleccionado,Cita para entregar documentación.,Consultar
1,Licenciatura 2026,121,12102005,MATEMATICAS APLICADAS Y COMPUTACION,FES ACATLÁN,Escolarizado,https://www.dgae.unam.mx/Licenciatura2026/resultados/1/12102005.html,260,475,427,59,265,004972,34,,No seleccionado,,Consultar
1,Licenciatura 2026,121,12102005,MATEMATICAS APLICADAS Y COMPUTACION,FES ACATLÁN,Escolarizado,https://www.dgae.unam.mx/Licenciatura2026/resultados/1/12102005.html,260,475,427,59,265,005023,25,,No seleccionado,,Consultar
1,Licenciatura 2026,121,12102005,MATEMATICAS APLICADAS Y COMPUTACION,FES ACATLÁN,Escolarizado,https://www.dgae.unam.mx/Licenciatura2026/resultados/1/12102005.html,260,475,427,59,265,005087,,N,No presentado,,Consultar
1,Licenciatura 2026,121,12102005,MATEMATICAS APLICADAS Y COMPUTACION,FES ACATLÁN,Escolarizado,https://www.dgae.unam.mx/Licenciatura2026/resultados/1/12102005.html,260,475,427,59,265,005158,,,No seleccionado,Cita para aclarar situación escolar.,Consultar
1,Licenciatura 2026,121,12102005,MATEMATICAS APLICADAS Y COMPUTACION,FES ACATLÁN,Escolarizado,https://www.dgae.unam.mx/Licenciatura2026/resultados/1/12102005.html,260,475,427,59,265,005219,101,S,Seleccionado,,Consultar
1,Licenciatura 2026,121,12102005,MATEMATICAS APLICADAS Y COMPUTACION,FES ACATLÁN,Escolarizado,https://www.dgae.unam.mx/Licenciatura2026/resultados/1/12102005.html,260,475,427,59,265,005302,64,S,Seleccionado,Cita para entregar documentación.,Consultar
1,Licenciatura 2026,121,12102005,MATEMATICAS APLICADAS Y COMPUTACION,FES ACATLÁN,Escolarizado,https://www.dgae.unam.mx/Licenciatura2026/resultados/1/12102005.html,260,475,427,59,265,005375,55,,No seleccionado,,Consultar
1,Licenciatura 2026,121,12102005,MATEMATICAS APLICADAS Y COMPUTACION,FES ACATLÁN,Escolarizado,https://www.dgae.unam.mx/Licenciatura2026/resultados/1/12102005.html,260,475,427,59,265,005397,81,S,Seleccionado,Cita para entregar documentación.,Consultar
1,Licenciatura 2026,121,12102005,MATEMATICAS APLICADAS Y COMPUTACION,FES ACATLÁN,Escolarizado,https://www.dgae.unam.mx/Licenciatura2026/resultados/1/12102005.html,260,475,427,59,265,005476,75,S,Seleccionado,Cita para entregar documentación.,Consultar
1,Licenciatura 2026,121,12102005,MATEMATICAS APLICADAS Y COMPUTACION,FES ACATLÁN,Escolarizado,https://www.dgae.unam.mx/Licenciatura2026/resultados/1/12102005.html,260,475,427,59,265,005492,89,S,Seleccionado,Cita para entregar documentación.,Consultar
1,Licenciatura 2026,121,12102005,MATEMATICAS APLICADAS Y COMPUTACION,FES ACATLÁN,Escolarizado,https://www.dgae.unam.mx/Licenciatura2026/resultados/1/12102005.html,260,475,427,59,265,005722,55,,No seleccionado,,Consultar
1,Licenciatura 2026,121,12102005,MATEMATICAS APLICADAS Y COMPUTACION,FES ACATLÁN,Escolarizado,https://www.dgae.unam.mx/Licenciatura2026/resultados/1/12102005.html,260,475,427,59,265,005864,,N,No presentado,,Consultar
1,Licenciatura 2026,121,12102005,MATEMATICAS APLICADAS Y COMPUTACION,FES ACATLÁN,Escolarizado,https://www.dgae.unam.mx/Licenciatura2026/resultados/1/12102005.html,260,475,427,59,265,005876,92,S,Seleccionado,Cita para entregar documentación.,Consultar
1,Licenciatura 2026,121,12102005,MATEMATICAS APLICADAS Y COMPUTACION,FES ACATLÁN,Escolarizado,https://www.dgae.unam.mx/Licenciatura2026/resultados/1/12102005.html,260,475,427,59,265,005883,70,S,Seleccionado,,Consultar
1,Licenciatura 2026,121,12102005,MATEMATICAS APLICADAS Y COMPUTACION,FES ACATLÁN,Escolarizado,https://www.dgae.unam.mx/Licenciatura2026/resultados/1/12102005.html,260,475,427,59,265,005889,62,S,Seleccionado,Cita para entregar documentación.,Consultar
1,Licenciatura 2026,121,12102005,MATEMATICAS APLICADAS Y COMPUTACION,FES ACATLÁN,Escolarizado,https://www.dgae.unam.mx/Licenciatura2026/resultados/1/12102005.html,260,475,427,59,265,005926,68,S,Seleccionado,Cita para entregar documentación.,Consultar
1,Licenciatura 2026,121,12102005,MATEMATICAS APLICADAS Y COMPUTACION,FES ACATLÁN,Escolarizado,https://www.dgae.unam.mx/Licenciatura2026/resultados/1/12102005.html,260,475,427,59,265,006047,110,S,Seleccionado,Cita para entregar documentación.,Consultar
1,Licenciatura 2026,121,12102005,MATEMATICAS APLICADAS Y COMPUTACION,FES ACATLÁN,Escolarizado,https://www.dgae.unam.mx/Licenciatura2026/resultados/1/12102005.html,260,475,427,59,265,006102,79,S,Seleccionado,Cita para entregar documentación.,Consultar
1,Licenciatura 2026,121,12102005,MATEMATICAS APLICADAS Y COMPUTACION,FES ACATLÁN,Escolarizado,https://www.dgae.unam.mx/Licenciatura2026/resultados/1/12102005.html,260,475,427,59,265,006118,50,,No seleccionado,,Consultar
1,Licenciatura 2026,121,12102005,MATEMATICAS APLICADAS Y COMPUTACION,FES ACATLÁN,Escolarizado,https://www.dgae.unam.mx/Licenciatura2026/resultados/1/12102005.html,260,475,427,59,265,006257,111,S,Seleccionado,,Consultar
1,Licenciatura 2026,121,12102005,MATEMATICAS APLICADAS Y COMPUTACION,FES ACATLÁN,Escolarizado,https://www.dgae.unam.mx/Licenciatura2026/resultados/1/12102005.html,260,475,427,59,265,006290,54,,No seleccionado,,Consultar
1,Licenciatura 2026,121,12102005,MATEMATICAS APLICADAS Y COMPUTACION,FES ACATLÁN,Escolarizado,https://www.dgae.unam.mx/Licenciatura2026/resultados/1/12102005.html,260,475,427,59,265,006375,34,,No seleccionado,,Consultar
1,Licenciatura 2026,121,12102005,MATEMATICAS APLICADAS Y COMPUTACION,FES ACATLÁN,Escolarizado,https://www.dgae.unam.mx/Licenciatura2026/resultados/1/12102005.html,260,475,427,59,265,006431,109,S,Seleccionado,Cita para entregar documentación.,Consultar
1,Licenciatura 2026,121,12102005,MATEMATICAS APLICADAS Y COMPUTACION,FES ACATLÁN,Escolarizado,https://www.dgae.unam.mx/Licenciatura2026/resultados/1/12102005.html,260,475,427,59,265,006433,52,,No seleccionado,,Consultar
1,Licenciatura 2026,121,12102005,MATEMATICAS APLICADAS Y COMPUTACION,FES ACATLÁN,Escolarizado,https://www.dgae.unam.mx/Licenciatura2026/resultados/1/12102005.html,260,475,427,59,265,006519,62,S,Seleccionado,Cita para entregar documentación.,Consultar
1,Licenciatura 2026,121,12102005,MATEMATICAS APLICADAS Y COMPUTACION,FES ACATLÁN,Escolarizado,https://www.dgae.unam.mx/Licenciatura2026/resultados/1/12102005.html,260,475,427,59,265,006574,46,,No seleccionado,,Consultar
1,Licenciatura 2026,121,12102005,MATEMATICAS APLICADAS Y COMPUTACION,FES ACATLÁN,Escolarizado,https://www.dgae.unam.mx/Licenciatura2026/resultados/1/12102005.html,260,475,427,59,265,006716,43,,No seleccionado,,Consultar
1,Licenciatura 2026,121,12102005,MATEMATICAS APLICADAS Y COMPUTACION,FES ACATLÁN,Escolarizado,https://www.dgae.unam.mx/Licenciatura2026/resultados/1/12102005.html,260,475,427,59,265,006722,95,S,Seleccionado,Cita para entregar documentación.,Consultar
1,Licenciatura 2026,121,12102005,MATEMATICAS APLICADAS Y COMPUTACION,FES ACATLÁN,Escolarizado,https://www.dgae.unam.mx/Licenciatura2026/resultados/1/12102005.html,260,475,427,59,265,006730,41,,No seleccionado,,Consultar
1,Licenciatura 2026,121,12102005,MATEMATICAS APLICADAS Y COMPUTACION,FES ACATLÁN,Escolarizado,https://www.dgae.unam.mx/Licenciatura2026/resultados/1/12102005.html,260,475,427,59,265,006767,84,S,Seleccionado,Cita para entregar documentación.,Consultar
1,Licenciatura 2026,121,12102005,MATEMATICAS APLICADAS Y COMPUTACION,FES ACATLÁN,Escolarizado,https://www.dgae.unam.mx/Licenciatura2026/resultados/1/12102005.html,260,475,427,59,265,006864,77,S,Seleccionado,Cita para entregar documentación.,Consultar
1,Licenciatura 2026,121,12102005,MATEMATICAS APLICADAS Y COMPUTACION,FES ACATLÁN,Escolarizado,https://www.dgae.unam.mx/Licenciatura2026/resultados/1/12102005.html,260,475,427,59,265,006958,46,,No seleccionado,,Consultar
1,Licenciatura 2026,121,12102005,MATEMATICAS APLICADAS Y COMPUTACION,FES ACATLÁN,Escolarizado,https://www.dgae.unam.mx/Licenciatura2026/resultados/1/12102005.html,260,475,427,59,265,007067,56,,No seleccionado,,Consultar
1,Licenciatura 2026,121,12102005,MATEMATICAS APLICADAS Y COMPUTACION,FES ACATLÁN,Escolarizado,https://www.dgae.unam.mx/Licenciatura2026/resultados/1/12102005.html,260,475,427,59,265,007165,70,S,Seleccionado,Cita para entregar documentación.,Consultar
1,Licenciatura 2026,121,12102005,MATEMATICAS APLICADAS Y COMPUTACION,FES ACATLÁN,Escolarizado,https://www.dgae.unam.mx/Licenciatura2026/resultados/1/12102005.html,260,475,427,59,265,007252,34,,No seleccionado,,Consultar
1,Licenciatura 2026,121,12102005,MATEMATICAS APLICADAS Y COMPUTACION,FES ACATLÁN,Escolarizado,https://www.dgae.unam.mx/Licenciatura2026/resultados/1/12102005.html,260,475,427,59,265,007263,44,,No seleccionado,,Consultar
1,Licenciatura 2026,121,12102005,MATEMATICAS APLICADAS Y COMPUTACION,FES ACATLÁN,Escolarizado,https://www.dgae.unam.mx/Licenciatura2026/resultados/1/12102005.html,260,475,427,59,265,007290,85,S,Seleccionado,Cita para entregar documentación.,Consultar
1,Licenciatura 2026,121,12102005,MATEMATICAS APLICADAS Y COMPUTACION,FES ACATLÁN,Escolarizado,https://www.dgae.unam.mx/Licenciatura2026/resultados/1/12102005.html,260,475,427,59,265,007340,95,S,Seleccionado,Cita para entregar documentación.,Consultar
1,Licenciatura 2026,121,12102005,MATEMATICAS APLICADAS Y COMPUTACION,FES ACATLÁN,Escolarizado,https://www.dgae.unam.mx/Licenciatura2026/resultados/1/12102005.html,260,475,427,59,265,007368,,N,No presentado,,Consultar
1,Licenciatura 2026,121,12102005,MATEMATICAS APLICADAS Y COMPUTACION,FES ACATLÁN,Escolarizado,https://www.dgae.unam.mx/Licenciatura2026/resultados/1/12102005.html,260,475,427,59,265,007435,40,,No seleccionado,,Consultar
1,Licenciatura 2026,121,12102005,MATEMATICAS APLICADAS Y COMPUTACION,FES ACATLÁN,Escolarizado,https://www.dgae.unam.mx/Licenciatura2026/resultados/1/12102005.html,260,475,427,59,265,007448,92,S,Seleccionado,Cita para entregar documentación.,Consultar
1,Licenciatura 2026,121,12102005,MATEMATICAS APLICADAS Y COMPUTACION,FES ACATLÁN,Escolarizado,https://www.dgae.unam.mx/Licenciatura2026/resultados/1/12102005.html,260,475,427,59,265,007666,87,S,Seleccionado,Cita para entregar documentación.,Consultar
1,Licenciatura 2026,121,12102005,MATEMATICAS APLICADAS Y COMPUTACION,FES ACATLÁN,Escolarizado,https://www.dgae.unam.mx/Licenciatura2026/resultados/1/12102005.html,260,475,427,59,265,007716,115,S,Seleccionado,,Consultar
1,Licenciatura 2026,121,12102005,MATEMATICAS APLICADAS Y COMPUTACION,FES ACATLÁN,Escolarizado,https://www.dgae.unam.mx/Licenciatura2026/resultados/1/12102005.html,260,475,427,59,265,007901,100,S,Seleccionado,Cita para entregar documentación.,Consultar
1,Licenciatura 2026,121,12102005,MATEMATICAS APLICADAS Y COMPUTACION,FES ACATLÁN,Escolarizado,https://www.dgae.unam.mx/Licenciatura2026/resultados/1/12102005.html,260,475,427,59,265,007941,45,,No seleccionado,,Consultar
1,Licenciatura 2026,121,12102005,MATEMATICAS APLICADAS Y COMPUTACION,FES ACATLÁN,Escolarizado,https://www.dgae.unam.mx/Licenciatura2026/resultados/1/12102005.html,260,475,427,59,265,007971,54,,No seleccionado,,Consultar
1,Licenciatura 2026,121,12102005,MATEMATICAS APLICADAS Y COMPUTACION,FES ACATLÁN,Escolarizado,https://www.dgae.unam.mx/Licenciatura2026/resultados/1/12102005.html,260,475,427,59,265,007972,73,S,Seleccionado,,Consultar
1,Licenciatura 2026,121,12102005,MATEMATICAS APLICADAS Y COMPUTACION,FES ACATLÁN,Escolarizado,https://www.dgae.unam.mx/Licenciatura2026/resultados/1/12102005.html,260,475,427,59,265,008147,100,S,Seleccionado,Cita para entregar documentación.,Consultar
1,Licenciatura 2026,121,12102005,MATEMATICAS APLICADAS Y COMPUTACION,FES ACATLÁN,Escolarizado,https://www.dgae.unam.mx/Licenciatura2026/resultados/1/12102005.html,260,475,427,59,265,008165,42,,No seleccionado,,Consultar
1,Licenciatura 2026,121,12102005,MATEMATICAS APLICADAS Y COMPUTACION,FES ACATLÁN,Escolarizado,https://www.dgae.unam.mx/Licenciatura2026/resultados/1/12102005.html,260,475,427,59,265,008196,41,,No seleccionado,,Consultar
1,Licenciatura 2026,121,12102005,MATEMATICAS APLICADAS Y COMPUTACION,FES ACATLÁN,Escolarizado,https://www.dgae.unam.mx/Licenciatura2026/resultados/1/12102005.html,260,475,427,59,265,008214,42,,No seleccionado,,Consultar
1,Licenciatura 2026,121,12102005,MATEMATICAS APLICADAS Y COMPUTACION,FES ACATLÁN,Escolarizado,https://www.dgae.unam.mx/Licenciatura2026/resultados/1/12102005.html,260,475,427,59,265,008350,53,,No seleccionado,,Consultar
1,Licenciatura 2026,121,12102005,MATEMATICAS APLICADAS Y COMPUTACION,FES ACATLÁN,Escolarizado,https://www.dgae.unam.mx/Licenciatura2026/resultados/1/12102005.html,260,475,427,59,265,008483,34,,No seleccionado,,Consultar
1,Licenciatura 2026,121,12102005,MATEMATICAS APLICADAS Y COMPUTACION,FES ACATLÁN,Escolarizado,https://www.dgae.unam.mx/Licenciatura2026/resultados/1/12102005.html,260,475,427,59,265,008492,48,,No seleccionado,,Consultar
1,Licenciatura 2026,121,12102005,MATEMATICAS APLICADAS Y COMPUTACION,FES ACATLÁN,Escolarizado,https://www.dgae.unam.mx/Licenciatura2026/resultados/1/12102005.html,260,475,427,59,265,008535,96,S,Seleccionado,Cita para entregar documentación.,Consultar
1,Licenciatura 2026,121,12102005,MATEMATICAS APLICADAS Y COMPUTACION,FES ACATLÁN,Escolarizado,https://www.dgae.unam.mx/Licenciatura2026/resultados/1/12102005.html,260,475,427,59,265,008660,97,S,Seleccionado,Cita para entregar documentación.,Consultar
1,Licenciatura 2026,121,12102005,MATEMATICAS APLICADAS Y COMPUTACION,FES ACATLÁN,Escolarizado,https://www.dgae.unam.mx/Licenciatura2026/resultados/1/12102005.html,260,475,427,59,265,008681,54,,No seleccionado,,Consultar
1,Licenciatura 2026,121,12102005,MATEMATICAS APLICADAS Y COMPUTACION,FES ACATLÁN,Escolarizado,https://www.dgae.unam.mx/Licenciatura2026/resultados/1/12102005.html,260,475,427,59,265,008801,,N,No presentado,,Consultar
1,Licenciatura 2026,121,12102005,MATEMATICAS APLICADAS Y COMPUTACION,FES ACATLÁN,Escolarizado,https://www.dgae.unam.mx/Licenciatura2026/resultados/1/12102005.html,260,475,427,59,265,008811,52,,No seleccionado,,Consultar
1,Licenciatura 2026,121,12102005,MATEMATICAS APLICADAS Y COMPUTACION,FES ACATLÁN,Escolarizado,https://www.dgae.unam.mx/Licenciatura2026/resultados/1/12102005.html,260,475,427,59,265,008879,85,S,Seleccionado,Cita para entregar documentación.,Consultar
1,Licenciatura 2026,121,12102005,MATEMATICAS APLICADAS Y COMPUTACION,FES ACATLÁN,Escolarizado,https://www.dgae.unam.mx/Licenciatura2026/resultados/1/12102005.html,260,475,427,59,265,008942,75,S,Seleccionado,,Consultar
1,Licenciatura 2026,121,12102005,MATEMATICAS APLICADAS Y COMPUTACION,FES ACATLÁN,Escolarizado,https://www.dgae.unam.mx/Licenciatura2026/resultados/1/12102005.html,260,475,427,59,265,008974,81,S,Seleccionado,Cita para entregar documentación.,Consultar
1,Licenciatura 2026,121,12102005,MATEMATICAS APLICADAS Y COMPUTACION,FES ACATLÁN,Escolarizado,https://www.dgae.unam.mx/Licenciatura2026/resultados/1/12102005.html,260,475,427,59,265,008986,87,S,Seleccionado,,Consultar
1,Licenciatura 2026,121,12102005,MATEMATICAS APLICADAS Y COMPUTACION,FES ACATLÁN,Escolarizado,https://www.dgae.unam.mx/Licenciatura2026/resultados/1/12102005.html,260,475,427,59,265,009024,73,S,Seleccionado,Cita para entregar documentación.,Consultar
1,Licenciatura 2026,121,12102005,MATEMATICAS APLICADAS Y COMPUTACION,FES ACATLÁN,Escolarizado,https://www.dgae.unam.mx/Licenciatura2026/resultados/1/12102005.html,260,475,427,59,265,009066,93,S,Seleccionado,Cita para entregar documentación.,Consultar
1,Licenciatura 2026,121,12102005,MATEMATICAS APLICADAS Y COMPUTACION,FES ACATLÁN,Escolarizado,https://www.dgae.unam.mx/Licenciatura2026/resultados/1/12102005.html,260,475,427,59,265,009080,69,S,Seleccionado,Cita para entregar documentación.,Consultar
1,Licenciatura 2026,121,12102005,MATEMATICAS APLICADAS Y COMPUTACION,FES ACATLÁN,Escolarizado,https://www.dgae.unam.mx/Licenciatura2026/resultados/1/12102005.html,260,475,427,59,265,009133,41,,No seleccionado,,Consultar
1,Licenciatura 2026,121,12102005,MATEMATICAS APLICADAS Y COMPUTACION,FES ACATLÁN,Escolarizado,https://www.dgae.unam.mx/Licenciatura2026/resultados/1/12102005.html,260,475,427,59,265,009244,64,S,Seleccionado,Cita para entregar documentación.,Consultar
1,Licenciatura 2026,121,12102005,MATEMATICAS APLICADAS Y COMPUTACION,FES ACATLÁN,Escolarizado,https://www.dgae.unam.mx/Licenciatura2026/resultados/1/12102005.html,260,475,427,59,265,009333,75,S,Seleccionado,Cita para entregar documentación.,Consultar
1,Licenciatura 2026,121,12102005,MATEMATICAS APLICADAS Y COMPUTACION,FES ACATLÁN,Escolarizado,https://www.dgae.unam.mx/Licenciatura2026/resultados/1/12102005.html,260,475,427,59,265,009474,79,S,Seleccionado,Cita para entregar documentación.,Consultar
1,Licenciatura 2026,121,12102005,MATEMATICAS APLICADAS Y COMPUTACION,FES ACATLÁN,Escolarizado,https://www.dgae.unam.mx/Licenciatura2026/resultados/1/12102005.html,260,475,427,59,265,009533,98,S,Seleccionado,Cita para entregar documentación.,Consultar
1,Licenciatura 2026,121,12102005,MATEMATICAS APLICADAS Y COMPUTACION,FES ACATLÁN,Escolarizado,https://www.dgae.unam.mx/Licenciatura2026/resultados/1/12102005.html,260,475,427,59,265,009538,79,S,Seleccionado,Cita para entregar documentación.,Consultar
1,Licenciatura 2026,121,12102005,MATEMATICAS APLICADAS Y COMPUTACION,FES ACATLÁN,Escolarizado,https://www.dgae.unam.mx/Licenciatura2026/resultados/1/12102005.html,260,475,427,59,265,009577,34,,No seleccionado,,Consultar
1,Licenciatura 2026,121,12102005,MATEMATICAS APLICADAS Y COMPUTACION,FES ACATLÁN,Escolarizado,https://www.dgae.unam.mx/Licenciatura2026/resultados/1/12102005.html,260,475,427,59,265,009691,80,S,Seleccionado,Cita para entregar documentación.,Consultar
1,Licenciatura 2026,121,12102005,MATEMATICAS APLICADAS Y COMPUTACION,FES ACATLÁN,Escolarizado,https://www.dgae.unam.mx/Licenciatura2026/resultados/1/12102005.html,260,475,427,59,265,009847,69,S,Seleccionado,Cita para entregar documentación.,Consultar
1,Licenciatura 2026,121,12102005,MATEMATICAS APLICADAS Y COMPUTACION,FES ACATLÁN,Escolarizado,https://www.dgae.unam.mx/Licenciatura2026/resultados/1/12102005.html,260,475,427,59,265,009931,91,S,Seleccionado,Cita para entregar documentación.,Consultar
1,Licenciatura 2026,121,12102005,MATEMATICAS APLICADAS Y COMPUTACION,FES ACATLÁN,Escolarizado,https://www.dgae.unam.mx/Licenciatura2026/resultados/1/12102005.html,260,475,427,59,265,009982,51,,No seleccionado,,Consultar
1,Licenciatura 2026,121,12102005,MATEMATICAS APLICADAS Y COMPUTACION,FES ACATLÁN,Escolarizado,https://www.dgae.unam.mx/Licenciatura2026/resultados/1/12102005.html,260,475,427,59,265,010017,32,,No seleccionado,,Consultar
1,Licenciatura 2026,121,12102005,MATEMATICAS APLICADAS Y COMPUTACION,FES ACATLÁN,Escolarizado,https://www.dgae.unam.mx/Licenciatura2026/resultados/1/12102005.html,260,475,427,59,265,010028,94,S,Seleccionado,Cita para entregar documentación.,Consultar
1,Licenciatura 2026,121,12102005,MATEMATICAS APLICADAS Y COMPUTACION,FES ACATLÁN,Escolarizado,https://www.dgae.unam.mx/Licenciatura2026/resultados/1/12102005.html,260,475,427,59,265,010088,61,S,Seleccionado,Cita para entregar documentación.,Consultar
1,Licenciatura 2026,121,12102005,MATEMATICAS APLICADAS Y COMPUTACION,FES ACATLÁN,Escolarizado,https://www.dgae.unam.mx/Licenciatura2026/resultados/1/12102005.html,260,475,427,59,265,010175,79,S,Seleccionado,Cita para entregar documentación.,Consultar
1,Licenciatura 2026,121,12102005,MATEMATICAS APLICADAS Y COMPUTACION,FES ACATLÁN,Escolarizado,https://www.dgae.unam.mx/Licenciatura2026/resultados/1/12102005.html,260,475,427,59,265,010223,53,,No seleccionado,,Consultar
1,Licenciatura 2026,121,12102005,MATEMATICAS APLICADAS Y COMPUTACION,FES ACATLÁN,Escolarizado,https://www.dgae.unam.mx/Licenciatura2026/resultados/1/12102005.html,260,475,427,59,265,010238,76,S,Seleccionado,Cita para entregar documentación.,Consultar
1,Licenciatura 2026,121,12102005,MATEMATICAS APLICADAS Y COMPUTACION,FES ACATLÁN,Escolarizado,https://www.dgae.unam.mx/Licenciatura2026/resultados/1/12102005.html,260,475,427,59,265,010241,71,S,Seleccionado,Cita para entregar documentación.,Consultar
1,Licenciatura 2026,121,12102005,MATEMATICAS APLICADAS Y COMPUTACION,FES ACATLÁN,Escolarizado,https://www.dgae.unam.mx/Licenciatura2026/resultados/1/12102005.html,260,475,427,59,265,010262,79,S,Seleccionado,Cita para entregar documentación.,Consultar
1,Licenciatura 2026,121,12102005,MATEMATICAS APLICADAS Y COMPUTACION,FES ACATLÁN,Escolarizado,https://www.dgae.unam.mx/Licenciatura2026/resultados/1/12102005.html,260,475,427,59,265,010312,41,,No seleccionado,,Consultar
1,Licenciatura 2026,121,12102005,MATEMATICAS APLICADAS Y COMPUTACION,FES ACATLÁN,Escolarizado,https://www.dgae.unam.mx/Licenciatura2026/resultados/1/12102005.html,260,475,427,59,265,010318,98,S,Seleccionado,,Consultar
1,Licenciatura 2026,121,12102005,MATEMATICAS APLICADAS Y COMPUTACION,FES ACATLÁN,Escolarizado,https://www.dgae.unam.mx/Licenciatura2026/resultados/1/12102005.html,260,475,427,59,265,010326,57,,No seleccionado,,Consultar
1,Licenciatura 2026,121,12102005,MATEMATICAS APLICADAS Y COMPUTACION,FES ACATLÁN,Escolarizado,https://www.dgae.unam.mx/Licenciatura2026/resultados/1/12102005.html,260,475,427,59,265,010508,51,,No seleccionado,,Consultar
1,Licenciatura 2026,121,12102005,MATEMATICAS APLICADAS Y COMPUTACION,FES ACATLÁN,Escolarizado,https://www.dgae.unam.mx/Licenciatura2026/resultados/1/12102005.html,260,475,427,59,265,010516,62,S,Seleccionado,Cita para entregar documentación.,Consultar
1,Licenciatura 2026,121,12102005,MATEMATICAS APLICADAS Y COMPUTACION,FES ACATLÁN,Escolarizado,https://www.dgae.unam.mx/Licenciatura2026/resultados/1/12102005.html,260,475,427,59,265,010744,38,,No seleccionado,,Consultar
1,Licenciatura 2026,121,12102005,MATEMATICAS APLICADAS Y COMPUTACION,FES ACATLÁN,Escolarizado,https://www.dgae.unam.mx/Licenciatura2026/resultados/1/12102005.html,260,475,427,59,265,010887,74,S,Seleccionado,,Consultar
1,Licenciatura 2026,121,12102005,MATEMATICAS APLICADAS Y COMPUTACION,FES ACATLÁN,Escolarizado,https://www.dgae.unam.mx/Licenciatura2026/resultados/1/12102005.html,260,475,427,59,265,010973,34,,No seleccionado,,Consultar
1,Licenciatura 2026,121,12102005,MATEMATICAS APLICADAS Y COMPUTACION,FES ACATLÁN,Escolarizado,https://www.dgae.unam.mx/Licenciatura2026/resultados/1/12102005.html,260,475,427,59,265,010990,64,S,Seleccionado,Cita para entregar documentación.,Consultar
1,Licenciatura 2026,121,12102005,MATEMATICAS APLICADAS Y COMPUTACION,FES ACATLÁN,Escolarizado,https://www.dgae.unam.mx/Licenciatura2026/resultados/1/12102005.html,260,475,427,59,265,011041,44,,No seleccionado,,Consultar
1,Licenciatura 2026,121,12102005,MATEMATICAS APLICADAS Y COMPUTACION,FES ACATLÁN,Escolarizado,https://www.dgae.unam.mx/Licenciatura2026/resultados/1/12102005.html,260,475,427,59,265,011165,46,,No seleccionado,,Consultar
1,Licenciatura 2026,121,12102005,MATEMATICAS APLICADAS Y COMPUTACION,FES ACATLÁN,Escolarizado,https://www.dgae.unam.mx/Licenciatura2026/resultados/1/12102005.html,260,475,427,59,265,011315,107,S,Seleccionado,Cita para entregar documentación.,Consultar
1,Licenciatura 2026,121,12102005,MATEMATICAS APLICADAS Y COMPUTACION,FES ACATLÁN,Escolarizado,https://www.dgae.unam.mx/Licenciatura2026/resultados/1/12102005.html,260,475,427,59,265,011464,,N,No presentado,,Consultar
1,Licenciatura 2026,121,12102005,MATEMATICAS APLICADAS Y COMPUTACION,FES ACATLÁN,Escolarizado,https://www.dgae.unam.mx/Licenciatura2026/resultados/1/12102005.html,260,475,427,59,265,011509,,N,No presentado,,Consultar
1,Licenciatura 2026,121,12102005,MATEMATICAS APLICADAS Y COMPUTACION,FES ACATLÁN,Escolarizado,https://www.dgae.unam.mx/Licenciatura2026/resultados/1/12102005.html,260,475,427,59,265,011531,24,,No seleccionado,,Consultar
1,Licenciatura 2026,121,12102005,MATEMATICAS APLICADAS Y COMPUTACION,FES ACATLÁN,Escolarizado,https://www.dgae.unam.mx/Licenciatura2026/resultados/1/12102005.html,260,475,427,59,265,011709,56,,No seleccionado,,Consultar
1,Licenciatura 2026,121,12102005,MATEMATICAS APLICADAS Y COMPUTACION,FES ACATLÁN,Escolarizado,https://www.dgae.unam.mx/Licenciatura2026/resultados/1/12102005.html,260,475,427,59,265,011958,34,,No seleccionado,,Consultar
1,Licenciatura 2026,121,12102005,MATEMATICAS APLICADAS Y COMPUTACION,FES ACATLÁN,Escolarizado,https://www.dgae.unam.mx/Licenciatura2026/resultados/1/12102005.html,260,475,427,59,265,011961,,N,No presentado,,Consultar
1,Licenciatura 2026,121,12102005,MATEMATICAS APLICADAS Y COMPUTACION,FES ACATLÁN,Escolarizado,https://www.dgae.unam.mx/Licenciatura2026/resultados/1/12102005.html,260,475,427,59,265,012096,43,,No seleccionado,,Consultar
1,Licenciatura 2026,121,12102005,MATEMATICAS APLICADAS Y COMPUTACION,FES ACATLÁN,Escolarizado,https://www.dgae.unam.mx/Licenciatura2026/resultados/1/12102005.html,260,475,427,59,265,012149,104,S,Seleccionado,Cita para entregar documentación.,Consultar
1,Licenciatura 2026,121,12102005,MATEMATICAS APLICADAS Y COMPUTACION,FES ACATLÁN,Escolarizado,https://www.dgae.unam.mx/Licenciatura2026/resultados/1/12102005.html,260,475,427,59,265,012177,74,S,Seleccionado,Cita para entregar documentación.,Consultar
1,Licenciatura 2026,121,12102005,MATEMATICAS APLICADAS Y COMPUTACION,FES ACATLÁN,Escolarizado,https://www.dgae.unam.mx/Licenciatura2026/resultados/1/12102005.html,260,475,427,59,265,012178,76,S,Seleccionado,Cita para entregar documentación.,Consultar
1,Licenciatura 2026,121,12102005,MATEMATICAS APLICADAS Y COMPUTACION,FES ACATLÁN,Escolarizado,https://www.dgae.unam.mx/Licenciatura2026/resultados/1/12102005.html,260,475,427,59,265,012183,83,S,Seleccionado,Cita para entregar documentación.,Consultar
1,Licenciatura 2026,121,12102005,MATEMATICAS APLICADAS Y COMPUTACION,FES ACATLÁN,Escolarizado,https://www.dgae.unam.mx/Licenciatura2026/resultados/1/12102005.html,260,475,427,59,265,012371,47,,No seleccionado,,Consultar
1,Licenciatura 2026,121,12102005,MATEMATICAS APLICADAS Y COMPUTACION,FES ACATLÁN,Escolarizado,https://www.dgae.unam.mx/Licenciatura2026/resultados/1/12102005.html,260,475,427,59,265,012437,54,,No seleccionado,,Consultar
1,Licenciatura 2026,121,12102005,MATEMATICAS APLICADAS Y COMPUTACION,FES ACATLÁN,Escolarizado,https://www.dgae.unam.mx/Licenciatura2026/resultados/1/12102005.html,260,475,427,59,265,012485,,N,No presentado,,Consultar
1,Licenciatura 2026,121,12102005,MATEMATICAS APLICADAS Y COMPUTACION,FES ACATLÁN,Escolarizado,https://www.dgae.unam.mx/Licenciatura2026/resultados/1/12102005.html,260,475,427,59,265,012535,50,,No seleccionado,,Consultar
1,Licenciatura 2026,121,12102005,MATEMATICAS APLICADAS Y COMPUTACION,FES ACATLÁN,Escolarizado,https://www.dgae.unam.mx/Licenciatura2026/resultados/1/12102005.html,260,475,427,59,265,012656,86,S,Seleccionado,Cita para entregar documentación.,Consultar
1,Licenciatura 2026,121,12102005,MATEMATICAS APLICADAS Y COMPUTACION,FES ACATLÁN,Escolarizado,https://www.dgae.unam.mx/Licenciatura2026/resultados/1/12102005.html,260,475,427,59,265,012663,100,S,Seleccionado,,Consultar
1,Licenciatura 2026,121,12102005,MATEMATICAS APLICADAS Y COMPUTACION,FES ACATLÁN,Escolarizado,https://www.dgae.unam.mx/Licenciatura2026/resultados/1/12102005.html,260,475,427,59,265,012671,46,,No seleccionado,,Consultar
1,Licenciatura 2026,121,12102005,MATEMATICAS APLICADAS Y COMPUTACION,FES ACATLÁN,Escolarizado,https://www.dgae.unam.mx/Licenciatura2026/resultados/1/12102005.html,260,475,427,59,265,012842,72,S,Seleccionado,Cita para entregar documentación.,Consultar
1,Licenciatura 2026,121,12102005,MATEMATICAS APLICADAS Y COMPUTACION,FES ACATLÁN,Escolarizado,https://www.dgae.unam.mx/Licenciatura2026/resultados/1/12102005.html,260,475,427,59,265,012942,38,,No seleccionado,,Consultar
1,Licenciatura 2026,121,12102005,MATEMATICAS APLICADAS Y COMPUTACION,FES ACATLÁN,Escolarizado,https://www.dgae.unam.mx/Licenciatura2026/resultados/1/12102005.html,260,475,427,59,265,012944,74,S,Seleccionado,Cita para entregar documentación.,Consultar
1,Licenciatura 2026,121,12102005,MATEMATICAS APLICADAS Y COMPUTACION,FES ACATLÁN,Escolarizado,https://www.dgae.unam.mx/Licenciatura2026/resultados/1/12102005.html,260,475,427,59,265,012962,106,S,Seleccionado,,Consultar
1,Licenciatura 2026,121,12102005,MATEMATICAS APLICADAS Y COMPUTACION,FES ACATLÁN,Escolarizado,https://www.dgae.unam.mx/Licenciatura2026/resultados/1/12102005.html,260,475,427,59,265,013014,45,,No seleccionado,,Consultar
1,Licenciatura 2026,121,12102005,MATEMATICAS APLICADAS Y COMPUTACION,FES ACATLÁN,Escolarizado,https://www.dgae.unam.mx/Licenciatura2026/resultados/1/12102005.html,260,475,427,59,265,013094,77,S,Seleccionado,Cita para entregar documentación.,Consultar
1,Licenciatura 2026,121,12102005,MATEMATICAS APLICADAS Y COMPUTACION,FES ACATLÁN,Escolarizado,https://www.dgae.unam.mx/Licenciatura2026/resultados/1/12102005.html,260,475,427,59,265,013273,90,S,Seleccionado,Cita para entregar documentación.,Consultar
1,Licenciatura 2026,121,12102005,MATEMATICAS APLICADAS Y COMPUTACION,FES ACATLÁN,Escolarizado,https://www.dgae.unam.mx/Licenciatura2026/resultados/1/12102005.html,260,475,427,59,265,013351,64,S,Seleccionado,Cita para entregar documentación.,Consultar
1,Licenciatura 2026,121,12102005,MATEMATICAS APLICADAS Y COMPUTACION,FES ACATLÁN,Escolarizado,https://www.dgae.unam.mx/Licenciatura2026/resultados/1/12102005.html,260,475,427,59,265,013446,73,S,Seleccionado,Cita para entregar documentación.,Consultar
1,Licenciatura 2026,121,12102005,MATEMATICAS APLICADAS Y COMPUTACION,FES ACATLÁN,Escolarizado,https://www.dgae.unam.mx/Licenciatura2026/resultados/1/12102005.html,260,475,427,59,265,013546,40,,No seleccionado,,Consultar
1,Licenciatura 2026,121,12102005,MATEMATICAS APLICADAS Y COMPUTACION,FES ACATLÁN,Escolarizado,https://www.dgae.unam.mx/Licenciatura2026/resultados/1/12102005.html,260,475,427,59,265,013581,76,S,Seleccionado,Cita para entregar documentación.,Consultar
1,Licenciatura 2026,121,12102005,MATEMATICAS APLICADAS Y COMPUTACION,FES ACATLÁN,Escolarizado,https://www.dgae.unam.mx/Licenciatura2026/resultados/1/12102005.html,260,475,427,59,265,013647,50,,No seleccionado,,Consultar
1,Licenciatura 2026,121,12102005,MATEMATICAS APLICADAS Y COMPUTACION,FES ACATLÁN,Escolarizado,https://www.dgae.unam.mx/Licenciatura2026/resultados/1/12102005.html,260,475,427,59,265,013692,,N,No presentado,,Consultar
1,Licenciatura 2026,121,12102005,MATEMATICAS APLICADAS Y COMPUTACION,FES ACATLÁN,Escolarizado,https://www.dgae.unam.mx/Licenciatura2026/resultados/1/12102005.html,260,475,427,59,265,013752,86,S,Seleccionado,Cita para entregar documentación.,Consultar
1,Licenciatura 2026,121,12102005,MATEMATICAS APLICADAS Y COMPUTACION,FES ACATLÁN,Escolarizado,https://www.dgae.unam.mx/Licenciatura2026/resultados/1/12102005.html,260,475,427,59,265,013785,44,,No seleccionado,,Consultar
1,Licenciatura 2026,121,12102005,MATEMATICAS APLICADAS Y COMPUTACION,FES ACATLÁN,Escolarizado,https://www.dgae.unam.mx/Licenciatura2026/resultados/1/12102005.html,260,475,427,59,265,013822,29,,No seleccionado,,Consultar
1,Licenciatura 2026,121,12102005,MATEMATICAS APLICADAS Y COMPUTACION,FES ACATLÁN,Escolarizado,https://www.dgae.unam.mx/Licenciatura2026/resultados/1/12102005.html,260,475,427,59,265,013866,35,,No seleccionado,,Consultar
1,Licenciatura 2026,121,12102005,MATEMATICAS APLICADAS Y COMPUTACION,FES ACATLÁN,Escolarizado,https://www.dgae.unam.mx/Licenciatura2026/resultados/1/12102005.html,260,475,427,59,265,013889,77,S,Seleccionado,Cita para entregar documentación.,Consultar
1,Licenciatura 2026,121,12102005,MATEMATICAS APLICADAS Y COMPUTACION,FES ACATLÁN,Escolarizado,https://www.dgae.unam.mx/Licenciatura2026/resultados/1/12102005.html,260,475,427,59,265,013910,38,,No seleccionado,,Consultar
1,Licenciatura 2026,121,12102005,MATEMATICAS APLICADAS Y COMPUTACION,FES ACATLÁN,Escolarizado,https://www.dgae.unam.mx/Licenciatura2026/resultados/1/12102005.html,260,475,427,59,265,014162,,,No seleccionado,Cita para aclarar situación escolar.,Consultar
1,Licenciatura 2026,121,12102005,MATEMATICAS APLICADAS Y COMPUTACION,FES ACATLÁN,Escolarizado,https://www.dgae.unam.mx/Licenciatura2026/resultados/1/12102005.html,260,475,427,59,265,014195,59,S,Seleccionado,Cita para entregar documentación.,Consultar
1,Licenciatura 2026,121,12102005,MATEMATICAS APLICADAS Y COMPUTACION,FES ACATLÁN,Escolarizado,https://www.dgae.unam.mx/Licenciatura2026/resultados/1/12102005.html,260,475,427,59,265,014216,94,S,Seleccionado,Cita para entregar documentación.,Consultar
1,Licenciatura 2026,121,12102005,MATEMATICAS APLICADAS Y COMPUTACION,FES ACATLÁN,Escolarizado,https://www.dgae.unam.mx/Licenciatura2026/resultados/1/12102005.html,260,475,427,59,265,014256,66,S,Seleccionado,Cita para entregar documentación.,Consultar
1,Licenciatura 2026,121,12102005,MATEMATICAS APLICADAS Y COMPUTACION,FES ACATLÁN,Escolarizado,https://www.dgae.unam.mx/Licenciatura2026/resultados/1/12102005.html,260,475,427,59,265,014487,,N,No presentado,,Consultar
1,Licenciatura 2026,121,12102005,MATEMATICAS APLICADAS Y COMPUTACION,FES ACATLÁN,Escolarizado,https://www.dgae.unam.mx/Licenciatura2026/resultados/1/12102005.html,260,475,427,59,265,014541,,,No seleccionado,Cita para aclarar situación escolar.,Consultar
1,Licenciatura 2026,121,12102005,MATEMATICAS APLICADAS Y COMPUTACION,FES ACATLÁN,Escolarizado,https://www.dgae.unam.mx/Licenciatura2026/resultados/1/12102005.html,260,475,427,59,265,014548,89,S,Seleccionado,Cita para entregar documentación.,Consultar
1,Licenciatura 2026,121,12102005,MATEMATICAS APLICADAS Y COMPUTACION,FES ACATLÁN,Escolarizado,https://www.dgae.unam.mx/Licenciatura2026/resultados/1/12102005.html,260,475,427,59,265,014668,76,S,Seleccionado,,Consultar
1,Licenciatura 2026,121,12102005,MATEMATICAS APLICADAS Y COMPUTACION,FES ACATLÁN,Escolarizado,https://www.dgae.unam.mx/Licenciatura2026/resultados/1/12102005.html,260,475,427,59,265,014751,81,S,Seleccionado,,Consultar
1,Licenciatura 2026,121,12102005,MATEMATICAS APLICADAS Y COMPUTACION,FES ACATLÁN,Escolarizado,https://www.dgae.unam.mx/Licenciatura2026/resultados/1/12102005.html,260,475,427,59,265,014899,49,,No seleccionado,,Consultar
1,Licenciatura 2026,121,12102005,MATEMATICAS APLICADAS Y COMPUTACION,FES ACATLÁN,Escolarizado,https://www.dgae.unam.mx/Licenciatura2026/resultados/1/12102005.html,260,475,427,59,265,014948,,N,No presentado,,Consultar
1,Licenciatura 2026,121,12102005,MATEMATICAS APLICADAS Y COMPUTACION,FES ACATLÁN,Escolarizado,https://www.dgae.unam.mx/Licenciatura2026/resultados/1/12102005.html,260,475,427,59,265,014950,48,,No seleccionado,,Consultar
1,Licenciatura 2026,121,12102005,MATEMATICAS APLICADAS Y COMPUTACION,FES ACATLÁN,Escolarizado,https://www.dgae.unam.mx/Licenciatura2026/resultados/1/12102005.html,260,475,427,59,265,014958,74,S,Seleccionado,Cita para entregar documentación.,Consultar
1,Licenciatura 2026,121,12102005,MATEMATICAS APLICADAS Y COMPUTACION,FES ACATLÁN,Escolarizado,https://www.dgae.unam.mx/Licenciatura2026/resultados/1/12102005.html,260,475,427,59,265,014976,78,S,Seleccionado,Cita para entregar documentación.,Consultar
1,Licenciatura 2026,121,12102005,MATEMATICAS APLICADAS Y COMPUTACION,FES ACATLÁN,Escolarizado,https://www.dgae.unam.mx/Licenciatura2026/resultados/1/12102005.html,260,475,427,59,265,015017,89,S,Seleccionado,Cita para entregar documentación.,Consultar
1,Licenciatura 2026,121,12102005,MATEMATICAS APLICADAS Y COMPUTACION,FES ACATLÁN,Escolarizado,https://www.dgae.unam.mx/Licenciatura2026/resultados/1/12102005.html,260,475,427,59,265,015088,49,,No seleccionado,,Consultar
1,Licenciatura 2026,121,12102005,MATEMATICAS APLICADAS Y COMPUTACION,FES ACATLÁN,Escolarizado,https://www.dgae.unam.mx/Licenciatura2026/resultados/1/12102005.html,260,475,427,59,265,015285,,N,No presentado,,Consultar
1,Licenciatura 2026,121,12102005,MATEMATICAS APLICADAS Y COMPUTACION,FES ACATLÁN,Escolarizado,https://www.dgae.unam.mx/Licenciatura2026/resultados/1/12102005.html,260,475,427,59,265,015373,59,S,Seleccionado,Cita para entregar documentación.,Consultar
1,Licenciatura 2026,121,12102005,MATEMATICAS APLICADAS Y COMPUTACION,FES ACATLÁN,Escolarizado,https://www.dgae.unam.mx/Licenciatura2026/resultados/1/12102005.html,260,475,427,59,265,015412,49,,No seleccionado,,Consultar
1,Licenciatura 2026,121,12102005,MATEMATICAS APLICADAS Y COMPUTACION,FES ACATLÁN,Escolarizado,https://www.dgae.unam.mx/Licenciatura2026/resultados/1/12102005.html,260,475,427,59,265,015435,77,S,Seleccionado,Cita para entregar documentación.,Consultar
1,Licenciatura 2026,121,12102005,MATEMATICAS APLICADAS Y COMPUTACION,FES ACATLÁN,Escolarizado,https://www.dgae.unam.mx/Licenciatura2026/resultados/1/12102005.html,260,475,427,59,265,015729,56,,No seleccionado,,Consultar
1,Licenciatura 2026,121,12102005,MATEMATICAS APLICADAS Y COMPUTACION,FES ACATLÁN,Escolarizado,https://www.dgae.unam.mx/Licenciatura2026/resultados/1/12102005.html,260,475,427,59,265,015821,114,S,Seleccionado,Cita para entregar documentación.,Consultar
1,Licenciatura 2026,121,12102005,MATEMATICAS APLICADAS Y COMPUTACION,FES ACATLÁN,Escolarizado,https://www.dgae.unam.mx/Licenciatura2026/resultados/1/12102005.html,260,475,427,59,265,015846,57,,No seleccionado,,Consultar
1,Licenciatura 2026,121,12102005,MATEMATICAS APLICADAS Y COMPUTACION,FES ACATLÁN,Escolarizado,https://www.dgae.unam.mx/Licenciatura2026/resultados/1/12102005.html,260,475,427,59,265,015860,84,S,Seleccionado,Cita para entregar documentación.,Consultar
1,Licenciatura 2026,121,12102005,MATEMATICAS APLICADAS Y COMPUTACION,FES ACATLÁN,Escolarizado,https://www.dgae.unam.mx/Licenciatura2026/resultados/1/12102005.html,260,475,427,59,265,015883,94,S,Seleccionado,Cita para entregar documentación.,Consultar
1,Licenciatura 2026,121,12102005,MATEMATICAS APLICADAS Y COMPUTACION,FES ACATLÁN,Escolarizado,https://www.dgae.unam.mx/Licenciatura2026/resultados/1/12102005.html,260,475,427,59,265,015893,,,No seleccionado,Cita para aclarar situación escolar.,Consultar
1,Licenciatura 2026,121,12102005,MATEMATICAS APLICADAS Y COMPUTACION,FES ACATLÁN,Escolarizado,https://www.dgae.unam.mx/Licenciatura2026/resultados/1/12102005.html,260,475,427,59,265,015912,56,,No seleccionado,,Consultar
1,Licenciatura 2026,121,12102005,MATEMATICAS APLICADAS Y COMPUTACION,FES ACATLÁN,Escolarizado,https://www.dgae.unam.mx/Licenciatura2026/resultados/1/12102005.html,260,475,427,59,265,016047,106,S,Seleccionado,Cita para entregar documentación.,Consultar
1,Licenciatura 2026,121,12102005,MATEMATICAS APLICADAS Y COMPUTACION,FES ACATLÁN,Escolarizado,https://www.dgae.unam.mx/Licenciatura2026/resultados/1/12102005.html,260,475,427,59,265,016088,68,S,Seleccionado,Cita para entregar documentación.,Consultar
1,Licenciatura 2026,121,12102005,MATEMATICAS APLICADAS Y COMPUTACION,FES ACATLÁN,Escolarizado,https://www.dgae.unam.mx/Licenciatura2026/resultados/1/12102005.html,260,475,427,59,265,016163,62,S,Seleccionado,Cita para entregar documentación.,Consultar
1,Licenciatura 2026,121,12102005,MATEMATICAS APLICADAS Y COMPUTACION,FES ACATLÁN,Escolarizado,https://www.dgae.unam.mx/Licenciatura2026/resultados/1/12102005.html,260,475,427,59,265,016174,64,S,Seleccionado,Cita para entregar documentación.,Consultar
1,Licenciatura 2026,121,12102005,MATEMATICAS APLICADAS Y COMPUTACION,FES ACATLÁN,Escolarizado,https://www.dgae.unam.mx/Licenciatura2026/resultados/1/12102005.html,260,475,427,59,265,016262,67,S,Seleccionado,Cita para entregar documentación.,Consultar
1,Licenciatura 2026,121,12102005,MATEMATICAS APLICADAS Y COMPUTACION,FES ACATLÁN,Escolarizado,https://www.dgae.unam.mx/Licenciatura2026/resultados/1/12102005.html,260,475,427,59,265,016305,55,,No seleccionado,,Consultar
1,Licenciatura 2026,121,12102005,MATEMATICAS APLICADAS Y COMPUTACION,FES ACATLÁN,Escolarizado,https://www.dgae.unam.mx/Licenciatura2026/resultados/1/12102005.html,260,475,427,59,265,016488,105,S,Seleccionado,Cita para entregar documentación.,Consultar
1,Licenciatura 2026,121,12102005,MATEMATICAS APLICADAS Y COMPUTACION,FES ACATLÁN,Escolarizado,https://www.dgae.unam.mx/Licenciatura2026/resultados/1/12102005.html,260,475,427,59,265,016542,,N,No presentado,,Consultar
1,Licenciatura 2026,121,12102005,MATEMATICAS APLICADAS Y COMPUTACION,FES ACATLÁN,Escolarizado,https://www.dgae.unam.mx/Licenciatura2026/resultados/1/12102005.html,260,475,427,59,265,016658,36,,No seleccionado,,Consultar
1,Licenciatura 2026,121,12102005,MATEMATICAS APLICADAS Y COMPUTACION,FES ACATLÁN,Escolarizado,https://www.dgae.unam.mx/Licenciatura2026/resultados/1/12102005.html,260,475,427,59,265,016796,47,,No seleccionado,,Consultar
1,Licenciatura 2026,121,12102005,MATEMATICAS APLICADAS Y COMPUTACION,FES ACATLÁN,Escolarizado,https://www.dgae.unam.mx/Licenciatura2026/resultados/1/12102005.html,260,475,427,59,265,016849,75,S,Seleccionado,Cita para entregar documentación.,Consultar
1,Licenciatura 2026,121,12102005,MATEMATICAS APLICADAS Y COMPUTACION,FES ACATLÁN,Escolarizado,https://www.dgae.unam.mx/Licenciatura2026/resultados/1/12102005.html,260,475,427,59,265,016969,95,S,Seleccionado,Cita para entregar documentación.,Consultar
1,Licenciatura 2026,121,12102005,MATEMATICAS APLICADAS Y COMPUTACION,FES ACATLÁN,Escolarizado,https://www.dgae.unam.mx/Licenciatura2026/resultados/1/12102005.html,260,475,427,59,265,016992,56,,No seleccionado,,Consultar
1,Licenciatura 2026,121,12102005,MATEMATICAS APLICADAS Y COMPUTACION,FES ACATLÁN,Escolarizado,https://www.dgae.unam.mx/Licenciatura2026/resultados/1/12102005.html,260,475,427,59,265,017023,29,,No seleccionado,,Consultar
1,Licenciatura 2026,121,12102005,MATEMATICAS APLICADAS Y COMPUTACION,FES ACATLÁN,Escolarizado,https://www.dgae.unam.mx/Licenciatura2026/resultados/1/12102005.html,260,475,427,59,265,017033,56,,No seleccionado,,Consultar
1,Licenciatura 2026,121,12102005,MATEMATICAS APLICADAS Y COMPUTACION,FES ACATLÁN,Escolarizado,https://www.dgae.unam.mx/Licenciatura2026/resultados/1/12102005.html,260,475,427,59,265,017102,35,,No seleccionado,,Consultar
1,Licenciatura 2026,121,12102005,MATEMATICAS APLICADAS Y COMPUTACION,FES ACATLÁN,Escolarizado,https://www.dgae.unam.mx/Licenciatura2026/resultados/1/12102005.html,260,475,427,59,265,017183,56,,No seleccionado,,Consultar
1,Licenciatura 2026,121,12102005,MATEMATICAS APLICADAS Y COMPUTACION,FES ACATLÁN,Escolarizado,https://www.dgae.unam.mx/Licenciatura2026/resultados/1/12102005.html,260,475,427,59,265,017207,41,,No seleccionado,,Consultar
1,Licenciatura 2026,121,12102005,MATEMATICAS APLICADAS Y COMPUTACION,FES ACATLÁN,Escolarizado,https://www.dgae.unam.mx/Licenciatura2026/resultados/1/12102005.html,260,475,427,59,265,017256,75,S,Seleccionado,Cita para entregar documentación.,Consultar
1,Licenciatura 2026,121,12102005,MATEMATICAS APLICADAS Y COMPUTACION,FES ACATLÁN,Escolarizado,https://www.dgae.unam.mx/Licenciatura2026/resultados/1/12102005.html,260,475,427,59,265,017341,52,,No seleccionado,,Consultar
1,Licenciatura 2026,121,12102005,MATEMATICAS APLICADAS Y COMPUTACION,FES ACATLÁN,Escolarizado,https://www.dgae.unam.mx/Licenciatura2026/resultados/1/12102005.html,260,475,427,59,265,017378,43,,No seleccionado,,Consultar
1,Licenciatura 2026,121,12102005,MATEMATICAS APLICADAS Y COMPUTACION,FES ACATLÁN,Escolarizado,https://www.dgae.unam.mx/Licenciatura2026/resultados/1/12102005.html,260,475,427,59,265,017448,59,S,Seleccionado,Cita para entregar documentación.,Consultar
1,Licenciatura 2026,121,12102005,MATEMATICAS APLICADAS Y COMPUTACION,FES ACATLÁN,Escolarizado,https://www.dgae.unam.mx/Licenciatura2026/resultados/1/12102005.html,260,475,427,59,265,017505,31,,No seleccionado,,Consultar
1,Licenciatura 2026,121,12102005,MATEMATICAS APLICADAS Y COMPUTACION,FES ACATLÁN,Escolarizado,https://www.dgae.unam.mx/Licenciatura2026/resultados/1/12102005.html,260,475,427,59,265,017581,39,,No seleccionado,,Consultar
1,Licenciatura 2026,121,12102005,MATEMATICAS APLICADAS Y COMPUTACION,FES ACATLÁN,Escolarizado,https://www.dgae.unam.mx/Licenciatura2026/resultados/1/12102005.html,260,475,427,59,265,017663,52,,No seleccionado,,Consultar
1,Licenciatura 2026,121,12102005,MATEMATICAS APLICADAS Y COMPUTACION,FES ACATLÁN,Escolarizado,https://www.dgae.unam.mx/Licenciatura2026/resultados/1/12102005.html,260,475,427,59,265,017676,64,S,Seleccionado,Cita para entregar documentación.,Consultar
1,Licenciatura 2026,121,12102005,MATEMATICAS APLICADAS Y COMPUTACION,FES ACATLÁN,Escolarizado,https://www.dgae.unam.mx/Licenciatura2026/resultados/1/12102005.html,260,475,427,59,265,017704,,N,No presentado,,Consultar
1,Licenciatura 2026,121,12102005,MATEMATICAS APLICADAS Y COMPUTACION,FES ACATLÁN,Escolarizado,https://www.dgae.unam.mx/Licenciatura2026/resultados/1/12102005.html,260,475,427,59,265,017749,,N,No presentado,,Consultar
1,Licenciatura 2026,121,12102005,MATEMATICAS APLICADAS Y COMPUTACION,FES ACATLÁN,Escolarizado,https://www.dgae.unam.mx/Licenciatura2026/resultados/1/12102005.html,260,475,427,59,265,017760,53,,No seleccionado,,Consultar
1,Licenciatura 2026,121,12102005,MATEMATICAS APLICADAS Y COMPUTACION,FES ACATLÁN,Escolarizado,https://www.dgae.unam.mx/Licenciatura2026/resultados/1/12102005.html,260,475,427,59,265,017796,113,S,Seleccionado,Cita para entregar documentación.,Consultar
1,Licenciatura 2026,121,12102005,MATEMATICAS APLICADAS Y COMPUTACION,FES ACATLÁN,Escolarizado,https://www.dgae.unam.mx/Licenciatura2026/resultados/1/12102005.html,260,475,427,59,265,017864,66,S,Seleccionado,Cita para entregar documentación.,Consultar
1,Licenciatura 2026,121,12102005,MATEMATICAS APLICADAS Y COMPUTACION,FES ACATLÁN,Escolarizado,https://www.dgae.unam.mx/Licenciatura2026/resultados/1/12102005.html,260,475,427,59,265,017915,84,S,Seleccionado,Cita para entregar documentación.,Consultar
1,Licenciatura 2026,121,12102005,MATEMATICAS APLICADAS Y COMPUTACION,FES ACATLÁN,Escolarizado,https://www.dgae.unam.mx/Licenciatura2026/resultados/1/12102005.html,260,475,427,59,265,017924,39,,No seleccionado,,Consultar
1,Licenciatura 2026,121,12102005,MATEMATICAS APLICADAS Y COMPUTACION,FES ACATLÁN,Escolarizado,https://www.dgae.unam.mx/Licenciatura2026/resultados/1/12102005.html,260,475,427,59,265,017927,58,,No seleccionado,,Consultar
1,Licenciatura 2026,121,12102005,MATEMATICAS APLICADAS Y COMPUTACION,FES ACATLÁN,Escolarizado,https://www.dgae.unam.mx/Licenciatura2026/resultados/1/12102005.html,260,475,427,59,265,017937,42,,No seleccionado,,Consultar
1,Licenciatura 2026,121,12102005,MATEMATICAS APLICADAS Y COMPUTACION,FES ACATLÁN,Escolarizado,https://www.dgae.unam.mx/Licenciatura2026/resultados/1/12102005.html,260,475,427,59,265,017984,78,S,Seleccionado,Cita para entregar documentación.,Consultar
1,Licenciatura 2026,121,12102005,MATEMATICAS APLICADAS Y COMPUTACION,FES ACATLÁN,Escolarizado,https://www.dgae.unam.mx/Licenciatura2026/resultados/1/12102005.html,260,475,427,59,265,018021,93,S,Seleccionado,,Consultar
1,Licenciatura 2026,121,12102005,MATEMATICAS APLICADAS Y COMPUTACION,FES ACATLÁN,Escolarizado,https://www.dgae.unam.mx/Licenciatura2026/resultados/1/12102005.html,260,475,427,59,265,018034,78,S,Seleccionado,Cita para entregar documentación.,Consultar
1,Licenciatura 2026,121,12102005,MATEMATICAS APLICADAS Y COMPUTACION,FES ACATLÁN,Escolarizado,https://www.dgae.unam.mx/Licenciatura2026/resultados/1/12102005.html,260,475,427,59,265,018079,83,S,Seleccionado,Cita para entregar documentación.,Consultar
1,Licenciatura 2026,121,12102005,MATEMATICAS APLICADAS Y COMPUTACION,FES ACATLÁN,Escolarizado,https://www.dgae.unam.mx/Licenciatura2026/resultados/1/12102005.html,260,475,427,59,265,018087,82,S,Seleccionado,Cita para entregar documentación.,Consultar
1,Licenciatura 2026,121,12102005,MATEMATICAS APLICADAS Y COMPUTACION,FES ACATLÁN,Escolarizado,https://www.dgae.unam.mx/Licenciatura2026/resultados/1/12102005.html,260,475,427,59,265,018139,71,S,Seleccionado,Cita para entregar documentación.,Consultar
1,Licenciatura 2026,121,12102005,MATEMATICAS APLICADAS Y COMPUTACION,FES ACATLÁN,Escolarizado,https://www.dgae.unam.mx/Licenciatura2026/resultados/1/12102005.html,260,475,427,59,265,018344,60,S,Seleccionado,Cita para entregar documentación.,Consultar
1,Licenciatura 2026,121,12102005,MATEMATICAS APLICADAS Y COMPUTACION,FES ACATLÁN,Escolarizado,https://www.dgae.unam.mx/Licenciatura2026/resultados/1/12102005.html,260,475,427,59,265,018444,68,S,Seleccionado,Cita para entregar documentación.,Consultar
1,Licenciatura 2026,121,12102005,MATEMATICAS APLICADAS Y COMPUTACION,FES ACATLÁN,Escolarizado,https://www.dgae.unam.mx/Licenciatura2026/resultados/1/12102005.html,260,475,427,59,265,018612,48,,No seleccionado,,Consultar
1,Licenciatura 2026,121,12102005,MATEMATICAS APLICADAS Y COMPUTACION,FES ACATLÁN,Escolarizado,https://www.dgae.unam.mx/Licenciatura2026/resultados/1/12102005.html,260,475,427,59,265,018637,,N,No presentado,,Consultar
1,Licenciatura 2026,121,12102005,MATEMATICAS APLICADAS Y COMPUTACION,FES ACATLÁN,Escolarizado,https://www.dgae.unam.mx/Licenciatura2026/resultados/1/12102005.html,260,475,427,59,265,018768,106,S,Seleccionado,Cita para entregar documentación.,Consultar
1,Licenciatura 2026,121,12102005,MATEMATICAS APLICADAS Y COMPUTACION,FES ACATLÁN,Escolarizado,https://www.dgae.unam.mx/Licenciatura2026/resultados/1/12102005.html,260,475,427,59,265,018914,47,,No seleccionado,,Consultar
1,Licenciatura 2026,121,12102005,MATEMATICAS APLICADAS Y COMPUTACION,FES ACATLÁN,Escolarizado,https://www.dgae.unam.mx/Licenciatura2026/resultados/1/12102005.html,260,475,427,59,265,018917,98,S,Seleccionado,Cita para entregar documentación.,Consultar
1,Licenciatura 2026,121,12102005,MATEMATICAS APLICADAS Y COMPUTACION,FES ACATLÁN,Escolarizado,https://www.dgae.unam.mx/Licenciatura2026/resultados/1/12102005.html,260,475,427,59,265,019026,66,S,Seleccionado,Cita para entregar documentación.,Consultar
1,Licenciatura 2026,121,12102005,MATEMATICAS APLICADAS Y COMPUTACION,FES ACATLÁN,Escolarizado,https://www.dgae.unam.mx/Licenciatura2026/resultados/1/12102005.html,260,475,427,59,265,019088,,N,No presentado,,Consultar
1,Licenciatura 2026,121,12102005,MATEMATICAS APLICADAS Y COMPUTACION,FES ACATLÁN,Escolarizado,https://www.dgae.unam.mx/Licenciatura2026/resultados/1/12102005.html,260,475,427,59,265,019092,39,,No seleccionado,,Consultar
1,Licenciatura 2026,121,12102005,MATEMATICAS APLICADAS Y COMPUTACION,FES ACATLÁN,Escolarizado,https://www.dgae.unam.mx/Licenciatura2026/resultados/1/12102005.html,260,475,427,59,265,019138,31,,No seleccionado,,Consultar
1,Licenciatura 2026,121,12102005,MATEMATICAS APLICADAS Y COMPUTACION,FES ACATLÁN,Escolarizado,https://www.dgae.unam.mx/Licenciatura2026/resultados/1/12102005.html,260,475,427,59,265,019182,59,S,Seleccionado,Cita para entregar documentación.,Consultar
1,Licenciatura 2026,121,12102005,MATEMATICAS APLICADAS Y COMPUTACION,FES ACATLÁN,Escolarizado,https://www.dgae.unam.mx/Licenciatura2026/resultados/1/12102005.html,260,475,427,59,265,019201,56,,No seleccionado,,Consultar
1,Licenciatura 2026,121,12102005,MATEMATICAS APLICADAS Y COMPUTACION,FES ACATLÁN,Escolarizado,https://www.dgae.unam.mx/Licenciatura2026/resultados/1/12102005.html,260,475,427,59,265,019338,,N,No presentado,,Consultar
1,Licenciatura 2026,121,12102005,MATEMATICAS APLICADAS Y COMPUTACION,FES ACATLÁN,Escolarizado,https://www.dgae.unam.mx/Licenciatura2026/resultados/1/12102005.html,260,475,427,59,265,019395,37,,No seleccionado,,Consultar
1,Licenciatura 2026,121,12102005,MATEMATICAS APLICADAS Y COMPUTACION,FES ACATLÁN,Escolarizado,https://www.dgae.unam.mx/Licenciatura2026/resultados/1/12102005.html,260,475,427,59,265,019452,78,S,Seleccionado,Cita para entregar documentación.,Consultar
1,Licenciatura 2026,121,12102005,MATEMATICAS APLICADAS Y COMPUTACION,FES ACATLÁN,Escolarizado,https://www.dgae.unam.mx/Licenciatura2026/resultados/1/12102005.html,260,475,427,59,265,019571,74,S,Seleccionado,Cita para entregar documentación.,Consultar
1,Licenciatura 2026,121,12102005,MATEMATICAS APLICADAS Y COMPUTACION,FES ACATLÁN,Escolarizado,https://www.dgae.unam.mx/Licenciatura2026/resultados/1/12102005.html,260,475,427,59,265,019691,94,S,Seleccionado,Cita para entregar documentación.,Consultar
1,Licenciatura 2026,121,12102005,MATEMATICAS APLICADAS Y COMPUTACION,FES ACATLÁN,Escolarizado,https://www.dgae.unam.mx/Licenciatura2026/resultados/1/12102005.html,260,475,427,59,265,019694,64,S,Seleccionado,Cita para entregar documentación.,Consultar
1,Licenciatura 2026,121,12102005,MATEMATICAS APLICADAS Y COMPUTACION,FES ACATLÁN,Escolarizado,https://www.dgae.unam.mx/Licenciatura2026/resultados/1/12102005.html,260,475,427,59,265,019795,,N,No presentado,,Consultar
1,Licenciatura 2026,121,12102005,MATEMATICAS APLICADAS Y COMPUTACION,FES ACATLÁN,Escolarizado,https://www.dgae.unam.mx/Licenciatura2026/resultados/1/12102005.html,260,475,427,59,265,019809,65,S,Seleccionado,,Consultar
1,Licenciatura 2026,121,12102005,MATEMATICAS APLICADAS Y COMPUTACION,FES ACATLÁN,Escolarizado,https://www.dgae.unam.mx/Licenciatura2026/resultados/1/12102005.html,260,475,427,59,265,019918,43,,No seleccionado,,Consultar
1,Licenciatura 2026,121,12102005,MATEMATICAS APLICADAS Y COMPUTACION,FES ACATLÁN,Escolarizado,https://www.dgae.unam.mx/Licenciatura2026/resultados/1/12102005.html,260,475,427,59,265,019942,,N,No presentado,,Consultar
1,Licenciatura 2026,121,12102005,MATEMATICAS APLICADAS Y COMPUTACION,FES ACATLÁN,Escolarizado,https://www.dgae.unam.mx/Licenciatura2026/resultados/1/12102005.html,260,475,427,59,265,020076,33,,No seleccionado,,Consultar
1,Licenciatura 2026,121,12102005,MATEMATICAS APLICADAS Y COMPUTACION,FES ACATLÁN,Escolarizado,https://www.dgae.unam.mx/Licenciatura2026/resultados/1/12102005.html,260,475,427,59,265,020103,,N,No presentado,,Consultar
1,Licenciatura 2026,121,12102005,MATEMATICAS APLICADAS Y COMPUTACION,FES ACATLÁN,Escolarizado,https://www.dgae.unam.mx/Licenciatura2026/resultados/1/12102005.html,260,475,427,59,265,020109,74,S,Seleccionado,Cita para entregar documentación.,Consultar
1,Licenciatura 2026,121,12102005,MATEMATICAS APLICADAS Y COMPUTACION,FES ACATLÁN,Escolarizado,https://www.dgae.unam.mx/Licenciatura2026/resultados/1/12102005.html,260,475,427,59,265,020175,58,,No seleccionado,,Consultar
1,Licenciatura 2026,121,12102005,MATEMATICAS APLICADAS Y COMPUTACION,FES ACATLÁN,Escolarizado,https://www.dgae.unam.mx/Licenciatura2026/resultados/1/12102005.html,260,475,427,59,265,020192,,N,No presentado,,Consultar
1,Licenciatura 2026,121,12102005,MATEMATICAS APLICADAS Y COMPUTACION,FES ACATLÁN,Escolarizado,https://www.dgae.unam.mx/Licenciatura2026/resultados/1/12102005.html,260,475,427,59,265,020308,77,S,Seleccionado,Cita para entregar documentación.,Consultar
1,Licenciatura 2026,121,12102005,MATEMATICAS APLICADAS Y COMPUTACION,FES ACATLÁN,Escolarizado,https://www.dgae.unam.mx/Licenciatura2026/resultados/1/12102005.html,260,475,427,59,265,020524,77,S,Seleccionado,Cita para entregar documentación.,Consultar
1,Licenciatura 2026,121,12102005,MATEMATICAS APLICADAS Y COMPUTACION,FES ACATLÁN,Escolarizado,https://www.dgae.unam.mx/Licenciatura2026/resultados/1/12102005.html,260,475,427,59,265,020526,81,S,Seleccionado,Cita para entregar documentación.,Consultar
1,Licenciatura 2026,121,12102005,MATEMATICAS APLICADAS Y COMPUTACION,FES ACATLÁN,Escolarizado,https://www.dgae.unam.mx/Licenciatura2026/resultados/1/12102005.html,260,475,427,59,265,020628,78,S,Seleccionado,Cita para entregar documentación.,Consultar
1,Licenciatura 2026,121,12102005,MATEMATICAS APLICADAS Y COMPUTACION,FES ACATLÁN,Escolarizado,https://www.dgae.unam.mx/Licenciatura2026/resultados/1/12102005.html,260,475,427,59,265,020633,29,,No seleccionado,,Consultar
1,Licenciatura 2026,121,12102005,MATEMATICAS APLICADAS Y COMPUTACION,FES ACATLÁN,Escolarizado,https://www.dgae.unam.mx/Licenciatura2026/resultados/1/12102005.html,260,475,427,59,265,020670,,N,No presentado,,Consultar
1,Licenciatura 2026,121,12102005,MATEMATICAS APLICADAS Y COMPUTACION,FES ACATLÁN,Escolarizado,https://www.dgae.unam.mx/Licenciatura2026/resultados/1/12102005.html,260,475,427,59,265,020702,45,,No seleccionado,,Consultar
1,Licenciatura 2026,121,12102005,MATEMATICAS APLICADAS Y COMPUTACION,FES ACATLÁN,Escolarizado,https://www.dgae.unam.mx/Licenciatura2026/resultados/1/12102005.html,260,475,427,59,265,020711,,N,No presentado,,Consultar
1,Licenciatura 2026,121,12102005,MATEMATICAS APLICADAS Y COMPUTACION,FES ACATLÁN,Escolarizado,https://www.dgae.unam.mx/Licenciatura2026/resultados/1/12102005.html,260,475,427,59,265,020791,99,S,Seleccionado,Cita para entregar documentación.,Consultar
1,Licenciatura 2026,121,12102005,MATEMATICAS APLICADAS Y COMPUTACION,FES ACATLÁN,Escolarizado,https://www.dgae.unam.mx/Licenciatura2026/resultados/1/12102005.html,260,475,427,59,265,020839,28,,No seleccionado,,Consultar
1,Licenciatura 2026,121,12102005,MATEMATICAS APLICADAS Y COMPUTACION,FES ACATLÁN,Escolarizado,https://www.dgae.unam.mx/Licenciatura2026/resultados/1/12102005.html,260,475,427,59,265,020843,77,S,Seleccionado,Cita para entregar documentación.,Consultar
1,Licenciatura 2026,121,12102005,MATEMATICAS APLICADAS Y COMPUTACION,FES ACATLÁN,Escolarizado,https://www.dgae.unam.mx/Licenciatura2026/resultados/1/12102005.html,260,475,427,59,265,020942,88,S,Seleccionado,Cita para entregar documentación.,Consultar
1,Licenciatura 2026,121,12102005,MATEMATICAS APLICADAS Y COMPUTACION,FES ACATLÁN,Escolarizado,https://www.dgae.unam.mx/Licenciatura2026/resultados/1/12102005.html,260,475,427,59,265,020950,43,,No seleccionado,,Consultar
1,Licenciatura 2026,121,12102005,MATEMATICAS APLICADAS Y COMPUTACION,FES ACATLÁN,Escolarizado,https://www.dgae.unam.mx/Licenciatura2026/resultados/1/12102005.html,260,475,427,59,265,020998,53,,No seleccionado,,Consultar
1,Licenciatura 2026,121,12102005,MATEMATICAS APLICADAS Y COMPUTACION,FES ACATLÁN,Escolarizado,https://www.dgae.unam.mx/Licenciatura2026/resultados/1/12102005.html,260,475,427,59,265,021030,112,S,Seleccionado,,Consultar
1,Licenciatura 2026,121,12102005,MATEMATICAS APLICADAS Y COMPUTACION,FES ACATLÁN,Escolarizado,https://www.dgae.unam.mx/Licenciatura2026/resultados/1/12102005.html,260,475,427,59,265,021041,50,,No seleccionado,,Consultar
1,Licenciatura 2026,121,12102005,MATEMATICAS APLICADAS Y COMPUTACION,FES ACATLÁN,Escolarizado,https://www.dgae.unam.mx/Licenciatura2026/resultados/1/12102005.html,260,475,427,59,265,021157,58,,No seleccionado,,Consultar
1,Licenciatura 2026,121,12102005,MATEMATICAS APLICADAS Y COMPUTACION,FES ACATLÁN,Escolarizado,https://www.dgae.unam.mx/Licenciatura2026/resultados/1/12102005.html,260,475,427,59,265,021185,86,S,Seleccionado,Cita para entregar documentación.,Consultar
1,Licenciatura 2026,121,12102005,MATEMATICAS APLICADAS Y COMPUTACION,FES ACATLÁN,Escolarizado,https://www.dgae.unam.mx/Licenciatura2026/resultados/1/12102005.html,260,475,427,59,265,021205,49,,No seleccionado,,Consultar
1,Licenciatura 2026,121,12102005,MATEMATICAS APLICADAS Y COMPUTACION,FES ACATLÁN,Escolarizado,https://www.dgae.unam.mx/Licenciatura2026/resultados/1/12102005.html,260,475,427,59,265,021226,66,S,Seleccionado,Cita para entregar documentación.,Consultar
1,Licenciatura 2026,121,12102005,MATEMATICAS APLICADAS Y COMPUTACION,FES ACATLÁN,Escolarizado,https://www.dgae.unam.mx/Licenciatura2026/resultados/1/12102005.html,260,475,427,59,265,021231,96,S,Seleccionado,Cita para entregar documentación.,Consultar
1,Licenciatura 2026,121,12102005,MATEMATICAS APLICADAS Y COMPUTACION,FES ACATLÁN,Escolarizado,https://www.dgae.unam.mx/Licenciatura2026/resultados/1/12102005.html,260,475,427,59,265,021498,91,S,Seleccionado,Cita para entregar documentación.,Consultar
1,Licenciatura 2026,121,12102005,MATEMATICAS APLICADAS Y COMPUTACION,FES ACATLÁN,Escolarizado,https://www.dgae.unam.mx/Licenciatura2026/resultados/1/12102005.html,260,475,427,59,265,021764,69,S,Seleccionado,Cita para entregar documentación.,Consultar
1,Licenciatura 2026,121,12102005,MATEMATICAS APLICADAS Y COMPUTACION,FES ACATLÁN,Escolarizado,https://www.dgae.unam.mx/Licenciatura2026/resultados/1/12102005.html,260,475,427,59,265,021863,70,S,Seleccionado,Cita para entregar documentación.,Consultar
1,Licenciatura 2026,121,12102005,MATEMATICAS APLICADAS Y COMPUTACION,FES ACATLÁN,Escolarizado,https://www.dgae.unam.mx/Licenciatura2026/resultados/1/12102005.html,260,475,427,59,265,021941,98,S,Seleccionado,,Consultar
1,Licenciatura 2026,121,12102005,MATEMATICAS APLICADAS Y COMPUTACION,FES ACATLÁN,Escolarizado,https://www.dgae.unam.mx/Licenciatura2026/resultados/1/12102005.html,260,475,427,59,265,021961,67,S,Seleccionado,,Consultar
1,Licenciatura 2026,121,12102005,MATEMATICAS APLICADAS Y COMPUTACION,FES ACATLÁN,Escolarizado,https://www.dgae.unam.mx/Licenciatura2026/resultados/1/12102005.html,260,475,427,59,265,022055,62,S,Seleccionado,Cita para entregar documentación.,Consultar
1,Licenciatura 2026,121,12102005,MATEMATICAS APLICADAS Y COMPUTACION,FES ACATLÁN,Escolarizado,https://www.dgae.unam.mx/Licenciatura2026/resultados/1/12102005.html,260,475,427,59,265,022143,66,S,Seleccionado,Cita para entregar documentación.,Consultar
1,Licenciatura 2026,121,12102005,MATEMATICAS APLICADAS Y COMPUTACION,FES ACATLÁN,Escolarizado,https://www.dgae.unam.mx/Licenciatura2026/resultados/1/12102005.html,260,475,427,59,265,022176,78,S,Seleccionado,Cita para entregar documentación.,Consultar
1,Licenciatura 2026,121,12102005,MATEMATICAS APLICADAS Y COMPUTACION,FES ACATLÁN,Escolarizado,https://www.dgae.unam.mx/Licenciatura2026/resultados/1/12102005.html,260,475,427,59,265,022327,82,S,Seleccionado,Cita para entregar documentación.,Consultar
1,Licenciatura 2026,121,12102005,MATEMATICAS APLICADAS Y COMPUTACION,FES ACATLÁN,Escolarizado,https://www.dgae.unam.mx/Licenciatura2026/resultados/1/12102005.html,260,475,427,59,265,022464,94,S,Seleccionado,Cita para entregar documentación.,Consultar
1,Licenciatura 2026,121,12102005,MATEMATICAS APLICADAS Y COMPUTACION,FES ACATLÁN,Escolarizado,https://www.dgae.unam.mx/Licenciatura2026/resultados/1/12102005.html,260,475,427,59,265,022604,70,S,Seleccionado,Cita para entregar documentación.,Consultar
1,Licenciatura 2026,121,12102005,MATEMATICAS APLICADAS Y COMPUTACION,FES ACATLÁN,Escolarizado,https://www.dgae.unam.mx/Licenciatura2026/resultados/1/12102005.html,260,475,427,59,265,022715,38,,No seleccionado,,Consultar
1,Licenciatura 2026,121,12102005,MATEMATICAS APLICADAS Y COMPUTACION,FES ACATLÁN,Escolarizado,https://www.dgae.unam.mx/Licenciatura2026/resultados/1/12102005.html,260,475,427,59,265,022844,67,S,Seleccionado,Cita para entregar documentación.,Consultar
1,Licenciatura 2026,121,12102005,MATEMATICAS APLICADAS Y COMPUTACION,FES ACATLÁN,Escolarizado,https://www.dgae.unam.mx/Licenciatura2026/resultados/1/12102005.html,260,475,427,59,265,022870,78,S,Seleccionado,Cita para entregar documentación.,Consultar
1,Licenciatura 2026,121,12102005,MATEMATICAS APLICADAS Y COMPUTACION,FES ACATLÁN,Escolarizado,https://www.dgae.unam.mx/Licenciatura2026/resultados/1/12102005.html,260,475,427,59,265,022940,57,,No seleccionado,,Consultar
1,Licenciatura 2026,121,12102005,MATEMATICAS APLICADAS Y COMPUTACION,FES ACATLÁN,Escolarizado,https://www.dgae.unam.mx/Licenciatura2026/resultados/1/12102005.html,260,475,427,59,265,022956,85,S,Seleccionado,Cita para entregar documentación.,Consultar
1,Licenciatura 2026,121,12102005,MATEMATICAS APLICADAS Y COMPUTACION,FES ACATLÁN,Escolarizado,https://www.dgae.unam.mx/Licenciatura2026/resultados/1/12102005.html,260,475,427,59,265,022970,57,,No seleccionado,,Consultar
1,Licenciatura 2026,121,12102005,MATEMATICAS APLICADAS Y COMPUTACION,FES ACATLÁN,Escolarizado,https://www.dgae.unam.mx/Licenciatura2026/resultados/1/12102005.html,260,475,427,59,265,023131,74,S,Seleccionado,Cita para entregar documentación.,Consultar
1,Licenciatura 2026,121,12102005,MATEMATICAS APLICADAS Y COMPUTACION,FES ACATLÁN,Escolarizado,https://www.dgae.unam.mx/Licenciatura2026/resultados/1/12102005.html,260,475,427,59,265,023210,109,S,Seleccionado,Cita para entregar documentación.,Consultar
1,Licenciatura 2026,121,12102005,MATEMATICAS APLICADAS Y COMPUTACION,FES ACATLÁN,Escolarizado,https://www.dgae.unam.mx/Licenciatura2026/resultados/1/12102005.html,260,475,427,59,265,023233,65,S,Seleccionado,Cita para entregar documentación.,Consultar
1,Licenciatura 2026,121,12102005,MATEMATICAS APLICADAS Y COMPUTACION,FES ACATLÁN,Escolarizado,https://www.dgae.unam.mx/Licenciatura2026/resultados/1/12102005.html,260,475,427,59,265,023468,,,No seleccionado,Cita para aclarar situación escolar.,Consultar
1,Licenciatura 2026,121,12102005,MATEMATICAS APLICADAS Y COMPUTACION,FES ACATLÁN,Escolarizado,https://www.dgae.unam.mx/Licenciatura2026/resultados/1/12102005.html,260,475,427,59,265,023556,63,S,Seleccionado,Cita para entregar documentación.,Consultar
1,Licenciatura 2026,121,12102005,MATEMATICAS APLICADAS Y COMPUTACION,FES ACATLÁN,Escolarizado,https://www.dgae.unam.mx/Licenciatura2026/resultados/1/12102005.html,260,475,427,59,265,023648,73,S,Seleccionado,Cita para entregar documentación.,Consultar
1,Licenciatura 2026,121,12102005,MATEMATICAS APLICADAS Y COMPUTACION,FES ACATLÁN,Escolarizado,https://www.dgae.unam.mx/Licenciatura2026/resultados/1/12102005.html,260,475,427,59,265,023651,51,,No seleccionado,,Consultar
1,Licenciatura 2026,121,12102005,MATEMATICAS APLICADAS Y COMPUTACION,FES ACATLÁN,Escolarizado,https://www.dgae.unam.mx/Licenciatura2026/resultados/1/12102005.html,260,475,427,59,265,023679,56,,No seleccionado,,Consultar
1,Licenciatura 2026,121,12102005,MATEMATICAS APLICADAS Y COMPUTACION,FES ACATLÁN,Escolarizado,https://www.dgae.unam.mx/Licenciatura2026/resultados/1/12102005.html,260,475,427,59,265,023839,58,,No seleccionado,,Consultar
1,Licenciatura 2026,121,12102005,MATEMATICAS APLICADAS Y COMPUTACION,FES ACATLÁN,Escolarizado,https://www.dgae.unam.mx/Licenciatura2026/resultados/1/12102005.html,260,475,427,59,265,023926,91,S,Seleccionado,Cita para entregar documentación.,Consultar
1,Licenciatura 2026,121,12102005,MATEMATICAS APLICADAS Y COMPUTACION,FES ACATLÁN,Escolarizado,https://www.dgae.unam.mx/Licenciatura2026/resultados/1/12102005.html,260,475,427,59,265,023964,36,,No seleccionado,,Consultar
1,Licenciatura 2026,121,12102005,MATEMATICAS APLICADAS Y COMPUTACION,FES ACATLÁN,Escolarizado,https://www.dgae.unam.mx/Licenciatura2026/resultados/1/12102005.html,260,475,427,59,265,023983,69,S,Seleccionado,Cita para entregar documentación.,Consultar
1,Licenciatura 2026,121,12102005,MATEMATICAS APLICADAS Y COMPUTACION,FES ACATLÁN,Escolarizado,https://www.dgae.unam.mx/Licenciatura2026/resultados/1/12102005.html,260,475,427,59,265,023989,84,S,Seleccionado,Cita para entregar documentación.,Consultar
1,Licenciatura 2026,121,12102005,MATEMATICAS APLICADAS Y COMPUTACION,FES ACATLÁN,Escolarizado,https://www.dgae.unam.mx/Licenciatura2026/resultados/1/12102005.html,260,475,427,59,265,023997,51,,No seleccionado,,Consultar
1,Licenciatura 2026,121,12102005,MATEMATICAS APLICADAS Y COMPUTACION,FES ACATLÁN,Escolarizado,https://www.dgae.unam.mx/Licenciatura2026/resultados/1/12102005.html,260,475,427,59,265,024014,36,,No seleccionado,,Consultar
1,Licenciatura 2026,121,12102005,MATEMATICAS APLICADAS Y COMPUTACION,FES ACATLÁN,Escolarizado,https://www.dgae.unam.mx/Licenciatura2026/resultados/1/12102005.html,260,475,427,59,265,024029,33,,No seleccionado,,Consultar
1,Licenciatura 2026,121,12102005,MATEMATICAS APLICADAS Y COMPUTACION,FES ACATLÁN,Escolarizado,https://www.dgae.unam.mx/Licenciatura2026/resultados/1/12102005.html,260,475,427,59,265,024153,90,S,Seleccionado,Cita para entregar documentación.,Consultar
1,Licenciatura 2026,121,12102005,MATEMATICAS APLICADAS Y COMPUTACION,FES ACATLÁN,Escolarizado,https://www.dgae.unam.mx/Licenciatura2026/resultados/1/12102005.html,260,475,427,59,265,024189,70,S,Seleccionado,,Consultar
1,Licenciatura 2026,121,12102005,MATEMATICAS APLICADAS Y COMPUTACION,FES ACATLÁN,Escolarizado,https://www.dgae.unam.mx/Licenciatura2026/resultados/1/12102005.html,260,475,427,59,265,024202,,N,No presentado,,Consultar
1,Licenciatura 2026,121,12102005,MATEMATICAS APLICADAS Y COMPUTACION,FES ACATLÁN,Escolarizado,https://www.dgae.unam.mx/Licenciatura2026/resultados/1/12102005.html,260,475,427,59,265,024409,106,S,Seleccionado,Cita para entregar documentación.,Consultar
1,Licenciatura 2026,121,12102005,MATEMATICAS APLICADAS Y COMPUTACION,FES ACATLÁN,Escolarizado,https://www.dgae.unam.mx/Licenciatura2026/resultados/1/12102005.html,260,475,427,59,265,024423,60,S,Seleccionado,Cita para entregar documentación.,Consultar
1,Licenciatura 2026,121,12102005,MATEMATICAS APLICADAS Y COMPUTACION,FES ACATLÁN,Escolarizado,https://www.dgae.unam.mx/Licenciatura2026/resultados/1/12102005.html,260,475,427,59,265,024812,64,S,Seleccionado,,Consultar
1,Licenciatura 2026,121,12102005,MATEMATICAS APLICADAS Y COMPUTACION,FES ACATLÁN,Escolarizado,https://www.dgae.unam.mx/Licenciatura2026/resultados/1/12102005.html,260,475,427,59,265,025044,91,S,Seleccionado,Cita para entregar documentación.,Consultar
1,Licenciatura 2026,121,12102005,MATEMATICAS APLICADAS Y COMPUTACION,FES ACATLÁN,Escolarizado,https://www.dgae.unam.mx/Licenciatura2026/resultados/1/12102005.html,260,475,427,59,265,025050,,N,No presentado,,Consultar
1,Licenciatura 2026,121,12102005,MATEMATICAS APLICADAS Y COMPUTACION,FES ACATLÁN,Escolarizado,https://www.dgae.unam.mx/Licenciatura2026/resultados/1/12102005.html,260,475,427,59,265,025130,49,,No seleccionado,,Consultar
1,Licenciatura 2026,121,12102005,MATEMATICAS APLICADAS Y COMPUTACION,FES ACATLÁN,Escolarizado,https://www.dgae.unam.mx/Licenciatura2026/resultados/1/12102005.html,260,475,427,59,265,025230,37,,No seleccionado,,Consultar
1,Licenciatura 2026,121,12102005,MATEMATICAS APLICADAS Y COMPUTACION,FES ACATLÁN,Escolarizado,https://www.dgae.unam.mx/Licenciatura2026/resultados/1/12102005.html,260,475,427,59,265,025259,67,S,Seleccionado,Cita para entregar documentación.,Consultar
1,Licenciatura 2026,121,12102005,MATEMATICAS APLICADAS Y COMPUTACION,FES ACATLÁN,Escolarizado,https://www.dgae.unam.mx/Licenciatura2026/resultados/1/12102005.html,260,475,427,59,265,025278,109,S,Seleccionado,,Consultar
1,Licenciatura 2026,121,12102005,MATEMATICAS APLICADAS Y COMPUTACION,FES ACATLÁN,Escolarizado,https://www.dgae.unam.mx/Licenciatura2026/resultados/1/12102005.html,260,475,427,59,265,025317,,N,No presentado,,Consultar
1,Licenciatura 2026,121,12102005,MATEMATICAS APLICADAS Y COMPUTACION,FES ACATLÁN,Escolarizado,https://www.dgae.unam.mx/Licenciatura2026/resultados/1/12102005.html,260,475,427,59,265,025332,54,,No seleccionado,,Consultar
1,Licenciatura 2026,121,12102005,MATEMATICAS APLICADAS Y COMPUTACION,FES ACATLÁN,Escolarizado,https://www.dgae.unam.mx/Licenciatura2026/resultados/1/12102005.html,260,475,427,59,265,025365,104,S,Seleccionado,Cita para entregar documentación.,Consultar
1,Licenciatura 2026,121,12102005,MATEMATICAS APLICADAS Y COMPUTACION,FES ACATLÁN,Escolarizado,https://www.dgae.unam.mx/Licenciatura2026/resultados/1/12102005.html,260,475,427,59,265,025384,69,S,Seleccionado,Cita para entregar documentación.,Consultar
1,Licenciatura 2026,121,12102005,MATEMATICAS APLICADAS Y COMPUTACION,FES ACATLÁN,Escolarizado,https://www.dgae.unam.mx/Licenciatura2026/resultados/1/12102005.html,260,475,427,59,265,025453,69,S,Seleccionado,Cita para entregar documentación.,Consultar
1,Licenciatura 2026,121,12102005,MATEMATICAS APLICADAS Y COMPUTACION,FES ACATLÁN,Escolarizado,https://www.dgae.unam.mx/Licenciatura2026/resultados/1/12102005.html,260,475,427,59,265,025480,59,S,Seleccionado,Cita para entregar documentación.,Consultar
1,Licenciatura 2026,121,12102005,MATEMATICAS APLICADAS Y COMPUTACION,FES ACATLÁN,Escolarizado,https://www.dgae.unam.mx/Licenciatura2026/resultados/1/12102005.html,260,475,427,59,265,025525,47,,No seleccionado,,Consultar
1,Licenciatura 2026,121,12102005,MATEMATICAS APLICADAS Y COMPUTACION,FES ACATLÁN,Escolarizado,https://www.dgae.unam.mx/Licenciatura2026/resultados/1/12102005.html,260,475,427,59,265,025550,,N,No presentado,,Consultar
1,Licenciatura 2026,121,12102005,MATEMATICAS APLICADAS Y COMPUTACION,FES ACATLÁN,Escolarizado,https://www.dgae.unam.mx/Licenciatura2026/resultados/1/12102005.html,260,475,427,59,265,025770,94,S,Seleccionado,,Consultar
1,Licenciatura 2026,121,12102005,MATEMATICAS APLICADAS Y COMPUTACION,FES ACATLÁN,Escolarizado,https://www.dgae.unam.mx/Licenciatura2026/resultados/1/12102005.html,260,475,427,59,265,025783,57,,No seleccionado,,Consultar
1,Licenciatura 2026,121,12102005,MATEMATICAS APLICADAS Y COMPUTACION,FES ACATLÁN,Escolarizado,https://www.dgae.unam.mx/Licenciatura2026/resultados/1/12102005.html,260,475,427,59,265,025888,43,,No seleccionado,,Consultar
1,Licenciatura 2026,121,12102005,MATEMATICAS APLICADAS Y COMPUTACION,FES ACATLÁN,Escolarizado,https://www.dgae.unam.mx/Licenciatura2026/resultados/1/12102005.html,260,475,427,59,265,026003,74,S,Seleccionado,Cita para entregar documentación.,Consultar
1,Licenciatura 2026,121,12102005,MATEMATICAS APLICADAS Y COMPUTACION,FES ACATLÁN,Escolarizado,https://www.dgae.unam.mx/Licenciatura2026/resultados/1/12102005.html,260,475,427,59,265,026179,41,,No seleccionado,,Consultar
1,Licenciatura 2026,121,12102005,MATEMATICAS APLICADAS Y COMPUTACION,FES ACATLÁN,Escolarizado,https://www.dgae.unam.mx/Licenciatura2026/resultados/1/12102005.html,260,475,427,59,265,026225,50,,No seleccionado,,Consultar
1,Licenciatura 2026,121,12102005,MATEMATICAS APLICADAS Y COMPUTACION,FES ACATLÁN,Escolarizado,https://www.dgae.unam.mx/Licenciatura2026/resultados/1/12102005.html,260,475,427,59,265,026240,89,S,Seleccionado,Cita para entregar documentación.,Consultar
1,Licenciatura 2026,121,12102005,MATEMATICAS APLICADAS Y COMPUTACION,FES ACATLÁN,Escolarizado,https://www.dgae.unam.mx/Licenciatura2026/resultados/1/12102005.html,260,475,427,59,265,026275,55,,No seleccionado,,Consultar
1,Licenciatura 2026,121,12102005,MATEMATICAS APLICADAS Y COMPUTACION,FES ACATLÁN,Escolarizado,https://www.dgae.unam.mx/Licenciatura2026/resultados/1/12102005.html,260,475,427,59,265,026398,82,S,Seleccionado,,Consultar
1,Licenciatura 2026,121,12102005,MATEMATICAS APLICADAS Y COMPUTACION,FES ACATLÁN,Escolarizado,https://www.dgae.unam.mx/Licenciatura2026/resultados/1/12102005.html,260,475,427,59,265,026426,,N,No presentado,,Consultar
1,Licenciatura 2026,121,12102005,MATEMATICAS APLICADAS Y COMPUTACION,FES ACATLÁN,Escolarizado,https://www.dgae.unam.mx/Licenciatura2026/resultados/1/12102005.html,260,475,427,59,265,026445,99,S,Seleccionado,Cita para entregar documentación.,Consultar
1,Licenciatura 2026,121,12102005,MATEMATICAS APLICADAS Y COMPUTACION,FES ACATLÁN,Escolarizado,https://www.dgae.unam.mx/Licenciatura2026/resultados/1/12102005.html,260,475,427,59,265,026463,79,S,Seleccionado,,Consultar
1,Licenciatura 2026,121,12102005,MATEMATICAS APLICADAS Y COMPUTACION,FES ACATLÁN,Escolarizado,https://www.dgae.unam.mx/Licenciatura2026/resultados/1/12102005.html,260,475,427,59,265,026507,,N,No presentado,,Consultar
1,Licenciatura 2026,121,12102005,MATEMATICAS APLICADAS Y COMPUTACION,FES ACATLÁN,Escolarizado,https://www.dgae.unam.mx/Licenciatura2026/resultados/1/12102005.html,260,475,427,59,265,026601,92,S,Seleccionado,,Consultar
1,Licenciatura 2026,121,12102005,MATEMATICAS APLICADAS Y COMPUTACION,FES ACATLÁN,Escolarizado,https://www.dgae.unam.mx/Licenciatura2026/resultados/1/12102005.html,260,475,427,59,265,026739,73,S,Seleccionado,Cita para entregar documentación.,Consultar
1,Licenciatura 2026,121,12102005,MATEMATICAS APLICADAS Y COMPUTACION,FES ACATLÁN,Escolarizado,https://www.dgae.unam.mx/Licenciatura2026/resultados/1/12102005.html,260,475,427,59,265,026783,42,,No seleccionado,,Consultar
1,Licenciatura 2026,121,12102005,MATEMATICAS APLICADAS Y COMPUTACION,FES ACATLÁN,Escolarizado,https://www.dgae.unam.mx/Licenciatura2026/resultados/1/12102005.html,260,475,427,59,265,026813,43,,No seleccionado,,Consultar
1,Licenciatura 2026,121,12102005,MATEMATICAS APLICADAS Y COMPUTACION,FES ACATLÁN,Escolarizado,https://www.dgae.unam.mx/Licenciatura2026/resultados/1/12102005.html,260,475,427,59,265,026898,49,,No seleccionado,,Consultar
1,Licenciatura 2026,121,12102005,MATEMATICAS APLICADAS Y COMPUTACION,FES ACATLÁN,Escolarizado,https://www.dgae.unam.mx/Licenciatura2026/resultados/1/12102005.html,260,475,427,59,265,027105,93,S,Seleccionado,Cita para entregar documentación.,Consultar
1,Licenciatura 2026,121,12102005,MATEMATICAS APLICADAS Y COMPUTACION,FES ACATLÁN,Escolarizado,https://www.dgae.unam.mx/Licenciatura2026/resultados/1/12102005.html,260,475,427,59,265,027321,74,S,Seleccionado,Cita para entregar documentación.,Consultar
1,Licenciatura 2026,121,12102005,MATEMATICAS APLICADAS Y COMPUTACION,FES ACATLÁN,Escolarizado,https://www.dgae.unam.mx/Licenciatura2026/resultados/1/12102005.html,260,475,427,59,265,027338,64,S,Seleccionado,Cita para entregar documentación.,Consultar
1,Licenciatura 2026,121,12102005,MATEMATICAS APLICADAS Y COMPUTACION,FES ACATLÁN,Escolarizado,https://www.dgae.unam.mx/Licenciatura2026/resultados/1/12102005.html,260,475,427,59,265,027360,53,,No seleccionado,,Consultar
1,Licenciatura 2026,121,12102005,MATEMATICAS APLICADAS Y COMPUTACION,FES ACATLÁN,Escolarizado,https://www.dgae.unam.mx/Licenciatura2026/resultados/1/12102005.html,260,475,427,59,265,027535,49,,No seleccionado,,Consultar
1,Licenciatura 2026,121,12102005,MATEMATICAS APLICADAS Y COMPUTACION,FES ACATLÁN,Escolarizado,https://www.dgae.unam.mx/Licenciatura2026/resultados/1/12102005.html,260,475,427,59,265,027700,73,S,Seleccionado,Cita para entregar documentación.,Consultar
1,Licenciatura 2026,121,12102005,MATEMATICAS APLICADAS Y COMPUTACION,FES ACATLÁN,Escolarizado,https://www.dgae.unam.mx/Licenciatura2026/resultados/1/12102005.html,260,475,427,59,265,027763,46,,No seleccionado,,Consultar
1,Licenciatura 2026,121,12102005,MATEMATICAS APLICADAS Y COMPUTACION,FES ACATLÁN,Escolarizado,https://www.dgae.unam.mx/Licenciatura2026/resultados/1/12102005.html,260,475,427,59,265,027811,34,,No seleccionado,,Consultar
1,Licenciatura 2026,121,12102005,MATEMATICAS APLICADAS Y COMPUTACION,FES ACATLÁN,Escolarizado,https://www.dgae.unam.mx/Licenciatura2026/resultados/1/12102005.html,260,475,427,59,265,027949,74,S,Seleccionado,,Consultar
1,Licenciatura 2026,121,12102005,MATEMATICAS APLICADAS Y COMPUTACION,FES ACATLÁN,Escolarizado,https://www.dgae.unam.mx/Licenciatura2026/resultados/1/12102005.html,260,475,427,59,265,027987,103,S,Seleccionado,Cita para entregar documentación.,Consultar
1,Licenciatura 2026,121,12102005,MATEMATICAS APLICADAS Y COMPUTACION,FES ACATLÁN,Escolarizado,https://www.dgae.unam.mx/Licenciatura2026/resultados/1/12102005.html,260,475,427,59,265,028135,28,,No seleccionado,,Consultar
1,Licenciatura 2026,121,12102005,MATEMATICAS APLICADAS Y COMPUTACION,FES ACATLÁN,Escolarizado,https://www.dgae.unam.mx/Licenciatura2026/resultados/1/12102005.html,260,475,427,59,265,028188,76,S,Seleccionado,Cita para entregar documentación.,Consultar
1,Licenciatura 2026,121,12102005,MATEMATICAS APLICADAS Y COMPUTACION,FES ACATLÁN,Escolarizado,https://www.dgae.unam.mx/Licenciatura2026/resultados/1/12102005.html,260,475,427,59,265,028205,70,S,Seleccionado,Cita para entregar documentación.,Consultar
1,Licenciatura 2026,121,12102005,MATEMATICAS APLICADAS Y COMPUTACION,FES ACATLÁN,Escolarizado,https://www.dgae.unam.mx/Licenciatura2026/resultados/1/12102005.html,260,475,427,59,265,028325,71,S,Seleccionado,Cita para entregar documentación.,Consultar
1,Licenciatura 2026,121,12102005,MATEMATICAS APLICADAS Y COMPUTACION,FES ACATLÁN,Escolarizado,https://www.dgae.unam.mx/Licenciatura2026/resultados/1/12102005.html,260,475,427,59,265,028332,39,,No seleccionado,,Consultar
1,Licenciatura 2026,121,12102005,MATEMATICAS APLICADAS Y COMPUTACION,FES ACATLÁN,Escolarizado,https://www.dgae.unam.mx/Licenciatura2026/resultados/1/12102005.html,260,475,427,59,265,028377,78,S,Seleccionado,Cita para entregar documentación.,Consultar
1,Licenciatura 2026,121,12102005,MATEMATICAS APLICADAS Y COMPUTACION,FES ACATLÁN,Escolarizado,https://www.dgae.unam.mx/Licenciatura2026/resultados/1/12102005.html,260,475,427,59,265,028570,,N,No presentado,,Consultar
1,Licenciatura 2026,121,12102005,MATEMATICAS APLICADAS Y COMPUTACION,FES ACATLÁN,Escolarizado,https://www.dgae.unam.mx/Licenciatura2026/resultados/1/12102005.html,260,475,427,59,265,028575,93,S,Seleccionado,,Consultar
1,Licenciatura 2026,121,12102005,MATEMATICAS APLICADAS Y COMPUTACION,FES ACATLÁN,Escolarizado,https://www.dgae.unam.mx/Licenciatura2026/resultados/1/12102005.html,260,475,427,59,265,028633,,N,No presentado,,Consultar
1,Licenciatura 2026,121,12102005,MATEMATICAS APLICADAS Y COMPUTACION,FES ACATLÁN,Escolarizado,https://www.dgae.unam.mx/Licenciatura2026/resultados/1/12102005.html,260,475,427,59,265,028772,40,,No seleccionado,,Consultar
1,Licenciatura 2026,121,12102005,MATEMATICAS APLICADAS Y COMPUTACION,FES ACATLÁN,Escolarizado,https://www.dgae.unam.mx/Licenciatura2026/resultados/1/12102005.html,260,475,427,59,265,028815,88,S,Seleccionado,Cita para entregar documentación.,Consultar
1,Licenciatura 2026,121,12102005,MATEMATICAS APLICADAS Y COMPUTACION,FES ACATLÁN,Escolarizado,https://www.dgae.unam.mx/Licenciatura2026/resultados/1/12102005.html,260,475,427,59,265,028928,78,S,Seleccionado,Cita para entregar documentación.,Consultar
1,Licenciatura 2026,121,12102005,MATEMATICAS APLICADAS Y COMPUTACION,FES ACATLÁN,Escolarizado,https://www.dgae.unam.mx/Licenciatura2026/resultados/1/12102005.html,260,475,427,59,265,029189,,C,Cancelado,,Consultar
1,Licenciatura 2026,121,12102005,MATEMATICAS APLICADAS Y COMPUTACION,FES ACATLÁN,Escolarizado,https://www.dgae.unam.mx/Licenciatura2026/resultados/1/12102005.html,260,475,427,59,265,029238,102,S,Seleccionado,Cita para entregar documentación.,Consultar
1,Licenciatura 2026,121,12102005,MATEMATICAS APLICADAS Y COMPUTACION,FES ACATLÁN,Escolarizado,https://www.dgae.unam.mx/Licenciatura2026/resultados/1/12102005.html,260,475,427,59,265,029292,32,,No seleccionado,,Consultar
1,Licenciatura 2026,121,12102005,MATEMATICAS APLICADAS Y COMPUTACION,FES ACATLÁN,Escolarizado,https://www.dgae.unam.mx/Licenciatura2026/resultados/1/12102005.html,260,475,427,59,265,029377,90,S,Seleccionado,Cita para entregar documentación.,Consultar
1,Licenciatura 2026,121,12102005,MATEMATICAS APLICADAS Y COMPUTACION,FES ACATLÁN,Escolarizado,https://www.dgae.unam.mx/Licenciatura2026/resultados/1/12102005.html,260,475,427,59,265,029420,41,,No seleccionado,,Consultar
1,Licenciatura 2026,121,12102005,MATEMATICAS APLICADAS Y COMPUTACION,FES ACATLÁN,Escolarizado,https://www.dgae.unam.mx/Licenciatura2026/resultados/1/12102005.html,260,475,427,59,265,029721,87,S,Seleccionado,Cita para entregar documentación.,Consultar
1,Licenciatura 2026,121,12102005,MATEMATICAS APLICADAS Y COMPUTACION,FES ACATLÁN,Escolarizado,https://www.dgae.unam.mx/Licenciatura2026/resultados/1/12102005.html,260,475,427,59,265,029776,,N,No presentado,,Consultar
1,Licenciatura 2026,121,12102005,MATEMATICAS APLICADAS Y COMPUTACION,FES ACATLÁN,Escolarizado,https://www.dgae.unam.mx/Licenciatura2026/resultados/1/12102005.html,260,475,427,59,265,029874,72,S,Seleccionado,Cita para entregar documentación.,Consultar
1,Licenciatura 2026,121,12102005,MATEMATICAS APLICADAS Y COMPUTACION,FES ACATLÁN,Escolarizado,https://www.dgae.unam.mx/Licenciatura2026/resultados/1/12102005.html,260,475,427,59,265,030039,91,S,Seleccionado,Cita para entregar documentación.,Consultar
1,Licenciatura 2026,121,12102005,MATEMATICAS APLICADAS Y COMPUTACION,FES ACATLÁN,Escolarizado,https://www.dgae.unam.mx/Licenciatura2026/resultados/1/12102005.html,260,475,427,59,265,030345,,N,No presentado,,Consultar
1,Licenciatura 2026,121,12102005,MATEMATICAS APLICADAS Y COMPUTACION,FES ACATLÁN,Escolarizado,https://www.dgae.unam.mx/Licenciatura2026/resultados/1/12102005.html,260,475,427,59,265,030408,47,,No seleccionado,,Consultar
1,Licenciatura 2026,121,12102005,MATEMATICAS APLICADAS Y COMPUTACION,FES ACATLÁN,Escolarizado,https://www.dgae.unam.mx/Licenciatura2026/resultados/1/12102005.html,260,475,427,59,265,030685,27,,No seleccionado,,Consultar
1,Licenciatura 2026,121,12102005,MATEMATICAS APLICADAS Y COMPUTACION,FES ACATLÁN,Escolarizado,https://www.dgae.unam.mx/Licenciatura2026/resultados/1/12102005.html,260,475,427,59,265,030955,74,S,Seleccionado,Cita para entregar documentación.,Consultar
1,Licenciatura 2026,121,12102005,MATEMATICAS APLICADAS Y COMPUTACION,FES ACATLÁN,Escolarizado,https://www.dgae.unam.mx/Licenciatura2026/resultados/1/12102005.html,260,475,427,59,265,031153,100,S,Seleccionado,Cita para entregar documentación.,Consultar
1,Licenciatura 2026,121,12102005,MATEMATICAS APLICADAS Y COMPUTACION,FES ACATLÁN,Escolarizado,https://www.dgae.unam.mx/Licenciatura2026/resultados/1/12102005.html,260,475,427,59,265,031204,81,S,Seleccionado,Cita para entregar documentación.,Consultar
1,Licenciatura 2026,121,12102005,MATEMATICAS APLICADAS Y COMPUTACION,FES ACATLÁN,Escolarizado,https://www.dgae.unam.mx/Licenciatura2026/resultados/1/12102005.html,260,475,427,59,265,031253,58,,No seleccionado,,Consultar
1,Licenciatura 2026,121,12102005,MATEMATICAS APLICADAS Y COMPUTACION,FES ACATLÁN,Escolarizado,https://www.dgae.unam.mx/Licenciatura2026/resultados/1/12102005.html,260,475,427,59,265,031343,89,S,Seleccionado,Cita para entregar documentación.,Consultar
1,Licenciatura 2026,121,12102005,MATEMATICAS APLICADAS Y COMPUTACION,FES ACATLÁN,Escolarizado,https://www.dgae.unam.mx/Licenciatura2026/resultados/1/12102005.html,260,475,427,59,265,031469,,N,No presentado,,Consultar
1,Licenciatura 2026,121,12102005,MATEMATICAS APLICADAS Y COMPUTACION,FES ACATLÁN,Escolarizado,https://www.dgae.unam.mx/Licenciatura2026/resultados/1/12102005.html,260,475,427,59,265,031497,55,,No seleccionado,,Consultar
1,Licenciatura 2026,121,12102005,MATEMATICAS APLICADAS Y COMPUTACION,FES ACATLÁN,Escolarizado,https://www.dgae.unam.mx/Licenciatura2026/resultados/1/12102005.html,260,475,427,59,265,031591,65,S,Seleccionado,Cita para entregar documentación.,Consultar
1,Licenciatura 2026,121,12102005,MATEMATICAS APLICADAS Y COMPUTACION,FES ACATLÁN,Escolarizado,https://www.dgae.unam.mx/Licenciatura2026/resultados/1/12102005.html,260,475,427,59,265,031813,50,,No seleccionado,,Consultar
1,Licenciatura 2026,121,12102005,MATEMATICAS APLICADAS Y COMPUTACION,FES ACATLÁN,Escolarizado,https://www.dgae.unam.mx/Licenciatura2026/resultados/1/12102005.html,260,475,427,59,265,032090,75,S,Seleccionado,Cita para entregar documentación.,Consultar
1,Licenciatura 2026,121,12102005,MATEMATICAS APLICADAS Y COMPUTACION,FES ACATLÁN,Escolarizado,https://www.dgae.unam.mx/Licenciatura2026/resultados/1/12102005.html,260,475,427,59,265,032094,85,S,Seleccionado,,Consultar
1,Licenciatura 2026,121,12102005,MATEMATICAS APLICADAS Y COMPUTACION,FES ACATLÁN,Escolarizado,https://www.dgae.unam.mx/Licenciatura2026/resultados/1/12102005.html,260,475,427,59,265,032102,35,,No seleccionado,,Consultar
1,Licenciatura 2026,121,12102005,MATEMATICAS APLICADAS Y COMPUTACION,FES ACATLÁN,Escolarizado,https://www.dgae.unam.mx/Licenciatura2026/resultados/1/12102005.html,260,475,427,59,265,032237,94,S,Seleccionado,Cita para entregar documentación.,Consultar
1,Licenciatura 2026,121,12102005,MATEMATICAS APLICADAS Y COMPUTACION,FES ACATLÁN,Escolarizado,https://www.dgae.unam.mx/Licenciatura2026/resultados/1/12102005.html,260,475,427,59,265,032353,96,S,Seleccionado,Cita para entregar documentación.,Consultar
1,Licenciatura 2026,121,12102005,MATEMATICAS APLICADAS Y COMPUTACION,FES ACATLÁN,Escolarizado,https://www.dgae.unam.mx/Licenciatura2026/resultados/1/12102005.html,260,475,427,59,265,032412,61,S,Seleccionado,Cita para entregar documentación.,Consultar
1,Licenciatura 2026,121,12102005,MATEMATICAS APLICADAS Y COMPUTACION,FES ACATLÁN,Escolarizado,https://www.dgae.unam.mx/Licenciatura2026/resultados/1/12102005.html,260,475,427,59,265,032434,78,S,Seleccionado,Cita para entregar documentación.,Consultar
1,Licenciatura 2026,121,12102005,MATEMATICAS APLICADAS Y COMPUTACION,FES ACATLÁN,Escolarizado,https://www.dgae.unam.mx/Licenciatura2026/resultados/1/12102005.html,260,475,427,59,265,032519,69,S,Seleccionado,Cita para entregar documentación.,Consultar
1,Licenciatura 2026,121,12102005,MATEMATICAS APLICADAS Y COMPUTACION,FES ACATLÁN,Escolarizado,https://www.dgae.unam.mx/Licenciatura2026/resultados/1/12102005.html,260,475,427,59,265,032532,84,S,Seleccionado,Cita para entregar documentación.,Consultar
1,Licenciatura 2026,121,12102005,MATEMATICAS APLICADAS Y COMPUTACION,FES ACATLÁN,Escolarizado,https://www.dgae.unam.mx/Licenciatura2026/resultados/1/12102005.html,260,475,427,59,265,032597,89,S,Seleccionado,Cita para entregar documentación.,Consultar
1,Licenciatura 2026,121,12102005,MATEMATICAS APLICADAS Y COMPUTACION,FES ACATLÁN,Escolarizado,https://www.dgae.unam.mx/Licenciatura2026/resultados/1/12102005.html,260,475,427,59,265,032954,,N,No presentado,,Consultar
1,Licenciatura 2026,121,12102005,MATEMATICAS APLICADAS Y COMPUTACION,FES ACATLÁN,Escolarizado,https://www.dgae.unam.mx/Licenciatura2026/resultados/1/12102005.html,260,475,427,59,265,032959,45,,No seleccionado,,Consultar
1,Licenciatura 2026,121,12102005,MATEMATICAS APLICADAS Y COMPUTACION,FES ACATLÁN,Escolarizado,https://www.dgae.unam.mx/Licenciatura2026/resultados/1/12102005.html,260,475,427,59,265,033028,,N,No presentado,,Consultar
1,Licenciatura 2026,121,12102005,MATEMATICAS APLICADAS Y COMPUTACION,FES ACATLÁN,Escolarizado,https://www.dgae.unam.mx/Licenciatura2026/resultados/1/12102005.html,260,475,427,59,265,033265,48,,No seleccionado,,Consultar
1,Licenciatura 2026,121,12102005,MATEMATICAS APLICADAS Y COMPUTACION,FES ACATLÁN,Escolarizado,https://www.dgae.unam.mx/Licenciatura2026/resultados/1/12102005.html,260,475,427,59,265,033498,87,S,Seleccionado,Cita para entregar documentación.,Consultar
1,Licenciatura 2026,121,12102005,MATEMATICAS APLICADAS Y COMPUTACION,FES ACATLÁN,Escolarizado,https://www.dgae.unam.mx/Licenciatura2026/resultados/1/12102005.html,260,475,427,59,265,033508,59,S,Seleccionado,,Consultar
1,Licenciatura 2026,121,12102005,MATEMATICAS APLICADAS Y COMPUTACION,FES ACATLÁN,Escolarizado,https://www.dgae.unam.mx/Licenciatura2026/resultados/1/12102005.html,260,475,427,59,265,033537,44,,No seleccionado,,Consultar
1,Licenciatura 2026,121,12102005,MATEMATICAS APLICADAS Y COMPUTACION,FES ACATLÁN,Escolarizado,https://www.dgae.unam.mx/Licenciatura2026/resultados/1/12102005.html,260,475,427,59,265,033815,55,,No seleccionado,,Consultar
1,Licenciatura 2026,121,12102005,MATEMATICAS APLICADAS Y COMPUTACION,FES ACATLÁN,Escolarizado,https://www.dgae.unam.mx/Licenciatura2026/resultados/1/12102005.html,260,475,427,59,265,033861,53,,No seleccionado,,Consultar
1,Licenciatura 2026,121,12102005,MATEMATICAS APLICADAS Y COMPUTACION,FES ACATLÁN,Escolarizado,https://www.dgae.unam.mx/Licenciatura2026/resultados/1/12102005.html,260,475,427,59,265,033938,92,S,Seleccionado,Cita para entregar documentación.,Consultar
1,Licenciatura 2026,121,12102005,MATEMATICAS APLICADAS Y COMPUTACION,FES ACATLÁN,Escolarizado,https://www.dgae.unam.mx/Licenciatura2026/resultados/1/12102005.html,260,475,427,59,265,033998,107,S,Seleccionado,Cita para entregar documentación.,Consultar
1,Licenciatura 2026,121,12102005,MATEMATICAS APLICADAS Y COMPUTACION,FES ACATLÁN,Escolarizado,https://www.dgae.unam.mx/Licenciatura2026/resultados/1/12102005.html,260,475,427,59,265,034020,56,,No seleccionado,,Consultar
1,Licenciatura 2026,121,12102005,MATEMATICAS APLICADAS Y COMPUTACION,FES ACATLÁN,Escolarizado,https://www.dgae.unam.mx/Licenciatura2026/resultados/1/12102005.html,260,475,427,59,265,034057,96,S,Seleccionado,Cita para entregar documentación.,Consultar
1,Licenciatura 2026,121,12102005,MATEMATICAS APLICADAS Y COMPUTACION,FES ACATLÁN,Escolarizado,https://www.dgae.unam.mx/Licenciatura2026/resultados/1/12102005.html,260,475,427,59,265,034070,,N,No presentado,,Consultar
1,Licenciatura 2026,121,12102005,MATEMATICAS APLICADAS Y COMPUTACION,FES ACATLÁN,Escolarizado,https://www.dgae.unam.mx/Licenciatura2026/resultados/1/12102005.html,260,475,427,59,265,034087,29,,No seleccionado,,Consultar
1,Licenciatura 2026,121,12102005,MATEMATICAS APLICADAS Y COMPUTACION,FES ACATLÁN,Escolarizado,https://www.dgae.unam.mx/Licenciatura2026/resultados/1/12102005.html,260,475,427,59,265,034148,,N,No presentado,,Consultar
1,Licenciatura 2026,121,12102005,MATEMATICAS APLICADAS Y COMPUTACION,FES ACATLÁN,Escolarizado,https://www.dgae.unam.mx/Licenciatura2026/resultados/1/12102005.html,260,475,427,59,265,034157,89,S,Seleccionado,Cita para entregar documentación.,Consultar
1,Licenciatura 2026,121,12102005,MATEMATICAS APLICADAS Y COMPUTACION,FES ACATLÁN,Escolarizado,https://www.dgae.unam.mx/Licenciatura2026/resultados/1/12102005.html,260,475,427,59,265,034259,60,S,Seleccionado,Cita para entregar documentación.,Consultar
1,Licenciatura 2026,121,12102005,MATEMATICAS APLICADAS Y COMPUTACION,FES ACATLÁN,Escolarizado,https://www.dgae.unam.mx/Licenciatura2026/resultados/1/12102005.html,260,475,427,59,265,034340,82,S,Seleccionado,Cita para entregar documentación.,Consultar
1,Licenciatura 2026,121,12102005,MATEMATICAS APLICADAS Y COMPUTACION,FES ACATLÁN,Escolarizado,https://www.dgae.unam.mx/Licenciatura2026/resultados/1/12102005.html,260,475,427,59,265,034492,79,S,Seleccionado,Cita para entregar documentación.,Consultar
1,Licenciatura 2026,121,12102005,MATEMATICAS APLICADAS Y COMPUTACION,FES ACATLÁN,Escolarizado,https://www.dgae.unam.mx/Licenciatura2026/resultados/1/12102005.html,260,475,427,59,265,034911,49,,No seleccionado,,Consultar
1,Licenciatura 2026,121,12102005,MATEMATICAS APLICADAS Y COMPUTACION,FES ACATLÁN,Escolarizado,https://www.dgae.unam.mx/Licenciatura2026/resultados/1/12102005.html,260,475,427,59,265,034986,50,,No seleccionado,,Consultar
1,Licenciatura 2026,121,12102005,MATEMATICAS APLICADAS Y COMPUTACION,FES ACATLÁN,Escolarizado,https://www.dgae.unam.mx/Licenciatura2026/resultados/1/12102005.html,260,475,427,59,265,035088,,N,No presentado,,Consultar
1,Licenciatura 2026,121,12102005,MATEMATICAS APLICADAS Y COMPUTACION,FES ACATLÁN,Escolarizado,https://www.dgae.unam.mx/Licenciatura2026/resultados/1/12102005.html,260,475,427,59,265,035180,106,S,Seleccionado,Cita para entregar documentación.,Consultar
1,Licenciatura 2026,121,12102005,MATEMATICAS APLICADAS Y COMPUTACION,FES ACATLÁN,Escolarizado,https://www.dgae.unam.mx/Licenciatura2026/resultados/1/12102005.html,260,475,427,59,265,035419,86,S,Seleccionado,Cita para entregar documentación.,Consultar
1,Licenciatura 2026,121,12102005,MATEMATICAS APLICADAS Y COMPUTACION,FES ACATLÁN,Escolarizado,https://www.dgae.unam.mx/Licenciatura2026/resultados/1/12102005.html,260,475,427,59,265,035428,100,S,Seleccionado,Cita para entregar documentación.,Consultar
1,Licenciatura 2026,121,12102005,MATEMATICAS APLICADAS Y COMPUTACION,FES ACATLÁN,Escolarizado,https://www.dgae.unam.mx/Licenciatura2026/resultados/1/12102005.html,260,475,427,59,265,035455,,N,No presentado,,Consultar
1,Licenciatura 2026,121,12102005,MATEMATICAS APLICADAS Y COMPUTACION,FES ACATLÁN,Escolarizado,https://www.dgae.unam.mx/Licenciatura2026/resultados/1/12102005.html,260,475,427,59,265,035486,,N,No presentado,,Consultar
1,Licenciatura 2026,121,12102005,MATEMATICAS APLICADAS Y COMPUTACION,FES ACATLÁN,Escolarizado,https://www.dgae.unam.mx/Licenciatura2026/resultados/1/12102005.html,260,475,427,59,265,035495,68,S,Seleccionado,Cita para entregar documentación.,Consultar
1,Licenciatura 2026,121,12102005,MATEMATICAS APLICADAS Y COMPUTACION,FES ACATLÁN,Escolarizado,https://www.dgae.unam.mx/Licenciatura2026/resultados/1/12102005.html,260,475,427,59,265,035506,,N,No presentado,,Consultar
1,Licenciatura 2026,121,12102005,MATEMATICAS APLICADAS Y COMPUTACION,FES ACATLÁN,Escolarizado,https://www.dgae.unam.mx/Licenciatura2026/resultados/1/12102005.html,260,475,427,59,265,035763,82,S,Seleccionado,Cita para entregar documentación.,Consultar
1,Licenciatura 2026,121,12102005,MATEMATICAS APLICADAS Y COMPUTACION,FES ACATLÁN,Escolarizado,https://www.dgae.unam.mx/Licenciatura2026/resultados/1/12102005.html,260,475,427,59,265,035766,77,S,Seleccionado,Cita para entregar documentación.,Consultar
1,Licenciatura 2026,121,12102005,MATEMATICAS APLICADAS Y COMPUTACION,FES ACATLÁN,Escolarizado,https://www.dgae.unam.mx/Licenciatura2026/resultados/1/12102005.html,260,475,427,59,265,036665,57,,No seleccionado,,Consultar
