Area,Concurso,Clave_carrera,Codigo_opcion,Carrera,Plantel,Modalidad,URL_resultados,Oferta,Aspirantes,Presentaron_examen,Aciertos_minimos,Seleccionados,Numero_comprobante,Aciertos,Acreditado,Estatus,Detalles,Diagnostico
2,Licenciatura 2026,203,20300095,ENFERMERIA Y OBSTETRICIA,FACULTAD DE ENFERMERIA Y OBSTETRICIA,Escolarizado,https://www.dgae.unam.mx/Licenciatura2026/resultados_control/2/20300095.html,70,434,235,58,75,070054,,N,No presentada/o,,
2,Licenciatura 2026,203,20300095,ENFERMERIA Y OBSTETRICIA,FACULTAD DE ENFERMERIA Y OBSTETRICIA,Escolarizado,https://www.dgae.unam.mx/Licenciatura2026/resultados_control/2/20300095.html,70,434,235,58,75,070133,45,,No seleccionada/o,,
2,Licenciatura 2026,203,20300095,ENFERMERIA Y OBSTETRICIA,FACULTAD DE ENFERMERIA Y OBSTETRICIA,Escolarizado,https://www.dgae.unam.mx/Licenciatura2026/resultados_control/2/20300095.html,70,434,235,58,75,070366,48,,No seleccionada/o,,
2,Licenciatura 2026,203,20300095,ENFERMERIA Y OBSTETRICIA,FACULTAD DE ENFERMERIA Y OBSTETRICIA,Escolarizado,https://www.dgae.unam.mx/Licenciatura2026/resultados_control/2/20300095.html,70,434,235,58,75,070485,40,,No seleccionada/o,,
2,Licenciatura 2026,203,20300095,ENFERMERIA Y OBSTETRICIA,FACULTAD DE ENFERMERIA Y OBSTETRICIA,Escolarizado,https://www.dgae.unam.mx/Licenciatura2026/resultados_control/2/20300095.html,70,434,235,58,75,070551,,N,No presentada/o,,
2,Licenciatura 2026,203,20300095,ENFERMERIA Y OBSTETRICIA,FACULTAD DE ENFERMERIA Y OBSTETRICIA,Escolarizado,https://www.dgae.unam.mx/Licenciatura2026/resultados_control/2/20300095.html,70,434,235,58,75,070556,,N,No presentada/o,,
2,Licenciatura 2026,203,20300095,ENFERMERIA Y OBSTETRICIA,FACULTAD DE ENFERMERIA Y OBSTETRICIA,Escolarizado,https://www.dgae.unam.mx/Licenciatura2026/resultados_control/2/20300095.html,70,434,235,58,75,071055,47,,No seleccionada/o,,
2,Licenciatura 2026,203,20300095,ENFERMERIA Y OBSTETRICIA,FACULTAD DE ENFERMERIA Y OBSTETRICIA,Escolarizado,https://www.dgae.unam.mx/Licenciatura2026/resultados_control/2/20300095.html,70,434,235,58,75,071612,43,,No seleccionada/o,,
2,Licenciatura 2026,203,20300095,ENFERMERIA Y OBSTETRICIA,FACULTAD DE ENFERMERIA Y OBSTETRICIA,Escolarizado,https://www.dgae.unam.mx/Licenciatura2026/resultados_control/2/20300095.html,70,434,235,58,75,071656,79,S,Seleccionada/o,,
2,Licenciatura 2026,203,20300095,ENFERMERIA Y OBSTETRICIA,FACULTAD DE ENFERMERIA Y OBSTETRICIA,Escolarizado,https://www.dgae.unam.mx/Licenciatura2026/resultados_control/2/20300095.html,70,434,235,58,75,071816,,N,No presentada/o,,
2,Licenciatura 2026,203,20300095,ENFERMERIA Y OBSTETRICIA,FACULTAD DE ENFERMERIA Y OBSTETRICIA,Escolarizado,https://www.dgae.unam.mx/Licenciatura2026/resultados_control/2/20300095.html,70,434,235,58,75,071821,,N,No presentada/o,,
2,Licenciatura 2026,203,20300095,ENFERMERIA Y OBSTETRICIA,FACULTAD DE ENFERMERIA Y OBSTETRICIA,Escolarizado,https://www.dgae.unam.mx/Licenciatura2026/resultados_control/2/20300095.html,70,434,235,58,75,071866,,N,No presentada/o,,
2,Licenciatura 2026,203,20300095,ENFERMERIA Y OBSTETRICIA,FACULTAD DE ENFERMERIA Y OBSTETRICIA,Escolarizado,https://www.dgae.unam.mx/Licenciatura2026/resultados_control/2/20300095.html,70,434,235,58,75,072092,50,,No seleccionada/o,,
2,Licenciatura 2026,203,20300095,ENFERMERIA Y OBSTETRICIA,FACULTAD DE ENFERMERIA Y OBSTETRICIA,Escolarizado,https://www.dgae.unam.mx/Licenciatura2026/resultados_control/2/20300095.html,70,434,235,58,75,072221,72,S,Seleccionada/o,Cita para entregar documentación.,
2,Licenciatura 2026,203,20300095,ENFERMERIA Y OBSTETRICIA,FACULTAD DE ENFERMERIA Y OBSTETRICIA,Escolarizado,https://www.dgae.unam.mx/Licenciatura2026/resultados_control/2/20300095.html,70,434,235,58,75,072487,68,S,Seleccionada/o,,
2,Licenciatura 2026,203,20300095,ENFERMERIA Y OBSTETRICIA,FACULTAD DE ENFERMERIA Y OBSTETRICIA,Escolarizado,https://www.dgae.unam.mx/Licenciatura2026/resultados_control/2/20300095.html,70,434,235,58,75,072888,,N,No presentada/o,,
2,Licenciatura 2026,203,20300095,ENFERMERIA Y OBSTETRICIA,FACULTAD DE ENFERMERIA Y OBSTETRICIA,Escolarizado,https://www.dgae.unam.mx/Licenciatura2026/resultados_control/2/20300095.html,70,434,235,58,75,073788,60,S,Seleccionada/o,,
2,Licenciatura 2026,203,20300095,ENFERMERIA Y OBSTETRICIA,FACULTAD DE ENFERMERIA Y OBSTETRICIA,Escolarizado,https://www.dgae.unam.mx/Licenciatura2026/resultados_control/2/20300095.html,70,434,235,58,75,073831,,N,No presentada/o,,
2,Licenciatura 2026,203,20300095,ENFERMERIA Y OBSTETRICIA,FACULTAD DE ENFERMERIA Y OBSTETRICIA,Escolarizado,https://www.dgae.unam.mx/Licenciatura2026/resultados_control/2/20300095.html,70,434,235,58,75,073942,,N,No presentada/o,,
2,Licenciatura 2026,203,20300095,ENFERMERIA Y OBSTETRICIA,FACULTAD DE ENFERMERIA Y OBSTETRICIA,Escolarizado,https://www.dgae.unam.mx/Licenciatura2026/resultados_control/2/20300095.html,70,434,235,58,75,074221,,N,No presentada/o,,
2,Licenciatura 2026,203,20300095,ENFERMERIA Y OBSTETRICIA,FACULTAD DE ENFERMERIA Y OBSTETRICIA,Escolarizado,https://www.dgae.unam.mx/Licenciatura2026/resultados_control/2/20300095.html,70,434,235,58,75,074237,45,,No seleccionada/o,,
2,Licenciatura 2026,203,20300095,ENFERMERIA Y OBSTETRICIA,FACULTAD DE ENFERMERIA Y OBSTETRICIA,Escolarizado,https://www.dgae.unam.mx/Licenciatura2026/resultados_control/2/20300095.html,70,434,235,58,75,074452,42,,No seleccionada/o,,
2,Licenciatura 2026,203,20300095,ENFERMERIA Y OBSTETRICIA,FACULTAD DE ENFERMERIA Y OBSTETRICIA,Escolarizado,https://www.dgae.unam.mx/Licenciatura2026/resultados_control/2/20300095.html,70,434,235,58,75,074473,60,S,Seleccionada/o,,
2,Licenciatura 2026,203,20300095,ENFERMERIA Y OBSTETRICIA,FACULTAD DE ENFERMERIA Y OBSTETRICIA,Escolarizado,https://www.dgae.unam.mx/Licenciatura2026/resultados_control/2/20300095.html,70,434,235,58,75,074527,,N,No presentada/o,,
2,Licenciatura 2026,203,20300095,ENFERMERIA Y OBSTETRICIA,FACULTAD DE ENFERMERIA Y OBSTETRICIA,Escolarizado,https://www.dgae.unam.mx/Licenciatura2026/resultados_control/2/20300095.html,70,434,235,58,75,074926,,N,No presentada/o,,
2,Licenciatura 2026,203,20300095,ENFERMERIA Y OBSTETRICIA,FACULTAD DE ENFERMERIA Y OBSTETRICIA,Escolarizado,https://www.dgae.unam.mx/Licenciatura2026/resultados_control/2/20300095.html,70,434,235,58,75,074967,,N,No presentada/o,,
2,Licenciatura 2026,203,20300095,ENFERMERIA Y OBSTETRICIA,FACULTAD DE ENFERMERIA Y OBSTETRICIA,Escolarizado,https://www.dgae.unam.mx/Licenciatura2026/resultados_control/2/20300095.html,70,434,235,58,75,075169,76,S,Seleccionada/o,Cita para entregar documentación.,
2,Licenciatura 2026,203,20300095,ENFERMERIA Y OBSTETRICIA,FACULTAD DE ENFERMERIA Y OBSTETRICIA,Escolarizado,https://www.dgae.unam.mx/Licenciatura2026/resultados_control/2/20300095.html,70,434,235,58,75,075454,,N,No presentada/o,,
2,Licenciatura 2026,203,20300095,ENFERMERIA Y OBSTETRICIA,FACULTAD DE ENFERMERIA Y OBSTETRICIA,Escolarizado,https://www.dgae.unam.mx/Licenciatura2026/resultados_control/2/20300095.html,70,434,235,58,75,075478,,N,No presentada/o,,
2,Licenciatura 2026,203,20300095,ENFERMERIA Y OBSTETRICIA,FACULTAD DE ENFERMERIA Y OBSTETRICIA,Escolarizado,https://www.dgae.unam.mx/Licenciatura2026/resultados_control/2/20300095.html,70,434,235,58,75,076426,,N,No presentada/o,,
2,Licenciatura 2026,203,20300095,ENFERMERIA Y OBSTETRICIA,FACULTAD DE ENFERMERIA Y OBSTETRICIA,Escolarizado,https://www.dgae.unam.mx/Licenciatura2026/resultados_control/2/20300095.html,70,434,235,58,75,076959,,N,No presentada/o,,
2,Licenciatura 2026,203,20300095,ENFERMERIA Y OBSTETRICIA,FACULTAD DE ENFERMERIA Y OBSTETRICIA,Escolarizado,https://www.dgae.unam.mx/Licenciatura2026/resultados_control/2/20300095.html,70,434,235,58,75,077002,78,S,Seleccionada/o,Cita para entregar documentación.,
2,Licenciatura 2026,203,20300095,ENFERMERIA Y OBSTETRICIA,FACULTAD DE ENFERMERIA Y OBSTETRICIA,Escolarizado,https://www.dgae.unam.mx/Licenciatura2026/resultados_control/2/20300095.html,70,434,235,58,75,077069,,N,No presentada/o,,
2,Licenciatura 2026,203,20300095,ENFERMERIA Y OBSTETRICIA,FACULTAD DE ENFERMERIA Y OBSTETRICIA,Escolarizado,https://www.dgae.unam.mx/Licenciatura2026/resultados_control/2/20300095.html,70,434,235,58,75,077131,84,S,Seleccionada/o,Cita para entregar documentación.,
2,Licenciatura 2026,203,20300095,ENFERMERIA Y OBSTETRICIA,FACULTAD DE ENFERMERIA Y OBSTETRICIA,Escolarizado,https://www.dgae.unam.mx/Licenciatura2026/resultados_control/2/20300095.html,70,434,235,58,75,077748,,N,No presentada/o,,
2,Licenciatura 2026,203,20300095,ENFERMERIA Y OBSTETRICIA,FACULTAD DE ENFERMERIA Y OBSTETRICIA,Escolarizado,https://www.dgae.unam.mx/Licenciatura2026/resultados_control/2/20300095.html,70,434,235,58,75,077874,,N,No presentada/o,,
2,Licenciatura 2026,203,20300095,ENFERMERIA Y OBSTETRICIA,FACULTAD DE ENFERMERIA Y OBSTETRICIA,Escolarizado,https://www.dgae.unam.mx/Licenciatura2026/resultados_control/2/20300095.html,70,434,235,58,75,078069,50,,No seleccionada/o,,
2,Licenciatura 2026,203,20300095,ENFERMERIA Y OBSTETRICIA,FACULTAD DE ENFERMERIA Y OBSTETRICIA,Escolarizado,https://www.dgae.unam.mx/Licenciatura2026/resultados_control/2/20300095.html,70,434,235,58,75,078081,,N,No presentada/o,,
2,Licenciatura 2026,203,20300095,ENFERMERIA Y OBSTETRICIA,FACULTAD DE ENFERMERIA Y OBSTETRICIA,Escolarizado,https://www.dgae.unam.mx/Licenciatura2026/resultados_control/2/20300095.html,70,434,235,58,75,078170,,N,No presentada/o,,
2,Licenciatura 2026,203,20300095,ENFERMERIA Y OBSTETRICIA,FACULTAD DE ENFERMERIA Y OBSTETRICIA,Escolarizado,https://www.dgae.unam.mx/Licenciatura2026/resultados_control/2/20300095.html,70,434,235,58,75,078529,,N,No presentada/o,,
2,Licenciatura 2026,203,20300095,ENFERMERIA Y OBSTETRICIA,FACULTAD DE ENFERMERIA Y OBSTETRICIA,Escolarizado,https://www.dgae.unam.mx/Licenciatura2026/resultados_control/2/20300095.html,70,434,235,58,75,078543,,N,No presentada/o,,
2,Licenciatura 2026,203,20300095,ENFERMERIA Y OBSTETRICIA,FACULTAD DE ENFERMERIA Y OBSTETRICIA,Escolarizado,https://www.dgae.unam.mx/Licenciatura2026/resultados_control/2/20300095.html,70,434,235,58,75,078940,,N,No presentada/o,,
2,Licenciatura 2026,203,20300095,ENFERMERIA Y OBSTETRICIA,FACULTAD DE ENFERMERIA Y OBSTETRICIA,Escolarizado,https://www.dgae.unam.mx/Licenciatura2026/resultados_control/2/20300095.html,70,434,235,58,75,078961,53,,No seleccionada/o,,
2,Licenciatura 2026,203,20300095,ENFERMERIA Y OBSTETRICIA,FACULTAD DE ENFERMERIA Y OBSTETRICIA,Escolarizado,https://www.dgae.unam.mx/Licenciatura2026/resultados_control/2/20300095.html,70,434,235,58,75,079020,33,,No seleccionada/o,,
2,Licenciatura 2026,203,20300095,ENFERMERIA Y OBSTETRICIA,FACULTAD DE ENFERMERIA Y OBSTETRICIA,Escolarizado,https://www.dgae.unam.mx/Licenciatura2026/resultados_control/2/20300095.html,70,434,235,58,75,079363,,N,No presentada/o,,
2,Licenciatura 2026,203,20300095,ENFERMERIA Y OBSTETRICIA,FACULTAD DE ENFERMERIA Y OBSTETRICIA,Escolarizado,https://www.dgae.unam.mx/Licenciatura2026/resultados_control/2/20300095.html,70,434,235,58,75,079521,,N,No presentada/o,,
2,Licenciatura 2026,203,20300095,ENFERMERIA Y OBSTETRICIA,FACULTAD DE ENFERMERIA Y OBSTETRICIA,Escolarizado,https://www.dgae.unam.mx/Licenciatura2026/resultados_control/2/20300095.html,70,434,235,58,75,079582,,N,No presentada/o,,
2,Licenciatura 2026,203,20300095,ENFERMERIA Y OBSTETRICIA,FACULTAD DE ENFERMERIA Y OBSTETRICIA,Escolarizado,https://www.dgae.unam.mx/Licenciatura2026/resultados_control/2/20300095.html,70,434,235,58,75,080431,,N,No presentada/o,,
2,Licenciatura 2026,203,20300095,ENFERMERIA Y OBSTETRICIA,FACULTAD DE ENFERMERIA Y OBSTETRICIA,Escolarizado,https://www.dgae.unam.mx/Licenciatura2026/resultados_control/2/20300095.html,70,434,235,58,75,080559,88,S,Seleccionada/o,,
2,Licenciatura 2026,203,20300095,ENFERMERIA Y OBSTETRICIA,FACULTAD DE ENFERMERIA Y OBSTETRICIA,Escolarizado,https://www.dgae.unam.mx/Licenciatura2026/resultados_control/2/20300095.html,70,434,235,58,75,080641,,N,No presentada/o,,
2,Licenciatura 2026,203,20300095,ENFERMERIA Y OBSTETRICIA,FACULTAD DE ENFERMERIA Y OBSTETRICIA,Escolarizado,https://www.dgae.unam.mx/Licenciatura2026/resultados_control/2/20300095.html,70,434,235,58,75,080767,48,,No seleccionada/o,,
2,Licenciatura 2026,203,20300095,ENFERMERIA Y OBSTETRICIA,FACULTAD DE ENFERMERIA Y OBSTETRICIA,Escolarizado,https://www.dgae.unam.mx/Licenciatura2026/resultados_control/2/20300095.html,70,434,235,58,75,080962,40,,No seleccionada/o,,
2,Licenciatura 2026,203,20300095,ENFERMERIA Y OBSTETRICIA,FACULTAD DE ENFERMERIA Y OBSTETRICIA,Escolarizado,https://www.dgae.unam.mx/Licenciatura2026/resultados_control/2/20300095.html,70,434,235,58,75,081071,,N,No presentada/o,,
2,Licenciatura 2026,203,20300095,ENFERMERIA Y OBSTETRICIA,FACULTAD DE ENFERMERIA Y OBSTETRICIA,Escolarizado,https://www.dgae.unam.mx/Licenciatura2026/resultados_control/2/20300095.html,70,434,235,58,75,081103,,N,No presentada/o,,
2,Licenciatura 2026,203,20300095,ENFERMERIA Y OBSTETRICIA,FACULTAD DE ENFERMERIA Y OBSTETRICIA,Escolarizado,https://www.dgae.unam.mx/Licenciatura2026/resultados_control/2/20300095.html,70,434,235,58,75,081119,68,S,Seleccionada/o,Cita para entregar documentación.,
2,Licenciatura 2026,203,20300095,ENFERMERIA Y OBSTETRICIA,FACULTAD DE ENFERMERIA Y OBSTETRICIA,Escolarizado,https://www.dgae.unam.mx/Licenciatura2026/resultados_control/2/20300095.html,70,434,235,58,75,081139,82,S,Seleccionada/o,Cita para entregar documentación.,
2,Licenciatura 2026,203,20300095,ENFERMERIA Y OBSTETRICIA,FACULTAD DE ENFERMERIA Y OBSTETRICIA,Escolarizado,https://www.dgae.unam.mx/Licenciatura2026/resultados_control/2/20300095.html,70,434,235,58,75,081176,62,S,Seleccionada/o,Cita para entregar documentación.,
2,Licenciatura 2026,203,20300095,ENFERMERIA Y OBSTETRICIA,FACULTAD DE ENFERMERIA Y OBSTETRICIA,Escolarizado,https://www.dgae.unam.mx/Licenciatura2026/resultados_control/2/20300095.html,70,434,235,58,75,081611,,N,No presentada/o,,
2,Licenciatura 2026,203,20300095,ENFERMERIA Y OBSTETRICIA,FACULTAD DE ENFERMERIA Y OBSTETRICIA,Escolarizado,https://www.dgae.unam.mx/Licenciatura2026/resultados_control/2/20300095.html,70,434,235,58,75,081622,,N,No presentada/o,,
2,Licenciatura 2026,203,20300095,ENFERMERIA Y OBSTETRICIA,FACULTAD DE ENFERMERIA Y OBSTETRICIA,Escolarizado,https://www.dgae.unam.mx/Licenciatura2026/resultados_control/2/20300095.html,70,434,235,58,75,081749,35,,No seleccionada/o,,
2,Licenciatura 2026,203,20300095,ENFERMERIA Y OBSTETRICIA,FACULTAD DE ENFERMERIA Y OBSTETRICIA,Escolarizado,https://www.dgae.unam.mx/Licenciatura2026/resultados_control/2/20300095.html,70,434,235,58,75,081950,65,S,Seleccionada/o,Cita para entregar documentación.,
2,Licenciatura 2026,203,20300095,ENFERMERIA Y OBSTETRICIA,FACULTAD DE ENFERMERIA Y OBSTETRICIA,Escolarizado,https://www.dgae.unam.mx/Licenciatura2026/resultados_control/2/20300095.html,70,434,235,58,75,082665,,N,No presentada/o,,
2,Licenciatura 2026,203,20300095,ENFERMERIA Y OBSTETRICIA,FACULTAD DE ENFERMERIA Y OBSTETRICIA,Escolarizado,https://www.dgae.unam.mx/Licenciatura2026/resultados_control/2/20300095.html,70,434,235,58,75,083209,,N,No presentada/o,,
2,Licenciatura 2026,203,20300095,ENFERMERIA Y OBSTETRICIA,FACULTAD DE ENFERMERIA Y OBSTETRICIA,Escolarizado,https://www.dgae.unam.mx/Licenciatura2026/resultados_control/2/20300095.html,70,434,235,58,75,083290,,N,No presentada/o,,
2,Licenciatura 2026,203,20300095,ENFERMERIA Y OBSTETRICIA,FACULTAD DE ENFERMERIA Y OBSTETRICIA,Escolarizado,https://www.dgae.unam.mx/Licenciatura2026/resultados_control/2/20300095.html,70,434,235,58,75,083629,40,,No seleccionada/o,,
2,Licenciatura 2026,203,20300095,ENFERMERIA Y OBSTETRICIA,FACULTAD DE ENFERMERIA Y OBSTETRICIA,Escolarizado,https://www.dgae.unam.mx/Licenciatura2026/resultados_control/2/20300095.html,70,434,235,58,75,083785,,N,No presentada/o,,
2,Licenciatura 2026,203,20300095,ENFERMERIA Y OBSTETRICIA,FACULTAD DE ENFERMERIA Y OBSTETRICIA,Escolarizado,https://www.dgae.unam.mx/Licenciatura2026/resultados_control/2/20300095.html,70,434,235,58,75,084201,,N,No presentada/o,,
2,Licenciatura 2026,203,20300095,ENFERMERIA Y OBSTETRICIA,FACULTAD DE ENFERMERIA Y OBSTETRICIA,Escolarizado,https://www.dgae.unam.mx/Licenciatura2026/resultados_control/2/20300095.html,70,434,235,58,75,084204,,N,No presentada/o,,
2,Licenciatura 2026,203,20300095,ENFERMERIA Y OBSTETRICIA,FACULTAD DE ENFERMERIA Y OBSTETRICIA,Escolarizado,https://www.dgae.unam.mx/Licenciatura2026/resultados_control/2/20300095.html,70,434,235,58,75,084209,,N,No presentada/o,,
2,Licenciatura 2026,203,20300095,ENFERMERIA Y OBSTETRICIA,FACULTAD DE ENFERMERIA Y OBSTETRICIA,Escolarizado,https://www.dgae.unam.mx/Licenciatura2026/resultados_control/2/20300095.html,70,434,235,58,75,084474,,N,No presentada/o,,
2,Licenciatura 2026,203,20300095,ENFERMERIA Y OBSTETRICIA,FACULTAD DE ENFERMERIA Y OBSTETRICIA,Escolarizado,https://www.dgae.unam.mx/Licenciatura2026/resultados_control/2/20300095.html,70,434,235,58,75,084724,,N,No presentada/o,,
2,Licenciatura 2026,203,20300095,ENFERMERIA Y OBSTETRICIA,FACULTAD DE ENFERMERIA Y OBSTETRICIA,Escolarizado,https://www.dgae.unam.mx/Licenciatura2026/resultados_control/2/20300095.html,70,434,235,58,75,085549,,N,No presentada/o,,
2,Licenciatura 2026,203,20300095,ENFERMERIA Y OBSTETRICIA,FACULTAD DE ENFERMERIA Y OBSTETRICIA,Escolarizado,https://www.dgae.unam.mx/Licenciatura2026/resultados_control/2/20300095.html,70,434,235,58,75,085868,44,,No seleccionada/o,,
2,Licenciatura 2026,203,20300095,ENFERMERIA Y OBSTETRICIA,FACULTAD DE ENFERMERIA Y OBSTETRICIA,Escolarizado,https://www.dgae.unam.mx/Licenciatura2026/resultados_control/2/20300095.html,70,434,235,58,75,085949,56,,No seleccionada/o,,
2,Licenciatura 2026,203,20300095,ENFERMERIA Y OBSTETRICIA,FACULTAD DE ENFERMERIA Y OBSTETRICIA,Escolarizado,https://www.dgae.unam.mx/Licenciatura2026/resultados_control/2/20300095.html,70,434,235,58,75,086352,44,,No seleccionada/o,,
2,Licenciatura 2026,203,20300095,ENFERMERIA Y OBSTETRICIA,FACULTAD DE ENFERMERIA Y OBSTETRICIA,Escolarizado,https://www.dgae.unam.mx/Licenciatura2026/resultados_control/2/20300095.html,70,434,235,58,75,086462,34,,No seleccionada/o,,
2,Licenciatura 2026,203,20300095,ENFERMERIA Y OBSTETRICIA,FACULTAD DE ENFERMERIA Y OBSTETRICIA,Escolarizado,https://www.dgae.unam.mx/Licenciatura2026/resultados_control/2/20300095.html,70,434,235,58,75,086598,50,,No seleccionada/o,,
2,Licenciatura 2026,203,20300095,ENFERMERIA Y OBSTETRICIA,FACULTAD DE ENFERMERIA Y OBSTETRICIA,Escolarizado,https://www.dgae.unam.mx/Licenciatura2026/resultados_control/2/20300095.html,70,434,235,58,75,086975,64,S,Seleccionada/o,,
2,Licenciatura 2026,203,20300095,ENFERMERIA Y OBSTETRICIA,FACULTAD DE ENFERMERIA Y OBSTETRICIA,Escolarizado,https://www.dgae.unam.mx/Licenciatura2026/resultados_control/2/20300095.html,70,434,235,58,75,087129,60,S,Seleccionada/o,Cita para entregar documentación.,
2,Licenciatura 2026,203,20300095,ENFERMERIA Y OBSTETRICIA,FACULTAD DE ENFERMERIA Y OBSTETRICIA,Escolarizado,https://www.dgae.unam.mx/Licenciatura2026/resultados_control/2/20300095.html,70,434,235,58,75,087232,42,,No seleccionada/o,,
2,Licenciatura 2026,203,20300095,ENFERMERIA Y OBSTETRICIA,FACULTAD DE ENFERMERIA Y OBSTETRICIA,Escolarizado,https://www.dgae.unam.mx/Licenciatura2026/resultados_control/2/20300095.html,70,434,235,58,75,087358,,N,No presentada/o,,
2,Licenciatura 2026,203,20300095,ENFERMERIA Y OBSTETRICIA,FACULTAD DE ENFERMERIA Y OBSTETRICIA,Escolarizado,https://www.dgae.unam.mx/Licenciatura2026/resultados_control/2/20300095.html,70,434,235,58,75,087373,47,,No seleccionada/o,,
2,Licenciatura 2026,203,20300095,ENFERMERIA Y OBSTETRICIA,FACULTAD DE ENFERMERIA Y OBSTETRICIA,Escolarizado,https://www.dgae.unam.mx/Licenciatura2026/resultados_control/2/20300095.html,70,434,235,58,75,087957,,N,No presentada/o,,
2,Licenciatura 2026,203,20300095,ENFERMERIA Y OBSTETRICIA,FACULTAD DE ENFERMERIA Y OBSTETRICIA,Escolarizado,https://www.dgae.unam.mx/Licenciatura2026/resultados_control/2/20300095.html,70,434,235,58,75,088361,37,,No seleccionada/o,,
2,Licenciatura 2026,203,20300095,ENFERMERIA Y OBSTETRICIA,FACULTAD DE ENFERMERIA Y OBSTETRICIA,Escolarizado,https://www.dgae.unam.mx/Licenciatura2026/resultados_control/2/20300095.html,70,434,235,58,75,088896,,N,No presentada/o,,
2,Licenciatura 2026,203,20300095,ENFERMERIA Y OBSTETRICIA,FACULTAD DE ENFERMERIA Y OBSTETRICIA,Escolarizado,https://www.dgae.unam.mx/Licenciatura2026/resultados_control/2/20300095.html,70,434,235,58,75,089210,43,,No seleccionada/o,,
2,Licenciatura 2026,203,20300095,ENFERMERIA Y OBSTETRICIA,FACULTAD DE ENFERMERIA Y OBSTETRICIA,Escolarizado,https://www.dgae.unam.mx/Licenciatura2026/resultados_control/2/20300095.html,70,434,235,58,75,089244,41,,No seleccionada/o,,
2,Licenciatura 2026,203,20300095,ENFERMERIA Y OBSTETRICIA,FACULTAD DE ENFERMERIA Y OBSTETRICIA,Escolarizado,https://www.dgae.unam.mx/Licenciatura2026/resultados_control/2/20300095.html,70,434,235,58,75,089446,,N,No presentada/o,,
2,Licenciatura 2026,203,20300095,ENFERMERIA Y OBSTETRICIA,FACULTAD DE ENFERMERIA Y OBSTETRICIA,Escolarizado,https://www.dgae.unam.mx/Licenciatura2026/resultados_control/2/20300095.html,70,434,235,58,75,089516,,N,No presentada/o,,
2,Licenciatura 2026,203,20300095,ENFERMERIA Y OBSTETRICIA,FACULTAD DE ENFERMERIA Y OBSTETRICIA,Escolarizado,https://www.dgae.unam.mx/Licenciatura2026/resultados_control/2/20300095.html,70,434,235,58,75,089613,,N,No presentada/o,,
2,Licenciatura 2026,203,20300095,ENFERMERIA Y OBSTETRICIA,FACULTAD DE ENFERMERIA Y OBSTETRICIA,Escolarizado,https://www.dgae.unam.mx/Licenciatura2026/resultados_control/2/20300095.html,70,434,235,58,75,089657,,N,No presentada/o,,
2,Licenciatura 2026,203,20300095,ENFERMERIA Y OBSTETRICIA,FACULTAD DE ENFERMERIA Y OBSTETRICIA,Escolarizado,https://www.dgae.unam.mx/Licenciatura2026/resultados_control/2/20300095.html,70,434,235,58,75,089711,30,,No seleccionada/o,,
2,Licenciatura 2026,203,20300095,ENFERMERIA Y OBSTETRICIA,FACULTAD DE ENFERMERIA Y OBSTETRICIA,Escolarizado,https://www.dgae.unam.mx/Licenciatura2026/resultados_control/2/20300095.html,70,434,235,58,75,089795,,N,No presentada/o,,
2,Licenciatura 2026,203,20300095,ENFERMERIA Y OBSTETRICIA,FACULTAD DE ENFERMERIA Y OBSTETRICIA,Escolarizado,https://www.dgae.unam.mx/Licenciatura2026/resultados_control/2/20300095.html,70,434,235,58,75,089930,29,,No seleccionada/o,,
2,Licenciatura 2026,203,20300095,ENFERMERIA Y OBSTETRICIA,FACULTAD DE ENFERMERIA Y OBSTETRICIA,Escolarizado,https://www.dgae.unam.mx/Licenciatura2026/resultados_control/2/20300095.html,70,434,235,58,75,090011,,N,No presentada/o,,
2,Licenciatura 2026,203,20300095,ENFERMERIA Y OBSTETRICIA,FACULTAD DE ENFERMERIA Y OBSTETRICIA,Escolarizado,https://www.dgae.unam.mx/Licenciatura2026/resultados_control/2/20300095.html,70,434,235,58,75,090019,71,S,Seleccionada/o,Cita para entregar documentación.,
2,Licenciatura 2026,203,20300095,ENFERMERIA Y OBSTETRICIA,FACULTAD DE ENFERMERIA Y OBSTETRICIA,Escolarizado,https://www.dgae.unam.mx/Licenciatura2026/resultados_control/2/20300095.html,70,434,235,58,75,090202,88,S,Seleccionada/o,Cita para entregar documentación.,
2,Licenciatura 2026,203,20300095,ENFERMERIA Y OBSTETRICIA,FACULTAD DE ENFERMERIA Y OBSTETRICIA,Escolarizado,https://www.dgae.unam.mx/Licenciatura2026/resultados_control/2/20300095.html,70,434,235,58,75,090243,35,,No seleccionada/o,,
2,Licenciatura 2026,203,20300095,ENFERMERIA Y OBSTETRICIA,FACULTAD DE ENFERMERIA Y OBSTETRICIA,Escolarizado,https://www.dgae.unam.mx/Licenciatura2026/resultados_control/2/20300095.html,70,434,235,58,75,090339,,N,No presentada/o,,
2,Licenciatura 2026,203,20300095,ENFERMERIA Y OBSTETRICIA,FACULTAD DE ENFERMERIA Y OBSTETRICIA,Escolarizado,https://www.dgae.unam.mx/Licenciatura2026/resultados_control/2/20300095.html,70,434,235,58,75,090538,33,,No seleccionada/o,,
2,Licenciatura 2026,203,20300095,ENFERMERIA Y OBSTETRICIA,FACULTAD DE ENFERMERIA Y OBSTETRICIA,Escolarizado,https://www.dgae.unam.mx/Licenciatura2026/resultados_control/2/20300095.html,70,434,235,58,75,090634,74,S,Seleccionada/o,Cita para entregar documentación.,
2,Licenciatura 2026,203,20300095,ENFERMERIA Y OBSTETRICIA,FACULTAD DE ENFERMERIA Y OBSTETRICIA,Escolarizado,https://www.dgae.unam.mx/Licenciatura2026/resultados_control/2/20300095.html,70,434,235,58,75,090756,35,,No seleccionada/o,,
2,Licenciatura 2026,203,20300095,ENFERMERIA Y OBSTETRICIA,FACULTAD DE ENFERMERIA Y OBSTETRICIA,Escolarizado,https://www.dgae.unam.mx/Licenciatura2026/resultados_control/2/20300095.html,70,434,235,58,75,090923,49,,No seleccionada/o,,
2,Licenciatura 2026,203,20300095,ENFERMERIA Y OBSTETRICIA,FACULTAD DE ENFERMERIA Y OBSTETRICIA,Escolarizado,https://www.dgae.unam.mx/Licenciatura2026/resultados_control/2/20300095.html,70,434,235,58,75,091013,112,S,Seleccionada/o,Cita para entregar documentación.,
2,Licenciatura 2026,203,20300095,ENFERMERIA Y OBSTETRICIA,FACULTAD DE ENFERMERIA Y OBSTETRICIA,Escolarizado,https://www.dgae.unam.mx/Licenciatura2026/resultados_control/2/20300095.html,70,434,235,58,75,091051,54,,No seleccionada/o,,
2,Licenciatura 2026,203,20300095,ENFERMERIA Y OBSTETRICIA,FACULTAD DE ENFERMERIA Y OBSTETRICIA,Escolarizado,https://www.dgae.unam.mx/Licenciatura2026/resultados_control/2/20300095.html,70,434,235,58,75,091144,43,,No seleccionada/o,,
2,Licenciatura 2026,203,20300095,ENFERMERIA Y OBSTETRICIA,FACULTAD DE ENFERMERIA Y OBSTETRICIA,Escolarizado,https://www.dgae.unam.mx/Licenciatura2026/resultados_control/2/20300095.html,70,434,235,58,75,091190,63,S,Seleccionada/o,Cita para entregar documentación.,
2,Licenciatura 2026,203,20300095,ENFERMERIA Y OBSTETRICIA,FACULTAD DE ENFERMERIA Y OBSTETRICIA,Escolarizado,https://www.dgae.unam.mx/Licenciatura2026/resultados_control/2/20300095.html,70,434,235,58,75,091232,39,,No seleccionada/o,,
2,Licenciatura 2026,203,20300095,ENFERMERIA Y OBSTETRICIA,FACULTAD DE ENFERMERIA Y OBSTETRICIA,Escolarizado,https://www.dgae.unam.mx/Licenciatura2026/resultados_control/2/20300095.html,70,434,235,58,75,091284,,N,No presentada/o,,
2,Licenciatura 2026,203,20300095,ENFERMERIA Y OBSTETRICIA,FACULTAD DE ENFERMERIA Y OBSTETRICIA,Escolarizado,https://www.dgae.unam.mx/Licenciatura2026/resultados_control/2/20300095.html,70,434,235,58,75,091377,,N,No presentada/o,,
2,Licenciatura 2026,203,20300095,ENFERMERIA Y OBSTETRICIA,FACULTAD DE ENFERMERIA Y OBSTETRICIA,Escolarizado,https://www.dgae.unam.mx/Licenciatura2026/resultados_control/2/20300095.html,70,434,235,58,75,091486,,N,No presentada/o,,
2,Licenciatura 2026,203,20300095,ENFERMERIA Y OBSTETRICIA,FACULTAD DE ENFERMERIA Y OBSTETRICIA,Escolarizado,https://www.dgae.unam.mx/Licenciatura2026/resultados_control/2/20300095.html,70,434,235,58,75,091709,,N,No presentada/o,,
2,Licenciatura 2026,203,20300095,ENFERMERIA Y OBSTETRICIA,FACULTAD DE ENFERMERIA Y OBSTETRICIA,Escolarizado,https://www.dgae.unam.mx/Licenciatura2026/resultados_control/2/20300095.html,70,434,235,58,75,091947,47,,No seleccionada/o,,
2,Licenciatura 2026,203,20300095,ENFERMERIA Y OBSTETRICIA,FACULTAD DE ENFERMERIA Y OBSTETRICIA,Escolarizado,https://www.dgae.unam.mx/Licenciatura2026/resultados_control/2/20300095.html,70,434,235,58,75,092036,,N,No presentada/o,,
2,Licenciatura 2026,203,20300095,ENFERMERIA Y OBSTETRICIA,FACULTAD DE ENFERMERIA Y OBSTETRICIA,Escolarizado,https://www.dgae.unam.mx/Licenciatura2026/resultados_control/2/20300095.html,70,434,235,58,75,092356,,N,No presentada/o,,
2,Licenciatura 2026,203,20300095,ENFERMERIA Y OBSTETRICIA,FACULTAD DE ENFERMERIA Y OBSTETRICIA,Escolarizado,https://www.dgae.unam.mx/Licenciatura2026/resultados_control/2/20300095.html,70,434,235,58,75,092766,35,,No seleccionada/o,,
2,Licenciatura 2026,203,20300095,ENFERMERIA Y OBSTETRICIA,FACULTAD DE ENFERMERIA Y OBSTETRICIA,Escolarizado,https://www.dgae.unam.mx/Licenciatura2026/resultados_control/2/20300095.html,70,434,235,58,75,092884,35,,No seleccionada/o,,
2,Licenciatura 2026,203,20300095,ENFERMERIA Y OBSTETRICIA,FACULTAD DE ENFERMERIA Y OBSTETRICIA,Escolarizado,https://www.dgae.unam.mx/Licenciatura2026/resultados_control/2/20300095.html,70,434,235,58,75,093040,75,S,Seleccionada/o,Cita para entregar documentación.,
2,Licenciatura 2026,203,20300095,ENFERMERIA Y OBSTETRICIA,FACULTAD DE ENFERMERIA Y OBSTETRICIA,Escolarizado,https://www.dgae.unam.mx/Licenciatura2026/resultados_control/2/20300095.html,70,434,235,58,75,093125,,N,No presentada/o,,
2,Licenciatura 2026,203,20300095,ENFERMERIA Y OBSTETRICIA,FACULTAD DE ENFERMERIA Y OBSTETRICIA,Escolarizado,https://www.dgae.unam.mx/Licenciatura2026/resultados_control/2/20300095.html,70,434,235,58,75,093313,,N,No presentada/o,,
2,Licenciatura 2026,203,20300095,ENFERMERIA Y OBSTETRICIA,FACULTAD DE ENFERMERIA Y OBSTETRICIA,Escolarizado,https://www.dgae.unam.mx/Licenciatura2026/resultados_control/2/20300095.html,70,434,235,58,75,093527,37,,No seleccionada/o,,
2,Licenciatura 2026,203,20300095,ENFERMERIA Y OBSTETRICIA,FACULTAD DE ENFERMERIA Y OBSTETRICIA,Escolarizado,https://www.dgae.unam.mx/Licenciatura2026/resultados_control/2/20300095.html,70,434,235,58,75,093555,,N,No presentada/o,,
2,Licenciatura 2026,203,20300095,ENFERMERIA Y OBSTETRICIA,FACULTAD DE ENFERMERIA Y OBSTETRICIA,Escolarizado,https://www.dgae.unam.mx/Licenciatura2026/resultados_control/2/20300095.html,70,434,235,58,75,093829,,N,No presentada/o,,
2,Licenciatura 2026,203,20300095,ENFERMERIA Y OBSTETRICIA,FACULTAD DE ENFERMERIA Y OBSTETRICIA,Escolarizado,https://www.dgae.unam.mx/Licenciatura2026/resultados_control/2/20300095.html,70,434,235,58,75,094014,71,S,Seleccionada/o,Cita para entregar documentación.,
2,Licenciatura 2026,203,20300095,ENFERMERIA Y OBSTETRICIA,FACULTAD DE ENFERMERIA Y OBSTETRICIA,Escolarizado,https://www.dgae.unam.mx/Licenciatura2026/resultados_control/2/20300095.html,70,434,235,58,75,094275,,N,No presentada/o,,
2,Licenciatura 2026,203,20300095,ENFERMERIA Y OBSTETRICIA,FACULTAD DE ENFERMERIA Y OBSTETRICIA,Escolarizado,https://www.dgae.unam.mx/Licenciatura2026/resultados_control/2/20300095.html,70,434,235,58,75,094361,,N,No presentada/o,,
2,Licenciatura 2026,203,20300095,ENFERMERIA Y OBSTETRICIA,FACULTAD DE ENFERMERIA Y OBSTETRICIA,Escolarizado,https://www.dgae.unam.mx/Licenciatura2026/resultados_control/2/20300095.html,70,434,235,58,75,094583,32,,No seleccionada/o,,
2,Licenciatura 2026,203,20300095,ENFERMERIA Y OBSTETRICIA,FACULTAD DE ENFERMERIA Y OBSTETRICIA,Escolarizado,https://www.dgae.unam.mx/Licenciatura2026/resultados_control/2/20300095.html,70,434,235,58,75,094672,,S,Seleccionada/o,Cita para aclarar situación escolar.,
2,Licenciatura 2026,203,20300095,ENFERMERIA Y OBSTETRICIA,FACULTAD DE ENFERMERIA Y OBSTETRICIA,Escolarizado,https://www.dgae.unam.mx/Licenciatura2026/resultados_control/2/20300095.html,70,434,235,58,75,094807,44,,No seleccionada/o,,
2,Licenciatura 2026,203,20300095,ENFERMERIA Y OBSTETRICIA,FACULTAD DE ENFERMERIA Y OBSTETRICIA,Escolarizado,https://www.dgae.unam.mx/Licenciatura2026/resultados_control/2/20300095.html,70,434,235,58,75,094903,58,S,Seleccionada/o,Cita para entregar documentación.,
2,Licenciatura 2026,203,20300095,ENFERMERIA Y OBSTETRICIA,FACULTAD DE ENFERMERIA Y OBSTETRICIA,Escolarizado,https://www.dgae.unam.mx/Licenciatura2026/resultados_control/2/20300095.html,70,434,235,58,75,095406,,N,No presentada/o,,
2,Licenciatura 2026,203,20300095,ENFERMERIA Y OBSTETRICIA,FACULTAD DE ENFERMERIA Y OBSTETRICIA,Escolarizado,https://www.dgae.unam.mx/Licenciatura2026/resultados_control/2/20300095.html,70,434,235,58,75,095983,,N,No presentada/o,,
2,Licenciatura 2026,203,20300095,ENFERMERIA Y OBSTETRICIA,FACULTAD DE ENFERMERIA Y OBSTETRICIA,Escolarizado,https://www.dgae.unam.mx/Licenciatura2026/resultados_control/2/20300095.html,70,434,235,58,75,096109,,N,No presentada/o,,
2,Licenciatura 2026,203,20300095,ENFERMERIA Y OBSTETRICIA,FACULTAD DE ENFERMERIA Y OBSTETRICIA,Escolarizado,https://www.dgae.unam.mx/Licenciatura2026/resultados_control/2/20300095.html,70,434,235,58,75,096152,55,,No seleccionada/o,,
2,Licenciatura 2026,203,20300095,ENFERMERIA Y OBSTETRICIA,FACULTAD DE ENFERMERIA Y OBSTETRICIA,Escolarizado,https://www.dgae.unam.mx/Licenciatura2026/resultados_control/2/20300095.html,70,434,235,58,75,096459,53,,No seleccionada/o,,
2,Licenciatura 2026,203,20300095,ENFERMERIA Y OBSTETRICIA,FACULTAD DE ENFERMERIA Y OBSTETRICIA,Escolarizado,https://www.dgae.unam.mx/Licenciatura2026/resultados_control/2/20300095.html,70,434,235,58,75,096540,77,S,Seleccionada/o,Cita para entregar documentación.,
2,Licenciatura 2026,203,20300095,ENFERMERIA Y OBSTETRICIA,FACULTAD DE ENFERMERIA Y OBSTETRICIA,Escolarizado,https://www.dgae.unam.mx/Licenciatura2026/resultados_control/2/20300095.html,70,434,235,58,75,096585,,N,No presentada/o,,
2,Licenciatura 2026,203,20300095,ENFERMERIA Y OBSTETRICIA,FACULTAD DE ENFERMERIA Y OBSTETRICIA,Escolarizado,https://www.dgae.unam.mx/Licenciatura2026/resultados_control/2/20300095.html,70,434,235,58,75,096741,,N,No presentada/o,,
2,Licenciatura 2026,203,20300095,ENFERMERIA Y OBSTETRICIA,FACULTAD DE ENFERMERIA Y OBSTETRICIA,Escolarizado,https://www.dgae.unam.mx/Licenciatura2026/resultados_control/2/20300095.html,70,434,235,58,75,096817,,N,No presentada/o,,
2,Licenciatura 2026,203,20300095,ENFERMERIA Y OBSTETRICIA,FACULTAD DE ENFERMERIA Y OBSTETRICIA,Escolarizado,https://www.dgae.unam.mx/Licenciatura2026/resultados_control/2/20300095.html,70,434,235,58,75,096882,61,S,Seleccionada/o,,
2,Licenciatura 2026,203,20300095,ENFERMERIA Y OBSTETRICIA,FACULTAD DE ENFERMERIA Y OBSTETRICIA,Escolarizado,https://www.dgae.unam.mx/Licenciatura2026/resultados_control/2/20300095.html,70,434,235,58,75,097031,41,,No seleccionada/o,,
2,Licenciatura 2026,203,20300095,ENFERMERIA Y OBSTETRICIA,FACULTAD DE ENFERMERIA Y OBSTETRICIA,Escolarizado,https://www.dgae.unam.mx/Licenciatura2026/resultados_control/2/20300095.html,70,434,235,58,75,097328,58,S,Seleccionada/o,Cita para entregar documentación.,
2,Licenciatura 2026,203,20300095,ENFERMERIA Y OBSTETRICIA,FACULTAD DE ENFERMERIA Y OBSTETRICIA,Escolarizado,https://www.dgae.unam.mx/Licenciatura2026/resultados_control/2/20300095.html,70,434,235,58,75,097422,67,S,Seleccionada/o,Cita para entregar documentación.,
2,Licenciatura 2026,203,20300095,ENFERMERIA Y OBSTETRICIA,FACULTAD DE ENFERMERIA Y OBSTETRICIA,Escolarizado,https://www.dgae.unam.mx/Licenciatura2026/resultados_control/2/20300095.html,70,434,235,58,75,097523,64,S,Seleccionada/o,Cita para entregar documentación.,
2,Licenciatura 2026,203,20300095,ENFERMERIA Y OBSTETRICIA,FACULTAD DE ENFERMERIA Y OBSTETRICIA,Escolarizado,https://www.dgae.unam.mx/Licenciatura2026/resultados_control/2/20300095.html,70,434,235,58,75,097528,,N,No presentada/o,,
2,Licenciatura 2026,203,20300095,ENFERMERIA Y OBSTETRICIA,FACULTAD DE ENFERMERIA Y OBSTETRICIA,Escolarizado,https://www.dgae.unam.mx/Licenciatura2026/resultados_control/2/20300095.html,70,434,235,58,75,097573,,N,No presentada/o,,
2,Licenciatura 2026,203,20300095,ENFERMERIA Y OBSTETRICIA,FACULTAD DE ENFERMERIA Y OBSTETRICIA,Escolarizado,https://www.dgae.unam.mx/Licenciatura2026/resultados_control/2/20300095.html,70,434,235,58,75,097898,,N,No presentada/o,,
2,Licenciatura 2026,203,20300095,ENFERMERIA Y OBSTETRICIA,FACULTAD DE ENFERMERIA Y OBSTETRICIA,Escolarizado,https://www.dgae.unam.mx/Licenciatura2026/resultados_control/2/20300095.html,70,434,235,58,75,097902,46,,No seleccionada/o,,
2,Licenciatura 2026,203,20300095,ENFERMERIA Y OBSTETRICIA,FACULTAD DE ENFERMERIA Y OBSTETRICIA,Escolarizado,https://www.dgae.unam.mx/Licenciatura2026/resultados_control/2/20300095.html,70,434,235,58,75,098062,,N,No presentada/o,,
2,Licenciatura 2026,203,20300095,ENFERMERIA Y OBSTETRICIA,FACULTAD DE ENFERMERIA Y OBSTETRICIA,Escolarizado,https://www.dgae.unam.mx/Licenciatura2026/resultados_control/2/20300095.html,70,434,235,58,75,098458,32,,No seleccionada/o,,
2,Licenciatura 2026,203,20300095,ENFERMERIA Y OBSTETRICIA,FACULTAD DE ENFERMERIA Y OBSTETRICIA,Escolarizado,https://www.dgae.unam.mx/Licenciatura2026/resultados_control/2/20300095.html,70,434,235,58,75,098878,61,S,Seleccionada/o,Cita para entregar documentación.,
2,Licenciatura 2026,203,20300095,ENFERMERIA Y OBSTETRICIA,FACULTAD DE ENFERMERIA Y OBSTETRICIA,Escolarizado,https://www.dgae.unam.mx/Licenciatura2026/resultados_control/2/20300095.html,70,434,235,58,75,098913,67,S,Seleccionada/o,Cita para entregar documentación.,
2,Licenciatura 2026,203,20300095,ENFERMERIA Y OBSTETRICIA,FACULTAD DE ENFERMERIA Y OBSTETRICIA,Escolarizado,https://www.dgae.unam.mx/Licenciatura2026/resultados_control/2/20300095.html,70,434,235,58,75,098952,56,,No seleccionada/o,,
2,Licenciatura 2026,203,20300095,ENFERMERIA Y OBSTETRICIA,FACULTAD DE ENFERMERIA Y OBSTETRICIA,Escolarizado,https://www.dgae.unam.mx/Licenciatura2026/resultados_control/2/20300095.html,70,434,235,58,75,099035,,N,No presentada/o,,
2,Licenciatura 2026,203,20300095,ENFERMERIA Y OBSTETRICIA,FACULTAD DE ENFERMERIA Y OBSTETRICIA,Escolarizado,https://www.dgae.unam.mx/Licenciatura2026/resultados_control/2/20300095.html,70,434,235,58,75,099105,49,,No seleccionada/o,,
2,Licenciatura 2026,203,20300095,ENFERMERIA Y OBSTETRICIA,FACULTAD DE ENFERMERIA Y OBSTETRICIA,Escolarizado,https://www.dgae.unam.mx/Licenciatura2026/resultados_control/2/20300095.html,70,434,235,58,75,099226,,N,No presentada/o,,
2,Licenciatura 2026,203,20300095,ENFERMERIA Y OBSTETRICIA,FACULTAD DE ENFERMERIA Y OBSTETRICIA,Escolarizado,https://www.dgae.unam.mx/Licenciatura2026/resultados_control/2/20300095.html,70,434,235,58,75,099234,84,S,Seleccionada/o,Cita para entregar documentación.,
2,Licenciatura 2026,203,20300095,ENFERMERIA Y OBSTETRICIA,FACULTAD DE ENFERMERIA Y OBSTETRICIA,Escolarizado,https://www.dgae.unam.mx/Licenciatura2026/resultados_control/2/20300095.html,70,434,235,58,75,099278,,N,No presentada/o,,
2,Licenciatura 2026,203,20300095,ENFERMERIA Y OBSTETRICIA,FACULTAD DE ENFERMERIA Y OBSTETRICIA,Escolarizado,https://www.dgae.unam.mx/Licenciatura2026/resultados_control/2/20300095.html,70,434,235,58,75,099453,,N,No presentada/o,,
2,Licenciatura 2026,203,20300095,ENFERMERIA Y OBSTETRICIA,FACULTAD DE ENFERMERIA Y OBSTETRICIA,Escolarizado,https://www.dgae.unam.mx/Licenciatura2026/resultados_control/2/20300095.html,70,434,235,58,75,099667,,N,No presentada/o,,
2,Licenciatura 2026,203,20300095,ENFERMERIA Y OBSTETRICIA,FACULTAD DE ENFERMERIA Y OBSTETRICIA,Escolarizado,https://www.dgae.unam.mx/Licenciatura2026/resultados_control/2/20300095.html,70,434,235,58,75,099942,77,S,Seleccionada/o,,
2,Licenciatura 2026,203,20300095,ENFERMERIA Y OBSTETRICIA,FACULTAD DE ENFERMERIA Y OBSTETRICIA,Escolarizado,https://www.dgae.unam.mx/Licenciatura2026/resultados_control/2/20300095.html,70,434,235,58,75,100118,,N,No presentada/o,,
2,Licenciatura 2026,203,20300095,ENFERMERIA Y OBSTETRICIA,FACULTAD DE ENFERMERIA Y OBSTETRICIA,Escolarizado,https://www.dgae.unam.mx/Licenciatura2026/resultados_control/2/20300095.html,70,434,235,58,75,100859,38,,No seleccionada/o,,
2,Licenciatura 2026,203,20300095,ENFERMERIA Y OBSTETRICIA,FACULTAD DE ENFERMERIA Y OBSTETRICIA,Escolarizado,https://www.dgae.unam.mx/Licenciatura2026/resultados_control/2/20300095.html,70,434,235,58,75,101064,71,S,Seleccionada/o,Cita para entregar documentación.,
2,Licenciatura 2026,203,20300095,ENFERMERIA Y OBSTETRICIA,FACULTAD DE ENFERMERIA Y OBSTETRICIA,Escolarizado,https://www.dgae.unam.mx/Licenciatura2026/resultados_control/2/20300095.html,70,434,235,58,75,101088,45,,No seleccionada/o,,
2,Licenciatura 2026,203,20300095,ENFERMERIA Y OBSTETRICIA,FACULTAD DE ENFERMERIA Y OBSTETRICIA,Escolarizado,https://www.dgae.unam.mx/Licenciatura2026/resultados_control/2/20300095.html,70,434,235,58,75,101200,50,,No seleccionada/o,,
2,Licenciatura 2026,203,20300095,ENFERMERIA Y OBSTETRICIA,FACULTAD DE ENFERMERIA Y OBSTETRICIA,Escolarizado,https://www.dgae.unam.mx/Licenciatura2026/resultados_control/2/20300095.html,70,434,235,58,75,101267,,N,No presentada/o,,
2,Licenciatura 2026,203,20300095,ENFERMERIA Y OBSTETRICIA,FACULTAD DE ENFERMERIA Y OBSTETRICIA,Escolarizado,https://www.dgae.unam.mx/Licenciatura2026/resultados_control/2/20300095.html,70,434,235,58,75,101557,41,,No seleccionada/o,,
2,Licenciatura 2026,203,20300095,ENFERMERIA Y OBSTETRICIA,FACULTAD DE ENFERMERIA Y OBSTETRICIA,Escolarizado,https://www.dgae.unam.mx/Licenciatura2026/resultados_control/2/20300095.html,70,434,235,58,75,101948,,N,No presentada/o,,
2,Licenciatura 2026,203,20300095,ENFERMERIA Y OBSTETRICIA,FACULTAD DE ENFERMERIA Y OBSTETRICIA,Escolarizado,https://www.dgae.unam.mx/Licenciatura2026/resultados_control/2/20300095.html,70,434,235,58,75,102154,39,,No seleccionada/o,,
2,Licenciatura 2026,203,20300095,ENFERMERIA Y OBSTETRICIA,FACULTAD DE ENFERMERIA Y OBSTETRICIA,Escolarizado,https://www.dgae.unam.mx/Licenciatura2026/resultados_control/2/20300095.html,70,434,235,58,75,102166,,N,No presentada/o,,
2,Licenciatura 2026,203,20300095,ENFERMERIA Y OBSTETRICIA,FACULTAD DE ENFERMERIA Y OBSTETRICIA,Escolarizado,https://www.dgae.unam.mx/Licenciatura2026/resultados_control/2/20300095.html,70,434,235,58,75,102231,,N,No presentada/o,,
2,Licenciatura 2026,203,20300095,ENFERMERIA Y OBSTETRICIA,FACULTAD DE ENFERMERIA Y OBSTETRICIA,Escolarizado,https://www.dgae.unam.mx/Licenciatura2026/resultados_control/2/20300095.html,70,434,235,58,75,102269,,N,No presentada/o,,
2,Licenciatura 2026,203,20300095,ENFERMERIA Y OBSTETRICIA,FACULTAD DE ENFERMERIA Y OBSTETRICIA,Escolarizado,https://www.dgae.unam.mx/Licenciatura2026/resultados_control/2/20300095.html,70,434,235,58,75,102278,,N,No presentada/o,,
2,Licenciatura 2026,203,20300095,ENFERMERIA Y OBSTETRICIA,FACULTAD DE ENFERMERIA Y OBSTETRICIA,Escolarizado,https://www.dgae.unam.mx/Licenciatura2026/resultados_control/2/20300095.html,70,434,235,58,75,102283,56,,No seleccionada/o,,
2,Licenciatura 2026,203,20300095,ENFERMERIA Y OBSTETRICIA,FACULTAD DE ENFERMERIA Y OBSTETRICIA,Escolarizado,https://www.dgae.unam.mx/Licenciatura2026/resultados_control/2/20300095.html,70,434,235,58,75,102620,64,S,Seleccionada/o,Cita para entregar documentación.,
2,Licenciatura 2026,203,20300095,ENFERMERIA Y OBSTETRICIA,FACULTAD DE ENFERMERIA Y OBSTETRICIA,Escolarizado,https://www.dgae.unam.mx/Licenciatura2026/resultados_control/2/20300095.html,70,434,235,58,75,102640,,N,No presentada/o,,
2,Licenciatura 2026,203,20300095,ENFERMERIA Y OBSTETRICIA,FACULTAD DE ENFERMERIA Y OBSTETRICIA,Escolarizado,https://www.dgae.unam.mx/Licenciatura2026/resultados_control/2/20300095.html,70,434,235,58,75,102702,,N,No presentada/o,,
2,Licenciatura 2026,203,20300095,ENFERMERIA Y OBSTETRICIA,FACULTAD DE ENFERMERIA Y OBSTETRICIA,Escolarizado,https://www.dgae.unam.mx/Licenciatura2026/resultados_control/2/20300095.html,70,434,235,58,75,102715,38,,No seleccionada/o,,
2,Licenciatura 2026,203,20300095,ENFERMERIA Y OBSTETRICIA,FACULTAD DE ENFERMERIA Y OBSTETRICIA,Escolarizado,https://www.dgae.unam.mx/Licenciatura2026/resultados_control/2/20300095.html,70,434,235,58,75,102782,43,,No seleccionada/o,,
2,Licenciatura 2026,203,20300095,ENFERMERIA Y OBSTETRICIA,FACULTAD DE ENFERMERIA Y OBSTETRICIA,Escolarizado,https://www.dgae.unam.mx/Licenciatura2026/resultados_control/2/20300095.html,70,434,235,58,75,103215,73,S,Seleccionada/o,Cita para entregar documentación.,
2,Licenciatura 2026,203,20300095,ENFERMERIA Y OBSTETRICIA,FACULTAD DE ENFERMERIA Y OBSTETRICIA,Escolarizado,https://www.dgae.unam.mx/Licenciatura2026/resultados_control/2/20300095.html,70,434,235,58,75,103288,34,,No seleccionada/o,,
2,Licenciatura 2026,203,20300095,ENFERMERIA Y OBSTETRICIA,FACULTAD DE ENFERMERIA Y OBSTETRICIA,Escolarizado,https://www.dgae.unam.mx/Licenciatura2026/resultados_control/2/20300095.html,70,434,235,58,75,103317,48,,No seleccionada/o,,
2,Licenciatura 2026,203,20300095,ENFERMERIA Y OBSTETRICIA,FACULTAD DE ENFERMERIA Y OBSTETRICIA,Escolarizado,https://www.dgae.unam.mx/Licenciatura2026/resultados_control/2/20300095.html,70,434,235,58,75,103418,,N,No presentada/o,,
2,Licenciatura 2026,203,20300095,ENFERMERIA Y OBSTETRICIA,FACULTAD DE ENFERMERIA Y OBSTETRICIA,Escolarizado,https://www.dgae.unam.mx/Licenciatura2026/resultados_control/2/20300095.html,70,434,235,58,75,103567,79,S,Seleccionada/o,Cita para entregar documentación.,
2,Licenciatura 2026,203,20300095,ENFERMERIA Y OBSTETRICIA,FACULTAD DE ENFERMERIA Y OBSTETRICIA,Escolarizado,https://www.dgae.unam.mx/Licenciatura2026/resultados_control/2/20300095.html,70,434,235,58,75,103758,,N,No presentada/o,,
2,Licenciatura 2026,203,20300095,ENFERMERIA Y OBSTETRICIA,FACULTAD DE ENFERMERIA Y OBSTETRICIA,Escolarizado,https://www.dgae.unam.mx/Licenciatura2026/resultados_control/2/20300095.html,70,434,235,58,75,103970,26,,No seleccionada/o,,
2,Licenciatura 2026,203,20300095,ENFERMERIA Y OBSTETRICIA,FACULTAD DE ENFERMERIA Y OBSTETRICIA,Escolarizado,https://www.dgae.unam.mx/Licenciatura2026/resultados_control/2/20300095.html,70,434,235,58,75,104436,23,,No seleccionada/o,,
2,Licenciatura 2026,203,20300095,ENFERMERIA Y OBSTETRICIA,FACULTAD DE ENFERMERIA Y OBSTETRICIA,Escolarizado,https://www.dgae.unam.mx/Licenciatura2026/resultados_control/2/20300095.html,70,434,235,58,75,104823,55,,No seleccionada/o,,
2,Licenciatura 2026,203,20300095,ENFERMERIA Y OBSTETRICIA,FACULTAD DE ENFERMERIA Y OBSTETRICIA,Escolarizado,https://www.dgae.unam.mx/Licenciatura2026/resultados_control/2/20300095.html,70,434,235,58,75,104917,,N,No presentada/o,,
2,Licenciatura 2026,203,20300095,ENFERMERIA Y OBSTETRICIA,FACULTAD DE ENFERMERIA Y OBSTETRICIA,Escolarizado,https://www.dgae.unam.mx/Licenciatura2026/resultados_control/2/20300095.html,70,434,235,58,75,105145,60,S,Seleccionada/o,Cita para entregar documentación.,
2,Licenciatura 2026,203,20300095,ENFERMERIA Y OBSTETRICIA,FACULTAD DE ENFERMERIA Y OBSTETRICIA,Escolarizado,https://www.dgae.unam.mx/Licenciatura2026/resultados_control/2/20300095.html,70,434,235,58,75,105193,41,,No seleccionada/o,,
2,Licenciatura 2026,203,20300095,ENFERMERIA Y OBSTETRICIA,FACULTAD DE ENFERMERIA Y OBSTETRICIA,Escolarizado,https://www.dgae.unam.mx/Licenciatura2026/resultados_control/2/20300095.html,70,434,235,58,75,105308,52,,No seleccionada/o,,
2,Licenciatura 2026,203,20300095,ENFERMERIA Y OBSTETRICIA,FACULTAD DE ENFERMERIA Y OBSTETRICIA,Escolarizado,https://www.dgae.unam.mx/Licenciatura2026/resultados_control/2/20300095.html,70,434,235,58,75,105813,39,,No seleccionada/o,,
2,Licenciatura 2026,203,20300095,ENFERMERIA Y OBSTETRICIA,FACULTAD DE ENFERMERIA Y OBSTETRICIA,Escolarizado,https://www.dgae.unam.mx/Licenciatura2026/resultados_control/2/20300095.html,70,434,235,58,75,105853,51,,No seleccionada/o,,
2,Licenciatura 2026,203,20300095,ENFERMERIA Y OBSTETRICIA,FACULTAD DE ENFERMERIA Y OBSTETRICIA,Escolarizado,https://www.dgae.unam.mx/Licenciatura2026/resultados_control/2/20300095.html,70,434,235,58,75,106012,35,,No seleccionada/o,,
2,Licenciatura 2026,203,20300095,ENFERMERIA Y OBSTETRICIA,FACULTAD DE ENFERMERIA Y OBSTETRICIA,Escolarizado,https://www.dgae.unam.mx/Licenciatura2026/resultados_control/2/20300095.html,70,434,235,58,75,106123,49,,No seleccionada/o,,
2,Licenciatura 2026,203,20300095,ENFERMERIA Y OBSTETRICIA,FACULTAD DE ENFERMERIA Y OBSTETRICIA,Escolarizado,https://www.dgae.unam.mx/Licenciatura2026/resultados_control/2/20300095.html,70,434,235,58,75,106531,,N,No presentada/o,,
2,Licenciatura 2026,203,20300095,ENFERMERIA Y OBSTETRICIA,FACULTAD DE ENFERMERIA Y OBSTETRICIA,Escolarizado,https://www.dgae.unam.mx/Licenciatura2026/resultados_control/2/20300095.html,70,434,235,58,75,106696,81,S,Seleccionada/o,Cita para entregar documentación.,
2,Licenciatura 2026,203,20300095,ENFERMERIA Y OBSTETRICIA,FACULTAD DE ENFERMERIA Y OBSTETRICIA,Escolarizado,https://www.dgae.unam.mx/Licenciatura2026/resultados_control/2/20300095.html,70,434,235,58,75,106988,40,,No seleccionada/o,,
2,Licenciatura 2026,203,20300095,ENFERMERIA Y OBSTETRICIA,FACULTAD DE ENFERMERIA Y OBSTETRICIA,Escolarizado,https://www.dgae.unam.mx/Licenciatura2026/resultados_control/2/20300095.html,70,434,235,58,75,106990,62,S,Seleccionada/o,Cita para entregar documentación.,
2,Licenciatura 2026,203,20300095,ENFERMERIA Y OBSTETRICIA,FACULTAD DE ENFERMERIA Y OBSTETRICIA,Escolarizado,https://www.dgae.unam.mx/Licenciatura2026/resultados_control/2/20300095.html,70,434,235,58,75,107007,,N,No presentada/o,,
2,Licenciatura 2026,203,20300095,ENFERMERIA Y OBSTETRICIA,FACULTAD DE ENFERMERIA Y OBSTETRICIA,Escolarizado,https://www.dgae.unam.mx/Licenciatura2026/resultados_control/2/20300095.html,70,434,235,58,75,107031,,N,No presentada/o,,
2,Licenciatura 2026,203,20300095,ENFERMERIA Y OBSTETRICIA,FACULTAD DE ENFERMERIA Y OBSTETRICIA,Escolarizado,https://www.dgae.unam.mx/Licenciatura2026/resultados_control/2/20300095.html,70,434,235,58,75,107037,66,S,Seleccionada/o,Cita para entregar documentación.,
2,Licenciatura 2026,203,20300095,ENFERMERIA Y OBSTETRICIA,FACULTAD DE ENFERMERIA Y OBSTETRICIA,Escolarizado,https://www.dgae.unam.mx/Licenciatura2026/resultados_control/2/20300095.html,70,434,235,58,75,107090,67,S,Seleccionada/o,Cita para entregar documentación.,
2,Licenciatura 2026,203,20300095,ENFERMERIA Y OBSTETRICIA,FACULTAD DE ENFERMERIA Y OBSTETRICIA,Escolarizado,https://www.dgae.unam.mx/Licenciatura2026/resultados_control/2/20300095.html,70,434,235,58,75,107457,,N,No presentada/o,,
2,Licenciatura 2026,203,20300095,ENFERMERIA Y OBSTETRICIA,FACULTAD DE ENFERMERIA Y OBSTETRICIA,Escolarizado,https://www.dgae.unam.mx/Licenciatura2026/resultados_control/2/20300095.html,70,434,235,58,75,107701,55,,No seleccionada/o,,
2,Licenciatura 2026,203,20300095,ENFERMERIA Y OBSTETRICIA,FACULTAD DE ENFERMERIA Y OBSTETRICIA,Escolarizado,https://www.dgae.unam.mx/Licenciatura2026/resultados_control/2/20300095.html,70,434,235,58,75,107968,,N,No presentada/o,,
2,Licenciatura 2026,203,20300095,ENFERMERIA Y OBSTETRICIA,FACULTAD DE ENFERMERIA Y OBSTETRICIA,Escolarizado,https://www.dgae.unam.mx/Licenciatura2026/resultados_control/2/20300095.html,70,434,235,58,75,108214,54,,No seleccionada/o,,
2,Licenciatura 2026,203,20300095,ENFERMERIA Y OBSTETRICIA,FACULTAD DE ENFERMERIA Y OBSTETRICIA,Escolarizado,https://www.dgae.unam.mx/Licenciatura2026/resultados_control/2/20300095.html,70,434,235,58,75,108256,48,,No seleccionada/o,,
2,Licenciatura 2026,203,20300095,ENFERMERIA Y OBSTETRICIA,FACULTAD DE ENFERMERIA Y OBSTETRICIA,Escolarizado,https://www.dgae.unam.mx/Licenciatura2026/resultados_control/2/20300095.html,70,434,235,58,75,108385,35,,No seleccionada/o,,
2,Licenciatura 2026,203,20300095,ENFERMERIA Y OBSTETRICIA,FACULTAD DE ENFERMERIA Y OBSTETRICIA,Escolarizado,https://www.dgae.unam.mx/Licenciatura2026/resultados_control/2/20300095.html,70,434,235,58,75,108562,,N,No presentada/o,,
2,Licenciatura 2026,203,20300095,ENFERMERIA Y OBSTETRICIA,FACULTAD DE ENFERMERIA Y OBSTETRICIA,Escolarizado,https://www.dgae.unam.mx/Licenciatura2026/resultados_control/2/20300095.html,70,434,235,58,75,108626,37,,No seleccionada/o,,
2,Licenciatura 2026,203,20300095,ENFERMERIA Y OBSTETRICIA,FACULTAD DE ENFERMERIA Y OBSTETRICIA,Escolarizado,https://www.dgae.unam.mx/Licenciatura2026/resultados_control/2/20300095.html,70,434,235,58,75,108667,54,,No seleccionada/o,,
2,Licenciatura 2026,203,20300095,ENFERMERIA Y OBSTETRICIA,FACULTAD DE ENFERMERIA Y OBSTETRICIA,Escolarizado,https://www.dgae.unam.mx/Licenciatura2026/resultados_control/2/20300095.html,70,434,235,58,75,108738,38,,No seleccionada/o,,
2,Licenciatura 2026,203,20300095,ENFERMERIA Y OBSTETRICIA,FACULTAD DE ENFERMERIA Y OBSTETRICIA,Escolarizado,https://www.dgae.unam.mx/Licenciatura2026/resultados_control/2/20300095.html,70,434,235,58,75,108768,35,,No seleccionada/o,,
2,Licenciatura 2026,203,20300095,ENFERMERIA Y OBSTETRICIA,FACULTAD DE ENFERMERIA Y OBSTETRICIA,Escolarizado,https://www.dgae.unam.mx/Licenciatura2026/resultados_control/2/20300095.html,70,434,235,58,75,108770,52,,No seleccionada/o,,
2,Licenciatura 2026,203,20300095,ENFERMERIA Y OBSTETRICIA,FACULTAD DE ENFERMERIA Y OBSTETRICIA,Escolarizado,https://www.dgae.unam.mx/Licenciatura2026/resultados_control/2/20300095.html,70,434,235,58,75,109286,42,,No seleccionada/o,,
2,Licenciatura 2026,203,20300095,ENFERMERIA Y OBSTETRICIA,FACULTAD DE ENFERMERIA Y OBSTETRICIA,Escolarizado,https://www.dgae.unam.mx/Licenciatura2026/resultados_control/2/20300095.html,70,434,235,58,75,109716,,N,No presentada/o,,
2,Licenciatura 2026,203,20300095,ENFERMERIA Y OBSTETRICIA,FACULTAD DE ENFERMERIA Y OBSTETRICIA,Escolarizado,https://www.dgae.unam.mx/Licenciatura2026/resultados_control/2/20300095.html,70,434,235,58,75,109720,,N,No presentada/o,,
2,Licenciatura 2026,203,20300095,ENFERMERIA Y OBSTETRICIA,FACULTAD DE ENFERMERIA Y OBSTETRICIA,Escolarizado,https://www.dgae.unam.mx/Licenciatura2026/resultados_control/2/20300095.html,70,434,235,58,75,109740,46,,No seleccionada/o,,
2,Licenciatura 2026,203,20300095,ENFERMERIA Y OBSTETRICIA,FACULTAD DE ENFERMERIA Y OBSTETRICIA,Escolarizado,https://www.dgae.unam.mx/Licenciatura2026/resultados_control/2/20300095.html,70,434,235,58,75,109801,,N,No presentada/o,,
2,Licenciatura 2026,203,20300095,ENFERMERIA Y OBSTETRICIA,FACULTAD DE ENFERMERIA Y OBSTETRICIA,Escolarizado,https://www.dgae.unam.mx/Licenciatura2026/resultados_control/2/20300095.html,70,434,235,58,75,110092,,N,No presentada/o,,
2,Licenciatura 2026,203,20300095,ENFERMERIA Y OBSTETRICIA,FACULTAD DE ENFERMERIA Y OBSTETRICIA,Escolarizado,https://www.dgae.unam.mx/Licenciatura2026/resultados_control/2/20300095.html,70,434,235,58,75,110144,,N,No presentada/o,,
2,Licenciatura 2026,203,20300095,ENFERMERIA Y OBSTETRICIA,FACULTAD DE ENFERMERIA Y OBSTETRICIA,Escolarizado,https://www.dgae.unam.mx/Licenciatura2026/resultados_control/2/20300095.html,70,434,235,58,75,110212,45,,No seleccionada/o,,
2,Licenciatura 2026,203,20300095,ENFERMERIA Y OBSTETRICIA,FACULTAD DE ENFERMERIA Y OBSTETRICIA,Escolarizado,https://www.dgae.unam.mx/Licenciatura2026/resultados_control/2/20300095.html,70,434,235,58,75,110637,,N,No presentada/o,,
2,Licenciatura 2026,203,20300095,ENFERMERIA Y OBSTETRICIA,FACULTAD DE ENFERMERIA Y OBSTETRICIA,Escolarizado,https://www.dgae.unam.mx/Licenciatura2026/resultados_control/2/20300095.html,70,434,235,58,75,110696,,N,No presentada/o,,
2,Licenciatura 2026,203,20300095,ENFERMERIA Y OBSTETRICIA,FACULTAD DE ENFERMERIA Y OBSTETRICIA,Escolarizado,https://www.dgae.unam.mx/Licenciatura2026/resultados_control/2/20300095.html,70,434,235,58,75,110815,,N,No presentada/o,,
2,Licenciatura 2026,203,20300095,ENFERMERIA Y OBSTETRICIA,FACULTAD DE ENFERMERIA Y OBSTETRICIA,Escolarizado,https://www.dgae.unam.mx/Licenciatura2026/resultados_control/2/20300095.html,70,434,235,58,75,110825,50,,No seleccionada/o,,
2,Licenciatura 2026,203,20300095,ENFERMERIA Y OBSTETRICIA,FACULTAD DE ENFERMERIA Y OBSTETRICIA,Escolarizado,https://www.dgae.unam.mx/Licenciatura2026/resultados_control/2/20300095.html,70,434,235,58,75,110890,52,,No seleccionada/o,,
2,Licenciatura 2026,203,20300095,ENFERMERIA Y OBSTETRICIA,FACULTAD DE ENFERMERIA Y OBSTETRICIA,Escolarizado,https://www.dgae.unam.mx/Licenciatura2026/resultados_control/2/20300095.html,70,434,235,58,75,111571,,N,No presentada/o,,
2,Licenciatura 2026,203,20300095,ENFERMERIA Y OBSTETRICIA,FACULTAD DE ENFERMERIA Y OBSTETRICIA,Escolarizado,https://www.dgae.unam.mx/Licenciatura2026/resultados_control/2/20300095.html,70,434,235,58,75,111897,,N,No presentada/o,,
2,Licenciatura 2026,203,20300095,ENFERMERIA Y OBSTETRICIA,FACULTAD DE ENFERMERIA Y OBSTETRICIA,Escolarizado,https://www.dgae.unam.mx/Licenciatura2026/resultados_control/2/20300095.html,70,434,235,58,75,112021,32,,No seleccionada/o,,
2,Licenciatura 2026,203,20300095,ENFERMERIA Y OBSTETRICIA,FACULTAD DE ENFERMERIA Y OBSTETRICIA,Escolarizado,https://www.dgae.unam.mx/Licenciatura2026/resultados_control/2/20300095.html,70,434,235,58,75,112039,54,,No seleccionada/o,,
2,Licenciatura 2026,203,20300095,ENFERMERIA Y OBSTETRICIA,FACULTAD DE ENFERMERIA Y OBSTETRICIA,Escolarizado,https://www.dgae.unam.mx/Licenciatura2026/resultados_control/2/20300095.html,70,434,235,58,75,112047,49,,No seleccionada/o,,
2,Licenciatura 2026,203,20300095,ENFERMERIA Y OBSTETRICIA,FACULTAD DE ENFERMERIA Y OBSTETRICIA,Escolarizado,https://www.dgae.unam.mx/Licenciatura2026/resultados_control/2/20300095.html,70,434,235,58,75,112331,,N,No presentada/o,,
2,Licenciatura 2026,203,20300095,ENFERMERIA Y OBSTETRICIA,FACULTAD DE ENFERMERIA Y OBSTETRICIA,Escolarizado,https://www.dgae.unam.mx/Licenciatura2026/resultados_control/2/20300095.html,70,434,235,58,75,112564,,N,No presentada/o,,
2,Licenciatura 2026,203,20300095,ENFERMERIA Y OBSTETRICIA,FACULTAD DE ENFERMERIA Y OBSTETRICIA,Escolarizado,https://www.dgae.unam.mx/Licenciatura2026/resultados_control/2/20300095.html,70,434,235,58,75,112628,,N,No presentada/o,,
2,Licenciatura 2026,203,20300095,ENFERMERIA Y OBSTETRICIA,FACULTAD DE ENFERMERIA Y OBSTETRICIA,Escolarizado,https://www.dgae.unam.mx/Licenciatura2026/resultados_control/2/20300095.html,70,434,235,58,75,112799,62,S,Seleccionada/o,Cita para entregar documentación.,
2,Licenciatura 2026,203,20300095,ENFERMERIA Y OBSTETRICIA,FACULTAD DE ENFERMERIA Y OBSTETRICIA,Escolarizado,https://www.dgae.unam.mx/Licenciatura2026/resultados_control/2/20300095.html,70,434,235,58,75,112816,37,,No seleccionada/o,,
2,Licenciatura 2026,203,20300095,ENFERMERIA Y OBSTETRICIA,FACULTAD DE ENFERMERIA Y OBSTETRICIA,Escolarizado,https://www.dgae.unam.mx/Licenciatura2026/resultados_control/2/20300095.html,70,434,235,58,75,112848,64,S,Seleccionada/o,,
2,Licenciatura 2026,203,20300095,ENFERMERIA Y OBSTETRICIA,FACULTAD DE ENFERMERIA Y OBSTETRICIA,Escolarizado,https://www.dgae.unam.mx/Licenciatura2026/resultados_control/2/20300095.html,70,434,235,58,75,113011,40,,No seleccionada/o,,
2,Licenciatura 2026,203,20300095,ENFERMERIA Y OBSTETRICIA,FACULTAD DE ENFERMERIA Y OBSTETRICIA,Escolarizado,https://www.dgae.unam.mx/Licenciatura2026/resultados_control/2/20300095.html,70,434,235,58,75,113284,,N,No presentada/o,,
2,Licenciatura 2026,203,20300095,ENFERMERIA Y OBSTETRICIA,FACULTAD DE ENFERMERIA Y OBSTETRICIA,Escolarizado,https://www.dgae.unam.mx/Licenciatura2026/resultados_control/2/20300095.html,70,434,235,58,75,113490,34,,No seleccionada/o,,
2,Licenciatura 2026,203,20300095,ENFERMERIA Y OBSTETRICIA,FACULTAD DE ENFERMERIA Y OBSTETRICIA,Escolarizado,https://www.dgae.unam.mx/Licenciatura2026/resultados_control/2/20300095.html,70,434,235,58,75,113524,40,,No seleccionada/o,,
2,Licenciatura 2026,203,20300095,ENFERMERIA Y OBSTETRICIA,FACULTAD DE ENFERMERIA Y OBSTETRICIA,Escolarizado,https://www.dgae.unam.mx/Licenciatura2026/resultados_control/2/20300095.html,70,434,235,58,75,113620,50,,No seleccionada/o,,
2,Licenciatura 2026,203,20300095,ENFERMERIA Y OBSTETRICIA,FACULTAD DE ENFERMERIA Y OBSTETRICIA,Escolarizado,https://www.dgae.unam.mx/Licenciatura2026/resultados_control/2/20300095.html,70,434,235,58,75,113653,55,,No seleccionada/o,,
2,Licenciatura 2026,203,20300095,ENFERMERIA Y OBSTETRICIA,FACULTAD DE ENFERMERIA Y OBSTETRICIA,Escolarizado,https://www.dgae.unam.mx/Licenciatura2026/resultados_control/2/20300095.html,70,434,235,58,75,113781,30,,No seleccionada/o,,
2,Licenciatura 2026,203,20300095,ENFERMERIA Y OBSTETRICIA,FACULTAD DE ENFERMERIA Y OBSTETRICIA,Escolarizado,https://www.dgae.unam.mx/Licenciatura2026/resultados_control/2/20300095.html,70,434,235,58,75,114153,,N,No presentada/o,,
2,Licenciatura 2026,203,20300095,ENFERMERIA Y OBSTETRICIA,FACULTAD DE ENFERMERIA Y OBSTETRICIA,Escolarizado,https://www.dgae.unam.mx/Licenciatura2026/resultados_control/2/20300095.html,70,434,235,58,75,114200,,N,No presentada/o,,
2,Licenciatura 2026,203,20300095,ENFERMERIA Y OBSTETRICIA,FACULTAD DE ENFERMERIA Y OBSTETRICIA,Escolarizado,https://www.dgae.unam.mx/Licenciatura2026/resultados_control/2/20300095.html,70,434,235,58,75,114404,42,,No seleccionada/o,,
2,Licenciatura 2026,203,20300095,ENFERMERIA Y OBSTETRICIA,FACULTAD DE ENFERMERIA Y OBSTETRICIA,Escolarizado,https://www.dgae.unam.mx/Licenciatura2026/resultados_control/2/20300095.html,70,434,235,58,75,114592,,N,No presentada/o,,
2,Licenciatura 2026,203,20300095,ENFERMERIA Y OBSTETRICIA,FACULTAD DE ENFERMERIA Y OBSTETRICIA,Escolarizado,https://www.dgae.unam.mx/Licenciatura2026/resultados_control/2/20300095.html,70,434,235,58,75,114711,,N,No presentada/o,,
2,Licenciatura 2026,203,20300095,ENFERMERIA Y OBSTETRICIA,FACULTAD DE ENFERMERIA Y OBSTETRICIA,Escolarizado,https://www.dgae.unam.mx/Licenciatura2026/resultados_control/2/20300095.html,70,434,235,58,75,114804,39,,No seleccionada/o,,
2,Licenciatura 2026,203,20300095,ENFERMERIA Y OBSTETRICIA,FACULTAD DE ENFERMERIA Y OBSTETRICIA,Escolarizado,https://www.dgae.unam.mx/Licenciatura2026/resultados_control/2/20300095.html,70,434,235,58,75,115000,55,,No seleccionada/o,,
2,Licenciatura 2026,203,20300095,ENFERMERIA Y OBSTETRICIA,FACULTAD DE ENFERMERIA Y OBSTETRICIA,Escolarizado,https://www.dgae.unam.mx/Licenciatura2026/resultados_control/2/20300095.html,70,434,235,58,75,115010,,N,No presentada/o,,
2,Licenciatura 2026,203,20300095,ENFERMERIA Y OBSTETRICIA,FACULTAD DE ENFERMERIA Y OBSTETRICIA,Escolarizado,https://www.dgae.unam.mx/Licenciatura2026/resultados_control/2/20300095.html,70,434,235,58,75,115591,87,S,Seleccionada/o,,
2,Licenciatura 2026,203,20300095,ENFERMERIA Y OBSTETRICIA,FACULTAD DE ENFERMERIA Y OBSTETRICIA,Escolarizado,https://www.dgae.unam.mx/Licenciatura2026/resultados_control/2/20300095.html,70,434,235,58,75,115660,73,S,Seleccionada/o,,
2,Licenciatura 2026,203,20300095,ENFERMERIA Y OBSTETRICIA,FACULTAD DE ENFERMERIA Y OBSTETRICIA,Escolarizado,https://www.dgae.unam.mx/Licenciatura2026/resultados_control/2/20300095.html,70,434,235,58,75,115683,68,S,Seleccionada/o,Cita para entregar documentación.,
2,Licenciatura 2026,203,20300095,ENFERMERIA Y OBSTETRICIA,FACULTAD DE ENFERMERIA Y OBSTETRICIA,Escolarizado,https://www.dgae.unam.mx/Licenciatura2026/resultados_control/2/20300095.html,70,434,235,58,75,115757,,N,No presentada/o,,
2,Licenciatura 2026,203,20300095,ENFERMERIA Y OBSTETRICIA,FACULTAD DE ENFERMERIA Y OBSTETRICIA,Escolarizado,https://www.dgae.unam.mx/Licenciatura2026/resultados_control/2/20300095.html,70,434,235,58,75,115848,38,,No seleccionada/o,,
2,Licenciatura 2026,203,20300095,ENFERMERIA Y OBSTETRICIA,FACULTAD DE ENFERMERIA Y OBSTETRICIA,Escolarizado,https://www.dgae.unam.mx/Licenciatura2026/resultados_control/2/20300095.html,70,434,235,58,75,115948,65,S,Seleccionada/o,Cita para entregar documentación.,
2,Licenciatura 2026,203,20300095,ENFERMERIA Y OBSTETRICIA,FACULTAD DE ENFERMERIA Y OBSTETRICIA,Escolarizado,https://www.dgae.unam.mx/Licenciatura2026/resultados_control/2/20300095.html,70,434,235,58,75,116109,68,S,Seleccionada/o,Cita para entregar documentación.,
2,Licenciatura 2026,203,20300095,ENFERMERIA Y OBSTETRICIA,FACULTAD DE ENFERMERIA Y OBSTETRICIA,Escolarizado,https://www.dgae.unam.mx/Licenciatura2026/resultados_control/2/20300095.html,70,434,235,58,75,116131,47,,No seleccionada/o,,
2,Licenciatura 2026,203,20300095,ENFERMERIA Y OBSTETRICIA,FACULTAD DE ENFERMERIA Y OBSTETRICIA,Escolarizado,https://www.dgae.unam.mx/Licenciatura2026/resultados_control/2/20300095.html,70,434,235,58,75,116209,43,,No seleccionada/o,,
2,Licenciatura 2026,203,20300095,ENFERMERIA Y OBSTETRICIA,FACULTAD DE ENFERMERIA Y OBSTETRICIA,Escolarizado,https://www.dgae.unam.mx/Licenciatura2026/resultados_control/2/20300095.html,70,434,235,58,75,116237,,N,No presentada/o,,
2,Licenciatura 2026,203,20300095,ENFERMERIA Y OBSTETRICIA,FACULTAD DE ENFERMERIA Y OBSTETRICIA,Escolarizado,https://www.dgae.unam.mx/Licenciatura2026/resultados_control/2/20300095.html,70,434,235,58,75,116342,40,,No seleccionada/o,,
2,Licenciatura 2026,203,20300095,ENFERMERIA Y OBSTETRICIA,FACULTAD DE ENFERMERIA Y OBSTETRICIA,Escolarizado,https://www.dgae.unam.mx/Licenciatura2026/resultados_control/2/20300095.html,70,434,235,58,75,116551,44,,No seleccionada/o,,
2,Licenciatura 2026,203,20300095,ENFERMERIA Y OBSTETRICIA,FACULTAD DE ENFERMERIA Y OBSTETRICIA,Escolarizado,https://www.dgae.unam.mx/Licenciatura2026/resultados_control/2/20300095.html,70,434,235,58,75,116552,77,S,Seleccionada/o,Cita para entregar documentación.,
2,Licenciatura 2026,203,20300095,ENFERMERIA Y OBSTETRICIA,FACULTAD DE ENFERMERIA Y OBSTETRICIA,Escolarizado,https://www.dgae.unam.mx/Licenciatura2026/resultados_control/2/20300095.html,70,434,235,58,75,116841,,N,No presentada/o,,
2,Licenciatura 2026,203,20300095,ENFERMERIA Y OBSTETRICIA,FACULTAD DE ENFERMERIA Y OBSTETRICIA,Escolarizado,https://www.dgae.unam.mx/Licenciatura2026/resultados_control/2/20300095.html,70,434,235,58,75,116873,47,,No seleccionada/o,,
2,Licenciatura 2026,203,20300095,ENFERMERIA Y OBSTETRICIA,FACULTAD DE ENFERMERIA Y OBSTETRICIA,Escolarizado,https://www.dgae.unam.mx/Licenciatura2026/resultados_control/2/20300095.html,70,434,235,58,75,116915,,N,No presentada/o,,
2,Licenciatura 2026,203,20300095,ENFERMERIA Y OBSTETRICIA,FACULTAD DE ENFERMERIA Y OBSTETRICIA,Escolarizado,https://www.dgae.unam.mx/Licenciatura2026/resultados_control/2/20300095.html,70,434,235,58,75,116953,,N,No presentada/o,,
2,Licenciatura 2026,203,20300095,ENFERMERIA Y OBSTETRICIA,FACULTAD DE ENFERMERIA Y OBSTETRICIA,Escolarizado,https://www.dgae.unam.mx/Licenciatura2026/resultados_control/2/20300095.html,70,434,235,58,75,117252,73,S,Seleccionada/o,Cita para entregar documentación.,
2,Licenciatura 2026,203,20300095,ENFERMERIA Y OBSTETRICIA,FACULTAD DE ENFERMERIA Y OBSTETRICIA,Escolarizado,https://www.dgae.unam.mx/Licenciatura2026/resultados_control/2/20300095.html,70,434,235,58,75,117278,51,,No seleccionada/o,,
2,Licenciatura 2026,203,20300095,ENFERMERIA Y OBSTETRICIA,FACULTAD DE ENFERMERIA Y OBSTETRICIA,Escolarizado,https://www.dgae.unam.mx/Licenciatura2026/resultados_control/2/20300095.html,70,434,235,58,75,117328,,N,No presentada/o,,
2,Licenciatura 2026,203,20300095,ENFERMERIA Y OBSTETRICIA,FACULTAD DE ENFERMERIA Y OBSTETRICIA,Escolarizado,https://www.dgae.unam.mx/Licenciatura2026/resultados_control/2/20300095.html,70,434,235,58,75,117599,41,,No seleccionada/o,,
2,Licenciatura 2026,203,20300095,ENFERMERIA Y OBSTETRICIA,FACULTAD DE ENFERMERIA Y OBSTETRICIA,Escolarizado,https://www.dgae.unam.mx/Licenciatura2026/resultados_control/2/20300095.html,70,434,235,58,75,117694,,N,No presentada/o,,
2,Licenciatura 2026,203,20300095,ENFERMERIA Y OBSTETRICIA,FACULTAD DE ENFERMERIA Y OBSTETRICIA,Escolarizado,https://www.dgae.unam.mx/Licenciatura2026/resultados_control/2/20300095.html,70,434,235,58,75,117726,59,S,Seleccionada/o,Cita para entregar documentación.,
2,Licenciatura 2026,203,20300095,ENFERMERIA Y OBSTETRICIA,FACULTAD DE ENFERMERIA Y OBSTETRICIA,Escolarizado,https://www.dgae.unam.mx/Licenciatura2026/resultados_control/2/20300095.html,70,434,235,58,75,117838,,N,No presentada/o,,
2,Licenciatura 2026,203,20300095,ENFERMERIA Y OBSTETRICIA,FACULTAD DE ENFERMERIA Y OBSTETRICIA,Escolarizado,https://www.dgae.unam.mx/Licenciatura2026/resultados_control/2/20300095.html,70,434,235,58,75,117912,49,,No seleccionada/o,,
2,Licenciatura 2026,203,20300095,ENFERMERIA Y OBSTETRICIA,FACULTAD DE ENFERMERIA Y OBSTETRICIA,Escolarizado,https://www.dgae.unam.mx/Licenciatura2026/resultados_control/2/20300095.html,70,434,235,58,75,117969,,N,No presentada/o,,
2,Licenciatura 2026,203,20300095,ENFERMERIA Y OBSTETRICIA,FACULTAD DE ENFERMERIA Y OBSTETRICIA,Escolarizado,https://www.dgae.unam.mx/Licenciatura2026/resultados_control/2/20300095.html,70,434,235,58,75,117980,,N,No presentada/o,,
2,Licenciatura 2026,203,20300095,ENFERMERIA Y OBSTETRICIA,FACULTAD DE ENFERMERIA Y OBSTETRICIA,Escolarizado,https://www.dgae.unam.mx/Licenciatura2026/resultados_control/2/20300095.html,70,434,235,58,75,118006,,N,No presentada/o,,
2,Licenciatura 2026,203,20300095,ENFERMERIA Y OBSTETRICIA,FACULTAD DE ENFERMERIA Y OBSTETRICIA,Escolarizado,https://www.dgae.unam.mx/Licenciatura2026/resultados_control/2/20300095.html,70,434,235,58,75,118516,59,S,Seleccionada/o,Cita para entregar documentación.,
2,Licenciatura 2026,203,20300095,ENFERMERIA Y OBSTETRICIA,FACULTAD DE ENFERMERIA Y OBSTETRICIA,Escolarizado,https://www.dgae.unam.mx/Licenciatura2026/resultados_control/2/20300095.html,70,434,235,58,75,118550,66,S,Seleccionada/o,Cita para entregar documentación.,
2,Licenciatura 2026,203,20300095,ENFERMERIA Y OBSTETRICIA,FACULTAD DE ENFERMERIA Y OBSTETRICIA,Escolarizado,https://www.dgae.unam.mx/Licenciatura2026/resultados_control/2/20300095.html,70,434,235,58,75,118716,66,S,Seleccionada/o,Cita para entregar documentación.,
2,Licenciatura 2026,203,20300095,ENFERMERIA Y OBSTETRICIA,FACULTAD DE ENFERMERIA Y OBSTETRICIA,Escolarizado,https://www.dgae.unam.mx/Licenciatura2026/resultados_control/2/20300095.html,70,434,235,58,75,118776,39,,No seleccionada/o,,
2,Licenciatura 2026,203,20300095,ENFERMERIA Y OBSTETRICIA,FACULTAD DE ENFERMERIA Y OBSTETRICIA,Escolarizado,https://www.dgae.unam.mx/Licenciatura2026/resultados_control/2/20300095.html,70,434,235,58,75,118892,,N,No presentada/o,,
2,Licenciatura 2026,203,20300095,ENFERMERIA Y OBSTETRICIA,FACULTAD DE ENFERMERIA Y OBSTETRICIA,Escolarizado,https://www.dgae.unam.mx/Licenciatura2026/resultados_control/2/20300095.html,70,434,235,58,75,118947,66,S,Seleccionada/o,Cita para entregar documentación.,
2,Licenciatura 2026,203,20300095,ENFERMERIA Y OBSTETRICIA,FACULTAD DE ENFERMERIA Y OBSTETRICIA,Escolarizado,https://www.dgae.unam.mx/Licenciatura2026/resultados_control/2/20300095.html,70,434,235,58,75,118998,39,,No seleccionada/o,,
2,Licenciatura 2026,203,20300095,ENFERMERIA Y OBSTETRICIA,FACULTAD DE ENFERMERIA Y OBSTETRICIA,Escolarizado,https://www.dgae.unam.mx/Licenciatura2026/resultados_control/2/20300095.html,70,434,235,58,75,119338,,N,No presentada/o,,
2,Licenciatura 2026,203,20300095,ENFERMERIA Y OBSTETRICIA,FACULTAD DE ENFERMERIA Y OBSTETRICIA,Escolarizado,https://www.dgae.unam.mx/Licenciatura2026/resultados_control/2/20300095.html,70,434,235,58,75,119484,,N,No presentada/o,,
2,Licenciatura 2026,203,20300095,ENFERMERIA Y OBSTETRICIA,FACULTAD DE ENFERMERIA Y OBSTETRICIA,Escolarizado,https://www.dgae.unam.mx/Licenciatura2026/resultados_control/2/20300095.html,70,434,235,58,75,119524,40,,No seleccionada/o,,
2,Licenciatura 2026,203,20300095,ENFERMERIA Y OBSTETRICIA,FACULTAD DE ENFERMERIA Y OBSTETRICIA,Escolarizado,https://www.dgae.unam.mx/Licenciatura2026/resultados_control/2/20300095.html,70,434,235,58,75,119704,56,,No seleccionada/o,,
2,Licenciatura 2026,203,20300095,ENFERMERIA Y OBSTETRICIA,FACULTAD DE ENFERMERIA Y OBSTETRICIA,Escolarizado,https://www.dgae.unam.mx/Licenciatura2026/resultados_control/2/20300095.html,70,434,235,58,75,119742,93,S,Seleccionada/o,,
2,Licenciatura 2026,203,20300095,ENFERMERIA Y OBSTETRICIA,FACULTAD DE ENFERMERIA Y OBSTETRICIA,Escolarizado,https://www.dgae.unam.mx/Licenciatura2026/resultados_control/2/20300095.html,70,434,235,58,75,119852,43,,No seleccionada/o,,
2,Licenciatura 2026,203,20300095,ENFERMERIA Y OBSTETRICIA,FACULTAD DE ENFERMERIA Y OBSTETRICIA,Escolarizado,https://www.dgae.unam.mx/Licenciatura2026/resultados_control/2/20300095.html,70,434,235,58,75,119918,,N,No presentada/o,,
2,Licenciatura 2026,203,20300095,ENFERMERIA Y OBSTETRICIA,FACULTAD DE ENFERMERIA Y OBSTETRICIA,Escolarizado,https://www.dgae.unam.mx/Licenciatura2026/resultados_control/2/20300095.html,70,434,235,58,75,119960,63,S,Seleccionada/o,Cita para entregar documentación.,
2,Licenciatura 2026,203,20300095,ENFERMERIA Y OBSTETRICIA,FACULTAD DE ENFERMERIA Y OBSTETRICIA,Escolarizado,https://www.dgae.unam.mx/Licenciatura2026/resultados_control/2/20300095.html,70,434,235,58,75,120074,,N,No presentada/o,,
2,Licenciatura 2026,203,20300095,ENFERMERIA Y OBSTETRICIA,FACULTAD DE ENFERMERIA Y OBSTETRICIA,Escolarizado,https://www.dgae.unam.mx/Licenciatura2026/resultados_control/2/20300095.html,70,434,235,58,75,120398,,N,No presentada/o,,
2,Licenciatura 2026,203,20300095,ENFERMERIA Y OBSTETRICIA,FACULTAD DE ENFERMERIA Y OBSTETRICIA,Escolarizado,https://www.dgae.unam.mx/Licenciatura2026/resultados_control/2/20300095.html,70,434,235,58,75,120426,,N,No presentada/o,,
2,Licenciatura 2026,203,20300095,ENFERMERIA Y OBSTETRICIA,FACULTAD DE ENFERMERIA Y OBSTETRICIA,Escolarizado,https://www.dgae.unam.mx/Licenciatura2026/resultados_control/2/20300095.html,70,434,235,58,75,120436,,N,No presentada/o,,
2,Licenciatura 2026,203,20300095,ENFERMERIA Y OBSTETRICIA,FACULTAD DE ENFERMERIA Y OBSTETRICIA,Escolarizado,https://www.dgae.unam.mx/Licenciatura2026/resultados_control/2/20300095.html,70,434,235,58,75,120451,,N,No presentada/o,,
2,Licenciatura 2026,203,20300095,ENFERMERIA Y OBSTETRICIA,FACULTAD DE ENFERMERIA Y OBSTETRICIA,Escolarizado,https://www.dgae.unam.mx/Licenciatura2026/resultados_control/2/20300095.html,70,434,235,58,75,120507,,N,No presentada/o,,
2,Licenciatura 2026,203,20300095,ENFERMERIA Y OBSTETRICIA,FACULTAD DE ENFERMERIA Y OBSTETRICIA,Escolarizado,https://www.dgae.unam.mx/Licenciatura2026/resultados_control/2/20300095.html,70,434,235,58,75,120809,58,S,Seleccionada/o,Cita para entregar documentación.,
2,Licenciatura 2026,203,20300095,ENFERMERIA Y OBSTETRICIA,FACULTAD DE ENFERMERIA Y OBSTETRICIA,Escolarizado,https://www.dgae.unam.mx/Licenciatura2026/resultados_control/2/20300095.html,70,434,235,58,75,120966,56,,No seleccionada/o,,
2,Licenciatura 2026,203,20300095,ENFERMERIA Y OBSTETRICIA,FACULTAD DE ENFERMERIA Y OBSTETRICIA,Escolarizado,https://www.dgae.unam.mx/Licenciatura2026/resultados_control/2/20300095.html,70,434,235,58,75,121024,40,,No seleccionada/o,,
2,Licenciatura 2026,203,20300095,ENFERMERIA Y OBSTETRICIA,FACULTAD DE ENFERMERIA Y OBSTETRICIA,Escolarizado,https://www.dgae.unam.mx/Licenciatura2026/resultados_control/2/20300095.html,70,434,235,58,75,121091,50,,No seleccionada/o,,
2,Licenciatura 2026,203,20300095,ENFERMERIA Y OBSTETRICIA,FACULTAD DE ENFERMERIA Y OBSTETRICIA,Escolarizado,https://www.dgae.unam.mx/Licenciatura2026/resultados_control/2/20300095.html,70,434,235,58,75,121244,,N,No presentada/o,,
2,Licenciatura 2026,203,20300095,ENFERMERIA Y OBSTETRICIA,FACULTAD DE ENFERMERIA Y OBSTETRICIA,Escolarizado,https://www.dgae.unam.mx/Licenciatura2026/resultados_control/2/20300095.html,70,434,235,58,75,121609,,N,No presentada/o,,
2,Licenciatura 2026,203,20300095,ENFERMERIA Y OBSTETRICIA,FACULTAD DE ENFERMERIA Y OBSTETRICIA,Escolarizado,https://www.dgae.unam.mx/Licenciatura2026/resultados_control/2/20300095.html,70,434,235,58,75,121734,46,,No seleccionada/o,,
2,Licenciatura 2026,203,20300095,ENFERMERIA Y OBSTETRICIA,FACULTAD DE ENFERMERIA Y OBSTETRICIA,Escolarizado,https://www.dgae.unam.mx/Licenciatura2026/resultados_control/2/20300095.html,70,434,235,58,75,122164,,N,No presentada/o,,
2,Licenciatura 2026,203,20300095,ENFERMERIA Y OBSTETRICIA,FACULTAD DE ENFERMERIA Y OBSTETRICIA,Escolarizado,https://www.dgae.unam.mx/Licenciatura2026/resultados_control/2/20300095.html,70,434,235,58,75,122292,61,S,Seleccionada/o,,
2,Licenciatura 2026,203,20300095,ENFERMERIA Y OBSTETRICIA,FACULTAD DE ENFERMERIA Y OBSTETRICIA,Escolarizado,https://www.dgae.unam.mx/Licenciatura2026/resultados_control/2/20300095.html,70,434,235,58,75,122332,,N,No presentada/o,,
2,Licenciatura 2026,203,20300095,ENFERMERIA Y OBSTETRICIA,FACULTAD DE ENFERMERIA Y OBSTETRICIA,Escolarizado,https://www.dgae.unam.mx/Licenciatura2026/resultados_control/2/20300095.html,70,434,235,58,75,122377,91,S,Seleccionada/o,Cita para entregar documentación.,
2,Licenciatura 2026,203,20300095,ENFERMERIA Y OBSTETRICIA,FACULTAD DE ENFERMERIA Y OBSTETRICIA,Escolarizado,https://www.dgae.unam.mx/Licenciatura2026/resultados_control/2/20300095.html,70,434,235,58,75,122416,62,S,Seleccionada/o,,
2,Licenciatura 2026,203,20300095,ENFERMERIA Y OBSTETRICIA,FACULTAD DE ENFERMERIA Y OBSTETRICIA,Escolarizado,https://www.dgae.unam.mx/Licenciatura2026/resultados_control/2/20300095.html,70,434,235,58,75,122490,42,,No seleccionada/o,,
2,Licenciatura 2026,203,20300095,ENFERMERIA Y OBSTETRICIA,FACULTAD DE ENFERMERIA Y OBSTETRICIA,Escolarizado,https://www.dgae.unam.mx/Licenciatura2026/resultados_control/2/20300095.html,70,434,235,58,75,122519,,N,No presentada/o,,
2,Licenciatura 2026,203,20300095,ENFERMERIA Y OBSTETRICIA,FACULTAD DE ENFERMERIA Y OBSTETRICIA,Escolarizado,https://www.dgae.unam.mx/Licenciatura2026/resultados_control/2/20300095.html,70,434,235,58,75,123020,49,,No seleccionada/o,,
2,Licenciatura 2026,203,20300095,ENFERMERIA Y OBSTETRICIA,FACULTAD DE ENFERMERIA Y OBSTETRICIA,Escolarizado,https://www.dgae.unam.mx/Licenciatura2026/resultados_control/2/20300095.html,70,434,235,58,75,123513,39,,No seleccionada/o,,
2,Licenciatura 2026,203,20300095,ENFERMERIA Y OBSTETRICIA,FACULTAD DE ENFERMERIA Y OBSTETRICIA,Escolarizado,https://www.dgae.unam.mx/Licenciatura2026/resultados_control/2/20300095.html,70,434,235,58,75,123594,,N,No presentada/o,,
2,Licenciatura 2026,203,20300095,ENFERMERIA Y OBSTETRICIA,FACULTAD DE ENFERMERIA Y OBSTETRICIA,Escolarizado,https://www.dgae.unam.mx/Licenciatura2026/resultados_control/2/20300095.html,70,434,235,58,75,124248,53,,No seleccionada/o,,
2,Licenciatura 2026,203,20300095,ENFERMERIA Y OBSTETRICIA,FACULTAD DE ENFERMERIA Y OBSTETRICIA,Escolarizado,https://www.dgae.unam.mx/Licenciatura2026/resultados_control/2/20300095.html,70,434,235,58,75,124474,,N,No presentada/o,,
2,Licenciatura 2026,203,20300095,ENFERMERIA Y OBSTETRICIA,FACULTAD DE ENFERMERIA Y OBSTETRICIA,Escolarizado,https://www.dgae.unam.mx/Licenciatura2026/resultados_control/2/20300095.html,70,434,235,58,75,124485,50,,No seleccionada/o,,
2,Licenciatura 2026,203,20300095,ENFERMERIA Y OBSTETRICIA,FACULTAD DE ENFERMERIA Y OBSTETRICIA,Escolarizado,https://www.dgae.unam.mx/Licenciatura2026/resultados_control/2/20300095.html,70,434,235,58,75,124546,,N,No presentada/o,,
2,Licenciatura 2026,203,20300095,ENFERMERIA Y OBSTETRICIA,FACULTAD DE ENFERMERIA Y OBSTETRICIA,Escolarizado,https://www.dgae.unam.mx/Licenciatura2026/resultados_control/2/20300095.html,70,434,235,58,75,124604,,N,No presentada/o,,
2,Licenciatura 2026,203,20300095,ENFERMERIA Y OBSTETRICIA,FACULTAD DE ENFERMERIA Y OBSTETRICIA,Escolarizado,https://www.dgae.unam.mx/Licenciatura2026/resultados_control/2/20300095.html,70,434,235,58,75,124619,81,S,Seleccionada/o,,
2,Licenciatura 2026,203,20300095,ENFERMERIA Y OBSTETRICIA,FACULTAD DE ENFERMERIA Y OBSTETRICIA,Escolarizado,https://www.dgae.unam.mx/Licenciatura2026/resultados_control/2/20300095.html,70,434,235,58,75,124897,,N,No presentada/o,,
2,Licenciatura 2026,203,20300095,ENFERMERIA Y OBSTETRICIA,FACULTAD DE ENFERMERIA Y OBSTETRICIA,Escolarizado,https://www.dgae.unam.mx/Licenciatura2026/resultados_control/2/20300095.html,70,434,235,58,75,124952,52,,No seleccionada/o,,
2,Licenciatura 2026,203,20300095,ENFERMERIA Y OBSTETRICIA,FACULTAD DE ENFERMERIA Y OBSTETRICIA,Escolarizado,https://www.dgae.unam.mx/Licenciatura2026/resultados_control/2/20300095.html,70,434,235,58,75,125004,35,,No seleccionada/o,,
2,Licenciatura 2026,203,20300095,ENFERMERIA Y OBSTETRICIA,FACULTAD DE ENFERMERIA Y OBSTETRICIA,Escolarizado,https://www.dgae.unam.mx/Licenciatura2026/resultados_control/2/20300095.html,70,434,235,58,75,125080,,N,No presentada/o,,
2,Licenciatura 2026,203,20300095,ENFERMERIA Y OBSTETRICIA,FACULTAD DE ENFERMERIA Y OBSTETRICIA,Escolarizado,https://www.dgae.unam.mx/Licenciatura2026/resultados_control/2/20300095.html,70,434,235,58,75,125139,76,S,Seleccionada/o,,
2,Licenciatura 2026,203,20300095,ENFERMERIA Y OBSTETRICIA,FACULTAD DE ENFERMERIA Y OBSTETRICIA,Escolarizado,https://www.dgae.unam.mx/Licenciatura2026/resultados_control/2/20300095.html,70,434,235,58,75,125275,36,,No seleccionada/o,,
2,Licenciatura 2026,203,20300095,ENFERMERIA Y OBSTETRICIA,FACULTAD DE ENFERMERIA Y OBSTETRICIA,Escolarizado,https://www.dgae.unam.mx/Licenciatura2026/resultados_control/2/20300095.html,70,434,235,58,75,125288,,N,No presentada/o,,
2,Licenciatura 2026,203,20300095,ENFERMERIA Y OBSTETRICIA,FACULTAD DE ENFERMERIA Y OBSTETRICIA,Escolarizado,https://www.dgae.unam.mx/Licenciatura2026/resultados_control/2/20300095.html,70,434,235,58,75,125352,44,,No seleccionada/o,,
2,Licenciatura 2026,203,20300095,ENFERMERIA Y OBSTETRICIA,FACULTAD DE ENFERMERIA Y OBSTETRICIA,Escolarizado,https://www.dgae.unam.mx/Licenciatura2026/resultados_control/2/20300095.html,70,434,235,58,75,125636,30,,No seleccionada/o,,
2,Licenciatura 2026,203,20300095,ENFERMERIA Y OBSTETRICIA,FACULTAD DE ENFERMERIA Y OBSTETRICIA,Escolarizado,https://www.dgae.unam.mx/Licenciatura2026/resultados_control/2/20300095.html,70,434,235,58,75,125663,90,S,Seleccionada/o,Cita para entregar documentación.,
2,Licenciatura 2026,203,20300095,ENFERMERIA Y OBSTETRICIA,FACULTAD DE ENFERMERIA Y OBSTETRICIA,Escolarizado,https://www.dgae.unam.mx/Licenciatura2026/resultados_control/2/20300095.html,70,434,235,58,75,125699,,N,No presentada/o,,
2,Licenciatura 2026,203,20300095,ENFERMERIA Y OBSTETRICIA,FACULTAD DE ENFERMERIA Y OBSTETRICIA,Escolarizado,https://www.dgae.unam.mx/Licenciatura2026/resultados_control/2/20300095.html,70,434,235,58,75,126136,,N,No presentada/o,,
2,Licenciatura 2026,203,20300095,ENFERMERIA Y OBSTETRICIA,FACULTAD DE ENFERMERIA Y OBSTETRICIA,Escolarizado,https://www.dgae.unam.mx/Licenciatura2026/resultados_control/2/20300095.html,70,434,235,58,75,126211,59,S,Seleccionada/o,Cita para entregar documentación.,
2,Licenciatura 2026,203,20300095,ENFERMERIA Y OBSTETRICIA,FACULTAD DE ENFERMERIA Y OBSTETRICIA,Escolarizado,https://www.dgae.unam.mx/Licenciatura2026/resultados_control/2/20300095.html,70,434,235,58,75,126266,,N,No presentada/o,,
2,Licenciatura 2026,203,20300095,ENFERMERIA Y OBSTETRICIA,FACULTAD DE ENFERMERIA Y OBSTETRICIA,Escolarizado,https://www.dgae.unam.mx/Licenciatura2026/resultados_control/2/20300095.html,70,434,235,58,75,126324,40,,No seleccionada/o,,
2,Licenciatura 2026,203,20300095,ENFERMERIA Y OBSTETRICIA,FACULTAD DE ENFERMERIA Y OBSTETRICIA,Escolarizado,https://www.dgae.unam.mx/Licenciatura2026/resultados_control/2/20300095.html,70,434,235,58,75,126329,61,S,Seleccionada/o,Cita para entregar documentación.,
2,Licenciatura 2026,203,20300095,ENFERMERIA Y OBSTETRICIA,FACULTAD DE ENFERMERIA Y OBSTETRICIA,Escolarizado,https://www.dgae.unam.mx/Licenciatura2026/resultados_control/2/20300095.html,70,434,235,58,75,126534,59,S,Seleccionada/o,Cita para entregar documentación.,
2,Licenciatura 2026,203,20300095,ENFERMERIA Y OBSTETRICIA,FACULTAD DE ENFERMERIA Y OBSTETRICIA,Escolarizado,https://www.dgae.unam.mx/Licenciatura2026/resultados_control/2/20300095.html,70,434,235,58,75,126569,,N,No presentada/o,,
2,Licenciatura 2026,203,20300095,ENFERMERIA Y OBSTETRICIA,FACULTAD DE ENFERMERIA Y OBSTETRICIA,Escolarizado,https://www.dgae.unam.mx/Licenciatura2026/resultados_control/2/20300095.html,70,434,235,58,75,126628,,N,No presentada/o,,
2,Licenciatura 2026,203,20300095,ENFERMERIA Y OBSTETRICIA,FACULTAD DE ENFERMERIA Y OBSTETRICIA,Escolarizado,https://www.dgae.unam.mx/Licenciatura2026/resultados_control/2/20300095.html,70,434,235,58,75,126643,35,,No seleccionada/o,,
2,Licenciatura 2026,203,20300095,ENFERMERIA Y OBSTETRICIA,FACULTAD DE ENFERMERIA Y OBSTETRICIA,Escolarizado,https://www.dgae.unam.mx/Licenciatura2026/resultados_control/2/20300095.html,70,434,235,58,75,126685,54,,No seleccionada/o,,
2,Licenciatura 2026,203,20300095,ENFERMERIA Y OBSTETRICIA,FACULTAD DE ENFERMERIA Y OBSTETRICIA,Escolarizado,https://www.dgae.unam.mx/Licenciatura2026/resultados_control/2/20300095.html,70,434,235,58,75,126740,,N,No presentada/o,,
2,Licenciatura 2026,203,20300095,ENFERMERIA Y OBSTETRICIA,FACULTAD DE ENFERMERIA Y OBSTETRICIA,Escolarizado,https://www.dgae.unam.mx/Licenciatura2026/resultados_control/2/20300095.html,70,434,235,58,75,126744,48,,No seleccionada/o,,
2,Licenciatura 2026,203,20300095,ENFERMERIA Y OBSTETRICIA,FACULTAD DE ENFERMERIA Y OBSTETRICIA,Escolarizado,https://www.dgae.unam.mx/Licenciatura2026/resultados_control/2/20300095.html,70,434,235,58,75,126970,,N,No presentada/o,,
2,Licenciatura 2026,203,20300095,ENFERMERIA Y OBSTETRICIA,FACULTAD DE ENFERMERIA Y OBSTETRICIA,Escolarizado,https://www.dgae.unam.mx/Licenciatura2026/resultados_control/2/20300095.html,70,434,235,58,75,127062,39,,No seleccionada/o,,
2,Licenciatura 2026,203,20300095,ENFERMERIA Y OBSTETRICIA,FACULTAD DE ENFERMERIA Y OBSTETRICIA,Escolarizado,https://www.dgae.unam.mx/Licenciatura2026/resultados_control/2/20300095.html,70,434,235,58,75,127240,47,,No seleccionada/o,,
2,Licenciatura 2026,203,20300095,ENFERMERIA Y OBSTETRICIA,FACULTAD DE ENFERMERIA Y OBSTETRICIA,Escolarizado,https://www.dgae.unam.mx/Licenciatura2026/resultados_control/2/20300095.html,70,434,235,58,75,127421,,N,No presentada/o,,
2,Licenciatura 2026,203,20300095,ENFERMERIA Y OBSTETRICIA,FACULTAD DE ENFERMERIA Y OBSTETRICIA,Escolarizado,https://www.dgae.unam.mx/Licenciatura2026/resultados_control/2/20300095.html,70,434,235,58,75,127442,,N,No presentada/o,,
2,Licenciatura 2026,203,20300095,ENFERMERIA Y OBSTETRICIA,FACULTAD DE ENFERMERIA Y OBSTETRICIA,Escolarizado,https://www.dgae.unam.mx/Licenciatura2026/resultados_control/2/20300095.html,70,434,235,58,75,127500,,N,No presentada/o,,
2,Licenciatura 2026,203,20300095,ENFERMERIA Y OBSTETRICIA,FACULTAD DE ENFERMERIA Y OBSTETRICIA,Escolarizado,https://www.dgae.unam.mx/Licenciatura2026/resultados_control/2/20300095.html,70,434,235,58,75,127676,54,,No seleccionada/o,,
2,Licenciatura 2026,203,20300095,ENFERMERIA Y OBSTETRICIA,FACULTAD DE ENFERMERIA Y OBSTETRICIA,Escolarizado,https://www.dgae.unam.mx/Licenciatura2026/resultados_control/2/20300095.html,70,434,235,58,75,127818,43,,No seleccionada/o,,
2,Licenciatura 2026,203,20300095,ENFERMERIA Y OBSTETRICIA,FACULTAD DE ENFERMERIA Y OBSTETRICIA,Escolarizado,https://www.dgae.unam.mx/Licenciatura2026/resultados_control/2/20300095.html,70,434,235,58,75,127953,48,,No seleccionada/o,,
2,Licenciatura 2026,203,20300095,ENFERMERIA Y OBSTETRICIA,FACULTAD DE ENFERMERIA Y OBSTETRICIA,Escolarizado,https://www.dgae.unam.mx/Licenciatura2026/resultados_control/2/20300095.html,70,434,235,58,75,127965,,N,No presentada/o,,
2,Licenciatura 2026,203,20300095,ENFERMERIA Y OBSTETRICIA,FACULTAD DE ENFERMERIA Y OBSTETRICIA,Escolarizado,https://www.dgae.unam.mx/Licenciatura2026/resultados_control/2/20300095.html,70,434,235,58,75,128094,64,S,Seleccionada/o,Cita para entregar documentación.,
2,Licenciatura 2026,203,20300095,ENFERMERIA Y OBSTETRICIA,FACULTAD DE ENFERMERIA Y OBSTETRICIA,Escolarizado,https://www.dgae.unam.mx/Licenciatura2026/resultados_control/2/20300095.html,70,434,235,58,75,128169,,N,No presentada/o,,
2,Licenciatura 2026,203,20300095,ENFERMERIA Y OBSTETRICIA,FACULTAD DE ENFERMERIA Y OBSTETRICIA,Escolarizado,https://www.dgae.unam.mx/Licenciatura2026/resultados_control/2/20300095.html,70,434,235,58,75,128202,45,,No seleccionada/o,,
2,Licenciatura 2026,203,20300095,ENFERMERIA Y OBSTETRICIA,FACULTAD DE ENFERMERIA Y OBSTETRICIA,Escolarizado,https://www.dgae.unam.mx/Licenciatura2026/resultados_control/2/20300095.html,70,434,235,58,75,128342,,N,No presentada/o,,
2,Licenciatura 2026,203,20300095,ENFERMERIA Y OBSTETRICIA,FACULTAD DE ENFERMERIA Y OBSTETRICIA,Escolarizado,https://www.dgae.unam.mx/Licenciatura2026/resultados_control/2/20300095.html,70,434,235,58,75,128352,41,,No seleccionada/o,,
2,Licenciatura 2026,203,20300095,ENFERMERIA Y OBSTETRICIA,FACULTAD DE ENFERMERIA Y OBSTETRICIA,Escolarizado,https://www.dgae.unam.mx/Licenciatura2026/resultados_control/2/20300095.html,70,434,235,58,75,128406,,N,No presentada/o,,
2,Licenciatura 2026,203,20300095,ENFERMERIA Y OBSTETRICIA,FACULTAD DE ENFERMERIA Y OBSTETRICIA,Escolarizado,https://www.dgae.unam.mx/Licenciatura2026/resultados_control/2/20300095.html,70,434,235,58,75,128566,,N,No presentada/o,,
2,Licenciatura 2026,203,20300095,ENFERMERIA Y OBSTETRICIA,FACULTAD DE ENFERMERIA Y OBSTETRICIA,Escolarizado,https://www.dgae.unam.mx/Licenciatura2026/resultados_control/2/20300095.html,70,434,235,58,75,129058,,N,No presentada/o,,
2,Licenciatura 2026,203,20300095,ENFERMERIA Y OBSTETRICIA,FACULTAD DE ENFERMERIA Y OBSTETRICIA,Escolarizado,https://www.dgae.unam.mx/Licenciatura2026/resultados_control/2/20300095.html,70,434,235,58,75,129095,42,,No seleccionada/o,,
2,Licenciatura 2026,203,20300095,ENFERMERIA Y OBSTETRICIA,FACULTAD DE ENFERMERIA Y OBSTETRICIA,Escolarizado,https://www.dgae.unam.mx/Licenciatura2026/resultados_control/2/20300095.html,70,434,235,58,75,129490,44,,No seleccionada/o,,
2,Licenciatura 2026,203,20300095,ENFERMERIA Y OBSTETRICIA,FACULTAD DE ENFERMERIA Y OBSTETRICIA,Escolarizado,https://www.dgae.unam.mx/Licenciatura2026/resultados_control/2/20300095.html,70,434,235,58,75,129571,35,,No seleccionada/o,,
2,Licenciatura 2026,203,20300095,ENFERMERIA Y OBSTETRICIA,FACULTAD DE ENFERMERIA Y OBSTETRICIA,Escolarizado,https://www.dgae.unam.mx/Licenciatura2026/resultados_control/2/20300095.html,70,434,235,58,75,129800,72,S,Seleccionada/o,Cita para entregar documentación.,
2,Licenciatura 2026,203,20300095,ENFERMERIA Y OBSTETRICIA,FACULTAD DE ENFERMERIA Y OBSTETRICIA,Escolarizado,https://www.dgae.unam.mx/Licenciatura2026/resultados_control/2/20300095.html,70,434,235,58,75,130106,39,,No seleccionada/o,,
2,Licenciatura 2026,203,20300095,ENFERMERIA Y OBSTETRICIA,FACULTAD DE ENFERMERIA Y OBSTETRICIA,Escolarizado,https://www.dgae.unam.mx/Licenciatura2026/resultados_control/2/20300095.html,70,434,235,58,75,130304,31,,No seleccionada/o,,
2,Licenciatura 2026,203,20300095,ENFERMERIA Y OBSTETRICIA,FACULTAD DE ENFERMERIA Y OBSTETRICIA,Escolarizado,https://www.dgae.unam.mx/Licenciatura2026/resultados_control/2/20300095.html,70,434,235,58,75,130510,,N,No presentada/o,,
2,Licenciatura 2026,203,20300095,ENFERMERIA Y OBSTETRICIA,FACULTAD DE ENFERMERIA Y OBSTETRICIA,Escolarizado,https://www.dgae.unam.mx/Licenciatura2026/resultados_control/2/20300095.html,70,434,235,58,75,130564,,N,No presentada/o,,
2,Licenciatura 2026,203,20300095,ENFERMERIA Y OBSTETRICIA,FACULTAD DE ENFERMERIA Y OBSTETRICIA,Escolarizado,https://www.dgae.unam.mx/Licenciatura2026/resultados_control/2/20300095.html,70,434,235,58,75,130585,,N,No presentada/o,,
2,Licenciatura 2026,203,20300095,ENFERMERIA Y OBSTETRICIA,FACULTAD DE ENFERMERIA Y OBSTETRICIA,Escolarizado,https://www.dgae.unam.mx/Licenciatura2026/resultados_control/2/20300095.html,70,434,235,58,75,130799,,N,No presentada/o,,
2,Licenciatura 2026,203,20300095,ENFERMERIA Y OBSTETRICIA,FACULTAD DE ENFERMERIA Y OBSTETRICIA,Escolarizado,https://www.dgae.unam.mx/Licenciatura2026/resultados_control/2/20300095.html,70,434,235,58,75,130866,53,,No seleccionada/o,,
2,Licenciatura 2026,203,20300095,ENFERMERIA Y OBSTETRICIA,FACULTAD DE ENFERMERIA Y OBSTETRICIA,Escolarizado,https://www.dgae.unam.mx/Licenciatura2026/resultados_control/2/20300095.html,70,434,235,58,75,130905,,N,No presentada/o,,
2,Licenciatura 2026,203,20300095,ENFERMERIA Y OBSTETRICIA,FACULTAD DE ENFERMERIA Y OBSTETRICIA,Escolarizado,https://www.dgae.unam.mx/Licenciatura2026/resultados_control/2/20300095.html,70,434,235,58,75,131009,45,,No seleccionada/o,,
2,Licenciatura 2026,203,20300095,ENFERMERIA Y OBSTETRICIA,FACULTAD DE ENFERMERIA Y OBSTETRICIA,Escolarizado,https://www.dgae.unam.mx/Licenciatura2026/resultados_control/2/20300095.html,70,434,235,58,75,131019,36,,No seleccionada/o,,
2,Licenciatura 2026,203,20300095,ENFERMERIA Y OBSTETRICIA,FACULTAD DE ENFERMERIA Y OBSTETRICIA,Escolarizado,https://www.dgae.unam.mx/Licenciatura2026/resultados_control/2/20300095.html,70,434,235,58,75,131027,,N,No presentada/o,,
2,Licenciatura 2026,203,20300095,ENFERMERIA Y OBSTETRICIA,FACULTAD DE ENFERMERIA Y OBSTETRICIA,Escolarizado,https://www.dgae.unam.mx/Licenciatura2026/resultados_control/2/20300095.html,70,434,235,58,75,131039,,N,No presentada/o,,
2,Licenciatura 2026,203,20300095,ENFERMERIA Y OBSTETRICIA,FACULTAD DE ENFERMERIA Y OBSTETRICIA,Escolarizado,https://www.dgae.unam.mx/Licenciatura2026/resultados_control/2/20300095.html,70,434,235,58,75,131351,55,,No seleccionada/o,,
2,Licenciatura 2026,203,20300095,ENFERMERIA Y OBSTETRICIA,FACULTAD DE ENFERMERIA Y OBSTETRICIA,Escolarizado,https://www.dgae.unam.mx/Licenciatura2026/resultados_control/2/20300095.html,70,434,235,58,75,131378,,N,No presentada/o,,
2,Licenciatura 2026,203,20300095,ENFERMERIA Y OBSTETRICIA,FACULTAD DE ENFERMERIA Y OBSTETRICIA,Escolarizado,https://www.dgae.unam.mx/Licenciatura2026/resultados_control/2/20300095.html,70,434,235,58,75,131427,63,S,Seleccionada/o,Cita para entregar documentación.,
2,Licenciatura 2026,203,20300095,ENFERMERIA Y OBSTETRICIA,FACULTAD DE ENFERMERIA Y OBSTETRICIA,Escolarizado,https://www.dgae.unam.mx/Licenciatura2026/resultados_control/2/20300095.html,70,434,235,58,75,131756,50,,No seleccionada/o,,
2,Licenciatura 2026,203,20300095,ENFERMERIA Y OBSTETRICIA,FACULTAD DE ENFERMERIA Y OBSTETRICIA,Escolarizado,https://www.dgae.unam.mx/Licenciatura2026/resultados_control/2/20300095.html,70,434,235,58,75,131835,38,,No seleccionada/o,,
2,Licenciatura 2026,203,20300095,ENFERMERIA Y OBSTETRICIA,FACULTAD DE ENFERMERIA Y OBSTETRICIA,Escolarizado,https://www.dgae.unam.mx/Licenciatura2026/resultados_control/2/20300095.html,70,434,235,58,75,131854,,N,No presentada/o,,
2,Licenciatura 2026,203,20300095,ENFERMERIA Y OBSTETRICIA,FACULTAD DE ENFERMERIA Y OBSTETRICIA,Escolarizado,https://www.dgae.unam.mx/Licenciatura2026/resultados_control/2/20300095.html,70,434,235,58,75,131930,,N,No presentada/o,,
2,Licenciatura 2026,203,20300095,ENFERMERIA Y OBSTETRICIA,FACULTAD DE ENFERMERIA Y OBSTETRICIA,Escolarizado,https://www.dgae.unam.mx/Licenciatura2026/resultados_control/2/20300095.html,70,434,235,58,75,132139,45,,No seleccionada/o,,
2,Licenciatura 2026,203,20300095,ENFERMERIA Y OBSTETRICIA,FACULTAD DE ENFERMERIA Y OBSTETRICIA,Escolarizado,https://www.dgae.unam.mx/Licenciatura2026/resultados_control/2/20300095.html,70,434,235,58,75,132169,36,,No seleccionada/o,,
2,Licenciatura 2026,203,20300095,ENFERMERIA Y OBSTETRICIA,FACULTAD DE ENFERMERIA Y OBSTETRICIA,Escolarizado,https://www.dgae.unam.mx/Licenciatura2026/resultados_control/2/20300095.html,70,434,235,58,75,132179,38,,No seleccionada/o,,
2,Licenciatura 2026,203,20300095,ENFERMERIA Y OBSTETRICIA,FACULTAD DE ENFERMERIA Y OBSTETRICIA,Escolarizado,https://www.dgae.unam.mx/Licenciatura2026/resultados_control/2/20300095.html,70,434,235,58,75,132218,43,,No seleccionada/o,,
2,Licenciatura 2026,203,20300095,ENFERMERIA Y OBSTETRICIA,FACULTAD DE ENFERMERIA Y OBSTETRICIA,Escolarizado,https://www.dgae.unam.mx/Licenciatura2026/resultados_control/2/20300095.html,70,434,235,58,75,133125,,N,No presentada/o,,
2,Licenciatura 2026,203,20300095,ENFERMERIA Y OBSTETRICIA,FACULTAD DE ENFERMERIA Y OBSTETRICIA,Escolarizado,https://www.dgae.unam.mx/Licenciatura2026/resultados_control/2/20300095.html,70,434,235,58,75,133230,,N,No presentada/o,,
2,Licenciatura 2026,203,20300095,ENFERMERIA Y OBSTETRICIA,FACULTAD DE ENFERMERIA Y OBSTETRICIA,Escolarizado,https://www.dgae.unam.mx/Licenciatura2026/resultados_control/2/20300095.html,70,434,235,58,75,133234,,N,No presentada/o,,
2,Licenciatura 2026,203,20300095,ENFERMERIA Y OBSTETRICIA,FACULTAD DE ENFERMERIA Y OBSTETRICIA,Escolarizado,https://www.dgae.unam.mx/Licenciatura2026/resultados_control/2/20300095.html,70,434,235,58,75,133243,41,,No seleccionada/o,,
2,Licenciatura 2026,203,20300095,ENFERMERIA Y OBSTETRICIA,FACULTAD DE ENFERMERIA Y OBSTETRICIA,Escolarizado,https://www.dgae.unam.mx/Licenciatura2026/resultados_control/2/20300095.html,70,434,235,58,75,133434,,N,No presentada/o,,
2,Licenciatura 2026,203,20300095,ENFERMERIA Y OBSTETRICIA,FACULTAD DE ENFERMERIA Y OBSTETRICIA,Escolarizado,https://www.dgae.unam.mx/Licenciatura2026/resultados_control/2/20300095.html,70,434,235,58,75,133505,37,,No seleccionada/o,,
2,Licenciatura 2026,203,20300095,ENFERMERIA Y OBSTETRICIA,FACULTAD DE ENFERMERIA Y OBSTETRICIA,Escolarizado,https://www.dgae.unam.mx/Licenciatura2026/resultados_control/2/20300095.html,70,434,235,58,75,133528,,N,No presentada/o,,
2,Licenciatura 2026,203,20300095,ENFERMERIA Y OBSTETRICIA,FACULTAD DE ENFERMERIA Y OBSTETRICIA,Escolarizado,https://www.dgae.unam.mx/Licenciatura2026/resultados_control/2/20300095.html,70,434,235,58,75,133584,43,,No seleccionada/o,,
2,Licenciatura 2026,203,20300095,ENFERMERIA Y OBSTETRICIA,FACULTAD DE ENFERMERIA Y OBSTETRICIA,Escolarizado,https://www.dgae.unam.mx/Licenciatura2026/resultados_control/2/20300095.html,70,434,235,58,75,133807,54,,No seleccionada/o,,
2,Licenciatura 2026,203,20300095,ENFERMERIA Y OBSTETRICIA,FACULTAD DE ENFERMERIA Y OBSTETRICIA,Escolarizado,https://www.dgae.unam.mx/Licenciatura2026/resultados_control/2/20300095.html,70,434,235,58,75,134472,,N,No presentada/o,,
2,Licenciatura 2026,203,20300095,ENFERMERIA Y OBSTETRICIA,FACULTAD DE ENFERMERIA Y OBSTETRICIA,Escolarizado,https://www.dgae.unam.mx/Licenciatura2026/resultados_control/2/20300095.html,70,434,235,58,75,134831,,N,No presentada/o,,
2,Licenciatura 2026,203,20300095,ENFERMERIA Y OBSTETRICIA,FACULTAD DE ENFERMERIA Y OBSTETRICIA,Escolarizado,https://www.dgae.unam.mx/Licenciatura2026/resultados_control/2/20300095.html,70,434,235,58,75,136527,,N,No presentada/o,,
2,Licenciatura 2026,203,20300095,ENFERMERIA Y OBSTETRICIA,FACULTAD DE ENFERMERIA Y OBSTETRICIA,Escolarizado,https://www.dgae.unam.mx/Licenciatura2026/resultados_control/2/20300095.html,70,434,235,58,75,136752,,N,No presentada/o,,
2,Licenciatura 2026,203,20300095,ENFERMERIA Y OBSTETRICIA,FACULTAD DE ENFERMERIA Y OBSTETRICIA,Escolarizado,https://www.dgae.unam.mx/Licenciatura2026/resultados_control/2/20300095.html,70,434,235,58,75,136787,60,S,Seleccionada/o,Cita para entregar documentación.,
2,Licenciatura 2026,203,20300095,ENFERMERIA Y OBSTETRICIA,FACULTAD DE ENFERMERIA Y OBSTETRICIA,Escolarizado,https://www.dgae.unam.mx/Licenciatura2026/resultados_control/2/20300095.html,70,434,235,58,75,137235,,N,No presentada/o,,
2,Licenciatura 2026,203,20300095,ENFERMERIA Y OBSTETRICIA,FACULTAD DE ENFERMERIA Y OBSTETRICIA,Escolarizado,https://www.dgae.unam.mx/Licenciatura2026/resultados_control/2/20300095.html,70,434,235,58,75,137385,,N,No presentada/o,,
2,Licenciatura 2026,203,20300095,ENFERMERIA Y OBSTETRICIA,FACULTAD DE ENFERMERIA Y OBSTETRICIA,Escolarizado,https://www.dgae.unam.mx/Licenciatura2026/resultados_control/2/20300095.html,70,434,235,58,75,138179,70,S,Seleccionada/o,Cita para entregar documentación.,
2,Licenciatura 2026,203,20300095,ENFERMERIA Y OBSTETRICIA,FACULTAD DE ENFERMERIA Y OBSTETRICIA,Escolarizado,https://www.dgae.unam.mx/Licenciatura2026/resultados_control/2/20300095.html,70,434,235,58,75,138988,,N,No presentada/o,,
2,Licenciatura 2026,203,20300095,ENFERMERIA Y OBSTETRICIA,FACULTAD DE ENFERMERIA Y OBSTETRICIA,Escolarizado,https://www.dgae.unam.mx/Licenciatura2026/resultados_control/2/20300095.html,70,434,235,58,75,140158,,N,No presentada/o,,
2,Licenciatura 2026,203,20300095,ENFERMERIA Y OBSTETRICIA,FACULTAD DE ENFERMERIA Y OBSTETRICIA,Escolarizado,https://www.dgae.unam.mx/Licenciatura2026/resultados_control/2/20300095.html,70,434,235,58,75,140533,37,,No seleccionada/o,,
2,Licenciatura 2026,203,20300095,ENFERMERIA Y OBSTETRICIA,FACULTAD DE ENFERMERIA Y OBSTETRICIA,Escolarizado,https://www.dgae.unam.mx/Licenciatura2026/resultados_control/2/20300095.html,70,434,235,58,75,141126,,N,No presentada/o,,
2,Licenciatura 2026,203,20300095,ENFERMERIA Y OBSTETRICIA,FACULTAD DE ENFERMERIA Y OBSTETRICIA,Escolarizado,https://www.dgae.unam.mx/Licenciatura2026/resultados_control/2/20300095.html,70,434,235,58,75,141642,55,,No seleccionada/o,,
2,Licenciatura 2026,203,20300095,ENFERMERIA Y OBSTETRICIA,FACULTAD DE ENFERMERIA Y OBSTETRICIA,Escolarizado,https://www.dgae.unam.mx/Licenciatura2026/resultados_control/2/20300095.html,70,434,235,58,75,142139,,N,No presentada/o,,
2,Licenciatura 2026,203,20300095,ENFERMERIA Y OBSTETRICIA,FACULTAD DE ENFERMERIA Y OBSTETRICIA,Escolarizado,https://www.dgae.unam.mx/Licenciatura2026/resultados_control/2/20300095.html,70,434,235,58,75,142446,53,,No seleccionada/o,,
2,Licenciatura 2026,203,20300095,ENFERMERIA Y OBSTETRICIA,FACULTAD DE ENFERMERIA Y OBSTETRICIA,Escolarizado,https://www.dgae.unam.mx/Licenciatura2026/resultados_control/2/20300095.html,70,434,235,58,75,142482,,N,No presentada/o,,
2,Licenciatura 2026,203,20300095,ENFERMERIA Y OBSTETRICIA,FACULTAD DE ENFERMERIA Y OBSTETRICIA,Escolarizado,https://www.dgae.unam.mx/Licenciatura2026/resultados_control/2/20300095.html,70,434,235,58,75,142805,,N,No presentada/o,,
2,Licenciatura 2026,203,20300095,ENFERMERIA Y OBSTETRICIA,FACULTAD DE ENFERMERIA Y OBSTETRICIA,Escolarizado,https://www.dgae.unam.mx/Licenciatura2026/resultados_control/2/20300095.html,70,434,235,58,75,142939,41,,No seleccionada/o,,
2,Licenciatura 2026,203,20300095,ENFERMERIA Y OBSTETRICIA,FACULTAD DE ENFERMERIA Y OBSTETRICIA,Escolarizado,https://www.dgae.unam.mx/Licenciatura2026/resultados_control/2/20300095.html,70,434,235,58,75,143261,,N,No presentada/o,,
2,Licenciatura 2026,203,20300095,ENFERMERIA Y OBSTETRICIA,FACULTAD DE ENFERMERIA Y OBSTETRICIA,Escolarizado,https://www.dgae.unam.mx/Licenciatura2026/resultados_control/2/20300095.html,70,434,235,58,75,143389,95,S,Seleccionada/o,Cita para entregar documentación.,
2,Licenciatura 2026,203,20300095,ENFERMERIA Y OBSTETRICIA,FACULTAD DE ENFERMERIA Y OBSTETRICIA,Escolarizado,https://www.dgae.unam.mx/Licenciatura2026/resultados_control/2/20300095.html,70,434,235,58,75,143691,33,,No seleccionada/o,,
2,Licenciatura 2026,203,20300095,ENFERMERIA Y OBSTETRICIA,FACULTAD DE ENFERMERIA Y OBSTETRICIA,Escolarizado,https://www.dgae.unam.mx/Licenciatura2026/resultados_control/2/20300095.html,70,434,235,58,75,144024,31,,No seleccionada/o,,
2,Licenciatura 2026,203,20300095,ENFERMERIA Y OBSTETRICIA,FACULTAD DE ENFERMERIA Y OBSTETRICIA,Escolarizado,https://www.dgae.unam.mx/Licenciatura2026/resultados_control/2/20300095.html,70,434,235,58,75,144564,,N,No presentada/o,,
2,Licenciatura 2026,203,20300095,ENFERMERIA Y OBSTETRICIA,FACULTAD DE ENFERMERIA Y OBSTETRICIA,Escolarizado,https://www.dgae.unam.mx/Licenciatura2026/resultados_control/2/20300095.html,70,434,235,58,75,144784,,N,No presentada/o,,
2,Licenciatura 2026,203,20300095,ENFERMERIA Y OBSTETRICIA,FACULTAD DE ENFERMERIA Y OBSTETRICIA,Escolarizado,https://www.dgae.unam.mx/Licenciatura2026/resultados_control/2/20300095.html,70,434,235,58,75,145903,,N,No presentada/o,,
2,Licenciatura 2026,203,20300095,ENFERMERIA Y OBSTETRICIA,FACULTAD DE ENFERMERIA Y OBSTETRICIA,Escolarizado,https://www.dgae.unam.mx/Licenciatura2026/resultados_control/2/20300095.html,70,434,235,58,75,148470,45,,No seleccionada/o,,
2,Licenciatura 2026,203,20300095,ENFERMERIA Y OBSTETRICIA,FACULTAD DE ENFERMERIA Y OBSTETRICIA,Escolarizado,https://www.dgae.unam.mx/Licenciatura2026/resultados_control/2/20300095.html,70,434,235,58,75,148980,,N,No presentada/o,,
2,Licenciatura 2026,203,20300095,ENFERMERIA Y OBSTETRICIA,FACULTAD DE ENFERMERIA Y OBSTETRICIA,Escolarizado,https://www.dgae.unam.mx/Licenciatura2026/resultados_control/2/20300095.html,70,434,235,58,75,149327,70,S,Seleccionada/o,Cita para entregar documentación.,
2,Licenciatura 2026,203,20300095,ENFERMERIA Y OBSTETRICIA,FACULTAD DE ENFERMERIA Y OBSTETRICIA,Escolarizado,https://www.dgae.unam.mx/Licenciatura2026/resultados_control/2/20300095.html,70,434,235,58,75,151618,40,,No seleccionada/o,,
