Area,Concurso,Clave_carrera,Codigo_opcion,Carrera,Plantel,Modalidad,URL_resultados,Oferta,Aspirantes,Presentaron_examen,Aciertos_minimos,Seleccionados,Numero_comprobante,Aciertos,Acreditado,Estatus,Detalles,Diagnostico
2,Licenciatura 2026,210,21000195,PSICOLOGIA,FACULTAD DE PSICOLOGÍA,Escolarizado,https://www.dgae.unam.mx/Licenciatura2026/resultados_control/2/21000195.html,80,596,372,74,142,070248,48,,No seleccionada/o,,
2,Licenciatura 2026,210,21000195,PSICOLOGIA,FACULTAD DE PSICOLOGÍA,Escolarizado,https://www.dgae.unam.mx/Licenciatura2026/resultados_control/2/21000195.html,80,596,372,74,142,070655,61,,No seleccionada/o,,
2,Licenciatura 2026,210,21000195,PSICOLOGIA,FACULTAD DE PSICOLOGÍA,Escolarizado,https://www.dgae.unam.mx/Licenciatura2026/resultados_control/2/21000195.html,80,596,372,74,142,071022,71,,No seleccionada/o,,
2,Licenciatura 2026,210,21000195,PSICOLOGIA,FACULTAD DE PSICOLOGÍA,Escolarizado,https://www.dgae.unam.mx/Licenciatura2026/resultados_control/2/21000195.html,80,596,372,74,142,071230,77,S,Seleccionada/o,Cita para entregar documentación.,
2,Licenciatura 2026,210,21000195,PSICOLOGIA,FACULTAD DE PSICOLOGÍA,Escolarizado,https://www.dgae.unam.mx/Licenciatura2026/resultados_control/2/21000195.html,80,596,372,74,142,071262,92,S,Seleccionada/o,,
2,Licenciatura 2026,210,21000195,PSICOLOGIA,FACULTAD DE PSICOLOGÍA,Escolarizado,https://www.dgae.unam.mx/Licenciatura2026/resultados_control/2/21000195.html,80,596,372,74,142,071331,,N,No presentada/o,,
2,Licenciatura 2026,210,21000195,PSICOLOGIA,FACULTAD DE PSICOLOGÍA,Escolarizado,https://www.dgae.unam.mx/Licenciatura2026/resultados_control/2/21000195.html,80,596,372,74,142,071398,66,,No seleccionada/o,,
2,Licenciatura 2026,210,21000195,PSICOLOGIA,FACULTAD DE PSICOLOGÍA,Escolarizado,https://www.dgae.unam.mx/Licenciatura2026/resultados_control/2/21000195.html,80,596,372,74,142,071726,48,,No seleccionada/o,,
2,Licenciatura 2026,210,21000195,PSICOLOGIA,FACULTAD DE PSICOLOGÍA,Escolarizado,https://www.dgae.unam.mx/Licenciatura2026/resultados_control/2/21000195.html,80,596,372,74,142,072003,73,,No seleccionada/o,,
2,Licenciatura 2026,210,21000195,PSICOLOGIA,FACULTAD DE PSICOLOGÍA,Escolarizado,https://www.dgae.unam.mx/Licenciatura2026/resultados_control/2/21000195.html,80,596,372,74,142,072062,,N,No presentada/o,,
2,Licenciatura 2026,210,21000195,PSICOLOGIA,FACULTAD DE PSICOLOGÍA,Escolarizado,https://www.dgae.unam.mx/Licenciatura2026/resultados_control/2/21000195.html,80,596,372,74,142,072383,91,S,Seleccionada/o,,
2,Licenciatura 2026,210,21000195,PSICOLOGIA,FACULTAD DE PSICOLOGÍA,Escolarizado,https://www.dgae.unam.mx/Licenciatura2026/resultados_control/2/21000195.html,80,596,372,74,142,072409,46,,No seleccionada/o,,
2,Licenciatura 2026,210,21000195,PSICOLOGIA,FACULTAD DE PSICOLOGÍA,Escolarizado,https://www.dgae.unam.mx/Licenciatura2026/resultados_control/2/21000195.html,80,596,372,74,142,072449,,N,No presentada/o,,
2,Licenciatura 2026,210,21000195,PSICOLOGIA,FACULTAD DE PSICOLOGÍA,Escolarizado,https://www.dgae.unam.mx/Licenciatura2026/resultados_control/2/21000195.html,80,596,372,74,142,072608,,N,No presentada/o,,
2,Licenciatura 2026,210,21000195,PSICOLOGIA,FACULTAD DE PSICOLOGÍA,Escolarizado,https://www.dgae.unam.mx/Licenciatura2026/resultados_control/2/21000195.html,80,596,372,74,142,072668,,N,No presentada/o,,
2,Licenciatura 2026,210,21000195,PSICOLOGIA,FACULTAD DE PSICOLOGÍA,Escolarizado,https://www.dgae.unam.mx/Licenciatura2026/resultados_control/2/21000195.html,80,596,372,74,142,072718,,N,No presentada/o,,
2,Licenciatura 2026,210,21000195,PSICOLOGIA,FACULTAD DE PSICOLOGÍA,Escolarizado,https://www.dgae.unam.mx/Licenciatura2026/resultados_control/2/21000195.html,80,596,372,74,142,072885,94,S,Seleccionada/o,,
2,Licenciatura 2026,210,21000195,PSICOLOGIA,FACULTAD DE PSICOLOGÍA,Escolarizado,https://www.dgae.unam.mx/Licenciatura2026/resultados_control/2/21000195.html,80,596,372,74,142,072952,,S,Seleccionada/o,Cita para aclarar situación escolar.,
2,Licenciatura 2026,210,21000195,PSICOLOGIA,FACULTAD DE PSICOLOGÍA,Escolarizado,https://www.dgae.unam.mx/Licenciatura2026/resultados_control/2/21000195.html,80,596,372,74,142,072958,45,,No seleccionada/o,,
2,Licenciatura 2026,210,21000195,PSICOLOGIA,FACULTAD DE PSICOLOGÍA,Escolarizado,https://www.dgae.unam.mx/Licenciatura2026/resultados_control/2/21000195.html,80,596,372,74,142,073201,83,S,Seleccionada/o,Cita para entregar documentación.,
2,Licenciatura 2026,210,21000195,PSICOLOGIA,FACULTAD DE PSICOLOGÍA,Escolarizado,https://www.dgae.unam.mx/Licenciatura2026/resultados_control/2/21000195.html,80,596,372,74,142,073210,69,,No seleccionada/o,,
2,Licenciatura 2026,210,21000195,PSICOLOGIA,FACULTAD DE PSICOLOGÍA,Escolarizado,https://www.dgae.unam.mx/Licenciatura2026/resultados_control/2/21000195.html,80,596,372,74,142,073215,66,,No seleccionada/o,,
2,Licenciatura 2026,210,21000195,PSICOLOGIA,FACULTAD DE PSICOLOGÍA,Escolarizado,https://www.dgae.unam.mx/Licenciatura2026/resultados_control/2/21000195.html,80,596,372,74,142,073425,,N,No presentada/o,,
2,Licenciatura 2026,210,21000195,PSICOLOGIA,FACULTAD DE PSICOLOGÍA,Escolarizado,https://www.dgae.unam.mx/Licenciatura2026/resultados_control/2/21000195.html,80,596,372,74,142,073499,61,,No seleccionada/o,,
2,Licenciatura 2026,210,21000195,PSICOLOGIA,FACULTAD DE PSICOLOGÍA,Escolarizado,https://www.dgae.unam.mx/Licenciatura2026/resultados_control/2/21000195.html,80,596,372,74,142,073608,,N,No presentada/o,,
2,Licenciatura 2026,210,21000195,PSICOLOGIA,FACULTAD DE PSICOLOGÍA,Escolarizado,https://www.dgae.unam.mx/Licenciatura2026/resultados_control/2/21000195.html,80,596,372,74,142,073632,101,S,Seleccionada/o,,
2,Licenciatura 2026,210,21000195,PSICOLOGIA,FACULTAD DE PSICOLOGÍA,Escolarizado,https://www.dgae.unam.mx/Licenciatura2026/resultados_control/2/21000195.html,80,596,372,74,142,074075,89,S,Seleccionada/o,,
2,Licenciatura 2026,210,21000195,PSICOLOGIA,FACULTAD DE PSICOLOGÍA,Escolarizado,https://www.dgae.unam.mx/Licenciatura2026/resultados_control/2/21000195.html,80,596,372,74,142,074227,33,,No seleccionada/o,,
2,Licenciatura 2026,210,21000195,PSICOLOGIA,FACULTAD DE PSICOLOGÍA,Escolarizado,https://www.dgae.unam.mx/Licenciatura2026/resultados_control/2/21000195.html,80,596,372,74,142,074506,,N,No presentada/o,,
2,Licenciatura 2026,210,21000195,PSICOLOGIA,FACULTAD DE PSICOLOGÍA,Escolarizado,https://www.dgae.unam.mx/Licenciatura2026/resultados_control/2/21000195.html,80,596,372,74,142,074986,73,,No seleccionada/o,,
2,Licenciatura 2026,210,21000195,PSICOLOGIA,FACULTAD DE PSICOLOGÍA,Escolarizado,https://www.dgae.unam.mx/Licenciatura2026/resultados_control/2/21000195.html,80,596,372,74,142,074987,39,,No seleccionada/o,,
2,Licenciatura 2026,210,21000195,PSICOLOGIA,FACULTAD DE PSICOLOGÍA,Escolarizado,https://www.dgae.unam.mx/Licenciatura2026/resultados_control/2/21000195.html,80,596,372,74,142,075007,96,S,Seleccionada/o,,
2,Licenciatura 2026,210,21000195,PSICOLOGIA,FACULTAD DE PSICOLOGÍA,Escolarizado,https://www.dgae.unam.mx/Licenciatura2026/resultados_control/2/21000195.html,80,596,372,74,142,075455,33,,No seleccionada/o,,
2,Licenciatura 2026,210,21000195,PSICOLOGIA,FACULTAD DE PSICOLOGÍA,Escolarizado,https://www.dgae.unam.mx/Licenciatura2026/resultados_control/2/21000195.html,80,596,372,74,142,075768,44,,No seleccionada/o,,
2,Licenciatura 2026,210,21000195,PSICOLOGIA,FACULTAD DE PSICOLOGÍA,Escolarizado,https://www.dgae.unam.mx/Licenciatura2026/resultados_control/2/21000195.html,80,596,372,74,142,075775,,N,No presentada/o,,
2,Licenciatura 2026,210,21000195,PSICOLOGIA,FACULTAD DE PSICOLOGÍA,Escolarizado,https://www.dgae.unam.mx/Licenciatura2026/resultados_control/2/21000195.html,80,596,372,74,142,075821,47,,No seleccionada/o,,
2,Licenciatura 2026,210,21000195,PSICOLOGIA,FACULTAD DE PSICOLOGÍA,Escolarizado,https://www.dgae.unam.mx/Licenciatura2026/resultados_control/2/21000195.html,80,596,372,74,142,075887,,N,No presentada/o,,
2,Licenciatura 2026,210,21000195,PSICOLOGIA,FACULTAD DE PSICOLOGÍA,Escolarizado,https://www.dgae.unam.mx/Licenciatura2026/resultados_control/2/21000195.html,80,596,372,74,142,076063,74,S,Seleccionada/o,Cita para entregar documentación.,
2,Licenciatura 2026,210,21000195,PSICOLOGIA,FACULTAD DE PSICOLOGÍA,Escolarizado,https://www.dgae.unam.mx/Licenciatura2026/resultados_control/2/21000195.html,80,596,372,74,142,076154,71,,No seleccionada/o,,
2,Licenciatura 2026,210,21000195,PSICOLOGIA,FACULTAD DE PSICOLOGÍA,Escolarizado,https://www.dgae.unam.mx/Licenciatura2026/resultados_control/2/21000195.html,80,596,372,74,142,076160,,N,No presentada/o,,
2,Licenciatura 2026,210,21000195,PSICOLOGIA,FACULTAD DE PSICOLOGÍA,Escolarizado,https://www.dgae.unam.mx/Licenciatura2026/resultados_control/2/21000195.html,80,596,372,74,142,076162,75,S,Seleccionada/o,,
2,Licenciatura 2026,210,21000195,PSICOLOGIA,FACULTAD DE PSICOLOGÍA,Escolarizado,https://www.dgae.unam.mx/Licenciatura2026/resultados_control/2/21000195.html,80,596,372,74,142,076455,,N,No presentada/o,,
2,Licenciatura 2026,210,21000195,PSICOLOGIA,FACULTAD DE PSICOLOGÍA,Escolarizado,https://www.dgae.unam.mx/Licenciatura2026/resultados_control/2/21000195.html,80,596,372,74,142,076497,,N,No presentada/o,,
2,Licenciatura 2026,210,21000195,PSICOLOGIA,FACULTAD DE PSICOLOGÍA,Escolarizado,https://www.dgae.unam.mx/Licenciatura2026/resultados_control/2/21000195.html,80,596,372,74,142,077056,108,S,Seleccionada/o,,
2,Licenciatura 2026,210,21000195,PSICOLOGIA,FACULTAD DE PSICOLOGÍA,Escolarizado,https://www.dgae.unam.mx/Licenciatura2026/resultados_control/2/21000195.html,80,596,372,74,142,077077,,N,No presentada/o,,
2,Licenciatura 2026,210,21000195,PSICOLOGIA,FACULTAD DE PSICOLOGÍA,Escolarizado,https://www.dgae.unam.mx/Licenciatura2026/resultados_control/2/21000195.html,80,596,372,74,142,077098,,N,No presentada/o,,
2,Licenciatura 2026,210,21000195,PSICOLOGIA,FACULTAD DE PSICOLOGÍA,Escolarizado,https://www.dgae.unam.mx/Licenciatura2026/resultados_control/2/21000195.html,80,596,372,74,142,077121,,N,No presentada/o,,
2,Licenciatura 2026,210,21000195,PSICOLOGIA,FACULTAD DE PSICOLOGÍA,Escolarizado,https://www.dgae.unam.mx/Licenciatura2026/resultados_control/2/21000195.html,80,596,372,74,142,077297,89,S,Seleccionada/o,,
2,Licenciatura 2026,210,21000195,PSICOLOGIA,FACULTAD DE PSICOLOGÍA,Escolarizado,https://www.dgae.unam.mx/Licenciatura2026/resultados_control/2/21000195.html,80,596,372,74,142,077512,,N,No presentada/o,,
2,Licenciatura 2026,210,21000195,PSICOLOGIA,FACULTAD DE PSICOLOGÍA,Escolarizado,https://www.dgae.unam.mx/Licenciatura2026/resultados_control/2/21000195.html,80,596,372,74,142,077714,,N,No presentada/o,,
2,Licenciatura 2026,210,21000195,PSICOLOGIA,FACULTAD DE PSICOLOGÍA,Escolarizado,https://www.dgae.unam.mx/Licenciatura2026/resultados_control/2/21000195.html,80,596,372,74,142,077798,85,S,Seleccionada/o,Cita para entregar documentación.,
2,Licenciatura 2026,210,21000195,PSICOLOGIA,FACULTAD DE PSICOLOGÍA,Escolarizado,https://www.dgae.unam.mx/Licenciatura2026/resultados_control/2/21000195.html,80,596,372,74,142,077934,,N,No presentada/o,,
2,Licenciatura 2026,210,21000195,PSICOLOGIA,FACULTAD DE PSICOLOGÍA,Escolarizado,https://www.dgae.unam.mx/Licenciatura2026/resultados_control/2/21000195.html,80,596,372,74,142,078674,,N,No presentada/o,,
2,Licenciatura 2026,210,21000195,PSICOLOGIA,FACULTAD DE PSICOLOGÍA,Escolarizado,https://www.dgae.unam.mx/Licenciatura2026/resultados_control/2/21000195.html,80,596,372,74,142,078696,,N,No presentada/o,,
2,Licenciatura 2026,210,21000195,PSICOLOGIA,FACULTAD DE PSICOLOGÍA,Escolarizado,https://www.dgae.unam.mx/Licenciatura2026/resultados_control/2/21000195.html,80,596,372,74,142,078714,71,,No seleccionada/o,,
2,Licenciatura 2026,210,21000195,PSICOLOGIA,FACULTAD DE PSICOLOGÍA,Escolarizado,https://www.dgae.unam.mx/Licenciatura2026/resultados_control/2/21000195.html,80,596,372,74,142,078864,,N,No presentada/o,,
2,Licenciatura 2026,210,21000195,PSICOLOGIA,FACULTAD DE PSICOLOGÍA,Escolarizado,https://www.dgae.unam.mx/Licenciatura2026/resultados_control/2/21000195.html,80,596,372,74,142,078939,54,,No seleccionada/o,,
2,Licenciatura 2026,210,21000195,PSICOLOGIA,FACULTAD DE PSICOLOGÍA,Escolarizado,https://www.dgae.unam.mx/Licenciatura2026/resultados_control/2/21000195.html,80,596,372,74,142,079371,,N,No presentada/o,,
2,Licenciatura 2026,210,21000195,PSICOLOGIA,FACULTAD DE PSICOLOGÍA,Escolarizado,https://www.dgae.unam.mx/Licenciatura2026/resultados_control/2/21000195.html,80,596,372,74,142,079408,,N,No presentada/o,,
2,Licenciatura 2026,210,21000195,PSICOLOGIA,FACULTAD DE PSICOLOGÍA,Escolarizado,https://www.dgae.unam.mx/Licenciatura2026/resultados_control/2/21000195.html,80,596,372,74,142,079584,44,,No seleccionada/o,,
2,Licenciatura 2026,210,21000195,PSICOLOGIA,FACULTAD DE PSICOLOGÍA,Escolarizado,https://www.dgae.unam.mx/Licenciatura2026/resultados_control/2/21000195.html,80,596,372,74,142,079853,43,,No seleccionada/o,,
2,Licenciatura 2026,210,21000195,PSICOLOGIA,FACULTAD DE PSICOLOGÍA,Escolarizado,https://www.dgae.unam.mx/Licenciatura2026/resultados_control/2/21000195.html,80,596,372,74,142,080354,,N,No presentada/o,,
2,Licenciatura 2026,210,21000195,PSICOLOGIA,FACULTAD DE PSICOLOGÍA,Escolarizado,https://www.dgae.unam.mx/Licenciatura2026/resultados_control/2/21000195.html,80,596,372,74,142,080556,,N,No presentada/o,,
2,Licenciatura 2026,210,21000195,PSICOLOGIA,FACULTAD DE PSICOLOGÍA,Escolarizado,https://www.dgae.unam.mx/Licenciatura2026/resultados_control/2/21000195.html,80,596,372,74,142,080618,89,S,Seleccionada/o,Cita para entregar documentación.,
2,Licenciatura 2026,210,21000195,PSICOLOGIA,FACULTAD DE PSICOLOGÍA,Escolarizado,https://www.dgae.unam.mx/Licenciatura2026/resultados_control/2/21000195.html,80,596,372,74,142,080638,30,,No seleccionada/o,,
2,Licenciatura 2026,210,21000195,PSICOLOGIA,FACULTAD DE PSICOLOGÍA,Escolarizado,https://www.dgae.unam.mx/Licenciatura2026/resultados_control/2/21000195.html,80,596,372,74,142,080810,44,,No seleccionada/o,,
2,Licenciatura 2026,210,21000195,PSICOLOGIA,FACULTAD DE PSICOLOGÍA,Escolarizado,https://www.dgae.unam.mx/Licenciatura2026/resultados_control/2/21000195.html,80,596,372,74,142,081225,61,,No seleccionada/o,,
2,Licenciatura 2026,210,21000195,PSICOLOGIA,FACULTAD DE PSICOLOGÍA,Escolarizado,https://www.dgae.unam.mx/Licenciatura2026/resultados_control/2/21000195.html,80,596,372,74,142,081245,79,S,Seleccionada/o,Cita para entregar documentación.,
2,Licenciatura 2026,210,21000195,PSICOLOGIA,FACULTAD DE PSICOLOGÍA,Escolarizado,https://www.dgae.unam.mx/Licenciatura2026/resultados_control/2/21000195.html,80,596,372,74,142,081458,,N,No presentada/o,,
2,Licenciatura 2026,210,21000195,PSICOLOGIA,FACULTAD DE PSICOLOGÍA,Escolarizado,https://www.dgae.unam.mx/Licenciatura2026/resultados_control/2/21000195.html,80,596,372,74,142,081834,79,S,Seleccionada/o,,
2,Licenciatura 2026,210,21000195,PSICOLOGIA,FACULTAD DE PSICOLOGÍA,Escolarizado,https://www.dgae.unam.mx/Licenciatura2026/resultados_control/2/21000195.html,80,596,372,74,142,082068,,N,No presentada/o,,
2,Licenciatura 2026,210,21000195,PSICOLOGIA,FACULTAD DE PSICOLOGÍA,Escolarizado,https://www.dgae.unam.mx/Licenciatura2026/resultados_control/2/21000195.html,80,596,372,74,142,082173,66,,No seleccionada/o,,
2,Licenciatura 2026,210,21000195,PSICOLOGIA,FACULTAD DE PSICOLOGÍA,Escolarizado,https://www.dgae.unam.mx/Licenciatura2026/resultados_control/2/21000195.html,80,596,372,74,142,082287,85,S,Seleccionada/o,Cita para entregar documentación.,
2,Licenciatura 2026,210,21000195,PSICOLOGIA,FACULTAD DE PSICOLOGÍA,Escolarizado,https://www.dgae.unam.mx/Licenciatura2026/resultados_control/2/21000195.html,80,596,372,74,142,082324,69,,No seleccionada/o,,
2,Licenciatura 2026,210,21000195,PSICOLOGIA,FACULTAD DE PSICOLOGÍA,Escolarizado,https://www.dgae.unam.mx/Licenciatura2026/resultados_control/2/21000195.html,80,596,372,74,142,082411,,N,No presentada/o,,
2,Licenciatura 2026,210,21000195,PSICOLOGIA,FACULTAD DE PSICOLOGÍA,Escolarizado,https://www.dgae.unam.mx/Licenciatura2026/resultados_control/2/21000195.html,80,596,372,74,142,082519,89,S,Seleccionada/o,,
2,Licenciatura 2026,210,21000195,PSICOLOGIA,FACULTAD DE PSICOLOGÍA,Escolarizado,https://www.dgae.unam.mx/Licenciatura2026/resultados_control/2/21000195.html,80,596,372,74,142,082698,,N,No presentada/o,,
2,Licenciatura 2026,210,21000195,PSICOLOGIA,FACULTAD DE PSICOLOGÍA,Escolarizado,https://www.dgae.unam.mx/Licenciatura2026/resultados_control/2/21000195.html,80,596,372,74,142,082724,,N,No presentada/o,,
2,Licenciatura 2026,210,21000195,PSICOLOGIA,FACULTAD DE PSICOLOGÍA,Escolarizado,https://www.dgae.unam.mx/Licenciatura2026/resultados_control/2/21000195.html,80,596,372,74,142,082758,,N,No presentada/o,,
2,Licenciatura 2026,210,21000195,PSICOLOGIA,FACULTAD DE PSICOLOGÍA,Escolarizado,https://www.dgae.unam.mx/Licenciatura2026/resultados_control/2/21000195.html,80,596,372,74,142,082920,,N,No presentada/o,,
2,Licenciatura 2026,210,21000195,PSICOLOGIA,FACULTAD DE PSICOLOGÍA,Escolarizado,https://www.dgae.unam.mx/Licenciatura2026/resultados_control/2/21000195.html,80,596,372,74,142,082948,,N,No presentada/o,,
2,Licenciatura 2026,210,21000195,PSICOLOGIA,FACULTAD DE PSICOLOGÍA,Escolarizado,https://www.dgae.unam.mx/Licenciatura2026/resultados_control/2/21000195.html,80,596,372,74,142,083203,,N,No presentada/o,,
2,Licenciatura 2026,210,21000195,PSICOLOGIA,FACULTAD DE PSICOLOGÍA,Escolarizado,https://www.dgae.unam.mx/Licenciatura2026/resultados_control/2/21000195.html,80,596,372,74,142,083342,96,S,Seleccionada/o,Cita para entregar documentación.,
2,Licenciatura 2026,210,21000195,PSICOLOGIA,FACULTAD DE PSICOLOGÍA,Escolarizado,https://www.dgae.unam.mx/Licenciatura2026/resultados_control/2/21000195.html,80,596,372,74,142,083494,42,,No seleccionada/o,,
2,Licenciatura 2026,210,21000195,PSICOLOGIA,FACULTAD DE PSICOLOGÍA,Escolarizado,https://www.dgae.unam.mx/Licenciatura2026/resultados_control/2/21000195.html,80,596,372,74,142,083539,71,,No seleccionada/o,,
2,Licenciatura 2026,210,21000195,PSICOLOGIA,FACULTAD DE PSICOLOGÍA,Escolarizado,https://www.dgae.unam.mx/Licenciatura2026/resultados_control/2/21000195.html,80,596,372,74,142,083689,43,,No seleccionada/o,,
2,Licenciatura 2026,210,21000195,PSICOLOGIA,FACULTAD DE PSICOLOGÍA,Escolarizado,https://www.dgae.unam.mx/Licenciatura2026/resultados_control/2/21000195.html,80,596,372,74,142,084288,,N,No presentada/o,,
2,Licenciatura 2026,210,21000195,PSICOLOGIA,FACULTAD DE PSICOLOGÍA,Escolarizado,https://www.dgae.unam.mx/Licenciatura2026/resultados_control/2/21000195.html,80,596,372,74,142,084711,51,,No seleccionada/o,,
2,Licenciatura 2026,210,21000195,PSICOLOGIA,FACULTAD DE PSICOLOGÍA,Escolarizado,https://www.dgae.unam.mx/Licenciatura2026/resultados_control/2/21000195.html,80,596,372,74,142,084937,74,S,Seleccionada/o,,
2,Licenciatura 2026,210,21000195,PSICOLOGIA,FACULTAD DE PSICOLOGÍA,Escolarizado,https://www.dgae.unam.mx/Licenciatura2026/resultados_control/2/21000195.html,80,596,372,74,142,085281,72,,No seleccionada/o,,
2,Licenciatura 2026,210,21000195,PSICOLOGIA,FACULTAD DE PSICOLOGÍA,Escolarizado,https://www.dgae.unam.mx/Licenciatura2026/resultados_control/2/21000195.html,80,596,372,74,142,085406,55,,No seleccionada/o,,
2,Licenciatura 2026,210,21000195,PSICOLOGIA,FACULTAD DE PSICOLOGÍA,Escolarizado,https://www.dgae.unam.mx/Licenciatura2026/resultados_control/2/21000195.html,80,596,372,74,142,085451,39,,No seleccionada/o,,
2,Licenciatura 2026,210,21000195,PSICOLOGIA,FACULTAD DE PSICOLOGÍA,Escolarizado,https://www.dgae.unam.mx/Licenciatura2026/resultados_control/2/21000195.html,80,596,372,74,142,085674,,N,No presentada/o,,
2,Licenciatura 2026,210,21000195,PSICOLOGIA,FACULTAD DE PSICOLOGÍA,Escolarizado,https://www.dgae.unam.mx/Licenciatura2026/resultados_control/2/21000195.html,80,596,372,74,142,085688,97,S,Seleccionada/o,Cita para entregar documentación.,
2,Licenciatura 2026,210,21000195,PSICOLOGIA,FACULTAD DE PSICOLOGÍA,Escolarizado,https://www.dgae.unam.mx/Licenciatura2026/resultados_control/2/21000195.html,80,596,372,74,142,085811,56,,No seleccionada/o,,
2,Licenciatura 2026,210,21000195,PSICOLOGIA,FACULTAD DE PSICOLOGÍA,Escolarizado,https://www.dgae.unam.mx/Licenciatura2026/resultados_control/2/21000195.html,80,596,372,74,142,086039,91,S,Seleccionada/o,,
2,Licenciatura 2026,210,21000195,PSICOLOGIA,FACULTAD DE PSICOLOGÍA,Escolarizado,https://www.dgae.unam.mx/Licenciatura2026/resultados_control/2/21000195.html,80,596,372,74,142,086169,77,S,Seleccionada/o,,
2,Licenciatura 2026,210,21000195,PSICOLOGIA,FACULTAD DE PSICOLOGÍA,Escolarizado,https://www.dgae.unam.mx/Licenciatura2026/resultados_control/2/21000195.html,80,596,372,74,142,086692,,N,No presentada/o,,
2,Licenciatura 2026,210,21000195,PSICOLOGIA,FACULTAD DE PSICOLOGÍA,Escolarizado,https://www.dgae.unam.mx/Licenciatura2026/resultados_control/2/21000195.html,80,596,372,74,142,086771,,N,No presentada/o,,
2,Licenciatura 2026,210,21000195,PSICOLOGIA,FACULTAD DE PSICOLOGÍA,Escolarizado,https://www.dgae.unam.mx/Licenciatura2026/resultados_control/2/21000195.html,80,596,372,74,142,086773,,N,No presentada/o,,
2,Licenciatura 2026,210,21000195,PSICOLOGIA,FACULTAD DE PSICOLOGÍA,Escolarizado,https://www.dgae.unam.mx/Licenciatura2026/resultados_control/2/21000195.html,80,596,372,74,142,086806,59,,No seleccionada/o,,
2,Licenciatura 2026,210,21000195,PSICOLOGIA,FACULTAD DE PSICOLOGÍA,Escolarizado,https://www.dgae.unam.mx/Licenciatura2026/resultados_control/2/21000195.html,80,596,372,74,142,086823,65,,No seleccionada/o,,
2,Licenciatura 2026,210,21000195,PSICOLOGIA,FACULTAD DE PSICOLOGÍA,Escolarizado,https://www.dgae.unam.mx/Licenciatura2026/resultados_control/2/21000195.html,80,596,372,74,142,086866,76,S,Seleccionada/o,Cita para entregar documentación.,
2,Licenciatura 2026,210,21000195,PSICOLOGIA,FACULTAD DE PSICOLOGÍA,Escolarizado,https://www.dgae.unam.mx/Licenciatura2026/resultados_control/2/21000195.html,80,596,372,74,142,087144,49,,No seleccionada/o,,
2,Licenciatura 2026,210,21000195,PSICOLOGIA,FACULTAD DE PSICOLOGÍA,Escolarizado,https://www.dgae.unam.mx/Licenciatura2026/resultados_control/2/21000195.html,80,596,372,74,142,087295,,N,No presentada/o,,
2,Licenciatura 2026,210,21000195,PSICOLOGIA,FACULTAD DE PSICOLOGÍA,Escolarizado,https://www.dgae.unam.mx/Licenciatura2026/resultados_control/2/21000195.html,80,596,372,74,142,087516,101,S,Seleccionada/o,Cita para entregar documentación.,
2,Licenciatura 2026,210,21000195,PSICOLOGIA,FACULTAD DE PSICOLOGÍA,Escolarizado,https://www.dgae.unam.mx/Licenciatura2026/resultados_control/2/21000195.html,80,596,372,74,142,087702,76,S,Seleccionada/o,,
2,Licenciatura 2026,210,21000195,PSICOLOGIA,FACULTAD DE PSICOLOGÍA,Escolarizado,https://www.dgae.unam.mx/Licenciatura2026/resultados_control/2/21000195.html,80,596,372,74,142,087814,50,,No seleccionada/o,,
2,Licenciatura 2026,210,21000195,PSICOLOGIA,FACULTAD DE PSICOLOGÍA,Escolarizado,https://www.dgae.unam.mx/Licenciatura2026/resultados_control/2/21000195.html,80,596,372,74,142,087948,,N,No presentada/o,,
2,Licenciatura 2026,210,21000195,PSICOLOGIA,FACULTAD DE PSICOLOGÍA,Escolarizado,https://www.dgae.unam.mx/Licenciatura2026/resultados_control/2/21000195.html,80,596,372,74,142,088069,77,S,Seleccionada/o,,
2,Licenciatura 2026,210,21000195,PSICOLOGIA,FACULTAD DE PSICOLOGÍA,Escolarizado,https://www.dgae.unam.mx/Licenciatura2026/resultados_control/2/21000195.html,80,596,372,74,142,088210,86,S,Seleccionada/o,,
2,Licenciatura 2026,210,21000195,PSICOLOGIA,FACULTAD DE PSICOLOGÍA,Escolarizado,https://www.dgae.unam.mx/Licenciatura2026/resultados_control/2/21000195.html,80,596,372,74,142,088242,,N,No presentada/o,,
2,Licenciatura 2026,210,21000195,PSICOLOGIA,FACULTAD DE PSICOLOGÍA,Escolarizado,https://www.dgae.unam.mx/Licenciatura2026/resultados_control/2/21000195.html,80,596,372,74,142,088325,98,S,Seleccionada/o,Cita para entregar documentación.,
2,Licenciatura 2026,210,21000195,PSICOLOGIA,FACULTAD DE PSICOLOGÍA,Escolarizado,https://www.dgae.unam.mx/Licenciatura2026/resultados_control/2/21000195.html,80,596,372,74,142,088420,92,S,Seleccionada/o,Cita para entregar documentación.,
2,Licenciatura 2026,210,21000195,PSICOLOGIA,FACULTAD DE PSICOLOGÍA,Escolarizado,https://www.dgae.unam.mx/Licenciatura2026/resultados_control/2/21000195.html,80,596,372,74,142,088524,41,,No seleccionada/o,,
2,Licenciatura 2026,210,21000195,PSICOLOGIA,FACULTAD DE PSICOLOGÍA,Escolarizado,https://www.dgae.unam.mx/Licenciatura2026/resultados_control/2/21000195.html,80,596,372,74,142,088670,,N,No presentada/o,,
2,Licenciatura 2026,210,21000195,PSICOLOGIA,FACULTAD DE PSICOLOGÍA,Escolarizado,https://www.dgae.unam.mx/Licenciatura2026/resultados_control/2/21000195.html,80,596,372,74,142,088965,,N,No presentada/o,,
2,Licenciatura 2026,210,21000195,PSICOLOGIA,FACULTAD DE PSICOLOGÍA,Escolarizado,https://www.dgae.unam.mx/Licenciatura2026/resultados_control/2/21000195.html,80,596,372,74,142,089081,63,,No seleccionada/o,,
2,Licenciatura 2026,210,21000195,PSICOLOGIA,FACULTAD DE PSICOLOGÍA,Escolarizado,https://www.dgae.unam.mx/Licenciatura2026/resultados_control/2/21000195.html,80,596,372,74,142,089129,47,,No seleccionada/o,,
2,Licenciatura 2026,210,21000195,PSICOLOGIA,FACULTAD DE PSICOLOGÍA,Escolarizado,https://www.dgae.unam.mx/Licenciatura2026/resultados_control/2/21000195.html,80,596,372,74,142,089201,55,,No seleccionada/o,,
2,Licenciatura 2026,210,21000195,PSICOLOGIA,FACULTAD DE PSICOLOGÍA,Escolarizado,https://www.dgae.unam.mx/Licenciatura2026/resultados_control/2/21000195.html,80,596,372,74,142,089217,31,,No seleccionada/o,,
2,Licenciatura 2026,210,21000195,PSICOLOGIA,FACULTAD DE PSICOLOGÍA,Escolarizado,https://www.dgae.unam.mx/Licenciatura2026/resultados_control/2/21000195.html,80,596,372,74,142,089226,55,,No seleccionada/o,,
2,Licenciatura 2026,210,21000195,PSICOLOGIA,FACULTAD DE PSICOLOGÍA,Escolarizado,https://www.dgae.unam.mx/Licenciatura2026/resultados_control/2/21000195.html,80,596,372,74,142,089253,,N,No presentada/o,,
2,Licenciatura 2026,210,21000195,PSICOLOGIA,FACULTAD DE PSICOLOGÍA,Escolarizado,https://www.dgae.unam.mx/Licenciatura2026/resultados_control/2/21000195.html,80,596,372,74,142,089400,45,,No seleccionada/o,,
2,Licenciatura 2026,210,21000195,PSICOLOGIA,FACULTAD DE PSICOLOGÍA,Escolarizado,https://www.dgae.unam.mx/Licenciatura2026/resultados_control/2/21000195.html,80,596,372,74,142,089503,,N,No presentada/o,,
2,Licenciatura 2026,210,21000195,PSICOLOGIA,FACULTAD DE PSICOLOGÍA,Escolarizado,https://www.dgae.unam.mx/Licenciatura2026/resultados_control/2/21000195.html,80,596,372,74,142,089581,39,,No seleccionada/o,,
2,Licenciatura 2026,210,21000195,PSICOLOGIA,FACULTAD DE PSICOLOGÍA,Escolarizado,https://www.dgae.unam.mx/Licenciatura2026/resultados_control/2/21000195.html,80,596,372,74,142,089625,43,,No seleccionada/o,,
2,Licenciatura 2026,210,21000195,PSICOLOGIA,FACULTAD DE PSICOLOGÍA,Escolarizado,https://www.dgae.unam.mx/Licenciatura2026/resultados_control/2/21000195.html,80,596,372,74,142,090008,65,,No seleccionada/o,,
2,Licenciatura 2026,210,21000195,PSICOLOGIA,FACULTAD DE PSICOLOGÍA,Escolarizado,https://www.dgae.unam.mx/Licenciatura2026/resultados_control/2/21000195.html,80,596,372,74,142,090186,108,S,Seleccionada/o,Cita para entregar documentación.,
2,Licenciatura 2026,210,21000195,PSICOLOGIA,FACULTAD DE PSICOLOGÍA,Escolarizado,https://www.dgae.unam.mx/Licenciatura2026/resultados_control/2/21000195.html,80,596,372,74,142,090473,92,S,Seleccionada/o,Cita para entregar documentación.,
2,Licenciatura 2026,210,21000195,PSICOLOGIA,FACULTAD DE PSICOLOGÍA,Escolarizado,https://www.dgae.unam.mx/Licenciatura2026/resultados_control/2/21000195.html,80,596,372,74,142,090564,99,S,Seleccionada/o,,
2,Licenciatura 2026,210,21000195,PSICOLOGIA,FACULTAD DE PSICOLOGÍA,Escolarizado,https://www.dgae.unam.mx/Licenciatura2026/resultados_control/2/21000195.html,80,596,372,74,142,090660,81,S,Seleccionada/o,Cita para entregar documentación.,
2,Licenciatura 2026,210,21000195,PSICOLOGIA,FACULTAD DE PSICOLOGÍA,Escolarizado,https://www.dgae.unam.mx/Licenciatura2026/resultados_control/2/21000195.html,80,596,372,74,142,090670,,N,No presentada/o,,
2,Licenciatura 2026,210,21000195,PSICOLOGIA,FACULTAD DE PSICOLOGÍA,Escolarizado,https://www.dgae.unam.mx/Licenciatura2026/resultados_control/2/21000195.html,80,596,372,74,142,090875,83,S,Seleccionada/o,,
2,Licenciatura 2026,210,21000195,PSICOLOGIA,FACULTAD DE PSICOLOGÍA,Escolarizado,https://www.dgae.unam.mx/Licenciatura2026/resultados_control/2/21000195.html,80,596,372,74,142,090879,,N,No presentada/o,,
2,Licenciatura 2026,210,21000195,PSICOLOGIA,FACULTAD DE PSICOLOGÍA,Escolarizado,https://www.dgae.unam.mx/Licenciatura2026/resultados_control/2/21000195.html,80,596,372,74,142,090950,44,,No seleccionada/o,,
2,Licenciatura 2026,210,21000195,PSICOLOGIA,FACULTAD DE PSICOLOGÍA,Escolarizado,https://www.dgae.unam.mx/Licenciatura2026/resultados_control/2/21000195.html,80,596,372,74,142,091155,53,,No seleccionada/o,,
2,Licenciatura 2026,210,21000195,PSICOLOGIA,FACULTAD DE PSICOLOGÍA,Escolarizado,https://www.dgae.unam.mx/Licenciatura2026/resultados_control/2/21000195.html,80,596,372,74,142,091249,56,,No seleccionada/o,,
2,Licenciatura 2026,210,21000195,PSICOLOGIA,FACULTAD DE PSICOLOGÍA,Escolarizado,https://www.dgae.unam.mx/Licenciatura2026/resultados_control/2/21000195.html,80,596,372,74,142,091448,99,S,Seleccionada/o,,
2,Licenciatura 2026,210,21000195,PSICOLOGIA,FACULTAD DE PSICOLOGÍA,Escolarizado,https://www.dgae.unam.mx/Licenciatura2026/resultados_control/2/21000195.html,80,596,372,74,142,091532,46,,No seleccionada/o,,
2,Licenciatura 2026,210,21000195,PSICOLOGIA,FACULTAD DE PSICOLOGÍA,Escolarizado,https://www.dgae.unam.mx/Licenciatura2026/resultados_control/2/21000195.html,80,596,372,74,142,091666,62,,No seleccionada/o,,
2,Licenciatura 2026,210,21000195,PSICOLOGIA,FACULTAD DE PSICOLOGÍA,Escolarizado,https://www.dgae.unam.mx/Licenciatura2026/resultados_control/2/21000195.html,80,596,372,74,142,091702,,N,No presentada/o,,
2,Licenciatura 2026,210,21000195,PSICOLOGIA,FACULTAD DE PSICOLOGÍA,Escolarizado,https://www.dgae.unam.mx/Licenciatura2026/resultados_control/2/21000195.html,80,596,372,74,142,091750,58,,No seleccionada/o,,
2,Licenciatura 2026,210,21000195,PSICOLOGIA,FACULTAD DE PSICOLOGÍA,Escolarizado,https://www.dgae.unam.mx/Licenciatura2026/resultados_control/2/21000195.html,80,596,372,74,142,091757,102,S,Seleccionada/o,,
2,Licenciatura 2026,210,21000195,PSICOLOGIA,FACULTAD DE PSICOLOGÍA,Escolarizado,https://www.dgae.unam.mx/Licenciatura2026/resultados_control/2/21000195.html,80,596,372,74,142,092035,,N,No presentada/o,,
2,Licenciatura 2026,210,21000195,PSICOLOGIA,FACULTAD DE PSICOLOGÍA,Escolarizado,https://www.dgae.unam.mx/Licenciatura2026/resultados_control/2/21000195.html,80,596,372,74,142,092076,40,,No seleccionada/o,,
2,Licenciatura 2026,210,21000195,PSICOLOGIA,FACULTAD DE PSICOLOGÍA,Escolarizado,https://www.dgae.unam.mx/Licenciatura2026/resultados_control/2/21000195.html,80,596,372,74,142,092271,31,,No seleccionada/o,,
2,Licenciatura 2026,210,21000195,PSICOLOGIA,FACULTAD DE PSICOLOGÍA,Escolarizado,https://www.dgae.unam.mx/Licenciatura2026/resultados_control/2/21000195.html,80,596,372,74,142,092383,74,S,Seleccionada/o,Cita para entregar documentación.,
2,Licenciatura 2026,210,21000195,PSICOLOGIA,FACULTAD DE PSICOLOGÍA,Escolarizado,https://www.dgae.unam.mx/Licenciatura2026/resultados_control/2/21000195.html,80,596,372,74,142,092511,,N,No presentada/o,,
2,Licenciatura 2026,210,21000195,PSICOLOGIA,FACULTAD DE PSICOLOGÍA,Escolarizado,https://www.dgae.unam.mx/Licenciatura2026/resultados_control/2/21000195.html,80,596,372,74,142,092609,65,,No seleccionada/o,,
2,Licenciatura 2026,210,21000195,PSICOLOGIA,FACULTAD DE PSICOLOGÍA,Escolarizado,https://www.dgae.unam.mx/Licenciatura2026/resultados_control/2/21000195.html,80,596,372,74,142,092787,46,,No seleccionada/o,,
2,Licenciatura 2026,210,21000195,PSICOLOGIA,FACULTAD DE PSICOLOGÍA,Escolarizado,https://www.dgae.unam.mx/Licenciatura2026/resultados_control/2/21000195.html,80,596,372,74,142,093047,76,S,Seleccionada/o,Cita para entregar documentación.,
2,Licenciatura 2026,210,21000195,PSICOLOGIA,FACULTAD DE PSICOLOGÍA,Escolarizado,https://www.dgae.unam.mx/Licenciatura2026/resultados_control/2/21000195.html,80,596,372,74,142,093048,95,S,Seleccionada/o,,
2,Licenciatura 2026,210,21000195,PSICOLOGIA,FACULTAD DE PSICOLOGÍA,Escolarizado,https://www.dgae.unam.mx/Licenciatura2026/resultados_control/2/21000195.html,80,596,372,74,142,093459,78,S,Seleccionada/o,Cita para entregar documentación.,
2,Licenciatura 2026,210,21000195,PSICOLOGIA,FACULTAD DE PSICOLOGÍA,Escolarizado,https://www.dgae.unam.mx/Licenciatura2026/resultados_control/2/21000195.html,80,596,372,74,142,093486,76,S,Seleccionada/o,Cita para entregar documentación.,
2,Licenciatura 2026,210,21000195,PSICOLOGIA,FACULTAD DE PSICOLOGÍA,Escolarizado,https://www.dgae.unam.mx/Licenciatura2026/resultados_control/2/21000195.html,80,596,372,74,142,093618,,N,No presentada/o,,
2,Licenciatura 2026,210,21000195,PSICOLOGIA,FACULTAD DE PSICOLOGÍA,Escolarizado,https://www.dgae.unam.mx/Licenciatura2026/resultados_control/2/21000195.html,80,596,372,74,142,093688,85,S,Seleccionada/o,,
2,Licenciatura 2026,210,21000195,PSICOLOGIA,FACULTAD DE PSICOLOGÍA,Escolarizado,https://www.dgae.unam.mx/Licenciatura2026/resultados_control/2/21000195.html,80,596,372,74,142,093693,,N,No presentada/o,,
2,Licenciatura 2026,210,21000195,PSICOLOGIA,FACULTAD DE PSICOLOGÍA,Escolarizado,https://www.dgae.unam.mx/Licenciatura2026/resultados_control/2/21000195.html,80,596,372,74,142,093932,,N,No presentada/o,,
2,Licenciatura 2026,210,21000195,PSICOLOGIA,FACULTAD DE PSICOLOGÍA,Escolarizado,https://www.dgae.unam.mx/Licenciatura2026/resultados_control/2/21000195.html,80,596,372,74,142,094435,,N,No presentada/o,,
2,Licenciatura 2026,210,21000195,PSICOLOGIA,FACULTAD DE PSICOLOGÍA,Escolarizado,https://www.dgae.unam.mx/Licenciatura2026/resultados_control/2/21000195.html,80,596,372,74,142,094482,61,,No seleccionada/o,,
2,Licenciatura 2026,210,21000195,PSICOLOGIA,FACULTAD DE PSICOLOGÍA,Escolarizado,https://www.dgae.unam.mx/Licenciatura2026/resultados_control/2/21000195.html,80,596,372,74,142,094564,,N,No presentada/o,,
2,Licenciatura 2026,210,21000195,PSICOLOGIA,FACULTAD DE PSICOLOGÍA,Escolarizado,https://www.dgae.unam.mx/Licenciatura2026/resultados_control/2/21000195.html,80,596,372,74,142,094576,83,S,Seleccionada/o,,
2,Licenciatura 2026,210,21000195,PSICOLOGIA,FACULTAD DE PSICOLOGÍA,Escolarizado,https://www.dgae.unam.mx/Licenciatura2026/resultados_control/2/21000195.html,80,596,372,74,142,094720,33,,No seleccionada/o,,
2,Licenciatura 2026,210,21000195,PSICOLOGIA,FACULTAD DE PSICOLOGÍA,Escolarizado,https://www.dgae.unam.mx/Licenciatura2026/resultados_control/2/21000195.html,80,596,372,74,142,094742,37,,No seleccionada/o,,
2,Licenciatura 2026,210,21000195,PSICOLOGIA,FACULTAD DE PSICOLOGÍA,Escolarizado,https://www.dgae.unam.mx/Licenciatura2026/resultados_control/2/21000195.html,80,596,372,74,142,095025,,N,No presentada/o,,
2,Licenciatura 2026,210,21000195,PSICOLOGIA,FACULTAD DE PSICOLOGÍA,Escolarizado,https://www.dgae.unam.mx/Licenciatura2026/resultados_control/2/21000195.html,80,596,372,74,142,095074,54,,No seleccionada/o,,
2,Licenciatura 2026,210,21000195,PSICOLOGIA,FACULTAD DE PSICOLOGÍA,Escolarizado,https://www.dgae.unam.mx/Licenciatura2026/resultados_control/2/21000195.html,80,596,372,74,142,095128,90,S,Seleccionada/o,,
2,Licenciatura 2026,210,21000195,PSICOLOGIA,FACULTAD DE PSICOLOGÍA,Escolarizado,https://www.dgae.unam.mx/Licenciatura2026/resultados_control/2/21000195.html,80,596,372,74,142,095655,87,S,Seleccionada/o,,
2,Licenciatura 2026,210,21000195,PSICOLOGIA,FACULTAD DE PSICOLOGÍA,Escolarizado,https://www.dgae.unam.mx/Licenciatura2026/resultados_control/2/21000195.html,80,596,372,74,142,095815,,N,No presentada/o,,
2,Licenciatura 2026,210,21000195,PSICOLOGIA,FACULTAD DE PSICOLOGÍA,Escolarizado,https://www.dgae.unam.mx/Licenciatura2026/resultados_control/2/21000195.html,80,596,372,74,142,095942,64,,No seleccionada/o,,
2,Licenciatura 2026,210,21000195,PSICOLOGIA,FACULTAD DE PSICOLOGÍA,Escolarizado,https://www.dgae.unam.mx/Licenciatura2026/resultados_control/2/21000195.html,80,596,372,74,142,095970,,N,No presentada/o,,
2,Licenciatura 2026,210,21000195,PSICOLOGIA,FACULTAD DE PSICOLOGÍA,Escolarizado,https://www.dgae.unam.mx/Licenciatura2026/resultados_control/2/21000195.html,80,596,372,74,142,096246,47,,No seleccionada/o,,
2,Licenciatura 2026,210,21000195,PSICOLOGIA,FACULTAD DE PSICOLOGÍA,Escolarizado,https://www.dgae.unam.mx/Licenciatura2026/resultados_control/2/21000195.html,80,596,372,74,142,096267,,N,No presentada/o,,
2,Licenciatura 2026,210,21000195,PSICOLOGIA,FACULTAD DE PSICOLOGÍA,Escolarizado,https://www.dgae.unam.mx/Licenciatura2026/resultados_control/2/21000195.html,80,596,372,74,142,096274,89,S,Seleccionada/o,,
2,Licenciatura 2026,210,21000195,PSICOLOGIA,FACULTAD DE PSICOLOGÍA,Escolarizado,https://www.dgae.unam.mx/Licenciatura2026/resultados_control/2/21000195.html,80,596,372,74,142,096401,64,,No seleccionada/o,,
2,Licenciatura 2026,210,21000195,PSICOLOGIA,FACULTAD DE PSICOLOGÍA,Escolarizado,https://www.dgae.unam.mx/Licenciatura2026/resultados_control/2/21000195.html,80,596,372,74,142,096480,,N,No presentada/o,,
2,Licenciatura 2026,210,21000195,PSICOLOGIA,FACULTAD DE PSICOLOGÍA,Escolarizado,https://www.dgae.unam.mx/Licenciatura2026/resultados_control/2/21000195.html,80,596,372,74,142,096485,,N,No presentada/o,,
2,Licenciatura 2026,210,21000195,PSICOLOGIA,FACULTAD DE PSICOLOGÍA,Escolarizado,https://www.dgae.unam.mx/Licenciatura2026/resultados_control/2/21000195.html,80,596,372,74,142,096734,,N,No presentada/o,,
2,Licenciatura 2026,210,21000195,PSICOLOGIA,FACULTAD DE PSICOLOGÍA,Escolarizado,https://www.dgae.unam.mx/Licenciatura2026/resultados_control/2/21000195.html,80,596,372,74,142,096866,,N,No presentada/o,,
2,Licenciatura 2026,210,21000195,PSICOLOGIA,FACULTAD DE PSICOLOGÍA,Escolarizado,https://www.dgae.unam.mx/Licenciatura2026/resultados_control/2/21000195.html,80,596,372,74,142,096915,47,,No seleccionada/o,,
2,Licenciatura 2026,210,21000195,PSICOLOGIA,FACULTAD DE PSICOLOGÍA,Escolarizado,https://www.dgae.unam.mx/Licenciatura2026/resultados_control/2/21000195.html,80,596,372,74,142,096942,67,,No seleccionada/o,,
2,Licenciatura 2026,210,21000195,PSICOLOGIA,FACULTAD DE PSICOLOGÍA,Escolarizado,https://www.dgae.unam.mx/Licenciatura2026/resultados_control/2/21000195.html,80,596,372,74,142,096964,70,,No seleccionada/o,,
2,Licenciatura 2026,210,21000195,PSICOLOGIA,FACULTAD DE PSICOLOGÍA,Escolarizado,https://www.dgae.unam.mx/Licenciatura2026/resultados_control/2/21000195.html,80,596,372,74,142,096998,40,,No seleccionada/o,,
2,Licenciatura 2026,210,21000195,PSICOLOGIA,FACULTAD DE PSICOLOGÍA,Escolarizado,https://www.dgae.unam.mx/Licenciatura2026/resultados_control/2/21000195.html,80,596,372,74,142,097291,52,,No seleccionada/o,,
2,Licenciatura 2026,210,21000195,PSICOLOGIA,FACULTAD DE PSICOLOGÍA,Escolarizado,https://www.dgae.unam.mx/Licenciatura2026/resultados_control/2/21000195.html,80,596,372,74,142,097568,,N,No presentada/o,,
2,Licenciatura 2026,210,21000195,PSICOLOGIA,FACULTAD DE PSICOLOGÍA,Escolarizado,https://www.dgae.unam.mx/Licenciatura2026/resultados_control/2/21000195.html,80,596,372,74,142,097569,74,S,Seleccionada/o,Cita para entregar documentación.,
2,Licenciatura 2026,210,21000195,PSICOLOGIA,FACULTAD DE PSICOLOGÍA,Escolarizado,https://www.dgae.unam.mx/Licenciatura2026/resultados_control/2/21000195.html,80,596,372,74,142,097727,,N,No presentada/o,,
2,Licenciatura 2026,210,21000195,PSICOLOGIA,FACULTAD DE PSICOLOGÍA,Escolarizado,https://www.dgae.unam.mx/Licenciatura2026/resultados_control/2/21000195.html,80,596,372,74,142,097742,94,S,Seleccionada/o,Cita para entregar documentación.,
2,Licenciatura 2026,210,21000195,PSICOLOGIA,FACULTAD DE PSICOLOGÍA,Escolarizado,https://www.dgae.unam.mx/Licenciatura2026/resultados_control/2/21000195.html,80,596,372,74,142,097976,95,S,Seleccionada/o,Cita para entregar documentación.,
2,Licenciatura 2026,210,21000195,PSICOLOGIA,FACULTAD DE PSICOLOGÍA,Escolarizado,https://www.dgae.unam.mx/Licenciatura2026/resultados_control/2/21000195.html,80,596,372,74,142,098153,32,,No seleccionada/o,,
2,Licenciatura 2026,210,21000195,PSICOLOGIA,FACULTAD DE PSICOLOGÍA,Escolarizado,https://www.dgae.unam.mx/Licenciatura2026/resultados_control/2/21000195.html,80,596,372,74,142,098363,75,S,Seleccionada/o,,
2,Licenciatura 2026,210,21000195,PSICOLOGIA,FACULTAD DE PSICOLOGÍA,Escolarizado,https://www.dgae.unam.mx/Licenciatura2026/resultados_control/2/21000195.html,80,596,372,74,142,098381,82,S,Seleccionada/o,,
2,Licenciatura 2026,210,21000195,PSICOLOGIA,FACULTAD DE PSICOLOGÍA,Escolarizado,https://www.dgae.unam.mx/Licenciatura2026/resultados_control/2/21000195.html,80,596,372,74,142,098794,86,S,Seleccionada/o,Cita para entregar documentación.,
2,Licenciatura 2026,210,21000195,PSICOLOGIA,FACULTAD DE PSICOLOGÍA,Escolarizado,https://www.dgae.unam.mx/Licenciatura2026/resultados_control/2/21000195.html,80,596,372,74,142,098844,58,,No seleccionada/o,,
2,Licenciatura 2026,210,21000195,PSICOLOGIA,FACULTAD DE PSICOLOGÍA,Escolarizado,https://www.dgae.unam.mx/Licenciatura2026/resultados_control/2/21000195.html,80,596,372,74,142,099005,,N,No presentada/o,,
2,Licenciatura 2026,210,21000195,PSICOLOGIA,FACULTAD DE PSICOLOGÍA,Escolarizado,https://www.dgae.unam.mx/Licenciatura2026/resultados_control/2/21000195.html,80,596,372,74,142,099310,,N,No presentada/o,,
2,Licenciatura 2026,210,21000195,PSICOLOGIA,FACULTAD DE PSICOLOGÍA,Escolarizado,https://www.dgae.unam.mx/Licenciatura2026/resultados_control/2/21000195.html,80,596,372,74,142,099314,78,S,Seleccionada/o,Cita para entregar documentación.,
2,Licenciatura 2026,210,21000195,PSICOLOGIA,FACULTAD DE PSICOLOGÍA,Escolarizado,https://www.dgae.unam.mx/Licenciatura2026/resultados_control/2/21000195.html,80,596,372,74,142,099325,57,,No seleccionada/o,,
2,Licenciatura 2026,210,21000195,PSICOLOGIA,FACULTAD DE PSICOLOGÍA,Escolarizado,https://www.dgae.unam.mx/Licenciatura2026/resultados_control/2/21000195.html,80,596,372,74,142,099544,,N,No presentada/o,,
2,Licenciatura 2026,210,21000195,PSICOLOGIA,FACULTAD DE PSICOLOGÍA,Escolarizado,https://www.dgae.unam.mx/Licenciatura2026/resultados_control/2/21000195.html,80,596,372,74,142,099639,,N,No presentada/o,,
2,Licenciatura 2026,210,21000195,PSICOLOGIA,FACULTAD DE PSICOLOGÍA,Escolarizado,https://www.dgae.unam.mx/Licenciatura2026/resultados_control/2/21000195.html,80,596,372,74,142,099736,81,S,Seleccionada/o,,
2,Licenciatura 2026,210,21000195,PSICOLOGIA,FACULTAD DE PSICOLOGÍA,Escolarizado,https://www.dgae.unam.mx/Licenciatura2026/resultados_control/2/21000195.html,80,596,372,74,142,099744,96,S,Seleccionada/o,Cita para entregar documentación.,
2,Licenciatura 2026,210,21000195,PSICOLOGIA,FACULTAD DE PSICOLOGÍA,Escolarizado,https://www.dgae.unam.mx/Licenciatura2026/resultados_control/2/21000195.html,80,596,372,74,142,099773,72,,No seleccionada/o,,
2,Licenciatura 2026,210,21000195,PSICOLOGIA,FACULTAD DE PSICOLOGÍA,Escolarizado,https://www.dgae.unam.mx/Licenciatura2026/resultados_control/2/21000195.html,80,596,372,74,142,100161,85,S,Seleccionada/o,,
2,Licenciatura 2026,210,21000195,PSICOLOGIA,FACULTAD DE PSICOLOGÍA,Escolarizado,https://www.dgae.unam.mx/Licenciatura2026/resultados_control/2/21000195.html,80,596,372,74,142,100561,43,,No seleccionada/o,,
2,Licenciatura 2026,210,21000195,PSICOLOGIA,FACULTAD DE PSICOLOGÍA,Escolarizado,https://www.dgae.unam.mx/Licenciatura2026/resultados_control/2/21000195.html,80,596,372,74,142,100666,,N,No presentada/o,,
2,Licenciatura 2026,210,21000195,PSICOLOGIA,FACULTAD DE PSICOLOGÍA,Escolarizado,https://www.dgae.unam.mx/Licenciatura2026/resultados_control/2/21000195.html,80,596,372,74,142,100770,59,,No seleccionada/o,,
2,Licenciatura 2026,210,21000195,PSICOLOGIA,FACULTAD DE PSICOLOGÍA,Escolarizado,https://www.dgae.unam.mx/Licenciatura2026/resultados_control/2/21000195.html,80,596,372,74,142,100861,90,S,Seleccionada/o,Cita para entregar documentación.,
2,Licenciatura 2026,210,21000195,PSICOLOGIA,FACULTAD DE PSICOLOGÍA,Escolarizado,https://www.dgae.unam.mx/Licenciatura2026/resultados_control/2/21000195.html,80,596,372,74,142,100886,39,,No seleccionada/o,,
2,Licenciatura 2026,210,21000195,PSICOLOGIA,FACULTAD DE PSICOLOGÍA,Escolarizado,https://www.dgae.unam.mx/Licenciatura2026/resultados_control/2/21000195.html,80,596,372,74,142,100925,,N,No presentada/o,,
2,Licenciatura 2026,210,21000195,PSICOLOGIA,FACULTAD DE PSICOLOGÍA,Escolarizado,https://www.dgae.unam.mx/Licenciatura2026/resultados_control/2/21000195.html,80,596,372,74,142,100978,75,S,Seleccionada/o,,
2,Licenciatura 2026,210,21000195,PSICOLOGIA,FACULTAD DE PSICOLOGÍA,Escolarizado,https://www.dgae.unam.mx/Licenciatura2026/resultados_control/2/21000195.html,80,596,372,74,142,101009,78,S,Seleccionada/o,,
2,Licenciatura 2026,210,21000195,PSICOLOGIA,FACULTAD DE PSICOLOGÍA,Escolarizado,https://www.dgae.unam.mx/Licenciatura2026/resultados_control/2/21000195.html,80,596,372,74,142,101218,52,,No seleccionada/o,,
2,Licenciatura 2026,210,21000195,PSICOLOGIA,FACULTAD DE PSICOLOGÍA,Escolarizado,https://www.dgae.unam.mx/Licenciatura2026/resultados_control/2/21000195.html,80,596,372,74,142,101545,43,,No seleccionada/o,,
2,Licenciatura 2026,210,21000195,PSICOLOGIA,FACULTAD DE PSICOLOGÍA,Escolarizado,https://www.dgae.unam.mx/Licenciatura2026/resultados_control/2/21000195.html,80,596,372,74,142,101668,80,S,Seleccionada/o,,
2,Licenciatura 2026,210,21000195,PSICOLOGIA,FACULTAD DE PSICOLOGÍA,Escolarizado,https://www.dgae.unam.mx/Licenciatura2026/resultados_control/2/21000195.html,80,596,372,74,142,101673,,N,No presentada/o,,
2,Licenciatura 2026,210,21000195,PSICOLOGIA,FACULTAD DE PSICOLOGÍA,Escolarizado,https://www.dgae.unam.mx/Licenciatura2026/resultados_control/2/21000195.html,80,596,372,74,142,101740,74,S,Seleccionada/o,,
2,Licenciatura 2026,210,21000195,PSICOLOGIA,FACULTAD DE PSICOLOGÍA,Escolarizado,https://www.dgae.unam.mx/Licenciatura2026/resultados_control/2/21000195.html,80,596,372,74,142,101793,,N,No presentada/o,,
2,Licenciatura 2026,210,21000195,PSICOLOGIA,FACULTAD DE PSICOLOGÍA,Escolarizado,https://www.dgae.unam.mx/Licenciatura2026/resultados_control/2/21000195.html,80,596,372,74,142,102213,,N,No presentada/o,,
2,Licenciatura 2026,210,21000195,PSICOLOGIA,FACULTAD DE PSICOLOGÍA,Escolarizado,https://www.dgae.unam.mx/Licenciatura2026/resultados_control/2/21000195.html,80,596,372,74,142,102432,,N,No presentada/o,,
2,Licenciatura 2026,210,21000195,PSICOLOGIA,FACULTAD DE PSICOLOGÍA,Escolarizado,https://www.dgae.unam.mx/Licenciatura2026/resultados_control/2/21000195.html,80,596,372,74,142,102503,46,,No seleccionada/o,,
2,Licenciatura 2026,210,21000195,PSICOLOGIA,FACULTAD DE PSICOLOGÍA,Escolarizado,https://www.dgae.unam.mx/Licenciatura2026/resultados_control/2/21000195.html,80,596,372,74,142,102540,60,,No seleccionada/o,,
2,Licenciatura 2026,210,21000195,PSICOLOGIA,FACULTAD DE PSICOLOGÍA,Escolarizado,https://www.dgae.unam.mx/Licenciatura2026/resultados_control/2/21000195.html,80,596,372,74,142,102561,43,,No seleccionada/o,,
2,Licenciatura 2026,210,21000195,PSICOLOGIA,FACULTAD DE PSICOLOGÍA,Escolarizado,https://www.dgae.unam.mx/Licenciatura2026/resultados_control/2/21000195.html,80,596,372,74,142,102609,,N,No presentada/o,,
2,Licenciatura 2026,210,21000195,PSICOLOGIA,FACULTAD DE PSICOLOGÍA,Escolarizado,https://www.dgae.unam.mx/Licenciatura2026/resultados_control/2/21000195.html,80,596,372,74,142,102667,80,S,Seleccionada/o,,
2,Licenciatura 2026,210,21000195,PSICOLOGIA,FACULTAD DE PSICOLOGÍA,Escolarizado,https://www.dgae.unam.mx/Licenciatura2026/resultados_control/2/21000195.html,80,596,372,74,142,102676,53,,No seleccionada/o,,
2,Licenciatura 2026,210,21000195,PSICOLOGIA,FACULTAD DE PSICOLOGÍA,Escolarizado,https://www.dgae.unam.mx/Licenciatura2026/resultados_control/2/21000195.html,80,596,372,74,142,102964,55,,No seleccionada/o,,
2,Licenciatura 2026,210,21000195,PSICOLOGIA,FACULTAD DE PSICOLOGÍA,Escolarizado,https://www.dgae.unam.mx/Licenciatura2026/resultados_control/2/21000195.html,80,596,372,74,142,103154,44,,No seleccionada/o,,
2,Licenciatura 2026,210,21000195,PSICOLOGIA,FACULTAD DE PSICOLOGÍA,Escolarizado,https://www.dgae.unam.mx/Licenciatura2026/resultados_control/2/21000195.html,80,596,372,74,142,103207,55,,No seleccionada/o,,
2,Licenciatura 2026,210,21000195,PSICOLOGIA,FACULTAD DE PSICOLOGÍA,Escolarizado,https://www.dgae.unam.mx/Licenciatura2026/resultados_control/2/21000195.html,80,596,372,74,142,103208,72,,No seleccionada/o,,
2,Licenciatura 2026,210,21000195,PSICOLOGIA,FACULTAD DE PSICOLOGÍA,Escolarizado,https://www.dgae.unam.mx/Licenciatura2026/resultados_control/2/21000195.html,80,596,372,74,142,103333,,N,No presentada/o,,
2,Licenciatura 2026,210,21000195,PSICOLOGIA,FACULTAD DE PSICOLOGÍA,Escolarizado,https://www.dgae.unam.mx/Licenciatura2026/resultados_control/2/21000195.html,80,596,372,74,142,103851,99,S,Seleccionada/o,Cita para entregar documentación.,
2,Licenciatura 2026,210,21000195,PSICOLOGIA,FACULTAD DE PSICOLOGÍA,Escolarizado,https://www.dgae.unam.mx/Licenciatura2026/resultados_control/2/21000195.html,80,596,372,74,142,103901,97,S,Seleccionada/o,,
2,Licenciatura 2026,210,21000195,PSICOLOGIA,FACULTAD DE PSICOLOGÍA,Escolarizado,https://www.dgae.unam.mx/Licenciatura2026/resultados_control/2/21000195.html,80,596,372,74,142,103920,,N,No presentada/o,,
2,Licenciatura 2026,210,21000195,PSICOLOGIA,FACULTAD DE PSICOLOGÍA,Escolarizado,https://www.dgae.unam.mx/Licenciatura2026/resultados_control/2/21000195.html,80,596,372,74,142,103936,54,,No seleccionada/o,,
2,Licenciatura 2026,210,21000195,PSICOLOGIA,FACULTAD DE PSICOLOGÍA,Escolarizado,https://www.dgae.unam.mx/Licenciatura2026/resultados_control/2/21000195.html,80,596,372,74,142,104191,,N,No presentada/o,,
2,Licenciatura 2026,210,21000195,PSICOLOGIA,FACULTAD DE PSICOLOGÍA,Escolarizado,https://www.dgae.unam.mx/Licenciatura2026/resultados_control/2/21000195.html,80,596,372,74,142,104398,55,,No seleccionada/o,,
2,Licenciatura 2026,210,21000195,PSICOLOGIA,FACULTAD DE PSICOLOGÍA,Escolarizado,https://www.dgae.unam.mx/Licenciatura2026/resultados_control/2/21000195.html,80,596,372,74,142,104529,,N,No presentada/o,,
2,Licenciatura 2026,210,21000195,PSICOLOGIA,FACULTAD DE PSICOLOGÍA,Escolarizado,https://www.dgae.unam.mx/Licenciatura2026/resultados_control/2/21000195.html,80,596,372,74,142,104786,41,,No seleccionada/o,,
2,Licenciatura 2026,210,21000195,PSICOLOGIA,FACULTAD DE PSICOLOGÍA,Escolarizado,https://www.dgae.unam.mx/Licenciatura2026/resultados_control/2/21000195.html,80,596,372,74,142,104897,74,S,Seleccionada/o,,
2,Licenciatura 2026,210,21000195,PSICOLOGIA,FACULTAD DE PSICOLOGÍA,Escolarizado,https://www.dgae.unam.mx/Licenciatura2026/resultados_control/2/21000195.html,80,596,372,74,142,105142,93,S,Seleccionada/o,,
2,Licenciatura 2026,210,21000195,PSICOLOGIA,FACULTAD DE PSICOLOGÍA,Escolarizado,https://www.dgae.unam.mx/Licenciatura2026/resultados_control/2/21000195.html,80,596,372,74,142,105171,67,,No seleccionada/o,,
2,Licenciatura 2026,210,21000195,PSICOLOGIA,FACULTAD DE PSICOLOGÍA,Escolarizado,https://www.dgae.unam.mx/Licenciatura2026/resultados_control/2/21000195.html,80,596,372,74,142,105294,95,S,Seleccionada/o,,
2,Licenciatura 2026,210,21000195,PSICOLOGIA,FACULTAD DE PSICOLOGÍA,Escolarizado,https://www.dgae.unam.mx/Licenciatura2026/resultados_control/2/21000195.html,80,596,372,74,142,105548,,N,No presentada/o,,
2,Licenciatura 2026,210,21000195,PSICOLOGIA,FACULTAD DE PSICOLOGÍA,Escolarizado,https://www.dgae.unam.mx/Licenciatura2026/resultados_control/2/21000195.html,80,596,372,74,142,105598,41,,No seleccionada/o,,
2,Licenciatura 2026,210,21000195,PSICOLOGIA,FACULTAD DE PSICOLOGÍA,Escolarizado,https://www.dgae.unam.mx/Licenciatura2026/resultados_control/2/21000195.html,80,596,372,74,142,105653,61,,No seleccionada/o,,
2,Licenciatura 2026,210,21000195,PSICOLOGIA,FACULTAD DE PSICOLOGÍA,Escolarizado,https://www.dgae.unam.mx/Licenciatura2026/resultados_control/2/21000195.html,80,596,372,74,142,106016,,N,No presentada/o,,
2,Licenciatura 2026,210,21000195,PSICOLOGIA,FACULTAD DE PSICOLOGÍA,Escolarizado,https://www.dgae.unam.mx/Licenciatura2026/resultados_control/2/21000195.html,80,596,372,74,142,106095,41,,No seleccionada/o,,
2,Licenciatura 2026,210,21000195,PSICOLOGIA,FACULTAD DE PSICOLOGÍA,Escolarizado,https://www.dgae.unam.mx/Licenciatura2026/resultados_control/2/21000195.html,80,596,372,74,142,106127,89,S,Seleccionada/o,Cita para entregar documentación.,
2,Licenciatura 2026,210,21000195,PSICOLOGIA,FACULTAD DE PSICOLOGÍA,Escolarizado,https://www.dgae.unam.mx/Licenciatura2026/resultados_control/2/21000195.html,80,596,372,74,142,106459,78,S,Seleccionada/o,,
2,Licenciatura 2026,210,21000195,PSICOLOGIA,FACULTAD DE PSICOLOGÍA,Escolarizado,https://www.dgae.unam.mx/Licenciatura2026/resultados_control/2/21000195.html,80,596,372,74,142,106467,70,,No seleccionada/o,,
2,Licenciatura 2026,210,21000195,PSICOLOGIA,FACULTAD DE PSICOLOGÍA,Escolarizado,https://www.dgae.unam.mx/Licenciatura2026/resultados_control/2/21000195.html,80,596,372,74,142,106568,72,,No seleccionada/o,,
2,Licenciatura 2026,210,21000195,PSICOLOGIA,FACULTAD DE PSICOLOGÍA,Escolarizado,https://www.dgae.unam.mx/Licenciatura2026/resultados_control/2/21000195.html,80,596,372,74,142,106768,68,,No seleccionada/o,,
2,Licenciatura 2026,210,21000195,PSICOLOGIA,FACULTAD DE PSICOLOGÍA,Escolarizado,https://www.dgae.unam.mx/Licenciatura2026/resultados_control/2/21000195.html,80,596,372,74,142,106842,53,,No seleccionada/o,,
2,Licenciatura 2026,210,21000195,PSICOLOGIA,FACULTAD DE PSICOLOGÍA,Escolarizado,https://www.dgae.unam.mx/Licenciatura2026/resultados_control/2/21000195.html,80,596,372,74,142,107087,53,,No seleccionada/o,,
2,Licenciatura 2026,210,21000195,PSICOLOGIA,FACULTAD DE PSICOLOGÍA,Escolarizado,https://www.dgae.unam.mx/Licenciatura2026/resultados_control/2/21000195.html,80,596,372,74,142,107147,,N,No presentada/o,,
2,Licenciatura 2026,210,21000195,PSICOLOGIA,FACULTAD DE PSICOLOGÍA,Escolarizado,https://www.dgae.unam.mx/Licenciatura2026/resultados_control/2/21000195.html,80,596,372,74,142,107406,,N,No presentada/o,,
2,Licenciatura 2026,210,21000195,PSICOLOGIA,FACULTAD DE PSICOLOGÍA,Escolarizado,https://www.dgae.unam.mx/Licenciatura2026/resultados_control/2/21000195.html,80,596,372,74,142,107560,76,S,Seleccionada/o,,
2,Licenciatura 2026,210,21000195,PSICOLOGIA,FACULTAD DE PSICOLOGÍA,Escolarizado,https://www.dgae.unam.mx/Licenciatura2026/resultados_control/2/21000195.html,80,596,372,74,142,107625,78,S,Seleccionada/o,Cita para entregar documentación.,
2,Licenciatura 2026,210,21000195,PSICOLOGIA,FACULTAD DE PSICOLOGÍA,Escolarizado,https://www.dgae.unam.mx/Licenciatura2026/resultados_control/2/21000195.html,80,596,372,74,142,107633,88,S,Seleccionada/o,,
2,Licenciatura 2026,210,21000195,PSICOLOGIA,FACULTAD DE PSICOLOGÍA,Escolarizado,https://www.dgae.unam.mx/Licenciatura2026/resultados_control/2/21000195.html,80,596,372,74,142,107926,,N,No presentada/o,,
2,Licenciatura 2026,210,21000195,PSICOLOGIA,FACULTAD DE PSICOLOGÍA,Escolarizado,https://www.dgae.unam.mx/Licenciatura2026/resultados_control/2/21000195.html,80,596,372,74,142,108029,70,,No seleccionada/o,,
2,Licenciatura 2026,210,21000195,PSICOLOGIA,FACULTAD DE PSICOLOGÍA,Escolarizado,https://www.dgae.unam.mx/Licenciatura2026/resultados_control/2/21000195.html,80,596,372,74,142,108313,94,S,Seleccionada/o,,
2,Licenciatura 2026,210,21000195,PSICOLOGIA,FACULTAD DE PSICOLOGÍA,Escolarizado,https://www.dgae.unam.mx/Licenciatura2026/resultados_control/2/21000195.html,80,596,372,74,142,108327,43,,No seleccionada/o,,
2,Licenciatura 2026,210,21000195,PSICOLOGIA,FACULTAD DE PSICOLOGÍA,Escolarizado,https://www.dgae.unam.mx/Licenciatura2026/resultados_control/2/21000195.html,80,596,372,74,142,108390,44,,No seleccionada/o,,
2,Licenciatura 2026,210,21000195,PSICOLOGIA,FACULTAD DE PSICOLOGÍA,Escolarizado,https://www.dgae.unam.mx/Licenciatura2026/resultados_control/2/21000195.html,80,596,372,74,142,108424,,N,No presentada/o,,
2,Licenciatura 2026,210,21000195,PSICOLOGIA,FACULTAD DE PSICOLOGÍA,Escolarizado,https://www.dgae.unam.mx/Licenciatura2026/resultados_control/2/21000195.html,80,596,372,74,142,108545,,N,No presentada/o,,
2,Licenciatura 2026,210,21000195,PSICOLOGIA,FACULTAD DE PSICOLOGÍA,Escolarizado,https://www.dgae.unam.mx/Licenciatura2026/resultados_control/2/21000195.html,80,596,372,74,142,108628,106,S,Seleccionada/o,Cita para entregar documentación.,
2,Licenciatura 2026,210,21000195,PSICOLOGIA,FACULTAD DE PSICOLOGÍA,Escolarizado,https://www.dgae.unam.mx/Licenciatura2026/resultados_control/2/21000195.html,80,596,372,74,142,108696,91,S,Seleccionada/o,Cita para entregar documentación.,
2,Licenciatura 2026,210,21000195,PSICOLOGIA,FACULTAD DE PSICOLOGÍA,Escolarizado,https://www.dgae.unam.mx/Licenciatura2026/resultados_control/2/21000195.html,80,596,372,74,142,108790,,N,No presentada/o,,
2,Licenciatura 2026,210,21000195,PSICOLOGIA,FACULTAD DE PSICOLOGÍA,Escolarizado,https://www.dgae.unam.mx/Licenciatura2026/resultados_control/2/21000195.html,80,596,372,74,142,109085,,N,No presentada/o,,
2,Licenciatura 2026,210,21000195,PSICOLOGIA,FACULTAD DE PSICOLOGÍA,Escolarizado,https://www.dgae.unam.mx/Licenciatura2026/resultados_control/2/21000195.html,80,596,372,74,142,109150,,N,No presentada/o,,
2,Licenciatura 2026,210,21000195,PSICOLOGIA,FACULTAD DE PSICOLOGÍA,Escolarizado,https://www.dgae.unam.mx/Licenciatura2026/resultados_control/2/21000195.html,80,596,372,74,142,109291,65,,No seleccionada/o,,
2,Licenciatura 2026,210,21000195,PSICOLOGIA,FACULTAD DE PSICOLOGÍA,Escolarizado,https://www.dgae.unam.mx/Licenciatura2026/resultados_control/2/21000195.html,80,596,372,74,142,109315,65,,No seleccionada/o,,
2,Licenciatura 2026,210,21000195,PSICOLOGIA,FACULTAD DE PSICOLOGÍA,Escolarizado,https://www.dgae.unam.mx/Licenciatura2026/resultados_control/2/21000195.html,80,596,372,74,142,109355,50,,No seleccionada/o,,
2,Licenciatura 2026,210,21000195,PSICOLOGIA,FACULTAD DE PSICOLOGÍA,Escolarizado,https://www.dgae.unam.mx/Licenciatura2026/resultados_control/2/21000195.html,80,596,372,74,142,109412,90,S,Seleccionada/o,,
2,Licenciatura 2026,210,21000195,PSICOLOGIA,FACULTAD DE PSICOLOGÍA,Escolarizado,https://www.dgae.unam.mx/Licenciatura2026/resultados_control/2/21000195.html,80,596,372,74,142,109463,,N,No presentada/o,,
2,Licenciatura 2026,210,21000195,PSICOLOGIA,FACULTAD DE PSICOLOGÍA,Escolarizado,https://www.dgae.unam.mx/Licenciatura2026/resultados_control/2/21000195.html,80,596,372,74,142,109474,,N,No presentada/o,,
2,Licenciatura 2026,210,21000195,PSICOLOGIA,FACULTAD DE PSICOLOGÍA,Escolarizado,https://www.dgae.unam.mx/Licenciatura2026/resultados_control/2/21000195.html,80,596,372,74,142,109530,96,S,Seleccionada/o,,
2,Licenciatura 2026,210,21000195,PSICOLOGIA,FACULTAD DE PSICOLOGÍA,Escolarizado,https://www.dgae.unam.mx/Licenciatura2026/resultados_control/2/21000195.html,80,596,372,74,142,109573,,N,No presentada/o,,
2,Licenciatura 2026,210,21000195,PSICOLOGIA,FACULTAD DE PSICOLOGÍA,Escolarizado,https://www.dgae.unam.mx/Licenciatura2026/resultados_control/2/21000195.html,80,596,372,74,142,109677,77,S,Seleccionada/o,,
2,Licenciatura 2026,210,21000195,PSICOLOGIA,FACULTAD DE PSICOLOGÍA,Escolarizado,https://www.dgae.unam.mx/Licenciatura2026/resultados_control/2/21000195.html,80,596,372,74,142,109751,35,,No seleccionada/o,,
2,Licenciatura 2026,210,21000195,PSICOLOGIA,FACULTAD DE PSICOLOGÍA,Escolarizado,https://www.dgae.unam.mx/Licenciatura2026/resultados_control/2/21000195.html,80,596,372,74,142,109764,36,,No seleccionada/o,,
2,Licenciatura 2026,210,21000195,PSICOLOGIA,FACULTAD DE PSICOLOGÍA,Escolarizado,https://www.dgae.unam.mx/Licenciatura2026/resultados_control/2/21000195.html,80,596,372,74,142,109849,89,S,Seleccionada/o,,
2,Licenciatura 2026,210,21000195,PSICOLOGIA,FACULTAD DE PSICOLOGÍA,Escolarizado,https://www.dgae.unam.mx/Licenciatura2026/resultados_control/2/21000195.html,80,596,372,74,142,109908,,N,No presentada/o,,
2,Licenciatura 2026,210,21000195,PSICOLOGIA,FACULTAD DE PSICOLOGÍA,Escolarizado,https://www.dgae.unam.mx/Licenciatura2026/resultados_control/2/21000195.html,80,596,372,74,142,109975,81,S,Seleccionada/o,Cita para entregar documentación.,
2,Licenciatura 2026,210,21000195,PSICOLOGIA,FACULTAD DE PSICOLOGÍA,Escolarizado,https://www.dgae.unam.mx/Licenciatura2026/resultados_control/2/21000195.html,80,596,372,74,142,110255,,N,No presentada/o,,
2,Licenciatura 2026,210,21000195,PSICOLOGIA,FACULTAD DE PSICOLOGÍA,Escolarizado,https://www.dgae.unam.mx/Licenciatura2026/resultados_control/2/21000195.html,80,596,372,74,142,110362,35,,No seleccionada/o,,
2,Licenciatura 2026,210,21000195,PSICOLOGIA,FACULTAD DE PSICOLOGÍA,Escolarizado,https://www.dgae.unam.mx/Licenciatura2026/resultados_control/2/21000195.html,80,596,372,74,142,110407,90,S,Seleccionada/o,Cita para entregar documentación.,
2,Licenciatura 2026,210,21000195,PSICOLOGIA,FACULTAD DE PSICOLOGÍA,Escolarizado,https://www.dgae.unam.mx/Licenciatura2026/resultados_control/2/21000195.html,80,596,372,74,142,110563,48,,No seleccionada/o,,
2,Licenciatura 2026,210,21000195,PSICOLOGIA,FACULTAD DE PSICOLOGÍA,Escolarizado,https://www.dgae.unam.mx/Licenciatura2026/resultados_control/2/21000195.html,80,596,372,74,142,110682,66,,No seleccionada/o,,
2,Licenciatura 2026,210,21000195,PSICOLOGIA,FACULTAD DE PSICOLOGÍA,Escolarizado,https://www.dgae.unam.mx/Licenciatura2026/resultados_control/2/21000195.html,80,596,372,74,142,111151,118,S,Seleccionada/o,Cita para entregar documentación.,
2,Licenciatura 2026,210,21000195,PSICOLOGIA,FACULTAD DE PSICOLOGÍA,Escolarizado,https://www.dgae.unam.mx/Licenciatura2026/resultados_control/2/21000195.html,80,596,372,74,142,111210,92,S,Seleccionada/o,,
2,Licenciatura 2026,210,21000195,PSICOLOGIA,FACULTAD DE PSICOLOGÍA,Escolarizado,https://www.dgae.unam.mx/Licenciatura2026/resultados_control/2/21000195.html,80,596,372,74,142,111566,,N,No presentada/o,,
2,Licenciatura 2026,210,21000195,PSICOLOGIA,FACULTAD DE PSICOLOGÍA,Escolarizado,https://www.dgae.unam.mx/Licenciatura2026/resultados_control/2/21000195.html,80,596,372,74,142,111761,76,S,Seleccionada/o,,
2,Licenciatura 2026,210,21000195,PSICOLOGIA,FACULTAD DE PSICOLOGÍA,Escolarizado,https://www.dgae.unam.mx/Licenciatura2026/resultados_control/2/21000195.html,80,596,372,74,142,111777,,N,No presentada/o,,
2,Licenciatura 2026,210,21000195,PSICOLOGIA,FACULTAD DE PSICOLOGÍA,Escolarizado,https://www.dgae.unam.mx/Licenciatura2026/resultados_control/2/21000195.html,80,596,372,74,142,111783,76,S,Seleccionada/o,Cita para entregar documentación.,
2,Licenciatura 2026,210,21000195,PSICOLOGIA,FACULTAD DE PSICOLOGÍA,Escolarizado,https://www.dgae.unam.mx/Licenciatura2026/resultados_control/2/21000195.html,80,596,372,74,142,111891,60,,No seleccionada/o,,
2,Licenciatura 2026,210,21000195,PSICOLOGIA,FACULTAD DE PSICOLOGÍA,Escolarizado,https://www.dgae.unam.mx/Licenciatura2026/resultados_control/2/21000195.html,80,596,372,74,142,111906,46,,No seleccionada/o,,
2,Licenciatura 2026,210,21000195,PSICOLOGIA,FACULTAD DE PSICOLOGÍA,Escolarizado,https://www.dgae.unam.mx/Licenciatura2026/resultados_control/2/21000195.html,80,596,372,74,142,112041,45,,No seleccionada/o,,
2,Licenciatura 2026,210,21000195,PSICOLOGIA,FACULTAD DE PSICOLOGÍA,Escolarizado,https://www.dgae.unam.mx/Licenciatura2026/resultados_control/2/21000195.html,80,596,372,74,142,112129,81,S,Seleccionada/o,,
2,Licenciatura 2026,210,21000195,PSICOLOGIA,FACULTAD DE PSICOLOGÍA,Escolarizado,https://www.dgae.unam.mx/Licenciatura2026/resultados_control/2/21000195.html,80,596,372,74,142,112428,85,S,Seleccionada/o,,
2,Licenciatura 2026,210,21000195,PSICOLOGIA,FACULTAD DE PSICOLOGÍA,Escolarizado,https://www.dgae.unam.mx/Licenciatura2026/resultados_control/2/21000195.html,80,596,372,74,142,112478,83,S,Seleccionada/o,,
2,Licenciatura 2026,210,21000195,PSICOLOGIA,FACULTAD DE PSICOLOGÍA,Escolarizado,https://www.dgae.unam.mx/Licenciatura2026/resultados_control/2/21000195.html,80,596,372,74,142,112499,46,,No seleccionada/o,,
2,Licenciatura 2026,210,21000195,PSICOLOGIA,FACULTAD DE PSICOLOGÍA,Escolarizado,https://www.dgae.unam.mx/Licenciatura2026/resultados_control/2/21000195.html,80,596,372,74,142,112582,,N,No presentada/o,,
2,Licenciatura 2026,210,21000195,PSICOLOGIA,FACULTAD DE PSICOLOGÍA,Escolarizado,https://www.dgae.unam.mx/Licenciatura2026/resultados_control/2/21000195.html,80,596,372,74,142,112607,,N,No presentada/o,,
2,Licenciatura 2026,210,21000195,PSICOLOGIA,FACULTAD DE PSICOLOGÍA,Escolarizado,https://www.dgae.unam.mx/Licenciatura2026/resultados_control/2/21000195.html,80,596,372,74,142,112807,57,,No seleccionada/o,,
2,Licenciatura 2026,210,21000195,PSICOLOGIA,FACULTAD DE PSICOLOGÍA,Escolarizado,https://www.dgae.unam.mx/Licenciatura2026/resultados_control/2/21000195.html,80,596,372,74,142,113019,,N,No presentada/o,,
2,Licenciatura 2026,210,21000195,PSICOLOGIA,FACULTAD DE PSICOLOGÍA,Escolarizado,https://www.dgae.unam.mx/Licenciatura2026/resultados_control/2/21000195.html,80,596,372,74,142,113117,46,,No seleccionada/o,,
2,Licenciatura 2026,210,21000195,PSICOLOGIA,FACULTAD DE PSICOLOGÍA,Escolarizado,https://www.dgae.unam.mx/Licenciatura2026/resultados_control/2/21000195.html,80,596,372,74,142,113233,41,,No seleccionada/o,,
2,Licenciatura 2026,210,21000195,PSICOLOGIA,FACULTAD DE PSICOLOGÍA,Escolarizado,https://www.dgae.unam.mx/Licenciatura2026/resultados_control/2/21000195.html,80,596,372,74,142,113425,64,,No seleccionada/o,,
2,Licenciatura 2026,210,21000195,PSICOLOGIA,FACULTAD DE PSICOLOGÍA,Escolarizado,https://www.dgae.unam.mx/Licenciatura2026/resultados_control/2/21000195.html,80,596,372,74,142,113525,80,S,Seleccionada/o,,
2,Licenciatura 2026,210,21000195,PSICOLOGIA,FACULTAD DE PSICOLOGÍA,Escolarizado,https://www.dgae.unam.mx/Licenciatura2026/resultados_control/2/21000195.html,80,596,372,74,142,113704,87,S,Seleccionada/o,,
2,Licenciatura 2026,210,21000195,PSICOLOGIA,FACULTAD DE PSICOLOGÍA,Escolarizado,https://www.dgae.unam.mx/Licenciatura2026/resultados_control/2/21000195.html,80,596,372,74,142,113790,46,,No seleccionada/o,,
2,Licenciatura 2026,210,21000195,PSICOLOGIA,FACULTAD DE PSICOLOGÍA,Escolarizado,https://www.dgae.unam.mx/Licenciatura2026/resultados_control/2/21000195.html,80,596,372,74,142,113961,48,,No seleccionada/o,,
2,Licenciatura 2026,210,21000195,PSICOLOGIA,FACULTAD DE PSICOLOGÍA,Escolarizado,https://www.dgae.unam.mx/Licenciatura2026/resultados_control/2/21000195.html,80,596,372,74,142,114190,66,,No seleccionada/o,,
2,Licenciatura 2026,210,21000195,PSICOLOGIA,FACULTAD DE PSICOLOGÍA,Escolarizado,https://www.dgae.unam.mx/Licenciatura2026/resultados_control/2/21000195.html,80,596,372,74,142,114195,,N,No presentada/o,,
2,Licenciatura 2026,210,21000195,PSICOLOGIA,FACULTAD DE PSICOLOGÍA,Escolarizado,https://www.dgae.unam.mx/Licenciatura2026/resultados_control/2/21000195.html,80,596,372,74,142,114358,41,,No seleccionada/o,,
2,Licenciatura 2026,210,21000195,PSICOLOGIA,FACULTAD DE PSICOLOGÍA,Escolarizado,https://www.dgae.unam.mx/Licenciatura2026/resultados_control/2/21000195.html,80,596,372,74,142,114572,,N,No presentada/o,,
2,Licenciatura 2026,210,21000195,PSICOLOGIA,FACULTAD DE PSICOLOGÍA,Escolarizado,https://www.dgae.unam.mx/Licenciatura2026/resultados_control/2/21000195.html,80,596,372,74,142,114786,46,,No seleccionada/o,,
2,Licenciatura 2026,210,21000195,PSICOLOGIA,FACULTAD DE PSICOLOGÍA,Escolarizado,https://www.dgae.unam.mx/Licenciatura2026/resultados_control/2/21000195.html,80,596,372,74,142,114803,50,,No seleccionada/o,,
2,Licenciatura 2026,210,21000195,PSICOLOGIA,FACULTAD DE PSICOLOGÍA,Escolarizado,https://www.dgae.unam.mx/Licenciatura2026/resultados_control/2/21000195.html,80,596,372,74,142,114986,34,,No seleccionada/o,,
2,Licenciatura 2026,210,21000195,PSICOLOGIA,FACULTAD DE PSICOLOGÍA,Escolarizado,https://www.dgae.unam.mx/Licenciatura2026/resultados_control/2/21000195.html,80,596,372,74,142,115324,,N,No presentada/o,,
2,Licenciatura 2026,210,21000195,PSICOLOGIA,FACULTAD DE PSICOLOGÍA,Escolarizado,https://www.dgae.unam.mx/Licenciatura2026/resultados_control/2/21000195.html,80,596,372,74,142,115375,74,S,Seleccionada/o,Cita para entregar documentación.,
2,Licenciatura 2026,210,21000195,PSICOLOGIA,FACULTAD DE PSICOLOGÍA,Escolarizado,https://www.dgae.unam.mx/Licenciatura2026/resultados_control/2/21000195.html,80,596,372,74,142,115466,,N,No presentada/o,,
2,Licenciatura 2026,210,21000195,PSICOLOGIA,FACULTAD DE PSICOLOGÍA,Escolarizado,https://www.dgae.unam.mx/Licenciatura2026/resultados_control/2/21000195.html,80,596,372,74,142,115526,,N,No presentada/o,,
2,Licenciatura 2026,210,21000195,PSICOLOGIA,FACULTAD DE PSICOLOGÍA,Escolarizado,https://www.dgae.unam.mx/Licenciatura2026/resultados_control/2/21000195.html,80,596,372,74,142,115572,,S,Seleccionada/o,Cita para aclarar situación escolar.,
2,Licenciatura 2026,210,21000195,PSICOLOGIA,FACULTAD DE PSICOLOGÍA,Escolarizado,https://www.dgae.unam.mx/Licenciatura2026/resultados_control/2/21000195.html,80,596,372,74,142,115762,,N,No presentada/o,,
2,Licenciatura 2026,210,21000195,PSICOLOGIA,FACULTAD DE PSICOLOGÍA,Escolarizado,https://www.dgae.unam.mx/Licenciatura2026/resultados_control/2/21000195.html,80,596,372,74,142,115798,76,S,Seleccionada/o,Cita para entregar documentación.,
2,Licenciatura 2026,210,21000195,PSICOLOGIA,FACULTAD DE PSICOLOGÍA,Escolarizado,https://www.dgae.unam.mx/Licenciatura2026/resultados_control/2/21000195.html,80,596,372,74,142,115898,63,,No seleccionada/o,,
2,Licenciatura 2026,210,21000195,PSICOLOGIA,FACULTAD DE PSICOLOGÍA,Escolarizado,https://www.dgae.unam.mx/Licenciatura2026/resultados_control/2/21000195.html,80,596,372,74,142,115950,,N,No presentada/o,,
2,Licenciatura 2026,210,21000195,PSICOLOGIA,FACULTAD DE PSICOLOGÍA,Escolarizado,https://www.dgae.unam.mx/Licenciatura2026/resultados_control/2/21000195.html,80,596,372,74,142,116116,47,,No seleccionada/o,,
2,Licenciatura 2026,210,21000195,PSICOLOGIA,FACULTAD DE PSICOLOGÍA,Escolarizado,https://www.dgae.unam.mx/Licenciatura2026/resultados_control/2/21000195.html,80,596,372,74,142,116187,102,S,Seleccionada/o,Cita para entregar documentación.,
2,Licenciatura 2026,210,21000195,PSICOLOGIA,FACULTAD DE PSICOLOGÍA,Escolarizado,https://www.dgae.unam.mx/Licenciatura2026/resultados_control/2/21000195.html,80,596,372,74,142,116213,,N,No presentada/o,,
2,Licenciatura 2026,210,21000195,PSICOLOGIA,FACULTAD DE PSICOLOGÍA,Escolarizado,https://www.dgae.unam.mx/Licenciatura2026/resultados_control/2/21000195.html,80,596,372,74,142,116216,50,,No seleccionada/o,,
2,Licenciatura 2026,210,21000195,PSICOLOGIA,FACULTAD DE PSICOLOGÍA,Escolarizado,https://www.dgae.unam.mx/Licenciatura2026/resultados_control/2/21000195.html,80,596,372,74,142,116361,77,S,Seleccionada/o,,
2,Licenciatura 2026,210,21000195,PSICOLOGIA,FACULTAD DE PSICOLOGÍA,Escolarizado,https://www.dgae.unam.mx/Licenciatura2026/resultados_control/2/21000195.html,80,596,372,74,142,116402,60,,No seleccionada/o,,
2,Licenciatura 2026,210,21000195,PSICOLOGIA,FACULTAD DE PSICOLOGÍA,Escolarizado,https://www.dgae.unam.mx/Licenciatura2026/resultados_control/2/21000195.html,80,596,372,74,142,116556,44,,No seleccionada/o,,
2,Licenciatura 2026,210,21000195,PSICOLOGIA,FACULTAD DE PSICOLOGÍA,Escolarizado,https://www.dgae.unam.mx/Licenciatura2026/resultados_control/2/21000195.html,80,596,372,74,142,116599,77,S,Seleccionada/o,,
2,Licenciatura 2026,210,21000195,PSICOLOGIA,FACULTAD DE PSICOLOGÍA,Escolarizado,https://www.dgae.unam.mx/Licenciatura2026/resultados_control/2/21000195.html,80,596,372,74,142,116633,32,,No seleccionada/o,,
2,Licenciatura 2026,210,21000195,PSICOLOGIA,FACULTAD DE PSICOLOGÍA,Escolarizado,https://www.dgae.unam.mx/Licenciatura2026/resultados_control/2/21000195.html,80,596,372,74,142,116803,,N,No presentada/o,,
2,Licenciatura 2026,210,21000195,PSICOLOGIA,FACULTAD DE PSICOLOGÍA,Escolarizado,https://www.dgae.unam.mx/Licenciatura2026/resultados_control/2/21000195.html,80,596,372,74,142,116817,,N,No presentada/o,,
2,Licenciatura 2026,210,21000195,PSICOLOGIA,FACULTAD DE PSICOLOGÍA,Escolarizado,https://www.dgae.unam.mx/Licenciatura2026/resultados_control/2/21000195.html,80,596,372,74,142,116848,58,,No seleccionada/o,,
2,Licenciatura 2026,210,21000195,PSICOLOGIA,FACULTAD DE PSICOLOGÍA,Escolarizado,https://www.dgae.unam.mx/Licenciatura2026/resultados_control/2/21000195.html,80,596,372,74,142,116936,62,,No seleccionada/o,,
2,Licenciatura 2026,210,21000195,PSICOLOGIA,FACULTAD DE PSICOLOGÍA,Escolarizado,https://www.dgae.unam.mx/Licenciatura2026/resultados_control/2/21000195.html,80,596,372,74,142,117014,47,,No seleccionada/o,,
2,Licenciatura 2026,210,21000195,PSICOLOGIA,FACULTAD DE PSICOLOGÍA,Escolarizado,https://www.dgae.unam.mx/Licenciatura2026/resultados_control/2/21000195.html,80,596,372,74,142,117066,66,,No seleccionada/o,,
2,Licenciatura 2026,210,21000195,PSICOLOGIA,FACULTAD DE PSICOLOGÍA,Escolarizado,https://www.dgae.unam.mx/Licenciatura2026/resultados_control/2/21000195.html,80,596,372,74,142,117103,43,,No seleccionada/o,,
2,Licenciatura 2026,210,21000195,PSICOLOGIA,FACULTAD DE PSICOLOGÍA,Escolarizado,https://www.dgae.unam.mx/Licenciatura2026/resultados_control/2/21000195.html,80,596,372,74,142,117226,41,,No seleccionada/o,,
2,Licenciatura 2026,210,21000195,PSICOLOGIA,FACULTAD DE PSICOLOGÍA,Escolarizado,https://www.dgae.unam.mx/Licenciatura2026/resultados_control/2/21000195.html,80,596,372,74,142,117297,72,,No seleccionada/o,,
2,Licenciatura 2026,210,21000195,PSICOLOGIA,FACULTAD DE PSICOLOGÍA,Escolarizado,https://www.dgae.unam.mx/Licenciatura2026/resultados_control/2/21000195.html,80,596,372,74,142,117647,83,S,Seleccionada/o,,
2,Licenciatura 2026,210,21000195,PSICOLOGIA,FACULTAD DE PSICOLOGÍA,Escolarizado,https://www.dgae.unam.mx/Licenciatura2026/resultados_control/2/21000195.html,80,596,372,74,142,117666,,N,No presentada/o,,
2,Licenciatura 2026,210,21000195,PSICOLOGIA,FACULTAD DE PSICOLOGÍA,Escolarizado,https://www.dgae.unam.mx/Licenciatura2026/resultados_control/2/21000195.html,80,596,372,74,142,117668,,N,No presentada/o,,
2,Licenciatura 2026,210,21000195,PSICOLOGIA,FACULTAD DE PSICOLOGÍA,Escolarizado,https://www.dgae.unam.mx/Licenciatura2026/resultados_control/2/21000195.html,80,596,372,74,142,117729,67,,No seleccionada/o,,
2,Licenciatura 2026,210,21000195,PSICOLOGIA,FACULTAD DE PSICOLOGÍA,Escolarizado,https://www.dgae.unam.mx/Licenciatura2026/resultados_control/2/21000195.html,80,596,372,74,142,117782,,N,No presentada/o,,
2,Licenciatura 2026,210,21000195,PSICOLOGIA,FACULTAD DE PSICOLOGÍA,Escolarizado,https://www.dgae.unam.mx/Licenciatura2026/resultados_control/2/21000195.html,80,596,372,74,142,117809,82,S,Seleccionada/o,,
2,Licenciatura 2026,210,21000195,PSICOLOGIA,FACULTAD DE PSICOLOGÍA,Escolarizado,https://www.dgae.unam.mx/Licenciatura2026/resultados_control/2/21000195.html,80,596,372,74,142,117902,61,,No seleccionada/o,,
2,Licenciatura 2026,210,21000195,PSICOLOGIA,FACULTAD DE PSICOLOGÍA,Escolarizado,https://www.dgae.unam.mx/Licenciatura2026/resultados_control/2/21000195.html,80,596,372,74,142,117922,,N,No presentada/o,,
2,Licenciatura 2026,210,21000195,PSICOLOGIA,FACULTAD DE PSICOLOGÍA,Escolarizado,https://www.dgae.unam.mx/Licenciatura2026/resultados_control/2/21000195.html,80,596,372,74,142,118359,,N,No presentada/o,,
2,Licenciatura 2026,210,21000195,PSICOLOGIA,FACULTAD DE PSICOLOGÍA,Escolarizado,https://www.dgae.unam.mx/Licenciatura2026/resultados_control/2/21000195.html,80,596,372,74,142,118432,,N,No presentada/o,,
2,Licenciatura 2026,210,21000195,PSICOLOGIA,FACULTAD DE PSICOLOGÍA,Escolarizado,https://www.dgae.unam.mx/Licenciatura2026/resultados_control/2/21000195.html,80,596,372,74,142,118447,,N,No presentada/o,,
2,Licenciatura 2026,210,21000195,PSICOLOGIA,FACULTAD DE PSICOLOGÍA,Escolarizado,https://www.dgae.unam.mx/Licenciatura2026/resultados_control/2/21000195.html,80,596,372,74,142,118594,65,,No seleccionada/o,,
2,Licenciatura 2026,210,21000195,PSICOLOGIA,FACULTAD DE PSICOLOGÍA,Escolarizado,https://www.dgae.unam.mx/Licenciatura2026/resultados_control/2/21000195.html,80,596,372,74,142,118638,,N,No presentada/o,,
2,Licenciatura 2026,210,21000195,PSICOLOGIA,FACULTAD DE PSICOLOGÍA,Escolarizado,https://www.dgae.unam.mx/Licenciatura2026/resultados_control/2/21000195.html,80,596,372,74,142,118719,56,,No seleccionada/o,,
2,Licenciatura 2026,210,21000195,PSICOLOGIA,FACULTAD DE PSICOLOGÍA,Escolarizado,https://www.dgae.unam.mx/Licenciatura2026/resultados_control/2/21000195.html,80,596,372,74,142,118772,70,,No seleccionada/o,,
2,Licenciatura 2026,210,21000195,PSICOLOGIA,FACULTAD DE PSICOLOGÍA,Escolarizado,https://www.dgae.unam.mx/Licenciatura2026/resultados_control/2/21000195.html,80,596,372,74,142,118936,,N,No presentada/o,,
2,Licenciatura 2026,210,21000195,PSICOLOGIA,FACULTAD DE PSICOLOGÍA,Escolarizado,https://www.dgae.unam.mx/Licenciatura2026/resultados_control/2/21000195.html,80,596,372,74,142,119117,,N,No presentada/o,,
2,Licenciatura 2026,210,21000195,PSICOLOGIA,FACULTAD DE PSICOLOGÍA,Escolarizado,https://www.dgae.unam.mx/Licenciatura2026/resultados_control/2/21000195.html,80,596,372,74,142,119328,,N,No presentada/o,,
2,Licenciatura 2026,210,21000195,PSICOLOGIA,FACULTAD DE PSICOLOGÍA,Escolarizado,https://www.dgae.unam.mx/Licenciatura2026/resultados_control/2/21000195.html,80,596,372,74,142,119543,44,,No seleccionada/o,,
2,Licenciatura 2026,210,21000195,PSICOLOGIA,FACULTAD DE PSICOLOGÍA,Escolarizado,https://www.dgae.unam.mx/Licenciatura2026/resultados_control/2/21000195.html,80,596,372,74,142,119618,,N,No presentada/o,,
2,Licenciatura 2026,210,21000195,PSICOLOGIA,FACULTAD DE PSICOLOGÍA,Escolarizado,https://www.dgae.unam.mx/Licenciatura2026/resultados_control/2/21000195.html,80,596,372,74,142,119711,52,,No seleccionada/o,,
2,Licenciatura 2026,210,21000195,PSICOLOGIA,FACULTAD DE PSICOLOGÍA,Escolarizado,https://www.dgae.unam.mx/Licenciatura2026/resultados_control/2/21000195.html,80,596,372,74,142,119861,71,,No seleccionada/o,,
2,Licenciatura 2026,210,21000195,PSICOLOGIA,FACULTAD DE PSICOLOGÍA,Escolarizado,https://www.dgae.unam.mx/Licenciatura2026/resultados_control/2/21000195.html,80,596,372,74,142,119951,44,,No seleccionada/o,,
2,Licenciatura 2026,210,21000195,PSICOLOGIA,FACULTAD DE PSICOLOGÍA,Escolarizado,https://www.dgae.unam.mx/Licenciatura2026/resultados_control/2/21000195.html,80,596,372,74,142,119985,66,,No seleccionada/o,,
2,Licenciatura 2026,210,21000195,PSICOLOGIA,FACULTAD DE PSICOLOGÍA,Escolarizado,https://www.dgae.unam.mx/Licenciatura2026/resultados_control/2/21000195.html,80,596,372,74,142,120015,88,S,Seleccionada/o,Cita para entregar documentación.,
2,Licenciatura 2026,210,21000195,PSICOLOGIA,FACULTAD DE PSICOLOGÍA,Escolarizado,https://www.dgae.unam.mx/Licenciatura2026/resultados_control/2/21000195.html,80,596,372,74,142,120237,,N,No presentada/o,,
2,Licenciatura 2026,210,21000195,PSICOLOGIA,FACULTAD DE PSICOLOGÍA,Escolarizado,https://www.dgae.unam.mx/Licenciatura2026/resultados_control/2/21000195.html,80,596,372,74,142,120315,52,,No seleccionada/o,,
2,Licenciatura 2026,210,21000195,PSICOLOGIA,FACULTAD DE PSICOLOGÍA,Escolarizado,https://www.dgae.unam.mx/Licenciatura2026/resultados_control/2/21000195.html,80,596,372,74,142,120378,,N,No presentada/o,,
2,Licenciatura 2026,210,21000195,PSICOLOGIA,FACULTAD DE PSICOLOGÍA,Escolarizado,https://www.dgae.unam.mx/Licenciatura2026/resultados_control/2/21000195.html,80,596,372,74,142,120411,60,,No seleccionada/o,,
2,Licenciatura 2026,210,21000195,PSICOLOGIA,FACULTAD DE PSICOLOGÍA,Escolarizado,https://www.dgae.unam.mx/Licenciatura2026/resultados_control/2/21000195.html,80,596,372,74,142,120602,95,S,Seleccionada/o,,
2,Licenciatura 2026,210,21000195,PSICOLOGIA,FACULTAD DE PSICOLOGÍA,Escolarizado,https://www.dgae.unam.mx/Licenciatura2026/resultados_control/2/21000195.html,80,596,372,74,142,120660,,N,No presentada/o,,
2,Licenciatura 2026,210,21000195,PSICOLOGIA,FACULTAD DE PSICOLOGÍA,Escolarizado,https://www.dgae.unam.mx/Licenciatura2026/resultados_control/2/21000195.html,80,596,372,74,142,120689,60,,No seleccionada/o,,
2,Licenciatura 2026,210,21000195,PSICOLOGIA,FACULTAD DE PSICOLOGÍA,Escolarizado,https://www.dgae.unam.mx/Licenciatura2026/resultados_control/2/21000195.html,80,596,372,74,142,120754,,N,No presentada/o,,
2,Licenciatura 2026,210,21000195,PSICOLOGIA,FACULTAD DE PSICOLOGÍA,Escolarizado,https://www.dgae.unam.mx/Licenciatura2026/resultados_control/2/21000195.html,80,596,372,74,142,120880,61,,No seleccionada/o,,
2,Licenciatura 2026,210,21000195,PSICOLOGIA,FACULTAD DE PSICOLOGÍA,Escolarizado,https://www.dgae.unam.mx/Licenciatura2026/resultados_control/2/21000195.html,80,596,372,74,142,120916,95,S,Seleccionada/o,,
2,Licenciatura 2026,210,21000195,PSICOLOGIA,FACULTAD DE PSICOLOGÍA,Escolarizado,https://www.dgae.unam.mx/Licenciatura2026/resultados_control/2/21000195.html,80,596,372,74,142,121068,47,,No seleccionada/o,,
2,Licenciatura 2026,210,21000195,PSICOLOGIA,FACULTAD DE PSICOLOGÍA,Escolarizado,https://www.dgae.unam.mx/Licenciatura2026/resultados_control/2/21000195.html,80,596,372,74,142,121115,,S,Seleccionada/o,Cita para aclarar situación escolar.,
2,Licenciatura 2026,210,21000195,PSICOLOGIA,FACULTAD DE PSICOLOGÍA,Escolarizado,https://www.dgae.unam.mx/Licenciatura2026/resultados_control/2/21000195.html,80,596,372,74,142,121191,78,S,Seleccionada/o,,
2,Licenciatura 2026,210,21000195,PSICOLOGIA,FACULTAD DE PSICOLOGÍA,Escolarizado,https://www.dgae.unam.mx/Licenciatura2026/resultados_control/2/21000195.html,80,596,372,74,142,121299,,N,No presentada/o,,
2,Licenciatura 2026,210,21000195,PSICOLOGIA,FACULTAD DE PSICOLOGÍA,Escolarizado,https://www.dgae.unam.mx/Licenciatura2026/resultados_control/2/21000195.html,80,596,372,74,142,121319,64,,No seleccionada/o,,
2,Licenciatura 2026,210,21000195,PSICOLOGIA,FACULTAD DE PSICOLOGÍA,Escolarizado,https://www.dgae.unam.mx/Licenciatura2026/resultados_control/2/21000195.html,80,596,372,74,142,121326,70,,No seleccionada/o,,
2,Licenciatura 2026,210,21000195,PSICOLOGIA,FACULTAD DE PSICOLOGÍA,Escolarizado,https://www.dgae.unam.mx/Licenciatura2026/resultados_control/2/21000195.html,80,596,372,74,142,121385,86,S,Seleccionada/o,,
2,Licenciatura 2026,210,21000195,PSICOLOGIA,FACULTAD DE PSICOLOGÍA,Escolarizado,https://www.dgae.unam.mx/Licenciatura2026/resultados_control/2/21000195.html,80,596,372,74,142,121497,,N,No presentada/o,,
2,Licenciatura 2026,210,21000195,PSICOLOGIA,FACULTAD DE PSICOLOGÍA,Escolarizado,https://www.dgae.unam.mx/Licenciatura2026/resultados_control/2/21000195.html,80,596,372,74,142,121567,,N,No presentada/o,,
2,Licenciatura 2026,210,21000195,PSICOLOGIA,FACULTAD DE PSICOLOGÍA,Escolarizado,https://www.dgae.unam.mx/Licenciatura2026/resultados_control/2/21000195.html,80,596,372,74,142,121674,65,,No seleccionada/o,,
2,Licenciatura 2026,210,21000195,PSICOLOGIA,FACULTAD DE PSICOLOGÍA,Escolarizado,https://www.dgae.unam.mx/Licenciatura2026/resultados_control/2/21000195.html,80,596,372,74,142,121694,,N,No presentada/o,,
2,Licenciatura 2026,210,21000195,PSICOLOGIA,FACULTAD DE PSICOLOGÍA,Escolarizado,https://www.dgae.unam.mx/Licenciatura2026/resultados_control/2/21000195.html,80,596,372,74,142,121711,78,S,Seleccionada/o,Cita para entregar documentación.,
2,Licenciatura 2026,210,21000195,PSICOLOGIA,FACULTAD DE PSICOLOGÍA,Escolarizado,https://www.dgae.unam.mx/Licenciatura2026/resultados_control/2/21000195.html,80,596,372,74,142,121782,66,,No seleccionada/o,,
2,Licenciatura 2026,210,21000195,PSICOLOGIA,FACULTAD DE PSICOLOGÍA,Escolarizado,https://www.dgae.unam.mx/Licenciatura2026/resultados_control/2/21000195.html,80,596,372,74,142,121787,,N,No presentada/o,,
2,Licenciatura 2026,210,21000195,PSICOLOGIA,FACULTAD DE PSICOLOGÍA,Escolarizado,https://www.dgae.unam.mx/Licenciatura2026/resultados_control/2/21000195.html,80,596,372,74,142,121840,94,S,Seleccionada/o,Cita para entregar documentación.,
2,Licenciatura 2026,210,21000195,PSICOLOGIA,FACULTAD DE PSICOLOGÍA,Escolarizado,https://www.dgae.unam.mx/Licenciatura2026/resultados_control/2/21000195.html,80,596,372,74,142,121891,,N,No presentada/o,,
2,Licenciatura 2026,210,21000195,PSICOLOGIA,FACULTAD DE PSICOLOGÍA,Escolarizado,https://www.dgae.unam.mx/Licenciatura2026/resultados_control/2/21000195.html,80,596,372,74,142,122098,,N,No presentada/o,,
2,Licenciatura 2026,210,21000195,PSICOLOGIA,FACULTAD DE PSICOLOGÍA,Escolarizado,https://www.dgae.unam.mx/Licenciatura2026/resultados_control/2/21000195.html,80,596,372,74,142,122178,57,,No seleccionada/o,,
2,Licenciatura 2026,210,21000195,PSICOLOGIA,FACULTAD DE PSICOLOGÍA,Escolarizado,https://www.dgae.unam.mx/Licenciatura2026/resultados_control/2/21000195.html,80,596,372,74,142,122316,57,,No seleccionada/o,,
2,Licenciatura 2026,210,21000195,PSICOLOGIA,FACULTAD DE PSICOLOGÍA,Escolarizado,https://www.dgae.unam.mx/Licenciatura2026/resultados_control/2/21000195.html,80,596,372,74,142,122446,94,S,Seleccionada/o,Cita para entregar documentación.,
2,Licenciatura 2026,210,21000195,PSICOLOGIA,FACULTAD DE PSICOLOGÍA,Escolarizado,https://www.dgae.unam.mx/Licenciatura2026/resultados_control/2/21000195.html,80,596,372,74,142,122478,69,,No seleccionada/o,,
2,Licenciatura 2026,210,21000195,PSICOLOGIA,FACULTAD DE PSICOLOGÍA,Escolarizado,https://www.dgae.unam.mx/Licenciatura2026/resultados_control/2/21000195.html,80,596,372,74,142,122670,,N,No presentada/o,,
2,Licenciatura 2026,210,21000195,PSICOLOGIA,FACULTAD DE PSICOLOGÍA,Escolarizado,https://www.dgae.unam.mx/Licenciatura2026/resultados_control/2/21000195.html,80,596,372,74,142,122706,,N,No presentada/o,,
2,Licenciatura 2026,210,21000195,PSICOLOGIA,FACULTAD DE PSICOLOGÍA,Escolarizado,https://www.dgae.unam.mx/Licenciatura2026/resultados_control/2/21000195.html,80,596,372,74,142,122938,,N,No presentada/o,,
2,Licenciatura 2026,210,21000195,PSICOLOGIA,FACULTAD DE PSICOLOGÍA,Escolarizado,https://www.dgae.unam.mx/Licenciatura2026/resultados_control/2/21000195.html,80,596,372,74,142,123042,51,,No seleccionada/o,,
2,Licenciatura 2026,210,21000195,PSICOLOGIA,FACULTAD DE PSICOLOGÍA,Escolarizado,https://www.dgae.unam.mx/Licenciatura2026/resultados_control/2/21000195.html,80,596,372,74,142,123074,,N,No presentada/o,,
2,Licenciatura 2026,210,21000195,PSICOLOGIA,FACULTAD DE PSICOLOGÍA,Escolarizado,https://www.dgae.unam.mx/Licenciatura2026/resultados_control/2/21000195.html,80,596,372,74,142,123124,,N,No presentada/o,,
2,Licenciatura 2026,210,21000195,PSICOLOGIA,FACULTAD DE PSICOLOGÍA,Escolarizado,https://www.dgae.unam.mx/Licenciatura2026/resultados_control/2/21000195.html,80,596,372,74,142,123179,32,,No seleccionada/o,,
2,Licenciatura 2026,210,21000195,PSICOLOGIA,FACULTAD DE PSICOLOGÍA,Escolarizado,https://www.dgae.unam.mx/Licenciatura2026/resultados_control/2/21000195.html,80,596,372,74,142,123507,97,S,Seleccionada/o,Cita para entregar documentación.,
2,Licenciatura 2026,210,21000195,PSICOLOGIA,FACULTAD DE PSICOLOGÍA,Escolarizado,https://www.dgae.unam.mx/Licenciatura2026/resultados_control/2/21000195.html,80,596,372,74,142,123510,,N,No presentada/o,,
2,Licenciatura 2026,210,21000195,PSICOLOGIA,FACULTAD DE PSICOLOGÍA,Escolarizado,https://www.dgae.unam.mx/Licenciatura2026/resultados_control/2/21000195.html,80,596,372,74,142,123549,34,,No seleccionada/o,,
2,Licenciatura 2026,210,21000195,PSICOLOGIA,FACULTAD DE PSICOLOGÍA,Escolarizado,https://www.dgae.unam.mx/Licenciatura2026/resultados_control/2/21000195.html,80,596,372,74,142,123615,50,,No seleccionada/o,,
2,Licenciatura 2026,210,21000195,PSICOLOGIA,FACULTAD DE PSICOLOGÍA,Escolarizado,https://www.dgae.unam.mx/Licenciatura2026/resultados_control/2/21000195.html,80,596,372,74,142,123620,,N,No presentada/o,,
2,Licenciatura 2026,210,21000195,PSICOLOGIA,FACULTAD DE PSICOLOGÍA,Escolarizado,https://www.dgae.unam.mx/Licenciatura2026/resultados_control/2/21000195.html,80,596,372,74,142,123824,,N,No presentada/o,,
2,Licenciatura 2026,210,21000195,PSICOLOGIA,FACULTAD DE PSICOLOGÍA,Escolarizado,https://www.dgae.unam.mx/Licenciatura2026/resultados_control/2/21000195.html,80,596,372,74,142,123878,53,,No seleccionada/o,,
2,Licenciatura 2026,210,21000195,PSICOLOGIA,FACULTAD DE PSICOLOGÍA,Escolarizado,https://www.dgae.unam.mx/Licenciatura2026/resultados_control/2/21000195.html,80,596,372,74,142,123903,,N,No presentada/o,,
2,Licenciatura 2026,210,21000195,PSICOLOGIA,FACULTAD DE PSICOLOGÍA,Escolarizado,https://www.dgae.unam.mx/Licenciatura2026/resultados_control/2/21000195.html,80,596,372,74,142,123957,38,,No seleccionada/o,,
2,Licenciatura 2026,210,21000195,PSICOLOGIA,FACULTAD DE PSICOLOGÍA,Escolarizado,https://www.dgae.unam.mx/Licenciatura2026/resultados_control/2/21000195.html,80,596,372,74,142,124046,44,,No seleccionada/o,,
2,Licenciatura 2026,210,21000195,PSICOLOGIA,FACULTAD DE PSICOLOGÍA,Escolarizado,https://www.dgae.unam.mx/Licenciatura2026/resultados_control/2/21000195.html,80,596,372,74,142,124090,43,,No seleccionada/o,,
2,Licenciatura 2026,210,21000195,PSICOLOGIA,FACULTAD DE PSICOLOGÍA,Escolarizado,https://www.dgae.unam.mx/Licenciatura2026/resultados_control/2/21000195.html,80,596,372,74,142,124169,62,,No seleccionada/o,,
2,Licenciatura 2026,210,21000195,PSICOLOGIA,FACULTAD DE PSICOLOGÍA,Escolarizado,https://www.dgae.unam.mx/Licenciatura2026/resultados_control/2/21000195.html,80,596,372,74,142,124390,43,,No seleccionada/o,,
2,Licenciatura 2026,210,21000195,PSICOLOGIA,FACULTAD DE PSICOLOGÍA,Escolarizado,https://www.dgae.unam.mx/Licenciatura2026/resultados_control/2/21000195.html,80,596,372,74,142,124456,52,,No seleccionada/o,,
2,Licenciatura 2026,210,21000195,PSICOLOGIA,FACULTAD DE PSICOLOGÍA,Escolarizado,https://www.dgae.unam.mx/Licenciatura2026/resultados_control/2/21000195.html,80,596,372,74,142,124569,,N,No presentada/o,,
2,Licenciatura 2026,210,21000195,PSICOLOGIA,FACULTAD DE PSICOLOGÍA,Escolarizado,https://www.dgae.unam.mx/Licenciatura2026/resultados_control/2/21000195.html,80,596,372,74,142,124581,86,S,Seleccionada/o,,
2,Licenciatura 2026,210,21000195,PSICOLOGIA,FACULTAD DE PSICOLOGÍA,Escolarizado,https://www.dgae.unam.mx/Licenciatura2026/resultados_control/2/21000195.html,80,596,372,74,142,124683,67,,No seleccionada/o,,
2,Licenciatura 2026,210,21000195,PSICOLOGIA,FACULTAD DE PSICOLOGÍA,Escolarizado,https://www.dgae.unam.mx/Licenciatura2026/resultados_control/2/21000195.html,80,596,372,74,142,124701,,N,No presentada/o,,
2,Licenciatura 2026,210,21000195,PSICOLOGIA,FACULTAD DE PSICOLOGÍA,Escolarizado,https://www.dgae.unam.mx/Licenciatura2026/resultados_control/2/21000195.html,80,596,372,74,142,124753,,N,No presentada/o,,
2,Licenciatura 2026,210,21000195,PSICOLOGIA,FACULTAD DE PSICOLOGÍA,Escolarizado,https://www.dgae.unam.mx/Licenciatura2026/resultados_control/2/21000195.html,80,596,372,74,142,125016,74,S,Seleccionada/o,,
2,Licenciatura 2026,210,21000195,PSICOLOGIA,FACULTAD DE PSICOLOGÍA,Escolarizado,https://www.dgae.unam.mx/Licenciatura2026/resultados_control/2/21000195.html,80,596,372,74,142,125027,,N,No presentada/o,,
2,Licenciatura 2026,210,21000195,PSICOLOGIA,FACULTAD DE PSICOLOGÍA,Escolarizado,https://www.dgae.unam.mx/Licenciatura2026/resultados_control/2/21000195.html,80,596,372,74,142,125036,36,,No seleccionada/o,,
2,Licenciatura 2026,210,21000195,PSICOLOGIA,FACULTAD DE PSICOLOGÍA,Escolarizado,https://www.dgae.unam.mx/Licenciatura2026/resultados_control/2/21000195.html,80,596,372,74,142,125251,53,,No seleccionada/o,,
2,Licenciatura 2026,210,21000195,PSICOLOGIA,FACULTAD DE PSICOLOGÍA,Escolarizado,https://www.dgae.unam.mx/Licenciatura2026/resultados_control/2/21000195.html,80,596,372,74,142,125355,57,,No seleccionada/o,,
2,Licenciatura 2026,210,21000195,PSICOLOGIA,FACULTAD DE PSICOLOGÍA,Escolarizado,https://www.dgae.unam.mx/Licenciatura2026/resultados_control/2/21000195.html,80,596,372,74,142,125440,,N,No presentada/o,,
2,Licenciatura 2026,210,21000195,PSICOLOGIA,FACULTAD DE PSICOLOGÍA,Escolarizado,https://www.dgae.unam.mx/Licenciatura2026/resultados_control/2/21000195.html,80,596,372,74,142,125525,,N,No presentada/o,,
2,Licenciatura 2026,210,21000195,PSICOLOGIA,FACULTAD DE PSICOLOGÍA,Escolarizado,https://www.dgae.unam.mx/Licenciatura2026/resultados_control/2/21000195.html,80,596,372,74,142,125597,69,,No seleccionada/o,,
2,Licenciatura 2026,210,21000195,PSICOLOGIA,FACULTAD DE PSICOLOGÍA,Escolarizado,https://www.dgae.unam.mx/Licenciatura2026/resultados_control/2/21000195.html,80,596,372,74,142,125696,40,,No seleccionada/o,,
2,Licenciatura 2026,210,21000195,PSICOLOGIA,FACULTAD DE PSICOLOGÍA,Escolarizado,https://www.dgae.unam.mx/Licenciatura2026/resultados_control/2/21000195.html,80,596,372,74,142,125737,70,,No seleccionada/o,,
2,Licenciatura 2026,210,21000195,PSICOLOGIA,FACULTAD DE PSICOLOGÍA,Escolarizado,https://www.dgae.unam.mx/Licenciatura2026/resultados_control/2/21000195.html,80,596,372,74,142,126086,,N,No presentada/o,,
2,Licenciatura 2026,210,21000195,PSICOLOGIA,FACULTAD DE PSICOLOGÍA,Escolarizado,https://www.dgae.unam.mx/Licenciatura2026/resultados_control/2/21000195.html,80,596,372,74,142,126141,,S,Seleccionada/o,Cita para aclarar situación escolar.,
2,Licenciatura 2026,210,21000195,PSICOLOGIA,FACULTAD DE PSICOLOGÍA,Escolarizado,https://www.dgae.unam.mx/Licenciatura2026/resultados_control/2/21000195.html,80,596,372,74,142,126270,67,,No seleccionada/o,,
2,Licenciatura 2026,210,21000195,PSICOLOGIA,FACULTAD DE PSICOLOGÍA,Escolarizado,https://www.dgae.unam.mx/Licenciatura2026/resultados_control/2/21000195.html,80,596,372,74,142,126274,33,,No seleccionada/o,,
2,Licenciatura 2026,210,21000195,PSICOLOGIA,FACULTAD DE PSICOLOGÍA,Escolarizado,https://www.dgae.unam.mx/Licenciatura2026/resultados_control/2/21000195.html,80,596,372,74,142,126299,,N,No presentada/o,,
2,Licenciatura 2026,210,21000195,PSICOLOGIA,FACULTAD DE PSICOLOGÍA,Escolarizado,https://www.dgae.unam.mx/Licenciatura2026/resultados_control/2/21000195.html,80,596,372,74,142,126405,45,,No seleccionada/o,,
2,Licenciatura 2026,210,21000195,PSICOLOGIA,FACULTAD DE PSICOLOGÍA,Escolarizado,https://www.dgae.unam.mx/Licenciatura2026/resultados_control/2/21000195.html,80,596,372,74,142,126595,85,S,Seleccionada/o,Cita para entregar documentación.,
2,Licenciatura 2026,210,21000195,PSICOLOGIA,FACULTAD DE PSICOLOGÍA,Escolarizado,https://www.dgae.unam.mx/Licenciatura2026/resultados_control/2/21000195.html,80,596,372,74,142,126754,,N,No presentada/o,,
2,Licenciatura 2026,210,21000195,PSICOLOGIA,FACULTAD DE PSICOLOGÍA,Escolarizado,https://www.dgae.unam.mx/Licenciatura2026/resultados_control/2/21000195.html,80,596,372,74,142,126800,63,,No seleccionada/o,,
2,Licenciatura 2026,210,21000195,PSICOLOGIA,FACULTAD DE PSICOLOGÍA,Escolarizado,https://www.dgae.unam.mx/Licenciatura2026/resultados_control/2/21000195.html,80,596,372,74,142,127135,54,,No seleccionada/o,,
2,Licenciatura 2026,210,21000195,PSICOLOGIA,FACULTAD DE PSICOLOGÍA,Escolarizado,https://www.dgae.unam.mx/Licenciatura2026/resultados_control/2/21000195.html,80,596,372,74,142,127151,45,,No seleccionada/o,,
2,Licenciatura 2026,210,21000195,PSICOLOGIA,FACULTAD DE PSICOLOGÍA,Escolarizado,https://www.dgae.unam.mx/Licenciatura2026/resultados_control/2/21000195.html,80,596,372,74,142,127201,,N,No presentada/o,,
2,Licenciatura 2026,210,21000195,PSICOLOGIA,FACULTAD DE PSICOLOGÍA,Escolarizado,https://www.dgae.unam.mx/Licenciatura2026/resultados_control/2/21000195.html,80,596,372,74,142,127263,71,,No seleccionada/o,,
2,Licenciatura 2026,210,21000195,PSICOLOGIA,FACULTAD DE PSICOLOGÍA,Escolarizado,https://www.dgae.unam.mx/Licenciatura2026/resultados_control/2/21000195.html,80,596,372,74,142,127439,,N,No presentada/o,,
2,Licenciatura 2026,210,21000195,PSICOLOGIA,FACULTAD DE PSICOLOGÍA,Escolarizado,https://www.dgae.unam.mx/Licenciatura2026/resultados_control/2/21000195.html,80,596,372,74,142,127990,,S,Seleccionada/o,Cita para aclarar situación escolar.,
2,Licenciatura 2026,210,21000195,PSICOLOGIA,FACULTAD DE PSICOLOGÍA,Escolarizado,https://www.dgae.unam.mx/Licenciatura2026/resultados_control/2/21000195.html,80,596,372,74,142,128041,80,S,Seleccionada/o,Cita para entregar documentación.,
2,Licenciatura 2026,210,21000195,PSICOLOGIA,FACULTAD DE PSICOLOGÍA,Escolarizado,https://www.dgae.unam.mx/Licenciatura2026/resultados_control/2/21000195.html,80,596,372,74,142,128176,60,,No seleccionada/o,,
2,Licenciatura 2026,210,21000195,PSICOLOGIA,FACULTAD DE PSICOLOGÍA,Escolarizado,https://www.dgae.unam.mx/Licenciatura2026/resultados_control/2/21000195.html,80,596,372,74,142,128230,,N,No presentada/o,,
2,Licenciatura 2026,210,21000195,PSICOLOGIA,FACULTAD DE PSICOLOGÍA,Escolarizado,https://www.dgae.unam.mx/Licenciatura2026/resultados_control/2/21000195.html,80,596,372,74,142,128360,62,,No seleccionada/o,,
2,Licenciatura 2026,210,21000195,PSICOLOGIA,FACULTAD DE PSICOLOGÍA,Escolarizado,https://www.dgae.unam.mx/Licenciatura2026/resultados_control/2/21000195.html,80,596,372,74,142,128676,,N,No presentada/o,,
2,Licenciatura 2026,210,21000195,PSICOLOGIA,FACULTAD DE PSICOLOGÍA,Escolarizado,https://www.dgae.unam.mx/Licenciatura2026/resultados_control/2/21000195.html,80,596,372,74,142,128696,40,,No seleccionada/o,,
2,Licenciatura 2026,210,21000195,PSICOLOGIA,FACULTAD DE PSICOLOGÍA,Escolarizado,https://www.dgae.unam.mx/Licenciatura2026/resultados_control/2/21000195.html,80,596,372,74,142,129121,73,,No seleccionada/o,,
2,Licenciatura 2026,210,21000195,PSICOLOGIA,FACULTAD DE PSICOLOGÍA,Escolarizado,https://www.dgae.unam.mx/Licenciatura2026/resultados_control/2/21000195.html,80,596,372,74,142,129408,91,S,Seleccionada/o,,
2,Licenciatura 2026,210,21000195,PSICOLOGIA,FACULTAD DE PSICOLOGÍA,Escolarizado,https://www.dgae.unam.mx/Licenciatura2026/resultados_control/2/21000195.html,80,596,372,74,142,129667,,N,No presentada/o,,
2,Licenciatura 2026,210,21000195,PSICOLOGIA,FACULTAD DE PSICOLOGÍA,Escolarizado,https://www.dgae.unam.mx/Licenciatura2026/resultados_control/2/21000195.html,80,596,372,74,142,129807,96,S,Seleccionada/o,Cita para entregar documentación.,
2,Licenciatura 2026,210,21000195,PSICOLOGIA,FACULTAD DE PSICOLOGÍA,Escolarizado,https://www.dgae.unam.mx/Licenciatura2026/resultados_control/2/21000195.html,80,596,372,74,142,130007,51,,No seleccionada/o,,
2,Licenciatura 2026,210,21000195,PSICOLOGIA,FACULTAD DE PSICOLOGÍA,Escolarizado,https://www.dgae.unam.mx/Licenciatura2026/resultados_control/2/21000195.html,80,596,372,74,142,130058,53,,No seleccionada/o,,
2,Licenciatura 2026,210,21000195,PSICOLOGIA,FACULTAD DE PSICOLOGÍA,Escolarizado,https://www.dgae.unam.mx/Licenciatura2026/resultados_control/2/21000195.html,80,596,372,74,142,130126,,N,No presentada/o,,
2,Licenciatura 2026,210,21000195,PSICOLOGIA,FACULTAD DE PSICOLOGÍA,Escolarizado,https://www.dgae.unam.mx/Licenciatura2026/resultados_control/2/21000195.html,80,596,372,74,142,130133,,N,No presentada/o,,
2,Licenciatura 2026,210,21000195,PSICOLOGIA,FACULTAD DE PSICOLOGÍA,Escolarizado,https://www.dgae.unam.mx/Licenciatura2026/resultados_control/2/21000195.html,80,596,372,74,142,130383,52,,No seleccionada/o,,
2,Licenciatura 2026,210,21000195,PSICOLOGIA,FACULTAD DE PSICOLOGÍA,Escolarizado,https://www.dgae.unam.mx/Licenciatura2026/resultados_control/2/21000195.html,80,596,372,74,142,130410,50,,No seleccionada/o,,
2,Licenciatura 2026,210,21000195,PSICOLOGIA,FACULTAD DE PSICOLOGÍA,Escolarizado,https://www.dgae.unam.mx/Licenciatura2026/resultados_control/2/21000195.html,80,596,372,74,142,130595,,N,No presentada/o,,
2,Licenciatura 2026,210,21000195,PSICOLOGIA,FACULTAD DE PSICOLOGÍA,Escolarizado,https://www.dgae.unam.mx/Licenciatura2026/resultados_control/2/21000195.html,80,596,372,74,142,130647,52,,No seleccionada/o,,
2,Licenciatura 2026,210,21000195,PSICOLOGIA,FACULTAD DE PSICOLOGÍA,Escolarizado,https://www.dgae.unam.mx/Licenciatura2026/resultados_control/2/21000195.html,80,596,372,74,142,130846,,N,No presentada/o,,
2,Licenciatura 2026,210,21000195,PSICOLOGIA,FACULTAD DE PSICOLOGÍA,Escolarizado,https://www.dgae.unam.mx/Licenciatura2026/resultados_control/2/21000195.html,80,596,372,74,142,130876,41,,No seleccionada/o,,
2,Licenciatura 2026,210,21000195,PSICOLOGIA,FACULTAD DE PSICOLOGÍA,Escolarizado,https://www.dgae.unam.mx/Licenciatura2026/resultados_control/2/21000195.html,80,596,372,74,142,131066,62,,No seleccionada/o,,
2,Licenciatura 2026,210,21000195,PSICOLOGIA,FACULTAD DE PSICOLOGÍA,Escolarizado,https://www.dgae.unam.mx/Licenciatura2026/resultados_control/2/21000195.html,80,596,372,74,142,131146,78,S,Seleccionada/o,,
2,Licenciatura 2026,210,21000195,PSICOLOGIA,FACULTAD DE PSICOLOGÍA,Escolarizado,https://www.dgae.unam.mx/Licenciatura2026/resultados_control/2/21000195.html,80,596,372,74,142,131299,104,S,Seleccionada/o,,
2,Licenciatura 2026,210,21000195,PSICOLOGIA,FACULTAD DE PSICOLOGÍA,Escolarizado,https://www.dgae.unam.mx/Licenciatura2026/resultados_control/2/21000195.html,80,596,372,74,142,131863,63,,No seleccionada/o,,
2,Licenciatura 2026,210,21000195,PSICOLOGIA,FACULTAD DE PSICOLOGÍA,Escolarizado,https://www.dgae.unam.mx/Licenciatura2026/resultados_control/2/21000195.html,80,596,372,74,142,131872,,N,No presentada/o,,
2,Licenciatura 2026,210,21000195,PSICOLOGIA,FACULTAD DE PSICOLOGÍA,Escolarizado,https://www.dgae.unam.mx/Licenciatura2026/resultados_control/2/21000195.html,80,596,372,74,142,131976,,N,No presentada/o,,
2,Licenciatura 2026,210,21000195,PSICOLOGIA,FACULTAD DE PSICOLOGÍA,Escolarizado,https://www.dgae.unam.mx/Licenciatura2026/resultados_control/2/21000195.html,80,596,372,74,142,132018,,N,No presentada/o,,
2,Licenciatura 2026,210,21000195,PSICOLOGIA,FACULTAD DE PSICOLOGÍA,Escolarizado,https://www.dgae.unam.mx/Licenciatura2026/resultados_control/2/21000195.html,80,596,372,74,142,132089,51,,No seleccionada/o,,
2,Licenciatura 2026,210,21000195,PSICOLOGIA,FACULTAD DE PSICOLOGÍA,Escolarizado,https://www.dgae.unam.mx/Licenciatura2026/resultados_control/2/21000195.html,80,596,372,74,142,132183,,N,No presentada/o,,
2,Licenciatura 2026,210,21000195,PSICOLOGIA,FACULTAD DE PSICOLOGÍA,Escolarizado,https://www.dgae.unam.mx/Licenciatura2026/resultados_control/2/21000195.html,80,596,372,74,142,132280,,N,No presentada/o,,
2,Licenciatura 2026,210,21000195,PSICOLOGIA,FACULTAD DE PSICOLOGÍA,Escolarizado,https://www.dgae.unam.mx/Licenciatura2026/resultados_control/2/21000195.html,80,596,372,74,142,132331,69,,No seleccionada/o,,
2,Licenciatura 2026,210,21000195,PSICOLOGIA,FACULTAD DE PSICOLOGÍA,Escolarizado,https://www.dgae.unam.mx/Licenciatura2026/resultados_control/2/21000195.html,80,596,372,74,142,132350,,N,No presentada/o,,
2,Licenciatura 2026,210,21000195,PSICOLOGIA,FACULTAD DE PSICOLOGÍA,Escolarizado,https://www.dgae.unam.mx/Licenciatura2026/resultados_control/2/21000195.html,80,596,372,74,142,132365,52,,No seleccionada/o,,
2,Licenciatura 2026,210,21000195,PSICOLOGIA,FACULTAD DE PSICOLOGÍA,Escolarizado,https://www.dgae.unam.mx/Licenciatura2026/resultados_control/2/21000195.html,80,596,372,74,142,132490,,N,No presentada/o,,
2,Licenciatura 2026,210,21000195,PSICOLOGIA,FACULTAD DE PSICOLOGÍA,Escolarizado,https://www.dgae.unam.mx/Licenciatura2026/resultados_control/2/21000195.html,80,596,372,74,142,132556,,N,No presentada/o,,
2,Licenciatura 2026,210,21000195,PSICOLOGIA,FACULTAD DE PSICOLOGÍA,Escolarizado,https://www.dgae.unam.mx/Licenciatura2026/resultados_control/2/21000195.html,80,596,372,74,142,132576,68,,No seleccionada/o,,
2,Licenciatura 2026,210,21000195,PSICOLOGIA,FACULTAD DE PSICOLOGÍA,Escolarizado,https://www.dgae.unam.mx/Licenciatura2026/resultados_control/2/21000195.html,80,596,372,74,142,132627,54,,No seleccionada/o,,
2,Licenciatura 2026,210,21000195,PSICOLOGIA,FACULTAD DE PSICOLOGÍA,Escolarizado,https://www.dgae.unam.mx/Licenciatura2026/resultados_control/2/21000195.html,80,596,372,74,142,132684,44,,No seleccionada/o,,
2,Licenciatura 2026,210,21000195,PSICOLOGIA,FACULTAD DE PSICOLOGÍA,Escolarizado,https://www.dgae.unam.mx/Licenciatura2026/resultados_control/2/21000195.html,80,596,372,74,142,132700,,N,No presentada/o,,
2,Licenciatura 2026,210,21000195,PSICOLOGIA,FACULTAD DE PSICOLOGÍA,Escolarizado,https://www.dgae.unam.mx/Licenciatura2026/resultados_control/2/21000195.html,80,596,372,74,142,132746,75,S,Seleccionada/o,,
2,Licenciatura 2026,210,21000195,PSICOLOGIA,FACULTAD DE PSICOLOGÍA,Escolarizado,https://www.dgae.unam.mx/Licenciatura2026/resultados_control/2/21000195.html,80,596,372,74,142,132858,,N,No presentada/o,,
2,Licenciatura 2026,210,21000195,PSICOLOGIA,FACULTAD DE PSICOLOGÍA,Escolarizado,https://www.dgae.unam.mx/Licenciatura2026/resultados_control/2/21000195.html,80,596,372,74,142,133069,60,,No seleccionada/o,,
2,Licenciatura 2026,210,21000195,PSICOLOGIA,FACULTAD DE PSICOLOGÍA,Escolarizado,https://www.dgae.unam.mx/Licenciatura2026/resultados_control/2/21000195.html,80,596,372,74,142,133167,38,,No seleccionada/o,,
2,Licenciatura 2026,210,21000195,PSICOLOGIA,FACULTAD DE PSICOLOGÍA,Escolarizado,https://www.dgae.unam.mx/Licenciatura2026/resultados_control/2/21000195.html,80,596,372,74,142,133232,59,,No seleccionada/o,,
2,Licenciatura 2026,210,21000195,PSICOLOGIA,FACULTAD DE PSICOLOGÍA,Escolarizado,https://www.dgae.unam.mx/Licenciatura2026/resultados_control/2/21000195.html,80,596,372,74,142,133294,58,,No seleccionada/o,,
2,Licenciatura 2026,210,21000195,PSICOLOGIA,FACULTAD DE PSICOLOGÍA,Escolarizado,https://www.dgae.unam.mx/Licenciatura2026/resultados_control/2/21000195.html,80,596,372,74,142,133299,,S,Seleccionada/o,Cita para aclarar situación escolar.,
2,Licenciatura 2026,210,21000195,PSICOLOGIA,FACULTAD DE PSICOLOGÍA,Escolarizado,https://www.dgae.unam.mx/Licenciatura2026/resultados_control/2/21000195.html,80,596,372,74,142,133313,,N,No presentada/o,,
2,Licenciatura 2026,210,21000195,PSICOLOGIA,FACULTAD DE PSICOLOGÍA,Escolarizado,https://www.dgae.unam.mx/Licenciatura2026/resultados_control/2/21000195.html,80,596,372,74,142,133353,55,,No seleccionada/o,,
2,Licenciatura 2026,210,21000195,PSICOLOGIA,FACULTAD DE PSICOLOGÍA,Escolarizado,https://www.dgae.unam.mx/Licenciatura2026/resultados_control/2/21000195.html,80,596,372,74,142,133354,98,S,Seleccionada/o,Cita para entregar documentación.,
2,Licenciatura 2026,210,21000195,PSICOLOGIA,FACULTAD DE PSICOLOGÍA,Escolarizado,https://www.dgae.unam.mx/Licenciatura2026/resultados_control/2/21000195.html,80,596,372,74,142,133653,,N,No presentada/o,,
2,Licenciatura 2026,210,21000195,PSICOLOGIA,FACULTAD DE PSICOLOGÍA,Escolarizado,https://www.dgae.unam.mx/Licenciatura2026/resultados_control/2/21000195.html,80,596,372,74,142,133762,,N,No presentada/o,,
2,Licenciatura 2026,210,21000195,PSICOLOGIA,FACULTAD DE PSICOLOGÍA,Escolarizado,https://www.dgae.unam.mx/Licenciatura2026/resultados_control/2/21000195.html,80,596,372,74,142,134024,38,,No seleccionada/o,,
2,Licenciatura 2026,210,21000195,PSICOLOGIA,FACULTAD DE PSICOLOGÍA,Escolarizado,https://www.dgae.unam.mx/Licenciatura2026/resultados_control/2/21000195.html,80,596,372,74,142,134142,78,S,Seleccionada/o,Cita para entregar documentación.,
2,Licenciatura 2026,210,21000195,PSICOLOGIA,FACULTAD DE PSICOLOGÍA,Escolarizado,https://www.dgae.unam.mx/Licenciatura2026/resultados_control/2/21000195.html,80,596,372,74,142,134147,,N,No presentada/o,,
2,Licenciatura 2026,210,21000195,PSICOLOGIA,FACULTAD DE PSICOLOGÍA,Escolarizado,https://www.dgae.unam.mx/Licenciatura2026/resultados_control/2/21000195.html,80,596,372,74,142,134670,64,,No seleccionada/o,,
2,Licenciatura 2026,210,21000195,PSICOLOGIA,FACULTAD DE PSICOLOGÍA,Escolarizado,https://www.dgae.unam.mx/Licenciatura2026/resultados_control/2/21000195.html,80,596,372,74,142,135011,,N,No presentada/o,,
2,Licenciatura 2026,210,21000195,PSICOLOGIA,FACULTAD DE PSICOLOGÍA,Escolarizado,https://www.dgae.unam.mx/Licenciatura2026/resultados_control/2/21000195.html,80,596,372,74,142,135328,51,,No seleccionada/o,,
2,Licenciatura 2026,210,21000195,PSICOLOGIA,FACULTAD DE PSICOLOGÍA,Escolarizado,https://www.dgae.unam.mx/Licenciatura2026/resultados_control/2/21000195.html,80,596,372,74,142,135443,,N,No presentada/o,,
2,Licenciatura 2026,210,21000195,PSICOLOGIA,FACULTAD DE PSICOLOGÍA,Escolarizado,https://www.dgae.unam.mx/Licenciatura2026/resultados_control/2/21000195.html,80,596,372,74,142,136009,86,S,Seleccionada/o,Cita para entregar documentación.,
2,Licenciatura 2026,210,21000195,PSICOLOGIA,FACULTAD DE PSICOLOGÍA,Escolarizado,https://www.dgae.unam.mx/Licenciatura2026/resultados_control/2/21000195.html,80,596,372,74,142,136078,,N,No presentada/o,,
2,Licenciatura 2026,210,21000195,PSICOLOGIA,FACULTAD DE PSICOLOGÍA,Escolarizado,https://www.dgae.unam.mx/Licenciatura2026/resultados_control/2/21000195.html,80,596,372,74,142,136235,68,,No seleccionada/o,,
2,Licenciatura 2026,210,21000195,PSICOLOGIA,FACULTAD DE PSICOLOGÍA,Escolarizado,https://www.dgae.unam.mx/Licenciatura2026/resultados_control/2/21000195.html,80,596,372,74,142,136306,,N,No presentada/o,,
2,Licenciatura 2026,210,21000195,PSICOLOGIA,FACULTAD DE PSICOLOGÍA,Escolarizado,https://www.dgae.unam.mx/Licenciatura2026/resultados_control/2/21000195.html,80,596,372,74,142,136519,,N,No presentada/o,,
2,Licenciatura 2026,210,21000195,PSICOLOGIA,FACULTAD DE PSICOLOGÍA,Escolarizado,https://www.dgae.unam.mx/Licenciatura2026/resultados_control/2/21000195.html,80,596,372,74,142,137276,100,S,Seleccionada/o,Cita para entregar documentación.,
2,Licenciatura 2026,210,21000195,PSICOLOGIA,FACULTAD DE PSICOLOGÍA,Escolarizado,https://www.dgae.unam.mx/Licenciatura2026/resultados_control/2/21000195.html,80,596,372,74,142,137640,94,S,Seleccionada/o,Cita para entregar documentación.,
2,Licenciatura 2026,210,21000195,PSICOLOGIA,FACULTAD DE PSICOLOGÍA,Escolarizado,https://www.dgae.unam.mx/Licenciatura2026/resultados_control/2/21000195.html,80,596,372,74,142,137686,103,S,Seleccionada/o,Cita para entregar documentación.,
2,Licenciatura 2026,210,21000195,PSICOLOGIA,FACULTAD DE PSICOLOGÍA,Escolarizado,https://www.dgae.unam.mx/Licenciatura2026/resultados_control/2/21000195.html,80,596,372,74,142,137841,53,,No seleccionada/o,,
2,Licenciatura 2026,210,21000195,PSICOLOGIA,FACULTAD DE PSICOLOGÍA,Escolarizado,https://www.dgae.unam.mx/Licenciatura2026/resultados_control/2/21000195.html,80,596,372,74,142,137893,,N,No presentada/o,,
2,Licenciatura 2026,210,21000195,PSICOLOGIA,FACULTAD DE PSICOLOGÍA,Escolarizado,https://www.dgae.unam.mx/Licenciatura2026/resultados_control/2/21000195.html,80,596,372,74,142,137981,87,S,Seleccionada/o,Cita para entregar documentación.,
2,Licenciatura 2026,210,21000195,PSICOLOGIA,FACULTAD DE PSICOLOGÍA,Escolarizado,https://www.dgae.unam.mx/Licenciatura2026/resultados_control/2/21000195.html,80,596,372,74,142,138060,,N,No presentada/o,,
2,Licenciatura 2026,210,21000195,PSICOLOGIA,FACULTAD DE PSICOLOGÍA,Escolarizado,https://www.dgae.unam.mx/Licenciatura2026/resultados_control/2/21000195.html,80,596,372,74,142,138760,41,,No seleccionada/o,,
2,Licenciatura 2026,210,21000195,PSICOLOGIA,FACULTAD DE PSICOLOGÍA,Escolarizado,https://www.dgae.unam.mx/Licenciatura2026/resultados_control/2/21000195.html,80,596,372,74,142,139230,,N,No presentada/o,,
2,Licenciatura 2026,210,21000195,PSICOLOGIA,FACULTAD DE PSICOLOGÍA,Escolarizado,https://www.dgae.unam.mx/Licenciatura2026/resultados_control/2/21000195.html,80,596,372,74,142,139360,,N,No presentada/o,,
2,Licenciatura 2026,210,21000195,PSICOLOGIA,FACULTAD DE PSICOLOGÍA,Escolarizado,https://www.dgae.unam.mx/Licenciatura2026/resultados_control/2/21000195.html,80,596,372,74,142,139453,,N,No presentada/o,,
2,Licenciatura 2026,210,21000195,PSICOLOGIA,FACULTAD DE PSICOLOGÍA,Escolarizado,https://www.dgae.unam.mx/Licenciatura2026/resultados_control/2/21000195.html,80,596,372,74,142,139549,,N,No presentada/o,,
2,Licenciatura 2026,210,21000195,PSICOLOGIA,FACULTAD DE PSICOLOGÍA,Escolarizado,https://www.dgae.unam.mx/Licenciatura2026/resultados_control/2/21000195.html,80,596,372,74,142,139991,,N,No presentada/o,,
2,Licenciatura 2026,210,21000195,PSICOLOGIA,FACULTAD DE PSICOLOGÍA,Escolarizado,https://www.dgae.unam.mx/Licenciatura2026/resultados_control/2/21000195.html,80,596,372,74,142,140034,51,,No seleccionada/o,,
2,Licenciatura 2026,210,21000195,PSICOLOGIA,FACULTAD DE PSICOLOGÍA,Escolarizado,https://www.dgae.unam.mx/Licenciatura2026/resultados_control/2/21000195.html,80,596,372,74,142,140933,75,S,Seleccionada/o,Cita para entregar documentación.,
2,Licenciatura 2026,210,21000195,PSICOLOGIA,FACULTAD DE PSICOLOGÍA,Escolarizado,https://www.dgae.unam.mx/Licenciatura2026/resultados_control/2/21000195.html,80,596,372,74,142,140991,45,,No seleccionada/o,,
2,Licenciatura 2026,210,21000195,PSICOLOGIA,FACULTAD DE PSICOLOGÍA,Escolarizado,https://www.dgae.unam.mx/Licenciatura2026/resultados_control/2/21000195.html,80,596,372,74,142,141412,64,,No seleccionada/o,,
2,Licenciatura 2026,210,21000195,PSICOLOGIA,FACULTAD DE PSICOLOGÍA,Escolarizado,https://www.dgae.unam.mx/Licenciatura2026/resultados_control/2/21000195.html,80,596,372,74,142,141540,,N,No presentada/o,,
2,Licenciatura 2026,210,21000195,PSICOLOGIA,FACULTAD DE PSICOLOGÍA,Escolarizado,https://www.dgae.unam.mx/Licenciatura2026/resultados_control/2/21000195.html,80,596,372,74,142,141728,,N,No presentada/o,,
2,Licenciatura 2026,210,21000195,PSICOLOGIA,FACULTAD DE PSICOLOGÍA,Escolarizado,https://www.dgae.unam.mx/Licenciatura2026/resultados_control/2/21000195.html,80,596,372,74,142,141750,,N,No presentada/o,,
2,Licenciatura 2026,210,21000195,PSICOLOGIA,FACULTAD DE PSICOLOGÍA,Escolarizado,https://www.dgae.unam.mx/Licenciatura2026/resultados_control/2/21000195.html,80,596,372,74,142,141818,,N,No presentada/o,,
2,Licenciatura 2026,210,21000195,PSICOLOGIA,FACULTAD DE PSICOLOGÍA,Escolarizado,https://www.dgae.unam.mx/Licenciatura2026/resultados_control/2/21000195.html,80,596,372,74,142,141839,,N,No presentada/o,,
2,Licenciatura 2026,210,21000195,PSICOLOGIA,FACULTAD DE PSICOLOGÍA,Escolarizado,https://www.dgae.unam.mx/Licenciatura2026/resultados_control/2/21000195.html,80,596,372,74,142,141936,97,S,Seleccionada/o,Cita para entregar documentación.,
2,Licenciatura 2026,210,21000195,PSICOLOGIA,FACULTAD DE PSICOLOGÍA,Escolarizado,https://www.dgae.unam.mx/Licenciatura2026/resultados_control/2/21000195.html,80,596,372,74,142,141971,85,S,Seleccionada/o,Cita para entregar documentación.,
2,Licenciatura 2026,210,21000195,PSICOLOGIA,FACULTAD DE PSICOLOGÍA,Escolarizado,https://www.dgae.unam.mx/Licenciatura2026/resultados_control/2/21000195.html,80,596,372,74,142,142662,,N,No presentada/o,,
2,Licenciatura 2026,210,21000195,PSICOLOGIA,FACULTAD DE PSICOLOGÍA,Escolarizado,https://www.dgae.unam.mx/Licenciatura2026/resultados_control/2/21000195.html,80,596,372,74,142,142715,,N,No presentada/o,,
2,Licenciatura 2026,210,21000195,PSICOLOGIA,FACULTAD DE PSICOLOGÍA,Escolarizado,https://www.dgae.unam.mx/Licenciatura2026/resultados_control/2/21000195.html,80,596,372,74,142,142942,90,S,Seleccionada/o,Cita para entregar documentación.,
2,Licenciatura 2026,210,21000195,PSICOLOGIA,FACULTAD DE PSICOLOGÍA,Escolarizado,https://www.dgae.unam.mx/Licenciatura2026/resultados_control/2/21000195.html,80,596,372,74,142,142986,,N,No presentada/o,,
2,Licenciatura 2026,210,21000195,PSICOLOGIA,FACULTAD DE PSICOLOGÍA,Escolarizado,https://www.dgae.unam.mx/Licenciatura2026/resultados_control/2/21000195.html,80,596,372,74,142,143029,82,S,Seleccionada/o,,
2,Licenciatura 2026,210,21000195,PSICOLOGIA,FACULTAD DE PSICOLOGÍA,Escolarizado,https://www.dgae.unam.mx/Licenciatura2026/resultados_control/2/21000195.html,80,596,372,74,142,143041,,N,No presentada/o,,
2,Licenciatura 2026,210,21000195,PSICOLOGIA,FACULTAD DE PSICOLOGÍA,Escolarizado,https://www.dgae.unam.mx/Licenciatura2026/resultados_control/2/21000195.html,80,596,372,74,142,143520,55,,No seleccionada/o,,
2,Licenciatura 2026,210,21000195,PSICOLOGIA,FACULTAD DE PSICOLOGÍA,Escolarizado,https://www.dgae.unam.mx/Licenciatura2026/resultados_control/2/21000195.html,80,596,372,74,142,143572,,N,No presentada/o,,
2,Licenciatura 2026,210,21000195,PSICOLOGIA,FACULTAD DE PSICOLOGÍA,Escolarizado,https://www.dgae.unam.mx/Licenciatura2026/resultados_control/2/21000195.html,80,596,372,74,142,143632,,N,No presentada/o,,
2,Licenciatura 2026,210,21000195,PSICOLOGIA,FACULTAD DE PSICOLOGÍA,Escolarizado,https://www.dgae.unam.mx/Licenciatura2026/resultados_control/2/21000195.html,80,596,372,74,142,143685,80,S,Seleccionada/o,Cita para entregar documentación.,
2,Licenciatura 2026,210,21000195,PSICOLOGIA,FACULTAD DE PSICOLOGÍA,Escolarizado,https://www.dgae.unam.mx/Licenciatura2026/resultados_control/2/21000195.html,80,596,372,74,142,143840,,N,No presentada/o,,
2,Licenciatura 2026,210,21000195,PSICOLOGIA,FACULTAD DE PSICOLOGÍA,Escolarizado,https://www.dgae.unam.mx/Licenciatura2026/resultados_control/2/21000195.html,80,596,372,74,142,143875,,N,No presentada/o,,
2,Licenciatura 2026,210,21000195,PSICOLOGIA,FACULTAD DE PSICOLOGÍA,Escolarizado,https://www.dgae.unam.mx/Licenciatura2026/resultados_control/2/21000195.html,80,596,372,74,142,143951,74,S,Seleccionada/o,Cita para entregar documentación.,
2,Licenciatura 2026,210,21000195,PSICOLOGIA,FACULTAD DE PSICOLOGÍA,Escolarizado,https://www.dgae.unam.mx/Licenciatura2026/resultados_control/2/21000195.html,80,596,372,74,142,144095,37,,No seleccionada/o,,
2,Licenciatura 2026,210,21000195,PSICOLOGIA,FACULTAD DE PSICOLOGÍA,Escolarizado,https://www.dgae.unam.mx/Licenciatura2026/resultados_control/2/21000195.html,80,596,372,74,142,144315,,N,No presentada/o,,
2,Licenciatura 2026,210,21000195,PSICOLOGIA,FACULTAD DE PSICOLOGÍA,Escolarizado,https://www.dgae.unam.mx/Licenciatura2026/resultados_control/2/21000195.html,80,596,372,74,142,144426,,N,No presentada/o,,
2,Licenciatura 2026,210,21000195,PSICOLOGIA,FACULTAD DE PSICOLOGÍA,Escolarizado,https://www.dgae.unam.mx/Licenciatura2026/resultados_control/2/21000195.html,80,596,372,74,142,144514,,N,No presentada/o,,
2,Licenciatura 2026,210,21000195,PSICOLOGIA,FACULTAD DE PSICOLOGÍA,Escolarizado,https://www.dgae.unam.mx/Licenciatura2026/resultados_control/2/21000195.html,80,596,372,74,142,144618,55,,No seleccionada/o,,
2,Licenciatura 2026,210,21000195,PSICOLOGIA,FACULTAD DE PSICOLOGÍA,Escolarizado,https://www.dgae.unam.mx/Licenciatura2026/resultados_control/2/21000195.html,80,596,372,74,142,144629,,N,No presentada/o,,
2,Licenciatura 2026,210,21000195,PSICOLOGIA,FACULTAD DE PSICOLOGÍA,Escolarizado,https://www.dgae.unam.mx/Licenciatura2026/resultados_control/2/21000195.html,80,596,372,74,142,144868,,N,No presentada/o,,
2,Licenciatura 2026,210,21000195,PSICOLOGIA,FACULTAD DE PSICOLOGÍA,Escolarizado,https://www.dgae.unam.mx/Licenciatura2026/resultados_control/2/21000195.html,80,596,372,74,142,144987,101,S,Seleccionada/o,Cita para entregar documentación.,
2,Licenciatura 2026,210,21000195,PSICOLOGIA,FACULTAD DE PSICOLOGÍA,Escolarizado,https://www.dgae.unam.mx/Licenciatura2026/resultados_control/2/21000195.html,80,596,372,74,142,145000,80,S,Seleccionada/o,Cita para entregar documentación.,
2,Licenciatura 2026,210,21000195,PSICOLOGIA,FACULTAD DE PSICOLOGÍA,Escolarizado,https://www.dgae.unam.mx/Licenciatura2026/resultados_control/2/21000195.html,80,596,372,74,142,145291,,N,No presentada/o,,
2,Licenciatura 2026,210,21000195,PSICOLOGIA,FACULTAD DE PSICOLOGÍA,Escolarizado,https://www.dgae.unam.mx/Licenciatura2026/resultados_control/2/21000195.html,80,596,372,74,142,145443,51,,No seleccionada/o,,
2,Licenciatura 2026,210,21000195,PSICOLOGIA,FACULTAD DE PSICOLOGÍA,Escolarizado,https://www.dgae.unam.mx/Licenciatura2026/resultados_control/2/21000195.html,80,596,372,74,142,145810,58,,No seleccionada/o,,
2,Licenciatura 2026,210,21000195,PSICOLOGIA,FACULTAD DE PSICOLOGÍA,Escolarizado,https://www.dgae.unam.mx/Licenciatura2026/resultados_control/2/21000195.html,80,596,372,74,142,145906,,N,No presentada/o,,
2,Licenciatura 2026,210,21000195,PSICOLOGIA,FACULTAD DE PSICOLOGÍA,Escolarizado,https://www.dgae.unam.mx/Licenciatura2026/resultados_control/2/21000195.html,80,596,372,74,142,146384,,N,No presentada/o,,
2,Licenciatura 2026,210,21000195,PSICOLOGIA,FACULTAD DE PSICOLOGÍA,Escolarizado,https://www.dgae.unam.mx/Licenciatura2026/resultados_control/2/21000195.html,80,596,372,74,142,146829,56,,No seleccionada/o,,
2,Licenciatura 2026,210,21000195,PSICOLOGIA,FACULTAD DE PSICOLOGÍA,Escolarizado,https://www.dgae.unam.mx/Licenciatura2026/resultados_control/2/21000195.html,80,596,372,74,142,146909,,N,No presentada/o,,
2,Licenciatura 2026,210,21000195,PSICOLOGIA,FACULTAD DE PSICOLOGÍA,Escolarizado,https://www.dgae.unam.mx/Licenciatura2026/resultados_control/2/21000195.html,80,596,372,74,142,146939,,N,No presentada/o,,
2,Licenciatura 2026,210,21000195,PSICOLOGIA,FACULTAD DE PSICOLOGÍA,Escolarizado,https://www.dgae.unam.mx/Licenciatura2026/resultados_control/2/21000195.html,80,596,372,74,142,147518,83,S,Seleccionada/o,Cita para entregar documentación.,
2,Licenciatura 2026,210,21000195,PSICOLOGIA,FACULTAD DE PSICOLOGÍA,Escolarizado,https://www.dgae.unam.mx/Licenciatura2026/resultados_control/2/21000195.html,80,596,372,74,142,147650,,N,No presentada/o,,
2,Licenciatura 2026,210,21000195,PSICOLOGIA,FACULTAD DE PSICOLOGÍA,Escolarizado,https://www.dgae.unam.mx/Licenciatura2026/resultados_control/2/21000195.html,80,596,372,74,142,147870,,N,No presentada/o,,
2,Licenciatura 2026,210,21000195,PSICOLOGIA,FACULTAD DE PSICOLOGÍA,Escolarizado,https://www.dgae.unam.mx/Licenciatura2026/resultados_control/2/21000195.html,80,596,372,74,142,148269,54,,No seleccionada/o,,
2,Licenciatura 2026,210,21000195,PSICOLOGIA,FACULTAD DE PSICOLOGÍA,Escolarizado,https://www.dgae.unam.mx/Licenciatura2026/resultados_control/2/21000195.html,80,596,372,74,142,148665,,N,No presentada/o,,
2,Licenciatura 2026,210,21000195,PSICOLOGIA,FACULTAD DE PSICOLOGÍA,Escolarizado,https://www.dgae.unam.mx/Licenciatura2026/resultados_control/2/21000195.html,80,596,372,74,142,148777,42,,No seleccionada/o,,
2,Licenciatura 2026,210,21000195,PSICOLOGIA,FACULTAD DE PSICOLOGÍA,Escolarizado,https://www.dgae.unam.mx/Licenciatura2026/resultados_control/2/21000195.html,80,596,372,74,142,149164,,N,No presentada/o,,
2,Licenciatura 2026,210,21000195,PSICOLOGIA,FACULTAD DE PSICOLOGÍA,Escolarizado,https://www.dgae.unam.mx/Licenciatura2026/resultados_control/2/21000195.html,80,596,372,74,142,149838,,N,No presentada/o,,
2,Licenciatura 2026,210,21000195,PSICOLOGIA,FACULTAD DE PSICOLOGÍA,Escolarizado,https://www.dgae.unam.mx/Licenciatura2026/resultados_control/2/21000195.html,80,596,372,74,142,150091,,N,No presentada/o,,
2,Licenciatura 2026,210,21000195,PSICOLOGIA,FACULTAD DE PSICOLOGÍA,Escolarizado,https://www.dgae.unam.mx/Licenciatura2026/resultados_control/2/21000195.html,80,596,372,74,142,150312,89,S,Seleccionada/o,Cita para entregar documentación.,
2,Licenciatura 2026,210,21000195,PSICOLOGIA,FACULTAD DE PSICOLOGÍA,Escolarizado,https://www.dgae.unam.mx/Licenciatura2026/resultados_control/2/21000195.html,80,596,372,74,142,150368,,N,No presentada/o,,
2,Licenciatura 2026,210,21000195,PSICOLOGIA,FACULTAD DE PSICOLOGÍA,Escolarizado,https://www.dgae.unam.mx/Licenciatura2026/resultados_control/2/21000195.html,80,596,372,74,142,150404,,N,No presentada/o,,
2,Licenciatura 2026,210,21000195,PSICOLOGIA,FACULTAD DE PSICOLOGÍA,Escolarizado,https://www.dgae.unam.mx/Licenciatura2026/resultados_control/2/21000195.html,80,596,372,74,142,150506,,N,No presentada/o,,
2,Licenciatura 2026,210,21000195,PSICOLOGIA,FACULTAD DE PSICOLOGÍA,Escolarizado,https://www.dgae.unam.mx/Licenciatura2026/resultados_control/2/21000195.html,80,596,372,74,142,150548,59,,No seleccionada/o,,
2,Licenciatura 2026,210,21000195,PSICOLOGIA,FACULTAD DE PSICOLOGÍA,Escolarizado,https://www.dgae.unam.mx/Licenciatura2026/resultados_control/2/21000195.html,80,596,372,74,142,150579,,N,No presentada/o,,
2,Licenciatura 2026,210,21000195,PSICOLOGIA,FACULTAD DE PSICOLOGÍA,Escolarizado,https://www.dgae.unam.mx/Licenciatura2026/resultados_control/2/21000195.html,80,596,372,74,142,150672,,N,No presentada/o,,
2,Licenciatura 2026,210,21000195,PSICOLOGIA,FACULTAD DE PSICOLOGÍA,Escolarizado,https://www.dgae.unam.mx/Licenciatura2026/resultados_control/2/21000195.html,80,596,372,74,142,150697,,N,No presentada/o,,
2,Licenciatura 2026,210,21000195,PSICOLOGIA,FACULTAD DE PSICOLOGÍA,Escolarizado,https://www.dgae.unam.mx/Licenciatura2026/resultados_control/2/21000195.html,80,596,372,74,142,151418,102,S,Seleccionada/o,Cita para entregar documentación.,
2,Licenciatura 2026,210,21000195,PSICOLOGIA,FACULTAD DE PSICOLOGÍA,Escolarizado,https://www.dgae.unam.mx/Licenciatura2026/resultados_control/2/21000195.html,80,596,372,74,142,151430,76,S,Seleccionada/o,Cita para entregar documentación.,
2,Licenciatura 2026,210,21000195,PSICOLOGIA,FACULTAD DE PSICOLOGÍA,Escolarizado,https://www.dgae.unam.mx/Licenciatura2026/resultados_control/2/21000195.html,80,596,372,74,142,151431,61,,No seleccionada/o,,
2,Licenciatura 2026,210,21000195,PSICOLOGIA,FACULTAD DE PSICOLOGÍA,Escolarizado,https://www.dgae.unam.mx/Licenciatura2026/resultados_control/2/21000195.html,80,596,372,74,142,151433,47,,No seleccionada/o,,
2,Licenciatura 2026,210,21000195,PSICOLOGIA,FACULTAD DE PSICOLOGÍA,Escolarizado,https://www.dgae.unam.mx/Licenciatura2026/resultados_control/2/21000195.html,80,596,372,74,142,151705,70,,No seleccionada/o,,
