Area,Concurso,Clave_carrera,Codigo_opcion,Carrera,Plantel,Modalidad,URL_resultados,Oferta,Aspirantes,Presentaron_examen,Aciertos_minimos,Seleccionados,Numero_comprobante,Aciertos,Acreditado,Estatus,Detalles,Diagnostico
2,Licenciatura 2026,220,22000095,ENFERMERIA,FACULTAD DE ENFERMERIA Y OBSTETRICIA,Escolarizado,https://www.dgae.unam.mx/Licenciatura2026/resultados_control/2/22000095.html,160,504,331,53,171,070004,35,,No seleccionada/o,,
2,Licenciatura 2026,220,22000095,ENFERMERIA,FACULTAD DE ENFERMERIA Y OBSTETRICIA,Escolarizado,https://www.dgae.unam.mx/Licenciatura2026/resultados_control/2/22000095.html,160,504,331,53,171,070251,37,,No seleccionada/o,,
2,Licenciatura 2026,220,22000095,ENFERMERIA,FACULTAD DE ENFERMERIA Y OBSTETRICIA,Escolarizado,https://www.dgae.unam.mx/Licenciatura2026/resultados_control/2/22000095.html,160,504,331,53,171,070518,44,,No seleccionada/o,,
2,Licenciatura 2026,220,22000095,ENFERMERIA,FACULTAD DE ENFERMERIA Y OBSTETRICIA,Escolarizado,https://www.dgae.unam.mx/Licenciatura2026/resultados_control/2/22000095.html,160,504,331,53,171,070523,46,,No seleccionada/o,,
2,Licenciatura 2026,220,22000095,ENFERMERIA,FACULTAD DE ENFERMERIA Y OBSTETRICIA,Escolarizado,https://www.dgae.unam.mx/Licenciatura2026/resultados_control/2/22000095.html,160,504,331,53,171,070970,,N,No presentada/o,,
2,Licenciatura 2026,220,22000095,ENFERMERIA,FACULTAD DE ENFERMERIA Y OBSTETRICIA,Escolarizado,https://www.dgae.unam.mx/Licenciatura2026/resultados_control/2/22000095.html,160,504,331,53,171,071014,44,,No seleccionada/o,,
2,Licenciatura 2026,220,22000095,ENFERMERIA,FACULTAD DE ENFERMERIA Y OBSTETRICIA,Escolarizado,https://www.dgae.unam.mx/Licenciatura2026/resultados_control/2/22000095.html,160,504,331,53,171,071050,,N,No presentada/o,,
2,Licenciatura 2026,220,22000095,ENFERMERIA,FACULTAD DE ENFERMERIA Y OBSTETRICIA,Escolarizado,https://www.dgae.unam.mx/Licenciatura2026/resultados_control/2/22000095.html,160,504,331,53,171,071249,32,,No seleccionada/o,,
2,Licenciatura 2026,220,22000095,ENFERMERIA,FACULTAD DE ENFERMERIA Y OBSTETRICIA,Escolarizado,https://www.dgae.unam.mx/Licenciatura2026/resultados_control/2/22000095.html,160,504,331,53,171,071332,90,S,Seleccionada/o,Cita para entregar documentación.,
2,Licenciatura 2026,220,22000095,ENFERMERIA,FACULTAD DE ENFERMERIA Y OBSTETRICIA,Escolarizado,https://www.dgae.unam.mx/Licenciatura2026/resultados_control/2/22000095.html,160,504,331,53,171,071549,48,,No seleccionada/o,,
2,Licenciatura 2026,220,22000095,ENFERMERIA,FACULTAD DE ENFERMERIA Y OBSTETRICIA,Escolarizado,https://www.dgae.unam.mx/Licenciatura2026/resultados_control/2/22000095.html,160,504,331,53,171,071664,42,,No seleccionada/o,,
2,Licenciatura 2026,220,22000095,ENFERMERIA,FACULTAD DE ENFERMERIA Y OBSTETRICIA,Escolarizado,https://www.dgae.unam.mx/Licenciatura2026/resultados_control/2/22000095.html,160,504,331,53,171,071750,50,,No seleccionada/o,,
2,Licenciatura 2026,220,22000095,ENFERMERIA,FACULTAD DE ENFERMERIA Y OBSTETRICIA,Escolarizado,https://www.dgae.unam.mx/Licenciatura2026/resultados_control/2/22000095.html,160,504,331,53,171,071755,,N,No presentada/o,,
2,Licenciatura 2026,220,22000095,ENFERMERIA,FACULTAD DE ENFERMERIA Y OBSTETRICIA,Escolarizado,https://www.dgae.unam.mx/Licenciatura2026/resultados_control/2/22000095.html,160,504,331,53,171,072014,,N,No presentada/o,,
2,Licenciatura 2026,220,22000095,ENFERMERIA,FACULTAD DE ENFERMERIA Y OBSTETRICIA,Escolarizado,https://www.dgae.unam.mx/Licenciatura2026/resultados_control/2/22000095.html,160,504,331,53,171,072077,30,,No seleccionada/o,,
2,Licenciatura 2026,220,22000095,ENFERMERIA,FACULTAD DE ENFERMERIA Y OBSTETRICIA,Escolarizado,https://www.dgae.unam.mx/Licenciatura2026/resultados_control/2/22000095.html,160,504,331,53,171,072106,,N,No presentada/o,,
2,Licenciatura 2026,220,22000095,ENFERMERIA,FACULTAD DE ENFERMERIA Y OBSTETRICIA,Escolarizado,https://www.dgae.unam.mx/Licenciatura2026/resultados_control/2/22000095.html,160,504,331,53,171,072146,,N,No presentada/o,,
2,Licenciatura 2026,220,22000095,ENFERMERIA,FACULTAD DE ENFERMERIA Y OBSTETRICIA,Escolarizado,https://www.dgae.unam.mx/Licenciatura2026/resultados_control/2/22000095.html,160,504,331,53,171,072292,81,S,Seleccionada/o,Cita para entregar documentación.,
2,Licenciatura 2026,220,22000095,ENFERMERIA,FACULTAD DE ENFERMERIA Y OBSTETRICIA,Escolarizado,https://www.dgae.unam.mx/Licenciatura2026/resultados_control/2/22000095.html,160,504,331,53,171,072405,63,S,Seleccionada/o,Cita para entregar documentación.,
2,Licenciatura 2026,220,22000095,ENFERMERIA,FACULTAD DE ENFERMERIA Y OBSTETRICIA,Escolarizado,https://www.dgae.unam.mx/Licenciatura2026/resultados_control/2/22000095.html,160,504,331,53,171,072554,51,,No seleccionada/o,,
2,Licenciatura 2026,220,22000095,ENFERMERIA,FACULTAD DE ENFERMERIA Y OBSTETRICIA,Escolarizado,https://www.dgae.unam.mx/Licenciatura2026/resultados_control/2/22000095.html,160,504,331,53,171,072570,55,S,Seleccionada/o,Cita para entregar documentación.,
2,Licenciatura 2026,220,22000095,ENFERMERIA,FACULTAD DE ENFERMERIA Y OBSTETRICIA,Escolarizado,https://www.dgae.unam.mx/Licenciatura2026/resultados_control/2/22000095.html,160,504,331,53,171,072571,51,,No seleccionada/o,,
2,Licenciatura 2026,220,22000095,ENFERMERIA,FACULTAD DE ENFERMERIA Y OBSTETRICIA,Escolarizado,https://www.dgae.unam.mx/Licenciatura2026/resultados_control/2/22000095.html,160,504,331,53,171,072578,56,S,Seleccionada/o,Cita para entregar documentación.,
2,Licenciatura 2026,220,22000095,ENFERMERIA,FACULTAD DE ENFERMERIA Y OBSTETRICIA,Escolarizado,https://www.dgae.unam.mx/Licenciatura2026/resultados_control/2/22000095.html,160,504,331,53,171,072661,55,S,Seleccionada/o,,
2,Licenciatura 2026,220,22000095,ENFERMERIA,FACULTAD DE ENFERMERIA Y OBSTETRICIA,Escolarizado,https://www.dgae.unam.mx/Licenciatura2026/resultados_control/2/22000095.html,160,504,331,53,171,072810,,N,No presentada/o,,
2,Licenciatura 2026,220,22000095,ENFERMERIA,FACULTAD DE ENFERMERIA Y OBSTETRICIA,Escolarizado,https://www.dgae.unam.mx/Licenciatura2026/resultados_control/2/22000095.html,160,504,331,53,171,072839,41,,No seleccionada/o,,
2,Licenciatura 2026,220,22000095,ENFERMERIA,FACULTAD DE ENFERMERIA Y OBSTETRICIA,Escolarizado,https://www.dgae.unam.mx/Licenciatura2026/resultados_control/2/22000095.html,160,504,331,53,171,072858,48,,No seleccionada/o,,
2,Licenciatura 2026,220,22000095,ENFERMERIA,FACULTAD DE ENFERMERIA Y OBSTETRICIA,Escolarizado,https://www.dgae.unam.mx/Licenciatura2026/resultados_control/2/22000095.html,160,504,331,53,171,072873,39,,No seleccionada/o,,
2,Licenciatura 2026,220,22000095,ENFERMERIA,FACULTAD DE ENFERMERIA Y OBSTETRICIA,Escolarizado,https://www.dgae.unam.mx/Licenciatura2026/resultados_control/2/22000095.html,160,504,331,53,171,073059,68,S,Seleccionada/o,Cita para entregar documentación.,
2,Licenciatura 2026,220,22000095,ENFERMERIA,FACULTAD DE ENFERMERIA Y OBSTETRICIA,Escolarizado,https://www.dgae.unam.mx/Licenciatura2026/resultados_control/2/22000095.html,160,504,331,53,171,073129,77,S,Seleccionada/o,Cita para entregar documentación.,
2,Licenciatura 2026,220,22000095,ENFERMERIA,FACULTAD DE ENFERMERIA Y OBSTETRICIA,Escolarizado,https://www.dgae.unam.mx/Licenciatura2026/resultados_control/2/22000095.html,160,504,331,53,171,073295,,N,No presentada/o,,
2,Licenciatura 2026,220,22000095,ENFERMERIA,FACULTAD DE ENFERMERIA Y OBSTETRICIA,Escolarizado,https://www.dgae.unam.mx/Licenciatura2026/resultados_control/2/22000095.html,160,504,331,53,171,073353,,N,No presentada/o,,
2,Licenciatura 2026,220,22000095,ENFERMERIA,FACULTAD DE ENFERMERIA Y OBSTETRICIA,Escolarizado,https://www.dgae.unam.mx/Licenciatura2026/resultados_control/2/22000095.html,160,504,331,53,171,073528,,N,No presentada/o,,
2,Licenciatura 2026,220,22000095,ENFERMERIA,FACULTAD DE ENFERMERIA Y OBSTETRICIA,Escolarizado,https://www.dgae.unam.mx/Licenciatura2026/resultados_control/2/22000095.html,160,504,331,53,171,073873,58,S,Seleccionada/o,Cita para entregar documentación.,
2,Licenciatura 2026,220,22000095,ENFERMERIA,FACULTAD DE ENFERMERIA Y OBSTETRICIA,Escolarizado,https://www.dgae.unam.mx/Licenciatura2026/resultados_control/2/22000095.html,160,504,331,53,171,073897,49,,No seleccionada/o,,
2,Licenciatura 2026,220,22000095,ENFERMERIA,FACULTAD DE ENFERMERIA Y OBSTETRICIA,Escolarizado,https://www.dgae.unam.mx/Licenciatura2026/resultados_control/2/22000095.html,160,504,331,53,171,074173,33,,No seleccionada/o,,
2,Licenciatura 2026,220,22000095,ENFERMERIA,FACULTAD DE ENFERMERIA Y OBSTETRICIA,Escolarizado,https://www.dgae.unam.mx/Licenciatura2026/resultados_control/2/22000095.html,160,504,331,53,171,074317,,N,No presentada/o,,
2,Licenciatura 2026,220,22000095,ENFERMERIA,FACULTAD DE ENFERMERIA Y OBSTETRICIA,Escolarizado,https://www.dgae.unam.mx/Licenciatura2026/resultados_control/2/22000095.html,160,504,331,53,171,074407,65,S,Seleccionada/o,Cita para entregar documentación.,
2,Licenciatura 2026,220,22000095,ENFERMERIA,FACULTAD DE ENFERMERIA Y OBSTETRICIA,Escolarizado,https://www.dgae.unam.mx/Licenciatura2026/resultados_control/2/22000095.html,160,504,331,53,171,074433,38,,No seleccionada/o,,
2,Licenciatura 2026,220,22000095,ENFERMERIA,FACULTAD DE ENFERMERIA Y OBSTETRICIA,Escolarizado,https://www.dgae.unam.mx/Licenciatura2026/resultados_control/2/22000095.html,160,504,331,53,171,074444,50,,No seleccionada/o,,
2,Licenciatura 2026,220,22000095,ENFERMERIA,FACULTAD DE ENFERMERIA Y OBSTETRICIA,Escolarizado,https://www.dgae.unam.mx/Licenciatura2026/resultados_control/2/22000095.html,160,504,331,53,171,074628,,N,No presentada/o,,
2,Licenciatura 2026,220,22000095,ENFERMERIA,FACULTAD DE ENFERMERIA Y OBSTETRICIA,Escolarizado,https://www.dgae.unam.mx/Licenciatura2026/resultados_control/2/22000095.html,160,504,331,53,171,074641,78,S,Seleccionada/o,Cita para entregar documentación.,
2,Licenciatura 2026,220,22000095,ENFERMERIA,FACULTAD DE ENFERMERIA Y OBSTETRICIA,Escolarizado,https://www.dgae.unam.mx/Licenciatura2026/resultados_control/2/22000095.html,160,504,331,53,171,074719,,N,No presentada/o,,
2,Licenciatura 2026,220,22000095,ENFERMERIA,FACULTAD DE ENFERMERIA Y OBSTETRICIA,Escolarizado,https://www.dgae.unam.mx/Licenciatura2026/resultados_control/2/22000095.html,160,504,331,53,171,074833,61,S,Seleccionada/o,Cita para entregar documentación.,
2,Licenciatura 2026,220,22000095,ENFERMERIA,FACULTAD DE ENFERMERIA Y OBSTETRICIA,Escolarizado,https://www.dgae.unam.mx/Licenciatura2026/resultados_control/2/22000095.html,160,504,331,53,171,074890,61,S,Seleccionada/o,Cita para entregar documentación.,
2,Licenciatura 2026,220,22000095,ENFERMERIA,FACULTAD DE ENFERMERIA Y OBSTETRICIA,Escolarizado,https://www.dgae.unam.mx/Licenciatura2026/resultados_control/2/22000095.html,160,504,331,53,171,075302,,N,No presentada/o,,
2,Licenciatura 2026,220,22000095,ENFERMERIA,FACULTAD DE ENFERMERIA Y OBSTETRICIA,Escolarizado,https://www.dgae.unam.mx/Licenciatura2026/resultados_control/2/22000095.html,160,504,331,53,171,075377,36,,No seleccionada/o,,
2,Licenciatura 2026,220,22000095,ENFERMERIA,FACULTAD DE ENFERMERIA Y OBSTETRICIA,Escolarizado,https://www.dgae.unam.mx/Licenciatura2026/resultados_control/2/22000095.html,160,504,331,53,171,075575,,N,No presentada/o,,
2,Licenciatura 2026,220,22000095,ENFERMERIA,FACULTAD DE ENFERMERIA Y OBSTETRICIA,Escolarizado,https://www.dgae.unam.mx/Licenciatura2026/resultados_control/2/22000095.html,160,504,331,53,171,075933,,N,No presentada/o,,
2,Licenciatura 2026,220,22000095,ENFERMERIA,FACULTAD DE ENFERMERIA Y OBSTETRICIA,Escolarizado,https://www.dgae.unam.mx/Licenciatura2026/resultados_control/2/22000095.html,160,504,331,53,171,076458,,N,No presentada/o,,
2,Licenciatura 2026,220,22000095,ENFERMERIA,FACULTAD DE ENFERMERIA Y OBSTETRICIA,Escolarizado,https://www.dgae.unam.mx/Licenciatura2026/resultados_control/2/22000095.html,160,504,331,53,171,076531,62,S,Seleccionada/o,Cita para entregar documentación.,
2,Licenciatura 2026,220,22000095,ENFERMERIA,FACULTAD DE ENFERMERIA Y OBSTETRICIA,Escolarizado,https://www.dgae.unam.mx/Licenciatura2026/resultados_control/2/22000095.html,160,504,331,53,171,076720,68,S,Seleccionada/o,Cita para entregar documentación.,
2,Licenciatura 2026,220,22000095,ENFERMERIA,FACULTAD DE ENFERMERIA Y OBSTETRICIA,Escolarizado,https://www.dgae.unam.mx/Licenciatura2026/resultados_control/2/22000095.html,160,504,331,53,171,076973,36,,No seleccionada/o,,
2,Licenciatura 2026,220,22000095,ENFERMERIA,FACULTAD DE ENFERMERIA Y OBSTETRICIA,Escolarizado,https://www.dgae.unam.mx/Licenciatura2026/resultados_control/2/22000095.html,160,504,331,53,171,077125,73,S,Seleccionada/o,Cita para entregar documentación.,
2,Licenciatura 2026,220,22000095,ENFERMERIA,FACULTAD DE ENFERMERIA Y OBSTETRICIA,Escolarizado,https://www.dgae.unam.mx/Licenciatura2026/resultados_control/2/22000095.html,160,504,331,53,171,077152,,N,No presentada/o,,
2,Licenciatura 2026,220,22000095,ENFERMERIA,FACULTAD DE ENFERMERIA Y OBSTETRICIA,Escolarizado,https://www.dgae.unam.mx/Licenciatura2026/resultados_control/2/22000095.html,160,504,331,53,171,077201,45,,No seleccionada/o,,
2,Licenciatura 2026,220,22000095,ENFERMERIA,FACULTAD DE ENFERMERIA Y OBSTETRICIA,Escolarizado,https://www.dgae.unam.mx/Licenciatura2026/resultados_control/2/22000095.html,160,504,331,53,171,077699,66,S,Seleccionada/o,Cita para entregar documentación.,
2,Licenciatura 2026,220,22000095,ENFERMERIA,FACULTAD DE ENFERMERIA Y OBSTETRICIA,Escolarizado,https://www.dgae.unam.mx/Licenciatura2026/resultados_control/2/22000095.html,160,504,331,53,171,077702,47,,No seleccionada/o,,
2,Licenciatura 2026,220,22000095,ENFERMERIA,FACULTAD DE ENFERMERIA Y OBSTETRICIA,Escolarizado,https://www.dgae.unam.mx/Licenciatura2026/resultados_control/2/22000095.html,160,504,331,53,171,077799,66,S,Seleccionada/o,Cita para entregar documentación.,
2,Licenciatura 2026,220,22000095,ENFERMERIA,FACULTAD DE ENFERMERIA Y OBSTETRICIA,Escolarizado,https://www.dgae.unam.mx/Licenciatura2026/resultados_control/2/22000095.html,160,504,331,53,171,077887,70,S,Seleccionada/o,Cita para entregar documentación.,
2,Licenciatura 2026,220,22000095,ENFERMERIA,FACULTAD DE ENFERMERIA Y OBSTETRICIA,Escolarizado,https://www.dgae.unam.mx/Licenciatura2026/resultados_control/2/22000095.html,160,504,331,53,171,077927,,N,No presentada/o,,
2,Licenciatura 2026,220,22000095,ENFERMERIA,FACULTAD DE ENFERMERIA Y OBSTETRICIA,Escolarizado,https://www.dgae.unam.mx/Licenciatura2026/resultados_control/2/22000095.html,160,504,331,53,171,078104,65,S,Seleccionada/o,Cita para entregar documentación.,
2,Licenciatura 2026,220,22000095,ENFERMERIA,FACULTAD DE ENFERMERIA Y OBSTETRICIA,Escolarizado,https://www.dgae.unam.mx/Licenciatura2026/resultados_control/2/22000095.html,160,504,331,53,171,078108,42,,No seleccionada/o,,
2,Licenciatura 2026,220,22000095,ENFERMERIA,FACULTAD DE ENFERMERIA Y OBSTETRICIA,Escolarizado,https://www.dgae.unam.mx/Licenciatura2026/resultados_control/2/22000095.html,160,504,331,53,171,078200,,N,No presentada/o,,
2,Licenciatura 2026,220,22000095,ENFERMERIA,FACULTAD DE ENFERMERIA Y OBSTETRICIA,Escolarizado,https://www.dgae.unam.mx/Licenciatura2026/resultados_control/2/22000095.html,160,504,331,53,171,078514,40,,No seleccionada/o,,
2,Licenciatura 2026,220,22000095,ENFERMERIA,FACULTAD DE ENFERMERIA Y OBSTETRICIA,Escolarizado,https://www.dgae.unam.mx/Licenciatura2026/resultados_control/2/22000095.html,160,504,331,53,171,078652,82,S,Seleccionada/o,Cita para entregar documentación.,
2,Licenciatura 2026,220,22000095,ENFERMERIA,FACULTAD DE ENFERMERIA Y OBSTETRICIA,Escolarizado,https://www.dgae.unam.mx/Licenciatura2026/resultados_control/2/22000095.html,160,504,331,53,171,078788,69,S,Seleccionada/o,Cita para entregar documentación.,
2,Licenciatura 2026,220,22000095,ENFERMERIA,FACULTAD DE ENFERMERIA Y OBSTETRICIA,Escolarizado,https://www.dgae.unam.mx/Licenciatura2026/resultados_control/2/22000095.html,160,504,331,53,171,078972,,N,No presentada/o,,
2,Licenciatura 2026,220,22000095,ENFERMERIA,FACULTAD DE ENFERMERIA Y OBSTETRICIA,Escolarizado,https://www.dgae.unam.mx/Licenciatura2026/resultados_control/2/22000095.html,160,504,331,53,171,079089,,N,No presentada/o,,
2,Licenciatura 2026,220,22000095,ENFERMERIA,FACULTAD DE ENFERMERIA Y OBSTETRICIA,Escolarizado,https://www.dgae.unam.mx/Licenciatura2026/resultados_control/2/22000095.html,160,504,331,53,171,079253,,N,No presentada/o,,
2,Licenciatura 2026,220,22000095,ENFERMERIA,FACULTAD DE ENFERMERIA Y OBSTETRICIA,Escolarizado,https://www.dgae.unam.mx/Licenciatura2026/resultados_control/2/22000095.html,160,504,331,53,171,079531,68,S,Seleccionada/o,Cita para entregar documentación.,
2,Licenciatura 2026,220,22000095,ENFERMERIA,FACULTAD DE ENFERMERIA Y OBSTETRICIA,Escolarizado,https://www.dgae.unam.mx/Licenciatura2026/resultados_control/2/22000095.html,160,504,331,53,171,079559,54,S,Seleccionada/o,Cita para entregar documentación.,
2,Licenciatura 2026,220,22000095,ENFERMERIA,FACULTAD DE ENFERMERIA Y OBSTETRICIA,Escolarizado,https://www.dgae.unam.mx/Licenciatura2026/resultados_control/2/22000095.html,160,504,331,53,171,079764,39,,No seleccionada/o,,
2,Licenciatura 2026,220,22000095,ENFERMERIA,FACULTAD DE ENFERMERIA Y OBSTETRICIA,Escolarizado,https://www.dgae.unam.mx/Licenciatura2026/resultados_control/2/22000095.html,160,504,331,53,171,079916,,N,No presentada/o,,
2,Licenciatura 2026,220,22000095,ENFERMERIA,FACULTAD DE ENFERMERIA Y OBSTETRICIA,Escolarizado,https://www.dgae.unam.mx/Licenciatura2026/resultados_control/2/22000095.html,160,504,331,53,171,079973,54,S,Seleccionada/o,Cita para entregar documentación.,
2,Licenciatura 2026,220,22000095,ENFERMERIA,FACULTAD DE ENFERMERIA Y OBSTETRICIA,Escolarizado,https://www.dgae.unam.mx/Licenciatura2026/resultados_control/2/22000095.html,160,504,331,53,171,080007,45,,No seleccionada/o,,
2,Licenciatura 2026,220,22000095,ENFERMERIA,FACULTAD DE ENFERMERIA Y OBSTETRICIA,Escolarizado,https://www.dgae.unam.mx/Licenciatura2026/resultados_control/2/22000095.html,160,504,331,53,171,080488,,N,No presentada/o,,
2,Licenciatura 2026,220,22000095,ENFERMERIA,FACULTAD DE ENFERMERIA Y OBSTETRICIA,Escolarizado,https://www.dgae.unam.mx/Licenciatura2026/resultados_control/2/22000095.html,160,504,331,53,171,080499,46,,No seleccionada/o,,
2,Licenciatura 2026,220,22000095,ENFERMERIA,FACULTAD DE ENFERMERIA Y OBSTETRICIA,Escolarizado,https://www.dgae.unam.mx/Licenciatura2026/resultados_control/2/22000095.html,160,504,331,53,171,080577,,N,No presentada/o,,
2,Licenciatura 2026,220,22000095,ENFERMERIA,FACULTAD DE ENFERMERIA Y OBSTETRICIA,Escolarizado,https://www.dgae.unam.mx/Licenciatura2026/resultados_control/2/22000095.html,160,504,331,53,171,080578,,N,No presentada/o,,
2,Licenciatura 2026,220,22000095,ENFERMERIA,FACULTAD DE ENFERMERIA Y OBSTETRICIA,Escolarizado,https://www.dgae.unam.mx/Licenciatura2026/resultados_control/2/22000095.html,160,504,331,53,171,080675,,N,No presentada/o,,
2,Licenciatura 2026,220,22000095,ENFERMERIA,FACULTAD DE ENFERMERIA Y OBSTETRICIA,Escolarizado,https://www.dgae.unam.mx/Licenciatura2026/resultados_control/2/22000095.html,160,504,331,53,171,080679,64,S,Seleccionada/o,Cita para entregar documentación.,
2,Licenciatura 2026,220,22000095,ENFERMERIA,FACULTAD DE ENFERMERIA Y OBSTETRICIA,Escolarizado,https://www.dgae.unam.mx/Licenciatura2026/resultados_control/2/22000095.html,160,504,331,53,171,080681,47,,No seleccionada/o,,
2,Licenciatura 2026,220,22000095,ENFERMERIA,FACULTAD DE ENFERMERIA Y OBSTETRICIA,Escolarizado,https://www.dgae.unam.mx/Licenciatura2026/resultados_control/2/22000095.html,160,504,331,53,171,080921,68,S,Seleccionada/o,Cita para entregar documentación.,
2,Licenciatura 2026,220,22000095,ENFERMERIA,FACULTAD DE ENFERMERIA Y OBSTETRICIA,Escolarizado,https://www.dgae.unam.mx/Licenciatura2026/resultados_control/2/22000095.html,160,504,331,53,171,081395,45,,No seleccionada/o,,
2,Licenciatura 2026,220,22000095,ENFERMERIA,FACULTAD DE ENFERMERIA Y OBSTETRICIA,Escolarizado,https://www.dgae.unam.mx/Licenciatura2026/resultados_control/2/22000095.html,160,504,331,53,171,081608,,N,No presentada/o,,
2,Licenciatura 2026,220,22000095,ENFERMERIA,FACULTAD DE ENFERMERIA Y OBSTETRICIA,Escolarizado,https://www.dgae.unam.mx/Licenciatura2026/resultados_control/2/22000095.html,160,504,331,53,171,081867,40,,No seleccionada/o,,
2,Licenciatura 2026,220,22000095,ENFERMERIA,FACULTAD DE ENFERMERIA Y OBSTETRICIA,Escolarizado,https://www.dgae.unam.mx/Licenciatura2026/resultados_control/2/22000095.html,160,504,331,53,171,081905,50,,No seleccionada/o,,
2,Licenciatura 2026,220,22000095,ENFERMERIA,FACULTAD DE ENFERMERIA Y OBSTETRICIA,Escolarizado,https://www.dgae.unam.mx/Licenciatura2026/resultados_control/2/22000095.html,160,504,331,53,171,082314,52,,No seleccionada/o,,
2,Licenciatura 2026,220,22000095,ENFERMERIA,FACULTAD DE ENFERMERIA Y OBSTETRICIA,Escolarizado,https://www.dgae.unam.mx/Licenciatura2026/resultados_control/2/22000095.html,160,504,331,53,171,082403,39,,No seleccionada/o,,
2,Licenciatura 2026,220,22000095,ENFERMERIA,FACULTAD DE ENFERMERIA Y OBSTETRICIA,Escolarizado,https://www.dgae.unam.mx/Licenciatura2026/resultados_control/2/22000095.html,160,504,331,53,171,082450,52,,No seleccionada/o,,
2,Licenciatura 2026,220,22000095,ENFERMERIA,FACULTAD DE ENFERMERIA Y OBSTETRICIA,Escolarizado,https://www.dgae.unam.mx/Licenciatura2026/resultados_control/2/22000095.html,160,504,331,53,171,082632,,N,No presentada/o,,
2,Licenciatura 2026,220,22000095,ENFERMERIA,FACULTAD DE ENFERMERIA Y OBSTETRICIA,Escolarizado,https://www.dgae.unam.mx/Licenciatura2026/resultados_control/2/22000095.html,160,504,331,53,171,082845,39,,No seleccionada/o,,
2,Licenciatura 2026,220,22000095,ENFERMERIA,FACULTAD DE ENFERMERIA Y OBSTETRICIA,Escolarizado,https://www.dgae.unam.mx/Licenciatura2026/resultados_control/2/22000095.html,160,504,331,53,171,082869,72,S,Seleccionada/o,Cita para entregar documentación.,
2,Licenciatura 2026,220,22000095,ENFERMERIA,FACULTAD DE ENFERMERIA Y OBSTETRICIA,Escolarizado,https://www.dgae.unam.mx/Licenciatura2026/resultados_control/2/22000095.html,160,504,331,53,171,082875,,N,No presentada/o,,
2,Licenciatura 2026,220,22000095,ENFERMERIA,FACULTAD DE ENFERMERIA Y OBSTETRICIA,Escolarizado,https://www.dgae.unam.mx/Licenciatura2026/resultados_control/2/22000095.html,160,504,331,53,171,082944,50,,No seleccionada/o,,
2,Licenciatura 2026,220,22000095,ENFERMERIA,FACULTAD DE ENFERMERIA Y OBSTETRICIA,Escolarizado,https://www.dgae.unam.mx/Licenciatura2026/resultados_control/2/22000095.html,160,504,331,53,171,083081,62,S,Seleccionada/o,Cita para entregar documentación.,
2,Licenciatura 2026,220,22000095,ENFERMERIA,FACULTAD DE ENFERMERIA Y OBSTETRICIA,Escolarizado,https://www.dgae.unam.mx/Licenciatura2026/resultados_control/2/22000095.html,160,504,331,53,171,083343,,N,No presentada/o,,
2,Licenciatura 2026,220,22000095,ENFERMERIA,FACULTAD DE ENFERMERIA Y OBSTETRICIA,Escolarizado,https://www.dgae.unam.mx/Licenciatura2026/resultados_control/2/22000095.html,160,504,331,53,171,083707,59,S,Seleccionada/o,Cita para entregar documentación.,
2,Licenciatura 2026,220,22000095,ENFERMERIA,FACULTAD DE ENFERMERIA Y OBSTETRICIA,Escolarizado,https://www.dgae.unam.mx/Licenciatura2026/resultados_control/2/22000095.html,160,504,331,53,171,083761,,N,No presentada/o,,
2,Licenciatura 2026,220,22000095,ENFERMERIA,FACULTAD DE ENFERMERIA Y OBSTETRICIA,Escolarizado,https://www.dgae.unam.mx/Licenciatura2026/resultados_control/2/22000095.html,160,504,331,53,171,084037,45,,No seleccionada/o,,
2,Licenciatura 2026,220,22000095,ENFERMERIA,FACULTAD DE ENFERMERIA Y OBSTETRICIA,Escolarizado,https://www.dgae.unam.mx/Licenciatura2026/resultados_control/2/22000095.html,160,504,331,53,171,084117,53,S,Seleccionada/o,Cita para entregar documentación.,
2,Licenciatura 2026,220,22000095,ENFERMERIA,FACULTAD DE ENFERMERIA Y OBSTETRICIA,Escolarizado,https://www.dgae.unam.mx/Licenciatura2026/resultados_control/2/22000095.html,160,504,331,53,171,084163,33,,No seleccionada/o,,
2,Licenciatura 2026,220,22000095,ENFERMERIA,FACULTAD DE ENFERMERIA Y OBSTETRICIA,Escolarizado,https://www.dgae.unam.mx/Licenciatura2026/resultados_control/2/22000095.html,160,504,331,53,171,084490,,N,No presentada/o,,
2,Licenciatura 2026,220,22000095,ENFERMERIA,FACULTAD DE ENFERMERIA Y OBSTETRICIA,Escolarizado,https://www.dgae.unam.mx/Licenciatura2026/resultados_control/2/22000095.html,160,504,331,53,171,084602,48,,No seleccionada/o,,
2,Licenciatura 2026,220,22000095,ENFERMERIA,FACULTAD DE ENFERMERIA Y OBSTETRICIA,Escolarizado,https://www.dgae.unam.mx/Licenciatura2026/resultados_control/2/22000095.html,160,504,331,53,171,084726,63,S,Seleccionada/o,Cita para entregar documentación.,
2,Licenciatura 2026,220,22000095,ENFERMERIA,FACULTAD DE ENFERMERIA Y OBSTETRICIA,Escolarizado,https://www.dgae.unam.mx/Licenciatura2026/resultados_control/2/22000095.html,160,504,331,53,171,084969,43,,No seleccionada/o,,
2,Licenciatura 2026,220,22000095,ENFERMERIA,FACULTAD DE ENFERMERIA Y OBSTETRICIA,Escolarizado,https://www.dgae.unam.mx/Licenciatura2026/resultados_control/2/22000095.html,160,504,331,53,171,085144,85,S,Seleccionada/o,Cita para entregar documentación.,
2,Licenciatura 2026,220,22000095,ENFERMERIA,FACULTAD DE ENFERMERIA Y OBSTETRICIA,Escolarizado,https://www.dgae.unam.mx/Licenciatura2026/resultados_control/2/22000095.html,160,504,331,53,171,085399,30,,No seleccionada/o,,
2,Licenciatura 2026,220,22000095,ENFERMERIA,FACULTAD DE ENFERMERIA Y OBSTETRICIA,Escolarizado,https://www.dgae.unam.mx/Licenciatura2026/resultados_control/2/22000095.html,160,504,331,53,171,085422,,N,No presentada/o,,
2,Licenciatura 2026,220,22000095,ENFERMERIA,FACULTAD DE ENFERMERIA Y OBSTETRICIA,Escolarizado,https://www.dgae.unam.mx/Licenciatura2026/resultados_control/2/22000095.html,160,504,331,53,171,085725,,N,No presentada/o,,
2,Licenciatura 2026,220,22000095,ENFERMERIA,FACULTAD DE ENFERMERIA Y OBSTETRICIA,Escolarizado,https://www.dgae.unam.mx/Licenciatura2026/resultados_control/2/22000095.html,160,504,331,53,171,085905,39,,No seleccionada/o,,
2,Licenciatura 2026,220,22000095,ENFERMERIA,FACULTAD DE ENFERMERIA Y OBSTETRICIA,Escolarizado,https://www.dgae.unam.mx/Licenciatura2026/resultados_control/2/22000095.html,160,504,331,53,171,086192,40,,No seleccionada/o,,
2,Licenciatura 2026,220,22000095,ENFERMERIA,FACULTAD DE ENFERMERIA Y OBSTETRICIA,Escolarizado,https://www.dgae.unam.mx/Licenciatura2026/resultados_control/2/22000095.html,160,504,331,53,171,086238,,N,No presentada/o,,
2,Licenciatura 2026,220,22000095,ENFERMERIA,FACULTAD DE ENFERMERIA Y OBSTETRICIA,Escolarizado,https://www.dgae.unam.mx/Licenciatura2026/resultados_control/2/22000095.html,160,504,331,53,171,086612,,N,No presentada/o,,
2,Licenciatura 2026,220,22000095,ENFERMERIA,FACULTAD DE ENFERMERIA Y OBSTETRICIA,Escolarizado,https://www.dgae.unam.mx/Licenciatura2026/resultados_control/2/22000095.html,160,504,331,53,171,086645,49,,No seleccionada/o,,
2,Licenciatura 2026,220,22000095,ENFERMERIA,FACULTAD DE ENFERMERIA Y OBSTETRICIA,Escolarizado,https://www.dgae.unam.mx/Licenciatura2026/resultados_control/2/22000095.html,160,504,331,53,171,086664,55,S,Seleccionada/o,Cita para entregar documentación.,
2,Licenciatura 2026,220,22000095,ENFERMERIA,FACULTAD DE ENFERMERIA Y OBSTETRICIA,Escolarizado,https://www.dgae.unam.mx/Licenciatura2026/resultados_control/2/22000095.html,160,504,331,53,171,086750,,N,No presentada/o,,
2,Licenciatura 2026,220,22000095,ENFERMERIA,FACULTAD DE ENFERMERIA Y OBSTETRICIA,Escolarizado,https://www.dgae.unam.mx/Licenciatura2026/resultados_control/2/22000095.html,160,504,331,53,171,087141,,N,No presentada/o,,
2,Licenciatura 2026,220,22000095,ENFERMERIA,FACULTAD DE ENFERMERIA Y OBSTETRICIA,Escolarizado,https://www.dgae.unam.mx/Licenciatura2026/resultados_control/2/22000095.html,160,504,331,53,171,087194,71,S,Seleccionada/o,,
2,Licenciatura 2026,220,22000095,ENFERMERIA,FACULTAD DE ENFERMERIA Y OBSTETRICIA,Escolarizado,https://www.dgae.unam.mx/Licenciatura2026/resultados_control/2/22000095.html,160,504,331,53,171,087258,56,S,Seleccionada/o,Cita para entregar documentación.,
2,Licenciatura 2026,220,22000095,ENFERMERIA,FACULTAD DE ENFERMERIA Y OBSTETRICIA,Escolarizado,https://www.dgae.unam.mx/Licenciatura2026/resultados_control/2/22000095.html,160,504,331,53,171,087289,32,,No seleccionada/o,,
2,Licenciatura 2026,220,22000095,ENFERMERIA,FACULTAD DE ENFERMERIA Y OBSTETRICIA,Escolarizado,https://www.dgae.unam.mx/Licenciatura2026/resultados_control/2/22000095.html,160,504,331,53,171,087427,41,,No seleccionada/o,,
2,Licenciatura 2026,220,22000095,ENFERMERIA,FACULTAD DE ENFERMERIA Y OBSTETRICIA,Escolarizado,https://www.dgae.unam.mx/Licenciatura2026/resultados_control/2/22000095.html,160,504,331,53,171,087513,74,S,Seleccionada/o,Cita para entregar documentación.,
2,Licenciatura 2026,220,22000095,ENFERMERIA,FACULTAD DE ENFERMERIA Y OBSTETRICIA,Escolarizado,https://www.dgae.unam.mx/Licenciatura2026/resultados_control/2/22000095.html,160,504,331,53,171,087527,51,,No seleccionada/o,,
2,Licenciatura 2026,220,22000095,ENFERMERIA,FACULTAD DE ENFERMERIA Y OBSTETRICIA,Escolarizado,https://www.dgae.unam.mx/Licenciatura2026/resultados_control/2/22000095.html,160,504,331,53,171,087901,71,S,Seleccionada/o,Cita para entregar documentación.,
2,Licenciatura 2026,220,22000095,ENFERMERIA,FACULTAD DE ENFERMERIA Y OBSTETRICIA,Escolarizado,https://www.dgae.unam.mx/Licenciatura2026/resultados_control/2/22000095.html,160,504,331,53,171,088079,22,,No seleccionada/o,,
2,Licenciatura 2026,220,22000095,ENFERMERIA,FACULTAD DE ENFERMERIA Y OBSTETRICIA,Escolarizado,https://www.dgae.unam.mx/Licenciatura2026/resultados_control/2/22000095.html,160,504,331,53,171,088274,,N,No presentada/o,,
2,Licenciatura 2026,220,22000095,ENFERMERIA,FACULTAD DE ENFERMERIA Y OBSTETRICIA,Escolarizado,https://www.dgae.unam.mx/Licenciatura2026/resultados_control/2/22000095.html,160,504,331,53,171,088281,106,S,Seleccionada/o,Cita para entregar documentación.,
2,Licenciatura 2026,220,22000095,ENFERMERIA,FACULTAD DE ENFERMERIA Y OBSTETRICIA,Escolarizado,https://www.dgae.unam.mx/Licenciatura2026/resultados_control/2/22000095.html,160,504,331,53,171,088880,,N,No presentada/o,,
2,Licenciatura 2026,220,22000095,ENFERMERIA,FACULTAD DE ENFERMERIA Y OBSTETRICIA,Escolarizado,https://www.dgae.unam.mx/Licenciatura2026/resultados_control/2/22000095.html,160,504,331,53,171,089013,56,S,Seleccionada/o,Cita para entregar documentación.,
2,Licenciatura 2026,220,22000095,ENFERMERIA,FACULTAD DE ENFERMERIA Y OBSTETRICIA,Escolarizado,https://www.dgae.unam.mx/Licenciatura2026/resultados_control/2/22000095.html,160,504,331,53,171,089025,35,,No seleccionada/o,,
2,Licenciatura 2026,220,22000095,ENFERMERIA,FACULTAD DE ENFERMERIA Y OBSTETRICIA,Escolarizado,https://www.dgae.unam.mx/Licenciatura2026/resultados_control/2/22000095.html,160,504,331,53,171,089596,66,S,Seleccionada/o,Cita para entregar documentación.,
2,Licenciatura 2026,220,22000095,ENFERMERIA,FACULTAD DE ENFERMERIA Y OBSTETRICIA,Escolarizado,https://www.dgae.unam.mx/Licenciatura2026/resultados_control/2/22000095.html,160,504,331,53,171,089604,61,S,Seleccionada/o,Cita para entregar documentación.,
2,Licenciatura 2026,220,22000095,ENFERMERIA,FACULTAD DE ENFERMERIA Y OBSTETRICIA,Escolarizado,https://www.dgae.unam.mx/Licenciatura2026/resultados_control/2/22000095.html,160,504,331,53,171,089660,,N,No presentada/o,,
2,Licenciatura 2026,220,22000095,ENFERMERIA,FACULTAD DE ENFERMERIA Y OBSTETRICIA,Escolarizado,https://www.dgae.unam.mx/Licenciatura2026/resultados_control/2/22000095.html,160,504,331,53,171,089715,46,,No seleccionada/o,,
2,Licenciatura 2026,220,22000095,ENFERMERIA,FACULTAD DE ENFERMERIA Y OBSTETRICIA,Escolarizado,https://www.dgae.unam.mx/Licenciatura2026/resultados_control/2/22000095.html,160,504,331,53,171,089814,58,S,Seleccionada/o,Cita para entregar documentación.,
2,Licenciatura 2026,220,22000095,ENFERMERIA,FACULTAD DE ENFERMERIA Y OBSTETRICIA,Escolarizado,https://www.dgae.unam.mx/Licenciatura2026/resultados_control/2/22000095.html,160,504,331,53,171,089850,51,,No seleccionada/o,,
2,Licenciatura 2026,220,22000095,ENFERMERIA,FACULTAD DE ENFERMERIA Y OBSTETRICIA,Escolarizado,https://www.dgae.unam.mx/Licenciatura2026/resultados_control/2/22000095.html,160,504,331,53,171,090083,,N,No presentada/o,,
2,Licenciatura 2026,220,22000095,ENFERMERIA,FACULTAD DE ENFERMERIA Y OBSTETRICIA,Escolarizado,https://www.dgae.unam.mx/Licenciatura2026/resultados_control/2/22000095.html,160,504,331,53,171,090451,41,,No seleccionada/o,,
2,Licenciatura 2026,220,22000095,ENFERMERIA,FACULTAD DE ENFERMERIA Y OBSTETRICIA,Escolarizado,https://www.dgae.unam.mx/Licenciatura2026/resultados_control/2/22000095.html,160,504,331,53,171,090498,90,S,Seleccionada/o,,
2,Licenciatura 2026,220,22000095,ENFERMERIA,FACULTAD DE ENFERMERIA Y OBSTETRICIA,Escolarizado,https://www.dgae.unam.mx/Licenciatura2026/resultados_control/2/22000095.html,160,504,331,53,171,090559,70,S,Seleccionada/o,Cita para entregar documentación.,
2,Licenciatura 2026,220,22000095,ENFERMERIA,FACULTAD DE ENFERMERIA Y OBSTETRICIA,Escolarizado,https://www.dgae.unam.mx/Licenciatura2026/resultados_control/2/22000095.html,160,504,331,53,171,090571,62,S,Seleccionada/o,Cita para entregar documentación.,
2,Licenciatura 2026,220,22000095,ENFERMERIA,FACULTAD DE ENFERMERIA Y OBSTETRICIA,Escolarizado,https://www.dgae.unam.mx/Licenciatura2026/resultados_control/2/22000095.html,160,504,331,53,171,090583,49,,No seleccionada/o,,
2,Licenciatura 2026,220,22000095,ENFERMERIA,FACULTAD DE ENFERMERIA Y OBSTETRICIA,Escolarizado,https://www.dgae.unam.mx/Licenciatura2026/resultados_control/2/22000095.html,160,504,331,53,171,090622,,N,No presentada/o,,
2,Licenciatura 2026,220,22000095,ENFERMERIA,FACULTAD DE ENFERMERIA Y OBSTETRICIA,Escolarizado,https://www.dgae.unam.mx/Licenciatura2026/resultados_control/2/22000095.html,160,504,331,53,171,090635,,N,No presentada/o,,
2,Licenciatura 2026,220,22000095,ENFERMERIA,FACULTAD DE ENFERMERIA Y OBSTETRICIA,Escolarizado,https://www.dgae.unam.mx/Licenciatura2026/resultados_control/2/22000095.html,160,504,331,53,171,090650,38,,No seleccionada/o,,
2,Licenciatura 2026,220,22000095,ENFERMERIA,FACULTAD DE ENFERMERIA Y OBSTETRICIA,Escolarizado,https://www.dgae.unam.mx/Licenciatura2026/resultados_control/2/22000095.html,160,504,331,53,171,090789,55,S,Seleccionada/o,Cita para entregar documentación.,
2,Licenciatura 2026,220,22000095,ENFERMERIA,FACULTAD DE ENFERMERIA Y OBSTETRICIA,Escolarizado,https://www.dgae.unam.mx/Licenciatura2026/resultados_control/2/22000095.html,160,504,331,53,171,090917,42,,No seleccionada/o,,
2,Licenciatura 2026,220,22000095,ENFERMERIA,FACULTAD DE ENFERMERIA Y OBSTETRICIA,Escolarizado,https://www.dgae.unam.mx/Licenciatura2026/resultados_control/2/22000095.html,160,504,331,53,171,091011,,N,No presentada/o,,
2,Licenciatura 2026,220,22000095,ENFERMERIA,FACULTAD DE ENFERMERIA Y OBSTETRICIA,Escolarizado,https://www.dgae.unam.mx/Licenciatura2026/resultados_control/2/22000095.html,160,504,331,53,171,091097,,N,No presentada/o,,
2,Licenciatura 2026,220,22000095,ENFERMERIA,FACULTAD DE ENFERMERIA Y OBSTETRICIA,Escolarizado,https://www.dgae.unam.mx/Licenciatura2026/resultados_control/2/22000095.html,160,504,331,53,171,091194,37,,No seleccionada/o,,
2,Licenciatura 2026,220,22000095,ENFERMERIA,FACULTAD DE ENFERMERIA Y OBSTETRICIA,Escolarizado,https://www.dgae.unam.mx/Licenciatura2026/resultados_control/2/22000095.html,160,504,331,53,171,091209,,N,No presentada/o,,
2,Licenciatura 2026,220,22000095,ENFERMERIA,FACULTAD DE ENFERMERIA Y OBSTETRICIA,Escolarizado,https://www.dgae.unam.mx/Licenciatura2026/resultados_control/2/22000095.html,160,504,331,53,171,091385,32,,No seleccionada/o,,
2,Licenciatura 2026,220,22000095,ENFERMERIA,FACULTAD DE ENFERMERIA Y OBSTETRICIA,Escolarizado,https://www.dgae.unam.mx/Licenciatura2026/resultados_control/2/22000095.html,160,504,331,53,171,091700,,N,No presentada/o,,
2,Licenciatura 2026,220,22000095,ENFERMERIA,FACULTAD DE ENFERMERIA Y OBSTETRICIA,Escolarizado,https://www.dgae.unam.mx/Licenciatura2026/resultados_control/2/22000095.html,160,504,331,53,171,092289,73,S,Seleccionada/o,Cita para entregar documentación.,
2,Licenciatura 2026,220,22000095,ENFERMERIA,FACULTAD DE ENFERMERIA Y OBSTETRICIA,Escolarizado,https://www.dgae.unam.mx/Licenciatura2026/resultados_control/2/22000095.html,160,504,331,53,171,092401,,N,No presentada/o,,
2,Licenciatura 2026,220,22000095,ENFERMERIA,FACULTAD DE ENFERMERIA Y OBSTETRICIA,Escolarizado,https://www.dgae.unam.mx/Licenciatura2026/resultados_control/2/22000095.html,160,504,331,53,171,092534,,N,No presentada/o,,
2,Licenciatura 2026,220,22000095,ENFERMERIA,FACULTAD DE ENFERMERIA Y OBSTETRICIA,Escolarizado,https://www.dgae.unam.mx/Licenciatura2026/resultados_control/2/22000095.html,160,504,331,53,171,092773,,N,No presentada/o,,
2,Licenciatura 2026,220,22000095,ENFERMERIA,FACULTAD DE ENFERMERIA Y OBSTETRICIA,Escolarizado,https://www.dgae.unam.mx/Licenciatura2026/resultados_control/2/22000095.html,160,504,331,53,171,092774,42,,No seleccionada/o,,
2,Licenciatura 2026,220,22000095,ENFERMERIA,FACULTAD DE ENFERMERIA Y OBSTETRICIA,Escolarizado,https://www.dgae.unam.mx/Licenciatura2026/resultados_control/2/22000095.html,160,504,331,53,171,092923,45,,No seleccionada/o,,
2,Licenciatura 2026,220,22000095,ENFERMERIA,FACULTAD DE ENFERMERIA Y OBSTETRICIA,Escolarizado,https://www.dgae.unam.mx/Licenciatura2026/resultados_control/2/22000095.html,160,504,331,53,171,093039,56,S,Seleccionada/o,Cita para entregar documentación.,
2,Licenciatura 2026,220,22000095,ENFERMERIA,FACULTAD DE ENFERMERIA Y OBSTETRICIA,Escolarizado,https://www.dgae.unam.mx/Licenciatura2026/resultados_control/2/22000095.html,160,504,331,53,171,093220,56,S,Seleccionada/o,Cita para entregar documentación.,
2,Licenciatura 2026,220,22000095,ENFERMERIA,FACULTAD DE ENFERMERIA Y OBSTETRICIA,Escolarizado,https://www.dgae.unam.mx/Licenciatura2026/resultados_control/2/22000095.html,160,504,331,53,171,093361,,N,No presentada/o,,
2,Licenciatura 2026,220,22000095,ENFERMERIA,FACULTAD DE ENFERMERIA Y OBSTETRICIA,Escolarizado,https://www.dgae.unam.mx/Licenciatura2026/resultados_control/2/22000095.html,160,504,331,53,171,093363,43,,No seleccionada/o,,
2,Licenciatura 2026,220,22000095,ENFERMERIA,FACULTAD DE ENFERMERIA Y OBSTETRICIA,Escolarizado,https://www.dgae.unam.mx/Licenciatura2026/resultados_control/2/22000095.html,160,504,331,53,171,093443,,N,No presentada/o,,
2,Licenciatura 2026,220,22000095,ENFERMERIA,FACULTAD DE ENFERMERIA Y OBSTETRICIA,Escolarizado,https://www.dgae.unam.mx/Licenciatura2026/resultados_control/2/22000095.html,160,504,331,53,171,093472,,N,No presentada/o,,
2,Licenciatura 2026,220,22000095,ENFERMERIA,FACULTAD DE ENFERMERIA Y OBSTETRICIA,Escolarizado,https://www.dgae.unam.mx/Licenciatura2026/resultados_control/2/22000095.html,160,504,331,53,171,093794,49,,No seleccionada/o,,
2,Licenciatura 2026,220,22000095,ENFERMERIA,FACULTAD DE ENFERMERIA Y OBSTETRICIA,Escolarizado,https://www.dgae.unam.mx/Licenciatura2026/resultados_control/2/22000095.html,160,504,331,53,171,093798,67,S,Seleccionada/o,Cita para entregar documentación.,
2,Licenciatura 2026,220,22000095,ENFERMERIA,FACULTAD DE ENFERMERIA Y OBSTETRICIA,Escolarizado,https://www.dgae.unam.mx/Licenciatura2026/resultados_control/2/22000095.html,160,504,331,53,171,093876,36,,No seleccionada/o,,
2,Licenciatura 2026,220,22000095,ENFERMERIA,FACULTAD DE ENFERMERIA Y OBSTETRICIA,Escolarizado,https://www.dgae.unam.mx/Licenciatura2026/resultados_control/2/22000095.html,160,504,331,53,171,093970,,N,No presentada/o,,
2,Licenciatura 2026,220,22000095,ENFERMERIA,FACULTAD DE ENFERMERIA Y OBSTETRICIA,Escolarizado,https://www.dgae.unam.mx/Licenciatura2026/resultados_control/2/22000095.html,160,504,331,53,171,094011,,S,Seleccionada/o,Cita para aclarar situación escolar.,
2,Licenciatura 2026,220,22000095,ENFERMERIA,FACULTAD DE ENFERMERIA Y OBSTETRICIA,Escolarizado,https://www.dgae.unam.mx/Licenciatura2026/resultados_control/2/22000095.html,160,504,331,53,171,094128,45,,No seleccionada/o,,
2,Licenciatura 2026,220,22000095,ENFERMERIA,FACULTAD DE ENFERMERIA Y OBSTETRICIA,Escolarizado,https://www.dgae.unam.mx/Licenciatura2026/resultados_control/2/22000095.html,160,504,331,53,171,094188,,N,No presentada/o,,
2,Licenciatura 2026,220,22000095,ENFERMERIA,FACULTAD DE ENFERMERIA Y OBSTETRICIA,Escolarizado,https://www.dgae.unam.mx/Licenciatura2026/resultados_control/2/22000095.html,160,504,331,53,171,094282,,N,No presentada/o,,
2,Licenciatura 2026,220,22000095,ENFERMERIA,FACULTAD DE ENFERMERIA Y OBSTETRICIA,Escolarizado,https://www.dgae.unam.mx/Licenciatura2026/resultados_control/2/22000095.html,160,504,331,53,171,094341,,N,No presentada/o,,
2,Licenciatura 2026,220,22000095,ENFERMERIA,FACULTAD DE ENFERMERIA Y OBSTETRICIA,Escolarizado,https://www.dgae.unam.mx/Licenciatura2026/resultados_control/2/22000095.html,160,504,331,53,171,094955,76,S,Seleccionada/o,Cita para entregar documentación.,
2,Licenciatura 2026,220,22000095,ENFERMERIA,FACULTAD DE ENFERMERIA Y OBSTETRICIA,Escolarizado,https://www.dgae.unam.mx/Licenciatura2026/resultados_control/2/22000095.html,160,504,331,53,171,094984,,S,Seleccionada/o,Cita para aclarar situación escolar.,
2,Licenciatura 2026,220,22000095,ENFERMERIA,FACULTAD DE ENFERMERIA Y OBSTETRICIA,Escolarizado,https://www.dgae.unam.mx/Licenciatura2026/resultados_control/2/22000095.html,160,504,331,53,171,095446,60,S,Seleccionada/o,Cita para entregar documentación.,
2,Licenciatura 2026,220,22000095,ENFERMERIA,FACULTAD DE ENFERMERIA Y OBSTETRICIA,Escolarizado,https://www.dgae.unam.mx/Licenciatura2026/resultados_control/2/22000095.html,160,504,331,53,171,095730,43,,No seleccionada/o,,
2,Licenciatura 2026,220,22000095,ENFERMERIA,FACULTAD DE ENFERMERIA Y OBSTETRICIA,Escolarizado,https://www.dgae.unam.mx/Licenciatura2026/resultados_control/2/22000095.html,160,504,331,53,171,095748,39,,No seleccionada/o,,
2,Licenciatura 2026,220,22000095,ENFERMERIA,FACULTAD DE ENFERMERIA Y OBSTETRICIA,Escolarizado,https://www.dgae.unam.mx/Licenciatura2026/resultados_control/2/22000095.html,160,504,331,53,171,095789,,N,No presentada/o,,
2,Licenciatura 2026,220,22000095,ENFERMERIA,FACULTAD DE ENFERMERIA Y OBSTETRICIA,Escolarizado,https://www.dgae.unam.mx/Licenciatura2026/resultados_control/2/22000095.html,160,504,331,53,171,095812,38,,No seleccionada/o,,
2,Licenciatura 2026,220,22000095,ENFERMERIA,FACULTAD DE ENFERMERIA Y OBSTETRICIA,Escolarizado,https://www.dgae.unam.mx/Licenciatura2026/resultados_control/2/22000095.html,160,504,331,53,171,096099,53,S,Seleccionada/o,Cita para entregar documentación.,
2,Licenciatura 2026,220,22000095,ENFERMERIA,FACULTAD DE ENFERMERIA Y OBSTETRICIA,Escolarizado,https://www.dgae.unam.mx/Licenciatura2026/resultados_control/2/22000095.html,160,504,331,53,171,096103,,N,No presentada/o,,
2,Licenciatura 2026,220,22000095,ENFERMERIA,FACULTAD DE ENFERMERIA Y OBSTETRICIA,Escolarizado,https://www.dgae.unam.mx/Licenciatura2026/resultados_control/2/22000095.html,160,504,331,53,171,096120,,N,No presentada/o,,
2,Licenciatura 2026,220,22000095,ENFERMERIA,FACULTAD DE ENFERMERIA Y OBSTETRICIA,Escolarizado,https://www.dgae.unam.mx/Licenciatura2026/resultados_control/2/22000095.html,160,504,331,53,171,096245,37,,No seleccionada/o,,
2,Licenciatura 2026,220,22000095,ENFERMERIA,FACULTAD DE ENFERMERIA Y OBSTETRICIA,Escolarizado,https://www.dgae.unam.mx/Licenciatura2026/resultados_control/2/22000095.html,160,504,331,53,171,096255,80,S,Seleccionada/o,Cita para entregar documentación.,
2,Licenciatura 2026,220,22000095,ENFERMERIA,FACULTAD DE ENFERMERIA Y OBSTETRICIA,Escolarizado,https://www.dgae.unam.mx/Licenciatura2026/resultados_control/2/22000095.html,160,504,331,53,171,096339,66,S,Seleccionada/o,,
2,Licenciatura 2026,220,22000095,ENFERMERIA,FACULTAD DE ENFERMERIA Y OBSTETRICIA,Escolarizado,https://www.dgae.unam.mx/Licenciatura2026/resultados_control/2/22000095.html,160,504,331,53,171,096376,,N,No presentada/o,,
2,Licenciatura 2026,220,22000095,ENFERMERIA,FACULTAD DE ENFERMERIA Y OBSTETRICIA,Escolarizado,https://www.dgae.unam.mx/Licenciatura2026/resultados_control/2/22000095.html,160,504,331,53,171,096564,48,,No seleccionada/o,,
2,Licenciatura 2026,220,22000095,ENFERMERIA,FACULTAD DE ENFERMERIA Y OBSTETRICIA,Escolarizado,https://www.dgae.unam.mx/Licenciatura2026/resultados_control/2/22000095.html,160,504,331,53,171,096673,,N,No presentada/o,,
2,Licenciatura 2026,220,22000095,ENFERMERIA,FACULTAD DE ENFERMERIA Y OBSTETRICIA,Escolarizado,https://www.dgae.unam.mx/Licenciatura2026/resultados_control/2/22000095.html,160,504,331,53,171,097017,,N,No presentada/o,,
2,Licenciatura 2026,220,22000095,ENFERMERIA,FACULTAD DE ENFERMERIA Y OBSTETRICIA,Escolarizado,https://www.dgae.unam.mx/Licenciatura2026/resultados_control/2/22000095.html,160,504,331,53,171,097471,46,,No seleccionada/o,,
2,Licenciatura 2026,220,22000095,ENFERMERIA,FACULTAD DE ENFERMERIA Y OBSTETRICIA,Escolarizado,https://www.dgae.unam.mx/Licenciatura2026/resultados_control/2/22000095.html,160,504,331,53,171,097646,,N,No presentada/o,,
2,Licenciatura 2026,220,22000095,ENFERMERIA,FACULTAD DE ENFERMERIA Y OBSTETRICIA,Escolarizado,https://www.dgae.unam.mx/Licenciatura2026/resultados_control/2/22000095.html,160,504,331,53,171,097770,26,,No seleccionada/o,,
2,Licenciatura 2026,220,22000095,ENFERMERIA,FACULTAD DE ENFERMERIA Y OBSTETRICIA,Escolarizado,https://www.dgae.unam.mx/Licenciatura2026/resultados_control/2/22000095.html,160,504,331,53,171,097844,58,S,Seleccionada/o,Cita para entregar documentación.,
2,Licenciatura 2026,220,22000095,ENFERMERIA,FACULTAD DE ENFERMERIA Y OBSTETRICIA,Escolarizado,https://www.dgae.unam.mx/Licenciatura2026/resultados_control/2/22000095.html,160,504,331,53,171,097961,52,,No seleccionada/o,,
2,Licenciatura 2026,220,22000095,ENFERMERIA,FACULTAD DE ENFERMERIA Y OBSTETRICIA,Escolarizado,https://www.dgae.unam.mx/Licenciatura2026/resultados_control/2/22000095.html,160,504,331,53,171,097997,,N,No presentada/o,,
2,Licenciatura 2026,220,22000095,ENFERMERIA,FACULTAD DE ENFERMERIA Y OBSTETRICIA,Escolarizado,https://www.dgae.unam.mx/Licenciatura2026/resultados_control/2/22000095.html,160,504,331,53,171,098004,,N,No presentada/o,,
2,Licenciatura 2026,220,22000095,ENFERMERIA,FACULTAD DE ENFERMERIA Y OBSTETRICIA,Escolarizado,https://www.dgae.unam.mx/Licenciatura2026/resultados_control/2/22000095.html,160,504,331,53,171,098309,31,,No seleccionada/o,,
2,Licenciatura 2026,220,22000095,ENFERMERIA,FACULTAD DE ENFERMERIA Y OBSTETRICIA,Escolarizado,https://www.dgae.unam.mx/Licenciatura2026/resultados_control/2/22000095.html,160,504,331,53,171,098420,75,S,Seleccionada/o,Cita para entregar documentación.,
2,Licenciatura 2026,220,22000095,ENFERMERIA,FACULTAD DE ENFERMERIA Y OBSTETRICIA,Escolarizado,https://www.dgae.unam.mx/Licenciatura2026/resultados_control/2/22000095.html,160,504,331,53,171,098566,61,S,Seleccionada/o,Cita para entregar documentación.,
2,Licenciatura 2026,220,22000095,ENFERMERIA,FACULTAD DE ENFERMERIA Y OBSTETRICIA,Escolarizado,https://www.dgae.unam.mx/Licenciatura2026/resultados_control/2/22000095.html,160,504,331,53,171,098716,60,S,Seleccionada/o,Cita para entregar documentación.,
2,Licenciatura 2026,220,22000095,ENFERMERIA,FACULTAD DE ENFERMERIA Y OBSTETRICIA,Escolarizado,https://www.dgae.unam.mx/Licenciatura2026/resultados_control/2/22000095.html,160,504,331,53,171,098779,67,S,Seleccionada/o,Cita para entregar documentación.,
2,Licenciatura 2026,220,22000095,ENFERMERIA,FACULTAD DE ENFERMERIA Y OBSTETRICIA,Escolarizado,https://www.dgae.unam.mx/Licenciatura2026/resultados_control/2/22000095.html,160,504,331,53,171,098802,39,,No seleccionada/o,,
2,Licenciatura 2026,220,22000095,ENFERMERIA,FACULTAD DE ENFERMERIA Y OBSTETRICIA,Escolarizado,https://www.dgae.unam.mx/Licenciatura2026/resultados_control/2/22000095.html,160,504,331,53,171,098918,34,,No seleccionada/o,,
2,Licenciatura 2026,220,22000095,ENFERMERIA,FACULTAD DE ENFERMERIA Y OBSTETRICIA,Escolarizado,https://www.dgae.unam.mx/Licenciatura2026/resultados_control/2/22000095.html,160,504,331,53,171,098929,,N,No presentada/o,,
2,Licenciatura 2026,220,22000095,ENFERMERIA,FACULTAD DE ENFERMERIA Y OBSTETRICIA,Escolarizado,https://www.dgae.unam.mx/Licenciatura2026/resultados_control/2/22000095.html,160,504,331,53,171,099002,,N,No presentada/o,,
2,Licenciatura 2026,220,22000095,ENFERMERIA,FACULTAD DE ENFERMERIA Y OBSTETRICIA,Escolarizado,https://www.dgae.unam.mx/Licenciatura2026/resultados_control/2/22000095.html,160,504,331,53,171,099458,50,,No seleccionada/o,,
2,Licenciatura 2026,220,22000095,ENFERMERIA,FACULTAD DE ENFERMERIA Y OBSTETRICIA,Escolarizado,https://www.dgae.unam.mx/Licenciatura2026/resultados_control/2/22000095.html,160,504,331,53,171,099585,28,,No seleccionada/o,,
2,Licenciatura 2026,220,22000095,ENFERMERIA,FACULTAD DE ENFERMERIA Y OBSTETRICIA,Escolarizado,https://www.dgae.unam.mx/Licenciatura2026/resultados_control/2/22000095.html,160,504,331,53,171,099649,,N,No presentada/o,,
2,Licenciatura 2026,220,22000095,ENFERMERIA,FACULTAD DE ENFERMERIA Y OBSTETRICIA,Escolarizado,https://www.dgae.unam.mx/Licenciatura2026/resultados_control/2/22000095.html,160,504,331,53,171,099656,,N,No presentada/o,,
2,Licenciatura 2026,220,22000095,ENFERMERIA,FACULTAD DE ENFERMERIA Y OBSTETRICIA,Escolarizado,https://www.dgae.unam.mx/Licenciatura2026/resultados_control/2/22000095.html,160,504,331,53,171,099741,73,S,Seleccionada/o,Cita para entregar documentación.,
2,Licenciatura 2026,220,22000095,ENFERMERIA,FACULTAD DE ENFERMERIA Y OBSTETRICIA,Escolarizado,https://www.dgae.unam.mx/Licenciatura2026/resultados_control/2/22000095.html,160,504,331,53,171,099743,53,S,Seleccionada/o,Cita para entregar documentación.,
2,Licenciatura 2026,220,22000095,ENFERMERIA,FACULTAD DE ENFERMERIA Y OBSTETRICIA,Escolarizado,https://www.dgae.unam.mx/Licenciatura2026/resultados_control/2/22000095.html,160,504,331,53,171,099814,67,S,Seleccionada/o,Cita para entregar documentación.,
2,Licenciatura 2026,220,22000095,ENFERMERIA,FACULTAD DE ENFERMERIA Y OBSTETRICIA,Escolarizado,https://www.dgae.unam.mx/Licenciatura2026/resultados_control/2/22000095.html,160,504,331,53,171,099816,,N,No presentada/o,,
2,Licenciatura 2026,220,22000095,ENFERMERIA,FACULTAD DE ENFERMERIA Y OBSTETRICIA,Escolarizado,https://www.dgae.unam.mx/Licenciatura2026/resultados_control/2/22000095.html,160,504,331,53,171,100167,33,,No seleccionada/o,,
2,Licenciatura 2026,220,22000095,ENFERMERIA,FACULTAD DE ENFERMERIA Y OBSTETRICIA,Escolarizado,https://www.dgae.unam.mx/Licenciatura2026/resultados_control/2/22000095.html,160,504,331,53,171,100197,,N,No presentada/o,,
2,Licenciatura 2026,220,22000095,ENFERMERIA,FACULTAD DE ENFERMERIA Y OBSTETRICIA,Escolarizado,https://www.dgae.unam.mx/Licenciatura2026/resultados_control/2/22000095.html,160,504,331,53,171,100278,69,S,Seleccionada/o,,
2,Licenciatura 2026,220,22000095,ENFERMERIA,FACULTAD DE ENFERMERIA Y OBSTETRICIA,Escolarizado,https://www.dgae.unam.mx/Licenciatura2026/resultados_control/2/22000095.html,160,504,331,53,171,100364,71,S,Seleccionada/o,Cita para entregar documentación.,
2,Licenciatura 2026,220,22000095,ENFERMERIA,FACULTAD DE ENFERMERIA Y OBSTETRICIA,Escolarizado,https://www.dgae.unam.mx/Licenciatura2026/resultados_control/2/22000095.html,160,504,331,53,171,100674,48,,No seleccionada/o,,
2,Licenciatura 2026,220,22000095,ENFERMERIA,FACULTAD DE ENFERMERIA Y OBSTETRICIA,Escolarizado,https://www.dgae.unam.mx/Licenciatura2026/resultados_control/2/22000095.html,160,504,331,53,171,100692,,N,No presentada/o,,
2,Licenciatura 2026,220,22000095,ENFERMERIA,FACULTAD DE ENFERMERIA Y OBSTETRICIA,Escolarizado,https://www.dgae.unam.mx/Licenciatura2026/resultados_control/2/22000095.html,160,504,331,53,171,100779,35,,No seleccionada/o,,
2,Licenciatura 2026,220,22000095,ENFERMERIA,FACULTAD DE ENFERMERIA Y OBSTETRICIA,Escolarizado,https://www.dgae.unam.mx/Licenciatura2026/resultados_control/2/22000095.html,160,504,331,53,171,100884,66,S,Seleccionada/o,,
2,Licenciatura 2026,220,22000095,ENFERMERIA,FACULTAD DE ENFERMERIA Y OBSTETRICIA,Escolarizado,https://www.dgae.unam.mx/Licenciatura2026/resultados_control/2/22000095.html,160,504,331,53,171,100895,60,S,Seleccionada/o,Cita para entregar documentación.,
2,Licenciatura 2026,220,22000095,ENFERMERIA,FACULTAD DE ENFERMERIA Y OBSTETRICIA,Escolarizado,https://www.dgae.unam.mx/Licenciatura2026/resultados_control/2/22000095.html,160,504,331,53,171,100956,61,S,Seleccionada/o,Cita para entregar documentación.,
2,Licenciatura 2026,220,22000095,ENFERMERIA,FACULTAD DE ENFERMERIA Y OBSTETRICIA,Escolarizado,https://www.dgae.unam.mx/Licenciatura2026/resultados_control/2/22000095.html,160,504,331,53,171,100960,29,,No seleccionada/o,,
2,Licenciatura 2026,220,22000095,ENFERMERIA,FACULTAD DE ENFERMERIA Y OBSTETRICIA,Escolarizado,https://www.dgae.unam.mx/Licenciatura2026/resultados_control/2/22000095.html,160,504,331,53,171,101046,54,S,Seleccionada/o,Cita para entregar documentación.,
2,Licenciatura 2026,220,22000095,ENFERMERIA,FACULTAD DE ENFERMERIA Y OBSTETRICIA,Escolarizado,https://www.dgae.unam.mx/Licenciatura2026/resultados_control/2/22000095.html,160,504,331,53,171,101162,,N,No presentada/o,,
2,Licenciatura 2026,220,22000095,ENFERMERIA,FACULTAD DE ENFERMERIA Y OBSTETRICIA,Escolarizado,https://www.dgae.unam.mx/Licenciatura2026/resultados_control/2/22000095.html,160,504,331,53,171,101167,,N,No presentada/o,,
2,Licenciatura 2026,220,22000095,ENFERMERIA,FACULTAD DE ENFERMERIA Y OBSTETRICIA,Escolarizado,https://www.dgae.unam.mx/Licenciatura2026/resultados_control/2/22000095.html,160,504,331,53,171,101906,,N,No presentada/o,,
2,Licenciatura 2026,220,22000095,ENFERMERIA,FACULTAD DE ENFERMERIA Y OBSTETRICIA,Escolarizado,https://www.dgae.unam.mx/Licenciatura2026/resultados_control/2/22000095.html,160,504,331,53,171,102112,41,,No seleccionada/o,,
2,Licenciatura 2026,220,22000095,ENFERMERIA,FACULTAD DE ENFERMERIA Y OBSTETRICIA,Escolarizado,https://www.dgae.unam.mx/Licenciatura2026/resultados_control/2/22000095.html,160,504,331,53,171,102308,,N,No presentada/o,,
2,Licenciatura 2026,220,22000095,ENFERMERIA,FACULTAD DE ENFERMERIA Y OBSTETRICIA,Escolarizado,https://www.dgae.unam.mx/Licenciatura2026/resultados_control/2/22000095.html,160,504,331,53,171,102691,56,S,Seleccionada/o,Cita para entregar documentación.,
2,Licenciatura 2026,220,22000095,ENFERMERIA,FACULTAD DE ENFERMERIA Y OBSTETRICIA,Escolarizado,https://www.dgae.unam.mx/Licenciatura2026/resultados_control/2/22000095.html,160,504,331,53,171,102897,,N,No presentada/o,,
2,Licenciatura 2026,220,22000095,ENFERMERIA,FACULTAD DE ENFERMERIA Y OBSTETRICIA,Escolarizado,https://www.dgae.unam.mx/Licenciatura2026/resultados_control/2/22000095.html,160,504,331,53,171,103172,62,S,Seleccionada/o,Cita para entregar documentación.,
2,Licenciatura 2026,220,22000095,ENFERMERIA,FACULTAD DE ENFERMERIA Y OBSTETRICIA,Escolarizado,https://www.dgae.unam.mx/Licenciatura2026/resultados_control/2/22000095.html,160,504,331,53,171,103224,45,,No seleccionada/o,,
2,Licenciatura 2026,220,22000095,ENFERMERIA,FACULTAD DE ENFERMERIA Y OBSTETRICIA,Escolarizado,https://www.dgae.unam.mx/Licenciatura2026/resultados_control/2/22000095.html,160,504,331,53,171,103225,53,S,Seleccionada/o,Cita para entregar documentación.,
2,Licenciatura 2026,220,22000095,ENFERMERIA,FACULTAD DE ENFERMERIA Y OBSTETRICIA,Escolarizado,https://www.dgae.unam.mx/Licenciatura2026/resultados_control/2/22000095.html,160,504,331,53,171,103404,,N,No presentada/o,,
2,Licenciatura 2026,220,22000095,ENFERMERIA,FACULTAD DE ENFERMERIA Y OBSTETRICIA,Escolarizado,https://www.dgae.unam.mx/Licenciatura2026/resultados_control/2/22000095.html,160,504,331,53,171,103407,43,,No seleccionada/o,,
2,Licenciatura 2026,220,22000095,ENFERMERIA,FACULTAD DE ENFERMERIA Y OBSTETRICIA,Escolarizado,https://www.dgae.unam.mx/Licenciatura2026/resultados_control/2/22000095.html,160,504,331,53,171,103496,59,S,Seleccionada/o,Cita para entregar documentación.,
2,Licenciatura 2026,220,22000095,ENFERMERIA,FACULTAD DE ENFERMERIA Y OBSTETRICIA,Escolarizado,https://www.dgae.unam.mx/Licenciatura2026/resultados_control/2/22000095.html,160,504,331,53,171,103522,,N,No presentada/o,,
2,Licenciatura 2026,220,22000095,ENFERMERIA,FACULTAD DE ENFERMERIA Y OBSTETRICIA,Escolarizado,https://www.dgae.unam.mx/Licenciatura2026/resultados_control/2/22000095.html,160,504,331,53,171,103533,,N,No presentada/o,,
2,Licenciatura 2026,220,22000095,ENFERMERIA,FACULTAD DE ENFERMERIA Y OBSTETRICIA,Escolarizado,https://www.dgae.unam.mx/Licenciatura2026/resultados_control/2/22000095.html,160,504,331,53,171,103821,98,S,Seleccionada/o,,
2,Licenciatura 2026,220,22000095,ENFERMERIA,FACULTAD DE ENFERMERIA Y OBSTETRICIA,Escolarizado,https://www.dgae.unam.mx/Licenciatura2026/resultados_control/2/22000095.html,160,504,331,53,171,103834,84,S,Seleccionada/o,Cita para entregar documentación.,
2,Licenciatura 2026,220,22000095,ENFERMERIA,FACULTAD DE ENFERMERIA Y OBSTETRICIA,Escolarizado,https://www.dgae.unam.mx/Licenciatura2026/resultados_control/2/22000095.html,160,504,331,53,171,103896,24,,No seleccionada/o,,
2,Licenciatura 2026,220,22000095,ENFERMERIA,FACULTAD DE ENFERMERIA Y OBSTETRICIA,Escolarizado,https://www.dgae.unam.mx/Licenciatura2026/resultados_control/2/22000095.html,160,504,331,53,171,103914,,N,No presentada/o,,
2,Licenciatura 2026,220,22000095,ENFERMERIA,FACULTAD DE ENFERMERIA Y OBSTETRICIA,Escolarizado,https://www.dgae.unam.mx/Licenciatura2026/resultados_control/2/22000095.html,160,504,331,53,171,103998,64,S,Seleccionada/o,Cita para entregar documentación.,
2,Licenciatura 2026,220,22000095,ENFERMERIA,FACULTAD DE ENFERMERIA Y OBSTETRICIA,Escolarizado,https://www.dgae.unam.mx/Licenciatura2026/resultados_control/2/22000095.html,160,504,331,53,171,104004,43,,No seleccionada/o,,
2,Licenciatura 2026,220,22000095,ENFERMERIA,FACULTAD DE ENFERMERIA Y OBSTETRICIA,Escolarizado,https://www.dgae.unam.mx/Licenciatura2026/resultados_control/2/22000095.html,160,504,331,53,171,104121,53,S,Seleccionada/o,Cita para entregar documentación.,
2,Licenciatura 2026,220,22000095,ENFERMERIA,FACULTAD DE ENFERMERIA Y OBSTETRICIA,Escolarizado,https://www.dgae.unam.mx/Licenciatura2026/resultados_control/2/22000095.html,160,504,331,53,171,104128,39,,No seleccionada/o,,
2,Licenciatura 2026,220,22000095,ENFERMERIA,FACULTAD DE ENFERMERIA Y OBSTETRICIA,Escolarizado,https://www.dgae.unam.mx/Licenciatura2026/resultados_control/2/22000095.html,160,504,331,53,171,104306,38,,No seleccionada/o,,
2,Licenciatura 2026,220,22000095,ENFERMERIA,FACULTAD DE ENFERMERIA Y OBSTETRICIA,Escolarizado,https://www.dgae.unam.mx/Licenciatura2026/resultados_control/2/22000095.html,160,504,331,53,171,104363,,N,No presentada/o,,
2,Licenciatura 2026,220,22000095,ENFERMERIA,FACULTAD DE ENFERMERIA Y OBSTETRICIA,Escolarizado,https://www.dgae.unam.mx/Licenciatura2026/resultados_control/2/22000095.html,160,504,331,53,171,104443,,N,No presentada/o,,
2,Licenciatura 2026,220,22000095,ENFERMERIA,FACULTAD DE ENFERMERIA Y OBSTETRICIA,Escolarizado,https://www.dgae.unam.mx/Licenciatura2026/resultados_control/2/22000095.html,160,504,331,53,171,104464,41,,No seleccionada/o,,
2,Licenciatura 2026,220,22000095,ENFERMERIA,FACULTAD DE ENFERMERIA Y OBSTETRICIA,Escolarizado,https://www.dgae.unam.mx/Licenciatura2026/resultados_control/2/22000095.html,160,504,331,53,171,104668,,N,No presentada/o,,
2,Licenciatura 2026,220,22000095,ENFERMERIA,FACULTAD DE ENFERMERIA Y OBSTETRICIA,Escolarizado,https://www.dgae.unam.mx/Licenciatura2026/resultados_control/2/22000095.html,160,504,331,53,171,104746,48,,No seleccionada/o,,
2,Licenciatura 2026,220,22000095,ENFERMERIA,FACULTAD DE ENFERMERIA Y OBSTETRICIA,Escolarizado,https://www.dgae.unam.mx/Licenciatura2026/resultados_control/2/22000095.html,160,504,331,53,171,104937,,N,No presentada/o,,
2,Licenciatura 2026,220,22000095,ENFERMERIA,FACULTAD DE ENFERMERIA Y OBSTETRICIA,Escolarizado,https://www.dgae.unam.mx/Licenciatura2026/resultados_control/2/22000095.html,160,504,331,53,171,104949,,S,Seleccionada/o,Cita para aclarar situación escolar.,
2,Licenciatura 2026,220,22000095,ENFERMERIA,FACULTAD DE ENFERMERIA Y OBSTETRICIA,Escolarizado,https://www.dgae.unam.mx/Licenciatura2026/resultados_control/2/22000095.html,160,504,331,53,171,104996,72,S,Seleccionada/o,Cita para entregar documentación.,
2,Licenciatura 2026,220,22000095,ENFERMERIA,FACULTAD DE ENFERMERIA Y OBSTETRICIA,Escolarizado,https://www.dgae.unam.mx/Licenciatura2026/resultados_control/2/22000095.html,160,504,331,53,171,105348,93,S,Seleccionada/o,Cita para entregar documentación.,
2,Licenciatura 2026,220,22000095,ENFERMERIA,FACULTAD DE ENFERMERIA Y OBSTETRICIA,Escolarizado,https://www.dgae.unam.mx/Licenciatura2026/resultados_control/2/22000095.html,160,504,331,53,171,105398,57,S,Seleccionada/o,Cita para entregar documentación.,
2,Licenciatura 2026,220,22000095,ENFERMERIA,FACULTAD DE ENFERMERIA Y OBSTETRICIA,Escolarizado,https://www.dgae.unam.mx/Licenciatura2026/resultados_control/2/22000095.html,160,504,331,53,171,105462,47,,No seleccionada/o,,
2,Licenciatura 2026,220,22000095,ENFERMERIA,FACULTAD DE ENFERMERIA Y OBSTETRICIA,Escolarizado,https://www.dgae.unam.mx/Licenciatura2026/resultados_control/2/22000095.html,160,504,331,53,171,105465,,N,No presentada/o,,
2,Licenciatura 2026,220,22000095,ENFERMERIA,FACULTAD DE ENFERMERIA Y OBSTETRICIA,Escolarizado,https://www.dgae.unam.mx/Licenciatura2026/resultados_control/2/22000095.html,160,504,331,53,171,105519,40,,No seleccionada/o,,
2,Licenciatura 2026,220,22000095,ENFERMERIA,FACULTAD DE ENFERMERIA Y OBSTETRICIA,Escolarizado,https://www.dgae.unam.mx/Licenciatura2026/resultados_control/2/22000095.html,160,504,331,53,171,105599,,N,No presentada/o,,
2,Licenciatura 2026,220,22000095,ENFERMERIA,FACULTAD DE ENFERMERIA Y OBSTETRICIA,Escolarizado,https://www.dgae.unam.mx/Licenciatura2026/resultados_control/2/22000095.html,160,504,331,53,171,105609,55,S,Seleccionada/o,Cita para entregar documentación.,
2,Licenciatura 2026,220,22000095,ENFERMERIA,FACULTAD DE ENFERMERIA Y OBSTETRICIA,Escolarizado,https://www.dgae.unam.mx/Licenciatura2026/resultados_control/2/22000095.html,160,504,331,53,171,105769,36,,No seleccionada/o,,
2,Licenciatura 2026,220,22000095,ENFERMERIA,FACULTAD DE ENFERMERIA Y OBSTETRICIA,Escolarizado,https://www.dgae.unam.mx/Licenciatura2026/resultados_control/2/22000095.html,160,504,331,53,171,105803,63,S,Seleccionada/o,Cita para entregar documentación.,
2,Licenciatura 2026,220,22000095,ENFERMERIA,FACULTAD DE ENFERMERIA Y OBSTETRICIA,Escolarizado,https://www.dgae.unam.mx/Licenciatura2026/resultados_control/2/22000095.html,160,504,331,53,171,105957,,N,No presentada/o,,
2,Licenciatura 2026,220,22000095,ENFERMERIA,FACULTAD DE ENFERMERIA Y OBSTETRICIA,Escolarizado,https://www.dgae.unam.mx/Licenciatura2026/resultados_control/2/22000095.html,160,504,331,53,171,106063,,N,No presentada/o,,
2,Licenciatura 2026,220,22000095,ENFERMERIA,FACULTAD DE ENFERMERIA Y OBSTETRICIA,Escolarizado,https://www.dgae.unam.mx/Licenciatura2026/resultados_control/2/22000095.html,160,504,331,53,171,106198,,N,No presentada/o,,
2,Licenciatura 2026,220,22000095,ENFERMERIA,FACULTAD DE ENFERMERIA Y OBSTETRICIA,Escolarizado,https://www.dgae.unam.mx/Licenciatura2026/resultados_control/2/22000095.html,160,504,331,53,171,106236,55,S,Seleccionada/o,Cita para entregar documentación.,
2,Licenciatura 2026,220,22000095,ENFERMERIA,FACULTAD DE ENFERMERIA Y OBSTETRICIA,Escolarizado,https://www.dgae.unam.mx/Licenciatura2026/resultados_control/2/22000095.html,160,504,331,53,171,106413,40,,No seleccionada/o,,
2,Licenciatura 2026,220,22000095,ENFERMERIA,FACULTAD DE ENFERMERIA Y OBSTETRICIA,Escolarizado,https://www.dgae.unam.mx/Licenciatura2026/resultados_control/2/22000095.html,160,504,331,53,171,106492,52,,No seleccionada/o,,
2,Licenciatura 2026,220,22000095,ENFERMERIA,FACULTAD DE ENFERMERIA Y OBSTETRICIA,Escolarizado,https://www.dgae.unam.mx/Licenciatura2026/resultados_control/2/22000095.html,160,504,331,53,171,106536,75,S,Seleccionada/o,Cita para entregar documentación.,
2,Licenciatura 2026,220,22000095,ENFERMERIA,FACULTAD DE ENFERMERIA Y OBSTETRICIA,Escolarizado,https://www.dgae.unam.mx/Licenciatura2026/resultados_control/2/22000095.html,160,504,331,53,171,106651,,N,No presentada/o,,
2,Licenciatura 2026,220,22000095,ENFERMERIA,FACULTAD DE ENFERMERIA Y OBSTETRICIA,Escolarizado,https://www.dgae.unam.mx/Licenciatura2026/resultados_control/2/22000095.html,160,504,331,53,171,106748,46,,No seleccionada/o,,
2,Licenciatura 2026,220,22000095,ENFERMERIA,FACULTAD DE ENFERMERIA Y OBSTETRICIA,Escolarizado,https://www.dgae.unam.mx/Licenciatura2026/resultados_control/2/22000095.html,160,504,331,53,171,106912,46,,No seleccionada/o,,
2,Licenciatura 2026,220,22000095,ENFERMERIA,FACULTAD DE ENFERMERIA Y OBSTETRICIA,Escolarizado,https://www.dgae.unam.mx/Licenciatura2026/resultados_control/2/22000095.html,160,504,331,53,171,106948,,N,No presentada/o,,
2,Licenciatura 2026,220,22000095,ENFERMERIA,FACULTAD DE ENFERMERIA Y OBSTETRICIA,Escolarizado,https://www.dgae.unam.mx/Licenciatura2026/resultados_control/2/22000095.html,160,504,331,53,171,107160,,N,No presentada/o,,
2,Licenciatura 2026,220,22000095,ENFERMERIA,FACULTAD DE ENFERMERIA Y OBSTETRICIA,Escolarizado,https://www.dgae.unam.mx/Licenciatura2026/resultados_control/2/22000095.html,160,504,331,53,171,107351,44,,No seleccionada/o,,
2,Licenciatura 2026,220,22000095,ENFERMERIA,FACULTAD DE ENFERMERIA Y OBSTETRICIA,Escolarizado,https://www.dgae.unam.mx/Licenciatura2026/resultados_control/2/22000095.html,160,504,331,53,171,107460,72,S,Seleccionada/o,Cita para entregar documentación.,
2,Licenciatura 2026,220,22000095,ENFERMERIA,FACULTAD DE ENFERMERIA Y OBSTETRICIA,Escolarizado,https://www.dgae.unam.mx/Licenciatura2026/resultados_control/2/22000095.html,160,504,331,53,171,107568,39,,No seleccionada/o,,
2,Licenciatura 2026,220,22000095,ENFERMERIA,FACULTAD DE ENFERMERIA Y OBSTETRICIA,Escolarizado,https://www.dgae.unam.mx/Licenciatura2026/resultados_control/2/22000095.html,160,504,331,53,171,107823,62,S,Seleccionada/o,Cita para entregar documentación.,
2,Licenciatura 2026,220,22000095,ENFERMERIA,FACULTAD DE ENFERMERIA Y OBSTETRICIA,Escolarizado,https://www.dgae.unam.mx/Licenciatura2026/resultados_control/2/22000095.html,160,504,331,53,171,107869,75,S,Seleccionada/o,,
2,Licenciatura 2026,220,22000095,ENFERMERIA,FACULTAD DE ENFERMERIA Y OBSTETRICIA,Escolarizado,https://www.dgae.unam.mx/Licenciatura2026/resultados_control/2/22000095.html,160,504,331,53,171,107883,,N,No presentada/o,,
2,Licenciatura 2026,220,22000095,ENFERMERIA,FACULTAD DE ENFERMERIA Y OBSTETRICIA,Escolarizado,https://www.dgae.unam.mx/Licenciatura2026/resultados_control/2/22000095.html,160,504,331,53,171,108153,38,,No seleccionada/o,,
2,Licenciatura 2026,220,22000095,ENFERMERIA,FACULTAD DE ENFERMERIA Y OBSTETRICIA,Escolarizado,https://www.dgae.unam.mx/Licenciatura2026/resultados_control/2/22000095.html,160,504,331,53,171,108308,,N,No presentada/o,,
2,Licenciatura 2026,220,22000095,ENFERMERIA,FACULTAD DE ENFERMERIA Y OBSTETRICIA,Escolarizado,https://www.dgae.unam.mx/Licenciatura2026/resultados_control/2/22000095.html,160,504,331,53,171,108462,64,S,Seleccionada/o,Cita para entregar documentación.,
2,Licenciatura 2026,220,22000095,ENFERMERIA,FACULTAD DE ENFERMERIA Y OBSTETRICIA,Escolarizado,https://www.dgae.unam.mx/Licenciatura2026/resultados_control/2/22000095.html,160,504,331,53,171,108609,49,,No seleccionada/o,,
2,Licenciatura 2026,220,22000095,ENFERMERIA,FACULTAD DE ENFERMERIA Y OBSTETRICIA,Escolarizado,https://www.dgae.unam.mx/Licenciatura2026/resultados_control/2/22000095.html,160,504,331,53,171,108616,55,S,Seleccionada/o,Cita para entregar documentación.,
2,Licenciatura 2026,220,22000095,ENFERMERIA,FACULTAD DE ENFERMERIA Y OBSTETRICIA,Escolarizado,https://www.dgae.unam.mx/Licenciatura2026/resultados_control/2/22000095.html,160,504,331,53,171,108698,66,S,Seleccionada/o,Cita para entregar documentación.,
2,Licenciatura 2026,220,22000095,ENFERMERIA,FACULTAD DE ENFERMERIA Y OBSTETRICIA,Escolarizado,https://www.dgae.unam.mx/Licenciatura2026/resultados_control/2/22000095.html,160,504,331,53,171,108728,56,S,Seleccionada/o,,
2,Licenciatura 2026,220,22000095,ENFERMERIA,FACULTAD DE ENFERMERIA Y OBSTETRICIA,Escolarizado,https://www.dgae.unam.mx/Licenciatura2026/resultados_control/2/22000095.html,160,504,331,53,171,108885,56,S,Seleccionada/o,Cita para entregar documentación.,
2,Licenciatura 2026,220,22000095,ENFERMERIA,FACULTAD DE ENFERMERIA Y OBSTETRICIA,Escolarizado,https://www.dgae.unam.mx/Licenciatura2026/resultados_control/2/22000095.html,160,504,331,53,171,108945,,N,No presentada/o,,
2,Licenciatura 2026,220,22000095,ENFERMERIA,FACULTAD DE ENFERMERIA Y OBSTETRICIA,Escolarizado,https://www.dgae.unam.mx/Licenciatura2026/resultados_control/2/22000095.html,160,504,331,53,171,109041,55,S,Seleccionada/o,Cita para entregar documentación.,
2,Licenciatura 2026,220,22000095,ENFERMERIA,FACULTAD DE ENFERMERIA Y OBSTETRICIA,Escolarizado,https://www.dgae.unam.mx/Licenciatura2026/resultados_control/2/22000095.html,160,504,331,53,171,109151,58,S,Seleccionada/o,Cita para entregar documentación.,
2,Licenciatura 2026,220,22000095,ENFERMERIA,FACULTAD DE ENFERMERIA Y OBSTETRICIA,Escolarizado,https://www.dgae.unam.mx/Licenciatura2026/resultados_control/2/22000095.html,160,504,331,53,171,109333,,N,No presentada/o,,
2,Licenciatura 2026,220,22000095,ENFERMERIA,FACULTAD DE ENFERMERIA Y OBSTETRICIA,Escolarizado,https://www.dgae.unam.mx/Licenciatura2026/resultados_control/2/22000095.html,160,504,331,53,171,109472,57,S,Seleccionada/o,,
2,Licenciatura 2026,220,22000095,ENFERMERIA,FACULTAD DE ENFERMERIA Y OBSTETRICIA,Escolarizado,https://www.dgae.unam.mx/Licenciatura2026/resultados_control/2/22000095.html,160,504,331,53,171,109532,,N,No presentada/o,,
2,Licenciatura 2026,220,22000095,ENFERMERIA,FACULTAD DE ENFERMERIA Y OBSTETRICIA,Escolarizado,https://www.dgae.unam.mx/Licenciatura2026/resultados_control/2/22000095.html,160,504,331,53,171,109881,42,,No seleccionada/o,,
2,Licenciatura 2026,220,22000095,ENFERMERIA,FACULTAD DE ENFERMERIA Y OBSTETRICIA,Escolarizado,https://www.dgae.unam.mx/Licenciatura2026/resultados_control/2/22000095.html,160,504,331,53,171,109949,53,S,Seleccionada/o,Cita para entregar documentación.,
2,Licenciatura 2026,220,22000095,ENFERMERIA,FACULTAD DE ENFERMERIA Y OBSTETRICIA,Escolarizado,https://www.dgae.unam.mx/Licenciatura2026/resultados_control/2/22000095.html,160,504,331,53,171,110285,,N,No presentada/o,,
2,Licenciatura 2026,220,22000095,ENFERMERIA,FACULTAD DE ENFERMERIA Y OBSTETRICIA,Escolarizado,https://www.dgae.unam.mx/Licenciatura2026/resultados_control/2/22000095.html,160,504,331,53,171,110395,,N,No presentada/o,,
2,Licenciatura 2026,220,22000095,ENFERMERIA,FACULTAD DE ENFERMERIA Y OBSTETRICIA,Escolarizado,https://www.dgae.unam.mx/Licenciatura2026/resultados_control/2/22000095.html,160,504,331,53,171,110398,55,S,Seleccionada/o,Cita para entregar documentación.,
2,Licenciatura 2026,220,22000095,ENFERMERIA,FACULTAD DE ENFERMERIA Y OBSTETRICIA,Escolarizado,https://www.dgae.unam.mx/Licenciatura2026/resultados_control/2/22000095.html,160,504,331,53,171,110514,66,S,Seleccionada/o,Cita para entregar documentación.,
2,Licenciatura 2026,220,22000095,ENFERMERIA,FACULTAD DE ENFERMERIA Y OBSTETRICIA,Escolarizado,https://www.dgae.unam.mx/Licenciatura2026/resultados_control/2/22000095.html,160,504,331,53,171,110550,,N,No presentada/o,,
2,Licenciatura 2026,220,22000095,ENFERMERIA,FACULTAD DE ENFERMERIA Y OBSTETRICIA,Escolarizado,https://www.dgae.unam.mx/Licenciatura2026/resultados_control/2/22000095.html,160,504,331,53,171,110650,,N,No presentada/o,,
2,Licenciatura 2026,220,22000095,ENFERMERIA,FACULTAD DE ENFERMERIA Y OBSTETRICIA,Escolarizado,https://www.dgae.unam.mx/Licenciatura2026/resultados_control/2/22000095.html,160,504,331,53,171,110873,45,,No seleccionada/o,,
2,Licenciatura 2026,220,22000095,ENFERMERIA,FACULTAD DE ENFERMERIA Y OBSTETRICIA,Escolarizado,https://www.dgae.unam.mx/Licenciatura2026/resultados_control/2/22000095.html,160,504,331,53,171,110926,39,,No seleccionada/o,,
2,Licenciatura 2026,220,22000095,ENFERMERIA,FACULTAD DE ENFERMERIA Y OBSTETRICIA,Escolarizado,https://www.dgae.unam.mx/Licenciatura2026/resultados_control/2/22000095.html,160,504,331,53,171,111188,41,,No seleccionada/o,,
2,Licenciatura 2026,220,22000095,ENFERMERIA,FACULTAD DE ENFERMERIA Y OBSTETRICIA,Escolarizado,https://www.dgae.unam.mx/Licenciatura2026/resultados_control/2/22000095.html,160,504,331,53,171,111195,36,,No seleccionada/o,,
2,Licenciatura 2026,220,22000095,ENFERMERIA,FACULTAD DE ENFERMERIA Y OBSTETRICIA,Escolarizado,https://www.dgae.unam.mx/Licenciatura2026/resultados_control/2/22000095.html,160,504,331,53,171,111302,45,,No seleccionada/o,,
2,Licenciatura 2026,220,22000095,ENFERMERIA,FACULTAD DE ENFERMERIA Y OBSTETRICIA,Escolarizado,https://www.dgae.unam.mx/Licenciatura2026/resultados_control/2/22000095.html,160,504,331,53,171,111306,76,S,Seleccionada/o,Cita para entregar documentación.,
2,Licenciatura 2026,220,22000095,ENFERMERIA,FACULTAD DE ENFERMERIA Y OBSTETRICIA,Escolarizado,https://www.dgae.unam.mx/Licenciatura2026/resultados_control/2/22000095.html,160,504,331,53,171,111468,73,S,Seleccionada/o,Cita para entregar documentación.,
2,Licenciatura 2026,220,22000095,ENFERMERIA,FACULTAD DE ENFERMERIA Y OBSTETRICIA,Escolarizado,https://www.dgae.unam.mx/Licenciatura2026/resultados_control/2/22000095.html,160,504,331,53,171,111529,59,S,Seleccionada/o,Cita para entregar documentación.,
2,Licenciatura 2026,220,22000095,ENFERMERIA,FACULTAD DE ENFERMERIA Y OBSTETRICIA,Escolarizado,https://www.dgae.unam.mx/Licenciatura2026/resultados_control/2/22000095.html,160,504,331,53,171,111655,71,S,Seleccionada/o,Cita para entregar documentación.,
2,Licenciatura 2026,220,22000095,ENFERMERIA,FACULTAD DE ENFERMERIA Y OBSTETRICIA,Escolarizado,https://www.dgae.unam.mx/Licenciatura2026/resultados_control/2/22000095.html,160,504,331,53,171,111776,,N,No presentada/o,,
2,Licenciatura 2026,220,22000095,ENFERMERIA,FACULTAD DE ENFERMERIA Y OBSTETRICIA,Escolarizado,https://www.dgae.unam.mx/Licenciatura2026/resultados_control/2/22000095.html,160,504,331,53,171,112045,80,S,Seleccionada/o,,
2,Licenciatura 2026,220,22000095,ENFERMERIA,FACULTAD DE ENFERMERIA Y OBSTETRICIA,Escolarizado,https://www.dgae.unam.mx/Licenciatura2026/resultados_control/2/22000095.html,160,504,331,53,171,112077,,N,No presentada/o,,
2,Licenciatura 2026,220,22000095,ENFERMERIA,FACULTAD DE ENFERMERIA Y OBSTETRICIA,Escolarizado,https://www.dgae.unam.mx/Licenciatura2026/resultados_control/2/22000095.html,160,504,331,53,171,112209,34,,No seleccionada/o,,
2,Licenciatura 2026,220,22000095,ENFERMERIA,FACULTAD DE ENFERMERIA Y OBSTETRICIA,Escolarizado,https://www.dgae.unam.mx/Licenciatura2026/resultados_control/2/22000095.html,160,504,331,53,171,112291,84,S,Seleccionada/o,Cita para entregar documentación.,
2,Licenciatura 2026,220,22000095,ENFERMERIA,FACULTAD DE ENFERMERIA Y OBSTETRICIA,Escolarizado,https://www.dgae.unam.mx/Licenciatura2026/resultados_control/2/22000095.html,160,504,331,53,171,112366,57,S,Seleccionada/o,Cita para entregar documentación.,
2,Licenciatura 2026,220,22000095,ENFERMERIA,FACULTAD DE ENFERMERIA Y OBSTETRICIA,Escolarizado,https://www.dgae.unam.mx/Licenciatura2026/resultados_control/2/22000095.html,160,504,331,53,171,112591,70,S,Seleccionada/o,Cita para entregar documentación.,
2,Licenciatura 2026,220,22000095,ENFERMERIA,FACULTAD DE ENFERMERIA Y OBSTETRICIA,Escolarizado,https://www.dgae.unam.mx/Licenciatura2026/resultados_control/2/22000095.html,160,504,331,53,171,112986,80,S,Seleccionada/o,Cita para entregar documentación.,
2,Licenciatura 2026,220,22000095,ENFERMERIA,FACULTAD DE ENFERMERIA Y OBSTETRICIA,Escolarizado,https://www.dgae.unam.mx/Licenciatura2026/resultados_control/2/22000095.html,160,504,331,53,171,113039,54,S,Seleccionada/o,Cita para entregar documentación.,
2,Licenciatura 2026,220,22000095,ENFERMERIA,FACULTAD DE ENFERMERIA Y OBSTETRICIA,Escolarizado,https://www.dgae.unam.mx/Licenciatura2026/resultados_control/2/22000095.html,160,504,331,53,171,113226,,N,No presentada/o,,
2,Licenciatura 2026,220,22000095,ENFERMERIA,FACULTAD DE ENFERMERIA Y OBSTETRICIA,Escolarizado,https://www.dgae.unam.mx/Licenciatura2026/resultados_control/2/22000095.html,160,504,331,53,171,113468,,N,No presentada/o,,
2,Licenciatura 2026,220,22000095,ENFERMERIA,FACULTAD DE ENFERMERIA Y OBSTETRICIA,Escolarizado,https://www.dgae.unam.mx/Licenciatura2026/resultados_control/2/22000095.html,160,504,331,53,171,113674,67,S,Seleccionada/o,Cita para entregar documentación.,
2,Licenciatura 2026,220,22000095,ENFERMERIA,FACULTAD DE ENFERMERIA Y OBSTETRICIA,Escolarizado,https://www.dgae.unam.mx/Licenciatura2026/resultados_control/2/22000095.html,160,504,331,53,171,113832,42,,No seleccionada/o,,
2,Licenciatura 2026,220,22000095,ENFERMERIA,FACULTAD DE ENFERMERIA Y OBSTETRICIA,Escolarizado,https://www.dgae.unam.mx/Licenciatura2026/resultados_control/2/22000095.html,160,504,331,53,171,113851,88,S,Seleccionada/o,,
2,Licenciatura 2026,220,22000095,ENFERMERIA,FACULTAD DE ENFERMERIA Y OBSTETRICIA,Escolarizado,https://www.dgae.unam.mx/Licenciatura2026/resultados_control/2/22000095.html,160,504,331,53,171,113886,,N,No presentada/o,,
2,Licenciatura 2026,220,22000095,ENFERMERIA,FACULTAD DE ENFERMERIA Y OBSTETRICIA,Escolarizado,https://www.dgae.unam.mx/Licenciatura2026/resultados_control/2/22000095.html,160,504,331,53,171,114301,,N,No presentada/o,,
2,Licenciatura 2026,220,22000095,ENFERMERIA,FACULTAD DE ENFERMERIA Y OBSTETRICIA,Escolarizado,https://www.dgae.unam.mx/Licenciatura2026/resultados_control/2/22000095.html,160,504,331,53,171,114353,,N,No presentada/o,,
2,Licenciatura 2026,220,22000095,ENFERMERIA,FACULTAD DE ENFERMERIA Y OBSTETRICIA,Escolarizado,https://www.dgae.unam.mx/Licenciatura2026/resultados_control/2/22000095.html,160,504,331,53,171,114461,,N,No presentada/o,,
2,Licenciatura 2026,220,22000095,ENFERMERIA,FACULTAD DE ENFERMERIA Y OBSTETRICIA,Escolarizado,https://www.dgae.unam.mx/Licenciatura2026/resultados_control/2/22000095.html,160,504,331,53,171,114467,,N,No presentada/o,,
2,Licenciatura 2026,220,22000095,ENFERMERIA,FACULTAD DE ENFERMERIA Y OBSTETRICIA,Escolarizado,https://www.dgae.unam.mx/Licenciatura2026/resultados_control/2/22000095.html,160,504,331,53,171,114832,43,,No seleccionada/o,,
2,Licenciatura 2026,220,22000095,ENFERMERIA,FACULTAD DE ENFERMERIA Y OBSTETRICIA,Escolarizado,https://www.dgae.unam.mx/Licenciatura2026/resultados_control/2/22000095.html,160,504,331,53,171,114866,71,S,Seleccionada/o,Cita para entregar documentación.,
2,Licenciatura 2026,220,22000095,ENFERMERIA,FACULTAD DE ENFERMERIA Y OBSTETRICIA,Escolarizado,https://www.dgae.unam.mx/Licenciatura2026/resultados_control/2/22000095.html,160,504,331,53,171,115031,41,,No seleccionada/o,,
2,Licenciatura 2026,220,22000095,ENFERMERIA,FACULTAD DE ENFERMERIA Y OBSTETRICIA,Escolarizado,https://www.dgae.unam.mx/Licenciatura2026/resultados_control/2/22000095.html,160,504,331,53,171,115618,29,,No seleccionada/o,,
2,Licenciatura 2026,220,22000095,ENFERMERIA,FACULTAD DE ENFERMERIA Y OBSTETRICIA,Escolarizado,https://www.dgae.unam.mx/Licenciatura2026/resultados_control/2/22000095.html,160,504,331,53,171,115772,,N,No presentada/o,,
2,Licenciatura 2026,220,22000095,ENFERMERIA,FACULTAD DE ENFERMERIA Y OBSTETRICIA,Escolarizado,https://www.dgae.unam.mx/Licenciatura2026/resultados_control/2/22000095.html,160,504,331,53,171,116060,64,S,Seleccionada/o,Cita para entregar documentación.,
2,Licenciatura 2026,220,22000095,ENFERMERIA,FACULTAD DE ENFERMERIA Y OBSTETRICIA,Escolarizado,https://www.dgae.unam.mx/Licenciatura2026/resultados_control/2/22000095.html,160,504,331,53,171,116285,67,S,Seleccionada/o,Cita para entregar documentación.,
2,Licenciatura 2026,220,22000095,ENFERMERIA,FACULTAD DE ENFERMERIA Y OBSTETRICIA,Escolarizado,https://www.dgae.unam.mx/Licenciatura2026/resultados_control/2/22000095.html,160,504,331,53,171,116385,,N,No presentada/o,,
2,Licenciatura 2026,220,22000095,ENFERMERIA,FACULTAD DE ENFERMERIA Y OBSTETRICIA,Escolarizado,https://www.dgae.unam.mx/Licenciatura2026/resultados_control/2/22000095.html,160,504,331,53,171,116419,65,S,Seleccionada/o,Cita para entregar documentación.,
2,Licenciatura 2026,220,22000095,ENFERMERIA,FACULTAD DE ENFERMERIA Y OBSTETRICIA,Escolarizado,https://www.dgae.unam.mx/Licenciatura2026/resultados_control/2/22000095.html,160,504,331,53,171,116428,,N,No presentada/o,,
2,Licenciatura 2026,220,22000095,ENFERMERIA,FACULTAD DE ENFERMERIA Y OBSTETRICIA,Escolarizado,https://www.dgae.unam.mx/Licenciatura2026/resultados_control/2/22000095.html,160,504,331,53,171,116518,72,S,Seleccionada/o,Cita para entregar documentación.,
2,Licenciatura 2026,220,22000095,ENFERMERIA,FACULTAD DE ENFERMERIA Y OBSTETRICIA,Escolarizado,https://www.dgae.unam.mx/Licenciatura2026/resultados_control/2/22000095.html,160,504,331,53,171,116531,70,S,Seleccionada/o,Cita para entregar documentación.,
2,Licenciatura 2026,220,22000095,ENFERMERIA,FACULTAD DE ENFERMERIA Y OBSTETRICIA,Escolarizado,https://www.dgae.unam.mx/Licenciatura2026/resultados_control/2/22000095.html,160,504,331,53,171,116759,48,,No seleccionada/o,,
2,Licenciatura 2026,220,22000095,ENFERMERIA,FACULTAD DE ENFERMERIA Y OBSTETRICIA,Escolarizado,https://www.dgae.unam.mx/Licenciatura2026/resultados_control/2/22000095.html,160,504,331,53,171,116792,66,S,Seleccionada/o,Cita para entregar documentación.,
2,Licenciatura 2026,220,22000095,ENFERMERIA,FACULTAD DE ENFERMERIA Y OBSTETRICIA,Escolarizado,https://www.dgae.unam.mx/Licenciatura2026/resultados_control/2/22000095.html,160,504,331,53,171,116943,53,S,Seleccionada/o,Cita para entregar documentación.,
2,Licenciatura 2026,220,22000095,ENFERMERIA,FACULTAD DE ENFERMERIA Y OBSTETRICIA,Escolarizado,https://www.dgae.unam.mx/Licenciatura2026/resultados_control/2/22000095.html,160,504,331,53,171,116998,51,,No seleccionada/o,,
2,Licenciatura 2026,220,22000095,ENFERMERIA,FACULTAD DE ENFERMERIA Y OBSTETRICIA,Escolarizado,https://www.dgae.unam.mx/Licenciatura2026/resultados_control/2/22000095.html,160,504,331,53,171,117351,62,S,Seleccionada/o,Cita para entregar documentación.,
2,Licenciatura 2026,220,22000095,ENFERMERIA,FACULTAD DE ENFERMERIA Y OBSTETRICIA,Escolarizado,https://www.dgae.unam.mx/Licenciatura2026/resultados_control/2/22000095.html,160,504,331,53,171,117377,36,,No seleccionada/o,,
2,Licenciatura 2026,220,22000095,ENFERMERIA,FACULTAD DE ENFERMERIA Y OBSTETRICIA,Escolarizado,https://www.dgae.unam.mx/Licenciatura2026/resultados_control/2/22000095.html,160,504,331,53,171,117492,,N,No presentada/o,,
2,Licenciatura 2026,220,22000095,ENFERMERIA,FACULTAD DE ENFERMERIA Y OBSTETRICIA,Escolarizado,https://www.dgae.unam.mx/Licenciatura2026/resultados_control/2/22000095.html,160,504,331,53,171,117511,,N,No presentada/o,,
2,Licenciatura 2026,220,22000095,ENFERMERIA,FACULTAD DE ENFERMERIA Y OBSTETRICIA,Escolarizado,https://www.dgae.unam.mx/Licenciatura2026/resultados_control/2/22000095.html,160,504,331,53,171,117572,48,,No seleccionada/o,,
2,Licenciatura 2026,220,22000095,ENFERMERIA,FACULTAD DE ENFERMERIA Y OBSTETRICIA,Escolarizado,https://www.dgae.unam.mx/Licenciatura2026/resultados_control/2/22000095.html,160,504,331,53,171,117759,56,S,Seleccionada/o,Cita para entregar documentación.,
2,Licenciatura 2026,220,22000095,ENFERMERIA,FACULTAD DE ENFERMERIA Y OBSTETRICIA,Escolarizado,https://www.dgae.unam.mx/Licenciatura2026/resultados_control/2/22000095.html,160,504,331,53,171,117825,67,S,Seleccionada/o,Cita para entregar documentación.,
2,Licenciatura 2026,220,22000095,ENFERMERIA,FACULTAD DE ENFERMERIA Y OBSTETRICIA,Escolarizado,https://www.dgae.unam.mx/Licenciatura2026/resultados_control/2/22000095.html,160,504,331,53,171,117846,67,S,Seleccionada/o,Cita para entregar documentación.,
2,Licenciatura 2026,220,22000095,ENFERMERIA,FACULTAD DE ENFERMERIA Y OBSTETRICIA,Escolarizado,https://www.dgae.unam.mx/Licenciatura2026/resultados_control/2/22000095.html,160,504,331,53,171,117859,70,S,Seleccionada/o,Cita para entregar documentación.,
2,Licenciatura 2026,220,22000095,ENFERMERIA,FACULTAD DE ENFERMERIA Y OBSTETRICIA,Escolarizado,https://www.dgae.unam.mx/Licenciatura2026/resultados_control/2/22000095.html,160,504,331,53,171,117911,45,,No seleccionada/o,,
2,Licenciatura 2026,220,22000095,ENFERMERIA,FACULTAD DE ENFERMERIA Y OBSTETRICIA,Escolarizado,https://www.dgae.unam.mx/Licenciatura2026/resultados_control/2/22000095.html,160,504,331,53,171,118169,48,,No seleccionada/o,,
2,Licenciatura 2026,220,22000095,ENFERMERIA,FACULTAD DE ENFERMERIA Y OBSTETRICIA,Escolarizado,https://www.dgae.unam.mx/Licenciatura2026/resultados_control/2/22000095.html,160,504,331,53,171,118182,63,S,Seleccionada/o,Cita para entregar documentación.,
2,Licenciatura 2026,220,22000095,ENFERMERIA,FACULTAD DE ENFERMERIA Y OBSTETRICIA,Escolarizado,https://www.dgae.unam.mx/Licenciatura2026/resultados_control/2/22000095.html,160,504,331,53,171,118225,68,S,Seleccionada/o,Cita para entregar documentación.,
2,Licenciatura 2026,220,22000095,ENFERMERIA,FACULTAD DE ENFERMERIA Y OBSTETRICIA,Escolarizado,https://www.dgae.unam.mx/Licenciatura2026/resultados_control/2/22000095.html,160,504,331,53,171,118991,28,,No seleccionada/o,,
2,Licenciatura 2026,220,22000095,ENFERMERIA,FACULTAD DE ENFERMERIA Y OBSTETRICIA,Escolarizado,https://www.dgae.unam.mx/Licenciatura2026/resultados_control/2/22000095.html,160,504,331,53,171,119250,37,,No seleccionada/o,,
2,Licenciatura 2026,220,22000095,ENFERMERIA,FACULTAD DE ENFERMERIA Y OBSTETRICIA,Escolarizado,https://www.dgae.unam.mx/Licenciatura2026/resultados_control/2/22000095.html,160,504,331,53,171,119337,81,S,Seleccionada/o,,
2,Licenciatura 2026,220,22000095,ENFERMERIA,FACULTAD DE ENFERMERIA Y OBSTETRICIA,Escolarizado,https://www.dgae.unam.mx/Licenciatura2026/resultados_control/2/22000095.html,160,504,331,53,171,119545,39,,No seleccionada/o,,
2,Licenciatura 2026,220,22000095,ENFERMERIA,FACULTAD DE ENFERMERIA Y OBSTETRICIA,Escolarizado,https://www.dgae.unam.mx/Licenciatura2026/resultados_control/2/22000095.html,160,504,331,53,171,119835,64,S,Seleccionada/o,Cita para entregar documentación.,
2,Licenciatura 2026,220,22000095,ENFERMERIA,FACULTAD DE ENFERMERIA Y OBSTETRICIA,Escolarizado,https://www.dgae.unam.mx/Licenciatura2026/resultados_control/2/22000095.html,160,504,331,53,171,119907,67,S,Seleccionada/o,Cita para entregar documentación.,
2,Licenciatura 2026,220,22000095,ENFERMERIA,FACULTAD DE ENFERMERIA Y OBSTETRICIA,Escolarizado,https://www.dgae.unam.mx/Licenciatura2026/resultados_control/2/22000095.html,160,504,331,53,171,120162,66,S,Seleccionada/o,Cita para entregar documentación.,
2,Licenciatura 2026,220,22000095,ENFERMERIA,FACULTAD DE ENFERMERIA Y OBSTETRICIA,Escolarizado,https://www.dgae.unam.mx/Licenciatura2026/resultados_control/2/22000095.html,160,504,331,53,171,120211,52,,No seleccionada/o,,
2,Licenciatura 2026,220,22000095,ENFERMERIA,FACULTAD DE ENFERMERIA Y OBSTETRICIA,Escolarizado,https://www.dgae.unam.mx/Licenciatura2026/resultados_control/2/22000095.html,160,504,331,53,171,120478,,N,No presentada/o,,
2,Licenciatura 2026,220,22000095,ENFERMERIA,FACULTAD DE ENFERMERIA Y OBSTETRICIA,Escolarizado,https://www.dgae.unam.mx/Licenciatura2026/resultados_control/2/22000095.html,160,504,331,53,171,120586,,N,No presentada/o,,
2,Licenciatura 2026,220,22000095,ENFERMERIA,FACULTAD DE ENFERMERIA Y OBSTETRICIA,Escolarizado,https://www.dgae.unam.mx/Licenciatura2026/resultados_control/2/22000095.html,160,504,331,53,171,120607,,N,No presentada/o,,
2,Licenciatura 2026,220,22000095,ENFERMERIA,FACULTAD DE ENFERMERIA Y OBSTETRICIA,Escolarizado,https://www.dgae.unam.mx/Licenciatura2026/resultados_control/2/22000095.html,160,504,331,53,171,120790,,N,No presentada/o,,
2,Licenciatura 2026,220,22000095,ENFERMERIA,FACULTAD DE ENFERMERIA Y OBSTETRICIA,Escolarizado,https://www.dgae.unam.mx/Licenciatura2026/resultados_control/2/22000095.html,160,504,331,53,171,120807,,N,No presentada/o,,
2,Licenciatura 2026,220,22000095,ENFERMERIA,FACULTAD DE ENFERMERIA Y OBSTETRICIA,Escolarizado,https://www.dgae.unam.mx/Licenciatura2026/resultados_control/2/22000095.html,160,504,331,53,171,121072,,N,No presentada/o,,
2,Licenciatura 2026,220,22000095,ENFERMERIA,FACULTAD DE ENFERMERIA Y OBSTETRICIA,Escolarizado,https://www.dgae.unam.mx/Licenciatura2026/resultados_control/2/22000095.html,160,504,331,53,171,121296,49,,No seleccionada/o,,
2,Licenciatura 2026,220,22000095,ENFERMERIA,FACULTAD DE ENFERMERIA Y OBSTETRICIA,Escolarizado,https://www.dgae.unam.mx/Licenciatura2026/resultados_control/2/22000095.html,160,504,331,53,171,121320,,N,No presentada/o,,
2,Licenciatura 2026,220,22000095,ENFERMERIA,FACULTAD DE ENFERMERIA Y OBSTETRICIA,Escolarizado,https://www.dgae.unam.mx/Licenciatura2026/resultados_control/2/22000095.html,160,504,331,53,171,121375,,N,No presentada/o,,
2,Licenciatura 2026,220,22000095,ENFERMERIA,FACULTAD DE ENFERMERIA Y OBSTETRICIA,Escolarizado,https://www.dgae.unam.mx/Licenciatura2026/resultados_control/2/22000095.html,160,504,331,53,171,121547,36,,No seleccionada/o,,
2,Licenciatura 2026,220,22000095,ENFERMERIA,FACULTAD DE ENFERMERIA Y OBSTETRICIA,Escolarizado,https://www.dgae.unam.mx/Licenciatura2026/resultados_control/2/22000095.html,160,504,331,53,171,121680,66,S,Seleccionada/o,,
2,Licenciatura 2026,220,22000095,ENFERMERIA,FACULTAD DE ENFERMERIA Y OBSTETRICIA,Escolarizado,https://www.dgae.unam.mx/Licenciatura2026/resultados_control/2/22000095.html,160,504,331,53,171,121721,53,S,Seleccionada/o,Cita para entregar documentación.,
2,Licenciatura 2026,220,22000095,ENFERMERIA,FACULTAD DE ENFERMERIA Y OBSTETRICIA,Escolarizado,https://www.dgae.unam.mx/Licenciatura2026/resultados_control/2/22000095.html,160,504,331,53,171,121784,76,S,Seleccionada/o,,
2,Licenciatura 2026,220,22000095,ENFERMERIA,FACULTAD DE ENFERMERIA Y OBSTETRICIA,Escolarizado,https://www.dgae.unam.mx/Licenciatura2026/resultados_control/2/22000095.html,160,504,331,53,171,121911,,N,No presentada/o,,
2,Licenciatura 2026,220,22000095,ENFERMERIA,FACULTAD DE ENFERMERIA Y OBSTETRICIA,Escolarizado,https://www.dgae.unam.mx/Licenciatura2026/resultados_control/2/22000095.html,160,504,331,53,171,122044,76,S,Seleccionada/o,Cita para entregar documentación.,
2,Licenciatura 2026,220,22000095,ENFERMERIA,FACULTAD DE ENFERMERIA Y OBSTETRICIA,Escolarizado,https://www.dgae.unam.mx/Licenciatura2026/resultados_control/2/22000095.html,160,504,331,53,171,122109,,N,No presentada/o,,
2,Licenciatura 2026,220,22000095,ENFERMERIA,FACULTAD DE ENFERMERIA Y OBSTETRICIA,Escolarizado,https://www.dgae.unam.mx/Licenciatura2026/resultados_control/2/22000095.html,160,504,331,53,171,122263,48,,No seleccionada/o,,
2,Licenciatura 2026,220,22000095,ENFERMERIA,FACULTAD DE ENFERMERIA Y OBSTETRICIA,Escolarizado,https://www.dgae.unam.mx/Licenciatura2026/resultados_control/2/22000095.html,160,504,331,53,171,122443,60,S,Seleccionada/o,Cita para entregar documentación.,
2,Licenciatura 2026,220,22000095,ENFERMERIA,FACULTAD DE ENFERMERIA Y OBSTETRICIA,Escolarizado,https://www.dgae.unam.mx/Licenciatura2026/resultados_control/2/22000095.html,160,504,331,53,171,122479,69,S,Seleccionada/o,Cita para entregar documentación.,
2,Licenciatura 2026,220,22000095,ENFERMERIA,FACULTAD DE ENFERMERIA Y OBSTETRICIA,Escolarizado,https://www.dgae.unam.mx/Licenciatura2026/resultados_control/2/22000095.html,160,504,331,53,171,122984,,N,No presentada/o,,
2,Licenciatura 2026,220,22000095,ENFERMERIA,FACULTAD DE ENFERMERIA Y OBSTETRICIA,Escolarizado,https://www.dgae.unam.mx/Licenciatura2026/resultados_control/2/22000095.html,160,504,331,53,171,123069,74,S,Seleccionada/o,Cita para entregar documentación.,
2,Licenciatura 2026,220,22000095,ENFERMERIA,FACULTAD DE ENFERMERIA Y OBSTETRICIA,Escolarizado,https://www.dgae.unam.mx/Licenciatura2026/resultados_control/2/22000095.html,160,504,331,53,171,123303,67,S,Seleccionada/o,Cita para entregar documentación.,
2,Licenciatura 2026,220,22000095,ENFERMERIA,FACULTAD DE ENFERMERIA Y OBSTETRICIA,Escolarizado,https://www.dgae.unam.mx/Licenciatura2026/resultados_control/2/22000095.html,160,504,331,53,171,123610,,N,No presentada/o,,
2,Licenciatura 2026,220,22000095,ENFERMERIA,FACULTAD DE ENFERMERIA Y OBSTETRICIA,Escolarizado,https://www.dgae.unam.mx/Licenciatura2026/resultados_control/2/22000095.html,160,504,331,53,171,123750,,N,No presentada/o,,
2,Licenciatura 2026,220,22000095,ENFERMERIA,FACULTAD DE ENFERMERIA Y OBSTETRICIA,Escolarizado,https://www.dgae.unam.mx/Licenciatura2026/resultados_control/2/22000095.html,160,504,331,53,171,123791,59,S,Seleccionada/o,Cita para entregar documentación.,
2,Licenciatura 2026,220,22000095,ENFERMERIA,FACULTAD DE ENFERMERIA Y OBSTETRICIA,Escolarizado,https://www.dgae.unam.mx/Licenciatura2026/resultados_control/2/22000095.html,160,504,331,53,171,124440,,N,No presentada/o,,
2,Licenciatura 2026,220,22000095,ENFERMERIA,FACULTAD DE ENFERMERIA Y OBSTETRICIA,Escolarizado,https://www.dgae.unam.mx/Licenciatura2026/resultados_control/2/22000095.html,160,504,331,53,171,124521,55,S,Seleccionada/o,Cita para entregar documentación.,
2,Licenciatura 2026,220,22000095,ENFERMERIA,FACULTAD DE ENFERMERIA Y OBSTETRICIA,Escolarizado,https://www.dgae.unam.mx/Licenciatura2026/resultados_control/2/22000095.html,160,504,331,53,171,124633,39,,No seleccionada/o,,
2,Licenciatura 2026,220,22000095,ENFERMERIA,FACULTAD DE ENFERMERIA Y OBSTETRICIA,Escolarizado,https://www.dgae.unam.mx/Licenciatura2026/resultados_control/2/22000095.html,160,504,331,53,171,124642,,S,Seleccionada/o,Cita para aclarar situación escolar.,
2,Licenciatura 2026,220,22000095,ENFERMERIA,FACULTAD DE ENFERMERIA Y OBSTETRICIA,Escolarizado,https://www.dgae.unam.mx/Licenciatura2026/resultados_control/2/22000095.html,160,504,331,53,171,125258,,N,No presentada/o,,
2,Licenciatura 2026,220,22000095,ENFERMERIA,FACULTAD DE ENFERMERIA Y OBSTETRICIA,Escolarizado,https://www.dgae.unam.mx/Licenciatura2026/resultados_control/2/22000095.html,160,504,331,53,171,125342,63,S,Seleccionada/o,,
2,Licenciatura 2026,220,22000095,ENFERMERIA,FACULTAD DE ENFERMERIA Y OBSTETRICIA,Escolarizado,https://www.dgae.unam.mx/Licenciatura2026/resultados_control/2/22000095.html,160,504,331,53,171,125553,43,,No seleccionada/o,,
2,Licenciatura 2026,220,22000095,ENFERMERIA,FACULTAD DE ENFERMERIA Y OBSTETRICIA,Escolarizado,https://www.dgae.unam.mx/Licenciatura2026/resultados_control/2/22000095.html,160,504,331,53,171,125999,,N,No presentada/o,,
2,Licenciatura 2026,220,22000095,ENFERMERIA,FACULTAD DE ENFERMERIA Y OBSTETRICIA,Escolarizado,https://www.dgae.unam.mx/Licenciatura2026/resultados_control/2/22000095.html,160,504,331,53,171,126042,59,S,Seleccionada/o,Cita para entregar documentación.,
2,Licenciatura 2026,220,22000095,ENFERMERIA,FACULTAD DE ENFERMERIA Y OBSTETRICIA,Escolarizado,https://www.dgae.unam.mx/Licenciatura2026/resultados_control/2/22000095.html,160,504,331,53,171,126243,76,S,Seleccionada/o,,
2,Licenciatura 2026,220,22000095,ENFERMERIA,FACULTAD DE ENFERMERIA Y OBSTETRICIA,Escolarizado,https://www.dgae.unam.mx/Licenciatura2026/resultados_control/2/22000095.html,160,504,331,53,171,126515,,N,No presentada/o,,
2,Licenciatura 2026,220,22000095,ENFERMERIA,FACULTAD DE ENFERMERIA Y OBSTETRICIA,Escolarizado,https://www.dgae.unam.mx/Licenciatura2026/resultados_control/2/22000095.html,160,504,331,53,171,126599,,N,No presentada/o,,
2,Licenciatura 2026,220,22000095,ENFERMERIA,FACULTAD DE ENFERMERIA Y OBSTETRICIA,Escolarizado,https://www.dgae.unam.mx/Licenciatura2026/resultados_control/2/22000095.html,160,504,331,53,171,126749,56,S,Seleccionada/o,Cita para entregar documentación.,
2,Licenciatura 2026,220,22000095,ENFERMERIA,FACULTAD DE ENFERMERIA Y OBSTETRICIA,Escolarizado,https://www.dgae.unam.mx/Licenciatura2026/resultados_control/2/22000095.html,160,504,331,53,171,126913,42,,No seleccionada/o,,
2,Licenciatura 2026,220,22000095,ENFERMERIA,FACULTAD DE ENFERMERIA Y OBSTETRICIA,Escolarizado,https://www.dgae.unam.mx/Licenciatura2026/resultados_control/2/22000095.html,160,504,331,53,171,126957,,N,No presentada/o,,
2,Licenciatura 2026,220,22000095,ENFERMERIA,FACULTAD DE ENFERMERIA Y OBSTETRICIA,Escolarizado,https://www.dgae.unam.mx/Licenciatura2026/resultados_control/2/22000095.html,160,504,331,53,171,126986,,N,No presentada/o,,
2,Licenciatura 2026,220,22000095,ENFERMERIA,FACULTAD DE ENFERMERIA Y OBSTETRICIA,Escolarizado,https://www.dgae.unam.mx/Licenciatura2026/resultados_control/2/22000095.html,160,504,331,53,171,127337,,N,No presentada/o,,
2,Licenciatura 2026,220,22000095,ENFERMERIA,FACULTAD DE ENFERMERIA Y OBSTETRICIA,Escolarizado,https://www.dgae.unam.mx/Licenciatura2026/resultados_control/2/22000095.html,160,504,331,53,171,127613,57,S,Seleccionada/o,Cita para entregar documentación.,
2,Licenciatura 2026,220,22000095,ENFERMERIA,FACULTAD DE ENFERMERIA Y OBSTETRICIA,Escolarizado,https://www.dgae.unam.mx/Licenciatura2026/resultados_control/2/22000095.html,160,504,331,53,171,127694,,N,No presentada/o,,
2,Licenciatura 2026,220,22000095,ENFERMERIA,FACULTAD DE ENFERMERIA Y OBSTETRICIA,Escolarizado,https://www.dgae.unam.mx/Licenciatura2026/resultados_control/2/22000095.html,160,504,331,53,171,127737,52,,No seleccionada/o,,
2,Licenciatura 2026,220,22000095,ENFERMERIA,FACULTAD DE ENFERMERIA Y OBSTETRICIA,Escolarizado,https://www.dgae.unam.mx/Licenciatura2026/resultados_control/2/22000095.html,160,504,331,53,171,127843,34,,No seleccionada/o,,
2,Licenciatura 2026,220,22000095,ENFERMERIA,FACULTAD DE ENFERMERIA Y OBSTETRICIA,Escolarizado,https://www.dgae.unam.mx/Licenciatura2026/resultados_control/2/22000095.html,160,504,331,53,171,128046,67,S,Seleccionada/o,Cita para entregar documentación.,
2,Licenciatura 2026,220,22000095,ENFERMERIA,FACULTAD DE ENFERMERIA Y OBSTETRICIA,Escolarizado,https://www.dgae.unam.mx/Licenciatura2026/resultados_control/2/22000095.html,160,504,331,53,171,128268,47,,No seleccionada/o,,
2,Licenciatura 2026,220,22000095,ENFERMERIA,FACULTAD DE ENFERMERIA Y OBSTETRICIA,Escolarizado,https://www.dgae.unam.mx/Licenciatura2026/resultados_control/2/22000095.html,160,504,331,53,171,128330,46,,No seleccionada/o,,
2,Licenciatura 2026,220,22000095,ENFERMERIA,FACULTAD DE ENFERMERIA Y OBSTETRICIA,Escolarizado,https://www.dgae.unam.mx/Licenciatura2026/resultados_control/2/22000095.html,160,504,331,53,171,128339,57,S,Seleccionada/o,Cita para entregar documentación.,
2,Licenciatura 2026,220,22000095,ENFERMERIA,FACULTAD DE ENFERMERIA Y OBSTETRICIA,Escolarizado,https://www.dgae.unam.mx/Licenciatura2026/resultados_control/2/22000095.html,160,504,331,53,171,128528,,N,No presentada/o,,
2,Licenciatura 2026,220,22000095,ENFERMERIA,FACULTAD DE ENFERMERIA Y OBSTETRICIA,Escolarizado,https://www.dgae.unam.mx/Licenciatura2026/resultados_control/2/22000095.html,160,504,331,53,171,128645,44,,No seleccionada/o,,
2,Licenciatura 2026,220,22000095,ENFERMERIA,FACULTAD DE ENFERMERIA Y OBSTETRICIA,Escolarizado,https://www.dgae.unam.mx/Licenciatura2026/resultados_control/2/22000095.html,160,504,331,53,171,128655,55,S,Seleccionada/o,Cita para entregar documentación.,
2,Licenciatura 2026,220,22000095,ENFERMERIA,FACULTAD DE ENFERMERIA Y OBSTETRICIA,Escolarizado,https://www.dgae.unam.mx/Licenciatura2026/resultados_control/2/22000095.html,160,504,331,53,171,128668,47,,No seleccionada/o,,
2,Licenciatura 2026,220,22000095,ENFERMERIA,FACULTAD DE ENFERMERIA Y OBSTETRICIA,Escolarizado,https://www.dgae.unam.mx/Licenciatura2026/resultados_control/2/22000095.html,160,504,331,53,171,128695,70,S,Seleccionada/o,Cita para entregar documentación.,
2,Licenciatura 2026,220,22000095,ENFERMERIA,FACULTAD DE ENFERMERIA Y OBSTETRICIA,Escolarizado,https://www.dgae.unam.mx/Licenciatura2026/resultados_control/2/22000095.html,160,504,331,53,171,128847,46,,No seleccionada/o,,
2,Licenciatura 2026,220,22000095,ENFERMERIA,FACULTAD DE ENFERMERIA Y OBSTETRICIA,Escolarizado,https://www.dgae.unam.mx/Licenciatura2026/resultados_control/2/22000095.html,160,504,331,53,171,128988,61,S,Seleccionada/o,Cita para entregar documentación.,
2,Licenciatura 2026,220,22000095,ENFERMERIA,FACULTAD DE ENFERMERIA Y OBSTETRICIA,Escolarizado,https://www.dgae.unam.mx/Licenciatura2026/resultados_control/2/22000095.html,160,504,331,53,171,129192,47,,No seleccionada/o,,
2,Licenciatura 2026,220,22000095,ENFERMERIA,FACULTAD DE ENFERMERIA Y OBSTETRICIA,Escolarizado,https://www.dgae.unam.mx/Licenciatura2026/resultados_control/2/22000095.html,160,504,331,53,171,129199,43,,No seleccionada/o,,
2,Licenciatura 2026,220,22000095,ENFERMERIA,FACULTAD DE ENFERMERIA Y OBSTETRICIA,Escolarizado,https://www.dgae.unam.mx/Licenciatura2026/resultados_control/2/22000095.html,160,504,331,53,171,129246,57,S,Seleccionada/o,Cita para entregar documentación.,
2,Licenciatura 2026,220,22000095,ENFERMERIA,FACULTAD DE ENFERMERIA Y OBSTETRICIA,Escolarizado,https://www.dgae.unam.mx/Licenciatura2026/resultados_control/2/22000095.html,160,504,331,53,171,129379,45,,No seleccionada/o,,
2,Licenciatura 2026,220,22000095,ENFERMERIA,FACULTAD DE ENFERMERIA Y OBSTETRICIA,Escolarizado,https://www.dgae.unam.mx/Licenciatura2026/resultados_control/2/22000095.html,160,504,331,53,171,129642,,N,No presentada/o,,
2,Licenciatura 2026,220,22000095,ENFERMERIA,FACULTAD DE ENFERMERIA Y OBSTETRICIA,Escolarizado,https://www.dgae.unam.mx/Licenciatura2026/resultados_control/2/22000095.html,160,504,331,53,171,129842,36,,No seleccionada/o,,
2,Licenciatura 2026,220,22000095,ENFERMERIA,FACULTAD DE ENFERMERIA Y OBSTETRICIA,Escolarizado,https://www.dgae.unam.mx/Licenciatura2026/resultados_control/2/22000095.html,160,504,331,53,171,129977,47,,No seleccionada/o,,
2,Licenciatura 2026,220,22000095,ENFERMERIA,FACULTAD DE ENFERMERIA Y OBSTETRICIA,Escolarizado,https://www.dgae.unam.mx/Licenciatura2026/resultados_control/2/22000095.html,160,504,331,53,171,130009,40,,No seleccionada/o,,
2,Licenciatura 2026,220,22000095,ENFERMERIA,FACULTAD DE ENFERMERIA Y OBSTETRICIA,Escolarizado,https://www.dgae.unam.mx/Licenciatura2026/resultados_control/2/22000095.html,160,504,331,53,171,130087,,N,No presentada/o,,
2,Licenciatura 2026,220,22000095,ENFERMERIA,FACULTAD DE ENFERMERIA Y OBSTETRICIA,Escolarizado,https://www.dgae.unam.mx/Licenciatura2026/resultados_control/2/22000095.html,160,504,331,53,171,130097,59,S,Seleccionada/o,Cita para entregar documentación.,
2,Licenciatura 2026,220,22000095,ENFERMERIA,FACULTAD DE ENFERMERIA Y OBSTETRICIA,Escolarizado,https://www.dgae.unam.mx/Licenciatura2026/resultados_control/2/22000095.html,160,504,331,53,171,130572,69,S,Seleccionada/o,Cita para entregar documentación.,
2,Licenciatura 2026,220,22000095,ENFERMERIA,FACULTAD DE ENFERMERIA Y OBSTETRICIA,Escolarizado,https://www.dgae.unam.mx/Licenciatura2026/resultados_control/2/22000095.html,160,504,331,53,171,130721,42,,No seleccionada/o,,
2,Licenciatura 2026,220,22000095,ENFERMERIA,FACULTAD DE ENFERMERIA Y OBSTETRICIA,Escolarizado,https://www.dgae.unam.mx/Licenciatura2026/resultados_control/2/22000095.html,160,504,331,53,171,130923,,N,No presentada/o,,
2,Licenciatura 2026,220,22000095,ENFERMERIA,FACULTAD DE ENFERMERIA Y OBSTETRICIA,Escolarizado,https://www.dgae.unam.mx/Licenciatura2026/resultados_control/2/22000095.html,160,504,331,53,171,131107,,N,No presentada/o,,
2,Licenciatura 2026,220,22000095,ENFERMERIA,FACULTAD DE ENFERMERIA Y OBSTETRICIA,Escolarizado,https://www.dgae.unam.mx/Licenciatura2026/resultados_control/2/22000095.html,160,504,331,53,171,131326,53,S,Seleccionada/o,Cita para entregar documentación.,
2,Licenciatura 2026,220,22000095,ENFERMERIA,FACULTAD DE ENFERMERIA Y OBSTETRICIA,Escolarizado,https://www.dgae.unam.mx/Licenciatura2026/resultados_control/2/22000095.html,160,504,331,53,171,131331,37,,No seleccionada/o,,
2,Licenciatura 2026,220,22000095,ENFERMERIA,FACULTAD DE ENFERMERIA Y OBSTETRICIA,Escolarizado,https://www.dgae.unam.mx/Licenciatura2026/resultados_control/2/22000095.html,160,504,331,53,171,131558,50,,No seleccionada/o,,
2,Licenciatura 2026,220,22000095,ENFERMERIA,FACULTAD DE ENFERMERIA Y OBSTETRICIA,Escolarizado,https://www.dgae.unam.mx/Licenciatura2026/resultados_control/2/22000095.html,160,504,331,53,171,131799,57,S,Seleccionada/o,Cita para entregar documentación.,
2,Licenciatura 2026,220,22000095,ENFERMERIA,FACULTAD DE ENFERMERIA Y OBSTETRICIA,Escolarizado,https://www.dgae.unam.mx/Licenciatura2026/resultados_control/2/22000095.html,160,504,331,53,171,132067,46,,No seleccionada/o,,
2,Licenciatura 2026,220,22000095,ENFERMERIA,FACULTAD DE ENFERMERIA Y OBSTETRICIA,Escolarizado,https://www.dgae.unam.mx/Licenciatura2026/resultados_control/2/22000095.html,160,504,331,53,171,132456,34,,No seleccionada/o,,
2,Licenciatura 2026,220,22000095,ENFERMERIA,FACULTAD DE ENFERMERIA Y OBSTETRICIA,Escolarizado,https://www.dgae.unam.mx/Licenciatura2026/resultados_control/2/22000095.html,160,504,331,53,171,132485,,N,No presentada/o,,
2,Licenciatura 2026,220,22000095,ENFERMERIA,FACULTAD DE ENFERMERIA Y OBSTETRICIA,Escolarizado,https://www.dgae.unam.mx/Licenciatura2026/resultados_control/2/22000095.html,160,504,331,53,171,132518,41,,No seleccionada/o,,
2,Licenciatura 2026,220,22000095,ENFERMERIA,FACULTAD DE ENFERMERIA Y OBSTETRICIA,Escolarizado,https://www.dgae.unam.mx/Licenciatura2026/resultados_control/2/22000095.html,160,504,331,53,171,132574,38,,No seleccionada/o,,
2,Licenciatura 2026,220,22000095,ENFERMERIA,FACULTAD DE ENFERMERIA Y OBSTETRICIA,Escolarizado,https://www.dgae.unam.mx/Licenciatura2026/resultados_control/2/22000095.html,160,504,331,53,171,132575,,N,No presentada/o,,
2,Licenciatura 2026,220,22000095,ENFERMERIA,FACULTAD DE ENFERMERIA Y OBSTETRICIA,Escolarizado,https://www.dgae.unam.mx/Licenciatura2026/resultados_control/2/22000095.html,160,504,331,53,171,132966,,N,No presentada/o,,
2,Licenciatura 2026,220,22000095,ENFERMERIA,FACULTAD DE ENFERMERIA Y OBSTETRICIA,Escolarizado,https://www.dgae.unam.mx/Licenciatura2026/resultados_control/2/22000095.html,160,504,331,53,171,132999,24,,No seleccionada/o,,
2,Licenciatura 2026,220,22000095,ENFERMERIA,FACULTAD DE ENFERMERIA Y OBSTETRICIA,Escolarizado,https://www.dgae.unam.mx/Licenciatura2026/resultados_control/2/22000095.html,160,504,331,53,171,133120,,N,No presentada/o,,
2,Licenciatura 2026,220,22000095,ENFERMERIA,FACULTAD DE ENFERMERIA Y OBSTETRICIA,Escolarizado,https://www.dgae.unam.mx/Licenciatura2026/resultados_control/2/22000095.html,160,504,331,53,171,133130,,N,No presentada/o,,
2,Licenciatura 2026,220,22000095,ENFERMERIA,FACULTAD DE ENFERMERIA Y OBSTETRICIA,Escolarizado,https://www.dgae.unam.mx/Licenciatura2026/resultados_control/2/22000095.html,160,504,331,53,171,133251,,N,No presentada/o,,
2,Licenciatura 2026,220,22000095,ENFERMERIA,FACULTAD DE ENFERMERIA Y OBSTETRICIA,Escolarizado,https://www.dgae.unam.mx/Licenciatura2026/resultados_control/2/22000095.html,160,504,331,53,171,133358,,N,No presentada/o,,
2,Licenciatura 2026,220,22000095,ENFERMERIA,FACULTAD DE ENFERMERIA Y OBSTETRICIA,Escolarizado,https://www.dgae.unam.mx/Licenciatura2026/resultados_control/2/22000095.html,160,504,331,53,171,133516,57,S,Seleccionada/o,Cita para entregar documentación.,
2,Licenciatura 2026,220,22000095,ENFERMERIA,FACULTAD DE ENFERMERIA Y OBSTETRICIA,Escolarizado,https://www.dgae.unam.mx/Licenciatura2026/resultados_control/2/22000095.html,160,504,331,53,171,133566,53,S,Seleccionada/o,Cita para entregar documentación.,
2,Licenciatura 2026,220,22000095,ENFERMERIA,FACULTAD DE ENFERMERIA Y OBSTETRICIA,Escolarizado,https://www.dgae.unam.mx/Licenciatura2026/resultados_control/2/22000095.html,160,504,331,53,171,133717,42,,No seleccionada/o,,
2,Licenciatura 2026,220,22000095,ENFERMERIA,FACULTAD DE ENFERMERIA Y OBSTETRICIA,Escolarizado,https://www.dgae.unam.mx/Licenciatura2026/resultados_control/2/22000095.html,160,504,331,53,171,133741,92,S,Seleccionada/o,,
2,Licenciatura 2026,220,22000095,ENFERMERIA,FACULTAD DE ENFERMERIA Y OBSTETRICIA,Escolarizado,https://www.dgae.unam.mx/Licenciatura2026/resultados_control/2/22000095.html,160,504,331,53,171,133789,46,,No seleccionada/o,,
2,Licenciatura 2026,220,22000095,ENFERMERIA,FACULTAD DE ENFERMERIA Y OBSTETRICIA,Escolarizado,https://www.dgae.unam.mx/Licenciatura2026/resultados_control/2/22000095.html,160,504,331,53,171,133827,37,,No seleccionada/o,,
2,Licenciatura 2026,220,22000095,ENFERMERIA,FACULTAD DE ENFERMERIA Y OBSTETRICIA,Escolarizado,https://www.dgae.unam.mx/Licenciatura2026/resultados_control/2/22000095.html,160,504,331,53,171,135036,69,S,Seleccionada/o,Cita para entregar documentación.,
2,Licenciatura 2026,220,22000095,ENFERMERIA,FACULTAD DE ENFERMERIA Y OBSTETRICIA,Escolarizado,https://www.dgae.unam.mx/Licenciatura2026/resultados_control/2/22000095.html,160,504,331,53,171,135123,42,,No seleccionada/o,,
2,Licenciatura 2026,220,22000095,ENFERMERIA,FACULTAD DE ENFERMERIA Y OBSTETRICIA,Escolarizado,https://www.dgae.unam.mx/Licenciatura2026/resultados_control/2/22000095.html,160,504,331,53,171,135199,,N,No presentada/o,,
2,Licenciatura 2026,220,22000095,ENFERMERIA,FACULTAD DE ENFERMERIA Y OBSTETRICIA,Escolarizado,https://www.dgae.unam.mx/Licenciatura2026/resultados_control/2/22000095.html,160,504,331,53,171,135364,,N,No presentada/o,,
2,Licenciatura 2026,220,22000095,ENFERMERIA,FACULTAD DE ENFERMERIA Y OBSTETRICIA,Escolarizado,https://www.dgae.unam.mx/Licenciatura2026/resultados_control/2/22000095.html,160,504,331,53,171,135855,45,,No seleccionada/o,,
2,Licenciatura 2026,220,22000095,ENFERMERIA,FACULTAD DE ENFERMERIA Y OBSTETRICIA,Escolarizado,https://www.dgae.unam.mx/Licenciatura2026/resultados_control/2/22000095.html,160,504,331,53,171,136559,31,,No seleccionada/o,,
2,Licenciatura 2026,220,22000095,ENFERMERIA,FACULTAD DE ENFERMERIA Y OBSTETRICIA,Escolarizado,https://www.dgae.unam.mx/Licenciatura2026/resultados_control/2/22000095.html,160,504,331,53,171,136734,,N,No presentada/o,,
2,Licenciatura 2026,220,22000095,ENFERMERIA,FACULTAD DE ENFERMERIA Y OBSTETRICIA,Escolarizado,https://www.dgae.unam.mx/Licenciatura2026/resultados_control/2/22000095.html,160,504,331,53,171,136857,84,S,Seleccionada/o,Cita para entregar documentación.,
2,Licenciatura 2026,220,22000095,ENFERMERIA,FACULTAD DE ENFERMERIA Y OBSTETRICIA,Escolarizado,https://www.dgae.unam.mx/Licenciatura2026/resultados_control/2/22000095.html,160,504,331,53,171,137572,,N,No presentada/o,,
2,Licenciatura 2026,220,22000095,ENFERMERIA,FACULTAD DE ENFERMERIA Y OBSTETRICIA,Escolarizado,https://www.dgae.unam.mx/Licenciatura2026/resultados_control/2/22000095.html,160,504,331,53,171,138034,,N,No presentada/o,,
2,Licenciatura 2026,220,22000095,ENFERMERIA,FACULTAD DE ENFERMERIA Y OBSTETRICIA,Escolarizado,https://www.dgae.unam.mx/Licenciatura2026/resultados_control/2/22000095.html,160,504,331,53,171,139274,,N,No presentada/o,,
2,Licenciatura 2026,220,22000095,ENFERMERIA,FACULTAD DE ENFERMERIA Y OBSTETRICIA,Escolarizado,https://www.dgae.unam.mx/Licenciatura2026/resultados_control/2/22000095.html,160,504,331,53,171,139374,,N,No presentada/o,,
2,Licenciatura 2026,220,22000095,ENFERMERIA,FACULTAD DE ENFERMERIA Y OBSTETRICIA,Escolarizado,https://www.dgae.unam.mx/Licenciatura2026/resultados_control/2/22000095.html,160,504,331,53,171,139614,,N,No presentada/o,,
2,Licenciatura 2026,220,22000095,ENFERMERIA,FACULTAD DE ENFERMERIA Y OBSTETRICIA,Escolarizado,https://www.dgae.unam.mx/Licenciatura2026/resultados_control/2/22000095.html,160,504,331,53,171,140080,51,,No seleccionada/o,,
2,Licenciatura 2026,220,22000095,ENFERMERIA,FACULTAD DE ENFERMERIA Y OBSTETRICIA,Escolarizado,https://www.dgae.unam.mx/Licenciatura2026/resultados_control/2/22000095.html,160,504,331,53,171,140104,,N,No presentada/o,,
2,Licenciatura 2026,220,22000095,ENFERMERIA,FACULTAD DE ENFERMERIA Y OBSTETRICIA,Escolarizado,https://www.dgae.unam.mx/Licenciatura2026/resultados_control/2/22000095.html,160,504,331,53,171,141096,34,,No seleccionada/o,,
2,Licenciatura 2026,220,22000095,ENFERMERIA,FACULTAD DE ENFERMERIA Y OBSTETRICIA,Escolarizado,https://www.dgae.unam.mx/Licenciatura2026/resultados_control/2/22000095.html,160,504,331,53,171,141465,,N,No presentada/o,,
2,Licenciatura 2026,220,22000095,ENFERMERIA,FACULTAD DE ENFERMERIA Y OBSTETRICIA,Escolarizado,https://www.dgae.unam.mx/Licenciatura2026/resultados_control/2/22000095.html,160,504,331,53,171,141532,,N,No presentada/o,,
2,Licenciatura 2026,220,22000095,ENFERMERIA,FACULTAD DE ENFERMERIA Y OBSTETRICIA,Escolarizado,https://www.dgae.unam.mx/Licenciatura2026/resultados_control/2/22000095.html,160,504,331,53,171,141976,,N,No presentada/o,,
2,Licenciatura 2026,220,22000095,ENFERMERIA,FACULTAD DE ENFERMERIA Y OBSTETRICIA,Escolarizado,https://www.dgae.unam.mx/Licenciatura2026/resultados_control/2/22000095.html,160,504,331,53,171,142652,66,S,Seleccionada/o,Cita para entregar documentación.,
2,Licenciatura 2026,220,22000095,ENFERMERIA,FACULTAD DE ENFERMERIA Y OBSTETRICIA,Escolarizado,https://www.dgae.unam.mx/Licenciatura2026/resultados_control/2/22000095.html,160,504,331,53,171,142765,,N,No presentada/o,,
2,Licenciatura 2026,220,22000095,ENFERMERIA,FACULTAD DE ENFERMERIA Y OBSTETRICIA,Escolarizado,https://www.dgae.unam.mx/Licenciatura2026/resultados_control/2/22000095.html,160,504,331,53,171,142905,89,S,Seleccionada/o,Cita para entregar documentación.,
2,Licenciatura 2026,220,22000095,ENFERMERIA,FACULTAD DE ENFERMERIA Y OBSTETRICIA,Escolarizado,https://www.dgae.unam.mx/Licenciatura2026/resultados_control/2/22000095.html,160,504,331,53,171,144196,,N,No presentada/o,,
2,Licenciatura 2026,220,22000095,ENFERMERIA,FACULTAD DE ENFERMERIA Y OBSTETRICIA,Escolarizado,https://www.dgae.unam.mx/Licenciatura2026/resultados_control/2/22000095.html,160,504,331,53,171,145231,,N,No presentada/o,,
2,Licenciatura 2026,220,22000095,ENFERMERIA,FACULTAD DE ENFERMERIA Y OBSTETRICIA,Escolarizado,https://www.dgae.unam.mx/Licenciatura2026/resultados_control/2/22000095.html,160,504,331,53,171,145794,,N,No presentada/o,,
2,Licenciatura 2026,220,22000095,ENFERMERIA,FACULTAD DE ENFERMERIA Y OBSTETRICIA,Escolarizado,https://www.dgae.unam.mx/Licenciatura2026/resultados_control/2/22000095.html,160,504,331,53,171,146745,47,,No seleccionada/o,,
2,Licenciatura 2026,220,22000095,ENFERMERIA,FACULTAD DE ENFERMERIA Y OBSTETRICIA,Escolarizado,https://www.dgae.unam.mx/Licenciatura2026/resultados_control/2/22000095.html,160,504,331,53,171,147265,48,,No seleccionada/o,,
2,Licenciatura 2026,220,22000095,ENFERMERIA,FACULTAD DE ENFERMERIA Y OBSTETRICIA,Escolarizado,https://www.dgae.unam.mx/Licenciatura2026/resultados_control/2/22000095.html,160,504,331,53,171,147704,61,S,Seleccionada/o,Cita para entregar documentación.,
2,Licenciatura 2026,220,22000095,ENFERMERIA,FACULTAD DE ENFERMERIA Y OBSTETRICIA,Escolarizado,https://www.dgae.unam.mx/Licenciatura2026/resultados_control/2/22000095.html,160,504,331,53,171,147724,62,S,Seleccionada/o,Cita para entregar documentación.,
2,Licenciatura 2026,220,22000095,ENFERMERIA,FACULTAD DE ENFERMERIA Y OBSTETRICIA,Escolarizado,https://www.dgae.unam.mx/Licenciatura2026/resultados_control/2/22000095.html,160,504,331,53,171,148906,,N,No presentada/o,,
2,Licenciatura 2026,220,22000095,ENFERMERIA,FACULTAD DE ENFERMERIA Y OBSTETRICIA,Escolarizado,https://www.dgae.unam.mx/Licenciatura2026/resultados_control/2/22000095.html,160,504,331,53,171,148955,42,,No seleccionada/o,,
2,Licenciatura 2026,220,22000095,ENFERMERIA,FACULTAD DE ENFERMERIA Y OBSTETRICIA,Escolarizado,https://www.dgae.unam.mx/Licenciatura2026/resultados_control/2/22000095.html,160,504,331,53,171,149621,,N,No presentada/o,,
2,Licenciatura 2026,220,22000095,ENFERMERIA,FACULTAD DE ENFERMERIA Y OBSTETRICIA,Escolarizado,https://www.dgae.unam.mx/Licenciatura2026/resultados_control/2/22000095.html,160,504,331,53,171,150043,56,S,Seleccionada/o,Cita para entregar documentación.,
2,Licenciatura 2026,220,22000095,ENFERMERIA,FACULTAD DE ENFERMERIA Y OBSTETRICIA,Escolarizado,https://www.dgae.unam.mx/Licenciatura2026/resultados_control/2/22000095.html,160,504,331,53,171,150383,,N,No presentada/o,,
2,Licenciatura 2026,220,22000095,ENFERMERIA,FACULTAD DE ENFERMERIA Y OBSTETRICIA,Escolarizado,https://www.dgae.unam.mx/Licenciatura2026/resultados_control/2/22000095.html,160,504,331,53,171,150455,66,S,Seleccionada/o,Cita para entregar documentación.,
2,Licenciatura 2026,220,22000095,ENFERMERIA,FACULTAD DE ENFERMERIA Y OBSTETRICIA,Escolarizado,https://www.dgae.unam.mx/Licenciatura2026/resultados_control/2/22000095.html,160,504,331,53,171,151642,67,S,Seleccionada/o,Cita para entregar documentación.,
