Area,Concurso,Clave_carrera,Codigo_opcion,Carrera,Plantel,Modalidad,URL_resultados,Oferta,Aspirantes,Presentaron_examen,Aciertos_minimos,Seleccionados,Numero_comprobante,Aciertos,Acreditado,Estatus,Detalles,Diagnostico
2,Licenciatura 2026,202,20205005,CIRUJANO DENTISTA,FES ZARAGOZA,Escolarizado,https://www.dgae.unam.mx/Licenciatura2026/resultados/2/20205005.html,125,2648,2344,109,174,070005,103,,No seleccionado,,Consultar
2,Licenciatura 2026,202,20205005,CIRUJANO DENTISTA,FES ZARAGOZA,Escolarizado,https://www.dgae.unam.mx/Licenciatura2026/resultados/2/20205005.html,125,2648,2344,109,174,070019,115,S,Seleccionado,Cita para entregar documentación.,Consultar
2,Licenciatura 2026,202,20205005,CIRUJANO DENTISTA,FES ZARAGOZA,Escolarizado,https://www.dgae.unam.mx/Licenciatura2026/resultados/2/20205005.html,125,2648,2344,109,174,070049,83,,No seleccionado,,Consultar
2,Licenciatura 2026,202,20205005,CIRUJANO DENTISTA,FES ZARAGOZA,Escolarizado,https://www.dgae.unam.mx/Licenciatura2026/resultados/2/20205005.html,125,2648,2344,109,174,070110,88,,No seleccionado,,Consultar
2,Licenciatura 2026,202,20205005,CIRUJANO DENTISTA,FES ZARAGOZA,Escolarizado,https://www.dgae.unam.mx/Licenciatura2026/resultados/2/20205005.html,125,2648,2344,109,174,070120,41,,No seleccionado,,Consultar
2,Licenciatura 2026,202,20205005,CIRUJANO DENTISTA,FES ZARAGOZA,Escolarizado,https://www.dgae.unam.mx/Licenciatura2026/resultados/2/20205005.html,125,2648,2344,109,174,070128,87,,No seleccionado,,Consultar
2,Licenciatura 2026,202,20205005,CIRUJANO DENTISTA,FES ZARAGOZA,Escolarizado,https://www.dgae.unam.mx/Licenciatura2026/resultados/2/20205005.html,125,2648,2344,109,174,070134,113,S,Seleccionado,Cita para entregar documentación.,Consultar
2,Licenciatura 2026,202,20205005,CIRUJANO DENTISTA,FES ZARAGOZA,Escolarizado,https://www.dgae.unam.mx/Licenciatura2026/resultados/2/20205005.html,125,2648,2344,109,174,070176,87,,No seleccionado,,Consultar
2,Licenciatura 2026,202,20205005,CIRUJANO DENTISTA,FES ZARAGOZA,Escolarizado,https://www.dgae.unam.mx/Licenciatura2026/resultados/2/20205005.html,125,2648,2344,109,174,070206,76,,No seleccionado,,Consultar
2,Licenciatura 2026,202,20205005,CIRUJANO DENTISTA,FES ZARAGOZA,Escolarizado,https://www.dgae.unam.mx/Licenciatura2026/resultados/2/20205005.html,125,2648,2344,109,174,070223,44,,No seleccionado,,Consultar
2,Licenciatura 2026,202,20205005,CIRUJANO DENTISTA,FES ZARAGOZA,Escolarizado,https://www.dgae.unam.mx/Licenciatura2026/resultados/2/20205005.html,125,2648,2344,109,174,070266,55,,No seleccionado,,Consultar
2,Licenciatura 2026,202,20205005,CIRUJANO DENTISTA,FES ZARAGOZA,Escolarizado,https://www.dgae.unam.mx/Licenciatura2026/resultados/2/20205005.html,125,2648,2344,109,174,070303,45,,No seleccionado,,Consultar
2,Licenciatura 2026,202,20205005,CIRUJANO DENTISTA,FES ZARAGOZA,Escolarizado,https://www.dgae.unam.mx/Licenciatura2026/resultados/2/20205005.html,125,2648,2344,109,174,070344,95,,No seleccionado,,Consultar
2,Licenciatura 2026,202,20205005,CIRUJANO DENTISTA,FES ZARAGOZA,Escolarizado,https://www.dgae.unam.mx/Licenciatura2026/resultados/2/20205005.html,125,2648,2344,109,174,070360,111,S,Seleccionado,Cita para entregar documentación.,Consultar
2,Licenciatura 2026,202,20205005,CIRUJANO DENTISTA,FES ZARAGOZA,Escolarizado,https://www.dgae.unam.mx/Licenciatura2026/resultados/2/20205005.html,125,2648,2344,109,174,070376,67,,No seleccionado,,Consultar
2,Licenciatura 2026,202,20205005,CIRUJANO DENTISTA,FES ZARAGOZA,Escolarizado,https://www.dgae.unam.mx/Licenciatura2026/resultados/2/20205005.html,125,2648,2344,109,174,070412,57,,No seleccionado,,Consultar
2,Licenciatura 2026,202,20205005,CIRUJANO DENTISTA,FES ZARAGOZA,Escolarizado,https://www.dgae.unam.mx/Licenciatura2026/resultados/2/20205005.html,125,2648,2344,109,174,070422,36,,No seleccionado,,Consultar
2,Licenciatura 2026,202,20205005,CIRUJANO DENTISTA,FES ZARAGOZA,Escolarizado,https://www.dgae.unam.mx/Licenciatura2026/resultados/2/20205005.html,125,2648,2344,109,174,070435,65,,No seleccionado,,Consultar
2,Licenciatura 2026,202,20205005,CIRUJANO DENTISTA,FES ZARAGOZA,Escolarizado,https://www.dgae.unam.mx/Licenciatura2026/resultados/2/20205005.html,125,2648,2344,109,174,070497,34,,No seleccionado,,Consultar
2,Licenciatura 2026,202,20205005,CIRUJANO DENTISTA,FES ZARAGOZA,Escolarizado,https://www.dgae.unam.mx/Licenciatura2026/resultados/2/20205005.html,125,2648,2344,109,174,070564,85,,No seleccionado,,Consultar
2,Licenciatura 2026,202,20205005,CIRUJANO DENTISTA,FES ZARAGOZA,Escolarizado,https://www.dgae.unam.mx/Licenciatura2026/resultados/2/20205005.html,125,2648,2344,109,174,070602,56,,No seleccionado,,Consultar
2,Licenciatura 2026,202,20205005,CIRUJANO DENTISTA,FES ZARAGOZA,Escolarizado,https://www.dgae.unam.mx/Licenciatura2026/resultados/2/20205005.html,125,2648,2344,109,174,070633,70,,No seleccionado,,Consultar
2,Licenciatura 2026,202,20205005,CIRUJANO DENTISTA,FES ZARAGOZA,Escolarizado,https://www.dgae.unam.mx/Licenciatura2026/resultados/2/20205005.html,125,2648,2344,109,174,070686,44,,No seleccionado,,Consultar
2,Licenciatura 2026,202,20205005,CIRUJANO DENTISTA,FES ZARAGOZA,Escolarizado,https://www.dgae.unam.mx/Licenciatura2026/resultados/2/20205005.html,125,2648,2344,109,174,070722,57,,No seleccionado,,Consultar
2,Licenciatura 2026,202,20205005,CIRUJANO DENTISTA,FES ZARAGOZA,Escolarizado,https://www.dgae.unam.mx/Licenciatura2026/resultados/2/20205005.html,125,2648,2344,109,174,070759,98,,No seleccionado,,Consultar
2,Licenciatura 2026,202,20205005,CIRUJANO DENTISTA,FES ZARAGOZA,Escolarizado,https://www.dgae.unam.mx/Licenciatura2026/resultados/2/20205005.html,125,2648,2344,109,174,070831,26,,No seleccionado,,Consultar
2,Licenciatura 2026,202,20205005,CIRUJANO DENTISTA,FES ZARAGOZA,Escolarizado,https://www.dgae.unam.mx/Licenciatura2026/resultados/2/20205005.html,125,2648,2344,109,174,070870,69,,No seleccionado,,Consultar
2,Licenciatura 2026,202,20205005,CIRUJANO DENTISTA,FES ZARAGOZA,Escolarizado,https://www.dgae.unam.mx/Licenciatura2026/resultados/2/20205005.html,125,2648,2344,109,174,070893,91,,No seleccionado,,Consultar
2,Licenciatura 2026,202,20205005,CIRUJANO DENTISTA,FES ZARAGOZA,Escolarizado,https://www.dgae.unam.mx/Licenciatura2026/resultados/2/20205005.html,125,2648,2344,109,174,070958,95,,No seleccionado,,Consultar
2,Licenciatura 2026,202,20205005,CIRUJANO DENTISTA,FES ZARAGOZA,Escolarizado,https://www.dgae.unam.mx/Licenciatura2026/resultados/2/20205005.html,125,2648,2344,109,174,070991,49,,No seleccionado,,Consultar
2,Licenciatura 2026,202,20205005,CIRUJANO DENTISTA,FES ZARAGOZA,Escolarizado,https://www.dgae.unam.mx/Licenciatura2026/resultados/2/20205005.html,125,2648,2344,109,174,071039,71,,No seleccionado,,Consultar
2,Licenciatura 2026,202,20205005,CIRUJANO DENTISTA,FES ZARAGOZA,Escolarizado,https://www.dgae.unam.mx/Licenciatura2026/resultados/2/20205005.html,125,2648,2344,109,174,071043,77,,No seleccionado,,Consultar
2,Licenciatura 2026,202,20205005,CIRUJANO DENTISTA,FES ZARAGOZA,Escolarizado,https://www.dgae.unam.mx/Licenciatura2026/resultados/2/20205005.html,125,2648,2344,109,174,071054,96,,No seleccionado,,Consultar
2,Licenciatura 2026,202,20205005,CIRUJANO DENTISTA,FES ZARAGOZA,Escolarizado,https://www.dgae.unam.mx/Licenciatura2026/resultados/2/20205005.html,125,2648,2344,109,174,071119,43,,No seleccionado,,Consultar
2,Licenciatura 2026,202,20205005,CIRUJANO DENTISTA,FES ZARAGOZA,Escolarizado,https://www.dgae.unam.mx/Licenciatura2026/resultados/2/20205005.html,125,2648,2344,109,174,071121,39,,No seleccionado,,Consultar
2,Licenciatura 2026,202,20205005,CIRUJANO DENTISTA,FES ZARAGOZA,Escolarizado,https://www.dgae.unam.mx/Licenciatura2026/resultados/2/20205005.html,125,2648,2344,109,174,071149,59,,No seleccionado,,Consultar
2,Licenciatura 2026,202,20205005,CIRUJANO DENTISTA,FES ZARAGOZA,Escolarizado,https://www.dgae.unam.mx/Licenciatura2026/resultados/2/20205005.html,125,2648,2344,109,174,071229,90,,No seleccionado,,Consultar
2,Licenciatura 2026,202,20205005,CIRUJANO DENTISTA,FES ZARAGOZA,Escolarizado,https://www.dgae.unam.mx/Licenciatura2026/resultados/2/20205005.html,125,2648,2344,109,174,071259,65,,No seleccionado,,Consultar
2,Licenciatura 2026,202,20205005,CIRUJANO DENTISTA,FES ZARAGOZA,Escolarizado,https://www.dgae.unam.mx/Licenciatura2026/resultados/2/20205005.html,125,2648,2344,109,174,071425,86,,No seleccionado,,Consultar
2,Licenciatura 2026,202,20205005,CIRUJANO DENTISTA,FES ZARAGOZA,Escolarizado,https://www.dgae.unam.mx/Licenciatura2026/resultados/2/20205005.html,125,2648,2344,109,174,071440,53,,No seleccionado,,Consultar
2,Licenciatura 2026,202,20205005,CIRUJANO DENTISTA,FES ZARAGOZA,Escolarizado,https://www.dgae.unam.mx/Licenciatura2026/resultados/2/20205005.html,125,2648,2344,109,174,071441,80,,No seleccionado,,Consultar
2,Licenciatura 2026,202,20205005,CIRUJANO DENTISTA,FES ZARAGOZA,Escolarizado,https://www.dgae.unam.mx/Licenciatura2026/resultados/2/20205005.html,125,2648,2344,109,174,071451,51,,No seleccionado,,Consultar
2,Licenciatura 2026,202,20205005,CIRUJANO DENTISTA,FES ZARAGOZA,Escolarizado,https://www.dgae.unam.mx/Licenciatura2026/resultados/2/20205005.html,125,2648,2344,109,174,071485,54,,No seleccionado,,Consultar
2,Licenciatura 2026,202,20205005,CIRUJANO DENTISTA,FES ZARAGOZA,Escolarizado,https://www.dgae.unam.mx/Licenciatura2026/resultados/2/20205005.html,125,2648,2344,109,174,071507,67,,No seleccionado,,Consultar
2,Licenciatura 2026,202,20205005,CIRUJANO DENTISTA,FES ZARAGOZA,Escolarizado,https://www.dgae.unam.mx/Licenciatura2026/resultados/2/20205005.html,125,2648,2344,109,174,071510,111,S,Seleccionado,Cita para entregar documentación.,Consultar
2,Licenciatura 2026,202,20205005,CIRUJANO DENTISTA,FES ZARAGOZA,Escolarizado,https://www.dgae.unam.mx/Licenciatura2026/resultados/2/20205005.html,125,2648,2344,109,174,071512,81,,No seleccionado,,Consultar
2,Licenciatura 2026,202,20205005,CIRUJANO DENTISTA,FES ZARAGOZA,Escolarizado,https://www.dgae.unam.mx/Licenciatura2026/resultados/2/20205005.html,125,2648,2344,109,174,071530,,N,No presentado,,Consultar
2,Licenciatura 2026,202,20205005,CIRUJANO DENTISTA,FES ZARAGOZA,Escolarizado,https://www.dgae.unam.mx/Licenciatura2026/resultados/2/20205005.html,125,2648,2344,109,174,071535,81,,No seleccionado,,Consultar
2,Licenciatura 2026,202,20205005,CIRUJANO DENTISTA,FES ZARAGOZA,Escolarizado,https://www.dgae.unam.mx/Licenciatura2026/resultados/2/20205005.html,125,2648,2344,109,174,071541,,N,No presentado,,Consultar
2,Licenciatura 2026,202,20205005,CIRUJANO DENTISTA,FES ZARAGOZA,Escolarizado,https://www.dgae.unam.mx/Licenciatura2026/resultados/2/20205005.html,125,2648,2344,109,174,071577,93,,No seleccionado,,Consultar
2,Licenciatura 2026,202,20205005,CIRUJANO DENTISTA,FES ZARAGOZA,Escolarizado,https://www.dgae.unam.mx/Licenciatura2026/resultados/2/20205005.html,125,2648,2344,109,174,071588,110,S,Seleccionado,Cita para entregar documentación.,Consultar
2,Licenciatura 2026,202,20205005,CIRUJANO DENTISTA,FES ZARAGOZA,Escolarizado,https://www.dgae.unam.mx/Licenciatura2026/resultados/2/20205005.html,125,2648,2344,109,174,071598,114,S,Seleccionado,Cita para entregar documentación.,Consultar
2,Licenciatura 2026,202,20205005,CIRUJANO DENTISTA,FES ZARAGOZA,Escolarizado,https://www.dgae.unam.mx/Licenciatura2026/resultados/2/20205005.html,125,2648,2344,109,174,071638,57,,No seleccionado,,Consultar
2,Licenciatura 2026,202,20205005,CIRUJANO DENTISTA,FES ZARAGOZA,Escolarizado,https://www.dgae.unam.mx/Licenciatura2026/resultados/2/20205005.html,125,2648,2344,109,174,071640,64,,No seleccionado,,Consultar
2,Licenciatura 2026,202,20205005,CIRUJANO DENTISTA,FES ZARAGOZA,Escolarizado,https://www.dgae.unam.mx/Licenciatura2026/resultados/2/20205005.html,125,2648,2344,109,174,071759,57,,No seleccionado,,Consultar
2,Licenciatura 2026,202,20205005,CIRUJANO DENTISTA,FES ZARAGOZA,Escolarizado,https://www.dgae.unam.mx/Licenciatura2026/resultados/2/20205005.html,125,2648,2344,109,174,071769,60,,No seleccionado,,Consultar
2,Licenciatura 2026,202,20205005,CIRUJANO DENTISTA,FES ZARAGOZA,Escolarizado,https://www.dgae.unam.mx/Licenciatura2026/resultados/2/20205005.html,125,2648,2344,109,174,071772,33,,No seleccionado,,Consultar
2,Licenciatura 2026,202,20205005,CIRUJANO DENTISTA,FES ZARAGOZA,Escolarizado,https://www.dgae.unam.mx/Licenciatura2026/resultados/2/20205005.html,125,2648,2344,109,174,071780,91,,No seleccionado,,Consultar
2,Licenciatura 2026,202,20205005,CIRUJANO DENTISTA,FES ZARAGOZA,Escolarizado,https://www.dgae.unam.mx/Licenciatura2026/resultados/2/20205005.html,125,2648,2344,109,174,071788,44,,No seleccionado,,Consultar
2,Licenciatura 2026,202,20205005,CIRUJANO DENTISTA,FES ZARAGOZA,Escolarizado,https://www.dgae.unam.mx/Licenciatura2026/resultados/2/20205005.html,125,2648,2344,109,174,071808,31,,No seleccionado,,Consultar
2,Licenciatura 2026,202,20205005,CIRUJANO DENTISTA,FES ZARAGOZA,Escolarizado,https://www.dgae.unam.mx/Licenciatura2026/resultados/2/20205005.html,125,2648,2344,109,174,071825,46,,No seleccionado,,Consultar
2,Licenciatura 2026,202,20205005,CIRUJANO DENTISTA,FES ZARAGOZA,Escolarizado,https://www.dgae.unam.mx/Licenciatura2026/resultados/2/20205005.html,125,2648,2344,109,174,071831,27,,No seleccionado,,Consultar
2,Licenciatura 2026,202,20205005,CIRUJANO DENTISTA,FES ZARAGOZA,Escolarizado,https://www.dgae.unam.mx/Licenciatura2026/resultados/2/20205005.html,125,2648,2344,109,174,071838,67,,No seleccionado,,Consultar
2,Licenciatura 2026,202,20205005,CIRUJANO DENTISTA,FES ZARAGOZA,Escolarizado,https://www.dgae.unam.mx/Licenciatura2026/resultados/2/20205005.html,125,2648,2344,109,174,071841,58,,No seleccionado,,Consultar
2,Licenciatura 2026,202,20205005,CIRUJANO DENTISTA,FES ZARAGOZA,Escolarizado,https://www.dgae.unam.mx/Licenciatura2026/resultados/2/20205005.html,125,2648,2344,109,174,071885,57,,No seleccionado,,Consultar
2,Licenciatura 2026,202,20205005,CIRUJANO DENTISTA,FES ZARAGOZA,Escolarizado,https://www.dgae.unam.mx/Licenciatura2026/resultados/2/20205005.html,125,2648,2344,109,174,071986,107,,No seleccionado,,Consultar
2,Licenciatura 2026,202,20205005,CIRUJANO DENTISTA,FES ZARAGOZA,Escolarizado,https://www.dgae.unam.mx/Licenciatura2026/resultados/2/20205005.html,125,2648,2344,109,174,071993,69,,No seleccionado,,Consultar
2,Licenciatura 2026,202,20205005,CIRUJANO DENTISTA,FES ZARAGOZA,Escolarizado,https://www.dgae.unam.mx/Licenciatura2026/resultados/2/20205005.html,125,2648,2344,109,174,072006,67,,No seleccionado,,Consultar
2,Licenciatura 2026,202,20205005,CIRUJANO DENTISTA,FES ZARAGOZA,Escolarizado,https://www.dgae.unam.mx/Licenciatura2026/resultados/2/20205005.html,125,2648,2344,109,174,072028,87,,No seleccionado,,Consultar
2,Licenciatura 2026,202,20205005,CIRUJANO DENTISTA,FES ZARAGOZA,Escolarizado,https://www.dgae.unam.mx/Licenciatura2026/resultados/2/20205005.html,125,2648,2344,109,174,072044,41,,No seleccionado,,Consultar
2,Licenciatura 2026,202,20205005,CIRUJANO DENTISTA,FES ZARAGOZA,Escolarizado,https://www.dgae.unam.mx/Licenciatura2026/resultados/2/20205005.html,125,2648,2344,109,174,072067,111,S,Seleccionado,Cita para entregar documentación.,Consultar
2,Licenciatura 2026,202,20205005,CIRUJANO DENTISTA,FES ZARAGOZA,Escolarizado,https://www.dgae.unam.mx/Licenciatura2026/resultados/2/20205005.html,125,2648,2344,109,174,072121,56,,No seleccionado,,Consultar
2,Licenciatura 2026,202,20205005,CIRUJANO DENTISTA,FES ZARAGOZA,Escolarizado,https://www.dgae.unam.mx/Licenciatura2026/resultados/2/20205005.html,125,2648,2344,109,174,072127,62,,No seleccionado,,Consultar
2,Licenciatura 2026,202,20205005,CIRUJANO DENTISTA,FES ZARAGOZA,Escolarizado,https://www.dgae.unam.mx/Licenciatura2026/resultados/2/20205005.html,125,2648,2344,109,174,072138,33,,No seleccionado,,Consultar
2,Licenciatura 2026,202,20205005,CIRUJANO DENTISTA,FES ZARAGOZA,Escolarizado,https://www.dgae.unam.mx/Licenciatura2026/resultados/2/20205005.html,125,2648,2344,109,174,072170,50,,No seleccionado,,Consultar
2,Licenciatura 2026,202,20205005,CIRUJANO DENTISTA,FES ZARAGOZA,Escolarizado,https://www.dgae.unam.mx/Licenciatura2026/resultados/2/20205005.html,125,2648,2344,109,174,072180,59,,No seleccionado,,Consultar
2,Licenciatura 2026,202,20205005,CIRUJANO DENTISTA,FES ZARAGOZA,Escolarizado,https://www.dgae.unam.mx/Licenciatura2026/resultados/2/20205005.html,125,2648,2344,109,174,072196,,N,No presentado,,Consultar
2,Licenciatura 2026,202,20205005,CIRUJANO DENTISTA,FES ZARAGOZA,Escolarizado,https://www.dgae.unam.mx/Licenciatura2026/resultados/2/20205005.html,125,2648,2344,109,174,072209,31,,No seleccionado,,Consultar
2,Licenciatura 2026,202,20205005,CIRUJANO DENTISTA,FES ZARAGOZA,Escolarizado,https://www.dgae.unam.mx/Licenciatura2026/resultados/2/20205005.html,125,2648,2344,109,174,072210,,N,No presentado,,Consultar
2,Licenciatura 2026,202,20205005,CIRUJANO DENTISTA,FES ZARAGOZA,Escolarizado,https://www.dgae.unam.mx/Licenciatura2026/resultados/2/20205005.html,125,2648,2344,109,174,072252,40,,No seleccionado,,Consultar
2,Licenciatura 2026,202,20205005,CIRUJANO DENTISTA,FES ZARAGOZA,Escolarizado,https://www.dgae.unam.mx/Licenciatura2026/resultados/2/20205005.html,125,2648,2344,109,174,072279,43,,No seleccionado,,Consultar
2,Licenciatura 2026,202,20205005,CIRUJANO DENTISTA,FES ZARAGOZA,Escolarizado,https://www.dgae.unam.mx/Licenciatura2026/resultados/2/20205005.html,125,2648,2344,109,174,072296,35,,No seleccionado,,Consultar
2,Licenciatura 2026,202,20205005,CIRUJANO DENTISTA,FES ZARAGOZA,Escolarizado,https://www.dgae.unam.mx/Licenciatura2026/resultados/2/20205005.html,125,2648,2344,109,174,072322,75,,No seleccionado,,Consultar
2,Licenciatura 2026,202,20205005,CIRUJANO DENTISTA,FES ZARAGOZA,Escolarizado,https://www.dgae.unam.mx/Licenciatura2026/resultados/2/20205005.html,125,2648,2344,109,174,072343,69,,No seleccionado,,Consultar
2,Licenciatura 2026,202,20205005,CIRUJANO DENTISTA,FES ZARAGOZA,Escolarizado,https://www.dgae.unam.mx/Licenciatura2026/resultados/2/20205005.html,125,2648,2344,109,174,072344,36,,No seleccionado,,Consultar
2,Licenciatura 2026,202,20205005,CIRUJANO DENTISTA,FES ZARAGOZA,Escolarizado,https://www.dgae.unam.mx/Licenciatura2026/resultados/2/20205005.html,125,2648,2344,109,174,072358,55,,No seleccionado,,Consultar
2,Licenciatura 2026,202,20205005,CIRUJANO DENTISTA,FES ZARAGOZA,Escolarizado,https://www.dgae.unam.mx/Licenciatura2026/resultados/2/20205005.html,125,2648,2344,109,174,072577,73,,No seleccionado,,Consultar
2,Licenciatura 2026,202,20205005,CIRUJANO DENTISTA,FES ZARAGOZA,Escolarizado,https://www.dgae.unam.mx/Licenciatura2026/resultados/2/20205005.html,125,2648,2344,109,174,072585,27,,No seleccionado,,Consultar
2,Licenciatura 2026,202,20205005,CIRUJANO DENTISTA,FES ZARAGOZA,Escolarizado,https://www.dgae.unam.mx/Licenciatura2026/resultados/2/20205005.html,125,2648,2344,109,174,072603,97,,No seleccionado,,Consultar
2,Licenciatura 2026,202,20205005,CIRUJANO DENTISTA,FES ZARAGOZA,Escolarizado,https://www.dgae.unam.mx/Licenciatura2026/resultados/2/20205005.html,125,2648,2344,109,174,072646,74,,No seleccionado,,Consultar
2,Licenciatura 2026,202,20205005,CIRUJANO DENTISTA,FES ZARAGOZA,Escolarizado,https://www.dgae.unam.mx/Licenciatura2026/resultados/2/20205005.html,125,2648,2344,109,174,072648,59,,No seleccionado,,Consultar
2,Licenciatura 2026,202,20205005,CIRUJANO DENTISTA,FES ZARAGOZA,Escolarizado,https://www.dgae.unam.mx/Licenciatura2026/resultados/2/20205005.html,125,2648,2344,109,174,072676,87,,No seleccionado,,Consultar
2,Licenciatura 2026,202,20205005,CIRUJANO DENTISTA,FES ZARAGOZA,Escolarizado,https://www.dgae.unam.mx/Licenciatura2026/resultados/2/20205005.html,125,2648,2344,109,174,072733,99,,No seleccionado,,Consultar
2,Licenciatura 2026,202,20205005,CIRUJANO DENTISTA,FES ZARAGOZA,Escolarizado,https://www.dgae.unam.mx/Licenciatura2026/resultados/2/20205005.html,125,2648,2344,109,174,072760,72,,No seleccionado,,Consultar
2,Licenciatura 2026,202,20205005,CIRUJANO DENTISTA,FES ZARAGOZA,Escolarizado,https://www.dgae.unam.mx/Licenciatura2026/resultados/2/20205005.html,125,2648,2344,109,174,072771,,N,No presentado,,Consultar
2,Licenciatura 2026,202,20205005,CIRUJANO DENTISTA,FES ZARAGOZA,Escolarizado,https://www.dgae.unam.mx/Licenciatura2026/resultados/2/20205005.html,125,2648,2344,109,174,072815,96,,No seleccionado,,Consultar
2,Licenciatura 2026,202,20205005,CIRUJANO DENTISTA,FES ZARAGOZA,Escolarizado,https://www.dgae.unam.mx/Licenciatura2026/resultados/2/20205005.html,125,2648,2344,109,174,072857,64,,No seleccionado,,Consultar
2,Licenciatura 2026,202,20205005,CIRUJANO DENTISTA,FES ZARAGOZA,Escolarizado,https://www.dgae.unam.mx/Licenciatura2026/resultados/2/20205005.html,125,2648,2344,109,174,072872,100,,No seleccionado,,Consultar
2,Licenciatura 2026,202,20205005,CIRUJANO DENTISTA,FES ZARAGOZA,Escolarizado,https://www.dgae.unam.mx/Licenciatura2026/resultados/2/20205005.html,125,2648,2344,109,174,072894,84,,No seleccionado,,Consultar
2,Licenciatura 2026,202,20205005,CIRUJANO DENTISTA,FES ZARAGOZA,Escolarizado,https://www.dgae.unam.mx/Licenciatura2026/resultados/2/20205005.html,125,2648,2344,109,174,072901,89,,No seleccionado,,Consultar
2,Licenciatura 2026,202,20205005,CIRUJANO DENTISTA,FES ZARAGOZA,Escolarizado,https://www.dgae.unam.mx/Licenciatura2026/resultados/2/20205005.html,125,2648,2344,109,174,072945,27,,No seleccionado,,Consultar
2,Licenciatura 2026,202,20205005,CIRUJANO DENTISTA,FES ZARAGOZA,Escolarizado,https://www.dgae.unam.mx/Licenciatura2026/resultados/2/20205005.html,125,2648,2344,109,174,072948,109,S,Seleccionado,Cita para entregar documentación.,Consultar
2,Licenciatura 2026,202,20205005,CIRUJANO DENTISTA,FES ZARAGOZA,Escolarizado,https://www.dgae.unam.mx/Licenciatura2026/resultados/2/20205005.html,125,2648,2344,109,174,072985,103,,No seleccionado,,Consultar
2,Licenciatura 2026,202,20205005,CIRUJANO DENTISTA,FES ZARAGOZA,Escolarizado,https://www.dgae.unam.mx/Licenciatura2026/resultados/2/20205005.html,125,2648,2344,109,174,073066,57,,No seleccionado,,Consultar
2,Licenciatura 2026,202,20205005,CIRUJANO DENTISTA,FES ZARAGOZA,Escolarizado,https://www.dgae.unam.mx/Licenciatura2026/resultados/2/20205005.html,125,2648,2344,109,174,073079,75,,No seleccionado,,Consultar
2,Licenciatura 2026,202,20205005,CIRUJANO DENTISTA,FES ZARAGOZA,Escolarizado,https://www.dgae.unam.mx/Licenciatura2026/resultados/2/20205005.html,125,2648,2344,109,174,073109,41,,No seleccionado,,Consultar
2,Licenciatura 2026,202,20205005,CIRUJANO DENTISTA,FES ZARAGOZA,Escolarizado,https://www.dgae.unam.mx/Licenciatura2026/resultados/2/20205005.html,125,2648,2344,109,174,073132,41,,No seleccionado,,Consultar
2,Licenciatura 2026,202,20205005,CIRUJANO DENTISTA,FES ZARAGOZA,Escolarizado,https://www.dgae.unam.mx/Licenciatura2026/resultados/2/20205005.html,125,2648,2344,109,174,073138,,N,No presentado,,Consultar
2,Licenciatura 2026,202,20205005,CIRUJANO DENTISTA,FES ZARAGOZA,Escolarizado,https://www.dgae.unam.mx/Licenciatura2026/resultados/2/20205005.html,125,2648,2344,109,174,073143,101,,No seleccionado,,Consultar
2,Licenciatura 2026,202,20205005,CIRUJANO DENTISTA,FES ZARAGOZA,Escolarizado,https://www.dgae.unam.mx/Licenciatura2026/resultados/2/20205005.html,125,2648,2344,109,174,073161,84,,No seleccionado,,Consultar
2,Licenciatura 2026,202,20205005,CIRUJANO DENTISTA,FES ZARAGOZA,Escolarizado,https://www.dgae.unam.mx/Licenciatura2026/resultados/2/20205005.html,125,2648,2344,109,174,073233,83,,No seleccionado,,Consultar
2,Licenciatura 2026,202,20205005,CIRUJANO DENTISTA,FES ZARAGOZA,Escolarizado,https://www.dgae.unam.mx/Licenciatura2026/resultados/2/20205005.html,125,2648,2344,109,174,073260,61,,No seleccionado,,Consultar
2,Licenciatura 2026,202,20205005,CIRUJANO DENTISTA,FES ZARAGOZA,Escolarizado,https://www.dgae.unam.mx/Licenciatura2026/resultados/2/20205005.html,125,2648,2344,109,174,073302,,N,No presentado,,Consultar
2,Licenciatura 2026,202,20205005,CIRUJANO DENTISTA,FES ZARAGOZA,Escolarizado,https://www.dgae.unam.mx/Licenciatura2026/resultados/2/20205005.html,125,2648,2344,109,174,073314,29,,No seleccionado,,Consultar
2,Licenciatura 2026,202,20205005,CIRUJANO DENTISTA,FES ZARAGOZA,Escolarizado,https://www.dgae.unam.mx/Licenciatura2026/resultados/2/20205005.html,125,2648,2344,109,174,073322,107,,No seleccionado,,Consultar
2,Licenciatura 2026,202,20205005,CIRUJANO DENTISTA,FES ZARAGOZA,Escolarizado,https://www.dgae.unam.mx/Licenciatura2026/resultados/2/20205005.html,125,2648,2344,109,174,073421,71,,No seleccionado,,Consultar
2,Licenciatura 2026,202,20205005,CIRUJANO DENTISTA,FES ZARAGOZA,Escolarizado,https://www.dgae.unam.mx/Licenciatura2026/resultados/2/20205005.html,125,2648,2344,109,174,073434,89,,No seleccionado,,Consultar
2,Licenciatura 2026,202,20205005,CIRUJANO DENTISTA,FES ZARAGOZA,Escolarizado,https://www.dgae.unam.mx/Licenciatura2026/resultados/2/20205005.html,125,2648,2344,109,174,073438,51,,No seleccionado,,Consultar
2,Licenciatura 2026,202,20205005,CIRUJANO DENTISTA,FES ZARAGOZA,Escolarizado,https://www.dgae.unam.mx/Licenciatura2026/resultados/2/20205005.html,125,2648,2344,109,174,073455,108,,No seleccionado,,Consultar
2,Licenciatura 2026,202,20205005,CIRUJANO DENTISTA,FES ZARAGOZA,Escolarizado,https://www.dgae.unam.mx/Licenciatura2026/resultados/2/20205005.html,125,2648,2344,109,174,073469,,C,Cancelado,,Consultar
2,Licenciatura 2026,202,20205005,CIRUJANO DENTISTA,FES ZARAGOZA,Escolarizado,https://www.dgae.unam.mx/Licenciatura2026/resultados/2/20205005.html,125,2648,2344,109,174,073485,100,,No seleccionado,,Consultar
2,Licenciatura 2026,202,20205005,CIRUJANO DENTISTA,FES ZARAGOZA,Escolarizado,https://www.dgae.unam.mx/Licenciatura2026/resultados/2/20205005.html,125,2648,2344,109,174,073486,78,,No seleccionado,,Consultar
2,Licenciatura 2026,202,20205005,CIRUJANO DENTISTA,FES ZARAGOZA,Escolarizado,https://www.dgae.unam.mx/Licenciatura2026/resultados/2/20205005.html,125,2648,2344,109,174,073524,100,,No seleccionado,,Consultar
2,Licenciatura 2026,202,20205005,CIRUJANO DENTISTA,FES ZARAGOZA,Escolarizado,https://www.dgae.unam.mx/Licenciatura2026/resultados/2/20205005.html,125,2648,2344,109,174,073526,,N,No presentado,,Consultar
2,Licenciatura 2026,202,20205005,CIRUJANO DENTISTA,FES ZARAGOZA,Escolarizado,https://www.dgae.unam.mx/Licenciatura2026/resultados/2/20205005.html,125,2648,2344,109,174,073549,29,,No seleccionado,,Consultar
2,Licenciatura 2026,202,20205005,CIRUJANO DENTISTA,FES ZARAGOZA,Escolarizado,https://www.dgae.unam.mx/Licenciatura2026/resultados/2/20205005.html,125,2648,2344,109,174,073582,69,,No seleccionado,,Consultar
2,Licenciatura 2026,202,20205005,CIRUJANO DENTISTA,FES ZARAGOZA,Escolarizado,https://www.dgae.unam.mx/Licenciatura2026/resultados/2/20205005.html,125,2648,2344,109,174,073594,50,,No seleccionado,,Consultar
2,Licenciatura 2026,202,20205005,CIRUJANO DENTISTA,FES ZARAGOZA,Escolarizado,https://www.dgae.unam.mx/Licenciatura2026/resultados/2/20205005.html,125,2648,2344,109,174,073617,66,,No seleccionado,,Consultar
2,Licenciatura 2026,202,20205005,CIRUJANO DENTISTA,FES ZARAGOZA,Escolarizado,https://www.dgae.unam.mx/Licenciatura2026/resultados/2/20205005.html,125,2648,2344,109,174,073663,97,,No seleccionado,,Consultar
2,Licenciatura 2026,202,20205005,CIRUJANO DENTISTA,FES ZARAGOZA,Escolarizado,https://www.dgae.unam.mx/Licenciatura2026/resultados/2/20205005.html,125,2648,2344,109,174,073688,49,,No seleccionado,,Consultar
2,Licenciatura 2026,202,20205005,CIRUJANO DENTISTA,FES ZARAGOZA,Escolarizado,https://www.dgae.unam.mx/Licenciatura2026/resultados/2/20205005.html,125,2648,2344,109,174,073696,,N,No presentado,,Consultar
2,Licenciatura 2026,202,20205005,CIRUJANO DENTISTA,FES ZARAGOZA,Escolarizado,https://www.dgae.unam.mx/Licenciatura2026/resultados/2/20205005.html,125,2648,2344,109,174,073717,93,,No seleccionado,,Consultar
2,Licenciatura 2026,202,20205005,CIRUJANO DENTISTA,FES ZARAGOZA,Escolarizado,https://www.dgae.unam.mx/Licenciatura2026/resultados/2/20205005.html,125,2648,2344,109,174,073725,38,,No seleccionado,,Consultar
2,Licenciatura 2026,202,20205005,CIRUJANO DENTISTA,FES ZARAGOZA,Escolarizado,https://www.dgae.unam.mx/Licenciatura2026/resultados/2/20205005.html,125,2648,2344,109,174,073734,61,,No seleccionado,,Consultar
2,Licenciatura 2026,202,20205005,CIRUJANO DENTISTA,FES ZARAGOZA,Escolarizado,https://www.dgae.unam.mx/Licenciatura2026/resultados/2/20205005.html,125,2648,2344,109,174,073745,74,,No seleccionado,,Consultar
2,Licenciatura 2026,202,20205005,CIRUJANO DENTISTA,FES ZARAGOZA,Escolarizado,https://www.dgae.unam.mx/Licenciatura2026/resultados/2/20205005.html,125,2648,2344,109,174,073752,0,,No seleccionado,,Consultar
2,Licenciatura 2026,202,20205005,CIRUJANO DENTISTA,FES ZARAGOZA,Escolarizado,https://www.dgae.unam.mx/Licenciatura2026/resultados/2/20205005.html,125,2648,2344,109,174,073769,42,,No seleccionado,,Consultar
2,Licenciatura 2026,202,20205005,CIRUJANO DENTISTA,FES ZARAGOZA,Escolarizado,https://www.dgae.unam.mx/Licenciatura2026/resultados/2/20205005.html,125,2648,2344,109,174,073770,85,,No seleccionado,,Consultar
2,Licenciatura 2026,202,20205005,CIRUJANO DENTISTA,FES ZARAGOZA,Escolarizado,https://www.dgae.unam.mx/Licenciatura2026/resultados/2/20205005.html,125,2648,2344,109,174,073797,80,,No seleccionado,,Consultar
2,Licenciatura 2026,202,20205005,CIRUJANO DENTISTA,FES ZARAGOZA,Escolarizado,https://www.dgae.unam.mx/Licenciatura2026/resultados/2/20205005.html,125,2648,2344,109,174,073832,88,,No seleccionado,,Consultar
2,Licenciatura 2026,202,20205005,CIRUJANO DENTISTA,FES ZARAGOZA,Escolarizado,https://www.dgae.unam.mx/Licenciatura2026/resultados/2/20205005.html,125,2648,2344,109,174,073852,,N,No presentado,,Consultar
2,Licenciatura 2026,202,20205005,CIRUJANO DENTISTA,FES ZARAGOZA,Escolarizado,https://www.dgae.unam.mx/Licenciatura2026/resultados/2/20205005.html,125,2648,2344,109,174,073879,31,,No seleccionado,,Consultar
2,Licenciatura 2026,202,20205005,CIRUJANO DENTISTA,FES ZARAGOZA,Escolarizado,https://www.dgae.unam.mx/Licenciatura2026/resultados/2/20205005.html,125,2648,2344,109,174,073899,,N,No presentado,,Consultar
2,Licenciatura 2026,202,20205005,CIRUJANO DENTISTA,FES ZARAGOZA,Escolarizado,https://www.dgae.unam.mx/Licenciatura2026/resultados/2/20205005.html,125,2648,2344,109,174,073901,85,,No seleccionado,,Consultar
2,Licenciatura 2026,202,20205005,CIRUJANO DENTISTA,FES ZARAGOZA,Escolarizado,https://www.dgae.unam.mx/Licenciatura2026/resultados/2/20205005.html,125,2648,2344,109,174,073921,97,,No seleccionado,,Consultar
2,Licenciatura 2026,202,20205005,CIRUJANO DENTISTA,FES ZARAGOZA,Escolarizado,https://www.dgae.unam.mx/Licenciatura2026/resultados/2/20205005.html,125,2648,2344,109,174,073924,41,,No seleccionado,,Consultar
2,Licenciatura 2026,202,20205005,CIRUJANO DENTISTA,FES ZARAGOZA,Escolarizado,https://www.dgae.unam.mx/Licenciatura2026/resultados/2/20205005.html,125,2648,2344,109,174,073930,48,,No seleccionado,,Consultar
2,Licenciatura 2026,202,20205005,CIRUJANO DENTISTA,FES ZARAGOZA,Escolarizado,https://www.dgae.unam.mx/Licenciatura2026/resultados/2/20205005.html,125,2648,2344,109,174,073932,101,,No seleccionado,,Consultar
2,Licenciatura 2026,202,20205005,CIRUJANO DENTISTA,FES ZARAGOZA,Escolarizado,https://www.dgae.unam.mx/Licenciatura2026/resultados/2/20205005.html,125,2648,2344,109,174,073957,61,,No seleccionado,,Consultar
2,Licenciatura 2026,202,20205005,CIRUJANO DENTISTA,FES ZARAGOZA,Escolarizado,https://www.dgae.unam.mx/Licenciatura2026/resultados/2/20205005.html,125,2648,2344,109,174,073961,53,,No seleccionado,,Consultar
2,Licenciatura 2026,202,20205005,CIRUJANO DENTISTA,FES ZARAGOZA,Escolarizado,https://www.dgae.unam.mx/Licenciatura2026/resultados/2/20205005.html,125,2648,2344,109,174,073971,34,,No seleccionado,,Consultar
2,Licenciatura 2026,202,20205005,CIRUJANO DENTISTA,FES ZARAGOZA,Escolarizado,https://www.dgae.unam.mx/Licenciatura2026/resultados/2/20205005.html,125,2648,2344,109,174,073977,90,,No seleccionado,,Consultar
2,Licenciatura 2026,202,20205005,CIRUJANO DENTISTA,FES ZARAGOZA,Escolarizado,https://www.dgae.unam.mx/Licenciatura2026/resultados/2/20205005.html,125,2648,2344,109,174,073984,60,,No seleccionado,,Consultar
2,Licenciatura 2026,202,20205005,CIRUJANO DENTISTA,FES ZARAGOZA,Escolarizado,https://www.dgae.unam.mx/Licenciatura2026/resultados/2/20205005.html,125,2648,2344,109,174,074016,47,,No seleccionado,,Consultar
2,Licenciatura 2026,202,20205005,CIRUJANO DENTISTA,FES ZARAGOZA,Escolarizado,https://www.dgae.unam.mx/Licenciatura2026/resultados/2/20205005.html,125,2648,2344,109,174,074019,46,,No seleccionado,,Consultar
2,Licenciatura 2026,202,20205005,CIRUJANO DENTISTA,FES ZARAGOZA,Escolarizado,https://www.dgae.unam.mx/Licenciatura2026/resultados/2/20205005.html,125,2648,2344,109,174,074030,114,S,Seleccionado,Cita para entregar documentación.,Consultar
2,Licenciatura 2026,202,20205005,CIRUJANO DENTISTA,FES ZARAGOZA,Escolarizado,https://www.dgae.unam.mx/Licenciatura2026/resultados/2/20205005.html,125,2648,2344,109,174,074068,,N,No presentado,,Consultar
2,Licenciatura 2026,202,20205005,CIRUJANO DENTISTA,FES ZARAGOZA,Escolarizado,https://www.dgae.unam.mx/Licenciatura2026/resultados/2/20205005.html,125,2648,2344,109,174,074101,37,,No seleccionado,,Consultar
2,Licenciatura 2026,202,20205005,CIRUJANO DENTISTA,FES ZARAGOZA,Escolarizado,https://www.dgae.unam.mx/Licenciatura2026/resultados/2/20205005.html,125,2648,2344,109,174,074140,114,S,Seleccionado,Cita para entregar documentación.,Consultar
2,Licenciatura 2026,202,20205005,CIRUJANO DENTISTA,FES ZARAGOZA,Escolarizado,https://www.dgae.unam.mx/Licenciatura2026/resultados/2/20205005.html,125,2648,2344,109,174,074182,83,,No seleccionado,,Consultar
2,Licenciatura 2026,202,20205005,CIRUJANO DENTISTA,FES ZARAGOZA,Escolarizado,https://www.dgae.unam.mx/Licenciatura2026/resultados/2/20205005.html,125,2648,2344,109,174,074206,,N,No presentado,,Consultar
2,Licenciatura 2026,202,20205005,CIRUJANO DENTISTA,FES ZARAGOZA,Escolarizado,https://www.dgae.unam.mx/Licenciatura2026/resultados/2/20205005.html,125,2648,2344,109,174,074228,42,,No seleccionado,,Consultar
2,Licenciatura 2026,202,20205005,CIRUJANO DENTISTA,FES ZARAGOZA,Escolarizado,https://www.dgae.unam.mx/Licenciatura2026/resultados/2/20205005.html,125,2648,2344,109,174,074257,94,,No seleccionado,,Consultar
2,Licenciatura 2026,202,20205005,CIRUJANO DENTISTA,FES ZARAGOZA,Escolarizado,https://www.dgae.unam.mx/Licenciatura2026/resultados/2/20205005.html,125,2648,2344,109,174,074261,52,,No seleccionado,,Consultar
2,Licenciatura 2026,202,20205005,CIRUJANO DENTISTA,FES ZARAGOZA,Escolarizado,https://www.dgae.unam.mx/Licenciatura2026/resultados/2/20205005.html,125,2648,2344,109,174,074281,99,,No seleccionado,,Consultar
2,Licenciatura 2026,202,20205005,CIRUJANO DENTISTA,FES ZARAGOZA,Escolarizado,https://www.dgae.unam.mx/Licenciatura2026/resultados/2/20205005.html,125,2648,2344,109,174,074297,59,,No seleccionado,,Consultar
2,Licenciatura 2026,202,20205005,CIRUJANO DENTISTA,FES ZARAGOZA,Escolarizado,https://www.dgae.unam.mx/Licenciatura2026/resultados/2/20205005.html,125,2648,2344,109,174,074314,42,,No seleccionado,,Consultar
2,Licenciatura 2026,202,20205005,CIRUJANO DENTISTA,FES ZARAGOZA,Escolarizado,https://www.dgae.unam.mx/Licenciatura2026/resultados/2/20205005.html,125,2648,2344,109,174,074336,116,S,Seleccionado,Cita para entregar documentación.,Consultar
2,Licenciatura 2026,202,20205005,CIRUJANO DENTISTA,FES ZARAGOZA,Escolarizado,https://www.dgae.unam.mx/Licenciatura2026/resultados/2/20205005.html,125,2648,2344,109,174,074362,91,,No seleccionado,,Consultar
2,Licenciatura 2026,202,20205005,CIRUJANO DENTISTA,FES ZARAGOZA,Escolarizado,https://www.dgae.unam.mx/Licenciatura2026/resultados/2/20205005.html,125,2648,2344,109,174,074406,35,,No seleccionado,,Consultar
2,Licenciatura 2026,202,20205005,CIRUJANO DENTISTA,FES ZARAGOZA,Escolarizado,https://www.dgae.unam.mx/Licenciatura2026/resultados/2/20205005.html,125,2648,2344,109,174,074453,101,,No seleccionado,,Consultar
2,Licenciatura 2026,202,20205005,CIRUJANO DENTISTA,FES ZARAGOZA,Escolarizado,https://www.dgae.unam.mx/Licenciatura2026/resultados/2/20205005.html,125,2648,2344,109,174,074498,23,,No seleccionado,,Consultar
2,Licenciatura 2026,202,20205005,CIRUJANO DENTISTA,FES ZARAGOZA,Escolarizado,https://www.dgae.unam.mx/Licenciatura2026/resultados/2/20205005.html,125,2648,2344,109,174,074504,78,,No seleccionado,,Consultar
2,Licenciatura 2026,202,20205005,CIRUJANO DENTISTA,FES ZARAGOZA,Escolarizado,https://www.dgae.unam.mx/Licenciatura2026/resultados/2/20205005.html,125,2648,2344,109,174,074514,89,,No seleccionado,,Consultar
2,Licenciatura 2026,202,20205005,CIRUJANO DENTISTA,FES ZARAGOZA,Escolarizado,https://www.dgae.unam.mx/Licenciatura2026/resultados/2/20205005.html,125,2648,2344,109,174,074518,25,,No seleccionado,,Consultar
2,Licenciatura 2026,202,20205005,CIRUJANO DENTISTA,FES ZARAGOZA,Escolarizado,https://www.dgae.unam.mx/Licenciatura2026/resultados/2/20205005.html,125,2648,2344,109,174,074538,30,,No seleccionado,,Consultar
2,Licenciatura 2026,202,20205005,CIRUJANO DENTISTA,FES ZARAGOZA,Escolarizado,https://www.dgae.unam.mx/Licenciatura2026/resultados/2/20205005.html,125,2648,2344,109,174,074543,70,,No seleccionado,,Consultar
2,Licenciatura 2026,202,20205005,CIRUJANO DENTISTA,FES ZARAGOZA,Escolarizado,https://www.dgae.unam.mx/Licenciatura2026/resultados/2/20205005.html,125,2648,2344,109,174,074570,44,,No seleccionado,,Consultar
2,Licenciatura 2026,202,20205005,CIRUJANO DENTISTA,FES ZARAGOZA,Escolarizado,https://www.dgae.unam.mx/Licenciatura2026/resultados/2/20205005.html,125,2648,2344,109,174,074587,,N,No presentado,,Consultar
2,Licenciatura 2026,202,20205005,CIRUJANO DENTISTA,FES ZARAGOZA,Escolarizado,https://www.dgae.unam.mx/Licenciatura2026/resultados/2/20205005.html,125,2648,2344,109,174,074589,31,,No seleccionado,,Consultar
2,Licenciatura 2026,202,20205005,CIRUJANO DENTISTA,FES ZARAGOZA,Escolarizado,https://www.dgae.unam.mx/Licenciatura2026/resultados/2/20205005.html,125,2648,2344,109,174,074630,54,,No seleccionado,,Consultar
2,Licenciatura 2026,202,20205005,CIRUJANO DENTISTA,FES ZARAGOZA,Escolarizado,https://www.dgae.unam.mx/Licenciatura2026/resultados/2/20205005.html,125,2648,2344,109,174,074664,30,,No seleccionado,,Consultar
2,Licenciatura 2026,202,20205005,CIRUJANO DENTISTA,FES ZARAGOZA,Escolarizado,https://www.dgae.unam.mx/Licenciatura2026/resultados/2/20205005.html,125,2648,2344,109,174,074682,59,,No seleccionado,,Consultar
2,Licenciatura 2026,202,20205005,CIRUJANO DENTISTA,FES ZARAGOZA,Escolarizado,https://www.dgae.unam.mx/Licenciatura2026/resultados/2/20205005.html,125,2648,2344,109,174,074731,103,,No seleccionado,,Consultar
2,Licenciatura 2026,202,20205005,CIRUJANO DENTISTA,FES ZARAGOZA,Escolarizado,https://www.dgae.unam.mx/Licenciatura2026/resultados/2/20205005.html,125,2648,2344,109,174,074738,92,,No seleccionado,,Consultar
2,Licenciatura 2026,202,20205005,CIRUJANO DENTISTA,FES ZARAGOZA,Escolarizado,https://www.dgae.unam.mx/Licenciatura2026/resultados/2/20205005.html,125,2648,2344,109,174,074849,32,,No seleccionado,,Consultar
2,Licenciatura 2026,202,20205005,CIRUJANO DENTISTA,FES ZARAGOZA,Escolarizado,https://www.dgae.unam.mx/Licenciatura2026/resultados/2/20205005.html,125,2648,2344,109,174,074865,105,,No seleccionado,,Consultar
2,Licenciatura 2026,202,20205005,CIRUJANO DENTISTA,FES ZARAGOZA,Escolarizado,https://www.dgae.unam.mx/Licenciatura2026/resultados/2/20205005.html,125,2648,2344,109,174,074868,,N,No presentado,,Consultar
2,Licenciatura 2026,202,20205005,CIRUJANO DENTISTA,FES ZARAGOZA,Escolarizado,https://www.dgae.unam.mx/Licenciatura2026/resultados/2/20205005.html,125,2648,2344,109,174,074884,86,,No seleccionado,,Consultar
2,Licenciatura 2026,202,20205005,CIRUJANO DENTISTA,FES ZARAGOZA,Escolarizado,https://www.dgae.unam.mx/Licenciatura2026/resultados/2/20205005.html,125,2648,2344,109,174,074888,36,,No seleccionado,,Consultar
2,Licenciatura 2026,202,20205005,CIRUJANO DENTISTA,FES ZARAGOZA,Escolarizado,https://www.dgae.unam.mx/Licenciatura2026/resultados/2/20205005.html,125,2648,2344,109,174,074921,50,,No seleccionado,,Consultar
2,Licenciatura 2026,202,20205005,CIRUJANO DENTISTA,FES ZARAGOZA,Escolarizado,https://www.dgae.unam.mx/Licenciatura2026/resultados/2/20205005.html,125,2648,2344,109,174,074933,74,,No seleccionado,,Consultar
2,Licenciatura 2026,202,20205005,CIRUJANO DENTISTA,FES ZARAGOZA,Escolarizado,https://www.dgae.unam.mx/Licenciatura2026/resultados/2/20205005.html,125,2648,2344,109,174,074948,53,,No seleccionado,,Consultar
2,Licenciatura 2026,202,20205005,CIRUJANO DENTISTA,FES ZARAGOZA,Escolarizado,https://www.dgae.unam.mx/Licenciatura2026/resultados/2/20205005.html,125,2648,2344,109,174,075014,60,,No seleccionado,,Consultar
2,Licenciatura 2026,202,20205005,CIRUJANO DENTISTA,FES ZARAGOZA,Escolarizado,https://www.dgae.unam.mx/Licenciatura2026/resultados/2/20205005.html,125,2648,2344,109,174,075038,18,,No seleccionado,,Consultar
2,Licenciatura 2026,202,20205005,CIRUJANO DENTISTA,FES ZARAGOZA,Escolarizado,https://www.dgae.unam.mx/Licenciatura2026/resultados/2/20205005.html,125,2648,2344,109,174,075040,32,,No seleccionado,,Consultar
2,Licenciatura 2026,202,20205005,CIRUJANO DENTISTA,FES ZARAGOZA,Escolarizado,https://www.dgae.unam.mx/Licenciatura2026/resultados/2/20205005.html,125,2648,2344,109,174,075050,52,,No seleccionado,,Consultar
2,Licenciatura 2026,202,20205005,CIRUJANO DENTISTA,FES ZARAGOZA,Escolarizado,https://www.dgae.unam.mx/Licenciatura2026/resultados/2/20205005.html,125,2648,2344,109,174,075052,59,,No seleccionado,,Consultar
2,Licenciatura 2026,202,20205005,CIRUJANO DENTISTA,FES ZARAGOZA,Escolarizado,https://www.dgae.unam.mx/Licenciatura2026/resultados/2/20205005.html,125,2648,2344,109,174,075071,111,S,Seleccionado,Cita para entregar documentación.,Consultar
2,Licenciatura 2026,202,20205005,CIRUJANO DENTISTA,FES ZARAGOZA,Escolarizado,https://www.dgae.unam.mx/Licenciatura2026/resultados/2/20205005.html,125,2648,2344,109,174,075106,81,,No seleccionado,,Consultar
2,Licenciatura 2026,202,20205005,CIRUJANO DENTISTA,FES ZARAGOZA,Escolarizado,https://www.dgae.unam.mx/Licenciatura2026/resultados/2/20205005.html,125,2648,2344,109,174,075109,60,,No seleccionado,,Consultar
2,Licenciatura 2026,202,20205005,CIRUJANO DENTISTA,FES ZARAGOZA,Escolarizado,https://www.dgae.unam.mx/Licenciatura2026/resultados/2/20205005.html,125,2648,2344,109,174,075151,,N,No presentado,,Consultar
2,Licenciatura 2026,202,20205005,CIRUJANO DENTISTA,FES ZARAGOZA,Escolarizado,https://www.dgae.unam.mx/Licenciatura2026/resultados/2/20205005.html,125,2648,2344,109,174,075174,47,,No seleccionado,,Consultar
2,Licenciatura 2026,202,20205005,CIRUJANO DENTISTA,FES ZARAGOZA,Escolarizado,https://www.dgae.unam.mx/Licenciatura2026/resultados/2/20205005.html,125,2648,2344,109,174,075184,41,,No seleccionado,,Consultar
2,Licenciatura 2026,202,20205005,CIRUJANO DENTISTA,FES ZARAGOZA,Escolarizado,https://www.dgae.unam.mx/Licenciatura2026/resultados/2/20205005.html,125,2648,2344,109,174,075218,103,,No seleccionado,,Consultar
2,Licenciatura 2026,202,20205005,CIRUJANO DENTISTA,FES ZARAGOZA,Escolarizado,https://www.dgae.unam.mx/Licenciatura2026/resultados/2/20205005.html,125,2648,2344,109,174,075279,47,,No seleccionado,,Consultar
2,Licenciatura 2026,202,20205005,CIRUJANO DENTISTA,FES ZARAGOZA,Escolarizado,https://www.dgae.unam.mx/Licenciatura2026/resultados/2/20205005.html,125,2648,2344,109,174,075301,51,,No seleccionado,,Consultar
2,Licenciatura 2026,202,20205005,CIRUJANO DENTISTA,FES ZARAGOZA,Escolarizado,https://www.dgae.unam.mx/Licenciatura2026/resultados/2/20205005.html,125,2648,2344,109,174,075304,25,,No seleccionado,,Consultar
2,Licenciatura 2026,202,20205005,CIRUJANO DENTISTA,FES ZARAGOZA,Escolarizado,https://www.dgae.unam.mx/Licenciatura2026/resultados/2/20205005.html,125,2648,2344,109,174,075310,90,,No seleccionado,,Consultar
2,Licenciatura 2026,202,20205005,CIRUJANO DENTISTA,FES ZARAGOZA,Escolarizado,https://www.dgae.unam.mx/Licenciatura2026/resultados/2/20205005.html,125,2648,2344,109,174,075369,53,,No seleccionado,,Consultar
2,Licenciatura 2026,202,20205005,CIRUJANO DENTISTA,FES ZARAGOZA,Escolarizado,https://www.dgae.unam.mx/Licenciatura2026/resultados/2/20205005.html,125,2648,2344,109,174,075412,86,,No seleccionado,,Consultar
2,Licenciatura 2026,202,20205005,CIRUJANO DENTISTA,FES ZARAGOZA,Escolarizado,https://www.dgae.unam.mx/Licenciatura2026/resultados/2/20205005.html,125,2648,2344,109,174,075421,99,,No seleccionado,,Consultar
2,Licenciatura 2026,202,20205005,CIRUJANO DENTISTA,FES ZARAGOZA,Escolarizado,https://www.dgae.unam.mx/Licenciatura2026/resultados/2/20205005.html,125,2648,2344,109,174,075434,72,,No seleccionado,,Consultar
2,Licenciatura 2026,202,20205005,CIRUJANO DENTISTA,FES ZARAGOZA,Escolarizado,https://www.dgae.unam.mx/Licenciatura2026/resultados/2/20205005.html,125,2648,2344,109,174,075437,59,,No seleccionado,,Consultar
2,Licenciatura 2026,202,20205005,CIRUJANO DENTISTA,FES ZARAGOZA,Escolarizado,https://www.dgae.unam.mx/Licenciatura2026/resultados/2/20205005.html,125,2648,2344,109,174,075448,89,,No seleccionado,,Consultar
2,Licenciatura 2026,202,20205005,CIRUJANO DENTISTA,FES ZARAGOZA,Escolarizado,https://www.dgae.unam.mx/Licenciatura2026/resultados/2/20205005.html,125,2648,2344,109,174,075463,36,,No seleccionado,,Consultar
2,Licenciatura 2026,202,20205005,CIRUJANO DENTISTA,FES ZARAGOZA,Escolarizado,https://www.dgae.unam.mx/Licenciatura2026/resultados/2/20205005.html,125,2648,2344,109,174,075482,61,,No seleccionado,,Consultar
2,Licenciatura 2026,202,20205005,CIRUJANO DENTISTA,FES ZARAGOZA,Escolarizado,https://www.dgae.unam.mx/Licenciatura2026/resultados/2/20205005.html,125,2648,2344,109,174,075530,,N,No presentado,,Consultar
2,Licenciatura 2026,202,20205005,CIRUJANO DENTISTA,FES ZARAGOZA,Escolarizado,https://www.dgae.unam.mx/Licenciatura2026/resultados/2/20205005.html,125,2648,2344,109,174,075557,44,,No seleccionado,,Consultar
2,Licenciatura 2026,202,20205005,CIRUJANO DENTISTA,FES ZARAGOZA,Escolarizado,https://www.dgae.unam.mx/Licenciatura2026/resultados/2/20205005.html,125,2648,2344,109,174,075559,38,,No seleccionado,,Consultar
2,Licenciatura 2026,202,20205005,CIRUJANO DENTISTA,FES ZARAGOZA,Escolarizado,https://www.dgae.unam.mx/Licenciatura2026/resultados/2/20205005.html,125,2648,2344,109,174,075578,,N,No presentado,,Consultar
2,Licenciatura 2026,202,20205005,CIRUJANO DENTISTA,FES ZARAGOZA,Escolarizado,https://www.dgae.unam.mx/Licenciatura2026/resultados/2/20205005.html,125,2648,2344,109,174,075618,39,,No seleccionado,,Consultar
2,Licenciatura 2026,202,20205005,CIRUJANO DENTISTA,FES ZARAGOZA,Escolarizado,https://www.dgae.unam.mx/Licenciatura2026/resultados/2/20205005.html,125,2648,2344,109,174,075645,105,,No seleccionado,,Consultar
2,Licenciatura 2026,202,20205005,CIRUJANO DENTISTA,FES ZARAGOZA,Escolarizado,https://www.dgae.unam.mx/Licenciatura2026/resultados/2/20205005.html,125,2648,2344,109,174,075681,43,,No seleccionado,,Consultar
2,Licenciatura 2026,202,20205005,CIRUJANO DENTISTA,FES ZARAGOZA,Escolarizado,https://www.dgae.unam.mx/Licenciatura2026/resultados/2/20205005.html,125,2648,2344,109,174,075721,49,,No seleccionado,,Consultar
2,Licenciatura 2026,202,20205005,CIRUJANO DENTISTA,FES ZARAGOZA,Escolarizado,https://www.dgae.unam.mx/Licenciatura2026/resultados/2/20205005.html,125,2648,2344,109,174,075728,,N,No presentado,,Consultar
2,Licenciatura 2026,202,20205005,CIRUJANO DENTISTA,FES ZARAGOZA,Escolarizado,https://www.dgae.unam.mx/Licenciatura2026/resultados/2/20205005.html,125,2648,2344,109,174,075773,90,,No seleccionado,,Consultar
2,Licenciatura 2026,202,20205005,CIRUJANO DENTISTA,FES ZARAGOZA,Escolarizado,https://www.dgae.unam.mx/Licenciatura2026/resultados/2/20205005.html,125,2648,2344,109,174,075779,77,,No seleccionado,,Consultar
2,Licenciatura 2026,202,20205005,CIRUJANO DENTISTA,FES ZARAGOZA,Escolarizado,https://www.dgae.unam.mx/Licenciatura2026/resultados/2/20205005.html,125,2648,2344,109,174,075784,30,,No seleccionado,,Consultar
2,Licenciatura 2026,202,20205005,CIRUJANO DENTISTA,FES ZARAGOZA,Escolarizado,https://www.dgae.unam.mx/Licenciatura2026/resultados/2/20205005.html,125,2648,2344,109,174,075791,59,,No seleccionado,,Consultar
2,Licenciatura 2026,202,20205005,CIRUJANO DENTISTA,FES ZARAGOZA,Escolarizado,https://www.dgae.unam.mx/Licenciatura2026/resultados/2/20205005.html,125,2648,2344,109,174,075798,39,,No seleccionado,,Consultar
2,Licenciatura 2026,202,20205005,CIRUJANO DENTISTA,FES ZARAGOZA,Escolarizado,https://www.dgae.unam.mx/Licenciatura2026/resultados/2/20205005.html,125,2648,2344,109,174,075803,63,,No seleccionado,,Consultar
2,Licenciatura 2026,202,20205005,CIRUJANO DENTISTA,FES ZARAGOZA,Escolarizado,https://www.dgae.unam.mx/Licenciatura2026/resultados/2/20205005.html,125,2648,2344,109,174,075819,96,,No seleccionado,,Consultar
2,Licenciatura 2026,202,20205005,CIRUJANO DENTISTA,FES ZARAGOZA,Escolarizado,https://www.dgae.unam.mx/Licenciatura2026/resultados/2/20205005.html,125,2648,2344,109,174,075832,,N,No presentado,,Consultar
2,Licenciatura 2026,202,20205005,CIRUJANO DENTISTA,FES ZARAGOZA,Escolarizado,https://www.dgae.unam.mx/Licenciatura2026/resultados/2/20205005.html,125,2648,2344,109,174,075847,60,,No seleccionado,,Consultar
2,Licenciatura 2026,202,20205005,CIRUJANO DENTISTA,FES ZARAGOZA,Escolarizado,https://www.dgae.unam.mx/Licenciatura2026/resultados/2/20205005.html,125,2648,2344,109,174,075850,52,,No seleccionado,,Consultar
2,Licenciatura 2026,202,20205005,CIRUJANO DENTISTA,FES ZARAGOZA,Escolarizado,https://www.dgae.unam.mx/Licenciatura2026/resultados/2/20205005.html,125,2648,2344,109,174,075936,,N,No presentado,,Consultar
2,Licenciatura 2026,202,20205005,CIRUJANO DENTISTA,FES ZARAGOZA,Escolarizado,https://www.dgae.unam.mx/Licenciatura2026/resultados/2/20205005.html,125,2648,2344,109,174,075979,,N,No presentado,,Consultar
2,Licenciatura 2026,202,20205005,CIRUJANO DENTISTA,FES ZARAGOZA,Escolarizado,https://www.dgae.unam.mx/Licenciatura2026/resultados/2/20205005.html,125,2648,2344,109,174,075986,,N,No presentado,,Consultar
2,Licenciatura 2026,202,20205005,CIRUJANO DENTISTA,FES ZARAGOZA,Escolarizado,https://www.dgae.unam.mx/Licenciatura2026/resultados/2/20205005.html,125,2648,2344,109,174,075988,55,,No seleccionado,,Consultar
2,Licenciatura 2026,202,20205005,CIRUJANO DENTISTA,FES ZARAGOZA,Escolarizado,https://www.dgae.unam.mx/Licenciatura2026/resultados/2/20205005.html,125,2648,2344,109,174,076041,93,,No seleccionado,,Consultar
2,Licenciatura 2026,202,20205005,CIRUJANO DENTISTA,FES ZARAGOZA,Escolarizado,https://www.dgae.unam.mx/Licenciatura2026/resultados/2/20205005.html,125,2648,2344,109,174,076096,49,,No seleccionado,,Consultar
2,Licenciatura 2026,202,20205005,CIRUJANO DENTISTA,FES ZARAGOZA,Escolarizado,https://www.dgae.unam.mx/Licenciatura2026/resultados/2/20205005.html,125,2648,2344,109,174,076100,66,,No seleccionado,,Consultar
2,Licenciatura 2026,202,20205005,CIRUJANO DENTISTA,FES ZARAGOZA,Escolarizado,https://www.dgae.unam.mx/Licenciatura2026/resultados/2/20205005.html,125,2648,2344,109,174,076109,110,S,Seleccionado,Cita para entregar documentación.,Consultar
2,Licenciatura 2026,202,20205005,CIRUJANO DENTISTA,FES ZARAGOZA,Escolarizado,https://www.dgae.unam.mx/Licenciatura2026/resultados/2/20205005.html,125,2648,2344,109,174,076149,50,,No seleccionado,,Consultar
2,Licenciatura 2026,202,20205005,CIRUJANO DENTISTA,FES ZARAGOZA,Escolarizado,https://www.dgae.unam.mx/Licenciatura2026/resultados/2/20205005.html,125,2648,2344,109,174,076225,37,,No seleccionado,,Consultar
2,Licenciatura 2026,202,20205005,CIRUJANO DENTISTA,FES ZARAGOZA,Escolarizado,https://www.dgae.unam.mx/Licenciatura2026/resultados/2/20205005.html,125,2648,2344,109,174,076227,,N,No presentado,,Consultar
2,Licenciatura 2026,202,20205005,CIRUJANO DENTISTA,FES ZARAGOZA,Escolarizado,https://www.dgae.unam.mx/Licenciatura2026/resultados/2/20205005.html,125,2648,2344,109,174,076235,,N,No presentado,,Consultar
2,Licenciatura 2026,202,20205005,CIRUJANO DENTISTA,FES ZARAGOZA,Escolarizado,https://www.dgae.unam.mx/Licenciatura2026/resultados/2/20205005.html,125,2648,2344,109,174,076265,,N,No presentado,,Consultar
2,Licenciatura 2026,202,20205005,CIRUJANO DENTISTA,FES ZARAGOZA,Escolarizado,https://www.dgae.unam.mx/Licenciatura2026/resultados/2/20205005.html,125,2648,2344,109,174,076306,45,,No seleccionado,,Consultar
2,Licenciatura 2026,202,20205005,CIRUJANO DENTISTA,FES ZARAGOZA,Escolarizado,https://www.dgae.unam.mx/Licenciatura2026/resultados/2/20205005.html,125,2648,2344,109,174,076319,44,,No seleccionado,,Consultar
2,Licenciatura 2026,202,20205005,CIRUJANO DENTISTA,FES ZARAGOZA,Escolarizado,https://www.dgae.unam.mx/Licenciatura2026/resultados/2/20205005.html,125,2648,2344,109,174,076418,105,,No seleccionado,,Consultar
2,Licenciatura 2026,202,20205005,CIRUJANO DENTISTA,FES ZARAGOZA,Escolarizado,https://www.dgae.unam.mx/Licenciatura2026/resultados/2/20205005.html,125,2648,2344,109,174,076427,85,,No seleccionado,,Consultar
2,Licenciatura 2026,202,20205005,CIRUJANO DENTISTA,FES ZARAGOZA,Escolarizado,https://www.dgae.unam.mx/Licenciatura2026/resultados/2/20205005.html,125,2648,2344,109,174,076439,62,,No seleccionado,,Consultar
2,Licenciatura 2026,202,20205005,CIRUJANO DENTISTA,FES ZARAGOZA,Escolarizado,https://www.dgae.unam.mx/Licenciatura2026/resultados/2/20205005.html,125,2648,2344,109,174,076452,33,,No seleccionado,,Consultar
2,Licenciatura 2026,202,20205005,CIRUJANO DENTISTA,FES ZARAGOZA,Escolarizado,https://www.dgae.unam.mx/Licenciatura2026/resultados/2/20205005.html,125,2648,2344,109,174,076463,53,,No seleccionado,,Consultar
2,Licenciatura 2026,202,20205005,CIRUJANO DENTISTA,FES ZARAGOZA,Escolarizado,https://www.dgae.unam.mx/Licenciatura2026/resultados/2/20205005.html,125,2648,2344,109,174,076527,80,,No seleccionado,,Consultar
2,Licenciatura 2026,202,20205005,CIRUJANO DENTISTA,FES ZARAGOZA,Escolarizado,https://www.dgae.unam.mx/Licenciatura2026/resultados/2/20205005.html,125,2648,2344,109,174,076540,100,,No seleccionado,,Consultar
2,Licenciatura 2026,202,20205005,CIRUJANO DENTISTA,FES ZARAGOZA,Escolarizado,https://www.dgae.unam.mx/Licenciatura2026/resultados/2/20205005.html,125,2648,2344,109,174,076559,0,,No seleccionado,,Consultar
2,Licenciatura 2026,202,20205005,CIRUJANO DENTISTA,FES ZARAGOZA,Escolarizado,https://www.dgae.unam.mx/Licenciatura2026/resultados/2/20205005.html,125,2648,2344,109,174,076562,,C,Cancelado,,Consultar
2,Licenciatura 2026,202,20205005,CIRUJANO DENTISTA,FES ZARAGOZA,Escolarizado,https://www.dgae.unam.mx/Licenciatura2026/resultados/2/20205005.html,125,2648,2344,109,174,076625,37,,No seleccionado,,Consultar
2,Licenciatura 2026,202,20205005,CIRUJANO DENTISTA,FES ZARAGOZA,Escolarizado,https://www.dgae.unam.mx/Licenciatura2026/resultados/2/20205005.html,125,2648,2344,109,174,076805,66,,No seleccionado,,Consultar
2,Licenciatura 2026,202,20205005,CIRUJANO DENTISTA,FES ZARAGOZA,Escolarizado,https://www.dgae.unam.mx/Licenciatura2026/resultados/2/20205005.html,125,2648,2344,109,174,076811,35,,No seleccionado,,Consultar
2,Licenciatura 2026,202,20205005,CIRUJANO DENTISTA,FES ZARAGOZA,Escolarizado,https://www.dgae.unam.mx/Licenciatura2026/resultados/2/20205005.html,125,2648,2344,109,174,076818,102,,No seleccionado,,Consultar
2,Licenciatura 2026,202,20205005,CIRUJANO DENTISTA,FES ZARAGOZA,Escolarizado,https://www.dgae.unam.mx/Licenciatura2026/resultados/2/20205005.html,125,2648,2344,109,174,076842,28,,No seleccionado,,Consultar
2,Licenciatura 2026,202,20205005,CIRUJANO DENTISTA,FES ZARAGOZA,Escolarizado,https://www.dgae.unam.mx/Licenciatura2026/resultados/2/20205005.html,125,2648,2344,109,174,076882,46,,No seleccionado,,Consultar
2,Licenciatura 2026,202,20205005,CIRUJANO DENTISTA,FES ZARAGOZA,Escolarizado,https://www.dgae.unam.mx/Licenciatura2026/resultados/2/20205005.html,125,2648,2344,109,174,076899,55,,No seleccionado,,Consultar
2,Licenciatura 2026,202,20205005,CIRUJANO DENTISTA,FES ZARAGOZA,Escolarizado,https://www.dgae.unam.mx/Licenciatura2026/resultados/2/20205005.html,125,2648,2344,109,174,076944,32,,No seleccionado,,Consultar
2,Licenciatura 2026,202,20205005,CIRUJANO DENTISTA,FES ZARAGOZA,Escolarizado,https://www.dgae.unam.mx/Licenciatura2026/resultados/2/20205005.html,125,2648,2344,109,174,076967,81,,No seleccionado,,Consultar
2,Licenciatura 2026,202,20205005,CIRUJANO DENTISTA,FES ZARAGOZA,Escolarizado,https://www.dgae.unam.mx/Licenciatura2026/resultados/2/20205005.html,125,2648,2344,109,174,077007,56,,No seleccionado,,Consultar
2,Licenciatura 2026,202,20205005,CIRUJANO DENTISTA,FES ZARAGOZA,Escolarizado,https://www.dgae.unam.mx/Licenciatura2026/resultados/2/20205005.html,125,2648,2344,109,174,077028,54,,No seleccionado,,Consultar
2,Licenciatura 2026,202,20205005,CIRUJANO DENTISTA,FES ZARAGOZA,Escolarizado,https://www.dgae.unam.mx/Licenciatura2026/resultados/2/20205005.html,125,2648,2344,109,174,077039,61,,No seleccionado,,Consultar
2,Licenciatura 2026,202,20205005,CIRUJANO DENTISTA,FES ZARAGOZA,Escolarizado,https://www.dgae.unam.mx/Licenciatura2026/resultados/2/20205005.html,125,2648,2344,109,174,077060,21,,No seleccionado,,Consultar
2,Licenciatura 2026,202,20205005,CIRUJANO DENTISTA,FES ZARAGOZA,Escolarizado,https://www.dgae.unam.mx/Licenciatura2026/resultados/2/20205005.html,125,2648,2344,109,174,077078,77,,No seleccionado,,Consultar
2,Licenciatura 2026,202,20205005,CIRUJANO DENTISTA,FES ZARAGOZA,Escolarizado,https://www.dgae.unam.mx/Licenciatura2026/resultados/2/20205005.html,125,2648,2344,109,174,077089,90,,No seleccionado,,Consultar
2,Licenciatura 2026,202,20205005,CIRUJANO DENTISTA,FES ZARAGOZA,Escolarizado,https://www.dgae.unam.mx/Licenciatura2026/resultados/2/20205005.html,125,2648,2344,109,174,077111,36,,No seleccionado,,Consultar
2,Licenciatura 2026,202,20205005,CIRUJANO DENTISTA,FES ZARAGOZA,Escolarizado,https://www.dgae.unam.mx/Licenciatura2026/resultados/2/20205005.html,125,2648,2344,109,174,077150,113,S,Seleccionado,Cita para entregar documentación.,Consultar
2,Licenciatura 2026,202,20205005,CIRUJANO DENTISTA,FES ZARAGOZA,Escolarizado,https://www.dgae.unam.mx/Licenciatura2026/resultados/2/20205005.html,125,2648,2344,109,174,077177,,N,No presentado,,Consultar
2,Licenciatura 2026,202,20205005,CIRUJANO DENTISTA,FES ZARAGOZA,Escolarizado,https://www.dgae.unam.mx/Licenciatura2026/resultados/2/20205005.html,125,2648,2344,109,174,077187,77,,No seleccionado,,Consultar
2,Licenciatura 2026,202,20205005,CIRUJANO DENTISTA,FES ZARAGOZA,Escolarizado,https://www.dgae.unam.mx/Licenciatura2026/resultados/2/20205005.html,125,2648,2344,109,174,077202,66,,No seleccionado,,Consultar
2,Licenciatura 2026,202,20205005,CIRUJANO DENTISTA,FES ZARAGOZA,Escolarizado,https://www.dgae.unam.mx/Licenciatura2026/resultados/2/20205005.html,125,2648,2344,109,174,077204,35,,No seleccionado,,Consultar
2,Licenciatura 2026,202,20205005,CIRUJANO DENTISTA,FES ZARAGOZA,Escolarizado,https://www.dgae.unam.mx/Licenciatura2026/resultados/2/20205005.html,125,2648,2344,109,174,077210,66,,No seleccionado,,Consultar
2,Licenciatura 2026,202,20205005,CIRUJANO DENTISTA,FES ZARAGOZA,Escolarizado,https://www.dgae.unam.mx/Licenciatura2026/resultados/2/20205005.html,125,2648,2344,109,174,077215,94,,No seleccionado,,Consultar
2,Licenciatura 2026,202,20205005,CIRUJANO DENTISTA,FES ZARAGOZA,Escolarizado,https://www.dgae.unam.mx/Licenciatura2026/resultados/2/20205005.html,125,2648,2344,109,174,077278,,N,No presentado,,Consultar
2,Licenciatura 2026,202,20205005,CIRUJANO DENTISTA,FES ZARAGOZA,Escolarizado,https://www.dgae.unam.mx/Licenciatura2026/resultados/2/20205005.html,125,2648,2344,109,174,077348,111,S,Seleccionado,Cita para entregar documentación.,Consultar
2,Licenciatura 2026,202,20205005,CIRUJANO DENTISTA,FES ZARAGOZA,Escolarizado,https://www.dgae.unam.mx/Licenciatura2026/resultados/2/20205005.html,125,2648,2344,109,174,077362,71,,No seleccionado,,Consultar
2,Licenciatura 2026,202,20205005,CIRUJANO DENTISTA,FES ZARAGOZA,Escolarizado,https://www.dgae.unam.mx/Licenciatura2026/resultados/2/20205005.html,125,2648,2344,109,174,077401,101,,No seleccionado,,Consultar
2,Licenciatura 2026,202,20205005,CIRUJANO DENTISTA,FES ZARAGOZA,Escolarizado,https://www.dgae.unam.mx/Licenciatura2026/resultados/2/20205005.html,125,2648,2344,109,174,077433,47,,No seleccionado,,Consultar
2,Licenciatura 2026,202,20205005,CIRUJANO DENTISTA,FES ZARAGOZA,Escolarizado,https://www.dgae.unam.mx/Licenciatura2026/resultados/2/20205005.html,125,2648,2344,109,174,077471,49,,No seleccionado,,Consultar
2,Licenciatura 2026,202,20205005,CIRUJANO DENTISTA,FES ZARAGOZA,Escolarizado,https://www.dgae.unam.mx/Licenciatura2026/resultados/2/20205005.html,125,2648,2344,109,174,077525,56,,No seleccionado,,Consultar
2,Licenciatura 2026,202,20205005,CIRUJANO DENTISTA,FES ZARAGOZA,Escolarizado,https://www.dgae.unam.mx/Licenciatura2026/resultados/2/20205005.html,125,2648,2344,109,174,077577,39,,No seleccionado,,Consultar
2,Licenciatura 2026,202,20205005,CIRUJANO DENTISTA,FES ZARAGOZA,Escolarizado,https://www.dgae.unam.mx/Licenciatura2026/resultados/2/20205005.html,125,2648,2344,109,174,077587,86,,No seleccionado,,Consultar
2,Licenciatura 2026,202,20205005,CIRUJANO DENTISTA,FES ZARAGOZA,Escolarizado,https://www.dgae.unam.mx/Licenciatura2026/resultados/2/20205005.html,125,2648,2344,109,174,077683,73,,No seleccionado,,Consultar
2,Licenciatura 2026,202,20205005,CIRUJANO DENTISTA,FES ZARAGOZA,Escolarizado,https://www.dgae.unam.mx/Licenciatura2026/resultados/2/20205005.html,125,2648,2344,109,174,077692,95,,No seleccionado,,Consultar
2,Licenciatura 2026,202,20205005,CIRUJANO DENTISTA,FES ZARAGOZA,Escolarizado,https://www.dgae.unam.mx/Licenciatura2026/resultados/2/20205005.html,125,2648,2344,109,174,077720,63,,No seleccionado,,Consultar
2,Licenciatura 2026,202,20205005,CIRUJANO DENTISTA,FES ZARAGOZA,Escolarizado,https://www.dgae.unam.mx/Licenciatura2026/resultados/2/20205005.html,125,2648,2344,109,174,077728,42,,No seleccionado,,Consultar
2,Licenciatura 2026,202,20205005,CIRUJANO DENTISTA,FES ZARAGOZA,Escolarizado,https://www.dgae.unam.mx/Licenciatura2026/resultados/2/20205005.html,125,2648,2344,109,174,077741,70,,No seleccionado,,Consultar
2,Licenciatura 2026,202,20205005,CIRUJANO DENTISTA,FES ZARAGOZA,Escolarizado,https://www.dgae.unam.mx/Licenciatura2026/resultados/2/20205005.html,125,2648,2344,109,174,077773,39,,No seleccionado,,Consultar
2,Licenciatura 2026,202,20205005,CIRUJANO DENTISTA,FES ZARAGOZA,Escolarizado,https://www.dgae.unam.mx/Licenciatura2026/resultados/2/20205005.html,125,2648,2344,109,174,077807,106,,No seleccionado,,Consultar
2,Licenciatura 2026,202,20205005,CIRUJANO DENTISTA,FES ZARAGOZA,Escolarizado,https://www.dgae.unam.mx/Licenciatura2026/resultados/2/20205005.html,125,2648,2344,109,174,077834,35,,No seleccionado,,Consultar
2,Licenciatura 2026,202,20205005,CIRUJANO DENTISTA,FES ZARAGOZA,Escolarizado,https://www.dgae.unam.mx/Licenciatura2026/resultados/2/20205005.html,125,2648,2344,109,174,077849,80,,No seleccionado,,Consultar
2,Licenciatura 2026,202,20205005,CIRUJANO DENTISTA,FES ZARAGOZA,Escolarizado,https://www.dgae.unam.mx/Licenciatura2026/resultados/2/20205005.html,125,2648,2344,109,174,077858,80,,No seleccionado,,Consultar
2,Licenciatura 2026,202,20205005,CIRUJANO DENTISTA,FES ZARAGOZA,Escolarizado,https://www.dgae.unam.mx/Licenciatura2026/resultados/2/20205005.html,125,2648,2344,109,174,077893,102,,No seleccionado,,Consultar
2,Licenciatura 2026,202,20205005,CIRUJANO DENTISTA,FES ZARAGOZA,Escolarizado,https://www.dgae.unam.mx/Licenciatura2026/resultados/2/20205005.html,125,2648,2344,109,174,077901,48,,No seleccionado,,Consultar
2,Licenciatura 2026,202,20205005,CIRUJANO DENTISTA,FES ZARAGOZA,Escolarizado,https://www.dgae.unam.mx/Licenciatura2026/resultados/2/20205005.html,125,2648,2344,109,174,077909,26,,No seleccionado,,Consultar
2,Licenciatura 2026,202,20205005,CIRUJANO DENTISTA,FES ZARAGOZA,Escolarizado,https://www.dgae.unam.mx/Licenciatura2026/resultados/2/20205005.html,125,2648,2344,109,174,077977,45,,No seleccionado,,Consultar
2,Licenciatura 2026,202,20205005,CIRUJANO DENTISTA,FES ZARAGOZA,Escolarizado,https://www.dgae.unam.mx/Licenciatura2026/resultados/2/20205005.html,125,2648,2344,109,174,077984,85,,No seleccionado,,Consultar
2,Licenciatura 2026,202,20205005,CIRUJANO DENTISTA,FES ZARAGOZA,Escolarizado,https://www.dgae.unam.mx/Licenciatura2026/resultados/2/20205005.html,125,2648,2344,109,174,078006,94,,No seleccionado,,Consultar
2,Licenciatura 2026,202,20205005,CIRUJANO DENTISTA,FES ZARAGOZA,Escolarizado,https://www.dgae.unam.mx/Licenciatura2026/resultados/2/20205005.html,125,2648,2344,109,174,078014,57,,No seleccionado,,Consultar
2,Licenciatura 2026,202,20205005,CIRUJANO DENTISTA,FES ZARAGOZA,Escolarizado,https://www.dgae.unam.mx/Licenciatura2026/resultados/2/20205005.html,125,2648,2344,109,174,078041,92,,No seleccionado,,Consultar
2,Licenciatura 2026,202,20205005,CIRUJANO DENTISTA,FES ZARAGOZA,Escolarizado,https://www.dgae.unam.mx/Licenciatura2026/resultados/2/20205005.html,125,2648,2344,109,174,078085,93,,No seleccionado,,Consultar
2,Licenciatura 2026,202,20205005,CIRUJANO DENTISTA,FES ZARAGOZA,Escolarizado,https://www.dgae.unam.mx/Licenciatura2026/resultados/2/20205005.html,125,2648,2344,109,174,078148,45,,No seleccionado,,Consultar
2,Licenciatura 2026,202,20205005,CIRUJANO DENTISTA,FES ZARAGOZA,Escolarizado,https://www.dgae.unam.mx/Licenciatura2026/resultados/2/20205005.html,125,2648,2344,109,174,078153,96,,No seleccionado,,Consultar
2,Licenciatura 2026,202,20205005,CIRUJANO DENTISTA,FES ZARAGOZA,Escolarizado,https://www.dgae.unam.mx/Licenciatura2026/resultados/2/20205005.html,125,2648,2344,109,174,078196,70,,No seleccionado,,Consultar
2,Licenciatura 2026,202,20205005,CIRUJANO DENTISTA,FES ZARAGOZA,Escolarizado,https://www.dgae.unam.mx/Licenciatura2026/resultados/2/20205005.html,125,2648,2344,109,174,078213,100,,No seleccionado,,Consultar
2,Licenciatura 2026,202,20205005,CIRUJANO DENTISTA,FES ZARAGOZA,Escolarizado,https://www.dgae.unam.mx/Licenciatura2026/resultados/2/20205005.html,125,2648,2344,109,174,078236,103,,No seleccionado,,Consultar
2,Licenciatura 2026,202,20205005,CIRUJANO DENTISTA,FES ZARAGOZA,Escolarizado,https://www.dgae.unam.mx/Licenciatura2026/resultados/2/20205005.html,125,2648,2344,109,174,078250,27,,No seleccionado,,Consultar
2,Licenciatura 2026,202,20205005,CIRUJANO DENTISTA,FES ZARAGOZA,Escolarizado,https://www.dgae.unam.mx/Licenciatura2026/resultados/2/20205005.html,125,2648,2344,109,174,078255,104,,No seleccionado,,Consultar
2,Licenciatura 2026,202,20205005,CIRUJANO DENTISTA,FES ZARAGOZA,Escolarizado,https://www.dgae.unam.mx/Licenciatura2026/resultados/2/20205005.html,125,2648,2344,109,174,078357,45,,No seleccionado,,Consultar
2,Licenciatura 2026,202,20205005,CIRUJANO DENTISTA,FES ZARAGOZA,Escolarizado,https://www.dgae.unam.mx/Licenciatura2026/resultados/2/20205005.html,125,2648,2344,109,174,078358,,N,No presentado,,Consultar
2,Licenciatura 2026,202,20205005,CIRUJANO DENTISTA,FES ZARAGOZA,Escolarizado,https://www.dgae.unam.mx/Licenciatura2026/resultados/2/20205005.html,125,2648,2344,109,174,078377,54,,No seleccionado,,Consultar
2,Licenciatura 2026,202,20205005,CIRUJANO DENTISTA,FES ZARAGOZA,Escolarizado,https://www.dgae.unam.mx/Licenciatura2026/resultados/2/20205005.html,125,2648,2344,109,174,078404,,C,Cancelado,,Consultar
2,Licenciatura 2026,202,20205005,CIRUJANO DENTISTA,FES ZARAGOZA,Escolarizado,https://www.dgae.unam.mx/Licenciatura2026/resultados/2/20205005.html,125,2648,2344,109,174,078407,,N,No presentado,,Consultar
2,Licenciatura 2026,202,20205005,CIRUJANO DENTISTA,FES ZARAGOZA,Escolarizado,https://www.dgae.unam.mx/Licenciatura2026/resultados/2/20205005.html,125,2648,2344,109,174,078420,79,,No seleccionado,,Consultar
2,Licenciatura 2026,202,20205005,CIRUJANO DENTISTA,FES ZARAGOZA,Escolarizado,https://www.dgae.unam.mx/Licenciatura2026/resultados/2/20205005.html,125,2648,2344,109,174,078432,,C,Cancelado,,Consultar
2,Licenciatura 2026,202,20205005,CIRUJANO DENTISTA,FES ZARAGOZA,Escolarizado,https://www.dgae.unam.mx/Licenciatura2026/resultados/2/20205005.html,125,2648,2344,109,174,078444,80,,No seleccionado,,Consultar
2,Licenciatura 2026,202,20205005,CIRUJANO DENTISTA,FES ZARAGOZA,Escolarizado,https://www.dgae.unam.mx/Licenciatura2026/resultados/2/20205005.html,125,2648,2344,109,174,078476,,C,Cancelado,,Consultar
2,Licenciatura 2026,202,20205005,CIRUJANO DENTISTA,FES ZARAGOZA,Escolarizado,https://www.dgae.unam.mx/Licenciatura2026/resultados/2/20205005.html,125,2648,2344,109,174,078483,34,,No seleccionado,,Consultar
2,Licenciatura 2026,202,20205005,CIRUJANO DENTISTA,FES ZARAGOZA,Escolarizado,https://www.dgae.unam.mx/Licenciatura2026/resultados/2/20205005.html,125,2648,2344,109,174,078496,79,,No seleccionado,,Consultar
2,Licenciatura 2026,202,20205005,CIRUJANO DENTISTA,FES ZARAGOZA,Escolarizado,https://www.dgae.unam.mx/Licenciatura2026/resultados/2/20205005.html,125,2648,2344,109,174,078507,39,,No seleccionado,,Consultar
2,Licenciatura 2026,202,20205005,CIRUJANO DENTISTA,FES ZARAGOZA,Escolarizado,https://www.dgae.unam.mx/Licenciatura2026/resultados/2/20205005.html,125,2648,2344,109,174,078569,87,,No seleccionado,,Consultar
2,Licenciatura 2026,202,20205005,CIRUJANO DENTISTA,FES ZARAGOZA,Escolarizado,https://www.dgae.unam.mx/Licenciatura2026/resultados/2/20205005.html,125,2648,2344,109,174,078595,12,,No seleccionado,,Consultar
2,Licenciatura 2026,202,20205005,CIRUJANO DENTISTA,FES ZARAGOZA,Escolarizado,https://www.dgae.unam.mx/Licenciatura2026/resultados/2/20205005.html,125,2648,2344,109,174,078600,37,,No seleccionado,,Consultar
2,Licenciatura 2026,202,20205005,CIRUJANO DENTISTA,FES ZARAGOZA,Escolarizado,https://www.dgae.unam.mx/Licenciatura2026/resultados/2/20205005.html,125,2648,2344,109,174,078636,59,,No seleccionado,,Consultar
2,Licenciatura 2026,202,20205005,CIRUJANO DENTISTA,FES ZARAGOZA,Escolarizado,https://www.dgae.unam.mx/Licenciatura2026/resultados/2/20205005.html,125,2648,2344,109,174,078750,85,,No seleccionado,,Consultar
2,Licenciatura 2026,202,20205005,CIRUJANO DENTISTA,FES ZARAGOZA,Escolarizado,https://www.dgae.unam.mx/Licenciatura2026/resultados/2/20205005.html,125,2648,2344,109,174,078807,93,,No seleccionado,,Consultar
2,Licenciatura 2026,202,20205005,CIRUJANO DENTISTA,FES ZARAGOZA,Escolarizado,https://www.dgae.unam.mx/Licenciatura2026/resultados/2/20205005.html,125,2648,2344,109,174,078808,97,,No seleccionado,,Consultar
2,Licenciatura 2026,202,20205005,CIRUJANO DENTISTA,FES ZARAGOZA,Escolarizado,https://www.dgae.unam.mx/Licenciatura2026/resultados/2/20205005.html,125,2648,2344,109,174,078824,97,,No seleccionado,,Consultar
2,Licenciatura 2026,202,20205005,CIRUJANO DENTISTA,FES ZARAGOZA,Escolarizado,https://www.dgae.unam.mx/Licenciatura2026/resultados/2/20205005.html,125,2648,2344,109,174,078837,40,,No seleccionado,,Consultar
2,Licenciatura 2026,202,20205005,CIRUJANO DENTISTA,FES ZARAGOZA,Escolarizado,https://www.dgae.unam.mx/Licenciatura2026/resultados/2/20205005.html,125,2648,2344,109,174,078854,95,,No seleccionado,,Consultar
2,Licenciatura 2026,202,20205005,CIRUJANO DENTISTA,FES ZARAGOZA,Escolarizado,https://www.dgae.unam.mx/Licenciatura2026/resultados/2/20205005.html,125,2648,2344,109,174,078861,86,,No seleccionado,,Consultar
2,Licenciatura 2026,202,20205005,CIRUJANO DENTISTA,FES ZARAGOZA,Escolarizado,https://www.dgae.unam.mx/Licenciatura2026/resultados/2/20205005.html,125,2648,2344,109,174,078928,57,,No seleccionado,,Consultar
2,Licenciatura 2026,202,20205005,CIRUJANO DENTISTA,FES ZARAGOZA,Escolarizado,https://www.dgae.unam.mx/Licenciatura2026/resultados/2/20205005.html,125,2648,2344,109,174,078931,54,,No seleccionado,,Consultar
2,Licenciatura 2026,202,20205005,CIRUJANO DENTISTA,FES ZARAGOZA,Escolarizado,https://www.dgae.unam.mx/Licenciatura2026/resultados/2/20205005.html,125,2648,2344,109,174,078953,106,,No seleccionado,,Consultar
2,Licenciatura 2026,202,20205005,CIRUJANO DENTISTA,FES ZARAGOZA,Escolarizado,https://www.dgae.unam.mx/Licenciatura2026/resultados/2/20205005.html,125,2648,2344,109,174,078956,62,,No seleccionado,,Consultar
2,Licenciatura 2026,202,20205005,CIRUJANO DENTISTA,FES ZARAGOZA,Escolarizado,https://www.dgae.unam.mx/Licenciatura2026/resultados/2/20205005.html,125,2648,2344,109,174,078978,52,,No seleccionado,,Consultar
2,Licenciatura 2026,202,20205005,CIRUJANO DENTISTA,FES ZARAGOZA,Escolarizado,https://www.dgae.unam.mx/Licenciatura2026/resultados/2/20205005.html,125,2648,2344,109,174,078984,28,,No seleccionado,,Consultar
2,Licenciatura 2026,202,20205005,CIRUJANO DENTISTA,FES ZARAGOZA,Escolarizado,https://www.dgae.unam.mx/Licenciatura2026/resultados/2/20205005.html,125,2648,2344,109,174,079016,79,,No seleccionado,,Consultar
2,Licenciatura 2026,202,20205005,CIRUJANO DENTISTA,FES ZARAGOZA,Escolarizado,https://www.dgae.unam.mx/Licenciatura2026/resultados/2/20205005.html,125,2648,2344,109,174,079024,33,,No seleccionado,,Consultar
2,Licenciatura 2026,202,20205005,CIRUJANO DENTISTA,FES ZARAGOZA,Escolarizado,https://www.dgae.unam.mx/Licenciatura2026/resultados/2/20205005.html,125,2648,2344,109,174,079030,72,,No seleccionado,,Consultar
2,Licenciatura 2026,202,20205005,CIRUJANO DENTISTA,FES ZARAGOZA,Escolarizado,https://www.dgae.unam.mx/Licenciatura2026/resultados/2/20205005.html,125,2648,2344,109,174,079054,118,S,Seleccionado,Cita para entregar documentación.,Consultar
2,Licenciatura 2026,202,20205005,CIRUJANO DENTISTA,FES ZARAGOZA,Escolarizado,https://www.dgae.unam.mx/Licenciatura2026/resultados/2/20205005.html,125,2648,2344,109,174,079057,108,,No seleccionado,,Consultar
2,Licenciatura 2026,202,20205005,CIRUJANO DENTISTA,FES ZARAGOZA,Escolarizado,https://www.dgae.unam.mx/Licenciatura2026/resultados/2/20205005.html,125,2648,2344,109,174,079087,84,,No seleccionado,,Consultar
2,Licenciatura 2026,202,20205005,CIRUJANO DENTISTA,FES ZARAGOZA,Escolarizado,https://www.dgae.unam.mx/Licenciatura2026/resultados/2/20205005.html,125,2648,2344,109,174,079125,98,,No seleccionado,,Consultar
2,Licenciatura 2026,202,20205005,CIRUJANO DENTISTA,FES ZARAGOZA,Escolarizado,https://www.dgae.unam.mx/Licenciatura2026/resultados/2/20205005.html,125,2648,2344,109,174,079172,111,S,Seleccionado,Cita para entregar documentación.,Consultar
2,Licenciatura 2026,202,20205005,CIRUJANO DENTISTA,FES ZARAGOZA,Escolarizado,https://www.dgae.unam.mx/Licenciatura2026/resultados/2/20205005.html,125,2648,2344,109,174,079242,103,,No seleccionado,,Consultar
2,Licenciatura 2026,202,20205005,CIRUJANO DENTISTA,FES ZARAGOZA,Escolarizado,https://www.dgae.unam.mx/Licenciatura2026/resultados/2/20205005.html,125,2648,2344,109,174,079252,27,,No seleccionado,,Consultar
2,Licenciatura 2026,202,20205005,CIRUJANO DENTISTA,FES ZARAGOZA,Escolarizado,https://www.dgae.unam.mx/Licenciatura2026/resultados/2/20205005.html,125,2648,2344,109,174,079303,42,,No seleccionado,,Consultar
2,Licenciatura 2026,202,20205005,CIRUJANO DENTISTA,FES ZARAGOZA,Escolarizado,https://www.dgae.unam.mx/Licenciatura2026/resultados/2/20205005.html,125,2648,2344,109,174,079354,105,,No seleccionado,,Consultar
2,Licenciatura 2026,202,20205005,CIRUJANO DENTISTA,FES ZARAGOZA,Escolarizado,https://www.dgae.unam.mx/Licenciatura2026/resultados/2/20205005.html,125,2648,2344,109,174,079372,42,,No seleccionado,,Consultar
2,Licenciatura 2026,202,20205005,CIRUJANO DENTISTA,FES ZARAGOZA,Escolarizado,https://www.dgae.unam.mx/Licenciatura2026/resultados/2/20205005.html,125,2648,2344,109,174,079376,88,,No seleccionado,,Consultar
2,Licenciatura 2026,202,20205005,CIRUJANO DENTISTA,FES ZARAGOZA,Escolarizado,https://www.dgae.unam.mx/Licenciatura2026/resultados/2/20205005.html,125,2648,2344,109,174,079378,64,,No seleccionado,,Consultar
2,Licenciatura 2026,202,20205005,CIRUJANO DENTISTA,FES ZARAGOZA,Escolarizado,https://www.dgae.unam.mx/Licenciatura2026/resultados/2/20205005.html,125,2648,2344,109,174,079456,64,,No seleccionado,,Consultar
2,Licenciatura 2026,202,20205005,CIRUJANO DENTISTA,FES ZARAGOZA,Escolarizado,https://www.dgae.unam.mx/Licenciatura2026/resultados/2/20205005.html,125,2648,2344,109,174,079591,28,,No seleccionado,,Consultar
2,Licenciatura 2026,202,20205005,CIRUJANO DENTISTA,FES ZARAGOZA,Escolarizado,https://www.dgae.unam.mx/Licenciatura2026/resultados/2/20205005.html,125,2648,2344,109,174,079606,55,,No seleccionado,,Consultar
2,Licenciatura 2026,202,20205005,CIRUJANO DENTISTA,FES ZARAGOZA,Escolarizado,https://www.dgae.unam.mx/Licenciatura2026/resultados/2/20205005.html,125,2648,2344,109,174,079620,74,,No seleccionado,,Consultar
2,Licenciatura 2026,202,20205005,CIRUJANO DENTISTA,FES ZARAGOZA,Escolarizado,https://www.dgae.unam.mx/Licenciatura2026/resultados/2/20205005.html,125,2648,2344,109,174,079636,54,,No seleccionado,,Consultar
2,Licenciatura 2026,202,20205005,CIRUJANO DENTISTA,FES ZARAGOZA,Escolarizado,https://www.dgae.unam.mx/Licenciatura2026/resultados/2/20205005.html,125,2648,2344,109,174,079710,48,,No seleccionado,,Consultar
2,Licenciatura 2026,202,20205005,CIRUJANO DENTISTA,FES ZARAGOZA,Escolarizado,https://www.dgae.unam.mx/Licenciatura2026/resultados/2/20205005.html,125,2648,2344,109,174,079836,66,,No seleccionado,,Consultar
2,Licenciatura 2026,202,20205005,CIRUJANO DENTISTA,FES ZARAGOZA,Escolarizado,https://www.dgae.unam.mx/Licenciatura2026/resultados/2/20205005.html,125,2648,2344,109,174,079854,,N,No presentado,,Consultar
2,Licenciatura 2026,202,20205005,CIRUJANO DENTISTA,FES ZARAGOZA,Escolarizado,https://www.dgae.unam.mx/Licenciatura2026/resultados/2/20205005.html,125,2648,2344,109,174,079872,101,,No seleccionado,,Consultar
2,Licenciatura 2026,202,20205005,CIRUJANO DENTISTA,FES ZARAGOZA,Escolarizado,https://www.dgae.unam.mx/Licenciatura2026/resultados/2/20205005.html,125,2648,2344,109,174,079889,68,,No seleccionado,,Consultar
2,Licenciatura 2026,202,20205005,CIRUJANO DENTISTA,FES ZARAGOZA,Escolarizado,https://www.dgae.unam.mx/Licenciatura2026/resultados/2/20205005.html,125,2648,2344,109,174,079924,81,,No seleccionado,,Consultar
2,Licenciatura 2026,202,20205005,CIRUJANO DENTISTA,FES ZARAGOZA,Escolarizado,https://www.dgae.unam.mx/Licenciatura2026/resultados/2/20205005.html,125,2648,2344,109,174,079971,52,,No seleccionado,,Consultar
2,Licenciatura 2026,202,20205005,CIRUJANO DENTISTA,FES ZARAGOZA,Escolarizado,https://www.dgae.unam.mx/Licenciatura2026/resultados/2/20205005.html,125,2648,2344,109,174,079974,54,,No seleccionado,,Consultar
2,Licenciatura 2026,202,20205005,CIRUJANO DENTISTA,FES ZARAGOZA,Escolarizado,https://www.dgae.unam.mx/Licenciatura2026/resultados/2/20205005.html,125,2648,2344,109,174,079997,,N,No presentado,,Consultar
2,Licenciatura 2026,202,20205005,CIRUJANO DENTISTA,FES ZARAGOZA,Escolarizado,https://www.dgae.unam.mx/Licenciatura2026/resultados/2/20205005.html,125,2648,2344,109,174,080008,89,,No seleccionado,,Consultar
2,Licenciatura 2026,202,20205005,CIRUJANO DENTISTA,FES ZARAGOZA,Escolarizado,https://www.dgae.unam.mx/Licenciatura2026/resultados/2/20205005.html,125,2648,2344,109,174,080036,94,,No seleccionado,,Consultar
2,Licenciatura 2026,202,20205005,CIRUJANO DENTISTA,FES ZARAGOZA,Escolarizado,https://www.dgae.unam.mx/Licenciatura2026/resultados/2/20205005.html,125,2648,2344,109,174,080049,50,,No seleccionado,,Consultar
2,Licenciatura 2026,202,20205005,CIRUJANO DENTISTA,FES ZARAGOZA,Escolarizado,https://www.dgae.unam.mx/Licenciatura2026/resultados/2/20205005.html,125,2648,2344,109,174,080095,,N,No presentado,,Consultar
2,Licenciatura 2026,202,20205005,CIRUJANO DENTISTA,FES ZARAGOZA,Escolarizado,https://www.dgae.unam.mx/Licenciatura2026/resultados/2/20205005.html,125,2648,2344,109,174,080155,95,,No seleccionado,,Consultar
2,Licenciatura 2026,202,20205005,CIRUJANO DENTISTA,FES ZARAGOZA,Escolarizado,https://www.dgae.unam.mx/Licenciatura2026/resultados/2/20205005.html,125,2648,2344,109,174,080172,98,,No seleccionado,,Consultar
2,Licenciatura 2026,202,20205005,CIRUJANO DENTISTA,FES ZARAGOZA,Escolarizado,https://www.dgae.unam.mx/Licenciatura2026/resultados/2/20205005.html,125,2648,2344,109,174,080181,,N,No presentado,,Consultar
2,Licenciatura 2026,202,20205005,CIRUJANO DENTISTA,FES ZARAGOZA,Escolarizado,https://www.dgae.unam.mx/Licenciatura2026/resultados/2/20205005.html,125,2648,2344,109,174,080189,52,,No seleccionado,,Consultar
2,Licenciatura 2026,202,20205005,CIRUJANO DENTISTA,FES ZARAGOZA,Escolarizado,https://www.dgae.unam.mx/Licenciatura2026/resultados/2/20205005.html,125,2648,2344,109,174,080266,67,,No seleccionado,,Consultar
2,Licenciatura 2026,202,20205005,CIRUJANO DENTISTA,FES ZARAGOZA,Escolarizado,https://www.dgae.unam.mx/Licenciatura2026/resultados/2/20205005.html,125,2648,2344,109,174,080340,115,S,Seleccionado,,Consultar
2,Licenciatura 2026,202,20205005,CIRUJANO DENTISTA,FES ZARAGOZA,Escolarizado,https://www.dgae.unam.mx/Licenciatura2026/resultados/2/20205005.html,125,2648,2344,109,174,080365,0,,No seleccionado,,Consultar
2,Licenciatura 2026,202,20205005,CIRUJANO DENTISTA,FES ZARAGOZA,Escolarizado,https://www.dgae.unam.mx/Licenciatura2026/resultados/2/20205005.html,125,2648,2344,109,174,080374,35,,No seleccionado,,Consultar
2,Licenciatura 2026,202,20205005,CIRUJANO DENTISTA,FES ZARAGOZA,Escolarizado,https://www.dgae.unam.mx/Licenciatura2026/resultados/2/20205005.html,125,2648,2344,109,174,080388,51,,No seleccionado,,Consultar
2,Licenciatura 2026,202,20205005,CIRUJANO DENTISTA,FES ZARAGOZA,Escolarizado,https://www.dgae.unam.mx/Licenciatura2026/resultados/2/20205005.html,125,2648,2344,109,174,080391,112,S,Seleccionado,Cita para entregar documentación.,Consultar
2,Licenciatura 2026,202,20205005,CIRUJANO DENTISTA,FES ZARAGOZA,Escolarizado,https://www.dgae.unam.mx/Licenciatura2026/resultados/2/20205005.html,125,2648,2344,109,174,080408,97,,No seleccionado,,Consultar
2,Licenciatura 2026,202,20205005,CIRUJANO DENTISTA,FES ZARAGOZA,Escolarizado,https://www.dgae.unam.mx/Licenciatura2026/resultados/2/20205005.html,125,2648,2344,109,174,080413,,N,No presentado,,Consultar
2,Licenciatura 2026,202,20205005,CIRUJANO DENTISTA,FES ZARAGOZA,Escolarizado,https://www.dgae.unam.mx/Licenciatura2026/resultados/2/20205005.html,125,2648,2344,109,174,080416,90,,No seleccionado,,Consultar
2,Licenciatura 2026,202,20205005,CIRUJANO DENTISTA,FES ZARAGOZA,Escolarizado,https://www.dgae.unam.mx/Licenciatura2026/resultados/2/20205005.html,125,2648,2344,109,174,080445,84,,No seleccionado,,Consultar
2,Licenciatura 2026,202,20205005,CIRUJANO DENTISTA,FES ZARAGOZA,Escolarizado,https://www.dgae.unam.mx/Licenciatura2026/resultados/2/20205005.html,125,2648,2344,109,174,080446,108,,No seleccionado,,Consultar
2,Licenciatura 2026,202,20205005,CIRUJANO DENTISTA,FES ZARAGOZA,Escolarizado,https://www.dgae.unam.mx/Licenciatura2026/resultados/2/20205005.html,125,2648,2344,109,174,080478,25,,No seleccionado,,Consultar
2,Licenciatura 2026,202,20205005,CIRUJANO DENTISTA,FES ZARAGOZA,Escolarizado,https://www.dgae.unam.mx/Licenciatura2026/resultados/2/20205005.html,125,2648,2344,109,174,080493,29,,No seleccionado,,Consultar
2,Licenciatura 2026,202,20205005,CIRUJANO DENTISTA,FES ZARAGOZA,Escolarizado,https://www.dgae.unam.mx/Licenciatura2026/resultados/2/20205005.html,125,2648,2344,109,174,080507,44,,No seleccionado,,Consultar
2,Licenciatura 2026,202,20205005,CIRUJANO DENTISTA,FES ZARAGOZA,Escolarizado,https://www.dgae.unam.mx/Licenciatura2026/resultados/2/20205005.html,125,2648,2344,109,174,080531,,N,No presentado,,Consultar
2,Licenciatura 2026,202,20205005,CIRUJANO DENTISTA,FES ZARAGOZA,Escolarizado,https://www.dgae.unam.mx/Licenciatura2026/resultados/2/20205005.html,125,2648,2344,109,174,080563,111,S,Seleccionado,Cita para entregar documentación.,Consultar
2,Licenciatura 2026,202,20205005,CIRUJANO DENTISTA,FES ZARAGOZA,Escolarizado,https://www.dgae.unam.mx/Licenciatura2026/resultados/2/20205005.html,125,2648,2344,109,174,080567,75,,No seleccionado,,Consultar
2,Licenciatura 2026,202,20205005,CIRUJANO DENTISTA,FES ZARAGOZA,Escolarizado,https://www.dgae.unam.mx/Licenciatura2026/resultados/2/20205005.html,125,2648,2344,109,174,080582,29,,No seleccionado,,Consultar
2,Licenciatura 2026,202,20205005,CIRUJANO DENTISTA,FES ZARAGOZA,Escolarizado,https://www.dgae.unam.mx/Licenciatura2026/resultados/2/20205005.html,125,2648,2344,109,174,080594,99,,No seleccionado,,Consultar
2,Licenciatura 2026,202,20205005,CIRUJANO DENTISTA,FES ZARAGOZA,Escolarizado,https://www.dgae.unam.mx/Licenciatura2026/resultados/2/20205005.html,125,2648,2344,109,174,080597,104,,No seleccionado,,Consultar
2,Licenciatura 2026,202,20205005,CIRUJANO DENTISTA,FES ZARAGOZA,Escolarizado,https://www.dgae.unam.mx/Licenciatura2026/resultados/2/20205005.html,125,2648,2344,109,174,080649,45,,No seleccionado,,Consultar
2,Licenciatura 2026,202,20205005,CIRUJANO DENTISTA,FES ZARAGOZA,Escolarizado,https://www.dgae.unam.mx/Licenciatura2026/resultados/2/20205005.html,125,2648,2344,109,174,080672,60,,No seleccionado,,Consultar
2,Licenciatura 2026,202,20205005,CIRUJANO DENTISTA,FES ZARAGOZA,Escolarizado,https://www.dgae.unam.mx/Licenciatura2026/resultados/2/20205005.html,125,2648,2344,109,174,080728,68,,No seleccionado,,Consultar
2,Licenciatura 2026,202,20205005,CIRUJANO DENTISTA,FES ZARAGOZA,Escolarizado,https://www.dgae.unam.mx/Licenciatura2026/resultados/2/20205005.html,125,2648,2344,109,174,080749,78,,No seleccionado,,Consultar
2,Licenciatura 2026,202,20205005,CIRUJANO DENTISTA,FES ZARAGOZA,Escolarizado,https://www.dgae.unam.mx/Licenciatura2026/resultados/2/20205005.html,125,2648,2344,109,174,080762,32,,No seleccionado,,Consultar
2,Licenciatura 2026,202,20205005,CIRUJANO DENTISTA,FES ZARAGOZA,Escolarizado,https://www.dgae.unam.mx/Licenciatura2026/resultados/2/20205005.html,125,2648,2344,109,174,080790,58,,No seleccionado,,Consultar
2,Licenciatura 2026,202,20205005,CIRUJANO DENTISTA,FES ZARAGOZA,Escolarizado,https://www.dgae.unam.mx/Licenciatura2026/resultados/2/20205005.html,125,2648,2344,109,174,080791,31,,No seleccionado,,Consultar
2,Licenciatura 2026,202,20205005,CIRUJANO DENTISTA,FES ZARAGOZA,Escolarizado,https://www.dgae.unam.mx/Licenciatura2026/resultados/2/20205005.html,125,2648,2344,109,174,080793,112,S,Seleccionado,,Consultar
2,Licenciatura 2026,202,20205005,CIRUJANO DENTISTA,FES ZARAGOZA,Escolarizado,https://www.dgae.unam.mx/Licenciatura2026/resultados/2/20205005.html,125,2648,2344,109,174,080801,66,,No seleccionado,,Consultar
2,Licenciatura 2026,202,20205005,CIRUJANO DENTISTA,FES ZARAGOZA,Escolarizado,https://www.dgae.unam.mx/Licenciatura2026/resultados/2/20205005.html,125,2648,2344,109,174,080837,104,,No seleccionado,,Consultar
2,Licenciatura 2026,202,20205005,CIRUJANO DENTISTA,FES ZARAGOZA,Escolarizado,https://www.dgae.unam.mx/Licenciatura2026/resultados/2/20205005.html,125,2648,2344,109,174,080906,11,,No seleccionado,,Consultar
2,Licenciatura 2026,202,20205005,CIRUJANO DENTISTA,FES ZARAGOZA,Escolarizado,https://www.dgae.unam.mx/Licenciatura2026/resultados/2/20205005.html,125,2648,2344,109,174,080939,40,,No seleccionado,,Consultar
2,Licenciatura 2026,202,20205005,CIRUJANO DENTISTA,FES ZARAGOZA,Escolarizado,https://www.dgae.unam.mx/Licenciatura2026/resultados/2/20205005.html,125,2648,2344,109,174,080943,,C,Cancelado,,Consultar
2,Licenciatura 2026,202,20205005,CIRUJANO DENTISTA,FES ZARAGOZA,Escolarizado,https://www.dgae.unam.mx/Licenciatura2026/resultados/2/20205005.html,125,2648,2344,109,174,080953,,N,No presentado,,Consultar
2,Licenciatura 2026,202,20205005,CIRUJANO DENTISTA,FES ZARAGOZA,Escolarizado,https://www.dgae.unam.mx/Licenciatura2026/resultados/2/20205005.html,125,2648,2344,109,174,081010,65,,No seleccionado,,Consultar
2,Licenciatura 2026,202,20205005,CIRUJANO DENTISTA,FES ZARAGOZA,Escolarizado,https://www.dgae.unam.mx/Licenciatura2026/resultados/2/20205005.html,125,2648,2344,109,174,081037,28,,No seleccionado,,Consultar
2,Licenciatura 2026,202,20205005,CIRUJANO DENTISTA,FES ZARAGOZA,Escolarizado,https://www.dgae.unam.mx/Licenciatura2026/resultados/2/20205005.html,125,2648,2344,109,174,081043,63,,No seleccionado,,Consultar
2,Licenciatura 2026,202,20205005,CIRUJANO DENTISTA,FES ZARAGOZA,Escolarizado,https://www.dgae.unam.mx/Licenciatura2026/resultados/2/20205005.html,125,2648,2344,109,174,081063,74,,No seleccionado,,Consultar
2,Licenciatura 2026,202,20205005,CIRUJANO DENTISTA,FES ZARAGOZA,Escolarizado,https://www.dgae.unam.mx/Licenciatura2026/resultados/2/20205005.html,125,2648,2344,109,174,081076,80,,No seleccionado,,Consultar
2,Licenciatura 2026,202,20205005,CIRUJANO DENTISTA,FES ZARAGOZA,Escolarizado,https://www.dgae.unam.mx/Licenciatura2026/resultados/2/20205005.html,125,2648,2344,109,174,081095,98,,No seleccionado,,Consultar
2,Licenciatura 2026,202,20205005,CIRUJANO DENTISTA,FES ZARAGOZA,Escolarizado,https://www.dgae.unam.mx/Licenciatura2026/resultados/2/20205005.html,125,2648,2344,109,174,081114,113,S,Seleccionado,Cita para entregar documentación.,Consultar
2,Licenciatura 2026,202,20205005,CIRUJANO DENTISTA,FES ZARAGOZA,Escolarizado,https://www.dgae.unam.mx/Licenciatura2026/resultados/2/20205005.html,125,2648,2344,109,174,081116,90,,No seleccionado,,Consultar
2,Licenciatura 2026,202,20205005,CIRUJANO DENTISTA,FES ZARAGOZA,Escolarizado,https://www.dgae.unam.mx/Licenciatura2026/resultados/2/20205005.html,125,2648,2344,109,174,081118,101,,No seleccionado,,Consultar
2,Licenciatura 2026,202,20205005,CIRUJANO DENTISTA,FES ZARAGOZA,Escolarizado,https://www.dgae.unam.mx/Licenciatura2026/resultados/2/20205005.html,125,2648,2344,109,174,081133,68,,No seleccionado,,Consultar
2,Licenciatura 2026,202,20205005,CIRUJANO DENTISTA,FES ZARAGOZA,Escolarizado,https://www.dgae.unam.mx/Licenciatura2026/resultados/2/20205005.html,125,2648,2344,109,174,081159,36,,No seleccionado,,Consultar
2,Licenciatura 2026,202,20205005,CIRUJANO DENTISTA,FES ZARAGOZA,Escolarizado,https://www.dgae.unam.mx/Licenciatura2026/resultados/2/20205005.html,125,2648,2344,109,174,081182,,N,No presentado,,Consultar
2,Licenciatura 2026,202,20205005,CIRUJANO DENTISTA,FES ZARAGOZA,Escolarizado,https://www.dgae.unam.mx/Licenciatura2026/resultados/2/20205005.html,125,2648,2344,109,174,081267,35,,No seleccionado,,Consultar
2,Licenciatura 2026,202,20205005,CIRUJANO DENTISTA,FES ZARAGOZA,Escolarizado,https://www.dgae.unam.mx/Licenciatura2026/resultados/2/20205005.html,125,2648,2344,109,174,081288,,N,No presentado,,Consultar
2,Licenciatura 2026,202,20205005,CIRUJANO DENTISTA,FES ZARAGOZA,Escolarizado,https://www.dgae.unam.mx/Licenciatura2026/resultados/2/20205005.html,125,2648,2344,109,174,081293,46,,No seleccionado,,Consultar
2,Licenciatura 2026,202,20205005,CIRUJANO DENTISTA,FES ZARAGOZA,Escolarizado,https://www.dgae.unam.mx/Licenciatura2026/resultados/2/20205005.html,125,2648,2344,109,174,081302,54,,No seleccionado,,Consultar
2,Licenciatura 2026,202,20205005,CIRUJANO DENTISTA,FES ZARAGOZA,Escolarizado,https://www.dgae.unam.mx/Licenciatura2026/resultados/2/20205005.html,125,2648,2344,109,174,081304,112,S,Seleccionado,Cita para entregar documentación.,Consultar
2,Licenciatura 2026,202,20205005,CIRUJANO DENTISTA,FES ZARAGOZA,Escolarizado,https://www.dgae.unam.mx/Licenciatura2026/resultados/2/20205005.html,125,2648,2344,109,174,081309,101,,No seleccionado,,Consultar
2,Licenciatura 2026,202,20205005,CIRUJANO DENTISTA,FES ZARAGOZA,Escolarizado,https://www.dgae.unam.mx/Licenciatura2026/resultados/2/20205005.html,125,2648,2344,109,174,081387,41,,No seleccionado,,Consultar
2,Licenciatura 2026,202,20205005,CIRUJANO DENTISTA,FES ZARAGOZA,Escolarizado,https://www.dgae.unam.mx/Licenciatura2026/resultados/2/20205005.html,125,2648,2344,109,174,081394,32,,No seleccionado,,Consultar
2,Licenciatura 2026,202,20205005,CIRUJANO DENTISTA,FES ZARAGOZA,Escolarizado,https://www.dgae.unam.mx/Licenciatura2026/resultados/2/20205005.html,125,2648,2344,109,174,081420,37,,No seleccionado,,Consultar
2,Licenciatura 2026,202,20205005,CIRUJANO DENTISTA,FES ZARAGOZA,Escolarizado,https://www.dgae.unam.mx/Licenciatura2026/resultados/2/20205005.html,125,2648,2344,109,174,081421,42,,No seleccionado,,Consultar
2,Licenciatura 2026,202,20205005,CIRUJANO DENTISTA,FES ZARAGOZA,Escolarizado,https://www.dgae.unam.mx/Licenciatura2026/resultados/2/20205005.html,125,2648,2344,109,174,081428,,N,No presentado,,Consultar
2,Licenciatura 2026,202,20205005,CIRUJANO DENTISTA,FES ZARAGOZA,Escolarizado,https://www.dgae.unam.mx/Licenciatura2026/resultados/2/20205005.html,125,2648,2344,109,174,081451,99,,No seleccionado,,Consultar
2,Licenciatura 2026,202,20205005,CIRUJANO DENTISTA,FES ZARAGOZA,Escolarizado,https://www.dgae.unam.mx/Licenciatura2026/resultados/2/20205005.html,125,2648,2344,109,174,081465,99,,No seleccionado,,Consultar
2,Licenciatura 2026,202,20205005,CIRUJANO DENTISTA,FES ZARAGOZA,Escolarizado,https://www.dgae.unam.mx/Licenciatura2026/resultados/2/20205005.html,125,2648,2344,109,174,081473,,N,No presentado,,Consultar
2,Licenciatura 2026,202,20205005,CIRUJANO DENTISTA,FES ZARAGOZA,Escolarizado,https://www.dgae.unam.mx/Licenciatura2026/resultados/2/20205005.html,125,2648,2344,109,174,081536,35,,No seleccionado,,Consultar
2,Licenciatura 2026,202,20205005,CIRUJANO DENTISTA,FES ZARAGOZA,Escolarizado,https://www.dgae.unam.mx/Licenciatura2026/resultados/2/20205005.html,125,2648,2344,109,174,081583,36,,No seleccionado,,Consultar
2,Licenciatura 2026,202,20205005,CIRUJANO DENTISTA,FES ZARAGOZA,Escolarizado,https://www.dgae.unam.mx/Licenciatura2026/resultados/2/20205005.html,125,2648,2344,109,174,081635,63,,No seleccionado,,Consultar
2,Licenciatura 2026,202,20205005,CIRUJANO DENTISTA,FES ZARAGOZA,Escolarizado,https://www.dgae.unam.mx/Licenciatura2026/resultados/2/20205005.html,125,2648,2344,109,174,081662,48,,No seleccionado,,Consultar
2,Licenciatura 2026,202,20205005,CIRUJANO DENTISTA,FES ZARAGOZA,Escolarizado,https://www.dgae.unam.mx/Licenciatura2026/resultados/2/20205005.html,125,2648,2344,109,174,081663,50,,No seleccionado,,Consultar
2,Licenciatura 2026,202,20205005,CIRUJANO DENTISTA,FES ZARAGOZA,Escolarizado,https://www.dgae.unam.mx/Licenciatura2026/resultados/2/20205005.html,125,2648,2344,109,174,081672,,N,No presentado,,Consultar
2,Licenciatura 2026,202,20205005,CIRUJANO DENTISTA,FES ZARAGOZA,Escolarizado,https://www.dgae.unam.mx/Licenciatura2026/resultados/2/20205005.html,125,2648,2344,109,174,081690,48,,No seleccionado,,Consultar
2,Licenciatura 2026,202,20205005,CIRUJANO DENTISTA,FES ZARAGOZA,Escolarizado,https://www.dgae.unam.mx/Licenciatura2026/resultados/2/20205005.html,125,2648,2344,109,174,081704,,N,No presentado,,Consultar
2,Licenciatura 2026,202,20205005,CIRUJANO DENTISTA,FES ZARAGOZA,Escolarizado,https://www.dgae.unam.mx/Licenciatura2026/resultados/2/20205005.html,125,2648,2344,109,174,081714,80,,No seleccionado,,Consultar
2,Licenciatura 2026,202,20205005,CIRUJANO DENTISTA,FES ZARAGOZA,Escolarizado,https://www.dgae.unam.mx/Licenciatura2026/resultados/2/20205005.html,125,2648,2344,109,174,081787,57,,No seleccionado,,Consultar
2,Licenciatura 2026,202,20205005,CIRUJANO DENTISTA,FES ZARAGOZA,Escolarizado,https://www.dgae.unam.mx/Licenciatura2026/resultados/2/20205005.html,125,2648,2344,109,174,081790,30,,No seleccionado,,Consultar
2,Licenciatura 2026,202,20205005,CIRUJANO DENTISTA,FES ZARAGOZA,Escolarizado,https://www.dgae.unam.mx/Licenciatura2026/resultados/2/20205005.html,125,2648,2344,109,174,081798,92,,No seleccionado,,Consultar
2,Licenciatura 2026,202,20205005,CIRUJANO DENTISTA,FES ZARAGOZA,Escolarizado,https://www.dgae.unam.mx/Licenciatura2026/resultados/2/20205005.html,125,2648,2344,109,174,081804,65,,No seleccionado,,Consultar
2,Licenciatura 2026,202,20205005,CIRUJANO DENTISTA,FES ZARAGOZA,Escolarizado,https://www.dgae.unam.mx/Licenciatura2026/resultados/2/20205005.html,125,2648,2344,109,174,081805,111,S,Seleccionado,Cita para entregar documentación.,Consultar
2,Licenciatura 2026,202,20205005,CIRUJANO DENTISTA,FES ZARAGOZA,Escolarizado,https://www.dgae.unam.mx/Licenciatura2026/resultados/2/20205005.html,125,2648,2344,109,174,081810,66,,No seleccionado,,Consultar
2,Licenciatura 2026,202,20205005,CIRUJANO DENTISTA,FES ZARAGOZA,Escolarizado,https://www.dgae.unam.mx/Licenciatura2026/resultados/2/20205005.html,125,2648,2344,109,174,081815,96,,No seleccionado,,Consultar
2,Licenciatura 2026,202,20205005,CIRUJANO DENTISTA,FES ZARAGOZA,Escolarizado,https://www.dgae.unam.mx/Licenciatura2026/resultados/2/20205005.html,125,2648,2344,109,174,081869,77,,No seleccionado,,Consultar
2,Licenciatura 2026,202,20205005,CIRUJANO DENTISTA,FES ZARAGOZA,Escolarizado,https://www.dgae.unam.mx/Licenciatura2026/resultados/2/20205005.html,125,2648,2344,109,174,081877,39,,No seleccionado,,Consultar
2,Licenciatura 2026,202,20205005,CIRUJANO DENTISTA,FES ZARAGOZA,Escolarizado,https://www.dgae.unam.mx/Licenciatura2026/resultados/2/20205005.html,125,2648,2344,109,174,081889,,C,Cancelado,,Consultar
2,Licenciatura 2026,202,20205005,CIRUJANO DENTISTA,FES ZARAGOZA,Escolarizado,https://www.dgae.unam.mx/Licenciatura2026/resultados/2/20205005.html,125,2648,2344,109,174,081891,,N,No presentado,,Consultar
2,Licenciatura 2026,202,20205005,CIRUJANO DENTISTA,FES ZARAGOZA,Escolarizado,https://www.dgae.unam.mx/Licenciatura2026/resultados/2/20205005.html,125,2648,2344,109,174,081897,,N,No presentado,,Consultar
2,Licenciatura 2026,202,20205005,CIRUJANO DENTISTA,FES ZARAGOZA,Escolarizado,https://www.dgae.unam.mx/Licenciatura2026/resultados/2/20205005.html,125,2648,2344,109,174,081929,78,,No seleccionado,,Consultar
2,Licenciatura 2026,202,20205005,CIRUJANO DENTISTA,FES ZARAGOZA,Escolarizado,https://www.dgae.unam.mx/Licenciatura2026/resultados/2/20205005.html,125,2648,2344,109,174,081934,116,S,Seleccionado,Cita para entregar documentación.,Consultar
2,Licenciatura 2026,202,20205005,CIRUJANO DENTISTA,FES ZARAGOZA,Escolarizado,https://www.dgae.unam.mx/Licenciatura2026/resultados/2/20205005.html,125,2648,2344,109,174,081945,117,S,Seleccionado,Cita para entregar documentación.,Consultar
2,Licenciatura 2026,202,20205005,CIRUJANO DENTISTA,FES ZARAGOZA,Escolarizado,https://www.dgae.unam.mx/Licenciatura2026/resultados/2/20205005.html,125,2648,2344,109,174,081975,34,,No seleccionado,,Consultar
2,Licenciatura 2026,202,20205005,CIRUJANO DENTISTA,FES ZARAGOZA,Escolarizado,https://www.dgae.unam.mx/Licenciatura2026/resultados/2/20205005.html,125,2648,2344,109,174,082033,50,,No seleccionado,,Consultar
2,Licenciatura 2026,202,20205005,CIRUJANO DENTISTA,FES ZARAGOZA,Escolarizado,https://www.dgae.unam.mx/Licenciatura2026/resultados/2/20205005.html,125,2648,2344,109,174,082049,78,,No seleccionado,,Consultar
2,Licenciatura 2026,202,20205005,CIRUJANO DENTISTA,FES ZARAGOZA,Escolarizado,https://www.dgae.unam.mx/Licenciatura2026/resultados/2/20205005.html,125,2648,2344,109,174,082074,29,,No seleccionado,,Consultar
2,Licenciatura 2026,202,20205005,CIRUJANO DENTISTA,FES ZARAGOZA,Escolarizado,https://www.dgae.unam.mx/Licenciatura2026/resultados/2/20205005.html,125,2648,2344,109,174,082076,37,,No seleccionado,,Consultar
2,Licenciatura 2026,202,20205005,CIRUJANO DENTISTA,FES ZARAGOZA,Escolarizado,https://www.dgae.unam.mx/Licenciatura2026/resultados/2/20205005.html,125,2648,2344,109,174,082080,40,,No seleccionado,,Consultar
2,Licenciatura 2026,202,20205005,CIRUJANO DENTISTA,FES ZARAGOZA,Escolarizado,https://www.dgae.unam.mx/Licenciatura2026/resultados/2/20205005.html,125,2648,2344,109,174,082143,78,,No seleccionado,,Consultar
2,Licenciatura 2026,202,20205005,CIRUJANO DENTISTA,FES ZARAGOZA,Escolarizado,https://www.dgae.unam.mx/Licenciatura2026/resultados/2/20205005.html,125,2648,2344,109,174,082182,81,,No seleccionado,,Consultar
2,Licenciatura 2026,202,20205005,CIRUJANO DENTISTA,FES ZARAGOZA,Escolarizado,https://www.dgae.unam.mx/Licenciatura2026/resultados/2/20205005.html,125,2648,2344,109,174,082194,93,,No seleccionado,,Consultar
2,Licenciatura 2026,202,20205005,CIRUJANO DENTISTA,FES ZARAGOZA,Escolarizado,https://www.dgae.unam.mx/Licenciatura2026/resultados/2/20205005.html,125,2648,2344,109,174,082209,,N,No presentado,,Consultar
2,Licenciatura 2026,202,20205005,CIRUJANO DENTISTA,FES ZARAGOZA,Escolarizado,https://www.dgae.unam.mx/Licenciatura2026/resultados/2/20205005.html,125,2648,2344,109,174,082214,103,,No seleccionado,,Consultar
2,Licenciatura 2026,202,20205005,CIRUJANO DENTISTA,FES ZARAGOZA,Escolarizado,https://www.dgae.unam.mx/Licenciatura2026/resultados/2/20205005.html,125,2648,2344,109,174,082232,108,,No seleccionado,,Consultar
2,Licenciatura 2026,202,20205005,CIRUJANO DENTISTA,FES ZARAGOZA,Escolarizado,https://www.dgae.unam.mx/Licenciatura2026/resultados/2/20205005.html,125,2648,2344,109,174,082280,30,,No seleccionado,,Consultar
2,Licenciatura 2026,202,20205005,CIRUJANO DENTISTA,FES ZARAGOZA,Escolarizado,https://www.dgae.unam.mx/Licenciatura2026/resultados/2/20205005.html,125,2648,2344,109,174,082295,,N,No presentado,,Consultar
2,Licenciatura 2026,202,20205005,CIRUJANO DENTISTA,FES ZARAGOZA,Escolarizado,https://www.dgae.unam.mx/Licenciatura2026/resultados/2/20205005.html,125,2648,2344,109,174,082303,34,,No seleccionado,,Consultar
2,Licenciatura 2026,202,20205005,CIRUJANO DENTISTA,FES ZARAGOZA,Escolarizado,https://www.dgae.unam.mx/Licenciatura2026/resultados/2/20205005.html,125,2648,2344,109,174,082325,69,,No seleccionado,,Consultar
2,Licenciatura 2026,202,20205005,CIRUJANO DENTISTA,FES ZARAGOZA,Escolarizado,https://www.dgae.unam.mx/Licenciatura2026/resultados/2/20205005.html,125,2648,2344,109,174,082375,,N,No presentado,,Consultar
2,Licenciatura 2026,202,20205005,CIRUJANO DENTISTA,FES ZARAGOZA,Escolarizado,https://www.dgae.unam.mx/Licenciatura2026/resultados/2/20205005.html,125,2648,2344,109,174,082397,73,,No seleccionado,,Consultar
2,Licenciatura 2026,202,20205005,CIRUJANO DENTISTA,FES ZARAGOZA,Escolarizado,https://www.dgae.unam.mx/Licenciatura2026/resultados/2/20205005.html,125,2648,2344,109,174,082444,,N,No presentado,,Consultar
2,Licenciatura 2026,202,20205005,CIRUJANO DENTISTA,FES ZARAGOZA,Escolarizado,https://www.dgae.unam.mx/Licenciatura2026/resultados/2/20205005.html,125,2648,2344,109,174,082454,89,,No seleccionado,,Consultar
2,Licenciatura 2026,202,20205005,CIRUJANO DENTISTA,FES ZARAGOZA,Escolarizado,https://www.dgae.unam.mx/Licenciatura2026/resultados/2/20205005.html,125,2648,2344,109,174,082472,41,,No seleccionado,,Consultar
2,Licenciatura 2026,202,20205005,CIRUJANO DENTISTA,FES ZARAGOZA,Escolarizado,https://www.dgae.unam.mx/Licenciatura2026/resultados/2/20205005.html,125,2648,2344,109,174,082496,74,,No seleccionado,,Consultar
2,Licenciatura 2026,202,20205005,CIRUJANO DENTISTA,FES ZARAGOZA,Escolarizado,https://www.dgae.unam.mx/Licenciatura2026/resultados/2/20205005.html,125,2648,2344,109,174,082522,103,,No seleccionado,,Consultar
2,Licenciatura 2026,202,20205005,CIRUJANO DENTISTA,FES ZARAGOZA,Escolarizado,https://www.dgae.unam.mx/Licenciatura2026/resultados/2/20205005.html,125,2648,2344,109,174,082555,102,,No seleccionado,,Consultar
2,Licenciatura 2026,202,20205005,CIRUJANO DENTISTA,FES ZARAGOZA,Escolarizado,https://www.dgae.unam.mx/Licenciatura2026/resultados/2/20205005.html,125,2648,2344,109,174,082580,89,,No seleccionado,,Consultar
2,Licenciatura 2026,202,20205005,CIRUJANO DENTISTA,FES ZARAGOZA,Escolarizado,https://www.dgae.unam.mx/Licenciatura2026/resultados/2/20205005.html,125,2648,2344,109,174,082589,76,,No seleccionado,,Consultar
2,Licenciatura 2026,202,20205005,CIRUJANO DENTISTA,FES ZARAGOZA,Escolarizado,https://www.dgae.unam.mx/Licenciatura2026/resultados/2/20205005.html,125,2648,2344,109,174,082601,93,,No seleccionado,,Consultar
2,Licenciatura 2026,202,20205005,CIRUJANO DENTISTA,FES ZARAGOZA,Escolarizado,https://www.dgae.unam.mx/Licenciatura2026/resultados/2/20205005.html,125,2648,2344,109,174,082619,,N,No presentado,,Consultar
2,Licenciatura 2026,202,20205005,CIRUJANO DENTISTA,FES ZARAGOZA,Escolarizado,https://www.dgae.unam.mx/Licenciatura2026/resultados/2/20205005.html,125,2648,2344,109,174,082626,,N,No presentado,,Consultar
2,Licenciatura 2026,202,20205005,CIRUJANO DENTISTA,FES ZARAGOZA,Escolarizado,https://www.dgae.unam.mx/Licenciatura2026/resultados/2/20205005.html,125,2648,2344,109,174,082660,61,,No seleccionado,,Consultar
2,Licenciatura 2026,202,20205005,CIRUJANO DENTISTA,FES ZARAGOZA,Escolarizado,https://www.dgae.unam.mx/Licenciatura2026/resultados/2/20205005.html,125,2648,2344,109,174,082662,9,,No seleccionado,,Consultar
2,Licenciatura 2026,202,20205005,CIRUJANO DENTISTA,FES ZARAGOZA,Escolarizado,https://www.dgae.unam.mx/Licenciatura2026/resultados/2/20205005.html,125,2648,2344,109,174,082664,,N,No presentado,,Consultar
2,Licenciatura 2026,202,20205005,CIRUJANO DENTISTA,FES ZARAGOZA,Escolarizado,https://www.dgae.unam.mx/Licenciatura2026/resultados/2/20205005.html,125,2648,2344,109,174,082762,73,,No seleccionado,,Consultar
2,Licenciatura 2026,202,20205005,CIRUJANO DENTISTA,FES ZARAGOZA,Escolarizado,https://www.dgae.unam.mx/Licenciatura2026/resultados/2/20205005.html,125,2648,2344,109,174,082774,102,,No seleccionado,,Consultar
2,Licenciatura 2026,202,20205005,CIRUJANO DENTISTA,FES ZARAGOZA,Escolarizado,https://www.dgae.unam.mx/Licenciatura2026/resultados/2/20205005.html,125,2648,2344,109,174,082805,77,,No seleccionado,,Consultar
2,Licenciatura 2026,202,20205005,CIRUJANO DENTISTA,FES ZARAGOZA,Escolarizado,https://www.dgae.unam.mx/Licenciatura2026/resultados/2/20205005.html,125,2648,2344,109,174,082813,116,S,Seleccionado,Cita para entregar documentación.,Consultar
2,Licenciatura 2026,202,20205005,CIRUJANO DENTISTA,FES ZARAGOZA,Escolarizado,https://www.dgae.unam.mx/Licenciatura2026/resultados/2/20205005.html,125,2648,2344,109,174,082834,54,,No seleccionado,,Consultar
2,Licenciatura 2026,202,20205005,CIRUJANO DENTISTA,FES ZARAGOZA,Escolarizado,https://www.dgae.unam.mx/Licenciatura2026/resultados/2/20205005.html,125,2648,2344,109,174,082836,113,S,Seleccionado,Cita para entregar documentación.,Consultar
2,Licenciatura 2026,202,20205005,CIRUJANO DENTISTA,FES ZARAGOZA,Escolarizado,https://www.dgae.unam.mx/Licenciatura2026/resultados/2/20205005.html,125,2648,2344,109,174,082858,101,,No seleccionado,,Consultar
2,Licenciatura 2026,202,20205005,CIRUJANO DENTISTA,FES ZARAGOZA,Escolarizado,https://www.dgae.unam.mx/Licenciatura2026/resultados/2/20205005.html,125,2648,2344,109,174,082865,51,,No seleccionado,,Consultar
2,Licenciatura 2026,202,20205005,CIRUJANO DENTISTA,FES ZARAGOZA,Escolarizado,https://www.dgae.unam.mx/Licenciatura2026/resultados/2/20205005.html,125,2648,2344,109,174,082908,,N,No presentado,,Consultar
2,Licenciatura 2026,202,20205005,CIRUJANO DENTISTA,FES ZARAGOZA,Escolarizado,https://www.dgae.unam.mx/Licenciatura2026/resultados/2/20205005.html,125,2648,2344,109,174,082951,48,,No seleccionado,,Consultar
2,Licenciatura 2026,202,20205005,CIRUJANO DENTISTA,FES ZARAGOZA,Escolarizado,https://www.dgae.unam.mx/Licenciatura2026/resultados/2/20205005.html,125,2648,2344,109,174,083011,86,,No seleccionado,,Consultar
2,Licenciatura 2026,202,20205005,CIRUJANO DENTISTA,FES ZARAGOZA,Escolarizado,https://www.dgae.unam.mx/Licenciatura2026/resultados/2/20205005.html,125,2648,2344,109,174,083047,19,,No seleccionado,,Consultar
2,Licenciatura 2026,202,20205005,CIRUJANO DENTISTA,FES ZARAGOZA,Escolarizado,https://www.dgae.unam.mx/Licenciatura2026/resultados/2/20205005.html,125,2648,2344,109,174,083067,84,,No seleccionado,,Consultar
2,Licenciatura 2026,202,20205005,CIRUJANO DENTISTA,FES ZARAGOZA,Escolarizado,https://www.dgae.unam.mx/Licenciatura2026/resultados/2/20205005.html,125,2648,2344,109,174,083072,80,,No seleccionado,,Consultar
2,Licenciatura 2026,202,20205005,CIRUJANO DENTISTA,FES ZARAGOZA,Escolarizado,https://www.dgae.unam.mx/Licenciatura2026/resultados/2/20205005.html,125,2648,2344,109,174,083083,45,,No seleccionado,,Consultar
2,Licenciatura 2026,202,20205005,CIRUJANO DENTISTA,FES ZARAGOZA,Escolarizado,https://www.dgae.unam.mx/Licenciatura2026/resultados/2/20205005.html,125,2648,2344,109,174,083095,71,,No seleccionado,,Consultar
2,Licenciatura 2026,202,20205005,CIRUJANO DENTISTA,FES ZARAGOZA,Escolarizado,https://www.dgae.unam.mx/Licenciatura2026/resultados/2/20205005.html,125,2648,2344,109,174,083146,84,,No seleccionado,,Consultar
2,Licenciatura 2026,202,20205005,CIRUJANO DENTISTA,FES ZARAGOZA,Escolarizado,https://www.dgae.unam.mx/Licenciatura2026/resultados/2/20205005.html,125,2648,2344,109,174,083156,46,,No seleccionado,,Consultar
2,Licenciatura 2026,202,20205005,CIRUJANO DENTISTA,FES ZARAGOZA,Escolarizado,https://www.dgae.unam.mx/Licenciatura2026/resultados/2/20205005.html,125,2648,2344,109,174,083221,,N,No presentado,,Consultar
2,Licenciatura 2026,202,20205005,CIRUJANO DENTISTA,FES ZARAGOZA,Escolarizado,https://www.dgae.unam.mx/Licenciatura2026/resultados/2/20205005.html,125,2648,2344,109,174,083253,62,,No seleccionado,,Consultar
2,Licenciatura 2026,202,20205005,CIRUJANO DENTISTA,FES ZARAGOZA,Escolarizado,https://www.dgae.unam.mx/Licenciatura2026/resultados/2/20205005.html,125,2648,2344,109,174,083269,109,S,Seleccionado,Cita para entregar documentación.,Consultar
2,Licenciatura 2026,202,20205005,CIRUJANO DENTISTA,FES ZARAGOZA,Escolarizado,https://www.dgae.unam.mx/Licenciatura2026/resultados/2/20205005.html,125,2648,2344,109,174,083301,104,,No seleccionado,,Consultar
2,Licenciatura 2026,202,20205005,CIRUJANO DENTISTA,FES ZARAGOZA,Escolarizado,https://www.dgae.unam.mx/Licenciatura2026/resultados/2/20205005.html,125,2648,2344,109,174,083304,74,,No seleccionado,,Consultar
2,Licenciatura 2026,202,20205005,CIRUJANO DENTISTA,FES ZARAGOZA,Escolarizado,https://www.dgae.unam.mx/Licenciatura2026/resultados/2/20205005.html,125,2648,2344,109,174,083315,104,,No seleccionado,,Consultar
2,Licenciatura 2026,202,20205005,CIRUJANO DENTISTA,FES ZARAGOZA,Escolarizado,https://www.dgae.unam.mx/Licenciatura2026/resultados/2/20205005.html,125,2648,2344,109,174,083316,45,,No seleccionado,,Consultar
2,Licenciatura 2026,202,20205005,CIRUJANO DENTISTA,FES ZARAGOZA,Escolarizado,https://www.dgae.unam.mx/Licenciatura2026/resultados/2/20205005.html,125,2648,2344,109,174,083323,51,,No seleccionado,,Consultar
2,Licenciatura 2026,202,20205005,CIRUJANO DENTISTA,FES ZARAGOZA,Escolarizado,https://www.dgae.unam.mx/Licenciatura2026/resultados/2/20205005.html,125,2648,2344,109,174,083357,39,,No seleccionado,,Consultar
2,Licenciatura 2026,202,20205005,CIRUJANO DENTISTA,FES ZARAGOZA,Escolarizado,https://www.dgae.unam.mx/Licenciatura2026/resultados/2/20205005.html,125,2648,2344,109,174,083383,106,,No seleccionado,,Consultar
2,Licenciatura 2026,202,20205005,CIRUJANO DENTISTA,FES ZARAGOZA,Escolarizado,https://www.dgae.unam.mx/Licenciatura2026/resultados/2/20205005.html,125,2648,2344,109,174,083417,101,,No seleccionado,,Consultar
2,Licenciatura 2026,202,20205005,CIRUJANO DENTISTA,FES ZARAGOZA,Escolarizado,https://www.dgae.unam.mx/Licenciatura2026/resultados/2/20205005.html,125,2648,2344,109,174,083424,28,,No seleccionado,,Consultar
2,Licenciatura 2026,202,20205005,CIRUJANO DENTISTA,FES ZARAGOZA,Escolarizado,https://www.dgae.unam.mx/Licenciatura2026/resultados/2/20205005.html,125,2648,2344,109,174,083435,71,,No seleccionado,,Consultar
2,Licenciatura 2026,202,20205005,CIRUJANO DENTISTA,FES ZARAGOZA,Escolarizado,https://www.dgae.unam.mx/Licenciatura2026/resultados/2/20205005.html,125,2648,2344,109,174,083450,99,,No seleccionado,,Consultar
2,Licenciatura 2026,202,20205005,CIRUJANO DENTISTA,FES ZARAGOZA,Escolarizado,https://www.dgae.unam.mx/Licenciatura2026/resultados/2/20205005.html,125,2648,2344,109,174,083474,99,,No seleccionado,,Consultar
2,Licenciatura 2026,202,20205005,CIRUJANO DENTISTA,FES ZARAGOZA,Escolarizado,https://www.dgae.unam.mx/Licenciatura2026/resultados/2/20205005.html,125,2648,2344,109,174,083483,32,,No seleccionado,,Consultar
2,Licenciatura 2026,202,20205005,CIRUJANO DENTISTA,FES ZARAGOZA,Escolarizado,https://www.dgae.unam.mx/Licenciatura2026/resultados/2/20205005.html,125,2648,2344,109,174,083519,65,,No seleccionado,,Consultar
2,Licenciatura 2026,202,20205005,CIRUJANO DENTISTA,FES ZARAGOZA,Escolarizado,https://www.dgae.unam.mx/Licenciatura2026/resultados/2/20205005.html,125,2648,2344,109,174,083554,97,,No seleccionado,,Consultar
2,Licenciatura 2026,202,20205005,CIRUJANO DENTISTA,FES ZARAGOZA,Escolarizado,https://www.dgae.unam.mx/Licenciatura2026/resultados/2/20205005.html,125,2648,2344,109,174,083556,71,,No seleccionado,,Consultar
2,Licenciatura 2026,202,20205005,CIRUJANO DENTISTA,FES ZARAGOZA,Escolarizado,https://www.dgae.unam.mx/Licenciatura2026/resultados/2/20205005.html,125,2648,2344,109,174,083605,39,,No seleccionado,,Consultar
2,Licenciatura 2026,202,20205005,CIRUJANO DENTISTA,FES ZARAGOZA,Escolarizado,https://www.dgae.unam.mx/Licenciatura2026/resultados/2/20205005.html,125,2648,2344,109,174,083622,52,,No seleccionado,,Consultar
2,Licenciatura 2026,202,20205005,CIRUJANO DENTISTA,FES ZARAGOZA,Escolarizado,https://www.dgae.unam.mx/Licenciatura2026/resultados/2/20205005.html,125,2648,2344,109,174,083636,27,,No seleccionado,,Consultar
2,Licenciatura 2026,202,20205005,CIRUJANO DENTISTA,FES ZARAGOZA,Escolarizado,https://www.dgae.unam.mx/Licenciatura2026/resultados/2/20205005.html,125,2648,2344,109,174,083651,72,,No seleccionado,,Consultar
2,Licenciatura 2026,202,20205005,CIRUJANO DENTISTA,FES ZARAGOZA,Escolarizado,https://www.dgae.unam.mx/Licenciatura2026/resultados/2/20205005.html,125,2648,2344,109,174,083667,100,,No seleccionado,,Consultar
2,Licenciatura 2026,202,20205005,CIRUJANO DENTISTA,FES ZARAGOZA,Escolarizado,https://www.dgae.unam.mx/Licenciatura2026/resultados/2/20205005.html,125,2648,2344,109,174,083701,82,,No seleccionado,,Consultar
2,Licenciatura 2026,202,20205005,CIRUJANO DENTISTA,FES ZARAGOZA,Escolarizado,https://www.dgae.unam.mx/Licenciatura2026/resultados/2/20205005.html,125,2648,2344,109,174,083734,44,,No seleccionado,,Consultar
2,Licenciatura 2026,202,20205005,CIRUJANO DENTISTA,FES ZARAGOZA,Escolarizado,https://www.dgae.unam.mx/Licenciatura2026/resultados/2/20205005.html,125,2648,2344,109,174,083752,100,,No seleccionado,,Consultar
2,Licenciatura 2026,202,20205005,CIRUJANO DENTISTA,FES ZARAGOZA,Escolarizado,https://www.dgae.unam.mx/Licenciatura2026/resultados/2/20205005.html,125,2648,2344,109,174,083770,,N,No presentado,,Consultar
2,Licenciatura 2026,202,20205005,CIRUJANO DENTISTA,FES ZARAGOZA,Escolarizado,https://www.dgae.unam.mx/Licenciatura2026/resultados/2/20205005.html,125,2648,2344,109,174,083796,98,,No seleccionado,,Consultar
2,Licenciatura 2026,202,20205005,CIRUJANO DENTISTA,FES ZARAGOZA,Escolarizado,https://www.dgae.unam.mx/Licenciatura2026/resultados/2/20205005.html,125,2648,2344,109,174,083797,67,,No seleccionado,,Consultar
2,Licenciatura 2026,202,20205005,CIRUJANO DENTISTA,FES ZARAGOZA,Escolarizado,https://www.dgae.unam.mx/Licenciatura2026/resultados/2/20205005.html,125,2648,2344,109,174,083803,,N,No presentado,,Consultar
2,Licenciatura 2026,202,20205005,CIRUJANO DENTISTA,FES ZARAGOZA,Escolarizado,https://www.dgae.unam.mx/Licenciatura2026/resultados/2/20205005.html,125,2648,2344,109,174,083822,28,,No seleccionado,,Consultar
2,Licenciatura 2026,202,20205005,CIRUJANO DENTISTA,FES ZARAGOZA,Escolarizado,https://www.dgae.unam.mx/Licenciatura2026/resultados/2/20205005.html,125,2648,2344,109,174,083840,95,,No seleccionado,,Consultar
2,Licenciatura 2026,202,20205005,CIRUJANO DENTISTA,FES ZARAGOZA,Escolarizado,https://www.dgae.unam.mx/Licenciatura2026/resultados/2/20205005.html,125,2648,2344,109,174,083862,94,,No seleccionado,,Consultar
2,Licenciatura 2026,202,20205005,CIRUJANO DENTISTA,FES ZARAGOZA,Escolarizado,https://www.dgae.unam.mx/Licenciatura2026/resultados/2/20205005.html,125,2648,2344,109,174,083863,107,,No seleccionado,,Consultar
2,Licenciatura 2026,202,20205005,CIRUJANO DENTISTA,FES ZARAGOZA,Escolarizado,https://www.dgae.unam.mx/Licenciatura2026/resultados/2/20205005.html,125,2648,2344,109,174,083869,39,,No seleccionado,,Consultar
2,Licenciatura 2026,202,20205005,CIRUJANO DENTISTA,FES ZARAGOZA,Escolarizado,https://www.dgae.unam.mx/Licenciatura2026/resultados/2/20205005.html,125,2648,2344,109,174,083967,90,,No seleccionado,,Consultar
2,Licenciatura 2026,202,20205005,CIRUJANO DENTISTA,FES ZARAGOZA,Escolarizado,https://www.dgae.unam.mx/Licenciatura2026/resultados/2/20205005.html,125,2648,2344,109,174,083981,96,,No seleccionado,,Consultar
2,Licenciatura 2026,202,20205005,CIRUJANO DENTISTA,FES ZARAGOZA,Escolarizado,https://www.dgae.unam.mx/Licenciatura2026/resultados/2/20205005.html,125,2648,2344,109,174,083987,27,,No seleccionado,,Consultar
2,Licenciatura 2026,202,20205005,CIRUJANO DENTISTA,FES ZARAGOZA,Escolarizado,https://www.dgae.unam.mx/Licenciatura2026/resultados/2/20205005.html,125,2648,2344,109,174,084047,39,,No seleccionado,,Consultar
2,Licenciatura 2026,202,20205005,CIRUJANO DENTISTA,FES ZARAGOZA,Escolarizado,https://www.dgae.unam.mx/Licenciatura2026/resultados/2/20205005.html,125,2648,2344,109,174,084050,32,,No seleccionado,,Consultar
2,Licenciatura 2026,202,20205005,CIRUJANO DENTISTA,FES ZARAGOZA,Escolarizado,https://www.dgae.unam.mx/Licenciatura2026/resultados/2/20205005.html,125,2648,2344,109,174,084096,84,,No seleccionado,,Consultar
2,Licenciatura 2026,202,20205005,CIRUJANO DENTISTA,FES ZARAGOZA,Escolarizado,https://www.dgae.unam.mx/Licenciatura2026/resultados/2/20205005.html,125,2648,2344,109,174,084115,36,,No seleccionado,,Consultar
2,Licenciatura 2026,202,20205005,CIRUJANO DENTISTA,FES ZARAGOZA,Escolarizado,https://www.dgae.unam.mx/Licenciatura2026/resultados/2/20205005.html,125,2648,2344,109,174,084133,48,,No seleccionado,,Consultar
2,Licenciatura 2026,202,20205005,CIRUJANO DENTISTA,FES ZARAGOZA,Escolarizado,https://www.dgae.unam.mx/Licenciatura2026/resultados/2/20205005.html,125,2648,2344,109,174,084141,,N,No presentado,,Consultar
2,Licenciatura 2026,202,20205005,CIRUJANO DENTISTA,FES ZARAGOZA,Escolarizado,https://www.dgae.unam.mx/Licenciatura2026/resultados/2/20205005.html,125,2648,2344,109,174,084167,58,,No seleccionado,,Consultar
2,Licenciatura 2026,202,20205005,CIRUJANO DENTISTA,FES ZARAGOZA,Escolarizado,https://www.dgae.unam.mx/Licenciatura2026/resultados/2/20205005.html,125,2648,2344,109,174,084268,53,,No seleccionado,,Consultar
2,Licenciatura 2026,202,20205005,CIRUJANO DENTISTA,FES ZARAGOZA,Escolarizado,https://www.dgae.unam.mx/Licenciatura2026/resultados/2/20205005.html,125,2648,2344,109,174,084279,108,,No seleccionado,,Consultar
2,Licenciatura 2026,202,20205005,CIRUJANO DENTISTA,FES ZARAGOZA,Escolarizado,https://www.dgae.unam.mx/Licenciatura2026/resultados/2/20205005.html,125,2648,2344,109,174,084296,,N,No presentado,,Consultar
2,Licenciatura 2026,202,20205005,CIRUJANO DENTISTA,FES ZARAGOZA,Escolarizado,https://www.dgae.unam.mx/Licenciatura2026/resultados/2/20205005.html,125,2648,2344,109,174,084303,64,,No seleccionado,,Consultar
2,Licenciatura 2026,202,20205005,CIRUJANO DENTISTA,FES ZARAGOZA,Escolarizado,https://www.dgae.unam.mx/Licenciatura2026/resultados/2/20205005.html,125,2648,2344,109,174,084311,35,,No seleccionado,,Consultar
2,Licenciatura 2026,202,20205005,CIRUJANO DENTISTA,FES ZARAGOZA,Escolarizado,https://www.dgae.unam.mx/Licenciatura2026/resultados/2/20205005.html,125,2648,2344,109,174,084315,88,,No seleccionado,,Consultar
2,Licenciatura 2026,202,20205005,CIRUJANO DENTISTA,FES ZARAGOZA,Escolarizado,https://www.dgae.unam.mx/Licenciatura2026/resultados/2/20205005.html,125,2648,2344,109,174,084419,57,,No seleccionado,,Consultar
2,Licenciatura 2026,202,20205005,CIRUJANO DENTISTA,FES ZARAGOZA,Escolarizado,https://www.dgae.unam.mx/Licenciatura2026/resultados/2/20205005.html,125,2648,2344,109,174,084434,26,,No seleccionado,,Consultar
2,Licenciatura 2026,202,20205005,CIRUJANO DENTISTA,FES ZARAGOZA,Escolarizado,https://www.dgae.unam.mx/Licenciatura2026/resultados/2/20205005.html,125,2648,2344,109,174,084489,29,,No seleccionado,,Consultar
2,Licenciatura 2026,202,20205005,CIRUJANO DENTISTA,FES ZARAGOZA,Escolarizado,https://www.dgae.unam.mx/Licenciatura2026/resultados/2/20205005.html,125,2648,2344,109,174,084568,99,,No seleccionado,,Consultar
2,Licenciatura 2026,202,20205005,CIRUJANO DENTISTA,FES ZARAGOZA,Escolarizado,https://www.dgae.unam.mx/Licenciatura2026/resultados/2/20205005.html,125,2648,2344,109,174,084589,37,,No seleccionado,,Consultar
2,Licenciatura 2026,202,20205005,CIRUJANO DENTISTA,FES ZARAGOZA,Escolarizado,https://www.dgae.unam.mx/Licenciatura2026/resultados/2/20205005.html,125,2648,2344,109,174,084607,36,,No seleccionado,,Consultar
2,Licenciatura 2026,202,20205005,CIRUJANO DENTISTA,FES ZARAGOZA,Escolarizado,https://www.dgae.unam.mx/Licenciatura2026/resultados/2/20205005.html,125,2648,2344,109,174,084622,109,S,Seleccionado,Cita para entregar documentación.,Consultar
2,Licenciatura 2026,202,20205005,CIRUJANO DENTISTA,FES ZARAGOZA,Escolarizado,https://www.dgae.unam.mx/Licenciatura2026/resultados/2/20205005.html,125,2648,2344,109,174,084637,102,,No seleccionado,,Consultar
2,Licenciatura 2026,202,20205005,CIRUJANO DENTISTA,FES ZARAGOZA,Escolarizado,https://www.dgae.unam.mx/Licenciatura2026/resultados/2/20205005.html,125,2648,2344,109,174,084671,37,,No seleccionado,,Consultar
2,Licenciatura 2026,202,20205005,CIRUJANO DENTISTA,FES ZARAGOZA,Escolarizado,https://www.dgae.unam.mx/Licenciatura2026/resultados/2/20205005.html,125,2648,2344,109,174,084700,119,S,Seleccionado,Cita para entregar documentación.,Consultar
2,Licenciatura 2026,202,20205005,CIRUJANO DENTISTA,FES ZARAGOZA,Escolarizado,https://www.dgae.unam.mx/Licenciatura2026/resultados/2/20205005.html,125,2648,2344,109,174,084713,89,,No seleccionado,,Consultar
2,Licenciatura 2026,202,20205005,CIRUJANO DENTISTA,FES ZARAGOZA,Escolarizado,https://www.dgae.unam.mx/Licenciatura2026/resultados/2/20205005.html,125,2648,2344,109,174,084716,107,,No seleccionado,,Consultar
2,Licenciatura 2026,202,20205005,CIRUJANO DENTISTA,FES ZARAGOZA,Escolarizado,https://www.dgae.unam.mx/Licenciatura2026/resultados/2/20205005.html,125,2648,2344,109,174,084759,61,,No seleccionado,,Consultar
2,Licenciatura 2026,202,20205005,CIRUJANO DENTISTA,FES ZARAGOZA,Escolarizado,https://www.dgae.unam.mx/Licenciatura2026/resultados/2/20205005.html,125,2648,2344,109,174,084768,34,,No seleccionado,,Consultar
2,Licenciatura 2026,202,20205005,CIRUJANO DENTISTA,FES ZARAGOZA,Escolarizado,https://www.dgae.unam.mx/Licenciatura2026/resultados/2/20205005.html,125,2648,2344,109,174,084815,,C,Cancelado,,Consultar
2,Licenciatura 2026,202,20205005,CIRUJANO DENTISTA,FES ZARAGOZA,Escolarizado,https://www.dgae.unam.mx/Licenciatura2026/resultados/2/20205005.html,125,2648,2344,109,174,084851,,C,Cancelado,,Consultar
2,Licenciatura 2026,202,20205005,CIRUJANO DENTISTA,FES ZARAGOZA,Escolarizado,https://www.dgae.unam.mx/Licenciatura2026/resultados/2/20205005.html,125,2648,2344,109,174,084855,72,,No seleccionado,,Consultar
2,Licenciatura 2026,202,20205005,CIRUJANO DENTISTA,FES ZARAGOZA,Escolarizado,https://www.dgae.unam.mx/Licenciatura2026/resultados/2/20205005.html,125,2648,2344,109,174,084925,,N,No presentado,,Consultar
2,Licenciatura 2026,202,20205005,CIRUJANO DENTISTA,FES ZARAGOZA,Escolarizado,https://www.dgae.unam.mx/Licenciatura2026/resultados/2/20205005.html,125,2648,2344,109,174,084926,47,,No seleccionado,,Consultar
2,Licenciatura 2026,202,20205005,CIRUJANO DENTISTA,FES ZARAGOZA,Escolarizado,https://www.dgae.unam.mx/Licenciatura2026/resultados/2/20205005.html,125,2648,2344,109,174,084952,100,,No seleccionado,,Consultar
2,Licenciatura 2026,202,20205005,CIRUJANO DENTISTA,FES ZARAGOZA,Escolarizado,https://www.dgae.unam.mx/Licenciatura2026/resultados/2/20205005.html,125,2648,2344,109,174,084981,87,,No seleccionado,,Consultar
2,Licenciatura 2026,202,20205005,CIRUJANO DENTISTA,FES ZARAGOZA,Escolarizado,https://www.dgae.unam.mx/Licenciatura2026/resultados/2/20205005.html,125,2648,2344,109,174,084989,66,,No seleccionado,,Consultar
2,Licenciatura 2026,202,20205005,CIRUJANO DENTISTA,FES ZARAGOZA,Escolarizado,https://www.dgae.unam.mx/Licenciatura2026/resultados/2/20205005.html,125,2648,2344,109,174,085029,109,S,Seleccionado,Cita para entregar documentación.,Consultar
2,Licenciatura 2026,202,20205005,CIRUJANO DENTISTA,FES ZARAGOZA,Escolarizado,https://www.dgae.unam.mx/Licenciatura2026/resultados/2/20205005.html,125,2648,2344,109,174,085045,64,,No seleccionado,,Consultar
2,Licenciatura 2026,202,20205005,CIRUJANO DENTISTA,FES ZARAGOZA,Escolarizado,https://www.dgae.unam.mx/Licenciatura2026/resultados/2/20205005.html,125,2648,2344,109,174,085055,65,,No seleccionado,,Consultar
2,Licenciatura 2026,202,20205005,CIRUJANO DENTISTA,FES ZARAGOZA,Escolarizado,https://www.dgae.unam.mx/Licenciatura2026/resultados/2/20205005.html,125,2648,2344,109,174,085073,,N,No presentado,,Consultar
2,Licenciatura 2026,202,20205005,CIRUJANO DENTISTA,FES ZARAGOZA,Escolarizado,https://www.dgae.unam.mx/Licenciatura2026/resultados/2/20205005.html,125,2648,2344,109,174,085194,112,S,Seleccionado,Cita para entregar documentación.,Consultar
2,Licenciatura 2026,202,20205005,CIRUJANO DENTISTA,FES ZARAGOZA,Escolarizado,https://www.dgae.unam.mx/Licenciatura2026/resultados/2/20205005.html,125,2648,2344,109,174,085224,25,,No seleccionado,,Consultar
2,Licenciatura 2026,202,20205005,CIRUJANO DENTISTA,FES ZARAGOZA,Escolarizado,https://www.dgae.unam.mx/Licenciatura2026/resultados/2/20205005.html,125,2648,2344,109,174,085226,88,,No seleccionado,,Consultar
2,Licenciatura 2026,202,20205005,CIRUJANO DENTISTA,FES ZARAGOZA,Escolarizado,https://www.dgae.unam.mx/Licenciatura2026/resultados/2/20205005.html,125,2648,2344,109,174,085242,99,,No seleccionado,,Consultar
2,Licenciatura 2026,202,20205005,CIRUJANO DENTISTA,FES ZARAGOZA,Escolarizado,https://www.dgae.unam.mx/Licenciatura2026/resultados/2/20205005.html,125,2648,2344,109,174,085309,85,,No seleccionado,,Consultar
2,Licenciatura 2026,202,20205005,CIRUJANO DENTISTA,FES ZARAGOZA,Escolarizado,https://www.dgae.unam.mx/Licenciatura2026/resultados/2/20205005.html,125,2648,2344,109,174,085318,36,,No seleccionado,,Consultar
2,Licenciatura 2026,202,20205005,CIRUJANO DENTISTA,FES ZARAGOZA,Escolarizado,https://www.dgae.unam.mx/Licenciatura2026/resultados/2/20205005.html,125,2648,2344,109,174,085339,88,,No seleccionado,,Consultar
2,Licenciatura 2026,202,20205005,CIRUJANO DENTISTA,FES ZARAGOZA,Escolarizado,https://www.dgae.unam.mx/Licenciatura2026/resultados/2/20205005.html,125,2648,2344,109,174,085361,63,,No seleccionado,,Consultar
2,Licenciatura 2026,202,20205005,CIRUJANO DENTISTA,FES ZARAGOZA,Escolarizado,https://www.dgae.unam.mx/Licenciatura2026/resultados/2/20205005.html,125,2648,2344,109,174,085383,30,,No seleccionado,,Consultar
2,Licenciatura 2026,202,20205005,CIRUJANO DENTISTA,FES ZARAGOZA,Escolarizado,https://www.dgae.unam.mx/Licenciatura2026/resultados/2/20205005.html,125,2648,2344,109,174,085395,94,,No seleccionado,,Consultar
2,Licenciatura 2026,202,20205005,CIRUJANO DENTISTA,FES ZARAGOZA,Escolarizado,https://www.dgae.unam.mx/Licenciatura2026/resultados/2/20205005.html,125,2648,2344,109,174,085487,24,,No seleccionado,,Consultar
2,Licenciatura 2026,202,20205005,CIRUJANO DENTISTA,FES ZARAGOZA,Escolarizado,https://www.dgae.unam.mx/Licenciatura2026/resultados/2/20205005.html,125,2648,2344,109,174,085490,,N,No presentado,,Consultar
2,Licenciatura 2026,202,20205005,CIRUJANO DENTISTA,FES ZARAGOZA,Escolarizado,https://www.dgae.unam.mx/Licenciatura2026/resultados/2/20205005.html,125,2648,2344,109,174,085522,99,,No seleccionado,,Consultar
2,Licenciatura 2026,202,20205005,CIRUJANO DENTISTA,FES ZARAGOZA,Escolarizado,https://www.dgae.unam.mx/Licenciatura2026/resultados/2/20205005.html,125,2648,2344,109,174,085530,106,,No seleccionado,,Consultar
2,Licenciatura 2026,202,20205005,CIRUJANO DENTISTA,FES ZARAGOZA,Escolarizado,https://www.dgae.unam.mx/Licenciatura2026/resultados/2/20205005.html,125,2648,2344,109,174,085551,110,S,Seleccionado,Cita para entregar documentación.,Consultar
2,Licenciatura 2026,202,20205005,CIRUJANO DENTISTA,FES ZARAGOZA,Escolarizado,https://www.dgae.unam.mx/Licenciatura2026/resultados/2/20205005.html,125,2648,2344,109,174,085553,45,,No seleccionado,,Consultar
2,Licenciatura 2026,202,20205005,CIRUJANO DENTISTA,FES ZARAGOZA,Escolarizado,https://www.dgae.unam.mx/Licenciatura2026/resultados/2/20205005.html,125,2648,2344,109,174,085591,26,,No seleccionado,,Consultar
2,Licenciatura 2026,202,20205005,CIRUJANO DENTISTA,FES ZARAGOZA,Escolarizado,https://www.dgae.unam.mx/Licenciatura2026/resultados/2/20205005.html,125,2648,2344,109,174,085602,80,,No seleccionado,,Consultar
2,Licenciatura 2026,202,20205005,CIRUJANO DENTISTA,FES ZARAGOZA,Escolarizado,https://www.dgae.unam.mx/Licenciatura2026/resultados/2/20205005.html,125,2648,2344,109,174,085610,48,,No seleccionado,,Consultar
2,Licenciatura 2026,202,20205005,CIRUJANO DENTISTA,FES ZARAGOZA,Escolarizado,https://www.dgae.unam.mx/Licenciatura2026/resultados/2/20205005.html,125,2648,2344,109,174,085655,84,,No seleccionado,,Consultar
2,Licenciatura 2026,202,20205005,CIRUJANO DENTISTA,FES ZARAGOZA,Escolarizado,https://www.dgae.unam.mx/Licenciatura2026/resultados/2/20205005.html,125,2648,2344,109,174,085686,53,,No seleccionado,,Consultar
2,Licenciatura 2026,202,20205005,CIRUJANO DENTISTA,FES ZARAGOZA,Escolarizado,https://www.dgae.unam.mx/Licenciatura2026/resultados/2/20205005.html,125,2648,2344,109,174,085701,64,,No seleccionado,,Consultar
2,Licenciatura 2026,202,20205005,CIRUJANO DENTISTA,FES ZARAGOZA,Escolarizado,https://www.dgae.unam.mx/Licenciatura2026/resultados/2/20205005.html,125,2648,2344,109,174,085704,46,,No seleccionado,,Consultar
2,Licenciatura 2026,202,20205005,CIRUJANO DENTISTA,FES ZARAGOZA,Escolarizado,https://www.dgae.unam.mx/Licenciatura2026/resultados/2/20205005.html,125,2648,2344,109,174,085751,119,S,Seleccionado,Cita para entregar documentación.,Consultar
2,Licenciatura 2026,202,20205005,CIRUJANO DENTISTA,FES ZARAGOZA,Escolarizado,https://www.dgae.unam.mx/Licenciatura2026/resultados/2/20205005.html,125,2648,2344,109,174,085759,101,,No seleccionado,,Consultar
2,Licenciatura 2026,202,20205005,CIRUJANO DENTISTA,FES ZARAGOZA,Escolarizado,https://www.dgae.unam.mx/Licenciatura2026/resultados/2/20205005.html,125,2648,2344,109,174,085824,,C,Cancelado,,Consultar
2,Licenciatura 2026,202,20205005,CIRUJANO DENTISTA,FES ZARAGOZA,Escolarizado,https://www.dgae.unam.mx/Licenciatura2026/resultados/2/20205005.html,125,2648,2344,109,174,085873,95,,No seleccionado,,Consultar
2,Licenciatura 2026,202,20205005,CIRUJANO DENTISTA,FES ZARAGOZA,Escolarizado,https://www.dgae.unam.mx/Licenciatura2026/resultados/2/20205005.html,125,2648,2344,109,174,085876,91,,No seleccionado,,Consultar
2,Licenciatura 2026,202,20205005,CIRUJANO DENTISTA,FES ZARAGOZA,Escolarizado,https://www.dgae.unam.mx/Licenciatura2026/resultados/2/20205005.html,125,2648,2344,109,174,085925,86,,No seleccionado,,Consultar
2,Licenciatura 2026,202,20205005,CIRUJANO DENTISTA,FES ZARAGOZA,Escolarizado,https://www.dgae.unam.mx/Licenciatura2026/resultados/2/20205005.html,125,2648,2344,109,174,085944,99,,No seleccionado,,Consultar
2,Licenciatura 2026,202,20205005,CIRUJANO DENTISTA,FES ZARAGOZA,Escolarizado,https://www.dgae.unam.mx/Licenciatura2026/resultados/2/20205005.html,125,2648,2344,109,174,085945,57,,No seleccionado,,Consultar
2,Licenciatura 2026,202,20205005,CIRUJANO DENTISTA,FES ZARAGOZA,Escolarizado,https://www.dgae.unam.mx/Licenciatura2026/resultados/2/20205005.html,125,2648,2344,109,174,085982,109,S,Seleccionado,Cita para entregar documentación.,Consultar
2,Licenciatura 2026,202,20205005,CIRUJANO DENTISTA,FES ZARAGOZA,Escolarizado,https://www.dgae.unam.mx/Licenciatura2026/resultados/2/20205005.html,125,2648,2344,109,174,086028,57,,No seleccionado,,Consultar
2,Licenciatura 2026,202,20205005,CIRUJANO DENTISTA,FES ZARAGOZA,Escolarizado,https://www.dgae.unam.mx/Licenciatura2026/resultados/2/20205005.html,125,2648,2344,109,174,086068,87,,No seleccionado,,Consultar
2,Licenciatura 2026,202,20205005,CIRUJANO DENTISTA,FES ZARAGOZA,Escolarizado,https://www.dgae.unam.mx/Licenciatura2026/resultados/2/20205005.html,125,2648,2344,109,174,086069,97,,No seleccionado,,Consultar
2,Licenciatura 2026,202,20205005,CIRUJANO DENTISTA,FES ZARAGOZA,Escolarizado,https://www.dgae.unam.mx/Licenciatura2026/resultados/2/20205005.html,125,2648,2344,109,174,086080,53,,No seleccionado,,Consultar
2,Licenciatura 2026,202,20205005,CIRUJANO DENTISTA,FES ZARAGOZA,Escolarizado,https://www.dgae.unam.mx/Licenciatura2026/resultados/2/20205005.html,125,2648,2344,109,174,086084,51,,No seleccionado,,Consultar
2,Licenciatura 2026,202,20205005,CIRUJANO DENTISTA,FES ZARAGOZA,Escolarizado,https://www.dgae.unam.mx/Licenciatura2026/resultados/2/20205005.html,125,2648,2344,109,174,086103,33,,No seleccionado,,Consultar
2,Licenciatura 2026,202,20205005,CIRUJANO DENTISTA,FES ZARAGOZA,Escolarizado,https://www.dgae.unam.mx/Licenciatura2026/resultados/2/20205005.html,125,2648,2344,109,174,086105,82,,No seleccionado,,Consultar
2,Licenciatura 2026,202,20205005,CIRUJANO DENTISTA,FES ZARAGOZA,Escolarizado,https://www.dgae.unam.mx/Licenciatura2026/resultados/2/20205005.html,125,2648,2344,109,174,086107,117,S,Seleccionado,Cita para entregar documentación.,Consultar
2,Licenciatura 2026,202,20205005,CIRUJANO DENTISTA,FES ZARAGOZA,Escolarizado,https://www.dgae.unam.mx/Licenciatura2026/resultados/2/20205005.html,125,2648,2344,109,174,086119,38,,No seleccionado,,Consultar
2,Licenciatura 2026,202,20205005,CIRUJANO DENTISTA,FES ZARAGOZA,Escolarizado,https://www.dgae.unam.mx/Licenciatura2026/resultados/2/20205005.html,125,2648,2344,109,174,086164,46,,No seleccionado,,Consultar
2,Licenciatura 2026,202,20205005,CIRUJANO DENTISTA,FES ZARAGOZA,Escolarizado,https://www.dgae.unam.mx/Licenciatura2026/resultados/2/20205005.html,125,2648,2344,109,174,086256,54,,No seleccionado,,Consultar
2,Licenciatura 2026,202,20205005,CIRUJANO DENTISTA,FES ZARAGOZA,Escolarizado,https://www.dgae.unam.mx/Licenciatura2026/resultados/2/20205005.html,125,2648,2344,109,174,086292,84,,No seleccionado,,Consultar
2,Licenciatura 2026,202,20205005,CIRUJANO DENTISTA,FES ZARAGOZA,Escolarizado,https://www.dgae.unam.mx/Licenciatura2026/resultados/2/20205005.html,125,2648,2344,109,174,086357,,N,No presentado,,Consultar
2,Licenciatura 2026,202,20205005,CIRUJANO DENTISTA,FES ZARAGOZA,Escolarizado,https://www.dgae.unam.mx/Licenciatura2026/resultados/2/20205005.html,125,2648,2344,109,174,086367,117,S,Seleccionado,Cita para entregar documentación.,Consultar
2,Licenciatura 2026,202,20205005,CIRUJANO DENTISTA,FES ZARAGOZA,Escolarizado,https://www.dgae.unam.mx/Licenciatura2026/resultados/2/20205005.html,125,2648,2344,109,174,086393,68,,No seleccionado,,Consultar
2,Licenciatura 2026,202,20205005,CIRUJANO DENTISTA,FES ZARAGOZA,Escolarizado,https://www.dgae.unam.mx/Licenciatura2026/resultados/2/20205005.html,125,2648,2344,109,174,086409,104,,No seleccionado,,Consultar
2,Licenciatura 2026,202,20205005,CIRUJANO DENTISTA,FES ZARAGOZA,Escolarizado,https://www.dgae.unam.mx/Licenciatura2026/resultados/2/20205005.html,125,2648,2344,109,174,086421,70,,No seleccionado,,Consultar
2,Licenciatura 2026,202,20205005,CIRUJANO DENTISTA,FES ZARAGOZA,Escolarizado,https://www.dgae.unam.mx/Licenciatura2026/resultados/2/20205005.html,125,2648,2344,109,174,086425,,N,No presentado,,Consultar
2,Licenciatura 2026,202,20205005,CIRUJANO DENTISTA,FES ZARAGOZA,Escolarizado,https://www.dgae.unam.mx/Licenciatura2026/resultados/2/20205005.html,125,2648,2344,109,174,086426,42,,No seleccionado,,Consultar
2,Licenciatura 2026,202,20205005,CIRUJANO DENTISTA,FES ZARAGOZA,Escolarizado,https://www.dgae.unam.mx/Licenciatura2026/resultados/2/20205005.html,125,2648,2344,109,174,086427,36,,No seleccionado,,Consultar
2,Licenciatura 2026,202,20205005,CIRUJANO DENTISTA,FES ZARAGOZA,Escolarizado,https://www.dgae.unam.mx/Licenciatura2026/resultados/2/20205005.html,125,2648,2344,109,174,086429,105,,No seleccionado,,Consultar
2,Licenciatura 2026,202,20205005,CIRUJANO DENTISTA,FES ZARAGOZA,Escolarizado,https://www.dgae.unam.mx/Licenciatura2026/resultados/2/20205005.html,125,2648,2344,109,174,086522,43,,No seleccionado,,Consultar
2,Licenciatura 2026,202,20205005,CIRUJANO DENTISTA,FES ZARAGOZA,Escolarizado,https://www.dgae.unam.mx/Licenciatura2026/resultados/2/20205005.html,125,2648,2344,109,174,086545,48,,No seleccionado,,Consultar
2,Licenciatura 2026,202,20205005,CIRUJANO DENTISTA,FES ZARAGOZA,Escolarizado,https://www.dgae.unam.mx/Licenciatura2026/resultados/2/20205005.html,125,2648,2344,109,174,086551,31,,No seleccionado,,Consultar
2,Licenciatura 2026,202,20205005,CIRUJANO DENTISTA,FES ZARAGOZA,Escolarizado,https://www.dgae.unam.mx/Licenciatura2026/resultados/2/20205005.html,125,2648,2344,109,174,086562,65,,No seleccionado,,Consultar
2,Licenciatura 2026,202,20205005,CIRUJANO DENTISTA,FES ZARAGOZA,Escolarizado,https://www.dgae.unam.mx/Licenciatura2026/resultados/2/20205005.html,125,2648,2344,109,174,086564,75,,No seleccionado,,Consultar
2,Licenciatura 2026,202,20205005,CIRUJANO DENTISTA,FES ZARAGOZA,Escolarizado,https://www.dgae.unam.mx/Licenciatura2026/resultados/2/20205005.html,125,2648,2344,109,174,086633,52,,No seleccionado,,Consultar
2,Licenciatura 2026,202,20205005,CIRUJANO DENTISTA,FES ZARAGOZA,Escolarizado,https://www.dgae.unam.mx/Licenciatura2026/resultados/2/20205005.html,125,2648,2344,109,174,086657,46,,No seleccionado,,Consultar
2,Licenciatura 2026,202,20205005,CIRUJANO DENTISTA,FES ZARAGOZA,Escolarizado,https://www.dgae.unam.mx/Licenciatura2026/resultados/2/20205005.html,125,2648,2344,109,174,086659,30,,No seleccionado,,Consultar
2,Licenciatura 2026,202,20205005,CIRUJANO DENTISTA,FES ZARAGOZA,Escolarizado,https://www.dgae.unam.mx/Licenciatura2026/resultados/2/20205005.html,125,2648,2344,109,174,086704,,N,No presentado,,Consultar
2,Licenciatura 2026,202,20205005,CIRUJANO DENTISTA,FES ZARAGOZA,Escolarizado,https://www.dgae.unam.mx/Licenciatura2026/resultados/2/20205005.html,125,2648,2344,109,174,086746,86,,No seleccionado,,Consultar
2,Licenciatura 2026,202,20205005,CIRUJANO DENTISTA,FES ZARAGOZA,Escolarizado,https://www.dgae.unam.mx/Licenciatura2026/resultados/2/20205005.html,125,2648,2344,109,174,086753,98,,No seleccionado,,Consultar
2,Licenciatura 2026,202,20205005,CIRUJANO DENTISTA,FES ZARAGOZA,Escolarizado,https://www.dgae.unam.mx/Licenciatura2026/resultados/2/20205005.html,125,2648,2344,109,174,086765,44,,No seleccionado,,Consultar
2,Licenciatura 2026,202,20205005,CIRUJANO DENTISTA,FES ZARAGOZA,Escolarizado,https://www.dgae.unam.mx/Licenciatura2026/resultados/2/20205005.html,125,2648,2344,109,174,086798,96,,No seleccionado,,Consultar
2,Licenciatura 2026,202,20205005,CIRUJANO DENTISTA,FES ZARAGOZA,Escolarizado,https://www.dgae.unam.mx/Licenciatura2026/resultados/2/20205005.html,125,2648,2344,109,174,086831,,N,No presentado,,Consultar
2,Licenciatura 2026,202,20205005,CIRUJANO DENTISTA,FES ZARAGOZA,Escolarizado,https://www.dgae.unam.mx/Licenciatura2026/resultados/2/20205005.html,125,2648,2344,109,174,086853,101,,No seleccionado,,Consultar
2,Licenciatura 2026,202,20205005,CIRUJANO DENTISTA,FES ZARAGOZA,Escolarizado,https://www.dgae.unam.mx/Licenciatura2026/resultados/2/20205005.html,125,2648,2344,109,174,086870,84,,No seleccionado,,Consultar
2,Licenciatura 2026,202,20205005,CIRUJANO DENTISTA,FES ZARAGOZA,Escolarizado,https://www.dgae.unam.mx/Licenciatura2026/resultados/2/20205005.html,125,2648,2344,109,174,086879,51,,No seleccionado,,Consultar
2,Licenciatura 2026,202,20205005,CIRUJANO DENTISTA,FES ZARAGOZA,Escolarizado,https://www.dgae.unam.mx/Licenciatura2026/resultados/2/20205005.html,125,2648,2344,109,174,086931,47,,No seleccionado,,Consultar
2,Licenciatura 2026,202,20205005,CIRUJANO DENTISTA,FES ZARAGOZA,Escolarizado,https://www.dgae.unam.mx/Licenciatura2026/resultados/2/20205005.html,125,2648,2344,109,174,086955,39,,No seleccionado,,Consultar
2,Licenciatura 2026,202,20205005,CIRUJANO DENTISTA,FES ZARAGOZA,Escolarizado,https://www.dgae.unam.mx/Licenciatura2026/resultados/2/20205005.html,125,2648,2344,109,174,086956,44,,No seleccionado,,Consultar
2,Licenciatura 2026,202,20205005,CIRUJANO DENTISTA,FES ZARAGOZA,Escolarizado,https://www.dgae.unam.mx/Licenciatura2026/resultados/2/20205005.html,125,2648,2344,109,174,086957,41,,No seleccionado,,Consultar
2,Licenciatura 2026,202,20205005,CIRUJANO DENTISTA,FES ZARAGOZA,Escolarizado,https://www.dgae.unam.mx/Licenciatura2026/resultados/2/20205005.html,125,2648,2344,109,174,087017,35,,No seleccionado,,Consultar
2,Licenciatura 2026,202,20205005,CIRUJANO DENTISTA,FES ZARAGOZA,Escolarizado,https://www.dgae.unam.mx/Licenciatura2026/resultados/2/20205005.html,125,2648,2344,109,174,087066,,N,No presentado,,Consultar
2,Licenciatura 2026,202,20205005,CIRUJANO DENTISTA,FES ZARAGOZA,Escolarizado,https://www.dgae.unam.mx/Licenciatura2026/resultados/2/20205005.html,125,2648,2344,109,174,087077,79,,No seleccionado,,Consultar
2,Licenciatura 2026,202,20205005,CIRUJANO DENTISTA,FES ZARAGOZA,Escolarizado,https://www.dgae.unam.mx/Licenciatura2026/resultados/2/20205005.html,125,2648,2344,109,174,087079,107,,No seleccionado,,Consultar
2,Licenciatura 2026,202,20205005,CIRUJANO DENTISTA,FES ZARAGOZA,Escolarizado,https://www.dgae.unam.mx/Licenciatura2026/resultados/2/20205005.html,125,2648,2344,109,174,087089,84,,No seleccionado,,Consultar
2,Licenciatura 2026,202,20205005,CIRUJANO DENTISTA,FES ZARAGOZA,Escolarizado,https://www.dgae.unam.mx/Licenciatura2026/resultados/2/20205005.html,125,2648,2344,109,174,087098,,N,No presentado,,Consultar
2,Licenciatura 2026,202,20205005,CIRUJANO DENTISTA,FES ZARAGOZA,Escolarizado,https://www.dgae.unam.mx/Licenciatura2026/resultados/2/20205005.html,125,2648,2344,109,174,087108,41,,No seleccionado,,Consultar
2,Licenciatura 2026,202,20205005,CIRUJANO DENTISTA,FES ZARAGOZA,Escolarizado,https://www.dgae.unam.mx/Licenciatura2026/resultados/2/20205005.html,125,2648,2344,109,174,087125,73,,No seleccionado,,Consultar
2,Licenciatura 2026,202,20205005,CIRUJANO DENTISTA,FES ZARAGOZA,Escolarizado,https://www.dgae.unam.mx/Licenciatura2026/resultados/2/20205005.html,125,2648,2344,109,174,087143,106,,No seleccionado,,Consultar
2,Licenciatura 2026,202,20205005,CIRUJANO DENTISTA,FES ZARAGOZA,Escolarizado,https://www.dgae.unam.mx/Licenciatura2026/resultados/2/20205005.html,125,2648,2344,109,174,087153,39,,No seleccionado,,Consultar
2,Licenciatura 2026,202,20205005,CIRUJANO DENTISTA,FES ZARAGOZA,Escolarizado,https://www.dgae.unam.mx/Licenciatura2026/resultados/2/20205005.html,125,2648,2344,109,174,087197,68,,No seleccionado,,Consultar
2,Licenciatura 2026,202,20205005,CIRUJANO DENTISTA,FES ZARAGOZA,Escolarizado,https://www.dgae.unam.mx/Licenciatura2026/resultados/2/20205005.html,125,2648,2344,109,174,087199,41,,No seleccionado,,Consultar
2,Licenciatura 2026,202,20205005,CIRUJANO DENTISTA,FES ZARAGOZA,Escolarizado,https://www.dgae.unam.mx/Licenciatura2026/resultados/2/20205005.html,125,2648,2344,109,174,087203,101,,No seleccionado,,Consultar
2,Licenciatura 2026,202,20205005,CIRUJANO DENTISTA,FES ZARAGOZA,Escolarizado,https://www.dgae.unam.mx/Licenciatura2026/resultados/2/20205005.html,125,2648,2344,109,174,087267,61,,No seleccionado,,Consultar
2,Licenciatura 2026,202,20205005,CIRUJANO DENTISTA,FES ZARAGOZA,Escolarizado,https://www.dgae.unam.mx/Licenciatura2026/resultados/2/20205005.html,125,2648,2344,109,174,087286,75,,No seleccionado,,Consultar
2,Licenciatura 2026,202,20205005,CIRUJANO DENTISTA,FES ZARAGOZA,Escolarizado,https://www.dgae.unam.mx/Licenciatura2026/resultados/2/20205005.html,125,2648,2344,109,174,087318,87,,No seleccionado,,Consultar
2,Licenciatura 2026,202,20205005,CIRUJANO DENTISTA,FES ZARAGOZA,Escolarizado,https://www.dgae.unam.mx/Licenciatura2026/resultados/2/20205005.html,125,2648,2344,109,174,087349,34,,No seleccionado,,Consultar
2,Licenciatura 2026,202,20205005,CIRUJANO DENTISTA,FES ZARAGOZA,Escolarizado,https://www.dgae.unam.mx/Licenciatura2026/resultados/2/20205005.html,125,2648,2344,109,174,087402,60,,No seleccionado,,Consultar
2,Licenciatura 2026,202,20205005,CIRUJANO DENTISTA,FES ZARAGOZA,Escolarizado,https://www.dgae.unam.mx/Licenciatura2026/resultados/2/20205005.html,125,2648,2344,109,174,087462,103,,No seleccionado,,Consultar
2,Licenciatura 2026,202,20205005,CIRUJANO DENTISTA,FES ZARAGOZA,Escolarizado,https://www.dgae.unam.mx/Licenciatura2026/resultados/2/20205005.html,125,2648,2344,109,174,087467,87,,No seleccionado,,Consultar
2,Licenciatura 2026,202,20205005,CIRUJANO DENTISTA,FES ZARAGOZA,Escolarizado,https://www.dgae.unam.mx/Licenciatura2026/resultados/2/20205005.html,125,2648,2344,109,174,087509,,N,No presentado,,Consultar
2,Licenciatura 2026,202,20205005,CIRUJANO DENTISTA,FES ZARAGOZA,Escolarizado,https://www.dgae.unam.mx/Licenciatura2026/resultados/2/20205005.html,125,2648,2344,109,174,087551,55,,No seleccionado,,Consultar
2,Licenciatura 2026,202,20205005,CIRUJANO DENTISTA,FES ZARAGOZA,Escolarizado,https://www.dgae.unam.mx/Licenciatura2026/resultados/2/20205005.html,125,2648,2344,109,174,087647,94,,No seleccionado,,Consultar
2,Licenciatura 2026,202,20205005,CIRUJANO DENTISTA,FES ZARAGOZA,Escolarizado,https://www.dgae.unam.mx/Licenciatura2026/resultados/2/20205005.html,125,2648,2344,109,174,087684,39,,No seleccionado,,Consultar
2,Licenciatura 2026,202,20205005,CIRUJANO DENTISTA,FES ZARAGOZA,Escolarizado,https://www.dgae.unam.mx/Licenciatura2026/resultados/2/20205005.html,125,2648,2344,109,174,087780,45,,No seleccionado,,Consultar
2,Licenciatura 2026,202,20205005,CIRUJANO DENTISTA,FES ZARAGOZA,Escolarizado,https://www.dgae.unam.mx/Licenciatura2026/resultados/2/20205005.html,125,2648,2344,109,174,087784,90,,No seleccionado,,Consultar
2,Licenciatura 2026,202,20205005,CIRUJANO DENTISTA,FES ZARAGOZA,Escolarizado,https://www.dgae.unam.mx/Licenciatura2026/resultados/2/20205005.html,125,2648,2344,109,174,087822,39,,No seleccionado,,Consultar
2,Licenciatura 2026,202,20205005,CIRUJANO DENTISTA,FES ZARAGOZA,Escolarizado,https://www.dgae.unam.mx/Licenciatura2026/resultados/2/20205005.html,125,2648,2344,109,174,087827,90,,No seleccionado,,Consultar
2,Licenciatura 2026,202,20205005,CIRUJANO DENTISTA,FES ZARAGOZA,Escolarizado,https://www.dgae.unam.mx/Licenciatura2026/resultados/2/20205005.html,125,2648,2344,109,174,087832,62,,No seleccionado,,Consultar
2,Licenciatura 2026,202,20205005,CIRUJANO DENTISTA,FES ZARAGOZA,Escolarizado,https://www.dgae.unam.mx/Licenciatura2026/resultados/2/20205005.html,125,2648,2344,109,174,087838,,N,No presentado,,Consultar
2,Licenciatura 2026,202,20205005,CIRUJANO DENTISTA,FES ZARAGOZA,Escolarizado,https://www.dgae.unam.mx/Licenciatura2026/resultados/2/20205005.html,125,2648,2344,109,174,087847,99,,No seleccionado,,Consultar
2,Licenciatura 2026,202,20205005,CIRUJANO DENTISTA,FES ZARAGOZA,Escolarizado,https://www.dgae.unam.mx/Licenciatura2026/resultados/2/20205005.html,125,2648,2344,109,174,087849,37,,No seleccionado,,Consultar
2,Licenciatura 2026,202,20205005,CIRUJANO DENTISTA,FES ZARAGOZA,Escolarizado,https://www.dgae.unam.mx/Licenciatura2026/resultados/2/20205005.html,125,2648,2344,109,174,087886,83,,No seleccionado,,Consultar
2,Licenciatura 2026,202,20205005,CIRUJANO DENTISTA,FES ZARAGOZA,Escolarizado,https://www.dgae.unam.mx/Licenciatura2026/resultados/2/20205005.html,125,2648,2344,109,174,087904,44,,No seleccionado,,Consultar
2,Licenciatura 2026,202,20205005,CIRUJANO DENTISTA,FES ZARAGOZA,Escolarizado,https://www.dgae.unam.mx/Licenciatura2026/resultados/2/20205005.html,125,2648,2344,109,174,087922,6,,No seleccionado,,Consultar
2,Licenciatura 2026,202,20205005,CIRUJANO DENTISTA,FES ZARAGOZA,Escolarizado,https://www.dgae.unam.mx/Licenciatura2026/resultados/2/20205005.html,125,2648,2344,109,174,087976,50,,No seleccionado,,Consultar
2,Licenciatura 2026,202,20205005,CIRUJANO DENTISTA,FES ZARAGOZA,Escolarizado,https://www.dgae.unam.mx/Licenciatura2026/resultados/2/20205005.html,125,2648,2344,109,174,087979,39,,No seleccionado,,Consultar
2,Licenciatura 2026,202,20205005,CIRUJANO DENTISTA,FES ZARAGOZA,Escolarizado,https://www.dgae.unam.mx/Licenciatura2026/resultados/2/20205005.html,125,2648,2344,109,174,087998,107,,No seleccionado,,Consultar
2,Licenciatura 2026,202,20205005,CIRUJANO DENTISTA,FES ZARAGOZA,Escolarizado,https://www.dgae.unam.mx/Licenciatura2026/resultados/2/20205005.html,125,2648,2344,109,174,088002,49,,No seleccionado,,Consultar
2,Licenciatura 2026,202,20205005,CIRUJANO DENTISTA,FES ZARAGOZA,Escolarizado,https://www.dgae.unam.mx/Licenciatura2026/resultados/2/20205005.html,125,2648,2344,109,174,088112,95,,No seleccionado,,Consultar
2,Licenciatura 2026,202,20205005,CIRUJANO DENTISTA,FES ZARAGOZA,Escolarizado,https://www.dgae.unam.mx/Licenciatura2026/resultados/2/20205005.html,125,2648,2344,109,174,088144,104,,No seleccionado,,Consultar
2,Licenciatura 2026,202,20205005,CIRUJANO DENTISTA,FES ZARAGOZA,Escolarizado,https://www.dgae.unam.mx/Licenciatura2026/resultados/2/20205005.html,125,2648,2344,109,174,088149,112,S,Seleccionado,Cita para entregar documentación.,Consultar
2,Licenciatura 2026,202,20205005,CIRUJANO DENTISTA,FES ZARAGOZA,Escolarizado,https://www.dgae.unam.mx/Licenciatura2026/resultados/2/20205005.html,125,2648,2344,109,174,088166,111,S,Seleccionado,Cita para entregar documentación.,Consultar
2,Licenciatura 2026,202,20205005,CIRUJANO DENTISTA,FES ZARAGOZA,Escolarizado,https://www.dgae.unam.mx/Licenciatura2026/resultados/2/20205005.html,125,2648,2344,109,174,088226,94,,No seleccionado,,Consultar
2,Licenciatura 2026,202,20205005,CIRUJANO DENTISTA,FES ZARAGOZA,Escolarizado,https://www.dgae.unam.mx/Licenciatura2026/resultados/2/20205005.html,125,2648,2344,109,174,088250,74,,No seleccionado,,Consultar
2,Licenciatura 2026,202,20205005,CIRUJANO DENTISTA,FES ZARAGOZA,Escolarizado,https://www.dgae.unam.mx/Licenciatura2026/resultados/2/20205005.html,125,2648,2344,109,174,088326,81,,No seleccionado,,Consultar
2,Licenciatura 2026,202,20205005,CIRUJANO DENTISTA,FES ZARAGOZA,Escolarizado,https://www.dgae.unam.mx/Licenciatura2026/resultados/2/20205005.html,125,2648,2344,109,174,088366,100,,No seleccionado,,Consultar
2,Licenciatura 2026,202,20205005,CIRUJANO DENTISTA,FES ZARAGOZA,Escolarizado,https://www.dgae.unam.mx/Licenciatura2026/resultados/2/20205005.html,125,2648,2344,109,174,088381,110,S,Seleccionado,Cita para entregar documentación.,Consultar
2,Licenciatura 2026,202,20205005,CIRUJANO DENTISTA,FES ZARAGOZA,Escolarizado,https://www.dgae.unam.mx/Licenciatura2026/resultados/2/20205005.html,125,2648,2344,109,174,088389,70,,No seleccionado,,Consultar
2,Licenciatura 2026,202,20205005,CIRUJANO DENTISTA,FES ZARAGOZA,Escolarizado,https://www.dgae.unam.mx/Licenciatura2026/resultados/2/20205005.html,125,2648,2344,109,174,088398,63,,No seleccionado,,Consultar
2,Licenciatura 2026,202,20205005,CIRUJANO DENTISTA,FES ZARAGOZA,Escolarizado,https://www.dgae.unam.mx/Licenciatura2026/resultados/2/20205005.html,125,2648,2344,109,174,088406,46,,No seleccionado,,Consultar
2,Licenciatura 2026,202,20205005,CIRUJANO DENTISTA,FES ZARAGOZA,Escolarizado,https://www.dgae.unam.mx/Licenciatura2026/resultados/2/20205005.html,125,2648,2344,109,174,088423,84,,No seleccionado,,Consultar
2,Licenciatura 2026,202,20205005,CIRUJANO DENTISTA,FES ZARAGOZA,Escolarizado,https://www.dgae.unam.mx/Licenciatura2026/resultados/2/20205005.html,125,2648,2344,109,174,088427,52,,No seleccionado,,Consultar
2,Licenciatura 2026,202,20205005,CIRUJANO DENTISTA,FES ZARAGOZA,Escolarizado,https://www.dgae.unam.mx/Licenciatura2026/resultados/2/20205005.html,125,2648,2344,109,174,088429,,C,Cancelado,,Consultar
2,Licenciatura 2026,202,20205005,CIRUJANO DENTISTA,FES ZARAGOZA,Escolarizado,https://www.dgae.unam.mx/Licenciatura2026/resultados/2/20205005.html,125,2648,2344,109,174,088434,95,,No seleccionado,,Consultar
2,Licenciatura 2026,202,20205005,CIRUJANO DENTISTA,FES ZARAGOZA,Escolarizado,https://www.dgae.unam.mx/Licenciatura2026/resultados/2/20205005.html,125,2648,2344,109,174,088492,44,,No seleccionado,,Consultar
2,Licenciatura 2026,202,20205005,CIRUJANO DENTISTA,FES ZARAGOZA,Escolarizado,https://www.dgae.unam.mx/Licenciatura2026/resultados/2/20205005.html,125,2648,2344,109,174,088506,29,,No seleccionado,,Consultar
2,Licenciatura 2026,202,20205005,CIRUJANO DENTISTA,FES ZARAGOZA,Escolarizado,https://www.dgae.unam.mx/Licenciatura2026/resultados/2/20205005.html,125,2648,2344,109,174,088513,68,,No seleccionado,,Consultar
2,Licenciatura 2026,202,20205005,CIRUJANO DENTISTA,FES ZARAGOZA,Escolarizado,https://www.dgae.unam.mx/Licenciatura2026/resultados/2/20205005.html,125,2648,2344,109,174,088568,,N,No presentado,,Consultar
2,Licenciatura 2026,202,20205005,CIRUJANO DENTISTA,FES ZARAGOZA,Escolarizado,https://www.dgae.unam.mx/Licenciatura2026/resultados/2/20205005.html,125,2648,2344,109,174,088586,44,,No seleccionado,,Consultar
2,Licenciatura 2026,202,20205005,CIRUJANO DENTISTA,FES ZARAGOZA,Escolarizado,https://www.dgae.unam.mx/Licenciatura2026/resultados/2/20205005.html,125,2648,2344,109,174,088617,67,,No seleccionado,,Consultar
2,Licenciatura 2026,202,20205005,CIRUJANO DENTISTA,FES ZARAGOZA,Escolarizado,https://www.dgae.unam.mx/Licenciatura2026/resultados/2/20205005.html,125,2648,2344,109,174,088631,40,,No seleccionado,,Consultar
2,Licenciatura 2026,202,20205005,CIRUJANO DENTISTA,FES ZARAGOZA,Escolarizado,https://www.dgae.unam.mx/Licenciatura2026/resultados/2/20205005.html,125,2648,2344,109,174,088675,71,,No seleccionado,,Consultar
2,Licenciatura 2026,202,20205005,CIRUJANO DENTISTA,FES ZARAGOZA,Escolarizado,https://www.dgae.unam.mx/Licenciatura2026/resultados/2/20205005.html,125,2648,2344,109,174,088704,,N,No presentado,,Consultar
2,Licenciatura 2026,202,20205005,CIRUJANO DENTISTA,FES ZARAGOZA,Escolarizado,https://www.dgae.unam.mx/Licenciatura2026/resultados/2/20205005.html,125,2648,2344,109,174,088719,72,,No seleccionado,,Consultar
2,Licenciatura 2026,202,20205005,CIRUJANO DENTISTA,FES ZARAGOZA,Escolarizado,https://www.dgae.unam.mx/Licenciatura2026/resultados/2/20205005.html,125,2648,2344,109,174,088729,50,,No seleccionado,,Consultar
2,Licenciatura 2026,202,20205005,CIRUJANO DENTISTA,FES ZARAGOZA,Escolarizado,https://www.dgae.unam.mx/Licenciatura2026/resultados/2/20205005.html,125,2648,2344,109,174,088731,41,,No seleccionado,,Consultar
2,Licenciatura 2026,202,20205005,CIRUJANO DENTISTA,FES ZARAGOZA,Escolarizado,https://www.dgae.unam.mx/Licenciatura2026/resultados/2/20205005.html,125,2648,2344,109,174,088746,,N,No presentado,,Consultar
2,Licenciatura 2026,202,20205005,CIRUJANO DENTISTA,FES ZARAGOZA,Escolarizado,https://www.dgae.unam.mx/Licenciatura2026/resultados/2/20205005.html,125,2648,2344,109,174,088752,33,,No seleccionado,,Consultar
2,Licenciatura 2026,202,20205005,CIRUJANO DENTISTA,FES ZARAGOZA,Escolarizado,https://www.dgae.unam.mx/Licenciatura2026/resultados/2/20205005.html,125,2648,2344,109,174,088865,,N,No presentado,,Consultar
2,Licenciatura 2026,202,20205005,CIRUJANO DENTISTA,FES ZARAGOZA,Escolarizado,https://www.dgae.unam.mx/Licenciatura2026/resultados/2/20205005.html,125,2648,2344,109,174,088879,81,,No seleccionado,,Consultar
2,Licenciatura 2026,202,20205005,CIRUJANO DENTISTA,FES ZARAGOZA,Escolarizado,https://www.dgae.unam.mx/Licenciatura2026/resultados/2/20205005.html,125,2648,2344,109,174,088910,90,,No seleccionado,,Consultar
2,Licenciatura 2026,202,20205005,CIRUJANO DENTISTA,FES ZARAGOZA,Escolarizado,https://www.dgae.unam.mx/Licenciatura2026/resultados/2/20205005.html,125,2648,2344,109,174,088944,94,,No seleccionado,,Consultar
2,Licenciatura 2026,202,20205005,CIRUJANO DENTISTA,FES ZARAGOZA,Escolarizado,https://www.dgae.unam.mx/Licenciatura2026/resultados/2/20205005.html,125,2648,2344,109,174,089020,84,,No seleccionado,,Consultar
2,Licenciatura 2026,202,20205005,CIRUJANO DENTISTA,FES ZARAGOZA,Escolarizado,https://www.dgae.unam.mx/Licenciatura2026/resultados/2/20205005.html,125,2648,2344,109,174,089021,59,,No seleccionado,,Consultar
2,Licenciatura 2026,202,20205005,CIRUJANO DENTISTA,FES ZARAGOZA,Escolarizado,https://www.dgae.unam.mx/Licenciatura2026/resultados/2/20205005.html,125,2648,2344,109,174,089066,47,,No seleccionado,,Consultar
2,Licenciatura 2026,202,20205005,CIRUJANO DENTISTA,FES ZARAGOZA,Escolarizado,https://www.dgae.unam.mx/Licenciatura2026/resultados/2/20205005.html,125,2648,2344,109,174,089106,50,,No seleccionado,,Consultar
2,Licenciatura 2026,202,20205005,CIRUJANO DENTISTA,FES ZARAGOZA,Escolarizado,https://www.dgae.unam.mx/Licenciatura2026/resultados/2/20205005.html,125,2648,2344,109,174,089116,89,,No seleccionado,,Consultar
2,Licenciatura 2026,202,20205005,CIRUJANO DENTISTA,FES ZARAGOZA,Escolarizado,https://www.dgae.unam.mx/Licenciatura2026/resultados/2/20205005.html,125,2648,2344,109,174,089143,81,,No seleccionado,,Consultar
2,Licenciatura 2026,202,20205005,CIRUJANO DENTISTA,FES ZARAGOZA,Escolarizado,https://www.dgae.unam.mx/Licenciatura2026/resultados/2/20205005.html,125,2648,2344,109,174,089146,,N,No presentado,,Consultar
2,Licenciatura 2026,202,20205005,CIRUJANO DENTISTA,FES ZARAGOZA,Escolarizado,https://www.dgae.unam.mx/Licenciatura2026/resultados/2/20205005.html,125,2648,2344,109,174,089157,44,,No seleccionado,,Consultar
2,Licenciatura 2026,202,20205005,CIRUJANO DENTISTA,FES ZARAGOZA,Escolarizado,https://www.dgae.unam.mx/Licenciatura2026/resultados/2/20205005.html,125,2648,2344,109,174,089161,,N,No presentado,,Consultar
2,Licenciatura 2026,202,20205005,CIRUJANO DENTISTA,FES ZARAGOZA,Escolarizado,https://www.dgae.unam.mx/Licenciatura2026/resultados/2/20205005.html,125,2648,2344,109,174,089163,67,,No seleccionado,,Consultar
2,Licenciatura 2026,202,20205005,CIRUJANO DENTISTA,FES ZARAGOZA,Escolarizado,https://www.dgae.unam.mx/Licenciatura2026/resultados/2/20205005.html,125,2648,2344,109,174,089164,59,,No seleccionado,,Consultar
2,Licenciatura 2026,202,20205005,CIRUJANO DENTISTA,FES ZARAGOZA,Escolarizado,https://www.dgae.unam.mx/Licenciatura2026/resultados/2/20205005.html,125,2648,2344,109,174,089174,89,,No seleccionado,,Consultar
2,Licenciatura 2026,202,20205005,CIRUJANO DENTISTA,FES ZARAGOZA,Escolarizado,https://www.dgae.unam.mx/Licenciatura2026/resultados/2/20205005.html,125,2648,2344,109,174,089195,98,,No seleccionado,,Consultar
2,Licenciatura 2026,202,20205005,CIRUJANO DENTISTA,FES ZARAGOZA,Escolarizado,https://www.dgae.unam.mx/Licenciatura2026/resultados/2/20205005.html,125,2648,2344,109,174,089199,47,,No seleccionado,,Consultar
2,Licenciatura 2026,202,20205005,CIRUJANO DENTISTA,FES ZARAGOZA,Escolarizado,https://www.dgae.unam.mx/Licenciatura2026/resultados/2/20205005.html,125,2648,2344,109,174,089216,91,,No seleccionado,,Consultar
2,Licenciatura 2026,202,20205005,CIRUJANO DENTISTA,FES ZARAGOZA,Escolarizado,https://www.dgae.unam.mx/Licenciatura2026/resultados/2/20205005.html,125,2648,2344,109,174,089227,42,,No seleccionado,,Consultar
2,Licenciatura 2026,202,20205005,CIRUJANO DENTISTA,FES ZARAGOZA,Escolarizado,https://www.dgae.unam.mx/Licenciatura2026/resultados/2/20205005.html,125,2648,2344,109,174,089240,55,,No seleccionado,,Consultar
2,Licenciatura 2026,202,20205005,CIRUJANO DENTISTA,FES ZARAGOZA,Escolarizado,https://www.dgae.unam.mx/Licenciatura2026/resultados/2/20205005.html,125,2648,2344,109,174,089246,,C,Cancelado,,Consultar
2,Licenciatura 2026,202,20205005,CIRUJANO DENTISTA,FES ZARAGOZA,Escolarizado,https://www.dgae.unam.mx/Licenciatura2026/resultados/2/20205005.html,125,2648,2344,109,174,089306,,N,No presentado,,Consultar
2,Licenciatura 2026,202,20205005,CIRUJANO DENTISTA,FES ZARAGOZA,Escolarizado,https://www.dgae.unam.mx/Licenciatura2026/resultados/2/20205005.html,125,2648,2344,109,174,089308,50,,No seleccionado,,Consultar
2,Licenciatura 2026,202,20205005,CIRUJANO DENTISTA,FES ZARAGOZA,Escolarizado,https://www.dgae.unam.mx/Licenciatura2026/resultados/2/20205005.html,125,2648,2344,109,174,089327,57,,No seleccionado,,Consultar
2,Licenciatura 2026,202,20205005,CIRUJANO DENTISTA,FES ZARAGOZA,Escolarizado,https://www.dgae.unam.mx/Licenciatura2026/resultados/2/20205005.html,125,2648,2344,109,174,089331,49,,No seleccionado,,Consultar
2,Licenciatura 2026,202,20205005,CIRUJANO DENTISTA,FES ZARAGOZA,Escolarizado,https://www.dgae.unam.mx/Licenciatura2026/resultados/2/20205005.html,125,2648,2344,109,174,089338,38,,No seleccionado,,Consultar
2,Licenciatura 2026,202,20205005,CIRUJANO DENTISTA,FES ZARAGOZA,Escolarizado,https://www.dgae.unam.mx/Licenciatura2026/resultados/2/20205005.html,125,2648,2344,109,174,089372,26,,No seleccionado,,Consultar
2,Licenciatura 2026,202,20205005,CIRUJANO DENTISTA,FES ZARAGOZA,Escolarizado,https://www.dgae.unam.mx/Licenciatura2026/resultados/2/20205005.html,125,2648,2344,109,174,089427,,N,No presentado,,Consultar
2,Licenciatura 2026,202,20205005,CIRUJANO DENTISTA,FES ZARAGOZA,Escolarizado,https://www.dgae.unam.mx/Licenciatura2026/resultados/2/20205005.html,125,2648,2344,109,174,089432,,N,No presentado,,Consultar
2,Licenciatura 2026,202,20205005,CIRUJANO DENTISTA,FES ZARAGOZA,Escolarizado,https://www.dgae.unam.mx/Licenciatura2026/resultados/2/20205005.html,125,2648,2344,109,174,089441,105,,No seleccionado,,Consultar
2,Licenciatura 2026,202,20205005,CIRUJANO DENTISTA,FES ZARAGOZA,Escolarizado,https://www.dgae.unam.mx/Licenciatura2026/resultados/2/20205005.html,125,2648,2344,109,174,089477,26,,No seleccionado,,Consultar
2,Licenciatura 2026,202,20205005,CIRUJANO DENTISTA,FES ZARAGOZA,Escolarizado,https://www.dgae.unam.mx/Licenciatura2026/resultados/2/20205005.html,125,2648,2344,109,174,089479,66,,No seleccionado,,Consultar
2,Licenciatura 2026,202,20205005,CIRUJANO DENTISTA,FES ZARAGOZA,Escolarizado,https://www.dgae.unam.mx/Licenciatura2026/resultados/2/20205005.html,125,2648,2344,109,174,089486,50,,No seleccionado,,Consultar
2,Licenciatura 2026,202,20205005,CIRUJANO DENTISTA,FES ZARAGOZA,Escolarizado,https://www.dgae.unam.mx/Licenciatura2026/resultados/2/20205005.html,125,2648,2344,109,174,089586,95,,No seleccionado,,Consultar
2,Licenciatura 2026,202,20205005,CIRUJANO DENTISTA,FES ZARAGOZA,Escolarizado,https://www.dgae.unam.mx/Licenciatura2026/resultados/2/20205005.html,125,2648,2344,109,174,089622,112,S,Seleccionado,,Consultar
2,Licenciatura 2026,202,20205005,CIRUJANO DENTISTA,FES ZARAGOZA,Escolarizado,https://www.dgae.unam.mx/Licenciatura2026/resultados/2/20205005.html,125,2648,2344,109,174,089643,44,,No seleccionado,,Consultar
2,Licenciatura 2026,202,20205005,CIRUJANO DENTISTA,FES ZARAGOZA,Escolarizado,https://www.dgae.unam.mx/Licenciatura2026/resultados/2/20205005.html,125,2648,2344,109,174,089651,,N,No presentado,,Consultar
2,Licenciatura 2026,202,20205005,CIRUJANO DENTISTA,FES ZARAGOZA,Escolarizado,https://www.dgae.unam.mx/Licenciatura2026/resultados/2/20205005.html,125,2648,2344,109,174,089656,39,,No seleccionado,,Consultar
2,Licenciatura 2026,202,20205005,CIRUJANO DENTISTA,FES ZARAGOZA,Escolarizado,https://www.dgae.unam.mx/Licenciatura2026/resultados/2/20205005.html,125,2648,2344,109,174,089686,93,,No seleccionado,,Consultar
2,Licenciatura 2026,202,20205005,CIRUJANO DENTISTA,FES ZARAGOZA,Escolarizado,https://www.dgae.unam.mx/Licenciatura2026/resultados/2/20205005.html,125,2648,2344,109,174,089709,87,,No seleccionado,,Consultar
2,Licenciatura 2026,202,20205005,CIRUJANO DENTISTA,FES ZARAGOZA,Escolarizado,https://www.dgae.unam.mx/Licenciatura2026/resultados/2/20205005.html,125,2648,2344,109,174,089744,83,,No seleccionado,,Consultar
2,Licenciatura 2026,202,20205005,CIRUJANO DENTISTA,FES ZARAGOZA,Escolarizado,https://www.dgae.unam.mx/Licenciatura2026/resultados/2/20205005.html,125,2648,2344,109,174,089772,101,,No seleccionado,,Consultar
2,Licenciatura 2026,202,20205005,CIRUJANO DENTISTA,FES ZARAGOZA,Escolarizado,https://www.dgae.unam.mx/Licenciatura2026/resultados/2/20205005.html,125,2648,2344,109,174,089852,,N,No presentado,,Consultar
2,Licenciatura 2026,202,20205005,CIRUJANO DENTISTA,FES ZARAGOZA,Escolarizado,https://www.dgae.unam.mx/Licenciatura2026/resultados/2/20205005.html,125,2648,2344,109,174,089910,30,,No seleccionado,,Consultar
2,Licenciatura 2026,202,20205005,CIRUJANO DENTISTA,FES ZARAGOZA,Escolarizado,https://www.dgae.unam.mx/Licenciatura2026/resultados/2/20205005.html,125,2648,2344,109,174,089920,78,,No seleccionado,,Consultar
2,Licenciatura 2026,202,20205005,CIRUJANO DENTISTA,FES ZARAGOZA,Escolarizado,https://www.dgae.unam.mx/Licenciatura2026/resultados/2/20205005.html,125,2648,2344,109,174,089927,107,,No seleccionado,,Consultar
2,Licenciatura 2026,202,20205005,CIRUJANO DENTISTA,FES ZARAGOZA,Escolarizado,https://www.dgae.unam.mx/Licenciatura2026/resultados/2/20205005.html,125,2648,2344,109,174,089928,69,,No seleccionado,,Consultar
2,Licenciatura 2026,202,20205005,CIRUJANO DENTISTA,FES ZARAGOZA,Escolarizado,https://www.dgae.unam.mx/Licenciatura2026/resultados/2/20205005.html,125,2648,2344,109,174,089931,90,,No seleccionado,,Consultar
2,Licenciatura 2026,202,20205005,CIRUJANO DENTISTA,FES ZARAGOZA,Escolarizado,https://www.dgae.unam.mx/Licenciatura2026/resultados/2/20205005.html,125,2648,2344,109,174,089940,65,,No seleccionado,,Consultar
2,Licenciatura 2026,202,20205005,CIRUJANO DENTISTA,FES ZARAGOZA,Escolarizado,https://www.dgae.unam.mx/Licenciatura2026/resultados/2/20205005.html,125,2648,2344,109,174,089957,91,,No seleccionado,,Consultar
2,Licenciatura 2026,202,20205005,CIRUJANO DENTISTA,FES ZARAGOZA,Escolarizado,https://www.dgae.unam.mx/Licenciatura2026/resultados/2/20205005.html,125,2648,2344,109,174,089961,108,,No seleccionado,,Consultar
2,Licenciatura 2026,202,20205005,CIRUJANO DENTISTA,FES ZARAGOZA,Escolarizado,https://www.dgae.unam.mx/Licenciatura2026/resultados/2/20205005.html,125,2648,2344,109,174,089968,64,,No seleccionado,,Consultar
2,Licenciatura 2026,202,20205005,CIRUJANO DENTISTA,FES ZARAGOZA,Escolarizado,https://www.dgae.unam.mx/Licenciatura2026/resultados/2/20205005.html,125,2648,2344,109,174,090003,107,,No seleccionado,,Consultar
2,Licenciatura 2026,202,20205005,CIRUJANO DENTISTA,FES ZARAGOZA,Escolarizado,https://www.dgae.unam.mx/Licenciatura2026/resultados/2/20205005.html,125,2648,2344,109,174,090047,104,,No seleccionado,,Consultar
2,Licenciatura 2026,202,20205005,CIRUJANO DENTISTA,FES ZARAGOZA,Escolarizado,https://www.dgae.unam.mx/Licenciatura2026/resultados/2/20205005.html,125,2648,2344,109,174,090050,,N,No presentado,,Consultar
2,Licenciatura 2026,202,20205005,CIRUJANO DENTISTA,FES ZARAGOZA,Escolarizado,https://www.dgae.unam.mx/Licenciatura2026/resultados/2/20205005.html,125,2648,2344,109,174,090079,68,,No seleccionado,,Consultar
2,Licenciatura 2026,202,20205005,CIRUJANO DENTISTA,FES ZARAGOZA,Escolarizado,https://www.dgae.unam.mx/Licenciatura2026/resultados/2/20205005.html,125,2648,2344,109,174,090096,35,,No seleccionado,,Consultar
2,Licenciatura 2026,202,20205005,CIRUJANO DENTISTA,FES ZARAGOZA,Escolarizado,https://www.dgae.unam.mx/Licenciatura2026/resultados/2/20205005.html,125,2648,2344,109,174,090166,32,,No seleccionado,,Consultar
2,Licenciatura 2026,202,20205005,CIRUJANO DENTISTA,FES ZARAGOZA,Escolarizado,https://www.dgae.unam.mx/Licenciatura2026/resultados/2/20205005.html,125,2648,2344,109,174,090230,101,,No seleccionado,,Consultar
2,Licenciatura 2026,202,20205005,CIRUJANO DENTISTA,FES ZARAGOZA,Escolarizado,https://www.dgae.unam.mx/Licenciatura2026/resultados/2/20205005.html,125,2648,2344,109,174,090234,101,,No seleccionado,,Consultar
2,Licenciatura 2026,202,20205005,CIRUJANO DENTISTA,FES ZARAGOZA,Escolarizado,https://www.dgae.unam.mx/Licenciatura2026/resultados/2/20205005.html,125,2648,2344,109,174,090259,56,,No seleccionado,,Consultar
2,Licenciatura 2026,202,20205005,CIRUJANO DENTISTA,FES ZARAGOZA,Escolarizado,https://www.dgae.unam.mx/Licenciatura2026/resultados/2/20205005.html,125,2648,2344,109,174,090324,47,,No seleccionado,,Consultar
2,Licenciatura 2026,202,20205005,CIRUJANO DENTISTA,FES ZARAGOZA,Escolarizado,https://www.dgae.unam.mx/Licenciatura2026/resultados/2/20205005.html,125,2648,2344,109,174,090330,48,,No seleccionado,,Consultar
2,Licenciatura 2026,202,20205005,CIRUJANO DENTISTA,FES ZARAGOZA,Escolarizado,https://www.dgae.unam.mx/Licenciatura2026/resultados/2/20205005.html,125,2648,2344,109,174,090360,93,,No seleccionado,,Consultar
2,Licenciatura 2026,202,20205005,CIRUJANO DENTISTA,FES ZARAGOZA,Escolarizado,https://www.dgae.unam.mx/Licenciatura2026/resultados/2/20205005.html,125,2648,2344,109,174,090365,56,,No seleccionado,,Consultar
2,Licenciatura 2026,202,20205005,CIRUJANO DENTISTA,FES ZARAGOZA,Escolarizado,https://www.dgae.unam.mx/Licenciatura2026/resultados/2/20205005.html,125,2648,2344,109,174,090378,77,,No seleccionado,,Consultar
2,Licenciatura 2026,202,20205005,CIRUJANO DENTISTA,FES ZARAGOZA,Escolarizado,https://www.dgae.unam.mx/Licenciatura2026/resultados/2/20205005.html,125,2648,2344,109,174,090450,47,,No seleccionado,,Consultar
2,Licenciatura 2026,202,20205005,CIRUJANO DENTISTA,FES ZARAGOZA,Escolarizado,https://www.dgae.unam.mx/Licenciatura2026/resultados/2/20205005.html,125,2648,2344,109,174,090488,54,,No seleccionado,,Consultar
2,Licenciatura 2026,202,20205005,CIRUJANO DENTISTA,FES ZARAGOZA,Escolarizado,https://www.dgae.unam.mx/Licenciatura2026/resultados/2/20205005.html,125,2648,2344,109,174,090496,36,,No seleccionado,,Consultar
2,Licenciatura 2026,202,20205005,CIRUJANO DENTISTA,FES ZARAGOZA,Escolarizado,https://www.dgae.unam.mx/Licenciatura2026/resultados/2/20205005.html,125,2648,2344,109,174,090502,34,,No seleccionado,,Consultar
2,Licenciatura 2026,202,20205005,CIRUJANO DENTISTA,FES ZARAGOZA,Escolarizado,https://www.dgae.unam.mx/Licenciatura2026/resultados/2/20205005.html,125,2648,2344,109,174,090515,48,,No seleccionado,,Consultar
2,Licenciatura 2026,202,20205005,CIRUJANO DENTISTA,FES ZARAGOZA,Escolarizado,https://www.dgae.unam.mx/Licenciatura2026/resultados/2/20205005.html,125,2648,2344,109,174,090516,97,,No seleccionado,,Consultar
2,Licenciatura 2026,202,20205005,CIRUJANO DENTISTA,FES ZARAGOZA,Escolarizado,https://www.dgae.unam.mx/Licenciatura2026/resultados/2/20205005.html,125,2648,2344,109,174,090551,113,S,Seleccionado,Cita para entregar documentación.,Consultar
2,Licenciatura 2026,202,20205005,CIRUJANO DENTISTA,FES ZARAGOZA,Escolarizado,https://www.dgae.unam.mx/Licenciatura2026/resultados/2/20205005.html,125,2648,2344,109,174,090590,38,,No seleccionado,,Consultar
2,Licenciatura 2026,202,20205005,CIRUJANO DENTISTA,FES ZARAGOZA,Escolarizado,https://www.dgae.unam.mx/Licenciatura2026/resultados/2/20205005.html,125,2648,2344,109,174,090598,104,,No seleccionado,,Consultar
2,Licenciatura 2026,202,20205005,CIRUJANO DENTISTA,FES ZARAGOZA,Escolarizado,https://www.dgae.unam.mx/Licenciatura2026/resultados/2/20205005.html,125,2648,2344,109,174,090639,34,,No seleccionado,,Consultar
2,Licenciatura 2026,202,20205005,CIRUJANO DENTISTA,FES ZARAGOZA,Escolarizado,https://www.dgae.unam.mx/Licenciatura2026/resultados/2/20205005.html,125,2648,2344,109,174,090640,,N,No presentado,,Consultar
2,Licenciatura 2026,202,20205005,CIRUJANO DENTISTA,FES ZARAGOZA,Escolarizado,https://www.dgae.unam.mx/Licenciatura2026/resultados/2/20205005.html,125,2648,2344,109,174,090652,46,,No seleccionado,,Consultar
2,Licenciatura 2026,202,20205005,CIRUJANO DENTISTA,FES ZARAGOZA,Escolarizado,https://www.dgae.unam.mx/Licenciatura2026/resultados/2/20205005.html,125,2648,2344,109,174,090662,112,S,Seleccionado,Cita para entregar documentación.,Consultar
2,Licenciatura 2026,202,20205005,CIRUJANO DENTISTA,FES ZARAGOZA,Escolarizado,https://www.dgae.unam.mx/Licenciatura2026/resultados/2/20205005.html,125,2648,2344,109,174,090685,108,,No seleccionado,,Consultar
2,Licenciatura 2026,202,20205005,CIRUJANO DENTISTA,FES ZARAGOZA,Escolarizado,https://www.dgae.unam.mx/Licenciatura2026/resultados/2/20205005.html,125,2648,2344,109,174,090704,92,,No seleccionado,,Consultar
2,Licenciatura 2026,202,20205005,CIRUJANO DENTISTA,FES ZARAGOZA,Escolarizado,https://www.dgae.unam.mx/Licenciatura2026/resultados/2/20205005.html,125,2648,2344,109,174,090726,50,,No seleccionado,,Consultar
2,Licenciatura 2026,202,20205005,CIRUJANO DENTISTA,FES ZARAGOZA,Escolarizado,https://www.dgae.unam.mx/Licenciatura2026/resultados/2/20205005.html,125,2648,2344,109,174,090741,96,,No seleccionado,,Consultar
2,Licenciatura 2026,202,20205005,CIRUJANO DENTISTA,FES ZARAGOZA,Escolarizado,https://www.dgae.unam.mx/Licenciatura2026/resultados/2/20205005.html,125,2648,2344,109,174,090799,,N,No presentado,,Consultar
2,Licenciatura 2026,202,20205005,CIRUJANO DENTISTA,FES ZARAGOZA,Escolarizado,https://www.dgae.unam.mx/Licenciatura2026/resultados/2/20205005.html,125,2648,2344,109,174,090807,63,,No seleccionado,,Consultar
2,Licenciatura 2026,202,20205005,CIRUJANO DENTISTA,FES ZARAGOZA,Escolarizado,https://www.dgae.unam.mx/Licenciatura2026/resultados/2/20205005.html,125,2648,2344,109,174,090851,107,,No seleccionado,,Consultar
2,Licenciatura 2026,202,20205005,CIRUJANO DENTISTA,FES ZARAGOZA,Escolarizado,https://www.dgae.unam.mx/Licenciatura2026/resultados/2/20205005.html,125,2648,2344,109,174,090854,82,,No seleccionado,,Consultar
2,Licenciatura 2026,202,20205005,CIRUJANO DENTISTA,FES ZARAGOZA,Escolarizado,https://www.dgae.unam.mx/Licenciatura2026/resultados/2/20205005.html,125,2648,2344,109,174,090873,116,S,Seleccionado,Cita para entregar documentación.,Consultar
2,Licenciatura 2026,202,20205005,CIRUJANO DENTISTA,FES ZARAGOZA,Escolarizado,https://www.dgae.unam.mx/Licenciatura2026/resultados/2/20205005.html,125,2648,2344,109,174,090898,50,,No seleccionado,,Consultar
2,Licenciatura 2026,202,20205005,CIRUJANO DENTISTA,FES ZARAGOZA,Escolarizado,https://www.dgae.unam.mx/Licenciatura2026/resultados/2/20205005.html,125,2648,2344,109,174,090911,63,,No seleccionado,,Consultar
2,Licenciatura 2026,202,20205005,CIRUJANO DENTISTA,FES ZARAGOZA,Escolarizado,https://www.dgae.unam.mx/Licenciatura2026/resultados/2/20205005.html,125,2648,2344,109,174,090912,45,,No seleccionado,,Consultar
2,Licenciatura 2026,202,20205005,CIRUJANO DENTISTA,FES ZARAGOZA,Escolarizado,https://www.dgae.unam.mx/Licenciatura2026/resultados/2/20205005.html,125,2648,2344,109,174,090920,43,,No seleccionado,,Consultar
2,Licenciatura 2026,202,20205005,CIRUJANO DENTISTA,FES ZARAGOZA,Escolarizado,https://www.dgae.unam.mx/Licenciatura2026/resultados/2/20205005.html,125,2648,2344,109,174,090959,71,,No seleccionado,,Consultar
2,Licenciatura 2026,202,20205005,CIRUJANO DENTISTA,FES ZARAGOZA,Escolarizado,https://www.dgae.unam.mx/Licenciatura2026/resultados/2/20205005.html,125,2648,2344,109,174,090960,104,,No seleccionado,,Consultar
2,Licenciatura 2026,202,20205005,CIRUJANO DENTISTA,FES ZARAGOZA,Escolarizado,https://www.dgae.unam.mx/Licenciatura2026/resultados/2/20205005.html,125,2648,2344,109,174,090977,,N,No presentado,,Consultar
2,Licenciatura 2026,202,20205005,CIRUJANO DENTISTA,FES ZARAGOZA,Escolarizado,https://www.dgae.unam.mx/Licenciatura2026/resultados/2/20205005.html,125,2648,2344,109,174,091000,74,,No seleccionado,,Consultar
2,Licenciatura 2026,202,20205005,CIRUJANO DENTISTA,FES ZARAGOZA,Escolarizado,https://www.dgae.unam.mx/Licenciatura2026/resultados/2/20205005.html,125,2648,2344,109,174,091005,76,,No seleccionado,,Consultar
2,Licenciatura 2026,202,20205005,CIRUJANO DENTISTA,FES ZARAGOZA,Escolarizado,https://www.dgae.unam.mx/Licenciatura2026/resultados/2/20205005.html,125,2648,2344,109,174,091024,45,,No seleccionado,,Consultar
2,Licenciatura 2026,202,20205005,CIRUJANO DENTISTA,FES ZARAGOZA,Escolarizado,https://www.dgae.unam.mx/Licenciatura2026/resultados/2/20205005.html,125,2648,2344,109,174,091053,77,,No seleccionado,,Consultar
2,Licenciatura 2026,202,20205005,CIRUJANO DENTISTA,FES ZARAGOZA,Escolarizado,https://www.dgae.unam.mx/Licenciatura2026/resultados/2/20205005.html,125,2648,2344,109,174,091054,72,,No seleccionado,,Consultar
2,Licenciatura 2026,202,20205005,CIRUJANO DENTISTA,FES ZARAGOZA,Escolarizado,https://www.dgae.unam.mx/Licenciatura2026/resultados/2/20205005.html,125,2648,2344,109,174,091099,36,,No seleccionado,,Consultar
2,Licenciatura 2026,202,20205005,CIRUJANO DENTISTA,FES ZARAGOZA,Escolarizado,https://www.dgae.unam.mx/Licenciatura2026/resultados/2/20205005.html,125,2648,2344,109,174,091107,83,,No seleccionado,,Consultar
2,Licenciatura 2026,202,20205005,CIRUJANO DENTISTA,FES ZARAGOZA,Escolarizado,https://www.dgae.unam.mx/Licenciatura2026/resultados/2/20205005.html,125,2648,2344,109,174,091135,48,,No seleccionado,,Consultar
2,Licenciatura 2026,202,20205005,CIRUJANO DENTISTA,FES ZARAGOZA,Escolarizado,https://www.dgae.unam.mx/Licenciatura2026/resultados/2/20205005.html,125,2648,2344,109,174,091186,32,,No seleccionado,,Consultar
2,Licenciatura 2026,202,20205005,CIRUJANO DENTISTA,FES ZARAGOZA,Escolarizado,https://www.dgae.unam.mx/Licenciatura2026/resultados/2/20205005.html,125,2648,2344,109,174,091187,58,,No seleccionado,,Consultar
2,Licenciatura 2026,202,20205005,CIRUJANO DENTISTA,FES ZARAGOZA,Escolarizado,https://www.dgae.unam.mx/Licenciatura2026/resultados/2/20205005.html,125,2648,2344,109,174,091196,86,,No seleccionado,,Consultar
2,Licenciatura 2026,202,20205005,CIRUJANO DENTISTA,FES ZARAGOZA,Escolarizado,https://www.dgae.unam.mx/Licenciatura2026/resultados/2/20205005.html,125,2648,2344,109,174,091281,108,,No seleccionado,,Consultar
2,Licenciatura 2026,202,20205005,CIRUJANO DENTISTA,FES ZARAGOZA,Escolarizado,https://www.dgae.unam.mx/Licenciatura2026/resultados/2/20205005.html,125,2648,2344,109,174,091294,37,,No seleccionado,,Consultar
2,Licenciatura 2026,202,20205005,CIRUJANO DENTISTA,FES ZARAGOZA,Escolarizado,https://www.dgae.unam.mx/Licenciatura2026/resultados/2/20205005.html,125,2648,2344,109,174,091313,67,,No seleccionado,,Consultar
2,Licenciatura 2026,202,20205005,CIRUJANO DENTISTA,FES ZARAGOZA,Escolarizado,https://www.dgae.unam.mx/Licenciatura2026/resultados/2/20205005.html,125,2648,2344,109,174,091315,47,,No seleccionado,,Consultar
2,Licenciatura 2026,202,20205005,CIRUJANO DENTISTA,FES ZARAGOZA,Escolarizado,https://www.dgae.unam.mx/Licenciatura2026/resultados/2/20205005.html,125,2648,2344,109,174,091321,74,,No seleccionado,,Consultar
2,Licenciatura 2026,202,20205005,CIRUJANO DENTISTA,FES ZARAGOZA,Escolarizado,https://www.dgae.unam.mx/Licenciatura2026/resultados/2/20205005.html,125,2648,2344,109,174,091380,92,,No seleccionado,,Consultar
2,Licenciatura 2026,202,20205005,CIRUJANO DENTISTA,FES ZARAGOZA,Escolarizado,https://www.dgae.unam.mx/Licenciatura2026/resultados/2/20205005.html,125,2648,2344,109,174,091390,77,,No seleccionado,,Consultar
2,Licenciatura 2026,202,20205005,CIRUJANO DENTISTA,FES ZARAGOZA,Escolarizado,https://www.dgae.unam.mx/Licenciatura2026/resultados/2/20205005.html,125,2648,2344,109,174,091397,33,,No seleccionado,,Consultar
2,Licenciatura 2026,202,20205005,CIRUJANO DENTISTA,FES ZARAGOZA,Escolarizado,https://www.dgae.unam.mx/Licenciatura2026/resultados/2/20205005.html,125,2648,2344,109,174,091400,,N,No presentado,,Consultar
2,Licenciatura 2026,202,20205005,CIRUJANO DENTISTA,FES ZARAGOZA,Escolarizado,https://www.dgae.unam.mx/Licenciatura2026/resultados/2/20205005.html,125,2648,2344,109,174,091490,,N,No presentado,,Consultar
2,Licenciatura 2026,202,20205005,CIRUJANO DENTISTA,FES ZARAGOZA,Escolarizado,https://www.dgae.unam.mx/Licenciatura2026/resultados/2/20205005.html,125,2648,2344,109,174,091495,49,,No seleccionado,,Consultar
2,Licenciatura 2026,202,20205005,CIRUJANO DENTISTA,FES ZARAGOZA,Escolarizado,https://www.dgae.unam.mx/Licenciatura2026/resultados/2/20205005.html,125,2648,2344,109,174,091529,47,,No seleccionado,,Consultar
2,Licenciatura 2026,202,20205005,CIRUJANO DENTISTA,FES ZARAGOZA,Escolarizado,https://www.dgae.unam.mx/Licenciatura2026/resultados/2/20205005.html,125,2648,2344,109,174,091533,73,,No seleccionado,,Consultar
2,Licenciatura 2026,202,20205005,CIRUJANO DENTISTA,FES ZARAGOZA,Escolarizado,https://www.dgae.unam.mx/Licenciatura2026/resultados/2/20205005.html,125,2648,2344,109,174,091551,117,S,Seleccionado,Cita para entregar documentación.,Consultar
2,Licenciatura 2026,202,20205005,CIRUJANO DENTISTA,FES ZARAGOZA,Escolarizado,https://www.dgae.unam.mx/Licenciatura2026/resultados/2/20205005.html,125,2648,2344,109,174,091558,54,,No seleccionado,,Consultar
2,Licenciatura 2026,202,20205005,CIRUJANO DENTISTA,FES ZARAGOZA,Escolarizado,https://www.dgae.unam.mx/Licenciatura2026/resultados/2/20205005.html,125,2648,2344,109,174,091588,67,,No seleccionado,,Consultar
2,Licenciatura 2026,202,20205005,CIRUJANO DENTISTA,FES ZARAGOZA,Escolarizado,https://www.dgae.unam.mx/Licenciatura2026/resultados/2/20205005.html,125,2648,2344,109,174,091626,70,,No seleccionado,,Consultar
2,Licenciatura 2026,202,20205005,CIRUJANO DENTISTA,FES ZARAGOZA,Escolarizado,https://www.dgae.unam.mx/Licenciatura2026/resultados/2/20205005.html,125,2648,2344,109,174,091632,41,,No seleccionado,,Consultar
2,Licenciatura 2026,202,20205005,CIRUJANO DENTISTA,FES ZARAGOZA,Escolarizado,https://www.dgae.unam.mx/Licenciatura2026/resultados/2/20205005.html,125,2648,2344,109,174,091634,46,,No seleccionado,,Consultar
2,Licenciatura 2026,202,20205005,CIRUJANO DENTISTA,FES ZARAGOZA,Escolarizado,https://www.dgae.unam.mx/Licenciatura2026/resultados/2/20205005.html,125,2648,2344,109,174,091650,113,S,Seleccionado,Cita para entregar documentación.,Consultar
2,Licenciatura 2026,202,20205005,CIRUJANO DENTISTA,FES ZARAGOZA,Escolarizado,https://www.dgae.unam.mx/Licenciatura2026/resultados/2/20205005.html,125,2648,2344,109,174,091672,85,,No seleccionado,,Consultar
2,Licenciatura 2026,202,20205005,CIRUJANO DENTISTA,FES ZARAGOZA,Escolarizado,https://www.dgae.unam.mx/Licenciatura2026/resultados/2/20205005.html,125,2648,2344,109,174,091682,63,,No seleccionado,,Consultar
2,Licenciatura 2026,202,20205005,CIRUJANO DENTISTA,FES ZARAGOZA,Escolarizado,https://www.dgae.unam.mx/Licenciatura2026/resultados/2/20205005.html,125,2648,2344,109,174,091692,,N,No presentado,,Consultar
2,Licenciatura 2026,202,20205005,CIRUJANO DENTISTA,FES ZARAGOZA,Escolarizado,https://www.dgae.unam.mx/Licenciatura2026/resultados/2/20205005.html,125,2648,2344,109,174,091721,99,,No seleccionado,,Consultar
2,Licenciatura 2026,202,20205005,CIRUJANO DENTISTA,FES ZARAGOZA,Escolarizado,https://www.dgae.unam.mx/Licenciatura2026/resultados/2/20205005.html,125,2648,2344,109,174,091733,79,,No seleccionado,,Consultar
2,Licenciatura 2026,202,20205005,CIRUJANO DENTISTA,FES ZARAGOZA,Escolarizado,https://www.dgae.unam.mx/Licenciatura2026/resultados/2/20205005.html,125,2648,2344,109,174,091734,72,,No seleccionado,,Consultar
2,Licenciatura 2026,202,20205005,CIRUJANO DENTISTA,FES ZARAGOZA,Escolarizado,https://www.dgae.unam.mx/Licenciatura2026/resultados/2/20205005.html,125,2648,2344,109,174,091751,104,,No seleccionado,,Consultar
2,Licenciatura 2026,202,20205005,CIRUJANO DENTISTA,FES ZARAGOZA,Escolarizado,https://www.dgae.unam.mx/Licenciatura2026/resultados/2/20205005.html,125,2648,2344,109,174,091791,72,,No seleccionado,,Consultar
2,Licenciatura 2026,202,20205005,CIRUJANO DENTISTA,FES ZARAGOZA,Escolarizado,https://www.dgae.unam.mx/Licenciatura2026/resultados/2/20205005.html,125,2648,2344,109,174,091816,34,,No seleccionado,,Consultar
2,Licenciatura 2026,202,20205005,CIRUJANO DENTISTA,FES ZARAGOZA,Escolarizado,https://www.dgae.unam.mx/Licenciatura2026/resultados/2/20205005.html,125,2648,2344,109,174,091825,27,,No seleccionado,,Consultar
2,Licenciatura 2026,202,20205005,CIRUJANO DENTISTA,FES ZARAGOZA,Escolarizado,https://www.dgae.unam.mx/Licenciatura2026/resultados/2/20205005.html,125,2648,2344,109,174,091856,91,,No seleccionado,,Consultar
2,Licenciatura 2026,202,20205005,CIRUJANO DENTISTA,FES ZARAGOZA,Escolarizado,https://www.dgae.unam.mx/Licenciatura2026/resultados/2/20205005.html,125,2648,2344,109,174,091866,68,,No seleccionado,,Consultar
2,Licenciatura 2026,202,20205005,CIRUJANO DENTISTA,FES ZARAGOZA,Escolarizado,https://www.dgae.unam.mx/Licenciatura2026/resultados/2/20205005.html,125,2648,2344,109,174,091917,41,,No seleccionado,,Consultar
2,Licenciatura 2026,202,20205005,CIRUJANO DENTISTA,FES ZARAGOZA,Escolarizado,https://www.dgae.unam.mx/Licenciatura2026/resultados/2/20205005.html,125,2648,2344,109,174,091960,86,,No seleccionado,,Consultar
2,Licenciatura 2026,202,20205005,CIRUJANO DENTISTA,FES ZARAGOZA,Escolarizado,https://www.dgae.unam.mx/Licenciatura2026/resultados/2/20205005.html,125,2648,2344,109,174,091988,,N,No presentado,,Consultar
2,Licenciatura 2026,202,20205005,CIRUJANO DENTISTA,FES ZARAGOZA,Escolarizado,https://www.dgae.unam.mx/Licenciatura2026/resultados/2/20205005.html,125,2648,2344,109,174,092012,42,,No seleccionado,,Consultar
2,Licenciatura 2026,202,20205005,CIRUJANO DENTISTA,FES ZARAGOZA,Escolarizado,https://www.dgae.unam.mx/Licenciatura2026/resultados/2/20205005.html,125,2648,2344,109,174,092019,65,,No seleccionado,,Consultar
2,Licenciatura 2026,202,20205005,CIRUJANO DENTISTA,FES ZARAGOZA,Escolarizado,https://www.dgae.unam.mx/Licenciatura2026/resultados/2/20205005.html,125,2648,2344,109,174,092023,,N,No presentado,,Consultar
2,Licenciatura 2026,202,20205005,CIRUJANO DENTISTA,FES ZARAGOZA,Escolarizado,https://www.dgae.unam.mx/Licenciatura2026/resultados/2/20205005.html,125,2648,2344,109,174,092040,69,,No seleccionado,,Consultar
2,Licenciatura 2026,202,20205005,CIRUJANO DENTISTA,FES ZARAGOZA,Escolarizado,https://www.dgae.unam.mx/Licenciatura2026/resultados/2/20205005.html,125,2648,2344,109,174,092043,99,,No seleccionado,,Consultar
2,Licenciatura 2026,202,20205005,CIRUJANO DENTISTA,FES ZARAGOZA,Escolarizado,https://www.dgae.unam.mx/Licenciatura2026/resultados/2/20205005.html,125,2648,2344,109,174,092063,41,,No seleccionado,,Consultar
2,Licenciatura 2026,202,20205005,CIRUJANO DENTISTA,FES ZARAGOZA,Escolarizado,https://www.dgae.unam.mx/Licenciatura2026/resultados/2/20205005.html,125,2648,2344,109,174,092070,,N,No presentado,,Consultar
2,Licenciatura 2026,202,20205005,CIRUJANO DENTISTA,FES ZARAGOZA,Escolarizado,https://www.dgae.unam.mx/Licenciatura2026/resultados/2/20205005.html,125,2648,2344,109,174,092073,89,,No seleccionado,,Consultar
2,Licenciatura 2026,202,20205005,CIRUJANO DENTISTA,FES ZARAGOZA,Escolarizado,https://www.dgae.unam.mx/Licenciatura2026/resultados/2/20205005.html,125,2648,2344,109,174,092142,99,,No seleccionado,,Consultar
2,Licenciatura 2026,202,20205005,CIRUJANO DENTISTA,FES ZARAGOZA,Escolarizado,https://www.dgae.unam.mx/Licenciatura2026/resultados/2/20205005.html,125,2648,2344,109,174,092176,50,,No seleccionado,,Consultar
2,Licenciatura 2026,202,20205005,CIRUJANO DENTISTA,FES ZARAGOZA,Escolarizado,https://www.dgae.unam.mx/Licenciatura2026/resultados/2/20205005.html,125,2648,2344,109,174,092182,95,,No seleccionado,,Consultar
2,Licenciatura 2026,202,20205005,CIRUJANO DENTISTA,FES ZARAGOZA,Escolarizado,https://www.dgae.unam.mx/Licenciatura2026/resultados/2/20205005.html,125,2648,2344,109,174,092209,48,,No seleccionado,,Consultar
2,Licenciatura 2026,202,20205005,CIRUJANO DENTISTA,FES ZARAGOZA,Escolarizado,https://www.dgae.unam.mx/Licenciatura2026/resultados/2/20205005.html,125,2648,2344,109,174,092221,41,,No seleccionado,,Consultar
2,Licenciatura 2026,202,20205005,CIRUJANO DENTISTA,FES ZARAGOZA,Escolarizado,https://www.dgae.unam.mx/Licenciatura2026/resultados/2/20205005.html,125,2648,2344,109,174,092225,33,,No seleccionado,,Consultar
2,Licenciatura 2026,202,20205005,CIRUJANO DENTISTA,FES ZARAGOZA,Escolarizado,https://www.dgae.unam.mx/Licenciatura2026/resultados/2/20205005.html,125,2648,2344,109,174,092241,,N,No presentado,,Consultar
2,Licenciatura 2026,202,20205005,CIRUJANO DENTISTA,FES ZARAGOZA,Escolarizado,https://www.dgae.unam.mx/Licenciatura2026/resultados/2/20205005.html,125,2648,2344,109,174,092246,86,,No seleccionado,,Consultar
2,Licenciatura 2026,202,20205005,CIRUJANO DENTISTA,FES ZARAGOZA,Escolarizado,https://www.dgae.unam.mx/Licenciatura2026/resultados/2/20205005.html,125,2648,2344,109,174,092268,105,,No seleccionado,,Consultar
2,Licenciatura 2026,202,20205005,CIRUJANO DENTISTA,FES ZARAGOZA,Escolarizado,https://www.dgae.unam.mx/Licenciatura2026/resultados/2/20205005.html,125,2648,2344,109,174,092272,111,S,Seleccionado,Cita para entregar documentación.,Consultar
2,Licenciatura 2026,202,20205005,CIRUJANO DENTISTA,FES ZARAGOZA,Escolarizado,https://www.dgae.unam.mx/Licenciatura2026/resultados/2/20205005.html,125,2648,2344,109,174,092298,97,,No seleccionado,,Consultar
2,Licenciatura 2026,202,20205005,CIRUJANO DENTISTA,FES ZARAGOZA,Escolarizado,https://www.dgae.unam.mx/Licenciatura2026/resultados/2/20205005.html,125,2648,2344,109,174,092299,55,,No seleccionado,,Consultar
2,Licenciatura 2026,202,20205005,CIRUJANO DENTISTA,FES ZARAGOZA,Escolarizado,https://www.dgae.unam.mx/Licenciatura2026/resultados/2/20205005.html,125,2648,2344,109,174,092348,96,,No seleccionado,,Consultar
2,Licenciatura 2026,202,20205005,CIRUJANO DENTISTA,FES ZARAGOZA,Escolarizado,https://www.dgae.unam.mx/Licenciatura2026/resultados/2/20205005.html,125,2648,2344,109,174,092369,23,,No seleccionado,,Consultar
2,Licenciatura 2026,202,20205005,CIRUJANO DENTISTA,FES ZARAGOZA,Escolarizado,https://www.dgae.unam.mx/Licenciatura2026/resultados/2/20205005.html,125,2648,2344,109,174,092377,32,,No seleccionado,,Consultar
2,Licenciatura 2026,202,20205005,CIRUJANO DENTISTA,FES ZARAGOZA,Escolarizado,https://www.dgae.unam.mx/Licenciatura2026/resultados/2/20205005.html,125,2648,2344,109,174,092384,111,S,Seleccionado,Cita para entregar documentación.,Consultar
2,Licenciatura 2026,202,20205005,CIRUJANO DENTISTA,FES ZARAGOZA,Escolarizado,https://www.dgae.unam.mx/Licenciatura2026/resultados/2/20205005.html,125,2648,2344,109,174,092404,96,,No seleccionado,,Consultar
2,Licenciatura 2026,202,20205005,CIRUJANO DENTISTA,FES ZARAGOZA,Escolarizado,https://www.dgae.unam.mx/Licenciatura2026/resultados/2/20205005.html,125,2648,2344,109,174,092430,37,,No seleccionado,,Consultar
2,Licenciatura 2026,202,20205005,CIRUJANO DENTISTA,FES ZARAGOZA,Escolarizado,https://www.dgae.unam.mx/Licenciatura2026/resultados/2/20205005.html,125,2648,2344,109,174,092457,106,,No seleccionado,,Consultar
2,Licenciatura 2026,202,20205005,CIRUJANO DENTISTA,FES ZARAGOZA,Escolarizado,https://www.dgae.unam.mx/Licenciatura2026/resultados/2/20205005.html,125,2648,2344,109,174,092483,,N,No presentado,,Consultar
2,Licenciatura 2026,202,20205005,CIRUJANO DENTISTA,FES ZARAGOZA,Escolarizado,https://www.dgae.unam.mx/Licenciatura2026/resultados/2/20205005.html,125,2648,2344,109,174,092522,95,,No seleccionado,,Consultar
2,Licenciatura 2026,202,20205005,CIRUJANO DENTISTA,FES ZARAGOZA,Escolarizado,https://www.dgae.unam.mx/Licenciatura2026/resultados/2/20205005.html,125,2648,2344,109,174,092539,37,,No seleccionado,,Consultar
2,Licenciatura 2026,202,20205005,CIRUJANO DENTISTA,FES ZARAGOZA,Escolarizado,https://www.dgae.unam.mx/Licenciatura2026/resultados/2/20205005.html,125,2648,2344,109,174,092582,115,S,Seleccionado,,Consultar
2,Licenciatura 2026,202,20205005,CIRUJANO DENTISTA,FES ZARAGOZA,Escolarizado,https://www.dgae.unam.mx/Licenciatura2026/resultados/2/20205005.html,125,2648,2344,109,174,092593,31,,No seleccionado,,Consultar
2,Licenciatura 2026,202,20205005,CIRUJANO DENTISTA,FES ZARAGOZA,Escolarizado,https://www.dgae.unam.mx/Licenciatura2026/resultados/2/20205005.html,125,2648,2344,109,174,092633,107,,No seleccionado,,Consultar
2,Licenciatura 2026,202,20205005,CIRUJANO DENTISTA,FES ZARAGOZA,Escolarizado,https://www.dgae.unam.mx/Licenciatura2026/resultados/2/20205005.html,125,2648,2344,109,174,092654,83,,No seleccionado,,Consultar
2,Licenciatura 2026,202,20205005,CIRUJANO DENTISTA,FES ZARAGOZA,Escolarizado,https://www.dgae.unam.mx/Licenciatura2026/resultados/2/20205005.html,125,2648,2344,109,174,092662,99,,No seleccionado,,Consultar
2,Licenciatura 2026,202,20205005,CIRUJANO DENTISTA,FES ZARAGOZA,Escolarizado,https://www.dgae.unam.mx/Licenciatura2026/resultados/2/20205005.html,125,2648,2344,109,174,092680,,N,No presentado,,Consultar
2,Licenciatura 2026,202,20205005,CIRUJANO DENTISTA,FES ZARAGOZA,Escolarizado,https://www.dgae.unam.mx/Licenciatura2026/resultados/2/20205005.html,125,2648,2344,109,174,092696,26,,No seleccionado,,Consultar
2,Licenciatura 2026,202,20205005,CIRUJANO DENTISTA,FES ZARAGOZA,Escolarizado,https://www.dgae.unam.mx/Licenciatura2026/resultados/2/20205005.html,125,2648,2344,109,174,092731,,N,No presentado,,Consultar
2,Licenciatura 2026,202,20205005,CIRUJANO DENTISTA,FES ZARAGOZA,Escolarizado,https://www.dgae.unam.mx/Licenciatura2026/resultados/2/20205005.html,125,2648,2344,109,174,092744,42,,No seleccionado,,Consultar
2,Licenciatura 2026,202,20205005,CIRUJANO DENTISTA,FES ZARAGOZA,Escolarizado,https://www.dgae.unam.mx/Licenciatura2026/resultados/2/20205005.html,125,2648,2344,109,174,092747,45,,No seleccionado,,Consultar
2,Licenciatura 2026,202,20205005,CIRUJANO DENTISTA,FES ZARAGOZA,Escolarizado,https://www.dgae.unam.mx/Licenciatura2026/resultados/2/20205005.html,125,2648,2344,109,174,092769,99,,No seleccionado,,Consultar
2,Licenciatura 2026,202,20205005,CIRUJANO DENTISTA,FES ZARAGOZA,Escolarizado,https://www.dgae.unam.mx/Licenciatura2026/resultados/2/20205005.html,125,2648,2344,109,174,092830,37,,No seleccionado,,Consultar
2,Licenciatura 2026,202,20205005,CIRUJANO DENTISTA,FES ZARAGOZA,Escolarizado,https://www.dgae.unam.mx/Licenciatura2026/resultados/2/20205005.html,125,2648,2344,109,174,092866,92,,No seleccionado,,Consultar
2,Licenciatura 2026,202,20205005,CIRUJANO DENTISTA,FES ZARAGOZA,Escolarizado,https://www.dgae.unam.mx/Licenciatura2026/resultados/2/20205005.html,125,2648,2344,109,174,092879,77,,No seleccionado,,Consultar
2,Licenciatura 2026,202,20205005,CIRUJANO DENTISTA,FES ZARAGOZA,Escolarizado,https://www.dgae.unam.mx/Licenciatura2026/resultados/2/20205005.html,125,2648,2344,109,174,092926,49,,No seleccionado,,Consultar
2,Licenciatura 2026,202,20205005,CIRUJANO DENTISTA,FES ZARAGOZA,Escolarizado,https://www.dgae.unam.mx/Licenciatura2026/resultados/2/20205005.html,125,2648,2344,109,174,092937,110,S,Seleccionado,Cita para entregar documentación.,Consultar
2,Licenciatura 2026,202,20205005,CIRUJANO DENTISTA,FES ZARAGOZA,Escolarizado,https://www.dgae.unam.mx/Licenciatura2026/resultados/2/20205005.html,125,2648,2344,109,174,092958,36,,No seleccionado,,Consultar
2,Licenciatura 2026,202,20205005,CIRUJANO DENTISTA,FES ZARAGOZA,Escolarizado,https://www.dgae.unam.mx/Licenciatura2026/resultados/2/20205005.html,125,2648,2344,109,174,092966,94,,No seleccionado,,Consultar
2,Licenciatura 2026,202,20205005,CIRUJANO DENTISTA,FES ZARAGOZA,Escolarizado,https://www.dgae.unam.mx/Licenciatura2026/resultados/2/20205005.html,125,2648,2344,109,174,092989,,N,No presentado,,Consultar
2,Licenciatura 2026,202,20205005,CIRUJANO DENTISTA,FES ZARAGOZA,Escolarizado,https://www.dgae.unam.mx/Licenciatura2026/resultados/2/20205005.html,125,2648,2344,109,174,093013,74,,No seleccionado,,Consultar
2,Licenciatura 2026,202,20205005,CIRUJANO DENTISTA,FES ZARAGOZA,Escolarizado,https://www.dgae.unam.mx/Licenciatura2026/resultados/2/20205005.html,125,2648,2344,109,174,093016,,N,No presentado,,Consultar
2,Licenciatura 2026,202,20205005,CIRUJANO DENTISTA,FES ZARAGOZA,Escolarizado,https://www.dgae.unam.mx/Licenciatura2026/resultados/2/20205005.html,125,2648,2344,109,174,093057,50,,No seleccionado,,Consultar
2,Licenciatura 2026,202,20205005,CIRUJANO DENTISTA,FES ZARAGOZA,Escolarizado,https://www.dgae.unam.mx/Licenciatura2026/resultados/2/20205005.html,125,2648,2344,109,174,093059,57,,No seleccionado,,Consultar
2,Licenciatura 2026,202,20205005,CIRUJANO DENTISTA,FES ZARAGOZA,Escolarizado,https://www.dgae.unam.mx/Licenciatura2026/resultados/2/20205005.html,125,2648,2344,109,174,093066,56,,No seleccionado,,Consultar
2,Licenciatura 2026,202,20205005,CIRUJANO DENTISTA,FES ZARAGOZA,Escolarizado,https://www.dgae.unam.mx/Licenciatura2026/resultados/2/20205005.html,125,2648,2344,109,174,093095,99,,No seleccionado,,Consultar
2,Licenciatura 2026,202,20205005,CIRUJANO DENTISTA,FES ZARAGOZA,Escolarizado,https://www.dgae.unam.mx/Licenciatura2026/resultados/2/20205005.html,125,2648,2344,109,174,093099,86,,No seleccionado,,Consultar
2,Licenciatura 2026,202,20205005,CIRUJANO DENTISTA,FES ZARAGOZA,Escolarizado,https://www.dgae.unam.mx/Licenciatura2026/resultados/2/20205005.html,125,2648,2344,109,174,093133,83,,No seleccionado,,Consultar
2,Licenciatura 2026,202,20205005,CIRUJANO DENTISTA,FES ZARAGOZA,Escolarizado,https://www.dgae.unam.mx/Licenciatura2026/resultados/2/20205005.html,125,2648,2344,109,174,093148,65,,No seleccionado,,Consultar
2,Licenciatura 2026,202,20205005,CIRUJANO DENTISTA,FES ZARAGOZA,Escolarizado,https://www.dgae.unam.mx/Licenciatura2026/resultados/2/20205005.html,125,2648,2344,109,174,093155,47,,No seleccionado,,Consultar
2,Licenciatura 2026,202,20205005,CIRUJANO DENTISTA,FES ZARAGOZA,Escolarizado,https://www.dgae.unam.mx/Licenciatura2026/resultados/2/20205005.html,125,2648,2344,109,174,093290,80,,No seleccionado,,Consultar
2,Licenciatura 2026,202,20205005,CIRUJANO DENTISTA,FES ZARAGOZA,Escolarizado,https://www.dgae.unam.mx/Licenciatura2026/resultados/2/20205005.html,125,2648,2344,109,174,093362,92,,No seleccionado,,Consultar
2,Licenciatura 2026,202,20205005,CIRUJANO DENTISTA,FES ZARAGOZA,Escolarizado,https://www.dgae.unam.mx/Licenciatura2026/resultados/2/20205005.html,125,2648,2344,109,174,093383,63,,No seleccionado,,Consultar
2,Licenciatura 2026,202,20205005,CIRUJANO DENTISTA,FES ZARAGOZA,Escolarizado,https://www.dgae.unam.mx/Licenciatura2026/resultados/2/20205005.html,125,2648,2344,109,174,093439,48,,No seleccionado,,Consultar
2,Licenciatura 2026,202,20205005,CIRUJANO DENTISTA,FES ZARAGOZA,Escolarizado,https://www.dgae.unam.mx/Licenciatura2026/resultados/2/20205005.html,125,2648,2344,109,174,093452,36,,No seleccionado,,Consultar
2,Licenciatura 2026,202,20205005,CIRUJANO DENTISTA,FES ZARAGOZA,Escolarizado,https://www.dgae.unam.mx/Licenciatura2026/resultados/2/20205005.html,125,2648,2344,109,174,093482,93,,No seleccionado,,Consultar
2,Licenciatura 2026,202,20205005,CIRUJANO DENTISTA,FES ZARAGOZA,Escolarizado,https://www.dgae.unam.mx/Licenciatura2026/resultados/2/20205005.html,125,2648,2344,109,174,093489,65,,No seleccionado,,Consultar
2,Licenciatura 2026,202,20205005,CIRUJANO DENTISTA,FES ZARAGOZA,Escolarizado,https://www.dgae.unam.mx/Licenciatura2026/resultados/2/20205005.html,125,2648,2344,109,174,093569,51,,No seleccionado,,Consultar
2,Licenciatura 2026,202,20205005,CIRUJANO DENTISTA,FES ZARAGOZA,Escolarizado,https://www.dgae.unam.mx/Licenciatura2026/resultados/2/20205005.html,125,2648,2344,109,174,093584,61,,No seleccionado,,Consultar
2,Licenciatura 2026,202,20205005,CIRUJANO DENTISTA,FES ZARAGOZA,Escolarizado,https://www.dgae.unam.mx/Licenciatura2026/resultados/2/20205005.html,125,2648,2344,109,174,093633,,N,No presentado,,Consultar
2,Licenciatura 2026,202,20205005,CIRUJANO DENTISTA,FES ZARAGOZA,Escolarizado,https://www.dgae.unam.mx/Licenciatura2026/resultados/2/20205005.html,125,2648,2344,109,174,093638,102,,No seleccionado,,Consultar
2,Licenciatura 2026,202,20205005,CIRUJANO DENTISTA,FES ZARAGOZA,Escolarizado,https://www.dgae.unam.mx/Licenciatura2026/resultados/2/20205005.html,125,2648,2344,109,174,093642,60,,No seleccionado,,Consultar
2,Licenciatura 2026,202,20205005,CIRUJANO DENTISTA,FES ZARAGOZA,Escolarizado,https://www.dgae.unam.mx/Licenciatura2026/resultados/2/20205005.html,125,2648,2344,109,174,093696,54,,No seleccionado,,Consultar
2,Licenciatura 2026,202,20205005,CIRUJANO DENTISTA,FES ZARAGOZA,Escolarizado,https://www.dgae.unam.mx/Licenciatura2026/resultados/2/20205005.html,125,2648,2344,109,174,093701,34,,No seleccionado,,Consultar
2,Licenciatura 2026,202,20205005,CIRUJANO DENTISTA,FES ZARAGOZA,Escolarizado,https://www.dgae.unam.mx/Licenciatura2026/resultados/2/20205005.html,125,2648,2344,109,174,093821,,N,No presentado,,Consultar
2,Licenciatura 2026,202,20205005,CIRUJANO DENTISTA,FES ZARAGOZA,Escolarizado,https://www.dgae.unam.mx/Licenciatura2026/resultados/2/20205005.html,125,2648,2344,109,174,093825,40,,No seleccionado,,Consultar
2,Licenciatura 2026,202,20205005,CIRUJANO DENTISTA,FES ZARAGOZA,Escolarizado,https://www.dgae.unam.mx/Licenciatura2026/resultados/2/20205005.html,125,2648,2344,109,174,093839,29,,No seleccionado,,Consultar
2,Licenciatura 2026,202,20205005,CIRUJANO DENTISTA,FES ZARAGOZA,Escolarizado,https://www.dgae.unam.mx/Licenciatura2026/resultados/2/20205005.html,125,2648,2344,109,174,093856,102,,No seleccionado,,Consultar
2,Licenciatura 2026,202,20205005,CIRUJANO DENTISTA,FES ZARAGOZA,Escolarizado,https://www.dgae.unam.mx/Licenciatura2026/resultados/2/20205005.html,125,2648,2344,109,174,093873,38,,No seleccionado,,Consultar
2,Licenciatura 2026,202,20205005,CIRUJANO DENTISTA,FES ZARAGOZA,Escolarizado,https://www.dgae.unam.mx/Licenciatura2026/resultados/2/20205005.html,125,2648,2344,109,174,093886,61,,No seleccionado,,Consultar
2,Licenciatura 2026,202,20205005,CIRUJANO DENTISTA,FES ZARAGOZA,Escolarizado,https://www.dgae.unam.mx/Licenciatura2026/resultados/2/20205005.html,125,2648,2344,109,174,093945,89,,No seleccionado,,Consultar
2,Licenciatura 2026,202,20205005,CIRUJANO DENTISTA,FES ZARAGOZA,Escolarizado,https://www.dgae.unam.mx/Licenciatura2026/resultados/2/20205005.html,125,2648,2344,109,174,093947,28,,No seleccionado,,Consultar
2,Licenciatura 2026,202,20205005,CIRUJANO DENTISTA,FES ZARAGOZA,Escolarizado,https://www.dgae.unam.mx/Licenciatura2026/resultados/2/20205005.html,125,2648,2344,109,174,093949,105,,No seleccionado,,Consultar
2,Licenciatura 2026,202,20205005,CIRUJANO DENTISTA,FES ZARAGOZA,Escolarizado,https://www.dgae.unam.mx/Licenciatura2026/resultados/2/20205005.html,125,2648,2344,109,174,093957,33,,No seleccionado,,Consultar
2,Licenciatura 2026,202,20205005,CIRUJANO DENTISTA,FES ZARAGOZA,Escolarizado,https://www.dgae.unam.mx/Licenciatura2026/resultados/2/20205005.html,125,2648,2344,109,174,093969,101,,No seleccionado,,Consultar
2,Licenciatura 2026,202,20205005,CIRUJANO DENTISTA,FES ZARAGOZA,Escolarizado,https://www.dgae.unam.mx/Licenciatura2026/resultados/2/20205005.html,125,2648,2344,109,174,093993,83,,No seleccionado,,Consultar
2,Licenciatura 2026,202,20205005,CIRUJANO DENTISTA,FES ZARAGOZA,Escolarizado,https://www.dgae.unam.mx/Licenciatura2026/resultados/2/20205005.html,125,2648,2344,109,174,094075,95,,No seleccionado,,Consultar
2,Licenciatura 2026,202,20205005,CIRUJANO DENTISTA,FES ZARAGOZA,Escolarizado,https://www.dgae.unam.mx/Licenciatura2026/resultados/2/20205005.html,125,2648,2344,109,174,094089,65,,No seleccionado,,Consultar
2,Licenciatura 2026,202,20205005,CIRUJANO DENTISTA,FES ZARAGOZA,Escolarizado,https://www.dgae.unam.mx/Licenciatura2026/resultados/2/20205005.html,125,2648,2344,109,174,094106,109,S,Seleccionado,Cita para entregar documentación.,Consultar
2,Licenciatura 2026,202,20205005,CIRUJANO DENTISTA,FES ZARAGOZA,Escolarizado,https://www.dgae.unam.mx/Licenciatura2026/resultados/2/20205005.html,125,2648,2344,109,174,094155,,C,Cancelado,,Consultar
2,Licenciatura 2026,202,20205005,CIRUJANO DENTISTA,FES ZARAGOZA,Escolarizado,https://www.dgae.unam.mx/Licenciatura2026/resultados/2/20205005.html,125,2648,2344,109,174,094163,71,,No seleccionado,,Consultar
2,Licenciatura 2026,202,20205005,CIRUJANO DENTISTA,FES ZARAGOZA,Escolarizado,https://www.dgae.unam.mx/Licenciatura2026/resultados/2/20205005.html,125,2648,2344,109,174,094170,,N,No presentado,,Consultar
2,Licenciatura 2026,202,20205005,CIRUJANO DENTISTA,FES ZARAGOZA,Escolarizado,https://www.dgae.unam.mx/Licenciatura2026/resultados/2/20205005.html,125,2648,2344,109,174,094196,114,S,Seleccionado,,Consultar
2,Licenciatura 2026,202,20205005,CIRUJANO DENTISTA,FES ZARAGOZA,Escolarizado,https://www.dgae.unam.mx/Licenciatura2026/resultados/2/20205005.html,125,2648,2344,109,174,094235,115,S,Seleccionado,Cita para entregar documentación.,Consultar
2,Licenciatura 2026,202,20205005,CIRUJANO DENTISTA,FES ZARAGOZA,Escolarizado,https://www.dgae.unam.mx/Licenciatura2026/resultados/2/20205005.html,125,2648,2344,109,174,094245,44,,No seleccionado,,Consultar
2,Licenciatura 2026,202,20205005,CIRUJANO DENTISTA,FES ZARAGOZA,Escolarizado,https://www.dgae.unam.mx/Licenciatura2026/resultados/2/20205005.html,125,2648,2344,109,174,094261,82,,No seleccionado,,Consultar
2,Licenciatura 2026,202,20205005,CIRUJANO DENTISTA,FES ZARAGOZA,Escolarizado,https://www.dgae.unam.mx/Licenciatura2026/resultados/2/20205005.html,125,2648,2344,109,174,094264,40,,No seleccionado,,Consultar
2,Licenciatura 2026,202,20205005,CIRUJANO DENTISTA,FES ZARAGOZA,Escolarizado,https://www.dgae.unam.mx/Licenciatura2026/resultados/2/20205005.html,125,2648,2344,109,174,094318,73,,No seleccionado,,Consultar
2,Licenciatura 2026,202,20205005,CIRUJANO DENTISTA,FES ZARAGOZA,Escolarizado,https://www.dgae.unam.mx/Licenciatura2026/resultados/2/20205005.html,125,2648,2344,109,174,094468,101,,No seleccionado,,Consultar
2,Licenciatura 2026,202,20205005,CIRUJANO DENTISTA,FES ZARAGOZA,Escolarizado,https://www.dgae.unam.mx/Licenciatura2026/resultados/2/20205005.html,125,2648,2344,109,174,094509,79,,No seleccionado,,Consultar
2,Licenciatura 2026,202,20205005,CIRUJANO DENTISTA,FES ZARAGOZA,Escolarizado,https://www.dgae.unam.mx/Licenciatura2026/resultados/2/20205005.html,125,2648,2344,109,174,094513,59,,No seleccionado,,Consultar
2,Licenciatura 2026,202,20205005,CIRUJANO DENTISTA,FES ZARAGOZA,Escolarizado,https://www.dgae.unam.mx/Licenciatura2026/resultados/2/20205005.html,125,2648,2344,109,174,094518,103,,No seleccionado,,Consultar
2,Licenciatura 2026,202,20205005,CIRUJANO DENTISTA,FES ZARAGOZA,Escolarizado,https://www.dgae.unam.mx/Licenciatura2026/resultados/2/20205005.html,125,2648,2344,109,174,094603,27,,No seleccionado,,Consultar
2,Licenciatura 2026,202,20205005,CIRUJANO DENTISTA,FES ZARAGOZA,Escolarizado,https://www.dgae.unam.mx/Licenciatura2026/resultados/2/20205005.html,125,2648,2344,109,174,094605,77,,No seleccionado,,Consultar
2,Licenciatura 2026,202,20205005,CIRUJANO DENTISTA,FES ZARAGOZA,Escolarizado,https://www.dgae.unam.mx/Licenciatura2026/resultados/2/20205005.html,125,2648,2344,109,174,094623,,N,No presentado,,Consultar
2,Licenciatura 2026,202,20205005,CIRUJANO DENTISTA,FES ZARAGOZA,Escolarizado,https://www.dgae.unam.mx/Licenciatura2026/resultados/2/20205005.html,125,2648,2344,109,174,094630,44,,No seleccionado,,Consultar
2,Licenciatura 2026,202,20205005,CIRUJANO DENTISTA,FES ZARAGOZA,Escolarizado,https://www.dgae.unam.mx/Licenciatura2026/resultados/2/20205005.html,125,2648,2344,109,174,094631,100,,No seleccionado,,Consultar
2,Licenciatura 2026,202,20205005,CIRUJANO DENTISTA,FES ZARAGOZA,Escolarizado,https://www.dgae.unam.mx/Licenciatura2026/resultados/2/20205005.html,125,2648,2344,109,174,094706,112,S,Seleccionado,,Consultar
2,Licenciatura 2026,202,20205005,CIRUJANO DENTISTA,FES ZARAGOZA,Escolarizado,https://www.dgae.unam.mx/Licenciatura2026/resultados/2/20205005.html,125,2648,2344,109,174,094731,37,,No seleccionado,,Consultar
2,Licenciatura 2026,202,20205005,CIRUJANO DENTISTA,FES ZARAGOZA,Escolarizado,https://www.dgae.unam.mx/Licenciatura2026/resultados/2/20205005.html,125,2648,2344,109,174,094833,46,,No seleccionado,,Consultar
2,Licenciatura 2026,202,20205005,CIRUJANO DENTISTA,FES ZARAGOZA,Escolarizado,https://www.dgae.unam.mx/Licenciatura2026/resultados/2/20205005.html,125,2648,2344,109,174,094836,31,,No seleccionado,,Consultar
2,Licenciatura 2026,202,20205005,CIRUJANO DENTISTA,FES ZARAGOZA,Escolarizado,https://www.dgae.unam.mx/Licenciatura2026/resultados/2/20205005.html,125,2648,2344,109,174,094869,107,,No seleccionado,,Consultar
2,Licenciatura 2026,202,20205005,CIRUJANO DENTISTA,FES ZARAGOZA,Escolarizado,https://www.dgae.unam.mx/Licenciatura2026/resultados/2/20205005.html,125,2648,2344,109,174,094929,34,,No seleccionado,,Consultar
2,Licenciatura 2026,202,20205005,CIRUJANO DENTISTA,FES ZARAGOZA,Escolarizado,https://www.dgae.unam.mx/Licenciatura2026/resultados/2/20205005.html,125,2648,2344,109,174,094959,64,,No seleccionado,,Consultar
2,Licenciatura 2026,202,20205005,CIRUJANO DENTISTA,FES ZARAGOZA,Escolarizado,https://www.dgae.unam.mx/Licenciatura2026/resultados/2/20205005.html,125,2648,2344,109,174,094973,86,,No seleccionado,,Consultar
2,Licenciatura 2026,202,20205005,CIRUJANO DENTISTA,FES ZARAGOZA,Escolarizado,https://www.dgae.unam.mx/Licenciatura2026/resultados/2/20205005.html,125,2648,2344,109,174,094977,93,,No seleccionado,,Consultar
2,Licenciatura 2026,202,20205005,CIRUJANO DENTISTA,FES ZARAGOZA,Escolarizado,https://www.dgae.unam.mx/Licenciatura2026/resultados/2/20205005.html,125,2648,2344,109,174,094979,37,,No seleccionado,,Consultar
2,Licenciatura 2026,202,20205005,CIRUJANO DENTISTA,FES ZARAGOZA,Escolarizado,https://www.dgae.unam.mx/Licenciatura2026/resultados/2/20205005.html,125,2648,2344,109,174,094990,,N,No presentado,,Consultar
2,Licenciatura 2026,202,20205005,CIRUJANO DENTISTA,FES ZARAGOZA,Escolarizado,https://www.dgae.unam.mx/Licenciatura2026/resultados/2/20205005.html,125,2648,2344,109,174,094995,,N,No presentado,,Consultar
2,Licenciatura 2026,202,20205005,CIRUJANO DENTISTA,FES ZARAGOZA,Escolarizado,https://www.dgae.unam.mx/Licenciatura2026/resultados/2/20205005.html,125,2648,2344,109,174,095062,87,,No seleccionado,,Consultar
2,Licenciatura 2026,202,20205005,CIRUJANO DENTISTA,FES ZARAGOZA,Escolarizado,https://www.dgae.unam.mx/Licenciatura2026/resultados/2/20205005.html,125,2648,2344,109,174,095070,48,,No seleccionado,,Consultar
2,Licenciatura 2026,202,20205005,CIRUJANO DENTISTA,FES ZARAGOZA,Escolarizado,https://www.dgae.unam.mx/Licenciatura2026/resultados/2/20205005.html,125,2648,2344,109,174,095110,98,,No seleccionado,,Consultar
2,Licenciatura 2026,202,20205005,CIRUJANO DENTISTA,FES ZARAGOZA,Escolarizado,https://www.dgae.unam.mx/Licenciatura2026/resultados/2/20205005.html,125,2648,2344,109,174,095122,32,,No seleccionado,,Consultar
2,Licenciatura 2026,202,20205005,CIRUJANO DENTISTA,FES ZARAGOZA,Escolarizado,https://www.dgae.unam.mx/Licenciatura2026/resultados/2/20205005.html,125,2648,2344,109,174,095142,42,,No seleccionado,,Consultar
2,Licenciatura 2026,202,20205005,CIRUJANO DENTISTA,FES ZARAGOZA,Escolarizado,https://www.dgae.unam.mx/Licenciatura2026/resultados/2/20205005.html,125,2648,2344,109,174,095157,48,,No seleccionado,,Consultar
2,Licenciatura 2026,202,20205005,CIRUJANO DENTISTA,FES ZARAGOZA,Escolarizado,https://www.dgae.unam.mx/Licenciatura2026/resultados/2/20205005.html,125,2648,2344,109,174,095182,108,,No seleccionado,,Consultar
2,Licenciatura 2026,202,20205005,CIRUJANO DENTISTA,FES ZARAGOZA,Escolarizado,https://www.dgae.unam.mx/Licenciatura2026/resultados/2/20205005.html,125,2648,2344,109,174,095188,2,,No seleccionado,,Consultar
2,Licenciatura 2026,202,20205005,CIRUJANO DENTISTA,FES ZARAGOZA,Escolarizado,https://www.dgae.unam.mx/Licenciatura2026/resultados/2/20205005.html,125,2648,2344,109,174,095198,77,,No seleccionado,,Consultar
2,Licenciatura 2026,202,20205005,CIRUJANO DENTISTA,FES ZARAGOZA,Escolarizado,https://www.dgae.unam.mx/Licenciatura2026/resultados/2/20205005.html,125,2648,2344,109,174,095223,,N,No presentado,,Consultar
2,Licenciatura 2026,202,20205005,CIRUJANO DENTISTA,FES ZARAGOZA,Escolarizado,https://www.dgae.unam.mx/Licenciatura2026/resultados/2/20205005.html,125,2648,2344,109,174,095240,96,,No seleccionado,,Consultar
2,Licenciatura 2026,202,20205005,CIRUJANO DENTISTA,FES ZARAGOZA,Escolarizado,https://www.dgae.unam.mx/Licenciatura2026/resultados/2/20205005.html,125,2648,2344,109,174,095249,,N,No presentado,,Consultar
2,Licenciatura 2026,202,20205005,CIRUJANO DENTISTA,FES ZARAGOZA,Escolarizado,https://www.dgae.unam.mx/Licenciatura2026/resultados/2/20205005.html,125,2648,2344,109,174,095302,106,,No seleccionado,,Consultar
2,Licenciatura 2026,202,20205005,CIRUJANO DENTISTA,FES ZARAGOZA,Escolarizado,https://www.dgae.unam.mx/Licenciatura2026/resultados/2/20205005.html,125,2648,2344,109,174,095375,,N,No presentado,,Consultar
2,Licenciatura 2026,202,20205005,CIRUJANO DENTISTA,FES ZARAGOZA,Escolarizado,https://www.dgae.unam.mx/Licenciatura2026/resultados/2/20205005.html,125,2648,2344,109,174,095399,45,,No seleccionado,,Consultar
2,Licenciatura 2026,202,20205005,CIRUJANO DENTISTA,FES ZARAGOZA,Escolarizado,https://www.dgae.unam.mx/Licenciatura2026/resultados/2/20205005.html,125,2648,2344,109,174,095401,112,S,Seleccionado,Cita para entregar documentación.,Consultar
2,Licenciatura 2026,202,20205005,CIRUJANO DENTISTA,FES ZARAGOZA,Escolarizado,https://www.dgae.unam.mx/Licenciatura2026/resultados/2/20205005.html,125,2648,2344,109,174,095424,56,,No seleccionado,,Consultar
2,Licenciatura 2026,202,20205005,CIRUJANO DENTISTA,FES ZARAGOZA,Escolarizado,https://www.dgae.unam.mx/Licenciatura2026/resultados/2/20205005.html,125,2648,2344,109,174,095430,93,,No seleccionado,,Consultar
2,Licenciatura 2026,202,20205005,CIRUJANO DENTISTA,FES ZARAGOZA,Escolarizado,https://www.dgae.unam.mx/Licenciatura2026/resultados/2/20205005.html,125,2648,2344,109,174,095466,68,,No seleccionado,,Consultar
2,Licenciatura 2026,202,20205005,CIRUJANO DENTISTA,FES ZARAGOZA,Escolarizado,https://www.dgae.unam.mx/Licenciatura2026/resultados/2/20205005.html,125,2648,2344,109,174,095501,,N,No presentado,,Consultar
2,Licenciatura 2026,202,20205005,CIRUJANO DENTISTA,FES ZARAGOZA,Escolarizado,https://www.dgae.unam.mx/Licenciatura2026/resultados/2/20205005.html,125,2648,2344,109,174,095506,65,,No seleccionado,,Consultar
2,Licenciatura 2026,202,20205005,CIRUJANO DENTISTA,FES ZARAGOZA,Escolarizado,https://www.dgae.unam.mx/Licenciatura2026/resultados/2/20205005.html,125,2648,2344,109,174,095509,,N,No presentado,,Consultar
2,Licenciatura 2026,202,20205005,CIRUJANO DENTISTA,FES ZARAGOZA,Escolarizado,https://www.dgae.unam.mx/Licenciatura2026/resultados/2/20205005.html,125,2648,2344,109,174,095511,,N,No presentado,,Consultar
2,Licenciatura 2026,202,20205005,CIRUJANO DENTISTA,FES ZARAGOZA,Escolarizado,https://www.dgae.unam.mx/Licenciatura2026/resultados/2/20205005.html,125,2648,2344,109,174,095525,39,,No seleccionado,,Consultar
2,Licenciatura 2026,202,20205005,CIRUJANO DENTISTA,FES ZARAGOZA,Escolarizado,https://www.dgae.unam.mx/Licenciatura2026/resultados/2/20205005.html,125,2648,2344,109,174,095589,,N,No presentado,,Consultar
2,Licenciatura 2026,202,20205005,CIRUJANO DENTISTA,FES ZARAGOZA,Escolarizado,https://www.dgae.unam.mx/Licenciatura2026/resultados/2/20205005.html,125,2648,2344,109,174,095625,107,,No seleccionado,,Consultar
2,Licenciatura 2026,202,20205005,CIRUJANO DENTISTA,FES ZARAGOZA,Escolarizado,https://www.dgae.unam.mx/Licenciatura2026/resultados/2/20205005.html,125,2648,2344,109,174,095671,,N,No presentado,,Consultar
2,Licenciatura 2026,202,20205005,CIRUJANO DENTISTA,FES ZARAGOZA,Escolarizado,https://www.dgae.unam.mx/Licenciatura2026/resultados/2/20205005.html,125,2648,2344,109,174,095720,106,,No seleccionado,,Consultar
2,Licenciatura 2026,202,20205005,CIRUJANO DENTISTA,FES ZARAGOZA,Escolarizado,https://www.dgae.unam.mx/Licenciatura2026/resultados/2/20205005.html,125,2648,2344,109,174,095758,,C,Cancelado,,Consultar
2,Licenciatura 2026,202,20205005,CIRUJANO DENTISTA,FES ZARAGOZA,Escolarizado,https://www.dgae.unam.mx/Licenciatura2026/resultados/2/20205005.html,125,2648,2344,109,174,095809,25,,No seleccionado,,Consultar
2,Licenciatura 2026,202,20205005,CIRUJANO DENTISTA,FES ZARAGOZA,Escolarizado,https://www.dgae.unam.mx/Licenciatura2026/resultados/2/20205005.html,125,2648,2344,109,174,095814,84,,No seleccionado,,Consultar
2,Licenciatura 2026,202,20205005,CIRUJANO DENTISTA,FES ZARAGOZA,Escolarizado,https://www.dgae.unam.mx/Licenciatura2026/resultados/2/20205005.html,125,2648,2344,109,174,095846,52,,No seleccionado,,Consultar
2,Licenciatura 2026,202,20205005,CIRUJANO DENTISTA,FES ZARAGOZA,Escolarizado,https://www.dgae.unam.mx/Licenciatura2026/resultados/2/20205005.html,125,2648,2344,109,174,095868,82,,No seleccionado,,Consultar
2,Licenciatura 2026,202,20205005,CIRUJANO DENTISTA,FES ZARAGOZA,Escolarizado,https://www.dgae.unam.mx/Licenciatura2026/resultados/2/20205005.html,125,2648,2344,109,174,095897,69,,No seleccionado,,Consultar
2,Licenciatura 2026,202,20205005,CIRUJANO DENTISTA,FES ZARAGOZA,Escolarizado,https://www.dgae.unam.mx/Licenciatura2026/resultados/2/20205005.html,125,2648,2344,109,174,095899,,,No seleccionado,Cita para aclarar situación escolar.,Consultar
2,Licenciatura 2026,202,20205005,CIRUJANO DENTISTA,FES ZARAGOZA,Escolarizado,https://www.dgae.unam.mx/Licenciatura2026/resultados/2/20205005.html,125,2648,2344,109,174,095941,85,,No seleccionado,,Consultar
2,Licenciatura 2026,202,20205005,CIRUJANO DENTISTA,FES ZARAGOZA,Escolarizado,https://www.dgae.unam.mx/Licenciatura2026/resultados/2/20205005.html,125,2648,2344,109,174,095984,86,,No seleccionado,,Consultar
2,Licenciatura 2026,202,20205005,CIRUJANO DENTISTA,FES ZARAGOZA,Escolarizado,https://www.dgae.unam.mx/Licenciatura2026/resultados/2/20205005.html,125,2648,2344,109,174,096009,93,,No seleccionado,,Consultar
2,Licenciatura 2026,202,20205005,CIRUJANO DENTISTA,FES ZARAGOZA,Escolarizado,https://www.dgae.unam.mx/Licenciatura2026/resultados/2/20205005.html,125,2648,2344,109,174,096071,109,S,Seleccionado,Cita para entregar documentación.,Consultar
2,Licenciatura 2026,202,20205005,CIRUJANO DENTISTA,FES ZARAGOZA,Escolarizado,https://www.dgae.unam.mx/Licenciatura2026/resultados/2/20205005.html,125,2648,2344,109,174,096075,60,,No seleccionado,,Consultar
2,Licenciatura 2026,202,20205005,CIRUJANO DENTISTA,FES ZARAGOZA,Escolarizado,https://www.dgae.unam.mx/Licenciatura2026/resultados/2/20205005.html,125,2648,2344,109,174,096121,34,,No seleccionado,,Consultar
2,Licenciatura 2026,202,20205005,CIRUJANO DENTISTA,FES ZARAGOZA,Escolarizado,https://www.dgae.unam.mx/Licenciatura2026/resultados/2/20205005.html,125,2648,2344,109,174,096134,107,,No seleccionado,,Consultar
2,Licenciatura 2026,202,20205005,CIRUJANO DENTISTA,FES ZARAGOZA,Escolarizado,https://www.dgae.unam.mx/Licenciatura2026/resultados/2/20205005.html,125,2648,2344,109,174,096206,96,,No seleccionado,,Consultar
2,Licenciatura 2026,202,20205005,CIRUJANO DENTISTA,FES ZARAGOZA,Escolarizado,https://www.dgae.unam.mx/Licenciatura2026/resultados/2/20205005.html,125,2648,2344,109,174,096223,45,,No seleccionado,,Consultar
2,Licenciatura 2026,202,20205005,CIRUJANO DENTISTA,FES ZARAGOZA,Escolarizado,https://www.dgae.unam.mx/Licenciatura2026/resultados/2/20205005.html,125,2648,2344,109,174,096307,63,,No seleccionado,,Consultar
2,Licenciatura 2026,202,20205005,CIRUJANO DENTISTA,FES ZARAGOZA,Escolarizado,https://www.dgae.unam.mx/Licenciatura2026/resultados/2/20205005.html,125,2648,2344,109,174,096391,48,,No seleccionado,,Consultar
2,Licenciatura 2026,202,20205005,CIRUJANO DENTISTA,FES ZARAGOZA,Escolarizado,https://www.dgae.unam.mx/Licenciatura2026/resultados/2/20205005.html,125,2648,2344,109,174,096413,,N,No presentado,,Consultar
2,Licenciatura 2026,202,20205005,CIRUJANO DENTISTA,FES ZARAGOZA,Escolarizado,https://www.dgae.unam.mx/Licenciatura2026/resultados/2/20205005.html,125,2648,2344,109,174,096421,99,,No seleccionado,,Consultar
2,Licenciatura 2026,202,20205005,CIRUJANO DENTISTA,FES ZARAGOZA,Escolarizado,https://www.dgae.unam.mx/Licenciatura2026/resultados/2/20205005.html,125,2648,2344,109,174,096422,73,,No seleccionado,,Consultar
2,Licenciatura 2026,202,20205005,CIRUJANO DENTISTA,FES ZARAGOZA,Escolarizado,https://www.dgae.unam.mx/Licenciatura2026/resultados/2/20205005.html,125,2648,2344,109,174,096425,90,,No seleccionado,,Consultar
2,Licenciatura 2026,202,20205005,CIRUJANO DENTISTA,FES ZARAGOZA,Escolarizado,https://www.dgae.unam.mx/Licenciatura2026/resultados/2/20205005.html,125,2648,2344,109,174,096430,93,,No seleccionado,,Consultar
2,Licenciatura 2026,202,20205005,CIRUJANO DENTISTA,FES ZARAGOZA,Escolarizado,https://www.dgae.unam.mx/Licenciatura2026/resultados/2/20205005.html,125,2648,2344,109,174,096445,57,,No seleccionado,,Consultar
2,Licenciatura 2026,202,20205005,CIRUJANO DENTISTA,FES ZARAGOZA,Escolarizado,https://www.dgae.unam.mx/Licenciatura2026/resultados/2/20205005.html,125,2648,2344,109,174,096527,,N,No presentado,,Consultar
2,Licenciatura 2026,202,20205005,CIRUJANO DENTISTA,FES ZARAGOZA,Escolarizado,https://www.dgae.unam.mx/Licenciatura2026/resultados/2/20205005.html,125,2648,2344,109,174,096546,35,,No seleccionado,,Consultar
2,Licenciatura 2026,202,20205005,CIRUJANO DENTISTA,FES ZARAGOZA,Escolarizado,https://www.dgae.unam.mx/Licenciatura2026/resultados/2/20205005.html,125,2648,2344,109,174,096558,55,,No seleccionado,,Consultar
2,Licenciatura 2026,202,20205005,CIRUJANO DENTISTA,FES ZARAGOZA,Escolarizado,https://www.dgae.unam.mx/Licenciatura2026/resultados/2/20205005.html,125,2648,2344,109,174,096580,,C,Cancelado,,Consultar
2,Licenciatura 2026,202,20205005,CIRUJANO DENTISTA,FES ZARAGOZA,Escolarizado,https://www.dgae.unam.mx/Licenciatura2026/resultados/2/20205005.html,125,2648,2344,109,174,096665,,N,No presentado,,Consultar
2,Licenciatura 2026,202,20205005,CIRUJANO DENTISTA,FES ZARAGOZA,Escolarizado,https://www.dgae.unam.mx/Licenciatura2026/resultados/2/20205005.html,125,2648,2344,109,174,096694,,N,No presentado,,Consultar
2,Licenciatura 2026,202,20205005,CIRUJANO DENTISTA,FES ZARAGOZA,Escolarizado,https://www.dgae.unam.mx/Licenciatura2026/resultados/2/20205005.html,125,2648,2344,109,174,096698,28,,No seleccionado,,Consultar
2,Licenciatura 2026,202,20205005,CIRUJANO DENTISTA,FES ZARAGOZA,Escolarizado,https://www.dgae.unam.mx/Licenciatura2026/resultados/2/20205005.html,125,2648,2344,109,174,096730,93,,No seleccionado,,Consultar
2,Licenciatura 2026,202,20205005,CIRUJANO DENTISTA,FES ZARAGOZA,Escolarizado,https://www.dgae.unam.mx/Licenciatura2026/resultados/2/20205005.html,125,2648,2344,109,174,096758,100,,No seleccionado,,Consultar
2,Licenciatura 2026,202,20205005,CIRUJANO DENTISTA,FES ZARAGOZA,Escolarizado,https://www.dgae.unam.mx/Licenciatura2026/resultados/2/20205005.html,125,2648,2344,109,174,096794,,N,No presentado,,Consultar
2,Licenciatura 2026,202,20205005,CIRUJANO DENTISTA,FES ZARAGOZA,Escolarizado,https://www.dgae.unam.mx/Licenciatura2026/resultados/2/20205005.html,125,2648,2344,109,174,096831,98,,No seleccionado,,Consultar
2,Licenciatura 2026,202,20205005,CIRUJANO DENTISTA,FES ZARAGOZA,Escolarizado,https://www.dgae.unam.mx/Licenciatura2026/resultados/2/20205005.html,125,2648,2344,109,174,096835,90,,No seleccionado,,Consultar
2,Licenciatura 2026,202,20205005,CIRUJANO DENTISTA,FES ZARAGOZA,Escolarizado,https://www.dgae.unam.mx/Licenciatura2026/resultados/2/20205005.html,125,2648,2344,109,174,096836,39,,No seleccionado,,Consultar
2,Licenciatura 2026,202,20205005,CIRUJANO DENTISTA,FES ZARAGOZA,Escolarizado,https://www.dgae.unam.mx/Licenciatura2026/resultados/2/20205005.html,125,2648,2344,109,174,096860,95,,No seleccionado,,Consultar
2,Licenciatura 2026,202,20205005,CIRUJANO DENTISTA,FES ZARAGOZA,Escolarizado,https://www.dgae.unam.mx/Licenciatura2026/resultados/2/20205005.html,125,2648,2344,109,174,096862,59,,No seleccionado,,Consultar
2,Licenciatura 2026,202,20205005,CIRUJANO DENTISTA,FES ZARAGOZA,Escolarizado,https://www.dgae.unam.mx/Licenciatura2026/resultados/2/20205005.html,125,2648,2344,109,174,096891,50,,No seleccionado,,Consultar
2,Licenciatura 2026,202,20205005,CIRUJANO DENTISTA,FES ZARAGOZA,Escolarizado,https://www.dgae.unam.mx/Licenciatura2026/resultados/2/20205005.html,125,2648,2344,109,174,096920,61,,No seleccionado,,Consultar
2,Licenciatura 2026,202,20205005,CIRUJANO DENTISTA,FES ZARAGOZA,Escolarizado,https://www.dgae.unam.mx/Licenciatura2026/resultados/2/20205005.html,125,2648,2344,109,174,096996,36,,No seleccionado,,Consultar
2,Licenciatura 2026,202,20205005,CIRUJANO DENTISTA,FES ZARAGOZA,Escolarizado,https://www.dgae.unam.mx/Licenciatura2026/resultados/2/20205005.html,125,2648,2344,109,174,097039,58,,No seleccionado,,Consultar
2,Licenciatura 2026,202,20205005,CIRUJANO DENTISTA,FES ZARAGOZA,Escolarizado,https://www.dgae.unam.mx/Licenciatura2026/resultados/2/20205005.html,125,2648,2344,109,174,097076,,N,No presentado,,Consultar
2,Licenciatura 2026,202,20205005,CIRUJANO DENTISTA,FES ZARAGOZA,Escolarizado,https://www.dgae.unam.mx/Licenciatura2026/resultados/2/20205005.html,125,2648,2344,109,174,097084,50,,No seleccionado,,Consultar
2,Licenciatura 2026,202,20205005,CIRUJANO DENTISTA,FES ZARAGOZA,Escolarizado,https://www.dgae.unam.mx/Licenciatura2026/resultados/2/20205005.html,125,2648,2344,109,174,097087,99,,No seleccionado,,Consultar
2,Licenciatura 2026,202,20205005,CIRUJANO DENTISTA,FES ZARAGOZA,Escolarizado,https://www.dgae.unam.mx/Licenciatura2026/resultados/2/20205005.html,125,2648,2344,109,174,097088,90,,No seleccionado,,Consultar
2,Licenciatura 2026,202,20205005,CIRUJANO DENTISTA,FES ZARAGOZA,Escolarizado,https://www.dgae.unam.mx/Licenciatura2026/resultados/2/20205005.html,125,2648,2344,109,174,097103,72,,No seleccionado,,Consultar
2,Licenciatura 2026,202,20205005,CIRUJANO DENTISTA,FES ZARAGOZA,Escolarizado,https://www.dgae.unam.mx/Licenciatura2026/resultados/2/20205005.html,125,2648,2344,109,174,097110,,N,No presentado,,Consultar
2,Licenciatura 2026,202,20205005,CIRUJANO DENTISTA,FES ZARAGOZA,Escolarizado,https://www.dgae.unam.mx/Licenciatura2026/resultados/2/20205005.html,125,2648,2344,109,174,097122,36,,No seleccionado,,Consultar
2,Licenciatura 2026,202,20205005,CIRUJANO DENTISTA,FES ZARAGOZA,Escolarizado,https://www.dgae.unam.mx/Licenciatura2026/resultados/2/20205005.html,125,2648,2344,109,174,097124,111,S,Seleccionado,Cita para entregar documentación.,Consultar
2,Licenciatura 2026,202,20205005,CIRUJANO DENTISTA,FES ZARAGOZA,Escolarizado,https://www.dgae.unam.mx/Licenciatura2026/resultados/2/20205005.html,125,2648,2344,109,174,097143,67,,No seleccionado,,Consultar
2,Licenciatura 2026,202,20205005,CIRUJANO DENTISTA,FES ZARAGOZA,Escolarizado,https://www.dgae.unam.mx/Licenciatura2026/resultados/2/20205005.html,125,2648,2344,109,174,097148,102,,No seleccionado,,Consultar
2,Licenciatura 2026,202,20205005,CIRUJANO DENTISTA,FES ZARAGOZA,Escolarizado,https://www.dgae.unam.mx/Licenciatura2026/resultados/2/20205005.html,125,2648,2344,109,174,097159,60,,No seleccionado,,Consultar
2,Licenciatura 2026,202,20205005,CIRUJANO DENTISTA,FES ZARAGOZA,Escolarizado,https://www.dgae.unam.mx/Licenciatura2026/resultados/2/20205005.html,125,2648,2344,109,174,097180,87,,No seleccionado,,Consultar
2,Licenciatura 2026,202,20205005,CIRUJANO DENTISTA,FES ZARAGOZA,Escolarizado,https://www.dgae.unam.mx/Licenciatura2026/resultados/2/20205005.html,125,2648,2344,109,174,097242,29,,No seleccionado,,Consultar
2,Licenciatura 2026,202,20205005,CIRUJANO DENTISTA,FES ZARAGOZA,Escolarizado,https://www.dgae.unam.mx/Licenciatura2026/resultados/2/20205005.html,125,2648,2344,109,174,097319,85,,No seleccionado,,Consultar
2,Licenciatura 2026,202,20205005,CIRUJANO DENTISTA,FES ZARAGOZA,Escolarizado,https://www.dgae.unam.mx/Licenciatura2026/resultados/2/20205005.html,125,2648,2344,109,174,097321,102,,No seleccionado,,Consultar
2,Licenciatura 2026,202,20205005,CIRUJANO DENTISTA,FES ZARAGOZA,Escolarizado,https://www.dgae.unam.mx/Licenciatura2026/resultados/2/20205005.html,125,2648,2344,109,174,097372,105,,No seleccionado,,Consultar
2,Licenciatura 2026,202,20205005,CIRUJANO DENTISTA,FES ZARAGOZA,Escolarizado,https://www.dgae.unam.mx/Licenciatura2026/resultados/2/20205005.html,125,2648,2344,109,174,097381,45,,No seleccionado,,Consultar
2,Licenciatura 2026,202,20205005,CIRUJANO DENTISTA,FES ZARAGOZA,Escolarizado,https://www.dgae.unam.mx/Licenciatura2026/resultados/2/20205005.html,125,2648,2344,109,174,097409,87,,No seleccionado,,Consultar
2,Licenciatura 2026,202,20205005,CIRUJANO DENTISTA,FES ZARAGOZA,Escolarizado,https://www.dgae.unam.mx/Licenciatura2026/resultados/2/20205005.html,125,2648,2344,109,174,097419,53,,No seleccionado,,Consultar
2,Licenciatura 2026,202,20205005,CIRUJANO DENTISTA,FES ZARAGOZA,Escolarizado,https://www.dgae.unam.mx/Licenciatura2026/resultados/2/20205005.html,125,2648,2344,109,174,097426,53,,No seleccionado,,Consultar
2,Licenciatura 2026,202,20205005,CIRUJANO DENTISTA,FES ZARAGOZA,Escolarizado,https://www.dgae.unam.mx/Licenciatura2026/resultados/2/20205005.html,125,2648,2344,109,174,097455,65,,No seleccionado,,Consultar
2,Licenciatura 2026,202,20205005,CIRUJANO DENTISTA,FES ZARAGOZA,Escolarizado,https://www.dgae.unam.mx/Licenciatura2026/resultados/2/20205005.html,125,2648,2344,109,174,097507,68,,No seleccionado,,Consultar
2,Licenciatura 2026,202,20205005,CIRUJANO DENTISTA,FES ZARAGOZA,Escolarizado,https://www.dgae.unam.mx/Licenciatura2026/resultados/2/20205005.html,125,2648,2344,109,174,097517,67,,No seleccionado,,Consultar
2,Licenciatura 2026,202,20205005,CIRUJANO DENTISTA,FES ZARAGOZA,Escolarizado,https://www.dgae.unam.mx/Licenciatura2026/resultados/2/20205005.html,125,2648,2344,109,174,097537,81,,No seleccionado,,Consultar
2,Licenciatura 2026,202,20205005,CIRUJANO DENTISTA,FES ZARAGOZA,Escolarizado,https://www.dgae.unam.mx/Licenciatura2026/resultados/2/20205005.html,125,2648,2344,109,174,097555,28,,No seleccionado,,Consultar
2,Licenciatura 2026,202,20205005,CIRUJANO DENTISTA,FES ZARAGOZA,Escolarizado,https://www.dgae.unam.mx/Licenciatura2026/resultados/2/20205005.html,125,2648,2344,109,174,097596,100,,No seleccionado,,Consultar
2,Licenciatura 2026,202,20205005,CIRUJANO DENTISTA,FES ZARAGOZA,Escolarizado,https://www.dgae.unam.mx/Licenciatura2026/resultados/2/20205005.html,125,2648,2344,109,174,097665,78,,No seleccionado,,Consultar
2,Licenciatura 2026,202,20205005,CIRUJANO DENTISTA,FES ZARAGOZA,Escolarizado,https://www.dgae.unam.mx/Licenciatura2026/resultados/2/20205005.html,125,2648,2344,109,174,097666,79,,No seleccionado,,Consultar
2,Licenciatura 2026,202,20205005,CIRUJANO DENTISTA,FES ZARAGOZA,Escolarizado,https://www.dgae.unam.mx/Licenciatura2026/resultados/2/20205005.html,125,2648,2344,109,174,097685,38,,No seleccionado,,Consultar
2,Licenciatura 2026,202,20205005,CIRUJANO DENTISTA,FES ZARAGOZA,Escolarizado,https://www.dgae.unam.mx/Licenciatura2026/resultados/2/20205005.html,125,2648,2344,109,174,097710,73,,No seleccionado,,Consultar
2,Licenciatura 2026,202,20205005,CIRUJANO DENTISTA,FES ZARAGOZA,Escolarizado,https://www.dgae.unam.mx/Licenciatura2026/resultados/2/20205005.html,125,2648,2344,109,174,097730,104,,No seleccionado,,Consultar
2,Licenciatura 2026,202,20205005,CIRUJANO DENTISTA,FES ZARAGOZA,Escolarizado,https://www.dgae.unam.mx/Licenciatura2026/resultados/2/20205005.html,125,2648,2344,109,174,097752,70,,No seleccionado,,Consultar
2,Licenciatura 2026,202,20205005,CIRUJANO DENTISTA,FES ZARAGOZA,Escolarizado,https://www.dgae.unam.mx/Licenciatura2026/resultados/2/20205005.html,125,2648,2344,109,174,097782,99,,No seleccionado,,Consultar
2,Licenciatura 2026,202,20205005,CIRUJANO DENTISTA,FES ZARAGOZA,Escolarizado,https://www.dgae.unam.mx/Licenciatura2026/resultados/2/20205005.html,125,2648,2344,109,174,097786,51,,No seleccionado,,Consultar
2,Licenciatura 2026,202,20205005,CIRUJANO DENTISTA,FES ZARAGOZA,Escolarizado,https://www.dgae.unam.mx/Licenciatura2026/resultados/2/20205005.html,125,2648,2344,109,174,097873,69,,No seleccionado,,Consultar
2,Licenciatura 2026,202,20205005,CIRUJANO DENTISTA,FES ZARAGOZA,Escolarizado,https://www.dgae.unam.mx/Licenciatura2026/resultados/2/20205005.html,125,2648,2344,109,174,097896,77,,No seleccionado,,Consultar
2,Licenciatura 2026,202,20205005,CIRUJANO DENTISTA,FES ZARAGOZA,Escolarizado,https://www.dgae.unam.mx/Licenciatura2026/resultados/2/20205005.html,125,2648,2344,109,174,097897,91,,No seleccionado,,Consultar
2,Licenciatura 2026,202,20205005,CIRUJANO DENTISTA,FES ZARAGOZA,Escolarizado,https://www.dgae.unam.mx/Licenciatura2026/resultados/2/20205005.html,125,2648,2344,109,174,097903,40,,No seleccionado,,Consultar
2,Licenciatura 2026,202,20205005,CIRUJANO DENTISTA,FES ZARAGOZA,Escolarizado,https://www.dgae.unam.mx/Licenciatura2026/resultados/2/20205005.html,125,2648,2344,109,174,097925,104,,No seleccionado,,Consultar
2,Licenciatura 2026,202,20205005,CIRUJANO DENTISTA,FES ZARAGOZA,Escolarizado,https://www.dgae.unam.mx/Licenciatura2026/resultados/2/20205005.html,125,2648,2344,109,174,097980,62,,No seleccionado,,Consultar
2,Licenciatura 2026,202,20205005,CIRUJANO DENTISTA,FES ZARAGOZA,Escolarizado,https://www.dgae.unam.mx/Licenciatura2026/resultados/2/20205005.html,125,2648,2344,109,174,098020,108,,No seleccionado,,Consultar
2,Licenciatura 2026,202,20205005,CIRUJANO DENTISTA,FES ZARAGOZA,Escolarizado,https://www.dgae.unam.mx/Licenciatura2026/resultados/2/20205005.html,125,2648,2344,109,174,098054,28,,No seleccionado,,Consultar
2,Licenciatura 2026,202,20205005,CIRUJANO DENTISTA,FES ZARAGOZA,Escolarizado,https://www.dgae.unam.mx/Licenciatura2026/resultados/2/20205005.html,125,2648,2344,109,174,098093,65,,No seleccionado,,Consultar
2,Licenciatura 2026,202,20205005,CIRUJANO DENTISTA,FES ZARAGOZA,Escolarizado,https://www.dgae.unam.mx/Licenciatura2026/resultados/2/20205005.html,125,2648,2344,109,174,098110,54,,No seleccionado,,Consultar
2,Licenciatura 2026,202,20205005,CIRUJANO DENTISTA,FES ZARAGOZA,Escolarizado,https://www.dgae.unam.mx/Licenciatura2026/resultados/2/20205005.html,125,2648,2344,109,174,098161,67,,No seleccionado,,Consultar
2,Licenciatura 2026,202,20205005,CIRUJANO DENTISTA,FES ZARAGOZA,Escolarizado,https://www.dgae.unam.mx/Licenciatura2026/resultados/2/20205005.html,125,2648,2344,109,174,098179,40,,No seleccionado,,Consultar
2,Licenciatura 2026,202,20205005,CIRUJANO DENTISTA,FES ZARAGOZA,Escolarizado,https://www.dgae.unam.mx/Licenciatura2026/resultados/2/20205005.html,125,2648,2344,109,174,098236,39,,No seleccionado,,Consultar
2,Licenciatura 2026,202,20205005,CIRUJANO DENTISTA,FES ZARAGOZA,Escolarizado,https://www.dgae.unam.mx/Licenciatura2026/resultados/2/20205005.html,125,2648,2344,109,174,098303,87,,No seleccionado,,Consultar
2,Licenciatura 2026,202,20205005,CIRUJANO DENTISTA,FES ZARAGOZA,Escolarizado,https://www.dgae.unam.mx/Licenciatura2026/resultados/2/20205005.html,125,2648,2344,109,174,098316,112,S,Seleccionado,Cita para entregar documentación.,Consultar
2,Licenciatura 2026,202,20205005,CIRUJANO DENTISTA,FES ZARAGOZA,Escolarizado,https://www.dgae.unam.mx/Licenciatura2026/resultados/2/20205005.html,125,2648,2344,109,174,098340,85,,No seleccionado,,Consultar
2,Licenciatura 2026,202,20205005,CIRUJANO DENTISTA,FES ZARAGOZA,Escolarizado,https://www.dgae.unam.mx/Licenciatura2026/resultados/2/20205005.html,125,2648,2344,109,174,098343,,N,No presentado,,Consultar
2,Licenciatura 2026,202,20205005,CIRUJANO DENTISTA,FES ZARAGOZA,Escolarizado,https://www.dgae.unam.mx/Licenciatura2026/resultados/2/20205005.html,125,2648,2344,109,174,098344,,N,No presentado,,Consultar
2,Licenciatura 2026,202,20205005,CIRUJANO DENTISTA,FES ZARAGOZA,Escolarizado,https://www.dgae.unam.mx/Licenciatura2026/resultados/2/20205005.html,125,2648,2344,109,174,098347,56,,No seleccionado,,Consultar
2,Licenciatura 2026,202,20205005,CIRUJANO DENTISTA,FES ZARAGOZA,Escolarizado,https://www.dgae.unam.mx/Licenciatura2026/resultados/2/20205005.html,125,2648,2344,109,174,098353,104,,No seleccionado,,Consultar
2,Licenciatura 2026,202,20205005,CIRUJANO DENTISTA,FES ZARAGOZA,Escolarizado,https://www.dgae.unam.mx/Licenciatura2026/resultados/2/20205005.html,125,2648,2344,109,174,098370,73,,No seleccionado,,Consultar
2,Licenciatura 2026,202,20205005,CIRUJANO DENTISTA,FES ZARAGOZA,Escolarizado,https://www.dgae.unam.mx/Licenciatura2026/resultados/2/20205005.html,125,2648,2344,109,174,098390,77,,No seleccionado,,Consultar
2,Licenciatura 2026,202,20205005,CIRUJANO DENTISTA,FES ZARAGOZA,Escolarizado,https://www.dgae.unam.mx/Licenciatura2026/resultados/2/20205005.html,125,2648,2344,109,174,098410,58,,No seleccionado,,Consultar
2,Licenciatura 2026,202,20205005,CIRUJANO DENTISTA,FES ZARAGOZA,Escolarizado,https://www.dgae.unam.mx/Licenciatura2026/resultados/2/20205005.html,125,2648,2344,109,174,098448,47,,No seleccionado,,Consultar
2,Licenciatura 2026,202,20205005,CIRUJANO DENTISTA,FES ZARAGOZA,Escolarizado,https://www.dgae.unam.mx/Licenciatura2026/resultados/2/20205005.html,125,2648,2344,109,174,098450,118,S,Seleccionado,Cita para entregar documentación.,Consultar
2,Licenciatura 2026,202,20205005,CIRUJANO DENTISTA,FES ZARAGOZA,Escolarizado,https://www.dgae.unam.mx/Licenciatura2026/resultados/2/20205005.html,125,2648,2344,109,174,098461,48,,No seleccionado,,Consultar
2,Licenciatura 2026,202,20205005,CIRUJANO DENTISTA,FES ZARAGOZA,Escolarizado,https://www.dgae.unam.mx/Licenciatura2026/resultados/2/20205005.html,125,2648,2344,109,174,098462,55,,No seleccionado,,Consultar
2,Licenciatura 2026,202,20205005,CIRUJANO DENTISTA,FES ZARAGOZA,Escolarizado,https://www.dgae.unam.mx/Licenciatura2026/resultados/2/20205005.html,125,2648,2344,109,174,098492,76,,No seleccionado,,Consultar
2,Licenciatura 2026,202,20205005,CIRUJANO DENTISTA,FES ZARAGOZA,Escolarizado,https://www.dgae.unam.mx/Licenciatura2026/resultados/2/20205005.html,125,2648,2344,109,174,098497,65,,No seleccionado,,Consultar
2,Licenciatura 2026,202,20205005,CIRUJANO DENTISTA,FES ZARAGOZA,Escolarizado,https://www.dgae.unam.mx/Licenciatura2026/resultados/2/20205005.html,125,2648,2344,109,174,098506,83,,No seleccionado,,Consultar
2,Licenciatura 2026,202,20205005,CIRUJANO DENTISTA,FES ZARAGOZA,Escolarizado,https://www.dgae.unam.mx/Licenciatura2026/resultados/2/20205005.html,125,2648,2344,109,174,098517,107,,No seleccionado,,Consultar
2,Licenciatura 2026,202,20205005,CIRUJANO DENTISTA,FES ZARAGOZA,Escolarizado,https://www.dgae.unam.mx/Licenciatura2026/resultados/2/20205005.html,125,2648,2344,109,174,098521,75,,No seleccionado,,Consultar
2,Licenciatura 2026,202,20205005,CIRUJANO DENTISTA,FES ZARAGOZA,Escolarizado,https://www.dgae.unam.mx/Licenciatura2026/resultados/2/20205005.html,125,2648,2344,109,174,098532,109,S,Seleccionado,Cita para entregar documentación.,Consultar
2,Licenciatura 2026,202,20205005,CIRUJANO DENTISTA,FES ZARAGOZA,Escolarizado,https://www.dgae.unam.mx/Licenciatura2026/resultados/2/20205005.html,125,2648,2344,109,174,098569,86,,No seleccionado,,Consultar
2,Licenciatura 2026,202,20205005,CIRUJANO DENTISTA,FES ZARAGOZA,Escolarizado,https://www.dgae.unam.mx/Licenciatura2026/resultados/2/20205005.html,125,2648,2344,109,174,098594,31,,No seleccionado,,Consultar
2,Licenciatura 2026,202,20205005,CIRUJANO DENTISTA,FES ZARAGOZA,Escolarizado,https://www.dgae.unam.mx/Licenciatura2026/resultados/2/20205005.html,125,2648,2344,109,174,098608,92,,No seleccionado,,Consultar
2,Licenciatura 2026,202,20205005,CIRUJANO DENTISTA,FES ZARAGOZA,Escolarizado,https://www.dgae.unam.mx/Licenciatura2026/resultados/2/20205005.html,125,2648,2344,109,174,098613,84,,No seleccionado,,Consultar
2,Licenciatura 2026,202,20205005,CIRUJANO DENTISTA,FES ZARAGOZA,Escolarizado,https://www.dgae.unam.mx/Licenciatura2026/resultados/2/20205005.html,125,2648,2344,109,174,098652,56,,No seleccionado,,Consultar
2,Licenciatura 2026,202,20205005,CIRUJANO DENTISTA,FES ZARAGOZA,Escolarizado,https://www.dgae.unam.mx/Licenciatura2026/resultados/2/20205005.html,125,2648,2344,109,174,098670,39,,No seleccionado,,Consultar
2,Licenciatura 2026,202,20205005,CIRUJANO DENTISTA,FES ZARAGOZA,Escolarizado,https://www.dgae.unam.mx/Licenciatura2026/resultados/2/20205005.html,125,2648,2344,109,174,098677,65,,No seleccionado,,Consultar
2,Licenciatura 2026,202,20205005,CIRUJANO DENTISTA,FES ZARAGOZA,Escolarizado,https://www.dgae.unam.mx/Licenciatura2026/resultados/2/20205005.html,125,2648,2344,109,174,098687,55,,No seleccionado,,Consultar
2,Licenciatura 2026,202,20205005,CIRUJANO DENTISTA,FES ZARAGOZA,Escolarizado,https://www.dgae.unam.mx/Licenciatura2026/resultados/2/20205005.html,125,2648,2344,109,174,098705,35,,No seleccionado,,Consultar
2,Licenciatura 2026,202,20205005,CIRUJANO DENTISTA,FES ZARAGOZA,Escolarizado,https://www.dgae.unam.mx/Licenciatura2026/resultados/2/20205005.html,125,2648,2344,109,174,098741,33,,No seleccionado,,Consultar
2,Licenciatura 2026,202,20205005,CIRUJANO DENTISTA,FES ZARAGOZA,Escolarizado,https://www.dgae.unam.mx/Licenciatura2026/resultados/2/20205005.html,125,2648,2344,109,174,098776,,N,No presentado,,Consultar
2,Licenciatura 2026,202,20205005,CIRUJANO DENTISTA,FES ZARAGOZA,Escolarizado,https://www.dgae.unam.mx/Licenciatura2026/resultados/2/20205005.html,125,2648,2344,109,174,098850,61,,No seleccionado,,Consultar
2,Licenciatura 2026,202,20205005,CIRUJANO DENTISTA,FES ZARAGOZA,Escolarizado,https://www.dgae.unam.mx/Licenciatura2026/resultados/2/20205005.html,125,2648,2344,109,174,098905,65,,No seleccionado,,Consultar
2,Licenciatura 2026,202,20205005,CIRUJANO DENTISTA,FES ZARAGOZA,Escolarizado,https://www.dgae.unam.mx/Licenciatura2026/resultados/2/20205005.html,125,2648,2344,109,174,098933,83,,No seleccionado,,Consultar
2,Licenciatura 2026,202,20205005,CIRUJANO DENTISTA,FES ZARAGOZA,Escolarizado,https://www.dgae.unam.mx/Licenciatura2026/resultados/2/20205005.html,125,2648,2344,109,174,098940,55,,No seleccionado,,Consultar
2,Licenciatura 2026,202,20205005,CIRUJANO DENTISTA,FES ZARAGOZA,Escolarizado,https://www.dgae.unam.mx/Licenciatura2026/resultados/2/20205005.html,125,2648,2344,109,174,098964,60,,No seleccionado,,Consultar
2,Licenciatura 2026,202,20205005,CIRUJANO DENTISTA,FES ZARAGOZA,Escolarizado,https://www.dgae.unam.mx/Licenciatura2026/resultados/2/20205005.html,125,2648,2344,109,174,098966,65,,No seleccionado,,Consultar
2,Licenciatura 2026,202,20205005,CIRUJANO DENTISTA,FES ZARAGOZA,Escolarizado,https://www.dgae.unam.mx/Licenciatura2026/resultados/2/20205005.html,125,2648,2344,109,174,098968,96,,No seleccionado,,Consultar
2,Licenciatura 2026,202,20205005,CIRUJANO DENTISTA,FES ZARAGOZA,Escolarizado,https://www.dgae.unam.mx/Licenciatura2026/resultados/2/20205005.html,125,2648,2344,109,174,099016,60,,No seleccionado,,Consultar
2,Licenciatura 2026,202,20205005,CIRUJANO DENTISTA,FES ZARAGOZA,Escolarizado,https://www.dgae.unam.mx/Licenciatura2026/resultados/2/20205005.html,125,2648,2344,109,174,099024,56,,No seleccionado,,Consultar
2,Licenciatura 2026,202,20205005,CIRUJANO DENTISTA,FES ZARAGOZA,Escolarizado,https://www.dgae.unam.mx/Licenciatura2026/resultados/2/20205005.html,125,2648,2344,109,174,099044,107,,No seleccionado,,Consultar
2,Licenciatura 2026,202,20205005,CIRUJANO DENTISTA,FES ZARAGOZA,Escolarizado,https://www.dgae.unam.mx/Licenciatura2026/resultados/2/20205005.html,125,2648,2344,109,174,099060,53,,No seleccionado,,Consultar
2,Licenciatura 2026,202,20205005,CIRUJANO DENTISTA,FES ZARAGOZA,Escolarizado,https://www.dgae.unam.mx/Licenciatura2026/resultados/2/20205005.html,125,2648,2344,109,174,099077,60,,No seleccionado,,Consultar
2,Licenciatura 2026,202,20205005,CIRUJANO DENTISTA,FES ZARAGOZA,Escolarizado,https://www.dgae.unam.mx/Licenciatura2026/resultados/2/20205005.html,125,2648,2344,109,174,099116,40,,No seleccionado,,Consultar
2,Licenciatura 2026,202,20205005,CIRUJANO DENTISTA,FES ZARAGOZA,Escolarizado,https://www.dgae.unam.mx/Licenciatura2026/resultados/2/20205005.html,125,2648,2344,109,174,099142,51,,No seleccionado,,Consultar
2,Licenciatura 2026,202,20205005,CIRUJANO DENTISTA,FES ZARAGOZA,Escolarizado,https://www.dgae.unam.mx/Licenciatura2026/resultados/2/20205005.html,125,2648,2344,109,174,099175,93,,No seleccionado,,Consultar
2,Licenciatura 2026,202,20205005,CIRUJANO DENTISTA,FES ZARAGOZA,Escolarizado,https://www.dgae.unam.mx/Licenciatura2026/resultados/2/20205005.html,125,2648,2344,109,174,099223,31,,No seleccionado,,Consultar
2,Licenciatura 2026,202,20205005,CIRUJANO DENTISTA,FES ZARAGOZA,Escolarizado,https://www.dgae.unam.mx/Licenciatura2026/resultados/2/20205005.html,125,2648,2344,109,174,099249,100,,No seleccionado,,Consultar
2,Licenciatura 2026,202,20205005,CIRUJANO DENTISTA,FES ZARAGOZA,Escolarizado,https://www.dgae.unam.mx/Licenciatura2026/resultados/2/20205005.html,125,2648,2344,109,174,099257,112,S,Seleccionado,Cita para entregar documentación.,Consultar
2,Licenciatura 2026,202,20205005,CIRUJANO DENTISTA,FES ZARAGOZA,Escolarizado,https://www.dgae.unam.mx/Licenciatura2026/resultados/2/20205005.html,125,2648,2344,109,174,099268,87,,No seleccionado,,Consultar
2,Licenciatura 2026,202,20205005,CIRUJANO DENTISTA,FES ZARAGOZA,Escolarizado,https://www.dgae.unam.mx/Licenciatura2026/resultados/2/20205005.html,125,2648,2344,109,174,099272,110,S,Seleccionado,,Consultar
2,Licenciatura 2026,202,20205005,CIRUJANO DENTISTA,FES ZARAGOZA,Escolarizado,https://www.dgae.unam.mx/Licenciatura2026/resultados/2/20205005.html,125,2648,2344,109,174,099286,36,,No seleccionado,,Consultar
2,Licenciatura 2026,202,20205005,CIRUJANO DENTISTA,FES ZARAGOZA,Escolarizado,https://www.dgae.unam.mx/Licenciatura2026/resultados/2/20205005.html,125,2648,2344,109,174,099287,,N,No presentado,,Consultar
2,Licenciatura 2026,202,20205005,CIRUJANO DENTISTA,FES ZARAGOZA,Escolarizado,https://www.dgae.unam.mx/Licenciatura2026/resultados/2/20205005.html,125,2648,2344,109,174,099368,83,,No seleccionado,,Consultar
2,Licenciatura 2026,202,20205005,CIRUJANO DENTISTA,FES ZARAGOZA,Escolarizado,https://www.dgae.unam.mx/Licenciatura2026/resultados/2/20205005.html,125,2648,2344,109,174,099388,57,,No seleccionado,,Consultar
2,Licenciatura 2026,202,20205005,CIRUJANO DENTISTA,FES ZARAGOZA,Escolarizado,https://www.dgae.unam.mx/Licenciatura2026/resultados/2/20205005.html,125,2648,2344,109,174,099411,63,,No seleccionado,,Consultar
2,Licenciatura 2026,202,20205005,CIRUJANO DENTISTA,FES ZARAGOZA,Escolarizado,https://www.dgae.unam.mx/Licenciatura2026/resultados/2/20205005.html,125,2648,2344,109,174,099416,96,,No seleccionado,,Consultar
2,Licenciatura 2026,202,20205005,CIRUJANO DENTISTA,FES ZARAGOZA,Escolarizado,https://www.dgae.unam.mx/Licenciatura2026/resultados/2/20205005.html,125,2648,2344,109,174,099429,79,,No seleccionado,,Consultar
2,Licenciatura 2026,202,20205005,CIRUJANO DENTISTA,FES ZARAGOZA,Escolarizado,https://www.dgae.unam.mx/Licenciatura2026/resultados/2/20205005.html,125,2648,2344,109,174,099464,,C,Cancelado,,Consultar
2,Licenciatura 2026,202,20205005,CIRUJANO DENTISTA,FES ZARAGOZA,Escolarizado,https://www.dgae.unam.mx/Licenciatura2026/resultados/2/20205005.html,125,2648,2344,109,174,099480,111,S,Seleccionado,Cita para entregar documentación.,Consultar
2,Licenciatura 2026,202,20205005,CIRUJANO DENTISTA,FES ZARAGOZA,Escolarizado,https://www.dgae.unam.mx/Licenciatura2026/resultados/2/20205005.html,125,2648,2344,109,174,099494,69,,No seleccionado,,Consultar
2,Licenciatura 2026,202,20205005,CIRUJANO DENTISTA,FES ZARAGOZA,Escolarizado,https://www.dgae.unam.mx/Licenciatura2026/resultados/2/20205005.html,125,2648,2344,109,174,099571,90,,No seleccionado,,Consultar
2,Licenciatura 2026,202,20205005,CIRUJANO DENTISTA,FES ZARAGOZA,Escolarizado,https://www.dgae.unam.mx/Licenciatura2026/resultados/2/20205005.html,125,2648,2344,109,174,099611,,N,No presentado,,Consultar
2,Licenciatura 2026,202,20205005,CIRUJANO DENTISTA,FES ZARAGOZA,Escolarizado,https://www.dgae.unam.mx/Licenciatura2026/resultados/2/20205005.html,125,2648,2344,109,174,099628,109,S,Seleccionado,Cita para entregar documentación.,Consultar
2,Licenciatura 2026,202,20205005,CIRUJANO DENTISTA,FES ZARAGOZA,Escolarizado,https://www.dgae.unam.mx/Licenciatura2026/resultados/2/20205005.html,125,2648,2344,109,174,099629,56,,No seleccionado,,Consultar
2,Licenciatura 2026,202,20205005,CIRUJANO DENTISTA,FES ZARAGOZA,Escolarizado,https://www.dgae.unam.mx/Licenciatura2026/resultados/2/20205005.html,125,2648,2344,109,174,099688,100,,No seleccionado,,Consultar
2,Licenciatura 2026,202,20205005,CIRUJANO DENTISTA,FES ZARAGOZA,Escolarizado,https://www.dgae.unam.mx/Licenciatura2026/resultados/2/20205005.html,125,2648,2344,109,174,099720,74,,No seleccionado,,Consultar
2,Licenciatura 2026,202,20205005,CIRUJANO DENTISTA,FES ZARAGOZA,Escolarizado,https://www.dgae.unam.mx/Licenciatura2026/resultados/2/20205005.html,125,2648,2344,109,174,099791,79,,No seleccionado,,Consultar
2,Licenciatura 2026,202,20205005,CIRUJANO DENTISTA,FES ZARAGOZA,Escolarizado,https://www.dgae.unam.mx/Licenciatura2026/resultados/2/20205005.html,125,2648,2344,109,174,099803,105,,No seleccionado,,Consultar
2,Licenciatura 2026,202,20205005,CIRUJANO DENTISTA,FES ZARAGOZA,Escolarizado,https://www.dgae.unam.mx/Licenciatura2026/resultados/2/20205005.html,125,2648,2344,109,174,099808,61,,No seleccionado,,Consultar
2,Licenciatura 2026,202,20205005,CIRUJANO DENTISTA,FES ZARAGOZA,Escolarizado,https://www.dgae.unam.mx/Licenciatura2026/resultados/2/20205005.html,125,2648,2344,109,174,099878,108,,No seleccionado,,Consultar
2,Licenciatura 2026,202,20205005,CIRUJANO DENTISTA,FES ZARAGOZA,Escolarizado,https://www.dgae.unam.mx/Licenciatura2026/resultados/2/20205005.html,125,2648,2344,109,174,099913,82,,No seleccionado,,Consultar
2,Licenciatura 2026,202,20205005,CIRUJANO DENTISTA,FES ZARAGOZA,Escolarizado,https://www.dgae.unam.mx/Licenciatura2026/resultados/2/20205005.html,125,2648,2344,109,174,099929,43,,No seleccionado,,Consultar
2,Licenciatura 2026,202,20205005,CIRUJANO DENTISTA,FES ZARAGOZA,Escolarizado,https://www.dgae.unam.mx/Licenciatura2026/resultados/2/20205005.html,125,2648,2344,109,174,099958,76,,No seleccionado,,Consultar
2,Licenciatura 2026,202,20205005,CIRUJANO DENTISTA,FES ZARAGOZA,Escolarizado,https://www.dgae.unam.mx/Licenciatura2026/resultados/2/20205005.html,125,2648,2344,109,174,099991,106,,No seleccionado,,Consultar
2,Licenciatura 2026,202,20205005,CIRUJANO DENTISTA,FES ZARAGOZA,Escolarizado,https://www.dgae.unam.mx/Licenciatura2026/resultados/2/20205005.html,125,2648,2344,109,174,100049,45,,No seleccionado,,Consultar
2,Licenciatura 2026,202,20205005,CIRUJANO DENTISTA,FES ZARAGOZA,Escolarizado,https://www.dgae.unam.mx/Licenciatura2026/resultados/2/20205005.html,125,2648,2344,109,174,100053,108,,No seleccionado,,Consultar
2,Licenciatura 2026,202,20205005,CIRUJANO DENTISTA,FES ZARAGOZA,Escolarizado,https://www.dgae.unam.mx/Licenciatura2026/resultados/2/20205005.html,125,2648,2344,109,174,100054,102,,No seleccionado,,Consultar
2,Licenciatura 2026,202,20205005,CIRUJANO DENTISTA,FES ZARAGOZA,Escolarizado,https://www.dgae.unam.mx/Licenciatura2026/resultados/2/20205005.html,125,2648,2344,109,174,100113,89,,No seleccionado,,Consultar
2,Licenciatura 2026,202,20205005,CIRUJANO DENTISTA,FES ZARAGOZA,Escolarizado,https://www.dgae.unam.mx/Licenciatura2026/resultados/2/20205005.html,125,2648,2344,109,174,100142,33,,No seleccionado,,Consultar
2,Licenciatura 2026,202,20205005,CIRUJANO DENTISTA,FES ZARAGOZA,Escolarizado,https://www.dgae.unam.mx/Licenciatura2026/resultados/2/20205005.html,125,2648,2344,109,174,100157,38,,No seleccionado,,Consultar
2,Licenciatura 2026,202,20205005,CIRUJANO DENTISTA,FES ZARAGOZA,Escolarizado,https://www.dgae.unam.mx/Licenciatura2026/resultados/2/20205005.html,125,2648,2344,109,174,100165,73,,No seleccionado,,Consultar
2,Licenciatura 2026,202,20205005,CIRUJANO DENTISTA,FES ZARAGOZA,Escolarizado,https://www.dgae.unam.mx/Licenciatura2026/resultados/2/20205005.html,125,2648,2344,109,174,100344,47,,No seleccionado,,Consultar
2,Licenciatura 2026,202,20205005,CIRUJANO DENTISTA,FES ZARAGOZA,Escolarizado,https://www.dgae.unam.mx/Licenciatura2026/resultados/2/20205005.html,125,2648,2344,109,174,100377,97,,No seleccionado,,Consultar
2,Licenciatura 2026,202,20205005,CIRUJANO DENTISTA,FES ZARAGOZA,Escolarizado,https://www.dgae.unam.mx/Licenciatura2026/resultados/2/20205005.html,125,2648,2344,109,174,100392,36,,No seleccionado,,Consultar
2,Licenciatura 2026,202,20205005,CIRUJANO DENTISTA,FES ZARAGOZA,Escolarizado,https://www.dgae.unam.mx/Licenciatura2026/resultados/2/20205005.html,125,2648,2344,109,174,100404,104,,No seleccionado,,Consultar
2,Licenciatura 2026,202,20205005,CIRUJANO DENTISTA,FES ZARAGOZA,Escolarizado,https://www.dgae.unam.mx/Licenciatura2026/resultados/2/20205005.html,125,2648,2344,109,174,100446,59,,No seleccionado,,Consultar
2,Licenciatura 2026,202,20205005,CIRUJANO DENTISTA,FES ZARAGOZA,Escolarizado,https://www.dgae.unam.mx/Licenciatura2026/resultados/2/20205005.html,125,2648,2344,109,174,100481,79,,No seleccionado,,Consultar
2,Licenciatura 2026,202,20205005,CIRUJANO DENTISTA,FES ZARAGOZA,Escolarizado,https://www.dgae.unam.mx/Licenciatura2026/resultados/2/20205005.html,125,2648,2344,109,174,100489,63,,No seleccionado,,Consultar
2,Licenciatura 2026,202,20205005,CIRUJANO DENTISTA,FES ZARAGOZA,Escolarizado,https://www.dgae.unam.mx/Licenciatura2026/resultados/2/20205005.html,125,2648,2344,109,174,100517,90,,No seleccionado,,Consultar
2,Licenciatura 2026,202,20205005,CIRUJANO DENTISTA,FES ZARAGOZA,Escolarizado,https://www.dgae.unam.mx/Licenciatura2026/resultados/2/20205005.html,125,2648,2344,109,174,100645,32,,No seleccionado,,Consultar
2,Licenciatura 2026,202,20205005,CIRUJANO DENTISTA,FES ZARAGOZA,Escolarizado,https://www.dgae.unam.mx/Licenciatura2026/resultados/2/20205005.html,125,2648,2344,109,174,100746,104,,No seleccionado,,Consultar
2,Licenciatura 2026,202,20205005,CIRUJANO DENTISTA,FES ZARAGOZA,Escolarizado,https://www.dgae.unam.mx/Licenciatura2026/resultados/2/20205005.html,125,2648,2344,109,174,100760,109,S,Seleccionado,Cita para entregar documentación.,Consultar
2,Licenciatura 2026,202,20205005,CIRUJANO DENTISTA,FES ZARAGOZA,Escolarizado,https://www.dgae.unam.mx/Licenciatura2026/resultados/2/20205005.html,125,2648,2344,109,174,100783,115,S,Seleccionado,Cita para entregar documentación.,Consultar
2,Licenciatura 2026,202,20205005,CIRUJANO DENTISTA,FES ZARAGOZA,Escolarizado,https://www.dgae.unam.mx/Licenciatura2026/resultados/2/20205005.html,125,2648,2344,109,174,100807,80,,No seleccionado,,Consultar
2,Licenciatura 2026,202,20205005,CIRUJANO DENTISTA,FES ZARAGOZA,Escolarizado,https://www.dgae.unam.mx/Licenciatura2026/resultados/2/20205005.html,125,2648,2344,109,174,100824,107,,No seleccionado,,Consultar
2,Licenciatura 2026,202,20205005,CIRUJANO DENTISTA,FES ZARAGOZA,Escolarizado,https://www.dgae.unam.mx/Licenciatura2026/resultados/2/20205005.html,125,2648,2344,109,174,100885,49,,No seleccionado,,Consultar
2,Licenciatura 2026,202,20205005,CIRUJANO DENTISTA,FES ZARAGOZA,Escolarizado,https://www.dgae.unam.mx/Licenciatura2026/resultados/2/20205005.html,125,2648,2344,109,174,100906,57,,No seleccionado,,Consultar
2,Licenciatura 2026,202,20205005,CIRUJANO DENTISTA,FES ZARAGOZA,Escolarizado,https://www.dgae.unam.mx/Licenciatura2026/resultados/2/20205005.html,125,2648,2344,109,174,100952,43,,No seleccionado,,Consultar
2,Licenciatura 2026,202,20205005,CIRUJANO DENTISTA,FES ZARAGOZA,Escolarizado,https://www.dgae.unam.mx/Licenciatura2026/resultados/2/20205005.html,125,2648,2344,109,174,100954,108,,No seleccionado,,Consultar
2,Licenciatura 2026,202,20205005,CIRUJANO DENTISTA,FES ZARAGOZA,Escolarizado,https://www.dgae.unam.mx/Licenciatura2026/resultados/2/20205005.html,125,2648,2344,109,174,100966,,N,No presentado,,Consultar
2,Licenciatura 2026,202,20205005,CIRUJANO DENTISTA,FES ZARAGOZA,Escolarizado,https://www.dgae.unam.mx/Licenciatura2026/resultados/2/20205005.html,125,2648,2344,109,174,100992,97,,No seleccionado,,Consultar
2,Licenciatura 2026,202,20205005,CIRUJANO DENTISTA,FES ZARAGOZA,Escolarizado,https://www.dgae.unam.mx/Licenciatura2026/resultados/2/20205005.html,125,2648,2344,109,174,101021,118,S,Seleccionado,Cita para entregar documentación.,Consultar
2,Licenciatura 2026,202,20205005,CIRUJANO DENTISTA,FES ZARAGOZA,Escolarizado,https://www.dgae.unam.mx/Licenciatura2026/resultados/2/20205005.html,125,2648,2344,109,174,101022,,C,Cancelado,,Consultar
2,Licenciatura 2026,202,20205005,CIRUJANO DENTISTA,FES ZARAGOZA,Escolarizado,https://www.dgae.unam.mx/Licenciatura2026/resultados/2/20205005.html,125,2648,2344,109,174,101023,110,S,Seleccionado,Cita para entregar documentación.,Consultar
2,Licenciatura 2026,202,20205005,CIRUJANO DENTISTA,FES ZARAGOZA,Escolarizado,https://www.dgae.unam.mx/Licenciatura2026/resultados/2/20205005.html,125,2648,2344,109,174,101039,,N,No presentado,,Consultar
2,Licenciatura 2026,202,20205005,CIRUJANO DENTISTA,FES ZARAGOZA,Escolarizado,https://www.dgae.unam.mx/Licenciatura2026/resultados/2/20205005.html,125,2648,2344,109,174,101078,,N,No presentado,,Consultar
2,Licenciatura 2026,202,20205005,CIRUJANO DENTISTA,FES ZARAGOZA,Escolarizado,https://www.dgae.unam.mx/Licenciatura2026/resultados/2/20205005.html,125,2648,2344,109,174,101079,97,,No seleccionado,,Consultar
2,Licenciatura 2026,202,20205005,CIRUJANO DENTISTA,FES ZARAGOZA,Escolarizado,https://www.dgae.unam.mx/Licenciatura2026/resultados/2/20205005.html,125,2648,2344,109,174,101097,65,,No seleccionado,,Consultar
2,Licenciatura 2026,202,20205005,CIRUJANO DENTISTA,FES ZARAGOZA,Escolarizado,https://www.dgae.unam.mx/Licenciatura2026/resultados/2/20205005.html,125,2648,2344,109,174,101131,30,,No seleccionado,,Consultar
2,Licenciatura 2026,202,20205005,CIRUJANO DENTISTA,FES ZARAGOZA,Escolarizado,https://www.dgae.unam.mx/Licenciatura2026/resultados/2/20205005.html,125,2648,2344,109,174,101195,44,,No seleccionado,,Consultar
2,Licenciatura 2026,202,20205005,CIRUJANO DENTISTA,FES ZARAGOZA,Escolarizado,https://www.dgae.unam.mx/Licenciatura2026/resultados/2/20205005.html,125,2648,2344,109,174,101202,49,,No seleccionado,,Consultar
2,Licenciatura 2026,202,20205005,CIRUJANO DENTISTA,FES ZARAGOZA,Escolarizado,https://www.dgae.unam.mx/Licenciatura2026/resultados/2/20205005.html,125,2648,2344,109,174,101219,67,,No seleccionado,,Consultar
2,Licenciatura 2026,202,20205005,CIRUJANO DENTISTA,FES ZARAGOZA,Escolarizado,https://www.dgae.unam.mx/Licenciatura2026/resultados/2/20205005.html,125,2648,2344,109,174,101264,103,,No seleccionado,,Consultar
2,Licenciatura 2026,202,20205005,CIRUJANO DENTISTA,FES ZARAGOZA,Escolarizado,https://www.dgae.unam.mx/Licenciatura2026/resultados/2/20205005.html,125,2648,2344,109,174,101291,109,S,Seleccionado,Cita para entregar documentación.,Consultar
2,Licenciatura 2026,202,20205005,CIRUJANO DENTISTA,FES ZARAGOZA,Escolarizado,https://www.dgae.unam.mx/Licenciatura2026/resultados/2/20205005.html,125,2648,2344,109,174,101345,,N,No presentado,,Consultar
2,Licenciatura 2026,202,20205005,CIRUJANO DENTISTA,FES ZARAGOZA,Escolarizado,https://www.dgae.unam.mx/Licenciatura2026/resultados/2/20205005.html,125,2648,2344,109,174,101384,,N,No presentado,,Consultar
2,Licenciatura 2026,202,20205005,CIRUJANO DENTISTA,FES ZARAGOZA,Escolarizado,https://www.dgae.unam.mx/Licenciatura2026/resultados/2/20205005.html,125,2648,2344,109,174,101438,82,,No seleccionado,,Consultar
2,Licenciatura 2026,202,20205005,CIRUJANO DENTISTA,FES ZARAGOZA,Escolarizado,https://www.dgae.unam.mx/Licenciatura2026/resultados/2/20205005.html,125,2648,2344,109,174,101443,56,,No seleccionado,,Consultar
2,Licenciatura 2026,202,20205005,CIRUJANO DENTISTA,FES ZARAGOZA,Escolarizado,https://www.dgae.unam.mx/Licenciatura2026/resultados/2/20205005.html,125,2648,2344,109,174,101454,59,,No seleccionado,,Consultar
2,Licenciatura 2026,202,20205005,CIRUJANO DENTISTA,FES ZARAGOZA,Escolarizado,https://www.dgae.unam.mx/Licenciatura2026/resultados/2/20205005.html,125,2648,2344,109,174,101468,44,,No seleccionado,,Consultar
2,Licenciatura 2026,202,20205005,CIRUJANO DENTISTA,FES ZARAGOZA,Escolarizado,https://www.dgae.unam.mx/Licenciatura2026/resultados/2/20205005.html,125,2648,2344,109,174,101481,88,,No seleccionado,,Consultar
2,Licenciatura 2026,202,20205005,CIRUJANO DENTISTA,FES ZARAGOZA,Escolarizado,https://www.dgae.unam.mx/Licenciatura2026/resultados/2/20205005.html,125,2648,2344,109,174,101506,,N,No presentado,,Consultar
2,Licenciatura 2026,202,20205005,CIRUJANO DENTISTA,FES ZARAGOZA,Escolarizado,https://www.dgae.unam.mx/Licenciatura2026/resultados/2/20205005.html,125,2648,2344,109,174,101526,78,,No seleccionado,,Consultar
2,Licenciatura 2026,202,20205005,CIRUJANO DENTISTA,FES ZARAGOZA,Escolarizado,https://www.dgae.unam.mx/Licenciatura2026/resultados/2/20205005.html,125,2648,2344,109,174,101617,,N,No presentado,,Consultar
2,Licenciatura 2026,202,20205005,CIRUJANO DENTISTA,FES ZARAGOZA,Escolarizado,https://www.dgae.unam.mx/Licenciatura2026/resultados/2/20205005.html,125,2648,2344,109,174,101624,84,,No seleccionado,,Consultar
2,Licenciatura 2026,202,20205005,CIRUJANO DENTISTA,FES ZARAGOZA,Escolarizado,https://www.dgae.unam.mx/Licenciatura2026/resultados/2/20205005.html,125,2648,2344,109,174,101635,94,,No seleccionado,,Consultar
2,Licenciatura 2026,202,20205005,CIRUJANO DENTISTA,FES ZARAGOZA,Escolarizado,https://www.dgae.unam.mx/Licenciatura2026/resultados/2/20205005.html,125,2648,2344,109,174,101647,,N,No presentado,,Consultar
2,Licenciatura 2026,202,20205005,CIRUJANO DENTISTA,FES ZARAGOZA,Escolarizado,https://www.dgae.unam.mx/Licenciatura2026/resultados/2/20205005.html,125,2648,2344,109,174,101655,42,,No seleccionado,,Consultar
2,Licenciatura 2026,202,20205005,CIRUJANO DENTISTA,FES ZARAGOZA,Escolarizado,https://www.dgae.unam.mx/Licenciatura2026/resultados/2/20205005.html,125,2648,2344,109,174,101658,,N,No presentado,,Consultar
2,Licenciatura 2026,202,20205005,CIRUJANO DENTISTA,FES ZARAGOZA,Escolarizado,https://www.dgae.unam.mx/Licenciatura2026/resultados/2/20205005.html,125,2648,2344,109,174,101690,,N,No presentado,,Consultar
2,Licenciatura 2026,202,20205005,CIRUJANO DENTISTA,FES ZARAGOZA,Escolarizado,https://www.dgae.unam.mx/Licenciatura2026/resultados/2/20205005.html,125,2648,2344,109,174,101745,88,,No seleccionado,,Consultar
2,Licenciatura 2026,202,20205005,CIRUJANO DENTISTA,FES ZARAGOZA,Escolarizado,https://www.dgae.unam.mx/Licenciatura2026/resultados/2/20205005.html,125,2648,2344,109,174,101750,,N,No presentado,,Consultar
2,Licenciatura 2026,202,20205005,CIRUJANO DENTISTA,FES ZARAGOZA,Escolarizado,https://www.dgae.unam.mx/Licenciatura2026/resultados/2/20205005.html,125,2648,2344,109,174,101751,102,,No seleccionado,,Consultar
2,Licenciatura 2026,202,20205005,CIRUJANO DENTISTA,FES ZARAGOZA,Escolarizado,https://www.dgae.unam.mx/Licenciatura2026/resultados/2/20205005.html,125,2648,2344,109,174,101756,95,,No seleccionado,,Consultar
2,Licenciatura 2026,202,20205005,CIRUJANO DENTISTA,FES ZARAGOZA,Escolarizado,https://www.dgae.unam.mx/Licenciatura2026/resultados/2/20205005.html,125,2648,2344,109,174,101759,66,,No seleccionado,,Consultar
2,Licenciatura 2026,202,20205005,CIRUJANO DENTISTA,FES ZARAGOZA,Escolarizado,https://www.dgae.unam.mx/Licenciatura2026/resultados/2/20205005.html,125,2648,2344,109,174,101797,66,,No seleccionado,,Consultar
2,Licenciatura 2026,202,20205005,CIRUJANO DENTISTA,FES ZARAGOZA,Escolarizado,https://www.dgae.unam.mx/Licenciatura2026/resultados/2/20205005.html,125,2648,2344,109,174,101815,49,,No seleccionado,,Consultar
2,Licenciatura 2026,202,20205005,CIRUJANO DENTISTA,FES ZARAGOZA,Escolarizado,https://www.dgae.unam.mx/Licenciatura2026/resultados/2/20205005.html,125,2648,2344,109,174,101825,68,,No seleccionado,,Consultar
2,Licenciatura 2026,202,20205005,CIRUJANO DENTISTA,FES ZARAGOZA,Escolarizado,https://www.dgae.unam.mx/Licenciatura2026/resultados/2/20205005.html,125,2648,2344,109,174,101840,42,,No seleccionado,,Consultar
2,Licenciatura 2026,202,20205005,CIRUJANO DENTISTA,FES ZARAGOZA,Escolarizado,https://www.dgae.unam.mx/Licenciatura2026/resultados/2/20205005.html,125,2648,2344,109,174,101856,101,,No seleccionado,,Consultar
2,Licenciatura 2026,202,20205005,CIRUJANO DENTISTA,FES ZARAGOZA,Escolarizado,https://www.dgae.unam.mx/Licenciatura2026/resultados/2/20205005.html,125,2648,2344,109,174,101860,47,,No seleccionado,,Consultar
2,Licenciatura 2026,202,20205005,CIRUJANO DENTISTA,FES ZARAGOZA,Escolarizado,https://www.dgae.unam.mx/Licenciatura2026/resultados/2/20205005.html,125,2648,2344,109,174,101903,38,,No seleccionado,,Consultar
2,Licenciatura 2026,202,20205005,CIRUJANO DENTISTA,FES ZARAGOZA,Escolarizado,https://www.dgae.unam.mx/Licenciatura2026/resultados/2/20205005.html,125,2648,2344,109,174,101909,114,S,Seleccionado,Cita para entregar documentación.,Consultar
2,Licenciatura 2026,202,20205005,CIRUJANO DENTISTA,FES ZARAGOZA,Escolarizado,https://www.dgae.unam.mx/Licenciatura2026/resultados/2/20205005.html,125,2648,2344,109,174,101910,109,S,Seleccionado,Cita para entregar documentación.,Consultar
2,Licenciatura 2026,202,20205005,CIRUJANO DENTISTA,FES ZARAGOZA,Escolarizado,https://www.dgae.unam.mx/Licenciatura2026/resultados/2/20205005.html,125,2648,2344,109,174,101935,71,,No seleccionado,,Consultar
2,Licenciatura 2026,202,20205005,CIRUJANO DENTISTA,FES ZARAGOZA,Escolarizado,https://www.dgae.unam.mx/Licenciatura2026/resultados/2/20205005.html,125,2648,2344,109,174,101984,100,,No seleccionado,,Consultar
2,Licenciatura 2026,202,20205005,CIRUJANO DENTISTA,FES ZARAGOZA,Escolarizado,https://www.dgae.unam.mx/Licenciatura2026/resultados/2/20205005.html,125,2648,2344,109,174,102006,,N,No presentado,,Consultar
2,Licenciatura 2026,202,20205005,CIRUJANO DENTISTA,FES ZARAGOZA,Escolarizado,https://www.dgae.unam.mx/Licenciatura2026/resultados/2/20205005.html,125,2648,2344,109,174,102091,31,,No seleccionado,,Consultar
2,Licenciatura 2026,202,20205005,CIRUJANO DENTISTA,FES ZARAGOZA,Escolarizado,https://www.dgae.unam.mx/Licenciatura2026/resultados/2/20205005.html,125,2648,2344,109,174,102102,111,S,Seleccionado,,Consultar
2,Licenciatura 2026,202,20205005,CIRUJANO DENTISTA,FES ZARAGOZA,Escolarizado,https://www.dgae.unam.mx/Licenciatura2026/resultados/2/20205005.html,125,2648,2344,109,174,102110,20,,No seleccionado,,Consultar
2,Licenciatura 2026,202,20205005,CIRUJANO DENTISTA,FES ZARAGOZA,Escolarizado,https://www.dgae.unam.mx/Licenciatura2026/resultados/2/20205005.html,125,2648,2344,109,174,102206,91,,No seleccionado,,Consultar
2,Licenciatura 2026,202,20205005,CIRUJANO DENTISTA,FES ZARAGOZA,Escolarizado,https://www.dgae.unam.mx/Licenciatura2026/resultados/2/20205005.html,125,2648,2344,109,174,102275,,N,No presentado,,Consultar
2,Licenciatura 2026,202,20205005,CIRUJANO DENTISTA,FES ZARAGOZA,Escolarizado,https://www.dgae.unam.mx/Licenciatura2026/resultados/2/20205005.html,125,2648,2344,109,174,102292,46,,No seleccionado,,Consultar
2,Licenciatura 2026,202,20205005,CIRUJANO DENTISTA,FES ZARAGOZA,Escolarizado,https://www.dgae.unam.mx/Licenciatura2026/resultados/2/20205005.html,125,2648,2344,109,174,102307,82,,No seleccionado,,Consultar
2,Licenciatura 2026,202,20205005,CIRUJANO DENTISTA,FES ZARAGOZA,Escolarizado,https://www.dgae.unam.mx/Licenciatura2026/resultados/2/20205005.html,125,2648,2344,109,174,102314,88,,No seleccionado,,Consultar
2,Licenciatura 2026,202,20205005,CIRUJANO DENTISTA,FES ZARAGOZA,Escolarizado,https://www.dgae.unam.mx/Licenciatura2026/resultados/2/20205005.html,125,2648,2344,109,174,102345,118,S,Seleccionado,Cita para entregar documentación.,Consultar
2,Licenciatura 2026,202,20205005,CIRUJANO DENTISTA,FES ZARAGOZA,Escolarizado,https://www.dgae.unam.mx/Licenciatura2026/resultados/2/20205005.html,125,2648,2344,109,174,102376,93,,No seleccionado,,Consultar
2,Licenciatura 2026,202,20205005,CIRUJANO DENTISTA,FES ZARAGOZA,Escolarizado,https://www.dgae.unam.mx/Licenciatura2026/resultados/2/20205005.html,125,2648,2344,109,174,102379,40,,No seleccionado,,Consultar
2,Licenciatura 2026,202,20205005,CIRUJANO DENTISTA,FES ZARAGOZA,Escolarizado,https://www.dgae.unam.mx/Licenciatura2026/resultados/2/20205005.html,125,2648,2344,109,174,102391,74,,No seleccionado,,Consultar
2,Licenciatura 2026,202,20205005,CIRUJANO DENTISTA,FES ZARAGOZA,Escolarizado,https://www.dgae.unam.mx/Licenciatura2026/resultados/2/20205005.html,125,2648,2344,109,174,102426,47,,No seleccionado,,Consultar
2,Licenciatura 2026,202,20205005,CIRUJANO DENTISTA,FES ZARAGOZA,Escolarizado,https://www.dgae.unam.mx/Licenciatura2026/resultados/2/20205005.html,125,2648,2344,109,174,102436,62,,No seleccionado,,Consultar
2,Licenciatura 2026,202,20205005,CIRUJANO DENTISTA,FES ZARAGOZA,Escolarizado,https://www.dgae.unam.mx/Licenciatura2026/resultados/2/20205005.html,125,2648,2344,109,174,102449,61,,No seleccionado,,Consultar
2,Licenciatura 2026,202,20205005,CIRUJANO DENTISTA,FES ZARAGOZA,Escolarizado,https://www.dgae.unam.mx/Licenciatura2026/resultados/2/20205005.html,125,2648,2344,109,174,102460,69,,No seleccionado,,Consultar
2,Licenciatura 2026,202,20205005,CIRUJANO DENTISTA,FES ZARAGOZA,Escolarizado,https://www.dgae.unam.mx/Licenciatura2026/resultados/2/20205005.html,125,2648,2344,109,174,102522,83,,No seleccionado,,Consultar
2,Licenciatura 2026,202,20205005,CIRUJANO DENTISTA,FES ZARAGOZA,Escolarizado,https://www.dgae.unam.mx/Licenciatura2026/resultados/2/20205005.html,125,2648,2344,109,174,102574,100,,No seleccionado,,Consultar
2,Licenciatura 2026,202,20205005,CIRUJANO DENTISTA,FES ZARAGOZA,Escolarizado,https://www.dgae.unam.mx/Licenciatura2026/resultados/2/20205005.html,125,2648,2344,109,174,102588,,N,No presentado,,Consultar
2,Licenciatura 2026,202,20205005,CIRUJANO DENTISTA,FES ZARAGOZA,Escolarizado,https://www.dgae.unam.mx/Licenciatura2026/resultados/2/20205005.html,125,2648,2344,109,174,102589,65,,No seleccionado,,Consultar
2,Licenciatura 2026,202,20205005,CIRUJANO DENTISTA,FES ZARAGOZA,Escolarizado,https://www.dgae.unam.mx/Licenciatura2026/resultados/2/20205005.html,125,2648,2344,109,174,102602,110,S,Seleccionado,Cita para entregar documentación.,Consultar
2,Licenciatura 2026,202,20205005,CIRUJANO DENTISTA,FES ZARAGOZA,Escolarizado,https://www.dgae.unam.mx/Licenciatura2026/resultados/2/20205005.html,125,2648,2344,109,174,102673,76,,No seleccionado,,Consultar
2,Licenciatura 2026,202,20205005,CIRUJANO DENTISTA,FES ZARAGOZA,Escolarizado,https://www.dgae.unam.mx/Licenciatura2026/resultados/2/20205005.html,125,2648,2344,109,174,102695,61,,No seleccionado,,Consultar
2,Licenciatura 2026,202,20205005,CIRUJANO DENTISTA,FES ZARAGOZA,Escolarizado,https://www.dgae.unam.mx/Licenciatura2026/resultados/2/20205005.html,125,2648,2344,109,174,102721,83,,No seleccionado,,Consultar
2,Licenciatura 2026,202,20205005,CIRUJANO DENTISTA,FES ZARAGOZA,Escolarizado,https://www.dgae.unam.mx/Licenciatura2026/resultados/2/20205005.html,125,2648,2344,109,174,102735,91,,No seleccionado,,Consultar
2,Licenciatura 2026,202,20205005,CIRUJANO DENTISTA,FES ZARAGOZA,Escolarizado,https://www.dgae.unam.mx/Licenciatura2026/resultados/2/20205005.html,125,2648,2344,109,174,102767,,N,No presentado,,Consultar
2,Licenciatura 2026,202,20205005,CIRUJANO DENTISTA,FES ZARAGOZA,Escolarizado,https://www.dgae.unam.mx/Licenciatura2026/resultados/2/20205005.html,125,2648,2344,109,174,102775,98,,No seleccionado,,Consultar
2,Licenciatura 2026,202,20205005,CIRUJANO DENTISTA,FES ZARAGOZA,Escolarizado,https://www.dgae.unam.mx/Licenciatura2026/resultados/2/20205005.html,125,2648,2344,109,174,102873,42,,No seleccionado,,Consultar
2,Licenciatura 2026,202,20205005,CIRUJANO DENTISTA,FES ZARAGOZA,Escolarizado,https://www.dgae.unam.mx/Licenciatura2026/resultados/2/20205005.html,125,2648,2344,109,174,102938,,C,Cancelado,,Consultar
2,Licenciatura 2026,202,20205005,CIRUJANO DENTISTA,FES ZARAGOZA,Escolarizado,https://www.dgae.unam.mx/Licenciatura2026/resultados/2/20205005.html,125,2648,2344,109,174,102939,38,,No seleccionado,,Consultar
2,Licenciatura 2026,202,20205005,CIRUJANO DENTISTA,FES ZARAGOZA,Escolarizado,https://www.dgae.unam.mx/Licenciatura2026/resultados/2/20205005.html,125,2648,2344,109,174,102951,99,,No seleccionado,,Consultar
2,Licenciatura 2026,202,20205005,CIRUJANO DENTISTA,FES ZARAGOZA,Escolarizado,https://www.dgae.unam.mx/Licenciatura2026/resultados/2/20205005.html,125,2648,2344,109,174,102960,,N,No presentado,,Consultar
2,Licenciatura 2026,202,20205005,CIRUJANO DENTISTA,FES ZARAGOZA,Escolarizado,https://www.dgae.unam.mx/Licenciatura2026/resultados/2/20205005.html,125,2648,2344,109,174,102999,28,,No seleccionado,,Consultar
2,Licenciatura 2026,202,20205005,CIRUJANO DENTISTA,FES ZARAGOZA,Escolarizado,https://www.dgae.unam.mx/Licenciatura2026/resultados/2/20205005.html,125,2648,2344,109,174,103021,61,,No seleccionado,,Consultar
2,Licenciatura 2026,202,20205005,CIRUJANO DENTISTA,FES ZARAGOZA,Escolarizado,https://www.dgae.unam.mx/Licenciatura2026/resultados/2/20205005.html,125,2648,2344,109,174,103071,87,,No seleccionado,,Consultar
2,Licenciatura 2026,202,20205005,CIRUJANO DENTISTA,FES ZARAGOZA,Escolarizado,https://www.dgae.unam.mx/Licenciatura2026/resultados/2/20205005.html,125,2648,2344,109,174,103077,24,,No seleccionado,,Consultar
2,Licenciatura 2026,202,20205005,CIRUJANO DENTISTA,FES ZARAGOZA,Escolarizado,https://www.dgae.unam.mx/Licenciatura2026/resultados/2/20205005.html,125,2648,2344,109,174,103083,71,,No seleccionado,,Consultar
2,Licenciatura 2026,202,20205005,CIRUJANO DENTISTA,FES ZARAGOZA,Escolarizado,https://www.dgae.unam.mx/Licenciatura2026/resultados/2/20205005.html,125,2648,2344,109,174,103099,48,,No seleccionado,,Consultar
2,Licenciatura 2026,202,20205005,CIRUJANO DENTISTA,FES ZARAGOZA,Escolarizado,https://www.dgae.unam.mx/Licenciatura2026/resultados/2/20205005.html,125,2648,2344,109,174,103236,36,,No seleccionado,,Consultar
2,Licenciatura 2026,202,20205005,CIRUJANO DENTISTA,FES ZARAGOZA,Escolarizado,https://www.dgae.unam.mx/Licenciatura2026/resultados/2/20205005.html,125,2648,2344,109,174,103273,104,,No seleccionado,,Consultar
2,Licenciatura 2026,202,20205005,CIRUJANO DENTISTA,FES ZARAGOZA,Escolarizado,https://www.dgae.unam.mx/Licenciatura2026/resultados/2/20205005.html,125,2648,2344,109,174,103283,83,,No seleccionado,,Consultar
2,Licenciatura 2026,202,20205005,CIRUJANO DENTISTA,FES ZARAGOZA,Escolarizado,https://www.dgae.unam.mx/Licenciatura2026/resultados/2/20205005.html,125,2648,2344,109,174,103321,60,,No seleccionado,,Consultar
2,Licenciatura 2026,202,20205005,CIRUJANO DENTISTA,FES ZARAGOZA,Escolarizado,https://www.dgae.unam.mx/Licenciatura2026/resultados/2/20205005.html,125,2648,2344,109,174,103327,,N,No presentado,,Consultar
2,Licenciatura 2026,202,20205005,CIRUJANO DENTISTA,FES ZARAGOZA,Escolarizado,https://www.dgae.unam.mx/Licenciatura2026/resultados/2/20205005.html,125,2648,2344,109,174,103354,62,,No seleccionado,,Consultar
2,Licenciatura 2026,202,20205005,CIRUJANO DENTISTA,FES ZARAGOZA,Escolarizado,https://www.dgae.unam.mx/Licenciatura2026/resultados/2/20205005.html,125,2648,2344,109,174,103371,94,,No seleccionado,,Consultar
2,Licenciatura 2026,202,20205005,CIRUJANO DENTISTA,FES ZARAGOZA,Escolarizado,https://www.dgae.unam.mx/Licenciatura2026/resultados/2/20205005.html,125,2648,2344,109,174,103378,99,,No seleccionado,,Consultar
2,Licenciatura 2026,202,20205005,CIRUJANO DENTISTA,FES ZARAGOZA,Escolarizado,https://www.dgae.unam.mx/Licenciatura2026/resultados/2/20205005.html,125,2648,2344,109,174,103391,91,,No seleccionado,,Consultar
2,Licenciatura 2026,202,20205005,CIRUJANO DENTISTA,FES ZARAGOZA,Escolarizado,https://www.dgae.unam.mx/Licenciatura2026/resultados/2/20205005.html,125,2648,2344,109,174,103442,40,,No seleccionado,,Consultar
2,Licenciatura 2026,202,20205005,CIRUJANO DENTISTA,FES ZARAGOZA,Escolarizado,https://www.dgae.unam.mx/Licenciatura2026/resultados/2/20205005.html,125,2648,2344,109,174,103462,80,,No seleccionado,,Consultar
2,Licenciatura 2026,202,20205005,CIRUJANO DENTISTA,FES ZARAGOZA,Escolarizado,https://www.dgae.unam.mx/Licenciatura2026/resultados/2/20205005.html,125,2648,2344,109,174,103465,32,,No seleccionado,,Consultar
2,Licenciatura 2026,202,20205005,CIRUJANO DENTISTA,FES ZARAGOZA,Escolarizado,https://www.dgae.unam.mx/Licenciatura2026/resultados/2/20205005.html,125,2648,2344,109,174,103474,91,,No seleccionado,,Consultar
2,Licenciatura 2026,202,20205005,CIRUJANO DENTISTA,FES ZARAGOZA,Escolarizado,https://www.dgae.unam.mx/Licenciatura2026/resultados/2/20205005.html,125,2648,2344,109,174,103475,67,,No seleccionado,,Consultar
2,Licenciatura 2026,202,20205005,CIRUJANO DENTISTA,FES ZARAGOZA,Escolarizado,https://www.dgae.unam.mx/Licenciatura2026/resultados/2/20205005.html,125,2648,2344,109,174,103497,88,,No seleccionado,,Consultar
2,Licenciatura 2026,202,20205005,CIRUJANO DENTISTA,FES ZARAGOZA,Escolarizado,https://www.dgae.unam.mx/Licenciatura2026/resultados/2/20205005.html,125,2648,2344,109,174,103508,55,,No seleccionado,,Consultar
2,Licenciatura 2026,202,20205005,CIRUJANO DENTISTA,FES ZARAGOZA,Escolarizado,https://www.dgae.unam.mx/Licenciatura2026/resultados/2/20205005.html,125,2648,2344,109,174,103520,39,,No seleccionado,,Consultar
2,Licenciatura 2026,202,20205005,CIRUJANO DENTISTA,FES ZARAGOZA,Escolarizado,https://www.dgae.unam.mx/Licenciatura2026/resultados/2/20205005.html,125,2648,2344,109,174,103542,54,,No seleccionado,,Consultar
2,Licenciatura 2026,202,20205005,CIRUJANO DENTISTA,FES ZARAGOZA,Escolarizado,https://www.dgae.unam.mx/Licenciatura2026/resultados/2/20205005.html,125,2648,2344,109,174,103590,37,,No seleccionado,,Consultar
2,Licenciatura 2026,202,20205005,CIRUJANO DENTISTA,FES ZARAGOZA,Escolarizado,https://www.dgae.unam.mx/Licenciatura2026/resultados/2/20205005.html,125,2648,2344,109,174,103610,90,,No seleccionado,,Consultar
2,Licenciatura 2026,202,20205005,CIRUJANO DENTISTA,FES ZARAGOZA,Escolarizado,https://www.dgae.unam.mx/Licenciatura2026/resultados/2/20205005.html,125,2648,2344,109,174,103631,64,,No seleccionado,,Consultar
2,Licenciatura 2026,202,20205005,CIRUJANO DENTISTA,FES ZARAGOZA,Escolarizado,https://www.dgae.unam.mx/Licenciatura2026/resultados/2/20205005.html,125,2648,2344,109,174,103648,54,,No seleccionado,,Consultar
2,Licenciatura 2026,202,20205005,CIRUJANO DENTISTA,FES ZARAGOZA,Escolarizado,https://www.dgae.unam.mx/Licenciatura2026/resultados/2/20205005.html,125,2648,2344,109,174,103689,97,,No seleccionado,,Consultar
2,Licenciatura 2026,202,20205005,CIRUJANO DENTISTA,FES ZARAGOZA,Escolarizado,https://www.dgae.unam.mx/Licenciatura2026/resultados/2/20205005.html,125,2648,2344,109,174,103719,,C,Cancelado,,Consultar
2,Licenciatura 2026,202,20205005,CIRUJANO DENTISTA,FES ZARAGOZA,Escolarizado,https://www.dgae.unam.mx/Licenciatura2026/resultados/2/20205005.html,125,2648,2344,109,174,103730,87,,No seleccionado,,Consultar
2,Licenciatura 2026,202,20205005,CIRUJANO DENTISTA,FES ZARAGOZA,Escolarizado,https://www.dgae.unam.mx/Licenciatura2026/resultados/2/20205005.html,125,2648,2344,109,174,103745,79,,No seleccionado,,Consultar
2,Licenciatura 2026,202,20205005,CIRUJANO DENTISTA,FES ZARAGOZA,Escolarizado,https://www.dgae.unam.mx/Licenciatura2026/resultados/2/20205005.html,125,2648,2344,109,174,103751,91,,No seleccionado,,Consultar
2,Licenciatura 2026,202,20205005,CIRUJANO DENTISTA,FES ZARAGOZA,Escolarizado,https://www.dgae.unam.mx/Licenciatura2026/resultados/2/20205005.html,125,2648,2344,109,174,103784,100,,No seleccionado,,Consultar
2,Licenciatura 2026,202,20205005,CIRUJANO DENTISTA,FES ZARAGOZA,Escolarizado,https://www.dgae.unam.mx/Licenciatura2026/resultados/2/20205005.html,125,2648,2344,109,174,103805,93,,No seleccionado,,Consultar
2,Licenciatura 2026,202,20205005,CIRUJANO DENTISTA,FES ZARAGOZA,Escolarizado,https://www.dgae.unam.mx/Licenciatura2026/resultados/2/20205005.html,125,2648,2344,109,174,103815,34,,No seleccionado,,Consultar
2,Licenciatura 2026,202,20205005,CIRUJANO DENTISTA,FES ZARAGOZA,Escolarizado,https://www.dgae.unam.mx/Licenciatura2026/resultados/2/20205005.html,125,2648,2344,109,174,103823,64,,No seleccionado,,Consultar
2,Licenciatura 2026,202,20205005,CIRUJANO DENTISTA,FES ZARAGOZA,Escolarizado,https://www.dgae.unam.mx/Licenciatura2026/resultados/2/20205005.html,125,2648,2344,109,174,103826,36,,No seleccionado,,Consultar
2,Licenciatura 2026,202,20205005,CIRUJANO DENTISTA,FES ZARAGOZA,Escolarizado,https://www.dgae.unam.mx/Licenciatura2026/resultados/2/20205005.html,125,2648,2344,109,174,103830,69,,No seleccionado,,Consultar
2,Licenciatura 2026,202,20205005,CIRUJANO DENTISTA,FES ZARAGOZA,Escolarizado,https://www.dgae.unam.mx/Licenciatura2026/resultados/2/20205005.html,125,2648,2344,109,174,103865,99,,No seleccionado,,Consultar
2,Licenciatura 2026,202,20205005,CIRUJANO DENTISTA,FES ZARAGOZA,Escolarizado,https://www.dgae.unam.mx/Licenciatura2026/resultados/2/20205005.html,125,2648,2344,109,174,103919,98,,No seleccionado,,Consultar
2,Licenciatura 2026,202,20205005,CIRUJANO DENTISTA,FES ZARAGOZA,Escolarizado,https://www.dgae.unam.mx/Licenciatura2026/resultados/2/20205005.html,125,2648,2344,109,174,103939,49,,No seleccionado,,Consultar
2,Licenciatura 2026,202,20205005,CIRUJANO DENTISTA,FES ZARAGOZA,Escolarizado,https://www.dgae.unam.mx/Licenciatura2026/resultados/2/20205005.html,125,2648,2344,109,174,103968,105,,No seleccionado,,Consultar
2,Licenciatura 2026,202,20205005,CIRUJANO DENTISTA,FES ZARAGOZA,Escolarizado,https://www.dgae.unam.mx/Licenciatura2026/resultados/2/20205005.html,125,2648,2344,109,174,103971,46,,No seleccionado,,Consultar
2,Licenciatura 2026,202,20205005,CIRUJANO DENTISTA,FES ZARAGOZA,Escolarizado,https://www.dgae.unam.mx/Licenciatura2026/resultados/2/20205005.html,125,2648,2344,109,174,103974,37,,No seleccionado,,Consultar
2,Licenciatura 2026,202,20205005,CIRUJANO DENTISTA,FES ZARAGOZA,Escolarizado,https://www.dgae.unam.mx/Licenciatura2026/resultados/2/20205005.html,125,2648,2344,109,174,104001,65,,No seleccionado,,Consultar
2,Licenciatura 2026,202,20205005,CIRUJANO DENTISTA,FES ZARAGOZA,Escolarizado,https://www.dgae.unam.mx/Licenciatura2026/resultados/2/20205005.html,125,2648,2344,109,174,104028,95,,No seleccionado,,Consultar
2,Licenciatura 2026,202,20205005,CIRUJANO DENTISTA,FES ZARAGOZA,Escolarizado,https://www.dgae.unam.mx/Licenciatura2026/resultados/2/20205005.html,125,2648,2344,109,174,104045,43,,No seleccionado,,Consultar
2,Licenciatura 2026,202,20205005,CIRUJANO DENTISTA,FES ZARAGOZA,Escolarizado,https://www.dgae.unam.mx/Licenciatura2026/resultados/2/20205005.html,125,2648,2344,109,174,104055,109,S,Seleccionado,Cita para entregar documentación.,Consultar
2,Licenciatura 2026,202,20205005,CIRUJANO DENTISTA,FES ZARAGOZA,Escolarizado,https://www.dgae.unam.mx/Licenciatura2026/resultados/2/20205005.html,125,2648,2344,109,174,104112,101,,No seleccionado,,Consultar
2,Licenciatura 2026,202,20205005,CIRUJANO DENTISTA,FES ZARAGOZA,Escolarizado,https://www.dgae.unam.mx/Licenciatura2026/resultados/2/20205005.html,125,2648,2344,109,174,104113,44,,No seleccionado,,Consultar
2,Licenciatura 2026,202,20205005,CIRUJANO DENTISTA,FES ZARAGOZA,Escolarizado,https://www.dgae.unam.mx/Licenciatura2026/resultados/2/20205005.html,125,2648,2344,109,174,104129,63,,No seleccionado,,Consultar
2,Licenciatura 2026,202,20205005,CIRUJANO DENTISTA,FES ZARAGOZA,Escolarizado,https://www.dgae.unam.mx/Licenciatura2026/resultados/2/20205005.html,125,2648,2344,109,174,104142,90,,No seleccionado,,Consultar
2,Licenciatura 2026,202,20205005,CIRUJANO DENTISTA,FES ZARAGOZA,Escolarizado,https://www.dgae.unam.mx/Licenciatura2026/resultados/2/20205005.html,125,2648,2344,109,174,104163,42,,No seleccionado,,Consultar
2,Licenciatura 2026,202,20205005,CIRUJANO DENTISTA,FES ZARAGOZA,Escolarizado,https://www.dgae.unam.mx/Licenciatura2026/resultados/2/20205005.html,125,2648,2344,109,174,104181,95,,No seleccionado,,Consultar
2,Licenciatura 2026,202,20205005,CIRUJANO DENTISTA,FES ZARAGOZA,Escolarizado,https://www.dgae.unam.mx/Licenciatura2026/resultados/2/20205005.html,125,2648,2344,109,174,104210,29,,No seleccionado,,Consultar
2,Licenciatura 2026,202,20205005,CIRUJANO DENTISTA,FES ZARAGOZA,Escolarizado,https://www.dgae.unam.mx/Licenciatura2026/resultados/2/20205005.html,125,2648,2344,109,174,104235,100,,No seleccionado,,Consultar
2,Licenciatura 2026,202,20205005,CIRUJANO DENTISTA,FES ZARAGOZA,Escolarizado,https://www.dgae.unam.mx/Licenciatura2026/resultados/2/20205005.html,125,2648,2344,109,174,104249,99,,No seleccionado,,Consultar
2,Licenciatura 2026,202,20205005,CIRUJANO DENTISTA,FES ZARAGOZA,Escolarizado,https://www.dgae.unam.mx/Licenciatura2026/resultados/2/20205005.html,125,2648,2344,109,174,104276,,N,No presentado,,Consultar
2,Licenciatura 2026,202,20205005,CIRUJANO DENTISTA,FES ZARAGOZA,Escolarizado,https://www.dgae.unam.mx/Licenciatura2026/resultados/2/20205005.html,125,2648,2344,109,174,104292,46,,No seleccionado,,Consultar
2,Licenciatura 2026,202,20205005,CIRUJANO DENTISTA,FES ZARAGOZA,Escolarizado,https://www.dgae.unam.mx/Licenciatura2026/resultados/2/20205005.html,125,2648,2344,109,174,104314,53,,No seleccionado,,Consultar
2,Licenciatura 2026,202,20205005,CIRUJANO DENTISTA,FES ZARAGOZA,Escolarizado,https://www.dgae.unam.mx/Licenciatura2026/resultados/2/20205005.html,125,2648,2344,109,174,104328,,C,Cancelado,,Consultar
2,Licenciatura 2026,202,20205005,CIRUJANO DENTISTA,FES ZARAGOZA,Escolarizado,https://www.dgae.unam.mx/Licenciatura2026/resultados/2/20205005.html,125,2648,2344,109,174,104407,115,S,Seleccionado,,Consultar
2,Licenciatura 2026,202,20205005,CIRUJANO DENTISTA,FES ZARAGOZA,Escolarizado,https://www.dgae.unam.mx/Licenciatura2026/resultados/2/20205005.html,125,2648,2344,109,174,104408,69,,No seleccionado,,Consultar
2,Licenciatura 2026,202,20205005,CIRUJANO DENTISTA,FES ZARAGOZA,Escolarizado,https://www.dgae.unam.mx/Licenciatura2026/resultados/2/20205005.html,125,2648,2344,109,174,104429,86,,No seleccionado,,Consultar
2,Licenciatura 2026,202,20205005,CIRUJANO DENTISTA,FES ZARAGOZA,Escolarizado,https://www.dgae.unam.mx/Licenciatura2026/resultados/2/20205005.html,125,2648,2344,109,174,104430,33,,No seleccionado,,Consultar
2,Licenciatura 2026,202,20205005,CIRUJANO DENTISTA,FES ZARAGOZA,Escolarizado,https://www.dgae.unam.mx/Licenciatura2026/resultados/2/20205005.html,125,2648,2344,109,174,104522,,C,Cancelado,,Consultar
2,Licenciatura 2026,202,20205005,CIRUJANO DENTISTA,FES ZARAGOZA,Escolarizado,https://www.dgae.unam.mx/Licenciatura2026/resultados/2/20205005.html,125,2648,2344,109,174,104564,74,,No seleccionado,,Consultar
2,Licenciatura 2026,202,20205005,CIRUJANO DENTISTA,FES ZARAGOZA,Escolarizado,https://www.dgae.unam.mx/Licenciatura2026/resultados/2/20205005.html,125,2648,2344,109,174,104578,103,,No seleccionado,,Consultar
2,Licenciatura 2026,202,20205005,CIRUJANO DENTISTA,FES ZARAGOZA,Escolarizado,https://www.dgae.unam.mx/Licenciatura2026/resultados/2/20205005.html,125,2648,2344,109,174,104608,45,,No seleccionado,,Consultar
2,Licenciatura 2026,202,20205005,CIRUJANO DENTISTA,FES ZARAGOZA,Escolarizado,https://www.dgae.unam.mx/Licenciatura2026/resultados/2/20205005.html,125,2648,2344,109,174,104638,45,,No seleccionado,,Consultar
2,Licenciatura 2026,202,20205005,CIRUJANO DENTISTA,FES ZARAGOZA,Escolarizado,https://www.dgae.unam.mx/Licenciatura2026/resultados/2/20205005.html,125,2648,2344,109,174,104666,65,,No seleccionado,,Consultar
2,Licenciatura 2026,202,20205005,CIRUJANO DENTISTA,FES ZARAGOZA,Escolarizado,https://www.dgae.unam.mx/Licenciatura2026/resultados/2/20205005.html,125,2648,2344,109,174,104688,40,,No seleccionado,,Consultar
2,Licenciatura 2026,202,20205005,CIRUJANO DENTISTA,FES ZARAGOZA,Escolarizado,https://www.dgae.unam.mx/Licenciatura2026/resultados/2/20205005.html,125,2648,2344,109,174,104759,95,,No seleccionado,,Consultar
2,Licenciatura 2026,202,20205005,CIRUJANO DENTISTA,FES ZARAGOZA,Escolarizado,https://www.dgae.unam.mx/Licenciatura2026/resultados/2/20205005.html,125,2648,2344,109,174,104799,89,,No seleccionado,,Consultar
2,Licenciatura 2026,202,20205005,CIRUJANO DENTISTA,FES ZARAGOZA,Escolarizado,https://www.dgae.unam.mx/Licenciatura2026/resultados/2/20205005.html,125,2648,2344,109,174,104801,49,,No seleccionado,,Consultar
2,Licenciatura 2026,202,20205005,CIRUJANO DENTISTA,FES ZARAGOZA,Escolarizado,https://www.dgae.unam.mx/Licenciatura2026/resultados/2/20205005.html,125,2648,2344,109,174,104819,83,,No seleccionado,,Consultar
2,Licenciatura 2026,202,20205005,CIRUJANO DENTISTA,FES ZARAGOZA,Escolarizado,https://www.dgae.unam.mx/Licenciatura2026/resultados/2/20205005.html,125,2648,2344,109,174,104865,64,,No seleccionado,,Consultar
2,Licenciatura 2026,202,20205005,CIRUJANO DENTISTA,FES ZARAGOZA,Escolarizado,https://www.dgae.unam.mx/Licenciatura2026/resultados/2/20205005.html,125,2648,2344,109,174,104866,,C,Cancelado,,Consultar
2,Licenciatura 2026,202,20205005,CIRUJANO DENTISTA,FES ZARAGOZA,Escolarizado,https://www.dgae.unam.mx/Licenciatura2026/resultados/2/20205005.html,125,2648,2344,109,174,104874,109,S,Seleccionado,Cita para entregar documentación.,Consultar
2,Licenciatura 2026,202,20205005,CIRUJANO DENTISTA,FES ZARAGOZA,Escolarizado,https://www.dgae.unam.mx/Licenciatura2026/resultados/2/20205005.html,125,2648,2344,109,174,104886,112,S,Seleccionado,,Consultar
2,Licenciatura 2026,202,20205005,CIRUJANO DENTISTA,FES ZARAGOZA,Escolarizado,https://www.dgae.unam.mx/Licenciatura2026/resultados/2/20205005.html,125,2648,2344,109,174,104890,110,S,Seleccionado,Cita para entregar documentación.,Consultar
2,Licenciatura 2026,202,20205005,CIRUJANO DENTISTA,FES ZARAGOZA,Escolarizado,https://www.dgae.unam.mx/Licenciatura2026/resultados/2/20205005.html,125,2648,2344,109,174,104905,,N,No presentado,,Consultar
2,Licenciatura 2026,202,20205005,CIRUJANO DENTISTA,FES ZARAGOZA,Escolarizado,https://www.dgae.unam.mx/Licenciatura2026/resultados/2/20205005.html,125,2648,2344,109,174,104956,32,,No seleccionado,,Consultar
2,Licenciatura 2026,202,20205005,CIRUJANO DENTISTA,FES ZARAGOZA,Escolarizado,https://www.dgae.unam.mx/Licenciatura2026/resultados/2/20205005.html,125,2648,2344,109,174,104984,,N,No presentado,,Consultar
2,Licenciatura 2026,202,20205005,CIRUJANO DENTISTA,FES ZARAGOZA,Escolarizado,https://www.dgae.unam.mx/Licenciatura2026/resultados/2/20205005.html,125,2648,2344,109,174,105001,,N,No presentado,,Consultar
2,Licenciatura 2026,202,20205005,CIRUJANO DENTISTA,FES ZARAGOZA,Escolarizado,https://www.dgae.unam.mx/Licenciatura2026/resultados/2/20205005.html,125,2648,2344,109,174,105005,34,,No seleccionado,,Consultar
2,Licenciatura 2026,202,20205005,CIRUJANO DENTISTA,FES ZARAGOZA,Escolarizado,https://www.dgae.unam.mx/Licenciatura2026/resultados/2/20205005.html,125,2648,2344,109,174,105031,51,,No seleccionado,,Consultar
2,Licenciatura 2026,202,20205005,CIRUJANO DENTISTA,FES ZARAGOZA,Escolarizado,https://www.dgae.unam.mx/Licenciatura2026/resultados/2/20205005.html,125,2648,2344,109,174,105080,32,,No seleccionado,,Consultar
2,Licenciatura 2026,202,20205005,CIRUJANO DENTISTA,FES ZARAGOZA,Escolarizado,https://www.dgae.unam.mx/Licenciatura2026/resultados/2/20205005.html,125,2648,2344,109,174,105103,88,,No seleccionado,,Consultar
2,Licenciatura 2026,202,20205005,CIRUJANO DENTISTA,FES ZARAGOZA,Escolarizado,https://www.dgae.unam.mx/Licenciatura2026/resultados/2/20205005.html,125,2648,2344,109,174,105104,79,,No seleccionado,,Consultar
2,Licenciatura 2026,202,20205005,CIRUJANO DENTISTA,FES ZARAGOZA,Escolarizado,https://www.dgae.unam.mx/Licenciatura2026/resultados/2/20205005.html,125,2648,2344,109,174,105116,63,,No seleccionado,,Consultar
2,Licenciatura 2026,202,20205005,CIRUJANO DENTISTA,FES ZARAGOZA,Escolarizado,https://www.dgae.unam.mx/Licenciatura2026/resultados/2/20205005.html,125,2648,2344,109,174,105120,56,,No seleccionado,,Consultar
2,Licenciatura 2026,202,20205005,CIRUJANO DENTISTA,FES ZARAGOZA,Escolarizado,https://www.dgae.unam.mx/Licenciatura2026/resultados/2/20205005.html,125,2648,2344,109,174,105160,44,,No seleccionado,,Consultar
2,Licenciatura 2026,202,20205005,CIRUJANO DENTISTA,FES ZARAGOZA,Escolarizado,https://www.dgae.unam.mx/Licenciatura2026/resultados/2/20205005.html,125,2648,2344,109,174,105187,71,,No seleccionado,,Consultar
2,Licenciatura 2026,202,20205005,CIRUJANO DENTISTA,FES ZARAGOZA,Escolarizado,https://www.dgae.unam.mx/Licenciatura2026/resultados/2/20205005.html,125,2648,2344,109,174,105213,58,,No seleccionado,,Consultar
2,Licenciatura 2026,202,20205005,CIRUJANO DENTISTA,FES ZARAGOZA,Escolarizado,https://www.dgae.unam.mx/Licenciatura2026/resultados/2/20205005.html,125,2648,2344,109,174,105319,89,,No seleccionado,,Consultar
2,Licenciatura 2026,202,20205005,CIRUJANO DENTISTA,FES ZARAGOZA,Escolarizado,https://www.dgae.unam.mx/Licenciatura2026/resultados/2/20205005.html,125,2648,2344,109,174,105332,89,,No seleccionado,,Consultar
2,Licenciatura 2026,202,20205005,CIRUJANO DENTISTA,FES ZARAGOZA,Escolarizado,https://www.dgae.unam.mx/Licenciatura2026/resultados/2/20205005.html,125,2648,2344,109,174,105460,,N,No presentado,,Consultar
2,Licenciatura 2026,202,20205005,CIRUJANO DENTISTA,FES ZARAGOZA,Escolarizado,https://www.dgae.unam.mx/Licenciatura2026/resultados/2/20205005.html,125,2648,2344,109,174,105512,79,,No seleccionado,,Consultar
2,Licenciatura 2026,202,20205005,CIRUJANO DENTISTA,FES ZARAGOZA,Escolarizado,https://www.dgae.unam.mx/Licenciatura2026/resultados/2/20205005.html,125,2648,2344,109,174,105524,51,,No seleccionado,,Consultar
2,Licenciatura 2026,202,20205005,CIRUJANO DENTISTA,FES ZARAGOZA,Escolarizado,https://www.dgae.unam.mx/Licenciatura2026/resultados/2/20205005.html,125,2648,2344,109,174,105525,84,,No seleccionado,,Consultar
2,Licenciatura 2026,202,20205005,CIRUJANO DENTISTA,FES ZARAGOZA,Escolarizado,https://www.dgae.unam.mx/Licenciatura2026/resultados/2/20205005.html,125,2648,2344,109,174,105640,61,,No seleccionado,,Consultar
2,Licenciatura 2026,202,20205005,CIRUJANO DENTISTA,FES ZARAGOZA,Escolarizado,https://www.dgae.unam.mx/Licenciatura2026/resultados/2/20205005.html,125,2648,2344,109,174,105688,116,S,Seleccionado,Cita para entregar documentación.,Consultar
2,Licenciatura 2026,202,20205005,CIRUJANO DENTISTA,FES ZARAGOZA,Escolarizado,https://www.dgae.unam.mx/Licenciatura2026/resultados/2/20205005.html,125,2648,2344,109,174,105698,57,,No seleccionado,,Consultar
2,Licenciatura 2026,202,20205005,CIRUJANO DENTISTA,FES ZARAGOZA,Escolarizado,https://www.dgae.unam.mx/Licenciatura2026/resultados/2/20205005.html,125,2648,2344,109,174,105722,69,,No seleccionado,,Consultar
2,Licenciatura 2026,202,20205005,CIRUJANO DENTISTA,FES ZARAGOZA,Escolarizado,https://www.dgae.unam.mx/Licenciatura2026/resultados/2/20205005.html,125,2648,2344,109,174,105730,82,,No seleccionado,,Consultar
2,Licenciatura 2026,202,20205005,CIRUJANO DENTISTA,FES ZARAGOZA,Escolarizado,https://www.dgae.unam.mx/Licenciatura2026/resultados/2/20205005.html,125,2648,2344,109,174,105746,59,,No seleccionado,,Consultar
2,Licenciatura 2026,202,20205005,CIRUJANO DENTISTA,FES ZARAGOZA,Escolarizado,https://www.dgae.unam.mx/Licenciatura2026/resultados/2/20205005.html,125,2648,2344,109,174,105774,68,,No seleccionado,,Consultar
2,Licenciatura 2026,202,20205005,CIRUJANO DENTISTA,FES ZARAGOZA,Escolarizado,https://www.dgae.unam.mx/Licenciatura2026/resultados/2/20205005.html,125,2648,2344,109,174,105779,,N,No presentado,,Consultar
2,Licenciatura 2026,202,20205005,CIRUJANO DENTISTA,FES ZARAGOZA,Escolarizado,https://www.dgae.unam.mx/Licenciatura2026/resultados/2/20205005.html,125,2648,2344,109,174,105783,89,,No seleccionado,,Consultar
2,Licenciatura 2026,202,20205005,CIRUJANO DENTISTA,FES ZARAGOZA,Escolarizado,https://www.dgae.unam.mx/Licenciatura2026/resultados/2/20205005.html,125,2648,2344,109,174,105825,37,,No seleccionado,,Consultar
2,Licenciatura 2026,202,20205005,CIRUJANO DENTISTA,FES ZARAGOZA,Escolarizado,https://www.dgae.unam.mx/Licenciatura2026/resultados/2/20205005.html,125,2648,2344,109,174,105828,55,,No seleccionado,,Consultar
2,Licenciatura 2026,202,20205005,CIRUJANO DENTISTA,FES ZARAGOZA,Escolarizado,https://www.dgae.unam.mx/Licenciatura2026/resultados/2/20205005.html,125,2648,2344,109,174,106001,95,,No seleccionado,,Consultar
2,Licenciatura 2026,202,20205005,CIRUJANO DENTISTA,FES ZARAGOZA,Escolarizado,https://www.dgae.unam.mx/Licenciatura2026/resultados/2/20205005.html,125,2648,2344,109,174,106086,107,,No seleccionado,,Consultar
2,Licenciatura 2026,202,20205005,CIRUJANO DENTISTA,FES ZARAGOZA,Escolarizado,https://www.dgae.unam.mx/Licenciatura2026/resultados/2/20205005.html,125,2648,2344,109,174,106107,67,,No seleccionado,,Consultar
2,Licenciatura 2026,202,20205005,CIRUJANO DENTISTA,FES ZARAGOZA,Escolarizado,https://www.dgae.unam.mx/Licenciatura2026/resultados/2/20205005.html,125,2648,2344,109,174,106168,72,,No seleccionado,,Consultar
2,Licenciatura 2026,202,20205005,CIRUJANO DENTISTA,FES ZARAGOZA,Escolarizado,https://www.dgae.unam.mx/Licenciatura2026/resultados/2/20205005.html,125,2648,2344,109,174,106192,101,,No seleccionado,,Consultar
2,Licenciatura 2026,202,20205005,CIRUJANO DENTISTA,FES ZARAGOZA,Escolarizado,https://www.dgae.unam.mx/Licenciatura2026/resultados/2/20205005.html,125,2648,2344,109,174,106201,66,,No seleccionado,,Consultar
2,Licenciatura 2026,202,20205005,CIRUJANO DENTISTA,FES ZARAGOZA,Escolarizado,https://www.dgae.unam.mx/Licenciatura2026/resultados/2/20205005.html,125,2648,2344,109,174,106206,69,,No seleccionado,,Consultar
2,Licenciatura 2026,202,20205005,CIRUJANO DENTISTA,FES ZARAGOZA,Escolarizado,https://www.dgae.unam.mx/Licenciatura2026/resultados/2/20205005.html,125,2648,2344,109,174,106226,37,,No seleccionado,,Consultar
2,Licenciatura 2026,202,20205005,CIRUJANO DENTISTA,FES ZARAGOZA,Escolarizado,https://www.dgae.unam.mx/Licenciatura2026/resultados/2/20205005.html,125,2648,2344,109,174,106274,54,,No seleccionado,,Consultar
2,Licenciatura 2026,202,20205005,CIRUJANO DENTISTA,FES ZARAGOZA,Escolarizado,https://www.dgae.unam.mx/Licenciatura2026/resultados/2/20205005.html,125,2648,2344,109,174,106312,0,,No seleccionado,,Consultar
2,Licenciatura 2026,202,20205005,CIRUJANO DENTISTA,FES ZARAGOZA,Escolarizado,https://www.dgae.unam.mx/Licenciatura2026/resultados/2/20205005.html,125,2648,2344,109,174,106344,37,,No seleccionado,,Consultar
2,Licenciatura 2026,202,20205005,CIRUJANO DENTISTA,FES ZARAGOZA,Escolarizado,https://www.dgae.unam.mx/Licenciatura2026/resultados/2/20205005.html,125,2648,2344,109,174,106383,,N,No presentado,,Consultar
2,Licenciatura 2026,202,20205005,CIRUJANO DENTISTA,FES ZARAGOZA,Escolarizado,https://www.dgae.unam.mx/Licenciatura2026/resultados/2/20205005.html,125,2648,2344,109,174,106473,83,,No seleccionado,,Consultar
2,Licenciatura 2026,202,20205005,CIRUJANO DENTISTA,FES ZARAGOZA,Escolarizado,https://www.dgae.unam.mx/Licenciatura2026/resultados/2/20205005.html,125,2648,2344,109,174,106503,60,,No seleccionado,,Consultar
2,Licenciatura 2026,202,20205005,CIRUJANO DENTISTA,FES ZARAGOZA,Escolarizado,https://www.dgae.unam.mx/Licenciatura2026/resultados/2/20205005.html,125,2648,2344,109,174,106588,92,,No seleccionado,,Consultar
2,Licenciatura 2026,202,20205005,CIRUJANO DENTISTA,FES ZARAGOZA,Escolarizado,https://www.dgae.unam.mx/Licenciatura2026/resultados/2/20205005.html,125,2648,2344,109,174,106589,77,,No seleccionado,,Consultar
2,Licenciatura 2026,202,20205005,CIRUJANO DENTISTA,FES ZARAGOZA,Escolarizado,https://www.dgae.unam.mx/Licenciatura2026/resultados/2/20205005.html,125,2648,2344,109,174,106590,83,,No seleccionado,,Consultar
2,Licenciatura 2026,202,20205005,CIRUJANO DENTISTA,FES ZARAGOZA,Escolarizado,https://www.dgae.unam.mx/Licenciatura2026/resultados/2/20205005.html,125,2648,2344,109,174,106641,67,,No seleccionado,,Consultar
2,Licenciatura 2026,202,20205005,CIRUJANO DENTISTA,FES ZARAGOZA,Escolarizado,https://www.dgae.unam.mx/Licenciatura2026/resultados/2/20205005.html,125,2648,2344,109,174,106662,76,,No seleccionado,,Consultar
2,Licenciatura 2026,202,20205005,CIRUJANO DENTISTA,FES ZARAGOZA,Escolarizado,https://www.dgae.unam.mx/Licenciatura2026/resultados/2/20205005.html,125,2648,2344,109,174,106672,74,,No seleccionado,,Consultar
2,Licenciatura 2026,202,20205005,CIRUJANO DENTISTA,FES ZARAGOZA,Escolarizado,https://www.dgae.unam.mx/Licenciatura2026/resultados/2/20205005.html,125,2648,2344,109,174,106711,108,,No seleccionado,,Consultar
2,Licenciatura 2026,202,20205005,CIRUJANO DENTISTA,FES ZARAGOZA,Escolarizado,https://www.dgae.unam.mx/Licenciatura2026/resultados/2/20205005.html,125,2648,2344,109,174,106715,,C,Cancelado,,Consultar
2,Licenciatura 2026,202,20205005,CIRUJANO DENTISTA,FES ZARAGOZA,Escolarizado,https://www.dgae.unam.mx/Licenciatura2026/resultados/2/20205005.html,125,2648,2344,109,174,106721,41,,No seleccionado,,Consultar
2,Licenciatura 2026,202,20205005,CIRUJANO DENTISTA,FES ZARAGOZA,Escolarizado,https://www.dgae.unam.mx/Licenciatura2026/resultados/2/20205005.html,125,2648,2344,109,174,106737,58,,No seleccionado,,Consultar
2,Licenciatura 2026,202,20205005,CIRUJANO DENTISTA,FES ZARAGOZA,Escolarizado,https://www.dgae.unam.mx/Licenciatura2026/resultados/2/20205005.html,125,2648,2344,109,174,106788,,N,No presentado,,Consultar
2,Licenciatura 2026,202,20205005,CIRUJANO DENTISTA,FES ZARAGOZA,Escolarizado,https://www.dgae.unam.mx/Licenciatura2026/resultados/2/20205005.html,125,2648,2344,109,174,106831,112,S,Seleccionado,Cita para entregar documentación.,Consultar
2,Licenciatura 2026,202,20205005,CIRUJANO DENTISTA,FES ZARAGOZA,Escolarizado,https://www.dgae.unam.mx/Licenciatura2026/resultados/2/20205005.html,125,2648,2344,109,174,106894,49,,No seleccionado,,Consultar
2,Licenciatura 2026,202,20205005,CIRUJANO DENTISTA,FES ZARAGOZA,Escolarizado,https://www.dgae.unam.mx/Licenciatura2026/resultados/2/20205005.html,125,2648,2344,109,174,106917,23,,No seleccionado,,Consultar
2,Licenciatura 2026,202,20205005,CIRUJANO DENTISTA,FES ZARAGOZA,Escolarizado,https://www.dgae.unam.mx/Licenciatura2026/resultados/2/20205005.html,125,2648,2344,109,174,106926,40,,No seleccionado,,Consultar
2,Licenciatura 2026,202,20205005,CIRUJANO DENTISTA,FES ZARAGOZA,Escolarizado,https://www.dgae.unam.mx/Licenciatura2026/resultados/2/20205005.html,125,2648,2344,109,174,106957,49,,No seleccionado,,Consultar
2,Licenciatura 2026,202,20205005,CIRUJANO DENTISTA,FES ZARAGOZA,Escolarizado,https://www.dgae.unam.mx/Licenciatura2026/resultados/2/20205005.html,125,2648,2344,109,174,106964,47,,No seleccionado,,Consultar
2,Licenciatura 2026,202,20205005,CIRUJANO DENTISTA,FES ZARAGOZA,Escolarizado,https://www.dgae.unam.mx/Licenciatura2026/resultados/2/20205005.html,125,2648,2344,109,174,107008,72,,No seleccionado,,Consultar
2,Licenciatura 2026,202,20205005,CIRUJANO DENTISTA,FES ZARAGOZA,Escolarizado,https://www.dgae.unam.mx/Licenciatura2026/resultados/2/20205005.html,125,2648,2344,109,174,107058,99,,No seleccionado,,Consultar
2,Licenciatura 2026,202,20205005,CIRUJANO DENTISTA,FES ZARAGOZA,Escolarizado,https://www.dgae.unam.mx/Licenciatura2026/resultados/2/20205005.html,125,2648,2344,109,174,107126,42,,No seleccionado,,Consultar
2,Licenciatura 2026,202,20205005,CIRUJANO DENTISTA,FES ZARAGOZA,Escolarizado,https://www.dgae.unam.mx/Licenciatura2026/resultados/2/20205005.html,125,2648,2344,109,174,107128,42,,No seleccionado,,Consultar
2,Licenciatura 2026,202,20205005,CIRUJANO DENTISTA,FES ZARAGOZA,Escolarizado,https://www.dgae.unam.mx/Licenciatura2026/resultados/2/20205005.html,125,2648,2344,109,174,107137,53,,No seleccionado,,Consultar
2,Licenciatura 2026,202,20205005,CIRUJANO DENTISTA,FES ZARAGOZA,Escolarizado,https://www.dgae.unam.mx/Licenciatura2026/resultados/2/20205005.html,125,2648,2344,109,174,107159,,N,No presentado,,Consultar
2,Licenciatura 2026,202,20205005,CIRUJANO DENTISTA,FES ZARAGOZA,Escolarizado,https://www.dgae.unam.mx/Licenciatura2026/resultados/2/20205005.html,125,2648,2344,109,174,107164,31,,No seleccionado,,Consultar
2,Licenciatura 2026,202,20205005,CIRUJANO DENTISTA,FES ZARAGOZA,Escolarizado,https://www.dgae.unam.mx/Licenciatura2026/resultados/2/20205005.html,125,2648,2344,109,174,107165,110,S,Seleccionado,Cita para entregar documentación.,Consultar
2,Licenciatura 2026,202,20205005,CIRUJANO DENTISTA,FES ZARAGOZA,Escolarizado,https://www.dgae.unam.mx/Licenciatura2026/resultados/2/20205005.html,125,2648,2344,109,174,107219,44,,No seleccionado,,Consultar
2,Licenciatura 2026,202,20205005,CIRUJANO DENTISTA,FES ZARAGOZA,Escolarizado,https://www.dgae.unam.mx/Licenciatura2026/resultados/2/20205005.html,125,2648,2344,109,174,107241,109,S,Seleccionado,,Consultar
2,Licenciatura 2026,202,20205005,CIRUJANO DENTISTA,FES ZARAGOZA,Escolarizado,https://www.dgae.unam.mx/Licenciatura2026/resultados/2/20205005.html,125,2648,2344,109,174,107273,41,,No seleccionado,,Consultar
2,Licenciatura 2026,202,20205005,CIRUJANO DENTISTA,FES ZARAGOZA,Escolarizado,https://www.dgae.unam.mx/Licenciatura2026/resultados/2/20205005.html,125,2648,2344,109,174,107283,95,,No seleccionado,,Consultar
2,Licenciatura 2026,202,20205005,CIRUJANO DENTISTA,FES ZARAGOZA,Escolarizado,https://www.dgae.unam.mx/Licenciatura2026/resultados/2/20205005.html,125,2648,2344,109,174,107317,46,,No seleccionado,,Consultar
2,Licenciatura 2026,202,20205005,CIRUJANO DENTISTA,FES ZARAGOZA,Escolarizado,https://www.dgae.unam.mx/Licenciatura2026/resultados/2/20205005.html,125,2648,2344,109,174,107332,31,,No seleccionado,,Consultar
2,Licenciatura 2026,202,20205005,CIRUJANO DENTISTA,FES ZARAGOZA,Escolarizado,https://www.dgae.unam.mx/Licenciatura2026/resultados/2/20205005.html,125,2648,2344,109,174,107342,66,,No seleccionado,,Consultar
2,Licenciatura 2026,202,20205005,CIRUJANO DENTISTA,FES ZARAGOZA,Escolarizado,https://www.dgae.unam.mx/Licenciatura2026/resultados/2/20205005.html,125,2648,2344,109,174,107347,72,,No seleccionado,,Consultar
2,Licenciatura 2026,202,20205005,CIRUJANO DENTISTA,FES ZARAGOZA,Escolarizado,https://www.dgae.unam.mx/Licenciatura2026/resultados/2/20205005.html,125,2648,2344,109,174,107428,99,,No seleccionado,,Consultar
2,Licenciatura 2026,202,20205005,CIRUJANO DENTISTA,FES ZARAGOZA,Escolarizado,https://www.dgae.unam.mx/Licenciatura2026/resultados/2/20205005.html,125,2648,2344,109,174,107462,71,,No seleccionado,,Consultar
2,Licenciatura 2026,202,20205005,CIRUJANO DENTISTA,FES ZARAGOZA,Escolarizado,https://www.dgae.unam.mx/Licenciatura2026/resultados/2/20205005.html,125,2648,2344,109,174,107464,69,,No seleccionado,,Consultar
2,Licenciatura 2026,202,20205005,CIRUJANO DENTISTA,FES ZARAGOZA,Escolarizado,https://www.dgae.unam.mx/Licenciatura2026/resultados/2/20205005.html,125,2648,2344,109,174,107477,105,,No seleccionado,,Consultar
2,Licenciatura 2026,202,20205005,CIRUJANO DENTISTA,FES ZARAGOZA,Escolarizado,https://www.dgae.unam.mx/Licenciatura2026/resultados/2/20205005.html,125,2648,2344,109,174,107513,69,,No seleccionado,,Consultar
2,Licenciatura 2026,202,20205005,CIRUJANO DENTISTA,FES ZARAGOZA,Escolarizado,https://www.dgae.unam.mx/Licenciatura2026/resultados/2/20205005.html,125,2648,2344,109,174,107574,100,,No seleccionado,,Consultar
2,Licenciatura 2026,202,20205005,CIRUJANO DENTISTA,FES ZARAGOZA,Escolarizado,https://www.dgae.unam.mx/Licenciatura2026/resultados/2/20205005.html,125,2648,2344,109,174,107597,108,,No seleccionado,,Consultar
2,Licenciatura 2026,202,20205005,CIRUJANO DENTISTA,FES ZARAGOZA,Escolarizado,https://www.dgae.unam.mx/Licenciatura2026/resultados/2/20205005.html,125,2648,2344,109,174,107631,,N,No presentado,,Consultar
2,Licenciatura 2026,202,20205005,CIRUJANO DENTISTA,FES ZARAGOZA,Escolarizado,https://www.dgae.unam.mx/Licenciatura2026/resultados/2/20205005.html,125,2648,2344,109,174,107642,32,,No seleccionado,,Consultar
2,Licenciatura 2026,202,20205005,CIRUJANO DENTISTA,FES ZARAGOZA,Escolarizado,https://www.dgae.unam.mx/Licenciatura2026/resultados/2/20205005.html,125,2648,2344,109,174,107662,47,,No seleccionado,,Consultar
2,Licenciatura 2026,202,20205005,CIRUJANO DENTISTA,FES ZARAGOZA,Escolarizado,https://www.dgae.unam.mx/Licenciatura2026/resultados/2/20205005.html,125,2648,2344,109,174,107730,63,,No seleccionado,,Consultar
2,Licenciatura 2026,202,20205005,CIRUJANO DENTISTA,FES ZARAGOZA,Escolarizado,https://www.dgae.unam.mx/Licenciatura2026/resultados/2/20205005.html,125,2648,2344,109,174,107782,99,,No seleccionado,,Consultar
2,Licenciatura 2026,202,20205005,CIRUJANO DENTISTA,FES ZARAGOZA,Escolarizado,https://www.dgae.unam.mx/Licenciatura2026/resultados/2/20205005.html,125,2648,2344,109,174,107805,119,S,Seleccionado,Cita para entregar documentación.,Consultar
2,Licenciatura 2026,202,20205005,CIRUJANO DENTISTA,FES ZARAGOZA,Escolarizado,https://www.dgae.unam.mx/Licenciatura2026/resultados/2/20205005.html,125,2648,2344,109,174,107824,46,,No seleccionado,,Consultar
2,Licenciatura 2026,202,20205005,CIRUJANO DENTISTA,FES ZARAGOZA,Escolarizado,https://www.dgae.unam.mx/Licenciatura2026/resultados/2/20205005.html,125,2648,2344,109,174,107833,46,,No seleccionado,,Consultar
2,Licenciatura 2026,202,20205005,CIRUJANO DENTISTA,FES ZARAGOZA,Escolarizado,https://www.dgae.unam.mx/Licenciatura2026/resultados/2/20205005.html,125,2648,2344,109,174,107872,37,,No seleccionado,,Consultar
2,Licenciatura 2026,202,20205005,CIRUJANO DENTISTA,FES ZARAGOZA,Escolarizado,https://www.dgae.unam.mx/Licenciatura2026/resultados/2/20205005.html,125,2648,2344,109,174,107896,,N,No presentado,,Consultar
2,Licenciatura 2026,202,20205005,CIRUJANO DENTISTA,FES ZARAGOZA,Escolarizado,https://www.dgae.unam.mx/Licenciatura2026/resultados/2/20205005.html,125,2648,2344,109,174,107914,46,,No seleccionado,,Consultar
2,Licenciatura 2026,202,20205005,CIRUJANO DENTISTA,FES ZARAGOZA,Escolarizado,https://www.dgae.unam.mx/Licenciatura2026/resultados/2/20205005.html,125,2648,2344,109,174,108000,94,,No seleccionado,,Consultar
2,Licenciatura 2026,202,20205005,CIRUJANO DENTISTA,FES ZARAGOZA,Escolarizado,https://www.dgae.unam.mx/Licenciatura2026/resultados/2/20205005.html,125,2648,2344,109,174,108016,103,,No seleccionado,,Consultar
2,Licenciatura 2026,202,20205005,CIRUJANO DENTISTA,FES ZARAGOZA,Escolarizado,https://www.dgae.unam.mx/Licenciatura2026/resultados/2/20205005.html,125,2648,2344,109,174,108020,,N,No presentado,,Consultar
2,Licenciatura 2026,202,20205005,CIRUJANO DENTISTA,FES ZARAGOZA,Escolarizado,https://www.dgae.unam.mx/Licenciatura2026/resultados/2/20205005.html,125,2648,2344,109,174,108060,108,,No seleccionado,,Consultar
2,Licenciatura 2026,202,20205005,CIRUJANO DENTISTA,FES ZARAGOZA,Escolarizado,https://www.dgae.unam.mx/Licenciatura2026/resultados/2/20205005.html,125,2648,2344,109,174,108069,87,,No seleccionado,,Consultar
2,Licenciatura 2026,202,20205005,CIRUJANO DENTISTA,FES ZARAGOZA,Escolarizado,https://www.dgae.unam.mx/Licenciatura2026/resultados/2/20205005.html,125,2648,2344,109,174,108102,64,,No seleccionado,,Consultar
2,Licenciatura 2026,202,20205005,CIRUJANO DENTISTA,FES ZARAGOZA,Escolarizado,https://www.dgae.unam.mx/Licenciatura2026/resultados/2/20205005.html,125,2648,2344,109,174,108104,39,,No seleccionado,,Consultar
2,Licenciatura 2026,202,20205005,CIRUJANO DENTISTA,FES ZARAGOZA,Escolarizado,https://www.dgae.unam.mx/Licenciatura2026/resultados/2/20205005.html,125,2648,2344,109,174,108110,58,,No seleccionado,,Consultar
2,Licenciatura 2026,202,20205005,CIRUJANO DENTISTA,FES ZARAGOZA,Escolarizado,https://www.dgae.unam.mx/Licenciatura2026/resultados/2/20205005.html,125,2648,2344,109,174,108115,104,,No seleccionado,,Consultar
2,Licenciatura 2026,202,20205005,CIRUJANO DENTISTA,FES ZARAGOZA,Escolarizado,https://www.dgae.unam.mx/Licenciatura2026/resultados/2/20205005.html,125,2648,2344,109,174,108126,,N,No presentado,,Consultar
2,Licenciatura 2026,202,20205005,CIRUJANO DENTISTA,FES ZARAGOZA,Escolarizado,https://www.dgae.unam.mx/Licenciatura2026/resultados/2/20205005.html,125,2648,2344,109,174,108177,79,,No seleccionado,,Consultar
2,Licenciatura 2026,202,20205005,CIRUJANO DENTISTA,FES ZARAGOZA,Escolarizado,https://www.dgae.unam.mx/Licenciatura2026/resultados/2/20205005.html,125,2648,2344,109,174,108235,59,,No seleccionado,,Consultar
2,Licenciatura 2026,202,20205005,CIRUJANO DENTISTA,FES ZARAGOZA,Escolarizado,https://www.dgae.unam.mx/Licenciatura2026/resultados/2/20205005.html,125,2648,2344,109,174,108239,85,,No seleccionado,,Consultar
2,Licenciatura 2026,202,20205005,CIRUJANO DENTISTA,FES ZARAGOZA,Escolarizado,https://www.dgae.unam.mx/Licenciatura2026/resultados/2/20205005.html,125,2648,2344,109,174,108242,102,,No seleccionado,,Consultar
2,Licenciatura 2026,202,20205005,CIRUJANO DENTISTA,FES ZARAGOZA,Escolarizado,https://www.dgae.unam.mx/Licenciatura2026/resultados/2/20205005.html,125,2648,2344,109,174,108247,98,,No seleccionado,,Consultar
2,Licenciatura 2026,202,20205005,CIRUJANO DENTISTA,FES ZARAGOZA,Escolarizado,https://www.dgae.unam.mx/Licenciatura2026/resultados/2/20205005.html,125,2648,2344,109,174,108286,,N,No presentado,,Consultar
2,Licenciatura 2026,202,20205005,CIRUJANO DENTISTA,FES ZARAGOZA,Escolarizado,https://www.dgae.unam.mx/Licenciatura2026/resultados/2/20205005.html,125,2648,2344,109,174,108337,,N,No presentado,,Consultar
2,Licenciatura 2026,202,20205005,CIRUJANO DENTISTA,FES ZARAGOZA,Escolarizado,https://www.dgae.unam.mx/Licenciatura2026/resultados/2/20205005.html,125,2648,2344,109,174,108454,64,,No seleccionado,,Consultar
2,Licenciatura 2026,202,20205005,CIRUJANO DENTISTA,FES ZARAGOZA,Escolarizado,https://www.dgae.unam.mx/Licenciatura2026/resultados/2/20205005.html,125,2648,2344,109,174,108603,54,,No seleccionado,,Consultar
2,Licenciatura 2026,202,20205005,CIRUJANO DENTISTA,FES ZARAGOZA,Escolarizado,https://www.dgae.unam.mx/Licenciatura2026/resultados/2/20205005.html,125,2648,2344,109,174,108645,102,,No seleccionado,,Consultar
2,Licenciatura 2026,202,20205005,CIRUJANO DENTISTA,FES ZARAGOZA,Escolarizado,https://www.dgae.unam.mx/Licenciatura2026/resultados/2/20205005.html,125,2648,2344,109,174,108684,89,,No seleccionado,,Consultar
2,Licenciatura 2026,202,20205005,CIRUJANO DENTISTA,FES ZARAGOZA,Escolarizado,https://www.dgae.unam.mx/Licenciatura2026/resultados/2/20205005.html,125,2648,2344,109,174,108709,39,,No seleccionado,,Consultar
2,Licenciatura 2026,202,20205005,CIRUJANO DENTISTA,FES ZARAGOZA,Escolarizado,https://www.dgae.unam.mx/Licenciatura2026/resultados/2/20205005.html,125,2648,2344,109,174,108741,62,,No seleccionado,,Consultar
2,Licenciatura 2026,202,20205005,CIRUJANO DENTISTA,FES ZARAGOZA,Escolarizado,https://www.dgae.unam.mx/Licenciatura2026/resultados/2/20205005.html,125,2648,2344,109,174,108745,40,,No seleccionado,,Consultar
2,Licenciatura 2026,202,20205005,CIRUJANO DENTISTA,FES ZARAGOZA,Escolarizado,https://www.dgae.unam.mx/Licenciatura2026/resultados/2/20205005.html,125,2648,2344,109,174,108748,97,,No seleccionado,,Consultar
2,Licenciatura 2026,202,20205005,CIRUJANO DENTISTA,FES ZARAGOZA,Escolarizado,https://www.dgae.unam.mx/Licenciatura2026/resultados/2/20205005.html,125,2648,2344,109,174,108791,82,,No seleccionado,,Consultar
2,Licenciatura 2026,202,20205005,CIRUJANO DENTISTA,FES ZARAGOZA,Escolarizado,https://www.dgae.unam.mx/Licenciatura2026/resultados/2/20205005.html,125,2648,2344,109,174,108803,106,,No seleccionado,,Consultar
2,Licenciatura 2026,202,20205005,CIRUJANO DENTISTA,FES ZARAGOZA,Escolarizado,https://www.dgae.unam.mx/Licenciatura2026/resultados/2/20205005.html,125,2648,2344,109,174,108840,115,S,Seleccionado,Cita para entregar documentación.,Consultar
2,Licenciatura 2026,202,20205005,CIRUJANO DENTISTA,FES ZARAGOZA,Escolarizado,https://www.dgae.unam.mx/Licenciatura2026/resultados/2/20205005.html,125,2648,2344,109,174,108871,42,,No seleccionado,,Consultar
2,Licenciatura 2026,202,20205005,CIRUJANO DENTISTA,FES ZARAGOZA,Escolarizado,https://www.dgae.unam.mx/Licenciatura2026/resultados/2/20205005.html,125,2648,2344,109,174,108924,56,,No seleccionado,,Consultar
2,Licenciatura 2026,202,20205005,CIRUJANO DENTISTA,FES ZARAGOZA,Escolarizado,https://www.dgae.unam.mx/Licenciatura2026/resultados/2/20205005.html,125,2648,2344,109,174,108950,97,,No seleccionado,,Consultar
2,Licenciatura 2026,202,20205005,CIRUJANO DENTISTA,FES ZARAGOZA,Escolarizado,https://www.dgae.unam.mx/Licenciatura2026/resultados/2/20205005.html,125,2648,2344,109,174,108975,,N,No presentado,,Consultar
2,Licenciatura 2026,202,20205005,CIRUJANO DENTISTA,FES ZARAGOZA,Escolarizado,https://www.dgae.unam.mx/Licenciatura2026/resultados/2/20205005.html,125,2648,2344,109,174,108985,70,,No seleccionado,,Consultar
2,Licenciatura 2026,202,20205005,CIRUJANO DENTISTA,FES ZARAGOZA,Escolarizado,https://www.dgae.unam.mx/Licenciatura2026/resultados/2/20205005.html,125,2648,2344,109,174,109058,33,,No seleccionado,,Consultar
2,Licenciatura 2026,202,20205005,CIRUJANO DENTISTA,FES ZARAGOZA,Escolarizado,https://www.dgae.unam.mx/Licenciatura2026/resultados/2/20205005.html,125,2648,2344,109,174,109065,36,,No seleccionado,,Consultar
2,Licenciatura 2026,202,20205005,CIRUJANO DENTISTA,FES ZARAGOZA,Escolarizado,https://www.dgae.unam.mx/Licenciatura2026/resultados/2/20205005.html,125,2648,2344,109,174,109079,104,,No seleccionado,,Consultar
2,Licenciatura 2026,202,20205005,CIRUJANO DENTISTA,FES ZARAGOZA,Escolarizado,https://www.dgae.unam.mx/Licenciatura2026/resultados/2/20205005.html,125,2648,2344,109,174,109101,100,,No seleccionado,,Consultar
2,Licenciatura 2026,202,20205005,CIRUJANO DENTISTA,FES ZARAGOZA,Escolarizado,https://www.dgae.unam.mx/Licenciatura2026/resultados/2/20205005.html,125,2648,2344,109,174,109169,110,S,Seleccionado,Cita para entregar documentación.,Consultar
2,Licenciatura 2026,202,20205005,CIRUJANO DENTISTA,FES ZARAGOZA,Escolarizado,https://www.dgae.unam.mx/Licenciatura2026/resultados/2/20205005.html,125,2648,2344,109,174,109182,93,,No seleccionado,,Consultar
2,Licenciatura 2026,202,20205005,CIRUJANO DENTISTA,FES ZARAGOZA,Escolarizado,https://www.dgae.unam.mx/Licenciatura2026/resultados/2/20205005.html,125,2648,2344,109,174,109253,76,,No seleccionado,,Consultar
2,Licenciatura 2026,202,20205005,CIRUJANO DENTISTA,FES ZARAGOZA,Escolarizado,https://www.dgae.unam.mx/Licenciatura2026/resultados/2/20205005.html,125,2648,2344,109,174,109285,55,,No seleccionado,,Consultar
2,Licenciatura 2026,202,20205005,CIRUJANO DENTISTA,FES ZARAGOZA,Escolarizado,https://www.dgae.unam.mx/Licenciatura2026/resultados/2/20205005.html,125,2648,2344,109,174,109310,44,,No seleccionado,,Consultar
2,Licenciatura 2026,202,20205005,CIRUJANO DENTISTA,FES ZARAGOZA,Escolarizado,https://www.dgae.unam.mx/Licenciatura2026/resultados/2/20205005.html,125,2648,2344,109,174,109321,110,S,Seleccionado,Cita para entregar documentación.,Consultar
2,Licenciatura 2026,202,20205005,CIRUJANO DENTISTA,FES ZARAGOZA,Escolarizado,https://www.dgae.unam.mx/Licenciatura2026/resultados/2/20205005.html,125,2648,2344,109,174,109325,65,,No seleccionado,,Consultar
2,Licenciatura 2026,202,20205005,CIRUJANO DENTISTA,FES ZARAGOZA,Escolarizado,https://www.dgae.unam.mx/Licenciatura2026/resultados/2/20205005.html,125,2648,2344,109,174,109370,60,,No seleccionado,,Consultar
2,Licenciatura 2026,202,20205005,CIRUJANO DENTISTA,FES ZARAGOZA,Escolarizado,https://www.dgae.unam.mx/Licenciatura2026/resultados/2/20205005.html,125,2648,2344,109,174,109419,43,,No seleccionado,,Consultar
2,Licenciatura 2026,202,20205005,CIRUJANO DENTISTA,FES ZARAGOZA,Escolarizado,https://www.dgae.unam.mx/Licenciatura2026/resultados/2/20205005.html,125,2648,2344,109,174,109440,,,No seleccionado,Cita para aclarar situación escolar.,Consultar
2,Licenciatura 2026,202,20205005,CIRUJANO DENTISTA,FES ZARAGOZA,Escolarizado,https://www.dgae.unam.mx/Licenciatura2026/resultados/2/20205005.html,125,2648,2344,109,174,109536,74,,No seleccionado,,Consultar
2,Licenciatura 2026,202,20205005,CIRUJANO DENTISTA,FES ZARAGOZA,Escolarizado,https://www.dgae.unam.mx/Licenciatura2026/resultados/2/20205005.html,125,2648,2344,109,174,109540,87,,No seleccionado,,Consultar
2,Licenciatura 2026,202,20205005,CIRUJANO DENTISTA,FES ZARAGOZA,Escolarizado,https://www.dgae.unam.mx/Licenciatura2026/resultados/2/20205005.html,125,2648,2344,109,174,109556,100,,No seleccionado,,Consultar
2,Licenciatura 2026,202,20205005,CIRUJANO DENTISTA,FES ZARAGOZA,Escolarizado,https://www.dgae.unam.mx/Licenciatura2026/resultados/2/20205005.html,125,2648,2344,109,174,109565,62,,No seleccionado,,Consultar
2,Licenciatura 2026,202,20205005,CIRUJANO DENTISTA,FES ZARAGOZA,Escolarizado,https://www.dgae.unam.mx/Licenciatura2026/resultados/2/20205005.html,125,2648,2344,109,174,109617,75,,No seleccionado,,Consultar
2,Licenciatura 2026,202,20205005,CIRUJANO DENTISTA,FES ZARAGOZA,Escolarizado,https://www.dgae.unam.mx/Licenciatura2026/resultados/2/20205005.html,125,2648,2344,109,174,109673,45,,No seleccionado,,Consultar
2,Licenciatura 2026,202,20205005,CIRUJANO DENTISTA,FES ZARAGOZA,Escolarizado,https://www.dgae.unam.mx/Licenciatura2026/resultados/2/20205005.html,125,2648,2344,109,174,109694,88,,No seleccionado,,Consultar
2,Licenciatura 2026,202,20205005,CIRUJANO DENTISTA,FES ZARAGOZA,Escolarizado,https://www.dgae.unam.mx/Licenciatura2026/resultados/2/20205005.html,125,2648,2344,109,174,109704,110,S,Seleccionado,Cita para entregar documentación.,Consultar
2,Licenciatura 2026,202,20205005,CIRUJANO DENTISTA,FES ZARAGOZA,Escolarizado,https://www.dgae.unam.mx/Licenciatura2026/resultados/2/20205005.html,125,2648,2344,109,174,109725,79,,No seleccionado,,Consultar
2,Licenciatura 2026,202,20205005,CIRUJANO DENTISTA,FES ZARAGOZA,Escolarizado,https://www.dgae.unam.mx/Licenciatura2026/resultados/2/20205005.html,125,2648,2344,109,174,109890,109,S,Seleccionado,Cita para entregar documentación.,Consultar
2,Licenciatura 2026,202,20205005,CIRUJANO DENTISTA,FES ZARAGOZA,Escolarizado,https://www.dgae.unam.mx/Licenciatura2026/resultados/2/20205005.html,125,2648,2344,109,174,109913,107,,No seleccionado,,Consultar
2,Licenciatura 2026,202,20205005,CIRUJANO DENTISTA,FES ZARAGOZA,Escolarizado,https://www.dgae.unam.mx/Licenciatura2026/resultados/2/20205005.html,125,2648,2344,109,174,109928,38,,No seleccionado,,Consultar
2,Licenciatura 2026,202,20205005,CIRUJANO DENTISTA,FES ZARAGOZA,Escolarizado,https://www.dgae.unam.mx/Licenciatura2026/resultados/2/20205005.html,125,2648,2344,109,174,109951,44,,No seleccionado,,Consultar
2,Licenciatura 2026,202,20205005,CIRUJANO DENTISTA,FES ZARAGOZA,Escolarizado,https://www.dgae.unam.mx/Licenciatura2026/resultados/2/20205005.html,125,2648,2344,109,174,109976,91,,No seleccionado,,Consultar
2,Licenciatura 2026,202,20205005,CIRUJANO DENTISTA,FES ZARAGOZA,Escolarizado,https://www.dgae.unam.mx/Licenciatura2026/resultados/2/20205005.html,125,2648,2344,109,174,109983,52,,No seleccionado,,Consultar
2,Licenciatura 2026,202,20205005,CIRUJANO DENTISTA,FES ZARAGOZA,Escolarizado,https://www.dgae.unam.mx/Licenciatura2026/resultados/2/20205005.html,125,2648,2344,109,174,110021,93,,No seleccionado,,Consultar
2,Licenciatura 2026,202,20205005,CIRUJANO DENTISTA,FES ZARAGOZA,Escolarizado,https://www.dgae.unam.mx/Licenciatura2026/resultados/2/20205005.html,125,2648,2344,109,174,110145,55,,No seleccionado,,Consultar
2,Licenciatura 2026,202,20205005,CIRUJANO DENTISTA,FES ZARAGOZA,Escolarizado,https://www.dgae.unam.mx/Licenciatura2026/resultados/2/20205005.html,125,2648,2344,109,174,110213,99,,No seleccionado,,Consultar
2,Licenciatura 2026,202,20205005,CIRUJANO DENTISTA,FES ZARAGOZA,Escolarizado,https://www.dgae.unam.mx/Licenciatura2026/resultados/2/20205005.html,125,2648,2344,109,174,110225,75,,No seleccionado,,Consultar
2,Licenciatura 2026,202,20205005,CIRUJANO DENTISTA,FES ZARAGOZA,Escolarizado,https://www.dgae.unam.mx/Licenciatura2026/resultados/2/20205005.html,125,2648,2344,109,174,110232,93,,No seleccionado,,Consultar
2,Licenciatura 2026,202,20205005,CIRUJANO DENTISTA,FES ZARAGOZA,Escolarizado,https://www.dgae.unam.mx/Licenciatura2026/resultados/2/20205005.html,125,2648,2344,109,174,110244,110,S,Seleccionado,Cita para entregar documentación.,Consultar
2,Licenciatura 2026,202,20205005,CIRUJANO DENTISTA,FES ZARAGOZA,Escolarizado,https://www.dgae.unam.mx/Licenciatura2026/resultados/2/20205005.html,125,2648,2344,109,174,110278,44,,No seleccionado,,Consultar
2,Licenciatura 2026,202,20205005,CIRUJANO DENTISTA,FES ZARAGOZA,Escolarizado,https://www.dgae.unam.mx/Licenciatura2026/resultados/2/20205005.html,125,2648,2344,109,174,110301,48,,No seleccionado,,Consultar
2,Licenciatura 2026,202,20205005,CIRUJANO DENTISTA,FES ZARAGOZA,Escolarizado,https://www.dgae.unam.mx/Licenciatura2026/resultados/2/20205005.html,125,2648,2344,109,174,110312,89,,No seleccionado,,Consultar
2,Licenciatura 2026,202,20205005,CIRUJANO DENTISTA,FES ZARAGOZA,Escolarizado,https://www.dgae.unam.mx/Licenciatura2026/resultados/2/20205005.html,125,2648,2344,109,174,110320,62,,No seleccionado,,Consultar
2,Licenciatura 2026,202,20205005,CIRUJANO DENTISTA,FES ZARAGOZA,Escolarizado,https://www.dgae.unam.mx/Licenciatura2026/resultados/2/20205005.html,125,2648,2344,109,174,110345,58,,No seleccionado,,Consultar
2,Licenciatura 2026,202,20205005,CIRUJANO DENTISTA,FES ZARAGOZA,Escolarizado,https://www.dgae.unam.mx/Licenciatura2026/resultados/2/20205005.html,125,2648,2344,109,174,110376,58,,No seleccionado,,Consultar
2,Licenciatura 2026,202,20205005,CIRUJANO DENTISTA,FES ZARAGOZA,Escolarizado,https://www.dgae.unam.mx/Licenciatura2026/resultados/2/20205005.html,125,2648,2344,109,174,110417,42,,No seleccionado,,Consultar
2,Licenciatura 2026,202,20205005,CIRUJANO DENTISTA,FES ZARAGOZA,Escolarizado,https://www.dgae.unam.mx/Licenciatura2026/resultados/2/20205005.html,125,2648,2344,109,174,110451,30,,No seleccionado,,Consultar
2,Licenciatura 2026,202,20205005,CIRUJANO DENTISTA,FES ZARAGOZA,Escolarizado,https://www.dgae.unam.mx/Licenciatura2026/resultados/2/20205005.html,125,2648,2344,109,174,110452,,N,No presentado,,Consultar
2,Licenciatura 2026,202,20205005,CIRUJANO DENTISTA,FES ZARAGOZA,Escolarizado,https://www.dgae.unam.mx/Licenciatura2026/resultados/2/20205005.html,125,2648,2344,109,174,110485,95,,No seleccionado,,Consultar
2,Licenciatura 2026,202,20205005,CIRUJANO DENTISTA,FES ZARAGOZA,Escolarizado,https://www.dgae.unam.mx/Licenciatura2026/resultados/2/20205005.html,125,2648,2344,109,174,110490,18,,No seleccionado,,Consultar
2,Licenciatura 2026,202,20205005,CIRUJANO DENTISTA,FES ZARAGOZA,Escolarizado,https://www.dgae.unam.mx/Licenciatura2026/resultados/2/20205005.html,125,2648,2344,109,174,110501,102,,No seleccionado,,Consultar
2,Licenciatura 2026,202,20205005,CIRUJANO DENTISTA,FES ZARAGOZA,Escolarizado,https://www.dgae.unam.mx/Licenciatura2026/resultados/2/20205005.html,125,2648,2344,109,174,110520,88,,No seleccionado,,Consultar
2,Licenciatura 2026,202,20205005,CIRUJANO DENTISTA,FES ZARAGOZA,Escolarizado,https://www.dgae.unam.mx/Licenciatura2026/resultados/2/20205005.html,125,2648,2344,109,174,110557,45,,No seleccionado,,Consultar
2,Licenciatura 2026,202,20205005,CIRUJANO DENTISTA,FES ZARAGOZA,Escolarizado,https://www.dgae.unam.mx/Licenciatura2026/resultados/2/20205005.html,125,2648,2344,109,174,110593,43,,No seleccionado,,Consultar
2,Licenciatura 2026,202,20205005,CIRUJANO DENTISTA,FES ZARAGOZA,Escolarizado,https://www.dgae.unam.mx/Licenciatura2026/resultados/2/20205005.html,125,2648,2344,109,174,110625,75,,No seleccionado,,Consultar
2,Licenciatura 2026,202,20205005,CIRUJANO DENTISTA,FES ZARAGOZA,Escolarizado,https://www.dgae.unam.mx/Licenciatura2026/resultados/2/20205005.html,125,2648,2344,109,174,110642,,N,No presentado,,Consultar
2,Licenciatura 2026,202,20205005,CIRUJANO DENTISTA,FES ZARAGOZA,Escolarizado,https://www.dgae.unam.mx/Licenciatura2026/resultados/2/20205005.html,125,2648,2344,109,174,110646,105,,No seleccionado,,Consultar
2,Licenciatura 2026,202,20205005,CIRUJANO DENTISTA,FES ZARAGOZA,Escolarizado,https://www.dgae.unam.mx/Licenciatura2026/resultados/2/20205005.html,125,2648,2344,109,174,110679,41,,No seleccionado,,Consultar
2,Licenciatura 2026,202,20205005,CIRUJANO DENTISTA,FES ZARAGOZA,Escolarizado,https://www.dgae.unam.mx/Licenciatura2026/resultados/2/20205005.html,125,2648,2344,109,174,110724,88,,No seleccionado,,Consultar
2,Licenciatura 2026,202,20205005,CIRUJANO DENTISTA,FES ZARAGOZA,Escolarizado,https://www.dgae.unam.mx/Licenciatura2026/resultados/2/20205005.html,125,2648,2344,109,174,110761,116,S,Seleccionado,Cita para entregar documentación.,Consultar
2,Licenciatura 2026,202,20205005,CIRUJANO DENTISTA,FES ZARAGOZA,Escolarizado,https://www.dgae.unam.mx/Licenciatura2026/resultados/2/20205005.html,125,2648,2344,109,174,110787,30,,No seleccionado,,Consultar
2,Licenciatura 2026,202,20205005,CIRUJANO DENTISTA,FES ZARAGOZA,Escolarizado,https://www.dgae.unam.mx/Licenciatura2026/resultados/2/20205005.html,125,2648,2344,109,174,110788,79,,No seleccionado,,Consultar
2,Licenciatura 2026,202,20205005,CIRUJANO DENTISTA,FES ZARAGOZA,Escolarizado,https://www.dgae.unam.mx/Licenciatura2026/resultados/2/20205005.html,125,2648,2344,109,174,110839,34,,No seleccionado,,Consultar
2,Licenciatura 2026,202,20205005,CIRUJANO DENTISTA,FES ZARAGOZA,Escolarizado,https://www.dgae.unam.mx/Licenciatura2026/resultados/2/20205005.html,125,2648,2344,109,174,110871,40,,No seleccionado,,Consultar
2,Licenciatura 2026,202,20205005,CIRUJANO DENTISTA,FES ZARAGOZA,Escolarizado,https://www.dgae.unam.mx/Licenciatura2026/resultados/2/20205005.html,125,2648,2344,109,174,110878,,N,No presentado,,Consultar
2,Licenciatura 2026,202,20205005,CIRUJANO DENTISTA,FES ZARAGOZA,Escolarizado,https://www.dgae.unam.mx/Licenciatura2026/resultados/2/20205005.html,125,2648,2344,109,174,110885,93,,No seleccionado,,Consultar
2,Licenciatura 2026,202,20205005,CIRUJANO DENTISTA,FES ZARAGOZA,Escolarizado,https://www.dgae.unam.mx/Licenciatura2026/resultados/2/20205005.html,125,2648,2344,109,174,110896,83,,No seleccionado,,Consultar
2,Licenciatura 2026,202,20205005,CIRUJANO DENTISTA,FES ZARAGOZA,Escolarizado,https://www.dgae.unam.mx/Licenciatura2026/resultados/2/20205005.html,125,2648,2344,109,174,110902,74,,No seleccionado,,Consultar
2,Licenciatura 2026,202,20205005,CIRUJANO DENTISTA,FES ZARAGOZA,Escolarizado,https://www.dgae.unam.mx/Licenciatura2026/resultados/2/20205005.html,125,2648,2344,109,174,110944,47,,No seleccionado,,Consultar
2,Licenciatura 2026,202,20205005,CIRUJANO DENTISTA,FES ZARAGOZA,Escolarizado,https://www.dgae.unam.mx/Licenciatura2026/resultados/2/20205005.html,125,2648,2344,109,174,110957,83,,No seleccionado,,Consultar
2,Licenciatura 2026,202,20205005,CIRUJANO DENTISTA,FES ZARAGOZA,Escolarizado,https://www.dgae.unam.mx/Licenciatura2026/resultados/2/20205005.html,125,2648,2344,109,174,110984,44,,No seleccionado,,Consultar
2,Licenciatura 2026,202,20205005,CIRUJANO DENTISTA,FES ZARAGOZA,Escolarizado,https://www.dgae.unam.mx/Licenciatura2026/resultados/2/20205005.html,125,2648,2344,109,174,110989,63,,No seleccionado,,Consultar
2,Licenciatura 2026,202,20205005,CIRUJANO DENTISTA,FES ZARAGOZA,Escolarizado,https://www.dgae.unam.mx/Licenciatura2026/resultados/2/20205005.html,125,2648,2344,109,174,111017,51,,No seleccionado,,Consultar
2,Licenciatura 2026,202,20205005,CIRUJANO DENTISTA,FES ZARAGOZA,Escolarizado,https://www.dgae.unam.mx/Licenciatura2026/resultados/2/20205005.html,125,2648,2344,109,174,111037,98,,No seleccionado,,Consultar
2,Licenciatura 2026,202,20205005,CIRUJANO DENTISTA,FES ZARAGOZA,Escolarizado,https://www.dgae.unam.mx/Licenciatura2026/resultados/2/20205005.html,125,2648,2344,109,174,111067,76,,No seleccionado,,Consultar
2,Licenciatura 2026,202,20205005,CIRUJANO DENTISTA,FES ZARAGOZA,Escolarizado,https://www.dgae.unam.mx/Licenciatura2026/resultados/2/20205005.html,125,2648,2344,109,174,111073,84,,No seleccionado,,Consultar
2,Licenciatura 2026,202,20205005,CIRUJANO DENTISTA,FES ZARAGOZA,Escolarizado,https://www.dgae.unam.mx/Licenciatura2026/resultados/2/20205005.html,125,2648,2344,109,174,111109,32,,No seleccionado,,Consultar
2,Licenciatura 2026,202,20205005,CIRUJANO DENTISTA,FES ZARAGOZA,Escolarizado,https://www.dgae.unam.mx/Licenciatura2026/resultados/2/20205005.html,125,2648,2344,109,174,111116,78,,No seleccionado,,Consultar
2,Licenciatura 2026,202,20205005,CIRUJANO DENTISTA,FES ZARAGOZA,Escolarizado,https://www.dgae.unam.mx/Licenciatura2026/resultados/2/20205005.html,125,2648,2344,109,174,111120,60,,No seleccionado,,Consultar
2,Licenciatura 2026,202,20205005,CIRUJANO DENTISTA,FES ZARAGOZA,Escolarizado,https://www.dgae.unam.mx/Licenciatura2026/resultados/2/20205005.html,125,2648,2344,109,174,111134,94,,No seleccionado,,Consultar
2,Licenciatura 2026,202,20205005,CIRUJANO DENTISTA,FES ZARAGOZA,Escolarizado,https://www.dgae.unam.mx/Licenciatura2026/resultados/2/20205005.html,125,2648,2344,109,174,111136,104,,No seleccionado,,Consultar
2,Licenciatura 2026,202,20205005,CIRUJANO DENTISTA,FES ZARAGOZA,Escolarizado,https://www.dgae.unam.mx/Licenciatura2026/resultados/2/20205005.html,125,2648,2344,109,174,111140,87,,No seleccionado,,Consultar
2,Licenciatura 2026,202,20205005,CIRUJANO DENTISTA,FES ZARAGOZA,Escolarizado,https://www.dgae.unam.mx/Licenciatura2026/resultados/2/20205005.html,125,2648,2344,109,174,111216,60,,No seleccionado,,Consultar
2,Licenciatura 2026,202,20205005,CIRUJANO DENTISTA,FES ZARAGOZA,Escolarizado,https://www.dgae.unam.mx/Licenciatura2026/resultados/2/20205005.html,125,2648,2344,109,174,111238,94,,No seleccionado,,Consultar
2,Licenciatura 2026,202,20205005,CIRUJANO DENTISTA,FES ZARAGOZA,Escolarizado,https://www.dgae.unam.mx/Licenciatura2026/resultados/2/20205005.html,125,2648,2344,109,174,111263,39,,No seleccionado,,Consultar
2,Licenciatura 2026,202,20205005,CIRUJANO DENTISTA,FES ZARAGOZA,Escolarizado,https://www.dgae.unam.mx/Licenciatura2026/resultados/2/20205005.html,125,2648,2344,109,174,111269,87,,No seleccionado,,Consultar
2,Licenciatura 2026,202,20205005,CIRUJANO DENTISTA,FES ZARAGOZA,Escolarizado,https://www.dgae.unam.mx/Licenciatura2026/resultados/2/20205005.html,125,2648,2344,109,174,111328,96,,No seleccionado,,Consultar
2,Licenciatura 2026,202,20205005,CIRUJANO DENTISTA,FES ZARAGOZA,Escolarizado,https://www.dgae.unam.mx/Licenciatura2026/resultados/2/20205005.html,125,2648,2344,109,174,111462,,N,No presentado,,Consultar
2,Licenciatura 2026,202,20205005,CIRUJANO DENTISTA,FES ZARAGOZA,Escolarizado,https://www.dgae.unam.mx/Licenciatura2026/resultados/2/20205005.html,125,2648,2344,109,174,111484,39,,No seleccionado,,Consultar
2,Licenciatura 2026,202,20205005,CIRUJANO DENTISTA,FES ZARAGOZA,Escolarizado,https://www.dgae.unam.mx/Licenciatura2026/resultados/2/20205005.html,125,2648,2344,109,174,111498,84,,No seleccionado,,Consultar
2,Licenciatura 2026,202,20205005,CIRUJANO DENTISTA,FES ZARAGOZA,Escolarizado,https://www.dgae.unam.mx/Licenciatura2026/resultados/2/20205005.html,125,2648,2344,109,174,111521,52,,No seleccionado,,Consultar
2,Licenciatura 2026,202,20205005,CIRUJANO DENTISTA,FES ZARAGOZA,Escolarizado,https://www.dgae.unam.mx/Licenciatura2026/resultados/2/20205005.html,125,2648,2344,109,174,111527,38,,No seleccionado,,Consultar
2,Licenciatura 2026,202,20205005,CIRUJANO DENTISTA,FES ZARAGOZA,Escolarizado,https://www.dgae.unam.mx/Licenciatura2026/resultados/2/20205005.html,125,2648,2344,109,174,111536,95,,No seleccionado,,Consultar
2,Licenciatura 2026,202,20205005,CIRUJANO DENTISTA,FES ZARAGOZA,Escolarizado,https://www.dgae.unam.mx/Licenciatura2026/resultados/2/20205005.html,125,2648,2344,109,174,111545,73,,No seleccionado,,Consultar
2,Licenciatura 2026,202,20205005,CIRUJANO DENTISTA,FES ZARAGOZA,Escolarizado,https://www.dgae.unam.mx/Licenciatura2026/resultados/2/20205005.html,125,2648,2344,109,174,111601,112,S,Seleccionado,Cita para entregar documentación.,Consultar
2,Licenciatura 2026,202,20205005,CIRUJANO DENTISTA,FES ZARAGOZA,Escolarizado,https://www.dgae.unam.mx/Licenciatura2026/resultados/2/20205005.html,125,2648,2344,109,174,111753,78,,No seleccionado,,Consultar
2,Licenciatura 2026,202,20205005,CIRUJANO DENTISTA,FES ZARAGOZA,Escolarizado,https://www.dgae.unam.mx/Licenciatura2026/resultados/2/20205005.html,125,2648,2344,109,174,111758,112,S,Seleccionado,Cita para entregar documentación.,Consultar
2,Licenciatura 2026,202,20205005,CIRUJANO DENTISTA,FES ZARAGOZA,Escolarizado,https://www.dgae.unam.mx/Licenciatura2026/resultados/2/20205005.html,125,2648,2344,109,174,111792,29,,No seleccionado,,Consultar
2,Licenciatura 2026,202,20205005,CIRUJANO DENTISTA,FES ZARAGOZA,Escolarizado,https://www.dgae.unam.mx/Licenciatura2026/resultados/2/20205005.html,125,2648,2344,109,174,111795,89,,No seleccionado,,Consultar
2,Licenciatura 2026,202,20205005,CIRUJANO DENTISTA,FES ZARAGOZA,Escolarizado,https://www.dgae.unam.mx/Licenciatura2026/resultados/2/20205005.html,125,2648,2344,109,174,111832,35,,No seleccionado,,Consultar
2,Licenciatura 2026,202,20205005,CIRUJANO DENTISTA,FES ZARAGOZA,Escolarizado,https://www.dgae.unam.mx/Licenciatura2026/resultados/2/20205005.html,125,2648,2344,109,174,111859,37,,No seleccionado,,Consultar
2,Licenciatura 2026,202,20205005,CIRUJANO DENTISTA,FES ZARAGOZA,Escolarizado,https://www.dgae.unam.mx/Licenciatura2026/resultados/2/20205005.html,125,2648,2344,109,174,111873,82,,No seleccionado,,Consultar
2,Licenciatura 2026,202,20205005,CIRUJANO DENTISTA,FES ZARAGOZA,Escolarizado,https://www.dgae.unam.mx/Licenciatura2026/resultados/2/20205005.html,125,2648,2344,109,174,111916,104,,No seleccionado,,Consultar
2,Licenciatura 2026,202,20205005,CIRUJANO DENTISTA,FES ZARAGOZA,Escolarizado,https://www.dgae.unam.mx/Licenciatura2026/resultados/2/20205005.html,125,2648,2344,109,174,111947,,N,No presentado,,Consultar
2,Licenciatura 2026,202,20205005,CIRUJANO DENTISTA,FES ZARAGOZA,Escolarizado,https://www.dgae.unam.mx/Licenciatura2026/resultados/2/20205005.html,125,2648,2344,109,174,111948,103,,No seleccionado,,Consultar
2,Licenciatura 2026,202,20205005,CIRUJANO DENTISTA,FES ZARAGOZA,Escolarizado,https://www.dgae.unam.mx/Licenciatura2026/resultados/2/20205005.html,125,2648,2344,109,174,111950,,N,No presentado,,Consultar
2,Licenciatura 2026,202,20205005,CIRUJANO DENTISTA,FES ZARAGOZA,Escolarizado,https://www.dgae.unam.mx/Licenciatura2026/resultados/2/20205005.html,125,2648,2344,109,174,111966,59,,No seleccionado,,Consultar
2,Licenciatura 2026,202,20205005,CIRUJANO DENTISTA,FES ZARAGOZA,Escolarizado,https://www.dgae.unam.mx/Licenciatura2026/resultados/2/20205005.html,125,2648,2344,109,174,111981,67,,No seleccionado,,Consultar
2,Licenciatura 2026,202,20205005,CIRUJANO DENTISTA,FES ZARAGOZA,Escolarizado,https://www.dgae.unam.mx/Licenciatura2026/resultados/2/20205005.html,125,2648,2344,109,174,112003,26,,No seleccionado,,Consultar
2,Licenciatura 2026,202,20205005,CIRUJANO DENTISTA,FES ZARAGOZA,Escolarizado,https://www.dgae.unam.mx/Licenciatura2026/resultados/2/20205005.html,125,2648,2344,109,174,112005,103,,No seleccionado,,Consultar
2,Licenciatura 2026,202,20205005,CIRUJANO DENTISTA,FES ZARAGOZA,Escolarizado,https://www.dgae.unam.mx/Licenciatura2026/resultados/2/20205005.html,125,2648,2344,109,174,112024,87,,No seleccionado,,Consultar
2,Licenciatura 2026,202,20205005,CIRUJANO DENTISTA,FES ZARAGOZA,Escolarizado,https://www.dgae.unam.mx/Licenciatura2026/resultados/2/20205005.html,125,2648,2344,109,174,112042,101,,No seleccionado,,Consultar
2,Licenciatura 2026,202,20205005,CIRUJANO DENTISTA,FES ZARAGOZA,Escolarizado,https://www.dgae.unam.mx/Licenciatura2026/resultados/2/20205005.html,125,2648,2344,109,174,112083,103,,No seleccionado,,Consultar
2,Licenciatura 2026,202,20205005,CIRUJANO DENTISTA,FES ZARAGOZA,Escolarizado,https://www.dgae.unam.mx/Licenciatura2026/resultados/2/20205005.html,125,2648,2344,109,174,112105,95,,No seleccionado,,Consultar
2,Licenciatura 2026,202,20205005,CIRUJANO DENTISTA,FES ZARAGOZA,Escolarizado,https://www.dgae.unam.mx/Licenciatura2026/resultados/2/20205005.html,125,2648,2344,109,174,112185,77,,No seleccionado,,Consultar
2,Licenciatura 2026,202,20205005,CIRUJANO DENTISTA,FES ZARAGOZA,Escolarizado,https://www.dgae.unam.mx/Licenciatura2026/resultados/2/20205005.html,125,2648,2344,109,174,112229,84,,No seleccionado,,Consultar
2,Licenciatura 2026,202,20205005,CIRUJANO DENTISTA,FES ZARAGOZA,Escolarizado,https://www.dgae.unam.mx/Licenciatura2026/resultados/2/20205005.html,125,2648,2344,109,174,112237,107,,No seleccionado,,Consultar
2,Licenciatura 2026,202,20205005,CIRUJANO DENTISTA,FES ZARAGOZA,Escolarizado,https://www.dgae.unam.mx/Licenciatura2026/resultados/2/20205005.html,125,2648,2344,109,174,112250,92,,No seleccionado,,Consultar
2,Licenciatura 2026,202,20205005,CIRUJANO DENTISTA,FES ZARAGOZA,Escolarizado,https://www.dgae.unam.mx/Licenciatura2026/resultados/2/20205005.html,125,2648,2344,109,174,112260,112,S,Seleccionado,Cita para entregar documentación.,Consultar
2,Licenciatura 2026,202,20205005,CIRUJANO DENTISTA,FES ZARAGOZA,Escolarizado,https://www.dgae.unam.mx/Licenciatura2026/resultados/2/20205005.html,125,2648,2344,109,174,112264,106,,No seleccionado,,Consultar
2,Licenciatura 2026,202,20205005,CIRUJANO DENTISTA,FES ZARAGOZA,Escolarizado,https://www.dgae.unam.mx/Licenciatura2026/resultados/2/20205005.html,125,2648,2344,109,174,112312,,N,No presentado,,Consultar
2,Licenciatura 2026,202,20205005,CIRUJANO DENTISTA,FES ZARAGOZA,Escolarizado,https://www.dgae.unam.mx/Licenciatura2026/resultados/2/20205005.html,125,2648,2344,109,174,112379,104,,No seleccionado,,Consultar
2,Licenciatura 2026,202,20205005,CIRUJANO DENTISTA,FES ZARAGOZA,Escolarizado,https://www.dgae.unam.mx/Licenciatura2026/resultados/2/20205005.html,125,2648,2344,109,174,112387,86,,No seleccionado,,Consultar
2,Licenciatura 2026,202,20205005,CIRUJANO DENTISTA,FES ZARAGOZA,Escolarizado,https://www.dgae.unam.mx/Licenciatura2026/resultados/2/20205005.html,125,2648,2344,109,174,112390,89,,No seleccionado,,Consultar
2,Licenciatura 2026,202,20205005,CIRUJANO DENTISTA,FES ZARAGOZA,Escolarizado,https://www.dgae.unam.mx/Licenciatura2026/resultados/2/20205005.html,125,2648,2344,109,174,112455,101,,No seleccionado,,Consultar
2,Licenciatura 2026,202,20205005,CIRUJANO DENTISTA,FES ZARAGOZA,Escolarizado,https://www.dgae.unam.mx/Licenciatura2026/resultados/2/20205005.html,125,2648,2344,109,174,112456,76,,No seleccionado,,Consultar
2,Licenciatura 2026,202,20205005,CIRUJANO DENTISTA,FES ZARAGOZA,Escolarizado,https://www.dgae.unam.mx/Licenciatura2026/resultados/2/20205005.html,125,2648,2344,109,174,112470,30,,No seleccionado,,Consultar
2,Licenciatura 2026,202,20205005,CIRUJANO DENTISTA,FES ZARAGOZA,Escolarizado,https://www.dgae.unam.mx/Licenciatura2026/resultados/2/20205005.html,125,2648,2344,109,174,112474,76,,No seleccionado,,Consultar
2,Licenciatura 2026,202,20205005,CIRUJANO DENTISTA,FES ZARAGOZA,Escolarizado,https://www.dgae.unam.mx/Licenciatura2026/resultados/2/20205005.html,125,2648,2344,109,174,112599,100,,No seleccionado,,Consultar
2,Licenciatura 2026,202,20205005,CIRUJANO DENTISTA,FES ZARAGOZA,Escolarizado,https://www.dgae.unam.mx/Licenciatura2026/resultados/2/20205005.html,125,2648,2344,109,174,112614,107,,No seleccionado,,Consultar
2,Licenciatura 2026,202,20205005,CIRUJANO DENTISTA,FES ZARAGOZA,Escolarizado,https://www.dgae.unam.mx/Licenciatura2026/resultados/2/20205005.html,125,2648,2344,109,174,112616,81,,No seleccionado,,Consultar
2,Licenciatura 2026,202,20205005,CIRUJANO DENTISTA,FES ZARAGOZA,Escolarizado,https://www.dgae.unam.mx/Licenciatura2026/resultados/2/20205005.html,125,2648,2344,109,174,112619,89,,No seleccionado,,Consultar
2,Licenciatura 2026,202,20205005,CIRUJANO DENTISTA,FES ZARAGOZA,Escolarizado,https://www.dgae.unam.mx/Licenciatura2026/resultados/2/20205005.html,125,2648,2344,109,174,112623,81,,No seleccionado,,Consultar
2,Licenciatura 2026,202,20205005,CIRUJANO DENTISTA,FES ZARAGOZA,Escolarizado,https://www.dgae.unam.mx/Licenciatura2026/resultados/2/20205005.html,125,2648,2344,109,174,112659,70,,No seleccionado,,Consultar
2,Licenciatura 2026,202,20205005,CIRUJANO DENTISTA,FES ZARAGOZA,Escolarizado,https://www.dgae.unam.mx/Licenciatura2026/resultados/2/20205005.html,125,2648,2344,109,174,112679,,N,No presentado,,Consultar
2,Licenciatura 2026,202,20205005,CIRUJANO DENTISTA,FES ZARAGOZA,Escolarizado,https://www.dgae.unam.mx/Licenciatura2026/resultados/2/20205005.html,125,2648,2344,109,174,112694,103,,No seleccionado,,Consultar
2,Licenciatura 2026,202,20205005,CIRUJANO DENTISTA,FES ZARAGOZA,Escolarizado,https://www.dgae.unam.mx/Licenciatura2026/resultados/2/20205005.html,125,2648,2344,109,174,112711,97,,No seleccionado,,Consultar
2,Licenciatura 2026,202,20205005,CIRUJANO DENTISTA,FES ZARAGOZA,Escolarizado,https://www.dgae.unam.mx/Licenciatura2026/resultados/2/20205005.html,125,2648,2344,109,174,112715,34,,No seleccionado,,Consultar
2,Licenciatura 2026,202,20205005,CIRUJANO DENTISTA,FES ZARAGOZA,Escolarizado,https://www.dgae.unam.mx/Licenciatura2026/resultados/2/20205005.html,125,2648,2344,109,174,112767,88,,No seleccionado,,Consultar
2,Licenciatura 2026,202,20205005,CIRUJANO DENTISTA,FES ZARAGOZA,Escolarizado,https://www.dgae.unam.mx/Licenciatura2026/resultados/2/20205005.html,125,2648,2344,109,174,112779,104,,No seleccionado,,Consultar
2,Licenciatura 2026,202,20205005,CIRUJANO DENTISTA,FES ZARAGOZA,Escolarizado,https://www.dgae.unam.mx/Licenciatura2026/resultados/2/20205005.html,125,2648,2344,109,174,112812,54,,No seleccionado,,Consultar
2,Licenciatura 2026,202,20205005,CIRUJANO DENTISTA,FES ZARAGOZA,Escolarizado,https://www.dgae.unam.mx/Licenciatura2026/resultados/2/20205005.html,125,2648,2344,109,174,112820,62,,No seleccionado,,Consultar
2,Licenciatura 2026,202,20205005,CIRUJANO DENTISTA,FES ZARAGOZA,Escolarizado,https://www.dgae.unam.mx/Licenciatura2026/resultados/2/20205005.html,125,2648,2344,109,174,112829,110,S,Seleccionado,Cita para entregar documentación.,Consultar
2,Licenciatura 2026,202,20205005,CIRUJANO DENTISTA,FES ZARAGOZA,Escolarizado,https://www.dgae.unam.mx/Licenciatura2026/resultados/2/20205005.html,125,2648,2344,109,174,112851,,N,No presentado,,Consultar
2,Licenciatura 2026,202,20205005,CIRUJANO DENTISTA,FES ZARAGOZA,Escolarizado,https://www.dgae.unam.mx/Licenciatura2026/resultados/2/20205005.html,125,2648,2344,109,174,112886,71,,No seleccionado,,Consultar
2,Licenciatura 2026,202,20205005,CIRUJANO DENTISTA,FES ZARAGOZA,Escolarizado,https://www.dgae.unam.mx/Licenciatura2026/resultados/2/20205005.html,125,2648,2344,109,174,112903,116,S,Seleccionado,,Consultar
2,Licenciatura 2026,202,20205005,CIRUJANO DENTISTA,FES ZARAGOZA,Escolarizado,https://www.dgae.unam.mx/Licenciatura2026/resultados/2/20205005.html,125,2648,2344,109,174,112943,52,,No seleccionado,,Consultar
2,Licenciatura 2026,202,20205005,CIRUJANO DENTISTA,FES ZARAGOZA,Escolarizado,https://www.dgae.unam.mx/Licenciatura2026/resultados/2/20205005.html,125,2648,2344,109,174,112972,30,,No seleccionado,,Consultar
2,Licenciatura 2026,202,20205005,CIRUJANO DENTISTA,FES ZARAGOZA,Escolarizado,https://www.dgae.unam.mx/Licenciatura2026/resultados/2/20205005.html,125,2648,2344,109,174,112984,112,S,Seleccionado,Cita para entregar documentación.,Consultar
2,Licenciatura 2026,202,20205005,CIRUJANO DENTISTA,FES ZARAGOZA,Escolarizado,https://www.dgae.unam.mx/Licenciatura2026/resultados/2/20205005.html,125,2648,2344,109,174,112988,35,,No seleccionado,,Consultar
2,Licenciatura 2026,202,20205005,CIRUJANO DENTISTA,FES ZARAGOZA,Escolarizado,https://www.dgae.unam.mx/Licenciatura2026/resultados/2/20205005.html,125,2648,2344,109,174,113022,107,,No seleccionado,,Consultar
2,Licenciatura 2026,202,20205005,CIRUJANO DENTISTA,FES ZARAGOZA,Escolarizado,https://www.dgae.unam.mx/Licenciatura2026/resultados/2/20205005.html,125,2648,2344,109,174,113024,103,,No seleccionado,,Consultar
2,Licenciatura 2026,202,20205005,CIRUJANO DENTISTA,FES ZARAGOZA,Escolarizado,https://www.dgae.unam.mx/Licenciatura2026/resultados/2/20205005.html,125,2648,2344,109,174,113084,43,,No seleccionado,,Consultar
2,Licenciatura 2026,202,20205005,CIRUJANO DENTISTA,FES ZARAGOZA,Escolarizado,https://www.dgae.unam.mx/Licenciatura2026/resultados/2/20205005.html,125,2648,2344,109,174,113121,62,,No seleccionado,,Consultar
2,Licenciatura 2026,202,20205005,CIRUJANO DENTISTA,FES ZARAGOZA,Escolarizado,https://www.dgae.unam.mx/Licenciatura2026/resultados/2/20205005.html,125,2648,2344,109,174,113153,96,,No seleccionado,,Consultar
2,Licenciatura 2026,202,20205005,CIRUJANO DENTISTA,FES ZARAGOZA,Escolarizado,https://www.dgae.unam.mx/Licenciatura2026/resultados/2/20205005.html,125,2648,2344,109,174,113174,107,,No seleccionado,,Consultar
2,Licenciatura 2026,202,20205005,CIRUJANO DENTISTA,FES ZARAGOZA,Escolarizado,https://www.dgae.unam.mx/Licenciatura2026/resultados/2/20205005.html,125,2648,2344,109,174,113195,,C,Cancelado,,Consultar
2,Licenciatura 2026,202,20205005,CIRUJANO DENTISTA,FES ZARAGOZA,Escolarizado,https://www.dgae.unam.mx/Licenciatura2026/resultados/2/20205005.html,125,2648,2344,109,174,113213,32,,No seleccionado,,Consultar
2,Licenciatura 2026,202,20205005,CIRUJANO DENTISTA,FES ZARAGOZA,Escolarizado,https://www.dgae.unam.mx/Licenciatura2026/resultados/2/20205005.html,125,2648,2344,109,174,113227,47,,No seleccionado,,Consultar
2,Licenciatura 2026,202,20205005,CIRUJANO DENTISTA,FES ZARAGOZA,Escolarizado,https://www.dgae.unam.mx/Licenciatura2026/resultados/2/20205005.html,125,2648,2344,109,174,113236,46,,No seleccionado,,Consultar
2,Licenciatura 2026,202,20205005,CIRUJANO DENTISTA,FES ZARAGOZA,Escolarizado,https://www.dgae.unam.mx/Licenciatura2026/resultados/2/20205005.html,125,2648,2344,109,174,113292,48,,No seleccionado,,Consultar
2,Licenciatura 2026,202,20205005,CIRUJANO DENTISTA,FES ZARAGOZA,Escolarizado,https://www.dgae.unam.mx/Licenciatura2026/resultados/2/20205005.html,125,2648,2344,109,174,113338,49,,No seleccionado,,Consultar
2,Licenciatura 2026,202,20205005,CIRUJANO DENTISTA,FES ZARAGOZA,Escolarizado,https://www.dgae.unam.mx/Licenciatura2026/resultados/2/20205005.html,125,2648,2344,109,174,113340,78,,No seleccionado,,Consultar
2,Licenciatura 2026,202,20205005,CIRUJANO DENTISTA,FES ZARAGOZA,Escolarizado,https://www.dgae.unam.mx/Licenciatura2026/resultados/2/20205005.html,125,2648,2344,109,174,113402,95,,No seleccionado,,Consultar
2,Licenciatura 2026,202,20205005,CIRUJANO DENTISTA,FES ZARAGOZA,Escolarizado,https://www.dgae.unam.mx/Licenciatura2026/resultados/2/20205005.html,125,2648,2344,109,174,113534,77,,No seleccionado,,Consultar
2,Licenciatura 2026,202,20205005,CIRUJANO DENTISTA,FES ZARAGOZA,Escolarizado,https://www.dgae.unam.mx/Licenciatura2026/resultados/2/20205005.html,125,2648,2344,109,174,113573,103,,No seleccionado,,Consultar
2,Licenciatura 2026,202,20205005,CIRUJANO DENTISTA,FES ZARAGOZA,Escolarizado,https://www.dgae.unam.mx/Licenciatura2026/resultados/2/20205005.html,125,2648,2344,109,174,113603,107,,No seleccionado,,Consultar
2,Licenciatura 2026,202,20205005,CIRUJANO DENTISTA,FES ZARAGOZA,Escolarizado,https://www.dgae.unam.mx/Licenciatura2026/resultados/2/20205005.html,125,2648,2344,109,174,113628,67,,No seleccionado,,Consultar
2,Licenciatura 2026,202,20205005,CIRUJANO DENTISTA,FES ZARAGOZA,Escolarizado,https://www.dgae.unam.mx/Licenciatura2026/resultados/2/20205005.html,125,2648,2344,109,174,113630,84,,No seleccionado,,Consultar
2,Licenciatura 2026,202,20205005,CIRUJANO DENTISTA,FES ZARAGOZA,Escolarizado,https://www.dgae.unam.mx/Licenciatura2026/resultados/2/20205005.html,125,2648,2344,109,174,113656,72,,No seleccionado,,Consultar
2,Licenciatura 2026,202,20205005,CIRUJANO DENTISTA,FES ZARAGOZA,Escolarizado,https://www.dgae.unam.mx/Licenciatura2026/resultados/2/20205005.html,125,2648,2344,109,174,113693,49,,No seleccionado,,Consultar
2,Licenciatura 2026,202,20205005,CIRUJANO DENTISTA,FES ZARAGOZA,Escolarizado,https://www.dgae.unam.mx/Licenciatura2026/resultados/2/20205005.html,125,2648,2344,109,174,113706,108,,No seleccionado,,Consultar
2,Licenciatura 2026,202,20205005,CIRUJANO DENTISTA,FES ZARAGOZA,Escolarizado,https://www.dgae.unam.mx/Licenciatura2026/resultados/2/20205005.html,125,2648,2344,109,174,113717,46,,No seleccionado,,Consultar
2,Licenciatura 2026,202,20205005,CIRUJANO DENTISTA,FES ZARAGOZA,Escolarizado,https://www.dgae.unam.mx/Licenciatura2026/resultados/2/20205005.html,125,2648,2344,109,174,113724,55,,No seleccionado,,Consultar
2,Licenciatura 2026,202,20205005,CIRUJANO DENTISTA,FES ZARAGOZA,Escolarizado,https://www.dgae.unam.mx/Licenciatura2026/resultados/2/20205005.html,125,2648,2344,109,174,113739,92,,No seleccionado,,Consultar
2,Licenciatura 2026,202,20205005,CIRUJANO DENTISTA,FES ZARAGOZA,Escolarizado,https://www.dgae.unam.mx/Licenciatura2026/resultados/2/20205005.html,125,2648,2344,109,174,113774,51,,No seleccionado,,Consultar
2,Licenciatura 2026,202,20205005,CIRUJANO DENTISTA,FES ZARAGOZA,Escolarizado,https://www.dgae.unam.mx/Licenciatura2026/resultados/2/20205005.html,125,2648,2344,109,174,113796,113,S,Seleccionado,Cita para entregar documentación.,Consultar
2,Licenciatura 2026,202,20205005,CIRUJANO DENTISTA,FES ZARAGOZA,Escolarizado,https://www.dgae.unam.mx/Licenciatura2026/resultados/2/20205005.html,125,2648,2344,109,174,113815,95,,No seleccionado,,Consultar
2,Licenciatura 2026,202,20205005,CIRUJANO DENTISTA,FES ZARAGOZA,Escolarizado,https://www.dgae.unam.mx/Licenciatura2026/resultados/2/20205005.html,125,2648,2344,109,174,113819,112,S,Seleccionado,Cita para entregar documentación.,Consultar
2,Licenciatura 2026,202,20205005,CIRUJANO DENTISTA,FES ZARAGOZA,Escolarizado,https://www.dgae.unam.mx/Licenciatura2026/resultados/2/20205005.html,125,2648,2344,109,174,113823,73,,No seleccionado,,Consultar
2,Licenciatura 2026,202,20205005,CIRUJANO DENTISTA,FES ZARAGOZA,Escolarizado,https://www.dgae.unam.mx/Licenciatura2026/resultados/2/20205005.html,125,2648,2344,109,174,113835,,N,No presentado,,Consultar
2,Licenciatura 2026,202,20205005,CIRUJANO DENTISTA,FES ZARAGOZA,Escolarizado,https://www.dgae.unam.mx/Licenciatura2026/resultados/2/20205005.html,125,2648,2344,109,174,113843,89,,No seleccionado,,Consultar
2,Licenciatura 2026,202,20205005,CIRUJANO DENTISTA,FES ZARAGOZA,Escolarizado,https://www.dgae.unam.mx/Licenciatura2026/resultados/2/20205005.html,125,2648,2344,109,174,113853,85,,No seleccionado,,Consultar
2,Licenciatura 2026,202,20205005,CIRUJANO DENTISTA,FES ZARAGOZA,Escolarizado,https://www.dgae.unam.mx/Licenciatura2026/resultados/2/20205005.html,125,2648,2344,109,174,113871,43,,No seleccionado,,Consultar
2,Licenciatura 2026,202,20205005,CIRUJANO DENTISTA,FES ZARAGOZA,Escolarizado,https://www.dgae.unam.mx/Licenciatura2026/resultados/2/20205005.html,125,2648,2344,109,174,113931,111,S,Seleccionado,,Consultar
2,Licenciatura 2026,202,20205005,CIRUJANO DENTISTA,FES ZARAGOZA,Escolarizado,https://www.dgae.unam.mx/Licenciatura2026/resultados/2/20205005.html,125,2648,2344,109,174,113945,,N,No presentado,,Consultar
2,Licenciatura 2026,202,20205005,CIRUJANO DENTISTA,FES ZARAGOZA,Escolarizado,https://www.dgae.unam.mx/Licenciatura2026/resultados/2/20205005.html,125,2648,2344,109,174,113985,94,,No seleccionado,,Consultar
2,Licenciatura 2026,202,20205005,CIRUJANO DENTISTA,FES ZARAGOZA,Escolarizado,https://www.dgae.unam.mx/Licenciatura2026/resultados/2/20205005.html,125,2648,2344,109,174,113991,85,,No seleccionado,,Consultar
2,Licenciatura 2026,202,20205005,CIRUJANO DENTISTA,FES ZARAGOZA,Escolarizado,https://www.dgae.unam.mx/Licenciatura2026/resultados/2/20205005.html,125,2648,2344,109,174,113995,78,,No seleccionado,,Consultar
2,Licenciatura 2026,202,20205005,CIRUJANO DENTISTA,FES ZARAGOZA,Escolarizado,https://www.dgae.unam.mx/Licenciatura2026/resultados/2/20205005.html,125,2648,2344,109,174,114077,111,S,Seleccionado,Cita para entregar documentación.,Consultar
2,Licenciatura 2026,202,20205005,CIRUJANO DENTISTA,FES ZARAGOZA,Escolarizado,https://www.dgae.unam.mx/Licenciatura2026/resultados/2/20205005.html,125,2648,2344,109,174,114085,48,,No seleccionado,,Consultar
2,Licenciatura 2026,202,20205005,CIRUJANO DENTISTA,FES ZARAGOZA,Escolarizado,https://www.dgae.unam.mx/Licenciatura2026/resultados/2/20205005.html,125,2648,2344,109,174,114099,106,,No seleccionado,,Consultar
2,Licenciatura 2026,202,20205005,CIRUJANO DENTISTA,FES ZARAGOZA,Escolarizado,https://www.dgae.unam.mx/Licenciatura2026/resultados/2/20205005.html,125,2648,2344,109,174,114137,47,,No seleccionado,,Consultar
2,Licenciatura 2026,202,20205005,CIRUJANO DENTISTA,FES ZARAGOZA,Escolarizado,https://www.dgae.unam.mx/Licenciatura2026/resultados/2/20205005.html,125,2648,2344,109,174,114172,31,,No seleccionado,,Consultar
2,Licenciatura 2026,202,20205005,CIRUJANO DENTISTA,FES ZARAGOZA,Escolarizado,https://www.dgae.unam.mx/Licenciatura2026/resultados/2/20205005.html,125,2648,2344,109,174,114194,107,,No seleccionado,,Consultar
2,Licenciatura 2026,202,20205005,CIRUJANO DENTISTA,FES ZARAGOZA,Escolarizado,https://www.dgae.unam.mx/Licenciatura2026/resultados/2/20205005.html,125,2648,2344,109,174,114225,103,,No seleccionado,,Consultar
2,Licenciatura 2026,202,20205005,CIRUJANO DENTISTA,FES ZARAGOZA,Escolarizado,https://www.dgae.unam.mx/Licenciatura2026/resultados/2/20205005.html,125,2648,2344,109,174,114226,,N,No presentado,,Consultar
2,Licenciatura 2026,202,20205005,CIRUJANO DENTISTA,FES ZARAGOZA,Escolarizado,https://www.dgae.unam.mx/Licenciatura2026/resultados/2/20205005.html,125,2648,2344,109,174,114277,99,,No seleccionado,,Consultar
2,Licenciatura 2026,202,20205005,CIRUJANO DENTISTA,FES ZARAGOZA,Escolarizado,https://www.dgae.unam.mx/Licenciatura2026/resultados/2/20205005.html,125,2648,2344,109,174,114305,105,,No seleccionado,,Consultar
2,Licenciatura 2026,202,20205005,CIRUJANO DENTISTA,FES ZARAGOZA,Escolarizado,https://www.dgae.unam.mx/Licenciatura2026/resultados/2/20205005.html,125,2648,2344,109,174,114320,82,,No seleccionado,,Consultar
2,Licenciatura 2026,202,20205005,CIRUJANO DENTISTA,FES ZARAGOZA,Escolarizado,https://www.dgae.unam.mx/Licenciatura2026/resultados/2/20205005.html,125,2648,2344,109,174,114351,49,,No seleccionado,,Consultar
2,Licenciatura 2026,202,20205005,CIRUJANO DENTISTA,FES ZARAGOZA,Escolarizado,https://www.dgae.unam.mx/Licenciatura2026/resultados/2/20205005.html,125,2648,2344,109,174,114372,44,,No seleccionado,,Consultar
2,Licenciatura 2026,202,20205005,CIRUJANO DENTISTA,FES ZARAGOZA,Escolarizado,https://www.dgae.unam.mx/Licenciatura2026/resultados/2/20205005.html,125,2648,2344,109,174,114381,104,,No seleccionado,,Consultar
2,Licenciatura 2026,202,20205005,CIRUJANO DENTISTA,FES ZARAGOZA,Escolarizado,https://www.dgae.unam.mx/Licenciatura2026/resultados/2/20205005.html,125,2648,2344,109,174,114399,58,,No seleccionado,,Consultar
2,Licenciatura 2026,202,20205005,CIRUJANO DENTISTA,FES ZARAGOZA,Escolarizado,https://www.dgae.unam.mx/Licenciatura2026/resultados/2/20205005.html,125,2648,2344,109,174,114429,,N,No presentado,,Consultar
2,Licenciatura 2026,202,20205005,CIRUJANO DENTISTA,FES ZARAGOZA,Escolarizado,https://www.dgae.unam.mx/Licenciatura2026/resultados/2/20205005.html,125,2648,2344,109,174,114431,55,,No seleccionado,,Consultar
2,Licenciatura 2026,202,20205005,CIRUJANO DENTISTA,FES ZARAGOZA,Escolarizado,https://www.dgae.unam.mx/Licenciatura2026/resultados/2/20205005.html,125,2648,2344,109,174,114432,94,,No seleccionado,,Consultar
2,Licenciatura 2026,202,20205005,CIRUJANO DENTISTA,FES ZARAGOZA,Escolarizado,https://www.dgae.unam.mx/Licenciatura2026/resultados/2/20205005.html,125,2648,2344,109,174,114451,71,,No seleccionado,,Consultar
2,Licenciatura 2026,202,20205005,CIRUJANO DENTISTA,FES ZARAGOZA,Escolarizado,https://www.dgae.unam.mx/Licenciatura2026/resultados/2/20205005.html,125,2648,2344,109,174,114496,44,,No seleccionado,,Consultar
2,Licenciatura 2026,202,20205005,CIRUJANO DENTISTA,FES ZARAGOZA,Escolarizado,https://www.dgae.unam.mx/Licenciatura2026/resultados/2/20205005.html,125,2648,2344,109,174,114560,85,,No seleccionado,,Consultar
2,Licenciatura 2026,202,20205005,CIRUJANO DENTISTA,FES ZARAGOZA,Escolarizado,https://www.dgae.unam.mx/Licenciatura2026/resultados/2/20205005.html,125,2648,2344,109,174,114577,107,,No seleccionado,,Consultar
2,Licenciatura 2026,202,20205005,CIRUJANO DENTISTA,FES ZARAGOZA,Escolarizado,https://www.dgae.unam.mx/Licenciatura2026/resultados/2/20205005.html,125,2648,2344,109,174,114588,74,,No seleccionado,,Consultar
2,Licenciatura 2026,202,20205005,CIRUJANO DENTISTA,FES ZARAGOZA,Escolarizado,https://www.dgae.unam.mx/Licenciatura2026/resultados/2/20205005.html,125,2648,2344,109,174,114603,92,,No seleccionado,,Consultar
2,Licenciatura 2026,202,20205005,CIRUJANO DENTISTA,FES ZARAGOZA,Escolarizado,https://www.dgae.unam.mx/Licenciatura2026/resultados/2/20205005.html,125,2648,2344,109,174,114627,,N,No presentado,,Consultar
2,Licenciatura 2026,202,20205005,CIRUJANO DENTISTA,FES ZARAGOZA,Escolarizado,https://www.dgae.unam.mx/Licenciatura2026/resultados/2/20205005.html,125,2648,2344,109,174,114693,59,,No seleccionado,,Consultar
2,Licenciatura 2026,202,20205005,CIRUJANO DENTISTA,FES ZARAGOZA,Escolarizado,https://www.dgae.unam.mx/Licenciatura2026/resultados/2/20205005.html,125,2648,2344,109,174,114723,60,,No seleccionado,,Consultar
2,Licenciatura 2026,202,20205005,CIRUJANO DENTISTA,FES ZARAGOZA,Escolarizado,https://www.dgae.unam.mx/Licenciatura2026/resultados/2/20205005.html,125,2648,2344,109,174,114728,111,S,Seleccionado,Cita para entregar documentación.,Consultar
2,Licenciatura 2026,202,20205005,CIRUJANO DENTISTA,FES ZARAGOZA,Escolarizado,https://www.dgae.unam.mx/Licenciatura2026/resultados/2/20205005.html,125,2648,2344,109,174,114748,113,S,Seleccionado,Cita para entregar documentación.,Consultar
2,Licenciatura 2026,202,20205005,CIRUJANO DENTISTA,FES ZARAGOZA,Escolarizado,https://www.dgae.unam.mx/Licenciatura2026/resultados/2/20205005.html,125,2648,2344,109,174,114750,,N,No presentado,,Consultar
2,Licenciatura 2026,202,20205005,CIRUJANO DENTISTA,FES ZARAGOZA,Escolarizado,https://www.dgae.unam.mx/Licenciatura2026/resultados/2/20205005.html,125,2648,2344,109,174,114766,,N,No presentado,,Consultar
2,Licenciatura 2026,202,20205005,CIRUJANO DENTISTA,FES ZARAGOZA,Escolarizado,https://www.dgae.unam.mx/Licenciatura2026/resultados/2/20205005.html,125,2648,2344,109,174,114857,73,,No seleccionado,,Consultar
2,Licenciatura 2026,202,20205005,CIRUJANO DENTISTA,FES ZARAGOZA,Escolarizado,https://www.dgae.unam.mx/Licenciatura2026/resultados/2/20205005.html,125,2648,2344,109,174,114932,33,,No seleccionado,,Consultar
2,Licenciatura 2026,202,20205005,CIRUJANO DENTISTA,FES ZARAGOZA,Escolarizado,https://www.dgae.unam.mx/Licenciatura2026/resultados/2/20205005.html,125,2648,2344,109,174,114958,79,,No seleccionado,,Consultar
2,Licenciatura 2026,202,20205005,CIRUJANO DENTISTA,FES ZARAGOZA,Escolarizado,https://www.dgae.unam.mx/Licenciatura2026/resultados/2/20205005.html,125,2648,2344,109,174,114975,95,,No seleccionado,,Consultar
2,Licenciatura 2026,202,20205005,CIRUJANO DENTISTA,FES ZARAGOZA,Escolarizado,https://www.dgae.unam.mx/Licenciatura2026/resultados/2/20205005.html,125,2648,2344,109,174,114980,35,,No seleccionado,,Consultar
2,Licenciatura 2026,202,20205005,CIRUJANO DENTISTA,FES ZARAGOZA,Escolarizado,https://www.dgae.unam.mx/Licenciatura2026/resultados/2/20205005.html,125,2648,2344,109,174,115040,79,,No seleccionado,,Consultar
2,Licenciatura 2026,202,20205005,CIRUJANO DENTISTA,FES ZARAGOZA,Escolarizado,https://www.dgae.unam.mx/Licenciatura2026/resultados/2/20205005.html,125,2648,2344,109,174,115043,,N,No presentado,,Consultar
2,Licenciatura 2026,202,20205005,CIRUJANO DENTISTA,FES ZARAGOZA,Escolarizado,https://www.dgae.unam.mx/Licenciatura2026/resultados/2/20205005.html,125,2648,2344,109,174,115058,97,,No seleccionado,,Consultar
2,Licenciatura 2026,202,20205005,CIRUJANO DENTISTA,FES ZARAGOZA,Escolarizado,https://www.dgae.unam.mx/Licenciatura2026/resultados/2/20205005.html,125,2648,2344,109,174,115095,50,,No seleccionado,,Consultar
2,Licenciatura 2026,202,20205005,CIRUJANO DENTISTA,FES ZARAGOZA,Escolarizado,https://www.dgae.unam.mx/Licenciatura2026/resultados/2/20205005.html,125,2648,2344,109,174,115103,60,,No seleccionado,,Consultar
2,Licenciatura 2026,202,20205005,CIRUJANO DENTISTA,FES ZARAGOZA,Escolarizado,https://www.dgae.unam.mx/Licenciatura2026/resultados/2/20205005.html,125,2648,2344,109,174,115113,79,,No seleccionado,,Consultar
2,Licenciatura 2026,202,20205005,CIRUJANO DENTISTA,FES ZARAGOZA,Escolarizado,https://www.dgae.unam.mx/Licenciatura2026/resultados/2/20205005.html,125,2648,2344,109,174,115128,38,,No seleccionado,,Consultar
2,Licenciatura 2026,202,20205005,CIRUJANO DENTISTA,FES ZARAGOZA,Escolarizado,https://www.dgae.unam.mx/Licenciatura2026/resultados/2/20205005.html,125,2648,2344,109,174,115151,98,,No seleccionado,,Consultar
2,Licenciatura 2026,202,20205005,CIRUJANO DENTISTA,FES ZARAGOZA,Escolarizado,https://www.dgae.unam.mx/Licenciatura2026/resultados/2/20205005.html,125,2648,2344,109,174,115161,109,S,Seleccionado,Cita para entregar documentación.,Consultar
2,Licenciatura 2026,202,20205005,CIRUJANO DENTISTA,FES ZARAGOZA,Escolarizado,https://www.dgae.unam.mx/Licenciatura2026/resultados/2/20205005.html,125,2648,2344,109,174,115180,59,,No seleccionado,,Consultar
2,Licenciatura 2026,202,20205005,CIRUJANO DENTISTA,FES ZARAGOZA,Escolarizado,https://www.dgae.unam.mx/Licenciatura2026/resultados/2/20205005.html,125,2648,2344,109,174,115199,52,,No seleccionado,,Consultar
2,Licenciatura 2026,202,20205005,CIRUJANO DENTISTA,FES ZARAGOZA,Escolarizado,https://www.dgae.unam.mx/Licenciatura2026/resultados/2/20205005.html,125,2648,2344,109,174,115202,56,,No seleccionado,,Consultar
2,Licenciatura 2026,202,20205005,CIRUJANO DENTISTA,FES ZARAGOZA,Escolarizado,https://www.dgae.unam.mx/Licenciatura2026/resultados/2/20205005.html,125,2648,2344,109,174,115274,45,,No seleccionado,,Consultar
2,Licenciatura 2026,202,20205005,CIRUJANO DENTISTA,FES ZARAGOZA,Escolarizado,https://www.dgae.unam.mx/Licenciatura2026/resultados/2/20205005.html,125,2648,2344,109,174,115326,80,,No seleccionado,,Consultar
2,Licenciatura 2026,202,20205005,CIRUJANO DENTISTA,FES ZARAGOZA,Escolarizado,https://www.dgae.unam.mx/Licenciatura2026/resultados/2/20205005.html,125,2648,2344,109,174,115327,107,,No seleccionado,,Consultar
2,Licenciatura 2026,202,20205005,CIRUJANO DENTISTA,FES ZARAGOZA,Escolarizado,https://www.dgae.unam.mx/Licenciatura2026/resultados/2/20205005.html,125,2648,2344,109,174,115330,57,,No seleccionado,,Consultar
2,Licenciatura 2026,202,20205005,CIRUJANO DENTISTA,FES ZARAGOZA,Escolarizado,https://www.dgae.unam.mx/Licenciatura2026/resultados/2/20205005.html,125,2648,2344,109,174,115335,115,S,Seleccionado,Cita para entregar documentación.,Consultar
2,Licenciatura 2026,202,20205005,CIRUJANO DENTISTA,FES ZARAGOZA,Escolarizado,https://www.dgae.unam.mx/Licenciatura2026/resultados/2/20205005.html,125,2648,2344,109,174,115354,119,S,Seleccionado,Cita para entregar documentación.,Consultar
2,Licenciatura 2026,202,20205005,CIRUJANO DENTISTA,FES ZARAGOZA,Escolarizado,https://www.dgae.unam.mx/Licenciatura2026/resultados/2/20205005.html,125,2648,2344,109,174,115374,50,,No seleccionado,,Consultar
2,Licenciatura 2026,202,20205005,CIRUJANO DENTISTA,FES ZARAGOZA,Escolarizado,https://www.dgae.unam.mx/Licenciatura2026/resultados/2/20205005.html,125,2648,2344,109,174,115378,45,,No seleccionado,,Consultar
2,Licenciatura 2026,202,20205005,CIRUJANO DENTISTA,FES ZARAGOZA,Escolarizado,https://www.dgae.unam.mx/Licenciatura2026/resultados/2/20205005.html,125,2648,2344,109,174,115383,64,,No seleccionado,,Consultar
2,Licenciatura 2026,202,20205005,CIRUJANO DENTISTA,FES ZARAGOZA,Escolarizado,https://www.dgae.unam.mx/Licenciatura2026/resultados/2/20205005.html,125,2648,2344,109,174,115412,35,,No seleccionado,,Consultar
2,Licenciatura 2026,202,20205005,CIRUJANO DENTISTA,FES ZARAGOZA,Escolarizado,https://www.dgae.unam.mx/Licenciatura2026/resultados/2/20205005.html,125,2648,2344,109,174,115507,72,,No seleccionado,,Consultar
2,Licenciatura 2026,202,20205005,CIRUJANO DENTISTA,FES ZARAGOZA,Escolarizado,https://www.dgae.unam.mx/Licenciatura2026/resultados/2/20205005.html,125,2648,2344,109,174,115530,44,,No seleccionado,,Consultar
2,Licenciatura 2026,202,20205005,CIRUJANO DENTISTA,FES ZARAGOZA,Escolarizado,https://www.dgae.unam.mx/Licenciatura2026/resultados/2/20205005.html,125,2648,2344,109,174,115549,59,,No seleccionado,,Consultar
2,Licenciatura 2026,202,20205005,CIRUJANO DENTISTA,FES ZARAGOZA,Escolarizado,https://www.dgae.unam.mx/Licenciatura2026/resultados/2/20205005.html,125,2648,2344,109,174,115563,107,,No seleccionado,,Consultar
2,Licenciatura 2026,202,20205005,CIRUJANO DENTISTA,FES ZARAGOZA,Escolarizado,https://www.dgae.unam.mx/Licenciatura2026/resultados/2/20205005.html,125,2648,2344,109,174,115608,,N,No presentado,,Consultar
2,Licenciatura 2026,202,20205005,CIRUJANO DENTISTA,FES ZARAGOZA,Escolarizado,https://www.dgae.unam.mx/Licenciatura2026/resultados/2/20205005.html,125,2648,2344,109,174,115633,72,,No seleccionado,,Consultar
2,Licenciatura 2026,202,20205005,CIRUJANO DENTISTA,FES ZARAGOZA,Escolarizado,https://www.dgae.unam.mx/Licenciatura2026/resultados/2/20205005.html,125,2648,2344,109,174,115635,77,,No seleccionado,,Consultar
2,Licenciatura 2026,202,20205005,CIRUJANO DENTISTA,FES ZARAGOZA,Escolarizado,https://www.dgae.unam.mx/Licenciatura2026/resultados/2/20205005.html,125,2648,2344,109,174,115646,34,,No seleccionado,,Consultar
2,Licenciatura 2026,202,20205005,CIRUJANO DENTISTA,FES ZARAGOZA,Escolarizado,https://www.dgae.unam.mx/Licenciatura2026/resultados/2/20205005.html,125,2648,2344,109,174,115717,82,,No seleccionado,,Consultar
2,Licenciatura 2026,202,20205005,CIRUJANO DENTISTA,FES ZARAGOZA,Escolarizado,https://www.dgae.unam.mx/Licenciatura2026/resultados/2/20205005.html,125,2648,2344,109,174,115781,35,,No seleccionado,,Consultar
2,Licenciatura 2026,202,20205005,CIRUJANO DENTISTA,FES ZARAGOZA,Escolarizado,https://www.dgae.unam.mx/Licenciatura2026/resultados/2/20205005.html,125,2648,2344,109,174,115849,58,,No seleccionado,,Consultar
2,Licenciatura 2026,202,20205005,CIRUJANO DENTISTA,FES ZARAGOZA,Escolarizado,https://www.dgae.unam.mx/Licenciatura2026/resultados/2/20205005.html,125,2648,2344,109,174,115875,92,,No seleccionado,,Consultar
2,Licenciatura 2026,202,20205005,CIRUJANO DENTISTA,FES ZARAGOZA,Escolarizado,https://www.dgae.unam.mx/Licenciatura2026/resultados/2/20205005.html,125,2648,2344,109,174,115934,45,,No seleccionado,,Consultar
2,Licenciatura 2026,202,20205005,CIRUJANO DENTISTA,FES ZARAGOZA,Escolarizado,https://www.dgae.unam.mx/Licenciatura2026/resultados/2/20205005.html,125,2648,2344,109,174,115951,36,,No seleccionado,,Consultar
2,Licenciatura 2026,202,20205005,CIRUJANO DENTISTA,FES ZARAGOZA,Escolarizado,https://www.dgae.unam.mx/Licenciatura2026/resultados/2/20205005.html,125,2648,2344,109,174,115983,84,,No seleccionado,,Consultar
2,Licenciatura 2026,202,20205005,CIRUJANO DENTISTA,FES ZARAGOZA,Escolarizado,https://www.dgae.unam.mx/Licenciatura2026/resultados/2/20205005.html,125,2648,2344,109,174,116003,105,,No seleccionado,,Consultar
2,Licenciatura 2026,202,20205005,CIRUJANO DENTISTA,FES ZARAGOZA,Escolarizado,https://www.dgae.unam.mx/Licenciatura2026/resultados/2/20205005.html,125,2648,2344,109,174,116007,80,,No seleccionado,,Consultar
2,Licenciatura 2026,202,20205005,CIRUJANO DENTISTA,FES ZARAGOZA,Escolarizado,https://www.dgae.unam.mx/Licenciatura2026/resultados/2/20205005.html,125,2648,2344,109,174,116016,45,,No seleccionado,,Consultar
2,Licenciatura 2026,202,20205005,CIRUJANO DENTISTA,FES ZARAGOZA,Escolarizado,https://www.dgae.unam.mx/Licenciatura2026/resultados/2/20205005.html,125,2648,2344,109,174,116041,111,S,Seleccionado,Cita para entregar documentación.,Consultar
2,Licenciatura 2026,202,20205005,CIRUJANO DENTISTA,FES ZARAGOZA,Escolarizado,https://www.dgae.unam.mx/Licenciatura2026/resultados/2/20205005.html,125,2648,2344,109,174,116065,59,,No seleccionado,,Consultar
2,Licenciatura 2026,202,20205005,CIRUJANO DENTISTA,FES ZARAGOZA,Escolarizado,https://www.dgae.unam.mx/Licenciatura2026/resultados/2/20205005.html,125,2648,2344,109,174,116071,92,,No seleccionado,,Consultar
2,Licenciatura 2026,202,20205005,CIRUJANO DENTISTA,FES ZARAGOZA,Escolarizado,https://www.dgae.unam.mx/Licenciatura2026/resultados/2/20205005.html,125,2648,2344,109,174,116098,35,,No seleccionado,,Consultar
2,Licenciatura 2026,202,20205005,CIRUJANO DENTISTA,FES ZARAGOZA,Escolarizado,https://www.dgae.unam.mx/Licenciatura2026/resultados/2/20205005.html,125,2648,2344,109,174,116105,88,,No seleccionado,,Consultar
2,Licenciatura 2026,202,20205005,CIRUJANO DENTISTA,FES ZARAGOZA,Escolarizado,https://www.dgae.unam.mx/Licenciatura2026/resultados/2/20205005.html,125,2648,2344,109,174,116167,,N,No presentado,,Consultar
2,Licenciatura 2026,202,20205005,CIRUJANO DENTISTA,FES ZARAGOZA,Escolarizado,https://www.dgae.unam.mx/Licenciatura2026/resultados/2/20205005.html,125,2648,2344,109,174,116171,,N,No presentado,,Consultar
2,Licenciatura 2026,202,20205005,CIRUJANO DENTISTA,FES ZARAGOZA,Escolarizado,https://www.dgae.unam.mx/Licenciatura2026/resultados/2/20205005.html,125,2648,2344,109,174,116174,116,S,Seleccionado,Cita para entregar documentación.,Consultar
2,Licenciatura 2026,202,20205005,CIRUJANO DENTISTA,FES ZARAGOZA,Escolarizado,https://www.dgae.unam.mx/Licenciatura2026/resultados/2/20205005.html,125,2648,2344,109,174,116254,85,,No seleccionado,,Consultar
2,Licenciatura 2026,202,20205005,CIRUJANO DENTISTA,FES ZARAGOZA,Escolarizado,https://www.dgae.unam.mx/Licenciatura2026/resultados/2/20205005.html,125,2648,2344,109,174,116326,46,,No seleccionado,,Consultar
2,Licenciatura 2026,202,20205005,CIRUJANO DENTISTA,FES ZARAGOZA,Escolarizado,https://www.dgae.unam.mx/Licenciatura2026/resultados/2/20205005.html,125,2648,2344,109,174,116331,68,,No seleccionado,,Consultar
2,Licenciatura 2026,202,20205005,CIRUJANO DENTISTA,FES ZARAGOZA,Escolarizado,https://www.dgae.unam.mx/Licenciatura2026/resultados/2/20205005.html,125,2648,2344,109,174,116333,86,,No seleccionado,,Consultar
2,Licenciatura 2026,202,20205005,CIRUJANO DENTISTA,FES ZARAGOZA,Escolarizado,https://www.dgae.unam.mx/Licenciatura2026/resultados/2/20205005.html,125,2648,2344,109,174,116372,67,,No seleccionado,,Consultar
2,Licenciatura 2026,202,20205005,CIRUJANO DENTISTA,FES ZARAGOZA,Escolarizado,https://www.dgae.unam.mx/Licenciatura2026/resultados/2/20205005.html,125,2648,2344,109,174,116398,70,,No seleccionado,,Consultar
2,Licenciatura 2026,202,20205005,CIRUJANO DENTISTA,FES ZARAGOZA,Escolarizado,https://www.dgae.unam.mx/Licenciatura2026/resultados/2/20205005.html,125,2648,2344,109,174,116421,35,,No seleccionado,,Consultar
2,Licenciatura 2026,202,20205005,CIRUJANO DENTISTA,FES ZARAGOZA,Escolarizado,https://www.dgae.unam.mx/Licenciatura2026/resultados/2/20205005.html,125,2648,2344,109,174,116431,55,,No seleccionado,,Consultar
2,Licenciatura 2026,202,20205005,CIRUJANO DENTISTA,FES ZARAGOZA,Escolarizado,https://www.dgae.unam.mx/Licenciatura2026/resultados/2/20205005.html,125,2648,2344,109,174,116450,29,,No seleccionado,,Consultar
2,Licenciatura 2026,202,20205005,CIRUJANO DENTISTA,FES ZARAGOZA,Escolarizado,https://www.dgae.unam.mx/Licenciatura2026/resultados/2/20205005.html,125,2648,2344,109,174,116480,108,,No seleccionado,,Consultar
2,Licenciatura 2026,202,20205005,CIRUJANO DENTISTA,FES ZARAGOZA,Escolarizado,https://www.dgae.unam.mx/Licenciatura2026/resultados/2/20205005.html,125,2648,2344,109,174,116537,104,,No seleccionado,,Consultar
2,Licenciatura 2026,202,20205005,CIRUJANO DENTISTA,FES ZARAGOZA,Escolarizado,https://www.dgae.unam.mx/Licenciatura2026/resultados/2/20205005.html,125,2648,2344,109,174,116547,105,,No seleccionado,,Consultar
2,Licenciatura 2026,202,20205005,CIRUJANO DENTISTA,FES ZARAGOZA,Escolarizado,https://www.dgae.unam.mx/Licenciatura2026/resultados/2/20205005.html,125,2648,2344,109,174,116613,62,,No seleccionado,,Consultar
2,Licenciatura 2026,202,20205005,CIRUJANO DENTISTA,FES ZARAGOZA,Escolarizado,https://www.dgae.unam.mx/Licenciatura2026/resultados/2/20205005.html,125,2648,2344,109,174,116646,51,,No seleccionado,,Consultar
2,Licenciatura 2026,202,20205005,CIRUJANO DENTISTA,FES ZARAGOZA,Escolarizado,https://www.dgae.unam.mx/Licenciatura2026/resultados/2/20205005.html,125,2648,2344,109,174,116685,104,,No seleccionado,,Consultar
2,Licenciatura 2026,202,20205005,CIRUJANO DENTISTA,FES ZARAGOZA,Escolarizado,https://www.dgae.unam.mx/Licenciatura2026/resultados/2/20205005.html,125,2648,2344,109,174,116695,47,,No seleccionado,,Consultar
2,Licenciatura 2026,202,20205005,CIRUJANO DENTISTA,FES ZARAGOZA,Escolarizado,https://www.dgae.unam.mx/Licenciatura2026/resultados/2/20205005.html,125,2648,2344,109,174,116697,,N,No presentado,,Consultar
2,Licenciatura 2026,202,20205005,CIRUJANO DENTISTA,FES ZARAGOZA,Escolarizado,https://www.dgae.unam.mx/Licenciatura2026/resultados/2/20205005.html,125,2648,2344,109,174,116701,39,,No seleccionado,,Consultar
2,Licenciatura 2026,202,20205005,CIRUJANO DENTISTA,FES ZARAGOZA,Escolarizado,https://www.dgae.unam.mx/Licenciatura2026/resultados/2/20205005.html,125,2648,2344,109,174,116721,87,,No seleccionado,,Consultar
2,Licenciatura 2026,202,20205005,CIRUJANO DENTISTA,FES ZARAGOZA,Escolarizado,https://www.dgae.unam.mx/Licenciatura2026/resultados/2/20205005.html,125,2648,2344,109,174,116746,97,,No seleccionado,,Consultar
2,Licenciatura 2026,202,20205005,CIRUJANO DENTISTA,FES ZARAGOZA,Escolarizado,https://www.dgae.unam.mx/Licenciatura2026/resultados/2/20205005.html,125,2648,2344,109,174,116749,114,S,Seleccionado,Cita para entregar documentación.,Consultar
2,Licenciatura 2026,202,20205005,CIRUJANO DENTISTA,FES ZARAGOZA,Escolarizado,https://www.dgae.unam.mx/Licenciatura2026/resultados/2/20205005.html,125,2648,2344,109,174,116752,110,S,Seleccionado,Cita para entregar documentación.,Consultar
2,Licenciatura 2026,202,20205005,CIRUJANO DENTISTA,FES ZARAGOZA,Escolarizado,https://www.dgae.unam.mx/Licenciatura2026/resultados/2/20205005.html,125,2648,2344,109,174,116773,86,,No seleccionado,,Consultar
2,Licenciatura 2026,202,20205005,CIRUJANO DENTISTA,FES ZARAGOZA,Escolarizado,https://www.dgae.unam.mx/Licenciatura2026/resultados/2/20205005.html,125,2648,2344,109,174,116780,61,,No seleccionado,,Consultar
2,Licenciatura 2026,202,20205005,CIRUJANO DENTISTA,FES ZARAGOZA,Escolarizado,https://www.dgae.unam.mx/Licenciatura2026/resultados/2/20205005.html,125,2648,2344,109,174,116830,,N,No presentado,,Consultar
2,Licenciatura 2026,202,20205005,CIRUJANO DENTISTA,FES ZARAGOZA,Escolarizado,https://www.dgae.unam.mx/Licenciatura2026/resultados/2/20205005.html,125,2648,2344,109,174,116849,107,,No seleccionado,,Consultar
2,Licenciatura 2026,202,20205005,CIRUJANO DENTISTA,FES ZARAGOZA,Escolarizado,https://www.dgae.unam.mx/Licenciatura2026/resultados/2/20205005.html,125,2648,2344,109,174,116855,105,,No seleccionado,,Consultar
2,Licenciatura 2026,202,20205005,CIRUJANO DENTISTA,FES ZARAGOZA,Escolarizado,https://www.dgae.unam.mx/Licenciatura2026/resultados/2/20205005.html,125,2648,2344,109,174,116884,47,,No seleccionado,,Consultar
2,Licenciatura 2026,202,20205005,CIRUJANO DENTISTA,FES ZARAGOZA,Escolarizado,https://www.dgae.unam.mx/Licenciatura2026/resultados/2/20205005.html,125,2648,2344,109,174,116896,47,,No seleccionado,,Consultar
2,Licenciatura 2026,202,20205005,CIRUJANO DENTISTA,FES ZARAGOZA,Escolarizado,https://www.dgae.unam.mx/Licenciatura2026/resultados/2/20205005.html,125,2648,2344,109,174,116925,62,,No seleccionado,,Consultar
2,Licenciatura 2026,202,20205005,CIRUJANO DENTISTA,FES ZARAGOZA,Escolarizado,https://www.dgae.unam.mx/Licenciatura2026/resultados/2/20205005.html,125,2648,2344,109,174,116926,100,,No seleccionado,,Consultar
2,Licenciatura 2026,202,20205005,CIRUJANO DENTISTA,FES ZARAGOZA,Escolarizado,https://www.dgae.unam.mx/Licenciatura2026/resultados/2/20205005.html,125,2648,2344,109,174,116968,79,,No seleccionado,,Consultar
2,Licenciatura 2026,202,20205005,CIRUJANO DENTISTA,FES ZARAGOZA,Escolarizado,https://www.dgae.unam.mx/Licenciatura2026/resultados/2/20205005.html,125,2648,2344,109,174,117015,92,,No seleccionado,,Consultar
2,Licenciatura 2026,202,20205005,CIRUJANO DENTISTA,FES ZARAGOZA,Escolarizado,https://www.dgae.unam.mx/Licenciatura2026/resultados/2/20205005.html,125,2648,2344,109,174,117026,100,,No seleccionado,,Consultar
2,Licenciatura 2026,202,20205005,CIRUJANO DENTISTA,FES ZARAGOZA,Escolarizado,https://www.dgae.unam.mx/Licenciatura2026/resultados/2/20205005.html,125,2648,2344,109,174,117044,94,,No seleccionado,,Consultar
2,Licenciatura 2026,202,20205005,CIRUJANO DENTISTA,FES ZARAGOZA,Escolarizado,https://www.dgae.unam.mx/Licenciatura2026/resultados/2/20205005.html,125,2648,2344,109,174,117045,71,,No seleccionado,,Consultar
2,Licenciatura 2026,202,20205005,CIRUJANO DENTISTA,FES ZARAGOZA,Escolarizado,https://www.dgae.unam.mx/Licenciatura2026/resultados/2/20205005.html,125,2648,2344,109,174,117124,77,,No seleccionado,,Consultar
2,Licenciatura 2026,202,20205005,CIRUJANO DENTISTA,FES ZARAGOZA,Escolarizado,https://www.dgae.unam.mx/Licenciatura2026/resultados/2/20205005.html,125,2648,2344,109,174,117151,83,,No seleccionado,,Consultar
2,Licenciatura 2026,202,20205005,CIRUJANO DENTISTA,FES ZARAGOZA,Escolarizado,https://www.dgae.unam.mx/Licenciatura2026/resultados/2/20205005.html,125,2648,2344,109,174,117153,29,,No seleccionado,,Consultar
2,Licenciatura 2026,202,20205005,CIRUJANO DENTISTA,FES ZARAGOZA,Escolarizado,https://www.dgae.unam.mx/Licenciatura2026/resultados/2/20205005.html,125,2648,2344,109,174,117212,,N,No presentado,,Consultar
2,Licenciatura 2026,202,20205005,CIRUJANO DENTISTA,FES ZARAGOZA,Escolarizado,https://www.dgae.unam.mx/Licenciatura2026/resultados/2/20205005.html,125,2648,2344,109,174,117215,49,,No seleccionado,,Consultar
2,Licenciatura 2026,202,20205005,CIRUJANO DENTISTA,FES ZARAGOZA,Escolarizado,https://www.dgae.unam.mx/Licenciatura2026/resultados/2/20205005.html,125,2648,2344,109,174,117244,92,,No seleccionado,,Consultar
2,Licenciatura 2026,202,20205005,CIRUJANO DENTISTA,FES ZARAGOZA,Escolarizado,https://www.dgae.unam.mx/Licenciatura2026/resultados/2/20205005.html,125,2648,2344,109,174,117260,97,,No seleccionado,,Consultar
2,Licenciatura 2026,202,20205005,CIRUJANO DENTISTA,FES ZARAGOZA,Escolarizado,https://www.dgae.unam.mx/Licenciatura2026/resultados/2/20205005.html,125,2648,2344,109,174,117284,30,,No seleccionado,,Consultar
2,Licenciatura 2026,202,20205005,CIRUJANO DENTISTA,FES ZARAGOZA,Escolarizado,https://www.dgae.unam.mx/Licenciatura2026/resultados/2/20205005.html,125,2648,2344,109,174,117294,55,,No seleccionado,,Consultar
2,Licenciatura 2026,202,20205005,CIRUJANO DENTISTA,FES ZARAGOZA,Escolarizado,https://www.dgae.unam.mx/Licenciatura2026/resultados/2/20205005.html,125,2648,2344,109,174,117387,97,,No seleccionado,,Consultar
2,Licenciatura 2026,202,20205005,CIRUJANO DENTISTA,FES ZARAGOZA,Escolarizado,https://www.dgae.unam.mx/Licenciatura2026/resultados/2/20205005.html,125,2648,2344,109,174,117389,104,,No seleccionado,,Consultar
2,Licenciatura 2026,202,20205005,CIRUJANO DENTISTA,FES ZARAGOZA,Escolarizado,https://www.dgae.unam.mx/Licenciatura2026/resultados/2/20205005.html,125,2648,2344,109,174,117446,108,,No seleccionado,,Consultar
2,Licenciatura 2026,202,20205005,CIRUJANO DENTISTA,FES ZARAGOZA,Escolarizado,https://www.dgae.unam.mx/Licenciatura2026/resultados/2/20205005.html,125,2648,2344,109,174,117465,90,,No seleccionado,,Consultar
2,Licenciatura 2026,202,20205005,CIRUJANO DENTISTA,FES ZARAGOZA,Escolarizado,https://www.dgae.unam.mx/Licenciatura2026/resultados/2/20205005.html,125,2648,2344,109,174,117493,33,,No seleccionado,,Consultar
2,Licenciatura 2026,202,20205005,CIRUJANO DENTISTA,FES ZARAGOZA,Escolarizado,https://www.dgae.unam.mx/Licenciatura2026/resultados/2/20205005.html,125,2648,2344,109,174,117537,,N,No presentado,,Consultar
2,Licenciatura 2026,202,20205005,CIRUJANO DENTISTA,FES ZARAGOZA,Escolarizado,https://www.dgae.unam.mx/Licenciatura2026/resultados/2/20205005.html,125,2648,2344,109,174,117603,35,,No seleccionado,,Consultar
2,Licenciatura 2026,202,20205005,CIRUJANO DENTISTA,FES ZARAGOZA,Escolarizado,https://www.dgae.unam.mx/Licenciatura2026/resultados/2/20205005.html,125,2648,2344,109,174,117658,,N,No presentado,,Consultar
2,Licenciatura 2026,202,20205005,CIRUJANO DENTISTA,FES ZARAGOZA,Escolarizado,https://www.dgae.unam.mx/Licenciatura2026/resultados/2/20205005.html,125,2648,2344,109,174,117674,92,,No seleccionado,,Consultar
2,Licenciatura 2026,202,20205005,CIRUJANO DENTISTA,FES ZARAGOZA,Escolarizado,https://www.dgae.unam.mx/Licenciatura2026/resultados/2/20205005.html,125,2648,2344,109,174,117711,41,,No seleccionado,,Consultar
2,Licenciatura 2026,202,20205005,CIRUJANO DENTISTA,FES ZARAGOZA,Escolarizado,https://www.dgae.unam.mx/Licenciatura2026/resultados/2/20205005.html,125,2648,2344,109,174,117732,78,,No seleccionado,,Consultar
2,Licenciatura 2026,202,20205005,CIRUJANO DENTISTA,FES ZARAGOZA,Escolarizado,https://www.dgae.unam.mx/Licenciatura2026/resultados/2/20205005.html,125,2648,2344,109,174,117768,108,,No seleccionado,,Consultar
2,Licenciatura 2026,202,20205005,CIRUJANO DENTISTA,FES ZARAGOZA,Escolarizado,https://www.dgae.unam.mx/Licenciatura2026/resultados/2/20205005.html,125,2648,2344,109,174,117808,89,,No seleccionado,,Consultar
2,Licenciatura 2026,202,20205005,CIRUJANO DENTISTA,FES ZARAGOZA,Escolarizado,https://www.dgae.unam.mx/Licenciatura2026/resultados/2/20205005.html,125,2648,2344,109,174,117854,,N,No presentado,,Consultar
2,Licenciatura 2026,202,20205005,CIRUJANO DENTISTA,FES ZARAGOZA,Escolarizado,https://www.dgae.unam.mx/Licenciatura2026/resultados/2/20205005.html,125,2648,2344,109,174,117868,105,,No seleccionado,,Consultar
2,Licenciatura 2026,202,20205005,CIRUJANO DENTISTA,FES ZARAGOZA,Escolarizado,https://www.dgae.unam.mx/Licenciatura2026/resultados/2/20205005.html,125,2648,2344,109,174,117899,49,,No seleccionado,,Consultar
2,Licenciatura 2026,202,20205005,CIRUJANO DENTISTA,FES ZARAGOZA,Escolarizado,https://www.dgae.unam.mx/Licenciatura2026/resultados/2/20205005.html,125,2648,2344,109,174,117994,109,S,Seleccionado,Cita para entregar documentación.,Consultar
2,Licenciatura 2026,202,20205005,CIRUJANO DENTISTA,FES ZARAGOZA,Escolarizado,https://www.dgae.unam.mx/Licenciatura2026/resultados/2/20205005.html,125,2648,2344,109,174,118017,89,,No seleccionado,,Consultar
2,Licenciatura 2026,202,20205005,CIRUJANO DENTISTA,FES ZARAGOZA,Escolarizado,https://www.dgae.unam.mx/Licenciatura2026/resultados/2/20205005.html,125,2648,2344,109,174,118031,101,,No seleccionado,,Consultar
2,Licenciatura 2026,202,20205005,CIRUJANO DENTISTA,FES ZARAGOZA,Escolarizado,https://www.dgae.unam.mx/Licenciatura2026/resultados/2/20205005.html,125,2648,2344,109,174,118039,103,,No seleccionado,,Consultar
2,Licenciatura 2026,202,20205005,CIRUJANO DENTISTA,FES ZARAGOZA,Escolarizado,https://www.dgae.unam.mx/Licenciatura2026/resultados/2/20205005.html,125,2648,2344,109,174,118040,68,,No seleccionado,,Consultar
2,Licenciatura 2026,202,20205005,CIRUJANO DENTISTA,FES ZARAGOZA,Escolarizado,https://www.dgae.unam.mx/Licenciatura2026/resultados/2/20205005.html,125,2648,2344,109,174,118096,110,S,Seleccionado,Cita para entregar documentación.,Consultar
2,Licenciatura 2026,202,20205005,CIRUJANO DENTISTA,FES ZARAGOZA,Escolarizado,https://www.dgae.unam.mx/Licenciatura2026/resultados/2/20205005.html,125,2648,2344,109,174,118097,78,,No seleccionado,,Consultar
2,Licenciatura 2026,202,20205005,CIRUJANO DENTISTA,FES ZARAGOZA,Escolarizado,https://www.dgae.unam.mx/Licenciatura2026/resultados/2/20205005.html,125,2648,2344,109,174,118126,34,,No seleccionado,,Consultar
2,Licenciatura 2026,202,20205005,CIRUJANO DENTISTA,FES ZARAGOZA,Escolarizado,https://www.dgae.unam.mx/Licenciatura2026/resultados/2/20205005.html,125,2648,2344,109,174,118142,29,,No seleccionado,,Consultar
2,Licenciatura 2026,202,20205005,CIRUJANO DENTISTA,FES ZARAGOZA,Escolarizado,https://www.dgae.unam.mx/Licenciatura2026/resultados/2/20205005.html,125,2648,2344,109,174,118193,,N,No presentado,,Consultar
2,Licenciatura 2026,202,20205005,CIRUJANO DENTISTA,FES ZARAGOZA,Escolarizado,https://www.dgae.unam.mx/Licenciatura2026/resultados/2/20205005.html,125,2648,2344,109,174,118238,88,,No seleccionado,,Consultar
2,Licenciatura 2026,202,20205005,CIRUJANO DENTISTA,FES ZARAGOZA,Escolarizado,https://www.dgae.unam.mx/Licenciatura2026/resultados/2/20205005.html,125,2648,2344,109,174,118239,110,S,Seleccionado,Cita para entregar documentación.,Consultar
2,Licenciatura 2026,202,20205005,CIRUJANO DENTISTA,FES ZARAGOZA,Escolarizado,https://www.dgae.unam.mx/Licenciatura2026/resultados/2/20205005.html,125,2648,2344,109,174,118246,38,,No seleccionado,,Consultar
2,Licenciatura 2026,202,20205005,CIRUJANO DENTISTA,FES ZARAGOZA,Escolarizado,https://www.dgae.unam.mx/Licenciatura2026/resultados/2/20205005.html,125,2648,2344,109,174,118274,108,,No seleccionado,,Consultar
2,Licenciatura 2026,202,20205005,CIRUJANO DENTISTA,FES ZARAGOZA,Escolarizado,https://www.dgae.unam.mx/Licenciatura2026/resultados/2/20205005.html,125,2648,2344,109,174,118280,97,,No seleccionado,,Consultar
2,Licenciatura 2026,202,20205005,CIRUJANO DENTISTA,FES ZARAGOZA,Escolarizado,https://www.dgae.unam.mx/Licenciatura2026/resultados/2/20205005.html,125,2648,2344,109,174,118282,102,,No seleccionado,,Consultar
2,Licenciatura 2026,202,20205005,CIRUJANO DENTISTA,FES ZARAGOZA,Escolarizado,https://www.dgae.unam.mx/Licenciatura2026/resultados/2/20205005.html,125,2648,2344,109,174,118295,97,,No seleccionado,,Consultar
2,Licenciatura 2026,202,20205005,CIRUJANO DENTISTA,FES ZARAGOZA,Escolarizado,https://www.dgae.unam.mx/Licenciatura2026/resultados/2/20205005.html,125,2648,2344,109,174,118302,,C,Cancelado,,Consultar
2,Licenciatura 2026,202,20205005,CIRUJANO DENTISTA,FES ZARAGOZA,Escolarizado,https://www.dgae.unam.mx/Licenciatura2026/resultados/2/20205005.html,125,2648,2344,109,174,118349,73,,No seleccionado,,Consultar
2,Licenciatura 2026,202,20205005,CIRUJANO DENTISTA,FES ZARAGOZA,Escolarizado,https://www.dgae.unam.mx/Licenciatura2026/resultados/2/20205005.html,125,2648,2344,109,174,118352,43,,No seleccionado,,Consultar
2,Licenciatura 2026,202,20205005,CIRUJANO DENTISTA,FES ZARAGOZA,Escolarizado,https://www.dgae.unam.mx/Licenciatura2026/resultados/2/20205005.html,125,2648,2344,109,174,118398,99,,No seleccionado,,Consultar
2,Licenciatura 2026,202,20205005,CIRUJANO DENTISTA,FES ZARAGOZA,Escolarizado,https://www.dgae.unam.mx/Licenciatura2026/resultados/2/20205005.html,125,2648,2344,109,174,118430,72,,No seleccionado,,Consultar
2,Licenciatura 2026,202,20205005,CIRUJANO DENTISTA,FES ZARAGOZA,Escolarizado,https://www.dgae.unam.mx/Licenciatura2026/resultados/2/20205005.html,125,2648,2344,109,174,118435,,N,No presentado,,Consultar
2,Licenciatura 2026,202,20205005,CIRUJANO DENTISTA,FES ZARAGOZA,Escolarizado,https://www.dgae.unam.mx/Licenciatura2026/resultados/2/20205005.html,125,2648,2344,109,174,118490,,C,Cancelado,,Consultar
2,Licenciatura 2026,202,20205005,CIRUJANO DENTISTA,FES ZARAGOZA,Escolarizado,https://www.dgae.unam.mx/Licenciatura2026/resultados/2/20205005.html,125,2648,2344,109,174,118519,100,,No seleccionado,,Consultar
2,Licenciatura 2026,202,20205005,CIRUJANO DENTISTA,FES ZARAGOZA,Escolarizado,https://www.dgae.unam.mx/Licenciatura2026/resultados/2/20205005.html,125,2648,2344,109,174,118563,51,,No seleccionado,,Consultar
2,Licenciatura 2026,202,20205005,CIRUJANO DENTISTA,FES ZARAGOZA,Escolarizado,https://www.dgae.unam.mx/Licenciatura2026/resultados/2/20205005.html,125,2648,2344,109,174,118597,29,,No seleccionado,,Consultar
2,Licenciatura 2026,202,20205005,CIRUJANO DENTISTA,FES ZARAGOZA,Escolarizado,https://www.dgae.unam.mx/Licenciatura2026/resultados/2/20205005.html,125,2648,2344,109,174,118616,104,,No seleccionado,,Consultar
2,Licenciatura 2026,202,20205005,CIRUJANO DENTISTA,FES ZARAGOZA,Escolarizado,https://www.dgae.unam.mx/Licenciatura2026/resultados/2/20205005.html,125,2648,2344,109,174,118633,99,,No seleccionado,,Consultar
2,Licenciatura 2026,202,20205005,CIRUJANO DENTISTA,FES ZARAGOZA,Escolarizado,https://www.dgae.unam.mx/Licenciatura2026/resultados/2/20205005.html,125,2648,2344,109,174,118649,108,,No seleccionado,,Consultar
2,Licenciatura 2026,202,20205005,CIRUJANO DENTISTA,FES ZARAGOZA,Escolarizado,https://www.dgae.unam.mx/Licenciatura2026/resultados/2/20205005.html,125,2648,2344,109,174,118687,71,,No seleccionado,,Consultar
2,Licenciatura 2026,202,20205005,CIRUJANO DENTISTA,FES ZARAGOZA,Escolarizado,https://www.dgae.unam.mx/Licenciatura2026/resultados/2/20205005.html,125,2648,2344,109,174,118703,46,,No seleccionado,,Consultar
2,Licenciatura 2026,202,20205005,CIRUJANO DENTISTA,FES ZARAGOZA,Escolarizado,https://www.dgae.unam.mx/Licenciatura2026/resultados/2/20205005.html,125,2648,2344,109,174,118721,62,,No seleccionado,,Consultar
2,Licenciatura 2026,202,20205005,CIRUJANO DENTISTA,FES ZARAGOZA,Escolarizado,https://www.dgae.unam.mx/Licenciatura2026/resultados/2/20205005.html,125,2648,2344,109,174,118748,52,,No seleccionado,,Consultar
2,Licenciatura 2026,202,20205005,CIRUJANO DENTISTA,FES ZARAGOZA,Escolarizado,https://www.dgae.unam.mx/Licenciatura2026/resultados/2/20205005.html,125,2648,2344,109,174,118756,73,,No seleccionado,,Consultar
2,Licenciatura 2026,202,20205005,CIRUJANO DENTISTA,FES ZARAGOZA,Escolarizado,https://www.dgae.unam.mx/Licenciatura2026/resultados/2/20205005.html,125,2648,2344,109,174,118765,50,,No seleccionado,,Consultar
2,Licenciatura 2026,202,20205005,CIRUJANO DENTISTA,FES ZARAGOZA,Escolarizado,https://www.dgae.unam.mx/Licenciatura2026/resultados/2/20205005.html,125,2648,2344,109,174,118777,46,,No seleccionado,,Consultar
2,Licenciatura 2026,202,20205005,CIRUJANO DENTISTA,FES ZARAGOZA,Escolarizado,https://www.dgae.unam.mx/Licenciatura2026/resultados/2/20205005.html,125,2648,2344,109,174,118803,101,,No seleccionado,,Consultar
2,Licenciatura 2026,202,20205005,CIRUJANO DENTISTA,FES ZARAGOZA,Escolarizado,https://www.dgae.unam.mx/Licenciatura2026/resultados/2/20205005.html,125,2648,2344,109,174,118879,67,,No seleccionado,,Consultar
2,Licenciatura 2026,202,20205005,CIRUJANO DENTISTA,FES ZARAGOZA,Escolarizado,https://www.dgae.unam.mx/Licenciatura2026/resultados/2/20205005.html,125,2648,2344,109,174,118884,,N,No presentado,,Consultar
2,Licenciatura 2026,202,20205005,CIRUJANO DENTISTA,FES ZARAGOZA,Escolarizado,https://www.dgae.unam.mx/Licenciatura2026/resultados/2/20205005.html,125,2648,2344,109,174,118889,82,,No seleccionado,,Consultar
2,Licenciatura 2026,202,20205005,CIRUJANO DENTISTA,FES ZARAGOZA,Escolarizado,https://www.dgae.unam.mx/Licenciatura2026/resultados/2/20205005.html,125,2648,2344,109,174,118898,86,,No seleccionado,,Consultar
2,Licenciatura 2026,202,20205005,CIRUJANO DENTISTA,FES ZARAGOZA,Escolarizado,https://www.dgae.unam.mx/Licenciatura2026/resultados/2/20205005.html,125,2648,2344,109,174,118911,116,S,Seleccionado,Cita para entregar documentación.,Consultar
2,Licenciatura 2026,202,20205005,CIRUJANO DENTISTA,FES ZARAGOZA,Escolarizado,https://www.dgae.unam.mx/Licenciatura2026/resultados/2/20205005.html,125,2648,2344,109,174,118927,88,,No seleccionado,,Consultar
2,Licenciatura 2026,202,20205005,CIRUJANO DENTISTA,FES ZARAGOZA,Escolarizado,https://www.dgae.unam.mx/Licenciatura2026/resultados/2/20205005.html,125,2648,2344,109,174,118928,83,,No seleccionado,,Consultar
2,Licenciatura 2026,202,20205005,CIRUJANO DENTISTA,FES ZARAGOZA,Escolarizado,https://www.dgae.unam.mx/Licenciatura2026/resultados/2/20205005.html,125,2648,2344,109,174,118939,94,,No seleccionado,,Consultar
2,Licenciatura 2026,202,20205005,CIRUJANO DENTISTA,FES ZARAGOZA,Escolarizado,https://www.dgae.unam.mx/Licenciatura2026/resultados/2/20205005.html,125,2648,2344,109,174,118951,65,,No seleccionado,,Consultar
2,Licenciatura 2026,202,20205005,CIRUJANO DENTISTA,FES ZARAGOZA,Escolarizado,https://www.dgae.unam.mx/Licenciatura2026/resultados/2/20205005.html,125,2648,2344,109,174,118979,44,,No seleccionado,,Consultar
2,Licenciatura 2026,202,20205005,CIRUJANO DENTISTA,FES ZARAGOZA,Escolarizado,https://www.dgae.unam.mx/Licenciatura2026/resultados/2/20205005.html,125,2648,2344,109,174,119078,96,,No seleccionado,,Consultar
2,Licenciatura 2026,202,20205005,CIRUJANO DENTISTA,FES ZARAGOZA,Escolarizado,https://www.dgae.unam.mx/Licenciatura2026/resultados/2/20205005.html,125,2648,2344,109,174,119104,72,,No seleccionado,,Consultar
2,Licenciatura 2026,202,20205005,CIRUJANO DENTISTA,FES ZARAGOZA,Escolarizado,https://www.dgae.unam.mx/Licenciatura2026/resultados/2/20205005.html,125,2648,2344,109,174,119114,81,,No seleccionado,,Consultar
2,Licenciatura 2026,202,20205005,CIRUJANO DENTISTA,FES ZARAGOZA,Escolarizado,https://www.dgae.unam.mx/Licenciatura2026/resultados/2/20205005.html,125,2648,2344,109,174,119182,86,,No seleccionado,,Consultar
2,Licenciatura 2026,202,20205005,CIRUJANO DENTISTA,FES ZARAGOZA,Escolarizado,https://www.dgae.unam.mx/Licenciatura2026/resultados/2/20205005.html,125,2648,2344,109,174,119187,92,,No seleccionado,,Consultar
2,Licenciatura 2026,202,20205005,CIRUJANO DENTISTA,FES ZARAGOZA,Escolarizado,https://www.dgae.unam.mx/Licenciatura2026/resultados/2/20205005.html,125,2648,2344,109,174,119231,35,,No seleccionado,,Consultar
2,Licenciatura 2026,202,20205005,CIRUJANO DENTISTA,FES ZARAGOZA,Escolarizado,https://www.dgae.unam.mx/Licenciatura2026/resultados/2/20205005.html,125,2648,2344,109,174,119258,28,,No seleccionado,,Consultar
2,Licenciatura 2026,202,20205005,CIRUJANO DENTISTA,FES ZARAGOZA,Escolarizado,https://www.dgae.unam.mx/Licenciatura2026/resultados/2/20205005.html,125,2648,2344,109,174,119272,29,,No seleccionado,,Consultar
2,Licenciatura 2026,202,20205005,CIRUJANO DENTISTA,FES ZARAGOZA,Escolarizado,https://www.dgae.unam.mx/Licenciatura2026/resultados/2/20205005.html,125,2648,2344,109,174,119279,,N,No presentado,,Consultar
2,Licenciatura 2026,202,20205005,CIRUJANO DENTISTA,FES ZARAGOZA,Escolarizado,https://www.dgae.unam.mx/Licenciatura2026/resultados/2/20205005.html,125,2648,2344,109,174,119321,113,S,Seleccionado,,Consultar
2,Licenciatura 2026,202,20205005,CIRUJANO DENTISTA,FES ZARAGOZA,Escolarizado,https://www.dgae.unam.mx/Licenciatura2026/resultados/2/20205005.html,125,2648,2344,109,174,119327,60,,No seleccionado,,Consultar
2,Licenciatura 2026,202,20205005,CIRUJANO DENTISTA,FES ZARAGOZA,Escolarizado,https://www.dgae.unam.mx/Licenciatura2026/resultados/2/20205005.html,125,2648,2344,109,174,119349,27,,No seleccionado,,Consultar
2,Licenciatura 2026,202,20205005,CIRUJANO DENTISTA,FES ZARAGOZA,Escolarizado,https://www.dgae.unam.mx/Licenciatura2026/resultados/2/20205005.html,125,2648,2344,109,174,119359,46,,No seleccionado,,Consultar
2,Licenciatura 2026,202,20205005,CIRUJANO DENTISTA,FES ZARAGOZA,Escolarizado,https://www.dgae.unam.mx/Licenciatura2026/resultados/2/20205005.html,125,2648,2344,109,174,119367,95,,No seleccionado,,Consultar
2,Licenciatura 2026,202,20205005,CIRUJANO DENTISTA,FES ZARAGOZA,Escolarizado,https://www.dgae.unam.mx/Licenciatura2026/resultados/2/20205005.html,125,2648,2344,109,174,119375,41,,No seleccionado,,Consultar
2,Licenciatura 2026,202,20205005,CIRUJANO DENTISTA,FES ZARAGOZA,Escolarizado,https://www.dgae.unam.mx/Licenciatura2026/resultados/2/20205005.html,125,2648,2344,109,174,119377,86,,No seleccionado,,Consultar
2,Licenciatura 2026,202,20205005,CIRUJANO DENTISTA,FES ZARAGOZA,Escolarizado,https://www.dgae.unam.mx/Licenciatura2026/resultados/2/20205005.html,125,2648,2344,109,174,119419,104,,No seleccionado,,Consultar
2,Licenciatura 2026,202,20205005,CIRUJANO DENTISTA,FES ZARAGOZA,Escolarizado,https://www.dgae.unam.mx/Licenciatura2026/resultados/2/20205005.html,125,2648,2344,109,174,119422,43,,No seleccionado,,Consultar
2,Licenciatura 2026,202,20205005,CIRUJANO DENTISTA,FES ZARAGOZA,Escolarizado,https://www.dgae.unam.mx/Licenciatura2026/resultados/2/20205005.html,125,2648,2344,109,174,119430,92,,No seleccionado,,Consultar
2,Licenciatura 2026,202,20205005,CIRUJANO DENTISTA,FES ZARAGOZA,Escolarizado,https://www.dgae.unam.mx/Licenciatura2026/resultados/2/20205005.html,125,2648,2344,109,174,119499,101,,No seleccionado,,Consultar
2,Licenciatura 2026,202,20205005,CIRUJANO DENTISTA,FES ZARAGOZA,Escolarizado,https://www.dgae.unam.mx/Licenciatura2026/resultados/2/20205005.html,125,2648,2344,109,174,119516,,N,No presentado,,Consultar
2,Licenciatura 2026,202,20205005,CIRUJANO DENTISTA,FES ZARAGOZA,Escolarizado,https://www.dgae.unam.mx/Licenciatura2026/resultados/2/20205005.html,125,2648,2344,109,174,119547,109,S,Seleccionado,Cita para entregar documentación.,Consultar
2,Licenciatura 2026,202,20205005,CIRUJANO DENTISTA,FES ZARAGOZA,Escolarizado,https://www.dgae.unam.mx/Licenciatura2026/resultados/2/20205005.html,125,2648,2344,109,174,119554,90,,No seleccionado,,Consultar
2,Licenciatura 2026,202,20205005,CIRUJANO DENTISTA,FES ZARAGOZA,Escolarizado,https://www.dgae.unam.mx/Licenciatura2026/resultados/2/20205005.html,125,2648,2344,109,174,119564,49,,No seleccionado,,Consultar
2,Licenciatura 2026,202,20205005,CIRUJANO DENTISTA,FES ZARAGOZA,Escolarizado,https://www.dgae.unam.mx/Licenciatura2026/resultados/2/20205005.html,125,2648,2344,109,174,119567,79,,No seleccionado,,Consultar
2,Licenciatura 2026,202,20205005,CIRUJANO DENTISTA,FES ZARAGOZA,Escolarizado,https://www.dgae.unam.mx/Licenciatura2026/resultados/2/20205005.html,125,2648,2344,109,174,119584,101,,No seleccionado,,Consultar
2,Licenciatura 2026,202,20205005,CIRUJANO DENTISTA,FES ZARAGOZA,Escolarizado,https://www.dgae.unam.mx/Licenciatura2026/resultados/2/20205005.html,125,2648,2344,109,174,119590,64,,No seleccionado,,Consultar
2,Licenciatura 2026,202,20205005,CIRUJANO DENTISTA,FES ZARAGOZA,Escolarizado,https://www.dgae.unam.mx/Licenciatura2026/resultados/2/20205005.html,125,2648,2344,109,174,119593,,N,No presentado,,Consultar
2,Licenciatura 2026,202,20205005,CIRUJANO DENTISTA,FES ZARAGOZA,Escolarizado,https://www.dgae.unam.mx/Licenciatura2026/resultados/2/20205005.html,125,2648,2344,109,174,119613,43,,No seleccionado,,Consultar
2,Licenciatura 2026,202,20205005,CIRUJANO DENTISTA,FES ZARAGOZA,Escolarizado,https://www.dgae.unam.mx/Licenciatura2026/resultados/2/20205005.html,125,2648,2344,109,174,119737,48,,No seleccionado,,Consultar
2,Licenciatura 2026,202,20205005,CIRUJANO DENTISTA,FES ZARAGOZA,Escolarizado,https://www.dgae.unam.mx/Licenciatura2026/resultados/2/20205005.html,125,2648,2344,109,174,119739,95,,No seleccionado,,Consultar
2,Licenciatura 2026,202,20205005,CIRUJANO DENTISTA,FES ZARAGOZA,Escolarizado,https://www.dgae.unam.mx/Licenciatura2026/resultados/2/20205005.html,125,2648,2344,109,174,119748,86,,No seleccionado,,Consultar
2,Licenciatura 2026,202,20205005,CIRUJANO DENTISTA,FES ZARAGOZA,Escolarizado,https://www.dgae.unam.mx/Licenciatura2026/resultados/2/20205005.html,125,2648,2344,109,174,119753,,C,Cancelado,,Consultar
2,Licenciatura 2026,202,20205005,CIRUJANO DENTISTA,FES ZARAGOZA,Escolarizado,https://www.dgae.unam.mx/Licenciatura2026/resultados/2/20205005.html,125,2648,2344,109,174,119769,104,,No seleccionado,,Consultar
2,Licenciatura 2026,202,20205005,CIRUJANO DENTISTA,FES ZARAGOZA,Escolarizado,https://www.dgae.unam.mx/Licenciatura2026/resultados/2/20205005.html,125,2648,2344,109,174,119876,35,,No seleccionado,,Consultar
2,Licenciatura 2026,202,20205005,CIRUJANO DENTISTA,FES ZARAGOZA,Escolarizado,https://www.dgae.unam.mx/Licenciatura2026/resultados/2/20205005.html,125,2648,2344,109,174,119950,48,,No seleccionado,,Consultar
2,Licenciatura 2026,202,20205005,CIRUJANO DENTISTA,FES ZARAGOZA,Escolarizado,https://www.dgae.unam.mx/Licenciatura2026/resultados/2/20205005.html,125,2648,2344,109,174,119964,51,,No seleccionado,,Consultar
2,Licenciatura 2026,202,20205005,CIRUJANO DENTISTA,FES ZARAGOZA,Escolarizado,https://www.dgae.unam.mx/Licenciatura2026/resultados/2/20205005.html,125,2648,2344,109,174,119973,109,S,Seleccionado,,Consultar
2,Licenciatura 2026,202,20205005,CIRUJANO DENTISTA,FES ZARAGOZA,Escolarizado,https://www.dgae.unam.mx/Licenciatura2026/resultados/2/20205005.html,125,2648,2344,109,174,119974,109,S,Seleccionado,Cita para entregar documentación.,Consultar
2,Licenciatura 2026,202,20205005,CIRUJANO DENTISTA,FES ZARAGOZA,Escolarizado,https://www.dgae.unam.mx/Licenciatura2026/resultados/2/20205005.html,125,2648,2344,109,174,119994,55,,No seleccionado,,Consultar
2,Licenciatura 2026,202,20205005,CIRUJANO DENTISTA,FES ZARAGOZA,Escolarizado,https://www.dgae.unam.mx/Licenciatura2026/resultados/2/20205005.html,125,2648,2344,109,174,120008,109,S,Seleccionado,Cita para entregar documentación.,Consultar
2,Licenciatura 2026,202,20205005,CIRUJANO DENTISTA,FES ZARAGOZA,Escolarizado,https://www.dgae.unam.mx/Licenciatura2026/resultados/2/20205005.html,125,2648,2344,109,174,120016,48,,No seleccionado,,Consultar
2,Licenciatura 2026,202,20205005,CIRUJANO DENTISTA,FES ZARAGOZA,Escolarizado,https://www.dgae.unam.mx/Licenciatura2026/resultados/2/20205005.html,125,2648,2344,109,174,120057,,N,No presentado,,Consultar
2,Licenciatura 2026,202,20205005,CIRUJANO DENTISTA,FES ZARAGOZA,Escolarizado,https://www.dgae.unam.mx/Licenciatura2026/resultados/2/20205005.html,125,2648,2344,109,174,120063,101,,No seleccionado,,Consultar
2,Licenciatura 2026,202,20205005,CIRUJANO DENTISTA,FES ZARAGOZA,Escolarizado,https://www.dgae.unam.mx/Licenciatura2026/resultados/2/20205005.html,125,2648,2344,109,174,120073,67,,No seleccionado,,Consultar
2,Licenciatura 2026,202,20205005,CIRUJANO DENTISTA,FES ZARAGOZA,Escolarizado,https://www.dgae.unam.mx/Licenciatura2026/resultados/2/20205005.html,125,2648,2344,109,174,120106,104,,No seleccionado,,Consultar
2,Licenciatura 2026,202,20205005,CIRUJANO DENTISTA,FES ZARAGOZA,Escolarizado,https://www.dgae.unam.mx/Licenciatura2026/resultados/2/20205005.html,125,2648,2344,109,174,120109,59,,No seleccionado,,Consultar
2,Licenciatura 2026,202,20205005,CIRUJANO DENTISTA,FES ZARAGOZA,Escolarizado,https://www.dgae.unam.mx/Licenciatura2026/resultados/2/20205005.html,125,2648,2344,109,174,120132,,N,No presentado,,Consultar
2,Licenciatura 2026,202,20205005,CIRUJANO DENTISTA,FES ZARAGOZA,Escolarizado,https://www.dgae.unam.mx/Licenciatura2026/resultados/2/20205005.html,125,2648,2344,109,174,120139,71,,No seleccionado,,Consultar
2,Licenciatura 2026,202,20205005,CIRUJANO DENTISTA,FES ZARAGOZA,Escolarizado,https://www.dgae.unam.mx/Licenciatura2026/resultados/2/20205005.html,125,2648,2344,109,174,120144,43,,No seleccionado,,Consultar
2,Licenciatura 2026,202,20205005,CIRUJANO DENTISTA,FES ZARAGOZA,Escolarizado,https://www.dgae.unam.mx/Licenciatura2026/resultados/2/20205005.html,125,2648,2344,109,174,120147,82,,No seleccionado,,Consultar
2,Licenciatura 2026,202,20205005,CIRUJANO DENTISTA,FES ZARAGOZA,Escolarizado,https://www.dgae.unam.mx/Licenciatura2026/resultados/2/20205005.html,125,2648,2344,109,174,120170,93,,No seleccionado,,Consultar
2,Licenciatura 2026,202,20205005,CIRUJANO DENTISTA,FES ZARAGOZA,Escolarizado,https://www.dgae.unam.mx/Licenciatura2026/resultados/2/20205005.html,125,2648,2344,109,174,120249,65,,No seleccionado,,Consultar
2,Licenciatura 2026,202,20205005,CIRUJANO DENTISTA,FES ZARAGOZA,Escolarizado,https://www.dgae.unam.mx/Licenciatura2026/resultados/2/20205005.html,125,2648,2344,109,174,120274,42,,No seleccionado,,Consultar
2,Licenciatura 2026,202,20205005,CIRUJANO DENTISTA,FES ZARAGOZA,Escolarizado,https://www.dgae.unam.mx/Licenciatura2026/resultados/2/20205005.html,125,2648,2344,109,174,120277,,N,No presentado,,Consultar
2,Licenciatura 2026,202,20205005,CIRUJANO DENTISTA,FES ZARAGOZA,Escolarizado,https://www.dgae.unam.mx/Licenciatura2026/resultados/2/20205005.html,125,2648,2344,109,174,120333,52,,No seleccionado,,Consultar
2,Licenciatura 2026,202,20205005,CIRUJANO DENTISTA,FES ZARAGOZA,Escolarizado,https://www.dgae.unam.mx/Licenciatura2026/resultados/2/20205005.html,125,2648,2344,109,174,120344,102,,No seleccionado,,Consultar
2,Licenciatura 2026,202,20205005,CIRUJANO DENTISTA,FES ZARAGOZA,Escolarizado,https://www.dgae.unam.mx/Licenciatura2026/resultados/2/20205005.html,125,2648,2344,109,174,120418,33,,No seleccionado,,Consultar
2,Licenciatura 2026,202,20205005,CIRUJANO DENTISTA,FES ZARAGOZA,Escolarizado,https://www.dgae.unam.mx/Licenciatura2026/resultados/2/20205005.html,125,2648,2344,109,174,120422,97,,No seleccionado,,Consultar
2,Licenciatura 2026,202,20205005,CIRUJANO DENTISTA,FES ZARAGOZA,Escolarizado,https://www.dgae.unam.mx/Licenciatura2026/resultados/2/20205005.html,125,2648,2344,109,174,120506,30,,No seleccionado,,Consultar
2,Licenciatura 2026,202,20205005,CIRUJANO DENTISTA,FES ZARAGOZA,Escolarizado,https://www.dgae.unam.mx/Licenciatura2026/resultados/2/20205005.html,125,2648,2344,109,174,120526,106,,No seleccionado,,Consultar
2,Licenciatura 2026,202,20205005,CIRUJANO DENTISTA,FES ZARAGOZA,Escolarizado,https://www.dgae.unam.mx/Licenciatura2026/resultados/2/20205005.html,125,2648,2344,109,174,120533,97,,No seleccionado,,Consultar
2,Licenciatura 2026,202,20205005,CIRUJANO DENTISTA,FES ZARAGOZA,Escolarizado,https://www.dgae.unam.mx/Licenciatura2026/resultados/2/20205005.html,125,2648,2344,109,174,120563,94,,No seleccionado,,Consultar
2,Licenciatura 2026,202,20205005,CIRUJANO DENTISTA,FES ZARAGOZA,Escolarizado,https://www.dgae.unam.mx/Licenciatura2026/resultados/2/20205005.html,125,2648,2344,109,174,120576,0,,No seleccionado,,Consultar
2,Licenciatura 2026,202,20205005,CIRUJANO DENTISTA,FES ZARAGOZA,Escolarizado,https://www.dgae.unam.mx/Licenciatura2026/resultados/2/20205005.html,125,2648,2344,109,174,120577,73,,No seleccionado,,Consultar
2,Licenciatura 2026,202,20205005,CIRUJANO DENTISTA,FES ZARAGOZA,Escolarizado,https://www.dgae.unam.mx/Licenciatura2026/resultados/2/20205005.html,125,2648,2344,109,174,120609,98,,No seleccionado,,Consultar
2,Licenciatura 2026,202,20205005,CIRUJANO DENTISTA,FES ZARAGOZA,Escolarizado,https://www.dgae.unam.mx/Licenciatura2026/resultados/2/20205005.html,125,2648,2344,109,174,120622,42,,No seleccionado,,Consultar
2,Licenciatura 2026,202,20205005,CIRUJANO DENTISTA,FES ZARAGOZA,Escolarizado,https://www.dgae.unam.mx/Licenciatura2026/resultados/2/20205005.html,125,2648,2344,109,174,120659,112,S,Seleccionado,Cita para entregar documentación.,Consultar
2,Licenciatura 2026,202,20205005,CIRUJANO DENTISTA,FES ZARAGOZA,Escolarizado,https://www.dgae.unam.mx/Licenciatura2026/resultados/2/20205005.html,125,2648,2344,109,174,120702,116,S,Seleccionado,Cita para entregar documentación.,Consultar
2,Licenciatura 2026,202,20205005,CIRUJANO DENTISTA,FES ZARAGOZA,Escolarizado,https://www.dgae.unam.mx/Licenciatura2026/resultados/2/20205005.html,125,2648,2344,109,174,120706,55,,No seleccionado,,Consultar
2,Licenciatura 2026,202,20205005,CIRUJANO DENTISTA,FES ZARAGOZA,Escolarizado,https://www.dgae.unam.mx/Licenciatura2026/resultados/2/20205005.html,125,2648,2344,109,174,120748,,N,No presentado,,Consultar
2,Licenciatura 2026,202,20205005,CIRUJANO DENTISTA,FES ZARAGOZA,Escolarizado,https://www.dgae.unam.mx/Licenciatura2026/resultados/2/20205005.html,125,2648,2344,109,174,120794,49,,No seleccionado,,Consultar
2,Licenciatura 2026,202,20205005,CIRUJANO DENTISTA,FES ZARAGOZA,Escolarizado,https://www.dgae.unam.mx/Licenciatura2026/resultados/2/20205005.html,125,2648,2344,109,174,120817,,N,No presentado,,Consultar
2,Licenciatura 2026,202,20205005,CIRUJANO DENTISTA,FES ZARAGOZA,Escolarizado,https://www.dgae.unam.mx/Licenciatura2026/resultados/2/20205005.html,125,2648,2344,109,174,120832,100,,No seleccionado,,Consultar
2,Licenciatura 2026,202,20205005,CIRUJANO DENTISTA,FES ZARAGOZA,Escolarizado,https://www.dgae.unam.mx/Licenciatura2026/resultados/2/20205005.html,125,2648,2344,109,174,120836,88,,No seleccionado,,Consultar
2,Licenciatura 2026,202,20205005,CIRUJANO DENTISTA,FES ZARAGOZA,Escolarizado,https://www.dgae.unam.mx/Licenciatura2026/resultados/2/20205005.html,125,2648,2344,109,174,120884,,N,No presentado,,Consultar
2,Licenciatura 2026,202,20205005,CIRUJANO DENTISTA,FES ZARAGOZA,Escolarizado,https://www.dgae.unam.mx/Licenciatura2026/resultados/2/20205005.html,125,2648,2344,109,174,120930,95,,No seleccionado,,Consultar
2,Licenciatura 2026,202,20205005,CIRUJANO DENTISTA,FES ZARAGOZA,Escolarizado,https://www.dgae.unam.mx/Licenciatura2026/resultados/2/20205005.html,125,2648,2344,109,174,120977,46,,No seleccionado,,Consultar
2,Licenciatura 2026,202,20205005,CIRUJANO DENTISTA,FES ZARAGOZA,Escolarizado,https://www.dgae.unam.mx/Licenciatura2026/resultados/2/20205005.html,125,2648,2344,109,174,121034,,N,No presentado,,Consultar
2,Licenciatura 2026,202,20205005,CIRUJANO DENTISTA,FES ZARAGOZA,Escolarizado,https://www.dgae.unam.mx/Licenciatura2026/resultados/2/20205005.html,125,2648,2344,109,174,121037,85,,No seleccionado,,Consultar
2,Licenciatura 2026,202,20205005,CIRUJANO DENTISTA,FES ZARAGOZA,Escolarizado,https://www.dgae.unam.mx/Licenciatura2026/resultados/2/20205005.html,125,2648,2344,109,174,121040,,N,No presentado,,Consultar
2,Licenciatura 2026,202,20205005,CIRUJANO DENTISTA,FES ZARAGOZA,Escolarizado,https://www.dgae.unam.mx/Licenciatura2026/resultados/2/20205005.html,125,2648,2344,109,174,121055,61,,No seleccionado,,Consultar
2,Licenciatura 2026,202,20205005,CIRUJANO DENTISTA,FES ZARAGOZA,Escolarizado,https://www.dgae.unam.mx/Licenciatura2026/resultados/2/20205005.html,125,2648,2344,109,174,121057,98,,No seleccionado,,Consultar
2,Licenciatura 2026,202,20205005,CIRUJANO DENTISTA,FES ZARAGOZA,Escolarizado,https://www.dgae.unam.mx/Licenciatura2026/resultados/2/20205005.html,125,2648,2344,109,174,121097,,N,No presentado,,Consultar
2,Licenciatura 2026,202,20205005,CIRUJANO DENTISTA,FES ZARAGOZA,Escolarizado,https://www.dgae.unam.mx/Licenciatura2026/resultados/2/20205005.html,125,2648,2344,109,174,121178,56,,No seleccionado,,Consultar
2,Licenciatura 2026,202,20205005,CIRUJANO DENTISTA,FES ZARAGOZA,Escolarizado,https://www.dgae.unam.mx/Licenciatura2026/resultados/2/20205005.html,125,2648,2344,109,174,121186,55,,No seleccionado,,Consultar
2,Licenciatura 2026,202,20205005,CIRUJANO DENTISTA,FES ZARAGOZA,Escolarizado,https://www.dgae.unam.mx/Licenciatura2026/resultados/2/20205005.html,125,2648,2344,109,174,121188,73,,No seleccionado,,Consultar
2,Licenciatura 2026,202,20205005,CIRUJANO DENTISTA,FES ZARAGOZA,Escolarizado,https://www.dgae.unam.mx/Licenciatura2026/resultados/2/20205005.html,125,2648,2344,109,174,121206,44,,No seleccionado,,Consultar
2,Licenciatura 2026,202,20205005,CIRUJANO DENTISTA,FES ZARAGOZA,Escolarizado,https://www.dgae.unam.mx/Licenciatura2026/resultados/2/20205005.html,125,2648,2344,109,174,121213,79,,No seleccionado,,Consultar
2,Licenciatura 2026,202,20205005,CIRUJANO DENTISTA,FES ZARAGOZA,Escolarizado,https://www.dgae.unam.mx/Licenciatura2026/resultados/2/20205005.html,125,2648,2344,109,174,121216,108,,No seleccionado,,Consultar
2,Licenciatura 2026,202,20205005,CIRUJANO DENTISTA,FES ZARAGOZA,Escolarizado,https://www.dgae.unam.mx/Licenciatura2026/resultados/2/20205005.html,125,2648,2344,109,174,121366,0,,No seleccionado,,Consultar
2,Licenciatura 2026,202,20205005,CIRUJANO DENTISTA,FES ZARAGOZA,Escolarizado,https://www.dgae.unam.mx/Licenciatura2026/resultados/2/20205005.html,125,2648,2344,109,174,121391,97,,No seleccionado,,Consultar
2,Licenciatura 2026,202,20205005,CIRUJANO DENTISTA,FES ZARAGOZA,Escolarizado,https://www.dgae.unam.mx/Licenciatura2026/resultados/2/20205005.html,125,2648,2344,109,174,121403,101,,No seleccionado,,Consultar
2,Licenciatura 2026,202,20205005,CIRUJANO DENTISTA,FES ZARAGOZA,Escolarizado,https://www.dgae.unam.mx/Licenciatura2026/resultados/2/20205005.html,125,2648,2344,109,174,121461,101,,No seleccionado,,Consultar
2,Licenciatura 2026,202,20205005,CIRUJANO DENTISTA,FES ZARAGOZA,Escolarizado,https://www.dgae.unam.mx/Licenciatura2026/resultados/2/20205005.html,125,2648,2344,109,174,121487,36,,No seleccionado,,Consultar
2,Licenciatura 2026,202,20205005,CIRUJANO DENTISTA,FES ZARAGOZA,Escolarizado,https://www.dgae.unam.mx/Licenciatura2026/resultados/2/20205005.html,125,2648,2344,109,174,121545,70,,No seleccionado,,Consultar
2,Licenciatura 2026,202,20205005,CIRUJANO DENTISTA,FES ZARAGOZA,Escolarizado,https://www.dgae.unam.mx/Licenciatura2026/resultados/2/20205005.html,125,2648,2344,109,174,121548,52,,No seleccionado,,Consultar
2,Licenciatura 2026,202,20205005,CIRUJANO DENTISTA,FES ZARAGOZA,Escolarizado,https://www.dgae.unam.mx/Licenciatura2026/resultados/2/20205005.html,125,2648,2344,109,174,121582,86,,No seleccionado,,Consultar
2,Licenciatura 2026,202,20205005,CIRUJANO DENTISTA,FES ZARAGOZA,Escolarizado,https://www.dgae.unam.mx/Licenciatura2026/resultados/2/20205005.html,125,2648,2344,109,174,121593,77,,No seleccionado,,Consultar
2,Licenciatura 2026,202,20205005,CIRUJANO DENTISTA,FES ZARAGOZA,Escolarizado,https://www.dgae.unam.mx/Licenciatura2026/resultados/2/20205005.html,125,2648,2344,109,174,121622,39,,No seleccionado,,Consultar
2,Licenciatura 2026,202,20205005,CIRUJANO DENTISTA,FES ZARAGOZA,Escolarizado,https://www.dgae.unam.mx/Licenciatura2026/resultados/2/20205005.html,125,2648,2344,109,174,121687,107,,No seleccionado,,Consultar
2,Licenciatura 2026,202,20205005,CIRUJANO DENTISTA,FES ZARAGOZA,Escolarizado,https://www.dgae.unam.mx/Licenciatura2026/resultados/2/20205005.html,125,2648,2344,109,174,121707,,N,No presentado,,Consultar
2,Licenciatura 2026,202,20205005,CIRUJANO DENTISTA,FES ZARAGOZA,Escolarizado,https://www.dgae.unam.mx/Licenciatura2026/resultados/2/20205005.html,125,2648,2344,109,174,121732,34,,No seleccionado,,Consultar
2,Licenciatura 2026,202,20205005,CIRUJANO DENTISTA,FES ZARAGOZA,Escolarizado,https://www.dgae.unam.mx/Licenciatura2026/resultados/2/20205005.html,125,2648,2344,109,174,121758,101,,No seleccionado,,Consultar
2,Licenciatura 2026,202,20205005,CIRUJANO DENTISTA,FES ZARAGOZA,Escolarizado,https://www.dgae.unam.mx/Licenciatura2026/resultados/2/20205005.html,125,2648,2344,109,174,121778,50,,No seleccionado,,Consultar
2,Licenciatura 2026,202,20205005,CIRUJANO DENTISTA,FES ZARAGOZA,Escolarizado,https://www.dgae.unam.mx/Licenciatura2026/resultados/2/20205005.html,125,2648,2344,109,174,121786,77,,No seleccionado,,Consultar
2,Licenciatura 2026,202,20205005,CIRUJANO DENTISTA,FES ZARAGOZA,Escolarizado,https://www.dgae.unam.mx/Licenciatura2026/resultados/2/20205005.html,125,2648,2344,109,174,121821,104,,No seleccionado,,Consultar
2,Licenciatura 2026,202,20205005,CIRUJANO DENTISTA,FES ZARAGOZA,Escolarizado,https://www.dgae.unam.mx/Licenciatura2026/resultados/2/20205005.html,125,2648,2344,109,174,121872,30,,No seleccionado,,Consultar
2,Licenciatura 2026,202,20205005,CIRUJANO DENTISTA,FES ZARAGOZA,Escolarizado,https://www.dgae.unam.mx/Licenciatura2026/resultados/2/20205005.html,125,2648,2344,109,174,121900,,N,No presentado,,Consultar
2,Licenciatura 2026,202,20205005,CIRUJANO DENTISTA,FES ZARAGOZA,Escolarizado,https://www.dgae.unam.mx/Licenciatura2026/resultados/2/20205005.html,125,2648,2344,109,174,121967,59,,No seleccionado,,Consultar
2,Licenciatura 2026,202,20205005,CIRUJANO DENTISTA,FES ZARAGOZA,Escolarizado,https://www.dgae.unam.mx/Licenciatura2026/resultados/2/20205005.html,125,2648,2344,109,174,121979,98,,No seleccionado,,Consultar
2,Licenciatura 2026,202,20205005,CIRUJANO DENTISTA,FES ZARAGOZA,Escolarizado,https://www.dgae.unam.mx/Licenciatura2026/resultados/2/20205005.html,125,2648,2344,109,174,122033,80,,No seleccionado,,Consultar
2,Licenciatura 2026,202,20205005,CIRUJANO DENTISTA,FES ZARAGOZA,Escolarizado,https://www.dgae.unam.mx/Licenciatura2026/resultados/2/20205005.html,125,2648,2344,109,174,122055,95,,No seleccionado,,Consultar
2,Licenciatura 2026,202,20205005,CIRUJANO DENTISTA,FES ZARAGOZA,Escolarizado,https://www.dgae.unam.mx/Licenciatura2026/resultados/2/20205005.html,125,2648,2344,109,174,122137,28,,No seleccionado,,Consultar
2,Licenciatura 2026,202,20205005,CIRUJANO DENTISTA,FES ZARAGOZA,Escolarizado,https://www.dgae.unam.mx/Licenciatura2026/resultados/2/20205005.html,125,2648,2344,109,174,122158,112,S,Seleccionado,Cita para entregar documentación.,Consultar
2,Licenciatura 2026,202,20205005,CIRUJANO DENTISTA,FES ZARAGOZA,Escolarizado,https://www.dgae.unam.mx/Licenciatura2026/resultados/2/20205005.html,125,2648,2344,109,174,122185,77,,No seleccionado,,Consultar
2,Licenciatura 2026,202,20205005,CIRUJANO DENTISTA,FES ZARAGOZA,Escolarizado,https://www.dgae.unam.mx/Licenciatura2026/resultados/2/20205005.html,125,2648,2344,109,174,122232,76,,No seleccionado,,Consultar
2,Licenciatura 2026,202,20205005,CIRUJANO DENTISTA,FES ZARAGOZA,Escolarizado,https://www.dgae.unam.mx/Licenciatura2026/resultados/2/20205005.html,125,2648,2344,109,174,122251,102,,No seleccionado,,Consultar
2,Licenciatura 2026,202,20205005,CIRUJANO DENTISTA,FES ZARAGOZA,Escolarizado,https://www.dgae.unam.mx/Licenciatura2026/resultados/2/20205005.html,125,2648,2344,109,174,122267,69,,No seleccionado,,Consultar
2,Licenciatura 2026,202,20205005,CIRUJANO DENTISTA,FES ZARAGOZA,Escolarizado,https://www.dgae.unam.mx/Licenciatura2026/resultados/2/20205005.html,125,2648,2344,109,174,122273,104,,No seleccionado,,Consultar
2,Licenciatura 2026,202,20205005,CIRUJANO DENTISTA,FES ZARAGOZA,Escolarizado,https://www.dgae.unam.mx/Licenciatura2026/resultados/2/20205005.html,125,2648,2344,109,174,122322,110,S,Seleccionado,Cita para entregar documentación.,Consultar
2,Licenciatura 2026,202,20205005,CIRUJANO DENTISTA,FES ZARAGOZA,Escolarizado,https://www.dgae.unam.mx/Licenciatura2026/resultados/2/20205005.html,125,2648,2344,109,174,122328,34,,No seleccionado,,Consultar
2,Licenciatura 2026,202,20205005,CIRUJANO DENTISTA,FES ZARAGOZA,Escolarizado,https://www.dgae.unam.mx/Licenciatura2026/resultados/2/20205005.html,125,2648,2344,109,174,122387,31,,No seleccionado,,Consultar
2,Licenciatura 2026,202,20205005,CIRUJANO DENTISTA,FES ZARAGOZA,Escolarizado,https://www.dgae.unam.mx/Licenciatura2026/resultados/2/20205005.html,125,2648,2344,109,174,122439,64,,No seleccionado,,Consultar
2,Licenciatura 2026,202,20205005,CIRUJANO DENTISTA,FES ZARAGOZA,Escolarizado,https://www.dgae.unam.mx/Licenciatura2026/resultados/2/20205005.html,125,2648,2344,109,174,122505,88,,No seleccionado,,Consultar
2,Licenciatura 2026,202,20205005,CIRUJANO DENTISTA,FES ZARAGOZA,Escolarizado,https://www.dgae.unam.mx/Licenciatura2026/resultados/2/20205005.html,125,2648,2344,109,174,122550,100,,No seleccionado,,Consultar
2,Licenciatura 2026,202,20205005,CIRUJANO DENTISTA,FES ZARAGOZA,Escolarizado,https://www.dgae.unam.mx/Licenciatura2026/resultados/2/20205005.html,125,2648,2344,109,174,122678,100,,No seleccionado,,Consultar
2,Licenciatura 2026,202,20205005,CIRUJANO DENTISTA,FES ZARAGOZA,Escolarizado,https://www.dgae.unam.mx/Licenciatura2026/resultados/2/20205005.html,125,2648,2344,109,174,122723,96,,No seleccionado,,Consultar
2,Licenciatura 2026,202,20205005,CIRUJANO DENTISTA,FES ZARAGOZA,Escolarizado,https://www.dgae.unam.mx/Licenciatura2026/resultados/2/20205005.html,125,2648,2344,109,174,122763,36,,No seleccionado,,Consultar
2,Licenciatura 2026,202,20205005,CIRUJANO DENTISTA,FES ZARAGOZA,Escolarizado,https://www.dgae.unam.mx/Licenciatura2026/resultados/2/20205005.html,125,2648,2344,109,174,122775,40,,No seleccionado,,Consultar
2,Licenciatura 2026,202,20205005,CIRUJANO DENTISTA,FES ZARAGOZA,Escolarizado,https://www.dgae.unam.mx/Licenciatura2026/resultados/2/20205005.html,125,2648,2344,109,174,122793,,C,Cancelado,,Consultar
2,Licenciatura 2026,202,20205005,CIRUJANO DENTISTA,FES ZARAGOZA,Escolarizado,https://www.dgae.unam.mx/Licenciatura2026/resultados/2/20205005.html,125,2648,2344,109,174,122844,58,,No seleccionado,,Consultar
2,Licenciatura 2026,202,20205005,CIRUJANO DENTISTA,FES ZARAGOZA,Escolarizado,https://www.dgae.unam.mx/Licenciatura2026/resultados/2/20205005.html,125,2648,2344,109,174,122850,115,S,Seleccionado,Cita para entregar documentación.,Consultar
2,Licenciatura 2026,202,20205005,CIRUJANO DENTISTA,FES ZARAGOZA,Escolarizado,https://www.dgae.unam.mx/Licenciatura2026/resultados/2/20205005.html,125,2648,2344,109,174,122872,99,,No seleccionado,,Consultar
2,Licenciatura 2026,202,20205005,CIRUJANO DENTISTA,FES ZARAGOZA,Escolarizado,https://www.dgae.unam.mx/Licenciatura2026/resultados/2/20205005.html,125,2648,2344,109,174,122876,33,,No seleccionado,,Consultar
2,Licenciatura 2026,202,20205005,CIRUJANO DENTISTA,FES ZARAGOZA,Escolarizado,https://www.dgae.unam.mx/Licenciatura2026/resultados/2/20205005.html,125,2648,2344,109,174,122918,31,,No seleccionado,,Consultar
2,Licenciatura 2026,202,20205005,CIRUJANO DENTISTA,FES ZARAGOZA,Escolarizado,https://www.dgae.unam.mx/Licenciatura2026/resultados/2/20205005.html,125,2648,2344,109,174,122946,70,,No seleccionado,,Consultar
2,Licenciatura 2026,202,20205005,CIRUJANO DENTISTA,FES ZARAGOZA,Escolarizado,https://www.dgae.unam.mx/Licenciatura2026/resultados/2/20205005.html,125,2648,2344,109,174,122999,85,,No seleccionado,,Consultar
2,Licenciatura 2026,202,20205005,CIRUJANO DENTISTA,FES ZARAGOZA,Escolarizado,https://www.dgae.unam.mx/Licenciatura2026/resultados/2/20205005.html,125,2648,2344,109,174,123006,86,,No seleccionado,,Consultar
2,Licenciatura 2026,202,20205005,CIRUJANO DENTISTA,FES ZARAGOZA,Escolarizado,https://www.dgae.unam.mx/Licenciatura2026/resultados/2/20205005.html,125,2648,2344,109,174,123023,46,,No seleccionado,,Consultar
2,Licenciatura 2026,202,20205005,CIRUJANO DENTISTA,FES ZARAGOZA,Escolarizado,https://www.dgae.unam.mx/Licenciatura2026/resultados/2/20205005.html,125,2648,2344,109,174,123032,81,,No seleccionado,,Consultar
2,Licenciatura 2026,202,20205005,CIRUJANO DENTISTA,FES ZARAGOZA,Escolarizado,https://www.dgae.unam.mx/Licenciatura2026/resultados/2/20205005.html,125,2648,2344,109,174,123053,70,,No seleccionado,,Consultar
2,Licenciatura 2026,202,20205005,CIRUJANO DENTISTA,FES ZARAGOZA,Escolarizado,https://www.dgae.unam.mx/Licenciatura2026/resultados/2/20205005.html,125,2648,2344,109,174,123095,,N,No presentado,,Consultar
2,Licenciatura 2026,202,20205005,CIRUJANO DENTISTA,FES ZARAGOZA,Escolarizado,https://www.dgae.unam.mx/Licenciatura2026/resultados/2/20205005.html,125,2648,2344,109,174,123148,,N,No presentado,,Consultar
2,Licenciatura 2026,202,20205005,CIRUJANO DENTISTA,FES ZARAGOZA,Escolarizado,https://www.dgae.unam.mx/Licenciatura2026/resultados/2/20205005.html,125,2648,2344,109,174,123258,96,,No seleccionado,,Consultar
2,Licenciatura 2026,202,20205005,CIRUJANO DENTISTA,FES ZARAGOZA,Escolarizado,https://www.dgae.unam.mx/Licenciatura2026/resultados/2/20205005.html,125,2648,2344,109,174,123262,81,,No seleccionado,,Consultar
2,Licenciatura 2026,202,20205005,CIRUJANO DENTISTA,FES ZARAGOZA,Escolarizado,https://www.dgae.unam.mx/Licenciatura2026/resultados/2/20205005.html,125,2648,2344,109,174,123312,89,,No seleccionado,,Consultar
2,Licenciatura 2026,202,20205005,CIRUJANO DENTISTA,FES ZARAGOZA,Escolarizado,https://www.dgae.unam.mx/Licenciatura2026/resultados/2/20205005.html,125,2648,2344,109,174,123435,43,,No seleccionado,,Consultar
2,Licenciatura 2026,202,20205005,CIRUJANO DENTISTA,FES ZARAGOZA,Escolarizado,https://www.dgae.unam.mx/Licenciatura2026/resultados/2/20205005.html,125,2648,2344,109,174,123501,98,,No seleccionado,,Consultar
2,Licenciatura 2026,202,20205005,CIRUJANO DENTISTA,FES ZARAGOZA,Escolarizado,https://www.dgae.unam.mx/Licenciatura2026/resultados/2/20205005.html,125,2648,2344,109,174,123522,,C,Cancelado,,Consultar
2,Licenciatura 2026,202,20205005,CIRUJANO DENTISTA,FES ZARAGOZA,Escolarizado,https://www.dgae.unam.mx/Licenciatura2026/resultados/2/20205005.html,125,2648,2344,109,174,123612,65,,No seleccionado,,Consultar
2,Licenciatura 2026,202,20205005,CIRUJANO DENTISTA,FES ZARAGOZA,Escolarizado,https://www.dgae.unam.mx/Licenciatura2026/resultados/2/20205005.html,125,2648,2344,109,174,123631,47,,No seleccionado,,Consultar
2,Licenciatura 2026,202,20205005,CIRUJANO DENTISTA,FES ZARAGOZA,Escolarizado,https://www.dgae.unam.mx/Licenciatura2026/resultados/2/20205005.html,125,2648,2344,109,174,123648,41,,No seleccionado,,Consultar
2,Licenciatura 2026,202,20205005,CIRUJANO DENTISTA,FES ZARAGOZA,Escolarizado,https://www.dgae.unam.mx/Licenciatura2026/resultados/2/20205005.html,125,2648,2344,109,174,123656,53,,No seleccionado,,Consultar
2,Licenciatura 2026,202,20205005,CIRUJANO DENTISTA,FES ZARAGOZA,Escolarizado,https://www.dgae.unam.mx/Licenciatura2026/resultados/2/20205005.html,125,2648,2344,109,174,123790,105,,No seleccionado,,Consultar
2,Licenciatura 2026,202,20205005,CIRUJANO DENTISTA,FES ZARAGOZA,Escolarizado,https://www.dgae.unam.mx/Licenciatura2026/resultados/2/20205005.html,125,2648,2344,109,174,123803,55,,No seleccionado,,Consultar
2,Licenciatura 2026,202,20205005,CIRUJANO DENTISTA,FES ZARAGOZA,Escolarizado,https://www.dgae.unam.mx/Licenciatura2026/resultados/2/20205005.html,125,2648,2344,109,174,123883,,N,No presentado,,Consultar
2,Licenciatura 2026,202,20205005,CIRUJANO DENTISTA,FES ZARAGOZA,Escolarizado,https://www.dgae.unam.mx/Licenciatura2026/resultados/2/20205005.html,125,2648,2344,109,174,123895,57,,No seleccionado,,Consultar
2,Licenciatura 2026,202,20205005,CIRUJANO DENTISTA,FES ZARAGOZA,Escolarizado,https://www.dgae.unam.mx/Licenciatura2026/resultados/2/20205005.html,125,2648,2344,109,174,123902,100,,No seleccionado,,Consultar
2,Licenciatura 2026,202,20205005,CIRUJANO DENTISTA,FES ZARAGOZA,Escolarizado,https://www.dgae.unam.mx/Licenciatura2026/resultados/2/20205005.html,125,2648,2344,109,174,123915,76,,No seleccionado,,Consultar
2,Licenciatura 2026,202,20205005,CIRUJANO DENTISTA,FES ZARAGOZA,Escolarizado,https://www.dgae.unam.mx/Licenciatura2026/resultados/2/20205005.html,125,2648,2344,109,174,123955,100,,No seleccionado,,Consultar
2,Licenciatura 2026,202,20205005,CIRUJANO DENTISTA,FES ZARAGOZA,Escolarizado,https://www.dgae.unam.mx/Licenciatura2026/resultados/2/20205005.html,125,2648,2344,109,174,123956,105,,No seleccionado,,Consultar
2,Licenciatura 2026,202,20205005,CIRUJANO DENTISTA,FES ZARAGOZA,Escolarizado,https://www.dgae.unam.mx/Licenciatura2026/resultados/2/20205005.html,125,2648,2344,109,174,123976,84,,No seleccionado,,Consultar
2,Licenciatura 2026,202,20205005,CIRUJANO DENTISTA,FES ZARAGOZA,Escolarizado,https://www.dgae.unam.mx/Licenciatura2026/resultados/2/20205005.html,125,2648,2344,109,174,123977,74,,No seleccionado,,Consultar
2,Licenciatura 2026,202,20205005,CIRUJANO DENTISTA,FES ZARAGOZA,Escolarizado,https://www.dgae.unam.mx/Licenciatura2026/resultados/2/20205005.html,125,2648,2344,109,174,124037,98,,No seleccionado,,Consultar
2,Licenciatura 2026,202,20205005,CIRUJANO DENTISTA,FES ZARAGOZA,Escolarizado,https://www.dgae.unam.mx/Licenciatura2026/resultados/2/20205005.html,125,2648,2344,109,174,124062,51,,No seleccionado,,Consultar
2,Licenciatura 2026,202,20205005,CIRUJANO DENTISTA,FES ZARAGOZA,Escolarizado,https://www.dgae.unam.mx/Licenciatura2026/resultados/2/20205005.html,125,2648,2344,109,174,124121,89,,No seleccionado,,Consultar
2,Licenciatura 2026,202,20205005,CIRUJANO DENTISTA,FES ZARAGOZA,Escolarizado,https://www.dgae.unam.mx/Licenciatura2026/resultados/2/20205005.html,125,2648,2344,109,174,124152,,N,No presentado,,Consultar
2,Licenciatura 2026,202,20205005,CIRUJANO DENTISTA,FES ZARAGOZA,Escolarizado,https://www.dgae.unam.mx/Licenciatura2026/resultados/2/20205005.html,125,2648,2344,109,174,124199,39,,No seleccionado,,Consultar
2,Licenciatura 2026,202,20205005,CIRUJANO DENTISTA,FES ZARAGOZA,Escolarizado,https://www.dgae.unam.mx/Licenciatura2026/resultados/2/20205005.html,125,2648,2344,109,174,124201,85,,No seleccionado,,Consultar
2,Licenciatura 2026,202,20205005,CIRUJANO DENTISTA,FES ZARAGOZA,Escolarizado,https://www.dgae.unam.mx/Licenciatura2026/resultados/2/20205005.html,125,2648,2344,109,174,124260,55,,No seleccionado,,Consultar
2,Licenciatura 2026,202,20205005,CIRUJANO DENTISTA,FES ZARAGOZA,Escolarizado,https://www.dgae.unam.mx/Licenciatura2026/resultados/2/20205005.html,125,2648,2344,109,174,124287,50,,No seleccionado,,Consultar
2,Licenciatura 2026,202,20205005,CIRUJANO DENTISTA,FES ZARAGOZA,Escolarizado,https://www.dgae.unam.mx/Licenciatura2026/resultados/2/20205005.html,125,2648,2344,109,174,124309,69,,No seleccionado,,Consultar
2,Licenciatura 2026,202,20205005,CIRUJANO DENTISTA,FES ZARAGOZA,Escolarizado,https://www.dgae.unam.mx/Licenciatura2026/resultados/2/20205005.html,125,2648,2344,109,174,124343,76,,No seleccionado,,Consultar
2,Licenciatura 2026,202,20205005,CIRUJANO DENTISTA,FES ZARAGOZA,Escolarizado,https://www.dgae.unam.mx/Licenciatura2026/resultados/2/20205005.html,125,2648,2344,109,174,124350,78,,No seleccionado,,Consultar
2,Licenciatura 2026,202,20205005,CIRUJANO DENTISTA,FES ZARAGOZA,Escolarizado,https://www.dgae.unam.mx/Licenciatura2026/resultados/2/20205005.html,125,2648,2344,109,174,124414,85,,No seleccionado,,Consultar
2,Licenciatura 2026,202,20205005,CIRUJANO DENTISTA,FES ZARAGOZA,Escolarizado,https://www.dgae.unam.mx/Licenciatura2026/resultados/2/20205005.html,125,2648,2344,109,174,124438,102,,No seleccionado,,Consultar
2,Licenciatura 2026,202,20205005,CIRUJANO DENTISTA,FES ZARAGOZA,Escolarizado,https://www.dgae.unam.mx/Licenciatura2026/resultados/2/20205005.html,125,2648,2344,109,174,124462,44,,No seleccionado,,Consultar
2,Licenciatura 2026,202,20205005,CIRUJANO DENTISTA,FES ZARAGOZA,Escolarizado,https://www.dgae.unam.mx/Licenciatura2026/resultados/2/20205005.html,125,2648,2344,109,174,124469,115,S,Seleccionado,Cita para entregar documentación.,Consultar
2,Licenciatura 2026,202,20205005,CIRUJANO DENTISTA,FES ZARAGOZA,Escolarizado,https://www.dgae.unam.mx/Licenciatura2026/resultados/2/20205005.html,125,2648,2344,109,174,124554,46,,No seleccionado,,Consultar
2,Licenciatura 2026,202,20205005,CIRUJANO DENTISTA,FES ZARAGOZA,Escolarizado,https://www.dgae.unam.mx/Licenciatura2026/resultados/2/20205005.html,125,2648,2344,109,174,124555,87,,No seleccionado,,Consultar
2,Licenciatura 2026,202,20205005,CIRUJANO DENTISTA,FES ZARAGOZA,Escolarizado,https://www.dgae.unam.mx/Licenciatura2026/resultados/2/20205005.html,125,2648,2344,109,174,124573,104,,No seleccionado,,Consultar
2,Licenciatura 2026,202,20205005,CIRUJANO DENTISTA,FES ZARAGOZA,Escolarizado,https://www.dgae.unam.mx/Licenciatura2026/resultados/2/20205005.html,125,2648,2344,109,174,124580,91,,No seleccionado,,Consultar
2,Licenciatura 2026,202,20205005,CIRUJANO DENTISTA,FES ZARAGOZA,Escolarizado,https://www.dgae.unam.mx/Licenciatura2026/resultados/2/20205005.html,125,2648,2344,109,174,124599,97,,No seleccionado,,Consultar
2,Licenciatura 2026,202,20205005,CIRUJANO DENTISTA,FES ZARAGOZA,Escolarizado,https://www.dgae.unam.mx/Licenciatura2026/resultados/2/20205005.html,125,2648,2344,109,174,124610,38,,No seleccionado,,Consultar
2,Licenciatura 2026,202,20205005,CIRUJANO DENTISTA,FES ZARAGOZA,Escolarizado,https://www.dgae.unam.mx/Licenciatura2026/resultados/2/20205005.html,125,2648,2344,109,174,124614,83,,No seleccionado,,Consultar
2,Licenciatura 2026,202,20205005,CIRUJANO DENTISTA,FES ZARAGOZA,Escolarizado,https://www.dgae.unam.mx/Licenciatura2026/resultados/2/20205005.html,125,2648,2344,109,174,124671,44,,No seleccionado,,Consultar
2,Licenciatura 2026,202,20205005,CIRUJANO DENTISTA,FES ZARAGOZA,Escolarizado,https://www.dgae.unam.mx/Licenciatura2026/resultados/2/20205005.html,125,2648,2344,109,174,124672,,N,No presentado,,Consultar
2,Licenciatura 2026,202,20205005,CIRUJANO DENTISTA,FES ZARAGOZA,Escolarizado,https://www.dgae.unam.mx/Licenciatura2026/resultados/2/20205005.html,125,2648,2344,109,174,124685,114,S,Seleccionado,Cita para entregar documentación.,Consultar
2,Licenciatura 2026,202,20205005,CIRUJANO DENTISTA,FES ZARAGOZA,Escolarizado,https://www.dgae.unam.mx/Licenciatura2026/resultados/2/20205005.html,125,2648,2344,109,174,124690,45,,No seleccionado,,Consultar
2,Licenciatura 2026,202,20205005,CIRUJANO DENTISTA,FES ZARAGOZA,Escolarizado,https://www.dgae.unam.mx/Licenciatura2026/resultados/2/20205005.html,125,2648,2344,109,174,124718,45,,No seleccionado,,Consultar
2,Licenciatura 2026,202,20205005,CIRUJANO DENTISTA,FES ZARAGOZA,Escolarizado,https://www.dgae.unam.mx/Licenciatura2026/resultados/2/20205005.html,125,2648,2344,109,174,124743,59,,No seleccionado,,Consultar
2,Licenciatura 2026,202,20205005,CIRUJANO DENTISTA,FES ZARAGOZA,Escolarizado,https://www.dgae.unam.mx/Licenciatura2026/resultados/2/20205005.html,125,2648,2344,109,174,124746,59,,No seleccionado,,Consultar
2,Licenciatura 2026,202,20205005,CIRUJANO DENTISTA,FES ZARAGOZA,Escolarizado,https://www.dgae.unam.mx/Licenciatura2026/resultados/2/20205005.html,125,2648,2344,109,174,124762,105,,No seleccionado,,Consultar
2,Licenciatura 2026,202,20205005,CIRUJANO DENTISTA,FES ZARAGOZA,Escolarizado,https://www.dgae.unam.mx/Licenciatura2026/resultados/2/20205005.html,125,2648,2344,109,174,124790,101,,No seleccionado,,Consultar
2,Licenciatura 2026,202,20205005,CIRUJANO DENTISTA,FES ZARAGOZA,Escolarizado,https://www.dgae.unam.mx/Licenciatura2026/resultados/2/20205005.html,125,2648,2344,109,174,124834,95,,No seleccionado,,Consultar
2,Licenciatura 2026,202,20205005,CIRUJANO DENTISTA,FES ZARAGOZA,Escolarizado,https://www.dgae.unam.mx/Licenciatura2026/resultados/2/20205005.html,125,2648,2344,109,174,124867,82,,No seleccionado,,Consultar
2,Licenciatura 2026,202,20205005,CIRUJANO DENTISTA,FES ZARAGOZA,Escolarizado,https://www.dgae.unam.mx/Licenciatura2026/resultados/2/20205005.html,125,2648,2344,109,174,124886,81,,No seleccionado,,Consultar
2,Licenciatura 2026,202,20205005,CIRUJANO DENTISTA,FES ZARAGOZA,Escolarizado,https://www.dgae.unam.mx/Licenciatura2026/resultados/2/20205005.html,125,2648,2344,109,174,124889,31,,No seleccionado,,Consultar
2,Licenciatura 2026,202,20205005,CIRUJANO DENTISTA,FES ZARAGOZA,Escolarizado,https://www.dgae.unam.mx/Licenciatura2026/resultados/2/20205005.html,125,2648,2344,109,174,124894,107,,No seleccionado,,Consultar
2,Licenciatura 2026,202,20205005,CIRUJANO DENTISTA,FES ZARAGOZA,Escolarizado,https://www.dgae.unam.mx/Licenciatura2026/resultados/2/20205005.html,125,2648,2344,109,174,124914,87,,No seleccionado,,Consultar
2,Licenciatura 2026,202,20205005,CIRUJANO DENTISTA,FES ZARAGOZA,Escolarizado,https://www.dgae.unam.mx/Licenciatura2026/resultados/2/20205005.html,125,2648,2344,109,174,124915,45,,No seleccionado,,Consultar
2,Licenciatura 2026,202,20205005,CIRUJANO DENTISTA,FES ZARAGOZA,Escolarizado,https://www.dgae.unam.mx/Licenciatura2026/resultados/2/20205005.html,125,2648,2344,109,174,124920,63,,No seleccionado,,Consultar
2,Licenciatura 2026,202,20205005,CIRUJANO DENTISTA,FES ZARAGOZA,Escolarizado,https://www.dgae.unam.mx/Licenciatura2026/resultados/2/20205005.html,125,2648,2344,109,174,124959,,N,No presentado,,Consultar
2,Licenciatura 2026,202,20205005,CIRUJANO DENTISTA,FES ZARAGOZA,Escolarizado,https://www.dgae.unam.mx/Licenciatura2026/resultados/2/20205005.html,125,2648,2344,109,174,124961,114,S,Seleccionado,,Consultar
2,Licenciatura 2026,202,20205005,CIRUJANO DENTISTA,FES ZARAGOZA,Escolarizado,https://www.dgae.unam.mx/Licenciatura2026/resultados/2/20205005.html,125,2648,2344,109,174,124967,114,S,Seleccionado,Cita para entregar documentación.,Consultar
2,Licenciatura 2026,202,20205005,CIRUJANO DENTISTA,FES ZARAGOZA,Escolarizado,https://www.dgae.unam.mx/Licenciatura2026/resultados/2/20205005.html,125,2648,2344,109,174,125054,105,,No seleccionado,,Consultar
2,Licenciatura 2026,202,20205005,CIRUJANO DENTISTA,FES ZARAGOZA,Escolarizado,https://www.dgae.unam.mx/Licenciatura2026/resultados/2/20205005.html,125,2648,2344,109,174,125098,103,,No seleccionado,,Consultar
2,Licenciatura 2026,202,20205005,CIRUJANO DENTISTA,FES ZARAGOZA,Escolarizado,https://www.dgae.unam.mx/Licenciatura2026/resultados/2/20205005.html,125,2648,2344,109,174,125179,84,,No seleccionado,,Consultar
2,Licenciatura 2026,202,20205005,CIRUJANO DENTISTA,FES ZARAGOZA,Escolarizado,https://www.dgae.unam.mx/Licenciatura2026/resultados/2/20205005.html,125,2648,2344,109,174,125184,91,,No seleccionado,,Consultar
2,Licenciatura 2026,202,20205005,CIRUJANO DENTISTA,FES ZARAGOZA,Escolarizado,https://www.dgae.unam.mx/Licenciatura2026/resultados/2/20205005.html,125,2648,2344,109,174,125204,104,,No seleccionado,,Consultar
2,Licenciatura 2026,202,20205005,CIRUJANO DENTISTA,FES ZARAGOZA,Escolarizado,https://www.dgae.unam.mx/Licenciatura2026/resultados/2/20205005.html,125,2648,2344,109,174,125232,57,,No seleccionado,,Consultar
2,Licenciatura 2026,202,20205005,CIRUJANO DENTISTA,FES ZARAGOZA,Escolarizado,https://www.dgae.unam.mx/Licenciatura2026/resultados/2/20205005.html,125,2648,2344,109,174,125236,99,,No seleccionado,,Consultar
2,Licenciatura 2026,202,20205005,CIRUJANO DENTISTA,FES ZARAGOZA,Escolarizado,https://www.dgae.unam.mx/Licenciatura2026/resultados/2/20205005.html,125,2648,2344,109,174,125250,51,,No seleccionado,,Consultar
2,Licenciatura 2026,202,20205005,CIRUJANO DENTISTA,FES ZARAGOZA,Escolarizado,https://www.dgae.unam.mx/Licenciatura2026/resultados/2/20205005.html,125,2648,2344,109,174,125253,95,,No seleccionado,,Consultar
2,Licenciatura 2026,202,20205005,CIRUJANO DENTISTA,FES ZARAGOZA,Escolarizado,https://www.dgae.unam.mx/Licenciatura2026/resultados/2/20205005.html,125,2648,2344,109,174,125260,53,,No seleccionado,,Consultar
2,Licenciatura 2026,202,20205005,CIRUJANO DENTISTA,FES ZARAGOZA,Escolarizado,https://www.dgae.unam.mx/Licenciatura2026/resultados/2/20205005.html,125,2648,2344,109,174,125262,93,,No seleccionado,,Consultar
2,Licenciatura 2026,202,20205005,CIRUJANO DENTISTA,FES ZARAGOZA,Escolarizado,https://www.dgae.unam.mx/Licenciatura2026/resultados/2/20205005.html,125,2648,2344,109,174,125277,111,S,Seleccionado,Cita para entregar documentación.,Consultar
2,Licenciatura 2026,202,20205005,CIRUJANO DENTISTA,FES ZARAGOZA,Escolarizado,https://www.dgae.unam.mx/Licenciatura2026/resultados/2/20205005.html,125,2648,2344,109,174,125322,90,,No seleccionado,,Consultar
2,Licenciatura 2026,202,20205005,CIRUJANO DENTISTA,FES ZARAGOZA,Escolarizado,https://www.dgae.unam.mx/Licenciatura2026/resultados/2/20205005.html,125,2648,2344,109,174,125350,74,,No seleccionado,,Consultar
2,Licenciatura 2026,202,20205005,CIRUJANO DENTISTA,FES ZARAGOZA,Escolarizado,https://www.dgae.unam.mx/Licenciatura2026/resultados/2/20205005.html,125,2648,2344,109,174,125351,31,,No seleccionado,,Consultar
2,Licenciatura 2026,202,20205005,CIRUJANO DENTISTA,FES ZARAGOZA,Escolarizado,https://www.dgae.unam.mx/Licenciatura2026/resultados/2/20205005.html,125,2648,2344,109,174,125381,,N,No presentado,,Consultar
2,Licenciatura 2026,202,20205005,CIRUJANO DENTISTA,FES ZARAGOZA,Escolarizado,https://www.dgae.unam.mx/Licenciatura2026/resultados/2/20205005.html,125,2648,2344,109,174,125400,,N,No presentado,,Consultar
2,Licenciatura 2026,202,20205005,CIRUJANO DENTISTA,FES ZARAGOZA,Escolarizado,https://www.dgae.unam.mx/Licenciatura2026/resultados/2/20205005.html,125,2648,2344,109,174,125425,106,,No seleccionado,,Consultar
2,Licenciatura 2026,202,20205005,CIRUJANO DENTISTA,FES ZARAGOZA,Escolarizado,https://www.dgae.unam.mx/Licenciatura2026/resultados/2/20205005.html,125,2648,2344,109,174,125484,55,,No seleccionado,,Consultar
2,Licenciatura 2026,202,20205005,CIRUJANO DENTISTA,FES ZARAGOZA,Escolarizado,https://www.dgae.unam.mx/Licenciatura2026/resultados/2/20205005.html,125,2648,2344,109,174,125501,40,,No seleccionado,,Consultar
2,Licenciatura 2026,202,20205005,CIRUJANO DENTISTA,FES ZARAGOZA,Escolarizado,https://www.dgae.unam.mx/Licenciatura2026/resultados/2/20205005.html,125,2648,2344,109,174,125572,,N,No presentado,,Consultar
2,Licenciatura 2026,202,20205005,CIRUJANO DENTISTA,FES ZARAGOZA,Escolarizado,https://www.dgae.unam.mx/Licenciatura2026/resultados/2/20205005.html,125,2648,2344,109,174,125589,52,,No seleccionado,,Consultar
2,Licenciatura 2026,202,20205005,CIRUJANO DENTISTA,FES ZARAGOZA,Escolarizado,https://www.dgae.unam.mx/Licenciatura2026/resultados/2/20205005.html,125,2648,2344,109,174,125610,38,,No seleccionado,,Consultar
2,Licenciatura 2026,202,20205005,CIRUJANO DENTISTA,FES ZARAGOZA,Escolarizado,https://www.dgae.unam.mx/Licenciatura2026/resultados/2/20205005.html,125,2648,2344,109,174,125634,45,,No seleccionado,,Consultar
2,Licenciatura 2026,202,20205005,CIRUJANO DENTISTA,FES ZARAGOZA,Escolarizado,https://www.dgae.unam.mx/Licenciatura2026/resultados/2/20205005.html,125,2648,2344,109,174,125641,77,,No seleccionado,,Consultar
2,Licenciatura 2026,202,20205005,CIRUJANO DENTISTA,FES ZARAGOZA,Escolarizado,https://www.dgae.unam.mx/Licenciatura2026/resultados/2/20205005.html,125,2648,2344,109,174,125646,,C,Cancelado,,Consultar
2,Licenciatura 2026,202,20205005,CIRUJANO DENTISTA,FES ZARAGOZA,Escolarizado,https://www.dgae.unam.mx/Licenciatura2026/resultados/2/20205005.html,125,2648,2344,109,174,125761,,N,No presentado,,Consultar
2,Licenciatura 2026,202,20205005,CIRUJANO DENTISTA,FES ZARAGOZA,Escolarizado,https://www.dgae.unam.mx/Licenciatura2026/resultados/2/20205005.html,125,2648,2344,109,174,125764,104,,No seleccionado,,Consultar
2,Licenciatura 2026,202,20205005,CIRUJANO DENTISTA,FES ZARAGOZA,Escolarizado,https://www.dgae.unam.mx/Licenciatura2026/resultados/2/20205005.html,125,2648,2344,109,174,125799,83,,No seleccionado,,Consultar
2,Licenciatura 2026,202,20205005,CIRUJANO DENTISTA,FES ZARAGOZA,Escolarizado,https://www.dgae.unam.mx/Licenciatura2026/resultados/2/20205005.html,125,2648,2344,109,174,125816,77,,No seleccionado,,Consultar
2,Licenciatura 2026,202,20205005,CIRUJANO DENTISTA,FES ZARAGOZA,Escolarizado,https://www.dgae.unam.mx/Licenciatura2026/resultados/2/20205005.html,125,2648,2344,109,174,125872,,N,No presentado,,Consultar
2,Licenciatura 2026,202,20205005,CIRUJANO DENTISTA,FES ZARAGOZA,Escolarizado,https://www.dgae.unam.mx/Licenciatura2026/resultados/2/20205005.html,125,2648,2344,109,174,125886,,N,No presentado,,Consultar
2,Licenciatura 2026,202,20205005,CIRUJANO DENTISTA,FES ZARAGOZA,Escolarizado,https://www.dgae.unam.mx/Licenciatura2026/resultados/2/20205005.html,125,2648,2344,109,174,125908,114,S,Seleccionado,Cita para entregar documentación.,Consultar
2,Licenciatura 2026,202,20205005,CIRUJANO DENTISTA,FES ZARAGOZA,Escolarizado,https://www.dgae.unam.mx/Licenciatura2026/resultados/2/20205005.html,125,2648,2344,109,174,125915,107,,No seleccionado,,Consultar
2,Licenciatura 2026,202,20205005,CIRUJANO DENTISTA,FES ZARAGOZA,Escolarizado,https://www.dgae.unam.mx/Licenciatura2026/resultados/2/20205005.html,125,2648,2344,109,174,125936,90,,No seleccionado,,Consultar
2,Licenciatura 2026,202,20205005,CIRUJANO DENTISTA,FES ZARAGOZA,Escolarizado,https://www.dgae.unam.mx/Licenciatura2026/resultados/2/20205005.html,125,2648,2344,109,174,125950,46,,No seleccionado,,Consultar
2,Licenciatura 2026,202,20205005,CIRUJANO DENTISTA,FES ZARAGOZA,Escolarizado,https://www.dgae.unam.mx/Licenciatura2026/resultados/2/20205005.html,125,2648,2344,109,174,126000,39,,No seleccionado,,Consultar
2,Licenciatura 2026,202,20205005,CIRUJANO DENTISTA,FES ZARAGOZA,Escolarizado,https://www.dgae.unam.mx/Licenciatura2026/resultados/2/20205005.html,125,2648,2344,109,174,126013,111,S,Seleccionado,Cita para entregar documentación.,Consultar
2,Licenciatura 2026,202,20205005,CIRUJANO DENTISTA,FES ZARAGOZA,Escolarizado,https://www.dgae.unam.mx/Licenciatura2026/resultados/2/20205005.html,125,2648,2344,109,174,126024,53,,No seleccionado,,Consultar
2,Licenciatura 2026,202,20205005,CIRUJANO DENTISTA,FES ZARAGOZA,Escolarizado,https://www.dgae.unam.mx/Licenciatura2026/resultados/2/20205005.html,125,2648,2344,109,174,126073,95,,No seleccionado,,Consultar
2,Licenciatura 2026,202,20205005,CIRUJANO DENTISTA,FES ZARAGOZA,Escolarizado,https://www.dgae.unam.mx/Licenciatura2026/resultados/2/20205005.html,125,2648,2344,109,174,126075,76,,No seleccionado,,Consultar
2,Licenciatura 2026,202,20205005,CIRUJANO DENTISTA,FES ZARAGOZA,Escolarizado,https://www.dgae.unam.mx/Licenciatura2026/resultados/2/20205005.html,125,2648,2344,109,174,126085,112,S,Seleccionado,Cita para entregar documentación.,Consultar
2,Licenciatura 2026,202,20205005,CIRUJANO DENTISTA,FES ZARAGOZA,Escolarizado,https://www.dgae.unam.mx/Licenciatura2026/resultados/2/20205005.html,125,2648,2344,109,174,126088,100,,No seleccionado,,Consultar
2,Licenciatura 2026,202,20205005,CIRUJANO DENTISTA,FES ZARAGOZA,Escolarizado,https://www.dgae.unam.mx/Licenciatura2026/resultados/2/20205005.html,125,2648,2344,109,174,126090,97,,No seleccionado,,Consultar
2,Licenciatura 2026,202,20205005,CIRUJANO DENTISTA,FES ZARAGOZA,Escolarizado,https://www.dgae.unam.mx/Licenciatura2026/resultados/2/20205005.html,125,2648,2344,109,174,126092,69,,No seleccionado,,Consultar
2,Licenciatura 2026,202,20205005,CIRUJANO DENTISTA,FES ZARAGOZA,Escolarizado,https://www.dgae.unam.mx/Licenciatura2026/resultados/2/20205005.html,125,2648,2344,109,174,126106,113,S,Seleccionado,Cita para entregar documentación.,Consultar
2,Licenciatura 2026,202,20205005,CIRUJANO DENTISTA,FES ZARAGOZA,Escolarizado,https://www.dgae.unam.mx/Licenciatura2026/resultados/2/20205005.html,125,2648,2344,109,174,126156,111,S,Seleccionado,Cita para entregar documentación.,Consultar
2,Licenciatura 2026,202,20205005,CIRUJANO DENTISTA,FES ZARAGOZA,Escolarizado,https://www.dgae.unam.mx/Licenciatura2026/resultados/2/20205005.html,125,2648,2344,109,174,126157,117,S,Seleccionado,,Consultar
2,Licenciatura 2026,202,20205005,CIRUJANO DENTISTA,FES ZARAGOZA,Escolarizado,https://www.dgae.unam.mx/Licenciatura2026/resultados/2/20205005.html,125,2648,2344,109,174,126171,95,,No seleccionado,,Consultar
2,Licenciatura 2026,202,20205005,CIRUJANO DENTISTA,FES ZARAGOZA,Escolarizado,https://www.dgae.unam.mx/Licenciatura2026/resultados/2/20205005.html,125,2648,2344,109,174,126303,96,,No seleccionado,,Consultar
2,Licenciatura 2026,202,20205005,CIRUJANO DENTISTA,FES ZARAGOZA,Escolarizado,https://www.dgae.unam.mx/Licenciatura2026/resultados/2/20205005.html,125,2648,2344,109,174,126309,36,,No seleccionado,,Consultar
2,Licenciatura 2026,202,20205005,CIRUJANO DENTISTA,FES ZARAGOZA,Escolarizado,https://www.dgae.unam.mx/Licenciatura2026/resultados/2/20205005.html,125,2648,2344,109,174,126351,116,S,Seleccionado,Cita para entregar documentación.,Consultar
2,Licenciatura 2026,202,20205005,CIRUJANO DENTISTA,FES ZARAGOZA,Escolarizado,https://www.dgae.unam.mx/Licenciatura2026/resultados/2/20205005.html,125,2648,2344,109,174,126361,40,,No seleccionado,,Consultar
2,Licenciatura 2026,202,20205005,CIRUJANO DENTISTA,FES ZARAGOZA,Escolarizado,https://www.dgae.unam.mx/Licenciatura2026/resultados/2/20205005.html,125,2648,2344,109,174,126369,71,,No seleccionado,,Consultar
2,Licenciatura 2026,202,20205005,CIRUJANO DENTISTA,FES ZARAGOZA,Escolarizado,https://www.dgae.unam.mx/Licenciatura2026/resultados/2/20205005.html,125,2648,2344,109,174,126379,97,,No seleccionado,,Consultar
2,Licenciatura 2026,202,20205005,CIRUJANO DENTISTA,FES ZARAGOZA,Escolarizado,https://www.dgae.unam.mx/Licenciatura2026/resultados/2/20205005.html,125,2648,2344,109,174,126386,113,S,Seleccionado,Cita para entregar documentación.,Consultar
2,Licenciatura 2026,202,20205005,CIRUJANO DENTISTA,FES ZARAGOZA,Escolarizado,https://www.dgae.unam.mx/Licenciatura2026/resultados/2/20205005.html,125,2648,2344,109,174,126425,91,,No seleccionado,,Consultar
2,Licenciatura 2026,202,20205005,CIRUJANO DENTISTA,FES ZARAGOZA,Escolarizado,https://www.dgae.unam.mx/Licenciatura2026/resultados/2/20205005.html,125,2648,2344,109,174,126427,69,,No seleccionado,,Consultar
2,Licenciatura 2026,202,20205005,CIRUJANO DENTISTA,FES ZARAGOZA,Escolarizado,https://www.dgae.unam.mx/Licenciatura2026/resultados/2/20205005.html,125,2648,2344,109,174,126451,57,,No seleccionado,,Consultar
2,Licenciatura 2026,202,20205005,CIRUJANO DENTISTA,FES ZARAGOZA,Escolarizado,https://www.dgae.unam.mx/Licenciatura2026/resultados/2/20205005.html,125,2648,2344,109,174,126482,,N,No presentado,,Consultar
2,Licenciatura 2026,202,20205005,CIRUJANO DENTISTA,FES ZARAGOZA,Escolarizado,https://www.dgae.unam.mx/Licenciatura2026/resultados/2/20205005.html,125,2648,2344,109,174,126525,93,,No seleccionado,,Consultar
2,Licenciatura 2026,202,20205005,CIRUJANO DENTISTA,FES ZARAGOZA,Escolarizado,https://www.dgae.unam.mx/Licenciatura2026/resultados/2/20205005.html,125,2648,2344,109,174,126575,,N,No presentado,,Consultar
2,Licenciatura 2026,202,20205005,CIRUJANO DENTISTA,FES ZARAGOZA,Escolarizado,https://www.dgae.unam.mx/Licenciatura2026/resultados/2/20205005.html,125,2648,2344,109,174,126576,,N,No presentado,,Consultar
2,Licenciatura 2026,202,20205005,CIRUJANO DENTISTA,FES ZARAGOZA,Escolarizado,https://www.dgae.unam.mx/Licenciatura2026/resultados/2/20205005.html,125,2648,2344,109,174,126586,63,,No seleccionado,,Consultar
2,Licenciatura 2026,202,20205005,CIRUJANO DENTISTA,FES ZARAGOZA,Escolarizado,https://www.dgae.unam.mx/Licenciatura2026/resultados/2/20205005.html,125,2648,2344,109,174,126588,112,S,Seleccionado,Cita para entregar documentación.,Consultar
2,Licenciatura 2026,202,20205005,CIRUJANO DENTISTA,FES ZARAGOZA,Escolarizado,https://www.dgae.unam.mx/Licenciatura2026/resultados/2/20205005.html,125,2648,2344,109,174,126613,72,,No seleccionado,,Consultar
2,Licenciatura 2026,202,20205005,CIRUJANO DENTISTA,FES ZARAGOZA,Escolarizado,https://www.dgae.unam.mx/Licenciatura2026/resultados/2/20205005.html,125,2648,2344,109,174,126615,84,,No seleccionado,,Consultar
2,Licenciatura 2026,202,20205005,CIRUJANO DENTISTA,FES ZARAGOZA,Escolarizado,https://www.dgae.unam.mx/Licenciatura2026/resultados/2/20205005.html,125,2648,2344,109,174,126627,110,S,Seleccionado,Cita para entregar documentación.,Consultar
2,Licenciatura 2026,202,20205005,CIRUJANO DENTISTA,FES ZARAGOZA,Escolarizado,https://www.dgae.unam.mx/Licenciatura2026/resultados/2/20205005.html,125,2648,2344,109,174,126648,90,,No seleccionado,,Consultar
2,Licenciatura 2026,202,20205005,CIRUJANO DENTISTA,FES ZARAGOZA,Escolarizado,https://www.dgae.unam.mx/Licenciatura2026/resultados/2/20205005.html,125,2648,2344,109,174,126653,65,,No seleccionado,,Consultar
2,Licenciatura 2026,202,20205005,CIRUJANO DENTISTA,FES ZARAGOZA,Escolarizado,https://www.dgae.unam.mx/Licenciatura2026/resultados/2/20205005.html,125,2648,2344,109,174,126669,104,,No seleccionado,,Consultar
2,Licenciatura 2026,202,20205005,CIRUJANO DENTISTA,FES ZARAGOZA,Escolarizado,https://www.dgae.unam.mx/Licenciatura2026/resultados/2/20205005.html,125,2648,2344,109,174,126682,74,,No seleccionado,,Consultar
2,Licenciatura 2026,202,20205005,CIRUJANO DENTISTA,FES ZARAGOZA,Escolarizado,https://www.dgae.unam.mx/Licenciatura2026/resultados/2/20205005.html,125,2648,2344,109,174,126686,105,,No seleccionado,,Consultar
2,Licenciatura 2026,202,20205005,CIRUJANO DENTISTA,FES ZARAGOZA,Escolarizado,https://www.dgae.unam.mx/Licenciatura2026/resultados/2/20205005.html,125,2648,2344,109,174,126715,51,,No seleccionado,,Consultar
2,Licenciatura 2026,202,20205005,CIRUJANO DENTISTA,FES ZARAGOZA,Escolarizado,https://www.dgae.unam.mx/Licenciatura2026/resultados/2/20205005.html,125,2648,2344,109,174,126734,56,,No seleccionado,,Consultar
2,Licenciatura 2026,202,20205005,CIRUJANO DENTISTA,FES ZARAGOZA,Escolarizado,https://www.dgae.unam.mx/Licenciatura2026/resultados/2/20205005.html,125,2648,2344,109,174,126765,84,,No seleccionado,,Consultar
2,Licenciatura 2026,202,20205005,CIRUJANO DENTISTA,FES ZARAGOZA,Escolarizado,https://www.dgae.unam.mx/Licenciatura2026/resultados/2/20205005.html,125,2648,2344,109,174,126771,54,,No seleccionado,,Consultar
2,Licenciatura 2026,202,20205005,CIRUJANO DENTISTA,FES ZARAGOZA,Escolarizado,https://www.dgae.unam.mx/Licenciatura2026/resultados/2/20205005.html,125,2648,2344,109,174,126775,78,,No seleccionado,,Consultar
2,Licenciatura 2026,202,20205005,CIRUJANO DENTISTA,FES ZARAGOZA,Escolarizado,https://www.dgae.unam.mx/Licenciatura2026/resultados/2/20205005.html,125,2648,2344,109,174,126820,,N,No presentado,,Consultar
2,Licenciatura 2026,202,20205005,CIRUJANO DENTISTA,FES ZARAGOZA,Escolarizado,https://www.dgae.unam.mx/Licenciatura2026/resultados/2/20205005.html,125,2648,2344,109,174,126837,95,,No seleccionado,,Consultar
2,Licenciatura 2026,202,20205005,CIRUJANO DENTISTA,FES ZARAGOZA,Escolarizado,https://www.dgae.unam.mx/Licenciatura2026/resultados/2/20205005.html,125,2648,2344,109,174,126856,,N,No presentado,,Consultar
2,Licenciatura 2026,202,20205005,CIRUJANO DENTISTA,FES ZARAGOZA,Escolarizado,https://www.dgae.unam.mx/Licenciatura2026/resultados/2/20205005.html,125,2648,2344,109,174,126875,,C,Cancelado,,Consultar
2,Licenciatura 2026,202,20205005,CIRUJANO DENTISTA,FES ZARAGOZA,Escolarizado,https://www.dgae.unam.mx/Licenciatura2026/resultados/2/20205005.html,125,2648,2344,109,174,126879,,N,No presentado,,Consultar
2,Licenciatura 2026,202,20205005,CIRUJANO DENTISTA,FES ZARAGOZA,Escolarizado,https://www.dgae.unam.mx/Licenciatura2026/resultados/2/20205005.html,125,2648,2344,109,174,126922,,N,No presentado,,Consultar
2,Licenciatura 2026,202,20205005,CIRUJANO DENTISTA,FES ZARAGOZA,Escolarizado,https://www.dgae.unam.mx/Licenciatura2026/resultados/2/20205005.html,125,2648,2344,109,174,126931,39,,No seleccionado,,Consultar
2,Licenciatura 2026,202,20205005,CIRUJANO DENTISTA,FES ZARAGOZA,Escolarizado,https://www.dgae.unam.mx/Licenciatura2026/resultados/2/20205005.html,125,2648,2344,109,174,126946,86,,No seleccionado,,Consultar
2,Licenciatura 2026,202,20205005,CIRUJANO DENTISTA,FES ZARAGOZA,Escolarizado,https://www.dgae.unam.mx/Licenciatura2026/resultados/2/20205005.html,125,2648,2344,109,174,126982,72,,No seleccionado,,Consultar
2,Licenciatura 2026,202,20205005,CIRUJANO DENTISTA,FES ZARAGOZA,Escolarizado,https://www.dgae.unam.mx/Licenciatura2026/resultados/2/20205005.html,125,2648,2344,109,174,127034,71,,No seleccionado,,Consultar
2,Licenciatura 2026,202,20205005,CIRUJANO DENTISTA,FES ZARAGOZA,Escolarizado,https://www.dgae.unam.mx/Licenciatura2026/resultados/2/20205005.html,125,2648,2344,109,174,127048,110,S,Seleccionado,Cita para entregar documentación.,Consultar
2,Licenciatura 2026,202,20205005,CIRUJANO DENTISTA,FES ZARAGOZA,Escolarizado,https://www.dgae.unam.mx/Licenciatura2026/resultados/2/20205005.html,125,2648,2344,109,174,127070,96,,No seleccionado,,Consultar
2,Licenciatura 2026,202,20205005,CIRUJANO DENTISTA,FES ZARAGOZA,Escolarizado,https://www.dgae.unam.mx/Licenciatura2026/resultados/2/20205005.html,125,2648,2344,109,174,127082,103,,No seleccionado,,Consultar
2,Licenciatura 2026,202,20205005,CIRUJANO DENTISTA,FES ZARAGOZA,Escolarizado,https://www.dgae.unam.mx/Licenciatura2026/resultados/2/20205005.html,125,2648,2344,109,174,127110,98,,No seleccionado,,Consultar
2,Licenciatura 2026,202,20205005,CIRUJANO DENTISTA,FES ZARAGOZA,Escolarizado,https://www.dgae.unam.mx/Licenciatura2026/resultados/2/20205005.html,125,2648,2344,109,174,127182,61,,No seleccionado,,Consultar
2,Licenciatura 2026,202,20205005,CIRUJANO DENTISTA,FES ZARAGOZA,Escolarizado,https://www.dgae.unam.mx/Licenciatura2026/resultados/2/20205005.html,125,2648,2344,109,174,127183,73,,No seleccionado,,Consultar
2,Licenciatura 2026,202,20205005,CIRUJANO DENTISTA,FES ZARAGOZA,Escolarizado,https://www.dgae.unam.mx/Licenciatura2026/resultados/2/20205005.html,125,2648,2344,109,174,127208,102,,No seleccionado,,Consultar
2,Licenciatura 2026,202,20205005,CIRUJANO DENTISTA,FES ZARAGOZA,Escolarizado,https://www.dgae.unam.mx/Licenciatura2026/resultados/2/20205005.html,125,2648,2344,109,174,127260,48,,No seleccionado,,Consultar
2,Licenciatura 2026,202,20205005,CIRUJANO DENTISTA,FES ZARAGOZA,Escolarizado,https://www.dgae.unam.mx/Licenciatura2026/resultados/2/20205005.html,125,2648,2344,109,174,127261,100,,No seleccionado,,Consultar
2,Licenciatura 2026,202,20205005,CIRUJANO DENTISTA,FES ZARAGOZA,Escolarizado,https://www.dgae.unam.mx/Licenciatura2026/resultados/2/20205005.html,125,2648,2344,109,174,127341,48,,No seleccionado,,Consultar
2,Licenciatura 2026,202,20205005,CIRUJANO DENTISTA,FES ZARAGOZA,Escolarizado,https://www.dgae.unam.mx/Licenciatura2026/resultados/2/20205005.html,125,2648,2344,109,174,127379,98,,No seleccionado,,Consultar
2,Licenciatura 2026,202,20205005,CIRUJANO DENTISTA,FES ZARAGOZA,Escolarizado,https://www.dgae.unam.mx/Licenciatura2026/resultados/2/20205005.html,125,2648,2344,109,174,127395,,N,No presentado,,Consultar
2,Licenciatura 2026,202,20205005,CIRUJANO DENTISTA,FES ZARAGOZA,Escolarizado,https://www.dgae.unam.mx/Licenciatura2026/resultados/2/20205005.html,125,2648,2344,109,174,127402,46,,No seleccionado,,Consultar
2,Licenciatura 2026,202,20205005,CIRUJANO DENTISTA,FES ZARAGOZA,Escolarizado,https://www.dgae.unam.mx/Licenciatura2026/resultados/2/20205005.html,125,2648,2344,109,174,127467,107,,No seleccionado,,Consultar
2,Licenciatura 2026,202,20205005,CIRUJANO DENTISTA,FES ZARAGOZA,Escolarizado,https://www.dgae.unam.mx/Licenciatura2026/resultados/2/20205005.html,125,2648,2344,109,174,127483,82,,No seleccionado,,Consultar
2,Licenciatura 2026,202,20205005,CIRUJANO DENTISTA,FES ZARAGOZA,Escolarizado,https://www.dgae.unam.mx/Licenciatura2026/resultados/2/20205005.html,125,2648,2344,109,174,127488,32,,No seleccionado,,Consultar
2,Licenciatura 2026,202,20205005,CIRUJANO DENTISTA,FES ZARAGOZA,Escolarizado,https://www.dgae.unam.mx/Licenciatura2026/resultados/2/20205005.html,125,2648,2344,109,174,127530,41,,No seleccionado,,Consultar
2,Licenciatura 2026,202,20205005,CIRUJANO DENTISTA,FES ZARAGOZA,Escolarizado,https://www.dgae.unam.mx/Licenciatura2026/resultados/2/20205005.html,125,2648,2344,109,174,127535,,N,No presentado,,Consultar
2,Licenciatura 2026,202,20205005,CIRUJANO DENTISTA,FES ZARAGOZA,Escolarizado,https://www.dgae.unam.mx/Licenciatura2026/resultados/2/20205005.html,125,2648,2344,109,174,127556,23,,No seleccionado,,Consultar
2,Licenciatura 2026,202,20205005,CIRUJANO DENTISTA,FES ZARAGOZA,Escolarizado,https://www.dgae.unam.mx/Licenciatura2026/resultados/2/20205005.html,125,2648,2344,109,174,127558,,N,No presentado,,Consultar
2,Licenciatura 2026,202,20205005,CIRUJANO DENTISTA,FES ZARAGOZA,Escolarizado,https://www.dgae.unam.mx/Licenciatura2026/resultados/2/20205005.html,125,2648,2344,109,174,127579,79,,No seleccionado,,Consultar
2,Licenciatura 2026,202,20205005,CIRUJANO DENTISTA,FES ZARAGOZA,Escolarizado,https://www.dgae.unam.mx/Licenciatura2026/resultados/2/20205005.html,125,2648,2344,109,174,127598,80,,No seleccionado,,Consultar
2,Licenciatura 2026,202,20205005,CIRUJANO DENTISTA,FES ZARAGOZA,Escolarizado,https://www.dgae.unam.mx/Licenciatura2026/resultados/2/20205005.html,125,2648,2344,109,174,127614,91,,No seleccionado,,Consultar
2,Licenciatura 2026,202,20205005,CIRUJANO DENTISTA,FES ZARAGOZA,Escolarizado,https://www.dgae.unam.mx/Licenciatura2026/resultados/2/20205005.html,125,2648,2344,109,174,127618,62,,No seleccionado,,Consultar
2,Licenciatura 2026,202,20205005,CIRUJANO DENTISTA,FES ZARAGOZA,Escolarizado,https://www.dgae.unam.mx/Licenciatura2026/resultados/2/20205005.html,125,2648,2344,109,174,127626,74,,No seleccionado,,Consultar
2,Licenciatura 2026,202,20205005,CIRUJANO DENTISTA,FES ZARAGOZA,Escolarizado,https://www.dgae.unam.mx/Licenciatura2026/resultados/2/20205005.html,125,2648,2344,109,174,127644,85,,No seleccionado,,Consultar
2,Licenciatura 2026,202,20205005,CIRUJANO DENTISTA,FES ZARAGOZA,Escolarizado,https://www.dgae.unam.mx/Licenciatura2026/resultados/2/20205005.html,125,2648,2344,109,174,127648,41,,No seleccionado,,Consultar
2,Licenciatura 2026,202,20205005,CIRUJANO DENTISTA,FES ZARAGOZA,Escolarizado,https://www.dgae.unam.mx/Licenciatura2026/resultados/2/20205005.html,125,2648,2344,109,174,127651,116,S,Seleccionado,,Consultar
2,Licenciatura 2026,202,20205005,CIRUJANO DENTISTA,FES ZARAGOZA,Escolarizado,https://www.dgae.unam.mx/Licenciatura2026/resultados/2/20205005.html,125,2648,2344,109,174,127679,108,,No seleccionado,,Consultar
2,Licenciatura 2026,202,20205005,CIRUJANO DENTISTA,FES ZARAGOZA,Escolarizado,https://www.dgae.unam.mx/Licenciatura2026/resultados/2/20205005.html,125,2648,2344,109,174,127721,81,,No seleccionado,,Consultar
2,Licenciatura 2026,202,20205005,CIRUJANO DENTISTA,FES ZARAGOZA,Escolarizado,https://www.dgae.unam.mx/Licenciatura2026/resultados/2/20205005.html,125,2648,2344,109,174,127779,107,,No seleccionado,,Consultar
2,Licenciatura 2026,202,20205005,CIRUJANO DENTISTA,FES ZARAGOZA,Escolarizado,https://www.dgae.unam.mx/Licenciatura2026/resultados/2/20205005.html,125,2648,2344,109,174,127813,51,,No seleccionado,,Consultar
2,Licenciatura 2026,202,20205005,CIRUJANO DENTISTA,FES ZARAGOZA,Escolarizado,https://www.dgae.unam.mx/Licenciatura2026/resultados/2/20205005.html,125,2648,2344,109,174,127868,54,,No seleccionado,,Consultar
2,Licenciatura 2026,202,20205005,CIRUJANO DENTISTA,FES ZARAGOZA,Escolarizado,https://www.dgae.unam.mx/Licenciatura2026/resultados/2/20205005.html,125,2648,2344,109,174,127924,104,,No seleccionado,,Consultar
2,Licenciatura 2026,202,20205005,CIRUJANO DENTISTA,FES ZARAGOZA,Escolarizado,https://www.dgae.unam.mx/Licenciatura2026/resultados/2/20205005.html,125,2648,2344,109,174,127937,55,,No seleccionado,,Consultar
2,Licenciatura 2026,202,20205005,CIRUJANO DENTISTA,FES ZARAGOZA,Escolarizado,https://www.dgae.unam.mx/Licenciatura2026/resultados/2/20205005.html,125,2648,2344,109,174,127938,37,,No seleccionado,,Consultar
2,Licenciatura 2026,202,20205005,CIRUJANO DENTISTA,FES ZARAGOZA,Escolarizado,https://www.dgae.unam.mx/Licenciatura2026/resultados/2/20205005.html,125,2648,2344,109,174,127948,64,,No seleccionado,,Consultar
2,Licenciatura 2026,202,20205005,CIRUJANO DENTISTA,FES ZARAGOZA,Escolarizado,https://www.dgae.unam.mx/Licenciatura2026/resultados/2/20205005.html,125,2648,2344,109,174,127968,96,,No seleccionado,,Consultar
2,Licenciatura 2026,202,20205005,CIRUJANO DENTISTA,FES ZARAGOZA,Escolarizado,https://www.dgae.unam.mx/Licenciatura2026/resultados/2/20205005.html,125,2648,2344,109,174,128031,72,,No seleccionado,,Consultar
2,Licenciatura 2026,202,20205005,CIRUJANO DENTISTA,FES ZARAGOZA,Escolarizado,https://www.dgae.unam.mx/Licenciatura2026/resultados/2/20205005.html,125,2648,2344,109,174,128086,,N,No presentado,,Consultar
2,Licenciatura 2026,202,20205005,CIRUJANO DENTISTA,FES ZARAGOZA,Escolarizado,https://www.dgae.unam.mx/Licenciatura2026/resultados/2/20205005.html,125,2648,2344,109,174,128132,109,S,Seleccionado,Cita para entregar documentación.,Consultar
2,Licenciatura 2026,202,20205005,CIRUJANO DENTISTA,FES ZARAGOZA,Escolarizado,https://www.dgae.unam.mx/Licenciatura2026/resultados/2/20205005.html,125,2648,2344,109,174,128266,90,,No seleccionado,,Consultar
2,Licenciatura 2026,202,20205005,CIRUJANO DENTISTA,FES ZARAGOZA,Escolarizado,https://www.dgae.unam.mx/Licenciatura2026/resultados/2/20205005.html,125,2648,2344,109,174,128279,68,,No seleccionado,,Consultar
2,Licenciatura 2026,202,20205005,CIRUJANO DENTISTA,FES ZARAGOZA,Escolarizado,https://www.dgae.unam.mx/Licenciatura2026/resultados/2/20205005.html,125,2648,2344,109,174,128303,86,,No seleccionado,,Consultar
2,Licenciatura 2026,202,20205005,CIRUJANO DENTISTA,FES ZARAGOZA,Escolarizado,https://www.dgae.unam.mx/Licenciatura2026/resultados/2/20205005.html,125,2648,2344,109,174,128319,95,,No seleccionado,,Consultar
2,Licenciatura 2026,202,20205005,CIRUJANO DENTISTA,FES ZARAGOZA,Escolarizado,https://www.dgae.unam.mx/Licenciatura2026/resultados/2/20205005.html,125,2648,2344,109,174,128354,,,No seleccionado,Cita para aclarar situación escolar.,Consultar
2,Licenciatura 2026,202,20205005,CIRUJANO DENTISTA,FES ZARAGOZA,Escolarizado,https://www.dgae.unam.mx/Licenciatura2026/resultados/2/20205005.html,125,2648,2344,109,174,128356,96,,No seleccionado,,Consultar
2,Licenciatura 2026,202,20205005,CIRUJANO DENTISTA,FES ZARAGOZA,Escolarizado,https://www.dgae.unam.mx/Licenciatura2026/resultados/2/20205005.html,125,2648,2344,109,174,128398,83,,No seleccionado,,Consultar
2,Licenciatura 2026,202,20205005,CIRUJANO DENTISTA,FES ZARAGOZA,Escolarizado,https://www.dgae.unam.mx/Licenciatura2026/resultados/2/20205005.html,125,2648,2344,109,174,128428,98,,No seleccionado,,Consultar
2,Licenciatura 2026,202,20205005,CIRUJANO DENTISTA,FES ZARAGOZA,Escolarizado,https://www.dgae.unam.mx/Licenciatura2026/resultados/2/20205005.html,125,2648,2344,109,174,128473,,N,No presentado,,Consultar
2,Licenciatura 2026,202,20205005,CIRUJANO DENTISTA,FES ZARAGOZA,Escolarizado,https://www.dgae.unam.mx/Licenciatura2026/resultados/2/20205005.html,125,2648,2344,109,174,128503,108,,No seleccionado,,Consultar
2,Licenciatura 2026,202,20205005,CIRUJANO DENTISTA,FES ZARAGOZA,Escolarizado,https://www.dgae.unam.mx/Licenciatura2026/resultados/2/20205005.html,125,2648,2344,109,174,128561,38,,No seleccionado,,Consultar
2,Licenciatura 2026,202,20205005,CIRUJANO DENTISTA,FES ZARAGOZA,Escolarizado,https://www.dgae.unam.mx/Licenciatura2026/resultados/2/20205005.html,125,2648,2344,109,174,128565,33,,No seleccionado,,Consultar
2,Licenciatura 2026,202,20205005,CIRUJANO DENTISTA,FES ZARAGOZA,Escolarizado,https://www.dgae.unam.mx/Licenciatura2026/resultados/2/20205005.html,125,2648,2344,109,174,128630,36,,No seleccionado,,Consultar
2,Licenciatura 2026,202,20205005,CIRUJANO DENTISTA,FES ZARAGOZA,Escolarizado,https://www.dgae.unam.mx/Licenciatura2026/resultados/2/20205005.html,125,2648,2344,109,174,128637,104,,No seleccionado,,Consultar
2,Licenciatura 2026,202,20205005,CIRUJANO DENTISTA,FES ZARAGOZA,Escolarizado,https://www.dgae.unam.mx/Licenciatura2026/resultados/2/20205005.html,125,2648,2344,109,174,128652,42,,No seleccionado,,Consultar
2,Licenciatura 2026,202,20205005,CIRUJANO DENTISTA,FES ZARAGOZA,Escolarizado,https://www.dgae.unam.mx/Licenciatura2026/resultados/2/20205005.html,125,2648,2344,109,174,128683,,N,No presentado,,Consultar
2,Licenciatura 2026,202,20205005,CIRUJANO DENTISTA,FES ZARAGOZA,Escolarizado,https://www.dgae.unam.mx/Licenciatura2026/resultados/2/20205005.html,125,2648,2344,109,174,128718,103,,No seleccionado,,Consultar
2,Licenciatura 2026,202,20205005,CIRUJANO DENTISTA,FES ZARAGOZA,Escolarizado,https://www.dgae.unam.mx/Licenciatura2026/resultados/2/20205005.html,125,2648,2344,109,174,128770,47,,No seleccionado,,Consultar
2,Licenciatura 2026,202,20205005,CIRUJANO DENTISTA,FES ZARAGOZA,Escolarizado,https://www.dgae.unam.mx/Licenciatura2026/resultados/2/20205005.html,125,2648,2344,109,174,128773,98,,No seleccionado,,Consultar
2,Licenciatura 2026,202,20205005,CIRUJANO DENTISTA,FES ZARAGOZA,Escolarizado,https://www.dgae.unam.mx/Licenciatura2026/resultados/2/20205005.html,125,2648,2344,109,174,128778,,N,No presentado,,Consultar
2,Licenciatura 2026,202,20205005,CIRUJANO DENTISTA,FES ZARAGOZA,Escolarizado,https://www.dgae.unam.mx/Licenciatura2026/resultados/2/20205005.html,125,2648,2344,109,174,128793,42,,No seleccionado,,Consultar
2,Licenciatura 2026,202,20205005,CIRUJANO DENTISTA,FES ZARAGOZA,Escolarizado,https://www.dgae.unam.mx/Licenciatura2026/resultados/2/20205005.html,125,2648,2344,109,174,128813,34,,No seleccionado,,Consultar
2,Licenciatura 2026,202,20205005,CIRUJANO DENTISTA,FES ZARAGOZA,Escolarizado,https://www.dgae.unam.mx/Licenciatura2026/resultados/2/20205005.html,125,2648,2344,109,174,128854,82,,No seleccionado,,Consultar
2,Licenciatura 2026,202,20205005,CIRUJANO DENTISTA,FES ZARAGOZA,Escolarizado,https://www.dgae.unam.mx/Licenciatura2026/resultados/2/20205005.html,125,2648,2344,109,174,128859,100,,No seleccionado,,Consultar
2,Licenciatura 2026,202,20205005,CIRUJANO DENTISTA,FES ZARAGOZA,Escolarizado,https://www.dgae.unam.mx/Licenciatura2026/resultados/2/20205005.html,125,2648,2344,109,174,128902,80,,No seleccionado,,Consultar
2,Licenciatura 2026,202,20205005,CIRUJANO DENTISTA,FES ZARAGOZA,Escolarizado,https://www.dgae.unam.mx/Licenciatura2026/resultados/2/20205005.html,125,2648,2344,109,174,128950,35,,No seleccionado,,Consultar
2,Licenciatura 2026,202,20205005,CIRUJANO DENTISTA,FES ZARAGOZA,Escolarizado,https://www.dgae.unam.mx/Licenciatura2026/resultados/2/20205005.html,125,2648,2344,109,174,128952,101,,No seleccionado,,Consultar
2,Licenciatura 2026,202,20205005,CIRUJANO DENTISTA,FES ZARAGOZA,Escolarizado,https://www.dgae.unam.mx/Licenciatura2026/resultados/2/20205005.html,125,2648,2344,109,174,128956,106,,No seleccionado,,Consultar
2,Licenciatura 2026,202,20205005,CIRUJANO DENTISTA,FES ZARAGOZA,Escolarizado,https://www.dgae.unam.mx/Licenciatura2026/resultados/2/20205005.html,125,2648,2344,109,174,128976,110,S,Seleccionado,Cita para entregar documentación.,Consultar
2,Licenciatura 2026,202,20205005,CIRUJANO DENTISTA,FES ZARAGOZA,Escolarizado,https://www.dgae.unam.mx/Licenciatura2026/resultados/2/20205005.html,125,2648,2344,109,174,128993,36,,No seleccionado,,Consultar
2,Licenciatura 2026,202,20205005,CIRUJANO DENTISTA,FES ZARAGOZA,Escolarizado,https://www.dgae.unam.mx/Licenciatura2026/resultados/2/20205005.html,125,2648,2344,109,174,129027,81,,No seleccionado,,Consultar
2,Licenciatura 2026,202,20205005,CIRUJANO DENTISTA,FES ZARAGOZA,Escolarizado,https://www.dgae.unam.mx/Licenciatura2026/resultados/2/20205005.html,125,2648,2344,109,174,129038,27,,No seleccionado,,Consultar
2,Licenciatura 2026,202,20205005,CIRUJANO DENTISTA,FES ZARAGOZA,Escolarizado,https://www.dgae.unam.mx/Licenciatura2026/resultados/2/20205005.html,125,2648,2344,109,174,129054,68,,No seleccionado,,Consultar
2,Licenciatura 2026,202,20205005,CIRUJANO DENTISTA,FES ZARAGOZA,Escolarizado,https://www.dgae.unam.mx/Licenciatura2026/resultados/2/20205005.html,125,2648,2344,109,174,129084,32,,No seleccionado,,Consultar
2,Licenciatura 2026,202,20205005,CIRUJANO DENTISTA,FES ZARAGOZA,Escolarizado,https://www.dgae.unam.mx/Licenciatura2026/resultados/2/20205005.html,125,2648,2344,109,174,129103,,N,No presentado,,Consultar
2,Licenciatura 2026,202,20205005,CIRUJANO DENTISTA,FES ZARAGOZA,Escolarizado,https://www.dgae.unam.mx/Licenciatura2026/resultados/2/20205005.html,125,2648,2344,109,174,129105,84,,No seleccionado,,Consultar
2,Licenciatura 2026,202,20205005,CIRUJANO DENTISTA,FES ZARAGOZA,Escolarizado,https://www.dgae.unam.mx/Licenciatura2026/resultados/2/20205005.html,125,2648,2344,109,174,129113,58,,No seleccionado,,Consultar
2,Licenciatura 2026,202,20205005,CIRUJANO DENTISTA,FES ZARAGOZA,Escolarizado,https://www.dgae.unam.mx/Licenciatura2026/resultados/2/20205005.html,125,2648,2344,109,174,129125,109,S,Seleccionado,Cita para entregar documentación.,Consultar
2,Licenciatura 2026,202,20205005,CIRUJANO DENTISTA,FES ZARAGOZA,Escolarizado,https://www.dgae.unam.mx/Licenciatura2026/resultados/2/20205005.html,125,2648,2344,109,174,129128,100,,No seleccionado,,Consultar
2,Licenciatura 2026,202,20205005,CIRUJANO DENTISTA,FES ZARAGOZA,Escolarizado,https://www.dgae.unam.mx/Licenciatura2026/resultados/2/20205005.html,125,2648,2344,109,174,129130,119,S,Seleccionado,Cita para entregar documentación.,Consultar
2,Licenciatura 2026,202,20205005,CIRUJANO DENTISTA,FES ZARAGOZA,Escolarizado,https://www.dgae.unam.mx/Licenciatura2026/resultados/2/20205005.html,125,2648,2344,109,174,129221,61,,No seleccionado,,Consultar
2,Licenciatura 2026,202,20205005,CIRUJANO DENTISTA,FES ZARAGOZA,Escolarizado,https://www.dgae.unam.mx/Licenciatura2026/resultados/2/20205005.html,125,2648,2344,109,174,129231,106,,No seleccionado,,Consultar
2,Licenciatura 2026,202,20205005,CIRUJANO DENTISTA,FES ZARAGOZA,Escolarizado,https://www.dgae.unam.mx/Licenciatura2026/resultados/2/20205005.html,125,2648,2344,109,174,129256,56,,No seleccionado,,Consultar
2,Licenciatura 2026,202,20205005,CIRUJANO DENTISTA,FES ZARAGOZA,Escolarizado,https://www.dgae.unam.mx/Licenciatura2026/resultados/2/20205005.html,125,2648,2344,109,174,129287,96,,No seleccionado,,Consultar
2,Licenciatura 2026,202,20205005,CIRUJANO DENTISTA,FES ZARAGOZA,Escolarizado,https://www.dgae.unam.mx/Licenciatura2026/resultados/2/20205005.html,125,2648,2344,109,174,129294,94,,No seleccionado,,Consultar
2,Licenciatura 2026,202,20205005,CIRUJANO DENTISTA,FES ZARAGOZA,Escolarizado,https://www.dgae.unam.mx/Licenciatura2026/resultados/2/20205005.html,125,2648,2344,109,174,129303,87,,No seleccionado,,Consultar
2,Licenciatura 2026,202,20205005,CIRUJANO DENTISTA,FES ZARAGOZA,Escolarizado,https://www.dgae.unam.mx/Licenciatura2026/resultados/2/20205005.html,125,2648,2344,109,174,129338,58,,No seleccionado,,Consultar
2,Licenciatura 2026,202,20205005,CIRUJANO DENTISTA,FES ZARAGOZA,Escolarizado,https://www.dgae.unam.mx/Licenciatura2026/resultados/2/20205005.html,125,2648,2344,109,174,129348,,N,No presentado,,Consultar
2,Licenciatura 2026,202,20205005,CIRUJANO DENTISTA,FES ZARAGOZA,Escolarizado,https://www.dgae.unam.mx/Licenciatura2026/resultados/2/20205005.html,125,2648,2344,109,174,129371,60,,No seleccionado,,Consultar
2,Licenciatura 2026,202,20205005,CIRUJANO DENTISTA,FES ZARAGOZA,Escolarizado,https://www.dgae.unam.mx/Licenciatura2026/resultados/2/20205005.html,125,2648,2344,109,174,129392,87,,No seleccionado,,Consultar
2,Licenciatura 2026,202,20205005,CIRUJANO DENTISTA,FES ZARAGOZA,Escolarizado,https://www.dgae.unam.mx/Licenciatura2026/resultados/2/20205005.html,125,2648,2344,109,174,129394,98,,No seleccionado,,Consultar
2,Licenciatura 2026,202,20205005,CIRUJANO DENTISTA,FES ZARAGOZA,Escolarizado,https://www.dgae.unam.mx/Licenciatura2026/resultados/2/20205005.html,125,2648,2344,109,174,129494,99,,No seleccionado,,Consultar
2,Licenciatura 2026,202,20205005,CIRUJANO DENTISTA,FES ZARAGOZA,Escolarizado,https://www.dgae.unam.mx/Licenciatura2026/resultados/2/20205005.html,125,2648,2344,109,174,129499,59,,No seleccionado,,Consultar
2,Licenciatura 2026,202,20205005,CIRUJANO DENTISTA,FES ZARAGOZA,Escolarizado,https://www.dgae.unam.mx/Licenciatura2026/resultados/2/20205005.html,125,2648,2344,109,174,129511,95,,No seleccionado,,Consultar
2,Licenciatura 2026,202,20205005,CIRUJANO DENTISTA,FES ZARAGOZA,Escolarizado,https://www.dgae.unam.mx/Licenciatura2026/resultados/2/20205005.html,125,2648,2344,109,174,129593,99,,No seleccionado,,Consultar
2,Licenciatura 2026,202,20205005,CIRUJANO DENTISTA,FES ZARAGOZA,Escolarizado,https://www.dgae.unam.mx/Licenciatura2026/resultados/2/20205005.html,125,2648,2344,109,174,129594,60,,No seleccionado,,Consultar
2,Licenciatura 2026,202,20205005,CIRUJANO DENTISTA,FES ZARAGOZA,Escolarizado,https://www.dgae.unam.mx/Licenciatura2026/resultados/2/20205005.html,125,2648,2344,109,174,129636,73,,No seleccionado,,Consultar
2,Licenciatura 2026,202,20205005,CIRUJANO DENTISTA,FES ZARAGOZA,Escolarizado,https://www.dgae.unam.mx/Licenciatura2026/resultados/2/20205005.html,125,2648,2344,109,174,129644,96,,No seleccionado,,Consultar
2,Licenciatura 2026,202,20205005,CIRUJANO DENTISTA,FES ZARAGOZA,Escolarizado,https://www.dgae.unam.mx/Licenciatura2026/resultados/2/20205005.html,125,2648,2344,109,174,129660,37,,No seleccionado,,Consultar
2,Licenciatura 2026,202,20205005,CIRUJANO DENTISTA,FES ZARAGOZA,Escolarizado,https://www.dgae.unam.mx/Licenciatura2026/resultados/2/20205005.html,125,2648,2344,109,174,129664,62,,No seleccionado,,Consultar
2,Licenciatura 2026,202,20205005,CIRUJANO DENTISTA,FES ZARAGOZA,Escolarizado,https://www.dgae.unam.mx/Licenciatura2026/resultados/2/20205005.html,125,2648,2344,109,174,129672,97,,No seleccionado,,Consultar
2,Licenciatura 2026,202,20205005,CIRUJANO DENTISTA,FES ZARAGOZA,Escolarizado,https://www.dgae.unam.mx/Licenciatura2026/resultados/2/20205005.html,125,2648,2344,109,174,129685,76,,No seleccionado,,Consultar
2,Licenciatura 2026,202,20205005,CIRUJANO DENTISTA,FES ZARAGOZA,Escolarizado,https://www.dgae.unam.mx/Licenciatura2026/resultados/2/20205005.html,125,2648,2344,109,174,129766,68,,No seleccionado,,Consultar
2,Licenciatura 2026,202,20205005,CIRUJANO DENTISTA,FES ZARAGOZA,Escolarizado,https://www.dgae.unam.mx/Licenciatura2026/resultados/2/20205005.html,125,2648,2344,109,174,129789,24,,No seleccionado,,Consultar
2,Licenciatura 2026,202,20205005,CIRUJANO DENTISTA,FES ZARAGOZA,Escolarizado,https://www.dgae.unam.mx/Licenciatura2026/resultados/2/20205005.html,125,2648,2344,109,174,129843,47,,No seleccionado,,Consultar
2,Licenciatura 2026,202,20205005,CIRUJANO DENTISTA,FES ZARAGOZA,Escolarizado,https://www.dgae.unam.mx/Licenciatura2026/resultados/2/20205005.html,125,2648,2344,109,174,129845,58,,No seleccionado,,Consultar
2,Licenciatura 2026,202,20205005,CIRUJANO DENTISTA,FES ZARAGOZA,Escolarizado,https://www.dgae.unam.mx/Licenciatura2026/resultados/2/20205005.html,125,2648,2344,109,174,129871,101,,No seleccionado,,Consultar
2,Licenciatura 2026,202,20205005,CIRUJANO DENTISTA,FES ZARAGOZA,Escolarizado,https://www.dgae.unam.mx/Licenciatura2026/resultados/2/20205005.html,125,2648,2344,109,174,129887,64,,No seleccionado,,Consultar
2,Licenciatura 2026,202,20205005,CIRUJANO DENTISTA,FES ZARAGOZA,Escolarizado,https://www.dgae.unam.mx/Licenciatura2026/resultados/2/20205005.html,125,2648,2344,109,174,129902,67,,No seleccionado,,Consultar
2,Licenciatura 2026,202,20205005,CIRUJANO DENTISTA,FES ZARAGOZA,Escolarizado,https://www.dgae.unam.mx/Licenciatura2026/resultados/2/20205005.html,125,2648,2344,109,174,129930,41,,No seleccionado,,Consultar
2,Licenciatura 2026,202,20205005,CIRUJANO DENTISTA,FES ZARAGOZA,Escolarizado,https://www.dgae.unam.mx/Licenciatura2026/resultados/2/20205005.html,125,2648,2344,109,174,129943,81,,No seleccionado,,Consultar
2,Licenciatura 2026,202,20205005,CIRUJANO DENTISTA,FES ZARAGOZA,Escolarizado,https://www.dgae.unam.mx/Licenciatura2026/resultados/2/20205005.html,125,2648,2344,109,174,129981,28,,No seleccionado,,Consultar
2,Licenciatura 2026,202,20205005,CIRUJANO DENTISTA,FES ZARAGOZA,Escolarizado,https://www.dgae.unam.mx/Licenciatura2026/resultados/2/20205005.html,125,2648,2344,109,174,129986,51,,No seleccionado,,Consultar
2,Licenciatura 2026,202,20205005,CIRUJANO DENTISTA,FES ZARAGOZA,Escolarizado,https://www.dgae.unam.mx/Licenciatura2026/resultados/2/20205005.html,125,2648,2344,109,174,129988,99,,No seleccionado,,Consultar
2,Licenciatura 2026,202,20205005,CIRUJANO DENTISTA,FES ZARAGOZA,Escolarizado,https://www.dgae.unam.mx/Licenciatura2026/resultados/2/20205005.html,125,2648,2344,109,174,130003,,C,Cancelado,,Consultar
2,Licenciatura 2026,202,20205005,CIRUJANO DENTISTA,FES ZARAGOZA,Escolarizado,https://www.dgae.unam.mx/Licenciatura2026/resultados/2/20205005.html,125,2648,2344,109,174,130010,53,,No seleccionado,,Consultar
2,Licenciatura 2026,202,20205005,CIRUJANO DENTISTA,FES ZARAGOZA,Escolarizado,https://www.dgae.unam.mx/Licenciatura2026/resultados/2/20205005.html,125,2648,2344,109,174,130026,111,S,Seleccionado,Cita para entregar documentación.,Consultar
2,Licenciatura 2026,202,20205005,CIRUJANO DENTISTA,FES ZARAGOZA,Escolarizado,https://www.dgae.unam.mx/Licenciatura2026/resultados/2/20205005.html,125,2648,2344,109,174,130041,116,S,Seleccionado,,Consultar
2,Licenciatura 2026,202,20205005,CIRUJANO DENTISTA,FES ZARAGOZA,Escolarizado,https://www.dgae.unam.mx/Licenciatura2026/resultados/2/20205005.html,125,2648,2344,109,174,130089,56,,No seleccionado,,Consultar
2,Licenciatura 2026,202,20205005,CIRUJANO DENTISTA,FES ZARAGOZA,Escolarizado,https://www.dgae.unam.mx/Licenciatura2026/resultados/2/20205005.html,125,2648,2344,109,174,130279,46,,No seleccionado,,Consultar
2,Licenciatura 2026,202,20205005,CIRUJANO DENTISTA,FES ZARAGOZA,Escolarizado,https://www.dgae.unam.mx/Licenciatura2026/resultados/2/20205005.html,125,2648,2344,109,174,130325,103,,No seleccionado,,Consultar
2,Licenciatura 2026,202,20205005,CIRUJANO DENTISTA,FES ZARAGOZA,Escolarizado,https://www.dgae.unam.mx/Licenciatura2026/resultados/2/20205005.html,125,2648,2344,109,174,130327,32,,No seleccionado,,Consultar
2,Licenciatura 2026,202,20205005,CIRUJANO DENTISTA,FES ZARAGOZA,Escolarizado,https://www.dgae.unam.mx/Licenciatura2026/resultados/2/20205005.html,125,2648,2344,109,174,130381,63,,No seleccionado,,Consultar
2,Licenciatura 2026,202,20205005,CIRUJANO DENTISTA,FES ZARAGOZA,Escolarizado,https://www.dgae.unam.mx/Licenciatura2026/resultados/2/20205005.html,125,2648,2344,109,174,130414,91,,No seleccionado,,Consultar
2,Licenciatura 2026,202,20205005,CIRUJANO DENTISTA,FES ZARAGOZA,Escolarizado,https://www.dgae.unam.mx/Licenciatura2026/resultados/2/20205005.html,125,2648,2344,109,174,130463,68,,No seleccionado,,Consultar
2,Licenciatura 2026,202,20205005,CIRUJANO DENTISTA,FES ZARAGOZA,Escolarizado,https://www.dgae.unam.mx/Licenciatura2026/resultados/2/20205005.html,125,2648,2344,109,174,130481,99,,No seleccionado,,Consultar
2,Licenciatura 2026,202,20205005,CIRUJANO DENTISTA,FES ZARAGOZA,Escolarizado,https://www.dgae.unam.mx/Licenciatura2026/resultados/2/20205005.html,125,2648,2344,109,174,130492,,C,Cancelado,,Consultar
2,Licenciatura 2026,202,20205005,CIRUJANO DENTISTA,FES ZARAGOZA,Escolarizado,https://www.dgae.unam.mx/Licenciatura2026/resultados/2/20205005.html,125,2648,2344,109,174,130559,104,,No seleccionado,,Consultar
2,Licenciatura 2026,202,20205005,CIRUJANO DENTISTA,FES ZARAGOZA,Escolarizado,https://www.dgae.unam.mx/Licenciatura2026/resultados/2/20205005.html,125,2648,2344,109,174,130623,,N,No presentado,,Consultar
2,Licenciatura 2026,202,20205005,CIRUJANO DENTISTA,FES ZARAGOZA,Escolarizado,https://www.dgae.unam.mx/Licenciatura2026/resultados/2/20205005.html,125,2648,2344,109,174,130715,43,,No seleccionado,,Consultar
2,Licenciatura 2026,202,20205005,CIRUJANO DENTISTA,FES ZARAGOZA,Escolarizado,https://www.dgae.unam.mx/Licenciatura2026/resultados/2/20205005.html,125,2648,2344,109,174,130742,97,,No seleccionado,,Consultar
2,Licenciatura 2026,202,20205005,CIRUJANO DENTISTA,FES ZARAGOZA,Escolarizado,https://www.dgae.unam.mx/Licenciatura2026/resultados/2/20205005.html,125,2648,2344,109,174,130744,99,,No seleccionado,,Consultar
2,Licenciatura 2026,202,20205005,CIRUJANO DENTISTA,FES ZARAGOZA,Escolarizado,https://www.dgae.unam.mx/Licenciatura2026/resultados/2/20205005.html,125,2648,2344,109,174,130759,77,,No seleccionado,,Consultar
2,Licenciatura 2026,202,20205005,CIRUJANO DENTISTA,FES ZARAGOZA,Escolarizado,https://www.dgae.unam.mx/Licenciatura2026/resultados/2/20205005.html,125,2648,2344,109,174,130772,99,,No seleccionado,,Consultar
2,Licenciatura 2026,202,20205005,CIRUJANO DENTISTA,FES ZARAGOZA,Escolarizado,https://www.dgae.unam.mx/Licenciatura2026/resultados/2/20205005.html,125,2648,2344,109,174,130776,68,,No seleccionado,,Consultar
2,Licenciatura 2026,202,20205005,CIRUJANO DENTISTA,FES ZARAGOZA,Escolarizado,https://www.dgae.unam.mx/Licenciatura2026/resultados/2/20205005.html,125,2648,2344,109,174,130785,85,,No seleccionado,,Consultar
2,Licenciatura 2026,202,20205005,CIRUJANO DENTISTA,FES ZARAGOZA,Escolarizado,https://www.dgae.unam.mx/Licenciatura2026/resultados/2/20205005.html,125,2648,2344,109,174,130822,77,,No seleccionado,,Consultar
2,Licenciatura 2026,202,20205005,CIRUJANO DENTISTA,FES ZARAGOZA,Escolarizado,https://www.dgae.unam.mx/Licenciatura2026/resultados/2/20205005.html,125,2648,2344,109,174,130825,39,,No seleccionado,,Consultar
2,Licenciatura 2026,202,20205005,CIRUJANO DENTISTA,FES ZARAGOZA,Escolarizado,https://www.dgae.unam.mx/Licenciatura2026/resultados/2/20205005.html,125,2648,2344,109,174,130845,112,S,Seleccionado,Cita para entregar documentación.,Consultar
2,Licenciatura 2026,202,20205005,CIRUJANO DENTISTA,FES ZARAGOZA,Escolarizado,https://www.dgae.unam.mx/Licenciatura2026/resultados/2/20205005.html,125,2648,2344,109,174,130857,,C,Cancelado,,Consultar
2,Licenciatura 2026,202,20205005,CIRUJANO DENTISTA,FES ZARAGOZA,Escolarizado,https://www.dgae.unam.mx/Licenciatura2026/resultados/2/20205005.html,125,2648,2344,109,174,130963,59,,No seleccionado,,Consultar
2,Licenciatura 2026,202,20205005,CIRUJANO DENTISTA,FES ZARAGOZA,Escolarizado,https://www.dgae.unam.mx/Licenciatura2026/resultados/2/20205005.html,125,2648,2344,109,174,130977,52,,No seleccionado,,Consultar
2,Licenciatura 2026,202,20205005,CIRUJANO DENTISTA,FES ZARAGOZA,Escolarizado,https://www.dgae.unam.mx/Licenciatura2026/resultados/2/20205005.html,125,2648,2344,109,174,131046,81,,No seleccionado,,Consultar
2,Licenciatura 2026,202,20205005,CIRUJANO DENTISTA,FES ZARAGOZA,Escolarizado,https://www.dgae.unam.mx/Licenciatura2026/resultados/2/20205005.html,125,2648,2344,109,174,131077,48,,No seleccionado,,Consultar
2,Licenciatura 2026,202,20205005,CIRUJANO DENTISTA,FES ZARAGOZA,Escolarizado,https://www.dgae.unam.mx/Licenciatura2026/resultados/2/20205005.html,125,2648,2344,109,174,131126,39,,No seleccionado,,Consultar
2,Licenciatura 2026,202,20205005,CIRUJANO DENTISTA,FES ZARAGOZA,Escolarizado,https://www.dgae.unam.mx/Licenciatura2026/resultados/2/20205005.html,125,2648,2344,109,174,131131,98,,No seleccionado,,Consultar
2,Licenciatura 2026,202,20205005,CIRUJANO DENTISTA,FES ZARAGOZA,Escolarizado,https://www.dgae.unam.mx/Licenciatura2026/resultados/2/20205005.html,125,2648,2344,109,174,131135,48,,No seleccionado,,Consultar
2,Licenciatura 2026,202,20205005,CIRUJANO DENTISTA,FES ZARAGOZA,Escolarizado,https://www.dgae.unam.mx/Licenciatura2026/resultados/2/20205005.html,125,2648,2344,109,174,131193,36,,No seleccionado,,Consultar
2,Licenciatura 2026,202,20205005,CIRUJANO DENTISTA,FES ZARAGOZA,Escolarizado,https://www.dgae.unam.mx/Licenciatura2026/resultados/2/20205005.html,125,2648,2344,109,174,131199,83,,No seleccionado,,Consultar
2,Licenciatura 2026,202,20205005,CIRUJANO DENTISTA,FES ZARAGOZA,Escolarizado,https://www.dgae.unam.mx/Licenciatura2026/resultados/2/20205005.html,125,2648,2344,109,174,131200,28,,No seleccionado,,Consultar
2,Licenciatura 2026,202,20205005,CIRUJANO DENTISTA,FES ZARAGOZA,Escolarizado,https://www.dgae.unam.mx/Licenciatura2026/resultados/2/20205005.html,125,2648,2344,109,174,131204,99,,No seleccionado,,Consultar
2,Licenciatura 2026,202,20205005,CIRUJANO DENTISTA,FES ZARAGOZA,Escolarizado,https://www.dgae.unam.mx/Licenciatura2026/resultados/2/20205005.html,125,2648,2344,109,174,131216,37,,No seleccionado,,Consultar
2,Licenciatura 2026,202,20205005,CIRUJANO DENTISTA,FES ZARAGOZA,Escolarizado,https://www.dgae.unam.mx/Licenciatura2026/resultados/2/20205005.html,125,2648,2344,109,174,131243,65,,No seleccionado,,Consultar
2,Licenciatura 2026,202,20205005,CIRUJANO DENTISTA,FES ZARAGOZA,Escolarizado,https://www.dgae.unam.mx/Licenciatura2026/resultados/2/20205005.html,125,2648,2344,109,174,131255,112,S,Seleccionado,,Consultar
2,Licenciatura 2026,202,20205005,CIRUJANO DENTISTA,FES ZARAGOZA,Escolarizado,https://www.dgae.unam.mx/Licenciatura2026/resultados/2/20205005.html,125,2648,2344,109,174,131261,113,S,Seleccionado,Cita para entregar documentación.,Consultar
2,Licenciatura 2026,202,20205005,CIRUJANO DENTISTA,FES ZARAGOZA,Escolarizado,https://www.dgae.unam.mx/Licenciatura2026/resultados/2/20205005.html,125,2648,2344,109,174,131285,,N,No presentado,,Consultar
2,Licenciatura 2026,202,20205005,CIRUJANO DENTISTA,FES ZARAGOZA,Escolarizado,https://www.dgae.unam.mx/Licenciatura2026/resultados/2/20205005.html,125,2648,2344,109,174,131288,73,,No seleccionado,,Consultar
2,Licenciatura 2026,202,20205005,CIRUJANO DENTISTA,FES ZARAGOZA,Escolarizado,https://www.dgae.unam.mx/Licenciatura2026/resultados/2/20205005.html,125,2648,2344,109,174,131390,103,,No seleccionado,,Consultar
2,Licenciatura 2026,202,20205005,CIRUJANO DENTISTA,FES ZARAGOZA,Escolarizado,https://www.dgae.unam.mx/Licenciatura2026/resultados/2/20205005.html,125,2648,2344,109,174,131394,113,S,Seleccionado,Cita para entregar documentación.,Consultar
2,Licenciatura 2026,202,20205005,CIRUJANO DENTISTA,FES ZARAGOZA,Escolarizado,https://www.dgae.unam.mx/Licenciatura2026/resultados/2/20205005.html,125,2648,2344,109,174,131401,71,,No seleccionado,,Consultar
2,Licenciatura 2026,202,20205005,CIRUJANO DENTISTA,FES ZARAGOZA,Escolarizado,https://www.dgae.unam.mx/Licenciatura2026/resultados/2/20205005.html,125,2648,2344,109,174,131406,88,,No seleccionado,,Consultar
2,Licenciatura 2026,202,20205005,CIRUJANO DENTISTA,FES ZARAGOZA,Escolarizado,https://www.dgae.unam.mx/Licenciatura2026/resultados/2/20205005.html,125,2648,2344,109,174,131413,41,,No seleccionado,,Consultar
2,Licenciatura 2026,202,20205005,CIRUJANO DENTISTA,FES ZARAGOZA,Escolarizado,https://www.dgae.unam.mx/Licenciatura2026/resultados/2/20205005.html,125,2648,2344,109,174,131430,,C,Cancelado,,Consultar
2,Licenciatura 2026,202,20205005,CIRUJANO DENTISTA,FES ZARAGOZA,Escolarizado,https://www.dgae.unam.mx/Licenciatura2026/resultados/2/20205005.html,125,2648,2344,109,174,131435,90,,No seleccionado,,Consultar
2,Licenciatura 2026,202,20205005,CIRUJANO DENTISTA,FES ZARAGOZA,Escolarizado,https://www.dgae.unam.mx/Licenciatura2026/resultados/2/20205005.html,125,2648,2344,109,174,131466,42,,No seleccionado,,Consultar
2,Licenciatura 2026,202,20205005,CIRUJANO DENTISTA,FES ZARAGOZA,Escolarizado,https://www.dgae.unam.mx/Licenciatura2026/resultados/2/20205005.html,125,2648,2344,109,174,131484,87,,No seleccionado,,Consultar
2,Licenciatura 2026,202,20205005,CIRUJANO DENTISTA,FES ZARAGOZA,Escolarizado,https://www.dgae.unam.mx/Licenciatura2026/resultados/2/20205005.html,125,2648,2344,109,174,131494,74,,No seleccionado,,Consultar
2,Licenciatura 2026,202,20205005,CIRUJANO DENTISTA,FES ZARAGOZA,Escolarizado,https://www.dgae.unam.mx/Licenciatura2026/resultados/2/20205005.html,125,2648,2344,109,174,131502,101,,No seleccionado,,Consultar
2,Licenciatura 2026,202,20205005,CIRUJANO DENTISTA,FES ZARAGOZA,Escolarizado,https://www.dgae.unam.mx/Licenciatura2026/resultados/2/20205005.html,125,2648,2344,109,174,131531,79,,No seleccionado,,Consultar
2,Licenciatura 2026,202,20205005,CIRUJANO DENTISTA,FES ZARAGOZA,Escolarizado,https://www.dgae.unam.mx/Licenciatura2026/resultados/2/20205005.html,125,2648,2344,109,174,131569,94,,No seleccionado,,Consultar
2,Licenciatura 2026,202,20205005,CIRUJANO DENTISTA,FES ZARAGOZA,Escolarizado,https://www.dgae.unam.mx/Licenciatura2026/resultados/2/20205005.html,125,2648,2344,109,174,131580,69,,No seleccionado,,Consultar
2,Licenciatura 2026,202,20205005,CIRUJANO DENTISTA,FES ZARAGOZA,Escolarizado,https://www.dgae.unam.mx/Licenciatura2026/resultados/2/20205005.html,125,2648,2344,109,174,131586,57,,No seleccionado,,Consultar
2,Licenciatura 2026,202,20205005,CIRUJANO DENTISTA,FES ZARAGOZA,Escolarizado,https://www.dgae.unam.mx/Licenciatura2026/resultados/2/20205005.html,125,2648,2344,109,174,131590,116,S,Seleccionado,Cita para entregar documentación.,Consultar
2,Licenciatura 2026,202,20205005,CIRUJANO DENTISTA,FES ZARAGOZA,Escolarizado,https://www.dgae.unam.mx/Licenciatura2026/resultados/2/20205005.html,125,2648,2344,109,174,131594,66,,No seleccionado,,Consultar
2,Licenciatura 2026,202,20205005,CIRUJANO DENTISTA,FES ZARAGOZA,Escolarizado,https://www.dgae.unam.mx/Licenciatura2026/resultados/2/20205005.html,125,2648,2344,109,174,131623,81,,No seleccionado,,Consultar
2,Licenciatura 2026,202,20205005,CIRUJANO DENTISTA,FES ZARAGOZA,Escolarizado,https://www.dgae.unam.mx/Licenciatura2026/resultados/2/20205005.html,125,2648,2344,109,174,131626,34,,No seleccionado,,Consultar
2,Licenciatura 2026,202,20205005,CIRUJANO DENTISTA,FES ZARAGOZA,Escolarizado,https://www.dgae.unam.mx/Licenciatura2026/resultados/2/20205005.html,125,2648,2344,109,174,131647,,N,No presentado,,Consultar
2,Licenciatura 2026,202,20205005,CIRUJANO DENTISTA,FES ZARAGOZA,Escolarizado,https://www.dgae.unam.mx/Licenciatura2026/resultados/2/20205005.html,125,2648,2344,109,174,131651,36,,No seleccionado,,Consultar
2,Licenciatura 2026,202,20205005,CIRUJANO DENTISTA,FES ZARAGOZA,Escolarizado,https://www.dgae.unam.mx/Licenciatura2026/resultados/2/20205005.html,125,2648,2344,109,174,131691,90,,No seleccionado,,Consultar
2,Licenciatura 2026,202,20205005,CIRUJANO DENTISTA,FES ZARAGOZA,Escolarizado,https://www.dgae.unam.mx/Licenciatura2026/resultados/2/20205005.html,125,2648,2344,109,174,131729,89,,No seleccionado,,Consultar
2,Licenciatura 2026,202,20205005,CIRUJANO DENTISTA,FES ZARAGOZA,Escolarizado,https://www.dgae.unam.mx/Licenciatura2026/resultados/2/20205005.html,125,2648,2344,109,174,131736,94,,No seleccionado,,Consultar
2,Licenciatura 2026,202,20205005,CIRUJANO DENTISTA,FES ZARAGOZA,Escolarizado,https://www.dgae.unam.mx/Licenciatura2026/resultados/2/20205005.html,125,2648,2344,109,174,131775,109,S,Seleccionado,,Consultar
2,Licenciatura 2026,202,20205005,CIRUJANO DENTISTA,FES ZARAGOZA,Escolarizado,https://www.dgae.unam.mx/Licenciatura2026/resultados/2/20205005.html,125,2648,2344,109,174,131805,46,,No seleccionado,,Consultar
2,Licenciatura 2026,202,20205005,CIRUJANO DENTISTA,FES ZARAGOZA,Escolarizado,https://www.dgae.unam.mx/Licenciatura2026/resultados/2/20205005.html,125,2648,2344,109,174,131807,112,S,Seleccionado,,Consultar
2,Licenciatura 2026,202,20205005,CIRUJANO DENTISTA,FES ZARAGOZA,Escolarizado,https://www.dgae.unam.mx/Licenciatura2026/resultados/2/20205005.html,125,2648,2344,109,174,131876,80,,No seleccionado,,Consultar
2,Licenciatura 2026,202,20205005,CIRUJANO DENTISTA,FES ZARAGOZA,Escolarizado,https://www.dgae.unam.mx/Licenciatura2026/resultados/2/20205005.html,125,2648,2344,109,174,131904,106,,No seleccionado,,Consultar
2,Licenciatura 2026,202,20205005,CIRUJANO DENTISTA,FES ZARAGOZA,Escolarizado,https://www.dgae.unam.mx/Licenciatura2026/resultados/2/20205005.html,125,2648,2344,109,174,131986,32,,No seleccionado,,Consultar
2,Licenciatura 2026,202,20205005,CIRUJANO DENTISTA,FES ZARAGOZA,Escolarizado,https://www.dgae.unam.mx/Licenciatura2026/resultados/2/20205005.html,125,2648,2344,109,174,131989,,C,Cancelado,,Consultar
2,Licenciatura 2026,202,20205005,CIRUJANO DENTISTA,FES ZARAGOZA,Escolarizado,https://www.dgae.unam.mx/Licenciatura2026/resultados/2/20205005.html,125,2648,2344,109,174,132020,40,,No seleccionado,,Consultar
2,Licenciatura 2026,202,20205005,CIRUJANO DENTISTA,FES ZARAGOZA,Escolarizado,https://www.dgae.unam.mx/Licenciatura2026/resultados/2/20205005.html,125,2648,2344,109,174,132063,105,,No seleccionado,,Consultar
2,Licenciatura 2026,202,20205005,CIRUJANO DENTISTA,FES ZARAGOZA,Escolarizado,https://www.dgae.unam.mx/Licenciatura2026/resultados/2/20205005.html,125,2648,2344,109,174,132081,46,,No seleccionado,,Consultar
2,Licenciatura 2026,202,20205005,CIRUJANO DENTISTA,FES ZARAGOZA,Escolarizado,https://www.dgae.unam.mx/Licenciatura2026/resultados/2/20205005.html,125,2648,2344,109,174,132094,46,,No seleccionado,,Consultar
2,Licenciatura 2026,202,20205005,CIRUJANO DENTISTA,FES ZARAGOZA,Escolarizado,https://www.dgae.unam.mx/Licenciatura2026/resultados/2/20205005.html,125,2648,2344,109,174,132118,106,,No seleccionado,,Consultar
2,Licenciatura 2026,202,20205005,CIRUJANO DENTISTA,FES ZARAGOZA,Escolarizado,https://www.dgae.unam.mx/Licenciatura2026/resultados/2/20205005.html,125,2648,2344,109,174,132122,98,,No seleccionado,,Consultar
2,Licenciatura 2026,202,20205005,CIRUJANO DENTISTA,FES ZARAGOZA,Escolarizado,https://www.dgae.unam.mx/Licenciatura2026/resultados/2/20205005.html,125,2648,2344,109,174,132164,,C,Cancelado,,Consultar
2,Licenciatura 2026,202,20205005,CIRUJANO DENTISTA,FES ZARAGOZA,Escolarizado,https://www.dgae.unam.mx/Licenciatura2026/resultados/2/20205005.html,125,2648,2344,109,174,132219,90,,No seleccionado,,Consultar
2,Licenciatura 2026,202,20205005,CIRUJANO DENTISTA,FES ZARAGOZA,Escolarizado,https://www.dgae.unam.mx/Licenciatura2026/resultados/2/20205005.html,125,2648,2344,109,174,132226,95,,No seleccionado,,Consultar
2,Licenciatura 2026,202,20205005,CIRUJANO DENTISTA,FES ZARAGOZA,Escolarizado,https://www.dgae.unam.mx/Licenciatura2026/resultados/2/20205005.html,125,2648,2344,109,174,132254,97,,No seleccionado,,Consultar
2,Licenciatura 2026,202,20205005,CIRUJANO DENTISTA,FES ZARAGOZA,Escolarizado,https://www.dgae.unam.mx/Licenciatura2026/resultados/2/20205005.html,125,2648,2344,109,174,132264,32,,No seleccionado,,Consultar
2,Licenciatura 2026,202,20205005,CIRUJANO DENTISTA,FES ZARAGOZA,Escolarizado,https://www.dgae.unam.mx/Licenciatura2026/resultados/2/20205005.html,125,2648,2344,109,174,132273,31,,No seleccionado,,Consultar
2,Licenciatura 2026,202,20205005,CIRUJANO DENTISTA,FES ZARAGOZA,Escolarizado,https://www.dgae.unam.mx/Licenciatura2026/resultados/2/20205005.html,125,2648,2344,109,174,132277,99,,No seleccionado,,Consultar
2,Licenciatura 2026,202,20205005,CIRUJANO DENTISTA,FES ZARAGOZA,Escolarizado,https://www.dgae.unam.mx/Licenciatura2026/resultados/2/20205005.html,125,2648,2344,109,174,132311,75,,No seleccionado,,Consultar
2,Licenciatura 2026,202,20205005,CIRUJANO DENTISTA,FES ZARAGOZA,Escolarizado,https://www.dgae.unam.mx/Licenciatura2026/resultados/2/20205005.html,125,2648,2344,109,174,132338,,C,Cancelado,,Consultar
2,Licenciatura 2026,202,20205005,CIRUJANO DENTISTA,FES ZARAGOZA,Escolarizado,https://www.dgae.unam.mx/Licenciatura2026/resultados/2/20205005.html,125,2648,2344,109,174,132340,105,,No seleccionado,,Consultar
2,Licenciatura 2026,202,20205005,CIRUJANO DENTISTA,FES ZARAGOZA,Escolarizado,https://www.dgae.unam.mx/Licenciatura2026/resultados/2/20205005.html,125,2648,2344,109,174,132342,99,,No seleccionado,,Consultar
2,Licenciatura 2026,202,20205005,CIRUJANO DENTISTA,FES ZARAGOZA,Escolarizado,https://www.dgae.unam.mx/Licenciatura2026/resultados/2/20205005.html,125,2648,2344,109,174,132345,44,,No seleccionado,,Consultar
2,Licenciatura 2026,202,20205005,CIRUJANO DENTISTA,FES ZARAGOZA,Escolarizado,https://www.dgae.unam.mx/Licenciatura2026/resultados/2/20205005.html,125,2648,2344,109,174,132354,93,,No seleccionado,,Consultar
2,Licenciatura 2026,202,20205005,CIRUJANO DENTISTA,FES ZARAGOZA,Escolarizado,https://www.dgae.unam.mx/Licenciatura2026/resultados/2/20205005.html,125,2648,2344,109,174,132359,60,,No seleccionado,,Consultar
2,Licenciatura 2026,202,20205005,CIRUJANO DENTISTA,FES ZARAGOZA,Escolarizado,https://www.dgae.unam.mx/Licenciatura2026/resultados/2/20205005.html,125,2648,2344,109,174,132406,,C,Cancelado,,Consultar
2,Licenciatura 2026,202,20205005,CIRUJANO DENTISTA,FES ZARAGOZA,Escolarizado,https://www.dgae.unam.mx/Licenciatura2026/resultados/2/20205005.html,125,2648,2344,109,174,132420,27,,No seleccionado,,Consultar
2,Licenciatura 2026,202,20205005,CIRUJANO DENTISTA,FES ZARAGOZA,Escolarizado,https://www.dgae.unam.mx/Licenciatura2026/resultados/2/20205005.html,125,2648,2344,109,174,132486,94,,No seleccionado,,Consultar
2,Licenciatura 2026,202,20205005,CIRUJANO DENTISTA,FES ZARAGOZA,Escolarizado,https://www.dgae.unam.mx/Licenciatura2026/resultados/2/20205005.html,125,2648,2344,109,174,132501,97,,No seleccionado,,Consultar
2,Licenciatura 2026,202,20205005,CIRUJANO DENTISTA,FES ZARAGOZA,Escolarizado,https://www.dgae.unam.mx/Licenciatura2026/resultados/2/20205005.html,125,2648,2344,109,174,132509,107,,No seleccionado,,Consultar
2,Licenciatura 2026,202,20205005,CIRUJANO DENTISTA,FES ZARAGOZA,Escolarizado,https://www.dgae.unam.mx/Licenciatura2026/resultados/2/20205005.html,125,2648,2344,109,174,132539,55,,No seleccionado,,Consultar
2,Licenciatura 2026,202,20205005,CIRUJANO DENTISTA,FES ZARAGOZA,Escolarizado,https://www.dgae.unam.mx/Licenciatura2026/resultados/2/20205005.html,125,2648,2344,109,174,132544,36,,No seleccionado,,Consultar
2,Licenciatura 2026,202,20205005,CIRUJANO DENTISTA,FES ZARAGOZA,Escolarizado,https://www.dgae.unam.mx/Licenciatura2026/resultados/2/20205005.html,125,2648,2344,109,174,132552,43,,No seleccionado,,Consultar
2,Licenciatura 2026,202,20205005,CIRUJANO DENTISTA,FES ZARAGOZA,Escolarizado,https://www.dgae.unam.mx/Licenciatura2026/resultados/2/20205005.html,125,2648,2344,109,174,132611,38,,No seleccionado,,Consultar
2,Licenciatura 2026,202,20205005,CIRUJANO DENTISTA,FES ZARAGOZA,Escolarizado,https://www.dgae.unam.mx/Licenciatura2026/resultados/2/20205005.html,125,2648,2344,109,174,132641,39,,No seleccionado,,Consultar
2,Licenciatura 2026,202,20205005,CIRUJANO DENTISTA,FES ZARAGOZA,Escolarizado,https://www.dgae.unam.mx/Licenciatura2026/resultados/2/20205005.html,125,2648,2344,109,174,132652,,N,No presentado,,Consultar
2,Licenciatura 2026,202,20205005,CIRUJANO DENTISTA,FES ZARAGOZA,Escolarizado,https://www.dgae.unam.mx/Licenciatura2026/resultados/2/20205005.html,125,2648,2344,109,174,132656,105,,No seleccionado,,Consultar
2,Licenciatura 2026,202,20205005,CIRUJANO DENTISTA,FES ZARAGOZA,Escolarizado,https://www.dgae.unam.mx/Licenciatura2026/resultados/2/20205005.html,125,2648,2344,109,174,132680,,N,No presentado,,Consultar
2,Licenciatura 2026,202,20205005,CIRUJANO DENTISTA,FES ZARAGOZA,Escolarizado,https://www.dgae.unam.mx/Licenciatura2026/resultados/2/20205005.html,125,2648,2344,109,174,132739,52,,No seleccionado,,Consultar
2,Licenciatura 2026,202,20205005,CIRUJANO DENTISTA,FES ZARAGOZA,Escolarizado,https://www.dgae.unam.mx/Licenciatura2026/resultados/2/20205005.html,125,2648,2344,109,174,132748,,C,Cancelado,,Consultar
2,Licenciatura 2026,202,20205005,CIRUJANO DENTISTA,FES ZARAGOZA,Escolarizado,https://www.dgae.unam.mx/Licenciatura2026/resultados/2/20205005.html,125,2648,2344,109,174,132804,100,,No seleccionado,,Consultar
2,Licenciatura 2026,202,20205005,CIRUJANO DENTISTA,FES ZARAGOZA,Escolarizado,https://www.dgae.unam.mx/Licenciatura2026/resultados/2/20205005.html,125,2648,2344,109,174,132811,64,,No seleccionado,,Consultar
2,Licenciatura 2026,202,20205005,CIRUJANO DENTISTA,FES ZARAGOZA,Escolarizado,https://www.dgae.unam.mx/Licenciatura2026/resultados/2/20205005.html,125,2648,2344,109,174,132878,94,,No seleccionado,,Consultar
2,Licenciatura 2026,202,20205005,CIRUJANO DENTISTA,FES ZARAGOZA,Escolarizado,https://www.dgae.unam.mx/Licenciatura2026/resultados/2/20205005.html,125,2648,2344,109,174,132908,95,,No seleccionado,,Consultar
2,Licenciatura 2026,202,20205005,CIRUJANO DENTISTA,FES ZARAGOZA,Escolarizado,https://www.dgae.unam.mx/Licenciatura2026/resultados/2/20205005.html,125,2648,2344,109,174,132909,76,,No seleccionado,,Consultar
2,Licenciatura 2026,202,20205005,CIRUJANO DENTISTA,FES ZARAGOZA,Escolarizado,https://www.dgae.unam.mx/Licenciatura2026/resultados/2/20205005.html,125,2648,2344,109,174,132943,104,,No seleccionado,,Consultar
2,Licenciatura 2026,202,20205005,CIRUJANO DENTISTA,FES ZARAGOZA,Escolarizado,https://www.dgae.unam.mx/Licenciatura2026/resultados/2/20205005.html,125,2648,2344,109,174,132944,62,,No seleccionado,,Consultar
2,Licenciatura 2026,202,20205005,CIRUJANO DENTISTA,FES ZARAGOZA,Escolarizado,https://www.dgae.unam.mx/Licenciatura2026/resultados/2/20205005.html,125,2648,2344,109,174,132947,36,,No seleccionado,,Consultar
2,Licenciatura 2026,202,20205005,CIRUJANO DENTISTA,FES ZARAGOZA,Escolarizado,https://www.dgae.unam.mx/Licenciatura2026/resultados/2/20205005.html,125,2648,2344,109,174,132985,98,,No seleccionado,,Consultar
2,Licenciatura 2026,202,20205005,CIRUJANO DENTISTA,FES ZARAGOZA,Escolarizado,https://www.dgae.unam.mx/Licenciatura2026/resultados/2/20205005.html,125,2648,2344,109,174,132995,74,,No seleccionado,,Consultar
2,Licenciatura 2026,202,20205005,CIRUJANO DENTISTA,FES ZARAGOZA,Escolarizado,https://www.dgae.unam.mx/Licenciatura2026/resultados/2/20205005.html,125,2648,2344,109,174,133026,79,,No seleccionado,,Consultar
2,Licenciatura 2026,202,20205005,CIRUJANO DENTISTA,FES ZARAGOZA,Escolarizado,https://www.dgae.unam.mx/Licenciatura2026/resultados/2/20205005.html,125,2648,2344,109,174,133045,66,,No seleccionado,,Consultar
2,Licenciatura 2026,202,20205005,CIRUJANO DENTISTA,FES ZARAGOZA,Escolarizado,https://www.dgae.unam.mx/Licenciatura2026/resultados/2/20205005.html,125,2648,2344,109,174,133064,29,,No seleccionado,,Consultar
2,Licenciatura 2026,202,20205005,CIRUJANO DENTISTA,FES ZARAGOZA,Escolarizado,https://www.dgae.unam.mx/Licenciatura2026/resultados/2/20205005.html,125,2648,2344,109,174,133067,40,,No seleccionado,,Consultar
2,Licenciatura 2026,202,20205005,CIRUJANO DENTISTA,FES ZARAGOZA,Escolarizado,https://www.dgae.unam.mx/Licenciatura2026/resultados/2/20205005.html,125,2648,2344,109,174,133077,82,,No seleccionado,,Consultar
2,Licenciatura 2026,202,20205005,CIRUJANO DENTISTA,FES ZARAGOZA,Escolarizado,https://www.dgae.unam.mx/Licenciatura2026/resultados/2/20205005.html,125,2648,2344,109,174,133107,,N,No presentado,,Consultar
2,Licenciatura 2026,202,20205005,CIRUJANO DENTISTA,FES ZARAGOZA,Escolarizado,https://www.dgae.unam.mx/Licenciatura2026/resultados/2/20205005.html,125,2648,2344,109,174,133126,96,,No seleccionado,,Consultar
2,Licenciatura 2026,202,20205005,CIRUJANO DENTISTA,FES ZARAGOZA,Escolarizado,https://www.dgae.unam.mx/Licenciatura2026/resultados/2/20205005.html,125,2648,2344,109,174,133128,48,,No seleccionado,,Consultar
2,Licenciatura 2026,202,20205005,CIRUJANO DENTISTA,FES ZARAGOZA,Escolarizado,https://www.dgae.unam.mx/Licenciatura2026/resultados/2/20205005.html,125,2648,2344,109,174,133132,82,,No seleccionado,,Consultar
2,Licenciatura 2026,202,20205005,CIRUJANO DENTISTA,FES ZARAGOZA,Escolarizado,https://www.dgae.unam.mx/Licenciatura2026/resultados/2/20205005.html,125,2648,2344,109,174,133138,,N,No presentado,,Consultar
2,Licenciatura 2026,202,20205005,CIRUJANO DENTISTA,FES ZARAGOZA,Escolarizado,https://www.dgae.unam.mx/Licenciatura2026/resultados/2/20205005.html,125,2648,2344,109,174,133158,111,S,Seleccionado,Cita para entregar documentación.,Consultar
2,Licenciatura 2026,202,20205005,CIRUJANO DENTISTA,FES ZARAGOZA,Escolarizado,https://www.dgae.unam.mx/Licenciatura2026/resultados/2/20205005.html,125,2648,2344,109,174,133165,45,,No seleccionado,,Consultar
2,Licenciatura 2026,202,20205005,CIRUJANO DENTISTA,FES ZARAGOZA,Escolarizado,https://www.dgae.unam.mx/Licenciatura2026/resultados/2/20205005.html,125,2648,2344,109,174,133181,52,,No seleccionado,,Consultar
2,Licenciatura 2026,202,20205005,CIRUJANO DENTISTA,FES ZARAGOZA,Escolarizado,https://www.dgae.unam.mx/Licenciatura2026/resultados/2/20205005.html,125,2648,2344,109,174,133192,27,,No seleccionado,,Consultar
2,Licenciatura 2026,202,20205005,CIRUJANO DENTISTA,FES ZARAGOZA,Escolarizado,https://www.dgae.unam.mx/Licenciatura2026/resultados/2/20205005.html,125,2648,2344,109,174,133200,109,S,Seleccionado,Cita para entregar documentación.,Consultar
2,Licenciatura 2026,202,20205005,CIRUJANO DENTISTA,FES ZARAGOZA,Escolarizado,https://www.dgae.unam.mx/Licenciatura2026/resultados/2/20205005.html,125,2648,2344,109,174,133215,103,,No seleccionado,,Consultar
2,Licenciatura 2026,202,20205005,CIRUJANO DENTISTA,FES ZARAGOZA,Escolarizado,https://www.dgae.unam.mx/Licenciatura2026/resultados/2/20205005.html,125,2648,2344,109,174,133219,65,,No seleccionado,,Consultar
2,Licenciatura 2026,202,20205005,CIRUJANO DENTISTA,FES ZARAGOZA,Escolarizado,https://www.dgae.unam.mx/Licenciatura2026/resultados/2/20205005.html,125,2648,2344,109,174,133237,39,,No seleccionado,,Consultar
2,Licenciatura 2026,202,20205005,CIRUJANO DENTISTA,FES ZARAGOZA,Escolarizado,https://www.dgae.unam.mx/Licenciatura2026/resultados/2/20205005.html,125,2648,2344,109,174,133273,89,,No seleccionado,,Consultar
2,Licenciatura 2026,202,20205005,CIRUJANO DENTISTA,FES ZARAGOZA,Escolarizado,https://www.dgae.unam.mx/Licenciatura2026/resultados/2/20205005.html,125,2648,2344,109,174,133279,94,,No seleccionado,,Consultar
2,Licenciatura 2026,202,20205005,CIRUJANO DENTISTA,FES ZARAGOZA,Escolarizado,https://www.dgae.unam.mx/Licenciatura2026/resultados/2/20205005.html,125,2648,2344,109,174,133280,,N,No presentado,,Consultar
2,Licenciatura 2026,202,20205005,CIRUJANO DENTISTA,FES ZARAGOZA,Escolarizado,https://www.dgae.unam.mx/Licenciatura2026/resultados/2/20205005.html,125,2648,2344,109,174,133318,40,,No seleccionado,,Consultar
2,Licenciatura 2026,202,20205005,CIRUJANO DENTISTA,FES ZARAGOZA,Escolarizado,https://www.dgae.unam.mx/Licenciatura2026/resultados/2/20205005.html,125,2648,2344,109,174,133350,116,S,Seleccionado,Cita para entregar documentación.,Consultar
2,Licenciatura 2026,202,20205005,CIRUJANO DENTISTA,FES ZARAGOZA,Escolarizado,https://www.dgae.unam.mx/Licenciatura2026/resultados/2/20205005.html,125,2648,2344,109,174,133375,110,S,Seleccionado,Cita para entregar documentación.,Consultar
2,Licenciatura 2026,202,20205005,CIRUJANO DENTISTA,FES ZARAGOZA,Escolarizado,https://www.dgae.unam.mx/Licenciatura2026/resultados/2/20205005.html,125,2648,2344,109,174,133379,32,,No seleccionado,,Consultar
2,Licenciatura 2026,202,20205005,CIRUJANO DENTISTA,FES ZARAGOZA,Escolarizado,https://www.dgae.unam.mx/Licenciatura2026/resultados/2/20205005.html,125,2648,2344,109,174,133418,88,,No seleccionado,,Consultar
2,Licenciatura 2026,202,20205005,CIRUJANO DENTISTA,FES ZARAGOZA,Escolarizado,https://www.dgae.unam.mx/Licenciatura2026/resultados/2/20205005.html,125,2648,2344,109,174,133446,106,,No seleccionado,,Consultar
2,Licenciatura 2026,202,20205005,CIRUJANO DENTISTA,FES ZARAGOZA,Escolarizado,https://www.dgae.unam.mx/Licenciatura2026/resultados/2/20205005.html,125,2648,2344,109,174,133468,84,,No seleccionado,,Consultar
2,Licenciatura 2026,202,20205005,CIRUJANO DENTISTA,FES ZARAGOZA,Escolarizado,https://www.dgae.unam.mx/Licenciatura2026/resultados/2/20205005.html,125,2648,2344,109,174,133476,,N,No presentado,,Consultar
2,Licenciatura 2026,202,20205005,CIRUJANO DENTISTA,FES ZARAGOZA,Escolarizado,https://www.dgae.unam.mx/Licenciatura2026/resultados/2/20205005.html,125,2648,2344,109,174,133509,36,,No seleccionado,,Consultar
2,Licenciatura 2026,202,20205005,CIRUJANO DENTISTA,FES ZARAGOZA,Escolarizado,https://www.dgae.unam.mx/Licenciatura2026/resultados/2/20205005.html,125,2648,2344,109,174,133522,61,,No seleccionado,,Consultar
2,Licenciatura 2026,202,20205005,CIRUJANO DENTISTA,FES ZARAGOZA,Escolarizado,https://www.dgae.unam.mx/Licenciatura2026/resultados/2/20205005.html,125,2648,2344,109,174,133538,,N,No presentado,,Consultar
2,Licenciatura 2026,202,20205005,CIRUJANO DENTISTA,FES ZARAGOZA,Escolarizado,https://www.dgae.unam.mx/Licenciatura2026/resultados/2/20205005.html,125,2648,2344,109,174,133554,28,,No seleccionado,,Consultar
2,Licenciatura 2026,202,20205005,CIRUJANO DENTISTA,FES ZARAGOZA,Escolarizado,https://www.dgae.unam.mx/Licenciatura2026/resultados/2/20205005.html,125,2648,2344,109,174,133568,40,,No seleccionado,,Consultar
2,Licenciatura 2026,202,20205005,CIRUJANO DENTISTA,FES ZARAGOZA,Escolarizado,https://www.dgae.unam.mx/Licenciatura2026/resultados/2/20205005.html,125,2648,2344,109,174,133593,111,S,Seleccionado,Cita para entregar documentación.,Consultar
2,Licenciatura 2026,202,20205005,CIRUJANO DENTISTA,FES ZARAGOZA,Escolarizado,https://www.dgae.unam.mx/Licenciatura2026/resultados/2/20205005.html,125,2648,2344,109,174,133627,30,,No seleccionado,,Consultar
2,Licenciatura 2026,202,20205005,CIRUJANO DENTISTA,FES ZARAGOZA,Escolarizado,https://www.dgae.unam.mx/Licenciatura2026/resultados/2/20205005.html,125,2648,2344,109,174,133729,36,,No seleccionado,,Consultar
2,Licenciatura 2026,202,20205005,CIRUJANO DENTISTA,FES ZARAGOZA,Escolarizado,https://www.dgae.unam.mx/Licenciatura2026/resultados/2/20205005.html,125,2648,2344,109,174,133731,112,S,Seleccionado,Cita para entregar documentación.,Consultar
2,Licenciatura 2026,202,20205005,CIRUJANO DENTISTA,FES ZARAGOZA,Escolarizado,https://www.dgae.unam.mx/Licenciatura2026/resultados/2/20205005.html,125,2648,2344,109,174,133737,,C,Cancelado,,Consultar
2,Licenciatura 2026,202,20205005,CIRUJANO DENTISTA,FES ZARAGOZA,Escolarizado,https://www.dgae.unam.mx/Licenciatura2026/resultados/2/20205005.html,125,2648,2344,109,174,133746,103,,No seleccionado,,Consultar
2,Licenciatura 2026,202,20205005,CIRUJANO DENTISTA,FES ZARAGOZA,Escolarizado,https://www.dgae.unam.mx/Licenciatura2026/resultados/2/20205005.html,125,2648,2344,109,174,133768,58,,No seleccionado,,Consultar
2,Licenciatura 2026,202,20205005,CIRUJANO DENTISTA,FES ZARAGOZA,Escolarizado,https://www.dgae.unam.mx/Licenciatura2026/resultados/2/20205005.html,125,2648,2344,109,174,133774,97,,No seleccionado,,Consultar
2,Licenciatura 2026,202,20205005,CIRUJANO DENTISTA,FES ZARAGOZA,Escolarizado,https://www.dgae.unam.mx/Licenciatura2026/resultados/2/20205005.html,125,2648,2344,109,174,133788,37,,No seleccionado,,Consultar
2,Licenciatura 2026,202,20205005,CIRUJANO DENTISTA,FES ZARAGOZA,Escolarizado,https://www.dgae.unam.mx/Licenciatura2026/resultados/2/20205005.html,125,2648,2344,109,174,133840,48,,No seleccionado,,Consultar
2,Licenciatura 2026,202,20205005,CIRUJANO DENTISTA,FES ZARAGOZA,Escolarizado,https://www.dgae.unam.mx/Licenciatura2026/resultados/2/20205005.html,125,2648,2344,109,174,133881,,N,No presentado,,Consultar
2,Licenciatura 2026,202,20205005,CIRUJANO DENTISTA,FES ZARAGOZA,Escolarizado,https://www.dgae.unam.mx/Licenciatura2026/resultados/2/20205005.html,125,2648,2344,109,174,133911,57,,No seleccionado,,Consultar
2,Licenciatura 2026,202,20205005,CIRUJANO DENTISTA,FES ZARAGOZA,Escolarizado,https://www.dgae.unam.mx/Licenciatura2026/resultados/2/20205005.html,125,2648,2344,109,174,133919,107,,No seleccionado,,Consultar
2,Licenciatura 2026,202,20205005,CIRUJANO DENTISTA,FES ZARAGOZA,Escolarizado,https://www.dgae.unam.mx/Licenciatura2026/resultados/2/20205005.html,125,2648,2344,109,174,133976,79,,No seleccionado,,Consultar
2,Licenciatura 2026,202,20205005,CIRUJANO DENTISTA,FES ZARAGOZA,Escolarizado,https://www.dgae.unam.mx/Licenciatura2026/resultados/2/20205005.html,125,2648,2344,109,174,133979,109,S,Seleccionado,Cita para entregar documentación.,Consultar
2,Licenciatura 2026,202,20205005,CIRUJANO DENTISTA,FES ZARAGOZA,Escolarizado,https://www.dgae.unam.mx/Licenciatura2026/resultados/2/20205005.html,125,2648,2344,109,174,134003,51,,No seleccionado,,Consultar
2,Licenciatura 2026,202,20205005,CIRUJANO DENTISTA,FES ZARAGOZA,Escolarizado,https://www.dgae.unam.mx/Licenciatura2026/resultados/2/20205005.html,125,2648,2344,109,174,134007,36,,No seleccionado,,Consultar
2,Licenciatura 2026,202,20205005,CIRUJANO DENTISTA,FES ZARAGOZA,Escolarizado,https://www.dgae.unam.mx/Licenciatura2026/resultados/2/20205005.html,125,2648,2344,109,174,134059,103,,No seleccionado,,Consultar
2,Licenciatura 2026,202,20205005,CIRUJANO DENTISTA,FES ZARAGOZA,Escolarizado,https://www.dgae.unam.mx/Licenciatura2026/resultados/2/20205005.html,125,2648,2344,109,174,134293,,N,No presentado,,Consultar
2,Licenciatura 2026,202,20205005,CIRUJANO DENTISTA,FES ZARAGOZA,Escolarizado,https://www.dgae.unam.mx/Licenciatura2026/resultados/2/20205005.html,125,2648,2344,109,174,134427,96,,No seleccionado,,Consultar
2,Licenciatura 2026,202,20205005,CIRUJANO DENTISTA,FES ZARAGOZA,Escolarizado,https://www.dgae.unam.mx/Licenciatura2026/resultados/2/20205005.html,125,2648,2344,109,174,134710,55,,No seleccionado,,Consultar
2,Licenciatura 2026,202,20205005,CIRUJANO DENTISTA,FES ZARAGOZA,Escolarizado,https://www.dgae.unam.mx/Licenciatura2026/resultados/2/20205005.html,125,2648,2344,109,174,134749,,C,Cancelado,,Consultar
2,Licenciatura 2026,202,20205005,CIRUJANO DENTISTA,FES ZARAGOZA,Escolarizado,https://www.dgae.unam.mx/Licenciatura2026/resultados/2/20205005.html,125,2648,2344,109,174,134817,55,,No seleccionado,,Consultar
2,Licenciatura 2026,202,20205005,CIRUJANO DENTISTA,FES ZARAGOZA,Escolarizado,https://www.dgae.unam.mx/Licenciatura2026/resultados/2/20205005.html,125,2648,2344,109,174,135075,,N,No presentado,,Consultar
2,Licenciatura 2026,202,20205005,CIRUJANO DENTISTA,FES ZARAGOZA,Escolarizado,https://www.dgae.unam.mx/Licenciatura2026/resultados/2/20205005.html,125,2648,2344,109,174,135122,107,,No seleccionado,,Consultar
2,Licenciatura 2026,202,20205005,CIRUJANO DENTISTA,FES ZARAGOZA,Escolarizado,https://www.dgae.unam.mx/Licenciatura2026/resultados/2/20205005.html,125,2648,2344,109,174,135156,109,S,Seleccionado,Cita para entregar documentación.,Consultar
2,Licenciatura 2026,202,20205005,CIRUJANO DENTISTA,FES ZARAGOZA,Escolarizado,https://www.dgae.unam.mx/Licenciatura2026/resultados/2/20205005.html,125,2648,2344,109,174,135188,22,,No seleccionado,,Consultar
2,Licenciatura 2026,202,20205005,CIRUJANO DENTISTA,FES ZARAGOZA,Escolarizado,https://www.dgae.unam.mx/Licenciatura2026/resultados/2/20205005.html,125,2648,2344,109,174,135464,,N,No presentado,,Consultar
2,Licenciatura 2026,202,20205005,CIRUJANO DENTISTA,FES ZARAGOZA,Escolarizado,https://www.dgae.unam.mx/Licenciatura2026/resultados/2/20205005.html,125,2648,2344,109,174,135510,,N,No presentado,,Consultar
2,Licenciatura 2026,202,20205005,CIRUJANO DENTISTA,FES ZARAGOZA,Escolarizado,https://www.dgae.unam.mx/Licenciatura2026/resultados/2/20205005.html,125,2648,2344,109,174,135680,105,,No seleccionado,,Consultar
2,Licenciatura 2026,202,20205005,CIRUJANO DENTISTA,FES ZARAGOZA,Escolarizado,https://www.dgae.unam.mx/Licenciatura2026/resultados/2/20205005.html,125,2648,2344,109,174,135689,104,,No seleccionado,,Consultar
2,Licenciatura 2026,202,20205005,CIRUJANO DENTISTA,FES ZARAGOZA,Escolarizado,https://www.dgae.unam.mx/Licenciatura2026/resultados/2/20205005.html,125,2648,2344,109,174,136018,,N,No presentado,,Consultar
2,Licenciatura 2026,202,20205005,CIRUJANO DENTISTA,FES ZARAGOZA,Escolarizado,https://www.dgae.unam.mx/Licenciatura2026/resultados/2/20205005.html,125,2648,2344,109,174,136066,43,,No seleccionado,,Consultar
2,Licenciatura 2026,202,20205005,CIRUJANO DENTISTA,FES ZARAGOZA,Escolarizado,https://www.dgae.unam.mx/Licenciatura2026/resultados/2/20205005.html,125,2648,2344,109,174,136254,,N,No presentado,,Consultar
2,Licenciatura 2026,202,20205005,CIRUJANO DENTISTA,FES ZARAGOZA,Escolarizado,https://www.dgae.unam.mx/Licenciatura2026/resultados/2/20205005.html,125,2648,2344,109,174,136294,45,,No seleccionado,,Consultar
2,Licenciatura 2026,202,20205005,CIRUJANO DENTISTA,FES ZARAGOZA,Escolarizado,https://www.dgae.unam.mx/Licenciatura2026/resultados/2/20205005.html,125,2648,2344,109,174,136395,39,,No seleccionado,,Consultar
2,Licenciatura 2026,202,20205005,CIRUJANO DENTISTA,FES ZARAGOZA,Escolarizado,https://www.dgae.unam.mx/Licenciatura2026/resultados/2/20205005.html,125,2648,2344,109,174,136427,,N,No presentado,,Consultar
2,Licenciatura 2026,202,20205005,CIRUJANO DENTISTA,FES ZARAGOZA,Escolarizado,https://www.dgae.unam.mx/Licenciatura2026/resultados/2/20205005.html,125,2648,2344,109,174,136625,,N,No presentado,,Consultar
2,Licenciatura 2026,202,20205005,CIRUJANO DENTISTA,FES ZARAGOZA,Escolarizado,https://www.dgae.unam.mx/Licenciatura2026/resultados/2/20205005.html,125,2648,2344,109,174,136629,96,,No seleccionado,,Consultar
2,Licenciatura 2026,202,20205005,CIRUJANO DENTISTA,FES ZARAGOZA,Escolarizado,https://www.dgae.unam.mx/Licenciatura2026/resultados/2/20205005.html,125,2648,2344,109,174,136709,51,,No seleccionado,,Consultar
2,Licenciatura 2026,202,20205005,CIRUJANO DENTISTA,FES ZARAGOZA,Escolarizado,https://www.dgae.unam.mx/Licenciatura2026/resultados/2/20205005.html,125,2648,2344,109,174,136743,44,,No seleccionado,,Consultar
2,Licenciatura 2026,202,20205005,CIRUJANO DENTISTA,FES ZARAGOZA,Escolarizado,https://www.dgae.unam.mx/Licenciatura2026/resultados/2/20205005.html,125,2648,2344,109,174,136821,90,,No seleccionado,,Consultar
2,Licenciatura 2026,202,20205005,CIRUJANO DENTISTA,FES ZARAGOZA,Escolarizado,https://www.dgae.unam.mx/Licenciatura2026/resultados/2/20205005.html,125,2648,2344,109,174,136948,,N,No presentado,,Consultar
2,Licenciatura 2026,202,20205005,CIRUJANO DENTISTA,FES ZARAGOZA,Escolarizado,https://www.dgae.unam.mx/Licenciatura2026/resultados/2/20205005.html,125,2648,2344,109,174,137047,,N,No presentado,,Consultar
2,Licenciatura 2026,202,20205005,CIRUJANO DENTISTA,FES ZARAGOZA,Escolarizado,https://www.dgae.unam.mx/Licenciatura2026/resultados/2/20205005.html,125,2648,2344,109,174,137133,30,,No seleccionado,,Consultar
2,Licenciatura 2026,202,20205005,CIRUJANO DENTISTA,FES ZARAGOZA,Escolarizado,https://www.dgae.unam.mx/Licenciatura2026/resultados/2/20205005.html,125,2648,2344,109,174,137319,,N,No presentado,,Consultar
2,Licenciatura 2026,202,20205005,CIRUJANO DENTISTA,FES ZARAGOZA,Escolarizado,https://www.dgae.unam.mx/Licenciatura2026/resultados/2/20205005.html,125,2648,2344,109,174,137397,,N,No presentado,,Consultar
2,Licenciatura 2026,202,20205005,CIRUJANO DENTISTA,FES ZARAGOZA,Escolarizado,https://www.dgae.unam.mx/Licenciatura2026/resultados/2/20205005.html,125,2648,2344,109,174,137457,65,,No seleccionado,,Consultar
2,Licenciatura 2026,202,20205005,CIRUJANO DENTISTA,FES ZARAGOZA,Escolarizado,https://www.dgae.unam.mx/Licenciatura2026/resultados/2/20205005.html,125,2648,2344,109,174,137587,,N,No presentado,,Consultar
2,Licenciatura 2026,202,20205005,CIRUJANO DENTISTA,FES ZARAGOZA,Escolarizado,https://www.dgae.unam.mx/Licenciatura2026/resultados/2/20205005.html,125,2648,2344,109,174,137601,98,,No seleccionado,,Consultar
2,Licenciatura 2026,202,20205005,CIRUJANO DENTISTA,FES ZARAGOZA,Escolarizado,https://www.dgae.unam.mx/Licenciatura2026/resultados/2/20205005.html,125,2648,2344,109,174,137700,,N,No presentado,,Consultar
2,Licenciatura 2026,202,20205005,CIRUJANO DENTISTA,FES ZARAGOZA,Escolarizado,https://www.dgae.unam.mx/Licenciatura2026/resultados/2/20205005.html,125,2648,2344,109,174,137724,42,,No seleccionado,,Consultar
2,Licenciatura 2026,202,20205005,CIRUJANO DENTISTA,FES ZARAGOZA,Escolarizado,https://www.dgae.unam.mx/Licenciatura2026/resultados/2/20205005.html,125,2648,2344,109,174,137761,,N,No presentado,,Consultar
2,Licenciatura 2026,202,20205005,CIRUJANO DENTISTA,FES ZARAGOZA,Escolarizado,https://www.dgae.unam.mx/Licenciatura2026/resultados/2/20205005.html,125,2648,2344,109,174,137837,46,,No seleccionado,,Consultar
2,Licenciatura 2026,202,20205005,CIRUJANO DENTISTA,FES ZARAGOZA,Escolarizado,https://www.dgae.unam.mx/Licenciatura2026/resultados/2/20205005.html,125,2648,2344,109,174,137962,,N,No presentado,,Consultar
2,Licenciatura 2026,202,20205005,CIRUJANO DENTISTA,FES ZARAGOZA,Escolarizado,https://www.dgae.unam.mx/Licenciatura2026/resultados/2/20205005.html,125,2648,2344,109,174,138005,67,,No seleccionado,,Consultar
2,Licenciatura 2026,202,20205005,CIRUJANO DENTISTA,FES ZARAGOZA,Escolarizado,https://www.dgae.unam.mx/Licenciatura2026/resultados/2/20205005.html,125,2648,2344,109,174,138214,75,,No seleccionado,,Consultar
2,Licenciatura 2026,202,20205005,CIRUJANO DENTISTA,FES ZARAGOZA,Escolarizado,https://www.dgae.unam.mx/Licenciatura2026/resultados/2/20205005.html,125,2648,2344,109,174,138304,,N,No presentado,,Consultar
2,Licenciatura 2026,202,20205005,CIRUJANO DENTISTA,FES ZARAGOZA,Escolarizado,https://www.dgae.unam.mx/Licenciatura2026/resultados/2/20205005.html,125,2648,2344,109,174,138318,84,,No seleccionado,,Consultar
2,Licenciatura 2026,202,20205005,CIRUJANO DENTISTA,FES ZARAGOZA,Escolarizado,https://www.dgae.unam.mx/Licenciatura2026/resultados/2/20205005.html,125,2648,2344,109,174,138320,110,S,Seleccionado,Cita para entregar documentación.,Consultar
2,Licenciatura 2026,202,20205005,CIRUJANO DENTISTA,FES ZARAGOZA,Escolarizado,https://www.dgae.unam.mx/Licenciatura2026/resultados/2/20205005.html,125,2648,2344,109,174,138341,38,,No seleccionado,,Consultar
2,Licenciatura 2026,202,20205005,CIRUJANO DENTISTA,FES ZARAGOZA,Escolarizado,https://www.dgae.unam.mx/Licenciatura2026/resultados/2/20205005.html,125,2648,2344,109,174,138444,71,,No seleccionado,,Consultar
2,Licenciatura 2026,202,20205005,CIRUJANO DENTISTA,FES ZARAGOZA,Escolarizado,https://www.dgae.unam.mx/Licenciatura2026/resultados/2/20205005.html,125,2648,2344,109,174,138569,28,,No seleccionado,,Consultar
2,Licenciatura 2026,202,20205005,CIRUJANO DENTISTA,FES ZARAGOZA,Escolarizado,https://www.dgae.unam.mx/Licenciatura2026/resultados/2/20205005.html,125,2648,2344,109,174,138582,75,,No seleccionado,,Consultar
2,Licenciatura 2026,202,20205005,CIRUJANO DENTISTA,FES ZARAGOZA,Escolarizado,https://www.dgae.unam.mx/Licenciatura2026/resultados/2/20205005.html,125,2648,2344,109,174,138604,78,,No seleccionado,,Consultar
2,Licenciatura 2026,202,20205005,CIRUJANO DENTISTA,FES ZARAGOZA,Escolarizado,https://www.dgae.unam.mx/Licenciatura2026/resultados/2/20205005.html,125,2648,2344,109,174,138634,,N,No presentado,,Consultar
2,Licenciatura 2026,202,20205005,CIRUJANO DENTISTA,FES ZARAGOZA,Escolarizado,https://www.dgae.unam.mx/Licenciatura2026/resultados/2/20205005.html,125,2648,2344,109,174,138707,87,,No seleccionado,,Consultar
2,Licenciatura 2026,202,20205005,CIRUJANO DENTISTA,FES ZARAGOZA,Escolarizado,https://www.dgae.unam.mx/Licenciatura2026/resultados/2/20205005.html,125,2648,2344,109,174,138718,56,,No seleccionado,,Consultar
2,Licenciatura 2026,202,20205005,CIRUJANO DENTISTA,FES ZARAGOZA,Escolarizado,https://www.dgae.unam.mx/Licenciatura2026/resultados/2/20205005.html,125,2648,2344,109,174,138749,,N,No presentado,,Consultar
2,Licenciatura 2026,202,20205005,CIRUJANO DENTISTA,FES ZARAGOZA,Escolarizado,https://www.dgae.unam.mx/Licenciatura2026/resultados/2/20205005.html,125,2648,2344,109,174,138959,118,S,Seleccionado,Cita para entregar documentación.,Consultar
2,Licenciatura 2026,202,20205005,CIRUJANO DENTISTA,FES ZARAGOZA,Escolarizado,https://www.dgae.unam.mx/Licenciatura2026/resultados/2/20205005.html,125,2648,2344,109,174,139190,110,S,Seleccionado,Cita para entregar documentación.,Consultar
2,Licenciatura 2026,202,20205005,CIRUJANO DENTISTA,FES ZARAGOZA,Escolarizado,https://www.dgae.unam.mx/Licenciatura2026/resultados/2/20205005.html,125,2648,2344,109,174,139278,,N,No presentado,,Consultar
2,Licenciatura 2026,202,20205005,CIRUJANO DENTISTA,FES ZARAGOZA,Escolarizado,https://www.dgae.unam.mx/Licenciatura2026/resultados/2/20205005.html,125,2648,2344,109,174,139296,84,,No seleccionado,,Consultar
2,Licenciatura 2026,202,20205005,CIRUJANO DENTISTA,FES ZARAGOZA,Escolarizado,https://www.dgae.unam.mx/Licenciatura2026/resultados/2/20205005.html,125,2648,2344,109,174,139469,80,,No seleccionado,,Consultar
2,Licenciatura 2026,202,20205005,CIRUJANO DENTISTA,FES ZARAGOZA,Escolarizado,https://www.dgae.unam.mx/Licenciatura2026/resultados/2/20205005.html,125,2648,2344,109,174,139500,,N,No presentado,,Consultar
2,Licenciatura 2026,202,20205005,CIRUJANO DENTISTA,FES ZARAGOZA,Escolarizado,https://www.dgae.unam.mx/Licenciatura2026/resultados/2/20205005.html,125,2648,2344,109,174,139501,,N,No presentado,,Consultar
2,Licenciatura 2026,202,20205005,CIRUJANO DENTISTA,FES ZARAGOZA,Escolarizado,https://www.dgae.unam.mx/Licenciatura2026/resultados/2/20205005.html,125,2648,2344,109,174,139595,54,,No seleccionado,,Consultar
2,Licenciatura 2026,202,20205005,CIRUJANO DENTISTA,FES ZARAGOZA,Escolarizado,https://www.dgae.unam.mx/Licenciatura2026/resultados/2/20205005.html,125,2648,2344,109,174,139681,37,,No seleccionado,,Consultar
2,Licenciatura 2026,202,20205005,CIRUJANO DENTISTA,FES ZARAGOZA,Escolarizado,https://www.dgae.unam.mx/Licenciatura2026/resultados/2/20205005.html,125,2648,2344,109,174,140044,,C,Cancelado,,Consultar
2,Licenciatura 2026,202,20205005,CIRUJANO DENTISTA,FES ZARAGOZA,Escolarizado,https://www.dgae.unam.mx/Licenciatura2026/resultados/2/20205005.html,125,2648,2344,109,174,140068,99,,No seleccionado,,Consultar
2,Licenciatura 2026,202,20205005,CIRUJANO DENTISTA,FES ZARAGOZA,Escolarizado,https://www.dgae.unam.mx/Licenciatura2026/resultados/2/20205005.html,125,2648,2344,109,174,140340,51,,No seleccionado,,Consultar
2,Licenciatura 2026,202,20205005,CIRUJANO DENTISTA,FES ZARAGOZA,Escolarizado,https://www.dgae.unam.mx/Licenciatura2026/resultados/2/20205005.html,125,2648,2344,109,174,140355,,C,Cancelado,,Consultar
2,Licenciatura 2026,202,20205005,CIRUJANO DENTISTA,FES ZARAGOZA,Escolarizado,https://www.dgae.unam.mx/Licenciatura2026/resultados/2/20205005.html,125,2648,2344,109,174,140424,48,,No seleccionado,,Consultar
2,Licenciatura 2026,202,20205005,CIRUJANO DENTISTA,FES ZARAGOZA,Escolarizado,https://www.dgae.unam.mx/Licenciatura2026/resultados/2/20205005.html,125,2648,2344,109,174,140425,106,,No seleccionado,,Consultar
2,Licenciatura 2026,202,20205005,CIRUJANO DENTISTA,FES ZARAGOZA,Escolarizado,https://www.dgae.unam.mx/Licenciatura2026/resultados/2/20205005.html,125,2648,2344,109,174,140513,67,,No seleccionado,,Consultar
2,Licenciatura 2026,202,20205005,CIRUJANO DENTISTA,FES ZARAGOZA,Escolarizado,https://www.dgae.unam.mx/Licenciatura2026/resultados/2/20205005.html,125,2648,2344,109,174,140680,54,,No seleccionado,,Consultar
2,Licenciatura 2026,202,20205005,CIRUJANO DENTISTA,FES ZARAGOZA,Escolarizado,https://www.dgae.unam.mx/Licenciatura2026/resultados/2/20205005.html,125,2648,2344,109,174,140696,65,,No seleccionado,,Consultar
2,Licenciatura 2026,202,20205005,CIRUJANO DENTISTA,FES ZARAGOZA,Escolarizado,https://www.dgae.unam.mx/Licenciatura2026/resultados/2/20205005.html,125,2648,2344,109,174,140934,,N,No presentado,,Consultar
2,Licenciatura 2026,202,20205005,CIRUJANO DENTISTA,FES ZARAGOZA,Escolarizado,https://www.dgae.unam.mx/Licenciatura2026/resultados/2/20205005.html,125,2648,2344,109,174,141069,58,,No seleccionado,,Consultar
2,Licenciatura 2026,202,20205005,CIRUJANO DENTISTA,FES ZARAGOZA,Escolarizado,https://www.dgae.unam.mx/Licenciatura2026/resultados/2/20205005.html,125,2648,2344,109,174,141099,,N,No presentado,,Consultar
2,Licenciatura 2026,202,20205005,CIRUJANO DENTISTA,FES ZARAGOZA,Escolarizado,https://www.dgae.unam.mx/Licenciatura2026/resultados/2/20205005.html,125,2648,2344,109,174,141152,74,,No seleccionado,,Consultar
2,Licenciatura 2026,202,20205005,CIRUJANO DENTISTA,FES ZARAGOZA,Escolarizado,https://www.dgae.unam.mx/Licenciatura2026/resultados/2/20205005.html,125,2648,2344,109,174,141178,32,,No seleccionado,,Consultar
2,Licenciatura 2026,202,20205005,CIRUJANO DENTISTA,FES ZARAGOZA,Escolarizado,https://www.dgae.unam.mx/Licenciatura2026/resultados/2/20205005.html,125,2648,2344,109,174,141218,77,,No seleccionado,,Consultar
2,Licenciatura 2026,202,20205005,CIRUJANO DENTISTA,FES ZARAGOZA,Escolarizado,https://www.dgae.unam.mx/Licenciatura2026/resultados/2/20205005.html,125,2648,2344,109,174,141334,,N,No presentado,,Consultar
2,Licenciatura 2026,202,20205005,CIRUJANO DENTISTA,FES ZARAGOZA,Escolarizado,https://www.dgae.unam.mx/Licenciatura2026/resultados/2/20205005.html,125,2648,2344,109,174,141421,43,,No seleccionado,,Consultar
2,Licenciatura 2026,202,20205005,CIRUJANO DENTISTA,FES ZARAGOZA,Escolarizado,https://www.dgae.unam.mx/Licenciatura2026/resultados/2/20205005.html,125,2648,2344,109,174,141478,42,,No seleccionado,,Consultar
2,Licenciatura 2026,202,20205005,CIRUJANO DENTISTA,FES ZARAGOZA,Escolarizado,https://www.dgae.unam.mx/Licenciatura2026/resultados/2/20205005.html,125,2648,2344,109,174,141481,68,,No seleccionado,,Consultar
2,Licenciatura 2026,202,20205005,CIRUJANO DENTISTA,FES ZARAGOZA,Escolarizado,https://www.dgae.unam.mx/Licenciatura2026/resultados/2/20205005.html,125,2648,2344,109,174,141644,88,,No seleccionado,,Consultar
2,Licenciatura 2026,202,20205005,CIRUJANO DENTISTA,FES ZARAGOZA,Escolarizado,https://www.dgae.unam.mx/Licenciatura2026/resultados/2/20205005.html,125,2648,2344,109,174,142068,,N,No presentado,,Consultar
2,Licenciatura 2026,202,20205005,CIRUJANO DENTISTA,FES ZARAGOZA,Escolarizado,https://www.dgae.unam.mx/Licenciatura2026/resultados/2/20205005.html,125,2648,2344,109,174,142289,,N,No presentado,,Consultar
2,Licenciatura 2026,202,20205005,CIRUJANO DENTISTA,FES ZARAGOZA,Escolarizado,https://www.dgae.unam.mx/Licenciatura2026/resultados/2/20205005.html,125,2648,2344,109,174,142352,63,,No seleccionado,,Consultar
2,Licenciatura 2026,202,20205005,CIRUJANO DENTISTA,FES ZARAGOZA,Escolarizado,https://www.dgae.unam.mx/Licenciatura2026/resultados/2/20205005.html,125,2648,2344,109,174,142376,,N,No presentado,,Consultar
2,Licenciatura 2026,202,20205005,CIRUJANO DENTISTA,FES ZARAGOZA,Escolarizado,https://www.dgae.unam.mx/Licenciatura2026/resultados/2/20205005.html,125,2648,2344,109,174,142775,68,,No seleccionado,,Consultar
2,Licenciatura 2026,202,20205005,CIRUJANO DENTISTA,FES ZARAGOZA,Escolarizado,https://www.dgae.unam.mx/Licenciatura2026/resultados/2/20205005.html,125,2648,2344,109,174,142781,56,,No seleccionado,,Consultar
2,Licenciatura 2026,202,20205005,CIRUJANO DENTISTA,FES ZARAGOZA,Escolarizado,https://www.dgae.unam.mx/Licenciatura2026/resultados/2/20205005.html,125,2648,2344,109,174,142864,85,,No seleccionado,,Consultar
2,Licenciatura 2026,202,20205005,CIRUJANO DENTISTA,FES ZARAGOZA,Escolarizado,https://www.dgae.unam.mx/Licenciatura2026/resultados/2/20205005.html,125,2648,2344,109,174,143045,,C,Cancelado,,Consultar
2,Licenciatura 2026,202,20205005,CIRUJANO DENTISTA,FES ZARAGOZA,Escolarizado,https://www.dgae.unam.mx/Licenciatura2026/resultados/2/20205005.html,125,2648,2344,109,174,143123,,N,No presentado,,Consultar
2,Licenciatura 2026,202,20205005,CIRUJANO DENTISTA,FES ZARAGOZA,Escolarizado,https://www.dgae.unam.mx/Licenciatura2026/resultados/2/20205005.html,125,2648,2344,109,174,143132,44,,No seleccionado,,Consultar
2,Licenciatura 2026,202,20205005,CIRUJANO DENTISTA,FES ZARAGOZA,Escolarizado,https://www.dgae.unam.mx/Licenciatura2026/resultados/2/20205005.html,125,2648,2344,109,174,143161,71,,No seleccionado,,Consultar
2,Licenciatura 2026,202,20205005,CIRUJANO DENTISTA,FES ZARAGOZA,Escolarizado,https://www.dgae.unam.mx/Licenciatura2026/resultados/2/20205005.html,125,2648,2344,109,174,143163,,N,No presentado,,Consultar
2,Licenciatura 2026,202,20205005,CIRUJANO DENTISTA,FES ZARAGOZA,Escolarizado,https://www.dgae.unam.mx/Licenciatura2026/resultados/2/20205005.html,125,2648,2344,109,174,143419,55,,No seleccionado,,Consultar
2,Licenciatura 2026,202,20205005,CIRUJANO DENTISTA,FES ZARAGOZA,Escolarizado,https://www.dgae.unam.mx/Licenciatura2026/resultados/2/20205005.html,125,2648,2344,109,174,143442,,N,No presentado,,Consultar
2,Licenciatura 2026,202,20205005,CIRUJANO DENTISTA,FES ZARAGOZA,Escolarizado,https://www.dgae.unam.mx/Licenciatura2026/resultados/2/20205005.html,125,2648,2344,109,174,143470,106,,No seleccionado,,Consultar
2,Licenciatura 2026,202,20205005,CIRUJANO DENTISTA,FES ZARAGOZA,Escolarizado,https://www.dgae.unam.mx/Licenciatura2026/resultados/2/20205005.html,125,2648,2344,109,174,143558,,N,No presentado,,Consultar
2,Licenciatura 2026,202,20205005,CIRUJANO DENTISTA,FES ZARAGOZA,Escolarizado,https://www.dgae.unam.mx/Licenciatura2026/resultados/2/20205005.html,125,2648,2344,109,174,143684,112,S,Seleccionado,Cita para entregar documentación.,Consultar
2,Licenciatura 2026,202,20205005,CIRUJANO DENTISTA,FES ZARAGOZA,Escolarizado,https://www.dgae.unam.mx/Licenciatura2026/resultados/2/20205005.html,125,2648,2344,109,174,143773,,N,No presentado,,Consultar
2,Licenciatura 2026,202,20205005,CIRUJANO DENTISTA,FES ZARAGOZA,Escolarizado,https://www.dgae.unam.mx/Licenciatura2026/resultados/2/20205005.html,125,2648,2344,109,174,143779,31,,No seleccionado,,Consultar
2,Licenciatura 2026,202,20205005,CIRUJANO DENTISTA,FES ZARAGOZA,Escolarizado,https://www.dgae.unam.mx/Licenciatura2026/resultados/2/20205005.html,125,2648,2344,109,174,143942,68,,No seleccionado,,Consultar
2,Licenciatura 2026,202,20205005,CIRUJANO DENTISTA,FES ZARAGOZA,Escolarizado,https://www.dgae.unam.mx/Licenciatura2026/resultados/2/20205005.html,125,2648,2344,109,174,143983,,N,No presentado,,Consultar
2,Licenciatura 2026,202,20205005,CIRUJANO DENTISTA,FES ZARAGOZA,Escolarizado,https://www.dgae.unam.mx/Licenciatura2026/resultados/2/20205005.html,125,2648,2344,109,174,143986,,N,No presentado,,Consultar
2,Licenciatura 2026,202,20205005,CIRUJANO DENTISTA,FES ZARAGOZA,Escolarizado,https://www.dgae.unam.mx/Licenciatura2026/resultados/2/20205005.html,125,2648,2344,109,174,144019,,C,Cancelado,,Consultar
2,Licenciatura 2026,202,20205005,CIRUJANO DENTISTA,FES ZARAGOZA,Escolarizado,https://www.dgae.unam.mx/Licenciatura2026/resultados/2/20205005.html,125,2648,2344,109,174,144020,45,,No seleccionado,,Consultar
2,Licenciatura 2026,202,20205005,CIRUJANO DENTISTA,FES ZARAGOZA,Escolarizado,https://www.dgae.unam.mx/Licenciatura2026/resultados/2/20205005.html,125,2648,2344,109,174,144111,,N,No presentado,,Consultar
2,Licenciatura 2026,202,20205005,CIRUJANO DENTISTA,FES ZARAGOZA,Escolarizado,https://www.dgae.unam.mx/Licenciatura2026/resultados/2/20205005.html,125,2648,2344,109,174,144365,,N,No presentado,,Consultar
2,Licenciatura 2026,202,20205005,CIRUJANO DENTISTA,FES ZARAGOZA,Escolarizado,https://www.dgae.unam.mx/Licenciatura2026/resultados/2/20205005.html,125,2648,2344,109,174,144403,107,,No seleccionado,,Consultar
2,Licenciatura 2026,202,20205005,CIRUJANO DENTISTA,FES ZARAGOZA,Escolarizado,https://www.dgae.unam.mx/Licenciatura2026/resultados/2/20205005.html,125,2648,2344,109,174,144531,,N,No presentado,,Consultar
2,Licenciatura 2026,202,20205005,CIRUJANO DENTISTA,FES ZARAGOZA,Escolarizado,https://www.dgae.unam.mx/Licenciatura2026/resultados/2/20205005.html,125,2648,2344,109,174,144729,104,,No seleccionado,,Consultar
2,Licenciatura 2026,202,20205005,CIRUJANO DENTISTA,FES ZARAGOZA,Escolarizado,https://www.dgae.unam.mx/Licenciatura2026/resultados/2/20205005.html,125,2648,2344,109,174,144869,97,,No seleccionado,,Consultar
2,Licenciatura 2026,202,20205005,CIRUJANO DENTISTA,FES ZARAGOZA,Escolarizado,https://www.dgae.unam.mx/Licenciatura2026/resultados/2/20205005.html,125,2648,2344,109,174,144958,86,,No seleccionado,,Consultar
2,Licenciatura 2026,202,20205005,CIRUJANO DENTISTA,FES ZARAGOZA,Escolarizado,https://www.dgae.unam.mx/Licenciatura2026/resultados/2/20205005.html,125,2648,2344,109,174,145046,,N,No presentado,,Consultar
2,Licenciatura 2026,202,20205005,CIRUJANO DENTISTA,FES ZARAGOZA,Escolarizado,https://www.dgae.unam.mx/Licenciatura2026/resultados/2/20205005.html,125,2648,2344,109,174,145060,,N,No presentado,,Consultar
2,Licenciatura 2026,202,20205005,CIRUJANO DENTISTA,FES ZARAGOZA,Escolarizado,https://www.dgae.unam.mx/Licenciatura2026/resultados/2/20205005.html,125,2648,2344,109,174,145151,88,,No seleccionado,,Consultar
2,Licenciatura 2026,202,20205005,CIRUJANO DENTISTA,FES ZARAGOZA,Escolarizado,https://www.dgae.unam.mx/Licenciatura2026/resultados/2/20205005.html,125,2648,2344,109,174,145153,,N,No presentado,,Consultar
2,Licenciatura 2026,202,20205005,CIRUJANO DENTISTA,FES ZARAGOZA,Escolarizado,https://www.dgae.unam.mx/Licenciatura2026/resultados/2/20205005.html,125,2648,2344,109,174,145214,,C,Cancelado,,Consultar
2,Licenciatura 2026,202,20205005,CIRUJANO DENTISTA,FES ZARAGOZA,Escolarizado,https://www.dgae.unam.mx/Licenciatura2026/resultados/2/20205005.html,125,2648,2344,109,174,145265,,N,No presentado,,Consultar
2,Licenciatura 2026,202,20205005,CIRUJANO DENTISTA,FES ZARAGOZA,Escolarizado,https://www.dgae.unam.mx/Licenciatura2026/resultados/2/20205005.html,125,2648,2344,109,174,145283,,C,Cancelado,,Consultar
2,Licenciatura 2026,202,20205005,CIRUJANO DENTISTA,FES ZARAGOZA,Escolarizado,https://www.dgae.unam.mx/Licenciatura2026/resultados/2/20205005.html,125,2648,2344,109,174,145359,,N,No presentado,,Consultar
2,Licenciatura 2026,202,20205005,CIRUJANO DENTISTA,FES ZARAGOZA,Escolarizado,https://www.dgae.unam.mx/Licenciatura2026/resultados/2/20205005.html,125,2648,2344,109,174,145582,64,,No seleccionado,,Consultar
2,Licenciatura 2026,202,20205005,CIRUJANO DENTISTA,FES ZARAGOZA,Escolarizado,https://www.dgae.unam.mx/Licenciatura2026/resultados/2/20205005.html,125,2648,2344,109,174,145599,31,,No seleccionado,,Consultar
2,Licenciatura 2026,202,20205005,CIRUJANO DENTISTA,FES ZARAGOZA,Escolarizado,https://www.dgae.unam.mx/Licenciatura2026/resultados/2/20205005.html,125,2648,2344,109,174,145604,67,,No seleccionado,,Consultar
2,Licenciatura 2026,202,20205005,CIRUJANO DENTISTA,FES ZARAGOZA,Escolarizado,https://www.dgae.unam.mx/Licenciatura2026/resultados/2/20205005.html,125,2648,2344,109,174,145633,103,,No seleccionado,,Consultar
2,Licenciatura 2026,202,20205005,CIRUJANO DENTISTA,FES ZARAGOZA,Escolarizado,https://www.dgae.unam.mx/Licenciatura2026/resultados/2/20205005.html,125,2648,2344,109,174,145682,,N,No presentado,,Consultar
2,Licenciatura 2026,202,20205005,CIRUJANO DENTISTA,FES ZARAGOZA,Escolarizado,https://www.dgae.unam.mx/Licenciatura2026/resultados/2/20205005.html,125,2648,2344,109,174,145806,56,,No seleccionado,,Consultar
2,Licenciatura 2026,202,20205005,CIRUJANO DENTISTA,FES ZARAGOZA,Escolarizado,https://www.dgae.unam.mx/Licenciatura2026/resultados/2/20205005.html,125,2648,2344,109,174,145831,69,,No seleccionado,,Consultar
2,Licenciatura 2026,202,20205005,CIRUJANO DENTISTA,FES ZARAGOZA,Escolarizado,https://www.dgae.unam.mx/Licenciatura2026/resultados/2/20205005.html,125,2648,2344,109,174,145860,43,,No seleccionado,,Consultar
2,Licenciatura 2026,202,20205005,CIRUJANO DENTISTA,FES ZARAGOZA,Escolarizado,https://www.dgae.unam.mx/Licenciatura2026/resultados/2/20205005.html,125,2648,2344,109,174,145919,84,,No seleccionado,,Consultar
2,Licenciatura 2026,202,20205005,CIRUJANO DENTISTA,FES ZARAGOZA,Escolarizado,https://www.dgae.unam.mx/Licenciatura2026/resultados/2/20205005.html,125,2648,2344,109,174,145995,,N,No presentado,,Consultar
2,Licenciatura 2026,202,20205005,CIRUJANO DENTISTA,FES ZARAGOZA,Escolarizado,https://www.dgae.unam.mx/Licenciatura2026/resultados/2/20205005.html,125,2648,2344,109,174,146043,111,S,Seleccionado,Cita para entregar documentación.,Consultar
2,Licenciatura 2026,202,20205005,CIRUJANO DENTISTA,FES ZARAGOZA,Escolarizado,https://www.dgae.unam.mx/Licenciatura2026/resultados/2/20205005.html,125,2648,2344,109,174,146064,76,,No seleccionado,,Consultar
2,Licenciatura 2026,202,20205005,CIRUJANO DENTISTA,FES ZARAGOZA,Escolarizado,https://www.dgae.unam.mx/Licenciatura2026/resultados/2/20205005.html,125,2648,2344,109,174,146094,,N,No presentado,,Consultar
2,Licenciatura 2026,202,20205005,CIRUJANO DENTISTA,FES ZARAGOZA,Escolarizado,https://www.dgae.unam.mx/Licenciatura2026/resultados/2/20205005.html,125,2648,2344,109,174,146217,,N,No presentado,,Consultar
2,Licenciatura 2026,202,20205005,CIRUJANO DENTISTA,FES ZARAGOZA,Escolarizado,https://www.dgae.unam.mx/Licenciatura2026/resultados/2/20205005.html,125,2648,2344,109,174,146265,100,,No seleccionado,,Consultar
2,Licenciatura 2026,202,20205005,CIRUJANO DENTISTA,FES ZARAGOZA,Escolarizado,https://www.dgae.unam.mx/Licenciatura2026/resultados/2/20205005.html,125,2648,2344,109,174,146320,,N,No presentado,,Consultar
2,Licenciatura 2026,202,20205005,CIRUJANO DENTISTA,FES ZARAGOZA,Escolarizado,https://www.dgae.unam.mx/Licenciatura2026/resultados/2/20205005.html,125,2648,2344,109,174,146544,49,,No seleccionado,,Consultar
2,Licenciatura 2026,202,20205005,CIRUJANO DENTISTA,FES ZARAGOZA,Escolarizado,https://www.dgae.unam.mx/Licenciatura2026/resultados/2/20205005.html,125,2648,2344,109,174,146656,43,,No seleccionado,,Consultar
2,Licenciatura 2026,202,20205005,CIRUJANO DENTISTA,FES ZARAGOZA,Escolarizado,https://www.dgae.unam.mx/Licenciatura2026/resultados/2/20205005.html,125,2648,2344,109,174,146662,37,,No seleccionado,,Consultar
2,Licenciatura 2026,202,20205005,CIRUJANO DENTISTA,FES ZARAGOZA,Escolarizado,https://www.dgae.unam.mx/Licenciatura2026/resultados/2/20205005.html,125,2648,2344,109,174,146698,,,No seleccionado,Cita para aclarar situación escolar.,Consultar
2,Licenciatura 2026,202,20205005,CIRUJANO DENTISTA,FES ZARAGOZA,Escolarizado,https://www.dgae.unam.mx/Licenciatura2026/resultados/2/20205005.html,125,2648,2344,109,174,146940,93,,No seleccionado,,Consultar
2,Licenciatura 2026,202,20205005,CIRUJANO DENTISTA,FES ZARAGOZA,Escolarizado,https://www.dgae.unam.mx/Licenciatura2026/resultados/2/20205005.html,125,2648,2344,109,174,147049,25,,No seleccionado,,Consultar
2,Licenciatura 2026,202,20205005,CIRUJANO DENTISTA,FES ZARAGOZA,Escolarizado,https://www.dgae.unam.mx/Licenciatura2026/resultados/2/20205005.html,125,2648,2344,109,174,147058,40,,No seleccionado,,Consultar
2,Licenciatura 2026,202,20205005,CIRUJANO DENTISTA,FES ZARAGOZA,Escolarizado,https://www.dgae.unam.mx/Licenciatura2026/resultados/2/20205005.html,125,2648,2344,109,174,147488,103,,No seleccionado,,Consultar
2,Licenciatura 2026,202,20205005,CIRUJANO DENTISTA,FES ZARAGOZA,Escolarizado,https://www.dgae.unam.mx/Licenciatura2026/resultados/2/20205005.html,125,2648,2344,109,174,147508,,N,No presentado,,Consultar
2,Licenciatura 2026,202,20205005,CIRUJANO DENTISTA,FES ZARAGOZA,Escolarizado,https://www.dgae.unam.mx/Licenciatura2026/resultados/2/20205005.html,125,2648,2344,109,174,147547,113,S,Seleccionado,Cita para entregar documentación.,Consultar
2,Licenciatura 2026,202,20205005,CIRUJANO DENTISTA,FES ZARAGOZA,Escolarizado,https://www.dgae.unam.mx/Licenciatura2026/resultados/2/20205005.html,125,2648,2344,109,174,147580,58,,No seleccionado,,Consultar
2,Licenciatura 2026,202,20205005,CIRUJANO DENTISTA,FES ZARAGOZA,Escolarizado,https://www.dgae.unam.mx/Licenciatura2026/resultados/2/20205005.html,125,2648,2344,109,174,147610,,N,No presentado,,Consultar
2,Licenciatura 2026,202,20205005,CIRUJANO DENTISTA,FES ZARAGOZA,Escolarizado,https://www.dgae.unam.mx/Licenciatura2026/resultados/2/20205005.html,125,2648,2344,109,174,147758,80,,No seleccionado,,Consultar
2,Licenciatura 2026,202,20205005,CIRUJANO DENTISTA,FES ZARAGOZA,Escolarizado,https://www.dgae.unam.mx/Licenciatura2026/resultados/2/20205005.html,125,2648,2344,109,174,147835,105,,No seleccionado,,Consultar
2,Licenciatura 2026,202,20205005,CIRUJANO DENTISTA,FES ZARAGOZA,Escolarizado,https://www.dgae.unam.mx/Licenciatura2026/resultados/2/20205005.html,125,2648,2344,109,174,147941,,N,No presentado,,Consultar
2,Licenciatura 2026,202,20205005,CIRUJANO DENTISTA,FES ZARAGOZA,Escolarizado,https://www.dgae.unam.mx/Licenciatura2026/resultados/2/20205005.html,125,2648,2344,109,174,147968,87,,No seleccionado,,Consultar
2,Licenciatura 2026,202,20205005,CIRUJANO DENTISTA,FES ZARAGOZA,Escolarizado,https://www.dgae.unam.mx/Licenciatura2026/resultados/2/20205005.html,125,2648,2344,109,174,147982,,N,No presentado,,Consultar
2,Licenciatura 2026,202,20205005,CIRUJANO DENTISTA,FES ZARAGOZA,Escolarizado,https://www.dgae.unam.mx/Licenciatura2026/resultados/2/20205005.html,125,2648,2344,109,174,148089,89,,No seleccionado,,Consultar
2,Licenciatura 2026,202,20205005,CIRUJANO DENTISTA,FES ZARAGOZA,Escolarizado,https://www.dgae.unam.mx/Licenciatura2026/resultados/2/20205005.html,125,2648,2344,109,174,148331,,N,No presentado,,Consultar
2,Licenciatura 2026,202,20205005,CIRUJANO DENTISTA,FES ZARAGOZA,Escolarizado,https://www.dgae.unam.mx/Licenciatura2026/resultados/2/20205005.html,125,2648,2344,109,174,148334,58,,No seleccionado,,Consultar
2,Licenciatura 2026,202,20205005,CIRUJANO DENTISTA,FES ZARAGOZA,Escolarizado,https://www.dgae.unam.mx/Licenciatura2026/resultados/2/20205005.html,125,2648,2344,109,174,148343,84,,No seleccionado,,Consultar
2,Licenciatura 2026,202,20205005,CIRUJANO DENTISTA,FES ZARAGOZA,Escolarizado,https://www.dgae.unam.mx/Licenciatura2026/resultados/2/20205005.html,125,2648,2344,109,174,148352,74,,No seleccionado,,Consultar
2,Licenciatura 2026,202,20205005,CIRUJANO DENTISTA,FES ZARAGOZA,Escolarizado,https://www.dgae.unam.mx/Licenciatura2026/resultados/2/20205005.html,125,2648,2344,109,174,148407,110,S,Seleccionado,Cita para entregar documentación.,Consultar
2,Licenciatura 2026,202,20205005,CIRUJANO DENTISTA,FES ZARAGOZA,Escolarizado,https://www.dgae.unam.mx/Licenciatura2026/resultados/2/20205005.html,125,2648,2344,109,174,148462,57,,No seleccionado,,Consultar
2,Licenciatura 2026,202,20205005,CIRUJANO DENTISTA,FES ZARAGOZA,Escolarizado,https://www.dgae.unam.mx/Licenciatura2026/resultados/2/20205005.html,125,2648,2344,109,174,148733,50,,No seleccionado,,Consultar
2,Licenciatura 2026,202,20205005,CIRUJANO DENTISTA,FES ZARAGOZA,Escolarizado,https://www.dgae.unam.mx/Licenciatura2026/resultados/2/20205005.html,125,2648,2344,109,174,148766,,N,No presentado,,Consultar
2,Licenciatura 2026,202,20205005,CIRUJANO DENTISTA,FES ZARAGOZA,Escolarizado,https://www.dgae.unam.mx/Licenciatura2026/resultados/2/20205005.html,125,2648,2344,109,174,148795,46,,No seleccionado,,Consultar
2,Licenciatura 2026,202,20205005,CIRUJANO DENTISTA,FES ZARAGOZA,Escolarizado,https://www.dgae.unam.mx/Licenciatura2026/resultados/2/20205005.html,125,2648,2344,109,174,148915,57,,No seleccionado,,Consultar
2,Licenciatura 2026,202,20205005,CIRUJANO DENTISTA,FES ZARAGOZA,Escolarizado,https://www.dgae.unam.mx/Licenciatura2026/resultados/2/20205005.html,125,2648,2344,109,174,149110,,N,No presentado,,Consultar
2,Licenciatura 2026,202,20205005,CIRUJANO DENTISTA,FES ZARAGOZA,Escolarizado,https://www.dgae.unam.mx/Licenciatura2026/resultados/2/20205005.html,125,2648,2344,109,174,149229,,N,No presentado,,Consultar
2,Licenciatura 2026,202,20205005,CIRUJANO DENTISTA,FES ZARAGOZA,Escolarizado,https://www.dgae.unam.mx/Licenciatura2026/resultados/2/20205005.html,125,2648,2344,109,174,149287,86,,No seleccionado,,Consultar
2,Licenciatura 2026,202,20205005,CIRUJANO DENTISTA,FES ZARAGOZA,Escolarizado,https://www.dgae.unam.mx/Licenciatura2026/resultados/2/20205005.html,125,2648,2344,109,174,149307,,N,No presentado,,Consultar
2,Licenciatura 2026,202,20205005,CIRUJANO DENTISTA,FES ZARAGOZA,Escolarizado,https://www.dgae.unam.mx/Licenciatura2026/resultados/2/20205005.html,125,2648,2344,109,174,149420,92,,No seleccionado,,Consultar
2,Licenciatura 2026,202,20205005,CIRUJANO DENTISTA,FES ZARAGOZA,Escolarizado,https://www.dgae.unam.mx/Licenciatura2026/resultados/2/20205005.html,125,2648,2344,109,174,149428,56,,No seleccionado,,Consultar
2,Licenciatura 2026,202,20205005,CIRUJANO DENTISTA,FES ZARAGOZA,Escolarizado,https://www.dgae.unam.mx/Licenciatura2026/resultados/2/20205005.html,125,2648,2344,109,174,149481,,N,No presentado,,Consultar
2,Licenciatura 2026,202,20205005,CIRUJANO DENTISTA,FES ZARAGOZA,Escolarizado,https://www.dgae.unam.mx/Licenciatura2026/resultados/2/20205005.html,125,2648,2344,109,174,149492,,N,No presentado,,Consultar
2,Licenciatura 2026,202,20205005,CIRUJANO DENTISTA,FES ZARAGOZA,Escolarizado,https://www.dgae.unam.mx/Licenciatura2026/resultados/2/20205005.html,125,2648,2344,109,174,149518,105,,No seleccionado,,Consultar
2,Licenciatura 2026,202,20205005,CIRUJANO DENTISTA,FES ZARAGOZA,Escolarizado,https://www.dgae.unam.mx/Licenciatura2026/resultados/2/20205005.html,125,2648,2344,109,174,149733,,N,No presentado,,Consultar
2,Licenciatura 2026,202,20205005,CIRUJANO DENTISTA,FES ZARAGOZA,Escolarizado,https://www.dgae.unam.mx/Licenciatura2026/resultados/2/20205005.html,125,2648,2344,109,174,149740,,N,No presentado,,Consultar
2,Licenciatura 2026,202,20205005,CIRUJANO DENTISTA,FES ZARAGOZA,Escolarizado,https://www.dgae.unam.mx/Licenciatura2026/resultados/2/20205005.html,125,2648,2344,109,174,149862,,N,No presentado,,Consultar
2,Licenciatura 2026,202,20205005,CIRUJANO DENTISTA,FES ZARAGOZA,Escolarizado,https://www.dgae.unam.mx/Licenciatura2026/resultados/2/20205005.html,125,2648,2344,109,174,149904,,N,No presentado,,Consultar
2,Licenciatura 2026,202,20205005,CIRUJANO DENTISTA,FES ZARAGOZA,Escolarizado,https://www.dgae.unam.mx/Licenciatura2026/resultados/2/20205005.html,125,2648,2344,109,174,149977,,N,No presentado,,Consultar
2,Licenciatura 2026,202,20205005,CIRUJANO DENTISTA,FES ZARAGOZA,Escolarizado,https://www.dgae.unam.mx/Licenciatura2026/resultados/2/20205005.html,125,2648,2344,109,174,150117,99,,No seleccionado,,Consultar
2,Licenciatura 2026,202,20205005,CIRUJANO DENTISTA,FES ZARAGOZA,Escolarizado,https://www.dgae.unam.mx/Licenciatura2026/resultados/2/20205005.html,125,2648,2344,109,174,150435,59,,No seleccionado,,Consultar
2,Licenciatura 2026,202,20205005,CIRUJANO DENTISTA,FES ZARAGOZA,Escolarizado,https://www.dgae.unam.mx/Licenciatura2026/resultados/2/20205005.html,125,2648,2344,109,174,150582,,N,No presentado,,Consultar
2,Licenciatura 2026,202,20205005,CIRUJANO DENTISTA,FES ZARAGOZA,Escolarizado,https://www.dgae.unam.mx/Licenciatura2026/resultados/2/20205005.html,125,2648,2344,109,174,150745,,N,No presentado,,Consultar
2,Licenciatura 2026,202,20205005,CIRUJANO DENTISTA,FES ZARAGOZA,Escolarizado,https://www.dgae.unam.mx/Licenciatura2026/resultados/2/20205005.html,125,2648,2344,109,174,150796,,N,No presentado,,Consultar
