Area,Concurso,Clave_carrera,Codigo_opcion,Carrera,Plantel,Modalidad,URL_resultados,Oferta,Aspirantes,Presentaron_examen,Aciertos_minimos,Seleccionados,Numero_comprobante,Aciertos,Acreditado,Estatus,Detalles,Diagnostico
2,Licenciatura 2026,202,20200145,CIRUJANO DENTISTA,FACULTAD DE ODONTOLOGÍA,Escolarizado,https://www.dgae.unam.mx/Licenciatura2026/resultados/2/20200145.html,115,3060,2590,112,166,070044,47,,No seleccionado,,Consultar
2,Licenciatura 2026,202,20200145,CIRUJANO DENTISTA,FACULTAD DE ODONTOLOGÍA,Escolarizado,https://www.dgae.unam.mx/Licenciatura2026/resultados/2/20200145.html,115,3060,2590,112,166,070086,106,,No seleccionado,,Consultar
2,Licenciatura 2026,202,20200145,CIRUJANO DENTISTA,FACULTAD DE ODONTOLOGÍA,Escolarizado,https://www.dgae.unam.mx/Licenciatura2026/resultados/2/20200145.html,115,3060,2590,112,166,070097,47,,No seleccionado,,Consultar
2,Licenciatura 2026,202,20200145,CIRUJANO DENTISTA,FACULTAD DE ODONTOLOGÍA,Escolarizado,https://www.dgae.unam.mx/Licenciatura2026/resultados/2/20200145.html,115,3060,2590,112,166,070104,101,,No seleccionado,,Consultar
2,Licenciatura 2026,202,20200145,CIRUJANO DENTISTA,FACULTAD DE ODONTOLOGÍA,Escolarizado,https://www.dgae.unam.mx/Licenciatura2026/resultados/2/20200145.html,115,3060,2590,112,166,070130,111,,No seleccionado,,Consultar
2,Licenciatura 2026,202,20200145,CIRUJANO DENTISTA,FACULTAD DE ODONTOLOGÍA,Escolarizado,https://www.dgae.unam.mx/Licenciatura2026/resultados/2/20200145.html,115,3060,2590,112,166,070137,,C,Cancelado,,Consultar
2,Licenciatura 2026,202,20200145,CIRUJANO DENTISTA,FACULTAD DE ODONTOLOGÍA,Escolarizado,https://www.dgae.unam.mx/Licenciatura2026/resultados/2/20200145.html,115,3060,2590,112,166,070202,76,,No seleccionado,,Consultar
2,Licenciatura 2026,202,20200145,CIRUJANO DENTISTA,FACULTAD DE ODONTOLOGÍA,Escolarizado,https://www.dgae.unam.mx/Licenciatura2026/resultados/2/20200145.html,115,3060,2590,112,166,070233,44,,No seleccionado,,Consultar
2,Licenciatura 2026,202,20200145,CIRUJANO DENTISTA,FACULTAD DE ODONTOLOGÍA,Escolarizado,https://www.dgae.unam.mx/Licenciatura2026/resultados/2/20200145.html,115,3060,2590,112,166,070263,90,,No seleccionado,,Consultar
2,Licenciatura 2026,202,20200145,CIRUJANO DENTISTA,FACULTAD DE ODONTOLOGÍA,Escolarizado,https://www.dgae.unam.mx/Licenciatura2026/resultados/2/20200145.html,115,3060,2590,112,166,070289,42,,No seleccionado,,Consultar
2,Licenciatura 2026,202,20200145,CIRUJANO DENTISTA,FACULTAD DE ODONTOLOGÍA,Escolarizado,https://www.dgae.unam.mx/Licenciatura2026/resultados/2/20200145.html,115,3060,2590,112,166,070348,85,,No seleccionado,,Consultar
2,Licenciatura 2026,202,20200145,CIRUJANO DENTISTA,FACULTAD DE ODONTOLOGÍA,Escolarizado,https://www.dgae.unam.mx/Licenciatura2026/resultados/2/20200145.html,115,3060,2590,112,166,070354,85,,No seleccionado,,Consultar
2,Licenciatura 2026,202,20200145,CIRUJANO DENTISTA,FACULTAD DE ODONTOLOGÍA,Escolarizado,https://www.dgae.unam.mx/Licenciatura2026/resultados/2/20200145.html,115,3060,2590,112,166,070395,103,,No seleccionado,,Consultar
2,Licenciatura 2026,202,20200145,CIRUJANO DENTISTA,FACULTAD DE ODONTOLOGÍA,Escolarizado,https://www.dgae.unam.mx/Licenciatura2026/resultados/2/20200145.html,115,3060,2590,112,166,070427,91,,No seleccionado,,Consultar
2,Licenciatura 2026,202,20200145,CIRUJANO DENTISTA,FACULTAD DE ODONTOLOGÍA,Escolarizado,https://www.dgae.unam.mx/Licenciatura2026/resultados/2/20200145.html,115,3060,2590,112,166,070434,56,,No seleccionado,,Consultar
2,Licenciatura 2026,202,20200145,CIRUJANO DENTISTA,FACULTAD DE ODONTOLOGÍA,Escolarizado,https://www.dgae.unam.mx/Licenciatura2026/resultados/2/20200145.html,115,3060,2590,112,166,070440,99,,No seleccionado,,Consultar
2,Licenciatura 2026,202,20200145,CIRUJANO DENTISTA,FACULTAD DE ODONTOLOGÍA,Escolarizado,https://www.dgae.unam.mx/Licenciatura2026/resultados/2/20200145.html,115,3060,2590,112,166,070463,95,,No seleccionado,,Consultar
2,Licenciatura 2026,202,20200145,CIRUJANO DENTISTA,FACULTAD DE ODONTOLOGÍA,Escolarizado,https://www.dgae.unam.mx/Licenciatura2026/resultados/2/20200145.html,115,3060,2590,112,166,070507,34,,No seleccionado,,Consultar
2,Licenciatura 2026,202,20200145,CIRUJANO DENTISTA,FACULTAD DE ODONTOLOGÍA,Escolarizado,https://www.dgae.unam.mx/Licenciatura2026/resultados/2/20200145.html,115,3060,2590,112,166,070512,28,,No seleccionado,,Consultar
2,Licenciatura 2026,202,20200145,CIRUJANO DENTISTA,FACULTAD DE ODONTOLOGÍA,Escolarizado,https://www.dgae.unam.mx/Licenciatura2026/resultados/2/20200145.html,115,3060,2590,112,166,070544,110,,No seleccionado,,Consultar
2,Licenciatura 2026,202,20200145,CIRUJANO DENTISTA,FACULTAD DE ODONTOLOGÍA,Escolarizado,https://www.dgae.unam.mx/Licenciatura2026/resultados/2/20200145.html,115,3060,2590,112,166,070620,,N,No presentado,,Consultar
2,Licenciatura 2026,202,20200145,CIRUJANO DENTISTA,FACULTAD DE ODONTOLOGÍA,Escolarizado,https://www.dgae.unam.mx/Licenciatura2026/resultados/2/20200145.html,115,3060,2590,112,166,070632,96,,No seleccionado,,Consultar
2,Licenciatura 2026,202,20200145,CIRUJANO DENTISTA,FACULTAD DE ODONTOLOGÍA,Escolarizado,https://www.dgae.unam.mx/Licenciatura2026/resultados/2/20200145.html,115,3060,2590,112,166,070645,87,,No seleccionado,,Consultar
2,Licenciatura 2026,202,20200145,CIRUJANO DENTISTA,FACULTAD DE ODONTOLOGÍA,Escolarizado,https://www.dgae.unam.mx/Licenciatura2026/resultados/2/20200145.html,115,3060,2590,112,166,070673,27,,No seleccionado,,Consultar
2,Licenciatura 2026,202,20200145,CIRUJANO DENTISTA,FACULTAD DE ODONTOLOGÍA,Escolarizado,https://www.dgae.unam.mx/Licenciatura2026/resultados/2/20200145.html,115,3060,2590,112,166,070721,94,,No seleccionado,,Consultar
2,Licenciatura 2026,202,20200145,CIRUJANO DENTISTA,FACULTAD DE ODONTOLOGÍA,Escolarizado,https://www.dgae.unam.mx/Licenciatura2026/resultados/2/20200145.html,115,3060,2590,112,166,070745,89,,No seleccionado,,Consultar
2,Licenciatura 2026,202,20200145,CIRUJANO DENTISTA,FACULTAD DE ODONTOLOGÍA,Escolarizado,https://www.dgae.unam.mx/Licenciatura2026/resultados/2/20200145.html,115,3060,2590,112,166,070763,76,,No seleccionado,,Consultar
2,Licenciatura 2026,202,20200145,CIRUJANO DENTISTA,FACULTAD DE ODONTOLOGÍA,Escolarizado,https://www.dgae.unam.mx/Licenciatura2026/resultados/2/20200145.html,115,3060,2590,112,166,070767,78,,No seleccionado,,Consultar
2,Licenciatura 2026,202,20200145,CIRUJANO DENTISTA,FACULTAD DE ODONTOLOGÍA,Escolarizado,https://www.dgae.unam.mx/Licenciatura2026/resultados/2/20200145.html,115,3060,2590,112,166,070810,67,,No seleccionado,,Consultar
2,Licenciatura 2026,202,20200145,CIRUJANO DENTISTA,FACULTAD DE ODONTOLOGÍA,Escolarizado,https://www.dgae.unam.mx/Licenciatura2026/resultados/2/20200145.html,115,3060,2590,112,166,070820,,N,No presentado,,Consultar
2,Licenciatura 2026,202,20200145,CIRUJANO DENTISTA,FACULTAD DE ODONTOLOGÍA,Escolarizado,https://www.dgae.unam.mx/Licenciatura2026/resultados/2/20200145.html,115,3060,2590,112,166,070843,41,,No seleccionado,,Consultar
2,Licenciatura 2026,202,20200145,CIRUJANO DENTISTA,FACULTAD DE ODONTOLOGÍA,Escolarizado,https://www.dgae.unam.mx/Licenciatura2026/resultados/2/20200145.html,115,3060,2590,112,166,070853,,C,Cancelado,,Consultar
2,Licenciatura 2026,202,20200145,CIRUJANO DENTISTA,FACULTAD DE ODONTOLOGÍA,Escolarizado,https://www.dgae.unam.mx/Licenciatura2026/resultados/2/20200145.html,115,3060,2590,112,166,070868,107,,No seleccionado,,Consultar
2,Licenciatura 2026,202,20200145,CIRUJANO DENTISTA,FACULTAD DE ODONTOLOGÍA,Escolarizado,https://www.dgae.unam.mx/Licenciatura2026/resultados/2/20200145.html,115,3060,2590,112,166,070885,75,,No seleccionado,,Consultar
2,Licenciatura 2026,202,20200145,CIRUJANO DENTISTA,FACULTAD DE ODONTOLOGÍA,Escolarizado,https://www.dgae.unam.mx/Licenciatura2026/resultados/2/20200145.html,115,3060,2590,112,166,070886,61,,No seleccionado,,Consultar
2,Licenciatura 2026,202,20200145,CIRUJANO DENTISTA,FACULTAD DE ODONTOLOGÍA,Escolarizado,https://www.dgae.unam.mx/Licenciatura2026/resultados/2/20200145.html,115,3060,2590,112,166,070896,35,,No seleccionado,,Consultar
2,Licenciatura 2026,202,20200145,CIRUJANO DENTISTA,FACULTAD DE ODONTOLOGÍA,Escolarizado,https://www.dgae.unam.mx/Licenciatura2026/resultados/2/20200145.html,115,3060,2590,112,166,070920,63,,No seleccionado,,Consultar
2,Licenciatura 2026,202,20200145,CIRUJANO DENTISTA,FACULTAD DE ODONTOLOGÍA,Escolarizado,https://www.dgae.unam.mx/Licenciatura2026/resultados/2/20200145.html,115,3060,2590,112,166,070956,83,,No seleccionado,,Consultar
2,Licenciatura 2026,202,20200145,CIRUJANO DENTISTA,FACULTAD DE ODONTOLOGÍA,Escolarizado,https://www.dgae.unam.mx/Licenciatura2026/resultados/2/20200145.html,115,3060,2590,112,166,070957,77,,No seleccionado,,Consultar
2,Licenciatura 2026,202,20200145,CIRUJANO DENTISTA,FACULTAD DE ODONTOLOGÍA,Escolarizado,https://www.dgae.unam.mx/Licenciatura2026/resultados/2/20200145.html,115,3060,2590,112,166,070995,,N,No presentado,,Consultar
2,Licenciatura 2026,202,20200145,CIRUJANO DENTISTA,FACULTAD DE ODONTOLOGÍA,Escolarizado,https://www.dgae.unam.mx/Licenciatura2026/resultados/2/20200145.html,115,3060,2590,112,166,071026,32,,No seleccionado,,Consultar
2,Licenciatura 2026,202,20200145,CIRUJANO DENTISTA,FACULTAD DE ODONTOLOGÍA,Escolarizado,https://www.dgae.unam.mx/Licenciatura2026/resultados/2/20200145.html,115,3060,2590,112,166,071042,34,,No seleccionado,,Consultar
2,Licenciatura 2026,202,20200145,CIRUJANO DENTISTA,FACULTAD DE ODONTOLOGÍA,Escolarizado,https://www.dgae.unam.mx/Licenciatura2026/resultados/2/20200145.html,115,3060,2590,112,166,071116,0,,No seleccionado,,Consultar
2,Licenciatura 2026,202,20200145,CIRUJANO DENTISTA,FACULTAD DE ODONTOLOGÍA,Escolarizado,https://www.dgae.unam.mx/Licenciatura2026/resultados/2/20200145.html,115,3060,2590,112,166,071117,38,,No seleccionado,,Consultar
2,Licenciatura 2026,202,20200145,CIRUJANO DENTISTA,FACULTAD DE ODONTOLOGÍA,Escolarizado,https://www.dgae.unam.mx/Licenciatura2026/resultados/2/20200145.html,115,3060,2590,112,166,071141,54,,No seleccionado,,Consultar
2,Licenciatura 2026,202,20200145,CIRUJANO DENTISTA,FACULTAD DE ODONTOLOGÍA,Escolarizado,https://www.dgae.unam.mx/Licenciatura2026/resultados/2/20200145.html,115,3060,2590,112,166,071162,102,,No seleccionado,,Consultar
2,Licenciatura 2026,202,20200145,CIRUJANO DENTISTA,FACULTAD DE ODONTOLOGÍA,Escolarizado,https://www.dgae.unam.mx/Licenciatura2026/resultados/2/20200145.html,115,3060,2590,112,166,071240,97,,No seleccionado,,Consultar
2,Licenciatura 2026,202,20200145,CIRUJANO DENTISTA,FACULTAD DE ODONTOLOGÍA,Escolarizado,https://www.dgae.unam.mx/Licenciatura2026/resultados/2/20200145.html,115,3060,2590,112,166,071286,44,,No seleccionado,,Consultar
2,Licenciatura 2026,202,20200145,CIRUJANO DENTISTA,FACULTAD DE ODONTOLOGÍA,Escolarizado,https://www.dgae.unam.mx/Licenciatura2026/resultados/2/20200145.html,115,3060,2590,112,166,071307,,N,No presentado,,Consultar
2,Licenciatura 2026,202,20200145,CIRUJANO DENTISTA,FACULTAD DE ODONTOLOGÍA,Escolarizado,https://www.dgae.unam.mx/Licenciatura2026/resultados/2/20200145.html,115,3060,2590,112,166,071329,56,,No seleccionado,,Consultar
2,Licenciatura 2026,202,20200145,CIRUJANO DENTISTA,FACULTAD DE ODONTOLOGÍA,Escolarizado,https://www.dgae.unam.mx/Licenciatura2026/resultados/2/20200145.html,115,3060,2590,112,166,071345,71,,No seleccionado,,Consultar
2,Licenciatura 2026,202,20200145,CIRUJANO DENTISTA,FACULTAD DE ODONTOLOGÍA,Escolarizado,https://www.dgae.unam.mx/Licenciatura2026/resultados/2/20200145.html,115,3060,2590,112,166,071361,98,,No seleccionado,,Consultar
2,Licenciatura 2026,202,20200145,CIRUJANO DENTISTA,FACULTAD DE ODONTOLOGÍA,Escolarizado,https://www.dgae.unam.mx/Licenciatura2026/resultados/2/20200145.html,115,3060,2590,112,166,071364,83,,No seleccionado,,Consultar
2,Licenciatura 2026,202,20200145,CIRUJANO DENTISTA,FACULTAD DE ODONTOLOGÍA,Escolarizado,https://www.dgae.unam.mx/Licenciatura2026/resultados/2/20200145.html,115,3060,2590,112,166,071389,112,S,Seleccionado,Cita para entregar documentación.,Consultar
2,Licenciatura 2026,202,20200145,CIRUJANO DENTISTA,FACULTAD DE ODONTOLOGÍA,Escolarizado,https://www.dgae.unam.mx/Licenciatura2026/resultados/2/20200145.html,115,3060,2590,112,166,071454,112,S,Seleccionado,Cita para entregar documentación.,Consultar
2,Licenciatura 2026,202,20200145,CIRUJANO DENTISTA,FACULTAD DE ODONTOLOGÍA,Escolarizado,https://www.dgae.unam.mx/Licenciatura2026/resultados/2/20200145.html,115,3060,2590,112,166,071472,40,,No seleccionado,,Consultar
2,Licenciatura 2026,202,20200145,CIRUJANO DENTISTA,FACULTAD DE ODONTOLOGÍA,Escolarizado,https://www.dgae.unam.mx/Licenciatura2026/resultados/2/20200145.html,115,3060,2590,112,166,071568,43,,No seleccionado,,Consultar
2,Licenciatura 2026,202,20200145,CIRUJANO DENTISTA,FACULTAD DE ODONTOLOGÍA,Escolarizado,https://www.dgae.unam.mx/Licenciatura2026/resultados/2/20200145.html,115,3060,2590,112,166,071584,100,,No seleccionado,,Consultar
2,Licenciatura 2026,202,20200145,CIRUJANO DENTISTA,FACULTAD DE ODONTOLOGÍA,Escolarizado,https://www.dgae.unam.mx/Licenciatura2026/resultados/2/20200145.html,115,3060,2590,112,166,071668,105,,No seleccionado,,Consultar
2,Licenciatura 2026,202,20200145,CIRUJANO DENTISTA,FACULTAD DE ODONTOLOGÍA,Escolarizado,https://www.dgae.unam.mx/Licenciatura2026/resultados/2/20200145.html,115,3060,2590,112,166,071675,92,,No seleccionado,,Consultar
2,Licenciatura 2026,202,20200145,CIRUJANO DENTISTA,FACULTAD DE ODONTOLOGÍA,Escolarizado,https://www.dgae.unam.mx/Licenciatura2026/resultados/2/20200145.html,115,3060,2590,112,166,071766,40,,No seleccionado,,Consultar
2,Licenciatura 2026,202,20200145,CIRUJANO DENTISTA,FACULTAD DE ODONTOLOGÍA,Escolarizado,https://www.dgae.unam.mx/Licenciatura2026/resultados/2/20200145.html,115,3060,2590,112,166,071781,63,,No seleccionado,,Consultar
2,Licenciatura 2026,202,20200145,CIRUJANO DENTISTA,FACULTAD DE ODONTOLOGÍA,Escolarizado,https://www.dgae.unam.mx/Licenciatura2026/resultados/2/20200145.html,115,3060,2590,112,166,071787,92,,No seleccionado,,Consultar
2,Licenciatura 2026,202,20200145,CIRUJANO DENTISTA,FACULTAD DE ODONTOLOGÍA,Escolarizado,https://www.dgae.unam.mx/Licenciatura2026/resultados/2/20200145.html,115,3060,2590,112,166,071843,94,,No seleccionado,,Consultar
2,Licenciatura 2026,202,20200145,CIRUJANO DENTISTA,FACULTAD DE ODONTOLOGÍA,Escolarizado,https://www.dgae.unam.mx/Licenciatura2026/resultados/2/20200145.html,115,3060,2590,112,166,071844,60,,No seleccionado,,Consultar
2,Licenciatura 2026,202,20200145,CIRUJANO DENTISTA,FACULTAD DE ODONTOLOGÍA,Escolarizado,https://www.dgae.unam.mx/Licenciatura2026/resultados/2/20200145.html,115,3060,2590,112,166,071855,115,S,Seleccionado,,Consultar
2,Licenciatura 2026,202,20200145,CIRUJANO DENTISTA,FACULTAD DE ODONTOLOGÍA,Escolarizado,https://www.dgae.unam.mx/Licenciatura2026/resultados/2/20200145.html,115,3060,2590,112,166,071936,28,,No seleccionado,,Consultar
2,Licenciatura 2026,202,20200145,CIRUJANO DENTISTA,FACULTAD DE ODONTOLOGÍA,Escolarizado,https://www.dgae.unam.mx/Licenciatura2026/resultados/2/20200145.html,115,3060,2590,112,166,071953,48,,No seleccionado,,Consultar
2,Licenciatura 2026,202,20200145,CIRUJANO DENTISTA,FACULTAD DE ODONTOLOGÍA,Escolarizado,https://www.dgae.unam.mx/Licenciatura2026/resultados/2/20200145.html,115,3060,2590,112,166,071967,99,,No seleccionado,,Consultar
2,Licenciatura 2026,202,20200145,CIRUJANO DENTISTA,FACULTAD DE ODONTOLOGÍA,Escolarizado,https://www.dgae.unam.mx/Licenciatura2026/resultados/2/20200145.html,115,3060,2590,112,166,072018,107,,No seleccionado,,Consultar
2,Licenciatura 2026,202,20200145,CIRUJANO DENTISTA,FACULTAD DE ODONTOLOGÍA,Escolarizado,https://www.dgae.unam.mx/Licenciatura2026/resultados/2/20200145.html,115,3060,2590,112,166,072052,88,,No seleccionado,,Consultar
2,Licenciatura 2026,202,20200145,CIRUJANO DENTISTA,FACULTAD DE ODONTOLOGÍA,Escolarizado,https://www.dgae.unam.mx/Licenciatura2026/resultados/2/20200145.html,115,3060,2590,112,166,072054,73,,No seleccionado,,Consultar
2,Licenciatura 2026,202,20200145,CIRUJANO DENTISTA,FACULTAD DE ODONTOLOGÍA,Escolarizado,https://www.dgae.unam.mx/Licenciatura2026/resultados/2/20200145.html,115,3060,2590,112,166,072095,62,,No seleccionado,,Consultar
2,Licenciatura 2026,202,20200145,CIRUJANO DENTISTA,FACULTAD DE ODONTOLOGÍA,Escolarizado,https://www.dgae.unam.mx/Licenciatura2026/resultados/2/20200145.html,115,3060,2590,112,166,072183,80,,No seleccionado,,Consultar
2,Licenciatura 2026,202,20200145,CIRUJANO DENTISTA,FACULTAD DE ODONTOLOGÍA,Escolarizado,https://www.dgae.unam.mx/Licenciatura2026/resultados/2/20200145.html,115,3060,2590,112,166,072226,51,,No seleccionado,,Consultar
2,Licenciatura 2026,202,20200145,CIRUJANO DENTISTA,FACULTAD DE ODONTOLOGÍA,Escolarizado,https://www.dgae.unam.mx/Licenciatura2026/resultados/2/20200145.html,115,3060,2590,112,166,072247,118,S,Seleccionado,,Consultar
2,Licenciatura 2026,202,20200145,CIRUJANO DENTISTA,FACULTAD DE ODONTOLOGÍA,Escolarizado,https://www.dgae.unam.mx/Licenciatura2026/resultados/2/20200145.html,115,3060,2590,112,166,072261,97,,No seleccionado,,Consultar
2,Licenciatura 2026,202,20200145,CIRUJANO DENTISTA,FACULTAD DE ODONTOLOGÍA,Escolarizado,https://www.dgae.unam.mx/Licenciatura2026/resultados/2/20200145.html,115,3060,2590,112,166,072268,107,,No seleccionado,,Consultar
2,Licenciatura 2026,202,20200145,CIRUJANO DENTISTA,FACULTAD DE ODONTOLOGÍA,Escolarizado,https://www.dgae.unam.mx/Licenciatura2026/resultados/2/20200145.html,115,3060,2590,112,166,072365,109,,No seleccionado,,Consultar
2,Licenciatura 2026,202,20200145,CIRUJANO DENTISTA,FACULTAD DE ODONTOLOGÍA,Escolarizado,https://www.dgae.unam.mx/Licenciatura2026/resultados/2/20200145.html,115,3060,2590,112,166,072374,95,,No seleccionado,,Consultar
2,Licenciatura 2026,202,20200145,CIRUJANO DENTISTA,FACULTAD DE ODONTOLOGÍA,Escolarizado,https://www.dgae.unam.mx/Licenciatura2026/resultados/2/20200145.html,115,3060,2590,112,166,072377,101,,No seleccionado,,Consultar
2,Licenciatura 2026,202,20200145,CIRUJANO DENTISTA,FACULTAD DE ODONTOLOGÍA,Escolarizado,https://www.dgae.unam.mx/Licenciatura2026/resultados/2/20200145.html,115,3060,2590,112,166,072378,103,,No seleccionado,,Consultar
2,Licenciatura 2026,202,20200145,CIRUJANO DENTISTA,FACULTAD DE ODONTOLOGÍA,Escolarizado,https://www.dgae.unam.mx/Licenciatura2026/resultados/2/20200145.html,115,3060,2590,112,166,072428,60,,No seleccionado,,Consultar
2,Licenciatura 2026,202,20200145,CIRUJANO DENTISTA,FACULTAD DE ODONTOLOGÍA,Escolarizado,https://www.dgae.unam.mx/Licenciatura2026/resultados/2/20200145.html,115,3060,2590,112,166,072461,106,,No seleccionado,,Consultar
2,Licenciatura 2026,202,20200145,CIRUJANO DENTISTA,FACULTAD DE ODONTOLOGÍA,Escolarizado,https://www.dgae.unam.mx/Licenciatura2026/resultados/2/20200145.html,115,3060,2590,112,166,072470,34,,No seleccionado,,Consultar
2,Licenciatura 2026,202,20200145,CIRUJANO DENTISTA,FACULTAD DE ODONTOLOGÍA,Escolarizado,https://www.dgae.unam.mx/Licenciatura2026/resultados/2/20200145.html,115,3060,2590,112,166,072505,92,,No seleccionado,,Consultar
2,Licenciatura 2026,202,20200145,CIRUJANO DENTISTA,FACULTAD DE ODONTOLOGÍA,Escolarizado,https://www.dgae.unam.mx/Licenciatura2026/resultados/2/20200145.html,115,3060,2590,112,166,072528,97,,No seleccionado,,Consultar
2,Licenciatura 2026,202,20200145,CIRUJANO DENTISTA,FACULTAD DE ODONTOLOGÍA,Escolarizado,https://www.dgae.unam.mx/Licenciatura2026/resultados/2/20200145.html,115,3060,2590,112,166,072706,43,,No seleccionado,,Consultar
2,Licenciatura 2026,202,20200145,CIRUJANO DENTISTA,FACULTAD DE ODONTOLOGÍA,Escolarizado,https://www.dgae.unam.mx/Licenciatura2026/resultados/2/20200145.html,115,3060,2590,112,166,072712,66,,No seleccionado,,Consultar
2,Licenciatura 2026,202,20200145,CIRUJANO DENTISTA,FACULTAD DE ODONTOLOGÍA,Escolarizado,https://www.dgae.unam.mx/Licenciatura2026/resultados/2/20200145.html,115,3060,2590,112,166,072717,,N,No presentado,,Consultar
2,Licenciatura 2026,202,20200145,CIRUJANO DENTISTA,FACULTAD DE ODONTOLOGÍA,Escolarizado,https://www.dgae.unam.mx/Licenciatura2026/resultados/2/20200145.html,115,3060,2590,112,166,072725,119,S,Seleccionado,Cita para entregar documentación.,Consultar
2,Licenciatura 2026,202,20200145,CIRUJANO DENTISTA,FACULTAD DE ODONTOLOGÍA,Escolarizado,https://www.dgae.unam.mx/Licenciatura2026/resultados/2/20200145.html,115,3060,2590,112,166,072735,50,,No seleccionado,,Consultar
2,Licenciatura 2026,202,20200145,CIRUJANO DENTISTA,FACULTAD DE ODONTOLOGÍA,Escolarizado,https://www.dgae.unam.mx/Licenciatura2026/resultados/2/20200145.html,115,3060,2590,112,166,072740,112,S,Seleccionado,Cita para entregar documentación.,Consultar
2,Licenciatura 2026,202,20200145,CIRUJANO DENTISTA,FACULTAD DE ODONTOLOGÍA,Escolarizado,https://www.dgae.unam.mx/Licenciatura2026/resultados/2/20200145.html,115,3060,2590,112,166,072742,101,,No seleccionado,,Consultar
2,Licenciatura 2026,202,20200145,CIRUJANO DENTISTA,FACULTAD DE ODONTOLOGÍA,Escolarizado,https://www.dgae.unam.mx/Licenciatura2026/resultados/2/20200145.html,115,3060,2590,112,166,072786,49,,No seleccionado,,Consultar
2,Licenciatura 2026,202,20200145,CIRUJANO DENTISTA,FACULTAD DE ODONTOLOGÍA,Escolarizado,https://www.dgae.unam.mx/Licenciatura2026/resultados/2/20200145.html,115,3060,2590,112,166,072820,53,,No seleccionado,,Consultar
2,Licenciatura 2026,202,20200145,CIRUJANO DENTISTA,FACULTAD DE ODONTOLOGÍA,Escolarizado,https://www.dgae.unam.mx/Licenciatura2026/resultados/2/20200145.html,115,3060,2590,112,166,072897,80,,No seleccionado,,Consultar
2,Licenciatura 2026,202,20200145,CIRUJANO DENTISTA,FACULTAD DE ODONTOLOGÍA,Escolarizado,https://www.dgae.unam.mx/Licenciatura2026/resultados/2/20200145.html,115,3060,2590,112,166,072927,81,,No seleccionado,,Consultar
2,Licenciatura 2026,202,20200145,CIRUJANO DENTISTA,FACULTAD DE ODONTOLOGÍA,Escolarizado,https://www.dgae.unam.mx/Licenciatura2026/resultados/2/20200145.html,115,3060,2590,112,166,072931,78,,No seleccionado,,Consultar
2,Licenciatura 2026,202,20200145,CIRUJANO DENTISTA,FACULTAD DE ODONTOLOGÍA,Escolarizado,https://www.dgae.unam.mx/Licenciatura2026/resultados/2/20200145.html,115,3060,2590,112,166,072991,43,,No seleccionado,,Consultar
2,Licenciatura 2026,202,20200145,CIRUJANO DENTISTA,FACULTAD DE ODONTOLOGÍA,Escolarizado,https://www.dgae.unam.mx/Licenciatura2026/resultados/2/20200145.html,115,3060,2590,112,166,073011,30,,No seleccionado,,Consultar
2,Licenciatura 2026,202,20200145,CIRUJANO DENTISTA,FACULTAD DE ODONTOLOGÍA,Escolarizado,https://www.dgae.unam.mx/Licenciatura2026/resultados/2/20200145.html,115,3060,2590,112,166,073020,,N,No presentado,,Consultar
2,Licenciatura 2026,202,20200145,CIRUJANO DENTISTA,FACULTAD DE ODONTOLOGÍA,Escolarizado,https://www.dgae.unam.mx/Licenciatura2026/resultados/2/20200145.html,115,3060,2590,112,166,073026,50,,No seleccionado,,Consultar
2,Licenciatura 2026,202,20200145,CIRUJANO DENTISTA,FACULTAD DE ODONTOLOGÍA,Escolarizado,https://www.dgae.unam.mx/Licenciatura2026/resultados/2/20200145.html,115,3060,2590,112,166,073053,96,,No seleccionado,,Consultar
2,Licenciatura 2026,202,20200145,CIRUJANO DENTISTA,FACULTAD DE ODONTOLOGÍA,Escolarizado,https://www.dgae.unam.mx/Licenciatura2026/resultados/2/20200145.html,115,3060,2590,112,166,073070,,N,No presentado,,Consultar
2,Licenciatura 2026,202,20200145,CIRUJANO DENTISTA,FACULTAD DE ODONTOLOGÍA,Escolarizado,https://www.dgae.unam.mx/Licenciatura2026/resultados/2/20200145.html,115,3060,2590,112,166,073086,32,,No seleccionado,,Consultar
2,Licenciatura 2026,202,20200145,CIRUJANO DENTISTA,FACULTAD DE ODONTOLOGÍA,Escolarizado,https://www.dgae.unam.mx/Licenciatura2026/resultados/2/20200145.html,115,3060,2590,112,166,073103,,N,No presentado,,Consultar
2,Licenciatura 2026,202,20200145,CIRUJANO DENTISTA,FACULTAD DE ODONTOLOGÍA,Escolarizado,https://www.dgae.unam.mx/Licenciatura2026/resultados/2/20200145.html,115,3060,2590,112,166,073135,36,,No seleccionado,,Consultar
2,Licenciatura 2026,202,20200145,CIRUJANO DENTISTA,FACULTAD DE ODONTOLOGÍA,Escolarizado,https://www.dgae.unam.mx/Licenciatura2026/resultados/2/20200145.html,115,3060,2590,112,166,073180,43,,No seleccionado,,Consultar
2,Licenciatura 2026,202,20200145,CIRUJANO DENTISTA,FACULTAD DE ODONTOLOGÍA,Escolarizado,https://www.dgae.unam.mx/Licenciatura2026/resultados/2/20200145.html,115,3060,2590,112,166,073195,72,,No seleccionado,,Consultar
2,Licenciatura 2026,202,20200145,CIRUJANO DENTISTA,FACULTAD DE ODONTOLOGÍA,Escolarizado,https://www.dgae.unam.mx/Licenciatura2026/resultados/2/20200145.html,115,3060,2590,112,166,073239,83,,No seleccionado,,Consultar
2,Licenciatura 2026,202,20200145,CIRUJANO DENTISTA,FACULTAD DE ODONTOLOGÍA,Escolarizado,https://www.dgae.unam.mx/Licenciatura2026/resultados/2/20200145.html,115,3060,2590,112,166,073321,36,,No seleccionado,,Consultar
2,Licenciatura 2026,202,20200145,CIRUJANO DENTISTA,FACULTAD DE ODONTOLOGÍA,Escolarizado,https://www.dgae.unam.mx/Licenciatura2026/resultados/2/20200145.html,115,3060,2590,112,166,073338,58,,No seleccionado,,Consultar
2,Licenciatura 2026,202,20200145,CIRUJANO DENTISTA,FACULTAD DE ODONTOLOGÍA,Escolarizado,https://www.dgae.unam.mx/Licenciatura2026/resultados/2/20200145.html,115,3060,2590,112,166,073340,102,,No seleccionado,,Consultar
2,Licenciatura 2026,202,20200145,CIRUJANO DENTISTA,FACULTAD DE ODONTOLOGÍA,Escolarizado,https://www.dgae.unam.mx/Licenciatura2026/resultados/2/20200145.html,115,3060,2590,112,166,073346,95,,No seleccionado,,Consultar
2,Licenciatura 2026,202,20200145,CIRUJANO DENTISTA,FACULTAD DE ODONTOLOGÍA,Escolarizado,https://www.dgae.unam.mx/Licenciatura2026/resultados/2/20200145.html,115,3060,2590,112,166,073366,52,,No seleccionado,,Consultar
2,Licenciatura 2026,202,20200145,CIRUJANO DENTISTA,FACULTAD DE ODONTOLOGÍA,Escolarizado,https://www.dgae.unam.mx/Licenciatura2026/resultados/2/20200145.html,115,3060,2590,112,166,073460,,N,No presentado,,Consultar
2,Licenciatura 2026,202,20200145,CIRUJANO DENTISTA,FACULTAD DE ODONTOLOGÍA,Escolarizado,https://www.dgae.unam.mx/Licenciatura2026/resultados/2/20200145.html,115,3060,2590,112,166,073500,80,,No seleccionado,,Consultar
2,Licenciatura 2026,202,20200145,CIRUJANO DENTISTA,FACULTAD DE ODONTOLOGÍA,Escolarizado,https://www.dgae.unam.mx/Licenciatura2026/resultados/2/20200145.html,115,3060,2590,112,166,073540,39,,No seleccionado,,Consultar
2,Licenciatura 2026,202,20200145,CIRUJANO DENTISTA,FACULTAD DE ODONTOLOGÍA,Escolarizado,https://www.dgae.unam.mx/Licenciatura2026/resultados/2/20200145.html,115,3060,2590,112,166,073634,110,,No seleccionado,,Consultar
2,Licenciatura 2026,202,20200145,CIRUJANO DENTISTA,FACULTAD DE ODONTOLOGÍA,Escolarizado,https://www.dgae.unam.mx/Licenciatura2026/resultados/2/20200145.html,115,3060,2590,112,166,073664,82,,No seleccionado,,Consultar
2,Licenciatura 2026,202,20200145,CIRUJANO DENTISTA,FACULTAD DE ODONTOLOGÍA,Escolarizado,https://www.dgae.unam.mx/Licenciatura2026/resultados/2/20200145.html,115,3060,2590,112,166,073669,45,,No seleccionado,,Consultar
2,Licenciatura 2026,202,20200145,CIRUJANO DENTISTA,FACULTAD DE ODONTOLOGÍA,Escolarizado,https://www.dgae.unam.mx/Licenciatura2026/resultados/2/20200145.html,115,3060,2590,112,166,073682,,N,No presentado,,Consultar
2,Licenciatura 2026,202,20200145,CIRUJANO DENTISTA,FACULTAD DE ODONTOLOGÍA,Escolarizado,https://www.dgae.unam.mx/Licenciatura2026/resultados/2/20200145.html,115,3060,2590,112,166,073690,68,,No seleccionado,,Consultar
2,Licenciatura 2026,202,20200145,CIRUJANO DENTISTA,FACULTAD DE ODONTOLOGÍA,Escolarizado,https://www.dgae.unam.mx/Licenciatura2026/resultados/2/20200145.html,115,3060,2590,112,166,073700,71,,No seleccionado,,Consultar
2,Licenciatura 2026,202,20200145,CIRUJANO DENTISTA,FACULTAD DE ODONTOLOGÍA,Escolarizado,https://www.dgae.unam.mx/Licenciatura2026/resultados/2/20200145.html,115,3060,2590,112,166,073703,52,,No seleccionado,,Consultar
2,Licenciatura 2026,202,20200145,CIRUJANO DENTISTA,FACULTAD DE ODONTOLOGÍA,Escolarizado,https://www.dgae.unam.mx/Licenciatura2026/resultados/2/20200145.html,115,3060,2590,112,166,073714,84,,No seleccionado,,Consultar
2,Licenciatura 2026,202,20200145,CIRUJANO DENTISTA,FACULTAD DE ODONTOLOGÍA,Escolarizado,https://www.dgae.unam.mx/Licenciatura2026/resultados/2/20200145.html,115,3060,2590,112,166,073721,78,,No seleccionado,,Consultar
2,Licenciatura 2026,202,20200145,CIRUJANO DENTISTA,FACULTAD DE ODONTOLOGÍA,Escolarizado,https://www.dgae.unam.mx/Licenciatura2026/resultados/2/20200145.html,115,3060,2590,112,166,073735,,N,No presentado,,Consultar
2,Licenciatura 2026,202,20200145,CIRUJANO DENTISTA,FACULTAD DE ODONTOLOGÍA,Escolarizado,https://www.dgae.unam.mx/Licenciatura2026/resultados/2/20200145.html,115,3060,2590,112,166,073782,95,,No seleccionado,,Consultar
2,Licenciatura 2026,202,20200145,CIRUJANO DENTISTA,FACULTAD DE ODONTOLOGÍA,Escolarizado,https://www.dgae.unam.mx/Licenciatura2026/resultados/2/20200145.html,115,3060,2590,112,166,073818,42,,No seleccionado,,Consultar
2,Licenciatura 2026,202,20200145,CIRUJANO DENTISTA,FACULTAD DE ODONTOLOGÍA,Escolarizado,https://www.dgae.unam.mx/Licenciatura2026/resultados/2/20200145.html,115,3060,2590,112,166,073825,61,,No seleccionado,,Consultar
2,Licenciatura 2026,202,20200145,CIRUJANO DENTISTA,FACULTAD DE ODONTOLOGÍA,Escolarizado,https://www.dgae.unam.mx/Licenciatura2026/resultados/2/20200145.html,115,3060,2590,112,166,073839,,N,No presentado,,Consultar
2,Licenciatura 2026,202,20200145,CIRUJANO DENTISTA,FACULTAD DE ODONTOLOGÍA,Escolarizado,https://www.dgae.unam.mx/Licenciatura2026/resultados/2/20200145.html,115,3060,2590,112,166,073927,56,,No seleccionado,,Consultar
2,Licenciatura 2026,202,20200145,CIRUJANO DENTISTA,FACULTAD DE ODONTOLOGÍA,Escolarizado,https://www.dgae.unam.mx/Licenciatura2026/resultados/2/20200145.html,115,3060,2590,112,166,073962,99,,No seleccionado,,Consultar
2,Licenciatura 2026,202,20200145,CIRUJANO DENTISTA,FACULTAD DE ODONTOLOGÍA,Escolarizado,https://www.dgae.unam.mx/Licenciatura2026/resultados/2/20200145.html,115,3060,2590,112,166,073991,19,,No seleccionado,,Consultar
2,Licenciatura 2026,202,20200145,CIRUJANO DENTISTA,FACULTAD DE ODONTOLOGÍA,Escolarizado,https://www.dgae.unam.mx/Licenciatura2026/resultados/2/20200145.html,115,3060,2590,112,166,074035,101,,No seleccionado,,Consultar
2,Licenciatura 2026,202,20200145,CIRUJANO DENTISTA,FACULTAD DE ODONTOLOGÍA,Escolarizado,https://www.dgae.unam.mx/Licenciatura2026/resultados/2/20200145.html,115,3060,2590,112,166,074067,111,,No seleccionado,,Consultar
2,Licenciatura 2026,202,20200145,CIRUJANO DENTISTA,FACULTAD DE ODONTOLOGÍA,Escolarizado,https://www.dgae.unam.mx/Licenciatura2026/resultados/2/20200145.html,115,3060,2590,112,166,074073,26,,No seleccionado,,Consultar
2,Licenciatura 2026,202,20200145,CIRUJANO DENTISTA,FACULTAD DE ODONTOLOGÍA,Escolarizado,https://www.dgae.unam.mx/Licenciatura2026/resultados/2/20200145.html,115,3060,2590,112,166,074095,53,,No seleccionado,,Consultar
2,Licenciatura 2026,202,20200145,CIRUJANO DENTISTA,FACULTAD DE ODONTOLOGÍA,Escolarizado,https://www.dgae.unam.mx/Licenciatura2026/resultados/2/20200145.html,115,3060,2590,112,166,074135,106,,No seleccionado,,Consultar
2,Licenciatura 2026,202,20200145,CIRUJANO DENTISTA,FACULTAD DE ODONTOLOGÍA,Escolarizado,https://www.dgae.unam.mx/Licenciatura2026/resultados/2/20200145.html,115,3060,2590,112,166,074155,,N,No presentado,,Consultar
2,Licenciatura 2026,202,20200145,CIRUJANO DENTISTA,FACULTAD DE ODONTOLOGÍA,Escolarizado,https://www.dgae.unam.mx/Licenciatura2026/resultados/2/20200145.html,115,3060,2590,112,166,074168,,C,Cancelado,,Consultar
2,Licenciatura 2026,202,20200145,CIRUJANO DENTISTA,FACULTAD DE ODONTOLOGÍA,Escolarizado,https://www.dgae.unam.mx/Licenciatura2026/resultados/2/20200145.html,115,3060,2590,112,166,074217,41,,No seleccionado,,Consultar
2,Licenciatura 2026,202,20200145,CIRUJANO DENTISTA,FACULTAD DE ODONTOLOGÍA,Escolarizado,https://www.dgae.unam.mx/Licenciatura2026/resultados/2/20200145.html,115,3060,2590,112,166,074250,62,,No seleccionado,,Consultar
2,Licenciatura 2026,202,20200145,CIRUJANO DENTISTA,FACULTAD DE ODONTOLOGÍA,Escolarizado,https://www.dgae.unam.mx/Licenciatura2026/resultados/2/20200145.html,115,3060,2590,112,166,074251,84,,No seleccionado,,Consultar
2,Licenciatura 2026,202,20200145,CIRUJANO DENTISTA,FACULTAD DE ODONTOLOGÍA,Escolarizado,https://www.dgae.unam.mx/Licenciatura2026/resultados/2/20200145.html,115,3060,2590,112,166,074277,103,,No seleccionado,,Consultar
2,Licenciatura 2026,202,20200145,CIRUJANO DENTISTA,FACULTAD DE ODONTOLOGÍA,Escolarizado,https://www.dgae.unam.mx/Licenciatura2026/resultados/2/20200145.html,115,3060,2590,112,166,074278,70,,No seleccionado,,Consultar
2,Licenciatura 2026,202,20200145,CIRUJANO DENTISTA,FACULTAD DE ODONTOLOGÍA,Escolarizado,https://www.dgae.unam.mx/Licenciatura2026/resultados/2/20200145.html,115,3060,2590,112,166,074330,105,,No seleccionado,,Consultar
2,Licenciatura 2026,202,20200145,CIRUJANO DENTISTA,FACULTAD DE ODONTOLOGÍA,Escolarizado,https://www.dgae.unam.mx/Licenciatura2026/resultados/2/20200145.html,115,3060,2590,112,166,074370,73,,No seleccionado,,Consultar
2,Licenciatura 2026,202,20200145,CIRUJANO DENTISTA,FACULTAD DE ODONTOLOGÍA,Escolarizado,https://www.dgae.unam.mx/Licenciatura2026/resultados/2/20200145.html,115,3060,2590,112,166,074377,,N,No presentado,,Consultar
2,Licenciatura 2026,202,20200145,CIRUJANO DENTISTA,FACULTAD DE ODONTOLOGÍA,Escolarizado,https://www.dgae.unam.mx/Licenciatura2026/resultados/2/20200145.html,115,3060,2590,112,166,074382,107,,No seleccionado,,Consultar
2,Licenciatura 2026,202,20200145,CIRUJANO DENTISTA,FACULTAD DE ODONTOLOGÍA,Escolarizado,https://www.dgae.unam.mx/Licenciatura2026/resultados/2/20200145.html,115,3060,2590,112,166,074394,34,,No seleccionado,,Consultar
2,Licenciatura 2026,202,20200145,CIRUJANO DENTISTA,FACULTAD DE ODONTOLOGÍA,Escolarizado,https://www.dgae.unam.mx/Licenciatura2026/resultados/2/20200145.html,115,3060,2590,112,166,074404,53,,No seleccionado,,Consultar
2,Licenciatura 2026,202,20200145,CIRUJANO DENTISTA,FACULTAD DE ODONTOLOGÍA,Escolarizado,https://www.dgae.unam.mx/Licenciatura2026/resultados/2/20200145.html,115,3060,2590,112,166,074422,76,,No seleccionado,,Consultar
2,Licenciatura 2026,202,20200145,CIRUJANO DENTISTA,FACULTAD DE ODONTOLOGÍA,Escolarizado,https://www.dgae.unam.mx/Licenciatura2026/resultados/2/20200145.html,115,3060,2590,112,166,074430,36,,No seleccionado,,Consultar
2,Licenciatura 2026,202,20200145,CIRUJANO DENTISTA,FACULTAD DE ODONTOLOGÍA,Escolarizado,https://www.dgae.unam.mx/Licenciatura2026/resultados/2/20200145.html,115,3060,2590,112,166,074457,,N,No presentado,,Consultar
2,Licenciatura 2026,202,20200145,CIRUJANO DENTISTA,FACULTAD DE ODONTOLOGÍA,Escolarizado,https://www.dgae.unam.mx/Licenciatura2026/resultados/2/20200145.html,115,3060,2590,112,166,074472,101,,No seleccionado,,Consultar
2,Licenciatura 2026,202,20200145,CIRUJANO DENTISTA,FACULTAD DE ODONTOLOGÍA,Escolarizado,https://www.dgae.unam.mx/Licenciatura2026/resultados/2/20200145.html,115,3060,2590,112,166,074530,49,,No seleccionado,,Consultar
2,Licenciatura 2026,202,20200145,CIRUJANO DENTISTA,FACULTAD DE ODONTOLOGÍA,Escolarizado,https://www.dgae.unam.mx/Licenciatura2026/resultados/2/20200145.html,115,3060,2590,112,166,074531,81,,No seleccionado,,Consultar
2,Licenciatura 2026,202,20200145,CIRUJANO DENTISTA,FACULTAD DE ODONTOLOGÍA,Escolarizado,https://www.dgae.unam.mx/Licenciatura2026/resultados/2/20200145.html,115,3060,2590,112,166,074545,56,,No seleccionado,,Consultar
2,Licenciatura 2026,202,20200145,CIRUJANO DENTISTA,FACULTAD DE ODONTOLOGÍA,Escolarizado,https://www.dgae.unam.mx/Licenciatura2026/resultados/2/20200145.html,115,3060,2590,112,166,074579,,N,No presentado,,Consultar
2,Licenciatura 2026,202,20200145,CIRUJANO DENTISTA,FACULTAD DE ODONTOLOGÍA,Escolarizado,https://www.dgae.unam.mx/Licenciatura2026/resultados/2/20200145.html,115,3060,2590,112,166,074609,,N,No presentado,,Consultar
2,Licenciatura 2026,202,20200145,CIRUJANO DENTISTA,FACULTAD DE ODONTOLOGÍA,Escolarizado,https://www.dgae.unam.mx/Licenciatura2026/resultados/2/20200145.html,115,3060,2590,112,166,074611,61,,No seleccionado,,Consultar
2,Licenciatura 2026,202,20200145,CIRUJANO DENTISTA,FACULTAD DE ODONTOLOGÍA,Escolarizado,https://www.dgae.unam.mx/Licenciatura2026/resultados/2/20200145.html,115,3060,2590,112,166,074621,105,,No seleccionado,,Consultar
2,Licenciatura 2026,202,20200145,CIRUJANO DENTISTA,FACULTAD DE ODONTOLOGÍA,Escolarizado,https://www.dgae.unam.mx/Licenciatura2026/resultados/2/20200145.html,115,3060,2590,112,166,074629,64,,No seleccionado,,Consultar
2,Licenciatura 2026,202,20200145,CIRUJANO DENTISTA,FACULTAD DE ODONTOLOGÍA,Escolarizado,https://www.dgae.unam.mx/Licenciatura2026/resultados/2/20200145.html,115,3060,2590,112,166,074646,113,S,Seleccionado,,Consultar
2,Licenciatura 2026,202,20200145,CIRUJANO DENTISTA,FACULTAD DE ODONTOLOGÍA,Escolarizado,https://www.dgae.unam.mx/Licenciatura2026/resultados/2/20200145.html,115,3060,2590,112,166,074698,105,,No seleccionado,,Consultar
2,Licenciatura 2026,202,20200145,CIRUJANO DENTISTA,FACULTAD DE ODONTOLOGÍA,Escolarizado,https://www.dgae.unam.mx/Licenciatura2026/resultados/2/20200145.html,115,3060,2590,112,166,074713,97,,No seleccionado,,Consultar
2,Licenciatura 2026,202,20200145,CIRUJANO DENTISTA,FACULTAD DE ODONTOLOGÍA,Escolarizado,https://www.dgae.unam.mx/Licenciatura2026/resultados/2/20200145.html,115,3060,2590,112,166,074726,27,,No seleccionado,,Consultar
2,Licenciatura 2026,202,20200145,CIRUJANO DENTISTA,FACULTAD DE ODONTOLOGÍA,Escolarizado,https://www.dgae.unam.mx/Licenciatura2026/resultados/2/20200145.html,115,3060,2590,112,166,074736,41,,No seleccionado,,Consultar
2,Licenciatura 2026,202,20200145,CIRUJANO DENTISTA,FACULTAD DE ODONTOLOGÍA,Escolarizado,https://www.dgae.unam.mx/Licenciatura2026/resultados/2/20200145.html,115,3060,2590,112,166,074785,114,S,Seleccionado,Cita para entregar documentación.,Consultar
2,Licenciatura 2026,202,20200145,CIRUJANO DENTISTA,FACULTAD DE ODONTOLOGÍA,Escolarizado,https://www.dgae.unam.mx/Licenciatura2026/resultados/2/20200145.html,115,3060,2590,112,166,074802,46,,No seleccionado,,Consultar
2,Licenciatura 2026,202,20200145,CIRUJANO DENTISTA,FACULTAD DE ODONTOLOGÍA,Escolarizado,https://www.dgae.unam.mx/Licenciatura2026/resultados/2/20200145.html,115,3060,2590,112,166,074804,51,,No seleccionado,,Consultar
2,Licenciatura 2026,202,20200145,CIRUJANO DENTISTA,FACULTAD DE ODONTOLOGÍA,Escolarizado,https://www.dgae.unam.mx/Licenciatura2026/resultados/2/20200145.html,115,3060,2590,112,166,074811,50,,No seleccionado,,Consultar
2,Licenciatura 2026,202,20200145,CIRUJANO DENTISTA,FACULTAD DE ODONTOLOGÍA,Escolarizado,https://www.dgae.unam.mx/Licenciatura2026/resultados/2/20200145.html,115,3060,2590,112,166,074829,43,,No seleccionado,,Consultar
2,Licenciatura 2026,202,20200145,CIRUJANO DENTISTA,FACULTAD DE ODONTOLOGÍA,Escolarizado,https://www.dgae.unam.mx/Licenciatura2026/resultados/2/20200145.html,115,3060,2590,112,166,074835,,C,Cancelado,,Consultar
2,Licenciatura 2026,202,20200145,CIRUJANO DENTISTA,FACULTAD DE ODONTOLOGÍA,Escolarizado,https://www.dgae.unam.mx/Licenciatura2026/resultados/2/20200145.html,115,3060,2590,112,166,074860,92,,No seleccionado,,Consultar
2,Licenciatura 2026,202,20200145,CIRUJANO DENTISTA,FACULTAD DE ODONTOLOGÍA,Escolarizado,https://www.dgae.unam.mx/Licenciatura2026/resultados/2/20200145.html,115,3060,2590,112,166,074949,,N,No presentado,,Consultar
2,Licenciatura 2026,202,20200145,CIRUJANO DENTISTA,FACULTAD DE ODONTOLOGÍA,Escolarizado,https://www.dgae.unam.mx/Licenciatura2026/resultados/2/20200145.html,115,3060,2590,112,166,074965,83,,No seleccionado,,Consultar
2,Licenciatura 2026,202,20200145,CIRUJANO DENTISTA,FACULTAD DE ODONTOLOGÍA,Escolarizado,https://www.dgae.unam.mx/Licenciatura2026/resultados/2/20200145.html,115,3060,2590,112,166,074966,86,,No seleccionado,,Consultar
2,Licenciatura 2026,202,20200145,CIRUJANO DENTISTA,FACULTAD DE ODONTOLOGÍA,Escolarizado,https://www.dgae.unam.mx/Licenciatura2026/resultados/2/20200145.html,115,3060,2590,112,166,074978,77,,No seleccionado,,Consultar
2,Licenciatura 2026,202,20200145,CIRUJANO DENTISTA,FACULTAD DE ODONTOLOGÍA,Escolarizado,https://www.dgae.unam.mx/Licenciatura2026/resultados/2/20200145.html,115,3060,2590,112,166,074991,88,,No seleccionado,,Consultar
2,Licenciatura 2026,202,20200145,CIRUJANO DENTISTA,FACULTAD DE ODONTOLOGÍA,Escolarizado,https://www.dgae.unam.mx/Licenciatura2026/resultados/2/20200145.html,115,3060,2590,112,166,075074,78,,No seleccionado,,Consultar
2,Licenciatura 2026,202,20200145,CIRUJANO DENTISTA,FACULTAD DE ODONTOLOGÍA,Escolarizado,https://www.dgae.unam.mx/Licenciatura2026/resultados/2/20200145.html,115,3060,2590,112,166,075083,60,,No seleccionado,,Consultar
2,Licenciatura 2026,202,20200145,CIRUJANO DENTISTA,FACULTAD DE ODONTOLOGÍA,Escolarizado,https://www.dgae.unam.mx/Licenciatura2026/resultados/2/20200145.html,115,3060,2590,112,166,075125,70,,No seleccionado,,Consultar
2,Licenciatura 2026,202,20200145,CIRUJANO DENTISTA,FACULTAD DE ODONTOLOGÍA,Escolarizado,https://www.dgae.unam.mx/Licenciatura2026/resultados/2/20200145.html,115,3060,2590,112,166,075129,,N,No presentado,,Consultar
2,Licenciatura 2026,202,20200145,CIRUJANO DENTISTA,FACULTAD DE ODONTOLOGÍA,Escolarizado,https://www.dgae.unam.mx/Licenciatura2026/resultados/2/20200145.html,115,3060,2590,112,166,075162,106,,No seleccionado,,Consultar
2,Licenciatura 2026,202,20200145,CIRUJANO DENTISTA,FACULTAD DE ODONTOLOGÍA,Escolarizado,https://www.dgae.unam.mx/Licenciatura2026/resultados/2/20200145.html,115,3060,2590,112,166,075201,102,,No seleccionado,,Consultar
2,Licenciatura 2026,202,20200145,CIRUJANO DENTISTA,FACULTAD DE ODONTOLOGÍA,Escolarizado,https://www.dgae.unam.mx/Licenciatura2026/resultados/2/20200145.html,115,3060,2590,112,166,075208,67,,No seleccionado,,Consultar
2,Licenciatura 2026,202,20200145,CIRUJANO DENTISTA,FACULTAD DE ODONTOLOGÍA,Escolarizado,https://www.dgae.unam.mx/Licenciatura2026/resultados/2/20200145.html,115,3060,2590,112,166,075230,34,,No seleccionado,,Consultar
2,Licenciatura 2026,202,20200145,CIRUJANO DENTISTA,FACULTAD DE ODONTOLOGÍA,Escolarizado,https://www.dgae.unam.mx/Licenciatura2026/resultados/2/20200145.html,115,3060,2590,112,166,075235,52,,No seleccionado,,Consultar
2,Licenciatura 2026,202,20200145,CIRUJANO DENTISTA,FACULTAD DE ODONTOLOGÍA,Escolarizado,https://www.dgae.unam.mx/Licenciatura2026/resultados/2/20200145.html,115,3060,2590,112,166,075261,30,,No seleccionado,,Consultar
2,Licenciatura 2026,202,20200145,CIRUJANO DENTISTA,FACULTAD DE ODONTOLOGÍA,Escolarizado,https://www.dgae.unam.mx/Licenciatura2026/resultados/2/20200145.html,115,3060,2590,112,166,075281,42,,No seleccionado,,Consultar
2,Licenciatura 2026,202,20200145,CIRUJANO DENTISTA,FACULTAD DE ODONTOLOGÍA,Escolarizado,https://www.dgae.unam.mx/Licenciatura2026/resultados/2/20200145.html,115,3060,2590,112,166,075321,38,,No seleccionado,,Consultar
2,Licenciatura 2026,202,20200145,CIRUJANO DENTISTA,FACULTAD DE ODONTOLOGÍA,Escolarizado,https://www.dgae.unam.mx/Licenciatura2026/resultados/2/20200145.html,115,3060,2590,112,166,075330,62,,No seleccionado,,Consultar
2,Licenciatura 2026,202,20200145,CIRUJANO DENTISTA,FACULTAD DE ODONTOLOGÍA,Escolarizado,https://www.dgae.unam.mx/Licenciatura2026/resultados/2/20200145.html,115,3060,2590,112,166,075399,102,,No seleccionado,,Consultar
2,Licenciatura 2026,202,20200145,CIRUJANO DENTISTA,FACULTAD DE ODONTOLOGÍA,Escolarizado,https://www.dgae.unam.mx/Licenciatura2026/resultados/2/20200145.html,115,3060,2590,112,166,075417,57,,No seleccionado,,Consultar
2,Licenciatura 2026,202,20200145,CIRUJANO DENTISTA,FACULTAD DE ODONTOLOGÍA,Escolarizado,https://www.dgae.unam.mx/Licenciatura2026/resultados/2/20200145.html,115,3060,2590,112,166,075425,77,,No seleccionado,,Consultar
2,Licenciatura 2026,202,20200145,CIRUJANO DENTISTA,FACULTAD DE ODONTOLOGÍA,Escolarizado,https://www.dgae.unam.mx/Licenciatura2026/resultados/2/20200145.html,115,3060,2590,112,166,075461,51,,No seleccionado,,Consultar
2,Licenciatura 2026,202,20200145,CIRUJANO DENTISTA,FACULTAD DE ODONTOLOGÍA,Escolarizado,https://www.dgae.unam.mx/Licenciatura2026/resultados/2/20200145.html,115,3060,2590,112,166,075507,92,,No seleccionado,,Consultar
2,Licenciatura 2026,202,20200145,CIRUJANO DENTISTA,FACULTAD DE ODONTOLOGÍA,Escolarizado,https://www.dgae.unam.mx/Licenciatura2026/resultados/2/20200145.html,115,3060,2590,112,166,075514,108,,No seleccionado,,Consultar
2,Licenciatura 2026,202,20200145,CIRUJANO DENTISTA,FACULTAD DE ODONTOLOGÍA,Escolarizado,https://www.dgae.unam.mx/Licenciatura2026/resultados/2/20200145.html,115,3060,2590,112,166,075520,99,,No seleccionado,,Consultar
2,Licenciatura 2026,202,20200145,CIRUJANO DENTISTA,FACULTAD DE ODONTOLOGÍA,Escolarizado,https://www.dgae.unam.mx/Licenciatura2026/resultados/2/20200145.html,115,3060,2590,112,166,075584,100,,No seleccionado,,Consultar
2,Licenciatura 2026,202,20200145,CIRUJANO DENTISTA,FACULTAD DE ODONTOLOGÍA,Escolarizado,https://www.dgae.unam.mx/Licenciatura2026/resultados/2/20200145.html,115,3060,2590,112,166,075657,112,S,Seleccionado,,Consultar
2,Licenciatura 2026,202,20200145,CIRUJANO DENTISTA,FACULTAD DE ODONTOLOGÍA,Escolarizado,https://www.dgae.unam.mx/Licenciatura2026/resultados/2/20200145.html,115,3060,2590,112,166,075682,44,,No seleccionado,,Consultar
2,Licenciatura 2026,202,20200145,CIRUJANO DENTISTA,FACULTAD DE ODONTOLOGÍA,Escolarizado,https://www.dgae.unam.mx/Licenciatura2026/resultados/2/20200145.html,115,3060,2590,112,166,075701,51,,No seleccionado,,Consultar
2,Licenciatura 2026,202,20200145,CIRUJANO DENTISTA,FACULTAD DE ODONTOLOGÍA,Escolarizado,https://www.dgae.unam.mx/Licenciatura2026/resultados/2/20200145.html,115,3060,2590,112,166,075705,41,,No seleccionado,,Consultar
2,Licenciatura 2026,202,20200145,CIRUJANO DENTISTA,FACULTAD DE ODONTOLOGÍA,Escolarizado,https://www.dgae.unam.mx/Licenciatura2026/resultados/2/20200145.html,115,3060,2590,112,166,075719,60,,No seleccionado,,Consultar
2,Licenciatura 2026,202,20200145,CIRUJANO DENTISTA,FACULTAD DE ODONTOLOGÍA,Escolarizado,https://www.dgae.unam.mx/Licenciatura2026/resultados/2/20200145.html,115,3060,2590,112,166,075738,79,,No seleccionado,,Consultar
2,Licenciatura 2026,202,20200145,CIRUJANO DENTISTA,FACULTAD DE ODONTOLOGÍA,Escolarizado,https://www.dgae.unam.mx/Licenciatura2026/resultados/2/20200145.html,115,3060,2590,112,166,075802,63,,No seleccionado,,Consultar
2,Licenciatura 2026,202,20200145,CIRUJANO DENTISTA,FACULTAD DE ODONTOLOGÍA,Escolarizado,https://www.dgae.unam.mx/Licenciatura2026/resultados/2/20200145.html,115,3060,2590,112,166,075877,,N,No presentado,,Consultar
2,Licenciatura 2026,202,20200145,CIRUJANO DENTISTA,FACULTAD DE ODONTOLOGÍA,Escolarizado,https://www.dgae.unam.mx/Licenciatura2026/resultados/2/20200145.html,115,3060,2590,112,166,075880,36,,No seleccionado,,Consultar
2,Licenciatura 2026,202,20200145,CIRUJANO DENTISTA,FACULTAD DE ODONTOLOGÍA,Escolarizado,https://www.dgae.unam.mx/Licenciatura2026/resultados/2/20200145.html,115,3060,2590,112,166,075919,39,,No seleccionado,,Consultar
2,Licenciatura 2026,202,20200145,CIRUJANO DENTISTA,FACULTAD DE ODONTOLOGÍA,Escolarizado,https://www.dgae.unam.mx/Licenciatura2026/resultados/2/20200145.html,115,3060,2590,112,166,075923,98,,No seleccionado,,Consultar
2,Licenciatura 2026,202,20200145,CIRUJANO DENTISTA,FACULTAD DE ODONTOLOGÍA,Escolarizado,https://www.dgae.unam.mx/Licenciatura2026/resultados/2/20200145.html,115,3060,2590,112,166,075944,113,S,Seleccionado,,Consultar
2,Licenciatura 2026,202,20200145,CIRUJANO DENTISTA,FACULTAD DE ODONTOLOGÍA,Escolarizado,https://www.dgae.unam.mx/Licenciatura2026/resultados/2/20200145.html,115,3060,2590,112,166,075947,94,,No seleccionado,,Consultar
2,Licenciatura 2026,202,20200145,CIRUJANO DENTISTA,FACULTAD DE ODONTOLOGÍA,Escolarizado,https://www.dgae.unam.mx/Licenciatura2026/resultados/2/20200145.html,115,3060,2590,112,166,075962,106,,No seleccionado,,Consultar
2,Licenciatura 2026,202,20200145,CIRUJANO DENTISTA,FACULTAD DE ODONTOLOGÍA,Escolarizado,https://www.dgae.unam.mx/Licenciatura2026/resultados/2/20200145.html,115,3060,2590,112,166,076020,41,,No seleccionado,,Consultar
2,Licenciatura 2026,202,20200145,CIRUJANO DENTISTA,FACULTAD DE ODONTOLOGÍA,Escolarizado,https://www.dgae.unam.mx/Licenciatura2026/resultados/2/20200145.html,115,3060,2590,112,166,076053,,N,No presentado,,Consultar
2,Licenciatura 2026,202,20200145,CIRUJANO DENTISTA,FACULTAD DE ODONTOLOGÍA,Escolarizado,https://www.dgae.unam.mx/Licenciatura2026/resultados/2/20200145.html,115,3060,2590,112,166,076120,112,S,Seleccionado,Cita para entregar documentación.,Consultar
2,Licenciatura 2026,202,20200145,CIRUJANO DENTISTA,FACULTAD DE ODONTOLOGÍA,Escolarizado,https://www.dgae.unam.mx/Licenciatura2026/resultados/2/20200145.html,115,3060,2590,112,166,076121,106,,No seleccionado,,Consultar
2,Licenciatura 2026,202,20200145,CIRUJANO DENTISTA,FACULTAD DE ODONTOLOGÍA,Escolarizado,https://www.dgae.unam.mx/Licenciatura2026/resultados/2/20200145.html,115,3060,2590,112,166,076142,,N,No presentado,,Consultar
2,Licenciatura 2026,202,20200145,CIRUJANO DENTISTA,FACULTAD DE ODONTOLOGÍA,Escolarizado,https://www.dgae.unam.mx/Licenciatura2026/resultados/2/20200145.html,115,3060,2590,112,166,076146,,N,No presentado,,Consultar
2,Licenciatura 2026,202,20200145,CIRUJANO DENTISTA,FACULTAD DE ODONTOLOGÍA,Escolarizado,https://www.dgae.unam.mx/Licenciatura2026/resultados/2/20200145.html,115,3060,2590,112,166,076192,99,,No seleccionado,,Consultar
2,Licenciatura 2026,202,20200145,CIRUJANO DENTISTA,FACULTAD DE ODONTOLOGÍA,Escolarizado,https://www.dgae.unam.mx/Licenciatura2026/resultados/2/20200145.html,115,3060,2590,112,166,076217,85,,No seleccionado,,Consultar
2,Licenciatura 2026,202,20200145,CIRUJANO DENTISTA,FACULTAD DE ODONTOLOGÍA,Escolarizado,https://www.dgae.unam.mx/Licenciatura2026/resultados/2/20200145.html,115,3060,2590,112,166,076218,47,,No seleccionado,,Consultar
2,Licenciatura 2026,202,20200145,CIRUJANO DENTISTA,FACULTAD DE ODONTOLOGÍA,Escolarizado,https://www.dgae.unam.mx/Licenciatura2026/resultados/2/20200145.html,115,3060,2590,112,166,076239,43,,No seleccionado,,Consultar
2,Licenciatura 2026,202,20200145,CIRUJANO DENTISTA,FACULTAD DE ODONTOLOGÍA,Escolarizado,https://www.dgae.unam.mx/Licenciatura2026/resultados/2/20200145.html,115,3060,2590,112,166,076246,51,,No seleccionado,,Consultar
2,Licenciatura 2026,202,20200145,CIRUJANO DENTISTA,FACULTAD DE ODONTOLOGÍA,Escolarizado,https://www.dgae.unam.mx/Licenciatura2026/resultados/2/20200145.html,115,3060,2590,112,166,076287,54,,No seleccionado,,Consultar
2,Licenciatura 2026,202,20200145,CIRUJANO DENTISTA,FACULTAD DE ODONTOLOGÍA,Escolarizado,https://www.dgae.unam.mx/Licenciatura2026/resultados/2/20200145.html,115,3060,2590,112,166,076291,66,,No seleccionado,,Consultar
2,Licenciatura 2026,202,20200145,CIRUJANO DENTISTA,FACULTAD DE ODONTOLOGÍA,Escolarizado,https://www.dgae.unam.mx/Licenciatura2026/resultados/2/20200145.html,115,3060,2590,112,166,076367,70,,No seleccionado,,Consultar
2,Licenciatura 2026,202,20200145,CIRUJANO DENTISTA,FACULTAD DE ODONTOLOGÍA,Escolarizado,https://www.dgae.unam.mx/Licenciatura2026/resultados/2/20200145.html,115,3060,2590,112,166,076373,,N,No presentado,,Consultar
2,Licenciatura 2026,202,20200145,CIRUJANO DENTISTA,FACULTAD DE ODONTOLOGÍA,Escolarizado,https://www.dgae.unam.mx/Licenciatura2026/resultados/2/20200145.html,115,3060,2590,112,166,076386,57,,No seleccionado,,Consultar
2,Licenciatura 2026,202,20200145,CIRUJANO DENTISTA,FACULTAD DE ODONTOLOGÍA,Escolarizado,https://www.dgae.unam.mx/Licenciatura2026/resultados/2/20200145.html,115,3060,2590,112,166,076396,86,,No seleccionado,,Consultar
2,Licenciatura 2026,202,20200145,CIRUJANO DENTISTA,FACULTAD DE ODONTOLOGÍA,Escolarizado,https://www.dgae.unam.mx/Licenciatura2026/resultados/2/20200145.html,115,3060,2590,112,166,076408,,N,No presentado,,Consultar
2,Licenciatura 2026,202,20200145,CIRUJANO DENTISTA,FACULTAD DE ODONTOLOGÍA,Escolarizado,https://www.dgae.unam.mx/Licenciatura2026/resultados/2/20200145.html,115,3060,2590,112,166,076434,,N,No presentado,,Consultar
2,Licenciatura 2026,202,20200145,CIRUJANO DENTISTA,FACULTAD DE ODONTOLOGÍA,Escolarizado,https://www.dgae.unam.mx/Licenciatura2026/resultados/2/20200145.html,115,3060,2590,112,166,076474,94,,No seleccionado,,Consultar
2,Licenciatura 2026,202,20200145,CIRUJANO DENTISTA,FACULTAD DE ODONTOLOGÍA,Escolarizado,https://www.dgae.unam.mx/Licenciatura2026/resultados/2/20200145.html,115,3060,2590,112,166,076495,,N,No presentado,,Consultar
2,Licenciatura 2026,202,20200145,CIRUJANO DENTISTA,FACULTAD DE ODONTOLOGÍA,Escolarizado,https://www.dgae.unam.mx/Licenciatura2026/resultados/2/20200145.html,115,3060,2590,112,166,076503,90,,No seleccionado,,Consultar
2,Licenciatura 2026,202,20200145,CIRUJANO DENTISTA,FACULTAD DE ODONTOLOGÍA,Escolarizado,https://www.dgae.unam.mx/Licenciatura2026/resultados/2/20200145.html,115,3060,2590,112,166,076512,105,,No seleccionado,,Consultar
2,Licenciatura 2026,202,20200145,CIRUJANO DENTISTA,FACULTAD DE ODONTOLOGÍA,Escolarizado,https://www.dgae.unam.mx/Licenciatura2026/resultados/2/20200145.html,115,3060,2590,112,166,076532,39,,No seleccionado,,Consultar
2,Licenciatura 2026,202,20200145,CIRUJANO DENTISTA,FACULTAD DE ODONTOLOGÍA,Escolarizado,https://www.dgae.unam.mx/Licenciatura2026/resultados/2/20200145.html,115,3060,2590,112,166,076580,35,,No seleccionado,,Consultar
2,Licenciatura 2026,202,20200145,CIRUJANO DENTISTA,FACULTAD DE ODONTOLOGÍA,Escolarizado,https://www.dgae.unam.mx/Licenciatura2026/resultados/2/20200145.html,115,3060,2590,112,166,076587,53,,No seleccionado,,Consultar
2,Licenciatura 2026,202,20200145,CIRUJANO DENTISTA,FACULTAD DE ODONTOLOGÍA,Escolarizado,https://www.dgae.unam.mx/Licenciatura2026/resultados/2/20200145.html,115,3060,2590,112,166,076596,87,,No seleccionado,,Consultar
2,Licenciatura 2026,202,20200145,CIRUJANO DENTISTA,FACULTAD DE ODONTOLOGÍA,Escolarizado,https://www.dgae.unam.mx/Licenciatura2026/resultados/2/20200145.html,115,3060,2590,112,166,076622,109,,No seleccionado,,Consultar
2,Licenciatura 2026,202,20200145,CIRUJANO DENTISTA,FACULTAD DE ODONTOLOGÍA,Escolarizado,https://www.dgae.unam.mx/Licenciatura2026/resultados/2/20200145.html,115,3060,2590,112,166,076651,33,,No seleccionado,,Consultar
2,Licenciatura 2026,202,20200145,CIRUJANO DENTISTA,FACULTAD DE ODONTOLOGÍA,Escolarizado,https://www.dgae.unam.mx/Licenciatura2026/resultados/2/20200145.html,115,3060,2590,112,166,076702,105,,No seleccionado,,Consultar
2,Licenciatura 2026,202,20200145,CIRUJANO DENTISTA,FACULTAD DE ODONTOLOGÍA,Escolarizado,https://www.dgae.unam.mx/Licenciatura2026/resultados/2/20200145.html,115,3060,2590,112,166,076739,107,,No seleccionado,,Consultar
2,Licenciatura 2026,202,20200145,CIRUJANO DENTISTA,FACULTAD DE ODONTOLOGÍA,Escolarizado,https://www.dgae.unam.mx/Licenciatura2026/resultados/2/20200145.html,115,3060,2590,112,166,076775,118,S,Seleccionado,Cita para entregar documentación.,Consultar
2,Licenciatura 2026,202,20200145,CIRUJANO DENTISTA,FACULTAD DE ODONTOLOGÍA,Escolarizado,https://www.dgae.unam.mx/Licenciatura2026/resultados/2/20200145.html,115,3060,2590,112,166,076796,70,,No seleccionado,,Consultar
2,Licenciatura 2026,202,20200145,CIRUJANO DENTISTA,FACULTAD DE ODONTOLOGÍA,Escolarizado,https://www.dgae.unam.mx/Licenciatura2026/resultados/2/20200145.html,115,3060,2590,112,166,076803,74,,No seleccionado,,Consultar
2,Licenciatura 2026,202,20200145,CIRUJANO DENTISTA,FACULTAD DE ODONTOLOGÍA,Escolarizado,https://www.dgae.unam.mx/Licenciatura2026/resultados/2/20200145.html,115,3060,2590,112,166,076840,58,,No seleccionado,,Consultar
2,Licenciatura 2026,202,20200145,CIRUJANO DENTISTA,FACULTAD DE ODONTOLOGÍA,Escolarizado,https://www.dgae.unam.mx/Licenciatura2026/resultados/2/20200145.html,115,3060,2590,112,166,076919,103,,No seleccionado,,Consultar
2,Licenciatura 2026,202,20200145,CIRUJANO DENTISTA,FACULTAD DE ODONTOLOGÍA,Escolarizado,https://www.dgae.unam.mx/Licenciatura2026/resultados/2/20200145.html,115,3060,2590,112,166,076930,104,,No seleccionado,,Consultar
2,Licenciatura 2026,202,20200145,CIRUJANO DENTISTA,FACULTAD DE ODONTOLOGÍA,Escolarizado,https://www.dgae.unam.mx/Licenciatura2026/resultados/2/20200145.html,115,3060,2590,112,166,076965,54,,No seleccionado,,Consultar
2,Licenciatura 2026,202,20200145,CIRUJANO DENTISTA,FACULTAD DE ODONTOLOGÍA,Escolarizado,https://www.dgae.unam.mx/Licenciatura2026/resultados/2/20200145.html,115,3060,2590,112,166,077017,106,,No seleccionado,,Consultar
2,Licenciatura 2026,202,20200145,CIRUJANO DENTISTA,FACULTAD DE ODONTOLOGÍA,Escolarizado,https://www.dgae.unam.mx/Licenciatura2026/resultados/2/20200145.html,115,3060,2590,112,166,077140,32,,No seleccionado,,Consultar
2,Licenciatura 2026,202,20200145,CIRUJANO DENTISTA,FACULTAD DE ODONTOLOGÍA,Escolarizado,https://www.dgae.unam.mx/Licenciatura2026/resultados/2/20200145.html,115,3060,2590,112,166,077189,41,,No seleccionado,,Consultar
2,Licenciatura 2026,202,20200145,CIRUJANO DENTISTA,FACULTAD DE ODONTOLOGÍA,Escolarizado,https://www.dgae.unam.mx/Licenciatura2026/resultados/2/20200145.html,115,3060,2590,112,166,077206,91,,No seleccionado,,Consultar
2,Licenciatura 2026,202,20200145,CIRUJANO DENTISTA,FACULTAD DE ODONTOLOGÍA,Escolarizado,https://www.dgae.unam.mx/Licenciatura2026/resultados/2/20200145.html,115,3060,2590,112,166,077238,68,,No seleccionado,,Consultar
2,Licenciatura 2026,202,20200145,CIRUJANO DENTISTA,FACULTAD DE ODONTOLOGÍA,Escolarizado,https://www.dgae.unam.mx/Licenciatura2026/resultados/2/20200145.html,115,3060,2590,112,166,077249,65,,No seleccionado,,Consultar
2,Licenciatura 2026,202,20200145,CIRUJANO DENTISTA,FACULTAD DE ODONTOLOGÍA,Escolarizado,https://www.dgae.unam.mx/Licenciatura2026/resultados/2/20200145.html,115,3060,2590,112,166,077285,77,,No seleccionado,,Consultar
2,Licenciatura 2026,202,20200145,CIRUJANO DENTISTA,FACULTAD DE ODONTOLOGÍA,Escolarizado,https://www.dgae.unam.mx/Licenciatura2026/resultados/2/20200145.html,115,3060,2590,112,166,077291,68,,No seleccionado,,Consultar
2,Licenciatura 2026,202,20200145,CIRUJANO DENTISTA,FACULTAD DE ODONTOLOGÍA,Escolarizado,https://www.dgae.unam.mx/Licenciatura2026/resultados/2/20200145.html,115,3060,2590,112,166,077293,103,,No seleccionado,,Consultar
2,Licenciatura 2026,202,20200145,CIRUJANO DENTISTA,FACULTAD DE ODONTOLOGÍA,Escolarizado,https://www.dgae.unam.mx/Licenciatura2026/resultados/2/20200145.html,115,3060,2590,112,166,077332,98,,No seleccionado,,Consultar
2,Licenciatura 2026,202,20200145,CIRUJANO DENTISTA,FACULTAD DE ODONTOLOGÍA,Escolarizado,https://www.dgae.unam.mx/Licenciatura2026/resultados/2/20200145.html,115,3060,2590,112,166,077349,,N,No presentado,,Consultar
2,Licenciatura 2026,202,20200145,CIRUJANO DENTISTA,FACULTAD DE ODONTOLOGÍA,Escolarizado,https://www.dgae.unam.mx/Licenciatura2026/resultados/2/20200145.html,115,3060,2590,112,166,077373,47,,No seleccionado,,Consultar
2,Licenciatura 2026,202,20200145,CIRUJANO DENTISTA,FACULTAD DE ODONTOLOGÍA,Escolarizado,https://www.dgae.unam.mx/Licenciatura2026/resultados/2/20200145.html,115,3060,2590,112,166,077400,95,,No seleccionado,,Consultar
2,Licenciatura 2026,202,20200145,CIRUJANO DENTISTA,FACULTAD DE ODONTOLOGÍA,Escolarizado,https://www.dgae.unam.mx/Licenciatura2026/resultados/2/20200145.html,115,3060,2590,112,166,077437,79,,No seleccionado,,Consultar
2,Licenciatura 2026,202,20200145,CIRUJANO DENTISTA,FACULTAD DE ODONTOLOGÍA,Escolarizado,https://www.dgae.unam.mx/Licenciatura2026/resultados/2/20200145.html,115,3060,2590,112,166,077438,55,,No seleccionado,,Consultar
2,Licenciatura 2026,202,20200145,CIRUJANO DENTISTA,FACULTAD DE ODONTOLOGÍA,Escolarizado,https://www.dgae.unam.mx/Licenciatura2026/resultados/2/20200145.html,115,3060,2590,112,166,077443,97,,No seleccionado,,Consultar
2,Licenciatura 2026,202,20200145,CIRUJANO DENTISTA,FACULTAD DE ODONTOLOGÍA,Escolarizado,https://www.dgae.unam.mx/Licenciatura2026/resultados/2/20200145.html,115,3060,2590,112,166,077462,37,,No seleccionado,,Consultar
2,Licenciatura 2026,202,20200145,CIRUJANO DENTISTA,FACULTAD DE ODONTOLOGÍA,Escolarizado,https://www.dgae.unam.mx/Licenciatura2026/resultados/2/20200145.html,115,3060,2590,112,166,077481,61,,No seleccionado,,Consultar
2,Licenciatura 2026,202,20200145,CIRUJANO DENTISTA,FACULTAD DE ODONTOLOGÍA,Escolarizado,https://www.dgae.unam.mx/Licenciatura2026/resultados/2/20200145.html,115,3060,2590,112,166,077538,80,,No seleccionado,,Consultar
2,Licenciatura 2026,202,20200145,CIRUJANO DENTISTA,FACULTAD DE ODONTOLOGÍA,Escolarizado,https://www.dgae.unam.mx/Licenciatura2026/resultados/2/20200145.html,115,3060,2590,112,166,077551,,C,Cancelado,,Consultar
2,Licenciatura 2026,202,20200145,CIRUJANO DENTISTA,FACULTAD DE ODONTOLOGÍA,Escolarizado,https://www.dgae.unam.mx/Licenciatura2026/resultados/2/20200145.html,115,3060,2590,112,166,077559,36,,No seleccionado,,Consultar
2,Licenciatura 2026,202,20200145,CIRUJANO DENTISTA,FACULTAD DE ODONTOLOGÍA,Escolarizado,https://www.dgae.unam.mx/Licenciatura2026/resultados/2/20200145.html,115,3060,2590,112,166,077583,110,,No seleccionado,,Consultar
2,Licenciatura 2026,202,20200145,CIRUJANO DENTISTA,FACULTAD DE ODONTOLOGÍA,Escolarizado,https://www.dgae.unam.mx/Licenciatura2026/resultados/2/20200145.html,115,3060,2590,112,166,077590,104,,No seleccionado,,Consultar
2,Licenciatura 2026,202,20200145,CIRUJANO DENTISTA,FACULTAD DE ODONTOLOGÍA,Escolarizado,https://www.dgae.unam.mx/Licenciatura2026/resultados/2/20200145.html,115,3060,2590,112,166,077618,36,,No seleccionado,,Consultar
2,Licenciatura 2026,202,20200145,CIRUJANO DENTISTA,FACULTAD DE ODONTOLOGÍA,Escolarizado,https://www.dgae.unam.mx/Licenciatura2026/resultados/2/20200145.html,115,3060,2590,112,166,077637,30,,No seleccionado,,Consultar
2,Licenciatura 2026,202,20200145,CIRUJANO DENTISTA,FACULTAD DE ODONTOLOGÍA,Escolarizado,https://www.dgae.unam.mx/Licenciatura2026/resultados/2/20200145.html,115,3060,2590,112,166,077645,38,,No seleccionado,,Consultar
2,Licenciatura 2026,202,20200145,CIRUJANO DENTISTA,FACULTAD DE ODONTOLOGÍA,Escolarizado,https://www.dgae.unam.mx/Licenciatura2026/resultados/2/20200145.html,115,3060,2590,112,166,077666,,N,No presentado,,Consultar
2,Licenciatura 2026,202,20200145,CIRUJANO DENTISTA,FACULTAD DE ODONTOLOGÍA,Escolarizado,https://www.dgae.unam.mx/Licenciatura2026/resultados/2/20200145.html,115,3060,2590,112,166,077736,78,,No seleccionado,,Consultar
2,Licenciatura 2026,202,20200145,CIRUJANO DENTISTA,FACULTAD DE ODONTOLOGÍA,Escolarizado,https://www.dgae.unam.mx/Licenciatura2026/resultados/2/20200145.html,115,3060,2590,112,166,077752,,N,No presentado,,Consultar
2,Licenciatura 2026,202,20200145,CIRUJANO DENTISTA,FACULTAD DE ODONTOLOGÍA,Escolarizado,https://www.dgae.unam.mx/Licenciatura2026/resultados/2/20200145.html,115,3060,2590,112,166,077838,63,,No seleccionado,,Consultar
2,Licenciatura 2026,202,20200145,CIRUJANO DENTISTA,FACULTAD DE ODONTOLOGÍA,Escolarizado,https://www.dgae.unam.mx/Licenciatura2026/resultados/2/20200145.html,115,3060,2590,112,166,077890,41,,No seleccionado,,Consultar
2,Licenciatura 2026,202,20200145,CIRUJANO DENTISTA,FACULTAD DE ODONTOLOGÍA,Escolarizado,https://www.dgae.unam.mx/Licenciatura2026/resultados/2/20200145.html,115,3060,2590,112,166,077891,81,,No seleccionado,,Consultar
2,Licenciatura 2026,202,20200145,CIRUJANO DENTISTA,FACULTAD DE ODONTOLOGÍA,Escolarizado,https://www.dgae.unam.mx/Licenciatura2026/resultados/2/20200145.html,115,3060,2590,112,166,077910,108,,No seleccionado,,Consultar
2,Licenciatura 2026,202,20200145,CIRUJANO DENTISTA,FACULTAD DE ODONTOLOGÍA,Escolarizado,https://www.dgae.unam.mx/Licenciatura2026/resultados/2/20200145.html,115,3060,2590,112,166,077922,,C,Cancelado,,Consultar
2,Licenciatura 2026,202,20200145,CIRUJANO DENTISTA,FACULTAD DE ODONTOLOGÍA,Escolarizado,https://www.dgae.unam.mx/Licenciatura2026/resultados/2/20200145.html,115,3060,2590,112,166,077945,105,,No seleccionado,,Consultar
2,Licenciatura 2026,202,20200145,CIRUJANO DENTISTA,FACULTAD DE ODONTOLOGÍA,Escolarizado,https://www.dgae.unam.mx/Licenciatura2026/resultados/2/20200145.html,115,3060,2590,112,166,077960,,N,No presentado,,Consultar
2,Licenciatura 2026,202,20200145,CIRUJANO DENTISTA,FACULTAD DE ODONTOLOGÍA,Escolarizado,https://www.dgae.unam.mx/Licenciatura2026/resultados/2/20200145.html,115,3060,2590,112,166,077991,88,,No seleccionado,,Consultar
2,Licenciatura 2026,202,20200145,CIRUJANO DENTISTA,FACULTAD DE ODONTOLOGÍA,Escolarizado,https://www.dgae.unam.mx/Licenciatura2026/resultados/2/20200145.html,115,3060,2590,112,166,077993,74,,No seleccionado,,Consultar
2,Licenciatura 2026,202,20200145,CIRUJANO DENTISTA,FACULTAD DE ODONTOLOGÍA,Escolarizado,https://www.dgae.unam.mx/Licenciatura2026/resultados/2/20200145.html,115,3060,2590,112,166,078013,44,,No seleccionado,,Consultar
2,Licenciatura 2026,202,20200145,CIRUJANO DENTISTA,FACULTAD DE ODONTOLOGÍA,Escolarizado,https://www.dgae.unam.mx/Licenciatura2026/resultados/2/20200145.html,115,3060,2590,112,166,078039,35,,No seleccionado,,Consultar
2,Licenciatura 2026,202,20200145,CIRUJANO DENTISTA,FACULTAD DE ODONTOLOGÍA,Escolarizado,https://www.dgae.unam.mx/Licenciatura2026/resultados/2/20200145.html,115,3060,2590,112,166,078073,105,,No seleccionado,,Consultar
2,Licenciatura 2026,202,20200145,CIRUJANO DENTISTA,FACULTAD DE ODONTOLOGÍA,Escolarizado,https://www.dgae.unam.mx/Licenciatura2026/resultados/2/20200145.html,115,3060,2590,112,166,078075,90,,No seleccionado,,Consultar
2,Licenciatura 2026,202,20200145,CIRUJANO DENTISTA,FACULTAD DE ODONTOLOGÍA,Escolarizado,https://www.dgae.unam.mx/Licenciatura2026/resultados/2/20200145.html,115,3060,2590,112,166,078077,,N,No presentado,,Consultar
2,Licenciatura 2026,202,20200145,CIRUJANO DENTISTA,FACULTAD DE ODONTOLOGÍA,Escolarizado,https://www.dgae.unam.mx/Licenciatura2026/resultados/2/20200145.html,115,3060,2590,112,166,078094,,N,No presentado,,Consultar
2,Licenciatura 2026,202,20200145,CIRUJANO DENTISTA,FACULTAD DE ODONTOLOGÍA,Escolarizado,https://www.dgae.unam.mx/Licenciatura2026/resultados/2/20200145.html,115,3060,2590,112,166,078096,110,,No seleccionado,,Consultar
2,Licenciatura 2026,202,20200145,CIRUJANO DENTISTA,FACULTAD DE ODONTOLOGÍA,Escolarizado,https://www.dgae.unam.mx/Licenciatura2026/resultados/2/20200145.html,115,3060,2590,112,166,078099,,N,No presentado,,Consultar
2,Licenciatura 2026,202,20200145,CIRUJANO DENTISTA,FACULTAD DE ODONTOLOGÍA,Escolarizado,https://www.dgae.unam.mx/Licenciatura2026/resultados/2/20200145.html,115,3060,2590,112,166,078105,49,,No seleccionado,,Consultar
2,Licenciatura 2026,202,20200145,CIRUJANO DENTISTA,FACULTAD DE ODONTOLOGÍA,Escolarizado,https://www.dgae.unam.mx/Licenciatura2026/resultados/2/20200145.html,115,3060,2590,112,166,078195,,N,No presentado,,Consultar
2,Licenciatura 2026,202,20200145,CIRUJANO DENTISTA,FACULTAD DE ODONTOLOGÍA,Escolarizado,https://www.dgae.unam.mx/Licenciatura2026/resultados/2/20200145.html,115,3060,2590,112,166,078264,,N,No presentado,,Consultar
2,Licenciatura 2026,202,20200145,CIRUJANO DENTISTA,FACULTAD DE ODONTOLOGÍA,Escolarizado,https://www.dgae.unam.mx/Licenciatura2026/resultados/2/20200145.html,115,3060,2590,112,166,078268,95,,No seleccionado,,Consultar
2,Licenciatura 2026,202,20200145,CIRUJANO DENTISTA,FACULTAD DE ODONTOLOGÍA,Escolarizado,https://www.dgae.unam.mx/Licenciatura2026/resultados/2/20200145.html,115,3060,2590,112,166,078303,,N,No presentado,,Consultar
2,Licenciatura 2026,202,20200145,CIRUJANO DENTISTA,FACULTAD DE ODONTOLOGÍA,Escolarizado,https://www.dgae.unam.mx/Licenciatura2026/resultados/2/20200145.html,115,3060,2590,112,166,078309,,C,Cancelado,,Consultar
2,Licenciatura 2026,202,20200145,CIRUJANO DENTISTA,FACULTAD DE ODONTOLOGÍA,Escolarizado,https://www.dgae.unam.mx/Licenciatura2026/resultados/2/20200145.html,115,3060,2590,112,166,078329,99,,No seleccionado,,Consultar
2,Licenciatura 2026,202,20200145,CIRUJANO DENTISTA,FACULTAD DE ODONTOLOGÍA,Escolarizado,https://www.dgae.unam.mx/Licenciatura2026/resultados/2/20200145.html,115,3060,2590,112,166,078500,50,,No seleccionado,,Consultar
2,Licenciatura 2026,202,20200145,CIRUJANO DENTISTA,FACULTAD DE ODONTOLOGÍA,Escolarizado,https://www.dgae.unam.mx/Licenciatura2026/resultados/2/20200145.html,115,3060,2590,112,166,078513,,N,No presentado,,Consultar
2,Licenciatura 2026,202,20200145,CIRUJANO DENTISTA,FACULTAD DE ODONTOLOGÍA,Escolarizado,https://www.dgae.unam.mx/Licenciatura2026/resultados/2/20200145.html,115,3060,2590,112,166,078523,89,,No seleccionado,,Consultar
2,Licenciatura 2026,202,20200145,CIRUJANO DENTISTA,FACULTAD DE ODONTOLOGÍA,Escolarizado,https://www.dgae.unam.mx/Licenciatura2026/resultados/2/20200145.html,115,3060,2590,112,166,078582,71,,No seleccionado,,Consultar
2,Licenciatura 2026,202,20200145,CIRUJANO DENTISTA,FACULTAD DE ODONTOLOGÍA,Escolarizado,https://www.dgae.unam.mx/Licenciatura2026/resultados/2/20200145.html,115,3060,2590,112,166,078599,37,,No seleccionado,,Consultar
2,Licenciatura 2026,202,20200145,CIRUJANO DENTISTA,FACULTAD DE ODONTOLOGÍA,Escolarizado,https://www.dgae.unam.mx/Licenciatura2026/resultados/2/20200145.html,115,3060,2590,112,166,078601,55,,No seleccionado,,Consultar
2,Licenciatura 2026,202,20200145,CIRUJANO DENTISTA,FACULTAD DE ODONTOLOGÍA,Escolarizado,https://www.dgae.unam.mx/Licenciatura2026/resultados/2/20200145.html,115,3060,2590,112,166,078609,79,,No seleccionado,,Consultar
2,Licenciatura 2026,202,20200145,CIRUJANO DENTISTA,FACULTAD DE ODONTOLOGÍA,Escolarizado,https://www.dgae.unam.mx/Licenciatura2026/resultados/2/20200145.html,115,3060,2590,112,166,078621,90,,No seleccionado,,Consultar
2,Licenciatura 2026,202,20200145,CIRUJANO DENTISTA,FACULTAD DE ODONTOLOGÍA,Escolarizado,https://www.dgae.unam.mx/Licenciatura2026/resultados/2/20200145.html,115,3060,2590,112,166,078627,113,S,Seleccionado,,Consultar
2,Licenciatura 2026,202,20200145,CIRUJANO DENTISTA,FACULTAD DE ODONTOLOGÍA,Escolarizado,https://www.dgae.unam.mx/Licenciatura2026/resultados/2/20200145.html,115,3060,2590,112,166,078673,29,,No seleccionado,,Consultar
2,Licenciatura 2026,202,20200145,CIRUJANO DENTISTA,FACULTAD DE ODONTOLOGÍA,Escolarizado,https://www.dgae.unam.mx/Licenciatura2026/resultados/2/20200145.html,115,3060,2590,112,166,078752,85,,No seleccionado,,Consultar
2,Licenciatura 2026,202,20200145,CIRUJANO DENTISTA,FACULTAD DE ODONTOLOGÍA,Escolarizado,https://www.dgae.unam.mx/Licenciatura2026/resultados/2/20200145.html,115,3060,2590,112,166,078771,37,,No seleccionado,,Consultar
2,Licenciatura 2026,202,20200145,CIRUJANO DENTISTA,FACULTAD DE ODONTOLOGÍA,Escolarizado,https://www.dgae.unam.mx/Licenciatura2026/resultados/2/20200145.html,115,3060,2590,112,166,078890,64,,No seleccionado,,Consultar
2,Licenciatura 2026,202,20200145,CIRUJANO DENTISTA,FACULTAD DE ODONTOLOGÍA,Escolarizado,https://www.dgae.unam.mx/Licenciatura2026/resultados/2/20200145.html,115,3060,2590,112,166,078980,72,,No seleccionado,,Consultar
2,Licenciatura 2026,202,20200145,CIRUJANO DENTISTA,FACULTAD DE ODONTOLOGÍA,Escolarizado,https://www.dgae.unam.mx/Licenciatura2026/resultados/2/20200145.html,115,3060,2590,112,166,078986,38,,No seleccionado,,Consultar
2,Licenciatura 2026,202,20200145,CIRUJANO DENTISTA,FACULTAD DE ODONTOLOGÍA,Escolarizado,https://www.dgae.unam.mx/Licenciatura2026/resultados/2/20200145.html,115,3060,2590,112,166,078994,105,,No seleccionado,,Consultar
2,Licenciatura 2026,202,20200145,CIRUJANO DENTISTA,FACULTAD DE ODONTOLOGÍA,Escolarizado,https://www.dgae.unam.mx/Licenciatura2026/resultados/2/20200145.html,115,3060,2590,112,166,079051,51,,No seleccionado,,Consultar
2,Licenciatura 2026,202,20200145,CIRUJANO DENTISTA,FACULTAD DE ODONTOLOGÍA,Escolarizado,https://www.dgae.unam.mx/Licenciatura2026/resultados/2/20200145.html,115,3060,2590,112,166,079079,79,,No seleccionado,,Consultar
2,Licenciatura 2026,202,20200145,CIRUJANO DENTISTA,FACULTAD DE ODONTOLOGÍA,Escolarizado,https://www.dgae.unam.mx/Licenciatura2026/resultados/2/20200145.html,115,3060,2590,112,166,079091,48,,No seleccionado,,Consultar
2,Licenciatura 2026,202,20200145,CIRUJANO DENTISTA,FACULTAD DE ODONTOLOGÍA,Escolarizado,https://www.dgae.unam.mx/Licenciatura2026/resultados/2/20200145.html,115,3060,2590,112,166,079118,42,,No seleccionado,,Consultar
2,Licenciatura 2026,202,20200145,CIRUJANO DENTISTA,FACULTAD DE ODONTOLOGÍA,Escolarizado,https://www.dgae.unam.mx/Licenciatura2026/resultados/2/20200145.html,115,3060,2590,112,166,079154,80,,No seleccionado,,Consultar
2,Licenciatura 2026,202,20200145,CIRUJANO DENTISTA,FACULTAD DE ODONTOLOGÍA,Escolarizado,https://www.dgae.unam.mx/Licenciatura2026/resultados/2/20200145.html,115,3060,2590,112,166,079175,53,,No seleccionado,,Consultar
2,Licenciatura 2026,202,20200145,CIRUJANO DENTISTA,FACULTAD DE ODONTOLOGÍA,Escolarizado,https://www.dgae.unam.mx/Licenciatura2026/resultados/2/20200145.html,115,3060,2590,112,166,079190,78,,No seleccionado,,Consultar
2,Licenciatura 2026,202,20200145,CIRUJANO DENTISTA,FACULTAD DE ODONTOLOGÍA,Escolarizado,https://www.dgae.unam.mx/Licenciatura2026/resultados/2/20200145.html,115,3060,2590,112,166,079205,,N,No presentado,,Consultar
2,Licenciatura 2026,202,20200145,CIRUJANO DENTISTA,FACULTAD DE ODONTOLOGÍA,Escolarizado,https://www.dgae.unam.mx/Licenciatura2026/resultados/2/20200145.html,115,3060,2590,112,166,079246,102,,No seleccionado,,Consultar
2,Licenciatura 2026,202,20200145,CIRUJANO DENTISTA,FACULTAD DE ODONTOLOGÍA,Escolarizado,https://www.dgae.unam.mx/Licenciatura2026/resultados/2/20200145.html,115,3060,2590,112,166,079264,55,,No seleccionado,,Consultar
2,Licenciatura 2026,202,20200145,CIRUJANO DENTISTA,FACULTAD DE ODONTOLOGÍA,Escolarizado,https://www.dgae.unam.mx/Licenciatura2026/resultados/2/20200145.html,115,3060,2590,112,166,079276,100,,No seleccionado,,Consultar
2,Licenciatura 2026,202,20200145,CIRUJANO DENTISTA,FACULTAD DE ODONTOLOGÍA,Escolarizado,https://www.dgae.unam.mx/Licenciatura2026/resultados/2/20200145.html,115,3060,2590,112,166,079294,,N,No presentado,,Consultar
2,Licenciatura 2026,202,20200145,CIRUJANO DENTISTA,FACULTAD DE ODONTOLOGÍA,Escolarizado,https://www.dgae.unam.mx/Licenciatura2026/resultados/2/20200145.html,115,3060,2590,112,166,079351,92,,No seleccionado,,Consultar
2,Licenciatura 2026,202,20200145,CIRUJANO DENTISTA,FACULTAD DE ODONTOLOGÍA,Escolarizado,https://www.dgae.unam.mx/Licenciatura2026/resultados/2/20200145.html,115,3060,2590,112,166,079364,55,,No seleccionado,,Consultar
2,Licenciatura 2026,202,20200145,CIRUJANO DENTISTA,FACULTAD DE ODONTOLOGÍA,Escolarizado,https://www.dgae.unam.mx/Licenciatura2026/resultados/2/20200145.html,115,3060,2590,112,166,079391,41,,No seleccionado,,Consultar
2,Licenciatura 2026,202,20200145,CIRUJANO DENTISTA,FACULTAD DE ODONTOLOGÍA,Escolarizado,https://www.dgae.unam.mx/Licenciatura2026/resultados/2/20200145.html,115,3060,2590,112,166,079442,43,,No seleccionado,,Consultar
2,Licenciatura 2026,202,20200145,CIRUJANO DENTISTA,FACULTAD DE ODONTOLOGÍA,Escolarizado,https://www.dgae.unam.mx/Licenciatura2026/resultados/2/20200145.html,115,3060,2590,112,166,079447,114,S,Seleccionado,Cita para entregar documentación.,Consultar
2,Licenciatura 2026,202,20200145,CIRUJANO DENTISTA,FACULTAD DE ODONTOLOGÍA,Escolarizado,https://www.dgae.unam.mx/Licenciatura2026/resultados/2/20200145.html,115,3060,2590,112,166,079463,35,,No seleccionado,,Consultar
2,Licenciatura 2026,202,20200145,CIRUJANO DENTISTA,FACULTAD DE ODONTOLOGÍA,Escolarizado,https://www.dgae.unam.mx/Licenciatura2026/resultados/2/20200145.html,115,3060,2590,112,166,079480,107,,No seleccionado,,Consultar
2,Licenciatura 2026,202,20200145,CIRUJANO DENTISTA,FACULTAD DE ODONTOLOGÍA,Escolarizado,https://www.dgae.unam.mx/Licenciatura2026/resultados/2/20200145.html,115,3060,2590,112,166,079495,87,,No seleccionado,,Consultar
2,Licenciatura 2026,202,20200145,CIRUJANO DENTISTA,FACULTAD DE ODONTOLOGÍA,Escolarizado,https://www.dgae.unam.mx/Licenciatura2026/resultados/2/20200145.html,115,3060,2590,112,166,079500,98,,No seleccionado,,Consultar
2,Licenciatura 2026,202,20200145,CIRUJANO DENTISTA,FACULTAD DE ODONTOLOGÍA,Escolarizado,https://www.dgae.unam.mx/Licenciatura2026/resultados/2/20200145.html,115,3060,2590,112,166,079508,87,,No seleccionado,,Consultar
2,Licenciatura 2026,202,20200145,CIRUJANO DENTISTA,FACULTAD DE ODONTOLOGÍA,Escolarizado,https://www.dgae.unam.mx/Licenciatura2026/resultados/2/20200145.html,115,3060,2590,112,166,079580,75,,No seleccionado,,Consultar
2,Licenciatura 2026,202,20200145,CIRUJANO DENTISTA,FACULTAD DE ODONTOLOGÍA,Escolarizado,https://www.dgae.unam.mx/Licenciatura2026/resultados/2/20200145.html,115,3060,2590,112,166,079592,71,,No seleccionado,,Consultar
2,Licenciatura 2026,202,20200145,CIRUJANO DENTISTA,FACULTAD DE ODONTOLOGÍA,Escolarizado,https://www.dgae.unam.mx/Licenciatura2026/resultados/2/20200145.html,115,3060,2590,112,166,079627,97,,No seleccionado,,Consultar
2,Licenciatura 2026,202,20200145,CIRUJANO DENTISTA,FACULTAD DE ODONTOLOGÍA,Escolarizado,https://www.dgae.unam.mx/Licenciatura2026/resultados/2/20200145.html,115,3060,2590,112,166,079657,,N,No presentado,,Consultar
2,Licenciatura 2026,202,20200145,CIRUJANO DENTISTA,FACULTAD DE ODONTOLOGÍA,Escolarizado,https://www.dgae.unam.mx/Licenciatura2026/resultados/2/20200145.html,115,3060,2590,112,166,079699,,N,No presentado,,Consultar
2,Licenciatura 2026,202,20200145,CIRUJANO DENTISTA,FACULTAD DE ODONTOLOGÍA,Escolarizado,https://www.dgae.unam.mx/Licenciatura2026/resultados/2/20200145.html,115,3060,2590,112,166,079740,114,S,Seleccionado,Cita para entregar documentación.,Consultar
2,Licenciatura 2026,202,20200145,CIRUJANO DENTISTA,FACULTAD DE ODONTOLOGÍA,Escolarizado,https://www.dgae.unam.mx/Licenciatura2026/resultados/2/20200145.html,115,3060,2590,112,166,079756,107,,No seleccionado,,Consultar
2,Licenciatura 2026,202,20200145,CIRUJANO DENTISTA,FACULTAD DE ODONTOLOGÍA,Escolarizado,https://www.dgae.unam.mx/Licenciatura2026/resultados/2/20200145.html,115,3060,2590,112,166,079770,106,,No seleccionado,,Consultar
2,Licenciatura 2026,202,20200145,CIRUJANO DENTISTA,FACULTAD DE ODONTOLOGÍA,Escolarizado,https://www.dgae.unam.mx/Licenciatura2026/resultados/2/20200145.html,115,3060,2590,112,166,079834,55,,No seleccionado,,Consultar
2,Licenciatura 2026,202,20200145,CIRUJANO DENTISTA,FACULTAD DE ODONTOLOGÍA,Escolarizado,https://www.dgae.unam.mx/Licenciatura2026/resultados/2/20200145.html,115,3060,2590,112,166,079848,88,,No seleccionado,,Consultar
2,Licenciatura 2026,202,20200145,CIRUJANO DENTISTA,FACULTAD DE ODONTOLOGÍA,Escolarizado,https://www.dgae.unam.mx/Licenciatura2026/resultados/2/20200145.html,115,3060,2590,112,166,079877,86,,No seleccionado,,Consultar
2,Licenciatura 2026,202,20200145,CIRUJANO DENTISTA,FACULTAD DE ODONTOLOGÍA,Escolarizado,https://www.dgae.unam.mx/Licenciatura2026/resultados/2/20200145.html,115,3060,2590,112,166,079880,83,,No seleccionado,,Consultar
2,Licenciatura 2026,202,20200145,CIRUJANO DENTISTA,FACULTAD DE ODONTOLOGÍA,Escolarizado,https://www.dgae.unam.mx/Licenciatura2026/resultados/2/20200145.html,115,3060,2590,112,166,079894,30,,No seleccionado,,Consultar
2,Licenciatura 2026,202,20200145,CIRUJANO DENTISTA,FACULTAD DE ODONTOLOGÍA,Escolarizado,https://www.dgae.unam.mx/Licenciatura2026/resultados/2/20200145.html,115,3060,2590,112,166,079905,73,,No seleccionado,,Consultar
2,Licenciatura 2026,202,20200145,CIRUJANO DENTISTA,FACULTAD DE ODONTOLOGÍA,Escolarizado,https://www.dgae.unam.mx/Licenciatura2026/resultados/2/20200145.html,115,3060,2590,112,166,079926,109,,No seleccionado,,Consultar
2,Licenciatura 2026,202,20200145,CIRUJANO DENTISTA,FACULTAD DE ODONTOLOGÍA,Escolarizado,https://www.dgae.unam.mx/Licenciatura2026/resultados/2/20200145.html,115,3060,2590,112,166,079929,83,,No seleccionado,,Consultar
2,Licenciatura 2026,202,20200145,CIRUJANO DENTISTA,FACULTAD DE ODONTOLOGÍA,Escolarizado,https://www.dgae.unam.mx/Licenciatura2026/resultados/2/20200145.html,115,3060,2590,112,166,079953,84,,No seleccionado,,Consultar
2,Licenciatura 2026,202,20200145,CIRUJANO DENTISTA,FACULTAD DE ODONTOLOGÍA,Escolarizado,https://www.dgae.unam.mx/Licenciatura2026/resultados/2/20200145.html,115,3060,2590,112,166,079970,39,,No seleccionado,,Consultar
2,Licenciatura 2026,202,20200145,CIRUJANO DENTISTA,FACULTAD DE ODONTOLOGÍA,Escolarizado,https://www.dgae.unam.mx/Licenciatura2026/resultados/2/20200145.html,115,3060,2590,112,166,079972,,C,Cancelado,,Consultar
2,Licenciatura 2026,202,20200145,CIRUJANO DENTISTA,FACULTAD DE ODONTOLOGÍA,Escolarizado,https://www.dgae.unam.mx/Licenciatura2026/resultados/2/20200145.html,115,3060,2590,112,166,079982,31,,No seleccionado,,Consultar
2,Licenciatura 2026,202,20200145,CIRUJANO DENTISTA,FACULTAD DE ODONTOLOGÍA,Escolarizado,https://www.dgae.unam.mx/Licenciatura2026/resultados/2/20200145.html,115,3060,2590,112,166,079991,41,,No seleccionado,,Consultar
2,Licenciatura 2026,202,20200145,CIRUJANO DENTISTA,FACULTAD DE ODONTOLOGÍA,Escolarizado,https://www.dgae.unam.mx/Licenciatura2026/resultados/2/20200145.html,115,3060,2590,112,166,080000,60,,No seleccionado,,Consultar
2,Licenciatura 2026,202,20200145,CIRUJANO DENTISTA,FACULTAD DE ODONTOLOGÍA,Escolarizado,https://www.dgae.unam.mx/Licenciatura2026/resultados/2/20200145.html,115,3060,2590,112,166,080012,42,,No seleccionado,,Consultar
2,Licenciatura 2026,202,20200145,CIRUJANO DENTISTA,FACULTAD DE ODONTOLOGÍA,Escolarizado,https://www.dgae.unam.mx/Licenciatura2026/resultados/2/20200145.html,115,3060,2590,112,166,080051,76,,No seleccionado,,Consultar
2,Licenciatura 2026,202,20200145,CIRUJANO DENTISTA,FACULTAD DE ODONTOLOGÍA,Escolarizado,https://www.dgae.unam.mx/Licenciatura2026/resultados/2/20200145.html,115,3060,2590,112,166,080076,53,,No seleccionado,,Consultar
2,Licenciatura 2026,202,20200145,CIRUJANO DENTISTA,FACULTAD DE ODONTOLOGÍA,Escolarizado,https://www.dgae.unam.mx/Licenciatura2026/resultados/2/20200145.html,115,3060,2590,112,166,080106,110,,No seleccionado,,Consultar
2,Licenciatura 2026,202,20200145,CIRUJANO DENTISTA,FACULTAD DE ODONTOLOGÍA,Escolarizado,https://www.dgae.unam.mx/Licenciatura2026/resultados/2/20200145.html,115,3060,2590,112,166,080139,103,,No seleccionado,,Consultar
2,Licenciatura 2026,202,20200145,CIRUJANO DENTISTA,FACULTAD DE ODONTOLOGÍA,Escolarizado,https://www.dgae.unam.mx/Licenciatura2026/resultados/2/20200145.html,115,3060,2590,112,166,080187,81,,No seleccionado,,Consultar
2,Licenciatura 2026,202,20200145,CIRUJANO DENTISTA,FACULTAD DE ODONTOLOGÍA,Escolarizado,https://www.dgae.unam.mx/Licenciatura2026/resultados/2/20200145.html,115,3060,2590,112,166,080247,,N,No presentado,,Consultar
2,Licenciatura 2026,202,20200145,CIRUJANO DENTISTA,FACULTAD DE ODONTOLOGÍA,Escolarizado,https://www.dgae.unam.mx/Licenciatura2026/resultados/2/20200145.html,115,3060,2590,112,166,080258,77,,No seleccionado,,Consultar
2,Licenciatura 2026,202,20200145,CIRUJANO DENTISTA,FACULTAD DE ODONTOLOGÍA,Escolarizado,https://www.dgae.unam.mx/Licenciatura2026/resultados/2/20200145.html,115,3060,2590,112,166,080272,99,,No seleccionado,,Consultar
2,Licenciatura 2026,202,20200145,CIRUJANO DENTISTA,FACULTAD DE ODONTOLOGÍA,Escolarizado,https://www.dgae.unam.mx/Licenciatura2026/resultados/2/20200145.html,115,3060,2590,112,166,080303,63,,No seleccionado,,Consultar
2,Licenciatura 2026,202,20200145,CIRUJANO DENTISTA,FACULTAD DE ODONTOLOGÍA,Escolarizado,https://www.dgae.unam.mx/Licenciatura2026/resultados/2/20200145.html,115,3060,2590,112,166,080310,,N,No presentado,,Consultar
2,Licenciatura 2026,202,20200145,CIRUJANO DENTISTA,FACULTAD DE ODONTOLOGÍA,Escolarizado,https://www.dgae.unam.mx/Licenciatura2026/resultados/2/20200145.html,115,3060,2590,112,166,080384,72,,No seleccionado,,Consultar
2,Licenciatura 2026,202,20200145,CIRUJANO DENTISTA,FACULTAD DE ODONTOLOGÍA,Escolarizado,https://www.dgae.unam.mx/Licenciatura2026/resultados/2/20200145.html,115,3060,2590,112,166,080402,111,,No seleccionado,,Consultar
2,Licenciatura 2026,202,20200145,CIRUJANO DENTISTA,FACULTAD DE ODONTOLOGÍA,Escolarizado,https://www.dgae.unam.mx/Licenciatura2026/resultados/2/20200145.html,115,3060,2590,112,166,080415,69,,No seleccionado,,Consultar
2,Licenciatura 2026,202,20200145,CIRUJANO DENTISTA,FACULTAD DE ODONTOLOGÍA,Escolarizado,https://www.dgae.unam.mx/Licenciatura2026/resultados/2/20200145.html,115,3060,2590,112,166,080441,56,,No seleccionado,,Consultar
2,Licenciatura 2026,202,20200145,CIRUJANO DENTISTA,FACULTAD DE ODONTOLOGÍA,Escolarizado,https://www.dgae.unam.mx/Licenciatura2026/resultados/2/20200145.html,115,3060,2590,112,166,080500,65,,No seleccionado,,Consultar
2,Licenciatura 2026,202,20200145,CIRUJANO DENTISTA,FACULTAD DE ODONTOLOGÍA,Escolarizado,https://www.dgae.unam.mx/Licenciatura2026/resultados/2/20200145.html,115,3060,2590,112,166,080506,56,,No seleccionado,,Consultar
2,Licenciatura 2026,202,20200145,CIRUJANO DENTISTA,FACULTAD DE ODONTOLOGÍA,Escolarizado,https://www.dgae.unam.mx/Licenciatura2026/resultados/2/20200145.html,115,3060,2590,112,166,080530,86,,No seleccionado,,Consultar
2,Licenciatura 2026,202,20200145,CIRUJANO DENTISTA,FACULTAD DE ODONTOLOGÍA,Escolarizado,https://www.dgae.unam.mx/Licenciatura2026/resultados/2/20200145.html,115,3060,2590,112,166,080539,117,S,Seleccionado,Cita para entregar documentación.,Consultar
2,Licenciatura 2026,202,20200145,CIRUJANO DENTISTA,FACULTAD DE ODONTOLOGÍA,Escolarizado,https://www.dgae.unam.mx/Licenciatura2026/resultados/2/20200145.html,115,3060,2590,112,166,080543,91,,No seleccionado,,Consultar
2,Licenciatura 2026,202,20200145,CIRUJANO DENTISTA,FACULTAD DE ODONTOLOGÍA,Escolarizado,https://www.dgae.unam.mx/Licenciatura2026/resultados/2/20200145.html,115,3060,2590,112,166,080552,73,,No seleccionado,,Consultar
2,Licenciatura 2026,202,20200145,CIRUJANO DENTISTA,FACULTAD DE ODONTOLOGÍA,Escolarizado,https://www.dgae.unam.mx/Licenciatura2026/resultados/2/20200145.html,115,3060,2590,112,166,080627,91,,No seleccionado,,Consultar
2,Licenciatura 2026,202,20200145,CIRUJANO DENTISTA,FACULTAD DE ODONTOLOGÍA,Escolarizado,https://www.dgae.unam.mx/Licenciatura2026/resultados/2/20200145.html,115,3060,2590,112,166,080634,,N,No presentado,,Consultar
2,Licenciatura 2026,202,20200145,CIRUJANO DENTISTA,FACULTAD DE ODONTOLOGÍA,Escolarizado,https://www.dgae.unam.mx/Licenciatura2026/resultados/2/20200145.html,115,3060,2590,112,166,080669,49,,No seleccionado,,Consultar
2,Licenciatura 2026,202,20200145,CIRUJANO DENTISTA,FACULTAD DE ODONTOLOGÍA,Escolarizado,https://www.dgae.unam.mx/Licenciatura2026/resultados/2/20200145.html,115,3060,2590,112,166,080721,109,,No seleccionado,,Consultar
2,Licenciatura 2026,202,20200145,CIRUJANO DENTISTA,FACULTAD DE ODONTOLOGÍA,Escolarizado,https://www.dgae.unam.mx/Licenciatura2026/resultados/2/20200145.html,115,3060,2590,112,166,080775,50,,No seleccionado,,Consultar
2,Licenciatura 2026,202,20200145,CIRUJANO DENTISTA,FACULTAD DE ODONTOLOGÍA,Escolarizado,https://www.dgae.unam.mx/Licenciatura2026/resultados/2/20200145.html,115,3060,2590,112,166,080857,104,,No seleccionado,,Consultar
2,Licenciatura 2026,202,20200145,CIRUJANO DENTISTA,FACULTAD DE ODONTOLOGÍA,Escolarizado,https://www.dgae.unam.mx/Licenciatura2026/resultados/2/20200145.html,115,3060,2590,112,166,080893,49,,No seleccionado,,Consultar
2,Licenciatura 2026,202,20200145,CIRUJANO DENTISTA,FACULTAD DE ODONTOLOGÍA,Escolarizado,https://www.dgae.unam.mx/Licenciatura2026/resultados/2/20200145.html,115,3060,2590,112,166,080898,60,,No seleccionado,,Consultar
2,Licenciatura 2026,202,20200145,CIRUJANO DENTISTA,FACULTAD DE ODONTOLOGÍA,Escolarizado,https://www.dgae.unam.mx/Licenciatura2026/resultados/2/20200145.html,115,3060,2590,112,166,080901,98,,No seleccionado,,Consultar
2,Licenciatura 2026,202,20200145,CIRUJANO DENTISTA,FACULTAD DE ODONTOLOGÍA,Escolarizado,https://www.dgae.unam.mx/Licenciatura2026/resultados/2/20200145.html,115,3060,2590,112,166,080930,100,,No seleccionado,,Consultar
2,Licenciatura 2026,202,20200145,CIRUJANO DENTISTA,FACULTAD DE ODONTOLOGÍA,Escolarizado,https://www.dgae.unam.mx/Licenciatura2026/resultados/2/20200145.html,115,3060,2590,112,166,080975,33,,No seleccionado,,Consultar
2,Licenciatura 2026,202,20200145,CIRUJANO DENTISTA,FACULTAD DE ODONTOLOGÍA,Escolarizado,https://www.dgae.unam.mx/Licenciatura2026/resultados/2/20200145.html,115,3060,2590,112,166,080987,93,,No seleccionado,,Consultar
2,Licenciatura 2026,202,20200145,CIRUJANO DENTISTA,FACULTAD DE ODONTOLOGÍA,Escolarizado,https://www.dgae.unam.mx/Licenciatura2026/resultados/2/20200145.html,115,3060,2590,112,166,081013,36,,No seleccionado,,Consultar
2,Licenciatura 2026,202,20200145,CIRUJANO DENTISTA,FACULTAD DE ODONTOLOGÍA,Escolarizado,https://www.dgae.unam.mx/Licenciatura2026/resultados/2/20200145.html,115,3060,2590,112,166,081017,82,,No seleccionado,,Consultar
2,Licenciatura 2026,202,20200145,CIRUJANO DENTISTA,FACULTAD DE ODONTOLOGÍA,Escolarizado,https://www.dgae.unam.mx/Licenciatura2026/resultados/2/20200145.html,115,3060,2590,112,166,081049,,N,No presentado,,Consultar
2,Licenciatura 2026,202,20200145,CIRUJANO DENTISTA,FACULTAD DE ODONTOLOGÍA,Escolarizado,https://www.dgae.unam.mx/Licenciatura2026/resultados/2/20200145.html,115,3060,2590,112,166,081056,110,,No seleccionado,,Consultar
2,Licenciatura 2026,202,20200145,CIRUJANO DENTISTA,FACULTAD DE ODONTOLOGÍA,Escolarizado,https://www.dgae.unam.mx/Licenciatura2026/resultados/2/20200145.html,115,3060,2590,112,166,081059,,N,No presentado,,Consultar
2,Licenciatura 2026,202,20200145,CIRUJANO DENTISTA,FACULTAD DE ODONTOLOGÍA,Escolarizado,https://www.dgae.unam.mx/Licenciatura2026/resultados/2/20200145.html,115,3060,2590,112,166,081067,93,,No seleccionado,,Consultar
2,Licenciatura 2026,202,20200145,CIRUJANO DENTISTA,FACULTAD DE ODONTOLOGÍA,Escolarizado,https://www.dgae.unam.mx/Licenciatura2026/resultados/2/20200145.html,115,3060,2590,112,166,081144,81,,No seleccionado,,Consultar
2,Licenciatura 2026,202,20200145,CIRUJANO DENTISTA,FACULTAD DE ODONTOLOGÍA,Escolarizado,https://www.dgae.unam.mx/Licenciatura2026/resultados/2/20200145.html,115,3060,2590,112,166,081219,83,,No seleccionado,,Consultar
2,Licenciatura 2026,202,20200145,CIRUJANO DENTISTA,FACULTAD DE ODONTOLOGÍA,Escolarizado,https://www.dgae.unam.mx/Licenciatura2026/resultados/2/20200145.html,115,3060,2590,112,166,081262,49,,No seleccionado,,Consultar
2,Licenciatura 2026,202,20200145,CIRUJANO DENTISTA,FACULTAD DE ODONTOLOGÍA,Escolarizado,https://www.dgae.unam.mx/Licenciatura2026/resultados/2/20200145.html,115,3060,2590,112,166,081275,61,,No seleccionado,,Consultar
2,Licenciatura 2026,202,20200145,CIRUJANO DENTISTA,FACULTAD DE ODONTOLOGÍA,Escolarizado,https://www.dgae.unam.mx/Licenciatura2026/resultados/2/20200145.html,115,3060,2590,112,166,081306,110,,No seleccionado,,Consultar
2,Licenciatura 2026,202,20200145,CIRUJANO DENTISTA,FACULTAD DE ODONTOLOGÍA,Escolarizado,https://www.dgae.unam.mx/Licenciatura2026/resultados/2/20200145.html,115,3060,2590,112,166,081376,82,,No seleccionado,,Consultar
2,Licenciatura 2026,202,20200145,CIRUJANO DENTISTA,FACULTAD DE ODONTOLOGÍA,Escolarizado,https://www.dgae.unam.mx/Licenciatura2026/resultados/2/20200145.html,115,3060,2590,112,166,081404,91,,No seleccionado,,Consultar
2,Licenciatura 2026,202,20200145,CIRUJANO DENTISTA,FACULTAD DE ODONTOLOGÍA,Escolarizado,https://www.dgae.unam.mx/Licenciatura2026/resultados/2/20200145.html,115,3060,2590,112,166,081405,60,,No seleccionado,,Consultar
2,Licenciatura 2026,202,20200145,CIRUJANO DENTISTA,FACULTAD DE ODONTOLOGÍA,Escolarizado,https://www.dgae.unam.mx/Licenciatura2026/resultados/2/20200145.html,115,3060,2590,112,166,081422,54,,No seleccionado,,Consultar
2,Licenciatura 2026,202,20200145,CIRUJANO DENTISTA,FACULTAD DE ODONTOLOGÍA,Escolarizado,https://www.dgae.unam.mx/Licenciatura2026/resultados/2/20200145.html,115,3060,2590,112,166,081480,,N,No presentado,,Consultar
2,Licenciatura 2026,202,20200145,CIRUJANO DENTISTA,FACULTAD DE ODONTOLOGÍA,Escolarizado,https://www.dgae.unam.mx/Licenciatura2026/resultados/2/20200145.html,115,3060,2590,112,166,081513,84,,No seleccionado,,Consultar
2,Licenciatura 2026,202,20200145,CIRUJANO DENTISTA,FACULTAD DE ODONTOLOGÍA,Escolarizado,https://www.dgae.unam.mx/Licenciatura2026/resultados/2/20200145.html,115,3060,2590,112,166,081525,71,,No seleccionado,,Consultar
2,Licenciatura 2026,202,20200145,CIRUJANO DENTISTA,FACULTAD DE ODONTOLOGÍA,Escolarizado,https://www.dgae.unam.mx/Licenciatura2026/resultados/2/20200145.html,115,3060,2590,112,166,081590,106,,No seleccionado,,Consultar
2,Licenciatura 2026,202,20200145,CIRUJANO DENTISTA,FACULTAD DE ODONTOLOGÍA,Escolarizado,https://www.dgae.unam.mx/Licenciatura2026/resultados/2/20200145.html,115,3060,2590,112,166,081657,52,,No seleccionado,,Consultar
2,Licenciatura 2026,202,20200145,CIRUJANO DENTISTA,FACULTAD DE ODONTOLOGÍA,Escolarizado,https://www.dgae.unam.mx/Licenciatura2026/resultados/2/20200145.html,115,3060,2590,112,166,081665,81,,No seleccionado,,Consultar
2,Licenciatura 2026,202,20200145,CIRUJANO DENTISTA,FACULTAD DE ODONTOLOGÍA,Escolarizado,https://www.dgae.unam.mx/Licenciatura2026/resultados/2/20200145.html,115,3060,2590,112,166,081718,108,,No seleccionado,,Consultar
2,Licenciatura 2026,202,20200145,CIRUJANO DENTISTA,FACULTAD DE ODONTOLOGÍA,Escolarizado,https://www.dgae.unam.mx/Licenciatura2026/resultados/2/20200145.html,115,3060,2590,112,166,081727,37,,No seleccionado,,Consultar
2,Licenciatura 2026,202,20200145,CIRUJANO DENTISTA,FACULTAD DE ODONTOLOGÍA,Escolarizado,https://www.dgae.unam.mx/Licenciatura2026/resultados/2/20200145.html,115,3060,2590,112,166,081742,52,,No seleccionado,,Consultar
2,Licenciatura 2026,202,20200145,CIRUJANO DENTISTA,FACULTAD DE ODONTOLOGÍA,Escolarizado,https://www.dgae.unam.mx/Licenciatura2026/resultados/2/20200145.html,115,3060,2590,112,166,081765,77,,No seleccionado,,Consultar
2,Licenciatura 2026,202,20200145,CIRUJANO DENTISTA,FACULTAD DE ODONTOLOGÍA,Escolarizado,https://www.dgae.unam.mx/Licenciatura2026/resultados/2/20200145.html,115,3060,2590,112,166,081784,112,S,Seleccionado,Cita para entregar documentación.,Consultar
2,Licenciatura 2026,202,20200145,CIRUJANO DENTISTA,FACULTAD DE ODONTOLOGÍA,Escolarizado,https://www.dgae.unam.mx/Licenciatura2026/resultados/2/20200145.html,115,3060,2590,112,166,081802,31,,No seleccionado,,Consultar
2,Licenciatura 2026,202,20200145,CIRUJANO DENTISTA,FACULTAD DE ODONTOLOGÍA,Escolarizado,https://www.dgae.unam.mx/Licenciatura2026/resultados/2/20200145.html,115,3060,2590,112,166,081811,101,,No seleccionado,,Consultar
2,Licenciatura 2026,202,20200145,CIRUJANO DENTISTA,FACULTAD DE ODONTOLOGÍA,Escolarizado,https://www.dgae.unam.mx/Licenciatura2026/resultados/2/20200145.html,115,3060,2590,112,166,081833,93,,No seleccionado,,Consultar
2,Licenciatura 2026,202,20200145,CIRUJANO DENTISTA,FACULTAD DE ODONTOLOGÍA,Escolarizado,https://www.dgae.unam.mx/Licenciatura2026/resultados/2/20200145.html,115,3060,2590,112,166,081862,35,,No seleccionado,,Consultar
2,Licenciatura 2026,202,20200145,CIRUJANO DENTISTA,FACULTAD DE ODONTOLOGÍA,Escolarizado,https://www.dgae.unam.mx/Licenciatura2026/resultados/2/20200145.html,115,3060,2590,112,166,081879,39,,No seleccionado,,Consultar
2,Licenciatura 2026,202,20200145,CIRUJANO DENTISTA,FACULTAD DE ODONTOLOGÍA,Escolarizado,https://www.dgae.unam.mx/Licenciatura2026/resultados/2/20200145.html,115,3060,2590,112,166,081893,69,,No seleccionado,,Consultar
2,Licenciatura 2026,202,20200145,CIRUJANO DENTISTA,FACULTAD DE ODONTOLOGÍA,Escolarizado,https://www.dgae.unam.mx/Licenciatura2026/resultados/2/20200145.html,115,3060,2590,112,166,081898,44,,No seleccionado,,Consultar
2,Licenciatura 2026,202,20200145,CIRUJANO DENTISTA,FACULTAD DE ODONTOLOGÍA,Escolarizado,https://www.dgae.unam.mx/Licenciatura2026/resultados/2/20200145.html,115,3060,2590,112,166,081904,37,,No seleccionado,,Consultar
2,Licenciatura 2026,202,20200145,CIRUJANO DENTISTA,FACULTAD DE ODONTOLOGÍA,Escolarizado,https://www.dgae.unam.mx/Licenciatura2026/resultados/2/20200145.html,115,3060,2590,112,166,081907,109,,No seleccionado,,Consultar
2,Licenciatura 2026,202,20200145,CIRUJANO DENTISTA,FACULTAD DE ODONTOLOGÍA,Escolarizado,https://www.dgae.unam.mx/Licenciatura2026/resultados/2/20200145.html,115,3060,2590,112,166,081951,38,,No seleccionado,,Consultar
2,Licenciatura 2026,202,20200145,CIRUJANO DENTISTA,FACULTAD DE ODONTOLOGÍA,Escolarizado,https://www.dgae.unam.mx/Licenciatura2026/resultados/2/20200145.html,115,3060,2590,112,166,081960,95,,No seleccionado,,Consultar
2,Licenciatura 2026,202,20200145,CIRUJANO DENTISTA,FACULTAD DE ODONTOLOGÍA,Escolarizado,https://www.dgae.unam.mx/Licenciatura2026/resultados/2/20200145.html,115,3060,2590,112,166,081990,110,,No seleccionado,,Consultar
2,Licenciatura 2026,202,20200145,CIRUJANO DENTISTA,FACULTAD DE ODONTOLOGÍA,Escolarizado,https://www.dgae.unam.mx/Licenciatura2026/resultados/2/20200145.html,115,3060,2590,112,166,082028,112,S,Seleccionado,,Consultar
2,Licenciatura 2026,202,20200145,CIRUJANO DENTISTA,FACULTAD DE ODONTOLOGÍA,Escolarizado,https://www.dgae.unam.mx/Licenciatura2026/resultados/2/20200145.html,115,3060,2590,112,166,082034,76,,No seleccionado,,Consultar
2,Licenciatura 2026,202,20200145,CIRUJANO DENTISTA,FACULTAD DE ODONTOLOGÍA,Escolarizado,https://www.dgae.unam.mx/Licenciatura2026/resultados/2/20200145.html,115,3060,2590,112,166,082039,117,S,Seleccionado,,Consultar
2,Licenciatura 2026,202,20200145,CIRUJANO DENTISTA,FACULTAD DE ODONTOLOGÍA,Escolarizado,https://www.dgae.unam.mx/Licenciatura2026/resultados/2/20200145.html,115,3060,2590,112,166,082100,24,,No seleccionado,,Consultar
2,Licenciatura 2026,202,20200145,CIRUJANO DENTISTA,FACULTAD DE ODONTOLOGÍA,Escolarizado,https://www.dgae.unam.mx/Licenciatura2026/resultados/2/20200145.html,115,3060,2590,112,166,082126,97,,No seleccionado,,Consultar
2,Licenciatura 2026,202,20200145,CIRUJANO DENTISTA,FACULTAD DE ODONTOLOGÍA,Escolarizado,https://www.dgae.unam.mx/Licenciatura2026/resultados/2/20200145.html,115,3060,2590,112,166,082157,92,,No seleccionado,,Consultar
2,Licenciatura 2026,202,20200145,CIRUJANO DENTISTA,FACULTAD DE ODONTOLOGÍA,Escolarizado,https://www.dgae.unam.mx/Licenciatura2026/resultados/2/20200145.html,115,3060,2590,112,166,082185,83,,No seleccionado,,Consultar
2,Licenciatura 2026,202,20200145,CIRUJANO DENTISTA,FACULTAD DE ODONTOLOGÍA,Escolarizado,https://www.dgae.unam.mx/Licenciatura2026/resultados/2/20200145.html,115,3060,2590,112,166,082196,48,,No seleccionado,,Consultar
2,Licenciatura 2026,202,20200145,CIRUJANO DENTISTA,FACULTAD DE ODONTOLOGÍA,Escolarizado,https://www.dgae.unam.mx/Licenciatura2026/resultados/2/20200145.html,115,3060,2590,112,166,082213,100,,No seleccionado,,Consultar
2,Licenciatura 2026,202,20200145,CIRUJANO DENTISTA,FACULTAD DE ODONTOLOGÍA,Escolarizado,https://www.dgae.unam.mx/Licenciatura2026/resultados/2/20200145.html,115,3060,2590,112,166,082270,,N,No presentado,,Consultar
2,Licenciatura 2026,202,20200145,CIRUJANO DENTISTA,FACULTAD DE ODONTOLOGÍA,Escolarizado,https://www.dgae.unam.mx/Licenciatura2026/resultados/2/20200145.html,115,3060,2590,112,166,082275,82,,No seleccionado,,Consultar
2,Licenciatura 2026,202,20200145,CIRUJANO DENTISTA,FACULTAD DE ODONTOLOGÍA,Escolarizado,https://www.dgae.unam.mx/Licenciatura2026/resultados/2/20200145.html,115,3060,2590,112,166,082279,,C,Cancelado,,Consultar
2,Licenciatura 2026,202,20200145,CIRUJANO DENTISTA,FACULTAD DE ODONTOLOGÍA,Escolarizado,https://www.dgae.unam.mx/Licenciatura2026/resultados/2/20200145.html,115,3060,2590,112,166,082281,90,,No seleccionado,,Consultar
2,Licenciatura 2026,202,20200145,CIRUJANO DENTISTA,FACULTAD DE ODONTOLOGÍA,Escolarizado,https://www.dgae.unam.mx/Licenciatura2026/resultados/2/20200145.html,115,3060,2590,112,166,082315,46,,No seleccionado,,Consultar
2,Licenciatura 2026,202,20200145,CIRUJANO DENTISTA,FACULTAD DE ODONTOLOGÍA,Escolarizado,https://www.dgae.unam.mx/Licenciatura2026/resultados/2/20200145.html,115,3060,2590,112,166,082326,37,,No seleccionado,,Consultar
2,Licenciatura 2026,202,20200145,CIRUJANO DENTISTA,FACULTAD DE ODONTOLOGÍA,Escolarizado,https://www.dgae.unam.mx/Licenciatura2026/resultados/2/20200145.html,115,3060,2590,112,166,082373,,N,No presentado,,Consultar
2,Licenciatura 2026,202,20200145,CIRUJANO DENTISTA,FACULTAD DE ODONTOLOGÍA,Escolarizado,https://www.dgae.unam.mx/Licenciatura2026/resultados/2/20200145.html,115,3060,2590,112,166,082379,104,,No seleccionado,,Consultar
2,Licenciatura 2026,202,20200145,CIRUJANO DENTISTA,FACULTAD DE ODONTOLOGÍA,Escolarizado,https://www.dgae.unam.mx/Licenciatura2026/resultados/2/20200145.html,115,3060,2590,112,166,082396,65,,No seleccionado,,Consultar
2,Licenciatura 2026,202,20200145,CIRUJANO DENTISTA,FACULTAD DE ODONTOLOGÍA,Escolarizado,https://www.dgae.unam.mx/Licenciatura2026/resultados/2/20200145.html,115,3060,2590,112,166,082417,47,,No seleccionado,,Consultar
2,Licenciatura 2026,202,20200145,CIRUJANO DENTISTA,FACULTAD DE ODONTOLOGÍA,Escolarizado,https://www.dgae.unam.mx/Licenciatura2026/resultados/2/20200145.html,115,3060,2590,112,166,082438,87,,No seleccionado,,Consultar
2,Licenciatura 2026,202,20200145,CIRUJANO DENTISTA,FACULTAD DE ODONTOLOGÍA,Escolarizado,https://www.dgae.unam.mx/Licenciatura2026/resultados/2/20200145.html,115,3060,2590,112,166,082459,64,,No seleccionado,,Consultar
2,Licenciatura 2026,202,20200145,CIRUJANO DENTISTA,FACULTAD DE ODONTOLOGÍA,Escolarizado,https://www.dgae.unam.mx/Licenciatura2026/resultados/2/20200145.html,115,3060,2590,112,166,082486,86,,No seleccionado,,Consultar
2,Licenciatura 2026,202,20200145,CIRUJANO DENTISTA,FACULTAD DE ODONTOLOGÍA,Escolarizado,https://www.dgae.unam.mx/Licenciatura2026/resultados/2/20200145.html,115,3060,2590,112,166,082551,66,,No seleccionado,,Consultar
2,Licenciatura 2026,202,20200145,CIRUJANO DENTISTA,FACULTAD DE ODONTOLOGÍA,Escolarizado,https://www.dgae.unam.mx/Licenciatura2026/resultados/2/20200145.html,115,3060,2590,112,166,082577,102,,No seleccionado,,Consultar
2,Licenciatura 2026,202,20200145,CIRUJANO DENTISTA,FACULTAD DE ODONTOLOGÍA,Escolarizado,https://www.dgae.unam.mx/Licenciatura2026/resultados/2/20200145.html,115,3060,2590,112,166,082649,49,,No seleccionado,,Consultar
2,Licenciatura 2026,202,20200145,CIRUJANO DENTISTA,FACULTAD DE ODONTOLOGÍA,Escolarizado,https://www.dgae.unam.mx/Licenciatura2026/resultados/2/20200145.html,115,3060,2590,112,166,082669,,N,No presentado,,Consultar
2,Licenciatura 2026,202,20200145,CIRUJANO DENTISTA,FACULTAD DE ODONTOLOGÍA,Escolarizado,https://www.dgae.unam.mx/Licenciatura2026/resultados/2/20200145.html,115,3060,2590,112,166,082675,,N,No presentado,,Consultar
2,Licenciatura 2026,202,20200145,CIRUJANO DENTISTA,FACULTAD DE ODONTOLOGÍA,Escolarizado,https://www.dgae.unam.mx/Licenciatura2026/resultados/2/20200145.html,115,3060,2590,112,166,082676,50,,No seleccionado,,Consultar
2,Licenciatura 2026,202,20200145,CIRUJANO DENTISTA,FACULTAD DE ODONTOLOGÍA,Escolarizado,https://www.dgae.unam.mx/Licenciatura2026/resultados/2/20200145.html,115,3060,2590,112,166,082679,,N,No presentado,,Consultar
2,Licenciatura 2026,202,20200145,CIRUJANO DENTISTA,FACULTAD DE ODONTOLOGÍA,Escolarizado,https://www.dgae.unam.mx/Licenciatura2026/resultados/2/20200145.html,115,3060,2590,112,166,082736,106,,No seleccionado,,Consultar
2,Licenciatura 2026,202,20200145,CIRUJANO DENTISTA,FACULTAD DE ODONTOLOGÍA,Escolarizado,https://www.dgae.unam.mx/Licenciatura2026/resultados/2/20200145.html,115,3060,2590,112,166,082755,,N,No presentado,,Consultar
2,Licenciatura 2026,202,20200145,CIRUJANO DENTISTA,FACULTAD DE ODONTOLOGÍA,Escolarizado,https://www.dgae.unam.mx/Licenciatura2026/resultados/2/20200145.html,115,3060,2590,112,166,082760,84,,No seleccionado,,Consultar
2,Licenciatura 2026,202,20200145,CIRUJANO DENTISTA,FACULTAD DE ODONTOLOGÍA,Escolarizado,https://www.dgae.unam.mx/Licenciatura2026/resultados/2/20200145.html,115,3060,2590,112,166,082842,88,,No seleccionado,,Consultar
2,Licenciatura 2026,202,20200145,CIRUJANO DENTISTA,FACULTAD DE ODONTOLOGÍA,Escolarizado,https://www.dgae.unam.mx/Licenciatura2026/resultados/2/20200145.html,115,3060,2590,112,166,082854,27,,No seleccionado,,Consultar
2,Licenciatura 2026,202,20200145,CIRUJANO DENTISTA,FACULTAD DE ODONTOLOGÍA,Escolarizado,https://www.dgae.unam.mx/Licenciatura2026/resultados/2/20200145.html,115,3060,2590,112,166,082868,113,S,Seleccionado,Cita para entregar documentación.,Consultar
2,Licenciatura 2026,202,20200145,CIRUJANO DENTISTA,FACULTAD DE ODONTOLOGÍA,Escolarizado,https://www.dgae.unam.mx/Licenciatura2026/resultados/2/20200145.html,115,3060,2590,112,166,082884,69,,No seleccionado,,Consultar
2,Licenciatura 2026,202,20200145,CIRUJANO DENTISTA,FACULTAD DE ODONTOLOGÍA,Escolarizado,https://www.dgae.unam.mx/Licenciatura2026/resultados/2/20200145.html,115,3060,2590,112,166,082890,80,,No seleccionado,,Consultar
2,Licenciatura 2026,202,20200145,CIRUJANO DENTISTA,FACULTAD DE ODONTOLOGÍA,Escolarizado,https://www.dgae.unam.mx/Licenciatura2026/resultados/2/20200145.html,115,3060,2590,112,166,082899,97,,No seleccionado,,Consultar
2,Licenciatura 2026,202,20200145,CIRUJANO DENTISTA,FACULTAD DE ODONTOLOGÍA,Escolarizado,https://www.dgae.unam.mx/Licenciatura2026/resultados/2/20200145.html,115,3060,2590,112,166,082917,90,,No seleccionado,,Consultar
2,Licenciatura 2026,202,20200145,CIRUJANO DENTISTA,FACULTAD DE ODONTOLOGÍA,Escolarizado,https://www.dgae.unam.mx/Licenciatura2026/resultados/2/20200145.html,115,3060,2590,112,166,082980,68,,No seleccionado,,Consultar
2,Licenciatura 2026,202,20200145,CIRUJANO DENTISTA,FACULTAD DE ODONTOLOGÍA,Escolarizado,https://www.dgae.unam.mx/Licenciatura2026/resultados/2/20200145.html,115,3060,2590,112,166,083048,,N,No presentado,,Consultar
2,Licenciatura 2026,202,20200145,CIRUJANO DENTISTA,FACULTAD DE ODONTOLOGÍA,Escolarizado,https://www.dgae.unam.mx/Licenciatura2026/resultados/2/20200145.html,115,3060,2590,112,166,083085,115,S,Seleccionado,,Consultar
2,Licenciatura 2026,202,20200145,CIRUJANO DENTISTA,FACULTAD DE ODONTOLOGÍA,Escolarizado,https://www.dgae.unam.mx/Licenciatura2026/resultados/2/20200145.html,115,3060,2590,112,166,083103,110,,No seleccionado,,Consultar
2,Licenciatura 2026,202,20200145,CIRUJANO DENTISTA,FACULTAD DE ODONTOLOGÍA,Escolarizado,https://www.dgae.unam.mx/Licenciatura2026/resultados/2/20200145.html,115,3060,2590,112,166,083220,80,,No seleccionado,,Consultar
2,Licenciatura 2026,202,20200145,CIRUJANO DENTISTA,FACULTAD DE ODONTOLOGÍA,Escolarizado,https://www.dgae.unam.mx/Licenciatura2026/resultados/2/20200145.html,115,3060,2590,112,166,083247,95,,No seleccionado,,Consultar
2,Licenciatura 2026,202,20200145,CIRUJANO DENTISTA,FACULTAD DE ODONTOLOGÍA,Escolarizado,https://www.dgae.unam.mx/Licenciatura2026/resultados/2/20200145.html,115,3060,2590,112,166,083355,110,,No seleccionado,,Consultar
2,Licenciatura 2026,202,20200145,CIRUJANO DENTISTA,FACULTAD DE ODONTOLOGÍA,Escolarizado,https://www.dgae.unam.mx/Licenciatura2026/resultados/2/20200145.html,115,3060,2590,112,166,083376,69,,No seleccionado,,Consultar
2,Licenciatura 2026,202,20200145,CIRUJANO DENTISTA,FACULTAD DE ODONTOLOGÍA,Escolarizado,https://www.dgae.unam.mx/Licenciatura2026/resultados/2/20200145.html,115,3060,2590,112,166,083407,78,,No seleccionado,,Consultar
2,Licenciatura 2026,202,20200145,CIRUJANO DENTISTA,FACULTAD DE ODONTOLOGÍA,Escolarizado,https://www.dgae.unam.mx/Licenciatura2026/resultados/2/20200145.html,115,3060,2590,112,166,083418,53,,No seleccionado,,Consultar
2,Licenciatura 2026,202,20200145,CIRUJANO DENTISTA,FACULTAD DE ODONTOLOGÍA,Escolarizado,https://www.dgae.unam.mx/Licenciatura2026/resultados/2/20200145.html,115,3060,2590,112,166,083451,40,,No seleccionado,,Consultar
2,Licenciatura 2026,202,20200145,CIRUJANO DENTISTA,FACULTAD DE ODONTOLOGÍA,Escolarizado,https://www.dgae.unam.mx/Licenciatura2026/resultados/2/20200145.html,115,3060,2590,112,166,083462,86,,No seleccionado,,Consultar
2,Licenciatura 2026,202,20200145,CIRUJANO DENTISTA,FACULTAD DE ODONTOLOGÍA,Escolarizado,https://www.dgae.unam.mx/Licenciatura2026/resultados/2/20200145.html,115,3060,2590,112,166,083502,94,,No seleccionado,,Consultar
2,Licenciatura 2026,202,20200145,CIRUJANO DENTISTA,FACULTAD DE ODONTOLOGÍA,Escolarizado,https://www.dgae.unam.mx/Licenciatura2026/resultados/2/20200145.html,115,3060,2590,112,166,083512,97,,No seleccionado,,Consultar
2,Licenciatura 2026,202,20200145,CIRUJANO DENTISTA,FACULTAD DE ODONTOLOGÍA,Escolarizado,https://www.dgae.unam.mx/Licenciatura2026/resultados/2/20200145.html,115,3060,2590,112,166,083532,54,,No seleccionado,,Consultar
2,Licenciatura 2026,202,20200145,CIRUJANO DENTISTA,FACULTAD DE ODONTOLOGÍA,Escolarizado,https://www.dgae.unam.mx/Licenciatura2026/resultados/2/20200145.html,115,3060,2590,112,166,083535,59,,No seleccionado,,Consultar
2,Licenciatura 2026,202,20200145,CIRUJANO DENTISTA,FACULTAD DE ODONTOLOGÍA,Escolarizado,https://www.dgae.unam.mx/Licenciatura2026/resultados/2/20200145.html,115,3060,2590,112,166,083608,38,,No seleccionado,,Consultar
2,Licenciatura 2026,202,20200145,CIRUJANO DENTISTA,FACULTAD DE ODONTOLOGÍA,Escolarizado,https://www.dgae.unam.mx/Licenciatura2026/resultados/2/20200145.html,115,3060,2590,112,166,083672,36,,No seleccionado,,Consultar
2,Licenciatura 2026,202,20200145,CIRUJANO DENTISTA,FACULTAD DE ODONTOLOGÍA,Escolarizado,https://www.dgae.unam.mx/Licenciatura2026/resultados/2/20200145.html,115,3060,2590,112,166,083741,65,,No seleccionado,,Consultar
2,Licenciatura 2026,202,20200145,CIRUJANO DENTISTA,FACULTAD DE ODONTOLOGÍA,Escolarizado,https://www.dgae.unam.mx/Licenciatura2026/resultados/2/20200145.html,115,3060,2590,112,166,083777,72,,No seleccionado,,Consultar
2,Licenciatura 2026,202,20200145,CIRUJANO DENTISTA,FACULTAD DE ODONTOLOGÍA,Escolarizado,https://www.dgae.unam.mx/Licenciatura2026/resultados/2/20200145.html,115,3060,2590,112,166,083808,81,,No seleccionado,,Consultar
2,Licenciatura 2026,202,20200145,CIRUJANO DENTISTA,FACULTAD DE ODONTOLOGÍA,Escolarizado,https://www.dgae.unam.mx/Licenciatura2026/resultados/2/20200145.html,115,3060,2590,112,166,083839,49,,No seleccionado,,Consultar
2,Licenciatura 2026,202,20200145,CIRUJANO DENTISTA,FACULTAD DE ODONTOLOGÍA,Escolarizado,https://www.dgae.unam.mx/Licenciatura2026/resultados/2/20200145.html,115,3060,2590,112,166,083855,49,,No seleccionado,,Consultar
2,Licenciatura 2026,202,20200145,CIRUJANO DENTISTA,FACULTAD DE ODONTOLOGÍA,Escolarizado,https://www.dgae.unam.mx/Licenciatura2026/resultados/2/20200145.html,115,3060,2590,112,166,083866,72,,No seleccionado,,Consultar
2,Licenciatura 2026,202,20200145,CIRUJANO DENTISTA,FACULTAD DE ODONTOLOGÍA,Escolarizado,https://www.dgae.unam.mx/Licenciatura2026/resultados/2/20200145.html,115,3060,2590,112,166,083879,,N,No presentado,,Consultar
2,Licenciatura 2026,202,20200145,CIRUJANO DENTISTA,FACULTAD DE ODONTOLOGÍA,Escolarizado,https://www.dgae.unam.mx/Licenciatura2026/resultados/2/20200145.html,115,3060,2590,112,166,083924,104,,No seleccionado,,Consultar
2,Licenciatura 2026,202,20200145,CIRUJANO DENTISTA,FACULTAD DE ODONTOLOGÍA,Escolarizado,https://www.dgae.unam.mx/Licenciatura2026/resultados/2/20200145.html,115,3060,2590,112,166,083944,61,,No seleccionado,,Consultar
2,Licenciatura 2026,202,20200145,CIRUJANO DENTISTA,FACULTAD DE ODONTOLOGÍA,Escolarizado,https://www.dgae.unam.mx/Licenciatura2026/resultados/2/20200145.html,115,3060,2590,112,166,083972,100,,No seleccionado,,Consultar
2,Licenciatura 2026,202,20200145,CIRUJANO DENTISTA,FACULTAD DE ODONTOLOGÍA,Escolarizado,https://www.dgae.unam.mx/Licenciatura2026/resultados/2/20200145.html,115,3060,2590,112,166,083983,,N,No presentado,,Consultar
2,Licenciatura 2026,202,20200145,CIRUJANO DENTISTA,FACULTAD DE ODONTOLOGÍA,Escolarizado,https://www.dgae.unam.mx/Licenciatura2026/resultados/2/20200145.html,115,3060,2590,112,166,083994,113,S,Seleccionado,Cita para entregar documentación.,Consultar
2,Licenciatura 2026,202,20200145,CIRUJANO DENTISTA,FACULTAD DE ODONTOLOGÍA,Escolarizado,https://www.dgae.unam.mx/Licenciatura2026/resultados/2/20200145.html,115,3060,2590,112,166,084019,62,,No seleccionado,,Consultar
2,Licenciatura 2026,202,20200145,CIRUJANO DENTISTA,FACULTAD DE ODONTOLOGÍA,Escolarizado,https://www.dgae.unam.mx/Licenciatura2026/resultados/2/20200145.html,115,3060,2590,112,166,084130,54,,No seleccionado,,Consultar
2,Licenciatura 2026,202,20200145,CIRUJANO DENTISTA,FACULTAD DE ODONTOLOGÍA,Escolarizado,https://www.dgae.unam.mx/Licenciatura2026/resultados/2/20200145.html,115,3060,2590,112,166,084207,66,,No seleccionado,,Consultar
2,Licenciatura 2026,202,20200145,CIRUJANO DENTISTA,FACULTAD DE ODONTOLOGÍA,Escolarizado,https://www.dgae.unam.mx/Licenciatura2026/resultados/2/20200145.html,115,3060,2590,112,166,084208,94,,No seleccionado,,Consultar
2,Licenciatura 2026,202,20200145,CIRUJANO DENTISTA,FACULTAD DE ODONTOLOGÍA,Escolarizado,https://www.dgae.unam.mx/Licenciatura2026/resultados/2/20200145.html,115,3060,2590,112,166,084216,109,,No seleccionado,,Consultar
2,Licenciatura 2026,202,20200145,CIRUJANO DENTISTA,FACULTAD DE ODONTOLOGÍA,Escolarizado,https://www.dgae.unam.mx/Licenciatura2026/resultados/2/20200145.html,115,3060,2590,112,166,084224,84,,No seleccionado,,Consultar
2,Licenciatura 2026,202,20200145,CIRUJANO DENTISTA,FACULTAD DE ODONTOLOGÍA,Escolarizado,https://www.dgae.unam.mx/Licenciatura2026/resultados/2/20200145.html,115,3060,2590,112,166,084266,99,,No seleccionado,,Consultar
2,Licenciatura 2026,202,20200145,CIRUJANO DENTISTA,FACULTAD DE ODONTOLOGÍA,Escolarizado,https://www.dgae.unam.mx/Licenciatura2026/resultados/2/20200145.html,115,3060,2590,112,166,084274,25,,No seleccionado,,Consultar
2,Licenciatura 2026,202,20200145,CIRUJANO DENTISTA,FACULTAD DE ODONTOLOGÍA,Escolarizado,https://www.dgae.unam.mx/Licenciatura2026/resultados/2/20200145.html,115,3060,2590,112,166,084286,92,,No seleccionado,,Consultar
2,Licenciatura 2026,202,20200145,CIRUJANO DENTISTA,FACULTAD DE ODONTOLOGÍA,Escolarizado,https://www.dgae.unam.mx/Licenciatura2026/resultados/2/20200145.html,115,3060,2590,112,166,084305,46,,No seleccionado,,Consultar
2,Licenciatura 2026,202,20200145,CIRUJANO DENTISTA,FACULTAD DE ODONTOLOGÍA,Escolarizado,https://www.dgae.unam.mx/Licenciatura2026/resultados/2/20200145.html,115,3060,2590,112,166,084306,41,,No seleccionado,,Consultar
2,Licenciatura 2026,202,20200145,CIRUJANO DENTISTA,FACULTAD DE ODONTOLOGÍA,Escolarizado,https://www.dgae.unam.mx/Licenciatura2026/resultados/2/20200145.html,115,3060,2590,112,166,084357,36,,No seleccionado,,Consultar
2,Licenciatura 2026,202,20200145,CIRUJANO DENTISTA,FACULTAD DE ODONTOLOGÍA,Escolarizado,https://www.dgae.unam.mx/Licenciatura2026/resultados/2/20200145.html,115,3060,2590,112,166,084370,36,,No seleccionado,,Consultar
2,Licenciatura 2026,202,20200145,CIRUJANO DENTISTA,FACULTAD DE ODONTOLOGÍA,Escolarizado,https://www.dgae.unam.mx/Licenciatura2026/resultados/2/20200145.html,115,3060,2590,112,166,084436,29,,No seleccionado,,Consultar
2,Licenciatura 2026,202,20200145,CIRUJANO DENTISTA,FACULTAD DE ODONTOLOGÍA,Escolarizado,https://www.dgae.unam.mx/Licenciatura2026/resultados/2/20200145.html,115,3060,2590,112,166,084510,101,,No seleccionado,,Consultar
2,Licenciatura 2026,202,20200145,CIRUJANO DENTISTA,FACULTAD DE ODONTOLOGÍA,Escolarizado,https://www.dgae.unam.mx/Licenciatura2026/resultados/2/20200145.html,115,3060,2590,112,166,084522,40,,No seleccionado,,Consultar
2,Licenciatura 2026,202,20200145,CIRUJANO DENTISTA,FACULTAD DE ODONTOLOGÍA,Escolarizado,https://www.dgae.unam.mx/Licenciatura2026/resultados/2/20200145.html,115,3060,2590,112,166,084538,73,,No seleccionado,,Consultar
2,Licenciatura 2026,202,20200145,CIRUJANO DENTISTA,FACULTAD DE ODONTOLOGÍA,Escolarizado,https://www.dgae.unam.mx/Licenciatura2026/resultados/2/20200145.html,115,3060,2590,112,166,084545,35,,No seleccionado,,Consultar
2,Licenciatura 2026,202,20200145,CIRUJANO DENTISTA,FACULTAD DE ODONTOLOGÍA,Escolarizado,https://www.dgae.unam.mx/Licenciatura2026/resultados/2/20200145.html,115,3060,2590,112,166,084570,,N,No presentado,,Consultar
2,Licenciatura 2026,202,20200145,CIRUJANO DENTISTA,FACULTAD DE ODONTOLOGÍA,Escolarizado,https://www.dgae.unam.mx/Licenciatura2026/resultados/2/20200145.html,115,3060,2590,112,166,084577,106,,No seleccionado,,Consultar
2,Licenciatura 2026,202,20200145,CIRUJANO DENTISTA,FACULTAD DE ODONTOLOGÍA,Escolarizado,https://www.dgae.unam.mx/Licenciatura2026/resultados/2/20200145.html,115,3060,2590,112,166,084596,69,,No seleccionado,,Consultar
2,Licenciatura 2026,202,20200145,CIRUJANO DENTISTA,FACULTAD DE ODONTOLOGÍA,Escolarizado,https://www.dgae.unam.mx/Licenciatura2026/resultados/2/20200145.html,115,3060,2590,112,166,084644,,N,No presentado,,Consultar
2,Licenciatura 2026,202,20200145,CIRUJANO DENTISTA,FACULTAD DE ODONTOLOGÍA,Escolarizado,https://www.dgae.unam.mx/Licenciatura2026/resultados/2/20200145.html,115,3060,2590,112,166,084679,64,,No seleccionado,,Consultar
2,Licenciatura 2026,202,20200145,CIRUJANO DENTISTA,FACULTAD DE ODONTOLOGÍA,Escolarizado,https://www.dgae.unam.mx/Licenciatura2026/resultados/2/20200145.html,115,3060,2590,112,166,084767,97,,No seleccionado,,Consultar
2,Licenciatura 2026,202,20200145,CIRUJANO DENTISTA,FACULTAD DE ODONTOLOGÍA,Escolarizado,https://www.dgae.unam.mx/Licenciatura2026/resultados/2/20200145.html,115,3060,2590,112,166,084773,35,,No seleccionado,,Consultar
2,Licenciatura 2026,202,20200145,CIRUJANO DENTISTA,FACULTAD DE ODONTOLOGÍA,Escolarizado,https://www.dgae.unam.mx/Licenciatura2026/resultados/2/20200145.html,115,3060,2590,112,166,084779,106,,No seleccionado,,Consultar
2,Licenciatura 2026,202,20200145,CIRUJANO DENTISTA,FACULTAD DE ODONTOLOGÍA,Escolarizado,https://www.dgae.unam.mx/Licenciatura2026/resultados/2/20200145.html,115,3060,2590,112,166,084791,62,,No seleccionado,,Consultar
2,Licenciatura 2026,202,20200145,CIRUJANO DENTISTA,FACULTAD DE ODONTOLOGÍA,Escolarizado,https://www.dgae.unam.mx/Licenciatura2026/resultados/2/20200145.html,115,3060,2590,112,166,084843,30,,No seleccionado,,Consultar
2,Licenciatura 2026,202,20200145,CIRUJANO DENTISTA,FACULTAD DE ODONTOLOGÍA,Escolarizado,https://www.dgae.unam.mx/Licenciatura2026/resultados/2/20200145.html,115,3060,2590,112,166,084849,,N,No presentado,,Consultar
2,Licenciatura 2026,202,20200145,CIRUJANO DENTISTA,FACULTAD DE ODONTOLOGÍA,Escolarizado,https://www.dgae.unam.mx/Licenciatura2026/resultados/2/20200145.html,115,3060,2590,112,166,084864,108,,No seleccionado,,Consultar
2,Licenciatura 2026,202,20200145,CIRUJANO DENTISTA,FACULTAD DE ODONTOLOGÍA,Escolarizado,https://www.dgae.unam.mx/Licenciatura2026/resultados/2/20200145.html,115,3060,2590,112,166,084871,80,,No seleccionado,,Consultar
2,Licenciatura 2026,202,20200145,CIRUJANO DENTISTA,FACULTAD DE ODONTOLOGÍA,Escolarizado,https://www.dgae.unam.mx/Licenciatura2026/resultados/2/20200145.html,115,3060,2590,112,166,084908,64,,No seleccionado,,Consultar
2,Licenciatura 2026,202,20200145,CIRUJANO DENTISTA,FACULTAD DE ODONTOLOGÍA,Escolarizado,https://www.dgae.unam.mx/Licenciatura2026/resultados/2/20200145.html,115,3060,2590,112,166,084963,,N,No presentado,,Consultar
2,Licenciatura 2026,202,20200145,CIRUJANO DENTISTA,FACULTAD DE ODONTOLOGÍA,Escolarizado,https://www.dgae.unam.mx/Licenciatura2026/resultados/2/20200145.html,115,3060,2590,112,166,084970,61,,No seleccionado,,Consultar
2,Licenciatura 2026,202,20200145,CIRUJANO DENTISTA,FACULTAD DE ODONTOLOGÍA,Escolarizado,https://www.dgae.unam.mx/Licenciatura2026/resultados/2/20200145.html,115,3060,2590,112,166,084975,112,S,Seleccionado,Cita para entregar documentación.,Consultar
2,Licenciatura 2026,202,20200145,CIRUJANO DENTISTA,FACULTAD DE ODONTOLOGÍA,Escolarizado,https://www.dgae.unam.mx/Licenciatura2026/resultados/2/20200145.html,115,3060,2590,112,166,085002,102,,No seleccionado,,Consultar
2,Licenciatura 2026,202,20200145,CIRUJANO DENTISTA,FACULTAD DE ODONTOLOGÍA,Escolarizado,https://www.dgae.unam.mx/Licenciatura2026/resultados/2/20200145.html,115,3060,2590,112,166,085165,36,,No seleccionado,,Consultar
2,Licenciatura 2026,202,20200145,CIRUJANO DENTISTA,FACULTAD DE ODONTOLOGÍA,Escolarizado,https://www.dgae.unam.mx/Licenciatura2026/resultados/2/20200145.html,115,3060,2590,112,166,085176,,N,No presentado,,Consultar
2,Licenciatura 2026,202,20200145,CIRUJANO DENTISTA,FACULTAD DE ODONTOLOGÍA,Escolarizado,https://www.dgae.unam.mx/Licenciatura2026/resultados/2/20200145.html,115,3060,2590,112,166,085212,69,,No seleccionado,,Consultar
2,Licenciatura 2026,202,20200145,CIRUJANO DENTISTA,FACULTAD DE ODONTOLOGÍA,Escolarizado,https://www.dgae.unam.mx/Licenciatura2026/resultados/2/20200145.html,115,3060,2590,112,166,085248,31,,No seleccionado,,Consultar
2,Licenciatura 2026,202,20200145,CIRUJANO DENTISTA,FACULTAD DE ODONTOLOGÍA,Escolarizado,https://www.dgae.unam.mx/Licenciatura2026/resultados/2/20200145.html,115,3060,2590,112,166,085276,37,,No seleccionado,,Consultar
2,Licenciatura 2026,202,20200145,CIRUJANO DENTISTA,FACULTAD DE ODONTOLOGÍA,Escolarizado,https://www.dgae.unam.mx/Licenciatura2026/resultados/2/20200145.html,115,3060,2590,112,166,085299,,N,No presentado,,Consultar
2,Licenciatura 2026,202,20200145,CIRUJANO DENTISTA,FACULTAD DE ODONTOLOGÍA,Escolarizado,https://www.dgae.unam.mx/Licenciatura2026/resultados/2/20200145.html,115,3060,2590,112,166,085332,111,,No seleccionado,,Consultar
2,Licenciatura 2026,202,20200145,CIRUJANO DENTISTA,FACULTAD DE ODONTOLOGÍA,Escolarizado,https://www.dgae.unam.mx/Licenciatura2026/resultados/2/20200145.html,115,3060,2590,112,166,085456,73,,No seleccionado,,Consultar
2,Licenciatura 2026,202,20200145,CIRUJANO DENTISTA,FACULTAD DE ODONTOLOGÍA,Escolarizado,https://www.dgae.unam.mx/Licenciatura2026/resultados/2/20200145.html,115,3060,2590,112,166,085461,69,,No seleccionado,,Consultar
2,Licenciatura 2026,202,20200145,CIRUJANO DENTISTA,FACULTAD DE ODONTOLOGÍA,Escolarizado,https://www.dgae.unam.mx/Licenciatura2026/resultados/2/20200145.html,115,3060,2590,112,166,085575,,C,Cancelado,,Consultar
2,Licenciatura 2026,202,20200145,CIRUJANO DENTISTA,FACULTAD DE ODONTOLOGÍA,Escolarizado,https://www.dgae.unam.mx/Licenciatura2026/resultados/2/20200145.html,115,3060,2590,112,166,085606,91,,No seleccionado,,Consultar
2,Licenciatura 2026,202,20200145,CIRUJANO DENTISTA,FACULTAD DE ODONTOLOGÍA,Escolarizado,https://www.dgae.unam.mx/Licenciatura2026/resultados/2/20200145.html,115,3060,2590,112,166,085608,77,,No seleccionado,,Consultar
2,Licenciatura 2026,202,20200145,CIRUJANO DENTISTA,FACULTAD DE ODONTOLOGÍA,Escolarizado,https://www.dgae.unam.mx/Licenciatura2026/resultados/2/20200145.html,115,3060,2590,112,166,085637,,N,No presentado,,Consultar
2,Licenciatura 2026,202,20200145,CIRUJANO DENTISTA,FACULTAD DE ODONTOLOGÍA,Escolarizado,https://www.dgae.unam.mx/Licenciatura2026/resultados/2/20200145.html,115,3060,2590,112,166,085651,83,,No seleccionado,,Consultar
2,Licenciatura 2026,202,20200145,CIRUJANO DENTISTA,FACULTAD DE ODONTOLOGÍA,Escolarizado,https://www.dgae.unam.mx/Licenciatura2026/resultados/2/20200145.html,115,3060,2590,112,166,085732,,N,No presentado,,Consultar
2,Licenciatura 2026,202,20200145,CIRUJANO DENTISTA,FACULTAD DE ODONTOLOGÍA,Escolarizado,https://www.dgae.unam.mx/Licenciatura2026/resultados/2/20200145.html,115,3060,2590,112,166,085779,83,,No seleccionado,,Consultar
2,Licenciatura 2026,202,20200145,CIRUJANO DENTISTA,FACULTAD DE ODONTOLOGÍA,Escolarizado,https://www.dgae.unam.mx/Licenciatura2026/resultados/2/20200145.html,115,3060,2590,112,166,085815,49,,No seleccionado,,Consultar
2,Licenciatura 2026,202,20200145,CIRUJANO DENTISTA,FACULTAD DE ODONTOLOGÍA,Escolarizado,https://www.dgae.unam.mx/Licenciatura2026/resultados/2/20200145.html,115,3060,2590,112,166,085839,79,,No seleccionado,,Consultar
2,Licenciatura 2026,202,20200145,CIRUJANO DENTISTA,FACULTAD DE ODONTOLOGÍA,Escolarizado,https://www.dgae.unam.mx/Licenciatura2026/resultados/2/20200145.html,115,3060,2590,112,166,085850,61,,No seleccionado,,Consultar
2,Licenciatura 2026,202,20200145,CIRUJANO DENTISTA,FACULTAD DE ODONTOLOGÍA,Escolarizado,https://www.dgae.unam.mx/Licenciatura2026/resultados/2/20200145.html,115,3060,2590,112,166,085855,100,,No seleccionado,,Consultar
2,Licenciatura 2026,202,20200145,CIRUJANO DENTISTA,FACULTAD DE ODONTOLOGÍA,Escolarizado,https://www.dgae.unam.mx/Licenciatura2026/resultados/2/20200145.html,115,3060,2590,112,166,085877,86,,No seleccionado,,Consultar
2,Licenciatura 2026,202,20200145,CIRUJANO DENTISTA,FACULTAD DE ODONTOLOGÍA,Escolarizado,https://www.dgae.unam.mx/Licenciatura2026/resultados/2/20200145.html,115,3060,2590,112,166,085920,51,,No seleccionado,,Consultar
2,Licenciatura 2026,202,20200145,CIRUJANO DENTISTA,FACULTAD DE ODONTOLOGÍA,Escolarizado,https://www.dgae.unam.mx/Licenciatura2026/resultados/2/20200145.html,115,3060,2590,112,166,085921,,N,No presentado,,Consultar
2,Licenciatura 2026,202,20200145,CIRUJANO DENTISTA,FACULTAD DE ODONTOLOGÍA,Escolarizado,https://www.dgae.unam.mx/Licenciatura2026/resultados/2/20200145.html,115,3060,2590,112,166,085960,37,,No seleccionado,,Consultar
2,Licenciatura 2026,202,20200145,CIRUJANO DENTISTA,FACULTAD DE ODONTOLOGÍA,Escolarizado,https://www.dgae.unam.mx/Licenciatura2026/resultados/2/20200145.html,115,3060,2590,112,166,085965,102,,No seleccionado,,Consultar
2,Licenciatura 2026,202,20200145,CIRUJANO DENTISTA,FACULTAD DE ODONTOLOGÍA,Escolarizado,https://www.dgae.unam.mx/Licenciatura2026/resultados/2/20200145.html,115,3060,2590,112,166,085973,48,,No seleccionado,,Consultar
2,Licenciatura 2026,202,20200145,CIRUJANO DENTISTA,FACULTAD DE ODONTOLOGÍA,Escolarizado,https://www.dgae.unam.mx/Licenciatura2026/resultados/2/20200145.html,115,3060,2590,112,166,085976,107,,No seleccionado,,Consultar
2,Licenciatura 2026,202,20200145,CIRUJANO DENTISTA,FACULTAD DE ODONTOLOGÍA,Escolarizado,https://www.dgae.unam.mx/Licenciatura2026/resultados/2/20200145.html,115,3060,2590,112,166,086047,93,,No seleccionado,,Consultar
2,Licenciatura 2026,202,20200145,CIRUJANO DENTISTA,FACULTAD DE ODONTOLOGÍA,Escolarizado,https://www.dgae.unam.mx/Licenciatura2026/resultados/2/20200145.html,115,3060,2590,112,166,086092,111,,No seleccionado,,Consultar
2,Licenciatura 2026,202,20200145,CIRUJANO DENTISTA,FACULTAD DE ODONTOLOGÍA,Escolarizado,https://www.dgae.unam.mx/Licenciatura2026/resultados/2/20200145.html,115,3060,2590,112,166,086116,44,,No seleccionado,,Consultar
2,Licenciatura 2026,202,20200145,CIRUJANO DENTISTA,FACULTAD DE ODONTOLOGÍA,Escolarizado,https://www.dgae.unam.mx/Licenciatura2026/resultados/2/20200145.html,115,3060,2590,112,166,086208,62,,No seleccionado,,Consultar
2,Licenciatura 2026,202,20200145,CIRUJANO DENTISTA,FACULTAD DE ODONTOLOGÍA,Escolarizado,https://www.dgae.unam.mx/Licenciatura2026/resultados/2/20200145.html,115,3060,2590,112,166,086211,38,,No seleccionado,,Consultar
2,Licenciatura 2026,202,20200145,CIRUJANO DENTISTA,FACULTAD DE ODONTOLOGÍA,Escolarizado,https://www.dgae.unam.mx/Licenciatura2026/resultados/2/20200145.html,115,3060,2590,112,166,086218,,N,No presentado,,Consultar
2,Licenciatura 2026,202,20200145,CIRUJANO DENTISTA,FACULTAD DE ODONTOLOGÍA,Escolarizado,https://www.dgae.unam.mx/Licenciatura2026/resultados/2/20200145.html,115,3060,2590,112,166,086348,,N,No presentado,,Consultar
2,Licenciatura 2026,202,20200145,CIRUJANO DENTISTA,FACULTAD DE ODONTOLOGÍA,Escolarizado,https://www.dgae.unam.mx/Licenciatura2026/resultados/2/20200145.html,115,3060,2590,112,166,086389,79,,No seleccionado,,Consultar
2,Licenciatura 2026,202,20200145,CIRUJANO DENTISTA,FACULTAD DE ODONTOLOGÍA,Escolarizado,https://www.dgae.unam.mx/Licenciatura2026/resultados/2/20200145.html,115,3060,2590,112,166,086408,113,S,Seleccionado,Cita para entregar documentación.,Consultar
2,Licenciatura 2026,202,20200145,CIRUJANO DENTISTA,FACULTAD DE ODONTOLOGÍA,Escolarizado,https://www.dgae.unam.mx/Licenciatura2026/resultados/2/20200145.html,115,3060,2590,112,166,086412,99,,No seleccionado,,Consultar
2,Licenciatura 2026,202,20200145,CIRUJANO DENTISTA,FACULTAD DE ODONTOLOGÍA,Escolarizado,https://www.dgae.unam.mx/Licenciatura2026/resultados/2/20200145.html,115,3060,2590,112,166,086418,40,,No seleccionado,,Consultar
2,Licenciatura 2026,202,20200145,CIRUJANO DENTISTA,FACULTAD DE ODONTOLOGÍA,Escolarizado,https://www.dgae.unam.mx/Licenciatura2026/resultados/2/20200145.html,115,3060,2590,112,166,086440,51,,No seleccionado,,Consultar
2,Licenciatura 2026,202,20200145,CIRUJANO DENTISTA,FACULTAD DE ODONTOLOGÍA,Escolarizado,https://www.dgae.unam.mx/Licenciatura2026/resultados/2/20200145.html,115,3060,2590,112,166,086477,80,,No seleccionado,,Consultar
2,Licenciatura 2026,202,20200145,CIRUJANO DENTISTA,FACULTAD DE ODONTOLOGÍA,Escolarizado,https://www.dgae.unam.mx/Licenciatura2026/resultados/2/20200145.html,115,3060,2590,112,166,086480,,N,No presentado,,Consultar
2,Licenciatura 2026,202,20200145,CIRUJANO DENTISTA,FACULTAD DE ODONTOLOGÍA,Escolarizado,https://www.dgae.unam.mx/Licenciatura2026/resultados/2/20200145.html,115,3060,2590,112,166,086488,65,,No seleccionado,,Consultar
2,Licenciatura 2026,202,20200145,CIRUJANO DENTISTA,FACULTAD DE ODONTOLOGÍA,Escolarizado,https://www.dgae.unam.mx/Licenciatura2026/resultados/2/20200145.html,115,3060,2590,112,166,086527,41,,No seleccionado,,Consultar
2,Licenciatura 2026,202,20200145,CIRUJANO DENTISTA,FACULTAD DE ODONTOLOGÍA,Escolarizado,https://www.dgae.unam.mx/Licenciatura2026/resultados/2/20200145.html,115,3060,2590,112,166,086557,58,,No seleccionado,,Consultar
2,Licenciatura 2026,202,20200145,CIRUJANO DENTISTA,FACULTAD DE ODONTOLOGÍA,Escolarizado,https://www.dgae.unam.mx/Licenciatura2026/resultados/2/20200145.html,115,3060,2590,112,166,086607,44,,No seleccionado,,Consultar
2,Licenciatura 2026,202,20200145,CIRUJANO DENTISTA,FACULTAD DE ODONTOLOGÍA,Escolarizado,https://www.dgae.unam.mx/Licenciatura2026/resultados/2/20200145.html,115,3060,2590,112,166,086647,110,,No seleccionado,,Consultar
2,Licenciatura 2026,202,20200145,CIRUJANO DENTISTA,FACULTAD DE ODONTOLOGÍA,Escolarizado,https://www.dgae.unam.mx/Licenciatura2026/resultados/2/20200145.html,115,3060,2590,112,166,086674,92,,No seleccionado,,Consultar
2,Licenciatura 2026,202,20200145,CIRUJANO DENTISTA,FACULTAD DE ODONTOLOGÍA,Escolarizado,https://www.dgae.unam.mx/Licenciatura2026/resultados/2/20200145.html,115,3060,2590,112,166,086695,104,,No seleccionado,,Consultar
2,Licenciatura 2026,202,20200145,CIRUJANO DENTISTA,FACULTAD DE ODONTOLOGÍA,Escolarizado,https://www.dgae.unam.mx/Licenciatura2026/resultados/2/20200145.html,115,3060,2590,112,166,086706,,N,No presentado,,Consultar
2,Licenciatura 2026,202,20200145,CIRUJANO DENTISTA,FACULTAD DE ODONTOLOGÍA,Escolarizado,https://www.dgae.unam.mx/Licenciatura2026/resultados/2/20200145.html,115,3060,2590,112,166,086708,105,,No seleccionado,,Consultar
2,Licenciatura 2026,202,20200145,CIRUJANO DENTISTA,FACULTAD DE ODONTOLOGÍA,Escolarizado,https://www.dgae.unam.mx/Licenciatura2026/resultados/2/20200145.html,115,3060,2590,112,166,086711,99,,No seleccionado,,Consultar
2,Licenciatura 2026,202,20200145,CIRUJANO DENTISTA,FACULTAD DE ODONTOLOGÍA,Escolarizado,https://www.dgae.unam.mx/Licenciatura2026/resultados/2/20200145.html,115,3060,2590,112,166,086718,,N,No presentado,,Consultar
2,Licenciatura 2026,202,20200145,CIRUJANO DENTISTA,FACULTAD DE ODONTOLOGÍA,Escolarizado,https://www.dgae.unam.mx/Licenciatura2026/resultados/2/20200145.html,115,3060,2590,112,166,086761,52,,No seleccionado,,Consultar
2,Licenciatura 2026,202,20200145,CIRUJANO DENTISTA,FACULTAD DE ODONTOLOGÍA,Escolarizado,https://www.dgae.unam.mx/Licenciatura2026/resultados/2/20200145.html,115,3060,2590,112,166,086763,100,,No seleccionado,,Consultar
2,Licenciatura 2026,202,20200145,CIRUJANO DENTISTA,FACULTAD DE ODONTOLOGÍA,Escolarizado,https://www.dgae.unam.mx/Licenciatura2026/resultados/2/20200145.html,115,3060,2590,112,166,086785,83,,No seleccionado,,Consultar
2,Licenciatura 2026,202,20200145,CIRUJANO DENTISTA,FACULTAD DE ODONTOLOGÍA,Escolarizado,https://www.dgae.unam.mx/Licenciatura2026/resultados/2/20200145.html,115,3060,2590,112,166,086788,59,,No seleccionado,,Consultar
2,Licenciatura 2026,202,20200145,CIRUJANO DENTISTA,FACULTAD DE ODONTOLOGÍA,Escolarizado,https://www.dgae.unam.mx/Licenciatura2026/resultados/2/20200145.html,115,3060,2590,112,166,086791,86,,No seleccionado,,Consultar
2,Licenciatura 2026,202,20200145,CIRUJANO DENTISTA,FACULTAD DE ODONTOLOGÍA,Escolarizado,https://www.dgae.unam.mx/Licenciatura2026/resultados/2/20200145.html,115,3060,2590,112,166,086796,35,,No seleccionado,,Consultar
2,Licenciatura 2026,202,20200145,CIRUJANO DENTISTA,FACULTAD DE ODONTOLOGÍA,Escolarizado,https://www.dgae.unam.mx/Licenciatura2026/resultados/2/20200145.html,115,3060,2590,112,166,086890,78,,No seleccionado,,Consultar
2,Licenciatura 2026,202,20200145,CIRUJANO DENTISTA,FACULTAD DE ODONTOLOGÍA,Escolarizado,https://www.dgae.unam.mx/Licenciatura2026/resultados/2/20200145.html,115,3060,2590,112,166,086895,74,,No seleccionado,,Consultar
2,Licenciatura 2026,202,20200145,CIRUJANO DENTISTA,FACULTAD DE ODONTOLOGÍA,Escolarizado,https://www.dgae.unam.mx/Licenciatura2026/resultados/2/20200145.html,115,3060,2590,112,166,086933,,N,No presentado,,Consultar
2,Licenciatura 2026,202,20200145,CIRUJANO DENTISTA,FACULTAD DE ODONTOLOGÍA,Escolarizado,https://www.dgae.unam.mx/Licenciatura2026/resultados/2/20200145.html,115,3060,2590,112,166,086951,55,,No seleccionado,,Consultar
2,Licenciatura 2026,202,20200145,CIRUJANO DENTISTA,FACULTAD DE ODONTOLOGÍA,Escolarizado,https://www.dgae.unam.mx/Licenciatura2026/resultados/2/20200145.html,115,3060,2590,112,166,086962,,C,Cancelado,,Consultar
2,Licenciatura 2026,202,20200145,CIRUJANO DENTISTA,FACULTAD DE ODONTOLOGÍA,Escolarizado,https://www.dgae.unam.mx/Licenciatura2026/resultados/2/20200145.html,115,3060,2590,112,166,086993,89,,No seleccionado,,Consultar
2,Licenciatura 2026,202,20200145,CIRUJANO DENTISTA,FACULTAD DE ODONTOLOGÍA,Escolarizado,https://www.dgae.unam.mx/Licenciatura2026/resultados/2/20200145.html,115,3060,2590,112,166,087001,35,,No seleccionado,,Consultar
2,Licenciatura 2026,202,20200145,CIRUJANO DENTISTA,FACULTAD DE ODONTOLOGÍA,Escolarizado,https://www.dgae.unam.mx/Licenciatura2026/resultados/2/20200145.html,115,3060,2590,112,166,087011,38,,No seleccionado,,Consultar
2,Licenciatura 2026,202,20200145,CIRUJANO DENTISTA,FACULTAD DE ODONTOLOGÍA,Escolarizado,https://www.dgae.unam.mx/Licenciatura2026/resultados/2/20200145.html,115,3060,2590,112,166,087027,,C,Cancelado,,Consultar
2,Licenciatura 2026,202,20200145,CIRUJANO DENTISTA,FACULTAD DE ODONTOLOGÍA,Escolarizado,https://www.dgae.unam.mx/Licenciatura2026/resultados/2/20200145.html,115,3060,2590,112,166,087080,,C,Cancelado,,Consultar
2,Licenciatura 2026,202,20200145,CIRUJANO DENTISTA,FACULTAD DE ODONTOLOGÍA,Escolarizado,https://www.dgae.unam.mx/Licenciatura2026/resultados/2/20200145.html,115,3060,2590,112,166,087090,73,,No seleccionado,,Consultar
2,Licenciatura 2026,202,20200145,CIRUJANO DENTISTA,FACULTAD DE ODONTOLOGÍA,Escolarizado,https://www.dgae.unam.mx/Licenciatura2026/resultados/2/20200145.html,115,3060,2590,112,166,087094,104,,No seleccionado,,Consultar
2,Licenciatura 2026,202,20200145,CIRUJANO DENTISTA,FACULTAD DE ODONTOLOGÍA,Escolarizado,https://www.dgae.unam.mx/Licenciatura2026/resultados/2/20200145.html,115,3060,2590,112,166,087118,73,,No seleccionado,,Consultar
2,Licenciatura 2026,202,20200145,CIRUJANO DENTISTA,FACULTAD DE ODONTOLOGÍA,Escolarizado,https://www.dgae.unam.mx/Licenciatura2026/resultados/2/20200145.html,115,3060,2590,112,166,087133,106,,No seleccionado,,Consultar
2,Licenciatura 2026,202,20200145,CIRUJANO DENTISTA,FACULTAD DE ODONTOLOGÍA,Escolarizado,https://www.dgae.unam.mx/Licenciatura2026/resultados/2/20200145.html,115,3060,2590,112,166,087160,46,,No seleccionado,,Consultar
2,Licenciatura 2026,202,20200145,CIRUJANO DENTISTA,FACULTAD DE ODONTOLOGÍA,Escolarizado,https://www.dgae.unam.mx/Licenciatura2026/resultados/2/20200145.html,115,3060,2590,112,166,087241,58,,No seleccionado,,Consultar
2,Licenciatura 2026,202,20200145,CIRUJANO DENTISTA,FACULTAD DE ODONTOLOGÍA,Escolarizado,https://www.dgae.unam.mx/Licenciatura2026/resultados/2/20200145.html,115,3060,2590,112,166,087330,87,,No seleccionado,,Consultar
2,Licenciatura 2026,202,20200145,CIRUJANO DENTISTA,FACULTAD DE ODONTOLOGÍA,Escolarizado,https://www.dgae.unam.mx/Licenciatura2026/resultados/2/20200145.html,115,3060,2590,112,166,087338,101,,No seleccionado,,Consultar
2,Licenciatura 2026,202,20200145,CIRUJANO DENTISTA,FACULTAD DE ODONTOLOGÍA,Escolarizado,https://www.dgae.unam.mx/Licenciatura2026/resultados/2/20200145.html,115,3060,2590,112,166,087346,,C,Cancelado,,Consultar
2,Licenciatura 2026,202,20200145,CIRUJANO DENTISTA,FACULTAD DE ODONTOLOGÍA,Escolarizado,https://www.dgae.unam.mx/Licenciatura2026/resultados/2/20200145.html,115,3060,2590,112,166,087423,109,,No seleccionado,,Consultar
2,Licenciatura 2026,202,20200145,CIRUJANO DENTISTA,FACULTAD DE ODONTOLOGÍA,Escolarizado,https://www.dgae.unam.mx/Licenciatura2026/resultados/2/20200145.html,115,3060,2590,112,166,087456,112,S,Seleccionado,Cita para entregar documentación.,Consultar
2,Licenciatura 2026,202,20200145,CIRUJANO DENTISTA,FACULTAD DE ODONTOLOGÍA,Escolarizado,https://www.dgae.unam.mx/Licenciatura2026/resultados/2/20200145.html,115,3060,2590,112,166,087559,34,,No seleccionado,,Consultar
2,Licenciatura 2026,202,20200145,CIRUJANO DENTISTA,FACULTAD DE ODONTOLOGÍA,Escolarizado,https://www.dgae.unam.mx/Licenciatura2026/resultados/2/20200145.html,115,3060,2590,112,166,087574,89,,No seleccionado,,Consultar
2,Licenciatura 2026,202,20200145,CIRUJANO DENTISTA,FACULTAD DE ODONTOLOGÍA,Escolarizado,https://www.dgae.unam.mx/Licenciatura2026/resultados/2/20200145.html,115,3060,2590,112,166,087575,32,,No seleccionado,,Consultar
2,Licenciatura 2026,202,20200145,CIRUJANO DENTISTA,FACULTAD DE ODONTOLOGÍA,Escolarizado,https://www.dgae.unam.mx/Licenciatura2026/resultados/2/20200145.html,115,3060,2590,112,166,087594,41,,No seleccionado,,Consultar
2,Licenciatura 2026,202,20200145,CIRUJANO DENTISTA,FACULTAD DE ODONTOLOGÍA,Escolarizado,https://www.dgae.unam.mx/Licenciatura2026/resultados/2/20200145.html,115,3060,2590,112,166,087606,100,,No seleccionado,,Consultar
2,Licenciatura 2026,202,20200145,CIRUJANO DENTISTA,FACULTAD DE ODONTOLOGÍA,Escolarizado,https://www.dgae.unam.mx/Licenciatura2026/resultados/2/20200145.html,115,3060,2590,112,166,087680,68,,No seleccionado,,Consultar
2,Licenciatura 2026,202,20200145,CIRUJANO DENTISTA,FACULTAD DE ODONTOLOGÍA,Escolarizado,https://www.dgae.unam.mx/Licenciatura2026/resultados/2/20200145.html,115,3060,2590,112,166,087683,81,,No seleccionado,,Consultar
2,Licenciatura 2026,202,20200145,CIRUJANO DENTISTA,FACULTAD DE ODONTOLOGÍA,Escolarizado,https://www.dgae.unam.mx/Licenciatura2026/resultados/2/20200145.html,115,3060,2590,112,166,087696,35,,No seleccionado,,Consultar
2,Licenciatura 2026,202,20200145,CIRUJANO DENTISTA,FACULTAD DE ODONTOLOGÍA,Escolarizado,https://www.dgae.unam.mx/Licenciatura2026/resultados/2/20200145.html,115,3060,2590,112,166,087700,88,,No seleccionado,,Consultar
2,Licenciatura 2026,202,20200145,CIRUJANO DENTISTA,FACULTAD DE ODONTOLOGÍA,Escolarizado,https://www.dgae.unam.mx/Licenciatura2026/resultados/2/20200145.html,115,3060,2590,112,166,087709,113,S,Seleccionado,Cita para entregar documentación.,Consultar
2,Licenciatura 2026,202,20200145,CIRUJANO DENTISTA,FACULTAD DE ODONTOLOGÍA,Escolarizado,https://www.dgae.unam.mx/Licenciatura2026/resultados/2/20200145.html,115,3060,2590,112,166,087765,112,S,Seleccionado,Cita para entregar documentación.,Consultar
2,Licenciatura 2026,202,20200145,CIRUJANO DENTISTA,FACULTAD DE ODONTOLOGÍA,Escolarizado,https://www.dgae.unam.mx/Licenciatura2026/resultados/2/20200145.html,115,3060,2590,112,166,087793,77,,No seleccionado,,Consultar
2,Licenciatura 2026,202,20200145,CIRUJANO DENTISTA,FACULTAD DE ODONTOLOGÍA,Escolarizado,https://www.dgae.unam.mx/Licenciatura2026/resultados/2/20200145.html,115,3060,2590,112,166,087839,2,,No seleccionado,,Consultar
2,Licenciatura 2026,202,20200145,CIRUJANO DENTISTA,FACULTAD DE ODONTOLOGÍA,Escolarizado,https://www.dgae.unam.mx/Licenciatura2026/resultados/2/20200145.html,115,3060,2590,112,166,087874,68,,No seleccionado,,Consultar
2,Licenciatura 2026,202,20200145,CIRUJANO DENTISTA,FACULTAD DE ODONTOLOGÍA,Escolarizado,https://www.dgae.unam.mx/Licenciatura2026/resultados/2/20200145.html,115,3060,2590,112,166,087887,84,,No seleccionado,,Consultar
2,Licenciatura 2026,202,20200145,CIRUJANO DENTISTA,FACULTAD DE ODONTOLOGÍA,Escolarizado,https://www.dgae.unam.mx/Licenciatura2026/resultados/2/20200145.html,115,3060,2590,112,166,087913,45,,No seleccionado,,Consultar
2,Licenciatura 2026,202,20200145,CIRUJANO DENTISTA,FACULTAD DE ODONTOLOGÍA,Escolarizado,https://www.dgae.unam.mx/Licenciatura2026/resultados/2/20200145.html,115,3060,2590,112,166,088052,,N,No presentado,,Consultar
2,Licenciatura 2026,202,20200145,CIRUJANO DENTISTA,FACULTAD DE ODONTOLOGÍA,Escolarizado,https://www.dgae.unam.mx/Licenciatura2026/resultados/2/20200145.html,115,3060,2590,112,166,088057,105,,No seleccionado,,Consultar
2,Licenciatura 2026,202,20200145,CIRUJANO DENTISTA,FACULTAD DE ODONTOLOGÍA,Escolarizado,https://www.dgae.unam.mx/Licenciatura2026/resultados/2/20200145.html,115,3060,2590,112,166,088085,115,S,Seleccionado,Cita para entregar documentación.,Consultar
2,Licenciatura 2026,202,20200145,CIRUJANO DENTISTA,FACULTAD DE ODONTOLOGÍA,Escolarizado,https://www.dgae.unam.mx/Licenciatura2026/resultados/2/20200145.html,115,3060,2590,112,166,088121,85,,No seleccionado,,Consultar
2,Licenciatura 2026,202,20200145,CIRUJANO DENTISTA,FACULTAD DE ODONTOLOGÍA,Escolarizado,https://www.dgae.unam.mx/Licenciatura2026/resultados/2/20200145.html,115,3060,2590,112,166,088153,90,,No seleccionado,,Consultar
2,Licenciatura 2026,202,20200145,CIRUJANO DENTISTA,FACULTAD DE ODONTOLOGÍA,Escolarizado,https://www.dgae.unam.mx/Licenciatura2026/resultados/2/20200145.html,115,3060,2590,112,166,088179,49,,No seleccionado,,Consultar
2,Licenciatura 2026,202,20200145,CIRUJANO DENTISTA,FACULTAD DE ODONTOLOGÍA,Escolarizado,https://www.dgae.unam.mx/Licenciatura2026/resultados/2/20200145.html,115,3060,2590,112,166,088189,112,S,Seleccionado,,Consultar
2,Licenciatura 2026,202,20200145,CIRUJANO DENTISTA,FACULTAD DE ODONTOLOGÍA,Escolarizado,https://www.dgae.unam.mx/Licenciatura2026/resultados/2/20200145.html,115,3060,2590,112,166,088246,101,,No seleccionado,,Consultar
2,Licenciatura 2026,202,20200145,CIRUJANO DENTISTA,FACULTAD DE ODONTOLOGÍA,Escolarizado,https://www.dgae.unam.mx/Licenciatura2026/resultados/2/20200145.html,115,3060,2590,112,166,088269,94,,No seleccionado,,Consultar
2,Licenciatura 2026,202,20200145,CIRUJANO DENTISTA,FACULTAD DE ODONTOLOGÍA,Escolarizado,https://www.dgae.unam.mx/Licenciatura2026/resultados/2/20200145.html,115,3060,2590,112,166,088277,49,,No seleccionado,,Consultar
2,Licenciatura 2026,202,20200145,CIRUJANO DENTISTA,FACULTAD DE ODONTOLOGÍA,Escolarizado,https://www.dgae.unam.mx/Licenciatura2026/resultados/2/20200145.html,115,3060,2590,112,166,088283,,C,Cancelado,,Consultar
2,Licenciatura 2026,202,20200145,CIRUJANO DENTISTA,FACULTAD DE ODONTOLOGÍA,Escolarizado,https://www.dgae.unam.mx/Licenciatura2026/resultados/2/20200145.html,115,3060,2590,112,166,088284,83,,No seleccionado,,Consultar
2,Licenciatura 2026,202,20200145,CIRUJANO DENTISTA,FACULTAD DE ODONTOLOGÍA,Escolarizado,https://www.dgae.unam.mx/Licenciatura2026/resultados/2/20200145.html,115,3060,2590,112,166,088307,76,,No seleccionado,,Consultar
2,Licenciatura 2026,202,20200145,CIRUJANO DENTISTA,FACULTAD DE ODONTOLOGÍA,Escolarizado,https://www.dgae.unam.mx/Licenciatura2026/resultados/2/20200145.html,115,3060,2590,112,166,088311,39,,No seleccionado,,Consultar
2,Licenciatura 2026,202,20200145,CIRUJANO DENTISTA,FACULTAD DE ODONTOLOGÍA,Escolarizado,https://www.dgae.unam.mx/Licenciatura2026/resultados/2/20200145.html,115,3060,2590,112,166,088367,102,,No seleccionado,,Consultar
2,Licenciatura 2026,202,20200145,CIRUJANO DENTISTA,FACULTAD DE ODONTOLOGÍA,Escolarizado,https://www.dgae.unam.mx/Licenciatura2026/resultados/2/20200145.html,115,3060,2590,112,166,088407,64,,No seleccionado,,Consultar
2,Licenciatura 2026,202,20200145,CIRUJANO DENTISTA,FACULTAD DE ODONTOLOGÍA,Escolarizado,https://www.dgae.unam.mx/Licenciatura2026/resultados/2/20200145.html,115,3060,2590,112,166,088411,108,,No seleccionado,,Consultar
2,Licenciatura 2026,202,20200145,CIRUJANO DENTISTA,FACULTAD DE ODONTOLOGÍA,Escolarizado,https://www.dgae.unam.mx/Licenciatura2026/resultados/2/20200145.html,115,3060,2590,112,166,088414,68,,No seleccionado,,Consultar
2,Licenciatura 2026,202,20200145,CIRUJANO DENTISTA,FACULTAD DE ODONTOLOGÍA,Escolarizado,https://www.dgae.unam.mx/Licenciatura2026/resultados/2/20200145.html,115,3060,2590,112,166,088417,107,,No seleccionado,,Consultar
2,Licenciatura 2026,202,20200145,CIRUJANO DENTISTA,FACULTAD DE ODONTOLOGÍA,Escolarizado,https://www.dgae.unam.mx/Licenciatura2026/resultados/2/20200145.html,115,3060,2590,112,166,088432,,N,No presentado,,Consultar
2,Licenciatura 2026,202,20200145,CIRUJANO DENTISTA,FACULTAD DE ODONTOLOGÍA,Escolarizado,https://www.dgae.unam.mx/Licenciatura2026/resultados/2/20200145.html,115,3060,2590,112,166,088435,105,,No seleccionado,,Consultar
2,Licenciatura 2026,202,20200145,CIRUJANO DENTISTA,FACULTAD DE ODONTOLOGÍA,Escolarizado,https://www.dgae.unam.mx/Licenciatura2026/resultados/2/20200145.html,115,3060,2590,112,166,088468,94,,No seleccionado,,Consultar
2,Licenciatura 2026,202,20200145,CIRUJANO DENTISTA,FACULTAD DE ODONTOLOGÍA,Escolarizado,https://www.dgae.unam.mx/Licenciatura2026/resultados/2/20200145.html,115,3060,2590,112,166,088518,,N,No presentado,,Consultar
2,Licenciatura 2026,202,20200145,CIRUJANO DENTISTA,FACULTAD DE ODONTOLOGÍA,Escolarizado,https://www.dgae.unam.mx/Licenciatura2026/resultados/2/20200145.html,115,3060,2590,112,166,088535,69,,No seleccionado,,Consultar
2,Licenciatura 2026,202,20200145,CIRUJANO DENTISTA,FACULTAD DE ODONTOLOGÍA,Escolarizado,https://www.dgae.unam.mx/Licenciatura2026/resultados/2/20200145.html,115,3060,2590,112,166,088554,98,,No seleccionado,,Consultar
2,Licenciatura 2026,202,20200145,CIRUJANO DENTISTA,FACULTAD DE ODONTOLOGÍA,Escolarizado,https://www.dgae.unam.mx/Licenciatura2026/resultados/2/20200145.html,115,3060,2590,112,166,088587,,N,No presentado,,Consultar
2,Licenciatura 2026,202,20200145,CIRUJANO DENTISTA,FACULTAD DE ODONTOLOGÍA,Escolarizado,https://www.dgae.unam.mx/Licenciatura2026/resultados/2/20200145.html,115,3060,2590,112,166,088595,49,,No seleccionado,,Consultar
2,Licenciatura 2026,202,20200145,CIRUJANO DENTISTA,FACULTAD DE ODONTOLOGÍA,Escolarizado,https://www.dgae.unam.mx/Licenciatura2026/resultados/2/20200145.html,115,3060,2590,112,166,088607,38,,No seleccionado,,Consultar
2,Licenciatura 2026,202,20200145,CIRUJANO DENTISTA,FACULTAD DE ODONTOLOGÍA,Escolarizado,https://www.dgae.unam.mx/Licenciatura2026/resultados/2/20200145.html,115,3060,2590,112,166,088632,79,,No seleccionado,,Consultar
2,Licenciatura 2026,202,20200145,CIRUJANO DENTISTA,FACULTAD DE ODONTOLOGÍA,Escolarizado,https://www.dgae.unam.mx/Licenciatura2026/resultados/2/20200145.html,115,3060,2590,112,166,088639,92,,No seleccionado,,Consultar
2,Licenciatura 2026,202,20200145,CIRUJANO DENTISTA,FACULTAD DE ODONTOLOGÍA,Escolarizado,https://www.dgae.unam.mx/Licenciatura2026/resultados/2/20200145.html,115,3060,2590,112,166,088655,,N,No presentado,,Consultar
2,Licenciatura 2026,202,20200145,CIRUJANO DENTISTA,FACULTAD DE ODONTOLOGÍA,Escolarizado,https://www.dgae.unam.mx/Licenciatura2026/resultados/2/20200145.html,115,3060,2590,112,166,088684,82,,No seleccionado,,Consultar
2,Licenciatura 2026,202,20200145,CIRUJANO DENTISTA,FACULTAD DE ODONTOLOGÍA,Escolarizado,https://www.dgae.unam.mx/Licenciatura2026/resultados/2/20200145.html,115,3060,2590,112,166,088691,42,,No seleccionado,,Consultar
2,Licenciatura 2026,202,20200145,CIRUJANO DENTISTA,FACULTAD DE ODONTOLOGÍA,Escolarizado,https://www.dgae.unam.mx/Licenciatura2026/resultados/2/20200145.html,115,3060,2590,112,166,088702,,N,No presentado,,Consultar
2,Licenciatura 2026,202,20200145,CIRUJANO DENTISTA,FACULTAD DE ODONTOLOGÍA,Escolarizado,https://www.dgae.unam.mx/Licenciatura2026/resultados/2/20200145.html,115,3060,2590,112,166,088724,60,,No seleccionado,,Consultar
2,Licenciatura 2026,202,20200145,CIRUJANO DENTISTA,FACULTAD DE ODONTOLOGÍA,Escolarizado,https://www.dgae.unam.mx/Licenciatura2026/resultados/2/20200145.html,115,3060,2590,112,166,088728,,N,No presentado,,Consultar
2,Licenciatura 2026,202,20200145,CIRUJANO DENTISTA,FACULTAD DE ODONTOLOGÍA,Escolarizado,https://www.dgae.unam.mx/Licenciatura2026/resultados/2/20200145.html,115,3060,2590,112,166,088774,50,,No seleccionado,,Consultar
2,Licenciatura 2026,202,20200145,CIRUJANO DENTISTA,FACULTAD DE ODONTOLOGÍA,Escolarizado,https://www.dgae.unam.mx/Licenciatura2026/resultados/2/20200145.html,115,3060,2590,112,166,088808,103,,No seleccionado,,Consultar
2,Licenciatura 2026,202,20200145,CIRUJANO DENTISTA,FACULTAD DE ODONTOLOGÍA,Escolarizado,https://www.dgae.unam.mx/Licenciatura2026/resultados/2/20200145.html,115,3060,2590,112,166,088811,77,,No seleccionado,,Consultar
2,Licenciatura 2026,202,20200145,CIRUJANO DENTISTA,FACULTAD DE ODONTOLOGÍA,Escolarizado,https://www.dgae.unam.mx/Licenciatura2026/resultados/2/20200145.html,115,3060,2590,112,166,088829,,N,No presentado,,Consultar
2,Licenciatura 2026,202,20200145,CIRUJANO DENTISTA,FACULTAD DE ODONTOLOGÍA,Escolarizado,https://www.dgae.unam.mx/Licenciatura2026/resultados/2/20200145.html,115,3060,2590,112,166,088890,43,,No seleccionado,,Consultar
2,Licenciatura 2026,202,20200145,CIRUJANO DENTISTA,FACULTAD DE ODONTOLOGÍA,Escolarizado,https://www.dgae.unam.mx/Licenciatura2026/resultados/2/20200145.html,115,3060,2590,112,166,088945,,N,No presentado,,Consultar
2,Licenciatura 2026,202,20200145,CIRUJANO DENTISTA,FACULTAD DE ODONTOLOGÍA,Escolarizado,https://www.dgae.unam.mx/Licenciatura2026/resultados/2/20200145.html,115,3060,2590,112,166,089000,62,,No seleccionado,,Consultar
2,Licenciatura 2026,202,20200145,CIRUJANO DENTISTA,FACULTAD DE ODONTOLOGÍA,Escolarizado,https://www.dgae.unam.mx/Licenciatura2026/resultados/2/20200145.html,115,3060,2590,112,166,089015,35,,No seleccionado,,Consultar
2,Licenciatura 2026,202,20200145,CIRUJANO DENTISTA,FACULTAD DE ODONTOLOGÍA,Escolarizado,https://www.dgae.unam.mx/Licenciatura2026/resultados/2/20200145.html,115,3060,2590,112,166,089111,101,,No seleccionado,,Consultar
2,Licenciatura 2026,202,20200145,CIRUJANO DENTISTA,FACULTAD DE ODONTOLOGÍA,Escolarizado,https://www.dgae.unam.mx/Licenciatura2026/resultados/2/20200145.html,115,3060,2590,112,166,089121,54,,No seleccionado,,Consultar
2,Licenciatura 2026,202,20200145,CIRUJANO DENTISTA,FACULTAD DE ODONTOLOGÍA,Escolarizado,https://www.dgae.unam.mx/Licenciatura2026/resultados/2/20200145.html,115,3060,2590,112,166,089130,50,,No seleccionado,,Consultar
2,Licenciatura 2026,202,20200145,CIRUJANO DENTISTA,FACULTAD DE ODONTOLOGÍA,Escolarizado,https://www.dgae.unam.mx/Licenciatura2026/resultados/2/20200145.html,115,3060,2590,112,166,089135,,N,No presentado,,Consultar
2,Licenciatura 2026,202,20200145,CIRUJANO DENTISTA,FACULTAD DE ODONTOLOGÍA,Escolarizado,https://www.dgae.unam.mx/Licenciatura2026/resultados/2/20200145.html,115,3060,2590,112,166,089191,38,,No seleccionado,,Consultar
2,Licenciatura 2026,202,20200145,CIRUJANO DENTISTA,FACULTAD DE ODONTOLOGÍA,Escolarizado,https://www.dgae.unam.mx/Licenciatura2026/resultados/2/20200145.html,115,3060,2590,112,166,089193,86,,No seleccionado,,Consultar
2,Licenciatura 2026,202,20200145,CIRUJANO DENTISTA,FACULTAD DE ODONTOLOGÍA,Escolarizado,https://www.dgae.unam.mx/Licenciatura2026/resultados/2/20200145.html,115,3060,2590,112,166,089221,34,,No seleccionado,,Consultar
2,Licenciatura 2026,202,20200145,CIRUJANO DENTISTA,FACULTAD DE ODONTOLOGÍA,Escolarizado,https://www.dgae.unam.mx/Licenciatura2026/resultados/2/20200145.html,115,3060,2590,112,166,089229,26,,No seleccionado,,Consultar
2,Licenciatura 2026,202,20200145,CIRUJANO DENTISTA,FACULTAD DE ODONTOLOGÍA,Escolarizado,https://www.dgae.unam.mx/Licenciatura2026/resultados/2/20200145.html,115,3060,2590,112,166,089251,93,,No seleccionado,,Consultar
2,Licenciatura 2026,202,20200145,CIRUJANO DENTISTA,FACULTAD DE ODONTOLOGÍA,Escolarizado,https://www.dgae.unam.mx/Licenciatura2026/resultados/2/20200145.html,115,3060,2590,112,166,089260,66,,No seleccionado,,Consultar
2,Licenciatura 2026,202,20200145,CIRUJANO DENTISTA,FACULTAD DE ODONTOLOGÍA,Escolarizado,https://www.dgae.unam.mx/Licenciatura2026/resultados/2/20200145.html,115,3060,2590,112,166,089307,,C,Cancelado,,Consultar
2,Licenciatura 2026,202,20200145,CIRUJANO DENTISTA,FACULTAD DE ODONTOLOGÍA,Escolarizado,https://www.dgae.unam.mx/Licenciatura2026/resultados/2/20200145.html,115,3060,2590,112,166,089325,106,,No seleccionado,,Consultar
2,Licenciatura 2026,202,20200145,CIRUJANO DENTISTA,FACULTAD DE ODONTOLOGÍA,Escolarizado,https://www.dgae.unam.mx/Licenciatura2026/resultados/2/20200145.html,115,3060,2590,112,166,089461,82,,No seleccionado,,Consultar
2,Licenciatura 2026,202,20200145,CIRUJANO DENTISTA,FACULTAD DE ODONTOLOGÍA,Escolarizado,https://www.dgae.unam.mx/Licenciatura2026/resultados/2/20200145.html,115,3060,2590,112,166,089482,33,,No seleccionado,,Consultar
2,Licenciatura 2026,202,20200145,CIRUJANO DENTISTA,FACULTAD DE ODONTOLOGÍA,Escolarizado,https://www.dgae.unam.mx/Licenciatura2026/resultados/2/20200145.html,115,3060,2590,112,166,089487,45,,No seleccionado,,Consultar
2,Licenciatura 2026,202,20200145,CIRUJANO DENTISTA,FACULTAD DE ODONTOLOGÍA,Escolarizado,https://www.dgae.unam.mx/Licenciatura2026/resultados/2/20200145.html,115,3060,2590,112,166,089500,28,,No seleccionado,,Consultar
2,Licenciatura 2026,202,20200145,CIRUJANO DENTISTA,FACULTAD DE ODONTOLOGÍA,Escolarizado,https://www.dgae.unam.mx/Licenciatura2026/resultados/2/20200145.html,115,3060,2590,112,166,089532,44,,No seleccionado,,Consultar
2,Licenciatura 2026,202,20200145,CIRUJANO DENTISTA,FACULTAD DE ODONTOLOGÍA,Escolarizado,https://www.dgae.unam.mx/Licenciatura2026/resultados/2/20200145.html,115,3060,2590,112,166,089627,51,,No seleccionado,,Consultar
2,Licenciatura 2026,202,20200145,CIRUJANO DENTISTA,FACULTAD DE ODONTOLOGÍA,Escolarizado,https://www.dgae.unam.mx/Licenciatura2026/resultados/2/20200145.html,115,3060,2590,112,166,089632,52,,No seleccionado,,Consultar
2,Licenciatura 2026,202,20200145,CIRUJANO DENTISTA,FACULTAD DE ODONTOLOGÍA,Escolarizado,https://www.dgae.unam.mx/Licenciatura2026/resultados/2/20200145.html,115,3060,2590,112,166,089735,,N,No presentado,,Consultar
2,Licenciatura 2026,202,20200145,CIRUJANO DENTISTA,FACULTAD DE ODONTOLOGÍA,Escolarizado,https://www.dgae.unam.mx/Licenciatura2026/resultados/2/20200145.html,115,3060,2590,112,166,089748,47,,No seleccionado,,Consultar
2,Licenciatura 2026,202,20200145,CIRUJANO DENTISTA,FACULTAD DE ODONTOLOGÍA,Escolarizado,https://www.dgae.unam.mx/Licenciatura2026/resultados/2/20200145.html,115,3060,2590,112,166,089787,37,,No seleccionado,,Consultar
2,Licenciatura 2026,202,20200145,CIRUJANO DENTISTA,FACULTAD DE ODONTOLOGÍA,Escolarizado,https://www.dgae.unam.mx/Licenciatura2026/resultados/2/20200145.html,115,3060,2590,112,166,089838,111,,No seleccionado,,Consultar
2,Licenciatura 2026,202,20200145,CIRUJANO DENTISTA,FACULTAD DE ODONTOLOGÍA,Escolarizado,https://www.dgae.unam.mx/Licenciatura2026/resultados/2/20200145.html,115,3060,2590,112,166,089842,49,,No seleccionado,,Consultar
2,Licenciatura 2026,202,20200145,CIRUJANO DENTISTA,FACULTAD DE ODONTOLOGÍA,Escolarizado,https://www.dgae.unam.mx/Licenciatura2026/resultados/2/20200145.html,115,3060,2590,112,166,089867,43,,No seleccionado,,Consultar
2,Licenciatura 2026,202,20200145,CIRUJANO DENTISTA,FACULTAD DE ODONTOLOGÍA,Escolarizado,https://www.dgae.unam.mx/Licenciatura2026/resultados/2/20200145.html,115,3060,2590,112,166,089903,79,,No seleccionado,,Consultar
2,Licenciatura 2026,202,20200145,CIRUJANO DENTISTA,FACULTAD DE ODONTOLOGÍA,Escolarizado,https://www.dgae.unam.mx/Licenciatura2026/resultados/2/20200145.html,115,3060,2590,112,166,089924,42,,No seleccionado,,Consultar
2,Licenciatura 2026,202,20200145,CIRUJANO DENTISTA,FACULTAD DE ODONTOLOGÍA,Escolarizado,https://www.dgae.unam.mx/Licenciatura2026/resultados/2/20200145.html,115,3060,2590,112,166,089944,102,,No seleccionado,,Consultar
2,Licenciatura 2026,202,20200145,CIRUJANO DENTISTA,FACULTAD DE ODONTOLOGÍA,Escolarizado,https://www.dgae.unam.mx/Licenciatura2026/resultados/2/20200145.html,115,3060,2590,112,166,090028,54,,No seleccionado,,Consultar
2,Licenciatura 2026,202,20200145,CIRUJANO DENTISTA,FACULTAD DE ODONTOLOGÍA,Escolarizado,https://www.dgae.unam.mx/Licenciatura2026/resultados/2/20200145.html,115,3060,2590,112,166,090044,76,,No seleccionado,,Consultar
2,Licenciatura 2026,202,20200145,CIRUJANO DENTISTA,FACULTAD DE ODONTOLOGÍA,Escolarizado,https://www.dgae.unam.mx/Licenciatura2026/resultados/2/20200145.html,115,3060,2590,112,166,090049,38,,No seleccionado,,Consultar
2,Licenciatura 2026,202,20200145,CIRUJANO DENTISTA,FACULTAD DE ODONTOLOGÍA,Escolarizado,https://www.dgae.unam.mx/Licenciatura2026/resultados/2/20200145.html,115,3060,2590,112,166,090061,75,,No seleccionado,,Consultar
2,Licenciatura 2026,202,20200145,CIRUJANO DENTISTA,FACULTAD DE ODONTOLOGÍA,Escolarizado,https://www.dgae.unam.mx/Licenciatura2026/resultados/2/20200145.html,115,3060,2590,112,166,090081,111,,No seleccionado,,Consultar
2,Licenciatura 2026,202,20200145,CIRUJANO DENTISTA,FACULTAD DE ODONTOLOGÍA,Escolarizado,https://www.dgae.unam.mx/Licenciatura2026/resultados/2/20200145.html,115,3060,2590,112,166,090130,36,,No seleccionado,,Consultar
2,Licenciatura 2026,202,20200145,CIRUJANO DENTISTA,FACULTAD DE ODONTOLOGÍA,Escolarizado,https://www.dgae.unam.mx/Licenciatura2026/resultados/2/20200145.html,115,3060,2590,112,166,090204,52,,No seleccionado,,Consultar
2,Licenciatura 2026,202,20200145,CIRUJANO DENTISTA,FACULTAD DE ODONTOLOGÍA,Escolarizado,https://www.dgae.unam.mx/Licenciatura2026/resultados/2/20200145.html,115,3060,2590,112,166,090239,76,,No seleccionado,,Consultar
2,Licenciatura 2026,202,20200145,CIRUJANO DENTISTA,FACULTAD DE ODONTOLOGÍA,Escolarizado,https://www.dgae.unam.mx/Licenciatura2026/resultados/2/20200145.html,115,3060,2590,112,166,090245,107,,No seleccionado,,Consultar
2,Licenciatura 2026,202,20200145,CIRUJANO DENTISTA,FACULTAD DE ODONTOLOGÍA,Escolarizado,https://www.dgae.unam.mx/Licenciatura2026/resultados/2/20200145.html,115,3060,2590,112,166,090280,57,,No seleccionado,,Consultar
2,Licenciatura 2026,202,20200145,CIRUJANO DENTISTA,FACULTAD DE ODONTOLOGÍA,Escolarizado,https://www.dgae.unam.mx/Licenciatura2026/resultados/2/20200145.html,115,3060,2590,112,166,090286,,C,Cancelado,,Consultar
2,Licenciatura 2026,202,20200145,CIRUJANO DENTISTA,FACULTAD DE ODONTOLOGÍA,Escolarizado,https://www.dgae.unam.mx/Licenciatura2026/resultados/2/20200145.html,115,3060,2590,112,166,090294,75,,No seleccionado,,Consultar
2,Licenciatura 2026,202,20200145,CIRUJANO DENTISTA,FACULTAD DE ODONTOLOGÍA,Escolarizado,https://www.dgae.unam.mx/Licenciatura2026/resultados/2/20200145.html,115,3060,2590,112,166,090317,61,,No seleccionado,,Consultar
2,Licenciatura 2026,202,20200145,CIRUJANO DENTISTA,FACULTAD DE ODONTOLOGÍA,Escolarizado,https://www.dgae.unam.mx/Licenciatura2026/resultados/2/20200145.html,115,3060,2590,112,166,090344,86,,No seleccionado,,Consultar
2,Licenciatura 2026,202,20200145,CIRUJANO DENTISTA,FACULTAD DE ODONTOLOGÍA,Escolarizado,https://www.dgae.unam.mx/Licenciatura2026/resultados/2/20200145.html,115,3060,2590,112,166,090345,68,,No seleccionado,,Consultar
2,Licenciatura 2026,202,20200145,CIRUJANO DENTISTA,FACULTAD DE ODONTOLOGÍA,Escolarizado,https://www.dgae.unam.mx/Licenciatura2026/resultados/2/20200145.html,115,3060,2590,112,166,090369,92,,No seleccionado,,Consultar
2,Licenciatura 2026,202,20200145,CIRUJANO DENTISTA,FACULTAD DE ODONTOLOGÍA,Escolarizado,https://www.dgae.unam.mx/Licenciatura2026/resultados/2/20200145.html,115,3060,2590,112,166,090409,96,,No seleccionado,,Consultar
2,Licenciatura 2026,202,20200145,CIRUJANO DENTISTA,FACULTAD DE ODONTOLOGÍA,Escolarizado,https://www.dgae.unam.mx/Licenciatura2026/resultados/2/20200145.html,115,3060,2590,112,166,090411,73,,No seleccionado,,Consultar
2,Licenciatura 2026,202,20200145,CIRUJANO DENTISTA,FACULTAD DE ODONTOLOGÍA,Escolarizado,https://www.dgae.unam.mx/Licenciatura2026/resultados/2/20200145.html,115,3060,2590,112,166,090435,105,,No seleccionado,,Consultar
2,Licenciatura 2026,202,20200145,CIRUJANO DENTISTA,FACULTAD DE ODONTOLOGÍA,Escolarizado,https://www.dgae.unam.mx/Licenciatura2026/resultados/2/20200145.html,115,3060,2590,112,166,090447,,N,No presentado,,Consultar
2,Licenciatura 2026,202,20200145,CIRUJANO DENTISTA,FACULTAD DE ODONTOLOGÍA,Escolarizado,https://www.dgae.unam.mx/Licenciatura2026/resultados/2/20200145.html,115,3060,2590,112,166,090456,,C,Cancelado,,Consultar
2,Licenciatura 2026,202,20200145,CIRUJANO DENTISTA,FACULTAD DE ODONTOLOGÍA,Escolarizado,https://www.dgae.unam.mx/Licenciatura2026/resultados/2/20200145.html,115,3060,2590,112,166,090468,30,,No seleccionado,,Consultar
2,Licenciatura 2026,202,20200145,CIRUJANO DENTISTA,FACULTAD DE ODONTOLOGÍA,Escolarizado,https://www.dgae.unam.mx/Licenciatura2026/resultados/2/20200145.html,115,3060,2590,112,166,090476,90,,No seleccionado,,Consultar
2,Licenciatura 2026,202,20200145,CIRUJANO DENTISTA,FACULTAD DE ODONTOLOGÍA,Escolarizado,https://www.dgae.unam.mx/Licenciatura2026/resultados/2/20200145.html,115,3060,2590,112,166,090497,73,,No seleccionado,,Consultar
2,Licenciatura 2026,202,20200145,CIRUJANO DENTISTA,FACULTAD DE ODONTOLOGÍA,Escolarizado,https://www.dgae.unam.mx/Licenciatura2026/resultados/2/20200145.html,115,3060,2590,112,166,090574,,C,Cancelado,,Consultar
2,Licenciatura 2026,202,20200145,CIRUJANO DENTISTA,FACULTAD DE ODONTOLOGÍA,Escolarizado,https://www.dgae.unam.mx/Licenciatura2026/resultados/2/20200145.html,115,3060,2590,112,166,090591,64,,No seleccionado,,Consultar
2,Licenciatura 2026,202,20200145,CIRUJANO DENTISTA,FACULTAD DE ODONTOLOGÍA,Escolarizado,https://www.dgae.unam.mx/Licenciatura2026/resultados/2/20200145.html,115,3060,2590,112,166,090592,57,,No seleccionado,,Consultar
2,Licenciatura 2026,202,20200145,CIRUJANO DENTISTA,FACULTAD DE ODONTOLOGÍA,Escolarizado,https://www.dgae.unam.mx/Licenciatura2026/resultados/2/20200145.html,115,3060,2590,112,166,090602,56,,No seleccionado,,Consultar
2,Licenciatura 2026,202,20200145,CIRUJANO DENTISTA,FACULTAD DE ODONTOLOGÍA,Escolarizado,https://www.dgae.unam.mx/Licenciatura2026/resultados/2/20200145.html,115,3060,2590,112,166,090626,108,,No seleccionado,,Consultar
2,Licenciatura 2026,202,20200145,CIRUJANO DENTISTA,FACULTAD DE ODONTOLOGÍA,Escolarizado,https://www.dgae.unam.mx/Licenciatura2026/resultados/2/20200145.html,115,3060,2590,112,166,090631,40,,No seleccionado,,Consultar
2,Licenciatura 2026,202,20200145,CIRUJANO DENTISTA,FACULTAD DE ODONTOLOGÍA,Escolarizado,https://www.dgae.unam.mx/Licenciatura2026/resultados/2/20200145.html,115,3060,2590,112,166,090647,105,,No seleccionado,,Consultar
2,Licenciatura 2026,202,20200145,CIRUJANO DENTISTA,FACULTAD DE ODONTOLOGÍA,Escolarizado,https://www.dgae.unam.mx/Licenciatura2026/resultados/2/20200145.html,115,3060,2590,112,166,090739,,N,No presentado,,Consultar
2,Licenciatura 2026,202,20200145,CIRUJANO DENTISTA,FACULTAD DE ODONTOLOGÍA,Escolarizado,https://www.dgae.unam.mx/Licenciatura2026/resultados/2/20200145.html,115,3060,2590,112,166,090780,70,,No seleccionado,,Consultar
2,Licenciatura 2026,202,20200145,CIRUJANO DENTISTA,FACULTAD DE ODONTOLOGÍA,Escolarizado,https://www.dgae.unam.mx/Licenciatura2026/resultados/2/20200145.html,115,3060,2590,112,166,090785,55,,No seleccionado,,Consultar
2,Licenciatura 2026,202,20200145,CIRUJANO DENTISTA,FACULTAD DE ODONTOLOGÍA,Escolarizado,https://www.dgae.unam.mx/Licenciatura2026/resultados/2/20200145.html,115,3060,2590,112,166,090805,102,,No seleccionado,,Consultar
2,Licenciatura 2026,202,20200145,CIRUJANO DENTISTA,FACULTAD DE ODONTOLOGÍA,Escolarizado,https://www.dgae.unam.mx/Licenciatura2026/resultados/2/20200145.html,115,3060,2590,112,166,090833,40,,No seleccionado,,Consultar
2,Licenciatura 2026,202,20200145,CIRUJANO DENTISTA,FACULTAD DE ODONTOLOGÍA,Escolarizado,https://www.dgae.unam.mx/Licenciatura2026/resultados/2/20200145.html,115,3060,2590,112,166,090905,36,,No seleccionado,,Consultar
2,Licenciatura 2026,202,20200145,CIRUJANO DENTISTA,FACULTAD DE ODONTOLOGÍA,Escolarizado,https://www.dgae.unam.mx/Licenciatura2026/resultados/2/20200145.html,115,3060,2590,112,166,090933,108,,No seleccionado,,Consultar
2,Licenciatura 2026,202,20200145,CIRUJANO DENTISTA,FACULTAD DE ODONTOLOGÍA,Escolarizado,https://www.dgae.unam.mx/Licenciatura2026/resultados/2/20200145.html,115,3060,2590,112,166,090993,18,,No seleccionado,,Consultar
2,Licenciatura 2026,202,20200145,CIRUJANO DENTISTA,FACULTAD DE ODONTOLOGÍA,Escolarizado,https://www.dgae.unam.mx/Licenciatura2026/resultados/2/20200145.html,115,3060,2590,112,166,091018,35,,No seleccionado,,Consultar
2,Licenciatura 2026,202,20200145,CIRUJANO DENTISTA,FACULTAD DE ODONTOLOGÍA,Escolarizado,https://www.dgae.unam.mx/Licenciatura2026/resultados/2/20200145.html,115,3060,2590,112,166,091065,91,,No seleccionado,,Consultar
2,Licenciatura 2026,202,20200145,CIRUJANO DENTISTA,FACULTAD DE ODONTOLOGÍA,Escolarizado,https://www.dgae.unam.mx/Licenciatura2026/resultados/2/20200145.html,115,3060,2590,112,166,091112,52,,No seleccionado,,Consultar
2,Licenciatura 2026,202,20200145,CIRUJANO DENTISTA,FACULTAD DE ODONTOLOGÍA,Escolarizado,https://www.dgae.unam.mx/Licenciatura2026/resultados/2/20200145.html,115,3060,2590,112,166,091131,55,,No seleccionado,,Consultar
2,Licenciatura 2026,202,20200145,CIRUJANO DENTISTA,FACULTAD DE ODONTOLOGÍA,Escolarizado,https://www.dgae.unam.mx/Licenciatura2026/resultados/2/20200145.html,115,3060,2590,112,166,091181,,C,Cancelado,,Consultar
2,Licenciatura 2026,202,20200145,CIRUJANO DENTISTA,FACULTAD DE ODONTOLOGÍA,Escolarizado,https://www.dgae.unam.mx/Licenciatura2026/resultados/2/20200145.html,115,3060,2590,112,166,091272,63,,No seleccionado,,Consultar
2,Licenciatura 2026,202,20200145,CIRUJANO DENTISTA,FACULTAD DE ODONTOLOGÍA,Escolarizado,https://www.dgae.unam.mx/Licenciatura2026/resultados/2/20200145.html,115,3060,2590,112,166,091296,60,,No seleccionado,,Consultar
2,Licenciatura 2026,202,20200145,CIRUJANO DENTISTA,FACULTAD DE ODONTOLOGÍA,Escolarizado,https://www.dgae.unam.mx/Licenciatura2026/resultados/2/20200145.html,115,3060,2590,112,166,091297,114,S,Seleccionado,,Consultar
2,Licenciatura 2026,202,20200145,CIRUJANO DENTISTA,FACULTAD DE ODONTOLOGÍA,Escolarizado,https://www.dgae.unam.mx/Licenciatura2026/resultados/2/20200145.html,115,3060,2590,112,166,091323,86,,No seleccionado,,Consultar
2,Licenciatura 2026,202,20200145,CIRUJANO DENTISTA,FACULTAD DE ODONTOLOGÍA,Escolarizado,https://www.dgae.unam.mx/Licenciatura2026/resultados/2/20200145.html,115,3060,2590,112,166,091373,80,,No seleccionado,,Consultar
2,Licenciatura 2026,202,20200145,CIRUJANO DENTISTA,FACULTAD DE ODONTOLOGÍA,Escolarizado,https://www.dgae.unam.mx/Licenciatura2026/resultados/2/20200145.html,115,3060,2590,112,166,091425,68,,No seleccionado,,Consultar
2,Licenciatura 2026,202,20200145,CIRUJANO DENTISTA,FACULTAD DE ODONTOLOGÍA,Escolarizado,https://www.dgae.unam.mx/Licenciatura2026/resultados/2/20200145.html,115,3060,2590,112,166,091459,45,,No seleccionado,,Consultar
2,Licenciatura 2026,202,20200145,CIRUJANO DENTISTA,FACULTAD DE ODONTOLOGÍA,Escolarizado,https://www.dgae.unam.mx/Licenciatura2026/resultados/2/20200145.html,115,3060,2590,112,166,091478,69,,No seleccionado,,Consultar
2,Licenciatura 2026,202,20200145,CIRUJANO DENTISTA,FACULTAD DE ODONTOLOGÍA,Escolarizado,https://www.dgae.unam.mx/Licenciatura2026/resultados/2/20200145.html,115,3060,2590,112,166,091590,55,,No seleccionado,,Consultar
2,Licenciatura 2026,202,20200145,CIRUJANO DENTISTA,FACULTAD DE ODONTOLOGÍA,Escolarizado,https://www.dgae.unam.mx/Licenciatura2026/resultados/2/20200145.html,115,3060,2590,112,166,091601,91,,No seleccionado,,Consultar
2,Licenciatura 2026,202,20200145,CIRUJANO DENTISTA,FACULTAD DE ODONTOLOGÍA,Escolarizado,https://www.dgae.unam.mx/Licenciatura2026/resultados/2/20200145.html,115,3060,2590,112,166,091611,76,,No seleccionado,,Consultar
2,Licenciatura 2026,202,20200145,CIRUJANO DENTISTA,FACULTAD DE ODONTOLOGÍA,Escolarizado,https://www.dgae.unam.mx/Licenciatura2026/resultados/2/20200145.html,115,3060,2590,112,166,091645,53,,No seleccionado,,Consultar
2,Licenciatura 2026,202,20200145,CIRUJANO DENTISTA,FACULTAD DE ODONTOLOGÍA,Escolarizado,https://www.dgae.unam.mx/Licenciatura2026/resultados/2/20200145.html,115,3060,2590,112,166,091663,110,,No seleccionado,,Consultar
2,Licenciatura 2026,202,20200145,CIRUJANO DENTISTA,FACULTAD DE ODONTOLOGÍA,Escolarizado,https://www.dgae.unam.mx/Licenciatura2026/resultados/2/20200145.html,115,3060,2590,112,166,091694,50,,No seleccionado,,Consultar
2,Licenciatura 2026,202,20200145,CIRUJANO DENTISTA,FACULTAD DE ODONTOLOGÍA,Escolarizado,https://www.dgae.unam.mx/Licenciatura2026/resultados/2/20200145.html,115,3060,2590,112,166,091752,63,,No seleccionado,,Consultar
2,Licenciatura 2026,202,20200145,CIRUJANO DENTISTA,FACULTAD DE ODONTOLOGÍA,Escolarizado,https://www.dgae.unam.mx/Licenciatura2026/resultados/2/20200145.html,115,3060,2590,112,166,091755,101,,No seleccionado,,Consultar
2,Licenciatura 2026,202,20200145,CIRUJANO DENTISTA,FACULTAD DE ODONTOLOGÍA,Escolarizado,https://www.dgae.unam.mx/Licenciatura2026/resultados/2/20200145.html,115,3060,2590,112,166,091801,,N,No presentado,,Consultar
2,Licenciatura 2026,202,20200145,CIRUJANO DENTISTA,FACULTAD DE ODONTOLOGÍA,Escolarizado,https://www.dgae.unam.mx/Licenciatura2026/resultados/2/20200145.html,115,3060,2590,112,166,091818,94,,No seleccionado,,Consultar
2,Licenciatura 2026,202,20200145,CIRUJANO DENTISTA,FACULTAD DE ODONTOLOGÍA,Escolarizado,https://www.dgae.unam.mx/Licenciatura2026/resultados/2/20200145.html,115,3060,2590,112,166,091968,28,,No seleccionado,,Consultar
2,Licenciatura 2026,202,20200145,CIRUJANO DENTISTA,FACULTAD DE ODONTOLOGÍA,Escolarizado,https://www.dgae.unam.mx/Licenciatura2026/resultados/2/20200145.html,115,3060,2590,112,166,091971,112,S,Seleccionado,Cita para entregar documentación.,Consultar
2,Licenciatura 2026,202,20200145,CIRUJANO DENTISTA,FACULTAD DE ODONTOLOGÍA,Escolarizado,https://www.dgae.unam.mx/Licenciatura2026/resultados/2/20200145.html,115,3060,2590,112,166,091986,68,,No seleccionado,,Consultar
2,Licenciatura 2026,202,20200145,CIRUJANO DENTISTA,FACULTAD DE ODONTOLOGÍA,Escolarizado,https://www.dgae.unam.mx/Licenciatura2026/resultados/2/20200145.html,115,3060,2590,112,166,092014,73,,No seleccionado,,Consultar
2,Licenciatura 2026,202,20200145,CIRUJANO DENTISTA,FACULTAD DE ODONTOLOGÍA,Escolarizado,https://www.dgae.unam.mx/Licenciatura2026/resultados/2/20200145.html,115,3060,2590,112,166,092046,47,,No seleccionado,,Consultar
2,Licenciatura 2026,202,20200145,CIRUJANO DENTISTA,FACULTAD DE ODONTOLOGÍA,Escolarizado,https://www.dgae.unam.mx/Licenciatura2026/resultados/2/20200145.html,115,3060,2590,112,166,092069,84,,No seleccionado,,Consultar
2,Licenciatura 2026,202,20200145,CIRUJANO DENTISTA,FACULTAD DE ODONTOLOGÍA,Escolarizado,https://www.dgae.unam.mx/Licenciatura2026/resultados/2/20200145.html,115,3060,2590,112,166,092086,,N,No presentado,,Consultar
2,Licenciatura 2026,202,20200145,CIRUJANO DENTISTA,FACULTAD DE ODONTOLOGÍA,Escolarizado,https://www.dgae.unam.mx/Licenciatura2026/resultados/2/20200145.html,115,3060,2590,112,166,092091,77,,No seleccionado,,Consultar
2,Licenciatura 2026,202,20200145,CIRUJANO DENTISTA,FACULTAD DE ODONTOLOGÍA,Escolarizado,https://www.dgae.unam.mx/Licenciatura2026/resultados/2/20200145.html,115,3060,2590,112,166,092110,69,,No seleccionado,,Consultar
2,Licenciatura 2026,202,20200145,CIRUJANO DENTISTA,FACULTAD DE ODONTOLOGÍA,Escolarizado,https://www.dgae.unam.mx/Licenciatura2026/resultados/2/20200145.html,115,3060,2590,112,166,092114,73,,No seleccionado,,Consultar
2,Licenciatura 2026,202,20200145,CIRUJANO DENTISTA,FACULTAD DE ODONTOLOGÍA,Escolarizado,https://www.dgae.unam.mx/Licenciatura2026/resultados/2/20200145.html,115,3060,2590,112,166,092159,64,,No seleccionado,,Consultar
2,Licenciatura 2026,202,20200145,CIRUJANO DENTISTA,FACULTAD DE ODONTOLOGÍA,Escolarizado,https://www.dgae.unam.mx/Licenciatura2026/resultados/2/20200145.html,115,3060,2590,112,166,092160,41,,No seleccionado,,Consultar
2,Licenciatura 2026,202,20200145,CIRUJANO DENTISTA,FACULTAD DE ODONTOLOGÍA,Escolarizado,https://www.dgae.unam.mx/Licenciatura2026/resultados/2/20200145.html,115,3060,2590,112,166,092206,114,S,Seleccionado,Cita para entregar documentación.,Consultar
2,Licenciatura 2026,202,20200145,CIRUJANO DENTISTA,FACULTAD DE ODONTOLOGÍA,Escolarizado,https://www.dgae.unam.mx/Licenciatura2026/resultados/2/20200145.html,115,3060,2590,112,166,092223,96,,No seleccionado,,Consultar
2,Licenciatura 2026,202,20200145,CIRUJANO DENTISTA,FACULTAD DE ODONTOLOGÍA,Escolarizado,https://www.dgae.unam.mx/Licenciatura2026/resultados/2/20200145.html,115,3060,2590,112,166,092238,50,,No seleccionado,,Consultar
2,Licenciatura 2026,202,20200145,CIRUJANO DENTISTA,FACULTAD DE ODONTOLOGÍA,Escolarizado,https://www.dgae.unam.mx/Licenciatura2026/resultados/2/20200145.html,115,3060,2590,112,166,092291,53,,No seleccionado,,Consultar
2,Licenciatura 2026,202,20200145,CIRUJANO DENTISTA,FACULTAD DE ODONTOLOGÍA,Escolarizado,https://www.dgae.unam.mx/Licenciatura2026/resultados/2/20200145.html,115,3060,2590,112,166,092334,106,,No seleccionado,,Consultar
2,Licenciatura 2026,202,20200145,CIRUJANO DENTISTA,FACULTAD DE ODONTOLOGÍA,Escolarizado,https://www.dgae.unam.mx/Licenciatura2026/resultados/2/20200145.html,115,3060,2590,112,166,092372,97,,No seleccionado,,Consultar
2,Licenciatura 2026,202,20200145,CIRUJANO DENTISTA,FACULTAD DE ODONTOLOGÍA,Escolarizado,https://www.dgae.unam.mx/Licenciatura2026/resultados/2/20200145.html,115,3060,2590,112,166,092398,,N,No presentado,,Consultar
2,Licenciatura 2026,202,20200145,CIRUJANO DENTISTA,FACULTAD DE ODONTOLOGÍA,Escolarizado,https://www.dgae.unam.mx/Licenciatura2026/resultados/2/20200145.html,115,3060,2590,112,166,092424,33,,No seleccionado,,Consultar
2,Licenciatura 2026,202,20200145,CIRUJANO DENTISTA,FACULTAD DE ODONTOLOGÍA,Escolarizado,https://www.dgae.unam.mx/Licenciatura2026/resultados/2/20200145.html,115,3060,2590,112,166,092441,71,,No seleccionado,,Consultar
2,Licenciatura 2026,202,20200145,CIRUJANO DENTISTA,FACULTAD DE ODONTOLOGÍA,Escolarizado,https://www.dgae.unam.mx/Licenciatura2026/resultados/2/20200145.html,115,3060,2590,112,166,092467,93,,No seleccionado,,Consultar
2,Licenciatura 2026,202,20200145,CIRUJANO DENTISTA,FACULTAD DE ODONTOLOGÍA,Escolarizado,https://www.dgae.unam.mx/Licenciatura2026/resultados/2/20200145.html,115,3060,2590,112,166,092481,105,,No seleccionado,,Consultar
2,Licenciatura 2026,202,20200145,CIRUJANO DENTISTA,FACULTAD DE ODONTOLOGÍA,Escolarizado,https://www.dgae.unam.mx/Licenciatura2026/resultados/2/20200145.html,115,3060,2590,112,166,092486,38,,No seleccionado,,Consultar
2,Licenciatura 2026,202,20200145,CIRUJANO DENTISTA,FACULTAD DE ODONTOLOGÍA,Escolarizado,https://www.dgae.unam.mx/Licenciatura2026/resultados/2/20200145.html,115,3060,2590,112,166,092494,,C,Cancelado,,Consultar
2,Licenciatura 2026,202,20200145,CIRUJANO DENTISTA,FACULTAD DE ODONTOLOGÍA,Escolarizado,https://www.dgae.unam.mx/Licenciatura2026/resultados/2/20200145.html,115,3060,2590,112,166,092499,112,S,Seleccionado,,Consultar
2,Licenciatura 2026,202,20200145,CIRUJANO DENTISTA,FACULTAD DE ODONTOLOGÍA,Escolarizado,https://www.dgae.unam.mx/Licenciatura2026/resultados/2/20200145.html,115,3060,2590,112,166,092504,,N,No presentado,,Consultar
2,Licenciatura 2026,202,20200145,CIRUJANO DENTISTA,FACULTAD DE ODONTOLOGÍA,Escolarizado,https://www.dgae.unam.mx/Licenciatura2026/resultados/2/20200145.html,115,3060,2590,112,166,092506,113,S,Seleccionado,,Consultar
2,Licenciatura 2026,202,20200145,CIRUJANO DENTISTA,FACULTAD DE ODONTOLOGÍA,Escolarizado,https://www.dgae.unam.mx/Licenciatura2026/resultados/2/20200145.html,115,3060,2590,112,166,092543,109,,No seleccionado,,Consultar
2,Licenciatura 2026,202,20200145,CIRUJANO DENTISTA,FACULTAD DE ODONTOLOGÍA,Escolarizado,https://www.dgae.unam.mx/Licenciatura2026/resultados/2/20200145.html,115,3060,2590,112,166,092570,94,,No seleccionado,,Consultar
2,Licenciatura 2026,202,20200145,CIRUJANO DENTISTA,FACULTAD DE ODONTOLOGÍA,Escolarizado,https://www.dgae.unam.mx/Licenciatura2026/resultados/2/20200145.html,115,3060,2590,112,166,092588,104,,No seleccionado,,Consultar
2,Licenciatura 2026,202,20200145,CIRUJANO DENTISTA,FACULTAD DE ODONTOLOGÍA,Escolarizado,https://www.dgae.unam.mx/Licenciatura2026/resultados/2/20200145.html,115,3060,2590,112,166,092617,85,,No seleccionado,,Consultar
2,Licenciatura 2026,202,20200145,CIRUJANO DENTISTA,FACULTAD DE ODONTOLOGÍA,Escolarizado,https://www.dgae.unam.mx/Licenciatura2026/resultados/2/20200145.html,115,3060,2590,112,166,092689,82,,No seleccionado,,Consultar
2,Licenciatura 2026,202,20200145,CIRUJANO DENTISTA,FACULTAD DE ODONTOLOGÍA,Escolarizado,https://www.dgae.unam.mx/Licenciatura2026/resultados/2/20200145.html,115,3060,2590,112,166,092709,112,S,Seleccionado,,Consultar
2,Licenciatura 2026,202,20200145,CIRUJANO DENTISTA,FACULTAD DE ODONTOLOGÍA,Escolarizado,https://www.dgae.unam.mx/Licenciatura2026/resultados/2/20200145.html,115,3060,2590,112,166,092718,40,,No seleccionado,,Consultar
2,Licenciatura 2026,202,20200145,CIRUJANO DENTISTA,FACULTAD DE ODONTOLOGÍA,Escolarizado,https://www.dgae.unam.mx/Licenciatura2026/resultados/2/20200145.html,115,3060,2590,112,166,092740,96,,No seleccionado,,Consultar
2,Licenciatura 2026,202,20200145,CIRUJANO DENTISTA,FACULTAD DE ODONTOLOGÍA,Escolarizado,https://www.dgae.unam.mx/Licenciatura2026/resultados/2/20200145.html,115,3060,2590,112,166,092762,68,,No seleccionado,,Consultar
2,Licenciatura 2026,202,20200145,CIRUJANO DENTISTA,FACULTAD DE ODONTOLOGÍA,Escolarizado,https://www.dgae.unam.mx/Licenciatura2026/resultados/2/20200145.html,115,3060,2590,112,166,092800,110,,No seleccionado,,Consultar
2,Licenciatura 2026,202,20200145,CIRUJANO DENTISTA,FACULTAD DE ODONTOLOGÍA,Escolarizado,https://www.dgae.unam.mx/Licenciatura2026/resultados/2/20200145.html,115,3060,2590,112,166,092833,102,,No seleccionado,,Consultar
2,Licenciatura 2026,202,20200145,CIRUJANO DENTISTA,FACULTAD DE ODONTOLOGÍA,Escolarizado,https://www.dgae.unam.mx/Licenciatura2026/resultados/2/20200145.html,115,3060,2590,112,166,092858,76,,No seleccionado,,Consultar
2,Licenciatura 2026,202,20200145,CIRUJANO DENTISTA,FACULTAD DE ODONTOLOGÍA,Escolarizado,https://www.dgae.unam.mx/Licenciatura2026/resultados/2/20200145.html,115,3060,2590,112,166,092878,31,,No seleccionado,,Consultar
2,Licenciatura 2026,202,20200145,CIRUJANO DENTISTA,FACULTAD DE ODONTOLOGÍA,Escolarizado,https://www.dgae.unam.mx/Licenciatura2026/resultados/2/20200145.html,115,3060,2590,112,166,092880,104,,No seleccionado,,Consultar
2,Licenciatura 2026,202,20200145,CIRUJANO DENTISTA,FACULTAD DE ODONTOLOGÍA,Escolarizado,https://www.dgae.unam.mx/Licenciatura2026/resultados/2/20200145.html,115,3060,2590,112,166,092922,69,,No seleccionado,,Consultar
2,Licenciatura 2026,202,20200145,CIRUJANO DENTISTA,FACULTAD DE ODONTOLOGÍA,Escolarizado,https://www.dgae.unam.mx/Licenciatura2026/resultados/2/20200145.html,115,3060,2590,112,166,092984,66,,No seleccionado,,Consultar
2,Licenciatura 2026,202,20200145,CIRUJANO DENTISTA,FACULTAD DE ODONTOLOGÍA,Escolarizado,https://www.dgae.unam.mx/Licenciatura2026/resultados/2/20200145.html,115,3060,2590,112,166,093015,81,,No seleccionado,,Consultar
2,Licenciatura 2026,202,20200145,CIRUJANO DENTISTA,FACULTAD DE ODONTOLOGÍA,Escolarizado,https://www.dgae.unam.mx/Licenciatura2026/resultados/2/20200145.html,115,3060,2590,112,166,093021,,N,No presentado,,Consultar
2,Licenciatura 2026,202,20200145,CIRUJANO DENTISTA,FACULTAD DE ODONTOLOGÍA,Escolarizado,https://www.dgae.unam.mx/Licenciatura2026/resultados/2/20200145.html,115,3060,2590,112,166,093058,110,,No seleccionado,,Consultar
2,Licenciatura 2026,202,20200145,CIRUJANO DENTISTA,FACULTAD DE ODONTOLOGÍA,Escolarizado,https://www.dgae.unam.mx/Licenciatura2026/resultados/2/20200145.html,115,3060,2590,112,166,093062,79,,No seleccionado,,Consultar
2,Licenciatura 2026,202,20200145,CIRUJANO DENTISTA,FACULTAD DE ODONTOLOGÍA,Escolarizado,https://www.dgae.unam.mx/Licenciatura2026/resultados/2/20200145.html,115,3060,2590,112,166,093073,102,,No seleccionado,,Consultar
2,Licenciatura 2026,202,20200145,CIRUJANO DENTISTA,FACULTAD DE ODONTOLOGÍA,Escolarizado,https://www.dgae.unam.mx/Licenciatura2026/resultados/2/20200145.html,115,3060,2590,112,166,093113,71,,No seleccionado,,Consultar
2,Licenciatura 2026,202,20200145,CIRUJANO DENTISTA,FACULTAD DE ODONTOLOGÍA,Escolarizado,https://www.dgae.unam.mx/Licenciatura2026/resultados/2/20200145.html,115,3060,2590,112,166,093137,33,,No seleccionado,,Consultar
2,Licenciatura 2026,202,20200145,CIRUJANO DENTISTA,FACULTAD DE ODONTOLOGÍA,Escolarizado,https://www.dgae.unam.mx/Licenciatura2026/resultados/2/20200145.html,115,3060,2590,112,166,093173,93,,No seleccionado,,Consultar
2,Licenciatura 2026,202,20200145,CIRUJANO DENTISTA,FACULTAD DE ODONTOLOGÍA,Escolarizado,https://www.dgae.unam.mx/Licenciatura2026/resultados/2/20200145.html,115,3060,2590,112,166,093179,,N,No presentado,,Consultar
2,Licenciatura 2026,202,20200145,CIRUJANO DENTISTA,FACULTAD DE ODONTOLOGÍA,Escolarizado,https://www.dgae.unam.mx/Licenciatura2026/resultados/2/20200145.html,115,3060,2590,112,166,093180,48,,No seleccionado,,Consultar
2,Licenciatura 2026,202,20200145,CIRUJANO DENTISTA,FACULTAD DE ODONTOLOGÍA,Escolarizado,https://www.dgae.unam.mx/Licenciatura2026/resultados/2/20200145.html,115,3060,2590,112,166,093235,2,,No seleccionado,,Consultar
2,Licenciatura 2026,202,20200145,CIRUJANO DENTISTA,FACULTAD DE ODONTOLOGÍA,Escolarizado,https://www.dgae.unam.mx/Licenciatura2026/resultados/2/20200145.html,115,3060,2590,112,166,093275,60,,No seleccionado,,Consultar
2,Licenciatura 2026,202,20200145,CIRUJANO DENTISTA,FACULTAD DE ODONTOLOGÍA,Escolarizado,https://www.dgae.unam.mx/Licenciatura2026/resultados/2/20200145.html,115,3060,2590,112,166,093367,37,,No seleccionado,,Consultar
2,Licenciatura 2026,202,20200145,CIRUJANO DENTISTA,FACULTAD DE ODONTOLOGÍA,Escolarizado,https://www.dgae.unam.mx/Licenciatura2026/resultados/2/20200145.html,115,3060,2590,112,166,093384,39,,No seleccionado,,Consultar
2,Licenciatura 2026,202,20200145,CIRUJANO DENTISTA,FACULTAD DE ODONTOLOGÍA,Escolarizado,https://www.dgae.unam.mx/Licenciatura2026/resultados/2/20200145.html,115,3060,2590,112,166,093411,98,,No seleccionado,,Consultar
2,Licenciatura 2026,202,20200145,CIRUJANO DENTISTA,FACULTAD DE ODONTOLOGÍA,Escolarizado,https://www.dgae.unam.mx/Licenciatura2026/resultados/2/20200145.html,115,3060,2590,112,166,093434,44,,No seleccionado,,Consultar
2,Licenciatura 2026,202,20200145,CIRUJANO DENTISTA,FACULTAD DE ODONTOLOGÍA,Escolarizado,https://www.dgae.unam.mx/Licenciatura2026/resultados/2/20200145.html,115,3060,2590,112,166,093495,50,,No seleccionado,,Consultar
2,Licenciatura 2026,202,20200145,CIRUJANO DENTISTA,FACULTAD DE ODONTOLOGÍA,Escolarizado,https://www.dgae.unam.mx/Licenciatura2026/resultados/2/20200145.html,115,3060,2590,112,166,093512,107,,No seleccionado,,Consultar
2,Licenciatura 2026,202,20200145,CIRUJANO DENTISTA,FACULTAD DE ODONTOLOGÍA,Escolarizado,https://www.dgae.unam.mx/Licenciatura2026/resultados/2/20200145.html,115,3060,2590,112,166,093536,109,,No seleccionado,,Consultar
2,Licenciatura 2026,202,20200145,CIRUJANO DENTISTA,FACULTAD DE ODONTOLOGÍA,Escolarizado,https://www.dgae.unam.mx/Licenciatura2026/resultados/2/20200145.html,115,3060,2590,112,166,093567,95,,No seleccionado,,Consultar
2,Licenciatura 2026,202,20200145,CIRUJANO DENTISTA,FACULTAD DE ODONTOLOGÍA,Escolarizado,https://www.dgae.unam.mx/Licenciatura2026/resultados/2/20200145.html,115,3060,2590,112,166,093582,44,,No seleccionado,,Consultar
2,Licenciatura 2026,202,20200145,CIRUJANO DENTISTA,FACULTAD DE ODONTOLOGÍA,Escolarizado,https://www.dgae.unam.mx/Licenciatura2026/resultados/2/20200145.html,115,3060,2590,112,166,093590,44,,No seleccionado,,Consultar
2,Licenciatura 2026,202,20200145,CIRUJANO DENTISTA,FACULTAD DE ODONTOLOGÍA,Escolarizado,https://www.dgae.unam.mx/Licenciatura2026/resultados/2/20200145.html,115,3060,2590,112,166,093610,56,,No seleccionado,,Consultar
2,Licenciatura 2026,202,20200145,CIRUJANO DENTISTA,FACULTAD DE ODONTOLOGÍA,Escolarizado,https://www.dgae.unam.mx/Licenciatura2026/resultados/2/20200145.html,115,3060,2590,112,166,093613,67,,No seleccionado,,Consultar
2,Licenciatura 2026,202,20200145,CIRUJANO DENTISTA,FACULTAD DE ODONTOLOGÍA,Escolarizado,https://www.dgae.unam.mx/Licenciatura2026/resultados/2/20200145.html,115,3060,2590,112,166,093629,,N,No presentado,,Consultar
2,Licenciatura 2026,202,20200145,CIRUJANO DENTISTA,FACULTAD DE ODONTOLOGÍA,Escolarizado,https://www.dgae.unam.mx/Licenciatura2026/resultados/2/20200145.html,115,3060,2590,112,166,093632,77,,No seleccionado,,Consultar
2,Licenciatura 2026,202,20200145,CIRUJANO DENTISTA,FACULTAD DE ODONTOLOGÍA,Escolarizado,https://www.dgae.unam.mx/Licenciatura2026/resultados/2/20200145.html,115,3060,2590,112,166,093652,,N,No presentado,,Consultar
2,Licenciatura 2026,202,20200145,CIRUJANO DENTISTA,FACULTAD DE ODONTOLOGÍA,Escolarizado,https://www.dgae.unam.mx/Licenciatura2026/resultados/2/20200145.html,115,3060,2590,112,166,093667,61,,No seleccionado,,Consultar
2,Licenciatura 2026,202,20200145,CIRUJANO DENTISTA,FACULTAD DE ODONTOLOGÍA,Escolarizado,https://www.dgae.unam.mx/Licenciatura2026/resultados/2/20200145.html,115,3060,2590,112,166,093670,69,,No seleccionado,,Consultar
2,Licenciatura 2026,202,20200145,CIRUJANO DENTISTA,FACULTAD DE ODONTOLOGÍA,Escolarizado,https://www.dgae.unam.mx/Licenciatura2026/resultados/2/20200145.html,115,3060,2590,112,166,093697,31,,No seleccionado,,Consultar
2,Licenciatura 2026,202,20200145,CIRUJANO DENTISTA,FACULTAD DE ODONTOLOGÍA,Escolarizado,https://www.dgae.unam.mx/Licenciatura2026/resultados/2/20200145.html,115,3060,2590,112,166,093711,108,,No seleccionado,,Consultar
2,Licenciatura 2026,202,20200145,CIRUJANO DENTISTA,FACULTAD DE ODONTOLOGÍA,Escolarizado,https://www.dgae.unam.mx/Licenciatura2026/resultados/2/20200145.html,115,3060,2590,112,166,093728,78,,No seleccionado,,Consultar
2,Licenciatura 2026,202,20200145,CIRUJANO DENTISTA,FACULTAD DE ODONTOLOGÍA,Escolarizado,https://www.dgae.unam.mx/Licenciatura2026/resultados/2/20200145.html,115,3060,2590,112,166,093738,35,,No seleccionado,,Consultar
2,Licenciatura 2026,202,20200145,CIRUJANO DENTISTA,FACULTAD DE ODONTOLOGÍA,Escolarizado,https://www.dgae.unam.mx/Licenciatura2026/resultados/2/20200145.html,115,3060,2590,112,166,093782,54,,No seleccionado,,Consultar
2,Licenciatura 2026,202,20200145,CIRUJANO DENTISTA,FACULTAD DE ODONTOLOGÍA,Escolarizado,https://www.dgae.unam.mx/Licenciatura2026/resultados/2/20200145.html,115,3060,2590,112,166,093812,101,,No seleccionado,,Consultar
2,Licenciatura 2026,202,20200145,CIRUJANO DENTISTA,FACULTAD DE ODONTOLOGÍA,Escolarizado,https://www.dgae.unam.mx/Licenciatura2026/resultados/2/20200145.html,115,3060,2590,112,166,093814,34,,No seleccionado,,Consultar
2,Licenciatura 2026,202,20200145,CIRUJANO DENTISTA,FACULTAD DE ODONTOLOGÍA,Escolarizado,https://www.dgae.unam.mx/Licenciatura2026/resultados/2/20200145.html,115,3060,2590,112,166,093842,100,,No seleccionado,,Consultar
2,Licenciatura 2026,202,20200145,CIRUJANO DENTISTA,FACULTAD DE ODONTOLOGÍA,Escolarizado,https://www.dgae.unam.mx/Licenciatura2026/resultados/2/20200145.html,115,3060,2590,112,166,093850,74,,No seleccionado,,Consultar
2,Licenciatura 2026,202,20200145,CIRUJANO DENTISTA,FACULTAD DE ODONTOLOGÍA,Escolarizado,https://www.dgae.unam.mx/Licenciatura2026/resultados/2/20200145.html,115,3060,2590,112,166,093860,66,,No seleccionado,,Consultar
2,Licenciatura 2026,202,20200145,CIRUJANO DENTISTA,FACULTAD DE ODONTOLOGÍA,Escolarizado,https://www.dgae.unam.mx/Licenciatura2026/resultados/2/20200145.html,115,3060,2590,112,166,093875,,N,No presentado,,Consultar
2,Licenciatura 2026,202,20200145,CIRUJANO DENTISTA,FACULTAD DE ODONTOLOGÍA,Escolarizado,https://www.dgae.unam.mx/Licenciatura2026/resultados/2/20200145.html,115,3060,2590,112,166,093948,110,,No seleccionado,,Consultar
2,Licenciatura 2026,202,20200145,CIRUJANO DENTISTA,FACULTAD DE ODONTOLOGÍA,Escolarizado,https://www.dgae.unam.mx/Licenciatura2026/resultados/2/20200145.html,115,3060,2590,112,166,093955,33,,No seleccionado,,Consultar
2,Licenciatura 2026,202,20200145,CIRUJANO DENTISTA,FACULTAD DE ODONTOLOGÍA,Escolarizado,https://www.dgae.unam.mx/Licenciatura2026/resultados/2/20200145.html,115,3060,2590,112,166,093966,,N,No presentado,,Consultar
2,Licenciatura 2026,202,20200145,CIRUJANO DENTISTA,FACULTAD DE ODONTOLOGÍA,Escolarizado,https://www.dgae.unam.mx/Licenciatura2026/resultados/2/20200145.html,115,3060,2590,112,166,093996,75,,No seleccionado,,Consultar
2,Licenciatura 2026,202,20200145,CIRUJANO DENTISTA,FACULTAD DE ODONTOLOGÍA,Escolarizado,https://www.dgae.unam.mx/Licenciatura2026/resultados/2/20200145.html,115,3060,2590,112,166,094063,55,,No seleccionado,,Consultar
2,Licenciatura 2026,202,20200145,CIRUJANO DENTISTA,FACULTAD DE ODONTOLOGÍA,Escolarizado,https://www.dgae.unam.mx/Licenciatura2026/resultados/2/20200145.html,115,3060,2590,112,166,094082,105,,No seleccionado,,Consultar
2,Licenciatura 2026,202,20200145,CIRUJANO DENTISTA,FACULTAD DE ODONTOLOGÍA,Escolarizado,https://www.dgae.unam.mx/Licenciatura2026/resultados/2/20200145.html,115,3060,2590,112,166,094115,114,S,Seleccionado,Cita para entregar documentación.,Consultar
2,Licenciatura 2026,202,20200145,CIRUJANO DENTISTA,FACULTAD DE ODONTOLOGÍA,Escolarizado,https://www.dgae.unam.mx/Licenciatura2026/resultados/2/20200145.html,115,3060,2590,112,166,094139,109,,No seleccionado,,Consultar
2,Licenciatura 2026,202,20200145,CIRUJANO DENTISTA,FACULTAD DE ODONTOLOGÍA,Escolarizado,https://www.dgae.unam.mx/Licenciatura2026/resultados/2/20200145.html,115,3060,2590,112,166,094167,,N,No presentado,,Consultar
2,Licenciatura 2026,202,20200145,CIRUJANO DENTISTA,FACULTAD DE ODONTOLOGÍA,Escolarizado,https://www.dgae.unam.mx/Licenciatura2026/resultados/2/20200145.html,115,3060,2590,112,166,094177,44,,No seleccionado,,Consultar
2,Licenciatura 2026,202,20200145,CIRUJANO DENTISTA,FACULTAD DE ODONTOLOGÍA,Escolarizado,https://www.dgae.unam.mx/Licenciatura2026/resultados/2/20200145.html,115,3060,2590,112,166,094190,91,,No seleccionado,,Consultar
2,Licenciatura 2026,202,20200145,CIRUJANO DENTISTA,FACULTAD DE ODONTOLOGÍA,Escolarizado,https://www.dgae.unam.mx/Licenciatura2026/resultados/2/20200145.html,115,3060,2590,112,166,094191,42,,No seleccionado,,Consultar
2,Licenciatura 2026,202,20200145,CIRUJANO DENTISTA,FACULTAD DE ODONTOLOGÍA,Escolarizado,https://www.dgae.unam.mx/Licenciatura2026/resultados/2/20200145.html,115,3060,2590,112,166,094200,44,,No seleccionado,,Consultar
2,Licenciatura 2026,202,20200145,CIRUJANO DENTISTA,FACULTAD DE ODONTOLOGÍA,Escolarizado,https://www.dgae.unam.mx/Licenciatura2026/resultados/2/20200145.html,115,3060,2590,112,166,094277,,N,No presentado,,Consultar
2,Licenciatura 2026,202,20200145,CIRUJANO DENTISTA,FACULTAD DE ODONTOLOGÍA,Escolarizado,https://www.dgae.unam.mx/Licenciatura2026/resultados/2/20200145.html,115,3060,2590,112,166,094291,107,,No seleccionado,,Consultar
2,Licenciatura 2026,202,20200145,CIRUJANO DENTISTA,FACULTAD DE ODONTOLOGÍA,Escolarizado,https://www.dgae.unam.mx/Licenciatura2026/resultados/2/20200145.html,115,3060,2590,112,166,094305,117,S,Seleccionado,Cita para entregar documentación.,Consultar
2,Licenciatura 2026,202,20200145,CIRUJANO DENTISTA,FACULTAD DE ODONTOLOGÍA,Escolarizado,https://www.dgae.unam.mx/Licenciatura2026/resultados/2/20200145.html,115,3060,2590,112,166,094320,98,,No seleccionado,,Consultar
2,Licenciatura 2026,202,20200145,CIRUJANO DENTISTA,FACULTAD DE ODONTOLOGÍA,Escolarizado,https://www.dgae.unam.mx/Licenciatura2026/resultados/2/20200145.html,115,3060,2590,112,166,094324,106,,No seleccionado,,Consultar
2,Licenciatura 2026,202,20200145,CIRUJANO DENTISTA,FACULTAD DE ODONTOLOGÍA,Escolarizado,https://www.dgae.unam.mx/Licenciatura2026/resultados/2/20200145.html,115,3060,2590,112,166,094338,38,,No seleccionado,,Consultar
2,Licenciatura 2026,202,20200145,CIRUJANO DENTISTA,FACULTAD DE ODONTOLOGÍA,Escolarizado,https://www.dgae.unam.mx/Licenciatura2026/resultados/2/20200145.html,115,3060,2590,112,166,094374,98,,No seleccionado,,Consultar
2,Licenciatura 2026,202,20200145,CIRUJANO DENTISTA,FACULTAD DE ODONTOLOGÍA,Escolarizado,https://www.dgae.unam.mx/Licenciatura2026/resultados/2/20200145.html,115,3060,2590,112,166,094457,56,,No seleccionado,,Consultar
2,Licenciatura 2026,202,20200145,CIRUJANO DENTISTA,FACULTAD DE ODONTOLOGÍA,Escolarizado,https://www.dgae.unam.mx/Licenciatura2026/resultados/2/20200145.html,115,3060,2590,112,166,094490,,N,No presentado,,Consultar
2,Licenciatura 2026,202,20200145,CIRUJANO DENTISTA,FACULTAD DE ODONTOLOGÍA,Escolarizado,https://www.dgae.unam.mx/Licenciatura2026/resultados/2/20200145.html,115,3060,2590,112,166,094511,,N,No presentado,,Consultar
2,Licenciatura 2026,202,20200145,CIRUJANO DENTISTA,FACULTAD DE ODONTOLOGÍA,Escolarizado,https://www.dgae.unam.mx/Licenciatura2026/resultados/2/20200145.html,115,3060,2590,112,166,094533,111,,No seleccionado,,Consultar
2,Licenciatura 2026,202,20200145,CIRUJANO DENTISTA,FACULTAD DE ODONTOLOGÍA,Escolarizado,https://www.dgae.unam.mx/Licenciatura2026/resultados/2/20200145.html,115,3060,2590,112,166,094541,112,S,Seleccionado,,Consultar
2,Licenciatura 2026,202,20200145,CIRUJANO DENTISTA,FACULTAD DE ODONTOLOGÍA,Escolarizado,https://www.dgae.unam.mx/Licenciatura2026/resultados/2/20200145.html,115,3060,2590,112,166,094586,107,,No seleccionado,,Consultar
2,Licenciatura 2026,202,20200145,CIRUJANO DENTISTA,FACULTAD DE ODONTOLOGÍA,Escolarizado,https://www.dgae.unam.mx/Licenciatura2026/resultados/2/20200145.html,115,3060,2590,112,166,094587,101,,No seleccionado,,Consultar
2,Licenciatura 2026,202,20200145,CIRUJANO DENTISTA,FACULTAD DE ODONTOLOGÍA,Escolarizado,https://www.dgae.unam.mx/Licenciatura2026/resultados/2/20200145.html,115,3060,2590,112,166,094590,50,,No seleccionado,,Consultar
2,Licenciatura 2026,202,20200145,CIRUJANO DENTISTA,FACULTAD DE ODONTOLOGÍA,Escolarizado,https://www.dgae.unam.mx/Licenciatura2026/resultados/2/20200145.html,115,3060,2590,112,166,094594,47,,No seleccionado,,Consultar
2,Licenciatura 2026,202,20200145,CIRUJANO DENTISTA,FACULTAD DE ODONTOLOGÍA,Escolarizado,https://www.dgae.unam.mx/Licenciatura2026/resultados/2/20200145.html,115,3060,2590,112,166,094606,107,,No seleccionado,,Consultar
2,Licenciatura 2026,202,20200145,CIRUJANO DENTISTA,FACULTAD DE ODONTOLOGÍA,Escolarizado,https://www.dgae.unam.mx/Licenciatura2026/resultados/2/20200145.html,115,3060,2590,112,166,094635,104,,No seleccionado,,Consultar
2,Licenciatura 2026,202,20200145,CIRUJANO DENTISTA,FACULTAD DE ODONTOLOGÍA,Escolarizado,https://www.dgae.unam.mx/Licenciatura2026/resultados/2/20200145.html,115,3060,2590,112,166,094656,113,S,Seleccionado,Cita para entregar documentación.,Consultar
2,Licenciatura 2026,202,20200145,CIRUJANO DENTISTA,FACULTAD DE ODONTOLOGÍA,Escolarizado,https://www.dgae.unam.mx/Licenciatura2026/resultados/2/20200145.html,115,3060,2590,112,166,094687,,N,No presentado,,Consultar
2,Licenciatura 2026,202,20200145,CIRUJANO DENTISTA,FACULTAD DE ODONTOLOGÍA,Escolarizado,https://www.dgae.unam.mx/Licenciatura2026/resultados/2/20200145.html,115,3060,2590,112,166,094714,77,,No seleccionado,,Consultar
2,Licenciatura 2026,202,20200145,CIRUJANO DENTISTA,FACULTAD DE ODONTOLOGÍA,Escolarizado,https://www.dgae.unam.mx/Licenciatura2026/resultados/2/20200145.html,115,3060,2590,112,166,094771,109,,No seleccionado,,Consultar
2,Licenciatura 2026,202,20200145,CIRUJANO DENTISTA,FACULTAD DE ODONTOLOGÍA,Escolarizado,https://www.dgae.unam.mx/Licenciatura2026/resultados/2/20200145.html,115,3060,2590,112,166,094798,107,,No seleccionado,,Consultar
2,Licenciatura 2026,202,20200145,CIRUJANO DENTISTA,FACULTAD DE ODONTOLOGÍA,Escolarizado,https://www.dgae.unam.mx/Licenciatura2026/resultados/2/20200145.html,115,3060,2590,112,166,094832,104,,No seleccionado,,Consultar
2,Licenciatura 2026,202,20200145,CIRUJANO DENTISTA,FACULTAD DE ODONTOLOGÍA,Escolarizado,https://www.dgae.unam.mx/Licenciatura2026/resultados/2/20200145.html,115,3060,2590,112,166,094852,48,,No seleccionado,,Consultar
2,Licenciatura 2026,202,20200145,CIRUJANO DENTISTA,FACULTAD DE ODONTOLOGÍA,Escolarizado,https://www.dgae.unam.mx/Licenciatura2026/resultados/2/20200145.html,115,3060,2590,112,166,094882,73,,No seleccionado,,Consultar
2,Licenciatura 2026,202,20200145,CIRUJANO DENTISTA,FACULTAD DE ODONTOLOGÍA,Escolarizado,https://www.dgae.unam.mx/Licenciatura2026/resultados/2/20200145.html,115,3060,2590,112,166,094918,,N,No presentado,,Consultar
2,Licenciatura 2026,202,20200145,CIRUJANO DENTISTA,FACULTAD DE ODONTOLOGÍA,Escolarizado,https://www.dgae.unam.mx/Licenciatura2026/resultados/2/20200145.html,115,3060,2590,112,166,094931,,N,No presentado,,Consultar
2,Licenciatura 2026,202,20200145,CIRUJANO DENTISTA,FACULTAD DE ODONTOLOGÍA,Escolarizado,https://www.dgae.unam.mx/Licenciatura2026/resultados/2/20200145.html,115,3060,2590,112,166,094993,88,,No seleccionado,,Consultar
2,Licenciatura 2026,202,20200145,CIRUJANO DENTISTA,FACULTAD DE ODONTOLOGÍA,Escolarizado,https://www.dgae.unam.mx/Licenciatura2026/resultados/2/20200145.html,115,3060,2590,112,166,095077,,N,No presentado,,Consultar
2,Licenciatura 2026,202,20200145,CIRUJANO DENTISTA,FACULTAD DE ODONTOLOGÍA,Escolarizado,https://www.dgae.unam.mx/Licenciatura2026/resultados/2/20200145.html,115,3060,2590,112,166,095102,47,,No seleccionado,,Consultar
2,Licenciatura 2026,202,20200145,CIRUJANO DENTISTA,FACULTAD DE ODONTOLOGÍA,Escolarizado,https://www.dgae.unam.mx/Licenciatura2026/resultados/2/20200145.html,115,3060,2590,112,166,095115,36,,No seleccionado,,Consultar
2,Licenciatura 2026,202,20200145,CIRUJANO DENTISTA,FACULTAD DE ODONTOLOGÍA,Escolarizado,https://www.dgae.unam.mx/Licenciatura2026/resultados/2/20200145.html,115,3060,2590,112,166,095136,,N,No presentado,,Consultar
2,Licenciatura 2026,202,20200145,CIRUJANO DENTISTA,FACULTAD DE ODONTOLOGÍA,Escolarizado,https://www.dgae.unam.mx/Licenciatura2026/resultados/2/20200145.html,115,3060,2590,112,166,095149,,N,No presentado,,Consultar
2,Licenciatura 2026,202,20200145,CIRUJANO DENTISTA,FACULTAD DE ODONTOLOGÍA,Escolarizado,https://www.dgae.unam.mx/Licenciatura2026/resultados/2/20200145.html,115,3060,2590,112,166,095178,48,,No seleccionado,,Consultar
2,Licenciatura 2026,202,20200145,CIRUJANO DENTISTA,FACULTAD DE ODONTOLOGÍA,Escolarizado,https://www.dgae.unam.mx/Licenciatura2026/resultados/2/20200145.html,115,3060,2590,112,166,095183,76,,No seleccionado,,Consultar
2,Licenciatura 2026,202,20200145,CIRUJANO DENTISTA,FACULTAD DE ODONTOLOGÍA,Escolarizado,https://www.dgae.unam.mx/Licenciatura2026/resultados/2/20200145.html,115,3060,2590,112,166,095199,84,,No seleccionado,,Consultar
2,Licenciatura 2026,202,20200145,CIRUJANO DENTISTA,FACULTAD DE ODONTOLOGÍA,Escolarizado,https://www.dgae.unam.mx/Licenciatura2026/resultados/2/20200145.html,115,3060,2590,112,166,095211,,N,No presentado,,Consultar
2,Licenciatura 2026,202,20200145,CIRUJANO DENTISTA,FACULTAD DE ODONTOLOGÍA,Escolarizado,https://www.dgae.unam.mx/Licenciatura2026/resultados/2/20200145.html,115,3060,2590,112,166,095222,103,,No seleccionado,,Consultar
2,Licenciatura 2026,202,20200145,CIRUJANO DENTISTA,FACULTAD DE ODONTOLOGÍA,Escolarizado,https://www.dgae.unam.mx/Licenciatura2026/resultados/2/20200145.html,115,3060,2590,112,166,095257,,N,No presentado,,Consultar
2,Licenciatura 2026,202,20200145,CIRUJANO DENTISTA,FACULTAD DE ODONTOLOGÍA,Escolarizado,https://www.dgae.unam.mx/Licenciatura2026/resultados/2/20200145.html,115,3060,2590,112,166,095323,,N,No presentado,,Consultar
2,Licenciatura 2026,202,20200145,CIRUJANO DENTISTA,FACULTAD DE ODONTOLOGÍA,Escolarizado,https://www.dgae.unam.mx/Licenciatura2026/resultados/2/20200145.html,115,3060,2590,112,166,095353,44,,No seleccionado,,Consultar
2,Licenciatura 2026,202,20200145,CIRUJANO DENTISTA,FACULTAD DE ODONTOLOGÍA,Escolarizado,https://www.dgae.unam.mx/Licenciatura2026/resultados/2/20200145.html,115,3060,2590,112,166,095356,,N,No presentado,,Consultar
2,Licenciatura 2026,202,20200145,CIRUJANO DENTISTA,FACULTAD DE ODONTOLOGÍA,Escolarizado,https://www.dgae.unam.mx/Licenciatura2026/resultados/2/20200145.html,115,3060,2590,112,166,095360,93,,No seleccionado,,Consultar
2,Licenciatura 2026,202,20200145,CIRUJANO DENTISTA,FACULTAD DE ODONTOLOGÍA,Escolarizado,https://www.dgae.unam.mx/Licenciatura2026/resultados/2/20200145.html,115,3060,2590,112,166,095379,82,,No seleccionado,,Consultar
2,Licenciatura 2026,202,20200145,CIRUJANO DENTISTA,FACULTAD DE ODONTOLOGÍA,Escolarizado,https://www.dgae.unam.mx/Licenciatura2026/resultados/2/20200145.html,115,3060,2590,112,166,095381,88,,No seleccionado,,Consultar
2,Licenciatura 2026,202,20200145,CIRUJANO DENTISTA,FACULTAD DE ODONTOLOGÍA,Escolarizado,https://www.dgae.unam.mx/Licenciatura2026/resultados/2/20200145.html,115,3060,2590,112,166,095387,,N,No presentado,,Consultar
2,Licenciatura 2026,202,20200145,CIRUJANO DENTISTA,FACULTAD DE ODONTOLOGÍA,Escolarizado,https://www.dgae.unam.mx/Licenciatura2026/resultados/2/20200145.html,115,3060,2590,112,166,095407,44,,No seleccionado,,Consultar
2,Licenciatura 2026,202,20200145,CIRUJANO DENTISTA,FACULTAD DE ODONTOLOGÍA,Escolarizado,https://www.dgae.unam.mx/Licenciatura2026/resultados/2/20200145.html,115,3060,2590,112,166,095420,29,,No seleccionado,,Consultar
2,Licenciatura 2026,202,20200145,CIRUJANO DENTISTA,FACULTAD DE ODONTOLOGÍA,Escolarizado,https://www.dgae.unam.mx/Licenciatura2026/resultados/2/20200145.html,115,3060,2590,112,166,095510,48,,No seleccionado,,Consultar
2,Licenciatura 2026,202,20200145,CIRUJANO DENTISTA,FACULTAD DE ODONTOLOGÍA,Escolarizado,https://www.dgae.unam.mx/Licenciatura2026/resultados/2/20200145.html,115,3060,2590,112,166,095549,,C,Cancelado,,Consultar
2,Licenciatura 2026,202,20200145,CIRUJANO DENTISTA,FACULTAD DE ODONTOLOGÍA,Escolarizado,https://www.dgae.unam.mx/Licenciatura2026/resultados/2/20200145.html,115,3060,2590,112,166,095555,77,,No seleccionado,,Consultar
2,Licenciatura 2026,202,20200145,CIRUJANO DENTISTA,FACULTAD DE ODONTOLOGÍA,Escolarizado,https://www.dgae.unam.mx/Licenciatura2026/resultados/2/20200145.html,115,3060,2590,112,166,095605,104,,No seleccionado,,Consultar
2,Licenciatura 2026,202,20200145,CIRUJANO DENTISTA,FACULTAD DE ODONTOLOGÍA,Escolarizado,https://www.dgae.unam.mx/Licenciatura2026/resultados/2/20200145.html,115,3060,2590,112,166,095606,60,,No seleccionado,,Consultar
2,Licenciatura 2026,202,20200145,CIRUJANO DENTISTA,FACULTAD DE ODONTOLOGÍA,Escolarizado,https://www.dgae.unam.mx/Licenciatura2026/resultados/2/20200145.html,115,3060,2590,112,166,095610,,N,No presentado,,Consultar
2,Licenciatura 2026,202,20200145,CIRUJANO DENTISTA,FACULTAD DE ODONTOLOGÍA,Escolarizado,https://www.dgae.unam.mx/Licenciatura2026/resultados/2/20200145.html,115,3060,2590,112,166,095660,33,,No seleccionado,,Consultar
2,Licenciatura 2026,202,20200145,CIRUJANO DENTISTA,FACULTAD DE ODONTOLOGÍA,Escolarizado,https://www.dgae.unam.mx/Licenciatura2026/resultados/2/20200145.html,115,3060,2590,112,166,095668,71,,No seleccionado,,Consultar
2,Licenciatura 2026,202,20200145,CIRUJANO DENTISTA,FACULTAD DE ODONTOLOGÍA,Escolarizado,https://www.dgae.unam.mx/Licenciatura2026/resultados/2/20200145.html,115,3060,2590,112,166,095704,108,,No seleccionado,,Consultar
2,Licenciatura 2026,202,20200145,CIRUJANO DENTISTA,FACULTAD DE ODONTOLOGÍA,Escolarizado,https://www.dgae.unam.mx/Licenciatura2026/resultados/2/20200145.html,115,3060,2590,112,166,095712,56,,No seleccionado,,Consultar
2,Licenciatura 2026,202,20200145,CIRUJANO DENTISTA,FACULTAD DE ODONTOLOGÍA,Escolarizado,https://www.dgae.unam.mx/Licenciatura2026/resultados/2/20200145.html,115,3060,2590,112,166,095713,68,,No seleccionado,,Consultar
2,Licenciatura 2026,202,20200145,CIRUJANO DENTISTA,FACULTAD DE ODONTOLOGÍA,Escolarizado,https://www.dgae.unam.mx/Licenciatura2026/resultados/2/20200145.html,115,3060,2590,112,166,095785,63,,No seleccionado,,Consultar
2,Licenciatura 2026,202,20200145,CIRUJANO DENTISTA,FACULTAD DE ODONTOLOGÍA,Escolarizado,https://www.dgae.unam.mx/Licenciatura2026/resultados/2/20200145.html,115,3060,2590,112,166,095862,114,S,Seleccionado,Cita para entregar documentación.,Consultar
2,Licenciatura 2026,202,20200145,CIRUJANO DENTISTA,FACULTAD DE ODONTOLOGÍA,Escolarizado,https://www.dgae.unam.mx/Licenciatura2026/resultados/2/20200145.html,115,3060,2590,112,166,095914,,C,Cancelado,,Consultar
2,Licenciatura 2026,202,20200145,CIRUJANO DENTISTA,FACULTAD DE ODONTOLOGÍA,Escolarizado,https://www.dgae.unam.mx/Licenciatura2026/resultados/2/20200145.html,115,3060,2590,112,166,095919,84,,No seleccionado,,Consultar
2,Licenciatura 2026,202,20200145,CIRUJANO DENTISTA,FACULTAD DE ODONTOLOGÍA,Escolarizado,https://www.dgae.unam.mx/Licenciatura2026/resultados/2/20200145.html,115,3060,2590,112,166,095927,37,,No seleccionado,,Consultar
2,Licenciatura 2026,202,20200145,CIRUJANO DENTISTA,FACULTAD DE ODONTOLOGÍA,Escolarizado,https://www.dgae.unam.mx/Licenciatura2026/resultados/2/20200145.html,115,3060,2590,112,166,095937,84,,No seleccionado,,Consultar
2,Licenciatura 2026,202,20200145,CIRUJANO DENTISTA,FACULTAD DE ODONTOLOGÍA,Escolarizado,https://www.dgae.unam.mx/Licenciatura2026/resultados/2/20200145.html,115,3060,2590,112,166,096017,45,,No seleccionado,,Consultar
2,Licenciatura 2026,202,20200145,CIRUJANO DENTISTA,FACULTAD DE ODONTOLOGÍA,Escolarizado,https://www.dgae.unam.mx/Licenciatura2026/resultados/2/20200145.html,115,3060,2590,112,166,096051,105,,No seleccionado,,Consultar
2,Licenciatura 2026,202,20200145,CIRUJANO DENTISTA,FACULTAD DE ODONTOLOGÍA,Escolarizado,https://www.dgae.unam.mx/Licenciatura2026/resultados/2/20200145.html,115,3060,2590,112,166,096080,89,,No seleccionado,,Consultar
2,Licenciatura 2026,202,20200145,CIRUJANO DENTISTA,FACULTAD DE ODONTOLOGÍA,Escolarizado,https://www.dgae.unam.mx/Licenciatura2026/resultados/2/20200145.html,115,3060,2590,112,166,096179,49,,No seleccionado,,Consultar
2,Licenciatura 2026,202,20200145,CIRUJANO DENTISTA,FACULTAD DE ODONTOLOGÍA,Escolarizado,https://www.dgae.unam.mx/Licenciatura2026/resultados/2/20200145.html,115,3060,2590,112,166,096181,67,,No seleccionado,,Consultar
2,Licenciatura 2026,202,20200145,CIRUJANO DENTISTA,FACULTAD DE ODONTOLOGÍA,Escolarizado,https://www.dgae.unam.mx/Licenciatura2026/resultados/2/20200145.html,115,3060,2590,112,166,096196,62,,No seleccionado,,Consultar
2,Licenciatura 2026,202,20200145,CIRUJANO DENTISTA,FACULTAD DE ODONTOLOGÍA,Escolarizado,https://www.dgae.unam.mx/Licenciatura2026/resultados/2/20200145.html,115,3060,2590,112,166,096208,92,,No seleccionado,,Consultar
2,Licenciatura 2026,202,20200145,CIRUJANO DENTISTA,FACULTAD DE ODONTOLOGÍA,Escolarizado,https://www.dgae.unam.mx/Licenciatura2026/resultados/2/20200145.html,115,3060,2590,112,166,096234,59,,No seleccionado,,Consultar
2,Licenciatura 2026,202,20200145,CIRUJANO DENTISTA,FACULTAD DE ODONTOLOGÍA,Escolarizado,https://www.dgae.unam.mx/Licenciatura2026/resultados/2/20200145.html,115,3060,2590,112,166,096292,62,,No seleccionado,,Consultar
2,Licenciatura 2026,202,20200145,CIRUJANO DENTISTA,FACULTAD DE ODONTOLOGÍA,Escolarizado,https://www.dgae.unam.mx/Licenciatura2026/resultados/2/20200145.html,115,3060,2590,112,166,096329,42,,No seleccionado,,Consultar
2,Licenciatura 2026,202,20200145,CIRUJANO DENTISTA,FACULTAD DE ODONTOLOGÍA,Escolarizado,https://www.dgae.unam.mx/Licenciatura2026/resultados/2/20200145.html,115,3060,2590,112,166,096364,97,,No seleccionado,,Consultar
2,Licenciatura 2026,202,20200145,CIRUJANO DENTISTA,FACULTAD DE ODONTOLOGÍA,Escolarizado,https://www.dgae.unam.mx/Licenciatura2026/resultados/2/20200145.html,115,3060,2590,112,166,096395,52,,No seleccionado,,Consultar
2,Licenciatura 2026,202,20200145,CIRUJANO DENTISTA,FACULTAD DE ODONTOLOGÍA,Escolarizado,https://www.dgae.unam.mx/Licenciatura2026/resultados/2/20200145.html,115,3060,2590,112,166,096406,38,,No seleccionado,,Consultar
2,Licenciatura 2026,202,20200145,CIRUJANO DENTISTA,FACULTAD DE ODONTOLOGÍA,Escolarizado,https://www.dgae.unam.mx/Licenciatura2026/resultados/2/20200145.html,115,3060,2590,112,166,096423,114,S,Seleccionado,Cita para entregar documentación.,Consultar
2,Licenciatura 2026,202,20200145,CIRUJANO DENTISTA,FACULTAD DE ODONTOLOGÍA,Escolarizado,https://www.dgae.unam.mx/Licenciatura2026/resultados/2/20200145.html,115,3060,2590,112,166,096431,73,,No seleccionado,,Consultar
2,Licenciatura 2026,202,20200145,CIRUJANO DENTISTA,FACULTAD DE ODONTOLOGÍA,Escolarizado,https://www.dgae.unam.mx/Licenciatura2026/resultados/2/20200145.html,115,3060,2590,112,166,096471,47,,No seleccionado,,Consultar
2,Licenciatura 2026,202,20200145,CIRUJANO DENTISTA,FACULTAD DE ODONTOLOGÍA,Escolarizado,https://www.dgae.unam.mx/Licenciatura2026/resultados/2/20200145.html,115,3060,2590,112,166,096539,29,,No seleccionado,,Consultar
2,Licenciatura 2026,202,20200145,CIRUJANO DENTISTA,FACULTAD DE ODONTOLOGÍA,Escolarizado,https://www.dgae.unam.mx/Licenciatura2026/resultados/2/20200145.html,115,3060,2590,112,166,096621,88,,No seleccionado,,Consultar
2,Licenciatura 2026,202,20200145,CIRUJANO DENTISTA,FACULTAD DE ODONTOLOGÍA,Escolarizado,https://www.dgae.unam.mx/Licenciatura2026/resultados/2/20200145.html,115,3060,2590,112,166,096653,,N,No presentado,,Consultar
2,Licenciatura 2026,202,20200145,CIRUJANO DENTISTA,FACULTAD DE ODONTOLOGÍA,Escolarizado,https://www.dgae.unam.mx/Licenciatura2026/resultados/2/20200145.html,115,3060,2590,112,166,096672,,N,No presentado,,Consultar
2,Licenciatura 2026,202,20200145,CIRUJANO DENTISTA,FACULTAD DE ODONTOLOGÍA,Escolarizado,https://www.dgae.unam.mx/Licenciatura2026/resultados/2/20200145.html,115,3060,2590,112,166,096683,,N,No presentado,,Consultar
2,Licenciatura 2026,202,20200145,CIRUJANO DENTISTA,FACULTAD DE ODONTOLOGÍA,Escolarizado,https://www.dgae.unam.mx/Licenciatura2026/resultados/2/20200145.html,115,3060,2590,112,166,096715,93,,No seleccionado,,Consultar
2,Licenciatura 2026,202,20200145,CIRUJANO DENTISTA,FACULTAD DE ODONTOLOGÍA,Escolarizado,https://www.dgae.unam.mx/Licenciatura2026/resultados/2/20200145.html,115,3060,2590,112,166,096786,49,,No seleccionado,,Consultar
2,Licenciatura 2026,202,20200145,CIRUJANO DENTISTA,FACULTAD DE ODONTOLOGÍA,Escolarizado,https://www.dgae.unam.mx/Licenciatura2026/resultados/2/20200145.html,115,3060,2590,112,166,096883,113,S,Seleccionado,Cita para entregar documentación.,Consultar
2,Licenciatura 2026,202,20200145,CIRUJANO DENTISTA,FACULTAD DE ODONTOLOGÍA,Escolarizado,https://www.dgae.unam.mx/Licenciatura2026/resultados/2/20200145.html,115,3060,2590,112,166,096933,47,,No seleccionado,,Consultar
2,Licenciatura 2026,202,20200145,CIRUJANO DENTISTA,FACULTAD DE ODONTOLOGÍA,Escolarizado,https://www.dgae.unam.mx/Licenciatura2026/resultados/2/20200145.html,115,3060,2590,112,166,096982,,C,Cancelado,,Consultar
2,Licenciatura 2026,202,20200145,CIRUJANO DENTISTA,FACULTAD DE ODONTOLOGÍA,Escolarizado,https://www.dgae.unam.mx/Licenciatura2026/resultados/2/20200145.html,115,3060,2590,112,166,096992,100,,No seleccionado,,Consultar
2,Licenciatura 2026,202,20200145,CIRUJANO DENTISTA,FACULTAD DE ODONTOLOGÍA,Escolarizado,https://www.dgae.unam.mx/Licenciatura2026/resultados/2/20200145.html,115,3060,2590,112,166,097002,49,,No seleccionado,,Consultar
2,Licenciatura 2026,202,20200145,CIRUJANO DENTISTA,FACULTAD DE ODONTOLOGÍA,Escolarizado,https://www.dgae.unam.mx/Licenciatura2026/resultados/2/20200145.html,115,3060,2590,112,166,097020,110,,No seleccionado,,Consultar
2,Licenciatura 2026,202,20200145,CIRUJANO DENTISTA,FACULTAD DE ODONTOLOGÍA,Escolarizado,https://www.dgae.unam.mx/Licenciatura2026/resultados/2/20200145.html,115,3060,2590,112,166,097068,44,,No seleccionado,,Consultar
2,Licenciatura 2026,202,20200145,CIRUJANO DENTISTA,FACULTAD DE ODONTOLOGÍA,Escolarizado,https://www.dgae.unam.mx/Licenciatura2026/resultados/2/20200145.html,115,3060,2590,112,166,097090,89,,No seleccionado,,Consultar
2,Licenciatura 2026,202,20200145,CIRUJANO DENTISTA,FACULTAD DE ODONTOLOGÍA,Escolarizado,https://www.dgae.unam.mx/Licenciatura2026/resultados/2/20200145.html,115,3060,2590,112,166,097104,71,,No seleccionado,,Consultar
2,Licenciatura 2026,202,20200145,CIRUJANO DENTISTA,FACULTAD DE ODONTOLOGÍA,Escolarizado,https://www.dgae.unam.mx/Licenciatura2026/resultados/2/20200145.html,115,3060,2590,112,166,097133,34,,No seleccionado,,Consultar
2,Licenciatura 2026,202,20200145,CIRUJANO DENTISTA,FACULTAD DE ODONTOLOGÍA,Escolarizado,https://www.dgae.unam.mx/Licenciatura2026/resultados/2/20200145.html,115,3060,2590,112,166,097144,45,,No seleccionado,,Consultar
2,Licenciatura 2026,202,20200145,CIRUJANO DENTISTA,FACULTAD DE ODONTOLOGÍA,Escolarizado,https://www.dgae.unam.mx/Licenciatura2026/resultados/2/20200145.html,115,3060,2590,112,166,097145,,N,No presentado,,Consultar
2,Licenciatura 2026,202,20200145,CIRUJANO DENTISTA,FACULTAD DE ODONTOLOGÍA,Escolarizado,https://www.dgae.unam.mx/Licenciatura2026/resultados/2/20200145.html,115,3060,2590,112,166,097199,37,,No seleccionado,,Consultar
2,Licenciatura 2026,202,20200145,CIRUJANO DENTISTA,FACULTAD DE ODONTOLOGÍA,Escolarizado,https://www.dgae.unam.mx/Licenciatura2026/resultados/2/20200145.html,115,3060,2590,112,166,097231,48,,No seleccionado,,Consultar
2,Licenciatura 2026,202,20200145,CIRUJANO DENTISTA,FACULTAD DE ODONTOLOGÍA,Escolarizado,https://www.dgae.unam.mx/Licenciatura2026/resultados/2/20200145.html,115,3060,2590,112,166,097260,59,,No seleccionado,,Consultar
2,Licenciatura 2026,202,20200145,CIRUJANO DENTISTA,FACULTAD DE ODONTOLOGÍA,Escolarizado,https://www.dgae.unam.mx/Licenciatura2026/resultados/2/20200145.html,115,3060,2590,112,166,097333,25,,No seleccionado,,Consultar
2,Licenciatura 2026,202,20200145,CIRUJANO DENTISTA,FACULTAD DE ODONTOLOGÍA,Escolarizado,https://www.dgae.unam.mx/Licenciatura2026/resultados/2/20200145.html,115,3060,2590,112,166,097338,85,,No seleccionado,,Consultar
2,Licenciatura 2026,202,20200145,CIRUJANO DENTISTA,FACULTAD DE ODONTOLOGÍA,Escolarizado,https://www.dgae.unam.mx/Licenciatura2026/resultados/2/20200145.html,115,3060,2590,112,166,097378,44,,No seleccionado,,Consultar
2,Licenciatura 2026,202,20200145,CIRUJANO DENTISTA,FACULTAD DE ODONTOLOGÍA,Escolarizado,https://www.dgae.unam.mx/Licenciatura2026/resultados/2/20200145.html,115,3060,2590,112,166,097406,25,,No seleccionado,,Consultar
2,Licenciatura 2026,202,20200145,CIRUJANO DENTISTA,FACULTAD DE ODONTOLOGÍA,Escolarizado,https://www.dgae.unam.mx/Licenciatura2026/resultados/2/20200145.html,115,3060,2590,112,166,097408,114,S,Seleccionado,Cita para entregar documentación.,Consultar
2,Licenciatura 2026,202,20200145,CIRUJANO DENTISTA,FACULTAD DE ODONTOLOGÍA,Escolarizado,https://www.dgae.unam.mx/Licenciatura2026/resultados/2/20200145.html,115,3060,2590,112,166,097489,53,,No seleccionado,,Consultar
2,Licenciatura 2026,202,20200145,CIRUJANO DENTISTA,FACULTAD DE ODONTOLOGÍA,Escolarizado,https://www.dgae.unam.mx/Licenciatura2026/resultados/2/20200145.html,115,3060,2590,112,166,097491,55,,No seleccionado,,Consultar
2,Licenciatura 2026,202,20200145,CIRUJANO DENTISTA,FACULTAD DE ODONTOLOGÍA,Escolarizado,https://www.dgae.unam.mx/Licenciatura2026/resultados/2/20200145.html,115,3060,2590,112,166,097513,78,,No seleccionado,,Consultar
2,Licenciatura 2026,202,20200145,CIRUJANO DENTISTA,FACULTAD DE ODONTOLOGÍA,Escolarizado,https://www.dgae.unam.mx/Licenciatura2026/resultados/2/20200145.html,115,3060,2590,112,166,097514,46,,No seleccionado,,Consultar
2,Licenciatura 2026,202,20200145,CIRUJANO DENTISTA,FACULTAD DE ODONTOLOGÍA,Escolarizado,https://www.dgae.unam.mx/Licenciatura2026/resultados/2/20200145.html,115,3060,2590,112,166,097527,109,,No seleccionado,,Consultar
2,Licenciatura 2026,202,20200145,CIRUJANO DENTISTA,FACULTAD DE ODONTOLOGÍA,Escolarizado,https://www.dgae.unam.mx/Licenciatura2026/resultados/2/20200145.html,115,3060,2590,112,166,097541,43,,No seleccionado,,Consultar
2,Licenciatura 2026,202,20200145,CIRUJANO DENTISTA,FACULTAD DE ODONTOLOGÍA,Escolarizado,https://www.dgae.unam.mx/Licenciatura2026/resultados/2/20200145.html,115,3060,2590,112,166,097567,119,S,Seleccionado,Cita para entregar documentación.,Consultar
2,Licenciatura 2026,202,20200145,CIRUJANO DENTISTA,FACULTAD DE ODONTOLOGÍA,Escolarizado,https://www.dgae.unam.mx/Licenciatura2026/resultados/2/20200145.html,115,3060,2590,112,166,097653,103,,No seleccionado,,Consultar
2,Licenciatura 2026,202,20200145,CIRUJANO DENTISTA,FACULTAD DE ODONTOLOGÍA,Escolarizado,https://www.dgae.unam.mx/Licenciatura2026/resultados/2/20200145.html,115,3060,2590,112,166,097679,59,,No seleccionado,,Consultar
2,Licenciatura 2026,202,20200145,CIRUJANO DENTISTA,FACULTAD DE ODONTOLOGÍA,Escolarizado,https://www.dgae.unam.mx/Licenciatura2026/resultados/2/20200145.html,115,3060,2590,112,166,097691,91,,No seleccionado,,Consultar
2,Licenciatura 2026,202,20200145,CIRUJANO DENTISTA,FACULTAD DE ODONTOLOGÍA,Escolarizado,https://www.dgae.unam.mx/Licenciatura2026/resultados/2/20200145.html,115,3060,2590,112,166,097745,108,,No seleccionado,,Consultar
2,Licenciatura 2026,202,20200145,CIRUJANO DENTISTA,FACULTAD DE ODONTOLOGÍA,Escolarizado,https://www.dgae.unam.mx/Licenciatura2026/resultados/2/20200145.html,115,3060,2590,112,166,097767,58,,No seleccionado,,Consultar
2,Licenciatura 2026,202,20200145,CIRUJANO DENTISTA,FACULTAD DE ODONTOLOGÍA,Escolarizado,https://www.dgae.unam.mx/Licenciatura2026/resultados/2/20200145.html,115,3060,2590,112,166,097804,89,,No seleccionado,,Consultar
2,Licenciatura 2026,202,20200145,CIRUJANO DENTISTA,FACULTAD DE ODONTOLOGÍA,Escolarizado,https://www.dgae.unam.mx/Licenciatura2026/resultados/2/20200145.html,115,3060,2590,112,166,097839,42,,No seleccionado,,Consultar
2,Licenciatura 2026,202,20200145,CIRUJANO DENTISTA,FACULTAD DE ODONTOLOGÍA,Escolarizado,https://www.dgae.unam.mx/Licenciatura2026/resultados/2/20200145.html,115,3060,2590,112,166,097887,55,,No seleccionado,,Consultar
2,Licenciatura 2026,202,20200145,CIRUJANO DENTISTA,FACULTAD DE ODONTOLOGÍA,Escolarizado,https://www.dgae.unam.mx/Licenciatura2026/resultados/2/20200145.html,115,3060,2590,112,166,097941,98,,No seleccionado,,Consultar
2,Licenciatura 2026,202,20200145,CIRUJANO DENTISTA,FACULTAD DE ODONTOLOGÍA,Escolarizado,https://www.dgae.unam.mx/Licenciatura2026/resultados/2/20200145.html,115,3060,2590,112,166,097942,77,,No seleccionado,,Consultar
2,Licenciatura 2026,202,20200145,CIRUJANO DENTISTA,FACULTAD DE ODONTOLOGÍA,Escolarizado,https://www.dgae.unam.mx/Licenciatura2026/resultados/2/20200145.html,115,3060,2590,112,166,097946,69,,No seleccionado,,Consultar
2,Licenciatura 2026,202,20200145,CIRUJANO DENTISTA,FACULTAD DE ODONTOLOGÍA,Escolarizado,https://www.dgae.unam.mx/Licenciatura2026/resultados/2/20200145.html,115,3060,2590,112,166,097954,113,S,Seleccionado,Cita para entregar documentación.,Consultar
2,Licenciatura 2026,202,20200145,CIRUJANO DENTISTA,FACULTAD DE ODONTOLOGÍA,Escolarizado,https://www.dgae.unam.mx/Licenciatura2026/resultados/2/20200145.html,115,3060,2590,112,166,097962,92,,No seleccionado,,Consultar
2,Licenciatura 2026,202,20200145,CIRUJANO DENTISTA,FACULTAD DE ODONTOLOGÍA,Escolarizado,https://www.dgae.unam.mx/Licenciatura2026/resultados/2/20200145.html,115,3060,2590,112,166,098010,83,,No seleccionado,,Consultar
2,Licenciatura 2026,202,20200145,CIRUJANO DENTISTA,FACULTAD DE ODONTOLOGÍA,Escolarizado,https://www.dgae.unam.mx/Licenciatura2026/resultados/2/20200145.html,115,3060,2590,112,166,098027,102,,No seleccionado,,Consultar
2,Licenciatura 2026,202,20200145,CIRUJANO DENTISTA,FACULTAD DE ODONTOLOGÍA,Escolarizado,https://www.dgae.unam.mx/Licenciatura2026/resultados/2/20200145.html,115,3060,2590,112,166,098064,35,,No seleccionado,,Consultar
2,Licenciatura 2026,202,20200145,CIRUJANO DENTISTA,FACULTAD DE ODONTOLOGÍA,Escolarizado,https://www.dgae.unam.mx/Licenciatura2026/resultados/2/20200145.html,115,3060,2590,112,166,098075,,N,No presentado,,Consultar
2,Licenciatura 2026,202,20200145,CIRUJANO DENTISTA,FACULTAD DE ODONTOLOGÍA,Escolarizado,https://www.dgae.unam.mx/Licenciatura2026/resultados/2/20200145.html,115,3060,2590,112,166,098130,104,,No seleccionado,,Consultar
2,Licenciatura 2026,202,20200145,CIRUJANO DENTISTA,FACULTAD DE ODONTOLOGÍA,Escolarizado,https://www.dgae.unam.mx/Licenciatura2026/resultados/2/20200145.html,115,3060,2590,112,166,098131,36,,No seleccionado,,Consultar
2,Licenciatura 2026,202,20200145,CIRUJANO DENTISTA,FACULTAD DE ODONTOLOGÍA,Escolarizado,https://www.dgae.unam.mx/Licenciatura2026/resultados/2/20200145.html,115,3060,2590,112,166,098175,110,,No seleccionado,,Consultar
2,Licenciatura 2026,202,20200145,CIRUJANO DENTISTA,FACULTAD DE ODONTOLOGÍA,Escolarizado,https://www.dgae.unam.mx/Licenciatura2026/resultados/2/20200145.html,115,3060,2590,112,166,098176,109,,No seleccionado,,Consultar
2,Licenciatura 2026,202,20200145,CIRUJANO DENTISTA,FACULTAD DE ODONTOLOGÍA,Escolarizado,https://www.dgae.unam.mx/Licenciatura2026/resultados/2/20200145.html,115,3060,2590,112,166,098227,67,,No seleccionado,,Consultar
2,Licenciatura 2026,202,20200145,CIRUJANO DENTISTA,FACULTAD DE ODONTOLOGÍA,Escolarizado,https://www.dgae.unam.mx/Licenciatura2026/resultados/2/20200145.html,115,3060,2590,112,166,098244,110,,No seleccionado,,Consultar
2,Licenciatura 2026,202,20200145,CIRUJANO DENTISTA,FACULTAD DE ODONTOLOGÍA,Escolarizado,https://www.dgae.unam.mx/Licenciatura2026/resultados/2/20200145.html,115,3060,2590,112,166,098282,69,,No seleccionado,,Consultar
2,Licenciatura 2026,202,20200145,CIRUJANO DENTISTA,FACULTAD DE ODONTOLOGÍA,Escolarizado,https://www.dgae.unam.mx/Licenciatura2026/resultados/2/20200145.html,115,3060,2590,112,166,098512,78,,No seleccionado,,Consultar
2,Licenciatura 2026,202,20200145,CIRUJANO DENTISTA,FACULTAD DE ODONTOLOGÍA,Escolarizado,https://www.dgae.unam.mx/Licenciatura2026/resultados/2/20200145.html,115,3060,2590,112,166,098526,109,,No seleccionado,,Consultar
2,Licenciatura 2026,202,20200145,CIRUJANO DENTISTA,FACULTAD DE ODONTOLOGÍA,Escolarizado,https://www.dgae.unam.mx/Licenciatura2026/resultados/2/20200145.html,115,3060,2590,112,166,098592,,C,Cancelado,,Consultar
2,Licenciatura 2026,202,20200145,CIRUJANO DENTISTA,FACULTAD DE ODONTOLOGÍA,Escolarizado,https://www.dgae.unam.mx/Licenciatura2026/resultados/2/20200145.html,115,3060,2590,112,166,098600,90,,No seleccionado,,Consultar
2,Licenciatura 2026,202,20200145,CIRUJANO DENTISTA,FACULTAD DE ODONTOLOGÍA,Escolarizado,https://www.dgae.unam.mx/Licenciatura2026/resultados/2/20200145.html,115,3060,2590,112,166,098650,,N,No presentado,,Consultar
2,Licenciatura 2026,202,20200145,CIRUJANO DENTISTA,FACULTAD DE ODONTOLOGÍA,Escolarizado,https://www.dgae.unam.mx/Licenciatura2026/resultados/2/20200145.html,115,3060,2590,112,166,098664,90,,No seleccionado,,Consultar
2,Licenciatura 2026,202,20200145,CIRUJANO DENTISTA,FACULTAD DE ODONTOLOGÍA,Escolarizado,https://www.dgae.unam.mx/Licenciatura2026/resultados/2/20200145.html,115,3060,2590,112,166,098665,40,,No seleccionado,,Consultar
2,Licenciatura 2026,202,20200145,CIRUJANO DENTISTA,FACULTAD DE ODONTOLOGÍA,Escolarizado,https://www.dgae.unam.mx/Licenciatura2026/resultados/2/20200145.html,115,3060,2590,112,166,098675,89,,No seleccionado,,Consultar
2,Licenciatura 2026,202,20200145,CIRUJANO DENTISTA,FACULTAD DE ODONTOLOGÍA,Escolarizado,https://www.dgae.unam.mx/Licenciatura2026/resultados/2/20200145.html,115,3060,2590,112,166,098684,112,S,Seleccionado,,Consultar
2,Licenciatura 2026,202,20200145,CIRUJANO DENTISTA,FACULTAD DE ODONTOLOGÍA,Escolarizado,https://www.dgae.unam.mx/Licenciatura2026/resultados/2/20200145.html,115,3060,2590,112,166,098715,,N,No presentado,,Consultar
2,Licenciatura 2026,202,20200145,CIRUJANO DENTISTA,FACULTAD DE ODONTOLOGÍA,Escolarizado,https://www.dgae.unam.mx/Licenciatura2026/resultados/2/20200145.html,115,3060,2590,112,166,098749,111,,No seleccionado,,Consultar
2,Licenciatura 2026,202,20200145,CIRUJANO DENTISTA,FACULTAD DE ODONTOLOGÍA,Escolarizado,https://www.dgae.unam.mx/Licenciatura2026/resultados/2/20200145.html,115,3060,2590,112,166,098805,103,,No seleccionado,,Consultar
2,Licenciatura 2026,202,20200145,CIRUJANO DENTISTA,FACULTAD DE ODONTOLOGÍA,Escolarizado,https://www.dgae.unam.mx/Licenciatura2026/resultados/2/20200145.html,115,3060,2590,112,166,098821,70,,No seleccionado,,Consultar
2,Licenciatura 2026,202,20200145,CIRUJANO DENTISTA,FACULTAD DE ODONTOLOGÍA,Escolarizado,https://www.dgae.unam.mx/Licenciatura2026/resultados/2/20200145.html,115,3060,2590,112,166,098853,70,,No seleccionado,,Consultar
2,Licenciatura 2026,202,20200145,CIRUJANO DENTISTA,FACULTAD DE ODONTOLOGÍA,Escolarizado,https://www.dgae.unam.mx/Licenciatura2026/resultados/2/20200145.html,115,3060,2590,112,166,098857,93,,No seleccionado,,Consultar
2,Licenciatura 2026,202,20200145,CIRUJANO DENTISTA,FACULTAD DE ODONTOLOGÍA,Escolarizado,https://www.dgae.unam.mx/Licenciatura2026/resultados/2/20200145.html,115,3060,2590,112,166,098885,48,,No seleccionado,,Consultar
2,Licenciatura 2026,202,20200145,CIRUJANO DENTISTA,FACULTAD DE ODONTOLOGÍA,Escolarizado,https://www.dgae.unam.mx/Licenciatura2026/resultados/2/20200145.html,115,3060,2590,112,166,098897,90,,No seleccionado,,Consultar
2,Licenciatura 2026,202,20200145,CIRUJANO DENTISTA,FACULTAD DE ODONTOLOGÍA,Escolarizado,https://www.dgae.unam.mx/Licenciatura2026/resultados/2/20200145.html,115,3060,2590,112,166,098898,,N,No presentado,,Consultar
2,Licenciatura 2026,202,20200145,CIRUJANO DENTISTA,FACULTAD DE ODONTOLOGÍA,Escolarizado,https://www.dgae.unam.mx/Licenciatura2026/resultados/2/20200145.html,115,3060,2590,112,166,098900,110,,No seleccionado,,Consultar
2,Licenciatura 2026,202,20200145,CIRUJANO DENTISTA,FACULTAD DE ODONTOLOGÍA,Escolarizado,https://www.dgae.unam.mx/Licenciatura2026/resultados/2/20200145.html,115,3060,2590,112,166,098927,116,S,Seleccionado,Cita para entregar documentación.,Consultar
2,Licenciatura 2026,202,20200145,CIRUJANO DENTISTA,FACULTAD DE ODONTOLOGÍA,Escolarizado,https://www.dgae.unam.mx/Licenciatura2026/resultados/2/20200145.html,115,3060,2590,112,166,098930,34,,No seleccionado,,Consultar
2,Licenciatura 2026,202,20200145,CIRUJANO DENTISTA,FACULTAD DE ODONTOLOGÍA,Escolarizado,https://www.dgae.unam.mx/Licenciatura2026/resultados/2/20200145.html,115,3060,2590,112,166,098990,99,,No seleccionado,,Consultar
2,Licenciatura 2026,202,20200145,CIRUJANO DENTISTA,FACULTAD DE ODONTOLOGÍA,Escolarizado,https://www.dgae.unam.mx/Licenciatura2026/resultados/2/20200145.html,115,3060,2590,112,166,098993,,N,No presentado,,Consultar
2,Licenciatura 2026,202,20200145,CIRUJANO DENTISTA,FACULTAD DE ODONTOLOGÍA,Escolarizado,https://www.dgae.unam.mx/Licenciatura2026/resultados/2/20200145.html,115,3060,2590,112,166,099013,107,,No seleccionado,,Consultar
2,Licenciatura 2026,202,20200145,CIRUJANO DENTISTA,FACULTAD DE ODONTOLOGÍA,Escolarizado,https://www.dgae.unam.mx/Licenciatura2026/resultados/2/20200145.html,115,3060,2590,112,166,099054,75,,No seleccionado,,Consultar
2,Licenciatura 2026,202,20200145,CIRUJANO DENTISTA,FACULTAD DE ODONTOLOGÍA,Escolarizado,https://www.dgae.unam.mx/Licenciatura2026/resultados/2/20200145.html,115,3060,2590,112,166,099071,106,,No seleccionado,,Consultar
2,Licenciatura 2026,202,20200145,CIRUJANO DENTISTA,FACULTAD DE ODONTOLOGÍA,Escolarizado,https://www.dgae.unam.mx/Licenciatura2026/resultados/2/20200145.html,115,3060,2590,112,166,099095,72,,No seleccionado,,Consultar
2,Licenciatura 2026,202,20200145,CIRUJANO DENTISTA,FACULTAD DE ODONTOLOGÍA,Escolarizado,https://www.dgae.unam.mx/Licenciatura2026/resultados/2/20200145.html,115,3060,2590,112,166,099100,43,,No seleccionado,,Consultar
2,Licenciatura 2026,202,20200145,CIRUJANO DENTISTA,FACULTAD DE ODONTOLOGÍA,Escolarizado,https://www.dgae.unam.mx/Licenciatura2026/resultados/2/20200145.html,115,3060,2590,112,166,099112,102,,No seleccionado,,Consultar
2,Licenciatura 2026,202,20200145,CIRUJANO DENTISTA,FACULTAD DE ODONTOLOGÍA,Escolarizado,https://www.dgae.unam.mx/Licenciatura2026/resultados/2/20200145.html,115,3060,2590,112,166,099114,116,S,Seleccionado,Cita para entregar documentación.,Consultar
2,Licenciatura 2026,202,20200145,CIRUJANO DENTISTA,FACULTAD DE ODONTOLOGÍA,Escolarizado,https://www.dgae.unam.mx/Licenciatura2026/resultados/2/20200145.html,115,3060,2590,112,166,099121,56,,No seleccionado,,Consultar
2,Licenciatura 2026,202,20200145,CIRUJANO DENTISTA,FACULTAD DE ODONTOLOGÍA,Escolarizado,https://www.dgae.unam.mx/Licenciatura2026/resultados/2/20200145.html,115,3060,2590,112,166,099158,38,,No seleccionado,,Consultar
2,Licenciatura 2026,202,20200145,CIRUJANO DENTISTA,FACULTAD DE ODONTOLOGÍA,Escolarizado,https://www.dgae.unam.mx/Licenciatura2026/resultados/2/20200145.html,115,3060,2590,112,166,099209,49,,No seleccionado,,Consultar
2,Licenciatura 2026,202,20200145,CIRUJANO DENTISTA,FACULTAD DE ODONTOLOGÍA,Escolarizado,https://www.dgae.unam.mx/Licenciatura2026/resultados/2/20200145.html,115,3060,2590,112,166,099259,,C,Cancelado,,Consultar
2,Licenciatura 2026,202,20200145,CIRUJANO DENTISTA,FACULTAD DE ODONTOLOGÍA,Escolarizado,https://www.dgae.unam.mx/Licenciatura2026/resultados/2/20200145.html,115,3060,2590,112,166,099382,88,,No seleccionado,,Consultar
2,Licenciatura 2026,202,20200145,CIRUJANO DENTISTA,FACULTAD DE ODONTOLOGÍA,Escolarizado,https://www.dgae.unam.mx/Licenciatura2026/resultados/2/20200145.html,115,3060,2590,112,166,099386,64,,No seleccionado,,Consultar
2,Licenciatura 2026,202,20200145,CIRUJANO DENTISTA,FACULTAD DE ODONTOLOGÍA,Escolarizado,https://www.dgae.unam.mx/Licenciatura2026/resultados/2/20200145.html,115,3060,2590,112,166,099451,103,,No seleccionado,,Consultar
2,Licenciatura 2026,202,20200145,CIRUJANO DENTISTA,FACULTAD DE ODONTOLOGÍA,Escolarizado,https://www.dgae.unam.mx/Licenciatura2026/resultados/2/20200145.html,115,3060,2590,112,166,099552,56,,No seleccionado,,Consultar
2,Licenciatura 2026,202,20200145,CIRUJANO DENTISTA,FACULTAD DE ODONTOLOGÍA,Escolarizado,https://www.dgae.unam.mx/Licenciatura2026/resultados/2/20200145.html,115,3060,2590,112,166,099563,95,,No seleccionado,,Consultar
2,Licenciatura 2026,202,20200145,CIRUJANO DENTISTA,FACULTAD DE ODONTOLOGÍA,Escolarizado,https://www.dgae.unam.mx/Licenciatura2026/resultados/2/20200145.html,115,3060,2590,112,166,099583,19,,No seleccionado,,Consultar
2,Licenciatura 2026,202,20200145,CIRUJANO DENTISTA,FACULTAD DE ODONTOLOGÍA,Escolarizado,https://www.dgae.unam.mx/Licenciatura2026/resultados/2/20200145.html,115,3060,2590,112,166,099586,98,,No seleccionado,,Consultar
2,Licenciatura 2026,202,20200145,CIRUJANO DENTISTA,FACULTAD DE ODONTOLOGÍA,Escolarizado,https://www.dgae.unam.mx/Licenciatura2026/resultados/2/20200145.html,115,3060,2590,112,166,099595,81,,No seleccionado,,Consultar
2,Licenciatura 2026,202,20200145,CIRUJANO DENTISTA,FACULTAD DE ODONTOLOGÍA,Escolarizado,https://www.dgae.unam.mx/Licenciatura2026/resultados/2/20200145.html,115,3060,2590,112,166,099671,79,,No seleccionado,,Consultar
2,Licenciatura 2026,202,20200145,CIRUJANO DENTISTA,FACULTAD DE ODONTOLOGÍA,Escolarizado,https://www.dgae.unam.mx/Licenciatura2026/resultados/2/20200145.html,115,3060,2590,112,166,099687,44,,No seleccionado,,Consultar
2,Licenciatura 2026,202,20200145,CIRUJANO DENTISTA,FACULTAD DE ODONTOLOGÍA,Escolarizado,https://www.dgae.unam.mx/Licenciatura2026/resultados/2/20200145.html,115,3060,2590,112,166,099692,90,,No seleccionado,,Consultar
2,Licenciatura 2026,202,20200145,CIRUJANO DENTISTA,FACULTAD DE ODONTOLOGÍA,Escolarizado,https://www.dgae.unam.mx/Licenciatura2026/resultados/2/20200145.html,115,3060,2590,112,166,099695,95,,No seleccionado,,Consultar
2,Licenciatura 2026,202,20200145,CIRUJANO DENTISTA,FACULTAD DE ODONTOLOGÍA,Escolarizado,https://www.dgae.unam.mx/Licenciatura2026/resultados/2/20200145.html,115,3060,2590,112,166,099702,110,,No seleccionado,,Consultar
2,Licenciatura 2026,202,20200145,CIRUJANO DENTISTA,FACULTAD DE ODONTOLOGÍA,Escolarizado,https://www.dgae.unam.mx/Licenciatura2026/resultados/2/20200145.html,115,3060,2590,112,166,099727,90,,No seleccionado,,Consultar
2,Licenciatura 2026,202,20200145,CIRUJANO DENTISTA,FACULTAD DE ODONTOLOGÍA,Escolarizado,https://www.dgae.unam.mx/Licenciatura2026/resultados/2/20200145.html,115,3060,2590,112,166,099765,65,,No seleccionado,,Consultar
2,Licenciatura 2026,202,20200145,CIRUJANO DENTISTA,FACULTAD DE ODONTOLOGÍA,Escolarizado,https://www.dgae.unam.mx/Licenciatura2026/resultados/2/20200145.html,115,3060,2590,112,166,099799,32,,No seleccionado,,Consultar
2,Licenciatura 2026,202,20200145,CIRUJANO DENTISTA,FACULTAD DE ODONTOLOGÍA,Escolarizado,https://www.dgae.unam.mx/Licenciatura2026/resultados/2/20200145.html,115,3060,2590,112,166,099822,82,,No seleccionado,,Consultar
2,Licenciatura 2026,202,20200145,CIRUJANO DENTISTA,FACULTAD DE ODONTOLOGÍA,Escolarizado,https://www.dgae.unam.mx/Licenciatura2026/resultados/2/20200145.html,115,3060,2590,112,166,099826,81,,No seleccionado,,Consultar
2,Licenciatura 2026,202,20200145,CIRUJANO DENTISTA,FACULTAD DE ODONTOLOGÍA,Escolarizado,https://www.dgae.unam.mx/Licenciatura2026/resultados/2/20200145.html,115,3060,2590,112,166,099835,31,,No seleccionado,,Consultar
2,Licenciatura 2026,202,20200145,CIRUJANO DENTISTA,FACULTAD DE ODONTOLOGÍA,Escolarizado,https://www.dgae.unam.mx/Licenciatura2026/resultados/2/20200145.html,115,3060,2590,112,166,099875,51,,No seleccionado,,Consultar
2,Licenciatura 2026,202,20200145,CIRUJANO DENTISTA,FACULTAD DE ODONTOLOGÍA,Escolarizado,https://www.dgae.unam.mx/Licenciatura2026/resultados/2/20200145.html,115,3060,2590,112,166,099889,77,,No seleccionado,,Consultar
2,Licenciatura 2026,202,20200145,CIRUJANO DENTISTA,FACULTAD DE ODONTOLOGÍA,Escolarizado,https://www.dgae.unam.mx/Licenciatura2026/resultados/2/20200145.html,115,3060,2590,112,166,099908,,N,No presentado,,Consultar
2,Licenciatura 2026,202,20200145,CIRUJANO DENTISTA,FACULTAD DE ODONTOLOGÍA,Escolarizado,https://www.dgae.unam.mx/Licenciatura2026/resultados/2/20200145.html,115,3060,2590,112,166,099925,109,,No seleccionado,,Consultar
2,Licenciatura 2026,202,20200145,CIRUJANO DENTISTA,FACULTAD DE ODONTOLOGÍA,Escolarizado,https://www.dgae.unam.mx/Licenciatura2026/resultados/2/20200145.html,115,3060,2590,112,166,099967,31,,No seleccionado,,Consultar
2,Licenciatura 2026,202,20200145,CIRUJANO DENTISTA,FACULTAD DE ODONTOLOGÍA,Escolarizado,https://www.dgae.unam.mx/Licenciatura2026/resultados/2/20200145.html,115,3060,2590,112,166,099976,42,,No seleccionado,,Consultar
2,Licenciatura 2026,202,20200145,CIRUJANO DENTISTA,FACULTAD DE ODONTOLOGÍA,Escolarizado,https://www.dgae.unam.mx/Licenciatura2026/resultados/2/20200145.html,115,3060,2590,112,166,100032,,N,No presentado,,Consultar
2,Licenciatura 2026,202,20200145,CIRUJANO DENTISTA,FACULTAD DE ODONTOLOGÍA,Escolarizado,https://www.dgae.unam.mx/Licenciatura2026/resultados/2/20200145.html,115,3060,2590,112,166,100103,112,S,Seleccionado,Cita para entregar documentación.,Consultar
2,Licenciatura 2026,202,20200145,CIRUJANO DENTISTA,FACULTAD DE ODONTOLOGÍA,Escolarizado,https://www.dgae.unam.mx/Licenciatura2026/resultados/2/20200145.html,115,3060,2590,112,166,100111,93,,No seleccionado,,Consultar
2,Licenciatura 2026,202,20200145,CIRUJANO DENTISTA,FACULTAD DE ODONTOLOGÍA,Escolarizado,https://www.dgae.unam.mx/Licenciatura2026/resultados/2/20200145.html,115,3060,2590,112,166,100143,42,,No seleccionado,,Consultar
2,Licenciatura 2026,202,20200145,CIRUJANO DENTISTA,FACULTAD DE ODONTOLOGÍA,Escolarizado,https://www.dgae.unam.mx/Licenciatura2026/resultados/2/20200145.html,115,3060,2590,112,166,100158,30,,No seleccionado,,Consultar
2,Licenciatura 2026,202,20200145,CIRUJANO DENTISTA,FACULTAD DE ODONTOLOGÍA,Escolarizado,https://www.dgae.unam.mx/Licenciatura2026/resultados/2/20200145.html,115,3060,2590,112,166,100175,109,,No seleccionado,,Consultar
2,Licenciatura 2026,202,20200145,CIRUJANO DENTISTA,FACULTAD DE ODONTOLOGÍA,Escolarizado,https://www.dgae.unam.mx/Licenciatura2026/resultados/2/20200145.html,115,3060,2590,112,166,100247,51,,No seleccionado,,Consultar
2,Licenciatura 2026,202,20200145,CIRUJANO DENTISTA,FACULTAD DE ODONTOLOGÍA,Escolarizado,https://www.dgae.unam.mx/Licenciatura2026/resultados/2/20200145.html,115,3060,2590,112,166,100251,33,,No seleccionado,,Consultar
2,Licenciatura 2026,202,20200145,CIRUJANO DENTISTA,FACULTAD DE ODONTOLOGÍA,Escolarizado,https://www.dgae.unam.mx/Licenciatura2026/resultados/2/20200145.html,115,3060,2590,112,166,100262,,N,No presentado,,Consultar
2,Licenciatura 2026,202,20200145,CIRUJANO DENTISTA,FACULTAD DE ODONTOLOGÍA,Escolarizado,https://www.dgae.unam.mx/Licenciatura2026/resultados/2/20200145.html,115,3060,2590,112,166,100273,75,,No seleccionado,,Consultar
2,Licenciatura 2026,202,20200145,CIRUJANO DENTISTA,FACULTAD DE ODONTOLOGÍA,Escolarizado,https://www.dgae.unam.mx/Licenciatura2026/resultados/2/20200145.html,115,3060,2590,112,166,100277,24,,No seleccionado,,Consultar
2,Licenciatura 2026,202,20200145,CIRUJANO DENTISTA,FACULTAD DE ODONTOLOGÍA,Escolarizado,https://www.dgae.unam.mx/Licenciatura2026/resultados/2/20200145.html,115,3060,2590,112,166,100302,104,,No seleccionado,,Consultar
2,Licenciatura 2026,202,20200145,CIRUJANO DENTISTA,FACULTAD DE ODONTOLOGÍA,Escolarizado,https://www.dgae.unam.mx/Licenciatura2026/resultados/2/20200145.html,115,3060,2590,112,166,100334,105,,No seleccionado,,Consultar
2,Licenciatura 2026,202,20200145,CIRUJANO DENTISTA,FACULTAD DE ODONTOLOGÍA,Escolarizado,https://www.dgae.unam.mx/Licenciatura2026/resultados/2/20200145.html,115,3060,2590,112,166,100339,90,,No seleccionado,,Consultar
2,Licenciatura 2026,202,20200145,CIRUJANO DENTISTA,FACULTAD DE ODONTOLOGÍA,Escolarizado,https://www.dgae.unam.mx/Licenciatura2026/resultados/2/20200145.html,115,3060,2590,112,166,100372,89,,No seleccionado,,Consultar
2,Licenciatura 2026,202,20200145,CIRUJANO DENTISTA,FACULTAD DE ODONTOLOGÍA,Escolarizado,https://www.dgae.unam.mx/Licenciatura2026/resultados/2/20200145.html,115,3060,2590,112,166,100384,92,,No seleccionado,,Consultar
2,Licenciatura 2026,202,20200145,CIRUJANO DENTISTA,FACULTAD DE ODONTOLOGÍA,Escolarizado,https://www.dgae.unam.mx/Licenciatura2026/resultados/2/20200145.html,115,3060,2590,112,166,100440,56,,No seleccionado,,Consultar
2,Licenciatura 2026,202,20200145,CIRUJANO DENTISTA,FACULTAD DE ODONTOLOGÍA,Escolarizado,https://www.dgae.unam.mx/Licenciatura2026/resultados/2/20200145.html,115,3060,2590,112,166,100444,46,,No seleccionado,,Consultar
2,Licenciatura 2026,202,20200145,CIRUJANO DENTISTA,FACULTAD DE ODONTOLOGÍA,Escolarizado,https://www.dgae.unam.mx/Licenciatura2026/resultados/2/20200145.html,115,3060,2590,112,166,100476,35,,No seleccionado,,Consultar
2,Licenciatura 2026,202,20200145,CIRUJANO DENTISTA,FACULTAD DE ODONTOLOGÍA,Escolarizado,https://www.dgae.unam.mx/Licenciatura2026/resultados/2/20200145.html,115,3060,2590,112,166,100511,,N,No presentado,,Consultar
2,Licenciatura 2026,202,20200145,CIRUJANO DENTISTA,FACULTAD DE ODONTOLOGÍA,Escolarizado,https://www.dgae.unam.mx/Licenciatura2026/resultados/2/20200145.html,115,3060,2590,112,166,100512,116,S,Seleccionado,Cita para entregar documentación.,Consultar
2,Licenciatura 2026,202,20200145,CIRUJANO DENTISTA,FACULTAD DE ODONTOLOGÍA,Escolarizado,https://www.dgae.unam.mx/Licenciatura2026/resultados/2/20200145.html,115,3060,2590,112,166,100521,51,,No seleccionado,,Consultar
2,Licenciatura 2026,202,20200145,CIRUJANO DENTISTA,FACULTAD DE ODONTOLOGÍA,Escolarizado,https://www.dgae.unam.mx/Licenciatura2026/resultados/2/20200145.html,115,3060,2590,112,166,100523,30,,No seleccionado,,Consultar
2,Licenciatura 2026,202,20200145,CIRUJANO DENTISTA,FACULTAD DE ODONTOLOGÍA,Escolarizado,https://www.dgae.unam.mx/Licenciatura2026/resultados/2/20200145.html,115,3060,2590,112,166,100542,64,,No seleccionado,,Consultar
2,Licenciatura 2026,202,20200145,CIRUJANO DENTISTA,FACULTAD DE ODONTOLOGÍA,Escolarizado,https://www.dgae.unam.mx/Licenciatura2026/resultados/2/20200145.html,115,3060,2590,112,166,100548,74,,No seleccionado,,Consultar
2,Licenciatura 2026,202,20200145,CIRUJANO DENTISTA,FACULTAD DE ODONTOLOGÍA,Escolarizado,https://www.dgae.unam.mx/Licenciatura2026/resultados/2/20200145.html,115,3060,2590,112,166,100590,69,,No seleccionado,,Consultar
2,Licenciatura 2026,202,20200145,CIRUJANO DENTISTA,FACULTAD DE ODONTOLOGÍA,Escolarizado,https://www.dgae.unam.mx/Licenciatura2026/resultados/2/20200145.html,115,3060,2590,112,166,100610,66,,No seleccionado,,Consultar
2,Licenciatura 2026,202,20200145,CIRUJANO DENTISTA,FACULTAD DE ODONTOLOGÍA,Escolarizado,https://www.dgae.unam.mx/Licenciatura2026/resultados/2/20200145.html,115,3060,2590,112,166,100659,42,,No seleccionado,,Consultar
2,Licenciatura 2026,202,20200145,CIRUJANO DENTISTA,FACULTAD DE ODONTOLOGÍA,Escolarizado,https://www.dgae.unam.mx/Licenciatura2026/resultados/2/20200145.html,115,3060,2590,112,166,100667,106,,No seleccionado,,Consultar
2,Licenciatura 2026,202,20200145,CIRUJANO DENTISTA,FACULTAD DE ODONTOLOGÍA,Escolarizado,https://www.dgae.unam.mx/Licenciatura2026/resultados/2/20200145.html,115,3060,2590,112,166,100684,86,,No seleccionado,,Consultar
2,Licenciatura 2026,202,20200145,CIRUJANO DENTISTA,FACULTAD DE ODONTOLOGÍA,Escolarizado,https://www.dgae.unam.mx/Licenciatura2026/resultados/2/20200145.html,115,3060,2590,112,166,100722,53,,No seleccionado,,Consultar
2,Licenciatura 2026,202,20200145,CIRUJANO DENTISTA,FACULTAD DE ODONTOLOGÍA,Escolarizado,https://www.dgae.unam.mx/Licenciatura2026/resultados/2/20200145.html,115,3060,2590,112,166,100730,38,,No seleccionado,,Consultar
2,Licenciatura 2026,202,20200145,CIRUJANO DENTISTA,FACULTAD DE ODONTOLOGÍA,Escolarizado,https://www.dgae.unam.mx/Licenciatura2026/resultados/2/20200145.html,115,3060,2590,112,166,100735,50,,No seleccionado,,Consultar
2,Licenciatura 2026,202,20200145,CIRUJANO DENTISTA,FACULTAD DE ODONTOLOGÍA,Escolarizado,https://www.dgae.unam.mx/Licenciatura2026/resultados/2/20200145.html,115,3060,2590,112,166,100739,57,,No seleccionado,,Consultar
2,Licenciatura 2026,202,20200145,CIRUJANO DENTISTA,FACULTAD DE ODONTOLOGÍA,Escolarizado,https://www.dgae.unam.mx/Licenciatura2026/resultados/2/20200145.html,115,3060,2590,112,166,100785,82,,No seleccionado,,Consultar
2,Licenciatura 2026,202,20200145,CIRUJANO DENTISTA,FACULTAD DE ODONTOLOGÍA,Escolarizado,https://www.dgae.unam.mx/Licenciatura2026/resultados/2/20200145.html,115,3060,2590,112,166,100799,31,,No seleccionado,,Consultar
2,Licenciatura 2026,202,20200145,CIRUJANO DENTISTA,FACULTAD DE ODONTOLOGÍA,Escolarizado,https://www.dgae.unam.mx/Licenciatura2026/resultados/2/20200145.html,115,3060,2590,112,166,100847,,N,No presentado,,Consultar
2,Licenciatura 2026,202,20200145,CIRUJANO DENTISTA,FACULTAD DE ODONTOLOGÍA,Escolarizado,https://www.dgae.unam.mx/Licenciatura2026/resultados/2/20200145.html,115,3060,2590,112,166,100864,105,,No seleccionado,,Consultar
2,Licenciatura 2026,202,20200145,CIRUJANO DENTISTA,FACULTAD DE ODONTOLOGÍA,Escolarizado,https://www.dgae.unam.mx/Licenciatura2026/resultados/2/20200145.html,115,3060,2590,112,166,100923,79,,No seleccionado,,Consultar
2,Licenciatura 2026,202,20200145,CIRUJANO DENTISTA,FACULTAD DE ODONTOLOGÍA,Escolarizado,https://www.dgae.unam.mx/Licenciatura2026/resultados/2/20200145.html,115,3060,2590,112,166,100934,107,,No seleccionado,,Consultar
2,Licenciatura 2026,202,20200145,CIRUJANO DENTISTA,FACULTAD DE ODONTOLOGÍA,Escolarizado,https://www.dgae.unam.mx/Licenciatura2026/resultados/2/20200145.html,115,3060,2590,112,166,100936,4,,No seleccionado,,Consultar
2,Licenciatura 2026,202,20200145,CIRUJANO DENTISTA,FACULTAD DE ODONTOLOGÍA,Escolarizado,https://www.dgae.unam.mx/Licenciatura2026/resultados/2/20200145.html,115,3060,2590,112,166,100953,,N,No presentado,,Consultar
2,Licenciatura 2026,202,20200145,CIRUJANO DENTISTA,FACULTAD DE ODONTOLOGÍA,Escolarizado,https://www.dgae.unam.mx/Licenciatura2026/resultados/2/20200145.html,115,3060,2590,112,166,100957,101,,No seleccionado,,Consultar
2,Licenciatura 2026,202,20200145,CIRUJANO DENTISTA,FACULTAD DE ODONTOLOGÍA,Escolarizado,https://www.dgae.unam.mx/Licenciatura2026/resultados/2/20200145.html,115,3060,2590,112,166,100975,71,,No seleccionado,,Consultar
2,Licenciatura 2026,202,20200145,CIRUJANO DENTISTA,FACULTAD DE ODONTOLOGÍA,Escolarizado,https://www.dgae.unam.mx/Licenciatura2026/resultados/2/20200145.html,115,3060,2590,112,166,101041,108,,No seleccionado,,Consultar
2,Licenciatura 2026,202,20200145,CIRUJANO DENTISTA,FACULTAD DE ODONTOLOGÍA,Escolarizado,https://www.dgae.unam.mx/Licenciatura2026/resultados/2/20200145.html,115,3060,2590,112,166,101043,65,,No seleccionado,,Consultar
2,Licenciatura 2026,202,20200145,CIRUJANO DENTISTA,FACULTAD DE ODONTOLOGÍA,Escolarizado,https://www.dgae.unam.mx/Licenciatura2026/resultados/2/20200145.html,115,3060,2590,112,166,101073,62,,No seleccionado,,Consultar
2,Licenciatura 2026,202,20200145,CIRUJANO DENTISTA,FACULTAD DE ODONTOLOGÍA,Escolarizado,https://www.dgae.unam.mx/Licenciatura2026/resultados/2/20200145.html,115,3060,2590,112,166,101095,119,S,Seleccionado,Cita para entregar documentación.,Consultar
2,Licenciatura 2026,202,20200145,CIRUJANO DENTISTA,FACULTAD DE ODONTOLOGÍA,Escolarizado,https://www.dgae.unam.mx/Licenciatura2026/resultados/2/20200145.html,115,3060,2590,112,166,101100,90,,No seleccionado,,Consultar
2,Licenciatura 2026,202,20200145,CIRUJANO DENTISTA,FACULTAD DE ODONTOLOGÍA,Escolarizado,https://www.dgae.unam.mx/Licenciatura2026/resultados/2/20200145.html,115,3060,2590,112,166,101105,102,,No seleccionado,,Consultar
2,Licenciatura 2026,202,20200145,CIRUJANO DENTISTA,FACULTAD DE ODONTOLOGÍA,Escolarizado,https://www.dgae.unam.mx/Licenciatura2026/resultados/2/20200145.html,115,3060,2590,112,166,101146,39,,No seleccionado,,Consultar
2,Licenciatura 2026,202,20200145,CIRUJANO DENTISTA,FACULTAD DE ODONTOLOGÍA,Escolarizado,https://www.dgae.unam.mx/Licenciatura2026/resultados/2/20200145.html,115,3060,2590,112,166,101148,64,,No seleccionado,,Consultar
2,Licenciatura 2026,202,20200145,CIRUJANO DENTISTA,FACULTAD DE ODONTOLOGÍA,Escolarizado,https://www.dgae.unam.mx/Licenciatura2026/resultados/2/20200145.html,115,3060,2590,112,166,101173,116,S,Seleccionado,,Consultar
2,Licenciatura 2026,202,20200145,CIRUJANO DENTISTA,FACULTAD DE ODONTOLOGÍA,Escolarizado,https://www.dgae.unam.mx/Licenciatura2026/resultados/2/20200145.html,115,3060,2590,112,166,101190,49,,No seleccionado,,Consultar
2,Licenciatura 2026,202,20200145,CIRUJANO DENTISTA,FACULTAD DE ODONTOLOGÍA,Escolarizado,https://www.dgae.unam.mx/Licenciatura2026/resultados/2/20200145.html,115,3060,2590,112,166,101201,,N,No presentado,,Consultar
2,Licenciatura 2026,202,20200145,CIRUJANO DENTISTA,FACULTAD DE ODONTOLOGÍA,Escolarizado,https://www.dgae.unam.mx/Licenciatura2026/resultados/2/20200145.html,115,3060,2590,112,166,101250,41,,No seleccionado,,Consultar
2,Licenciatura 2026,202,20200145,CIRUJANO DENTISTA,FACULTAD DE ODONTOLOGÍA,Escolarizado,https://www.dgae.unam.mx/Licenciatura2026/resultados/2/20200145.html,115,3060,2590,112,166,101297,101,,No seleccionado,,Consultar
2,Licenciatura 2026,202,20200145,CIRUJANO DENTISTA,FACULTAD DE ODONTOLOGÍA,Escolarizado,https://www.dgae.unam.mx/Licenciatura2026/resultados/2/20200145.html,115,3060,2590,112,166,101336,42,,No seleccionado,,Consultar
2,Licenciatura 2026,202,20200145,CIRUJANO DENTISTA,FACULTAD DE ODONTOLOGÍA,Escolarizado,https://www.dgae.unam.mx/Licenciatura2026/resultados/2/20200145.html,115,3060,2590,112,166,101372,,,No seleccionado,Cita para aclarar situación escolar.,Consultar
2,Licenciatura 2026,202,20200145,CIRUJANO DENTISTA,FACULTAD DE ODONTOLOGÍA,Escolarizado,https://www.dgae.unam.mx/Licenciatura2026/resultados/2/20200145.html,115,3060,2590,112,166,101395,39,,No seleccionado,,Consultar
2,Licenciatura 2026,202,20200145,CIRUJANO DENTISTA,FACULTAD DE ODONTOLOGÍA,Escolarizado,https://www.dgae.unam.mx/Licenciatura2026/resultados/2/20200145.html,115,3060,2590,112,166,101404,,N,No presentado,,Consultar
2,Licenciatura 2026,202,20200145,CIRUJANO DENTISTA,FACULTAD DE ODONTOLOGÍA,Escolarizado,https://www.dgae.unam.mx/Licenciatura2026/resultados/2/20200145.html,115,3060,2590,112,166,101421,99,,No seleccionado,,Consultar
2,Licenciatura 2026,202,20200145,CIRUJANO DENTISTA,FACULTAD DE ODONTOLOGÍA,Escolarizado,https://www.dgae.unam.mx/Licenciatura2026/resultados/2/20200145.html,115,3060,2590,112,166,101431,,N,No presentado,,Consultar
2,Licenciatura 2026,202,20200145,CIRUJANO DENTISTA,FACULTAD DE ODONTOLOGÍA,Escolarizado,https://www.dgae.unam.mx/Licenciatura2026/resultados/2/20200145.html,115,3060,2590,112,166,101448,46,,No seleccionado,,Consultar
2,Licenciatura 2026,202,20200145,CIRUJANO DENTISTA,FACULTAD DE ODONTOLOGÍA,Escolarizado,https://www.dgae.unam.mx/Licenciatura2026/resultados/2/20200145.html,115,3060,2590,112,166,101451,90,,No seleccionado,,Consultar
2,Licenciatura 2026,202,20200145,CIRUJANO DENTISTA,FACULTAD DE ODONTOLOGÍA,Escolarizado,https://www.dgae.unam.mx/Licenciatura2026/resultados/2/20200145.html,115,3060,2590,112,166,101493,103,,No seleccionado,,Consultar
2,Licenciatura 2026,202,20200145,CIRUJANO DENTISTA,FACULTAD DE ODONTOLOGÍA,Escolarizado,https://www.dgae.unam.mx/Licenciatura2026/resultados/2/20200145.html,115,3060,2590,112,166,101499,30,,No seleccionado,,Consultar
2,Licenciatura 2026,202,20200145,CIRUJANO DENTISTA,FACULTAD DE ODONTOLOGÍA,Escolarizado,https://www.dgae.unam.mx/Licenciatura2026/resultados/2/20200145.html,115,3060,2590,112,166,101510,60,,No seleccionado,,Consultar
2,Licenciatura 2026,202,20200145,CIRUJANO DENTISTA,FACULTAD DE ODONTOLOGÍA,Escolarizado,https://www.dgae.unam.mx/Licenciatura2026/resultados/2/20200145.html,115,3060,2590,112,166,101531,104,,No seleccionado,,Consultar
2,Licenciatura 2026,202,20200145,CIRUJANO DENTISTA,FACULTAD DE ODONTOLOGÍA,Escolarizado,https://www.dgae.unam.mx/Licenciatura2026/resultados/2/20200145.html,115,3060,2590,112,166,101533,,N,No presentado,,Consultar
2,Licenciatura 2026,202,20200145,CIRUJANO DENTISTA,FACULTAD DE ODONTOLOGÍA,Escolarizado,https://www.dgae.unam.mx/Licenciatura2026/resultados/2/20200145.html,115,3060,2590,112,166,101547,113,S,Seleccionado,Cita para entregar documentación.,Consultar
2,Licenciatura 2026,202,20200145,CIRUJANO DENTISTA,FACULTAD DE ODONTOLOGÍA,Escolarizado,https://www.dgae.unam.mx/Licenciatura2026/resultados/2/20200145.html,115,3060,2590,112,166,101575,44,,No seleccionado,,Consultar
2,Licenciatura 2026,202,20200145,CIRUJANO DENTISTA,FACULTAD DE ODONTOLOGÍA,Escolarizado,https://www.dgae.unam.mx/Licenciatura2026/resultados/2/20200145.html,115,3060,2590,112,166,101581,,C,Cancelado,,Consultar
2,Licenciatura 2026,202,20200145,CIRUJANO DENTISTA,FACULTAD DE ODONTOLOGÍA,Escolarizado,https://www.dgae.unam.mx/Licenciatura2026/resultados/2/20200145.html,115,3060,2590,112,166,101614,107,,No seleccionado,,Consultar
2,Licenciatura 2026,202,20200145,CIRUJANO DENTISTA,FACULTAD DE ODONTOLOGÍA,Escolarizado,https://www.dgae.unam.mx/Licenciatura2026/resultados/2/20200145.html,115,3060,2590,112,166,101692,32,,No seleccionado,,Consultar
2,Licenciatura 2026,202,20200145,CIRUJANO DENTISTA,FACULTAD DE ODONTOLOGÍA,Escolarizado,https://www.dgae.unam.mx/Licenciatura2026/resultados/2/20200145.html,115,3060,2590,112,166,101705,104,,No seleccionado,,Consultar
2,Licenciatura 2026,202,20200145,CIRUJANO DENTISTA,FACULTAD DE ODONTOLOGÍA,Escolarizado,https://www.dgae.unam.mx/Licenciatura2026/resultados/2/20200145.html,115,3060,2590,112,166,101743,74,,No seleccionado,,Consultar
2,Licenciatura 2026,202,20200145,CIRUJANO DENTISTA,FACULTAD DE ODONTOLOGÍA,Escolarizado,https://www.dgae.unam.mx/Licenciatura2026/resultados/2/20200145.html,115,3060,2590,112,166,101835,48,,No seleccionado,,Consultar
2,Licenciatura 2026,202,20200145,CIRUJANO DENTISTA,FACULTAD DE ODONTOLOGÍA,Escolarizado,https://www.dgae.unam.mx/Licenciatura2026/resultados/2/20200145.html,115,3060,2590,112,166,101862,46,,No seleccionado,,Consultar
2,Licenciatura 2026,202,20200145,CIRUJANO DENTISTA,FACULTAD DE ODONTOLOGÍA,Escolarizado,https://www.dgae.unam.mx/Licenciatura2026/resultados/2/20200145.html,115,3060,2590,112,166,101879,81,,No seleccionado,,Consultar
2,Licenciatura 2026,202,20200145,CIRUJANO DENTISTA,FACULTAD DE ODONTOLOGÍA,Escolarizado,https://www.dgae.unam.mx/Licenciatura2026/resultados/2/20200145.html,115,3060,2590,112,166,101930,,N,No presentado,,Consultar
2,Licenciatura 2026,202,20200145,CIRUJANO DENTISTA,FACULTAD DE ODONTOLOGÍA,Escolarizado,https://www.dgae.unam.mx/Licenciatura2026/resultados/2/20200145.html,115,3060,2590,112,166,101943,108,,No seleccionado,,Consultar
2,Licenciatura 2026,202,20200145,CIRUJANO DENTISTA,FACULTAD DE ODONTOLOGÍA,Escolarizado,https://www.dgae.unam.mx/Licenciatura2026/resultados/2/20200145.html,115,3060,2590,112,166,101979,,N,No presentado,,Consultar
2,Licenciatura 2026,202,20200145,CIRUJANO DENTISTA,FACULTAD DE ODONTOLOGÍA,Escolarizado,https://www.dgae.unam.mx/Licenciatura2026/resultados/2/20200145.html,115,3060,2590,112,166,101985,63,,No seleccionado,,Consultar
2,Licenciatura 2026,202,20200145,CIRUJANO DENTISTA,FACULTAD DE ODONTOLOGÍA,Escolarizado,https://www.dgae.unam.mx/Licenciatura2026/resultados/2/20200145.html,115,3060,2590,112,166,101989,94,,No seleccionado,,Consultar
2,Licenciatura 2026,202,20200145,CIRUJANO DENTISTA,FACULTAD DE ODONTOLOGÍA,Escolarizado,https://www.dgae.unam.mx/Licenciatura2026/resultados/2/20200145.html,115,3060,2590,112,166,102018,,N,No presentado,,Consultar
2,Licenciatura 2026,202,20200145,CIRUJANO DENTISTA,FACULTAD DE ODONTOLOGÍA,Escolarizado,https://www.dgae.unam.mx/Licenciatura2026/resultados/2/20200145.html,115,3060,2590,112,166,102027,48,,No seleccionado,,Consultar
2,Licenciatura 2026,202,20200145,CIRUJANO DENTISTA,FACULTAD DE ODONTOLOGÍA,Escolarizado,https://www.dgae.unam.mx/Licenciatura2026/resultados/2/20200145.html,115,3060,2590,112,166,102094,41,,No seleccionado,,Consultar
2,Licenciatura 2026,202,20200145,CIRUJANO DENTISTA,FACULTAD DE ODONTOLOGÍA,Escolarizado,https://www.dgae.unam.mx/Licenciatura2026/resultados/2/20200145.html,115,3060,2590,112,166,102150,26,,No seleccionado,,Consultar
2,Licenciatura 2026,202,20200145,CIRUJANO DENTISTA,FACULTAD DE ODONTOLOGÍA,Escolarizado,https://www.dgae.unam.mx/Licenciatura2026/resultados/2/20200145.html,115,3060,2590,112,166,102186,95,,No seleccionado,,Consultar
2,Licenciatura 2026,202,20200145,CIRUJANO DENTISTA,FACULTAD DE ODONTOLOGÍA,Escolarizado,https://www.dgae.unam.mx/Licenciatura2026/resultados/2/20200145.html,115,3060,2590,112,166,102277,35,,No seleccionado,,Consultar
2,Licenciatura 2026,202,20200145,CIRUJANO DENTISTA,FACULTAD DE ODONTOLOGÍA,Escolarizado,https://www.dgae.unam.mx/Licenciatura2026/resultados/2/20200145.html,115,3060,2590,112,166,102295,24,,No seleccionado,,Consultar
2,Licenciatura 2026,202,20200145,CIRUJANO DENTISTA,FACULTAD DE ODONTOLOGÍA,Escolarizado,https://www.dgae.unam.mx/Licenciatura2026/resultados/2/20200145.html,115,3060,2590,112,166,102306,50,,No seleccionado,,Consultar
2,Licenciatura 2026,202,20200145,CIRUJANO DENTISTA,FACULTAD DE ODONTOLOGÍA,Escolarizado,https://www.dgae.unam.mx/Licenciatura2026/resultados/2/20200145.html,115,3060,2590,112,166,102333,94,,No seleccionado,,Consultar
2,Licenciatura 2026,202,20200145,CIRUJANO DENTISTA,FACULTAD DE ODONTOLOGÍA,Escolarizado,https://www.dgae.unam.mx/Licenciatura2026/resultados/2/20200145.html,115,3060,2590,112,166,102375,97,,No seleccionado,,Consultar
2,Licenciatura 2026,202,20200145,CIRUJANO DENTISTA,FACULTAD DE ODONTOLOGÍA,Escolarizado,https://www.dgae.unam.mx/Licenciatura2026/resultados/2/20200145.html,115,3060,2590,112,166,102380,,N,No presentado,,Consultar
2,Licenciatura 2026,202,20200145,CIRUJANO DENTISTA,FACULTAD DE ODONTOLOGÍA,Escolarizado,https://www.dgae.unam.mx/Licenciatura2026/resultados/2/20200145.html,115,3060,2590,112,166,102425,45,,No seleccionado,,Consultar
2,Licenciatura 2026,202,20200145,CIRUJANO DENTISTA,FACULTAD DE ODONTOLOGÍA,Escolarizado,https://www.dgae.unam.mx/Licenciatura2026/resultados/2/20200145.html,115,3060,2590,112,166,102450,48,,No seleccionado,,Consultar
2,Licenciatura 2026,202,20200145,CIRUJANO DENTISTA,FACULTAD DE ODONTOLOGÍA,Escolarizado,https://www.dgae.unam.mx/Licenciatura2026/resultados/2/20200145.html,115,3060,2590,112,166,102459,54,,No seleccionado,,Consultar
2,Licenciatura 2026,202,20200145,CIRUJANO DENTISTA,FACULTAD DE ODONTOLOGÍA,Escolarizado,https://www.dgae.unam.mx/Licenciatura2026/resultados/2/20200145.html,115,3060,2590,112,166,102485,49,,No seleccionado,,Consultar
2,Licenciatura 2026,202,20200145,CIRUJANO DENTISTA,FACULTAD DE ODONTOLOGÍA,Escolarizado,https://www.dgae.unam.mx/Licenciatura2026/resultados/2/20200145.html,115,3060,2590,112,166,102612,112,S,Seleccionado,Cita para entregar documentación.,Consultar
2,Licenciatura 2026,202,20200145,CIRUJANO DENTISTA,FACULTAD DE ODONTOLOGÍA,Escolarizado,https://www.dgae.unam.mx/Licenciatura2026/resultados/2/20200145.html,115,3060,2590,112,166,102627,98,,No seleccionado,,Consultar
2,Licenciatura 2026,202,20200145,CIRUJANO DENTISTA,FACULTAD DE ODONTOLOGÍA,Escolarizado,https://www.dgae.unam.mx/Licenciatura2026/resultados/2/20200145.html,115,3060,2590,112,166,102628,94,,No seleccionado,,Consultar
2,Licenciatura 2026,202,20200145,CIRUJANO DENTISTA,FACULTAD DE ODONTOLOGÍA,Escolarizado,https://www.dgae.unam.mx/Licenciatura2026/resultados/2/20200145.html,115,3060,2590,112,166,102633,35,,No seleccionado,,Consultar
2,Licenciatura 2026,202,20200145,CIRUJANO DENTISTA,FACULTAD DE ODONTOLOGÍA,Escolarizado,https://www.dgae.unam.mx/Licenciatura2026/resultados/2/20200145.html,115,3060,2590,112,166,102652,111,,No seleccionado,,Consultar
2,Licenciatura 2026,202,20200145,CIRUJANO DENTISTA,FACULTAD DE ODONTOLOGÍA,Escolarizado,https://www.dgae.unam.mx/Licenciatura2026/resultados/2/20200145.html,115,3060,2590,112,166,102659,,N,No presentado,,Consultar
2,Licenciatura 2026,202,20200145,CIRUJANO DENTISTA,FACULTAD DE ODONTOLOGÍA,Escolarizado,https://www.dgae.unam.mx/Licenciatura2026/resultados/2/20200145.html,115,3060,2590,112,166,102689,110,,No seleccionado,,Consultar
2,Licenciatura 2026,202,20200145,CIRUJANO DENTISTA,FACULTAD DE ODONTOLOGÍA,Escolarizado,https://www.dgae.unam.mx/Licenciatura2026/resultados/2/20200145.html,115,3060,2590,112,166,102698,67,,No seleccionado,,Consultar
2,Licenciatura 2026,202,20200145,CIRUJANO DENTISTA,FACULTAD DE ODONTOLOGÍA,Escolarizado,https://www.dgae.unam.mx/Licenciatura2026/resultados/2/20200145.html,115,3060,2590,112,166,102724,53,,No seleccionado,,Consultar
2,Licenciatura 2026,202,20200145,CIRUJANO DENTISTA,FACULTAD DE ODONTOLOGÍA,Escolarizado,https://www.dgae.unam.mx/Licenciatura2026/resultados/2/20200145.html,115,3060,2590,112,166,102745,85,,No seleccionado,,Consultar
2,Licenciatura 2026,202,20200145,CIRUJANO DENTISTA,FACULTAD DE ODONTOLOGÍA,Escolarizado,https://www.dgae.unam.mx/Licenciatura2026/resultados/2/20200145.html,115,3060,2590,112,166,102749,88,,No seleccionado,,Consultar
2,Licenciatura 2026,202,20200145,CIRUJANO DENTISTA,FACULTAD DE ODONTOLOGÍA,Escolarizado,https://www.dgae.unam.mx/Licenciatura2026/resultados/2/20200145.html,115,3060,2590,112,166,102753,64,,No seleccionado,,Consultar
2,Licenciatura 2026,202,20200145,CIRUJANO DENTISTA,FACULTAD DE ODONTOLOGÍA,Escolarizado,https://www.dgae.unam.mx/Licenciatura2026/resultados/2/20200145.html,115,3060,2590,112,166,102870,38,,No seleccionado,,Consultar
2,Licenciatura 2026,202,20200145,CIRUJANO DENTISTA,FACULTAD DE ODONTOLOGÍA,Escolarizado,https://www.dgae.unam.mx/Licenciatura2026/resultados/2/20200145.html,115,3060,2590,112,166,102890,92,,No seleccionado,,Consultar
2,Licenciatura 2026,202,20200145,CIRUJANO DENTISTA,FACULTAD DE ODONTOLOGÍA,Escolarizado,https://www.dgae.unam.mx/Licenciatura2026/resultados/2/20200145.html,115,3060,2590,112,166,102891,72,,No seleccionado,,Consultar
2,Licenciatura 2026,202,20200145,CIRUJANO DENTISTA,FACULTAD DE ODONTOLOGÍA,Escolarizado,https://www.dgae.unam.mx/Licenciatura2026/resultados/2/20200145.html,115,3060,2590,112,166,102933,75,,No seleccionado,,Consultar
2,Licenciatura 2026,202,20200145,CIRUJANO DENTISTA,FACULTAD DE ODONTOLOGÍA,Escolarizado,https://www.dgae.unam.mx/Licenciatura2026/resultados/2/20200145.html,115,3060,2590,112,166,102937,59,,No seleccionado,,Consultar
2,Licenciatura 2026,202,20200145,CIRUJANO DENTISTA,FACULTAD DE ODONTOLOGÍA,Escolarizado,https://www.dgae.unam.mx/Licenciatura2026/resultados/2/20200145.html,115,3060,2590,112,166,102952,96,,No seleccionado,,Consultar
2,Licenciatura 2026,202,20200145,CIRUJANO DENTISTA,FACULTAD DE ODONTOLOGÍA,Escolarizado,https://www.dgae.unam.mx/Licenciatura2026/resultados/2/20200145.html,115,3060,2590,112,166,103007,66,,No seleccionado,,Consultar
2,Licenciatura 2026,202,20200145,CIRUJANO DENTISTA,FACULTAD DE ODONTOLOGÍA,Escolarizado,https://www.dgae.unam.mx/Licenciatura2026/resultados/2/20200145.html,115,3060,2590,112,166,103018,64,,No seleccionado,,Consultar
2,Licenciatura 2026,202,20200145,CIRUJANO DENTISTA,FACULTAD DE ODONTOLOGÍA,Escolarizado,https://www.dgae.unam.mx/Licenciatura2026/resultados/2/20200145.html,115,3060,2590,112,166,103028,108,,No seleccionado,,Consultar
2,Licenciatura 2026,202,20200145,CIRUJANO DENTISTA,FACULTAD DE ODONTOLOGÍA,Escolarizado,https://www.dgae.unam.mx/Licenciatura2026/resultados/2/20200145.html,115,3060,2590,112,166,103056,76,,No seleccionado,,Consultar
2,Licenciatura 2026,202,20200145,CIRUJANO DENTISTA,FACULTAD DE ODONTOLOGÍA,Escolarizado,https://www.dgae.unam.mx/Licenciatura2026/resultados/2/20200145.html,115,3060,2590,112,166,103057,67,,No seleccionado,,Consultar
2,Licenciatura 2026,202,20200145,CIRUJANO DENTISTA,FACULTAD DE ODONTOLOGÍA,Escolarizado,https://www.dgae.unam.mx/Licenciatura2026/resultados/2/20200145.html,115,3060,2590,112,166,103145,60,,No seleccionado,,Consultar
2,Licenciatura 2026,202,20200145,CIRUJANO DENTISTA,FACULTAD DE ODONTOLOGÍA,Escolarizado,https://www.dgae.unam.mx/Licenciatura2026/resultados/2/20200145.html,115,3060,2590,112,166,103155,64,,No seleccionado,,Consultar
2,Licenciatura 2026,202,20200145,CIRUJANO DENTISTA,FACULTAD DE ODONTOLOGÍA,Escolarizado,https://www.dgae.unam.mx/Licenciatura2026/resultados/2/20200145.html,115,3060,2590,112,166,103214,56,,No seleccionado,,Consultar
2,Licenciatura 2026,202,20200145,CIRUJANO DENTISTA,FACULTAD DE ODONTOLOGÍA,Escolarizado,https://www.dgae.unam.mx/Licenciatura2026/resultados/2/20200145.html,115,3060,2590,112,166,103238,38,,No seleccionado,,Consultar
2,Licenciatura 2026,202,20200145,CIRUJANO DENTISTA,FACULTAD DE ODONTOLOGÍA,Escolarizado,https://www.dgae.unam.mx/Licenciatura2026/resultados/2/20200145.html,115,3060,2590,112,166,103249,94,,No seleccionado,,Consultar
2,Licenciatura 2026,202,20200145,CIRUJANO DENTISTA,FACULTAD DE ODONTOLOGÍA,Escolarizado,https://www.dgae.unam.mx/Licenciatura2026/resultados/2/20200145.html,115,3060,2590,112,166,103268,78,,No seleccionado,,Consultar
2,Licenciatura 2026,202,20200145,CIRUJANO DENTISTA,FACULTAD DE ODONTOLOGÍA,Escolarizado,https://www.dgae.unam.mx/Licenciatura2026/resultados/2/20200145.html,115,3060,2590,112,166,103270,100,,No seleccionado,,Consultar
2,Licenciatura 2026,202,20200145,CIRUJANO DENTISTA,FACULTAD DE ODONTOLOGÍA,Escolarizado,https://www.dgae.unam.mx/Licenciatura2026/resultados/2/20200145.html,115,3060,2590,112,166,103275,44,,No seleccionado,,Consultar
2,Licenciatura 2026,202,20200145,CIRUJANO DENTISTA,FACULTAD DE ODONTOLOGÍA,Escolarizado,https://www.dgae.unam.mx/Licenciatura2026/resultados/2/20200145.html,115,3060,2590,112,166,103286,100,,No seleccionado,,Consultar
2,Licenciatura 2026,202,20200145,CIRUJANO DENTISTA,FACULTAD DE ODONTOLOGÍA,Escolarizado,https://www.dgae.unam.mx/Licenciatura2026/resultados/2/20200145.html,115,3060,2590,112,166,103297,73,,No seleccionado,,Consultar
2,Licenciatura 2026,202,20200145,CIRUJANO DENTISTA,FACULTAD DE ODONTOLOGÍA,Escolarizado,https://www.dgae.unam.mx/Licenciatura2026/resultados/2/20200145.html,115,3060,2590,112,166,103301,75,,No seleccionado,,Consultar
2,Licenciatura 2026,202,20200145,CIRUJANO DENTISTA,FACULTAD DE ODONTOLOGÍA,Escolarizado,https://www.dgae.unam.mx/Licenciatura2026/resultados/2/20200145.html,115,3060,2590,112,166,103312,94,,No seleccionado,,Consultar
2,Licenciatura 2026,202,20200145,CIRUJANO DENTISTA,FACULTAD DE ODONTOLOGÍA,Escolarizado,https://www.dgae.unam.mx/Licenciatura2026/resultados/2/20200145.html,115,3060,2590,112,166,103357,106,,No seleccionado,,Consultar
2,Licenciatura 2026,202,20200145,CIRUJANO DENTISTA,FACULTAD DE ODONTOLOGÍA,Escolarizado,https://www.dgae.unam.mx/Licenciatura2026/resultados/2/20200145.html,115,3060,2590,112,166,103362,50,,No seleccionado,,Consultar
2,Licenciatura 2026,202,20200145,CIRUJANO DENTISTA,FACULTAD DE ODONTOLOGÍA,Escolarizado,https://www.dgae.unam.mx/Licenciatura2026/resultados/2/20200145.html,115,3060,2590,112,166,103363,49,,No seleccionado,,Consultar
2,Licenciatura 2026,202,20200145,CIRUJANO DENTISTA,FACULTAD DE ODONTOLOGÍA,Escolarizado,https://www.dgae.unam.mx/Licenciatura2026/resultados/2/20200145.html,115,3060,2590,112,166,103387,69,,No seleccionado,,Consultar
2,Licenciatura 2026,202,20200145,CIRUJANO DENTISTA,FACULTAD DE ODONTOLOGÍA,Escolarizado,https://www.dgae.unam.mx/Licenciatura2026/resultados/2/20200145.html,115,3060,2590,112,166,103435,44,,No seleccionado,,Consultar
2,Licenciatura 2026,202,20200145,CIRUJANO DENTISTA,FACULTAD DE ODONTOLOGÍA,Escolarizado,https://www.dgae.unam.mx/Licenciatura2026/resultados/2/20200145.html,115,3060,2590,112,166,103438,76,,No seleccionado,,Consultar
2,Licenciatura 2026,202,20200145,CIRUJANO DENTISTA,FACULTAD DE ODONTOLOGÍA,Escolarizado,https://www.dgae.unam.mx/Licenciatura2026/resultados/2/20200145.html,115,3060,2590,112,166,103457,25,,No seleccionado,,Consultar
2,Licenciatura 2026,202,20200145,CIRUJANO DENTISTA,FACULTAD DE ODONTOLOGÍA,Escolarizado,https://www.dgae.unam.mx/Licenciatura2026/resultados/2/20200145.html,115,3060,2590,112,166,103483,34,,No seleccionado,,Consultar
2,Licenciatura 2026,202,20200145,CIRUJANO DENTISTA,FACULTAD DE ODONTOLOGÍA,Escolarizado,https://www.dgae.unam.mx/Licenciatura2026/resultados/2/20200145.html,115,3060,2590,112,166,103551,62,,No seleccionado,,Consultar
2,Licenciatura 2026,202,20200145,CIRUJANO DENTISTA,FACULTAD DE ODONTOLOGÍA,Escolarizado,https://www.dgae.unam.mx/Licenciatura2026/resultados/2/20200145.html,115,3060,2590,112,166,103553,103,,No seleccionado,,Consultar
2,Licenciatura 2026,202,20200145,CIRUJANO DENTISTA,FACULTAD DE ODONTOLOGÍA,Escolarizado,https://www.dgae.unam.mx/Licenciatura2026/resultados/2/20200145.html,115,3060,2590,112,166,103557,49,,No seleccionado,,Consultar
2,Licenciatura 2026,202,20200145,CIRUJANO DENTISTA,FACULTAD DE ODONTOLOGÍA,Escolarizado,https://www.dgae.unam.mx/Licenciatura2026/resultados/2/20200145.html,115,3060,2590,112,166,103607,50,,No seleccionado,,Consultar
2,Licenciatura 2026,202,20200145,CIRUJANO DENTISTA,FACULTAD DE ODONTOLOGÍA,Escolarizado,https://www.dgae.unam.mx/Licenciatura2026/resultados/2/20200145.html,115,3060,2590,112,166,103641,70,,No seleccionado,,Consultar
2,Licenciatura 2026,202,20200145,CIRUJANO DENTISTA,FACULTAD DE ODONTOLOGÍA,Escolarizado,https://www.dgae.unam.mx/Licenciatura2026/resultados/2/20200145.html,115,3060,2590,112,166,103645,110,,No seleccionado,,Consultar
2,Licenciatura 2026,202,20200145,CIRUJANO DENTISTA,FACULTAD DE ODONTOLOGÍA,Escolarizado,https://www.dgae.unam.mx/Licenciatura2026/resultados/2/20200145.html,115,3060,2590,112,166,103662,93,,No seleccionado,,Consultar
2,Licenciatura 2026,202,20200145,CIRUJANO DENTISTA,FACULTAD DE ODONTOLOGÍA,Escolarizado,https://www.dgae.unam.mx/Licenciatura2026/resultados/2/20200145.html,115,3060,2590,112,166,103663,,C,Cancelado,,Consultar
2,Licenciatura 2026,202,20200145,CIRUJANO DENTISTA,FACULTAD DE ODONTOLOGÍA,Escolarizado,https://www.dgae.unam.mx/Licenciatura2026/resultados/2/20200145.html,115,3060,2590,112,166,103736,,N,No presentado,,Consultar
2,Licenciatura 2026,202,20200145,CIRUJANO DENTISTA,FACULTAD DE ODONTOLOGÍA,Escolarizado,https://www.dgae.unam.mx/Licenciatura2026/resultados/2/20200145.html,115,3060,2590,112,166,103738,55,,No seleccionado,,Consultar
2,Licenciatura 2026,202,20200145,CIRUJANO DENTISTA,FACULTAD DE ODONTOLOGÍA,Escolarizado,https://www.dgae.unam.mx/Licenciatura2026/resultados/2/20200145.html,115,3060,2590,112,166,103779,,C,Cancelado,,Consultar
2,Licenciatura 2026,202,20200145,CIRUJANO DENTISTA,FACULTAD DE ODONTOLOGÍA,Escolarizado,https://www.dgae.unam.mx/Licenciatura2026/resultados/2/20200145.html,115,3060,2590,112,166,103782,,C,Cancelado,,Consultar
2,Licenciatura 2026,202,20200145,CIRUJANO DENTISTA,FACULTAD DE ODONTOLOGÍA,Escolarizado,https://www.dgae.unam.mx/Licenciatura2026/resultados/2/20200145.html,115,3060,2590,112,166,103796,,C,Cancelado,,Consultar
2,Licenciatura 2026,202,20200145,CIRUJANO DENTISTA,FACULTAD DE ODONTOLOGÍA,Escolarizado,https://www.dgae.unam.mx/Licenciatura2026/resultados/2/20200145.html,115,3060,2590,112,166,103824,88,,No seleccionado,,Consultar
2,Licenciatura 2026,202,20200145,CIRUJANO DENTISTA,FACULTAD DE ODONTOLOGÍA,Escolarizado,https://www.dgae.unam.mx/Licenciatura2026/resultados/2/20200145.html,115,3060,2590,112,166,103856,98,,No seleccionado,,Consultar
2,Licenciatura 2026,202,20200145,CIRUJANO DENTISTA,FACULTAD DE ODONTOLOGÍA,Escolarizado,https://www.dgae.unam.mx/Licenciatura2026/resultados/2/20200145.html,115,3060,2590,112,166,103962,106,,No seleccionado,,Consultar
2,Licenciatura 2026,202,20200145,CIRUJANO DENTISTA,FACULTAD DE ODONTOLOGÍA,Escolarizado,https://www.dgae.unam.mx/Licenciatura2026/resultados/2/20200145.html,115,3060,2590,112,166,103967,41,,No seleccionado,,Consultar
2,Licenciatura 2026,202,20200145,CIRUJANO DENTISTA,FACULTAD DE ODONTOLOGÍA,Escolarizado,https://www.dgae.unam.mx/Licenciatura2026/resultados/2/20200145.html,115,3060,2590,112,166,104005,80,,No seleccionado,,Consultar
2,Licenciatura 2026,202,20200145,CIRUJANO DENTISTA,FACULTAD DE ODONTOLOGÍA,Escolarizado,https://www.dgae.unam.mx/Licenciatura2026/resultados/2/20200145.html,115,3060,2590,112,166,104040,34,,No seleccionado,,Consultar
2,Licenciatura 2026,202,20200145,CIRUJANO DENTISTA,FACULTAD DE ODONTOLOGÍA,Escolarizado,https://www.dgae.unam.mx/Licenciatura2026/resultados/2/20200145.html,115,3060,2590,112,166,104052,57,,No seleccionado,,Consultar
2,Licenciatura 2026,202,20200145,CIRUJANO DENTISTA,FACULTAD DE ODONTOLOGÍA,Escolarizado,https://www.dgae.unam.mx/Licenciatura2026/resultados/2/20200145.html,115,3060,2590,112,166,104075,82,,No seleccionado,,Consultar
2,Licenciatura 2026,202,20200145,CIRUJANO DENTISTA,FACULTAD DE ODONTOLOGÍA,Escolarizado,https://www.dgae.unam.mx/Licenciatura2026/resultados/2/20200145.html,115,3060,2590,112,166,104120,46,,No seleccionado,,Consultar
2,Licenciatura 2026,202,20200145,CIRUJANO DENTISTA,FACULTAD DE ODONTOLOGÍA,Escolarizado,https://www.dgae.unam.mx/Licenciatura2026/resultados/2/20200145.html,115,3060,2590,112,166,104146,50,,No seleccionado,,Consultar
2,Licenciatura 2026,202,20200145,CIRUJANO DENTISTA,FACULTAD DE ODONTOLOGÍA,Escolarizado,https://www.dgae.unam.mx/Licenciatura2026/resultados/2/20200145.html,115,3060,2590,112,166,104151,66,,No seleccionado,,Consultar
2,Licenciatura 2026,202,20200145,CIRUJANO DENTISTA,FACULTAD DE ODONTOLOGÍA,Escolarizado,https://www.dgae.unam.mx/Licenciatura2026/resultados/2/20200145.html,115,3060,2590,112,166,104157,106,,No seleccionado,,Consultar
2,Licenciatura 2026,202,20200145,CIRUJANO DENTISTA,FACULTAD DE ODONTOLOGÍA,Escolarizado,https://www.dgae.unam.mx/Licenciatura2026/resultados/2/20200145.html,115,3060,2590,112,166,104182,38,,No seleccionado,,Consultar
2,Licenciatura 2026,202,20200145,CIRUJANO DENTISTA,FACULTAD DE ODONTOLOGÍA,Escolarizado,https://www.dgae.unam.mx/Licenciatura2026/resultados/2/20200145.html,115,3060,2590,112,166,104224,103,,No seleccionado,,Consultar
2,Licenciatura 2026,202,20200145,CIRUJANO DENTISTA,FACULTAD DE ODONTOLOGÍA,Escolarizado,https://www.dgae.unam.mx/Licenciatura2026/resultados/2/20200145.html,115,3060,2590,112,166,104288,103,,No seleccionado,,Consultar
2,Licenciatura 2026,202,20200145,CIRUJANO DENTISTA,FACULTAD DE ODONTOLOGÍA,Escolarizado,https://www.dgae.unam.mx/Licenciatura2026/resultados/2/20200145.html,115,3060,2590,112,166,104294,,N,No presentado,,Consultar
2,Licenciatura 2026,202,20200145,CIRUJANO DENTISTA,FACULTAD DE ODONTOLOGÍA,Escolarizado,https://www.dgae.unam.mx/Licenciatura2026/resultados/2/20200145.html,115,3060,2590,112,166,104304,95,,No seleccionado,,Consultar
2,Licenciatura 2026,202,20200145,CIRUJANO DENTISTA,FACULTAD DE ODONTOLOGÍA,Escolarizado,https://www.dgae.unam.mx/Licenciatura2026/resultados/2/20200145.html,115,3060,2590,112,166,104308,108,,No seleccionado,,Consultar
2,Licenciatura 2026,202,20200145,CIRUJANO DENTISTA,FACULTAD DE ODONTOLOGÍA,Escolarizado,https://www.dgae.unam.mx/Licenciatura2026/resultados/2/20200145.html,115,3060,2590,112,166,104312,,N,No presentado,,Consultar
2,Licenciatura 2026,202,20200145,CIRUJANO DENTISTA,FACULTAD DE ODONTOLOGÍA,Escolarizado,https://www.dgae.unam.mx/Licenciatura2026/resultados/2/20200145.html,115,3060,2590,112,166,104437,85,,No seleccionado,,Consultar
2,Licenciatura 2026,202,20200145,CIRUJANO DENTISTA,FACULTAD DE ODONTOLOGÍA,Escolarizado,https://www.dgae.unam.mx/Licenciatura2026/resultados/2/20200145.html,115,3060,2590,112,166,104439,56,,No seleccionado,,Consultar
2,Licenciatura 2026,202,20200145,CIRUJANO DENTISTA,FACULTAD DE ODONTOLOGÍA,Escolarizado,https://www.dgae.unam.mx/Licenciatura2026/resultados/2/20200145.html,115,3060,2590,112,166,104458,91,,No seleccionado,,Consultar
2,Licenciatura 2026,202,20200145,CIRUJANO DENTISTA,FACULTAD DE ODONTOLOGÍA,Escolarizado,https://www.dgae.unam.mx/Licenciatura2026/resultados/2/20200145.html,115,3060,2590,112,166,104468,39,,No seleccionado,,Consultar
2,Licenciatura 2026,202,20200145,CIRUJANO DENTISTA,FACULTAD DE ODONTOLOGÍA,Escolarizado,https://www.dgae.unam.mx/Licenciatura2026/resultados/2/20200145.html,115,3060,2590,112,166,104508,40,,No seleccionado,,Consultar
2,Licenciatura 2026,202,20200145,CIRUJANO DENTISTA,FACULTAD DE ODONTOLOGÍA,Escolarizado,https://www.dgae.unam.mx/Licenciatura2026/resultados/2/20200145.html,115,3060,2590,112,166,104519,55,,No seleccionado,,Consultar
2,Licenciatura 2026,202,20200145,CIRUJANO DENTISTA,FACULTAD DE ODONTOLOGÍA,Escolarizado,https://www.dgae.unam.mx/Licenciatura2026/resultados/2/20200145.html,115,3060,2590,112,166,104552,78,,No seleccionado,,Consultar
2,Licenciatura 2026,202,20200145,CIRUJANO DENTISTA,FACULTAD DE ODONTOLOGÍA,Escolarizado,https://www.dgae.unam.mx/Licenciatura2026/resultados/2/20200145.html,115,3060,2590,112,166,104601,,N,No presentado,,Consultar
2,Licenciatura 2026,202,20200145,CIRUJANO DENTISTA,FACULTAD DE ODONTOLOGÍA,Escolarizado,https://www.dgae.unam.mx/Licenciatura2026/resultados/2/20200145.html,115,3060,2590,112,166,104610,72,,No seleccionado,,Consultar
2,Licenciatura 2026,202,20200145,CIRUJANO DENTISTA,FACULTAD DE ODONTOLOGÍA,Escolarizado,https://www.dgae.unam.mx/Licenciatura2026/resultados/2/20200145.html,115,3060,2590,112,166,104637,76,,No seleccionado,,Consultar
2,Licenciatura 2026,202,20200145,CIRUJANO DENTISTA,FACULTAD DE ODONTOLOGÍA,Escolarizado,https://www.dgae.unam.mx/Licenciatura2026/resultados/2/20200145.html,115,3060,2590,112,166,104771,84,,No seleccionado,,Consultar
2,Licenciatura 2026,202,20200145,CIRUJANO DENTISTA,FACULTAD DE ODONTOLOGÍA,Escolarizado,https://www.dgae.unam.mx/Licenciatura2026/resultados/2/20200145.html,115,3060,2590,112,166,104824,105,,No seleccionado,,Consultar
2,Licenciatura 2026,202,20200145,CIRUJANO DENTISTA,FACULTAD DE ODONTOLOGÍA,Escolarizado,https://www.dgae.unam.mx/Licenciatura2026/resultados/2/20200145.html,115,3060,2590,112,166,104877,103,,No seleccionado,,Consultar
2,Licenciatura 2026,202,20200145,CIRUJANO DENTISTA,FACULTAD DE ODONTOLOGÍA,Escolarizado,https://www.dgae.unam.mx/Licenciatura2026/resultados/2/20200145.html,115,3060,2590,112,166,104879,108,,No seleccionado,,Consultar
2,Licenciatura 2026,202,20200145,CIRUJANO DENTISTA,FACULTAD DE ODONTOLOGÍA,Escolarizado,https://www.dgae.unam.mx/Licenciatura2026/resultados/2/20200145.html,115,3060,2590,112,166,104891,,C,Cancelado,,Consultar
2,Licenciatura 2026,202,20200145,CIRUJANO DENTISTA,FACULTAD DE ODONTOLOGÍA,Escolarizado,https://www.dgae.unam.mx/Licenciatura2026/resultados/2/20200145.html,115,3060,2590,112,166,104924,95,,No seleccionado,,Consultar
2,Licenciatura 2026,202,20200145,CIRUJANO DENTISTA,FACULTAD DE ODONTOLOGÍA,Escolarizado,https://www.dgae.unam.mx/Licenciatura2026/resultados/2/20200145.html,115,3060,2590,112,166,104950,113,S,Seleccionado,Cita para entregar documentación.,Consultar
2,Licenciatura 2026,202,20200145,CIRUJANO DENTISTA,FACULTAD DE ODONTOLOGÍA,Escolarizado,https://www.dgae.unam.mx/Licenciatura2026/resultados/2/20200145.html,115,3060,2590,112,166,104968,,N,No presentado,,Consultar
2,Licenciatura 2026,202,20200145,CIRUJANO DENTISTA,FACULTAD DE ODONTOLOGÍA,Escolarizado,https://www.dgae.unam.mx/Licenciatura2026/resultados/2/20200145.html,115,3060,2590,112,166,104979,96,,No seleccionado,,Consultar
2,Licenciatura 2026,202,20200145,CIRUJANO DENTISTA,FACULTAD DE ODONTOLOGÍA,Escolarizado,https://www.dgae.unam.mx/Licenciatura2026/resultados/2/20200145.html,115,3060,2590,112,166,105045,27,,No seleccionado,,Consultar
2,Licenciatura 2026,202,20200145,CIRUJANO DENTISTA,FACULTAD DE ODONTOLOGÍA,Escolarizado,https://www.dgae.unam.mx/Licenciatura2026/resultados/2/20200145.html,115,3060,2590,112,166,105060,112,S,Seleccionado,,Consultar
2,Licenciatura 2026,202,20200145,CIRUJANO DENTISTA,FACULTAD DE ODONTOLOGÍA,Escolarizado,https://www.dgae.unam.mx/Licenciatura2026/resultados/2/20200145.html,115,3060,2590,112,166,105096,61,,No seleccionado,,Consultar
2,Licenciatura 2026,202,20200145,CIRUJANO DENTISTA,FACULTAD DE ODONTOLOGÍA,Escolarizado,https://www.dgae.unam.mx/Licenciatura2026/resultados/2/20200145.html,115,3060,2590,112,166,105122,96,,No seleccionado,,Consultar
2,Licenciatura 2026,202,20200145,CIRUJANO DENTISTA,FACULTAD DE ODONTOLOGÍA,Escolarizado,https://www.dgae.unam.mx/Licenciatura2026/resultados/2/20200145.html,115,3060,2590,112,166,105135,38,,No seleccionado,,Consultar
2,Licenciatura 2026,202,20200145,CIRUJANO DENTISTA,FACULTAD DE ODONTOLOGÍA,Escolarizado,https://www.dgae.unam.mx/Licenciatura2026/resultados/2/20200145.html,115,3060,2590,112,166,105178,99,,No seleccionado,,Consultar
2,Licenciatura 2026,202,20200145,CIRUJANO DENTISTA,FACULTAD DE ODONTOLOGÍA,Escolarizado,https://www.dgae.unam.mx/Licenciatura2026/resultados/2/20200145.html,115,3060,2590,112,166,105234,,N,No presentado,,Consultar
2,Licenciatura 2026,202,20200145,CIRUJANO DENTISTA,FACULTAD DE ODONTOLOGÍA,Escolarizado,https://www.dgae.unam.mx/Licenciatura2026/resultados/2/20200145.html,115,3060,2590,112,166,105293,46,,No seleccionado,,Consultar
2,Licenciatura 2026,202,20200145,CIRUJANO DENTISTA,FACULTAD DE ODONTOLOGÍA,Escolarizado,https://www.dgae.unam.mx/Licenciatura2026/resultados/2/20200145.html,115,3060,2590,112,166,105312,98,,No seleccionado,,Consultar
2,Licenciatura 2026,202,20200145,CIRUJANO DENTISTA,FACULTAD DE ODONTOLOGÍA,Escolarizado,https://www.dgae.unam.mx/Licenciatura2026/resultados/2/20200145.html,115,3060,2590,112,166,105349,75,,No seleccionado,,Consultar
2,Licenciatura 2026,202,20200145,CIRUJANO DENTISTA,FACULTAD DE ODONTOLOGÍA,Escolarizado,https://www.dgae.unam.mx/Licenciatura2026/resultados/2/20200145.html,115,3060,2590,112,166,105402,27,,No seleccionado,,Consultar
2,Licenciatura 2026,202,20200145,CIRUJANO DENTISTA,FACULTAD DE ODONTOLOGÍA,Escolarizado,https://www.dgae.unam.mx/Licenciatura2026/resultados/2/20200145.html,115,3060,2590,112,166,105434,93,,No seleccionado,,Consultar
2,Licenciatura 2026,202,20200145,CIRUJANO DENTISTA,FACULTAD DE ODONTOLOGÍA,Escolarizado,https://www.dgae.unam.mx/Licenciatura2026/resultados/2/20200145.html,115,3060,2590,112,166,105440,52,,No seleccionado,,Consultar
2,Licenciatura 2026,202,20200145,CIRUJANO DENTISTA,FACULTAD DE ODONTOLOGÍA,Escolarizado,https://www.dgae.unam.mx/Licenciatura2026/resultados/2/20200145.html,115,3060,2590,112,166,105449,97,,No seleccionado,,Consultar
2,Licenciatura 2026,202,20200145,CIRUJANO DENTISTA,FACULTAD DE ODONTOLOGÍA,Escolarizado,https://www.dgae.unam.mx/Licenciatura2026/resultados/2/20200145.html,115,3060,2590,112,166,105471,93,,No seleccionado,,Consultar
2,Licenciatura 2026,202,20200145,CIRUJANO DENTISTA,FACULTAD DE ODONTOLOGÍA,Escolarizado,https://www.dgae.unam.mx/Licenciatura2026/resultados/2/20200145.html,115,3060,2590,112,166,105474,41,,No seleccionado,,Consultar
2,Licenciatura 2026,202,20200145,CIRUJANO DENTISTA,FACULTAD DE ODONTOLOGÍA,Escolarizado,https://www.dgae.unam.mx/Licenciatura2026/resultados/2/20200145.html,115,3060,2590,112,166,105528,,C,Cancelado,,Consultar
2,Licenciatura 2026,202,20200145,CIRUJANO DENTISTA,FACULTAD DE ODONTOLOGÍA,Escolarizado,https://www.dgae.unam.mx/Licenciatura2026/resultados/2/20200145.html,115,3060,2590,112,166,105538,37,,No seleccionado,,Consultar
2,Licenciatura 2026,202,20200145,CIRUJANO DENTISTA,FACULTAD DE ODONTOLOGÍA,Escolarizado,https://www.dgae.unam.mx/Licenciatura2026/resultados/2/20200145.html,115,3060,2590,112,166,105556,44,,No seleccionado,,Consultar
2,Licenciatura 2026,202,20200145,CIRUJANO DENTISTA,FACULTAD DE ODONTOLOGÍA,Escolarizado,https://www.dgae.unam.mx/Licenciatura2026/resultados/2/20200145.html,115,3060,2590,112,166,105591,88,,No seleccionado,,Consultar
2,Licenciatura 2026,202,20200145,CIRUJANO DENTISTA,FACULTAD DE ODONTOLOGÍA,Escolarizado,https://www.dgae.unam.mx/Licenciatura2026/resultados/2/20200145.html,115,3060,2590,112,166,105595,77,,No seleccionado,,Consultar
2,Licenciatura 2026,202,20200145,CIRUJANO DENTISTA,FACULTAD DE ODONTOLOGÍA,Escolarizado,https://www.dgae.unam.mx/Licenciatura2026/resultados/2/20200145.html,115,3060,2590,112,166,105612,67,,No seleccionado,,Consultar
2,Licenciatura 2026,202,20200145,CIRUJANO DENTISTA,FACULTAD DE ODONTOLOGÍA,Escolarizado,https://www.dgae.unam.mx/Licenciatura2026/resultados/2/20200145.html,115,3060,2590,112,166,105649,62,,No seleccionado,,Consultar
2,Licenciatura 2026,202,20200145,CIRUJANO DENTISTA,FACULTAD DE ODONTOLOGÍA,Escolarizado,https://www.dgae.unam.mx/Licenciatura2026/resultados/2/20200145.html,115,3060,2590,112,166,105654,108,,No seleccionado,,Consultar
2,Licenciatura 2026,202,20200145,CIRUJANO DENTISTA,FACULTAD DE ODONTOLOGÍA,Escolarizado,https://www.dgae.unam.mx/Licenciatura2026/resultados/2/20200145.html,115,3060,2590,112,166,105681,76,,No seleccionado,,Consultar
2,Licenciatura 2026,202,20200145,CIRUJANO DENTISTA,FACULTAD DE ODONTOLOGÍA,Escolarizado,https://www.dgae.unam.mx/Licenciatura2026/resultados/2/20200145.html,115,3060,2590,112,166,105704,97,,No seleccionado,,Consultar
2,Licenciatura 2026,202,20200145,CIRUJANO DENTISTA,FACULTAD DE ODONTOLOGÍA,Escolarizado,https://www.dgae.unam.mx/Licenciatura2026/resultados/2/20200145.html,115,3060,2590,112,166,105724,,N,No presentado,,Consultar
2,Licenciatura 2026,202,20200145,CIRUJANO DENTISTA,FACULTAD DE ODONTOLOGÍA,Escolarizado,https://www.dgae.unam.mx/Licenciatura2026/resultados/2/20200145.html,115,3060,2590,112,166,105772,,N,No presentado,,Consultar
2,Licenciatura 2026,202,20200145,CIRUJANO DENTISTA,FACULTAD DE ODONTOLOGÍA,Escolarizado,https://www.dgae.unam.mx/Licenciatura2026/resultados/2/20200145.html,115,3060,2590,112,166,105846,31,,No seleccionado,,Consultar
2,Licenciatura 2026,202,20200145,CIRUJANO DENTISTA,FACULTAD DE ODONTOLOGÍA,Escolarizado,https://www.dgae.unam.mx/Licenciatura2026/resultados/2/20200145.html,115,3060,2590,112,166,105891,118,S,Seleccionado,,Consultar
2,Licenciatura 2026,202,20200145,CIRUJANO DENTISTA,FACULTAD DE ODONTOLOGÍA,Escolarizado,https://www.dgae.unam.mx/Licenciatura2026/resultados/2/20200145.html,115,3060,2590,112,166,105899,42,,No seleccionado,,Consultar
2,Licenciatura 2026,202,20200145,CIRUJANO DENTISTA,FACULTAD DE ODONTOLOGÍA,Escolarizado,https://www.dgae.unam.mx/Licenciatura2026/resultados/2/20200145.html,115,3060,2590,112,166,105970,102,,No seleccionado,,Consultar
2,Licenciatura 2026,202,20200145,CIRUJANO DENTISTA,FACULTAD DE ODONTOLOGÍA,Escolarizado,https://www.dgae.unam.mx/Licenciatura2026/resultados/2/20200145.html,115,3060,2590,112,166,105984,111,,No seleccionado,,Consultar
2,Licenciatura 2026,202,20200145,CIRUJANO DENTISTA,FACULTAD DE ODONTOLOGÍA,Escolarizado,https://www.dgae.unam.mx/Licenciatura2026/resultados/2/20200145.html,115,3060,2590,112,166,105986,109,,No seleccionado,,Consultar
2,Licenciatura 2026,202,20200145,CIRUJANO DENTISTA,FACULTAD DE ODONTOLOGÍA,Escolarizado,https://www.dgae.unam.mx/Licenciatura2026/resultados/2/20200145.html,115,3060,2590,112,166,106076,33,,No seleccionado,,Consultar
2,Licenciatura 2026,202,20200145,CIRUJANO DENTISTA,FACULTAD DE ODONTOLOGÍA,Escolarizado,https://www.dgae.unam.mx/Licenciatura2026/resultados/2/20200145.html,115,3060,2590,112,166,106083,110,,No seleccionado,,Consultar
2,Licenciatura 2026,202,20200145,CIRUJANO DENTISTA,FACULTAD DE ODONTOLOGÍA,Escolarizado,https://www.dgae.unam.mx/Licenciatura2026/resultados/2/20200145.html,115,3060,2590,112,166,106138,,N,No presentado,,Consultar
2,Licenciatura 2026,202,20200145,CIRUJANO DENTISTA,FACULTAD DE ODONTOLOGÍA,Escolarizado,https://www.dgae.unam.mx/Licenciatura2026/resultados/2/20200145.html,115,3060,2590,112,166,106144,82,,No seleccionado,,Consultar
2,Licenciatura 2026,202,20200145,CIRUJANO DENTISTA,FACULTAD DE ODONTOLOGÍA,Escolarizado,https://www.dgae.unam.mx/Licenciatura2026/resultados/2/20200145.html,115,3060,2590,112,166,106149,112,S,Seleccionado,Cita para entregar documentación.,Consultar
2,Licenciatura 2026,202,20200145,CIRUJANO DENTISTA,FACULTAD DE ODONTOLOGÍA,Escolarizado,https://www.dgae.unam.mx/Licenciatura2026/resultados/2/20200145.html,115,3060,2590,112,166,106167,48,,No seleccionado,,Consultar
2,Licenciatura 2026,202,20200145,CIRUJANO DENTISTA,FACULTAD DE ODONTOLOGÍA,Escolarizado,https://www.dgae.unam.mx/Licenciatura2026/resultados/2/20200145.html,115,3060,2590,112,166,106173,106,,No seleccionado,,Consultar
2,Licenciatura 2026,202,20200145,CIRUJANO DENTISTA,FACULTAD DE ODONTOLOGÍA,Escolarizado,https://www.dgae.unam.mx/Licenciatura2026/resultados/2/20200145.html,115,3060,2590,112,166,106202,97,,No seleccionado,,Consultar
2,Licenciatura 2026,202,20200145,CIRUJANO DENTISTA,FACULTAD DE ODONTOLOGÍA,Escolarizado,https://www.dgae.unam.mx/Licenciatura2026/resultados/2/20200145.html,115,3060,2590,112,166,106232,81,,No seleccionado,,Consultar
2,Licenciatura 2026,202,20200145,CIRUJANO DENTISTA,FACULTAD DE ODONTOLOGÍA,Escolarizado,https://www.dgae.unam.mx/Licenciatura2026/resultados/2/20200145.html,115,3060,2590,112,166,106242,99,,No seleccionado,,Consultar
2,Licenciatura 2026,202,20200145,CIRUJANO DENTISTA,FACULTAD DE ODONTOLOGÍA,Escolarizado,https://www.dgae.unam.mx/Licenciatura2026/resultados/2/20200145.html,115,3060,2590,112,166,106249,36,,No seleccionado,,Consultar
2,Licenciatura 2026,202,20200145,CIRUJANO DENTISTA,FACULTAD DE ODONTOLOGÍA,Escolarizado,https://www.dgae.unam.mx/Licenciatura2026/resultados/2/20200145.html,115,3060,2590,112,166,106284,44,,No seleccionado,,Consultar
2,Licenciatura 2026,202,20200145,CIRUJANO DENTISTA,FACULTAD DE ODONTOLOGÍA,Escolarizado,https://www.dgae.unam.mx/Licenciatura2026/resultados/2/20200145.html,115,3060,2590,112,166,106286,106,,No seleccionado,,Consultar
2,Licenciatura 2026,202,20200145,CIRUJANO DENTISTA,FACULTAD DE ODONTOLOGÍA,Escolarizado,https://www.dgae.unam.mx/Licenciatura2026/resultados/2/20200145.html,115,3060,2590,112,166,106378,,N,No presentado,,Consultar
2,Licenciatura 2026,202,20200145,CIRUJANO DENTISTA,FACULTAD DE ODONTOLOGÍA,Escolarizado,https://www.dgae.unam.mx/Licenciatura2026/resultados/2/20200145.html,115,3060,2590,112,166,106393,35,,No seleccionado,,Consultar
2,Licenciatura 2026,202,20200145,CIRUJANO DENTISTA,FACULTAD DE ODONTOLOGÍA,Escolarizado,https://www.dgae.unam.mx/Licenciatura2026/resultados/2/20200145.html,115,3060,2590,112,166,106449,,N,No presentado,,Consultar
2,Licenciatura 2026,202,20200145,CIRUJANO DENTISTA,FACULTAD DE ODONTOLOGÍA,Escolarizado,https://www.dgae.unam.mx/Licenciatura2026/resultados/2/20200145.html,115,3060,2590,112,166,106453,,N,No presentado,,Consultar
2,Licenciatura 2026,202,20200145,CIRUJANO DENTISTA,FACULTAD DE ODONTOLOGÍA,Escolarizado,https://www.dgae.unam.mx/Licenciatura2026/resultados/2/20200145.html,115,3060,2590,112,166,106495,89,,No seleccionado,,Consultar
2,Licenciatura 2026,202,20200145,CIRUJANO DENTISTA,FACULTAD DE ODONTOLOGÍA,Escolarizado,https://www.dgae.unam.mx/Licenciatura2026/resultados/2/20200145.html,115,3060,2590,112,166,106533,57,,No seleccionado,,Consultar
2,Licenciatura 2026,202,20200145,CIRUJANO DENTISTA,FACULTAD DE ODONTOLOGÍA,Escolarizado,https://www.dgae.unam.mx/Licenciatura2026/resultados/2/20200145.html,115,3060,2590,112,166,106562,82,,No seleccionado,,Consultar
2,Licenciatura 2026,202,20200145,CIRUJANO DENTISTA,FACULTAD DE ODONTOLOGÍA,Escolarizado,https://www.dgae.unam.mx/Licenciatura2026/resultados/2/20200145.html,115,3060,2590,112,166,106608,,N,No presentado,,Consultar
2,Licenciatura 2026,202,20200145,CIRUJANO DENTISTA,FACULTAD DE ODONTOLOGÍA,Escolarizado,https://www.dgae.unam.mx/Licenciatura2026/resultados/2/20200145.html,115,3060,2590,112,166,106613,106,,No seleccionado,,Consultar
2,Licenciatura 2026,202,20200145,CIRUJANO DENTISTA,FACULTAD DE ODONTOLOGÍA,Escolarizado,https://www.dgae.unam.mx/Licenciatura2026/resultados/2/20200145.html,115,3060,2590,112,166,106620,117,S,Seleccionado,Cita para entregar documentación.,Consultar
2,Licenciatura 2026,202,20200145,CIRUJANO DENTISTA,FACULTAD DE ODONTOLOGÍA,Escolarizado,https://www.dgae.unam.mx/Licenciatura2026/resultados/2/20200145.html,115,3060,2590,112,166,106622,35,,No seleccionado,,Consultar
2,Licenciatura 2026,202,20200145,CIRUJANO DENTISTA,FACULTAD DE ODONTOLOGÍA,Escolarizado,https://www.dgae.unam.mx/Licenciatura2026/resultados/2/20200145.html,115,3060,2590,112,166,106626,34,,No seleccionado,,Consultar
2,Licenciatura 2026,202,20200145,CIRUJANO DENTISTA,FACULTAD DE ODONTOLOGÍA,Escolarizado,https://www.dgae.unam.mx/Licenciatura2026/resultados/2/20200145.html,115,3060,2590,112,166,106634,,N,No presentado,,Consultar
2,Licenciatura 2026,202,20200145,CIRUJANO DENTISTA,FACULTAD DE ODONTOLOGÍA,Escolarizado,https://www.dgae.unam.mx/Licenciatura2026/resultados/2/20200145.html,115,3060,2590,112,166,106649,47,,No seleccionado,,Consultar
2,Licenciatura 2026,202,20200145,CIRUJANO DENTISTA,FACULTAD DE ODONTOLOGÍA,Escolarizado,https://www.dgae.unam.mx/Licenciatura2026/resultados/2/20200145.html,115,3060,2590,112,166,106671,36,,No seleccionado,,Consultar
2,Licenciatura 2026,202,20200145,CIRUJANO DENTISTA,FACULTAD DE ODONTOLOGÍA,Escolarizado,https://www.dgae.unam.mx/Licenciatura2026/resultados/2/20200145.html,115,3060,2590,112,166,106674,67,,No seleccionado,,Consultar
2,Licenciatura 2026,202,20200145,CIRUJANO DENTISTA,FACULTAD DE ODONTOLOGÍA,Escolarizado,https://www.dgae.unam.mx/Licenciatura2026/resultados/2/20200145.html,115,3060,2590,112,166,106713,89,,No seleccionado,,Consultar
2,Licenciatura 2026,202,20200145,CIRUJANO DENTISTA,FACULTAD DE ODONTOLOGÍA,Escolarizado,https://www.dgae.unam.mx/Licenciatura2026/resultados/2/20200145.html,115,3060,2590,112,166,106745,,N,No presentado,,Consultar
2,Licenciatura 2026,202,20200145,CIRUJANO DENTISTA,FACULTAD DE ODONTOLOGÍA,Escolarizado,https://www.dgae.unam.mx/Licenciatura2026/resultados/2/20200145.html,115,3060,2590,112,166,106770,105,,No seleccionado,,Consultar
2,Licenciatura 2026,202,20200145,CIRUJANO DENTISTA,FACULTAD DE ODONTOLOGÍA,Escolarizado,https://www.dgae.unam.mx/Licenciatura2026/resultados/2/20200145.html,115,3060,2590,112,166,106783,,N,No presentado,,Consultar
2,Licenciatura 2026,202,20200145,CIRUJANO DENTISTA,FACULTAD DE ODONTOLOGÍA,Escolarizado,https://www.dgae.unam.mx/Licenciatura2026/resultados/2/20200145.html,115,3060,2590,112,166,106796,44,,No seleccionado,,Consultar
2,Licenciatura 2026,202,20200145,CIRUJANO DENTISTA,FACULTAD DE ODONTOLOGÍA,Escolarizado,https://www.dgae.unam.mx/Licenciatura2026/resultados/2/20200145.html,115,3060,2590,112,166,106860,,N,No presentado,,Consultar
2,Licenciatura 2026,202,20200145,CIRUJANO DENTISTA,FACULTAD DE ODONTOLOGÍA,Escolarizado,https://www.dgae.unam.mx/Licenciatura2026/resultados/2/20200145.html,115,3060,2590,112,166,106863,110,,No seleccionado,,Consultar
2,Licenciatura 2026,202,20200145,CIRUJANO DENTISTA,FACULTAD DE ODONTOLOGÍA,Escolarizado,https://www.dgae.unam.mx/Licenciatura2026/resultados/2/20200145.html,115,3060,2590,112,166,106867,33,,No seleccionado,,Consultar
2,Licenciatura 2026,202,20200145,CIRUJANO DENTISTA,FACULTAD DE ODONTOLOGÍA,Escolarizado,https://www.dgae.unam.mx/Licenciatura2026/resultados/2/20200145.html,115,3060,2590,112,166,106883,97,,No seleccionado,,Consultar
2,Licenciatura 2026,202,20200145,CIRUJANO DENTISTA,FACULTAD DE ODONTOLOGÍA,Escolarizado,https://www.dgae.unam.mx/Licenciatura2026/resultados/2/20200145.html,115,3060,2590,112,166,106887,18,,No seleccionado,,Consultar
2,Licenciatura 2026,202,20200145,CIRUJANO DENTISTA,FACULTAD DE ODONTOLOGÍA,Escolarizado,https://www.dgae.unam.mx/Licenciatura2026/resultados/2/20200145.html,115,3060,2590,112,166,106909,30,,No seleccionado,,Consultar
2,Licenciatura 2026,202,20200145,CIRUJANO DENTISTA,FACULTAD DE ODONTOLOGÍA,Escolarizado,https://www.dgae.unam.mx/Licenciatura2026/resultados/2/20200145.html,115,3060,2590,112,166,106910,99,,No seleccionado,,Consultar
2,Licenciatura 2026,202,20200145,CIRUJANO DENTISTA,FACULTAD DE ODONTOLOGÍA,Escolarizado,https://www.dgae.unam.mx/Licenciatura2026/resultados/2/20200145.html,115,3060,2590,112,166,107073,31,,No seleccionado,,Consultar
2,Licenciatura 2026,202,20200145,CIRUJANO DENTISTA,FACULTAD DE ODONTOLOGÍA,Escolarizado,https://www.dgae.unam.mx/Licenciatura2026/resultados/2/20200145.html,115,3060,2590,112,166,107109,108,,No seleccionado,,Consultar
2,Licenciatura 2026,202,20200145,CIRUJANO DENTISTA,FACULTAD DE ODONTOLOGÍA,Escolarizado,https://www.dgae.unam.mx/Licenciatura2026/resultados/2/20200145.html,115,3060,2590,112,166,107110,95,,No seleccionado,,Consultar
2,Licenciatura 2026,202,20200145,CIRUJANO DENTISTA,FACULTAD DE ODONTOLOGÍA,Escolarizado,https://www.dgae.unam.mx/Licenciatura2026/resultados/2/20200145.html,115,3060,2590,112,166,107178,33,,No seleccionado,,Consultar
2,Licenciatura 2026,202,20200145,CIRUJANO DENTISTA,FACULTAD DE ODONTOLOGÍA,Escolarizado,https://www.dgae.unam.mx/Licenciatura2026/resultados/2/20200145.html,115,3060,2590,112,166,107195,36,,No seleccionado,,Consultar
2,Licenciatura 2026,202,20200145,CIRUJANO DENTISTA,FACULTAD DE ODONTOLOGÍA,Escolarizado,https://www.dgae.unam.mx/Licenciatura2026/resultados/2/20200145.html,115,3060,2590,112,166,107206,,N,No presentado,,Consultar
2,Licenciatura 2026,202,20200145,CIRUJANO DENTISTA,FACULTAD DE ODONTOLOGÍA,Escolarizado,https://www.dgae.unam.mx/Licenciatura2026/resultados/2/20200145.html,115,3060,2590,112,166,107223,106,,No seleccionado,,Consultar
2,Licenciatura 2026,202,20200145,CIRUJANO DENTISTA,FACULTAD DE ODONTOLOGÍA,Escolarizado,https://www.dgae.unam.mx/Licenciatura2026/resultados/2/20200145.html,115,3060,2590,112,166,107234,86,,No seleccionado,,Consultar
2,Licenciatura 2026,202,20200145,CIRUJANO DENTISTA,FACULTAD DE ODONTOLOGÍA,Escolarizado,https://www.dgae.unam.mx/Licenciatura2026/resultados/2/20200145.html,115,3060,2590,112,166,107255,109,,No seleccionado,,Consultar
2,Licenciatura 2026,202,20200145,CIRUJANO DENTISTA,FACULTAD DE ODONTOLOGÍA,Escolarizado,https://www.dgae.unam.mx/Licenciatura2026/resultados/2/20200145.html,115,3060,2590,112,166,107284,87,,No seleccionado,,Consultar
2,Licenciatura 2026,202,20200145,CIRUJANO DENTISTA,FACULTAD DE ODONTOLOGÍA,Escolarizado,https://www.dgae.unam.mx/Licenciatura2026/resultados/2/20200145.html,115,3060,2590,112,166,107341,105,,No seleccionado,,Consultar
2,Licenciatura 2026,202,20200145,CIRUJANO DENTISTA,FACULTAD DE ODONTOLOGÍA,Escolarizado,https://www.dgae.unam.mx/Licenciatura2026/resultados/2/20200145.html,115,3060,2590,112,166,107352,39,,No seleccionado,,Consultar
2,Licenciatura 2026,202,20200145,CIRUJANO DENTISTA,FACULTAD DE ODONTOLOGÍA,Escolarizado,https://www.dgae.unam.mx/Licenciatura2026/resultados/2/20200145.html,115,3060,2590,112,166,107355,112,S,Seleccionado,,Consultar
2,Licenciatura 2026,202,20200145,CIRUJANO DENTISTA,FACULTAD DE ODONTOLOGÍA,Escolarizado,https://www.dgae.unam.mx/Licenciatura2026/resultados/2/20200145.html,115,3060,2590,112,166,107372,93,,No seleccionado,,Consultar
2,Licenciatura 2026,202,20200145,CIRUJANO DENTISTA,FACULTAD DE ODONTOLOGÍA,Escolarizado,https://www.dgae.unam.mx/Licenciatura2026/resultados/2/20200145.html,115,3060,2590,112,166,107397,55,,No seleccionado,,Consultar
2,Licenciatura 2026,202,20200145,CIRUJANO DENTISTA,FACULTAD DE ODONTOLOGÍA,Escolarizado,https://www.dgae.unam.mx/Licenciatura2026/resultados/2/20200145.html,115,3060,2590,112,166,107400,75,,No seleccionado,,Consultar
2,Licenciatura 2026,202,20200145,CIRUJANO DENTISTA,FACULTAD DE ODONTOLOGÍA,Escolarizado,https://www.dgae.unam.mx/Licenciatura2026/resultados/2/20200145.html,115,3060,2590,112,166,107405,109,,No seleccionado,,Consultar
2,Licenciatura 2026,202,20200145,CIRUJANO DENTISTA,FACULTAD DE ODONTOLOGÍA,Escolarizado,https://www.dgae.unam.mx/Licenciatura2026/resultados/2/20200145.html,115,3060,2590,112,166,107523,89,,No seleccionado,,Consultar
2,Licenciatura 2026,202,20200145,CIRUJANO DENTISTA,FACULTAD DE ODONTOLOGÍA,Escolarizado,https://www.dgae.unam.mx/Licenciatura2026/resultados/2/20200145.html,115,3060,2590,112,166,107553,107,,No seleccionado,,Consultar
2,Licenciatura 2026,202,20200145,CIRUJANO DENTISTA,FACULTAD DE ODONTOLOGÍA,Escolarizado,https://www.dgae.unam.mx/Licenciatura2026/resultados/2/20200145.html,115,3060,2590,112,166,107641,,N,No presentado,,Consultar
2,Licenciatura 2026,202,20200145,CIRUJANO DENTISTA,FACULTAD DE ODONTOLOGÍA,Escolarizado,https://www.dgae.unam.mx/Licenciatura2026/resultados/2/20200145.html,115,3060,2590,112,166,107732,70,,No seleccionado,,Consultar
2,Licenciatura 2026,202,20200145,CIRUJANO DENTISTA,FACULTAD DE ODONTOLOGÍA,Escolarizado,https://www.dgae.unam.mx/Licenciatura2026/resultados/2/20200145.html,115,3060,2590,112,166,107777,82,,No seleccionado,,Consultar
2,Licenciatura 2026,202,20200145,CIRUJANO DENTISTA,FACULTAD DE ODONTOLOGÍA,Escolarizado,https://www.dgae.unam.mx/Licenciatura2026/resultados/2/20200145.html,115,3060,2590,112,166,107793,6,,No seleccionado,,Consultar
2,Licenciatura 2026,202,20200145,CIRUJANO DENTISTA,FACULTAD DE ODONTOLOGÍA,Escolarizado,https://www.dgae.unam.mx/Licenciatura2026/resultados/2/20200145.html,115,3060,2590,112,166,107804,,C,Cancelado,,Consultar
2,Licenciatura 2026,202,20200145,CIRUJANO DENTISTA,FACULTAD DE ODONTOLOGÍA,Escolarizado,https://www.dgae.unam.mx/Licenciatura2026/resultados/2/20200145.html,115,3060,2590,112,166,107838,106,,No seleccionado,,Consultar
2,Licenciatura 2026,202,20200145,CIRUJANO DENTISTA,FACULTAD DE ODONTOLOGÍA,Escolarizado,https://www.dgae.unam.mx/Licenciatura2026/resultados/2/20200145.html,115,3060,2590,112,166,107878,68,,No seleccionado,,Consultar
2,Licenciatura 2026,202,20200145,CIRUJANO DENTISTA,FACULTAD DE ODONTOLOGÍA,Escolarizado,https://www.dgae.unam.mx/Licenciatura2026/resultados/2/20200145.html,115,3060,2590,112,166,107900,,N,No presentado,,Consultar
2,Licenciatura 2026,202,20200145,CIRUJANO DENTISTA,FACULTAD DE ODONTOLOGÍA,Escolarizado,https://www.dgae.unam.mx/Licenciatura2026/resultados/2/20200145.html,115,3060,2590,112,166,107917,116,S,Seleccionado,Cita para entregar documentación.,Consultar
2,Licenciatura 2026,202,20200145,CIRUJANO DENTISTA,FACULTAD DE ODONTOLOGÍA,Escolarizado,https://www.dgae.unam.mx/Licenciatura2026/resultados/2/20200145.html,115,3060,2590,112,166,107937,,N,No presentado,,Consultar
2,Licenciatura 2026,202,20200145,CIRUJANO DENTISTA,FACULTAD DE ODONTOLOGÍA,Escolarizado,https://www.dgae.unam.mx/Licenciatura2026/resultados/2/20200145.html,115,3060,2590,112,166,107947,95,,No seleccionado,,Consultar
2,Licenciatura 2026,202,20200145,CIRUJANO DENTISTA,FACULTAD DE ODONTOLOGÍA,Escolarizado,https://www.dgae.unam.mx/Licenciatura2026/resultados/2/20200145.html,115,3060,2590,112,166,107949,,N,No presentado,,Consultar
2,Licenciatura 2026,202,20200145,CIRUJANO DENTISTA,FACULTAD DE ODONTOLOGÍA,Escolarizado,https://www.dgae.unam.mx/Licenciatura2026/resultados/2/20200145.html,115,3060,2590,112,166,107972,,N,No presentado,,Consultar
2,Licenciatura 2026,202,20200145,CIRUJANO DENTISTA,FACULTAD DE ODONTOLOGÍA,Escolarizado,https://www.dgae.unam.mx/Licenciatura2026/resultados/2/20200145.html,115,3060,2590,112,166,107983,58,,No seleccionado,,Consultar
2,Licenciatura 2026,202,20200145,CIRUJANO DENTISTA,FACULTAD DE ODONTOLOGÍA,Escolarizado,https://www.dgae.unam.mx/Licenciatura2026/resultados/2/20200145.html,115,3060,2590,112,166,108072,70,,No seleccionado,,Consultar
2,Licenciatura 2026,202,20200145,CIRUJANO DENTISTA,FACULTAD DE ODONTOLOGÍA,Escolarizado,https://www.dgae.unam.mx/Licenciatura2026/resultados/2/20200145.html,115,3060,2590,112,166,108074,,N,No presentado,,Consultar
2,Licenciatura 2026,202,20200145,CIRUJANO DENTISTA,FACULTAD DE ODONTOLOGÍA,Escolarizado,https://www.dgae.unam.mx/Licenciatura2026/resultados/2/20200145.html,115,3060,2590,112,166,108133,103,,No seleccionado,,Consultar
2,Licenciatura 2026,202,20200145,CIRUJANO DENTISTA,FACULTAD DE ODONTOLOGÍA,Escolarizado,https://www.dgae.unam.mx/Licenciatura2026/resultados/2/20200145.html,115,3060,2590,112,166,108139,,C,Cancelado,,Consultar
2,Licenciatura 2026,202,20200145,CIRUJANO DENTISTA,FACULTAD DE ODONTOLOGÍA,Escolarizado,https://www.dgae.unam.mx/Licenciatura2026/resultados/2/20200145.html,115,3060,2590,112,166,108143,105,,No seleccionado,,Consultar
2,Licenciatura 2026,202,20200145,CIRUJANO DENTISTA,FACULTAD DE ODONTOLOGÍA,Escolarizado,https://www.dgae.unam.mx/Licenciatura2026/resultados/2/20200145.html,115,3060,2590,112,166,108149,42,,No seleccionado,,Consultar
2,Licenciatura 2026,202,20200145,CIRUJANO DENTISTA,FACULTAD DE ODONTOLOGÍA,Escolarizado,https://www.dgae.unam.mx/Licenciatura2026/resultados/2/20200145.html,115,3060,2590,112,166,108150,75,,No seleccionado,,Consultar
2,Licenciatura 2026,202,20200145,CIRUJANO DENTISTA,FACULTAD DE ODONTOLOGÍA,Escolarizado,https://www.dgae.unam.mx/Licenciatura2026/resultados/2/20200145.html,115,3060,2590,112,166,108227,62,,No seleccionado,,Consultar
2,Licenciatura 2026,202,20200145,CIRUJANO DENTISTA,FACULTAD DE ODONTOLOGÍA,Escolarizado,https://www.dgae.unam.mx/Licenciatura2026/resultados/2/20200145.html,115,3060,2590,112,166,108230,,N,No presentado,,Consultar
2,Licenciatura 2026,202,20200145,CIRUJANO DENTISTA,FACULTAD DE ODONTOLOGÍA,Escolarizado,https://www.dgae.unam.mx/Licenciatura2026/resultados/2/20200145.html,115,3060,2590,112,166,108251,,N,No presentado,,Consultar
2,Licenciatura 2026,202,20200145,CIRUJANO DENTISTA,FACULTAD DE ODONTOLOGÍA,Escolarizado,https://www.dgae.unam.mx/Licenciatura2026/resultados/2/20200145.html,115,3060,2590,112,166,108253,74,,No seleccionado,,Consultar
2,Licenciatura 2026,202,20200145,CIRUJANO DENTISTA,FACULTAD DE ODONTOLOGÍA,Escolarizado,https://www.dgae.unam.mx/Licenciatura2026/resultados/2/20200145.html,115,3060,2590,112,166,108272,36,,No seleccionado,,Consultar
2,Licenciatura 2026,202,20200145,CIRUJANO DENTISTA,FACULTAD DE ODONTOLOGÍA,Escolarizado,https://www.dgae.unam.mx/Licenciatura2026/resultados/2/20200145.html,115,3060,2590,112,166,108292,,N,No presentado,,Consultar
2,Licenciatura 2026,202,20200145,CIRUJANO DENTISTA,FACULTAD DE ODONTOLOGÍA,Escolarizado,https://www.dgae.unam.mx/Licenciatura2026/resultados/2/20200145.html,115,3060,2590,112,166,108336,,N,No presentado,,Consultar
2,Licenciatura 2026,202,20200145,CIRUJANO DENTISTA,FACULTAD DE ODONTOLOGÍA,Escolarizado,https://www.dgae.unam.mx/Licenciatura2026/resultados/2/20200145.html,115,3060,2590,112,166,108498,56,,No seleccionado,,Consultar
2,Licenciatura 2026,202,20200145,CIRUJANO DENTISTA,FACULTAD DE ODONTOLOGÍA,Escolarizado,https://www.dgae.unam.mx/Licenciatura2026/resultados/2/20200145.html,115,3060,2590,112,166,108527,106,,No seleccionado,,Consultar
2,Licenciatura 2026,202,20200145,CIRUJANO DENTISTA,FACULTAD DE ODONTOLOGÍA,Escolarizado,https://www.dgae.unam.mx/Licenciatura2026/resultados/2/20200145.html,115,3060,2590,112,166,108553,76,,No seleccionado,,Consultar
2,Licenciatura 2026,202,20200145,CIRUJANO DENTISTA,FACULTAD DE ODONTOLOGÍA,Escolarizado,https://www.dgae.unam.mx/Licenciatura2026/resultados/2/20200145.html,115,3060,2590,112,166,108590,117,S,Seleccionado,Cita para entregar documentación.,Consultar
2,Licenciatura 2026,202,20200145,CIRUJANO DENTISTA,FACULTAD DE ODONTOLOGÍA,Escolarizado,https://www.dgae.unam.mx/Licenciatura2026/resultados/2/20200145.html,115,3060,2590,112,166,108593,56,,No seleccionado,,Consultar
2,Licenciatura 2026,202,20200145,CIRUJANO DENTISTA,FACULTAD DE ODONTOLOGÍA,Escolarizado,https://www.dgae.unam.mx/Licenciatura2026/resultados/2/20200145.html,115,3060,2590,112,166,108602,28,,No seleccionado,,Consultar
2,Licenciatura 2026,202,20200145,CIRUJANO DENTISTA,FACULTAD DE ODONTOLOGÍA,Escolarizado,https://www.dgae.unam.mx/Licenciatura2026/resultados/2/20200145.html,115,3060,2590,112,166,108644,100,,No seleccionado,,Consultar
2,Licenciatura 2026,202,20200145,CIRUJANO DENTISTA,FACULTAD DE ODONTOLOGÍA,Escolarizado,https://www.dgae.unam.mx/Licenciatura2026/resultados/2/20200145.html,115,3060,2590,112,166,108711,91,,No seleccionado,,Consultar
2,Licenciatura 2026,202,20200145,CIRUJANO DENTISTA,FACULTAD DE ODONTOLOGÍA,Escolarizado,https://www.dgae.unam.mx/Licenciatura2026/resultados/2/20200145.html,115,3060,2590,112,166,108716,84,,No seleccionado,,Consultar
2,Licenciatura 2026,202,20200145,CIRUJANO DENTISTA,FACULTAD DE ODONTOLOGÍA,Escolarizado,https://www.dgae.unam.mx/Licenciatura2026/resultados/2/20200145.html,115,3060,2590,112,166,108802,115,S,Seleccionado,Cita para entregar documentación.,Consultar
2,Licenciatura 2026,202,20200145,CIRUJANO DENTISTA,FACULTAD DE ODONTOLOGÍA,Escolarizado,https://www.dgae.unam.mx/Licenciatura2026/resultados/2/20200145.html,115,3060,2590,112,166,108804,91,,No seleccionado,,Consultar
2,Licenciatura 2026,202,20200145,CIRUJANO DENTISTA,FACULTAD DE ODONTOLOGÍA,Escolarizado,https://www.dgae.unam.mx/Licenciatura2026/resultados/2/20200145.html,115,3060,2590,112,166,108867,108,,No seleccionado,,Consultar
2,Licenciatura 2026,202,20200145,CIRUJANO DENTISTA,FACULTAD DE ODONTOLOGÍA,Escolarizado,https://www.dgae.unam.mx/Licenciatura2026/resultados/2/20200145.html,115,3060,2590,112,166,108925,,N,No presentado,,Consultar
2,Licenciatura 2026,202,20200145,CIRUJANO DENTISTA,FACULTAD DE ODONTOLOGÍA,Escolarizado,https://www.dgae.unam.mx/Licenciatura2026/resultados/2/20200145.html,115,3060,2590,112,166,108974,89,,No seleccionado,,Consultar
2,Licenciatura 2026,202,20200145,CIRUJANO DENTISTA,FACULTAD DE ODONTOLOGÍA,Escolarizado,https://www.dgae.unam.mx/Licenciatura2026/resultados/2/20200145.html,115,3060,2590,112,166,109006,104,,No seleccionado,,Consultar
2,Licenciatura 2026,202,20200145,CIRUJANO DENTISTA,FACULTAD DE ODONTOLOGÍA,Escolarizado,https://www.dgae.unam.mx/Licenciatura2026/resultados/2/20200145.html,115,3060,2590,112,166,109046,113,S,Seleccionado,Cita para entregar documentación.,Consultar
2,Licenciatura 2026,202,20200145,CIRUJANO DENTISTA,FACULTAD DE ODONTOLOGÍA,Escolarizado,https://www.dgae.unam.mx/Licenciatura2026/resultados/2/20200145.html,115,3060,2590,112,166,109074,60,,No seleccionado,,Consultar
2,Licenciatura 2026,202,20200145,CIRUJANO DENTISTA,FACULTAD DE ODONTOLOGÍA,Escolarizado,https://www.dgae.unam.mx/Licenciatura2026/resultados/2/20200145.html,115,3060,2590,112,166,109120,108,,No seleccionado,,Consultar
2,Licenciatura 2026,202,20200145,CIRUJANO DENTISTA,FACULTAD DE ODONTOLOGÍA,Escolarizado,https://www.dgae.unam.mx/Licenciatura2026/resultados/2/20200145.html,115,3060,2590,112,166,109128,33,,No seleccionado,,Consultar
2,Licenciatura 2026,202,20200145,CIRUJANO DENTISTA,FACULTAD DE ODONTOLOGÍA,Escolarizado,https://www.dgae.unam.mx/Licenciatura2026/resultados/2/20200145.html,115,3060,2590,112,166,109130,104,,No seleccionado,,Consultar
2,Licenciatura 2026,202,20200145,CIRUJANO DENTISTA,FACULTAD DE ODONTOLOGÍA,Escolarizado,https://www.dgae.unam.mx/Licenciatura2026/resultados/2/20200145.html,115,3060,2590,112,166,109232,33,,No seleccionado,,Consultar
2,Licenciatura 2026,202,20200145,CIRUJANO DENTISTA,FACULTAD DE ODONTOLOGÍA,Escolarizado,https://www.dgae.unam.mx/Licenciatura2026/resultados/2/20200145.html,115,3060,2590,112,166,109254,,N,No presentado,,Consultar
2,Licenciatura 2026,202,20200145,CIRUJANO DENTISTA,FACULTAD DE ODONTOLOGÍA,Escolarizado,https://www.dgae.unam.mx/Licenciatura2026/resultados/2/20200145.html,115,3060,2590,112,166,109283,113,S,Seleccionado,Cita para entregar documentación.,Consultar
2,Licenciatura 2026,202,20200145,CIRUJANO DENTISTA,FACULTAD DE ODONTOLOGÍA,Escolarizado,https://www.dgae.unam.mx/Licenciatura2026/resultados/2/20200145.html,115,3060,2590,112,166,109299,54,,No seleccionado,,Consultar
2,Licenciatura 2026,202,20200145,CIRUJANO DENTISTA,FACULTAD DE ODONTOLOGÍA,Escolarizado,https://www.dgae.unam.mx/Licenciatura2026/resultados/2/20200145.html,115,3060,2590,112,166,109301,95,,No seleccionado,,Consultar
2,Licenciatura 2026,202,20200145,CIRUJANO DENTISTA,FACULTAD DE ODONTOLOGÍA,Escolarizado,https://www.dgae.unam.mx/Licenciatura2026/resultados/2/20200145.html,115,3060,2590,112,166,109320,104,,No seleccionado,,Consultar
2,Licenciatura 2026,202,20200145,CIRUJANO DENTISTA,FACULTAD DE ODONTOLOGÍA,Escolarizado,https://www.dgae.unam.mx/Licenciatura2026/resultados/2/20200145.html,115,3060,2590,112,166,109365,96,,No seleccionado,,Consultar
2,Licenciatura 2026,202,20200145,CIRUJANO DENTISTA,FACULTAD DE ODONTOLOGÍA,Escolarizado,https://www.dgae.unam.mx/Licenciatura2026/resultados/2/20200145.html,115,3060,2590,112,166,109384,91,,No seleccionado,,Consultar
2,Licenciatura 2026,202,20200145,CIRUJANO DENTISTA,FACULTAD DE ODONTOLOGÍA,Escolarizado,https://www.dgae.unam.mx/Licenciatura2026/resultados/2/20200145.html,115,3060,2590,112,166,109386,,C,Cancelado,,Consultar
2,Licenciatura 2026,202,20200145,CIRUJANO DENTISTA,FACULTAD DE ODONTOLOGÍA,Escolarizado,https://www.dgae.unam.mx/Licenciatura2026/resultados/2/20200145.html,115,3060,2590,112,166,109438,112,S,Seleccionado,,Consultar
2,Licenciatura 2026,202,20200145,CIRUJANO DENTISTA,FACULTAD DE ODONTOLOGÍA,Escolarizado,https://www.dgae.unam.mx/Licenciatura2026/resultados/2/20200145.html,115,3060,2590,112,166,109515,68,,No seleccionado,,Consultar
2,Licenciatura 2026,202,20200145,CIRUJANO DENTISTA,FACULTAD DE ODONTOLOGÍA,Escolarizado,https://www.dgae.unam.mx/Licenciatura2026/resultados/2/20200145.html,115,3060,2590,112,166,109517,,C,Cancelado,,Consultar
2,Licenciatura 2026,202,20200145,CIRUJANO DENTISTA,FACULTAD DE ODONTOLOGÍA,Escolarizado,https://www.dgae.unam.mx/Licenciatura2026/resultados/2/20200145.html,115,3060,2590,112,166,109651,54,,No seleccionado,,Consultar
2,Licenciatura 2026,202,20200145,CIRUJANO DENTISTA,FACULTAD DE ODONTOLOGÍA,Escolarizado,https://www.dgae.unam.mx/Licenciatura2026/resultados/2/20200145.html,115,3060,2590,112,166,109675,78,,No seleccionado,,Consultar
2,Licenciatura 2026,202,20200145,CIRUJANO DENTISTA,FACULTAD DE ODONTOLOGÍA,Escolarizado,https://www.dgae.unam.mx/Licenciatura2026/resultados/2/20200145.html,115,3060,2590,112,166,109692,95,,No seleccionado,,Consultar
2,Licenciatura 2026,202,20200145,CIRUJANO DENTISTA,FACULTAD DE ODONTOLOGÍA,Escolarizado,https://www.dgae.unam.mx/Licenciatura2026/resultados/2/20200145.html,115,3060,2590,112,166,109795,61,,No seleccionado,,Consultar
2,Licenciatura 2026,202,20200145,CIRUJANO DENTISTA,FACULTAD DE ODONTOLOGÍA,Escolarizado,https://www.dgae.unam.mx/Licenciatura2026/resultados/2/20200145.html,115,3060,2590,112,166,109798,107,,No seleccionado,,Consultar
2,Licenciatura 2026,202,20200145,CIRUJANO DENTISTA,FACULTAD DE ODONTOLOGÍA,Escolarizado,https://www.dgae.unam.mx/Licenciatura2026/resultados/2/20200145.html,115,3060,2590,112,166,109924,85,,No seleccionado,,Consultar
2,Licenciatura 2026,202,20200145,CIRUJANO DENTISTA,FACULTAD DE ODONTOLOGÍA,Escolarizado,https://www.dgae.unam.mx/Licenciatura2026/resultados/2/20200145.html,115,3060,2590,112,166,109929,50,,No seleccionado,,Consultar
2,Licenciatura 2026,202,20200145,CIRUJANO DENTISTA,FACULTAD DE ODONTOLOGÍA,Escolarizado,https://www.dgae.unam.mx/Licenciatura2026/resultados/2/20200145.html,115,3060,2590,112,166,109962,103,,No seleccionado,,Consultar
2,Licenciatura 2026,202,20200145,CIRUJANO DENTISTA,FACULTAD DE ODONTOLOGÍA,Escolarizado,https://www.dgae.unam.mx/Licenciatura2026/resultados/2/20200145.html,115,3060,2590,112,166,109994,42,,No seleccionado,,Consultar
2,Licenciatura 2026,202,20200145,CIRUJANO DENTISTA,FACULTAD DE ODONTOLOGÍA,Escolarizado,https://www.dgae.unam.mx/Licenciatura2026/resultados/2/20200145.html,115,3060,2590,112,166,110020,62,,No seleccionado,,Consultar
2,Licenciatura 2026,202,20200145,CIRUJANO DENTISTA,FACULTAD DE ODONTOLOGÍA,Escolarizado,https://www.dgae.unam.mx/Licenciatura2026/resultados/2/20200145.html,115,3060,2590,112,166,110031,85,,No seleccionado,,Consultar
2,Licenciatura 2026,202,20200145,CIRUJANO DENTISTA,FACULTAD DE ODONTOLOGÍA,Escolarizado,https://www.dgae.unam.mx/Licenciatura2026/resultados/2/20200145.html,115,3060,2590,112,166,110037,62,,No seleccionado,,Consultar
2,Licenciatura 2026,202,20200145,CIRUJANO DENTISTA,FACULTAD DE ODONTOLOGÍA,Escolarizado,https://www.dgae.unam.mx/Licenciatura2026/resultados/2/20200145.html,115,3060,2590,112,166,110065,,C,Cancelado,,Consultar
2,Licenciatura 2026,202,20200145,CIRUJANO DENTISTA,FACULTAD DE ODONTOLOGÍA,Escolarizado,https://www.dgae.unam.mx/Licenciatura2026/resultados/2/20200145.html,115,3060,2590,112,166,110097,,C,Cancelado,,Consultar
2,Licenciatura 2026,202,20200145,CIRUJANO DENTISTA,FACULTAD DE ODONTOLOGÍA,Escolarizado,https://www.dgae.unam.mx/Licenciatura2026/resultados/2/20200145.html,115,3060,2590,112,166,110099,33,,No seleccionado,,Consultar
2,Licenciatura 2026,202,20200145,CIRUJANO DENTISTA,FACULTAD DE ODONTOLOGÍA,Escolarizado,https://www.dgae.unam.mx/Licenciatura2026/resultados/2/20200145.html,115,3060,2590,112,166,110112,37,,No seleccionado,,Consultar
2,Licenciatura 2026,202,20200145,CIRUJANO DENTISTA,FACULTAD DE ODONTOLOGÍA,Escolarizado,https://www.dgae.unam.mx/Licenciatura2026/resultados/2/20200145.html,115,3060,2590,112,166,110130,70,,No seleccionado,,Consultar
2,Licenciatura 2026,202,20200145,CIRUJANO DENTISTA,FACULTAD DE ODONTOLOGÍA,Escolarizado,https://www.dgae.unam.mx/Licenciatura2026/resultados/2/20200145.html,115,3060,2590,112,166,110136,,N,No presentado,,Consultar
2,Licenciatura 2026,202,20200145,CIRUJANO DENTISTA,FACULTAD DE ODONTOLOGÍA,Escolarizado,https://www.dgae.unam.mx/Licenciatura2026/resultados/2/20200145.html,115,3060,2590,112,166,110166,65,,No seleccionado,,Consultar
2,Licenciatura 2026,202,20200145,CIRUJANO DENTISTA,FACULTAD DE ODONTOLOGÍA,Escolarizado,https://www.dgae.unam.mx/Licenciatura2026/resultados/2/20200145.html,115,3060,2590,112,166,110183,94,,No seleccionado,,Consultar
2,Licenciatura 2026,202,20200145,CIRUJANO DENTISTA,FACULTAD DE ODONTOLOGÍA,Escolarizado,https://www.dgae.unam.mx/Licenciatura2026/resultados/2/20200145.html,115,3060,2590,112,166,110184,82,,No seleccionado,,Consultar
2,Licenciatura 2026,202,20200145,CIRUJANO DENTISTA,FACULTAD DE ODONTOLOGÍA,Escolarizado,https://www.dgae.unam.mx/Licenciatura2026/resultados/2/20200145.html,115,3060,2590,112,166,110199,91,,No seleccionado,,Consultar
2,Licenciatura 2026,202,20200145,CIRUJANO DENTISTA,FACULTAD DE ODONTOLOGÍA,Escolarizado,https://www.dgae.unam.mx/Licenciatura2026/resultados/2/20200145.html,115,3060,2590,112,166,110230,48,,No seleccionado,,Consultar
2,Licenciatura 2026,202,20200145,CIRUJANO DENTISTA,FACULTAD DE ODONTOLOGÍA,Escolarizado,https://www.dgae.unam.mx/Licenciatura2026/resultados/2/20200145.html,115,3060,2590,112,166,110261,107,,No seleccionado,,Consultar
2,Licenciatura 2026,202,20200145,CIRUJANO DENTISTA,FACULTAD DE ODONTOLOGÍA,Escolarizado,https://www.dgae.unam.mx/Licenciatura2026/resultados/2/20200145.html,115,3060,2590,112,166,110282,30,,No seleccionado,,Consultar
2,Licenciatura 2026,202,20200145,CIRUJANO DENTISTA,FACULTAD DE ODONTOLOGÍA,Escolarizado,https://www.dgae.unam.mx/Licenciatura2026/resultados/2/20200145.html,115,3060,2590,112,166,110319,112,S,Seleccionado,Cita para entregar documentación.,Consultar
2,Licenciatura 2026,202,20200145,CIRUJANO DENTISTA,FACULTAD DE ODONTOLOGÍA,Escolarizado,https://www.dgae.unam.mx/Licenciatura2026/resultados/2/20200145.html,115,3060,2590,112,166,110351,84,,No seleccionado,,Consultar
2,Licenciatura 2026,202,20200145,CIRUJANO DENTISTA,FACULTAD DE ODONTOLOGÍA,Escolarizado,https://www.dgae.unam.mx/Licenciatura2026/resultados/2/20200145.html,115,3060,2590,112,166,110423,,N,No presentado,,Consultar
2,Licenciatura 2026,202,20200145,CIRUJANO DENTISTA,FACULTAD DE ODONTOLOGÍA,Escolarizado,https://www.dgae.unam.mx/Licenciatura2026/resultados/2/20200145.html,115,3060,2590,112,166,110436,113,S,Seleccionado,Cita para entregar documentación.,Consultar
2,Licenciatura 2026,202,20200145,CIRUJANO DENTISTA,FACULTAD DE ODONTOLOGÍA,Escolarizado,https://www.dgae.unam.mx/Licenciatura2026/resultados/2/20200145.html,115,3060,2590,112,166,110441,103,,No seleccionado,,Consultar
2,Licenciatura 2026,202,20200145,CIRUJANO DENTISTA,FACULTAD DE ODONTOLOGÍA,Escolarizado,https://www.dgae.unam.mx/Licenciatura2026/resultados/2/20200145.html,115,3060,2590,112,166,110513,92,,No seleccionado,,Consultar
2,Licenciatura 2026,202,20200145,CIRUJANO DENTISTA,FACULTAD DE ODONTOLOGÍA,Escolarizado,https://www.dgae.unam.mx/Licenciatura2026/resultados/2/20200145.html,115,3060,2590,112,166,110553,105,,No seleccionado,,Consultar
2,Licenciatura 2026,202,20200145,CIRUJANO DENTISTA,FACULTAD DE ODONTOLOGÍA,Escolarizado,https://www.dgae.unam.mx/Licenciatura2026/resultados/2/20200145.html,115,3060,2590,112,166,110590,83,,No seleccionado,,Consultar
2,Licenciatura 2026,202,20200145,CIRUJANO DENTISTA,FACULTAD DE ODONTOLOGÍA,Escolarizado,https://www.dgae.unam.mx/Licenciatura2026/resultados/2/20200145.html,115,3060,2590,112,166,110610,97,,No seleccionado,,Consultar
2,Licenciatura 2026,202,20200145,CIRUJANO DENTISTA,FACULTAD DE ODONTOLOGÍA,Escolarizado,https://www.dgae.unam.mx/Licenciatura2026/resultados/2/20200145.html,115,3060,2590,112,166,110627,68,,No seleccionado,,Consultar
2,Licenciatura 2026,202,20200145,CIRUJANO DENTISTA,FACULTAD DE ODONTOLOGÍA,Escolarizado,https://www.dgae.unam.mx/Licenciatura2026/resultados/2/20200145.html,115,3060,2590,112,166,110628,67,,No seleccionado,,Consultar
2,Licenciatura 2026,202,20200145,CIRUJANO DENTISTA,FACULTAD DE ODONTOLOGÍA,Escolarizado,https://www.dgae.unam.mx/Licenciatura2026/resultados/2/20200145.html,115,3060,2590,112,166,110676,78,,No seleccionado,,Consultar
2,Licenciatura 2026,202,20200145,CIRUJANO DENTISTA,FACULTAD DE ODONTOLOGÍA,Escolarizado,https://www.dgae.unam.mx/Licenciatura2026/resultados/2/20200145.html,115,3060,2590,112,166,110692,104,,No seleccionado,,Consultar
2,Licenciatura 2026,202,20200145,CIRUJANO DENTISTA,FACULTAD DE ODONTOLOGÍA,Escolarizado,https://www.dgae.unam.mx/Licenciatura2026/resultados/2/20200145.html,115,3060,2590,112,166,110758,95,,No seleccionado,,Consultar
2,Licenciatura 2026,202,20200145,CIRUJANO DENTISTA,FACULTAD DE ODONTOLOGÍA,Escolarizado,https://www.dgae.unam.mx/Licenciatura2026/resultados/2/20200145.html,115,3060,2590,112,166,110776,105,,No seleccionado,,Consultar
2,Licenciatura 2026,202,20200145,CIRUJANO DENTISTA,FACULTAD DE ODONTOLOGÍA,Escolarizado,https://www.dgae.unam.mx/Licenciatura2026/resultados/2/20200145.html,115,3060,2590,112,166,110791,114,S,Seleccionado,,Consultar
2,Licenciatura 2026,202,20200145,CIRUJANO DENTISTA,FACULTAD DE ODONTOLOGÍA,Escolarizado,https://www.dgae.unam.mx/Licenciatura2026/resultados/2/20200145.html,115,3060,2590,112,166,110805,,N,No presentado,,Consultar
2,Licenciatura 2026,202,20200145,CIRUJANO DENTISTA,FACULTAD DE ODONTOLOGÍA,Escolarizado,https://www.dgae.unam.mx/Licenciatura2026/resultados/2/20200145.html,115,3060,2590,112,166,110848,55,,No seleccionado,,Consultar
2,Licenciatura 2026,202,20200145,CIRUJANO DENTISTA,FACULTAD DE ODONTOLOGÍA,Escolarizado,https://www.dgae.unam.mx/Licenciatura2026/resultados/2/20200145.html,115,3060,2590,112,166,110893,25,,No seleccionado,,Consultar
2,Licenciatura 2026,202,20200145,CIRUJANO DENTISTA,FACULTAD DE ODONTOLOGÍA,Escolarizado,https://www.dgae.unam.mx/Licenciatura2026/resultados/2/20200145.html,115,3060,2590,112,166,110894,110,,No seleccionado,,Consultar
2,Licenciatura 2026,202,20200145,CIRUJANO DENTISTA,FACULTAD DE ODONTOLOGÍA,Escolarizado,https://www.dgae.unam.mx/Licenciatura2026/resultados/2/20200145.html,115,3060,2590,112,166,110898,56,,No seleccionado,,Consultar
2,Licenciatura 2026,202,20200145,CIRUJANO DENTISTA,FACULTAD DE ODONTOLOGÍA,Escolarizado,https://www.dgae.unam.mx/Licenciatura2026/resultados/2/20200145.html,115,3060,2590,112,166,110948,97,,No seleccionado,,Consultar
2,Licenciatura 2026,202,20200145,CIRUJANO DENTISTA,FACULTAD DE ODONTOLOGÍA,Escolarizado,https://www.dgae.unam.mx/Licenciatura2026/resultados/2/20200145.html,115,3060,2590,112,166,110953,34,,No seleccionado,,Consultar
2,Licenciatura 2026,202,20200145,CIRUJANO DENTISTA,FACULTAD DE ODONTOLOGÍA,Escolarizado,https://www.dgae.unam.mx/Licenciatura2026/resultados/2/20200145.html,115,3060,2590,112,166,110972,58,,No seleccionado,,Consultar
2,Licenciatura 2026,202,20200145,CIRUJANO DENTISTA,FACULTAD DE ODONTOLOGÍA,Escolarizado,https://www.dgae.unam.mx/Licenciatura2026/resultados/2/20200145.html,115,3060,2590,112,166,110981,110,,No seleccionado,,Consultar
2,Licenciatura 2026,202,20200145,CIRUJANO DENTISTA,FACULTAD DE ODONTOLOGÍA,Escolarizado,https://www.dgae.unam.mx/Licenciatura2026/resultados/2/20200145.html,115,3060,2590,112,166,111047,44,,No seleccionado,,Consultar
2,Licenciatura 2026,202,20200145,CIRUJANO DENTISTA,FACULTAD DE ODONTOLOGÍA,Escolarizado,https://www.dgae.unam.mx/Licenciatura2026/resultados/2/20200145.html,115,3060,2590,112,166,111078,101,,No seleccionado,,Consultar
2,Licenciatura 2026,202,20200145,CIRUJANO DENTISTA,FACULTAD DE ODONTOLOGÍA,Escolarizado,https://www.dgae.unam.mx/Licenciatura2026/resultados/2/20200145.html,115,3060,2590,112,166,111100,49,,No seleccionado,,Consultar
2,Licenciatura 2026,202,20200145,CIRUJANO DENTISTA,FACULTAD DE ODONTOLOGÍA,Escolarizado,https://www.dgae.unam.mx/Licenciatura2026/resultados/2/20200145.html,115,3060,2590,112,166,111169,59,,No seleccionado,,Consultar
2,Licenciatura 2026,202,20200145,CIRUJANO DENTISTA,FACULTAD DE ODONTOLOGÍA,Escolarizado,https://www.dgae.unam.mx/Licenciatura2026/resultados/2/20200145.html,115,3060,2590,112,166,111178,22,,No seleccionado,,Consultar
2,Licenciatura 2026,202,20200145,CIRUJANO DENTISTA,FACULTAD DE ODONTOLOGÍA,Escolarizado,https://www.dgae.unam.mx/Licenciatura2026/resultados/2/20200145.html,115,3060,2590,112,166,111254,,N,No presentado,,Consultar
2,Licenciatura 2026,202,20200145,CIRUJANO DENTISTA,FACULTAD DE ODONTOLOGÍA,Escolarizado,https://www.dgae.unam.mx/Licenciatura2026/resultados/2/20200145.html,115,3060,2590,112,166,111274,,N,No presentado,,Consultar
2,Licenciatura 2026,202,20200145,CIRUJANO DENTISTA,FACULTAD DE ODONTOLOGÍA,Escolarizado,https://www.dgae.unam.mx/Licenciatura2026/resultados/2/20200145.html,115,3060,2590,112,166,111330,107,,No seleccionado,,Consultar
2,Licenciatura 2026,202,20200145,CIRUJANO DENTISTA,FACULTAD DE ODONTOLOGÍA,Escolarizado,https://www.dgae.unam.mx/Licenciatura2026/resultados/2/20200145.html,115,3060,2590,112,166,111368,115,S,Seleccionado,Cita para entregar documentación.,Consultar
2,Licenciatura 2026,202,20200145,CIRUJANO DENTISTA,FACULTAD DE ODONTOLOGÍA,Escolarizado,https://www.dgae.unam.mx/Licenciatura2026/resultados/2/20200145.html,115,3060,2590,112,166,111383,99,,No seleccionado,,Consultar
2,Licenciatura 2026,202,20200145,CIRUJANO DENTISTA,FACULTAD DE ODONTOLOGÍA,Escolarizado,https://www.dgae.unam.mx/Licenciatura2026/resultados/2/20200145.html,115,3060,2590,112,166,111488,43,,No seleccionado,,Consultar
2,Licenciatura 2026,202,20200145,CIRUJANO DENTISTA,FACULTAD DE ODONTOLOGÍA,Escolarizado,https://www.dgae.unam.mx/Licenciatura2026/resultados/2/20200145.html,115,3060,2590,112,166,111489,,C,Cancelado,,Consultar
2,Licenciatura 2026,202,20200145,CIRUJANO DENTISTA,FACULTAD DE ODONTOLOGÍA,Escolarizado,https://www.dgae.unam.mx/Licenciatura2026/resultados/2/20200145.html,115,3060,2590,112,166,111499,30,,No seleccionado,,Consultar
2,Licenciatura 2026,202,20200145,CIRUJANO DENTISTA,FACULTAD DE ODONTOLOGÍA,Escolarizado,https://www.dgae.unam.mx/Licenciatura2026/resultados/2/20200145.html,115,3060,2590,112,166,111511,59,,No seleccionado,,Consultar
2,Licenciatura 2026,202,20200145,CIRUJANO DENTISTA,FACULTAD DE ODONTOLOGÍA,Escolarizado,https://www.dgae.unam.mx/Licenciatura2026/resultados/2/20200145.html,115,3060,2590,112,166,111512,,N,No presentado,,Consultar
2,Licenciatura 2026,202,20200145,CIRUJANO DENTISTA,FACULTAD DE ODONTOLOGÍA,Escolarizado,https://www.dgae.unam.mx/Licenciatura2026/resultados/2/20200145.html,115,3060,2590,112,166,111533,101,,No seleccionado,,Consultar
2,Licenciatura 2026,202,20200145,CIRUJANO DENTISTA,FACULTAD DE ODONTOLOGÍA,Escolarizado,https://www.dgae.unam.mx/Licenciatura2026/resultados/2/20200145.html,115,3060,2590,112,166,111548,42,,No seleccionado,,Consultar
2,Licenciatura 2026,202,20200145,CIRUJANO DENTISTA,FACULTAD DE ODONTOLOGÍA,Escolarizado,https://www.dgae.unam.mx/Licenciatura2026/resultados/2/20200145.html,115,3060,2590,112,166,111575,106,,No seleccionado,,Consultar
2,Licenciatura 2026,202,20200145,CIRUJANO DENTISTA,FACULTAD DE ODONTOLOGÍA,Escolarizado,https://www.dgae.unam.mx/Licenciatura2026/resultados/2/20200145.html,115,3060,2590,112,166,111579,98,,No seleccionado,,Consultar
2,Licenciatura 2026,202,20200145,CIRUJANO DENTISTA,FACULTAD DE ODONTOLOGÍA,Escolarizado,https://www.dgae.unam.mx/Licenciatura2026/resultados/2/20200145.html,115,3060,2590,112,166,111633,77,,No seleccionado,,Consultar
2,Licenciatura 2026,202,20200145,CIRUJANO DENTISTA,FACULTAD DE ODONTOLOGÍA,Escolarizado,https://www.dgae.unam.mx/Licenciatura2026/resultados/2/20200145.html,115,3060,2590,112,166,111657,29,,No seleccionado,,Consultar
2,Licenciatura 2026,202,20200145,CIRUJANO DENTISTA,FACULTAD DE ODONTOLOGÍA,Escolarizado,https://www.dgae.unam.mx/Licenciatura2026/resultados/2/20200145.html,115,3060,2590,112,166,111686,,N,No presentado,,Consultar
2,Licenciatura 2026,202,20200145,CIRUJANO DENTISTA,FACULTAD DE ODONTOLOGÍA,Escolarizado,https://www.dgae.unam.mx/Licenciatura2026/resultados/2/20200145.html,115,3060,2590,112,166,111719,86,,No seleccionado,,Consultar
2,Licenciatura 2026,202,20200145,CIRUJANO DENTISTA,FACULTAD DE ODONTOLOGÍA,Escolarizado,https://www.dgae.unam.mx/Licenciatura2026/resultados/2/20200145.html,115,3060,2590,112,166,111728,70,,No seleccionado,,Consultar
2,Licenciatura 2026,202,20200145,CIRUJANO DENTISTA,FACULTAD DE ODONTOLOGÍA,Escolarizado,https://www.dgae.unam.mx/Licenciatura2026/resultados/2/20200145.html,115,3060,2590,112,166,111737,41,,No seleccionado,,Consultar
2,Licenciatura 2026,202,20200145,CIRUJANO DENTISTA,FACULTAD DE ODONTOLOGÍA,Escolarizado,https://www.dgae.unam.mx/Licenciatura2026/resultados/2/20200145.html,115,3060,2590,112,166,111754,,N,No presentado,,Consultar
2,Licenciatura 2026,202,20200145,CIRUJANO DENTISTA,FACULTAD DE ODONTOLOGÍA,Escolarizado,https://www.dgae.unam.mx/Licenciatura2026/resultados/2/20200145.html,115,3060,2590,112,166,111825,102,,No seleccionado,,Consultar
2,Licenciatura 2026,202,20200145,CIRUJANO DENTISTA,FACULTAD DE ODONTOLOGÍA,Escolarizado,https://www.dgae.unam.mx/Licenciatura2026/resultados/2/20200145.html,115,3060,2590,112,166,111842,55,,No seleccionado,,Consultar
2,Licenciatura 2026,202,20200145,CIRUJANO DENTISTA,FACULTAD DE ODONTOLOGÍA,Escolarizado,https://www.dgae.unam.mx/Licenciatura2026/resultados/2/20200145.html,115,3060,2590,112,166,111848,105,,No seleccionado,,Consultar
2,Licenciatura 2026,202,20200145,CIRUJANO DENTISTA,FACULTAD DE ODONTOLOGÍA,Escolarizado,https://www.dgae.unam.mx/Licenciatura2026/resultados/2/20200145.html,115,3060,2590,112,166,111865,36,,No seleccionado,,Consultar
2,Licenciatura 2026,202,20200145,CIRUJANO DENTISTA,FACULTAD DE ODONTOLOGÍA,Escolarizado,https://www.dgae.unam.mx/Licenciatura2026/resultados/2/20200145.html,115,3060,2590,112,166,111912,113,S,Seleccionado,Cita para entregar documentación.,Consultar
2,Licenciatura 2026,202,20200145,CIRUJANO DENTISTA,FACULTAD DE ODONTOLOGÍA,Escolarizado,https://www.dgae.unam.mx/Licenciatura2026/resultados/2/20200145.html,115,3060,2590,112,166,111922,95,,No seleccionado,,Consultar
2,Licenciatura 2026,202,20200145,CIRUJANO DENTISTA,FACULTAD DE ODONTOLOGÍA,Escolarizado,https://www.dgae.unam.mx/Licenciatura2026/resultados/2/20200145.html,115,3060,2590,112,166,112058,95,,No seleccionado,,Consultar
2,Licenciatura 2026,202,20200145,CIRUJANO DENTISTA,FACULTAD DE ODONTOLOGÍA,Escolarizado,https://www.dgae.unam.mx/Licenciatura2026/resultados/2/20200145.html,115,3060,2590,112,166,112060,110,,No seleccionado,,Consultar
2,Licenciatura 2026,202,20200145,CIRUJANO DENTISTA,FACULTAD DE ODONTOLOGÍA,Escolarizado,https://www.dgae.unam.mx/Licenciatura2026/resultados/2/20200145.html,115,3060,2590,112,166,112079,44,,No seleccionado,,Consultar
2,Licenciatura 2026,202,20200145,CIRUJANO DENTISTA,FACULTAD DE ODONTOLOGÍA,Escolarizado,https://www.dgae.unam.mx/Licenciatura2026/resultados/2/20200145.html,115,3060,2590,112,166,112141,81,,No seleccionado,,Consultar
2,Licenciatura 2026,202,20200145,CIRUJANO DENTISTA,FACULTAD DE ODONTOLOGÍA,Escolarizado,https://www.dgae.unam.mx/Licenciatura2026/resultados/2/20200145.html,115,3060,2590,112,166,112148,112,S,Seleccionado,Cita para entregar documentación.,Consultar
2,Licenciatura 2026,202,20200145,CIRUJANO DENTISTA,FACULTAD DE ODONTOLOGÍA,Escolarizado,https://www.dgae.unam.mx/Licenciatura2026/resultados/2/20200145.html,115,3060,2590,112,166,112178,48,,No seleccionado,,Consultar
2,Licenciatura 2026,202,20200145,CIRUJANO DENTISTA,FACULTAD DE ODONTOLOGÍA,Escolarizado,https://www.dgae.unam.mx/Licenciatura2026/resultados/2/20200145.html,115,3060,2590,112,166,112207,40,,No seleccionado,,Consultar
2,Licenciatura 2026,202,20200145,CIRUJANO DENTISTA,FACULTAD DE ODONTOLOGÍA,Escolarizado,https://www.dgae.unam.mx/Licenciatura2026/resultados/2/20200145.html,115,3060,2590,112,166,112243,98,,No seleccionado,,Consultar
2,Licenciatura 2026,202,20200145,CIRUJANO DENTISTA,FACULTAD DE ODONTOLOGÍA,Escolarizado,https://www.dgae.unam.mx/Licenciatura2026/resultados/2/20200145.html,115,3060,2590,112,166,112287,98,,No seleccionado,,Consultar
2,Licenciatura 2026,202,20200145,CIRUJANO DENTISTA,FACULTAD DE ODONTOLOGÍA,Escolarizado,https://www.dgae.unam.mx/Licenciatura2026/resultados/2/20200145.html,115,3060,2590,112,166,112300,57,,No seleccionado,,Consultar
2,Licenciatura 2026,202,20200145,CIRUJANO DENTISTA,FACULTAD DE ODONTOLOGÍA,Escolarizado,https://www.dgae.unam.mx/Licenciatura2026/resultados/2/20200145.html,115,3060,2590,112,166,112306,108,,No seleccionado,,Consultar
2,Licenciatura 2026,202,20200145,CIRUJANO DENTISTA,FACULTAD DE ODONTOLOGÍA,Escolarizado,https://www.dgae.unam.mx/Licenciatura2026/resultados/2/20200145.html,115,3060,2590,112,166,112311,45,,No seleccionado,,Consultar
2,Licenciatura 2026,202,20200145,CIRUJANO DENTISTA,FACULTAD DE ODONTOLOGÍA,Escolarizado,https://www.dgae.unam.mx/Licenciatura2026/resultados/2/20200145.html,115,3060,2590,112,166,112317,103,,No seleccionado,,Consultar
2,Licenciatura 2026,202,20200145,CIRUJANO DENTISTA,FACULTAD DE ODONTOLOGÍA,Escolarizado,https://www.dgae.unam.mx/Licenciatura2026/resultados/2/20200145.html,115,3060,2590,112,166,112328,,N,No presentado,,Consultar
2,Licenciatura 2026,202,20200145,CIRUJANO DENTISTA,FACULTAD DE ODONTOLOGÍA,Escolarizado,https://www.dgae.unam.mx/Licenciatura2026/resultados/2/20200145.html,115,3060,2590,112,166,112352,29,,No seleccionado,,Consultar
2,Licenciatura 2026,202,20200145,CIRUJANO DENTISTA,FACULTAD DE ODONTOLOGÍA,Escolarizado,https://www.dgae.unam.mx/Licenciatura2026/resultados/2/20200145.html,115,3060,2590,112,166,112371,105,,No seleccionado,,Consultar
2,Licenciatura 2026,202,20200145,CIRUJANO DENTISTA,FACULTAD DE ODONTOLOGÍA,Escolarizado,https://www.dgae.unam.mx/Licenciatura2026/resultados/2/20200145.html,115,3060,2590,112,166,112374,82,,No seleccionado,,Consultar
2,Licenciatura 2026,202,20200145,CIRUJANO DENTISTA,FACULTAD DE ODONTOLOGÍA,Escolarizado,https://www.dgae.unam.mx/Licenciatura2026/resultados/2/20200145.html,115,3060,2590,112,166,112384,,N,No presentado,,Consultar
2,Licenciatura 2026,202,20200145,CIRUJANO DENTISTA,FACULTAD DE ODONTOLOGÍA,Escolarizado,https://www.dgae.unam.mx/Licenciatura2026/resultados/2/20200145.html,115,3060,2590,112,166,112395,77,,No seleccionado,,Consultar
2,Licenciatura 2026,202,20200145,CIRUJANO DENTISTA,FACULTAD DE ODONTOLOGÍA,Escolarizado,https://www.dgae.unam.mx/Licenciatura2026/resultados/2/20200145.html,115,3060,2590,112,166,112398,38,,No seleccionado,,Consultar
2,Licenciatura 2026,202,20200145,CIRUJANO DENTISTA,FACULTAD DE ODONTOLOGÍA,Escolarizado,https://www.dgae.unam.mx/Licenciatura2026/resultados/2/20200145.html,115,3060,2590,112,166,112434,,N,No presentado,,Consultar
2,Licenciatura 2026,202,20200145,CIRUJANO DENTISTA,FACULTAD DE ODONTOLOGÍA,Escolarizado,https://www.dgae.unam.mx/Licenciatura2026/resultados/2/20200145.html,115,3060,2590,112,166,112483,88,,No seleccionado,,Consultar
2,Licenciatura 2026,202,20200145,CIRUJANO DENTISTA,FACULTAD DE ODONTOLOGÍA,Escolarizado,https://www.dgae.unam.mx/Licenciatura2026/resultados/2/20200145.html,115,3060,2590,112,166,112496,115,S,Seleccionado,Cita para entregar documentación.,Consultar
2,Licenciatura 2026,202,20200145,CIRUJANO DENTISTA,FACULTAD DE ODONTOLOGÍA,Escolarizado,https://www.dgae.unam.mx/Licenciatura2026/resultados/2/20200145.html,115,3060,2590,112,166,112550,101,,No seleccionado,,Consultar
2,Licenciatura 2026,202,20200145,CIRUJANO DENTISTA,FACULTAD DE ODONTOLOGÍA,Escolarizado,https://www.dgae.unam.mx/Licenciatura2026/resultados/2/20200145.html,115,3060,2590,112,166,112554,,N,No presentado,,Consultar
2,Licenciatura 2026,202,20200145,CIRUJANO DENTISTA,FACULTAD DE ODONTOLOGÍA,Escolarizado,https://www.dgae.unam.mx/Licenciatura2026/resultados/2/20200145.html,115,3060,2590,112,166,112559,114,S,Seleccionado,,Consultar
2,Licenciatura 2026,202,20200145,CIRUJANO DENTISTA,FACULTAD DE ODONTOLOGÍA,Escolarizado,https://www.dgae.unam.mx/Licenciatura2026/resultados/2/20200145.html,115,3060,2590,112,166,112574,112,S,Seleccionado,,Consultar
2,Licenciatura 2026,202,20200145,CIRUJANO DENTISTA,FACULTAD DE ODONTOLOGÍA,Escolarizado,https://www.dgae.unam.mx/Licenciatura2026/resultados/2/20200145.html,115,3060,2590,112,166,112588,79,,No seleccionado,,Consultar
2,Licenciatura 2026,202,20200145,CIRUJANO DENTISTA,FACULTAD DE ODONTOLOGÍA,Escolarizado,https://www.dgae.unam.mx/Licenciatura2026/resultados/2/20200145.html,115,3060,2590,112,166,112630,113,S,Seleccionado,Cita para entregar documentación.,Consultar
2,Licenciatura 2026,202,20200145,CIRUJANO DENTISTA,FACULTAD DE ODONTOLOGÍA,Escolarizado,https://www.dgae.unam.mx/Licenciatura2026/resultados/2/20200145.html,115,3060,2590,112,166,112637,42,,No seleccionado,,Consultar
2,Licenciatura 2026,202,20200145,CIRUJANO DENTISTA,FACULTAD DE ODONTOLOGÍA,Escolarizado,https://www.dgae.unam.mx/Licenciatura2026/resultados/2/20200145.html,115,3060,2590,112,166,112643,,N,No presentado,,Consultar
2,Licenciatura 2026,202,20200145,CIRUJANO DENTISTA,FACULTAD DE ODONTOLOGÍA,Escolarizado,https://www.dgae.unam.mx/Licenciatura2026/resultados/2/20200145.html,115,3060,2590,112,166,112664,42,,No seleccionado,,Consultar
2,Licenciatura 2026,202,20200145,CIRUJANO DENTISTA,FACULTAD DE ODONTOLOGÍA,Escolarizado,https://www.dgae.unam.mx/Licenciatura2026/resultados/2/20200145.html,115,3060,2590,112,166,112688,106,,No seleccionado,,Consultar
2,Licenciatura 2026,202,20200145,CIRUJANO DENTISTA,FACULTAD DE ODONTOLOGÍA,Escolarizado,https://www.dgae.unam.mx/Licenciatura2026/resultados/2/20200145.html,115,3060,2590,112,166,112705,95,,No seleccionado,,Consultar
2,Licenciatura 2026,202,20200145,CIRUJANO DENTISTA,FACULTAD DE ODONTOLOGÍA,Escolarizado,https://www.dgae.unam.mx/Licenciatura2026/resultados/2/20200145.html,115,3060,2590,112,166,112725,62,,No seleccionado,,Consultar
2,Licenciatura 2026,202,20200145,CIRUJANO DENTISTA,FACULTAD DE ODONTOLOGÍA,Escolarizado,https://www.dgae.unam.mx/Licenciatura2026/resultados/2/20200145.html,115,3060,2590,112,166,112964,101,,No seleccionado,,Consultar
2,Licenciatura 2026,202,20200145,CIRUJANO DENTISTA,FACULTAD DE ODONTOLOGÍA,Escolarizado,https://www.dgae.unam.mx/Licenciatura2026/resultados/2/20200145.html,115,3060,2590,112,166,112981,,N,No presentado,,Consultar
2,Licenciatura 2026,202,20200145,CIRUJANO DENTISTA,FACULTAD DE ODONTOLOGÍA,Escolarizado,https://www.dgae.unam.mx/Licenciatura2026/resultados/2/20200145.html,115,3060,2590,112,166,112982,74,,No seleccionado,,Consultar
2,Licenciatura 2026,202,20200145,CIRUJANO DENTISTA,FACULTAD DE ODONTOLOGÍA,Escolarizado,https://www.dgae.unam.mx/Licenciatura2026/resultados/2/20200145.html,115,3060,2590,112,166,112994,32,,No seleccionado,,Consultar
2,Licenciatura 2026,202,20200145,CIRUJANO DENTISTA,FACULTAD DE ODONTOLOGÍA,Escolarizado,https://www.dgae.unam.mx/Licenciatura2026/resultados/2/20200145.html,115,3060,2590,112,166,112998,,N,No presentado,,Consultar
2,Licenciatura 2026,202,20200145,CIRUJANO DENTISTA,FACULTAD DE ODONTOLOGÍA,Escolarizado,https://www.dgae.unam.mx/Licenciatura2026/resultados/2/20200145.html,115,3060,2590,112,166,113029,85,,No seleccionado,,Consultar
2,Licenciatura 2026,202,20200145,CIRUJANO DENTISTA,FACULTAD DE ODONTOLOGÍA,Escolarizado,https://www.dgae.unam.mx/Licenciatura2026/resultados/2/20200145.html,115,3060,2590,112,166,113031,56,,No seleccionado,,Consultar
2,Licenciatura 2026,202,20200145,CIRUJANO DENTISTA,FACULTAD DE ODONTOLOGÍA,Escolarizado,https://www.dgae.unam.mx/Licenciatura2026/resultados/2/20200145.html,115,3060,2590,112,166,113047,,C,Cancelado,,Consultar
2,Licenciatura 2026,202,20200145,CIRUJANO DENTISTA,FACULTAD DE ODONTOLOGÍA,Escolarizado,https://www.dgae.unam.mx/Licenciatura2026/resultados/2/20200145.html,115,3060,2590,112,166,113055,71,,No seleccionado,,Consultar
2,Licenciatura 2026,202,20200145,CIRUJANO DENTISTA,FACULTAD DE ODONTOLOGÍA,Escolarizado,https://www.dgae.unam.mx/Licenciatura2026/resultados/2/20200145.html,115,3060,2590,112,166,113075,108,,No seleccionado,,Consultar
2,Licenciatura 2026,202,20200145,CIRUJANO DENTISTA,FACULTAD DE ODONTOLOGÍA,Escolarizado,https://www.dgae.unam.mx/Licenciatura2026/resultados/2/20200145.html,115,3060,2590,112,166,113078,115,S,Seleccionado,,Consultar
2,Licenciatura 2026,202,20200145,CIRUJANO DENTISTA,FACULTAD DE ODONTOLOGÍA,Escolarizado,https://www.dgae.unam.mx/Licenciatura2026/resultados/2/20200145.html,115,3060,2590,112,166,113080,,N,No presentado,,Consultar
2,Licenciatura 2026,202,20200145,CIRUJANO DENTISTA,FACULTAD DE ODONTOLOGÍA,Escolarizado,https://www.dgae.unam.mx/Licenciatura2026/resultados/2/20200145.html,115,3060,2590,112,166,113147,,C,Cancelado,,Consultar
2,Licenciatura 2026,202,20200145,CIRUJANO DENTISTA,FACULTAD DE ODONTOLOGÍA,Escolarizado,https://www.dgae.unam.mx/Licenciatura2026/resultados/2/20200145.html,115,3060,2590,112,166,113196,114,S,Seleccionado,Cita para entregar documentación.,Consultar
2,Licenciatura 2026,202,20200145,CIRUJANO DENTISTA,FACULTAD DE ODONTOLOGÍA,Escolarizado,https://www.dgae.unam.mx/Licenciatura2026/resultados/2/20200145.html,115,3060,2590,112,166,113201,98,,No seleccionado,,Consultar
2,Licenciatura 2026,202,20200145,CIRUJANO DENTISTA,FACULTAD DE ODONTOLOGÍA,Escolarizado,https://www.dgae.unam.mx/Licenciatura2026/resultados/2/20200145.html,115,3060,2590,112,166,113217,103,,No seleccionado,,Consultar
2,Licenciatura 2026,202,20200145,CIRUJANO DENTISTA,FACULTAD DE ODONTOLOGÍA,Escolarizado,https://www.dgae.unam.mx/Licenciatura2026/resultados/2/20200145.html,115,3060,2590,112,166,113257,115,S,Seleccionado,Cita para entregar documentación.,Consultar
2,Licenciatura 2026,202,20200145,CIRUJANO DENTISTA,FACULTAD DE ODONTOLOGÍA,Escolarizado,https://www.dgae.unam.mx/Licenciatura2026/resultados/2/20200145.html,115,3060,2590,112,166,113264,50,,No seleccionado,,Consultar
2,Licenciatura 2026,202,20200145,CIRUJANO DENTISTA,FACULTAD DE ODONTOLOGÍA,Escolarizado,https://www.dgae.unam.mx/Licenciatura2026/resultados/2/20200145.html,115,3060,2590,112,166,113276,108,,No seleccionado,,Consultar
2,Licenciatura 2026,202,20200145,CIRUJANO DENTISTA,FACULTAD DE ODONTOLOGÍA,Escolarizado,https://www.dgae.unam.mx/Licenciatura2026/resultados/2/20200145.html,115,3060,2590,112,166,113330,30,,No seleccionado,,Consultar
2,Licenciatura 2026,202,20200145,CIRUJANO DENTISTA,FACULTAD DE ODONTOLOGÍA,Escolarizado,https://www.dgae.unam.mx/Licenciatura2026/resultados/2/20200145.html,115,3060,2590,112,166,113350,,N,No presentado,,Consultar
2,Licenciatura 2026,202,20200145,CIRUJANO DENTISTA,FACULTAD DE ODONTOLOGÍA,Escolarizado,https://www.dgae.unam.mx/Licenciatura2026/resultados/2/20200145.html,115,3060,2590,112,166,113354,,N,No presentado,,Consultar
2,Licenciatura 2026,202,20200145,CIRUJANO DENTISTA,FACULTAD DE ODONTOLOGÍA,Escolarizado,https://www.dgae.unam.mx/Licenciatura2026/resultados/2/20200145.html,115,3060,2590,112,166,113365,39,,No seleccionado,,Consultar
2,Licenciatura 2026,202,20200145,CIRUJANO DENTISTA,FACULTAD DE ODONTOLOGÍA,Escolarizado,https://www.dgae.unam.mx/Licenciatura2026/resultados/2/20200145.html,115,3060,2590,112,166,113375,32,,No seleccionado,,Consultar
2,Licenciatura 2026,202,20200145,CIRUJANO DENTISTA,FACULTAD DE ODONTOLOGÍA,Escolarizado,https://www.dgae.unam.mx/Licenciatura2026/resultados/2/20200145.html,115,3060,2590,112,166,113393,,N,No presentado,,Consultar
2,Licenciatura 2026,202,20200145,CIRUJANO DENTISTA,FACULTAD DE ODONTOLOGÍA,Escolarizado,https://www.dgae.unam.mx/Licenciatura2026/resultados/2/20200145.html,115,3060,2590,112,166,113408,113,S,Seleccionado,Cita para entregar documentación.,Consultar
2,Licenciatura 2026,202,20200145,CIRUJANO DENTISTA,FACULTAD DE ODONTOLOGÍA,Escolarizado,https://www.dgae.unam.mx/Licenciatura2026/resultados/2/20200145.html,115,3060,2590,112,166,113423,53,,No seleccionado,,Consultar
2,Licenciatura 2026,202,20200145,CIRUJANO DENTISTA,FACULTAD DE ODONTOLOGÍA,Escolarizado,https://www.dgae.unam.mx/Licenciatura2026/resultados/2/20200145.html,115,3060,2590,112,166,113442,,N,No presentado,,Consultar
2,Licenciatura 2026,202,20200145,CIRUJANO DENTISTA,FACULTAD DE ODONTOLOGÍA,Escolarizado,https://www.dgae.unam.mx/Licenciatura2026/resultados/2/20200145.html,115,3060,2590,112,166,113462,30,,No seleccionado,,Consultar
2,Licenciatura 2026,202,20200145,CIRUJANO DENTISTA,FACULTAD DE ODONTOLOGÍA,Escolarizado,https://www.dgae.unam.mx/Licenciatura2026/resultados/2/20200145.html,115,3060,2590,112,166,113463,78,,No seleccionado,,Consultar
2,Licenciatura 2026,202,20200145,CIRUJANO DENTISTA,FACULTAD DE ODONTOLOGÍA,Escolarizado,https://www.dgae.unam.mx/Licenciatura2026/resultados/2/20200145.html,115,3060,2590,112,166,113483,67,,No seleccionado,,Consultar
2,Licenciatura 2026,202,20200145,CIRUJANO DENTISTA,FACULTAD DE ODONTOLOGÍA,Escolarizado,https://www.dgae.unam.mx/Licenciatura2026/resultados/2/20200145.html,115,3060,2590,112,166,113514,50,,No seleccionado,,Consultar
2,Licenciatura 2026,202,20200145,CIRUJANO DENTISTA,FACULTAD DE ODONTOLOGÍA,Escolarizado,https://www.dgae.unam.mx/Licenciatura2026/resultados/2/20200145.html,115,3060,2590,112,166,113523,100,,No seleccionado,,Consultar
2,Licenciatura 2026,202,20200145,CIRUJANO DENTISTA,FACULTAD DE ODONTOLOGÍA,Escolarizado,https://www.dgae.unam.mx/Licenciatura2026/resultados/2/20200145.html,115,3060,2590,112,166,113526,105,,No seleccionado,,Consultar
2,Licenciatura 2026,202,20200145,CIRUJANO DENTISTA,FACULTAD DE ODONTOLOGÍA,Escolarizado,https://www.dgae.unam.mx/Licenciatura2026/resultados/2/20200145.html,115,3060,2590,112,166,113577,91,,No seleccionado,,Consultar
2,Licenciatura 2026,202,20200145,CIRUJANO DENTISTA,FACULTAD DE ODONTOLOGÍA,Escolarizado,https://www.dgae.unam.mx/Licenciatura2026/resultados/2/20200145.html,115,3060,2590,112,166,113586,105,,No seleccionado,,Consultar
2,Licenciatura 2026,202,20200145,CIRUJANO DENTISTA,FACULTAD DE ODONTOLOGÍA,Escolarizado,https://www.dgae.unam.mx/Licenciatura2026/resultados/2/20200145.html,115,3060,2590,112,166,113599,45,,No seleccionado,,Consultar
2,Licenciatura 2026,202,20200145,CIRUJANO DENTISTA,FACULTAD DE ODONTOLOGÍA,Escolarizado,https://www.dgae.unam.mx/Licenciatura2026/resultados/2/20200145.html,115,3060,2590,112,166,113622,102,,No seleccionado,,Consultar
2,Licenciatura 2026,202,20200145,CIRUJANO DENTISTA,FACULTAD DE ODONTOLOGÍA,Escolarizado,https://www.dgae.unam.mx/Licenciatura2026/resultados/2/20200145.html,115,3060,2590,112,166,113639,,N,No presentado,,Consultar
2,Licenciatura 2026,202,20200145,CIRUJANO DENTISTA,FACULTAD DE ODONTOLOGÍA,Escolarizado,https://www.dgae.unam.mx/Licenciatura2026/resultados/2/20200145.html,115,3060,2590,112,166,113642,88,,No seleccionado,,Consultar
2,Licenciatura 2026,202,20200145,CIRUJANO DENTISTA,FACULTAD DE ODONTOLOGÍA,Escolarizado,https://www.dgae.unam.mx/Licenciatura2026/resultados/2/20200145.html,115,3060,2590,112,166,113679,67,,No seleccionado,,Consultar
2,Licenciatura 2026,202,20200145,CIRUJANO DENTISTA,FACULTAD DE ODONTOLOGÍA,Escolarizado,https://www.dgae.unam.mx/Licenciatura2026/resultados/2/20200145.html,115,3060,2590,112,166,113735,75,,No seleccionado,,Consultar
2,Licenciatura 2026,202,20200145,CIRUJANO DENTISTA,FACULTAD DE ODONTOLOGÍA,Escolarizado,https://www.dgae.unam.mx/Licenciatura2026/resultados/2/20200145.html,115,3060,2590,112,166,113791,36,,No seleccionado,,Consultar
2,Licenciatura 2026,202,20200145,CIRUJANO DENTISTA,FACULTAD DE ODONTOLOGÍA,Escolarizado,https://www.dgae.unam.mx/Licenciatura2026/resultados/2/20200145.html,115,3060,2590,112,166,113811,1,,No seleccionado,,Consultar
2,Licenciatura 2026,202,20200145,CIRUJANO DENTISTA,FACULTAD DE ODONTOLOGÍA,Escolarizado,https://www.dgae.unam.mx/Licenciatura2026/resultados/2/20200145.html,115,3060,2590,112,166,113812,42,,No seleccionado,,Consultar
2,Licenciatura 2026,202,20200145,CIRUJANO DENTISTA,FACULTAD DE ODONTOLOGÍA,Escolarizado,https://www.dgae.unam.mx/Licenciatura2026/resultados/2/20200145.html,115,3060,2590,112,166,113813,65,,No seleccionado,,Consultar
2,Licenciatura 2026,202,20200145,CIRUJANO DENTISTA,FACULTAD DE ODONTOLOGÍA,Escolarizado,https://www.dgae.unam.mx/Licenciatura2026/resultados/2/20200145.html,115,3060,2590,112,166,113849,84,,No seleccionado,,Consultar
2,Licenciatura 2026,202,20200145,CIRUJANO DENTISTA,FACULTAD DE ODONTOLOGÍA,Escolarizado,https://www.dgae.unam.mx/Licenciatura2026/resultados/2/20200145.html,115,3060,2590,112,166,113906,,N,No presentado,,Consultar
2,Licenciatura 2026,202,20200145,CIRUJANO DENTISTA,FACULTAD DE ODONTOLOGÍA,Escolarizado,https://www.dgae.unam.mx/Licenciatura2026/resultados/2/20200145.html,115,3060,2590,112,166,113936,110,,No seleccionado,,Consultar
2,Licenciatura 2026,202,20200145,CIRUJANO DENTISTA,FACULTAD DE ODONTOLOGÍA,Escolarizado,https://www.dgae.unam.mx/Licenciatura2026/resultados/2/20200145.html,115,3060,2590,112,166,113949,41,,No seleccionado,,Consultar
2,Licenciatura 2026,202,20200145,CIRUJANO DENTISTA,FACULTAD DE ODONTOLOGÍA,Escolarizado,https://www.dgae.unam.mx/Licenciatura2026/resultados/2/20200145.html,115,3060,2590,112,166,113955,99,,No seleccionado,,Consultar
2,Licenciatura 2026,202,20200145,CIRUJANO DENTISTA,FACULTAD DE ODONTOLOGÍA,Escolarizado,https://www.dgae.unam.mx/Licenciatura2026/resultados/2/20200145.html,115,3060,2590,112,166,113989,,C,Cancelado,,Consultar
2,Licenciatura 2026,202,20200145,CIRUJANO DENTISTA,FACULTAD DE ODONTOLOGÍA,Escolarizado,https://www.dgae.unam.mx/Licenciatura2026/resultados/2/20200145.html,115,3060,2590,112,166,114006,113,S,Seleccionado,,Consultar
2,Licenciatura 2026,202,20200145,CIRUJANO DENTISTA,FACULTAD DE ODONTOLOGÍA,Escolarizado,https://www.dgae.unam.mx/Licenciatura2026/resultados/2/20200145.html,115,3060,2590,112,166,114014,35,,No seleccionado,,Consultar
2,Licenciatura 2026,202,20200145,CIRUJANO DENTISTA,FACULTAD DE ODONTOLOGÍA,Escolarizado,https://www.dgae.unam.mx/Licenciatura2026/resultados/2/20200145.html,115,3060,2590,112,166,114028,102,,No seleccionado,,Consultar
2,Licenciatura 2026,202,20200145,CIRUJANO DENTISTA,FACULTAD DE ODONTOLOGÍA,Escolarizado,https://www.dgae.unam.mx/Licenciatura2026/resultados/2/20200145.html,115,3060,2590,112,166,114048,46,,No seleccionado,,Consultar
2,Licenciatura 2026,202,20200145,CIRUJANO DENTISTA,FACULTAD DE ODONTOLOGÍA,Escolarizado,https://www.dgae.unam.mx/Licenciatura2026/resultados/2/20200145.html,115,3060,2590,112,166,114049,58,,No seleccionado,,Consultar
2,Licenciatura 2026,202,20200145,CIRUJANO DENTISTA,FACULTAD DE ODONTOLOGÍA,Escolarizado,https://www.dgae.unam.mx/Licenciatura2026/resultados/2/20200145.html,115,3060,2590,112,166,114060,70,,No seleccionado,,Consultar
2,Licenciatura 2026,202,20200145,CIRUJANO DENTISTA,FACULTAD DE ODONTOLOGÍA,Escolarizado,https://www.dgae.unam.mx/Licenciatura2026/resultados/2/20200145.html,115,3060,2590,112,166,114063,65,,No seleccionado,,Consultar
2,Licenciatura 2026,202,20200145,CIRUJANO DENTISTA,FACULTAD DE ODONTOLOGÍA,Escolarizado,https://www.dgae.unam.mx/Licenciatura2026/resultados/2/20200145.html,115,3060,2590,112,166,114096,49,,No seleccionado,,Consultar
2,Licenciatura 2026,202,20200145,CIRUJANO DENTISTA,FACULTAD DE ODONTOLOGÍA,Escolarizado,https://www.dgae.unam.mx/Licenciatura2026/resultados/2/20200145.html,115,3060,2590,112,166,114116,92,,No seleccionado,,Consultar
2,Licenciatura 2026,202,20200145,CIRUJANO DENTISTA,FACULTAD DE ODONTOLOGÍA,Escolarizado,https://www.dgae.unam.mx/Licenciatura2026/resultados/2/20200145.html,115,3060,2590,112,166,114136,105,,No seleccionado,,Consultar
2,Licenciatura 2026,202,20200145,CIRUJANO DENTISTA,FACULTAD DE ODONTOLOGÍA,Escolarizado,https://www.dgae.unam.mx/Licenciatura2026/resultados/2/20200145.html,115,3060,2590,112,166,114185,37,,No seleccionado,,Consultar
2,Licenciatura 2026,202,20200145,CIRUJANO DENTISTA,FACULTAD DE ODONTOLOGÍA,Escolarizado,https://www.dgae.unam.mx/Licenciatura2026/resultados/2/20200145.html,115,3060,2590,112,166,114208,47,,No seleccionado,,Consultar
2,Licenciatura 2026,202,20200145,CIRUJANO DENTISTA,FACULTAD DE ODONTOLOGÍA,Escolarizado,https://www.dgae.unam.mx/Licenciatura2026/resultados/2/20200145.html,115,3060,2590,112,166,114215,35,,No seleccionado,,Consultar
2,Licenciatura 2026,202,20200145,CIRUJANO DENTISTA,FACULTAD DE ODONTOLOGÍA,Escolarizado,https://www.dgae.unam.mx/Licenciatura2026/resultados/2/20200145.html,115,3060,2590,112,166,114262,97,,No seleccionado,,Consultar
2,Licenciatura 2026,202,20200145,CIRUJANO DENTISTA,FACULTAD DE ODONTOLOGÍA,Escolarizado,https://www.dgae.unam.mx/Licenciatura2026/resultados/2/20200145.html,115,3060,2590,112,166,114263,106,,No seleccionado,,Consultar
2,Licenciatura 2026,202,20200145,CIRUJANO DENTISTA,FACULTAD DE ODONTOLOGÍA,Escolarizado,https://www.dgae.unam.mx/Licenciatura2026/resultados/2/20200145.html,115,3060,2590,112,166,114325,43,,No seleccionado,,Consultar
2,Licenciatura 2026,202,20200145,CIRUJANO DENTISTA,FACULTAD DE ODONTOLOGÍA,Escolarizado,https://www.dgae.unam.mx/Licenciatura2026/resultados/2/20200145.html,115,3060,2590,112,166,114338,109,,No seleccionado,,Consultar
2,Licenciatura 2026,202,20200145,CIRUJANO DENTISTA,FACULTAD DE ODONTOLOGÍA,Escolarizado,https://www.dgae.unam.mx/Licenciatura2026/resultados/2/20200145.html,115,3060,2590,112,166,114369,37,,No seleccionado,,Consultar
2,Licenciatura 2026,202,20200145,CIRUJANO DENTISTA,FACULTAD DE ODONTOLOGÍA,Escolarizado,https://www.dgae.unam.mx/Licenciatura2026/resultados/2/20200145.html,115,3060,2590,112,166,114401,75,,No seleccionado,,Consultar
2,Licenciatura 2026,202,20200145,CIRUJANO DENTISTA,FACULTAD DE ODONTOLOGÍA,Escolarizado,https://www.dgae.unam.mx/Licenciatura2026/resultados/2/20200145.html,115,3060,2590,112,166,114406,95,,No seleccionado,,Consultar
2,Licenciatura 2026,202,20200145,CIRUJANO DENTISTA,FACULTAD DE ODONTOLOGÍA,Escolarizado,https://www.dgae.unam.mx/Licenciatura2026/resultados/2/20200145.html,115,3060,2590,112,166,114464,110,,No seleccionado,,Consultar
2,Licenciatura 2026,202,20200145,CIRUJANO DENTISTA,FACULTAD DE ODONTOLOGÍA,Escolarizado,https://www.dgae.unam.mx/Licenciatura2026/resultados/2/20200145.html,115,3060,2590,112,166,114479,95,,No seleccionado,,Consultar
2,Licenciatura 2026,202,20200145,CIRUJANO DENTISTA,FACULTAD DE ODONTOLOGÍA,Escolarizado,https://www.dgae.unam.mx/Licenciatura2026/resultados/2/20200145.html,115,3060,2590,112,166,114534,,N,No presentado,,Consultar
2,Licenciatura 2026,202,20200145,CIRUJANO DENTISTA,FACULTAD DE ODONTOLOGÍA,Escolarizado,https://www.dgae.unam.mx/Licenciatura2026/resultados/2/20200145.html,115,3060,2590,112,166,114552,,N,No presentado,,Consultar
2,Licenciatura 2026,202,20200145,CIRUJANO DENTISTA,FACULTAD DE ODONTOLOGÍA,Escolarizado,https://www.dgae.unam.mx/Licenciatura2026/resultados/2/20200145.html,115,3060,2590,112,166,114644,25,,No seleccionado,,Consultar
2,Licenciatura 2026,202,20200145,CIRUJANO DENTISTA,FACULTAD DE ODONTOLOGÍA,Escolarizado,https://www.dgae.unam.mx/Licenciatura2026/resultados/2/20200145.html,115,3060,2590,112,166,114740,66,,No seleccionado,,Consultar
2,Licenciatura 2026,202,20200145,CIRUJANO DENTISTA,FACULTAD DE ODONTOLOGÍA,Escolarizado,https://www.dgae.unam.mx/Licenciatura2026/resultados/2/20200145.html,115,3060,2590,112,166,114749,,N,No presentado,,Consultar
2,Licenciatura 2026,202,20200145,CIRUJANO DENTISTA,FACULTAD DE ODONTOLOGÍA,Escolarizado,https://www.dgae.unam.mx/Licenciatura2026/resultados/2/20200145.html,115,3060,2590,112,166,114767,,N,No presentado,,Consultar
2,Licenciatura 2026,202,20200145,CIRUJANO DENTISTA,FACULTAD DE ODONTOLOGÍA,Escolarizado,https://www.dgae.unam.mx/Licenciatura2026/resultados/2/20200145.html,115,3060,2590,112,166,114794,82,,No seleccionado,,Consultar
2,Licenciatura 2026,202,20200145,CIRUJANO DENTISTA,FACULTAD DE ODONTOLOGÍA,Escolarizado,https://www.dgae.unam.mx/Licenciatura2026/resultados/2/20200145.html,115,3060,2590,112,166,114830,69,,No seleccionado,,Consultar
2,Licenciatura 2026,202,20200145,CIRUJANO DENTISTA,FACULTAD DE ODONTOLOGÍA,Escolarizado,https://www.dgae.unam.mx/Licenciatura2026/resultados/2/20200145.html,115,3060,2590,112,166,114844,94,,No seleccionado,,Consultar
2,Licenciatura 2026,202,20200145,CIRUJANO DENTISTA,FACULTAD DE ODONTOLOGÍA,Escolarizado,https://www.dgae.unam.mx/Licenciatura2026/resultados/2/20200145.html,115,3060,2590,112,166,114864,111,,No seleccionado,,Consultar
2,Licenciatura 2026,202,20200145,CIRUJANO DENTISTA,FACULTAD DE ODONTOLOGÍA,Escolarizado,https://www.dgae.unam.mx/Licenciatura2026/resultados/2/20200145.html,115,3060,2590,112,166,114879,78,,No seleccionado,,Consultar
2,Licenciatura 2026,202,20200145,CIRUJANO DENTISTA,FACULTAD DE ODONTOLOGÍA,Escolarizado,https://www.dgae.unam.mx/Licenciatura2026/resultados/2/20200145.html,115,3060,2590,112,166,114901,93,,No seleccionado,,Consultar
2,Licenciatura 2026,202,20200145,CIRUJANO DENTISTA,FACULTAD DE ODONTOLOGÍA,Escolarizado,https://www.dgae.unam.mx/Licenciatura2026/resultados/2/20200145.html,115,3060,2590,112,166,114926,45,,No seleccionado,,Consultar
2,Licenciatura 2026,202,20200145,CIRUJANO DENTISTA,FACULTAD DE ODONTOLOGÍA,Escolarizado,https://www.dgae.unam.mx/Licenciatura2026/resultados/2/20200145.html,115,3060,2590,112,166,114935,54,,No seleccionado,,Consultar
2,Licenciatura 2026,202,20200145,CIRUJANO DENTISTA,FACULTAD DE ODONTOLOGÍA,Escolarizado,https://www.dgae.unam.mx/Licenciatura2026/resultados/2/20200145.html,115,3060,2590,112,166,114968,39,,No seleccionado,,Consultar
2,Licenciatura 2026,202,20200145,CIRUJANO DENTISTA,FACULTAD DE ODONTOLOGÍA,Escolarizado,https://www.dgae.unam.mx/Licenciatura2026/resultados/2/20200145.html,115,3060,2590,112,166,115034,,N,No presentado,,Consultar
2,Licenciatura 2026,202,20200145,CIRUJANO DENTISTA,FACULTAD DE ODONTOLOGÍA,Escolarizado,https://www.dgae.unam.mx/Licenciatura2026/resultados/2/20200145.html,115,3060,2590,112,166,115070,108,,No seleccionado,,Consultar
2,Licenciatura 2026,202,20200145,CIRUJANO DENTISTA,FACULTAD DE ODONTOLOGÍA,Escolarizado,https://www.dgae.unam.mx/Licenciatura2026/resultados/2/20200145.html,115,3060,2590,112,166,115079,92,,No seleccionado,,Consultar
2,Licenciatura 2026,202,20200145,CIRUJANO DENTISTA,FACULTAD DE ODONTOLOGÍA,Escolarizado,https://www.dgae.unam.mx/Licenciatura2026/resultados/2/20200145.html,115,3060,2590,112,166,115138,104,,No seleccionado,,Consultar
2,Licenciatura 2026,202,20200145,CIRUJANO DENTISTA,FACULTAD DE ODONTOLOGÍA,Escolarizado,https://www.dgae.unam.mx/Licenciatura2026/resultados/2/20200145.html,115,3060,2590,112,166,115198,110,,No seleccionado,,Consultar
2,Licenciatura 2026,202,20200145,CIRUJANO DENTISTA,FACULTAD DE ODONTOLOGÍA,Escolarizado,https://www.dgae.unam.mx/Licenciatura2026/resultados/2/20200145.html,115,3060,2590,112,166,115259,47,,No seleccionado,,Consultar
2,Licenciatura 2026,202,20200145,CIRUJANO DENTISTA,FACULTAD DE ODONTOLOGÍA,Escolarizado,https://www.dgae.unam.mx/Licenciatura2026/resultados/2/20200145.html,115,3060,2590,112,166,115340,113,S,Seleccionado,Cita para entregar documentación.,Consultar
2,Licenciatura 2026,202,20200145,CIRUJANO DENTISTA,FACULTAD DE ODONTOLOGÍA,Escolarizado,https://www.dgae.unam.mx/Licenciatura2026/resultados/2/20200145.html,115,3060,2590,112,166,115404,49,,No seleccionado,,Consultar
2,Licenciatura 2026,202,20200145,CIRUJANO DENTISTA,FACULTAD DE ODONTOLOGÍA,Escolarizado,https://www.dgae.unam.mx/Licenciatura2026/resultados/2/20200145.html,115,3060,2590,112,166,115429,30,,No seleccionado,,Consultar
2,Licenciatura 2026,202,20200145,CIRUJANO DENTISTA,FACULTAD DE ODONTOLOGÍA,Escolarizado,https://www.dgae.unam.mx/Licenciatura2026/resultados/2/20200145.html,115,3060,2590,112,166,115462,93,,No seleccionado,,Consultar
2,Licenciatura 2026,202,20200145,CIRUJANO DENTISTA,FACULTAD DE ODONTOLOGÍA,Escolarizado,https://www.dgae.unam.mx/Licenciatura2026/resultados/2/20200145.html,115,3060,2590,112,166,115483,47,,No seleccionado,,Consultar
2,Licenciatura 2026,202,20200145,CIRUJANO DENTISTA,FACULTAD DE ODONTOLOGÍA,Escolarizado,https://www.dgae.unam.mx/Licenciatura2026/resultados/2/20200145.html,115,3060,2590,112,166,115487,92,,No seleccionado,,Consultar
2,Licenciatura 2026,202,20200145,CIRUJANO DENTISTA,FACULTAD DE ODONTOLOGÍA,Escolarizado,https://www.dgae.unam.mx/Licenciatura2026/resultados/2/20200145.html,115,3060,2590,112,166,115511,108,,No seleccionado,,Consultar
2,Licenciatura 2026,202,20200145,CIRUJANO DENTISTA,FACULTAD DE ODONTOLOGÍA,Escolarizado,https://www.dgae.unam.mx/Licenciatura2026/resultados/2/20200145.html,115,3060,2590,112,166,115513,95,,No seleccionado,,Consultar
2,Licenciatura 2026,202,20200145,CIRUJANO DENTISTA,FACULTAD DE ODONTOLOGÍA,Escolarizado,https://www.dgae.unam.mx/Licenciatura2026/resultados/2/20200145.html,115,3060,2590,112,166,115520,56,,No seleccionado,,Consultar
2,Licenciatura 2026,202,20200145,CIRUJANO DENTISTA,FACULTAD DE ODONTOLOGÍA,Escolarizado,https://www.dgae.unam.mx/Licenciatura2026/resultados/2/20200145.html,115,3060,2590,112,166,115525,110,,No seleccionado,,Consultar
2,Licenciatura 2026,202,20200145,CIRUJANO DENTISTA,FACULTAD DE ODONTOLOGÍA,Escolarizado,https://www.dgae.unam.mx/Licenciatura2026/resultados/2/20200145.html,115,3060,2590,112,166,115532,40,,No seleccionado,,Consultar
2,Licenciatura 2026,202,20200145,CIRUJANO DENTISTA,FACULTAD DE ODONTOLOGÍA,Escolarizado,https://www.dgae.unam.mx/Licenciatura2026/resultados/2/20200145.html,115,3060,2590,112,166,115551,107,,No seleccionado,,Consultar
2,Licenciatura 2026,202,20200145,CIRUJANO DENTISTA,FACULTAD DE ODONTOLOGÍA,Escolarizado,https://www.dgae.unam.mx/Licenciatura2026/resultados/2/20200145.html,115,3060,2590,112,166,115573,85,,No seleccionado,,Consultar
2,Licenciatura 2026,202,20200145,CIRUJANO DENTISTA,FACULTAD DE ODONTOLOGÍA,Escolarizado,https://www.dgae.unam.mx/Licenciatura2026/resultados/2/20200145.html,115,3060,2590,112,166,115696,100,,No seleccionado,,Consultar
2,Licenciatura 2026,202,20200145,CIRUJANO DENTISTA,FACULTAD DE ODONTOLOGÍA,Escolarizado,https://www.dgae.unam.mx/Licenciatura2026/resultados/2/20200145.html,115,3060,2590,112,166,115726,70,,No seleccionado,,Consultar
2,Licenciatura 2026,202,20200145,CIRUJANO DENTISTA,FACULTAD DE ODONTOLOGÍA,Escolarizado,https://www.dgae.unam.mx/Licenciatura2026/resultados/2/20200145.html,115,3060,2590,112,166,115731,93,,No seleccionado,,Consultar
2,Licenciatura 2026,202,20200145,CIRUJANO DENTISTA,FACULTAD DE ODONTOLOGÍA,Escolarizado,https://www.dgae.unam.mx/Licenciatura2026/resultados/2/20200145.html,115,3060,2590,112,166,115744,52,,No seleccionado,,Consultar
2,Licenciatura 2026,202,20200145,CIRUJANO DENTISTA,FACULTAD DE ODONTOLOGÍA,Escolarizado,https://www.dgae.unam.mx/Licenciatura2026/resultados/2/20200145.html,115,3060,2590,112,166,115771,,N,No presentado,,Consultar
2,Licenciatura 2026,202,20200145,CIRUJANO DENTISTA,FACULTAD DE ODONTOLOGÍA,Escolarizado,https://www.dgae.unam.mx/Licenciatura2026/resultados/2/20200145.html,115,3060,2590,112,166,115833,100,,No seleccionado,,Consultar
2,Licenciatura 2026,202,20200145,CIRUJANO DENTISTA,FACULTAD DE ODONTOLOGÍA,Escolarizado,https://www.dgae.unam.mx/Licenciatura2026/resultados/2/20200145.html,115,3060,2590,112,166,115936,87,,No seleccionado,,Consultar
2,Licenciatura 2026,202,20200145,CIRUJANO DENTISTA,FACULTAD DE ODONTOLOGÍA,Escolarizado,https://www.dgae.unam.mx/Licenciatura2026/resultados/2/20200145.html,115,3060,2590,112,166,115943,89,,No seleccionado,,Consultar
2,Licenciatura 2026,202,20200145,CIRUJANO DENTISTA,FACULTAD DE ODONTOLOGÍA,Escolarizado,https://www.dgae.unam.mx/Licenciatura2026/resultados/2/20200145.html,115,3060,2590,112,166,115946,57,,No seleccionado,,Consultar
2,Licenciatura 2026,202,20200145,CIRUJANO DENTISTA,FACULTAD DE ODONTOLOGÍA,Escolarizado,https://www.dgae.unam.mx/Licenciatura2026/resultados/2/20200145.html,115,3060,2590,112,166,116001,40,,No seleccionado,,Consultar
2,Licenciatura 2026,202,20200145,CIRUJANO DENTISTA,FACULTAD DE ODONTOLOGÍA,Escolarizado,https://www.dgae.unam.mx/Licenciatura2026/resultados/2/20200145.html,115,3060,2590,112,166,116002,109,,No seleccionado,,Consultar
2,Licenciatura 2026,202,20200145,CIRUJANO DENTISTA,FACULTAD DE ODONTOLOGÍA,Escolarizado,https://www.dgae.unam.mx/Licenciatura2026/resultados/2/20200145.html,115,3060,2590,112,166,116025,,,No seleccionado,Cita para aclarar situación escolar.,Consultar
2,Licenciatura 2026,202,20200145,CIRUJANO DENTISTA,FACULTAD DE ODONTOLOGÍA,Escolarizado,https://www.dgae.unam.mx/Licenciatura2026/resultados/2/20200145.html,115,3060,2590,112,166,116043,81,,No seleccionado,,Consultar
2,Licenciatura 2026,202,20200145,CIRUJANO DENTISTA,FACULTAD DE ODONTOLOGÍA,Escolarizado,https://www.dgae.unam.mx/Licenciatura2026/resultados/2/20200145.html,115,3060,2590,112,166,116046,32,,No seleccionado,,Consultar
2,Licenciatura 2026,202,20200145,CIRUJANO DENTISTA,FACULTAD DE ODONTOLOGÍA,Escolarizado,https://www.dgae.unam.mx/Licenciatura2026/resultados/2/20200145.html,115,3060,2590,112,166,116049,38,,No seleccionado,,Consultar
2,Licenciatura 2026,202,20200145,CIRUJANO DENTISTA,FACULTAD DE ODONTOLOGÍA,Escolarizado,https://www.dgae.unam.mx/Licenciatura2026/resultados/2/20200145.html,115,3060,2590,112,166,116050,28,,No seleccionado,,Consultar
2,Licenciatura 2026,202,20200145,CIRUJANO DENTISTA,FACULTAD DE ODONTOLOGÍA,Escolarizado,https://www.dgae.unam.mx/Licenciatura2026/resultados/2/20200145.html,115,3060,2590,112,166,116081,46,,No seleccionado,,Consultar
2,Licenciatura 2026,202,20200145,CIRUJANO DENTISTA,FACULTAD DE ODONTOLOGÍA,Escolarizado,https://www.dgae.unam.mx/Licenciatura2026/resultados/2/20200145.html,115,3060,2590,112,166,116084,73,,No seleccionado,,Consultar
2,Licenciatura 2026,202,20200145,CIRUJANO DENTISTA,FACULTAD DE ODONTOLOGÍA,Escolarizado,https://www.dgae.unam.mx/Licenciatura2026/resultados/2/20200145.html,115,3060,2590,112,166,116085,,N,No presentado,,Consultar
2,Licenciatura 2026,202,20200145,CIRUJANO DENTISTA,FACULTAD DE ODONTOLOGÍA,Escolarizado,https://www.dgae.unam.mx/Licenciatura2026/resultados/2/20200145.html,115,3060,2590,112,166,116087,52,,No seleccionado,,Consultar
2,Licenciatura 2026,202,20200145,CIRUJANO DENTISTA,FACULTAD DE ODONTOLOGÍA,Escolarizado,https://www.dgae.unam.mx/Licenciatura2026/resultados/2/20200145.html,115,3060,2590,112,166,116092,,N,No presentado,,Consultar
2,Licenciatura 2026,202,20200145,CIRUJANO DENTISTA,FACULTAD DE ODONTOLOGÍA,Escolarizado,https://www.dgae.unam.mx/Licenciatura2026/resultados/2/20200145.html,115,3060,2590,112,166,116117,62,,No seleccionado,,Consultar
2,Licenciatura 2026,202,20200145,CIRUJANO DENTISTA,FACULTAD DE ODONTOLOGÍA,Escolarizado,https://www.dgae.unam.mx/Licenciatura2026/resultados/2/20200145.html,115,3060,2590,112,166,116150,117,S,Seleccionado,,Consultar
2,Licenciatura 2026,202,20200145,CIRUJANO DENTISTA,FACULTAD DE ODONTOLOGÍA,Escolarizado,https://www.dgae.unam.mx/Licenciatura2026/resultados/2/20200145.html,115,3060,2590,112,166,116157,,N,No presentado,,Consultar
2,Licenciatura 2026,202,20200145,CIRUJANO DENTISTA,FACULTAD DE ODONTOLOGÍA,Escolarizado,https://www.dgae.unam.mx/Licenciatura2026/resultados/2/20200145.html,115,3060,2590,112,166,116169,70,,No seleccionado,,Consultar
2,Licenciatura 2026,202,20200145,CIRUJANO DENTISTA,FACULTAD DE ODONTOLOGÍA,Escolarizado,https://www.dgae.unam.mx/Licenciatura2026/resultados/2/20200145.html,115,3060,2590,112,166,116170,85,,No seleccionado,,Consultar
2,Licenciatura 2026,202,20200145,CIRUJANO DENTISTA,FACULTAD DE ODONTOLOGÍA,Escolarizado,https://www.dgae.unam.mx/Licenciatura2026/resultados/2/20200145.html,115,3060,2590,112,166,116177,92,,No seleccionado,,Consultar
2,Licenciatura 2026,202,20200145,CIRUJANO DENTISTA,FACULTAD DE ODONTOLOGÍA,Escolarizado,https://www.dgae.unam.mx/Licenciatura2026/resultados/2/20200145.html,115,3060,2590,112,166,116208,113,S,Seleccionado,Cita para entregar documentación.,Consultar
2,Licenciatura 2026,202,20200145,CIRUJANO DENTISTA,FACULTAD DE ODONTOLOGÍA,Escolarizado,https://www.dgae.unam.mx/Licenciatura2026/resultados/2/20200145.html,115,3060,2590,112,166,116238,95,,No seleccionado,,Consultar
2,Licenciatura 2026,202,20200145,CIRUJANO DENTISTA,FACULTAD DE ODONTOLOGÍA,Escolarizado,https://www.dgae.unam.mx/Licenciatura2026/resultados/2/20200145.html,115,3060,2590,112,166,116250,,C,Cancelado,,Consultar
2,Licenciatura 2026,202,20200145,CIRUJANO DENTISTA,FACULTAD DE ODONTOLOGÍA,Escolarizado,https://www.dgae.unam.mx/Licenciatura2026/resultados/2/20200145.html,115,3060,2590,112,166,116289,82,,No seleccionado,,Consultar
2,Licenciatura 2026,202,20200145,CIRUJANO DENTISTA,FACULTAD DE ODONTOLOGÍA,Escolarizado,https://www.dgae.unam.mx/Licenciatura2026/resultados/2/20200145.html,115,3060,2590,112,166,116294,,N,No presentado,,Consultar
2,Licenciatura 2026,202,20200145,CIRUJANO DENTISTA,FACULTAD DE ODONTOLOGÍA,Escolarizado,https://www.dgae.unam.mx/Licenciatura2026/resultados/2/20200145.html,115,3060,2590,112,166,116300,108,,No seleccionado,,Consultar
2,Licenciatura 2026,202,20200145,CIRUJANO DENTISTA,FACULTAD DE ODONTOLOGÍA,Escolarizado,https://www.dgae.unam.mx/Licenciatura2026/resultados/2/20200145.html,115,3060,2590,112,166,116341,75,,No seleccionado,,Consultar
2,Licenciatura 2026,202,20200145,CIRUJANO DENTISTA,FACULTAD DE ODONTOLOGÍA,Escolarizado,https://www.dgae.unam.mx/Licenciatura2026/resultados/2/20200145.html,115,3060,2590,112,166,116363,42,,No seleccionado,,Consultar
2,Licenciatura 2026,202,20200145,CIRUJANO DENTISTA,FACULTAD DE ODONTOLOGÍA,Escolarizado,https://www.dgae.unam.mx/Licenciatura2026/resultados/2/20200145.html,115,3060,2590,112,166,116364,85,,No seleccionado,,Consultar
2,Licenciatura 2026,202,20200145,CIRUJANO DENTISTA,FACULTAD DE ODONTOLOGÍA,Escolarizado,https://www.dgae.unam.mx/Licenciatura2026/resultados/2/20200145.html,115,3060,2590,112,166,116379,111,,No seleccionado,,Consultar
2,Licenciatura 2026,202,20200145,CIRUJANO DENTISTA,FACULTAD DE ODONTOLOGÍA,Escolarizado,https://www.dgae.unam.mx/Licenciatura2026/resultados/2/20200145.html,115,3060,2590,112,166,116404,86,,No seleccionado,,Consultar
2,Licenciatura 2026,202,20200145,CIRUJANO DENTISTA,FACULTAD DE ODONTOLOGÍA,Escolarizado,https://www.dgae.unam.mx/Licenciatura2026/resultados/2/20200145.html,115,3060,2590,112,166,116425,54,,No seleccionado,,Consultar
2,Licenciatura 2026,202,20200145,CIRUJANO DENTISTA,FACULTAD DE ODONTOLOGÍA,Escolarizado,https://www.dgae.unam.mx/Licenciatura2026/resultados/2/20200145.html,115,3060,2590,112,166,116430,56,,No seleccionado,,Consultar
2,Licenciatura 2026,202,20200145,CIRUJANO DENTISTA,FACULTAD DE ODONTOLOGÍA,Escolarizado,https://www.dgae.unam.mx/Licenciatura2026/resultados/2/20200145.html,115,3060,2590,112,166,116561,38,,No seleccionado,,Consultar
2,Licenciatura 2026,202,20200145,CIRUJANO DENTISTA,FACULTAD DE ODONTOLOGÍA,Escolarizado,https://www.dgae.unam.mx/Licenciatura2026/resultados/2/20200145.html,115,3060,2590,112,166,116582,,C,Cancelado,,Consultar
2,Licenciatura 2026,202,20200145,CIRUJANO DENTISTA,FACULTAD DE ODONTOLOGÍA,Escolarizado,https://www.dgae.unam.mx/Licenciatura2026/resultados/2/20200145.html,115,3060,2590,112,166,116596,105,,No seleccionado,,Consultar
2,Licenciatura 2026,202,20200145,CIRUJANO DENTISTA,FACULTAD DE ODONTOLOGÍA,Escolarizado,https://www.dgae.unam.mx/Licenciatura2026/resultados/2/20200145.html,115,3060,2590,112,166,116626,84,,No seleccionado,,Consultar
2,Licenciatura 2026,202,20200145,CIRUJANO DENTISTA,FACULTAD DE ODONTOLOGÍA,Escolarizado,https://www.dgae.unam.mx/Licenciatura2026/resultados/2/20200145.html,115,3060,2590,112,166,116662,107,,No seleccionado,,Consultar
2,Licenciatura 2026,202,20200145,CIRUJANO DENTISTA,FACULTAD DE ODONTOLOGÍA,Escolarizado,https://www.dgae.unam.mx/Licenciatura2026/resultados/2/20200145.html,115,3060,2590,112,166,116712,82,,No seleccionado,,Consultar
2,Licenciatura 2026,202,20200145,CIRUJANO DENTISTA,FACULTAD DE ODONTOLOGÍA,Escolarizado,https://www.dgae.unam.mx/Licenciatura2026/resultados/2/20200145.html,115,3060,2590,112,166,116815,42,,No seleccionado,,Consultar
2,Licenciatura 2026,202,20200145,CIRUJANO DENTISTA,FACULTAD DE ODONTOLOGÍA,Escolarizado,https://www.dgae.unam.mx/Licenciatura2026/resultados/2/20200145.html,115,3060,2590,112,166,116871,95,,No seleccionado,,Consultar
2,Licenciatura 2026,202,20200145,CIRUJANO DENTISTA,FACULTAD DE ODONTOLOGÍA,Escolarizado,https://www.dgae.unam.mx/Licenciatura2026/resultados/2/20200145.html,115,3060,2590,112,166,116959,111,,No seleccionado,,Consultar
2,Licenciatura 2026,202,20200145,CIRUJANO DENTISTA,FACULTAD DE ODONTOLOGÍA,Escolarizado,https://www.dgae.unam.mx/Licenciatura2026/resultados/2/20200145.html,115,3060,2590,112,166,116969,89,,No seleccionado,,Consultar
2,Licenciatura 2026,202,20200145,CIRUJANO DENTISTA,FACULTAD DE ODONTOLOGÍA,Escolarizado,https://www.dgae.unam.mx/Licenciatura2026/resultados/2/20200145.html,115,3060,2590,112,166,117052,104,,No seleccionado,,Consultar
2,Licenciatura 2026,202,20200145,CIRUJANO DENTISTA,FACULTAD DE ODONTOLOGÍA,Escolarizado,https://www.dgae.unam.mx/Licenciatura2026/resultados/2/20200145.html,115,3060,2590,112,166,117063,109,,No seleccionado,,Consultar
2,Licenciatura 2026,202,20200145,CIRUJANO DENTISTA,FACULTAD DE ODONTOLOGÍA,Escolarizado,https://www.dgae.unam.mx/Licenciatura2026/resultados/2/20200145.html,115,3060,2590,112,166,117082,,N,No presentado,,Consultar
2,Licenciatura 2026,202,20200145,CIRUJANO DENTISTA,FACULTAD DE ODONTOLOGÍA,Escolarizado,https://www.dgae.unam.mx/Licenciatura2026/resultados/2/20200145.html,115,3060,2590,112,166,117090,,N,No presentado,,Consultar
2,Licenciatura 2026,202,20200145,CIRUJANO DENTISTA,FACULTAD DE ODONTOLOGÍA,Escolarizado,https://www.dgae.unam.mx/Licenciatura2026/resultados/2/20200145.html,115,3060,2590,112,166,117116,76,,No seleccionado,,Consultar
2,Licenciatura 2026,202,20200145,CIRUJANO DENTISTA,FACULTAD DE ODONTOLOGÍA,Escolarizado,https://www.dgae.unam.mx/Licenciatura2026/resultados/2/20200145.html,115,3060,2590,112,166,117117,119,S,Seleccionado,,Consultar
2,Licenciatura 2026,202,20200145,CIRUJANO DENTISTA,FACULTAD DE ODONTOLOGÍA,Escolarizado,https://www.dgae.unam.mx/Licenciatura2026/resultados/2/20200145.html,115,3060,2590,112,166,117141,79,,No seleccionado,,Consultar
2,Licenciatura 2026,202,20200145,CIRUJANO DENTISTA,FACULTAD DE ODONTOLOGÍA,Escolarizado,https://www.dgae.unam.mx/Licenciatura2026/resultados/2/20200145.html,115,3060,2590,112,166,117173,104,,No seleccionado,,Consultar
2,Licenciatura 2026,202,20200145,CIRUJANO DENTISTA,FACULTAD DE ODONTOLOGÍA,Escolarizado,https://www.dgae.unam.mx/Licenciatura2026/resultados/2/20200145.html,115,3060,2590,112,166,117204,99,,No seleccionado,,Consultar
2,Licenciatura 2026,202,20200145,CIRUJANO DENTISTA,FACULTAD DE ODONTOLOGÍA,Escolarizado,https://www.dgae.unam.mx/Licenciatura2026/resultados/2/20200145.html,115,3060,2590,112,166,117229,,N,No presentado,,Consultar
2,Licenciatura 2026,202,20200145,CIRUJANO DENTISTA,FACULTAD DE ODONTOLOGÍA,Escolarizado,https://www.dgae.unam.mx/Licenciatura2026/resultados/2/20200145.html,115,3060,2590,112,166,117269,102,,No seleccionado,,Consultar
2,Licenciatura 2026,202,20200145,CIRUJANO DENTISTA,FACULTAD DE ODONTOLOGÍA,Escolarizado,https://www.dgae.unam.mx/Licenciatura2026/resultados/2/20200145.html,115,3060,2590,112,166,117283,,N,No presentado,,Consultar
2,Licenciatura 2026,202,20200145,CIRUJANO DENTISTA,FACULTAD DE ODONTOLOGÍA,Escolarizado,https://www.dgae.unam.mx/Licenciatura2026/resultados/2/20200145.html,115,3060,2590,112,166,117370,116,S,Seleccionado,,Consultar
2,Licenciatura 2026,202,20200145,CIRUJANO DENTISTA,FACULTAD DE ODONTOLOGÍA,Escolarizado,https://www.dgae.unam.mx/Licenciatura2026/resultados/2/20200145.html,115,3060,2590,112,166,117380,104,,No seleccionado,,Consultar
2,Licenciatura 2026,202,20200145,CIRUJANO DENTISTA,FACULTAD DE ODONTOLOGÍA,Escolarizado,https://www.dgae.unam.mx/Licenciatura2026/resultados/2/20200145.html,115,3060,2590,112,166,117388,112,S,Seleccionado,Cita para entregar documentación.,Consultar
2,Licenciatura 2026,202,20200145,CIRUJANO DENTISTA,FACULTAD DE ODONTOLOGÍA,Escolarizado,https://www.dgae.unam.mx/Licenciatura2026/resultados/2/20200145.html,115,3060,2590,112,166,117406,98,,No seleccionado,,Consultar
2,Licenciatura 2026,202,20200145,CIRUJANO DENTISTA,FACULTAD DE ODONTOLOGÍA,Escolarizado,https://www.dgae.unam.mx/Licenciatura2026/resultados/2/20200145.html,115,3060,2590,112,166,117419,56,,No seleccionado,,Consultar
2,Licenciatura 2026,202,20200145,CIRUJANO DENTISTA,FACULTAD DE ODONTOLOGÍA,Escolarizado,https://www.dgae.unam.mx/Licenciatura2026/resultados/2/20200145.html,115,3060,2590,112,166,117442,82,,No seleccionado,,Consultar
2,Licenciatura 2026,202,20200145,CIRUJANO DENTISTA,FACULTAD DE ODONTOLOGÍA,Escolarizado,https://www.dgae.unam.mx/Licenciatura2026/resultados/2/20200145.html,115,3060,2590,112,166,117451,47,,No seleccionado,,Consultar
2,Licenciatura 2026,202,20200145,CIRUJANO DENTISTA,FACULTAD DE ODONTOLOGÍA,Escolarizado,https://www.dgae.unam.mx/Licenciatura2026/resultados/2/20200145.html,115,3060,2590,112,166,117454,56,,No seleccionado,,Consultar
2,Licenciatura 2026,202,20200145,CIRUJANO DENTISTA,FACULTAD DE ODONTOLOGÍA,Escolarizado,https://www.dgae.unam.mx/Licenciatura2026/resultados/2/20200145.html,115,3060,2590,112,166,117458,40,,No seleccionado,,Consultar
2,Licenciatura 2026,202,20200145,CIRUJANO DENTISTA,FACULTAD DE ODONTOLOGÍA,Escolarizado,https://www.dgae.unam.mx/Licenciatura2026/resultados/2/20200145.html,115,3060,2590,112,166,117469,113,S,Seleccionado,,Consultar
2,Licenciatura 2026,202,20200145,CIRUJANO DENTISTA,FACULTAD DE ODONTOLOGÍA,Escolarizado,https://www.dgae.unam.mx/Licenciatura2026/resultados/2/20200145.html,115,3060,2590,112,166,117510,97,,No seleccionado,,Consultar
2,Licenciatura 2026,202,20200145,CIRUJANO DENTISTA,FACULTAD DE ODONTOLOGÍA,Escolarizado,https://www.dgae.unam.mx/Licenciatura2026/resultados/2/20200145.html,115,3060,2590,112,166,117519,100,,No seleccionado,,Consultar
2,Licenciatura 2026,202,20200145,CIRUJANO DENTISTA,FACULTAD DE ODONTOLOGÍA,Escolarizado,https://www.dgae.unam.mx/Licenciatura2026/resultados/2/20200145.html,115,3060,2590,112,166,117530,51,,No seleccionado,,Consultar
2,Licenciatura 2026,202,20200145,CIRUJANO DENTISTA,FACULTAD DE ODONTOLOGÍA,Escolarizado,https://www.dgae.unam.mx/Licenciatura2026/resultados/2/20200145.html,115,3060,2590,112,166,117583,112,S,Seleccionado,Cita para entregar documentación.,Consultar
2,Licenciatura 2026,202,20200145,CIRUJANO DENTISTA,FACULTAD DE ODONTOLOGÍA,Escolarizado,https://www.dgae.unam.mx/Licenciatura2026/resultados/2/20200145.html,115,3060,2590,112,166,117584,,N,No presentado,,Consultar
2,Licenciatura 2026,202,20200145,CIRUJANO DENTISTA,FACULTAD DE ODONTOLOGÍA,Escolarizado,https://www.dgae.unam.mx/Licenciatura2026/resultados/2/20200145.html,115,3060,2590,112,166,117625,92,,No seleccionado,,Consultar
2,Licenciatura 2026,202,20200145,CIRUJANO DENTISTA,FACULTAD DE ODONTOLOGÍA,Escolarizado,https://www.dgae.unam.mx/Licenciatura2026/resultados/2/20200145.html,115,3060,2590,112,166,117706,53,,No seleccionado,,Consultar
2,Licenciatura 2026,202,20200145,CIRUJANO DENTISTA,FACULTAD DE ODONTOLOGÍA,Escolarizado,https://www.dgae.unam.mx/Licenciatura2026/resultados/2/20200145.html,115,3060,2590,112,166,117736,78,,No seleccionado,,Consultar
2,Licenciatura 2026,202,20200145,CIRUJANO DENTISTA,FACULTAD DE ODONTOLOGÍA,Escolarizado,https://www.dgae.unam.mx/Licenciatura2026/resultados/2/20200145.html,115,3060,2590,112,166,117740,90,,No seleccionado,,Consultar
2,Licenciatura 2026,202,20200145,CIRUJANO DENTISTA,FACULTAD DE ODONTOLOGÍA,Escolarizado,https://www.dgae.unam.mx/Licenciatura2026/resultados/2/20200145.html,115,3060,2590,112,166,117793,,N,No presentado,,Consultar
2,Licenciatura 2026,202,20200145,CIRUJANO DENTISTA,FACULTAD DE ODONTOLOGÍA,Escolarizado,https://www.dgae.unam.mx/Licenciatura2026/resultados/2/20200145.html,115,3060,2590,112,166,117806,60,,No seleccionado,,Consultar
2,Licenciatura 2026,202,20200145,CIRUJANO DENTISTA,FACULTAD DE ODONTOLOGÍA,Escolarizado,https://www.dgae.unam.mx/Licenciatura2026/resultados/2/20200145.html,115,3060,2590,112,166,117832,29,,No seleccionado,,Consultar
2,Licenciatura 2026,202,20200145,CIRUJANO DENTISTA,FACULTAD DE ODONTOLOGÍA,Escolarizado,https://www.dgae.unam.mx/Licenciatura2026/resultados/2/20200145.html,115,3060,2590,112,166,117845,115,S,Seleccionado,Cita para entregar documentación.,Consultar
2,Licenciatura 2026,202,20200145,CIRUJANO DENTISTA,FACULTAD DE ODONTOLOGÍA,Escolarizado,https://www.dgae.unam.mx/Licenciatura2026/resultados/2/20200145.html,115,3060,2590,112,166,117863,32,,No seleccionado,,Consultar
2,Licenciatura 2026,202,20200145,CIRUJANO DENTISTA,FACULTAD DE ODONTOLOGÍA,Escolarizado,https://www.dgae.unam.mx/Licenciatura2026/resultados/2/20200145.html,115,3060,2590,112,166,117882,52,,No seleccionado,,Consultar
2,Licenciatura 2026,202,20200145,CIRUJANO DENTISTA,FACULTAD DE ODONTOLOGÍA,Escolarizado,https://www.dgae.unam.mx/Licenciatura2026/resultados/2/20200145.html,115,3060,2590,112,166,117885,50,,No seleccionado,,Consultar
2,Licenciatura 2026,202,20200145,CIRUJANO DENTISTA,FACULTAD DE ODONTOLOGÍA,Escolarizado,https://www.dgae.unam.mx/Licenciatura2026/resultados/2/20200145.html,115,3060,2590,112,166,117977,82,,No seleccionado,,Consultar
2,Licenciatura 2026,202,20200145,CIRUJANO DENTISTA,FACULTAD DE ODONTOLOGÍA,Escolarizado,https://www.dgae.unam.mx/Licenciatura2026/resultados/2/20200145.html,115,3060,2590,112,166,118036,,N,No presentado,,Consultar
2,Licenciatura 2026,202,20200145,CIRUJANO DENTISTA,FACULTAD DE ODONTOLOGÍA,Escolarizado,https://www.dgae.unam.mx/Licenciatura2026/resultados/2/20200145.html,115,3060,2590,112,166,118056,49,,No seleccionado,,Consultar
2,Licenciatura 2026,202,20200145,CIRUJANO DENTISTA,FACULTAD DE ODONTOLOGÍA,Escolarizado,https://www.dgae.unam.mx/Licenciatura2026/resultados/2/20200145.html,115,3060,2590,112,166,118077,104,,No seleccionado,,Consultar
2,Licenciatura 2026,202,20200145,CIRUJANO DENTISTA,FACULTAD DE ODONTOLOGÍA,Escolarizado,https://www.dgae.unam.mx/Licenciatura2026/resultados/2/20200145.html,115,3060,2590,112,166,118120,83,,No seleccionado,,Consultar
2,Licenciatura 2026,202,20200145,CIRUJANO DENTISTA,FACULTAD DE ODONTOLOGÍA,Escolarizado,https://www.dgae.unam.mx/Licenciatura2026/resultados/2/20200145.html,115,3060,2590,112,166,118139,115,S,Seleccionado,Cita para entregar documentación.,Consultar
2,Licenciatura 2026,202,20200145,CIRUJANO DENTISTA,FACULTAD DE ODONTOLOGÍA,Escolarizado,https://www.dgae.unam.mx/Licenciatura2026/resultados/2/20200145.html,115,3060,2590,112,166,118140,80,,No seleccionado,,Consultar
2,Licenciatura 2026,202,20200145,CIRUJANO DENTISTA,FACULTAD DE ODONTOLOGÍA,Escolarizado,https://www.dgae.unam.mx/Licenciatura2026/resultados/2/20200145.html,115,3060,2590,112,166,118146,109,,No seleccionado,,Consultar
2,Licenciatura 2026,202,20200145,CIRUJANO DENTISTA,FACULTAD DE ODONTOLOGÍA,Escolarizado,https://www.dgae.unam.mx/Licenciatura2026/resultados/2/20200145.html,115,3060,2590,112,166,118148,33,,No seleccionado,,Consultar
2,Licenciatura 2026,202,20200145,CIRUJANO DENTISTA,FACULTAD DE ODONTOLOGÍA,Escolarizado,https://www.dgae.unam.mx/Licenciatura2026/resultados/2/20200145.html,115,3060,2590,112,166,118205,,N,No presentado,,Consultar
2,Licenciatura 2026,202,20200145,CIRUJANO DENTISTA,FACULTAD DE ODONTOLOGÍA,Escolarizado,https://www.dgae.unam.mx/Licenciatura2026/resultados/2/20200145.html,115,3060,2590,112,166,118216,102,,No seleccionado,,Consultar
2,Licenciatura 2026,202,20200145,CIRUJANO DENTISTA,FACULTAD DE ODONTOLOGÍA,Escolarizado,https://www.dgae.unam.mx/Licenciatura2026/resultados/2/20200145.html,115,3060,2590,112,166,118353,,C,Cancelado,,Consultar
2,Licenciatura 2026,202,20200145,CIRUJANO DENTISTA,FACULTAD DE ODONTOLOGÍA,Escolarizado,https://www.dgae.unam.mx/Licenciatura2026/resultados/2/20200145.html,115,3060,2590,112,166,118377,62,,No seleccionado,,Consultar
2,Licenciatura 2026,202,20200145,CIRUJANO DENTISTA,FACULTAD DE ODONTOLOGÍA,Escolarizado,https://www.dgae.unam.mx/Licenciatura2026/resultados/2/20200145.html,115,3060,2590,112,166,118387,34,,No seleccionado,,Consultar
2,Licenciatura 2026,202,20200145,CIRUJANO DENTISTA,FACULTAD DE ODONTOLOGÍA,Escolarizado,https://www.dgae.unam.mx/Licenciatura2026/resultados/2/20200145.html,115,3060,2590,112,166,118463,104,,No seleccionado,,Consultar
2,Licenciatura 2026,202,20200145,CIRUJANO DENTISTA,FACULTAD DE ODONTOLOGÍA,Escolarizado,https://www.dgae.unam.mx/Licenciatura2026/resultados/2/20200145.html,115,3060,2590,112,166,118607,111,,No seleccionado,,Consultar
2,Licenciatura 2026,202,20200145,CIRUJANO DENTISTA,FACULTAD DE ODONTOLOGÍA,Escolarizado,https://www.dgae.unam.mx/Licenciatura2026/resultados/2/20200145.html,115,3060,2590,112,166,118671,43,,No seleccionado,,Consultar
2,Licenciatura 2026,202,20200145,CIRUJANO DENTISTA,FACULTAD DE ODONTOLOGÍA,Escolarizado,https://www.dgae.unam.mx/Licenciatura2026/resultados/2/20200145.html,115,3060,2590,112,166,118709,42,,No seleccionado,,Consultar
2,Licenciatura 2026,202,20200145,CIRUJANO DENTISTA,FACULTAD DE ODONTOLOGÍA,Escolarizado,https://www.dgae.unam.mx/Licenciatura2026/resultados/2/20200145.html,115,3060,2590,112,166,118730,93,,No seleccionado,,Consultar
2,Licenciatura 2026,202,20200145,CIRUJANO DENTISTA,FACULTAD DE ODONTOLOGÍA,Escolarizado,https://www.dgae.unam.mx/Licenciatura2026/resultados/2/20200145.html,115,3060,2590,112,166,118792,34,,No seleccionado,,Consultar
2,Licenciatura 2026,202,20200145,CIRUJANO DENTISTA,FACULTAD DE ODONTOLOGÍA,Escolarizado,https://www.dgae.unam.mx/Licenciatura2026/resultados/2/20200145.html,115,3060,2590,112,166,118819,59,,No seleccionado,,Consultar
2,Licenciatura 2026,202,20200145,CIRUJANO DENTISTA,FACULTAD DE ODONTOLOGÍA,Escolarizado,https://www.dgae.unam.mx/Licenciatura2026/resultados/2/20200145.html,115,3060,2590,112,166,118849,46,,No seleccionado,,Consultar
2,Licenciatura 2026,202,20200145,CIRUJANO DENTISTA,FACULTAD DE ODONTOLOGÍA,Escolarizado,https://www.dgae.unam.mx/Licenciatura2026/resultados/2/20200145.html,115,3060,2590,112,166,118862,,N,No presentado,,Consultar
2,Licenciatura 2026,202,20200145,CIRUJANO DENTISTA,FACULTAD DE ODONTOLOGÍA,Escolarizado,https://www.dgae.unam.mx/Licenciatura2026/resultados/2/20200145.html,115,3060,2590,112,166,118872,51,,No seleccionado,,Consultar
2,Licenciatura 2026,202,20200145,CIRUJANO DENTISTA,FACULTAD DE ODONTOLOGÍA,Escolarizado,https://www.dgae.unam.mx/Licenciatura2026/resultados/2/20200145.html,115,3060,2590,112,166,118918,109,,No seleccionado,,Consultar
2,Licenciatura 2026,202,20200145,CIRUJANO DENTISTA,FACULTAD DE ODONTOLOGÍA,Escolarizado,https://www.dgae.unam.mx/Licenciatura2026/resultados/2/20200145.html,115,3060,2590,112,166,118956,119,S,Seleccionado,Cita para entregar documentación.,Consultar
2,Licenciatura 2026,202,20200145,CIRUJANO DENTISTA,FACULTAD DE ODONTOLOGÍA,Escolarizado,https://www.dgae.unam.mx/Licenciatura2026/resultados/2/20200145.html,115,3060,2590,112,166,118980,98,,No seleccionado,,Consultar
2,Licenciatura 2026,202,20200145,CIRUJANO DENTISTA,FACULTAD DE ODONTOLOGÍA,Escolarizado,https://www.dgae.unam.mx/Licenciatura2026/resultados/2/20200145.html,115,3060,2590,112,166,119032,90,,No seleccionado,,Consultar
2,Licenciatura 2026,202,20200145,CIRUJANO DENTISTA,FACULTAD DE ODONTOLOGÍA,Escolarizado,https://www.dgae.unam.mx/Licenciatura2026/resultados/2/20200145.html,115,3060,2590,112,166,119119,,C,Cancelado,,Consultar
2,Licenciatura 2026,202,20200145,CIRUJANO DENTISTA,FACULTAD DE ODONTOLOGÍA,Escolarizado,https://www.dgae.unam.mx/Licenciatura2026/resultados/2/20200145.html,115,3060,2590,112,166,119140,49,,No seleccionado,,Consultar
2,Licenciatura 2026,202,20200145,CIRUJANO DENTISTA,FACULTAD DE ODONTOLOGÍA,Escolarizado,https://www.dgae.unam.mx/Licenciatura2026/resultados/2/20200145.html,115,3060,2590,112,166,119145,37,,No seleccionado,,Consultar
2,Licenciatura 2026,202,20200145,CIRUJANO DENTISTA,FACULTAD DE ODONTOLOGÍA,Escolarizado,https://www.dgae.unam.mx/Licenciatura2026/resultados/2/20200145.html,115,3060,2590,112,166,119281,,N,No presentado,,Consultar
2,Licenciatura 2026,202,20200145,CIRUJANO DENTISTA,FACULTAD DE ODONTOLOGÍA,Escolarizado,https://www.dgae.unam.mx/Licenciatura2026/resultados/2/20200145.html,115,3060,2590,112,166,119298,107,,No seleccionado,,Consultar
2,Licenciatura 2026,202,20200145,CIRUJANO DENTISTA,FACULTAD DE ODONTOLOGÍA,Escolarizado,https://www.dgae.unam.mx/Licenciatura2026/resultados/2/20200145.html,115,3060,2590,112,166,119311,80,,No seleccionado,,Consultar
2,Licenciatura 2026,202,20200145,CIRUJANO DENTISTA,FACULTAD DE ODONTOLOGÍA,Escolarizado,https://www.dgae.unam.mx/Licenciatura2026/resultados/2/20200145.html,115,3060,2590,112,166,119317,31,,No seleccionado,,Consultar
2,Licenciatura 2026,202,20200145,CIRUJANO DENTISTA,FACULTAD DE ODONTOLOGÍA,Escolarizado,https://www.dgae.unam.mx/Licenciatura2026/resultados/2/20200145.html,115,3060,2590,112,166,119331,83,,No seleccionado,,Consultar
2,Licenciatura 2026,202,20200145,CIRUJANO DENTISTA,FACULTAD DE ODONTOLOGÍA,Escolarizado,https://www.dgae.unam.mx/Licenciatura2026/resultados/2/20200145.html,115,3060,2590,112,166,119345,117,S,Seleccionado,,Consultar
2,Licenciatura 2026,202,20200145,CIRUJANO DENTISTA,FACULTAD DE ODONTOLOGÍA,Escolarizado,https://www.dgae.unam.mx/Licenciatura2026/resultados/2/20200145.html,115,3060,2590,112,166,119370,98,,No seleccionado,,Consultar
2,Licenciatura 2026,202,20200145,CIRUJANO DENTISTA,FACULTAD DE ODONTOLOGÍA,Escolarizado,https://www.dgae.unam.mx/Licenciatura2026/resultados/2/20200145.html,115,3060,2590,112,166,119403,,N,No presentado,,Consultar
2,Licenciatura 2026,202,20200145,CIRUJANO DENTISTA,FACULTAD DE ODONTOLOGÍA,Escolarizado,https://www.dgae.unam.mx/Licenciatura2026/resultados/2/20200145.html,115,3060,2590,112,166,119421,51,,No seleccionado,,Consultar
2,Licenciatura 2026,202,20200145,CIRUJANO DENTISTA,FACULTAD DE ODONTOLOGÍA,Escolarizado,https://www.dgae.unam.mx/Licenciatura2026/resultados/2/20200145.html,115,3060,2590,112,166,119448,40,,No seleccionado,,Consultar
2,Licenciatura 2026,202,20200145,CIRUJANO DENTISTA,FACULTAD DE ODONTOLOGÍA,Escolarizado,https://www.dgae.unam.mx/Licenciatura2026/resultados/2/20200145.html,115,3060,2590,112,166,119498,61,,No seleccionado,,Consultar
2,Licenciatura 2026,202,20200145,CIRUJANO DENTISTA,FACULTAD DE ODONTOLOGÍA,Escolarizado,https://www.dgae.unam.mx/Licenciatura2026/resultados/2/20200145.html,115,3060,2590,112,166,119518,29,,No seleccionado,,Consultar
2,Licenciatura 2026,202,20200145,CIRUJANO DENTISTA,FACULTAD DE ODONTOLOGÍA,Escolarizado,https://www.dgae.unam.mx/Licenciatura2026/resultados/2/20200145.html,115,3060,2590,112,166,119525,68,,No seleccionado,,Consultar
2,Licenciatura 2026,202,20200145,CIRUJANO DENTISTA,FACULTAD DE ODONTOLOGÍA,Escolarizado,https://www.dgae.unam.mx/Licenciatura2026/resultados/2/20200145.html,115,3060,2590,112,166,119591,58,,No seleccionado,,Consultar
2,Licenciatura 2026,202,20200145,CIRUJANO DENTISTA,FACULTAD DE ODONTOLOGÍA,Escolarizado,https://www.dgae.unam.mx/Licenciatura2026/resultados/2/20200145.html,115,3060,2590,112,166,119599,,N,No presentado,,Consultar
2,Licenciatura 2026,202,20200145,CIRUJANO DENTISTA,FACULTAD DE ODONTOLOGÍA,Escolarizado,https://www.dgae.unam.mx/Licenciatura2026/resultados/2/20200145.html,115,3060,2590,112,166,119614,116,S,Seleccionado,Cita para entregar documentación.,Consultar
2,Licenciatura 2026,202,20200145,CIRUJANO DENTISTA,FACULTAD DE ODONTOLOGÍA,Escolarizado,https://www.dgae.unam.mx/Licenciatura2026/resultados/2/20200145.html,115,3060,2590,112,166,119628,115,S,Seleccionado,,Consultar
2,Licenciatura 2026,202,20200145,CIRUJANO DENTISTA,FACULTAD DE ODONTOLOGÍA,Escolarizado,https://www.dgae.unam.mx/Licenciatura2026/resultados/2/20200145.html,115,3060,2590,112,166,119638,91,,No seleccionado,,Consultar
2,Licenciatura 2026,202,20200145,CIRUJANO DENTISTA,FACULTAD DE ODONTOLOGÍA,Escolarizado,https://www.dgae.unam.mx/Licenciatura2026/resultados/2/20200145.html,115,3060,2590,112,166,119639,71,,No seleccionado,,Consultar
2,Licenciatura 2026,202,20200145,CIRUJANO DENTISTA,FACULTAD DE ODONTOLOGÍA,Escolarizado,https://www.dgae.unam.mx/Licenciatura2026/resultados/2/20200145.html,115,3060,2590,112,166,119658,110,,No seleccionado,,Consultar
2,Licenciatura 2026,202,20200145,CIRUJANO DENTISTA,FACULTAD DE ODONTOLOGÍA,Escolarizado,https://www.dgae.unam.mx/Licenciatura2026/resultados/2/20200145.html,115,3060,2590,112,166,119701,45,,No seleccionado,,Consultar
2,Licenciatura 2026,202,20200145,CIRUJANO DENTISTA,FACULTAD DE ODONTOLOGÍA,Escolarizado,https://www.dgae.unam.mx/Licenciatura2026/resultados/2/20200145.html,115,3060,2590,112,166,119702,39,,No seleccionado,,Consultar
2,Licenciatura 2026,202,20200145,CIRUJANO DENTISTA,FACULTAD DE ODONTOLOGÍA,Escolarizado,https://www.dgae.unam.mx/Licenciatura2026/resultados/2/20200145.html,115,3060,2590,112,166,119736,,C,Cancelado,,Consultar
2,Licenciatura 2026,202,20200145,CIRUJANO DENTISTA,FACULTAD DE ODONTOLOGÍA,Escolarizado,https://www.dgae.unam.mx/Licenciatura2026/resultados/2/20200145.html,115,3060,2590,112,166,119775,108,,No seleccionado,,Consultar
2,Licenciatura 2026,202,20200145,CIRUJANO DENTISTA,FACULTAD DE ODONTOLOGÍA,Escolarizado,https://www.dgae.unam.mx/Licenciatura2026/resultados/2/20200145.html,115,3060,2590,112,166,119781,39,,No seleccionado,,Consultar
2,Licenciatura 2026,202,20200145,CIRUJANO DENTISTA,FACULTAD DE ODONTOLOGÍA,Escolarizado,https://www.dgae.unam.mx/Licenciatura2026/resultados/2/20200145.html,115,3060,2590,112,166,119782,41,,No seleccionado,,Consultar
2,Licenciatura 2026,202,20200145,CIRUJANO DENTISTA,FACULTAD DE ODONTOLOGÍA,Escolarizado,https://www.dgae.unam.mx/Licenciatura2026/resultados/2/20200145.html,115,3060,2590,112,166,119789,35,,No seleccionado,,Consultar
2,Licenciatura 2026,202,20200145,CIRUJANO DENTISTA,FACULTAD DE ODONTOLOGÍA,Escolarizado,https://www.dgae.unam.mx/Licenciatura2026/resultados/2/20200145.html,115,3060,2590,112,166,119818,90,,No seleccionado,,Consultar
2,Licenciatura 2026,202,20200145,CIRUJANO DENTISTA,FACULTAD DE ODONTOLOGÍA,Escolarizado,https://www.dgae.unam.mx/Licenciatura2026/resultados/2/20200145.html,115,3060,2590,112,166,119819,37,,No seleccionado,,Consultar
2,Licenciatura 2026,202,20200145,CIRUJANO DENTISTA,FACULTAD DE ODONTOLOGÍA,Escolarizado,https://www.dgae.unam.mx/Licenciatura2026/resultados/2/20200145.html,115,3060,2590,112,166,119921,99,,No seleccionado,,Consultar
2,Licenciatura 2026,202,20200145,CIRUJANO DENTISTA,FACULTAD DE ODONTOLOGÍA,Escolarizado,https://www.dgae.unam.mx/Licenciatura2026/resultados/2/20200145.html,115,3060,2590,112,166,119961,113,S,Seleccionado,Cita para entregar documentación.,Consultar
2,Licenciatura 2026,202,20200145,CIRUJANO DENTISTA,FACULTAD DE ODONTOLOGÍA,Escolarizado,https://www.dgae.unam.mx/Licenciatura2026/resultados/2/20200145.html,115,3060,2590,112,166,119970,92,,No seleccionado,,Consultar
2,Licenciatura 2026,202,20200145,CIRUJANO DENTISTA,FACULTAD DE ODONTOLOGÍA,Escolarizado,https://www.dgae.unam.mx/Licenciatura2026/resultados/2/20200145.html,115,3060,2590,112,166,119971,57,,No seleccionado,,Consultar
2,Licenciatura 2026,202,20200145,CIRUJANO DENTISTA,FACULTAD DE ODONTOLOGÍA,Escolarizado,https://www.dgae.unam.mx/Licenciatura2026/resultados/2/20200145.html,115,3060,2590,112,166,119986,101,,No seleccionado,,Consultar
2,Licenciatura 2026,202,20200145,CIRUJANO DENTISTA,FACULTAD DE ODONTOLOGÍA,Escolarizado,https://www.dgae.unam.mx/Licenciatura2026/resultados/2/20200145.html,115,3060,2590,112,166,120002,,C,Cancelado,,Consultar
2,Licenciatura 2026,202,20200145,CIRUJANO DENTISTA,FACULTAD DE ODONTOLOGÍA,Escolarizado,https://www.dgae.unam.mx/Licenciatura2026/resultados/2/20200145.html,115,3060,2590,112,166,120007,35,,No seleccionado,,Consultar
2,Licenciatura 2026,202,20200145,CIRUJANO DENTISTA,FACULTAD DE ODONTOLOGÍA,Escolarizado,https://www.dgae.unam.mx/Licenciatura2026/resultados/2/20200145.html,115,3060,2590,112,166,120028,41,,No seleccionado,,Consultar
2,Licenciatura 2026,202,20200145,CIRUJANO DENTISTA,FACULTAD DE ODONTOLOGÍA,Escolarizado,https://www.dgae.unam.mx/Licenciatura2026/resultados/2/20200145.html,115,3060,2590,112,166,120029,35,,No seleccionado,,Consultar
2,Licenciatura 2026,202,20200145,CIRUJANO DENTISTA,FACULTAD DE ODONTOLOGÍA,Escolarizado,https://www.dgae.unam.mx/Licenciatura2026/resultados/2/20200145.html,115,3060,2590,112,166,120039,87,,No seleccionado,,Consultar
2,Licenciatura 2026,202,20200145,CIRUJANO DENTISTA,FACULTAD DE ODONTOLOGÍA,Escolarizado,https://www.dgae.unam.mx/Licenciatura2026/resultados/2/20200145.html,115,3060,2590,112,166,120050,103,,No seleccionado,,Consultar
2,Licenciatura 2026,202,20200145,CIRUJANO DENTISTA,FACULTAD DE ODONTOLOGÍA,Escolarizado,https://www.dgae.unam.mx/Licenciatura2026/resultados/2/20200145.html,115,3060,2590,112,166,120087,,N,No presentado,,Consultar
2,Licenciatura 2026,202,20200145,CIRUJANO DENTISTA,FACULTAD DE ODONTOLOGÍA,Escolarizado,https://www.dgae.unam.mx/Licenciatura2026/resultados/2/20200145.html,115,3060,2590,112,166,120103,98,,No seleccionado,,Consultar
2,Licenciatura 2026,202,20200145,CIRUJANO DENTISTA,FACULTAD DE ODONTOLOGÍA,Escolarizado,https://www.dgae.unam.mx/Licenciatura2026/resultados/2/20200145.html,115,3060,2590,112,166,120130,,C,Cancelado,,Consultar
2,Licenciatura 2026,202,20200145,CIRUJANO DENTISTA,FACULTAD DE ODONTOLOGÍA,Escolarizado,https://www.dgae.unam.mx/Licenciatura2026/resultados/2/20200145.html,115,3060,2590,112,166,120148,117,S,Seleccionado,Cita para entregar documentación.,Consultar
2,Licenciatura 2026,202,20200145,CIRUJANO DENTISTA,FACULTAD DE ODONTOLOGÍA,Escolarizado,https://www.dgae.unam.mx/Licenciatura2026/resultados/2/20200145.html,115,3060,2590,112,166,120221,64,,No seleccionado,,Consultar
2,Licenciatura 2026,202,20200145,CIRUJANO DENTISTA,FACULTAD DE ODONTOLOGÍA,Escolarizado,https://www.dgae.unam.mx/Licenciatura2026/resultados/2/20200145.html,115,3060,2590,112,166,120222,41,,No seleccionado,,Consultar
2,Licenciatura 2026,202,20200145,CIRUJANO DENTISTA,FACULTAD DE ODONTOLOGÍA,Escolarizado,https://www.dgae.unam.mx/Licenciatura2026/resultados/2/20200145.html,115,3060,2590,112,166,120300,,N,No presentado,,Consultar
2,Licenciatura 2026,202,20200145,CIRUJANO DENTISTA,FACULTAD DE ODONTOLOGÍA,Escolarizado,https://www.dgae.unam.mx/Licenciatura2026/resultados/2/20200145.html,115,3060,2590,112,166,120304,108,,No seleccionado,,Consultar
2,Licenciatura 2026,202,20200145,CIRUJANO DENTISTA,FACULTAD DE ODONTOLOGÍA,Escolarizado,https://www.dgae.unam.mx/Licenciatura2026/resultados/2/20200145.html,115,3060,2590,112,166,120320,95,,No seleccionado,,Consultar
2,Licenciatura 2026,202,20200145,CIRUJANO DENTISTA,FACULTAD DE ODONTOLOGÍA,Escolarizado,https://www.dgae.unam.mx/Licenciatura2026/resultados/2/20200145.html,115,3060,2590,112,166,120343,77,,No seleccionado,,Consultar
2,Licenciatura 2026,202,20200145,CIRUJANO DENTISTA,FACULTAD DE ODONTOLOGÍA,Escolarizado,https://www.dgae.unam.mx/Licenciatura2026/resultados/2/20200145.html,115,3060,2590,112,166,120359,90,,No seleccionado,,Consultar
2,Licenciatura 2026,202,20200145,CIRUJANO DENTISTA,FACULTAD DE ODONTOLOGÍA,Escolarizado,https://www.dgae.unam.mx/Licenciatura2026/resultados/2/20200145.html,115,3060,2590,112,166,120372,107,,No seleccionado,,Consultar
2,Licenciatura 2026,202,20200145,CIRUJANO DENTISTA,FACULTAD DE ODONTOLOGÍA,Escolarizado,https://www.dgae.unam.mx/Licenciatura2026/resultados/2/20200145.html,115,3060,2590,112,166,120377,61,,No seleccionado,,Consultar
2,Licenciatura 2026,202,20200145,CIRUJANO DENTISTA,FACULTAD DE ODONTOLOGÍA,Escolarizado,https://www.dgae.unam.mx/Licenciatura2026/resultados/2/20200145.html,115,3060,2590,112,166,120409,,N,No presentado,,Consultar
2,Licenciatura 2026,202,20200145,CIRUJANO DENTISTA,FACULTAD DE ODONTOLOGÍA,Escolarizado,https://www.dgae.unam.mx/Licenciatura2026/resultados/2/20200145.html,115,3060,2590,112,166,120412,29,,No seleccionado,,Consultar
2,Licenciatura 2026,202,20200145,CIRUJANO DENTISTA,FACULTAD DE ODONTOLOGÍA,Escolarizado,https://www.dgae.unam.mx/Licenciatura2026/resultados/2/20200145.html,115,3060,2590,112,166,120458,,N,No presentado,,Consultar
2,Licenciatura 2026,202,20200145,CIRUJANO DENTISTA,FACULTAD DE ODONTOLOGÍA,Escolarizado,https://www.dgae.unam.mx/Licenciatura2026/resultados/2/20200145.html,115,3060,2590,112,166,120539,72,,No seleccionado,,Consultar
2,Licenciatura 2026,202,20200145,CIRUJANO DENTISTA,FACULTAD DE ODONTOLOGÍA,Escolarizado,https://www.dgae.unam.mx/Licenciatura2026/resultados/2/20200145.html,115,3060,2590,112,166,120594,54,,No seleccionado,,Consultar
2,Licenciatura 2026,202,20200145,CIRUJANO DENTISTA,FACULTAD DE ODONTOLOGÍA,Escolarizado,https://www.dgae.unam.mx/Licenciatura2026/resultados/2/20200145.html,115,3060,2590,112,166,120601,86,,No seleccionado,,Consultar
2,Licenciatura 2026,202,20200145,CIRUJANO DENTISTA,FACULTAD DE ODONTOLOGÍA,Escolarizado,https://www.dgae.unam.mx/Licenciatura2026/resultados/2/20200145.html,115,3060,2590,112,166,120635,80,,No seleccionado,,Consultar
2,Licenciatura 2026,202,20200145,CIRUJANO DENTISTA,FACULTAD DE ODONTOLOGÍA,Escolarizado,https://www.dgae.unam.mx/Licenciatura2026/resultados/2/20200145.html,115,3060,2590,112,166,120651,56,,No seleccionado,,Consultar
2,Licenciatura 2026,202,20200145,CIRUJANO DENTISTA,FACULTAD DE ODONTOLOGÍA,Escolarizado,https://www.dgae.unam.mx/Licenciatura2026/resultados/2/20200145.html,115,3060,2590,112,166,120674,,N,No presentado,,Consultar
2,Licenciatura 2026,202,20200145,CIRUJANO DENTISTA,FACULTAD DE ODONTOLOGÍA,Escolarizado,https://www.dgae.unam.mx/Licenciatura2026/resultados/2/20200145.html,115,3060,2590,112,166,120720,59,,No seleccionado,,Consultar
2,Licenciatura 2026,202,20200145,CIRUJANO DENTISTA,FACULTAD DE ODONTOLOGÍA,Escolarizado,https://www.dgae.unam.mx/Licenciatura2026/resultados/2/20200145.html,115,3060,2590,112,166,120761,106,,No seleccionado,,Consultar
2,Licenciatura 2026,202,20200145,CIRUJANO DENTISTA,FACULTAD DE ODONTOLOGÍA,Escolarizado,https://www.dgae.unam.mx/Licenciatura2026/resultados/2/20200145.html,115,3060,2590,112,166,120813,65,,No seleccionado,,Consultar
2,Licenciatura 2026,202,20200145,CIRUJANO DENTISTA,FACULTAD DE ODONTOLOGÍA,Escolarizado,https://www.dgae.unam.mx/Licenciatura2026/resultados/2/20200145.html,115,3060,2590,112,166,120824,78,,No seleccionado,,Consultar
2,Licenciatura 2026,202,20200145,CIRUJANO DENTISTA,FACULTAD DE ODONTOLOGÍA,Escolarizado,https://www.dgae.unam.mx/Licenciatura2026/resultados/2/20200145.html,115,3060,2590,112,166,120872,101,,No seleccionado,,Consultar
2,Licenciatura 2026,202,20200145,CIRUJANO DENTISTA,FACULTAD DE ODONTOLOGÍA,Escolarizado,https://www.dgae.unam.mx/Licenciatura2026/resultados/2/20200145.html,115,3060,2590,112,166,120918,98,,No seleccionado,,Consultar
2,Licenciatura 2026,202,20200145,CIRUJANO DENTISTA,FACULTAD DE ODONTOLOGÍA,Escolarizado,https://www.dgae.unam.mx/Licenciatura2026/resultados/2/20200145.html,115,3060,2590,112,166,120961,115,S,Seleccionado,Cita para entregar documentación.,Consultar
2,Licenciatura 2026,202,20200145,CIRUJANO DENTISTA,FACULTAD DE ODONTOLOGÍA,Escolarizado,https://www.dgae.unam.mx/Licenciatura2026/resultados/2/20200145.html,115,3060,2590,112,166,120994,,C,Cancelado,,Consultar
2,Licenciatura 2026,202,20200145,CIRUJANO DENTISTA,FACULTAD DE ODONTOLOGÍA,Escolarizado,https://www.dgae.unam.mx/Licenciatura2026/resultados/2/20200145.html,115,3060,2590,112,166,121039,46,,No seleccionado,,Consultar
2,Licenciatura 2026,202,20200145,CIRUJANO DENTISTA,FACULTAD DE ODONTOLOGÍA,Escolarizado,https://www.dgae.unam.mx/Licenciatura2026/resultados/2/20200145.html,115,3060,2590,112,166,121083,79,,No seleccionado,,Consultar
2,Licenciatura 2026,202,20200145,CIRUJANO DENTISTA,FACULTAD DE ODONTOLOGÍA,Escolarizado,https://www.dgae.unam.mx/Licenciatura2026/resultados/2/20200145.html,115,3060,2590,112,166,121093,57,,No seleccionado,,Consultar
2,Licenciatura 2026,202,20200145,CIRUJANO DENTISTA,FACULTAD DE ODONTOLOGÍA,Escolarizado,https://www.dgae.unam.mx/Licenciatura2026/resultados/2/20200145.html,115,3060,2590,112,166,121114,96,,No seleccionado,,Consultar
2,Licenciatura 2026,202,20200145,CIRUJANO DENTISTA,FACULTAD DE ODONTOLOGÍA,Escolarizado,https://www.dgae.unam.mx/Licenciatura2026/resultados/2/20200145.html,115,3060,2590,112,166,121131,93,,No seleccionado,,Consultar
2,Licenciatura 2026,202,20200145,CIRUJANO DENTISTA,FACULTAD DE ODONTOLOGÍA,Escolarizado,https://www.dgae.unam.mx/Licenciatura2026/resultados/2/20200145.html,115,3060,2590,112,166,121147,33,,No seleccionado,,Consultar
2,Licenciatura 2026,202,20200145,CIRUJANO DENTISTA,FACULTAD DE ODONTOLOGÍA,Escolarizado,https://www.dgae.unam.mx/Licenciatura2026/resultados/2/20200145.html,115,3060,2590,112,166,121177,,N,No presentado,,Consultar
2,Licenciatura 2026,202,20200145,CIRUJANO DENTISTA,FACULTAD DE ODONTOLOGÍA,Escolarizado,https://www.dgae.unam.mx/Licenciatura2026/resultados/2/20200145.html,115,3060,2590,112,166,121210,41,,No seleccionado,,Consultar
2,Licenciatura 2026,202,20200145,CIRUJANO DENTISTA,FACULTAD DE ODONTOLOGÍA,Escolarizado,https://www.dgae.unam.mx/Licenciatura2026/resultados/2/20200145.html,115,3060,2590,112,166,121217,83,,No seleccionado,,Consultar
2,Licenciatura 2026,202,20200145,CIRUJANO DENTISTA,FACULTAD DE ODONTOLOGÍA,Escolarizado,https://www.dgae.unam.mx/Licenciatura2026/resultados/2/20200145.html,115,3060,2590,112,166,121329,62,,No seleccionado,,Consultar
2,Licenciatura 2026,202,20200145,CIRUJANO DENTISTA,FACULTAD DE ODONTOLOGÍA,Escolarizado,https://www.dgae.unam.mx/Licenciatura2026/resultados/2/20200145.html,115,3060,2590,112,166,121399,115,S,Seleccionado,,Consultar
2,Licenciatura 2026,202,20200145,CIRUJANO DENTISTA,FACULTAD DE ODONTOLOGÍA,Escolarizado,https://www.dgae.unam.mx/Licenciatura2026/resultados/2/20200145.html,115,3060,2590,112,166,121435,114,S,Seleccionado,Cita para entregar documentación.,Consultar
2,Licenciatura 2026,202,20200145,CIRUJANO DENTISTA,FACULTAD DE ODONTOLOGÍA,Escolarizado,https://www.dgae.unam.mx/Licenciatura2026/resultados/2/20200145.html,115,3060,2590,112,166,121520,,N,No presentado,,Consultar
2,Licenciatura 2026,202,20200145,CIRUJANO DENTISTA,FACULTAD DE ODONTOLOGÍA,Escolarizado,https://www.dgae.unam.mx/Licenciatura2026/resultados/2/20200145.html,115,3060,2590,112,166,121546,100,,No seleccionado,,Consultar
2,Licenciatura 2026,202,20200145,CIRUJANO DENTISTA,FACULTAD DE ODONTOLOGÍA,Escolarizado,https://www.dgae.unam.mx/Licenciatura2026/resultados/2/20200145.html,115,3060,2590,112,166,121561,112,S,Seleccionado,Cita para entregar documentación.,Consultar
2,Licenciatura 2026,202,20200145,CIRUJANO DENTISTA,FACULTAD DE ODONTOLOGÍA,Escolarizado,https://www.dgae.unam.mx/Licenciatura2026/resultados/2/20200145.html,115,3060,2590,112,166,121571,113,S,Seleccionado,,Consultar
2,Licenciatura 2026,202,20200145,CIRUJANO DENTISTA,FACULTAD DE ODONTOLOGÍA,Escolarizado,https://www.dgae.unam.mx/Licenciatura2026/resultados/2/20200145.html,115,3060,2590,112,166,121644,109,,No seleccionado,,Consultar
2,Licenciatura 2026,202,20200145,CIRUJANO DENTISTA,FACULTAD DE ODONTOLOGÍA,Escolarizado,https://www.dgae.unam.mx/Licenciatura2026/resultados/2/20200145.html,115,3060,2590,112,166,121646,105,,No seleccionado,,Consultar
2,Licenciatura 2026,202,20200145,CIRUJANO DENTISTA,FACULTAD DE ODONTOLOGÍA,Escolarizado,https://www.dgae.unam.mx/Licenciatura2026/resultados/2/20200145.html,115,3060,2590,112,166,121681,100,,No seleccionado,,Consultar
2,Licenciatura 2026,202,20200145,CIRUJANO DENTISTA,FACULTAD DE ODONTOLOGÍA,Escolarizado,https://www.dgae.unam.mx/Licenciatura2026/resultados/2/20200145.html,115,3060,2590,112,166,121692,78,,No seleccionado,,Consultar
2,Licenciatura 2026,202,20200145,CIRUJANO DENTISTA,FACULTAD DE ODONTOLOGÍA,Escolarizado,https://www.dgae.unam.mx/Licenciatura2026/resultados/2/20200145.html,115,3060,2590,112,166,121735,41,,No seleccionado,,Consultar
2,Licenciatura 2026,202,20200145,CIRUJANO DENTISTA,FACULTAD DE ODONTOLOGÍA,Escolarizado,https://www.dgae.unam.mx/Licenciatura2026/resultados/2/20200145.html,115,3060,2590,112,166,121762,39,,No seleccionado,,Consultar
2,Licenciatura 2026,202,20200145,CIRUJANO DENTISTA,FACULTAD DE ODONTOLOGÍA,Escolarizado,https://www.dgae.unam.mx/Licenciatura2026/resultados/2/20200145.html,115,3060,2590,112,166,121766,107,,No seleccionado,,Consultar
2,Licenciatura 2026,202,20200145,CIRUJANO DENTISTA,FACULTAD DE ODONTOLOGÍA,Escolarizado,https://www.dgae.unam.mx/Licenciatura2026/resultados/2/20200145.html,115,3060,2590,112,166,121800,56,,No seleccionado,,Consultar
2,Licenciatura 2026,202,20200145,CIRUJANO DENTISTA,FACULTAD DE ODONTOLOGÍA,Escolarizado,https://www.dgae.unam.mx/Licenciatura2026/resultados/2/20200145.html,115,3060,2590,112,166,121903,95,,No seleccionado,,Consultar
2,Licenciatura 2026,202,20200145,CIRUJANO DENTISTA,FACULTAD DE ODONTOLOGÍA,Escolarizado,https://www.dgae.unam.mx/Licenciatura2026/resultados/2/20200145.html,115,3060,2590,112,166,121917,93,,No seleccionado,,Consultar
2,Licenciatura 2026,202,20200145,CIRUJANO DENTISTA,FACULTAD DE ODONTOLOGÍA,Escolarizado,https://www.dgae.unam.mx/Licenciatura2026/resultados/2/20200145.html,115,3060,2590,112,166,121926,80,,No seleccionado,,Consultar
2,Licenciatura 2026,202,20200145,CIRUJANO DENTISTA,FACULTAD DE ODONTOLOGÍA,Escolarizado,https://www.dgae.unam.mx/Licenciatura2026/resultados/2/20200145.html,115,3060,2590,112,166,121932,96,,No seleccionado,,Consultar
2,Licenciatura 2026,202,20200145,CIRUJANO DENTISTA,FACULTAD DE ODONTOLOGÍA,Escolarizado,https://www.dgae.unam.mx/Licenciatura2026/resultados/2/20200145.html,115,3060,2590,112,166,121940,108,,No seleccionado,,Consultar
2,Licenciatura 2026,202,20200145,CIRUJANO DENTISTA,FACULTAD DE ODONTOLOGÍA,Escolarizado,https://www.dgae.unam.mx/Licenciatura2026/resultados/2/20200145.html,115,3060,2590,112,166,121976,46,,No seleccionado,,Consultar
2,Licenciatura 2026,202,20200145,CIRUJANO DENTISTA,FACULTAD DE ODONTOLOGÍA,Escolarizado,https://www.dgae.unam.mx/Licenciatura2026/resultados/2/20200145.html,115,3060,2590,112,166,121987,,N,No presentado,,Consultar
2,Licenciatura 2026,202,20200145,CIRUJANO DENTISTA,FACULTAD DE ODONTOLOGÍA,Escolarizado,https://www.dgae.unam.mx/Licenciatura2026/resultados/2/20200145.html,115,3060,2590,112,166,121991,110,,No seleccionado,,Consultar
2,Licenciatura 2026,202,20200145,CIRUJANO DENTISTA,FACULTAD DE ODONTOLOGÍA,Escolarizado,https://www.dgae.unam.mx/Licenciatura2026/resultados/2/20200145.html,115,3060,2590,112,166,122037,,N,No presentado,,Consultar
2,Licenciatura 2026,202,20200145,CIRUJANO DENTISTA,FACULTAD DE ODONTOLOGÍA,Escolarizado,https://www.dgae.unam.mx/Licenciatura2026/resultados/2/20200145.html,115,3060,2590,112,166,122053,30,,No seleccionado,,Consultar
2,Licenciatura 2026,202,20200145,CIRUJANO DENTISTA,FACULTAD DE ODONTOLOGÍA,Escolarizado,https://www.dgae.unam.mx/Licenciatura2026/resultados/2/20200145.html,115,3060,2590,112,166,122073,99,,No seleccionado,,Consultar
2,Licenciatura 2026,202,20200145,CIRUJANO DENTISTA,FACULTAD DE ODONTOLOGÍA,Escolarizado,https://www.dgae.unam.mx/Licenciatura2026/resultados/2/20200145.html,115,3060,2590,112,166,122108,112,S,Seleccionado,,Consultar
2,Licenciatura 2026,202,20200145,CIRUJANO DENTISTA,FACULTAD DE ODONTOLOGÍA,Escolarizado,https://www.dgae.unam.mx/Licenciatura2026/resultados/2/20200145.html,115,3060,2590,112,166,122122,115,S,Seleccionado,Cita para entregar documentación.,Consultar
2,Licenciatura 2026,202,20200145,CIRUJANO DENTISTA,FACULTAD DE ODONTOLOGÍA,Escolarizado,https://www.dgae.unam.mx/Licenciatura2026/resultados/2/20200145.html,115,3060,2590,112,166,122163,32,,No seleccionado,,Consultar
2,Licenciatura 2026,202,20200145,CIRUJANO DENTISTA,FACULTAD DE ODONTOLOGÍA,Escolarizado,https://www.dgae.unam.mx/Licenciatura2026/resultados/2/20200145.html,115,3060,2590,112,166,122206,71,,No seleccionado,,Consultar
2,Licenciatura 2026,202,20200145,CIRUJANO DENTISTA,FACULTAD DE ODONTOLOGÍA,Escolarizado,https://www.dgae.unam.mx/Licenciatura2026/resultados/2/20200145.html,115,3060,2590,112,166,122211,35,,No seleccionado,,Consultar
2,Licenciatura 2026,202,20200145,CIRUJANO DENTISTA,FACULTAD DE ODONTOLOGÍA,Escolarizado,https://www.dgae.unam.mx/Licenciatura2026/resultados/2/20200145.html,115,3060,2590,112,166,122216,34,,No seleccionado,,Consultar
2,Licenciatura 2026,202,20200145,CIRUJANO DENTISTA,FACULTAD DE ODONTOLOGÍA,Escolarizado,https://www.dgae.unam.mx/Licenciatura2026/resultados/2/20200145.html,115,3060,2590,112,166,122222,92,,No seleccionado,,Consultar
2,Licenciatura 2026,202,20200145,CIRUJANO DENTISTA,FACULTAD DE ODONTOLOGÍA,Escolarizado,https://www.dgae.unam.mx/Licenciatura2026/resultados/2/20200145.html,115,3060,2590,112,166,122238,97,,No seleccionado,,Consultar
2,Licenciatura 2026,202,20200145,CIRUJANO DENTISTA,FACULTAD DE ODONTOLOGÍA,Escolarizado,https://www.dgae.unam.mx/Licenciatura2026/resultados/2/20200145.html,115,3060,2590,112,166,122296,94,,No seleccionado,,Consultar
2,Licenciatura 2026,202,20200145,CIRUJANO DENTISTA,FACULTAD DE ODONTOLOGÍA,Escolarizado,https://www.dgae.unam.mx/Licenciatura2026/resultados/2/20200145.html,115,3060,2590,112,166,122308,48,,No seleccionado,,Consultar
2,Licenciatura 2026,202,20200145,CIRUJANO DENTISTA,FACULTAD DE ODONTOLOGÍA,Escolarizado,https://www.dgae.unam.mx/Licenciatura2026/resultados/2/20200145.html,115,3060,2590,112,166,122354,77,,No seleccionado,,Consultar
2,Licenciatura 2026,202,20200145,CIRUJANO DENTISTA,FACULTAD DE ODONTOLOGÍA,Escolarizado,https://www.dgae.unam.mx/Licenciatura2026/resultados/2/20200145.html,115,3060,2590,112,166,122433,103,,No seleccionado,,Consultar
2,Licenciatura 2026,202,20200145,CIRUJANO DENTISTA,FACULTAD DE ODONTOLOGÍA,Escolarizado,https://www.dgae.unam.mx/Licenciatura2026/resultados/2/20200145.html,115,3060,2590,112,166,122435,105,,No seleccionado,,Consultar
2,Licenciatura 2026,202,20200145,CIRUJANO DENTISTA,FACULTAD DE ODONTOLOGÍA,Escolarizado,https://www.dgae.unam.mx/Licenciatura2026/resultados/2/20200145.html,115,3060,2590,112,166,122444,97,,No seleccionado,,Consultar
2,Licenciatura 2026,202,20200145,CIRUJANO DENTISTA,FACULTAD DE ODONTOLOGÍA,Escolarizado,https://www.dgae.unam.mx/Licenciatura2026/resultados/2/20200145.html,115,3060,2590,112,166,122450,76,,No seleccionado,,Consultar
2,Licenciatura 2026,202,20200145,CIRUJANO DENTISTA,FACULTAD DE ODONTOLOGÍA,Escolarizado,https://www.dgae.unam.mx/Licenciatura2026/resultados/2/20200145.html,115,3060,2590,112,166,122486,,N,No presentado,,Consultar
2,Licenciatura 2026,202,20200145,CIRUJANO DENTISTA,FACULTAD DE ODONTOLOGÍA,Escolarizado,https://www.dgae.unam.mx/Licenciatura2026/resultados/2/20200145.html,115,3060,2590,112,166,122517,95,,No seleccionado,,Consultar
2,Licenciatura 2026,202,20200145,CIRUJANO DENTISTA,FACULTAD DE ODONTOLOGÍA,Escolarizado,https://www.dgae.unam.mx/Licenciatura2026/resultados/2/20200145.html,115,3060,2590,112,166,122577,58,,No seleccionado,,Consultar
2,Licenciatura 2026,202,20200145,CIRUJANO DENTISTA,FACULTAD DE ODONTOLOGÍA,Escolarizado,https://www.dgae.unam.mx/Licenciatura2026/resultados/2/20200145.html,115,3060,2590,112,166,122582,59,,No seleccionado,,Consultar
2,Licenciatura 2026,202,20200145,CIRUJANO DENTISTA,FACULTAD DE ODONTOLOGÍA,Escolarizado,https://www.dgae.unam.mx/Licenciatura2026/resultados/2/20200145.html,115,3060,2590,112,166,122625,81,,No seleccionado,,Consultar
2,Licenciatura 2026,202,20200145,CIRUJANO DENTISTA,FACULTAD DE ODONTOLOGÍA,Escolarizado,https://www.dgae.unam.mx/Licenciatura2026/resultados/2/20200145.html,115,3060,2590,112,166,122648,108,,No seleccionado,,Consultar
2,Licenciatura 2026,202,20200145,CIRUJANO DENTISTA,FACULTAD DE ODONTOLOGÍA,Escolarizado,https://www.dgae.unam.mx/Licenciatura2026/resultados/2/20200145.html,115,3060,2590,112,166,122662,34,,No seleccionado,,Consultar
2,Licenciatura 2026,202,20200145,CIRUJANO DENTISTA,FACULTAD DE ODONTOLOGÍA,Escolarizado,https://www.dgae.unam.mx/Licenciatura2026/resultados/2/20200145.html,115,3060,2590,112,166,122790,83,,No seleccionado,,Consultar
2,Licenciatura 2026,202,20200145,CIRUJANO DENTISTA,FACULTAD DE ODONTOLOGÍA,Escolarizado,https://www.dgae.unam.mx/Licenciatura2026/resultados/2/20200145.html,115,3060,2590,112,166,122804,106,,No seleccionado,,Consultar
2,Licenciatura 2026,202,20200145,CIRUJANO DENTISTA,FACULTAD DE ODONTOLOGÍA,Escolarizado,https://www.dgae.unam.mx/Licenciatura2026/resultados/2/20200145.html,115,3060,2590,112,166,122871,94,,No seleccionado,,Consultar
2,Licenciatura 2026,202,20200145,CIRUJANO DENTISTA,FACULTAD DE ODONTOLOGÍA,Escolarizado,https://www.dgae.unam.mx/Licenciatura2026/resultados/2/20200145.html,115,3060,2590,112,166,122915,104,,No seleccionado,,Consultar
2,Licenciatura 2026,202,20200145,CIRUJANO DENTISTA,FACULTAD DE ODONTOLOGÍA,Escolarizado,https://www.dgae.unam.mx/Licenciatura2026/resultados/2/20200145.html,115,3060,2590,112,166,123008,,C,Cancelado,,Consultar
2,Licenciatura 2026,202,20200145,CIRUJANO DENTISTA,FACULTAD DE ODONTOLOGÍA,Escolarizado,https://www.dgae.unam.mx/Licenciatura2026/resultados/2/20200145.html,115,3060,2590,112,166,123037,56,,No seleccionado,,Consultar
2,Licenciatura 2026,202,20200145,CIRUJANO DENTISTA,FACULTAD DE ODONTOLOGÍA,Escolarizado,https://www.dgae.unam.mx/Licenciatura2026/resultados/2/20200145.html,115,3060,2590,112,166,123056,77,,No seleccionado,,Consultar
2,Licenciatura 2026,202,20200145,CIRUJANO DENTISTA,FACULTAD DE ODONTOLOGÍA,Escolarizado,https://www.dgae.unam.mx/Licenciatura2026/resultados/2/20200145.html,115,3060,2590,112,166,123063,38,,No seleccionado,,Consultar
2,Licenciatura 2026,202,20200145,CIRUJANO DENTISTA,FACULTAD DE ODONTOLOGÍA,Escolarizado,https://www.dgae.unam.mx/Licenciatura2026/resultados/2/20200145.html,115,3060,2590,112,166,123111,96,,No seleccionado,,Consultar
2,Licenciatura 2026,202,20200145,CIRUJANO DENTISTA,FACULTAD DE ODONTOLOGÍA,Escolarizado,https://www.dgae.unam.mx/Licenciatura2026/resultados/2/20200145.html,115,3060,2590,112,166,123205,61,,No seleccionado,,Consultar
2,Licenciatura 2026,202,20200145,CIRUJANO DENTISTA,FACULTAD DE ODONTOLOGÍA,Escolarizado,https://www.dgae.unam.mx/Licenciatura2026/resultados/2/20200145.html,115,3060,2590,112,166,123247,37,,No seleccionado,,Consultar
2,Licenciatura 2026,202,20200145,CIRUJANO DENTISTA,FACULTAD DE ODONTOLOGÍA,Escolarizado,https://www.dgae.unam.mx/Licenciatura2026/resultados/2/20200145.html,115,3060,2590,112,166,123252,29,,No seleccionado,,Consultar
2,Licenciatura 2026,202,20200145,CIRUJANO DENTISTA,FACULTAD DE ODONTOLOGÍA,Escolarizado,https://www.dgae.unam.mx/Licenciatura2026/resultados/2/20200145.html,115,3060,2590,112,166,123299,65,,No seleccionado,,Consultar
2,Licenciatura 2026,202,20200145,CIRUJANO DENTISTA,FACULTAD DE ODONTOLOGÍA,Escolarizado,https://www.dgae.unam.mx/Licenciatura2026/resultados/2/20200145.html,115,3060,2590,112,166,123371,91,,No seleccionado,,Consultar
2,Licenciatura 2026,202,20200145,CIRUJANO DENTISTA,FACULTAD DE ODONTOLOGÍA,Escolarizado,https://www.dgae.unam.mx/Licenciatura2026/resultados/2/20200145.html,115,3060,2590,112,166,123397,68,,No seleccionado,,Consultar
2,Licenciatura 2026,202,20200145,CIRUJANO DENTISTA,FACULTAD DE ODONTOLOGÍA,Escolarizado,https://www.dgae.unam.mx/Licenciatura2026/resultados/2/20200145.html,115,3060,2590,112,166,123409,106,,No seleccionado,,Consultar
2,Licenciatura 2026,202,20200145,CIRUJANO DENTISTA,FACULTAD DE ODONTOLOGÍA,Escolarizado,https://www.dgae.unam.mx/Licenciatura2026/resultados/2/20200145.html,115,3060,2590,112,166,123458,79,,No seleccionado,,Consultar
2,Licenciatura 2026,202,20200145,CIRUJANO DENTISTA,FACULTAD DE ODONTOLOGÍA,Escolarizado,https://www.dgae.unam.mx/Licenciatura2026/resultados/2/20200145.html,115,3060,2590,112,166,123461,113,S,Seleccionado,Cita para entregar documentación.,Consultar
2,Licenciatura 2026,202,20200145,CIRUJANO DENTISTA,FACULTAD DE ODONTOLOGÍA,Escolarizado,https://www.dgae.unam.mx/Licenciatura2026/resultados/2/20200145.html,115,3060,2590,112,166,123568,55,,No seleccionado,,Consultar
2,Licenciatura 2026,202,20200145,CIRUJANO DENTISTA,FACULTAD DE ODONTOLOGÍA,Escolarizado,https://www.dgae.unam.mx/Licenciatura2026/resultados/2/20200145.html,115,3060,2590,112,166,123577,61,,No seleccionado,,Consultar
2,Licenciatura 2026,202,20200145,CIRUJANO DENTISTA,FACULTAD DE ODONTOLOGÍA,Escolarizado,https://www.dgae.unam.mx/Licenciatura2026/resultados/2/20200145.html,115,3060,2590,112,166,123592,43,,No seleccionado,,Consultar
2,Licenciatura 2026,202,20200145,CIRUJANO DENTISTA,FACULTAD DE ODONTOLOGÍA,Escolarizado,https://www.dgae.unam.mx/Licenciatura2026/resultados/2/20200145.html,115,3060,2590,112,166,123611,111,,No seleccionado,,Consultar
2,Licenciatura 2026,202,20200145,CIRUJANO DENTISTA,FACULTAD DE ODONTOLOGÍA,Escolarizado,https://www.dgae.unam.mx/Licenciatura2026/resultados/2/20200145.html,115,3060,2590,112,166,123623,111,,No seleccionado,,Consultar
2,Licenciatura 2026,202,20200145,CIRUJANO DENTISTA,FACULTAD DE ODONTOLOGÍA,Escolarizado,https://www.dgae.unam.mx/Licenciatura2026/resultados/2/20200145.html,115,3060,2590,112,166,123653,77,,No seleccionado,,Consultar
2,Licenciatura 2026,202,20200145,CIRUJANO DENTISTA,FACULTAD DE ODONTOLOGÍA,Escolarizado,https://www.dgae.unam.mx/Licenciatura2026/resultados/2/20200145.html,115,3060,2590,112,166,123729,112,S,Seleccionado,Cita para entregar documentación.,Consultar
2,Licenciatura 2026,202,20200145,CIRUJANO DENTISTA,FACULTAD DE ODONTOLOGÍA,Escolarizado,https://www.dgae.unam.mx/Licenciatura2026/resultados/2/20200145.html,115,3060,2590,112,166,123738,79,,No seleccionado,,Consultar
2,Licenciatura 2026,202,20200145,CIRUJANO DENTISTA,FACULTAD DE ODONTOLOGÍA,Escolarizado,https://www.dgae.unam.mx/Licenciatura2026/resultados/2/20200145.html,115,3060,2590,112,166,123811,,N,No presentado,,Consultar
2,Licenciatura 2026,202,20200145,CIRUJANO DENTISTA,FACULTAD DE ODONTOLOGÍA,Escolarizado,https://www.dgae.unam.mx/Licenciatura2026/resultados/2/20200145.html,115,3060,2590,112,166,123816,111,,No seleccionado,,Consultar
2,Licenciatura 2026,202,20200145,CIRUJANO DENTISTA,FACULTAD DE ODONTOLOGÍA,Escolarizado,https://www.dgae.unam.mx/Licenciatura2026/resultados/2/20200145.html,115,3060,2590,112,166,123837,65,,No seleccionado,,Consultar
2,Licenciatura 2026,202,20200145,CIRUJANO DENTISTA,FACULTAD DE ODONTOLOGÍA,Escolarizado,https://www.dgae.unam.mx/Licenciatura2026/resultados/2/20200145.html,115,3060,2590,112,166,123858,62,,No seleccionado,,Consultar
2,Licenciatura 2026,202,20200145,CIRUJANO DENTISTA,FACULTAD DE ODONTOLOGÍA,Escolarizado,https://www.dgae.unam.mx/Licenciatura2026/resultados/2/20200145.html,115,3060,2590,112,166,123860,99,,No seleccionado,,Consultar
2,Licenciatura 2026,202,20200145,CIRUJANO DENTISTA,FACULTAD DE ODONTOLOGÍA,Escolarizado,https://www.dgae.unam.mx/Licenciatura2026/resultados/2/20200145.html,115,3060,2590,112,166,123879,43,,No seleccionado,,Consultar
2,Licenciatura 2026,202,20200145,CIRUJANO DENTISTA,FACULTAD DE ODONTOLOGÍA,Escolarizado,https://www.dgae.unam.mx/Licenciatura2026/resultados/2/20200145.html,115,3060,2590,112,166,123886,72,,No seleccionado,,Consultar
2,Licenciatura 2026,202,20200145,CIRUJANO DENTISTA,FACULTAD DE ODONTOLOGÍA,Escolarizado,https://www.dgae.unam.mx/Licenciatura2026/resultados/2/20200145.html,115,3060,2590,112,166,123900,45,,No seleccionado,,Consultar
2,Licenciatura 2026,202,20200145,CIRUJANO DENTISTA,FACULTAD DE ODONTOLOGÍA,Escolarizado,https://www.dgae.unam.mx/Licenciatura2026/resultados/2/20200145.html,115,3060,2590,112,166,123946,47,,No seleccionado,,Consultar
2,Licenciatura 2026,202,20200145,CIRUJANO DENTISTA,FACULTAD DE ODONTOLOGÍA,Escolarizado,https://www.dgae.unam.mx/Licenciatura2026/resultados/2/20200145.html,115,3060,2590,112,166,123969,101,,No seleccionado,,Consultar
2,Licenciatura 2026,202,20200145,CIRUJANO DENTISTA,FACULTAD DE ODONTOLOGÍA,Escolarizado,https://www.dgae.unam.mx/Licenciatura2026/resultados/2/20200145.html,115,3060,2590,112,166,123974,106,,No seleccionado,,Consultar
2,Licenciatura 2026,202,20200145,CIRUJANO DENTISTA,FACULTAD DE ODONTOLOGÍA,Escolarizado,https://www.dgae.unam.mx/Licenciatura2026/resultados/2/20200145.html,115,3060,2590,112,166,123991,30,,No seleccionado,,Consultar
2,Licenciatura 2026,202,20200145,CIRUJANO DENTISTA,FACULTAD DE ODONTOLOGÍA,Escolarizado,https://www.dgae.unam.mx/Licenciatura2026/resultados/2/20200145.html,115,3060,2590,112,166,123993,83,,No seleccionado,,Consultar
2,Licenciatura 2026,202,20200145,CIRUJANO DENTISTA,FACULTAD DE ODONTOLOGÍA,Escolarizado,https://www.dgae.unam.mx/Licenciatura2026/resultados/2/20200145.html,115,3060,2590,112,166,123994,92,,No seleccionado,,Consultar
2,Licenciatura 2026,202,20200145,CIRUJANO DENTISTA,FACULTAD DE ODONTOLOGÍA,Escolarizado,https://www.dgae.unam.mx/Licenciatura2026/resultados/2/20200145.html,115,3060,2590,112,166,124012,88,,No seleccionado,,Consultar
2,Licenciatura 2026,202,20200145,CIRUJANO DENTISTA,FACULTAD DE ODONTOLOGÍA,Escolarizado,https://www.dgae.unam.mx/Licenciatura2026/resultados/2/20200145.html,115,3060,2590,112,166,124023,,N,No presentado,,Consultar
2,Licenciatura 2026,202,20200145,CIRUJANO DENTISTA,FACULTAD DE ODONTOLOGÍA,Escolarizado,https://www.dgae.unam.mx/Licenciatura2026/resultados/2/20200145.html,115,3060,2590,112,166,124076,58,,No seleccionado,,Consultar
2,Licenciatura 2026,202,20200145,CIRUJANO DENTISTA,FACULTAD DE ODONTOLOGÍA,Escolarizado,https://www.dgae.unam.mx/Licenciatura2026/resultados/2/20200145.html,115,3060,2590,112,166,124085,101,,No seleccionado,,Consultar
2,Licenciatura 2026,202,20200145,CIRUJANO DENTISTA,FACULTAD DE ODONTOLOGÍA,Escolarizado,https://www.dgae.unam.mx/Licenciatura2026/resultados/2/20200145.html,115,3060,2590,112,166,124218,119,S,Seleccionado,Cita para entregar documentación.,Consultar
2,Licenciatura 2026,202,20200145,CIRUJANO DENTISTA,FACULTAD DE ODONTOLOGÍA,Escolarizado,https://www.dgae.unam.mx/Licenciatura2026/resultados/2/20200145.html,115,3060,2590,112,166,124255,58,,No seleccionado,,Consultar
2,Licenciatura 2026,202,20200145,CIRUJANO DENTISTA,FACULTAD DE ODONTOLOGÍA,Escolarizado,https://www.dgae.unam.mx/Licenciatura2026/resultados/2/20200145.html,115,3060,2590,112,166,124274,91,,No seleccionado,,Consultar
2,Licenciatura 2026,202,20200145,CIRUJANO DENTISTA,FACULTAD DE ODONTOLOGÍA,Escolarizado,https://www.dgae.unam.mx/Licenciatura2026/resultados/2/20200145.html,115,3060,2590,112,166,124294,69,,No seleccionado,,Consultar
2,Licenciatura 2026,202,20200145,CIRUJANO DENTISTA,FACULTAD DE ODONTOLOGÍA,Escolarizado,https://www.dgae.unam.mx/Licenciatura2026/resultados/2/20200145.html,115,3060,2590,112,166,124351,94,,No seleccionado,,Consultar
2,Licenciatura 2026,202,20200145,CIRUJANO DENTISTA,FACULTAD DE ODONTOLOGÍA,Escolarizado,https://www.dgae.unam.mx/Licenciatura2026/resultados/2/20200145.html,115,3060,2590,112,166,124353,78,,No seleccionado,,Consultar
2,Licenciatura 2026,202,20200145,CIRUJANO DENTISTA,FACULTAD DE ODONTOLOGÍA,Escolarizado,https://www.dgae.unam.mx/Licenciatura2026/resultados/2/20200145.html,115,3060,2590,112,166,124354,50,,No seleccionado,,Consultar
2,Licenciatura 2026,202,20200145,CIRUJANO DENTISTA,FACULTAD DE ODONTOLOGÍA,Escolarizado,https://www.dgae.unam.mx/Licenciatura2026/resultados/2/20200145.html,115,3060,2590,112,166,124355,117,S,Seleccionado,,Consultar
2,Licenciatura 2026,202,20200145,CIRUJANO DENTISTA,FACULTAD DE ODONTOLOGÍA,Escolarizado,https://www.dgae.unam.mx/Licenciatura2026/resultados/2/20200145.html,115,3060,2590,112,166,124363,44,,No seleccionado,,Consultar
2,Licenciatura 2026,202,20200145,CIRUJANO DENTISTA,FACULTAD DE ODONTOLOGÍA,Escolarizado,https://www.dgae.unam.mx/Licenciatura2026/resultados/2/20200145.html,115,3060,2590,112,166,124374,93,,No seleccionado,,Consultar
2,Licenciatura 2026,202,20200145,CIRUJANO DENTISTA,FACULTAD DE ODONTOLOGÍA,Escolarizado,https://www.dgae.unam.mx/Licenciatura2026/resultados/2/20200145.html,115,3060,2590,112,166,124478,,N,No presentado,,Consultar
2,Licenciatura 2026,202,20200145,CIRUJANO DENTISTA,FACULTAD DE ODONTOLOGÍA,Escolarizado,https://www.dgae.unam.mx/Licenciatura2026/resultados/2/20200145.html,115,3060,2590,112,166,124493,95,,No seleccionado,,Consultar
2,Licenciatura 2026,202,20200145,CIRUJANO DENTISTA,FACULTAD DE ODONTOLOGÍA,Escolarizado,https://www.dgae.unam.mx/Licenciatura2026/resultados/2/20200145.html,115,3060,2590,112,166,124502,104,,No seleccionado,,Consultar
2,Licenciatura 2026,202,20200145,CIRUJANO DENTISTA,FACULTAD DE ODONTOLOGÍA,Escolarizado,https://www.dgae.unam.mx/Licenciatura2026/resultados/2/20200145.html,115,3060,2590,112,166,124515,96,,No seleccionado,,Consultar
2,Licenciatura 2026,202,20200145,CIRUJANO DENTISTA,FACULTAD DE ODONTOLOGÍA,Escolarizado,https://www.dgae.unam.mx/Licenciatura2026/resultados/2/20200145.html,115,3060,2590,112,166,124525,46,,No seleccionado,,Consultar
2,Licenciatura 2026,202,20200145,CIRUJANO DENTISTA,FACULTAD DE ODONTOLOGÍA,Escolarizado,https://www.dgae.unam.mx/Licenciatura2026/resultados/2/20200145.html,115,3060,2590,112,166,124548,61,,No seleccionado,,Consultar
2,Licenciatura 2026,202,20200145,CIRUJANO DENTISTA,FACULTAD DE ODONTOLOGÍA,Escolarizado,https://www.dgae.unam.mx/Licenciatura2026/resultados/2/20200145.html,115,3060,2590,112,166,124629,87,,No seleccionado,,Consultar
2,Licenciatura 2026,202,20200145,CIRUJANO DENTISTA,FACULTAD DE ODONTOLOGÍA,Escolarizado,https://www.dgae.unam.mx/Licenciatura2026/resultados/2/20200145.html,115,3060,2590,112,166,124712,86,,No seleccionado,,Consultar
2,Licenciatura 2026,202,20200145,CIRUJANO DENTISTA,FACULTAD DE ODONTOLOGÍA,Escolarizado,https://www.dgae.unam.mx/Licenciatura2026/resultados/2/20200145.html,115,3060,2590,112,166,124722,41,,No seleccionado,,Consultar
2,Licenciatura 2026,202,20200145,CIRUJANO DENTISTA,FACULTAD DE ODONTOLOGÍA,Escolarizado,https://www.dgae.unam.mx/Licenciatura2026/resultados/2/20200145.html,115,3060,2590,112,166,124726,99,,No seleccionado,,Consultar
2,Licenciatura 2026,202,20200145,CIRUJANO DENTISTA,FACULTAD DE ODONTOLOGÍA,Escolarizado,https://www.dgae.unam.mx/Licenciatura2026/resultados/2/20200145.html,115,3060,2590,112,166,124735,51,,No seleccionado,,Consultar
2,Licenciatura 2026,202,20200145,CIRUJANO DENTISTA,FACULTAD DE ODONTOLOGÍA,Escolarizado,https://www.dgae.unam.mx/Licenciatura2026/resultados/2/20200145.html,115,3060,2590,112,166,124740,100,,No seleccionado,,Consultar
2,Licenciatura 2026,202,20200145,CIRUJANO DENTISTA,FACULTAD DE ODONTOLOGÍA,Escolarizado,https://www.dgae.unam.mx/Licenciatura2026/resultados/2/20200145.html,115,3060,2590,112,166,124803,42,,No seleccionado,,Consultar
2,Licenciatura 2026,202,20200145,CIRUJANO DENTISTA,FACULTAD DE ODONTOLOGÍA,Escolarizado,https://www.dgae.unam.mx/Licenciatura2026/resultados/2/20200145.html,115,3060,2590,112,166,124819,46,,No seleccionado,,Consultar
2,Licenciatura 2026,202,20200145,CIRUJANO DENTISTA,FACULTAD DE ODONTOLOGÍA,Escolarizado,https://www.dgae.unam.mx/Licenciatura2026/resultados/2/20200145.html,115,3060,2590,112,166,124826,53,,No seleccionado,,Consultar
2,Licenciatura 2026,202,20200145,CIRUJANO DENTISTA,FACULTAD DE ODONTOLOGÍA,Escolarizado,https://www.dgae.unam.mx/Licenciatura2026/resultados/2/20200145.html,115,3060,2590,112,166,124830,91,,No seleccionado,,Consultar
2,Licenciatura 2026,202,20200145,CIRUJANO DENTISTA,FACULTAD DE ODONTOLOGÍA,Escolarizado,https://www.dgae.unam.mx/Licenciatura2026/resultados/2/20200145.html,115,3060,2590,112,166,124881,,N,No presentado,,Consultar
2,Licenciatura 2026,202,20200145,CIRUJANO DENTISTA,FACULTAD DE ODONTOLOGÍA,Escolarizado,https://www.dgae.unam.mx/Licenciatura2026/resultados/2/20200145.html,115,3060,2590,112,166,124910,38,,No seleccionado,,Consultar
2,Licenciatura 2026,202,20200145,CIRUJANO DENTISTA,FACULTAD DE ODONTOLOGÍA,Escolarizado,https://www.dgae.unam.mx/Licenciatura2026/resultados/2/20200145.html,115,3060,2590,112,166,124926,34,,No seleccionado,,Consultar
2,Licenciatura 2026,202,20200145,CIRUJANO DENTISTA,FACULTAD DE ODONTOLOGÍA,Escolarizado,https://www.dgae.unam.mx/Licenciatura2026/resultados/2/20200145.html,115,3060,2590,112,166,124928,93,,No seleccionado,,Consultar
2,Licenciatura 2026,202,20200145,CIRUJANO DENTISTA,FACULTAD DE ODONTOLOGÍA,Escolarizado,https://www.dgae.unam.mx/Licenciatura2026/resultados/2/20200145.html,115,3060,2590,112,166,124945,34,,No seleccionado,,Consultar
2,Licenciatura 2026,202,20200145,CIRUJANO DENTISTA,FACULTAD DE ODONTOLOGÍA,Escolarizado,https://www.dgae.unam.mx/Licenciatura2026/resultados/2/20200145.html,115,3060,2590,112,166,124947,112,S,Seleccionado,Cita para entregar documentación.,Consultar
2,Licenciatura 2026,202,20200145,CIRUJANO DENTISTA,FACULTAD DE ODONTOLOGÍA,Escolarizado,https://www.dgae.unam.mx/Licenciatura2026/resultados/2/20200145.html,115,3060,2590,112,166,124954,37,,No seleccionado,,Consultar
2,Licenciatura 2026,202,20200145,CIRUJANO DENTISTA,FACULTAD DE ODONTOLOGÍA,Escolarizado,https://www.dgae.unam.mx/Licenciatura2026/resultados/2/20200145.html,115,3060,2590,112,166,124994,108,,No seleccionado,,Consultar
2,Licenciatura 2026,202,20200145,CIRUJANO DENTISTA,FACULTAD DE ODONTOLOGÍA,Escolarizado,https://www.dgae.unam.mx/Licenciatura2026/resultados/2/20200145.html,115,3060,2590,112,166,125005,102,,No seleccionado,,Consultar
2,Licenciatura 2026,202,20200145,CIRUJANO DENTISTA,FACULTAD DE ODONTOLOGÍA,Escolarizado,https://www.dgae.unam.mx/Licenciatura2026/resultados/2/20200145.html,115,3060,2590,112,166,125091,103,,No seleccionado,,Consultar
2,Licenciatura 2026,202,20200145,CIRUJANO DENTISTA,FACULTAD DE ODONTOLOGÍA,Escolarizado,https://www.dgae.unam.mx/Licenciatura2026/resultados/2/20200145.html,115,3060,2590,112,166,125125,93,,No seleccionado,,Consultar
2,Licenciatura 2026,202,20200145,CIRUJANO DENTISTA,FACULTAD DE ODONTOLOGÍA,Escolarizado,https://www.dgae.unam.mx/Licenciatura2026/resultados/2/20200145.html,115,3060,2590,112,166,125149,,C,Cancelado,,Consultar
2,Licenciatura 2026,202,20200145,CIRUJANO DENTISTA,FACULTAD DE ODONTOLOGÍA,Escolarizado,https://www.dgae.unam.mx/Licenciatura2026/resultados/2/20200145.html,115,3060,2590,112,166,125151,68,,No seleccionado,,Consultar
2,Licenciatura 2026,202,20200145,CIRUJANO DENTISTA,FACULTAD DE ODONTOLOGÍA,Escolarizado,https://www.dgae.unam.mx/Licenciatura2026/resultados/2/20200145.html,115,3060,2590,112,166,125163,86,,No seleccionado,,Consultar
2,Licenciatura 2026,202,20200145,CIRUJANO DENTISTA,FACULTAD DE ODONTOLOGÍA,Escolarizado,https://www.dgae.unam.mx/Licenciatura2026/resultados/2/20200145.html,115,3060,2590,112,166,125187,91,,No seleccionado,,Consultar
2,Licenciatura 2026,202,20200145,CIRUJANO DENTISTA,FACULTAD DE ODONTOLOGÍA,Escolarizado,https://www.dgae.unam.mx/Licenciatura2026/resultados/2/20200145.html,115,3060,2590,112,166,125198,,N,No presentado,,Consultar
2,Licenciatura 2026,202,20200145,CIRUJANO DENTISTA,FACULTAD DE ODONTOLOGÍA,Escolarizado,https://www.dgae.unam.mx/Licenciatura2026/resultados/2/20200145.html,115,3060,2590,112,166,125257,,C,Cancelado,,Consultar
2,Licenciatura 2026,202,20200145,CIRUJANO DENTISTA,FACULTAD DE ODONTOLOGÍA,Escolarizado,https://www.dgae.unam.mx/Licenciatura2026/resultados/2/20200145.html,115,3060,2590,112,166,125293,52,,No seleccionado,,Consultar
2,Licenciatura 2026,202,20200145,CIRUJANO DENTISTA,FACULTAD DE ODONTOLOGÍA,Escolarizado,https://www.dgae.unam.mx/Licenciatura2026/resultados/2/20200145.html,115,3060,2590,112,166,125320,58,,No seleccionado,,Consultar
2,Licenciatura 2026,202,20200145,CIRUJANO DENTISTA,FACULTAD DE ODONTOLOGÍA,Escolarizado,https://www.dgae.unam.mx/Licenciatura2026/resultados/2/20200145.html,115,3060,2590,112,166,125348,97,,No seleccionado,,Consultar
2,Licenciatura 2026,202,20200145,CIRUJANO DENTISTA,FACULTAD DE ODONTOLOGÍA,Escolarizado,https://www.dgae.unam.mx/Licenciatura2026/resultados/2/20200145.html,115,3060,2590,112,166,125373,97,,No seleccionado,,Consultar
2,Licenciatura 2026,202,20200145,CIRUJANO DENTISTA,FACULTAD DE ODONTOLOGÍA,Escolarizado,https://www.dgae.unam.mx/Licenciatura2026/resultados/2/20200145.html,115,3060,2590,112,166,125406,108,,No seleccionado,,Consultar
2,Licenciatura 2026,202,20200145,CIRUJANO DENTISTA,FACULTAD DE ODONTOLOGÍA,Escolarizado,https://www.dgae.unam.mx/Licenciatura2026/resultados/2/20200145.html,115,3060,2590,112,166,125412,,N,No presentado,,Consultar
2,Licenciatura 2026,202,20200145,CIRUJANO DENTISTA,FACULTAD DE ODONTOLOGÍA,Escolarizado,https://www.dgae.unam.mx/Licenciatura2026/resultados/2/20200145.html,115,3060,2590,112,166,125413,70,,No seleccionado,,Consultar
2,Licenciatura 2026,202,20200145,CIRUJANO DENTISTA,FACULTAD DE ODONTOLOGÍA,Escolarizado,https://www.dgae.unam.mx/Licenciatura2026/resultados/2/20200145.html,115,3060,2590,112,166,125423,37,,No seleccionado,,Consultar
2,Licenciatura 2026,202,20200145,CIRUJANO DENTISTA,FACULTAD DE ODONTOLOGÍA,Escolarizado,https://www.dgae.unam.mx/Licenciatura2026/resultados/2/20200145.html,115,3060,2590,112,166,125429,72,,No seleccionado,,Consultar
2,Licenciatura 2026,202,20200145,CIRUJANO DENTISTA,FACULTAD DE ODONTOLOGÍA,Escolarizado,https://www.dgae.unam.mx/Licenciatura2026/resultados/2/20200145.html,115,3060,2590,112,166,125474,40,,No seleccionado,,Consultar
2,Licenciatura 2026,202,20200145,CIRUJANO DENTISTA,FACULTAD DE ODONTOLOGÍA,Escolarizado,https://www.dgae.unam.mx/Licenciatura2026/resultados/2/20200145.html,115,3060,2590,112,166,125628,43,,No seleccionado,,Consultar
2,Licenciatura 2026,202,20200145,CIRUJANO DENTISTA,FACULTAD DE ODONTOLOGÍA,Escolarizado,https://www.dgae.unam.mx/Licenciatura2026/resultados/2/20200145.html,115,3060,2590,112,166,125687,80,,No seleccionado,,Consultar
2,Licenciatura 2026,202,20200145,CIRUJANO DENTISTA,FACULTAD DE ODONTOLOGÍA,Escolarizado,https://www.dgae.unam.mx/Licenciatura2026/resultados/2/20200145.html,115,3060,2590,112,166,125693,38,,No seleccionado,,Consultar
2,Licenciatura 2026,202,20200145,CIRUJANO DENTISTA,FACULTAD DE ODONTOLOGÍA,Escolarizado,https://www.dgae.unam.mx/Licenciatura2026/resultados/2/20200145.html,115,3060,2590,112,166,125702,63,,No seleccionado,,Consultar
2,Licenciatura 2026,202,20200145,CIRUJANO DENTISTA,FACULTAD DE ODONTOLOGÍA,Escolarizado,https://www.dgae.unam.mx/Licenciatura2026/resultados/2/20200145.html,115,3060,2590,112,166,125748,32,,No seleccionado,,Consultar
2,Licenciatura 2026,202,20200145,CIRUJANO DENTISTA,FACULTAD DE ODONTOLOGÍA,Escolarizado,https://www.dgae.unam.mx/Licenciatura2026/resultados/2/20200145.html,115,3060,2590,112,166,125755,45,,No seleccionado,,Consultar
2,Licenciatura 2026,202,20200145,CIRUJANO DENTISTA,FACULTAD DE ODONTOLOGÍA,Escolarizado,https://www.dgae.unam.mx/Licenciatura2026/resultados/2/20200145.html,115,3060,2590,112,166,125772,108,,No seleccionado,,Consultar
2,Licenciatura 2026,202,20200145,CIRUJANO DENTISTA,FACULTAD DE ODONTOLOGÍA,Escolarizado,https://www.dgae.unam.mx/Licenciatura2026/resultados/2/20200145.html,115,3060,2590,112,166,125795,,,No seleccionado,Cita para aclarar situación escolar.,Consultar
2,Licenciatura 2026,202,20200145,CIRUJANO DENTISTA,FACULTAD DE ODONTOLOGÍA,Escolarizado,https://www.dgae.unam.mx/Licenciatura2026/resultados/2/20200145.html,115,3060,2590,112,166,125827,76,,No seleccionado,,Consultar
2,Licenciatura 2026,202,20200145,CIRUJANO DENTISTA,FACULTAD DE ODONTOLOGÍA,Escolarizado,https://www.dgae.unam.mx/Licenciatura2026/resultados/2/20200145.html,115,3060,2590,112,166,125829,102,,No seleccionado,,Consultar
2,Licenciatura 2026,202,20200145,CIRUJANO DENTISTA,FACULTAD DE ODONTOLOGÍA,Escolarizado,https://www.dgae.unam.mx/Licenciatura2026/resultados/2/20200145.html,115,3060,2590,112,166,125889,41,,No seleccionado,,Consultar
2,Licenciatura 2026,202,20200145,CIRUJANO DENTISTA,FACULTAD DE ODONTOLOGÍA,Escolarizado,https://www.dgae.unam.mx/Licenciatura2026/resultados/2/20200145.html,115,3060,2590,112,166,125942,48,,No seleccionado,,Consultar
2,Licenciatura 2026,202,20200145,CIRUJANO DENTISTA,FACULTAD DE ODONTOLOGÍA,Escolarizado,https://www.dgae.unam.mx/Licenciatura2026/resultados/2/20200145.html,115,3060,2590,112,166,125972,,,No seleccionado,Cita para aclarar situación escolar.,Consultar
2,Licenciatura 2026,202,20200145,CIRUJANO DENTISTA,FACULTAD DE ODONTOLOGÍA,Escolarizado,https://www.dgae.unam.mx/Licenciatura2026/resultados/2/20200145.html,115,3060,2590,112,166,125979,111,,No seleccionado,,Consultar
2,Licenciatura 2026,202,20200145,CIRUJANO DENTISTA,FACULTAD DE ODONTOLOGÍA,Escolarizado,https://www.dgae.unam.mx/Licenciatura2026/resultados/2/20200145.html,115,3060,2590,112,166,125985,113,S,Seleccionado,Cita para entregar documentación.,Consultar
2,Licenciatura 2026,202,20200145,CIRUJANO DENTISTA,FACULTAD DE ODONTOLOGÍA,Escolarizado,https://www.dgae.unam.mx/Licenciatura2026/resultados/2/20200145.html,115,3060,2590,112,166,126038,85,,No seleccionado,,Consultar
2,Licenciatura 2026,202,20200145,CIRUJANO DENTISTA,FACULTAD DE ODONTOLOGÍA,Escolarizado,https://www.dgae.unam.mx/Licenciatura2026/resultados/2/20200145.html,115,3060,2590,112,166,126051,89,,No seleccionado,,Consultar
2,Licenciatura 2026,202,20200145,CIRUJANO DENTISTA,FACULTAD DE ODONTOLOGÍA,Escolarizado,https://www.dgae.unam.mx/Licenciatura2026/resultados/2/20200145.html,115,3060,2590,112,166,126064,85,,No seleccionado,,Consultar
2,Licenciatura 2026,202,20200145,CIRUJANO DENTISTA,FACULTAD DE ODONTOLOGÍA,Escolarizado,https://www.dgae.unam.mx/Licenciatura2026/resultados/2/20200145.html,115,3060,2590,112,166,126082,,N,No presentado,,Consultar
2,Licenciatura 2026,202,20200145,CIRUJANO DENTISTA,FACULTAD DE ODONTOLOGÍA,Escolarizado,https://www.dgae.unam.mx/Licenciatura2026/resultados/2/20200145.html,115,3060,2590,112,166,126091,57,,No seleccionado,,Consultar
2,Licenciatura 2026,202,20200145,CIRUJANO DENTISTA,FACULTAD DE ODONTOLOGÍA,Escolarizado,https://www.dgae.unam.mx/Licenciatura2026/resultados/2/20200145.html,115,3060,2590,112,166,126101,93,,No seleccionado,,Consultar
2,Licenciatura 2026,202,20200145,CIRUJANO DENTISTA,FACULTAD DE ODONTOLOGÍA,Escolarizado,https://www.dgae.unam.mx/Licenciatura2026/resultados/2/20200145.html,115,3060,2590,112,166,126188,108,,No seleccionado,,Consultar
2,Licenciatura 2026,202,20200145,CIRUJANO DENTISTA,FACULTAD DE ODONTOLOGÍA,Escolarizado,https://www.dgae.unam.mx/Licenciatura2026/resultados/2/20200145.html,115,3060,2590,112,166,126200,97,,No seleccionado,,Consultar
2,Licenciatura 2026,202,20200145,CIRUJANO DENTISTA,FACULTAD DE ODONTOLOGÍA,Escolarizado,https://www.dgae.unam.mx/Licenciatura2026/resultados/2/20200145.html,115,3060,2590,112,166,126210,114,S,Seleccionado,Cita para entregar documentación.,Consultar
2,Licenciatura 2026,202,20200145,CIRUJANO DENTISTA,FACULTAD DE ODONTOLOGÍA,Escolarizado,https://www.dgae.unam.mx/Licenciatura2026/resultados/2/20200145.html,115,3060,2590,112,166,126220,33,,No seleccionado,,Consultar
2,Licenciatura 2026,202,20200145,CIRUJANO DENTISTA,FACULTAD DE ODONTOLOGÍA,Escolarizado,https://www.dgae.unam.mx/Licenciatura2026/resultados/2/20200145.html,115,3060,2590,112,166,126230,97,,No seleccionado,,Consultar
2,Licenciatura 2026,202,20200145,CIRUJANO DENTISTA,FACULTAD DE ODONTOLOGÍA,Escolarizado,https://www.dgae.unam.mx/Licenciatura2026/resultados/2/20200145.html,115,3060,2590,112,166,126233,42,,No seleccionado,,Consultar
2,Licenciatura 2026,202,20200145,CIRUJANO DENTISTA,FACULTAD DE ODONTOLOGÍA,Escolarizado,https://www.dgae.unam.mx/Licenciatura2026/resultados/2/20200145.html,115,3060,2590,112,166,126246,52,,No seleccionado,,Consultar
2,Licenciatura 2026,202,20200145,CIRUJANO DENTISTA,FACULTAD DE ODONTOLOGÍA,Escolarizado,https://www.dgae.unam.mx/Licenciatura2026/resultados/2/20200145.html,115,3060,2590,112,166,126247,103,,No seleccionado,,Consultar
2,Licenciatura 2026,202,20200145,CIRUJANO DENTISTA,FACULTAD DE ODONTOLOGÍA,Escolarizado,https://www.dgae.unam.mx/Licenciatura2026/resultados/2/20200145.html,115,3060,2590,112,166,126291,,N,No presentado,,Consultar
2,Licenciatura 2026,202,20200145,CIRUJANO DENTISTA,FACULTAD DE ODONTOLOGÍA,Escolarizado,https://www.dgae.unam.mx/Licenciatura2026/resultados/2/20200145.html,115,3060,2590,112,166,126292,93,,No seleccionado,,Consultar
2,Licenciatura 2026,202,20200145,CIRUJANO DENTISTA,FACULTAD DE ODONTOLOGÍA,Escolarizado,https://www.dgae.unam.mx/Licenciatura2026/resultados/2/20200145.html,115,3060,2590,112,166,126294,,N,No presentado,,Consultar
2,Licenciatura 2026,202,20200145,CIRUJANO DENTISTA,FACULTAD DE ODONTOLOGÍA,Escolarizado,https://www.dgae.unam.mx/Licenciatura2026/resultados/2/20200145.html,115,3060,2590,112,166,126305,85,,No seleccionado,,Consultar
2,Licenciatura 2026,202,20200145,CIRUJANO DENTISTA,FACULTAD DE ODONTOLOGÍA,Escolarizado,https://www.dgae.unam.mx/Licenciatura2026/resultados/2/20200145.html,115,3060,2590,112,166,126349,,N,No presentado,,Consultar
2,Licenciatura 2026,202,20200145,CIRUJANO DENTISTA,FACULTAD DE ODONTOLOGÍA,Escolarizado,https://www.dgae.unam.mx/Licenciatura2026/resultados/2/20200145.html,115,3060,2590,112,166,126383,,C,Cancelado,,Consultar
2,Licenciatura 2026,202,20200145,CIRUJANO DENTISTA,FACULTAD DE ODONTOLOGÍA,Escolarizado,https://www.dgae.unam.mx/Licenciatura2026/resultados/2/20200145.html,115,3060,2590,112,166,126396,104,,No seleccionado,,Consultar
2,Licenciatura 2026,202,20200145,CIRUJANO DENTISTA,FACULTAD DE ODONTOLOGÍA,Escolarizado,https://www.dgae.unam.mx/Licenciatura2026/resultados/2/20200145.html,115,3060,2590,112,166,126407,94,,No seleccionado,,Consultar
2,Licenciatura 2026,202,20200145,CIRUJANO DENTISTA,FACULTAD DE ODONTOLOGÍA,Escolarizado,https://www.dgae.unam.mx/Licenciatura2026/resultados/2/20200145.html,115,3060,2590,112,166,126419,76,,No seleccionado,,Consultar
2,Licenciatura 2026,202,20200145,CIRUJANO DENTISTA,FACULTAD DE ODONTOLOGÍA,Escolarizado,https://www.dgae.unam.mx/Licenciatura2026/resultados/2/20200145.html,115,3060,2590,112,166,126473,115,S,Seleccionado,,Consultar
2,Licenciatura 2026,202,20200145,CIRUJANO DENTISTA,FACULTAD DE ODONTOLOGÍA,Escolarizado,https://www.dgae.unam.mx/Licenciatura2026/resultados/2/20200145.html,115,3060,2590,112,166,126497,101,,No seleccionado,,Consultar
2,Licenciatura 2026,202,20200145,CIRUJANO DENTISTA,FACULTAD DE ODONTOLOGÍA,Escolarizado,https://www.dgae.unam.mx/Licenciatura2026/resultados/2/20200145.html,115,3060,2590,112,166,126571,48,,No seleccionado,,Consultar
2,Licenciatura 2026,202,20200145,CIRUJANO DENTISTA,FACULTAD DE ODONTOLOGÍA,Escolarizado,https://www.dgae.unam.mx/Licenciatura2026/resultados/2/20200145.html,115,3060,2590,112,166,126583,19,,No seleccionado,,Consultar
2,Licenciatura 2026,202,20200145,CIRUJANO DENTISTA,FACULTAD DE ODONTOLOGÍA,Escolarizado,https://www.dgae.unam.mx/Licenciatura2026/resultados/2/20200145.html,115,3060,2590,112,166,126593,42,,No seleccionado,,Consultar
2,Licenciatura 2026,202,20200145,CIRUJANO DENTISTA,FACULTAD DE ODONTOLOGÍA,Escolarizado,https://www.dgae.unam.mx/Licenciatura2026/resultados/2/20200145.html,115,3060,2590,112,166,126616,45,,No seleccionado,,Consultar
2,Licenciatura 2026,202,20200145,CIRUJANO DENTISTA,FACULTAD DE ODONTOLOGÍA,Escolarizado,https://www.dgae.unam.mx/Licenciatura2026/resultados/2/20200145.html,115,3060,2590,112,166,126688,108,,No seleccionado,,Consultar
2,Licenciatura 2026,202,20200145,CIRUJANO DENTISTA,FACULTAD DE ODONTOLOGÍA,Escolarizado,https://www.dgae.unam.mx/Licenciatura2026/resultados/2/20200145.html,115,3060,2590,112,166,126699,,N,No presentado,,Consultar
2,Licenciatura 2026,202,20200145,CIRUJANO DENTISTA,FACULTAD DE ODONTOLOGÍA,Escolarizado,https://www.dgae.unam.mx/Licenciatura2026/resultados/2/20200145.html,115,3060,2590,112,166,126707,52,,No seleccionado,,Consultar
2,Licenciatura 2026,202,20200145,CIRUJANO DENTISTA,FACULTAD DE ODONTOLOGÍA,Escolarizado,https://www.dgae.unam.mx/Licenciatura2026/resultados/2/20200145.html,115,3060,2590,112,166,126713,96,,No seleccionado,,Consultar
2,Licenciatura 2026,202,20200145,CIRUJANO DENTISTA,FACULTAD DE ODONTOLOGÍA,Escolarizado,https://www.dgae.unam.mx/Licenciatura2026/resultados/2/20200145.html,115,3060,2590,112,166,126732,109,,No seleccionado,,Consultar
2,Licenciatura 2026,202,20200145,CIRUJANO DENTISTA,FACULTAD DE ODONTOLOGÍA,Escolarizado,https://www.dgae.unam.mx/Licenciatura2026/resultados/2/20200145.html,115,3060,2590,112,166,126806,93,,No seleccionado,,Consultar
2,Licenciatura 2026,202,20200145,CIRUJANO DENTISTA,FACULTAD DE ODONTOLOGÍA,Escolarizado,https://www.dgae.unam.mx/Licenciatura2026/resultados/2/20200145.html,115,3060,2590,112,166,126811,,C,Cancelado,,Consultar
2,Licenciatura 2026,202,20200145,CIRUJANO DENTISTA,FACULTAD DE ODONTOLOGÍA,Escolarizado,https://www.dgae.unam.mx/Licenciatura2026/resultados/2/20200145.html,115,3060,2590,112,166,126813,115,S,Seleccionado,,Consultar
2,Licenciatura 2026,202,20200145,CIRUJANO DENTISTA,FACULTAD DE ODONTOLOGÍA,Escolarizado,https://www.dgae.unam.mx/Licenciatura2026/resultados/2/20200145.html,115,3060,2590,112,166,126848,107,,No seleccionado,,Consultar
2,Licenciatura 2026,202,20200145,CIRUJANO DENTISTA,FACULTAD DE ODONTOLOGÍA,Escolarizado,https://www.dgae.unam.mx/Licenciatura2026/resultados/2/20200145.html,115,3060,2590,112,166,126867,86,,No seleccionado,,Consultar
2,Licenciatura 2026,202,20200145,CIRUJANO DENTISTA,FACULTAD DE ODONTOLOGÍA,Escolarizado,https://www.dgae.unam.mx/Licenciatura2026/resultados/2/20200145.html,115,3060,2590,112,166,126871,53,,No seleccionado,,Consultar
2,Licenciatura 2026,202,20200145,CIRUJANO DENTISTA,FACULTAD DE ODONTOLOGÍA,Escolarizado,https://www.dgae.unam.mx/Licenciatura2026/resultados/2/20200145.html,115,3060,2590,112,166,126874,53,,No seleccionado,,Consultar
2,Licenciatura 2026,202,20200145,CIRUJANO DENTISTA,FACULTAD DE ODONTOLOGÍA,Escolarizado,https://www.dgae.unam.mx/Licenciatura2026/resultados/2/20200145.html,115,3060,2590,112,166,126920,79,,No seleccionado,,Consultar
2,Licenciatura 2026,202,20200145,CIRUJANO DENTISTA,FACULTAD DE ODONTOLOGÍA,Escolarizado,https://www.dgae.unam.mx/Licenciatura2026/resultados/2/20200145.html,115,3060,2590,112,166,126927,111,,No seleccionado,,Consultar
2,Licenciatura 2026,202,20200145,CIRUJANO DENTISTA,FACULTAD DE ODONTOLOGÍA,Escolarizado,https://www.dgae.unam.mx/Licenciatura2026/resultados/2/20200145.html,115,3060,2590,112,166,126975,,N,No presentado,,Consultar
2,Licenciatura 2026,202,20200145,CIRUJANO DENTISTA,FACULTAD DE ODONTOLOGÍA,Escolarizado,https://www.dgae.unam.mx/Licenciatura2026/resultados/2/20200145.html,115,3060,2590,112,166,126992,87,,No seleccionado,,Consultar
2,Licenciatura 2026,202,20200145,CIRUJANO DENTISTA,FACULTAD DE ODONTOLOGÍA,Escolarizado,https://www.dgae.unam.mx/Licenciatura2026/resultados/2/20200145.html,115,3060,2590,112,166,127010,,N,No presentado,,Consultar
2,Licenciatura 2026,202,20200145,CIRUJANO DENTISTA,FACULTAD DE ODONTOLOGÍA,Escolarizado,https://www.dgae.unam.mx/Licenciatura2026/resultados/2/20200145.html,115,3060,2590,112,166,127023,89,,No seleccionado,,Consultar
2,Licenciatura 2026,202,20200145,CIRUJANO DENTISTA,FACULTAD DE ODONTOLOGÍA,Escolarizado,https://www.dgae.unam.mx/Licenciatura2026/resultados/2/20200145.html,115,3060,2590,112,166,127025,108,,No seleccionado,,Consultar
2,Licenciatura 2026,202,20200145,CIRUJANO DENTISTA,FACULTAD DE ODONTOLOGÍA,Escolarizado,https://www.dgae.unam.mx/Licenciatura2026/resultados/2/20200145.html,115,3060,2590,112,166,127050,,N,No presentado,,Consultar
2,Licenciatura 2026,202,20200145,CIRUJANO DENTISTA,FACULTAD DE ODONTOLOGÍA,Escolarizado,https://www.dgae.unam.mx/Licenciatura2026/resultados/2/20200145.html,115,3060,2590,112,166,127083,39,,No seleccionado,,Consultar
2,Licenciatura 2026,202,20200145,CIRUJANO DENTISTA,FACULTAD DE ODONTOLOGÍA,Escolarizado,https://www.dgae.unam.mx/Licenciatura2026/resultados/2/20200145.html,115,3060,2590,112,166,127098,,N,No presentado,,Consultar
2,Licenciatura 2026,202,20200145,CIRUJANO DENTISTA,FACULTAD DE ODONTOLOGÍA,Escolarizado,https://www.dgae.unam.mx/Licenciatura2026/resultados/2/20200145.html,115,3060,2590,112,166,127120,115,S,Seleccionado,,Consultar
2,Licenciatura 2026,202,20200145,CIRUJANO DENTISTA,FACULTAD DE ODONTOLOGÍA,Escolarizado,https://www.dgae.unam.mx/Licenciatura2026/resultados/2/20200145.html,115,3060,2590,112,166,127168,98,,No seleccionado,,Consultar
2,Licenciatura 2026,202,20200145,CIRUJANO DENTISTA,FACULTAD DE ODONTOLOGÍA,Escolarizado,https://www.dgae.unam.mx/Licenciatura2026/resultados/2/20200145.html,115,3060,2590,112,166,127221,40,,No seleccionado,,Consultar
2,Licenciatura 2026,202,20200145,CIRUJANO DENTISTA,FACULTAD DE ODONTOLOGÍA,Escolarizado,https://www.dgae.unam.mx/Licenciatura2026/resultados/2/20200145.html,115,3060,2590,112,166,127259,96,,No seleccionado,,Consultar
2,Licenciatura 2026,202,20200145,CIRUJANO DENTISTA,FACULTAD DE ODONTOLOGÍA,Escolarizado,https://www.dgae.unam.mx/Licenciatura2026/resultados/2/20200145.html,115,3060,2590,112,166,127265,41,,No seleccionado,,Consultar
2,Licenciatura 2026,202,20200145,CIRUJANO DENTISTA,FACULTAD DE ODONTOLOGÍA,Escolarizado,https://www.dgae.unam.mx/Licenciatura2026/resultados/2/20200145.html,115,3060,2590,112,166,127270,95,,No seleccionado,,Consultar
2,Licenciatura 2026,202,20200145,CIRUJANO DENTISTA,FACULTAD DE ODONTOLOGÍA,Escolarizado,https://www.dgae.unam.mx/Licenciatura2026/resultados/2/20200145.html,115,3060,2590,112,166,127308,61,,No seleccionado,,Consultar
2,Licenciatura 2026,202,20200145,CIRUJANO DENTISTA,FACULTAD DE ODONTOLOGÍA,Escolarizado,https://www.dgae.unam.mx/Licenciatura2026/resultados/2/20200145.html,115,3060,2590,112,166,127322,,N,No presentado,,Consultar
2,Licenciatura 2026,202,20200145,CIRUJANO DENTISTA,FACULTAD DE ODONTOLOGÍA,Escolarizado,https://www.dgae.unam.mx/Licenciatura2026/resultados/2/20200145.html,115,3060,2590,112,166,127323,,N,No presentado,,Consultar
2,Licenciatura 2026,202,20200145,CIRUJANO DENTISTA,FACULTAD DE ODONTOLOGÍA,Escolarizado,https://www.dgae.unam.mx/Licenciatura2026/resultados/2/20200145.html,115,3060,2590,112,166,127333,81,,No seleccionado,,Consultar
2,Licenciatura 2026,202,20200145,CIRUJANO DENTISTA,FACULTAD DE ODONTOLOGÍA,Escolarizado,https://www.dgae.unam.mx/Licenciatura2026/resultados/2/20200145.html,115,3060,2590,112,166,127338,72,,No seleccionado,,Consultar
2,Licenciatura 2026,202,20200145,CIRUJANO DENTISTA,FACULTAD DE ODONTOLOGÍA,Escolarizado,https://www.dgae.unam.mx/Licenciatura2026/resultados/2/20200145.html,115,3060,2590,112,166,127344,103,,No seleccionado,,Consultar
2,Licenciatura 2026,202,20200145,CIRUJANO DENTISTA,FACULTAD DE ODONTOLOGÍA,Escolarizado,https://www.dgae.unam.mx/Licenciatura2026/resultados/2/20200145.html,115,3060,2590,112,166,127347,88,,No seleccionado,,Consultar
2,Licenciatura 2026,202,20200145,CIRUJANO DENTISTA,FACULTAD DE ODONTOLOGÍA,Escolarizado,https://www.dgae.unam.mx/Licenciatura2026/resultados/2/20200145.html,115,3060,2590,112,166,127403,,N,No presentado,,Consultar
2,Licenciatura 2026,202,20200145,CIRUJANO DENTISTA,FACULTAD DE ODONTOLOGÍA,Escolarizado,https://www.dgae.unam.mx/Licenciatura2026/resultados/2/20200145.html,115,3060,2590,112,166,127409,81,,No seleccionado,,Consultar
2,Licenciatura 2026,202,20200145,CIRUJANO DENTISTA,FACULTAD DE ODONTOLOGÍA,Escolarizado,https://www.dgae.unam.mx/Licenciatura2026/resultados/2/20200145.html,115,3060,2590,112,166,127489,89,,No seleccionado,,Consultar
2,Licenciatura 2026,202,20200145,CIRUJANO DENTISTA,FACULTAD DE ODONTOLOGÍA,Escolarizado,https://www.dgae.unam.mx/Licenciatura2026/resultados/2/20200145.html,115,3060,2590,112,166,127560,40,,No seleccionado,,Consultar
2,Licenciatura 2026,202,20200145,CIRUJANO DENTISTA,FACULTAD DE ODONTOLOGÍA,Escolarizado,https://www.dgae.unam.mx/Licenciatura2026/resultados/2/20200145.html,115,3060,2590,112,166,127568,,N,No presentado,,Consultar
2,Licenciatura 2026,202,20200145,CIRUJANO DENTISTA,FACULTAD DE ODONTOLOGÍA,Escolarizado,https://www.dgae.unam.mx/Licenciatura2026/resultados/2/20200145.html,115,3060,2590,112,166,127588,,C,Cancelado,,Consultar
2,Licenciatura 2026,202,20200145,CIRUJANO DENTISTA,FACULTAD DE ODONTOLOGÍA,Escolarizado,https://www.dgae.unam.mx/Licenciatura2026/resultados/2/20200145.html,115,3060,2590,112,166,127602,92,,No seleccionado,,Consultar
2,Licenciatura 2026,202,20200145,CIRUJANO DENTISTA,FACULTAD DE ODONTOLOGÍA,Escolarizado,https://www.dgae.unam.mx/Licenciatura2026/resultados/2/20200145.html,115,3060,2590,112,166,127604,110,,No seleccionado,,Consultar
2,Licenciatura 2026,202,20200145,CIRUJANO DENTISTA,FACULTAD DE ODONTOLOGÍA,Escolarizado,https://www.dgae.unam.mx/Licenciatura2026/resultados/2/20200145.html,115,3060,2590,112,166,127751,80,,No seleccionado,,Consultar
2,Licenciatura 2026,202,20200145,CIRUJANO DENTISTA,FACULTAD DE ODONTOLOGÍA,Escolarizado,https://www.dgae.unam.mx/Licenciatura2026/resultados/2/20200145.html,115,3060,2590,112,166,127880,,N,No presentado,,Consultar
2,Licenciatura 2026,202,20200145,CIRUJANO DENTISTA,FACULTAD DE ODONTOLOGÍA,Escolarizado,https://www.dgae.unam.mx/Licenciatura2026/resultados/2/20200145.html,115,3060,2590,112,166,127966,107,,No seleccionado,,Consultar
2,Licenciatura 2026,202,20200145,CIRUJANO DENTISTA,FACULTAD DE ODONTOLOGÍA,Escolarizado,https://www.dgae.unam.mx/Licenciatura2026/resultados/2/20200145.html,115,3060,2590,112,166,127969,,C,Cancelado,,Consultar
2,Licenciatura 2026,202,20200145,CIRUJANO DENTISTA,FACULTAD DE ODONTOLOGÍA,Escolarizado,https://www.dgae.unam.mx/Licenciatura2026/resultados/2/20200145.html,115,3060,2590,112,166,127973,,,No seleccionado,Cita para aclarar situación escolar.,Consultar
2,Licenciatura 2026,202,20200145,CIRUJANO DENTISTA,FACULTAD DE ODONTOLOGÍA,Escolarizado,https://www.dgae.unam.mx/Licenciatura2026/resultados/2/20200145.html,115,3060,2590,112,166,128018,,C,Cancelado,,Consultar
2,Licenciatura 2026,202,20200145,CIRUJANO DENTISTA,FACULTAD DE ODONTOLOGÍA,Escolarizado,https://www.dgae.unam.mx/Licenciatura2026/resultados/2/20200145.html,115,3060,2590,112,166,128026,97,,No seleccionado,,Consultar
2,Licenciatura 2026,202,20200145,CIRUJANO DENTISTA,FACULTAD DE ODONTOLOGÍA,Escolarizado,https://www.dgae.unam.mx/Licenciatura2026/resultados/2/20200145.html,115,3060,2590,112,166,128027,60,,No seleccionado,,Consultar
2,Licenciatura 2026,202,20200145,CIRUJANO DENTISTA,FACULTAD DE ODONTOLOGÍA,Escolarizado,https://www.dgae.unam.mx/Licenciatura2026/resultados/2/20200145.html,115,3060,2590,112,166,128126,45,,No seleccionado,,Consultar
2,Licenciatura 2026,202,20200145,CIRUJANO DENTISTA,FACULTAD DE ODONTOLOGÍA,Escolarizado,https://www.dgae.unam.mx/Licenciatura2026/resultados/2/20200145.html,115,3060,2590,112,166,128327,112,S,Seleccionado,,Consultar
2,Licenciatura 2026,202,20200145,CIRUJANO DENTISTA,FACULTAD DE ODONTOLOGÍA,Escolarizado,https://www.dgae.unam.mx/Licenciatura2026/resultados/2/20200145.html,115,3060,2590,112,166,128368,111,,No seleccionado,,Consultar
2,Licenciatura 2026,202,20200145,CIRUJANO DENTISTA,FACULTAD DE ODONTOLOGÍA,Escolarizado,https://www.dgae.unam.mx/Licenciatura2026/resultados/2/20200145.html,115,3060,2590,112,166,128380,77,,No seleccionado,,Consultar
2,Licenciatura 2026,202,20200145,CIRUJANO DENTISTA,FACULTAD DE ODONTOLOGÍA,Escolarizado,https://www.dgae.unam.mx/Licenciatura2026/resultados/2/20200145.html,115,3060,2590,112,166,128408,102,,No seleccionado,,Consultar
2,Licenciatura 2026,202,20200145,CIRUJANO DENTISTA,FACULTAD DE ODONTOLOGÍA,Escolarizado,https://www.dgae.unam.mx/Licenciatura2026/resultados/2/20200145.html,115,3060,2590,112,166,128410,37,,No seleccionado,,Consultar
2,Licenciatura 2026,202,20200145,CIRUJANO DENTISTA,FACULTAD DE ODONTOLOGÍA,Escolarizado,https://www.dgae.unam.mx/Licenciatura2026/resultados/2/20200145.html,115,3060,2590,112,166,128479,32,,No seleccionado,,Consultar
2,Licenciatura 2026,202,20200145,CIRUJANO DENTISTA,FACULTAD DE ODONTOLOGÍA,Escolarizado,https://www.dgae.unam.mx/Licenciatura2026/resultados/2/20200145.html,115,3060,2590,112,166,128534,102,,No seleccionado,,Consultar
2,Licenciatura 2026,202,20200145,CIRUJANO DENTISTA,FACULTAD DE ODONTOLOGÍA,Escolarizado,https://www.dgae.unam.mx/Licenciatura2026/resultados/2/20200145.html,115,3060,2590,112,166,128537,39,,No seleccionado,,Consultar
2,Licenciatura 2026,202,20200145,CIRUJANO DENTISTA,FACULTAD DE ODONTOLOGÍA,Escolarizado,https://www.dgae.unam.mx/Licenciatura2026/resultados/2/20200145.html,115,3060,2590,112,166,128540,104,,No seleccionado,,Consultar
2,Licenciatura 2026,202,20200145,CIRUJANO DENTISTA,FACULTAD DE ODONTOLOGÍA,Escolarizado,https://www.dgae.unam.mx/Licenciatura2026/resultados/2/20200145.html,115,3060,2590,112,166,128640,52,,No seleccionado,,Consultar
2,Licenciatura 2026,202,20200145,CIRUJANO DENTISTA,FACULTAD DE ODONTOLOGÍA,Escolarizado,https://www.dgae.unam.mx/Licenciatura2026/resultados/2/20200145.html,115,3060,2590,112,166,128673,106,,No seleccionado,,Consultar
2,Licenciatura 2026,202,20200145,CIRUJANO DENTISTA,FACULTAD DE ODONTOLOGÍA,Escolarizado,https://www.dgae.unam.mx/Licenciatura2026/resultados/2/20200145.html,115,3060,2590,112,166,128687,116,S,Seleccionado,Cita para entregar documentación.,Consultar
2,Licenciatura 2026,202,20200145,CIRUJANO DENTISTA,FACULTAD DE ODONTOLOGÍA,Escolarizado,https://www.dgae.unam.mx/Licenciatura2026/resultados/2/20200145.html,115,3060,2590,112,166,128700,101,,No seleccionado,,Consultar
2,Licenciatura 2026,202,20200145,CIRUJANO DENTISTA,FACULTAD DE ODONTOLOGÍA,Escolarizado,https://www.dgae.unam.mx/Licenciatura2026/resultados/2/20200145.html,115,3060,2590,112,166,128732,66,,No seleccionado,,Consultar
2,Licenciatura 2026,202,20200145,CIRUJANO DENTISTA,FACULTAD DE ODONTOLOGÍA,Escolarizado,https://www.dgae.unam.mx/Licenciatura2026/resultados/2/20200145.html,115,3060,2590,112,166,128742,27,,No seleccionado,,Consultar
2,Licenciatura 2026,202,20200145,CIRUJANO DENTISTA,FACULTAD DE ODONTOLOGÍA,Escolarizado,https://www.dgae.unam.mx/Licenciatura2026/resultados/2/20200145.html,115,3060,2590,112,166,128827,94,,No seleccionado,,Consultar
2,Licenciatura 2026,202,20200145,CIRUJANO DENTISTA,FACULTAD DE ODONTOLOGÍA,Escolarizado,https://www.dgae.unam.mx/Licenciatura2026/resultados/2/20200145.html,115,3060,2590,112,166,128868,111,,No seleccionado,,Consultar
2,Licenciatura 2026,202,20200145,CIRUJANO DENTISTA,FACULTAD DE ODONTOLOGÍA,Escolarizado,https://www.dgae.unam.mx/Licenciatura2026/resultados/2/20200145.html,115,3060,2590,112,166,128896,65,,No seleccionado,,Consultar
2,Licenciatura 2026,202,20200145,CIRUJANO DENTISTA,FACULTAD DE ODONTOLOGÍA,Escolarizado,https://www.dgae.unam.mx/Licenciatura2026/resultados/2/20200145.html,115,3060,2590,112,166,128954,35,,No seleccionado,,Consultar
2,Licenciatura 2026,202,20200145,CIRUJANO DENTISTA,FACULTAD DE ODONTOLOGÍA,Escolarizado,https://www.dgae.unam.mx/Licenciatura2026/resultados/2/20200145.html,115,3060,2590,112,166,129061,111,,No seleccionado,,Consultar
2,Licenciatura 2026,202,20200145,CIRUJANO DENTISTA,FACULTAD DE ODONTOLOGÍA,Escolarizado,https://www.dgae.unam.mx/Licenciatura2026/resultados/2/20200145.html,115,3060,2590,112,166,129063,113,S,Seleccionado,,Consultar
2,Licenciatura 2026,202,20200145,CIRUJANO DENTISTA,FACULTAD DE ODONTOLOGÍA,Escolarizado,https://www.dgae.unam.mx/Licenciatura2026/resultados/2/20200145.html,115,3060,2590,112,166,129115,100,,No seleccionado,,Consultar
2,Licenciatura 2026,202,20200145,CIRUJANO DENTISTA,FACULTAD DE ODONTOLOGÍA,Escolarizado,https://www.dgae.unam.mx/Licenciatura2026/resultados/2/20200145.html,115,3060,2590,112,166,129164,93,,No seleccionado,,Consultar
2,Licenciatura 2026,202,20200145,CIRUJANO DENTISTA,FACULTAD DE ODONTOLOGÍA,Escolarizado,https://www.dgae.unam.mx/Licenciatura2026/resultados/2/20200145.html,115,3060,2590,112,166,129222,113,S,Seleccionado,,Consultar
2,Licenciatura 2026,202,20200145,CIRUJANO DENTISTA,FACULTAD DE ODONTOLOGÍA,Escolarizado,https://www.dgae.unam.mx/Licenciatura2026/resultados/2/20200145.html,115,3060,2590,112,166,129240,37,,No seleccionado,,Consultar
2,Licenciatura 2026,202,20200145,CIRUJANO DENTISTA,FACULTAD DE ODONTOLOGÍA,Escolarizado,https://www.dgae.unam.mx/Licenciatura2026/resultados/2/20200145.html,115,3060,2590,112,166,129282,82,,No seleccionado,,Consultar
2,Licenciatura 2026,202,20200145,CIRUJANO DENTISTA,FACULTAD DE ODONTOLOGÍA,Escolarizado,https://www.dgae.unam.mx/Licenciatura2026/resultados/2/20200145.html,115,3060,2590,112,166,129372,102,,No seleccionado,,Consultar
2,Licenciatura 2026,202,20200145,CIRUJANO DENTISTA,FACULTAD DE ODONTOLOGÍA,Escolarizado,https://www.dgae.unam.mx/Licenciatura2026/resultados/2/20200145.html,115,3060,2590,112,166,129393,104,,No seleccionado,,Consultar
2,Licenciatura 2026,202,20200145,CIRUJANO DENTISTA,FACULTAD DE ODONTOLOGÍA,Escolarizado,https://www.dgae.unam.mx/Licenciatura2026/resultados/2/20200145.html,115,3060,2590,112,166,129439,90,,No seleccionado,,Consultar
2,Licenciatura 2026,202,20200145,CIRUJANO DENTISTA,FACULTAD DE ODONTOLOGÍA,Escolarizado,https://www.dgae.unam.mx/Licenciatura2026/resultados/2/20200145.html,115,3060,2590,112,166,129468,110,,No seleccionado,,Consultar
2,Licenciatura 2026,202,20200145,CIRUJANO DENTISTA,FACULTAD DE ODONTOLOGÍA,Escolarizado,https://www.dgae.unam.mx/Licenciatura2026/resultados/2/20200145.html,115,3060,2590,112,166,129528,,N,No presentado,,Consultar
2,Licenciatura 2026,202,20200145,CIRUJANO DENTISTA,FACULTAD DE ODONTOLOGÍA,Escolarizado,https://www.dgae.unam.mx/Licenciatura2026/resultados/2/20200145.html,115,3060,2590,112,166,129540,35,,No seleccionado,,Consultar
2,Licenciatura 2026,202,20200145,CIRUJANO DENTISTA,FACULTAD DE ODONTOLOGÍA,Escolarizado,https://www.dgae.unam.mx/Licenciatura2026/resultados/2/20200145.html,115,3060,2590,112,166,129641,84,,No seleccionado,,Consultar
2,Licenciatura 2026,202,20200145,CIRUJANO DENTISTA,FACULTAD DE ODONTOLOGÍA,Escolarizado,https://www.dgae.unam.mx/Licenciatura2026/resultados/2/20200145.html,115,3060,2590,112,166,129663,,C,Cancelado,,Consultar
2,Licenciatura 2026,202,20200145,CIRUJANO DENTISTA,FACULTAD DE ODONTOLOGÍA,Escolarizado,https://www.dgae.unam.mx/Licenciatura2026/resultados/2/20200145.html,115,3060,2590,112,166,129668,,N,No presentado,,Consultar
2,Licenciatura 2026,202,20200145,CIRUJANO DENTISTA,FACULTAD DE ODONTOLOGÍA,Escolarizado,https://www.dgae.unam.mx/Licenciatura2026/resultados/2/20200145.html,115,3060,2590,112,166,129671,47,,No seleccionado,,Consultar
2,Licenciatura 2026,202,20200145,CIRUJANO DENTISTA,FACULTAD DE ODONTOLOGÍA,Escolarizado,https://www.dgae.unam.mx/Licenciatura2026/resultados/2/20200145.html,115,3060,2590,112,166,129742,45,,No seleccionado,,Consultar
2,Licenciatura 2026,202,20200145,CIRUJANO DENTISTA,FACULTAD DE ODONTOLOGÍA,Escolarizado,https://www.dgae.unam.mx/Licenciatura2026/resultados/2/20200145.html,115,3060,2590,112,166,129753,34,,No seleccionado,,Consultar
2,Licenciatura 2026,202,20200145,CIRUJANO DENTISTA,FACULTAD DE ODONTOLOGÍA,Escolarizado,https://www.dgae.unam.mx/Licenciatura2026/resultados/2/20200145.html,115,3060,2590,112,166,129783,86,,No seleccionado,,Consultar
2,Licenciatura 2026,202,20200145,CIRUJANO DENTISTA,FACULTAD DE ODONTOLOGÍA,Escolarizado,https://www.dgae.unam.mx/Licenciatura2026/resultados/2/20200145.html,115,3060,2590,112,166,129802,53,,No seleccionado,,Consultar
2,Licenciatura 2026,202,20200145,CIRUJANO DENTISTA,FACULTAD DE ODONTOLOGÍA,Escolarizado,https://www.dgae.unam.mx/Licenciatura2026/resultados/2/20200145.html,115,3060,2590,112,166,129812,66,,No seleccionado,,Consultar
2,Licenciatura 2026,202,20200145,CIRUJANO DENTISTA,FACULTAD DE ODONTOLOGÍA,Escolarizado,https://www.dgae.unam.mx/Licenciatura2026/resultados/2/20200145.html,115,3060,2590,112,166,129865,115,S,Seleccionado,Cita para entregar documentación.,Consultar
2,Licenciatura 2026,202,20200145,CIRUJANO DENTISTA,FACULTAD DE ODONTOLOGÍA,Escolarizado,https://www.dgae.unam.mx/Licenciatura2026/resultados/2/20200145.html,115,3060,2590,112,166,129900,95,,No seleccionado,,Consultar
2,Licenciatura 2026,202,20200145,CIRUJANO DENTISTA,FACULTAD DE ODONTOLOGÍA,Escolarizado,https://www.dgae.unam.mx/Licenciatura2026/resultados/2/20200145.html,115,3060,2590,112,166,129947,108,,No seleccionado,,Consultar
2,Licenciatura 2026,202,20200145,CIRUJANO DENTISTA,FACULTAD DE ODONTOLOGÍA,Escolarizado,https://www.dgae.unam.mx/Licenciatura2026/resultados/2/20200145.html,115,3060,2590,112,166,129958,99,,No seleccionado,,Consultar
2,Licenciatura 2026,202,20200145,CIRUJANO DENTISTA,FACULTAD DE ODONTOLOGÍA,Escolarizado,https://www.dgae.unam.mx/Licenciatura2026/resultados/2/20200145.html,115,3060,2590,112,166,130004,89,,No seleccionado,,Consultar
2,Licenciatura 2026,202,20200145,CIRUJANO DENTISTA,FACULTAD DE ODONTOLOGÍA,Escolarizado,https://www.dgae.unam.mx/Licenciatura2026/resultados/2/20200145.html,115,3060,2590,112,166,130005,109,,No seleccionado,,Consultar
2,Licenciatura 2026,202,20200145,CIRUJANO DENTISTA,FACULTAD DE ODONTOLOGÍA,Escolarizado,https://www.dgae.unam.mx/Licenciatura2026/resultados/2/20200145.html,115,3060,2590,112,166,130046,78,,No seleccionado,,Consultar
2,Licenciatura 2026,202,20200145,CIRUJANO DENTISTA,FACULTAD DE ODONTOLOGÍA,Escolarizado,https://www.dgae.unam.mx/Licenciatura2026/resultados/2/20200145.html,115,3060,2590,112,166,130049,95,,No seleccionado,,Consultar
2,Licenciatura 2026,202,20200145,CIRUJANO DENTISTA,FACULTAD DE ODONTOLOGÍA,Escolarizado,https://www.dgae.unam.mx/Licenciatura2026/resultados/2/20200145.html,115,3060,2590,112,166,130074,88,,No seleccionado,,Consultar
2,Licenciatura 2026,202,20200145,CIRUJANO DENTISTA,FACULTAD DE ODONTOLOGÍA,Escolarizado,https://www.dgae.unam.mx/Licenciatura2026/resultados/2/20200145.html,115,3060,2590,112,166,130222,51,,No seleccionado,,Consultar
2,Licenciatura 2026,202,20200145,CIRUJANO DENTISTA,FACULTAD DE ODONTOLOGÍA,Escolarizado,https://www.dgae.unam.mx/Licenciatura2026/resultados/2/20200145.html,115,3060,2590,112,166,130243,,N,No presentado,,Consultar
2,Licenciatura 2026,202,20200145,CIRUJANO DENTISTA,FACULTAD DE ODONTOLOGÍA,Escolarizado,https://www.dgae.unam.mx/Licenciatura2026/resultados/2/20200145.html,115,3060,2590,112,166,130244,96,,No seleccionado,,Consultar
2,Licenciatura 2026,202,20200145,CIRUJANO DENTISTA,FACULTAD DE ODONTOLOGÍA,Escolarizado,https://www.dgae.unam.mx/Licenciatura2026/resultados/2/20200145.html,115,3060,2590,112,166,130245,111,,No seleccionado,,Consultar
2,Licenciatura 2026,202,20200145,CIRUJANO DENTISTA,FACULTAD DE ODONTOLOGÍA,Escolarizado,https://www.dgae.unam.mx/Licenciatura2026/resultados/2/20200145.html,115,3060,2590,112,166,130278,58,,No seleccionado,,Consultar
2,Licenciatura 2026,202,20200145,CIRUJANO DENTISTA,FACULTAD DE ODONTOLOGÍA,Escolarizado,https://www.dgae.unam.mx/Licenciatura2026/resultados/2/20200145.html,115,3060,2590,112,166,130285,86,,No seleccionado,,Consultar
2,Licenciatura 2026,202,20200145,CIRUJANO DENTISTA,FACULTAD DE ODONTOLOGÍA,Escolarizado,https://www.dgae.unam.mx/Licenciatura2026/resultados/2/20200145.html,115,3060,2590,112,166,130328,69,,No seleccionado,,Consultar
2,Licenciatura 2026,202,20200145,CIRUJANO DENTISTA,FACULTAD DE ODONTOLOGÍA,Escolarizado,https://www.dgae.unam.mx/Licenciatura2026/resultados/2/20200145.html,115,3060,2590,112,166,130334,87,,No seleccionado,,Consultar
2,Licenciatura 2026,202,20200145,CIRUJANO DENTISTA,FACULTAD DE ODONTOLOGÍA,Escolarizado,https://www.dgae.unam.mx/Licenciatura2026/resultados/2/20200145.html,115,3060,2590,112,166,130370,109,,No seleccionado,,Consultar
2,Licenciatura 2026,202,20200145,CIRUJANO DENTISTA,FACULTAD DE ODONTOLOGÍA,Escolarizado,https://www.dgae.unam.mx/Licenciatura2026/resultados/2/20200145.html,115,3060,2590,112,166,130437,48,,No seleccionado,,Consultar
2,Licenciatura 2026,202,20200145,CIRUJANO DENTISTA,FACULTAD DE ODONTOLOGÍA,Escolarizado,https://www.dgae.unam.mx/Licenciatura2026/resultados/2/20200145.html,115,3060,2590,112,166,130442,,N,No presentado,,Consultar
2,Licenciatura 2026,202,20200145,CIRUJANO DENTISTA,FACULTAD DE ODONTOLOGÍA,Escolarizado,https://www.dgae.unam.mx/Licenciatura2026/resultados/2/20200145.html,115,3060,2590,112,166,130496,,N,No presentado,,Consultar
2,Licenciatura 2026,202,20200145,CIRUJANO DENTISTA,FACULTAD DE ODONTOLOGÍA,Escolarizado,https://www.dgae.unam.mx/Licenciatura2026/resultados/2/20200145.html,115,3060,2590,112,166,130507,93,,No seleccionado,,Consultar
2,Licenciatura 2026,202,20200145,CIRUJANO DENTISTA,FACULTAD DE ODONTOLOGÍA,Escolarizado,https://www.dgae.unam.mx/Licenciatura2026/resultados/2/20200145.html,115,3060,2590,112,166,130534,,N,No presentado,,Consultar
2,Licenciatura 2026,202,20200145,CIRUJANO DENTISTA,FACULTAD DE ODONTOLOGÍA,Escolarizado,https://www.dgae.unam.mx/Licenciatura2026/resultados/2/20200145.html,115,3060,2590,112,166,130555,108,,No seleccionado,,Consultar
2,Licenciatura 2026,202,20200145,CIRUJANO DENTISTA,FACULTAD DE ODONTOLOGÍA,Escolarizado,https://www.dgae.unam.mx/Licenciatura2026/resultados/2/20200145.html,115,3060,2590,112,166,130639,104,,No seleccionado,,Consultar
2,Licenciatura 2026,202,20200145,CIRUJANO DENTISTA,FACULTAD DE ODONTOLOGÍA,Escolarizado,https://www.dgae.unam.mx/Licenciatura2026/resultados/2/20200145.html,115,3060,2590,112,166,130649,,C,Cancelado,,Consultar
2,Licenciatura 2026,202,20200145,CIRUJANO DENTISTA,FACULTAD DE ODONTOLOGÍA,Escolarizado,https://www.dgae.unam.mx/Licenciatura2026/resultados/2/20200145.html,115,3060,2590,112,166,130667,81,,No seleccionado,,Consultar
2,Licenciatura 2026,202,20200145,CIRUJANO DENTISTA,FACULTAD DE ODONTOLOGÍA,Escolarizado,https://www.dgae.unam.mx/Licenciatura2026/resultados/2/20200145.html,115,3060,2590,112,166,130713,100,,No seleccionado,,Consultar
2,Licenciatura 2026,202,20200145,CIRUJANO DENTISTA,FACULTAD DE ODONTOLOGÍA,Escolarizado,https://www.dgae.unam.mx/Licenciatura2026/resultados/2/20200145.html,115,3060,2590,112,166,130738,101,,No seleccionado,,Consultar
2,Licenciatura 2026,202,20200145,CIRUJANO DENTISTA,FACULTAD DE ODONTOLOGÍA,Escolarizado,https://www.dgae.unam.mx/Licenciatura2026/resultados/2/20200145.html,115,3060,2590,112,166,130763,95,,No seleccionado,,Consultar
2,Licenciatura 2026,202,20200145,CIRUJANO DENTISTA,FACULTAD DE ODONTOLOGÍA,Escolarizado,https://www.dgae.unam.mx/Licenciatura2026/resultados/2/20200145.html,115,3060,2590,112,166,130778,100,,No seleccionado,,Consultar
2,Licenciatura 2026,202,20200145,CIRUJANO DENTISTA,FACULTAD DE ODONTOLOGÍA,Escolarizado,https://www.dgae.unam.mx/Licenciatura2026/resultados/2/20200145.html,115,3060,2590,112,166,130789,35,,No seleccionado,,Consultar
2,Licenciatura 2026,202,20200145,CIRUJANO DENTISTA,FACULTAD DE ODONTOLOGÍA,Escolarizado,https://www.dgae.unam.mx/Licenciatura2026/resultados/2/20200145.html,115,3060,2590,112,166,130830,65,,No seleccionado,,Consultar
2,Licenciatura 2026,202,20200145,CIRUJANO DENTISTA,FACULTAD DE ODONTOLOGÍA,Escolarizado,https://www.dgae.unam.mx/Licenciatura2026/resultados/2/20200145.html,115,3060,2590,112,166,130887,,C,Cancelado,,Consultar
2,Licenciatura 2026,202,20200145,CIRUJANO DENTISTA,FACULTAD DE ODONTOLOGÍA,Escolarizado,https://www.dgae.unam.mx/Licenciatura2026/resultados/2/20200145.html,115,3060,2590,112,166,130915,71,,No seleccionado,,Consultar
2,Licenciatura 2026,202,20200145,CIRUJANO DENTISTA,FACULTAD DE ODONTOLOGÍA,Escolarizado,https://www.dgae.unam.mx/Licenciatura2026/resultados/2/20200145.html,115,3060,2590,112,166,130930,86,,No seleccionado,,Consultar
2,Licenciatura 2026,202,20200145,CIRUJANO DENTISTA,FACULTAD DE ODONTOLOGÍA,Escolarizado,https://www.dgae.unam.mx/Licenciatura2026/resultados/2/20200145.html,115,3060,2590,112,166,130962,104,,No seleccionado,,Consultar
2,Licenciatura 2026,202,20200145,CIRUJANO DENTISTA,FACULTAD DE ODONTOLOGÍA,Escolarizado,https://www.dgae.unam.mx/Licenciatura2026/resultados/2/20200145.html,115,3060,2590,112,166,130999,111,,No seleccionado,,Consultar
2,Licenciatura 2026,202,20200145,CIRUJANO DENTISTA,FACULTAD DE ODONTOLOGÍA,Escolarizado,https://www.dgae.unam.mx/Licenciatura2026/resultados/2/20200145.html,115,3060,2590,112,166,131029,115,S,Seleccionado,Cita para entregar documentación.,Consultar
2,Licenciatura 2026,202,20200145,CIRUJANO DENTISTA,FACULTAD DE ODONTOLOGÍA,Escolarizado,https://www.dgae.unam.mx/Licenciatura2026/resultados/2/20200145.html,115,3060,2590,112,166,131074,84,,No seleccionado,,Consultar
2,Licenciatura 2026,202,20200145,CIRUJANO DENTISTA,FACULTAD DE ODONTOLOGÍA,Escolarizado,https://www.dgae.unam.mx/Licenciatura2026/resultados/2/20200145.html,115,3060,2590,112,166,131099,43,,No seleccionado,,Consultar
2,Licenciatura 2026,202,20200145,CIRUJANO DENTISTA,FACULTAD DE ODONTOLOGÍA,Escolarizado,https://www.dgae.unam.mx/Licenciatura2026/resultados/2/20200145.html,115,3060,2590,112,166,131196,49,,No seleccionado,,Consultar
2,Licenciatura 2026,202,20200145,CIRUJANO DENTISTA,FACULTAD DE ODONTOLOGÍA,Escolarizado,https://www.dgae.unam.mx/Licenciatura2026/resultados/2/20200145.html,115,3060,2590,112,166,131259,,N,No presentado,,Consultar
2,Licenciatura 2026,202,20200145,CIRUJANO DENTISTA,FACULTAD DE ODONTOLOGÍA,Escolarizado,https://www.dgae.unam.mx/Licenciatura2026/resultados/2/20200145.html,115,3060,2590,112,166,131260,77,,No seleccionado,,Consultar
2,Licenciatura 2026,202,20200145,CIRUJANO DENTISTA,FACULTAD DE ODONTOLOGÍA,Escolarizado,https://www.dgae.unam.mx/Licenciatura2026/resultados/2/20200145.html,115,3060,2590,112,166,131318,43,,No seleccionado,,Consultar
2,Licenciatura 2026,202,20200145,CIRUJANO DENTISTA,FACULTAD DE ODONTOLOGÍA,Escolarizado,https://www.dgae.unam.mx/Licenciatura2026/resultados/2/20200145.html,115,3060,2590,112,166,131352,96,,No seleccionado,,Consultar
2,Licenciatura 2026,202,20200145,CIRUJANO DENTISTA,FACULTAD DE ODONTOLOGÍA,Escolarizado,https://www.dgae.unam.mx/Licenciatura2026/resultados/2/20200145.html,115,3060,2590,112,166,131366,101,,No seleccionado,,Consultar
2,Licenciatura 2026,202,20200145,CIRUJANO DENTISTA,FACULTAD DE ODONTOLOGÍA,Escolarizado,https://www.dgae.unam.mx/Licenciatura2026/resultados/2/20200145.html,115,3060,2590,112,166,131374,112,S,Seleccionado,,Consultar
2,Licenciatura 2026,202,20200145,CIRUJANO DENTISTA,FACULTAD DE ODONTOLOGÍA,Escolarizado,https://www.dgae.unam.mx/Licenciatura2026/resultados/2/20200145.html,115,3060,2590,112,166,131376,106,,No seleccionado,,Consultar
2,Licenciatura 2026,202,20200145,CIRUJANO DENTISTA,FACULTAD DE ODONTOLOGÍA,Escolarizado,https://www.dgae.unam.mx/Licenciatura2026/resultados/2/20200145.html,115,3060,2590,112,166,131387,84,,No seleccionado,,Consultar
2,Licenciatura 2026,202,20200145,CIRUJANO DENTISTA,FACULTAD DE ODONTOLOGÍA,Escolarizado,https://www.dgae.unam.mx/Licenciatura2026/resultados/2/20200145.html,115,3060,2590,112,166,131489,106,,No seleccionado,,Consultar
2,Licenciatura 2026,202,20200145,CIRUJANO DENTISTA,FACULTAD DE ODONTOLOGÍA,Escolarizado,https://www.dgae.unam.mx/Licenciatura2026/resultados/2/20200145.html,115,3060,2590,112,166,131512,40,,No seleccionado,,Consultar
2,Licenciatura 2026,202,20200145,CIRUJANO DENTISTA,FACULTAD DE ODONTOLOGÍA,Escolarizado,https://www.dgae.unam.mx/Licenciatura2026/resultados/2/20200145.html,115,3060,2590,112,166,131535,115,S,Seleccionado,Cita para entregar documentación.,Consultar
2,Licenciatura 2026,202,20200145,CIRUJANO DENTISTA,FACULTAD DE ODONTOLOGÍA,Escolarizado,https://www.dgae.unam.mx/Licenciatura2026/resultados/2/20200145.html,115,3060,2590,112,166,131605,95,,No seleccionado,,Consultar
2,Licenciatura 2026,202,20200145,CIRUJANO DENTISTA,FACULTAD DE ODONTOLOGÍA,Escolarizado,https://www.dgae.unam.mx/Licenciatura2026/resultados/2/20200145.html,115,3060,2590,112,166,131610,104,,No seleccionado,,Consultar
2,Licenciatura 2026,202,20200145,CIRUJANO DENTISTA,FACULTAD DE ODONTOLOGÍA,Escolarizado,https://www.dgae.unam.mx/Licenciatura2026/resultados/2/20200145.html,115,3060,2590,112,166,131636,72,,No seleccionado,,Consultar
2,Licenciatura 2026,202,20200145,CIRUJANO DENTISTA,FACULTAD DE ODONTOLOGÍA,Escolarizado,https://www.dgae.unam.mx/Licenciatura2026/resultados/2/20200145.html,115,3060,2590,112,166,131645,75,,No seleccionado,,Consultar
2,Licenciatura 2026,202,20200145,CIRUJANO DENTISTA,FACULTAD DE ODONTOLOGÍA,Escolarizado,https://www.dgae.unam.mx/Licenciatura2026/resultados/2/20200145.html,115,3060,2590,112,166,131670,28,,No seleccionado,,Consultar
2,Licenciatura 2026,202,20200145,CIRUJANO DENTISTA,FACULTAD DE ODONTOLOGÍA,Escolarizado,https://www.dgae.unam.mx/Licenciatura2026/resultados/2/20200145.html,115,3060,2590,112,166,131671,101,,No seleccionado,,Consultar
2,Licenciatura 2026,202,20200145,CIRUJANO DENTISTA,FACULTAD DE ODONTOLOGÍA,Escolarizado,https://www.dgae.unam.mx/Licenciatura2026/resultados/2/20200145.html,115,3060,2590,112,166,131692,,C,Cancelado,,Consultar
2,Licenciatura 2026,202,20200145,CIRUJANO DENTISTA,FACULTAD DE ODONTOLOGÍA,Escolarizado,https://www.dgae.unam.mx/Licenciatura2026/resultados/2/20200145.html,115,3060,2590,112,166,131742,68,,No seleccionado,,Consultar
2,Licenciatura 2026,202,20200145,CIRUJANO DENTISTA,FACULTAD DE ODONTOLOGÍA,Escolarizado,https://www.dgae.unam.mx/Licenciatura2026/resultados/2/20200145.html,115,3060,2590,112,166,131747,,N,No presentado,,Consultar
2,Licenciatura 2026,202,20200145,CIRUJANO DENTISTA,FACULTAD DE ODONTOLOGÍA,Escolarizado,https://www.dgae.unam.mx/Licenciatura2026/resultados/2/20200145.html,115,3060,2590,112,166,131773,93,,No seleccionado,,Consultar
2,Licenciatura 2026,202,20200145,CIRUJANO DENTISTA,FACULTAD DE ODONTOLOGÍA,Escolarizado,https://www.dgae.unam.mx/Licenciatura2026/resultados/2/20200145.html,115,3060,2590,112,166,131795,43,,No seleccionado,,Consultar
2,Licenciatura 2026,202,20200145,CIRUJANO DENTISTA,FACULTAD DE ODONTOLOGÍA,Escolarizado,https://www.dgae.unam.mx/Licenciatura2026/resultados/2/20200145.html,115,3060,2590,112,166,131862,90,,No seleccionado,,Consultar
2,Licenciatura 2026,202,20200145,CIRUJANO DENTISTA,FACULTAD DE ODONTOLOGÍA,Escolarizado,https://www.dgae.unam.mx/Licenciatura2026/resultados/2/20200145.html,115,3060,2590,112,166,131891,50,,No seleccionado,,Consultar
2,Licenciatura 2026,202,20200145,CIRUJANO DENTISTA,FACULTAD DE ODONTOLOGÍA,Escolarizado,https://www.dgae.unam.mx/Licenciatura2026/resultados/2/20200145.html,115,3060,2590,112,166,131908,83,,No seleccionado,,Consultar
2,Licenciatura 2026,202,20200145,CIRUJANO DENTISTA,FACULTAD DE ODONTOLOGÍA,Escolarizado,https://www.dgae.unam.mx/Licenciatura2026/resultados/2/20200145.html,115,3060,2590,112,166,131909,113,S,Seleccionado,Cita para entregar documentación.,Consultar
2,Licenciatura 2026,202,20200145,CIRUJANO DENTISTA,FACULTAD DE ODONTOLOGÍA,Escolarizado,https://www.dgae.unam.mx/Licenciatura2026/resultados/2/20200145.html,115,3060,2590,112,166,131912,115,S,Seleccionado,,Consultar
2,Licenciatura 2026,202,20200145,CIRUJANO DENTISTA,FACULTAD DE ODONTOLOGÍA,Escolarizado,https://www.dgae.unam.mx/Licenciatura2026/resultados/2/20200145.html,115,3060,2590,112,166,131925,84,,No seleccionado,,Consultar
2,Licenciatura 2026,202,20200145,CIRUJANO DENTISTA,FACULTAD DE ODONTOLOGÍA,Escolarizado,https://www.dgae.unam.mx/Licenciatura2026/resultados/2/20200145.html,115,3060,2590,112,166,131929,80,,No seleccionado,,Consultar
2,Licenciatura 2026,202,20200145,CIRUJANO DENTISTA,FACULTAD DE ODONTOLOGÍA,Escolarizado,https://www.dgae.unam.mx/Licenciatura2026/resultados/2/20200145.html,115,3060,2590,112,166,131963,,N,No presentado,,Consultar
2,Licenciatura 2026,202,20200145,CIRUJANO DENTISTA,FACULTAD DE ODONTOLOGÍA,Escolarizado,https://www.dgae.unam.mx/Licenciatura2026/resultados/2/20200145.html,115,3060,2590,112,166,132001,108,,No seleccionado,,Consultar
2,Licenciatura 2026,202,20200145,CIRUJANO DENTISTA,FACULTAD DE ODONTOLOGÍA,Escolarizado,https://www.dgae.unam.mx/Licenciatura2026/resultados/2/20200145.html,115,3060,2590,112,166,132003,105,,No seleccionado,,Consultar
2,Licenciatura 2026,202,20200145,CIRUJANO DENTISTA,FACULTAD DE ODONTOLOGÍA,Escolarizado,https://www.dgae.unam.mx/Licenciatura2026/resultados/2/20200145.html,115,3060,2590,112,166,132059,86,,No seleccionado,,Consultar
2,Licenciatura 2026,202,20200145,CIRUJANO DENTISTA,FACULTAD DE ODONTOLOGÍA,Escolarizado,https://www.dgae.unam.mx/Licenciatura2026/resultados/2/20200145.html,115,3060,2590,112,166,132060,77,,No seleccionado,,Consultar
2,Licenciatura 2026,202,20200145,CIRUJANO DENTISTA,FACULTAD DE ODONTOLOGÍA,Escolarizado,https://www.dgae.unam.mx/Licenciatura2026/resultados/2/20200145.html,115,3060,2590,112,166,132090,40,,No seleccionado,,Consultar
2,Licenciatura 2026,202,20200145,CIRUJANO DENTISTA,FACULTAD DE ODONTOLOGÍA,Escolarizado,https://www.dgae.unam.mx/Licenciatura2026/resultados/2/20200145.html,115,3060,2590,112,166,132101,87,,No seleccionado,,Consultar
2,Licenciatura 2026,202,20200145,CIRUJANO DENTISTA,FACULTAD DE ODONTOLOGÍA,Escolarizado,https://www.dgae.unam.mx/Licenciatura2026/resultados/2/20200145.html,115,3060,2590,112,166,132128,72,,No seleccionado,,Consultar
2,Licenciatura 2026,202,20200145,CIRUJANO DENTISTA,FACULTAD DE ODONTOLOGÍA,Escolarizado,https://www.dgae.unam.mx/Licenciatura2026/resultados/2/20200145.html,115,3060,2590,112,166,132136,105,,No seleccionado,,Consultar
2,Licenciatura 2026,202,20200145,CIRUJANO DENTISTA,FACULTAD DE ODONTOLOGÍA,Escolarizado,https://www.dgae.unam.mx/Licenciatura2026/resultados/2/20200145.html,115,3060,2590,112,166,132138,98,,No seleccionado,,Consultar
2,Licenciatura 2026,202,20200145,CIRUJANO DENTISTA,FACULTAD DE ODONTOLOGÍA,Escolarizado,https://www.dgae.unam.mx/Licenciatura2026/resultados/2/20200145.html,115,3060,2590,112,166,132167,96,,No seleccionado,,Consultar
2,Licenciatura 2026,202,20200145,CIRUJANO DENTISTA,FACULTAD DE ODONTOLOGÍA,Escolarizado,https://www.dgae.unam.mx/Licenciatura2026/resultados/2/20200145.html,115,3060,2590,112,166,132187,74,,No seleccionado,,Consultar
2,Licenciatura 2026,202,20200145,CIRUJANO DENTISTA,FACULTAD DE ODONTOLOGÍA,Escolarizado,https://www.dgae.unam.mx/Licenciatura2026/resultados/2/20200145.html,115,3060,2590,112,166,132216,102,,No seleccionado,,Consultar
2,Licenciatura 2026,202,20200145,CIRUJANO DENTISTA,FACULTAD DE ODONTOLOGÍA,Escolarizado,https://www.dgae.unam.mx/Licenciatura2026/resultados/2/20200145.html,115,3060,2590,112,166,132229,57,,No seleccionado,,Consultar
2,Licenciatura 2026,202,20200145,CIRUJANO DENTISTA,FACULTAD DE ODONTOLOGÍA,Escolarizado,https://www.dgae.unam.mx/Licenciatura2026/resultados/2/20200145.html,115,3060,2590,112,166,132235,109,,No seleccionado,,Consultar
2,Licenciatura 2026,202,20200145,CIRUJANO DENTISTA,FACULTAD DE ODONTOLOGÍA,Escolarizado,https://www.dgae.unam.mx/Licenciatura2026/resultados/2/20200145.html,115,3060,2590,112,166,132243,98,,No seleccionado,,Consultar
2,Licenciatura 2026,202,20200145,CIRUJANO DENTISTA,FACULTAD DE ODONTOLOGÍA,Escolarizado,https://www.dgae.unam.mx/Licenciatura2026/resultados/2/20200145.html,115,3060,2590,112,166,132247,44,,No seleccionado,,Consultar
2,Licenciatura 2026,202,20200145,CIRUJANO DENTISTA,FACULTAD DE ODONTOLOGÍA,Escolarizado,https://www.dgae.unam.mx/Licenciatura2026/resultados/2/20200145.html,115,3060,2590,112,166,132248,108,,No seleccionado,,Consultar
2,Licenciatura 2026,202,20200145,CIRUJANO DENTISTA,FACULTAD DE ODONTOLOGÍA,Escolarizado,https://www.dgae.unam.mx/Licenciatura2026/resultados/2/20200145.html,115,3060,2590,112,166,132251,109,,No seleccionado,,Consultar
2,Licenciatura 2026,202,20200145,CIRUJANO DENTISTA,FACULTAD DE ODONTOLOGÍA,Escolarizado,https://www.dgae.unam.mx/Licenciatura2026/resultados/2/20200145.html,115,3060,2590,112,166,132287,45,,No seleccionado,,Consultar
2,Licenciatura 2026,202,20200145,CIRUJANO DENTISTA,FACULTAD DE ODONTOLOGÍA,Escolarizado,https://www.dgae.unam.mx/Licenciatura2026/resultados/2/20200145.html,115,3060,2590,112,166,132305,32,,No seleccionado,,Consultar
2,Licenciatura 2026,202,20200145,CIRUJANO DENTISTA,FACULTAD DE ODONTOLOGÍA,Escolarizado,https://www.dgae.unam.mx/Licenciatura2026/resultados/2/20200145.html,115,3060,2590,112,166,132310,102,,No seleccionado,,Consultar
2,Licenciatura 2026,202,20200145,CIRUJANO DENTISTA,FACULTAD DE ODONTOLOGÍA,Escolarizado,https://www.dgae.unam.mx/Licenciatura2026/resultados/2/20200145.html,115,3060,2590,112,166,132368,85,,No seleccionado,,Consultar
2,Licenciatura 2026,202,20200145,CIRUJANO DENTISTA,FACULTAD DE ODONTOLOGÍA,Escolarizado,https://www.dgae.unam.mx/Licenciatura2026/resultados/2/20200145.html,115,3060,2590,112,166,132379,48,,No seleccionado,,Consultar
2,Licenciatura 2026,202,20200145,CIRUJANO DENTISTA,FACULTAD DE ODONTOLOGÍA,Escolarizado,https://www.dgae.unam.mx/Licenciatura2026/resultados/2/20200145.html,115,3060,2590,112,166,132407,55,,No seleccionado,,Consultar
2,Licenciatura 2026,202,20200145,CIRUJANO DENTISTA,FACULTAD DE ODONTOLOGÍA,Escolarizado,https://www.dgae.unam.mx/Licenciatura2026/resultados/2/20200145.html,115,3060,2590,112,166,132491,50,,No seleccionado,,Consultar
2,Licenciatura 2026,202,20200145,CIRUJANO DENTISTA,FACULTAD DE ODONTOLOGÍA,Escolarizado,https://www.dgae.unam.mx/Licenciatura2026/resultados/2/20200145.html,115,3060,2590,112,166,132498,46,,No seleccionado,,Consultar
2,Licenciatura 2026,202,20200145,CIRUJANO DENTISTA,FACULTAD DE ODONTOLOGÍA,Escolarizado,https://www.dgae.unam.mx/Licenciatura2026/resultados/2/20200145.html,115,3060,2590,112,166,132525,44,,No seleccionado,,Consultar
2,Licenciatura 2026,202,20200145,CIRUJANO DENTISTA,FACULTAD DE ODONTOLOGÍA,Escolarizado,https://www.dgae.unam.mx/Licenciatura2026/resultados/2/20200145.html,115,3060,2590,112,166,132526,51,,No seleccionado,,Consultar
2,Licenciatura 2026,202,20200145,CIRUJANO DENTISTA,FACULTAD DE ODONTOLOGÍA,Escolarizado,https://www.dgae.unam.mx/Licenciatura2026/resultados/2/20200145.html,115,3060,2590,112,166,132527,,N,No presentado,,Consultar
2,Licenciatura 2026,202,20200145,CIRUJANO DENTISTA,FACULTAD DE ODONTOLOGÍA,Escolarizado,https://www.dgae.unam.mx/Licenciatura2026/resultados/2/20200145.html,115,3060,2590,112,166,132593,79,,No seleccionado,,Consultar
2,Licenciatura 2026,202,20200145,CIRUJANO DENTISTA,FACULTAD DE ODONTOLOGÍA,Escolarizado,https://www.dgae.unam.mx/Licenciatura2026/resultados/2/20200145.html,115,3060,2590,112,166,132599,58,,No seleccionado,,Consultar
2,Licenciatura 2026,202,20200145,CIRUJANO DENTISTA,FACULTAD DE ODONTOLOGÍA,Escolarizado,https://www.dgae.unam.mx/Licenciatura2026/resultados/2/20200145.html,115,3060,2590,112,166,132609,59,,No seleccionado,,Consultar
2,Licenciatura 2026,202,20200145,CIRUJANO DENTISTA,FACULTAD DE ODONTOLOGÍA,Escolarizado,https://www.dgae.unam.mx/Licenciatura2026/resultados/2/20200145.html,115,3060,2590,112,166,132626,37,,No seleccionado,,Consultar
2,Licenciatura 2026,202,20200145,CIRUJANO DENTISTA,FACULTAD DE ODONTOLOGÍA,Escolarizado,https://www.dgae.unam.mx/Licenciatura2026/resultados/2/20200145.html,115,3060,2590,112,166,132639,111,,No seleccionado,,Consultar
2,Licenciatura 2026,202,20200145,CIRUJANO DENTISTA,FACULTAD DE ODONTOLOGÍA,Escolarizado,https://www.dgae.unam.mx/Licenciatura2026/resultados/2/20200145.html,115,3060,2590,112,166,132646,114,S,Seleccionado,Cita para entregar documentación.,Consultar
2,Licenciatura 2026,202,20200145,CIRUJANO DENTISTA,FACULTAD DE ODONTOLOGÍA,Escolarizado,https://www.dgae.unam.mx/Licenciatura2026/resultados/2/20200145.html,115,3060,2590,112,166,132691,37,,No seleccionado,,Consultar
2,Licenciatura 2026,202,20200145,CIRUJANO DENTISTA,FACULTAD DE ODONTOLOGÍA,Escolarizado,https://www.dgae.unam.mx/Licenciatura2026/resultados/2/20200145.html,115,3060,2590,112,166,132755,61,,No seleccionado,,Consultar
2,Licenciatura 2026,202,20200145,CIRUJANO DENTISTA,FACULTAD DE ODONTOLOGÍA,Escolarizado,https://www.dgae.unam.mx/Licenciatura2026/resultados/2/20200145.html,115,3060,2590,112,166,132812,80,,No seleccionado,,Consultar
2,Licenciatura 2026,202,20200145,CIRUJANO DENTISTA,FACULTAD DE ODONTOLOGÍA,Escolarizado,https://www.dgae.unam.mx/Licenciatura2026/resultados/2/20200145.html,115,3060,2590,112,166,132824,103,,No seleccionado,,Consultar
2,Licenciatura 2026,202,20200145,CIRUJANO DENTISTA,FACULTAD DE ODONTOLOGÍA,Escolarizado,https://www.dgae.unam.mx/Licenciatura2026/resultados/2/20200145.html,115,3060,2590,112,166,132835,119,S,Seleccionado,,Consultar
2,Licenciatura 2026,202,20200145,CIRUJANO DENTISTA,FACULTAD DE ODONTOLOGÍA,Escolarizado,https://www.dgae.unam.mx/Licenciatura2026/resultados/2/20200145.html,115,3060,2590,112,166,132838,89,,No seleccionado,,Consultar
2,Licenciatura 2026,202,20200145,CIRUJANO DENTISTA,FACULTAD DE ODONTOLOGÍA,Escolarizado,https://www.dgae.unam.mx/Licenciatura2026/resultados/2/20200145.html,115,3060,2590,112,166,132842,97,,No seleccionado,,Consultar
2,Licenciatura 2026,202,20200145,CIRUJANO DENTISTA,FACULTAD DE ODONTOLOGÍA,Escolarizado,https://www.dgae.unam.mx/Licenciatura2026/resultados/2/20200145.html,115,3060,2590,112,166,132847,28,,No seleccionado,,Consultar
2,Licenciatura 2026,202,20200145,CIRUJANO DENTISTA,FACULTAD DE ODONTOLOGÍA,Escolarizado,https://www.dgae.unam.mx/Licenciatura2026/resultados/2/20200145.html,115,3060,2590,112,166,132851,51,,No seleccionado,,Consultar
2,Licenciatura 2026,202,20200145,CIRUJANO DENTISTA,FACULTAD DE ODONTOLOGÍA,Escolarizado,https://www.dgae.unam.mx/Licenciatura2026/resultados/2/20200145.html,115,3060,2590,112,166,132874,56,,No seleccionado,,Consultar
2,Licenciatura 2026,202,20200145,CIRUJANO DENTISTA,FACULTAD DE ODONTOLOGÍA,Escolarizado,https://www.dgae.unam.mx/Licenciatura2026/resultados/2/20200145.html,115,3060,2590,112,166,132890,65,,No seleccionado,,Consultar
2,Licenciatura 2026,202,20200145,CIRUJANO DENTISTA,FACULTAD DE ODONTOLOGÍA,Escolarizado,https://www.dgae.unam.mx/Licenciatura2026/resultados/2/20200145.html,115,3060,2590,112,166,132917,,N,No presentado,,Consultar
2,Licenciatura 2026,202,20200145,CIRUJANO DENTISTA,FACULTAD DE ODONTOLOGÍA,Escolarizado,https://www.dgae.unam.mx/Licenciatura2026/resultados/2/20200145.html,115,3060,2590,112,166,132919,62,,No seleccionado,,Consultar
2,Licenciatura 2026,202,20200145,CIRUJANO DENTISTA,FACULTAD DE ODONTOLOGÍA,Escolarizado,https://www.dgae.unam.mx/Licenciatura2026/resultados/2/20200145.html,115,3060,2590,112,166,132927,39,,No seleccionado,,Consultar
2,Licenciatura 2026,202,20200145,CIRUJANO DENTISTA,FACULTAD DE ODONTOLOGÍA,Escolarizado,https://www.dgae.unam.mx/Licenciatura2026/resultados/2/20200145.html,115,3060,2590,112,166,132965,89,,No seleccionado,,Consultar
2,Licenciatura 2026,202,20200145,CIRUJANO DENTISTA,FACULTAD DE ODONTOLOGÍA,Escolarizado,https://www.dgae.unam.mx/Licenciatura2026/resultados/2/20200145.html,115,3060,2590,112,166,132979,109,,No seleccionado,,Consultar
2,Licenciatura 2026,202,20200145,CIRUJANO DENTISTA,FACULTAD DE ODONTOLOGÍA,Escolarizado,https://www.dgae.unam.mx/Licenciatura2026/resultados/2/20200145.html,115,3060,2590,112,166,132987,,N,No presentado,,Consultar
2,Licenciatura 2026,202,20200145,CIRUJANO DENTISTA,FACULTAD DE ODONTOLOGÍA,Escolarizado,https://www.dgae.unam.mx/Licenciatura2026/resultados/2/20200145.html,115,3060,2590,112,166,132989,98,,No seleccionado,,Consultar
2,Licenciatura 2026,202,20200145,CIRUJANO DENTISTA,FACULTAD DE ODONTOLOGÍA,Escolarizado,https://www.dgae.unam.mx/Licenciatura2026/resultados/2/20200145.html,115,3060,2590,112,166,132996,,C,Cancelado,,Consultar
2,Licenciatura 2026,202,20200145,CIRUJANO DENTISTA,FACULTAD DE ODONTOLOGÍA,Escolarizado,https://www.dgae.unam.mx/Licenciatura2026/resultados/2/20200145.html,115,3060,2590,112,166,133029,,C,Cancelado,,Consultar
2,Licenciatura 2026,202,20200145,CIRUJANO DENTISTA,FACULTAD DE ODONTOLOGÍA,Escolarizado,https://www.dgae.unam.mx/Licenciatura2026/resultados/2/20200145.html,115,3060,2590,112,166,133058,110,,No seleccionado,,Consultar
2,Licenciatura 2026,202,20200145,CIRUJANO DENTISTA,FACULTAD DE ODONTOLOGÍA,Escolarizado,https://www.dgae.unam.mx/Licenciatura2026/resultados/2/20200145.html,115,3060,2590,112,166,133061,36,,No seleccionado,,Consultar
2,Licenciatura 2026,202,20200145,CIRUJANO DENTISTA,FACULTAD DE ODONTOLOGÍA,Escolarizado,https://www.dgae.unam.mx/Licenciatura2026/resultados/2/20200145.html,115,3060,2590,112,166,133072,85,,No seleccionado,,Consultar
2,Licenciatura 2026,202,20200145,CIRUJANO DENTISTA,FACULTAD DE ODONTOLOGÍA,Escolarizado,https://www.dgae.unam.mx/Licenciatura2026/resultados/2/20200145.html,115,3060,2590,112,166,133112,64,,No seleccionado,,Consultar
2,Licenciatura 2026,202,20200145,CIRUJANO DENTISTA,FACULTAD DE ODONTOLOGÍA,Escolarizado,https://www.dgae.unam.mx/Licenciatura2026/resultados/2/20200145.html,115,3060,2590,112,166,133134,34,,No seleccionado,,Consultar
2,Licenciatura 2026,202,20200145,CIRUJANO DENTISTA,FACULTAD DE ODONTOLOGÍA,Escolarizado,https://www.dgae.unam.mx/Licenciatura2026/resultados/2/20200145.html,115,3060,2590,112,166,133185,31,,No seleccionado,,Consultar
2,Licenciatura 2026,202,20200145,CIRUJANO DENTISTA,FACULTAD DE ODONTOLOGÍA,Escolarizado,https://www.dgae.unam.mx/Licenciatura2026/resultados/2/20200145.html,115,3060,2590,112,166,133189,,N,No presentado,,Consultar
2,Licenciatura 2026,202,20200145,CIRUJANO DENTISTA,FACULTAD DE ODONTOLOGÍA,Escolarizado,https://www.dgae.unam.mx/Licenciatura2026/resultados/2/20200145.html,115,3060,2590,112,166,133323,,C,Cancelado,,Consultar
2,Licenciatura 2026,202,20200145,CIRUJANO DENTISTA,FACULTAD DE ODONTOLOGÍA,Escolarizado,https://www.dgae.unam.mx/Licenciatura2026/resultados/2/20200145.html,115,3060,2590,112,166,133419,111,,No seleccionado,,Consultar
2,Licenciatura 2026,202,20200145,CIRUJANO DENTISTA,FACULTAD DE ODONTOLOGÍA,Escolarizado,https://www.dgae.unam.mx/Licenciatura2026/resultados/2/20200145.html,115,3060,2590,112,166,133451,110,,No seleccionado,,Consultar
2,Licenciatura 2026,202,20200145,CIRUJANO DENTISTA,FACULTAD DE ODONTOLOGÍA,Escolarizado,https://www.dgae.unam.mx/Licenciatura2026/resultados/2/20200145.html,115,3060,2590,112,166,133452,99,,No seleccionado,,Consultar
2,Licenciatura 2026,202,20200145,CIRUJANO DENTISTA,FACULTAD DE ODONTOLOGÍA,Escolarizado,https://www.dgae.unam.mx/Licenciatura2026/resultados/2/20200145.html,115,3060,2590,112,166,133456,,N,No presentado,,Consultar
2,Licenciatura 2026,202,20200145,CIRUJANO DENTISTA,FACULTAD DE ODONTOLOGÍA,Escolarizado,https://www.dgae.unam.mx/Licenciatura2026/resultados/2/20200145.html,115,3060,2590,112,166,133497,,C,Cancelado,,Consultar
2,Licenciatura 2026,202,20200145,CIRUJANO DENTISTA,FACULTAD DE ODONTOLOGÍA,Escolarizado,https://www.dgae.unam.mx/Licenciatura2026/resultados/2/20200145.html,115,3060,2590,112,166,133557,92,,No seleccionado,,Consultar
2,Licenciatura 2026,202,20200145,CIRUJANO DENTISTA,FACULTAD DE ODONTOLOGÍA,Escolarizado,https://www.dgae.unam.mx/Licenciatura2026/resultados/2/20200145.html,115,3060,2590,112,166,133596,39,,No seleccionado,,Consultar
2,Licenciatura 2026,202,20200145,CIRUJANO DENTISTA,FACULTAD DE ODONTOLOGÍA,Escolarizado,https://www.dgae.unam.mx/Licenciatura2026/resultados/2/20200145.html,115,3060,2590,112,166,133598,84,,No seleccionado,,Consultar
2,Licenciatura 2026,202,20200145,CIRUJANO DENTISTA,FACULTAD DE ODONTOLOGÍA,Escolarizado,https://www.dgae.unam.mx/Licenciatura2026/resultados/2/20200145.html,115,3060,2590,112,166,133606,109,,No seleccionado,,Consultar
2,Licenciatura 2026,202,20200145,CIRUJANO DENTISTA,FACULTAD DE ODONTOLOGÍA,Escolarizado,https://www.dgae.unam.mx/Licenciatura2026/resultados/2/20200145.html,115,3060,2590,112,166,133645,99,,No seleccionado,,Consultar
2,Licenciatura 2026,202,20200145,CIRUJANO DENTISTA,FACULTAD DE ODONTOLOGÍA,Escolarizado,https://www.dgae.unam.mx/Licenciatura2026/resultados/2/20200145.html,115,3060,2590,112,166,133665,105,,No seleccionado,,Consultar
2,Licenciatura 2026,202,20200145,CIRUJANO DENTISTA,FACULTAD DE ODONTOLOGÍA,Escolarizado,https://www.dgae.unam.mx/Licenciatura2026/resultados/2/20200145.html,115,3060,2590,112,166,133671,,N,No presentado,,Consultar
2,Licenciatura 2026,202,20200145,CIRUJANO DENTISTA,FACULTAD DE ODONTOLOGÍA,Escolarizado,https://www.dgae.unam.mx/Licenciatura2026/resultados/2/20200145.html,115,3060,2590,112,166,133686,82,,No seleccionado,,Consultar
2,Licenciatura 2026,202,20200145,CIRUJANO DENTISTA,FACULTAD DE ODONTOLOGÍA,Escolarizado,https://www.dgae.unam.mx/Licenciatura2026/resultados/2/20200145.html,115,3060,2590,112,166,133753,84,,No seleccionado,,Consultar
2,Licenciatura 2026,202,20200145,CIRUJANO DENTISTA,FACULTAD DE ODONTOLOGÍA,Escolarizado,https://www.dgae.unam.mx/Licenciatura2026/resultados/2/20200145.html,115,3060,2590,112,166,133833,84,,No seleccionado,,Consultar
2,Licenciatura 2026,202,20200145,CIRUJANO DENTISTA,FACULTAD DE ODONTOLOGÍA,Escolarizado,https://www.dgae.unam.mx/Licenciatura2026/resultados/2/20200145.html,115,3060,2590,112,166,133837,106,,No seleccionado,,Consultar
2,Licenciatura 2026,202,20200145,CIRUJANO DENTISTA,FACULTAD DE ODONTOLOGÍA,Escolarizado,https://www.dgae.unam.mx/Licenciatura2026/resultados/2/20200145.html,115,3060,2590,112,166,133876,,N,No presentado,,Consultar
2,Licenciatura 2026,202,20200145,CIRUJANO DENTISTA,FACULTAD DE ODONTOLOGÍA,Escolarizado,https://www.dgae.unam.mx/Licenciatura2026/resultados/2/20200145.html,115,3060,2590,112,166,134010,,N,No presentado,,Consultar
2,Licenciatura 2026,202,20200145,CIRUJANO DENTISTA,FACULTAD DE ODONTOLOGÍA,Escolarizado,https://www.dgae.unam.mx/Licenciatura2026/resultados/2/20200145.html,115,3060,2590,112,166,134037,36,,No seleccionado,,Consultar
2,Licenciatura 2026,202,20200145,CIRUJANO DENTISTA,FACULTAD DE ODONTOLOGÍA,Escolarizado,https://www.dgae.unam.mx/Licenciatura2026/resultados/2/20200145.html,115,3060,2590,112,166,134039,109,,No seleccionado,,Consultar
2,Licenciatura 2026,202,20200145,CIRUJANO DENTISTA,FACULTAD DE ODONTOLOGÍA,Escolarizado,https://www.dgae.unam.mx/Licenciatura2026/resultados/2/20200145.html,115,3060,2590,112,166,134040,,N,No presentado,,Consultar
2,Licenciatura 2026,202,20200145,CIRUJANO DENTISTA,FACULTAD DE ODONTOLOGÍA,Escolarizado,https://www.dgae.unam.mx/Licenciatura2026/resultados/2/20200145.html,115,3060,2590,112,166,134069,99,,No seleccionado,,Consultar
2,Licenciatura 2026,202,20200145,CIRUJANO DENTISTA,FACULTAD DE ODONTOLOGÍA,Escolarizado,https://www.dgae.unam.mx/Licenciatura2026/resultados/2/20200145.html,115,3060,2590,112,166,134112,90,,No seleccionado,,Consultar
2,Licenciatura 2026,202,20200145,CIRUJANO DENTISTA,FACULTAD DE ODONTOLOGÍA,Escolarizado,https://www.dgae.unam.mx/Licenciatura2026/resultados/2/20200145.html,115,3060,2590,112,166,134213,8,,No seleccionado,,Consultar
2,Licenciatura 2026,202,20200145,CIRUJANO DENTISTA,FACULTAD DE ODONTOLOGÍA,Escolarizado,https://www.dgae.unam.mx/Licenciatura2026/resultados/2/20200145.html,115,3060,2590,112,166,134221,34,,No seleccionado,,Consultar
2,Licenciatura 2026,202,20200145,CIRUJANO DENTISTA,FACULTAD DE ODONTOLOGÍA,Escolarizado,https://www.dgae.unam.mx/Licenciatura2026/resultados/2/20200145.html,115,3060,2590,112,166,134259,116,S,Seleccionado,Cita para entregar documentación.,Consultar
2,Licenciatura 2026,202,20200145,CIRUJANO DENTISTA,FACULTAD DE ODONTOLOGÍA,Escolarizado,https://www.dgae.unam.mx/Licenciatura2026/resultados/2/20200145.html,115,3060,2590,112,166,134326,97,,No seleccionado,,Consultar
2,Licenciatura 2026,202,20200145,CIRUJANO DENTISTA,FACULTAD DE ODONTOLOGÍA,Escolarizado,https://www.dgae.unam.mx/Licenciatura2026/resultados/2/20200145.html,115,3060,2590,112,166,134336,32,,No seleccionado,,Consultar
2,Licenciatura 2026,202,20200145,CIRUJANO DENTISTA,FACULTAD DE ODONTOLOGÍA,Escolarizado,https://www.dgae.unam.mx/Licenciatura2026/resultados/2/20200145.html,115,3060,2590,112,166,134342,,N,No presentado,,Consultar
2,Licenciatura 2026,202,20200145,CIRUJANO DENTISTA,FACULTAD DE ODONTOLOGÍA,Escolarizado,https://www.dgae.unam.mx/Licenciatura2026/resultados/2/20200145.html,115,3060,2590,112,166,134350,54,,No seleccionado,,Consultar
2,Licenciatura 2026,202,20200145,CIRUJANO DENTISTA,FACULTAD DE ODONTOLOGÍA,Escolarizado,https://www.dgae.unam.mx/Licenciatura2026/resultados/2/20200145.html,115,3060,2590,112,166,134363,,N,No presentado,,Consultar
2,Licenciatura 2026,202,20200145,CIRUJANO DENTISTA,FACULTAD DE ODONTOLOGÍA,Escolarizado,https://www.dgae.unam.mx/Licenciatura2026/resultados/2/20200145.html,115,3060,2590,112,166,134376,93,,No seleccionado,,Consultar
2,Licenciatura 2026,202,20200145,CIRUJANO DENTISTA,FACULTAD DE ODONTOLOGÍA,Escolarizado,https://www.dgae.unam.mx/Licenciatura2026/resultados/2/20200145.html,115,3060,2590,112,166,134382,44,,No seleccionado,,Consultar
2,Licenciatura 2026,202,20200145,CIRUJANO DENTISTA,FACULTAD DE ODONTOLOGÍA,Escolarizado,https://www.dgae.unam.mx/Licenciatura2026/resultados/2/20200145.html,115,3060,2590,112,166,134442,113,S,Seleccionado,Cita para entregar documentación.,Consultar
2,Licenciatura 2026,202,20200145,CIRUJANO DENTISTA,FACULTAD DE ODONTOLOGÍA,Escolarizado,https://www.dgae.unam.mx/Licenciatura2026/resultados/2/20200145.html,115,3060,2590,112,166,134464,,N,No presentado,,Consultar
2,Licenciatura 2026,202,20200145,CIRUJANO DENTISTA,FACULTAD DE ODONTOLOGÍA,Escolarizado,https://www.dgae.unam.mx/Licenciatura2026/resultados/2/20200145.html,115,3060,2590,112,166,134476,,N,No presentado,,Consultar
2,Licenciatura 2026,202,20200145,CIRUJANO DENTISTA,FACULTAD DE ODONTOLOGÍA,Escolarizado,https://www.dgae.unam.mx/Licenciatura2026/resultados/2/20200145.html,115,3060,2590,112,166,134489,90,,No seleccionado,,Consultar
2,Licenciatura 2026,202,20200145,CIRUJANO DENTISTA,FACULTAD DE ODONTOLOGÍA,Escolarizado,https://www.dgae.unam.mx/Licenciatura2026/resultados/2/20200145.html,115,3060,2590,112,166,134501,113,S,Seleccionado,Cita para entregar documentación.,Consultar
2,Licenciatura 2026,202,20200145,CIRUJANO DENTISTA,FACULTAD DE ODONTOLOGÍA,Escolarizado,https://www.dgae.unam.mx/Licenciatura2026/resultados/2/20200145.html,115,3060,2590,112,166,134515,,N,No presentado,,Consultar
2,Licenciatura 2026,202,20200145,CIRUJANO DENTISTA,FACULTAD DE ODONTOLOGÍA,Escolarizado,https://www.dgae.unam.mx/Licenciatura2026/resultados/2/20200145.html,115,3060,2590,112,166,134530,,N,No presentado,,Consultar
2,Licenciatura 2026,202,20200145,CIRUJANO DENTISTA,FACULTAD DE ODONTOLOGÍA,Escolarizado,https://www.dgae.unam.mx/Licenciatura2026/resultados/2/20200145.html,115,3060,2590,112,166,134563,105,,No seleccionado,,Consultar
2,Licenciatura 2026,202,20200145,CIRUJANO DENTISTA,FACULTAD DE ODONTOLOGÍA,Escolarizado,https://www.dgae.unam.mx/Licenciatura2026/resultados/2/20200145.html,115,3060,2590,112,166,134565,,N,No presentado,,Consultar
2,Licenciatura 2026,202,20200145,CIRUJANO DENTISTA,FACULTAD DE ODONTOLOGÍA,Escolarizado,https://www.dgae.unam.mx/Licenciatura2026/resultados/2/20200145.html,115,3060,2590,112,166,134583,43,,No seleccionado,,Consultar
2,Licenciatura 2026,202,20200145,CIRUJANO DENTISTA,FACULTAD DE ODONTOLOGÍA,Escolarizado,https://www.dgae.unam.mx/Licenciatura2026/resultados/2/20200145.html,115,3060,2590,112,166,134589,57,,No seleccionado,,Consultar
2,Licenciatura 2026,202,20200145,CIRUJANO DENTISTA,FACULTAD DE ODONTOLOGÍA,Escolarizado,https://www.dgae.unam.mx/Licenciatura2026/resultados/2/20200145.html,115,3060,2590,112,166,134634,69,,No seleccionado,,Consultar
2,Licenciatura 2026,202,20200145,CIRUJANO DENTISTA,FACULTAD DE ODONTOLOGÍA,Escolarizado,https://www.dgae.unam.mx/Licenciatura2026/resultados/2/20200145.html,115,3060,2590,112,166,134691,70,,No seleccionado,,Consultar
2,Licenciatura 2026,202,20200145,CIRUJANO DENTISTA,FACULTAD DE ODONTOLOGÍA,Escolarizado,https://www.dgae.unam.mx/Licenciatura2026/resultados/2/20200145.html,115,3060,2590,112,166,134705,36,,No seleccionado,,Consultar
2,Licenciatura 2026,202,20200145,CIRUJANO DENTISTA,FACULTAD DE ODONTOLOGÍA,Escolarizado,https://www.dgae.unam.mx/Licenciatura2026/resultados/2/20200145.html,115,3060,2590,112,166,134751,106,,No seleccionado,,Consultar
2,Licenciatura 2026,202,20200145,CIRUJANO DENTISTA,FACULTAD DE ODONTOLOGÍA,Escolarizado,https://www.dgae.unam.mx/Licenciatura2026/resultados/2/20200145.html,115,3060,2590,112,166,134781,84,,No seleccionado,,Consultar
2,Licenciatura 2026,202,20200145,CIRUJANO DENTISTA,FACULTAD DE ODONTOLOGÍA,Escolarizado,https://www.dgae.unam.mx/Licenciatura2026/resultados/2/20200145.html,115,3060,2590,112,166,134827,68,,No seleccionado,,Consultar
2,Licenciatura 2026,202,20200145,CIRUJANO DENTISTA,FACULTAD DE ODONTOLOGÍA,Escolarizado,https://www.dgae.unam.mx/Licenciatura2026/resultados/2/20200145.html,115,3060,2590,112,166,134835,33,,No seleccionado,,Consultar
2,Licenciatura 2026,202,20200145,CIRUJANO DENTISTA,FACULTAD DE ODONTOLOGÍA,Escolarizado,https://www.dgae.unam.mx/Licenciatura2026/resultados/2/20200145.html,115,3060,2590,112,166,134847,86,,No seleccionado,,Consultar
2,Licenciatura 2026,202,20200145,CIRUJANO DENTISTA,FACULTAD DE ODONTOLOGÍA,Escolarizado,https://www.dgae.unam.mx/Licenciatura2026/resultados/2/20200145.html,115,3060,2590,112,166,134872,,C,Cancelado,,Consultar
2,Licenciatura 2026,202,20200145,CIRUJANO DENTISTA,FACULTAD DE ODONTOLOGÍA,Escolarizado,https://www.dgae.unam.mx/Licenciatura2026/resultados/2/20200145.html,115,3060,2590,112,166,134930,,N,No presentado,,Consultar
2,Licenciatura 2026,202,20200145,CIRUJANO DENTISTA,FACULTAD DE ODONTOLOGÍA,Escolarizado,https://www.dgae.unam.mx/Licenciatura2026/resultados/2/20200145.html,115,3060,2590,112,166,134943,35,,No seleccionado,,Consultar
2,Licenciatura 2026,202,20200145,CIRUJANO DENTISTA,FACULTAD DE ODONTOLOGÍA,Escolarizado,https://www.dgae.unam.mx/Licenciatura2026/resultados/2/20200145.html,115,3060,2590,112,166,134964,88,,No seleccionado,,Consultar
2,Licenciatura 2026,202,20200145,CIRUJANO DENTISTA,FACULTAD DE ODONTOLOGÍA,Escolarizado,https://www.dgae.unam.mx/Licenciatura2026/resultados/2/20200145.html,115,3060,2590,112,166,134968,40,,No seleccionado,,Consultar
2,Licenciatura 2026,202,20200145,CIRUJANO DENTISTA,FACULTAD DE ODONTOLOGÍA,Escolarizado,https://www.dgae.unam.mx/Licenciatura2026/resultados/2/20200145.html,115,3060,2590,112,166,134998,,N,No presentado,,Consultar
2,Licenciatura 2026,202,20200145,CIRUJANO DENTISTA,FACULTAD DE ODONTOLOGÍA,Escolarizado,https://www.dgae.unam.mx/Licenciatura2026/resultados/2/20200145.html,115,3060,2590,112,166,134999,94,,No seleccionado,,Consultar
2,Licenciatura 2026,202,20200145,CIRUJANO DENTISTA,FACULTAD DE ODONTOLOGÍA,Escolarizado,https://www.dgae.unam.mx/Licenciatura2026/resultados/2/20200145.html,115,3060,2590,112,166,135040,,N,No presentado,,Consultar
2,Licenciatura 2026,202,20200145,CIRUJANO DENTISTA,FACULTAD DE ODONTOLOGÍA,Escolarizado,https://www.dgae.unam.mx/Licenciatura2026/resultados/2/20200145.html,115,3060,2590,112,166,135061,91,,No seleccionado,,Consultar
2,Licenciatura 2026,202,20200145,CIRUJANO DENTISTA,FACULTAD DE ODONTOLOGÍA,Escolarizado,https://www.dgae.unam.mx/Licenciatura2026/resultados/2/20200145.html,115,3060,2590,112,166,135074,,N,No presentado,,Consultar
2,Licenciatura 2026,202,20200145,CIRUJANO DENTISTA,FACULTAD DE ODONTOLOGÍA,Escolarizado,https://www.dgae.unam.mx/Licenciatura2026/resultados/2/20200145.html,115,3060,2590,112,166,135101,50,,No seleccionado,,Consultar
2,Licenciatura 2026,202,20200145,CIRUJANO DENTISTA,FACULTAD DE ODONTOLOGÍA,Escolarizado,https://www.dgae.unam.mx/Licenciatura2026/resultados/2/20200145.html,115,3060,2590,112,166,135133,57,,No seleccionado,,Consultar
2,Licenciatura 2026,202,20200145,CIRUJANO DENTISTA,FACULTAD DE ODONTOLOGÍA,Escolarizado,https://www.dgae.unam.mx/Licenciatura2026/resultados/2/20200145.html,115,3060,2590,112,166,135163,80,,No seleccionado,,Consultar
2,Licenciatura 2026,202,20200145,CIRUJANO DENTISTA,FACULTAD DE ODONTOLOGÍA,Escolarizado,https://www.dgae.unam.mx/Licenciatura2026/resultados/2/20200145.html,115,3060,2590,112,166,135203,,N,No presentado,,Consultar
2,Licenciatura 2026,202,20200145,CIRUJANO DENTISTA,FACULTAD DE ODONTOLOGÍA,Escolarizado,https://www.dgae.unam.mx/Licenciatura2026/resultados/2/20200145.html,115,3060,2590,112,166,135342,,N,No presentado,,Consultar
2,Licenciatura 2026,202,20200145,CIRUJANO DENTISTA,FACULTAD DE ODONTOLOGÍA,Escolarizado,https://www.dgae.unam.mx/Licenciatura2026/resultados/2/20200145.html,115,3060,2590,112,166,135345,109,,No seleccionado,,Consultar
2,Licenciatura 2026,202,20200145,CIRUJANO DENTISTA,FACULTAD DE ODONTOLOGÍA,Escolarizado,https://www.dgae.unam.mx/Licenciatura2026/resultados/2/20200145.html,115,3060,2590,112,166,135348,115,S,Seleccionado,Cita para entregar documentación.,Consultar
2,Licenciatura 2026,202,20200145,CIRUJANO DENTISTA,FACULTAD DE ODONTOLOGÍA,Escolarizado,https://www.dgae.unam.mx/Licenciatura2026/resultados/2/20200145.html,115,3060,2590,112,166,135352,109,,No seleccionado,,Consultar
2,Licenciatura 2026,202,20200145,CIRUJANO DENTISTA,FACULTAD DE ODONTOLOGÍA,Escolarizado,https://www.dgae.unam.mx/Licenciatura2026/resultados/2/20200145.html,115,3060,2590,112,166,135391,22,,No seleccionado,,Consultar
2,Licenciatura 2026,202,20200145,CIRUJANO DENTISTA,FACULTAD DE ODONTOLOGÍA,Escolarizado,https://www.dgae.unam.mx/Licenciatura2026/resultados/2/20200145.html,115,3060,2590,112,166,135430,,N,No presentado,,Consultar
2,Licenciatura 2026,202,20200145,CIRUJANO DENTISTA,FACULTAD DE ODONTOLOGÍA,Escolarizado,https://www.dgae.unam.mx/Licenciatura2026/resultados/2/20200145.html,115,3060,2590,112,166,135435,105,,No seleccionado,,Consultar
2,Licenciatura 2026,202,20200145,CIRUJANO DENTISTA,FACULTAD DE ODONTOLOGÍA,Escolarizado,https://www.dgae.unam.mx/Licenciatura2026/resultados/2/20200145.html,115,3060,2590,112,166,135441,96,,No seleccionado,,Consultar
2,Licenciatura 2026,202,20200145,CIRUJANO DENTISTA,FACULTAD DE ODONTOLOGÍA,Escolarizado,https://www.dgae.unam.mx/Licenciatura2026/resultados/2/20200145.html,115,3060,2590,112,166,135445,,N,No presentado,,Consultar
2,Licenciatura 2026,202,20200145,CIRUJANO DENTISTA,FACULTAD DE ODONTOLOGÍA,Escolarizado,https://www.dgae.unam.mx/Licenciatura2026/resultados/2/20200145.html,115,3060,2590,112,166,135449,72,,No seleccionado,,Consultar
2,Licenciatura 2026,202,20200145,CIRUJANO DENTISTA,FACULTAD DE ODONTOLOGÍA,Escolarizado,https://www.dgae.unam.mx/Licenciatura2026/resultados/2/20200145.html,115,3060,2590,112,166,135486,38,,No seleccionado,,Consultar
2,Licenciatura 2026,202,20200145,CIRUJANO DENTISTA,FACULTAD DE ODONTOLOGÍA,Escolarizado,https://www.dgae.unam.mx/Licenciatura2026/resultados/2/20200145.html,115,3060,2590,112,166,135515,,N,No presentado,,Consultar
2,Licenciatura 2026,202,20200145,CIRUJANO DENTISTA,FACULTAD DE ODONTOLOGÍA,Escolarizado,https://www.dgae.unam.mx/Licenciatura2026/resultados/2/20200145.html,115,3060,2590,112,166,135532,91,,No seleccionado,,Consultar
2,Licenciatura 2026,202,20200145,CIRUJANO DENTISTA,FACULTAD DE ODONTOLOGÍA,Escolarizado,https://www.dgae.unam.mx/Licenciatura2026/resultados/2/20200145.html,115,3060,2590,112,166,135557,61,,No seleccionado,,Consultar
2,Licenciatura 2026,202,20200145,CIRUJANO DENTISTA,FACULTAD DE ODONTOLOGÍA,Escolarizado,https://www.dgae.unam.mx/Licenciatura2026/resultados/2/20200145.html,115,3060,2590,112,166,135567,,N,No presentado,,Consultar
2,Licenciatura 2026,202,20200145,CIRUJANO DENTISTA,FACULTAD DE ODONTOLOGÍA,Escolarizado,https://www.dgae.unam.mx/Licenciatura2026/resultados/2/20200145.html,115,3060,2590,112,166,135607,104,,No seleccionado,,Consultar
2,Licenciatura 2026,202,20200145,CIRUJANO DENTISTA,FACULTAD DE ODONTOLOGÍA,Escolarizado,https://www.dgae.unam.mx/Licenciatura2026/resultados/2/20200145.html,115,3060,2590,112,166,135621,68,,No seleccionado,,Consultar
2,Licenciatura 2026,202,20200145,CIRUJANO DENTISTA,FACULTAD DE ODONTOLOGÍA,Escolarizado,https://www.dgae.unam.mx/Licenciatura2026/resultados/2/20200145.html,115,3060,2590,112,166,135639,104,,No seleccionado,,Consultar
2,Licenciatura 2026,202,20200145,CIRUJANO DENTISTA,FACULTAD DE ODONTOLOGÍA,Escolarizado,https://www.dgae.unam.mx/Licenciatura2026/resultados/2/20200145.html,115,3060,2590,112,166,135659,,N,No presentado,,Consultar
2,Licenciatura 2026,202,20200145,CIRUJANO DENTISTA,FACULTAD DE ODONTOLOGÍA,Escolarizado,https://www.dgae.unam.mx/Licenciatura2026/resultados/2/20200145.html,115,3060,2590,112,166,135664,101,,No seleccionado,,Consultar
2,Licenciatura 2026,202,20200145,CIRUJANO DENTISTA,FACULTAD DE ODONTOLOGÍA,Escolarizado,https://www.dgae.unam.mx/Licenciatura2026/resultados/2/20200145.html,115,3060,2590,112,166,135726,,N,No presentado,,Consultar
2,Licenciatura 2026,202,20200145,CIRUJANO DENTISTA,FACULTAD DE ODONTOLOGÍA,Escolarizado,https://www.dgae.unam.mx/Licenciatura2026/resultados/2/20200145.html,115,3060,2590,112,166,135766,,N,No presentado,,Consultar
2,Licenciatura 2026,202,20200145,CIRUJANO DENTISTA,FACULTAD DE ODONTOLOGÍA,Escolarizado,https://www.dgae.unam.mx/Licenciatura2026/resultados/2/20200145.html,115,3060,2590,112,166,135798,109,,No seleccionado,,Consultar
2,Licenciatura 2026,202,20200145,CIRUJANO DENTISTA,FACULTAD DE ODONTOLOGÍA,Escolarizado,https://www.dgae.unam.mx/Licenciatura2026/resultados/2/20200145.html,115,3060,2590,112,166,135800,96,,No seleccionado,,Consultar
2,Licenciatura 2026,202,20200145,CIRUJANO DENTISTA,FACULTAD DE ODONTOLOGÍA,Escolarizado,https://www.dgae.unam.mx/Licenciatura2026/resultados/2/20200145.html,115,3060,2590,112,166,135808,64,,No seleccionado,,Consultar
2,Licenciatura 2026,202,20200145,CIRUJANO DENTISTA,FACULTAD DE ODONTOLOGÍA,Escolarizado,https://www.dgae.unam.mx/Licenciatura2026/resultados/2/20200145.html,115,3060,2590,112,166,135811,38,,No seleccionado,,Consultar
2,Licenciatura 2026,202,20200145,CIRUJANO DENTISTA,FACULTAD DE ODONTOLOGÍA,Escolarizado,https://www.dgae.unam.mx/Licenciatura2026/resultados/2/20200145.html,115,3060,2590,112,166,135829,87,,No seleccionado,,Consultar
2,Licenciatura 2026,202,20200145,CIRUJANO DENTISTA,FACULTAD DE ODONTOLOGÍA,Escolarizado,https://www.dgae.unam.mx/Licenciatura2026/resultados/2/20200145.html,115,3060,2590,112,166,135838,,N,No presentado,,Consultar
2,Licenciatura 2026,202,20200145,CIRUJANO DENTISTA,FACULTAD DE ODONTOLOGÍA,Escolarizado,https://www.dgae.unam.mx/Licenciatura2026/resultados/2/20200145.html,115,3060,2590,112,166,135874,,N,No presentado,,Consultar
2,Licenciatura 2026,202,20200145,CIRUJANO DENTISTA,FACULTAD DE ODONTOLOGÍA,Escolarizado,https://www.dgae.unam.mx/Licenciatura2026/resultados/2/20200145.html,115,3060,2590,112,166,135907,104,,No seleccionado,,Consultar
2,Licenciatura 2026,202,20200145,CIRUJANO DENTISTA,FACULTAD DE ODONTOLOGÍA,Escolarizado,https://www.dgae.unam.mx/Licenciatura2026/resultados/2/20200145.html,115,3060,2590,112,166,135948,32,,No seleccionado,,Consultar
2,Licenciatura 2026,202,20200145,CIRUJANO DENTISTA,FACULTAD DE ODONTOLOGÍA,Escolarizado,https://www.dgae.unam.mx/Licenciatura2026/resultados/2/20200145.html,115,3060,2590,112,166,135953,102,,No seleccionado,,Consultar
2,Licenciatura 2026,202,20200145,CIRUJANO DENTISTA,FACULTAD DE ODONTOLOGÍA,Escolarizado,https://www.dgae.unam.mx/Licenciatura2026/resultados/2/20200145.html,115,3060,2590,112,166,135976,51,,No seleccionado,,Consultar
2,Licenciatura 2026,202,20200145,CIRUJANO DENTISTA,FACULTAD DE ODONTOLOGÍA,Escolarizado,https://www.dgae.unam.mx/Licenciatura2026/resultados/2/20200145.html,115,3060,2590,112,166,135988,81,,No seleccionado,,Consultar
2,Licenciatura 2026,202,20200145,CIRUJANO DENTISTA,FACULTAD DE ODONTOLOGÍA,Escolarizado,https://www.dgae.unam.mx/Licenciatura2026/resultados/2/20200145.html,115,3060,2590,112,166,135990,108,,No seleccionado,,Consultar
2,Licenciatura 2026,202,20200145,CIRUJANO DENTISTA,FACULTAD DE ODONTOLOGÍA,Escolarizado,https://www.dgae.unam.mx/Licenciatura2026/resultados/2/20200145.html,115,3060,2590,112,166,136014,70,,No seleccionado,,Consultar
2,Licenciatura 2026,202,20200145,CIRUJANO DENTISTA,FACULTAD DE ODONTOLOGÍA,Escolarizado,https://www.dgae.unam.mx/Licenciatura2026/resultados/2/20200145.html,115,3060,2590,112,166,136051,,C,Cancelado,,Consultar
2,Licenciatura 2026,202,20200145,CIRUJANO DENTISTA,FACULTAD DE ODONTOLOGÍA,Escolarizado,https://www.dgae.unam.mx/Licenciatura2026/resultados/2/20200145.html,115,3060,2590,112,166,136063,91,,No seleccionado,,Consultar
2,Licenciatura 2026,202,20200145,CIRUJANO DENTISTA,FACULTAD DE ODONTOLOGÍA,Escolarizado,https://www.dgae.unam.mx/Licenciatura2026/resultados/2/20200145.html,115,3060,2590,112,166,136064,,N,No presentado,,Consultar
2,Licenciatura 2026,202,20200145,CIRUJANO DENTISTA,FACULTAD DE ODONTOLOGÍA,Escolarizado,https://www.dgae.unam.mx/Licenciatura2026/resultados/2/20200145.html,115,3060,2590,112,166,136074,,N,No presentado,,Consultar
2,Licenciatura 2026,202,20200145,CIRUJANO DENTISTA,FACULTAD DE ODONTOLOGÍA,Escolarizado,https://www.dgae.unam.mx/Licenciatura2026/resultados/2/20200145.html,115,3060,2590,112,166,136075,117,S,Seleccionado,Cita para entregar documentación.,Consultar
2,Licenciatura 2026,202,20200145,CIRUJANO DENTISTA,FACULTAD DE ODONTOLOGÍA,Escolarizado,https://www.dgae.unam.mx/Licenciatura2026/resultados/2/20200145.html,115,3060,2590,112,166,136077,38,,No seleccionado,,Consultar
2,Licenciatura 2026,202,20200145,CIRUJANO DENTISTA,FACULTAD DE ODONTOLOGÍA,Escolarizado,https://www.dgae.unam.mx/Licenciatura2026/resultados/2/20200145.html,115,3060,2590,112,166,136088,58,,No seleccionado,,Consultar
2,Licenciatura 2026,202,20200145,CIRUJANO DENTISTA,FACULTAD DE ODONTOLOGÍA,Escolarizado,https://www.dgae.unam.mx/Licenciatura2026/resultados/2/20200145.html,115,3060,2590,112,166,136090,,N,No presentado,,Consultar
2,Licenciatura 2026,202,20200145,CIRUJANO DENTISTA,FACULTAD DE ODONTOLOGÍA,Escolarizado,https://www.dgae.unam.mx/Licenciatura2026/resultados/2/20200145.html,115,3060,2590,112,166,136094,82,,No seleccionado,,Consultar
2,Licenciatura 2026,202,20200145,CIRUJANO DENTISTA,FACULTAD DE ODONTOLOGÍA,Escolarizado,https://www.dgae.unam.mx/Licenciatura2026/resultados/2/20200145.html,115,3060,2590,112,166,136107,97,,No seleccionado,,Consultar
2,Licenciatura 2026,202,20200145,CIRUJANO DENTISTA,FACULTAD DE ODONTOLOGÍA,Escolarizado,https://www.dgae.unam.mx/Licenciatura2026/resultados/2/20200145.html,115,3060,2590,112,166,136138,65,,No seleccionado,,Consultar
2,Licenciatura 2026,202,20200145,CIRUJANO DENTISTA,FACULTAD DE ODONTOLOGÍA,Escolarizado,https://www.dgae.unam.mx/Licenciatura2026/resultados/2/20200145.html,115,3060,2590,112,166,136160,67,,No seleccionado,,Consultar
2,Licenciatura 2026,202,20200145,CIRUJANO DENTISTA,FACULTAD DE ODONTOLOGÍA,Escolarizado,https://www.dgae.unam.mx/Licenciatura2026/resultados/2/20200145.html,115,3060,2590,112,166,136165,78,,No seleccionado,,Consultar
2,Licenciatura 2026,202,20200145,CIRUJANO DENTISTA,FACULTAD DE ODONTOLOGÍA,Escolarizado,https://www.dgae.unam.mx/Licenciatura2026/resultados/2/20200145.html,115,3060,2590,112,166,136168,42,,No seleccionado,,Consultar
2,Licenciatura 2026,202,20200145,CIRUJANO DENTISTA,FACULTAD DE ODONTOLOGÍA,Escolarizado,https://www.dgae.unam.mx/Licenciatura2026/resultados/2/20200145.html,115,3060,2590,112,166,136177,55,,No seleccionado,,Consultar
2,Licenciatura 2026,202,20200145,CIRUJANO DENTISTA,FACULTAD DE ODONTOLOGÍA,Escolarizado,https://www.dgae.unam.mx/Licenciatura2026/resultados/2/20200145.html,115,3060,2590,112,166,136222,,N,No presentado,,Consultar
2,Licenciatura 2026,202,20200145,CIRUJANO DENTISTA,FACULTAD DE ODONTOLOGÍA,Escolarizado,https://www.dgae.unam.mx/Licenciatura2026/resultados/2/20200145.html,115,3060,2590,112,166,136225,52,,No seleccionado,,Consultar
2,Licenciatura 2026,202,20200145,CIRUJANO DENTISTA,FACULTAD DE ODONTOLOGÍA,Escolarizado,https://www.dgae.unam.mx/Licenciatura2026/resultados/2/20200145.html,115,3060,2590,112,166,136244,36,,No seleccionado,,Consultar
2,Licenciatura 2026,202,20200145,CIRUJANO DENTISTA,FACULTAD DE ODONTOLOGÍA,Escolarizado,https://www.dgae.unam.mx/Licenciatura2026/resultados/2/20200145.html,115,3060,2590,112,166,136266,71,,No seleccionado,,Consultar
2,Licenciatura 2026,202,20200145,CIRUJANO DENTISTA,FACULTAD DE ODONTOLOGÍA,Escolarizado,https://www.dgae.unam.mx/Licenciatura2026/resultados/2/20200145.html,115,3060,2590,112,166,136270,70,,No seleccionado,,Consultar
2,Licenciatura 2026,202,20200145,CIRUJANO DENTISTA,FACULTAD DE ODONTOLOGÍA,Escolarizado,https://www.dgae.unam.mx/Licenciatura2026/resultados/2/20200145.html,115,3060,2590,112,166,136271,,N,No presentado,,Consultar
2,Licenciatura 2026,202,20200145,CIRUJANO DENTISTA,FACULTAD DE ODONTOLOGÍA,Escolarizado,https://www.dgae.unam.mx/Licenciatura2026/resultados/2/20200145.html,115,3060,2590,112,166,136277,,N,No presentado,,Consultar
2,Licenciatura 2026,202,20200145,CIRUJANO DENTISTA,FACULTAD DE ODONTOLOGÍA,Escolarizado,https://www.dgae.unam.mx/Licenciatura2026/resultados/2/20200145.html,115,3060,2590,112,166,136292,106,,No seleccionado,,Consultar
2,Licenciatura 2026,202,20200145,CIRUJANO DENTISTA,FACULTAD DE ODONTOLOGÍA,Escolarizado,https://www.dgae.unam.mx/Licenciatura2026/resultados/2/20200145.html,115,3060,2590,112,166,136293,,N,No presentado,,Consultar
2,Licenciatura 2026,202,20200145,CIRUJANO DENTISTA,FACULTAD DE ODONTOLOGÍA,Escolarizado,https://www.dgae.unam.mx/Licenciatura2026/resultados/2/20200145.html,115,3060,2590,112,166,136302,107,,No seleccionado,,Consultar
2,Licenciatura 2026,202,20200145,CIRUJANO DENTISTA,FACULTAD DE ODONTOLOGÍA,Escolarizado,https://www.dgae.unam.mx/Licenciatura2026/resultados/2/20200145.html,115,3060,2590,112,166,136403,51,,No seleccionado,,Consultar
2,Licenciatura 2026,202,20200145,CIRUJANO DENTISTA,FACULTAD DE ODONTOLOGÍA,Escolarizado,https://www.dgae.unam.mx/Licenciatura2026/resultados/2/20200145.html,115,3060,2590,112,166,136414,89,,No seleccionado,,Consultar
2,Licenciatura 2026,202,20200145,CIRUJANO DENTISTA,FACULTAD DE ODONTOLOGÍA,Escolarizado,https://www.dgae.unam.mx/Licenciatura2026/resultados/2/20200145.html,115,3060,2590,112,166,136445,55,,No seleccionado,,Consultar
2,Licenciatura 2026,202,20200145,CIRUJANO DENTISTA,FACULTAD DE ODONTOLOGÍA,Escolarizado,https://www.dgae.unam.mx/Licenciatura2026/resultados/2/20200145.html,115,3060,2590,112,166,136448,68,,No seleccionado,,Consultar
2,Licenciatura 2026,202,20200145,CIRUJANO DENTISTA,FACULTAD DE ODONTOLOGÍA,Escolarizado,https://www.dgae.unam.mx/Licenciatura2026/resultados/2/20200145.html,115,3060,2590,112,166,136500,107,,No seleccionado,,Consultar
2,Licenciatura 2026,202,20200145,CIRUJANO DENTISTA,FACULTAD DE ODONTOLOGÍA,Escolarizado,https://www.dgae.unam.mx/Licenciatura2026/resultados/2/20200145.html,115,3060,2590,112,166,136530,37,,No seleccionado,,Consultar
2,Licenciatura 2026,202,20200145,CIRUJANO DENTISTA,FACULTAD DE ODONTOLOGÍA,Escolarizado,https://www.dgae.unam.mx/Licenciatura2026/resultados/2/20200145.html,115,3060,2590,112,166,136541,114,S,Seleccionado,Cita para entregar documentación.,Consultar
2,Licenciatura 2026,202,20200145,CIRUJANO DENTISTA,FACULTAD DE ODONTOLOGÍA,Escolarizado,https://www.dgae.unam.mx/Licenciatura2026/resultados/2/20200145.html,115,3060,2590,112,166,136580,,N,No presentado,,Consultar
2,Licenciatura 2026,202,20200145,CIRUJANO DENTISTA,FACULTAD DE ODONTOLOGÍA,Escolarizado,https://www.dgae.unam.mx/Licenciatura2026/resultados/2/20200145.html,115,3060,2590,112,166,136656,96,,No seleccionado,,Consultar
2,Licenciatura 2026,202,20200145,CIRUJANO DENTISTA,FACULTAD DE ODONTOLOGÍA,Escolarizado,https://www.dgae.unam.mx/Licenciatura2026/resultados/2/20200145.html,115,3060,2590,112,166,136690,55,,No seleccionado,,Consultar
2,Licenciatura 2026,202,20200145,CIRUJANO DENTISTA,FACULTAD DE ODONTOLOGÍA,Escolarizado,https://www.dgae.unam.mx/Licenciatura2026/resultados/2/20200145.html,115,3060,2590,112,166,136695,103,,No seleccionado,,Consultar
2,Licenciatura 2026,202,20200145,CIRUJANO DENTISTA,FACULTAD DE ODONTOLOGÍA,Escolarizado,https://www.dgae.unam.mx/Licenciatura2026/resultados/2/20200145.html,115,3060,2590,112,166,136703,92,,No seleccionado,,Consultar
2,Licenciatura 2026,202,20200145,CIRUJANO DENTISTA,FACULTAD DE ODONTOLOGÍA,Escolarizado,https://www.dgae.unam.mx/Licenciatura2026/resultados/2/20200145.html,115,3060,2590,112,166,136705,102,,No seleccionado,,Consultar
2,Licenciatura 2026,202,20200145,CIRUJANO DENTISTA,FACULTAD DE ODONTOLOGÍA,Escolarizado,https://www.dgae.unam.mx/Licenciatura2026/resultados/2/20200145.html,115,3060,2590,112,166,136721,34,,No seleccionado,,Consultar
2,Licenciatura 2026,202,20200145,CIRUJANO DENTISTA,FACULTAD DE ODONTOLOGÍA,Escolarizado,https://www.dgae.unam.mx/Licenciatura2026/resultados/2/20200145.html,115,3060,2590,112,166,136726,,N,No presentado,,Consultar
2,Licenciatura 2026,202,20200145,CIRUJANO DENTISTA,FACULTAD DE ODONTOLOGÍA,Escolarizado,https://www.dgae.unam.mx/Licenciatura2026/resultados/2/20200145.html,115,3060,2590,112,166,136753,76,,No seleccionado,,Consultar
2,Licenciatura 2026,202,20200145,CIRUJANO DENTISTA,FACULTAD DE ODONTOLOGÍA,Escolarizado,https://www.dgae.unam.mx/Licenciatura2026/resultados/2/20200145.html,115,3060,2590,112,166,136784,,N,No presentado,,Consultar
2,Licenciatura 2026,202,20200145,CIRUJANO DENTISTA,FACULTAD DE ODONTOLOGÍA,Escolarizado,https://www.dgae.unam.mx/Licenciatura2026/resultados/2/20200145.html,115,3060,2590,112,166,136785,87,,No seleccionado,,Consultar
2,Licenciatura 2026,202,20200145,CIRUJANO DENTISTA,FACULTAD DE ODONTOLOGÍA,Escolarizado,https://www.dgae.unam.mx/Licenciatura2026/resultados/2/20200145.html,115,3060,2590,112,166,136786,101,,No seleccionado,,Consultar
2,Licenciatura 2026,202,20200145,CIRUJANO DENTISTA,FACULTAD DE ODONTOLOGÍA,Escolarizado,https://www.dgae.unam.mx/Licenciatura2026/resultados/2/20200145.html,115,3060,2590,112,166,136791,,C,Cancelado,,Consultar
2,Licenciatura 2026,202,20200145,CIRUJANO DENTISTA,FACULTAD DE ODONTOLOGÍA,Escolarizado,https://www.dgae.unam.mx/Licenciatura2026/resultados/2/20200145.html,115,3060,2590,112,166,136841,,N,No presentado,,Consultar
2,Licenciatura 2026,202,20200145,CIRUJANO DENTISTA,FACULTAD DE ODONTOLOGÍA,Escolarizado,https://www.dgae.unam.mx/Licenciatura2026/resultados/2/20200145.html,115,3060,2590,112,166,136843,87,,No seleccionado,,Consultar
2,Licenciatura 2026,202,20200145,CIRUJANO DENTISTA,FACULTAD DE ODONTOLOGÍA,Escolarizado,https://www.dgae.unam.mx/Licenciatura2026/resultados/2/20200145.html,115,3060,2590,112,166,136907,104,,No seleccionado,,Consultar
2,Licenciatura 2026,202,20200145,CIRUJANO DENTISTA,FACULTAD DE ODONTOLOGÍA,Escolarizado,https://www.dgae.unam.mx/Licenciatura2026/resultados/2/20200145.html,115,3060,2590,112,166,136916,93,,No seleccionado,,Consultar
2,Licenciatura 2026,202,20200145,CIRUJANO DENTISTA,FACULTAD DE ODONTOLOGÍA,Escolarizado,https://www.dgae.unam.mx/Licenciatura2026/resultados/2/20200145.html,115,3060,2590,112,166,136940,76,,No seleccionado,,Consultar
2,Licenciatura 2026,202,20200145,CIRUJANO DENTISTA,FACULTAD DE ODONTOLOGÍA,Escolarizado,https://www.dgae.unam.mx/Licenciatura2026/resultados/2/20200145.html,115,3060,2590,112,166,136946,,N,No presentado,,Consultar
2,Licenciatura 2026,202,20200145,CIRUJANO DENTISTA,FACULTAD DE ODONTOLOGÍA,Escolarizado,https://www.dgae.unam.mx/Licenciatura2026/resultados/2/20200145.html,115,3060,2590,112,166,136962,65,,No seleccionado,,Consultar
2,Licenciatura 2026,202,20200145,CIRUJANO DENTISTA,FACULTAD DE ODONTOLOGÍA,Escolarizado,https://www.dgae.unam.mx/Licenciatura2026/resultados/2/20200145.html,115,3060,2590,112,166,136995,107,,No seleccionado,,Consultar
2,Licenciatura 2026,202,20200145,CIRUJANO DENTISTA,FACULTAD DE ODONTOLOGÍA,Escolarizado,https://www.dgae.unam.mx/Licenciatura2026/resultados/2/20200145.html,115,3060,2590,112,166,137004,115,S,Seleccionado,Cita para entregar documentación.,Consultar
2,Licenciatura 2026,202,20200145,CIRUJANO DENTISTA,FACULTAD DE ODONTOLOGÍA,Escolarizado,https://www.dgae.unam.mx/Licenciatura2026/resultados/2/20200145.html,115,3060,2590,112,166,137023,68,,No seleccionado,,Consultar
2,Licenciatura 2026,202,20200145,CIRUJANO DENTISTA,FACULTAD DE ODONTOLOGÍA,Escolarizado,https://www.dgae.unam.mx/Licenciatura2026/resultados/2/20200145.html,115,3060,2590,112,166,137028,75,,No seleccionado,,Consultar
2,Licenciatura 2026,202,20200145,CIRUJANO DENTISTA,FACULTAD DE ODONTOLOGÍA,Escolarizado,https://www.dgae.unam.mx/Licenciatura2026/resultados/2/20200145.html,115,3060,2590,112,166,137044,109,,No seleccionado,,Consultar
2,Licenciatura 2026,202,20200145,CIRUJANO DENTISTA,FACULTAD DE ODONTOLOGÍA,Escolarizado,https://www.dgae.unam.mx/Licenciatura2026/resultados/2/20200145.html,115,3060,2590,112,166,137046,96,,No seleccionado,,Consultar
2,Licenciatura 2026,202,20200145,CIRUJANO DENTISTA,FACULTAD DE ODONTOLOGÍA,Escolarizado,https://www.dgae.unam.mx/Licenciatura2026/resultados/2/20200145.html,115,3060,2590,112,166,137068,,N,No presentado,,Consultar
2,Licenciatura 2026,202,20200145,CIRUJANO DENTISTA,FACULTAD DE ODONTOLOGÍA,Escolarizado,https://www.dgae.unam.mx/Licenciatura2026/resultados/2/20200145.html,115,3060,2590,112,166,137085,,N,No presentado,,Consultar
2,Licenciatura 2026,202,20200145,CIRUJANO DENTISTA,FACULTAD DE ODONTOLOGÍA,Escolarizado,https://www.dgae.unam.mx/Licenciatura2026/resultados/2/20200145.html,115,3060,2590,112,166,137089,,N,No presentado,,Consultar
2,Licenciatura 2026,202,20200145,CIRUJANO DENTISTA,FACULTAD DE ODONTOLOGÍA,Escolarizado,https://www.dgae.unam.mx/Licenciatura2026/resultados/2/20200145.html,115,3060,2590,112,166,137097,80,,No seleccionado,,Consultar
2,Licenciatura 2026,202,20200145,CIRUJANO DENTISTA,FACULTAD DE ODONTOLOGÍA,Escolarizado,https://www.dgae.unam.mx/Licenciatura2026/resultados/2/20200145.html,115,3060,2590,112,166,137102,43,,No seleccionado,,Consultar
2,Licenciatura 2026,202,20200145,CIRUJANO DENTISTA,FACULTAD DE ODONTOLOGÍA,Escolarizado,https://www.dgae.unam.mx/Licenciatura2026/resultados/2/20200145.html,115,3060,2590,112,166,137136,,N,No presentado,,Consultar
2,Licenciatura 2026,202,20200145,CIRUJANO DENTISTA,FACULTAD DE ODONTOLOGÍA,Escolarizado,https://www.dgae.unam.mx/Licenciatura2026/resultados/2/20200145.html,115,3060,2590,112,166,137153,82,,No seleccionado,,Consultar
2,Licenciatura 2026,202,20200145,CIRUJANO DENTISTA,FACULTAD DE ODONTOLOGÍA,Escolarizado,https://www.dgae.unam.mx/Licenciatura2026/resultados/2/20200145.html,115,3060,2590,112,166,137165,115,S,Seleccionado,Cita para entregar documentación.,Consultar
2,Licenciatura 2026,202,20200145,CIRUJANO DENTISTA,FACULTAD DE ODONTOLOGÍA,Escolarizado,https://www.dgae.unam.mx/Licenciatura2026/resultados/2/20200145.html,115,3060,2590,112,166,137228,75,,No seleccionado,,Consultar
2,Licenciatura 2026,202,20200145,CIRUJANO DENTISTA,FACULTAD DE ODONTOLOGÍA,Escolarizado,https://www.dgae.unam.mx/Licenciatura2026/resultados/2/20200145.html,115,3060,2590,112,166,137238,106,,No seleccionado,,Consultar
2,Licenciatura 2026,202,20200145,CIRUJANO DENTISTA,FACULTAD DE ODONTOLOGÍA,Escolarizado,https://www.dgae.unam.mx/Licenciatura2026/resultados/2/20200145.html,115,3060,2590,112,166,137250,,N,No presentado,,Consultar
2,Licenciatura 2026,202,20200145,CIRUJANO DENTISTA,FACULTAD DE ODONTOLOGÍA,Escolarizado,https://www.dgae.unam.mx/Licenciatura2026/resultados/2/20200145.html,115,3060,2590,112,166,137258,71,,No seleccionado,,Consultar
2,Licenciatura 2026,202,20200145,CIRUJANO DENTISTA,FACULTAD DE ODONTOLOGÍA,Escolarizado,https://www.dgae.unam.mx/Licenciatura2026/resultados/2/20200145.html,115,3060,2590,112,166,137315,33,,No seleccionado,,Consultar
2,Licenciatura 2026,202,20200145,CIRUJANO DENTISTA,FACULTAD DE ODONTOLOGÍA,Escolarizado,https://www.dgae.unam.mx/Licenciatura2026/resultados/2/20200145.html,115,3060,2590,112,166,137348,,N,No presentado,,Consultar
2,Licenciatura 2026,202,20200145,CIRUJANO DENTISTA,FACULTAD DE ODONTOLOGÍA,Escolarizado,https://www.dgae.unam.mx/Licenciatura2026/resultados/2/20200145.html,115,3060,2590,112,166,137351,87,,No seleccionado,,Consultar
2,Licenciatura 2026,202,20200145,CIRUJANO DENTISTA,FACULTAD DE ODONTOLOGÍA,Escolarizado,https://www.dgae.unam.mx/Licenciatura2026/resultados/2/20200145.html,115,3060,2590,112,166,137363,41,,No seleccionado,,Consultar
2,Licenciatura 2026,202,20200145,CIRUJANO DENTISTA,FACULTAD DE ODONTOLOGÍA,Escolarizado,https://www.dgae.unam.mx/Licenciatura2026/resultados/2/20200145.html,115,3060,2590,112,166,137420,,N,No presentado,,Consultar
2,Licenciatura 2026,202,20200145,CIRUJANO DENTISTA,FACULTAD DE ODONTOLOGÍA,Escolarizado,https://www.dgae.unam.mx/Licenciatura2026/resultados/2/20200145.html,115,3060,2590,112,166,137458,,N,No presentado,,Consultar
2,Licenciatura 2026,202,20200145,CIRUJANO DENTISTA,FACULTAD DE ODONTOLOGÍA,Escolarizado,https://www.dgae.unam.mx/Licenciatura2026/resultados/2/20200145.html,115,3060,2590,112,166,137476,56,,No seleccionado,,Consultar
2,Licenciatura 2026,202,20200145,CIRUJANO DENTISTA,FACULTAD DE ODONTOLOGÍA,Escolarizado,https://www.dgae.unam.mx/Licenciatura2026/resultados/2/20200145.html,115,3060,2590,112,166,137485,,C,Cancelado,,Consultar
2,Licenciatura 2026,202,20200145,CIRUJANO DENTISTA,FACULTAD DE ODONTOLOGÍA,Escolarizado,https://www.dgae.unam.mx/Licenciatura2026/resultados/2/20200145.html,115,3060,2590,112,166,137516,91,,No seleccionado,,Consultar
2,Licenciatura 2026,202,20200145,CIRUJANO DENTISTA,FACULTAD DE ODONTOLOGÍA,Escolarizado,https://www.dgae.unam.mx/Licenciatura2026/resultados/2/20200145.html,115,3060,2590,112,166,137583,87,,No seleccionado,,Consultar
2,Licenciatura 2026,202,20200145,CIRUJANO DENTISTA,FACULTAD DE ODONTOLOGÍA,Escolarizado,https://www.dgae.unam.mx/Licenciatura2026/resultados/2/20200145.html,115,3060,2590,112,166,137586,96,,No seleccionado,,Consultar
2,Licenciatura 2026,202,20200145,CIRUJANO DENTISTA,FACULTAD DE ODONTOLOGÍA,Escolarizado,https://www.dgae.unam.mx/Licenciatura2026/resultados/2/20200145.html,115,3060,2590,112,166,137603,45,,No seleccionado,,Consultar
2,Licenciatura 2026,202,20200145,CIRUJANO DENTISTA,FACULTAD DE ODONTOLOGÍA,Escolarizado,https://www.dgae.unam.mx/Licenciatura2026/resultados/2/20200145.html,115,3060,2590,112,166,137605,,N,No presentado,,Consultar
2,Licenciatura 2026,202,20200145,CIRUJANO DENTISTA,FACULTAD DE ODONTOLOGÍA,Escolarizado,https://www.dgae.unam.mx/Licenciatura2026/resultados/2/20200145.html,115,3060,2590,112,166,137638,110,,No seleccionado,,Consultar
2,Licenciatura 2026,202,20200145,CIRUJANO DENTISTA,FACULTAD DE ODONTOLOGÍA,Escolarizado,https://www.dgae.unam.mx/Licenciatura2026/resultados/2/20200145.html,115,3060,2590,112,166,137665,48,,No seleccionado,,Consultar
2,Licenciatura 2026,202,20200145,CIRUJANO DENTISTA,FACULTAD DE ODONTOLOGÍA,Escolarizado,https://www.dgae.unam.mx/Licenciatura2026/resultados/2/20200145.html,115,3060,2590,112,166,137685,50,,No seleccionado,,Consultar
2,Licenciatura 2026,202,20200145,CIRUJANO DENTISTA,FACULTAD DE ODONTOLOGÍA,Escolarizado,https://www.dgae.unam.mx/Licenciatura2026/resultados/2/20200145.html,115,3060,2590,112,166,137708,92,,No seleccionado,,Consultar
2,Licenciatura 2026,202,20200145,CIRUJANO DENTISTA,FACULTAD DE ODONTOLOGÍA,Escolarizado,https://www.dgae.unam.mx/Licenciatura2026/resultados/2/20200145.html,115,3060,2590,112,166,137772,110,,No seleccionado,,Consultar
2,Licenciatura 2026,202,20200145,CIRUJANO DENTISTA,FACULTAD DE ODONTOLOGÍA,Escolarizado,https://www.dgae.unam.mx/Licenciatura2026/resultados/2/20200145.html,115,3060,2590,112,166,137784,58,,No seleccionado,,Consultar
2,Licenciatura 2026,202,20200145,CIRUJANO DENTISTA,FACULTAD DE ODONTOLOGÍA,Escolarizado,https://www.dgae.unam.mx/Licenciatura2026/resultados/2/20200145.html,115,3060,2590,112,166,137839,,N,No presentado,,Consultar
2,Licenciatura 2026,202,20200145,CIRUJANO DENTISTA,FACULTAD DE ODONTOLOGÍA,Escolarizado,https://www.dgae.unam.mx/Licenciatura2026/resultados/2/20200145.html,115,3060,2590,112,166,137844,54,,No seleccionado,,Consultar
2,Licenciatura 2026,202,20200145,CIRUJANO DENTISTA,FACULTAD DE ODONTOLOGÍA,Escolarizado,https://www.dgae.unam.mx/Licenciatura2026/resultados/2/20200145.html,115,3060,2590,112,166,137864,46,,No seleccionado,,Consultar
2,Licenciatura 2026,202,20200145,CIRUJANO DENTISTA,FACULTAD DE ODONTOLOGÍA,Escolarizado,https://www.dgae.unam.mx/Licenciatura2026/resultados/2/20200145.html,115,3060,2590,112,166,137894,39,,No seleccionado,,Consultar
2,Licenciatura 2026,202,20200145,CIRUJANO DENTISTA,FACULTAD DE ODONTOLOGÍA,Escolarizado,https://www.dgae.unam.mx/Licenciatura2026/resultados/2/20200145.html,115,3060,2590,112,166,137906,84,,No seleccionado,,Consultar
2,Licenciatura 2026,202,20200145,CIRUJANO DENTISTA,FACULTAD DE ODONTOLOGÍA,Escolarizado,https://www.dgae.unam.mx/Licenciatura2026/resultados/2/20200145.html,115,3060,2590,112,166,137920,87,,No seleccionado,,Consultar
2,Licenciatura 2026,202,20200145,CIRUJANO DENTISTA,FACULTAD DE ODONTOLOGÍA,Escolarizado,https://www.dgae.unam.mx/Licenciatura2026/resultados/2/20200145.html,115,3060,2590,112,166,137951,104,,No seleccionado,,Consultar
2,Licenciatura 2026,202,20200145,CIRUJANO DENTISTA,FACULTAD DE ODONTOLOGÍA,Escolarizado,https://www.dgae.unam.mx/Licenciatura2026/resultados/2/20200145.html,115,3060,2590,112,166,137955,46,,No seleccionado,,Consultar
2,Licenciatura 2026,202,20200145,CIRUJANO DENTISTA,FACULTAD DE ODONTOLOGÍA,Escolarizado,https://www.dgae.unam.mx/Licenciatura2026/resultados/2/20200145.html,115,3060,2590,112,166,137968,97,,No seleccionado,,Consultar
2,Licenciatura 2026,202,20200145,CIRUJANO DENTISTA,FACULTAD DE ODONTOLOGÍA,Escolarizado,https://www.dgae.unam.mx/Licenciatura2026/resultados/2/20200145.html,115,3060,2590,112,166,138033,73,,No seleccionado,,Consultar
2,Licenciatura 2026,202,20200145,CIRUJANO DENTISTA,FACULTAD DE ODONTOLOGÍA,Escolarizado,https://www.dgae.unam.mx/Licenciatura2026/resultados/2/20200145.html,115,3060,2590,112,166,138071,58,,No seleccionado,,Consultar
2,Licenciatura 2026,202,20200145,CIRUJANO DENTISTA,FACULTAD DE ODONTOLOGÍA,Escolarizado,https://www.dgae.unam.mx/Licenciatura2026/resultados/2/20200145.html,115,3060,2590,112,166,138106,,N,No presentado,,Consultar
2,Licenciatura 2026,202,20200145,CIRUJANO DENTISTA,FACULTAD DE ODONTOLOGÍA,Escolarizado,https://www.dgae.unam.mx/Licenciatura2026/resultados/2/20200145.html,115,3060,2590,112,166,138156,100,,No seleccionado,,Consultar
2,Licenciatura 2026,202,20200145,CIRUJANO DENTISTA,FACULTAD DE ODONTOLOGÍA,Escolarizado,https://www.dgae.unam.mx/Licenciatura2026/resultados/2/20200145.html,115,3060,2590,112,166,138182,97,,No seleccionado,,Consultar
2,Licenciatura 2026,202,20200145,CIRUJANO DENTISTA,FACULTAD DE ODONTOLOGÍA,Escolarizado,https://www.dgae.unam.mx/Licenciatura2026/resultados/2/20200145.html,115,3060,2590,112,166,138187,,N,No presentado,,Consultar
2,Licenciatura 2026,202,20200145,CIRUJANO DENTISTA,FACULTAD DE ODONTOLOGÍA,Escolarizado,https://www.dgae.unam.mx/Licenciatura2026/resultados/2/20200145.html,115,3060,2590,112,166,138217,32,,No seleccionado,,Consultar
2,Licenciatura 2026,202,20200145,CIRUJANO DENTISTA,FACULTAD DE ODONTOLOGÍA,Escolarizado,https://www.dgae.unam.mx/Licenciatura2026/resultados/2/20200145.html,115,3060,2590,112,166,138218,50,,No seleccionado,,Consultar
2,Licenciatura 2026,202,20200145,CIRUJANO DENTISTA,FACULTAD DE ODONTOLOGÍA,Escolarizado,https://www.dgae.unam.mx/Licenciatura2026/resultados/2/20200145.html,115,3060,2590,112,166,138223,57,,No seleccionado,,Consultar
2,Licenciatura 2026,202,20200145,CIRUJANO DENTISTA,FACULTAD DE ODONTOLOGÍA,Escolarizado,https://www.dgae.unam.mx/Licenciatura2026/resultados/2/20200145.html,115,3060,2590,112,166,138238,91,,No seleccionado,,Consultar
2,Licenciatura 2026,202,20200145,CIRUJANO DENTISTA,FACULTAD DE ODONTOLOGÍA,Escolarizado,https://www.dgae.unam.mx/Licenciatura2026/resultados/2/20200145.html,115,3060,2590,112,166,138248,113,S,Seleccionado,Cita para entregar documentación.,Consultar
2,Licenciatura 2026,202,20200145,CIRUJANO DENTISTA,FACULTAD DE ODONTOLOGÍA,Escolarizado,https://www.dgae.unam.mx/Licenciatura2026/resultados/2/20200145.html,115,3060,2590,112,166,138266,108,,No seleccionado,,Consultar
2,Licenciatura 2026,202,20200145,CIRUJANO DENTISTA,FACULTAD DE ODONTOLOGÍA,Escolarizado,https://www.dgae.unam.mx/Licenciatura2026/resultados/2/20200145.html,115,3060,2590,112,166,138280,,N,No presentado,,Consultar
2,Licenciatura 2026,202,20200145,CIRUJANO DENTISTA,FACULTAD DE ODONTOLOGÍA,Escolarizado,https://www.dgae.unam.mx/Licenciatura2026/resultados/2/20200145.html,115,3060,2590,112,166,138282,,N,No presentado,,Consultar
2,Licenciatura 2026,202,20200145,CIRUJANO DENTISTA,FACULTAD DE ODONTOLOGÍA,Escolarizado,https://www.dgae.unam.mx/Licenciatura2026/resultados/2/20200145.html,115,3060,2590,112,166,138300,,N,No presentado,,Consultar
2,Licenciatura 2026,202,20200145,CIRUJANO DENTISTA,FACULTAD DE ODONTOLOGÍA,Escolarizado,https://www.dgae.unam.mx/Licenciatura2026/resultados/2/20200145.html,115,3060,2590,112,166,138319,,N,No presentado,,Consultar
2,Licenciatura 2026,202,20200145,CIRUJANO DENTISTA,FACULTAD DE ODONTOLOGÍA,Escolarizado,https://www.dgae.unam.mx/Licenciatura2026/resultados/2/20200145.html,115,3060,2590,112,166,138339,42,,No seleccionado,,Consultar
2,Licenciatura 2026,202,20200145,CIRUJANO DENTISTA,FACULTAD DE ODONTOLOGÍA,Escolarizado,https://www.dgae.unam.mx/Licenciatura2026/resultados/2/20200145.html,115,3060,2590,112,166,138368,85,,No seleccionado,,Consultar
2,Licenciatura 2026,202,20200145,CIRUJANO DENTISTA,FACULTAD DE ODONTOLOGÍA,Escolarizado,https://www.dgae.unam.mx/Licenciatura2026/resultados/2/20200145.html,115,3060,2590,112,166,138370,100,,No seleccionado,,Consultar
2,Licenciatura 2026,202,20200145,CIRUJANO DENTISTA,FACULTAD DE ODONTOLOGÍA,Escolarizado,https://www.dgae.unam.mx/Licenciatura2026/resultados/2/20200145.html,115,3060,2590,112,166,138377,56,,No seleccionado,,Consultar
2,Licenciatura 2026,202,20200145,CIRUJANO DENTISTA,FACULTAD DE ODONTOLOGÍA,Escolarizado,https://www.dgae.unam.mx/Licenciatura2026/resultados/2/20200145.html,115,3060,2590,112,166,138398,,N,No presentado,,Consultar
2,Licenciatura 2026,202,20200145,CIRUJANO DENTISTA,FACULTAD DE ODONTOLOGÍA,Escolarizado,https://www.dgae.unam.mx/Licenciatura2026/resultados/2/20200145.html,115,3060,2590,112,166,138403,40,,No seleccionado,,Consultar
2,Licenciatura 2026,202,20200145,CIRUJANO DENTISTA,FACULTAD DE ODONTOLOGÍA,Escolarizado,https://www.dgae.unam.mx/Licenciatura2026/resultados/2/20200145.html,115,3060,2590,112,166,138436,30,,No seleccionado,,Consultar
2,Licenciatura 2026,202,20200145,CIRUJANO DENTISTA,FACULTAD DE ODONTOLOGÍA,Escolarizado,https://www.dgae.unam.mx/Licenciatura2026/resultados/2/20200145.html,115,3060,2590,112,166,138443,27,,No seleccionado,,Consultar
2,Licenciatura 2026,202,20200145,CIRUJANO DENTISTA,FACULTAD DE ODONTOLOGÍA,Escolarizado,https://www.dgae.unam.mx/Licenciatura2026/resultados/2/20200145.html,115,3060,2590,112,166,138466,,N,No presentado,,Consultar
2,Licenciatura 2026,202,20200145,CIRUJANO DENTISTA,FACULTAD DE ODONTOLOGÍA,Escolarizado,https://www.dgae.unam.mx/Licenciatura2026/resultados/2/20200145.html,115,3060,2590,112,166,138481,,N,No presentado,,Consultar
2,Licenciatura 2026,202,20200145,CIRUJANO DENTISTA,FACULTAD DE ODONTOLOGÍA,Escolarizado,https://www.dgae.unam.mx/Licenciatura2026/resultados/2/20200145.html,115,3060,2590,112,166,138489,115,S,Seleccionado,Cita para entregar documentación.,Consultar
2,Licenciatura 2026,202,20200145,CIRUJANO DENTISTA,FACULTAD DE ODONTOLOGÍA,Escolarizado,https://www.dgae.unam.mx/Licenciatura2026/resultados/2/20200145.html,115,3060,2590,112,166,138507,64,,No seleccionado,,Consultar
2,Licenciatura 2026,202,20200145,CIRUJANO DENTISTA,FACULTAD DE ODONTOLOGÍA,Escolarizado,https://www.dgae.unam.mx/Licenciatura2026/resultados/2/20200145.html,115,3060,2590,112,166,138540,84,,No seleccionado,,Consultar
2,Licenciatura 2026,202,20200145,CIRUJANO DENTISTA,FACULTAD DE ODONTOLOGÍA,Escolarizado,https://www.dgae.unam.mx/Licenciatura2026/resultados/2/20200145.html,115,3060,2590,112,166,138576,,N,No presentado,,Consultar
2,Licenciatura 2026,202,20200145,CIRUJANO DENTISTA,FACULTAD DE ODONTOLOGÍA,Escolarizado,https://www.dgae.unam.mx/Licenciatura2026/resultados/2/20200145.html,115,3060,2590,112,166,138578,112,S,Seleccionado,Cita para entregar documentación.,Consultar
2,Licenciatura 2026,202,20200145,CIRUJANO DENTISTA,FACULTAD DE ODONTOLOGÍA,Escolarizado,https://www.dgae.unam.mx/Licenciatura2026/resultados/2/20200145.html,115,3060,2590,112,166,138663,,N,No presentado,,Consultar
2,Licenciatura 2026,202,20200145,CIRUJANO DENTISTA,FACULTAD DE ODONTOLOGÍA,Escolarizado,https://www.dgae.unam.mx/Licenciatura2026/resultados/2/20200145.html,115,3060,2590,112,166,138683,58,,No seleccionado,,Consultar
2,Licenciatura 2026,202,20200145,CIRUJANO DENTISTA,FACULTAD DE ODONTOLOGÍA,Escolarizado,https://www.dgae.unam.mx/Licenciatura2026/resultados/2/20200145.html,115,3060,2590,112,166,138688,91,,No seleccionado,,Consultar
2,Licenciatura 2026,202,20200145,CIRUJANO DENTISTA,FACULTAD DE ODONTOLOGÍA,Escolarizado,https://www.dgae.unam.mx/Licenciatura2026/resultados/2/20200145.html,115,3060,2590,112,166,138689,100,,No seleccionado,,Consultar
2,Licenciatura 2026,202,20200145,CIRUJANO DENTISTA,FACULTAD DE ODONTOLOGÍA,Escolarizado,https://www.dgae.unam.mx/Licenciatura2026/resultados/2/20200145.html,115,3060,2590,112,166,138704,111,,No seleccionado,,Consultar
2,Licenciatura 2026,202,20200145,CIRUJANO DENTISTA,FACULTAD DE ODONTOLOGÍA,Escolarizado,https://www.dgae.unam.mx/Licenciatura2026/resultados/2/20200145.html,115,3060,2590,112,166,138723,78,,No seleccionado,,Consultar
2,Licenciatura 2026,202,20200145,CIRUJANO DENTISTA,FACULTAD DE ODONTOLOGÍA,Escolarizado,https://www.dgae.unam.mx/Licenciatura2026/resultados/2/20200145.html,115,3060,2590,112,166,138793,64,,No seleccionado,,Consultar
2,Licenciatura 2026,202,20200145,CIRUJANO DENTISTA,FACULTAD DE ODONTOLOGÍA,Escolarizado,https://www.dgae.unam.mx/Licenciatura2026/resultados/2/20200145.html,115,3060,2590,112,166,138808,44,,No seleccionado,,Consultar
2,Licenciatura 2026,202,20200145,CIRUJANO DENTISTA,FACULTAD DE ODONTOLOGÍA,Escolarizado,https://www.dgae.unam.mx/Licenciatura2026/resultados/2/20200145.html,115,3060,2590,112,166,138813,,C,Cancelado,,Consultar
2,Licenciatura 2026,202,20200145,CIRUJANO DENTISTA,FACULTAD DE ODONTOLOGÍA,Escolarizado,https://www.dgae.unam.mx/Licenciatura2026/resultados/2/20200145.html,115,3060,2590,112,166,138897,40,,No seleccionado,,Consultar
2,Licenciatura 2026,202,20200145,CIRUJANO DENTISTA,FACULTAD DE ODONTOLOGÍA,Escolarizado,https://www.dgae.unam.mx/Licenciatura2026/resultados/2/20200145.html,115,3060,2590,112,166,138962,86,,No seleccionado,,Consultar
2,Licenciatura 2026,202,20200145,CIRUJANO DENTISTA,FACULTAD DE ODONTOLOGÍA,Escolarizado,https://www.dgae.unam.mx/Licenciatura2026/resultados/2/20200145.html,115,3060,2590,112,166,138972,,N,No presentado,,Consultar
2,Licenciatura 2026,202,20200145,CIRUJANO DENTISTA,FACULTAD DE ODONTOLOGÍA,Escolarizado,https://www.dgae.unam.mx/Licenciatura2026/resultados/2/20200145.html,115,3060,2590,112,166,138991,109,,No seleccionado,,Consultar
2,Licenciatura 2026,202,20200145,CIRUJANO DENTISTA,FACULTAD DE ODONTOLOGÍA,Escolarizado,https://www.dgae.unam.mx/Licenciatura2026/resultados/2/20200145.html,115,3060,2590,112,166,139018,27,,No seleccionado,,Consultar
2,Licenciatura 2026,202,20200145,CIRUJANO DENTISTA,FACULTAD DE ODONTOLOGÍA,Escolarizado,https://www.dgae.unam.mx/Licenciatura2026/resultados/2/20200145.html,115,3060,2590,112,166,139020,112,S,Seleccionado,Cita para entregar documentación.,Consultar
2,Licenciatura 2026,202,20200145,CIRUJANO DENTISTA,FACULTAD DE ODONTOLOGÍA,Escolarizado,https://www.dgae.unam.mx/Licenciatura2026/resultados/2/20200145.html,115,3060,2590,112,166,139041,91,,No seleccionado,,Consultar
2,Licenciatura 2026,202,20200145,CIRUJANO DENTISTA,FACULTAD DE ODONTOLOGÍA,Escolarizado,https://www.dgae.unam.mx/Licenciatura2026/resultados/2/20200145.html,115,3060,2590,112,166,139056,88,,No seleccionado,,Consultar
2,Licenciatura 2026,202,20200145,CIRUJANO DENTISTA,FACULTAD DE ODONTOLOGÍA,Escolarizado,https://www.dgae.unam.mx/Licenciatura2026/resultados/2/20200145.html,115,3060,2590,112,166,139064,,N,No presentado,,Consultar
2,Licenciatura 2026,202,20200145,CIRUJANO DENTISTA,FACULTAD DE ODONTOLOGÍA,Escolarizado,https://www.dgae.unam.mx/Licenciatura2026/resultados/2/20200145.html,115,3060,2590,112,166,139113,83,,No seleccionado,,Consultar
2,Licenciatura 2026,202,20200145,CIRUJANO DENTISTA,FACULTAD DE ODONTOLOGÍA,Escolarizado,https://www.dgae.unam.mx/Licenciatura2026/resultados/2/20200145.html,115,3060,2590,112,166,139223,,N,No presentado,,Consultar
2,Licenciatura 2026,202,20200145,CIRUJANO DENTISTA,FACULTAD DE ODONTOLOGÍA,Escolarizado,https://www.dgae.unam.mx/Licenciatura2026/resultados/2/20200145.html,115,3060,2590,112,166,139226,61,,No seleccionado,,Consultar
2,Licenciatura 2026,202,20200145,CIRUJANO DENTISTA,FACULTAD DE ODONTOLOGÍA,Escolarizado,https://www.dgae.unam.mx/Licenciatura2026/resultados/2/20200145.html,115,3060,2590,112,166,139233,59,,No seleccionado,,Consultar
2,Licenciatura 2026,202,20200145,CIRUJANO DENTISTA,FACULTAD DE ODONTOLOGÍA,Escolarizado,https://www.dgae.unam.mx/Licenciatura2026/resultados/2/20200145.html,115,3060,2590,112,166,139238,,N,No presentado,,Consultar
2,Licenciatura 2026,202,20200145,CIRUJANO DENTISTA,FACULTAD DE ODONTOLOGÍA,Escolarizado,https://www.dgae.unam.mx/Licenciatura2026/resultados/2/20200145.html,115,3060,2590,112,166,139249,,N,No presentado,,Consultar
2,Licenciatura 2026,202,20200145,CIRUJANO DENTISTA,FACULTAD DE ODONTOLOGÍA,Escolarizado,https://www.dgae.unam.mx/Licenciatura2026/resultados/2/20200145.html,115,3060,2590,112,166,139270,97,,No seleccionado,,Consultar
2,Licenciatura 2026,202,20200145,CIRUJANO DENTISTA,FACULTAD DE ODONTOLOGÍA,Escolarizado,https://www.dgae.unam.mx/Licenciatura2026/resultados/2/20200145.html,115,3060,2590,112,166,139285,68,,No seleccionado,,Consultar
2,Licenciatura 2026,202,20200145,CIRUJANO DENTISTA,FACULTAD DE ODONTOLOGÍA,Escolarizado,https://www.dgae.unam.mx/Licenciatura2026/resultados/2/20200145.html,115,3060,2590,112,166,139302,89,,No seleccionado,,Consultar
2,Licenciatura 2026,202,20200145,CIRUJANO DENTISTA,FACULTAD DE ODONTOLOGÍA,Escolarizado,https://www.dgae.unam.mx/Licenciatura2026/resultados/2/20200145.html,115,3060,2590,112,166,139308,,N,No presentado,,Consultar
2,Licenciatura 2026,202,20200145,CIRUJANO DENTISTA,FACULTAD DE ODONTOLOGÍA,Escolarizado,https://www.dgae.unam.mx/Licenciatura2026/resultados/2/20200145.html,115,3060,2590,112,166,139313,100,,No seleccionado,,Consultar
2,Licenciatura 2026,202,20200145,CIRUJANO DENTISTA,FACULTAD DE ODONTOLOGÍA,Escolarizado,https://www.dgae.unam.mx/Licenciatura2026/resultados/2/20200145.html,115,3060,2590,112,166,139316,,N,No presentado,,Consultar
2,Licenciatura 2026,202,20200145,CIRUJANO DENTISTA,FACULTAD DE ODONTOLOGÍA,Escolarizado,https://www.dgae.unam.mx/Licenciatura2026/resultados/2/20200145.html,115,3060,2590,112,166,139335,60,,No seleccionado,,Consultar
2,Licenciatura 2026,202,20200145,CIRUJANO DENTISTA,FACULTAD DE ODONTOLOGÍA,Escolarizado,https://www.dgae.unam.mx/Licenciatura2026/resultados/2/20200145.html,115,3060,2590,112,166,139364,,N,No presentado,,Consultar
2,Licenciatura 2026,202,20200145,CIRUJANO DENTISTA,FACULTAD DE ODONTOLOGÍA,Escolarizado,https://www.dgae.unam.mx/Licenciatura2026/resultados/2/20200145.html,115,3060,2590,112,166,139391,,N,No presentado,,Consultar
2,Licenciatura 2026,202,20200145,CIRUJANO DENTISTA,FACULTAD DE ODONTOLOGÍA,Escolarizado,https://www.dgae.unam.mx/Licenciatura2026/resultados/2/20200145.html,115,3060,2590,112,166,139417,,N,No presentado,,Consultar
2,Licenciatura 2026,202,20200145,CIRUJANO DENTISTA,FACULTAD DE ODONTOLOGÍA,Escolarizado,https://www.dgae.unam.mx/Licenciatura2026/resultados/2/20200145.html,115,3060,2590,112,166,139430,,N,No presentado,,Consultar
2,Licenciatura 2026,202,20200145,CIRUJANO DENTISTA,FACULTAD DE ODONTOLOGÍA,Escolarizado,https://www.dgae.unam.mx/Licenciatura2026/resultados/2/20200145.html,115,3060,2590,112,166,139439,68,,No seleccionado,,Consultar
2,Licenciatura 2026,202,20200145,CIRUJANO DENTISTA,FACULTAD DE ODONTOLOGÍA,Escolarizado,https://www.dgae.unam.mx/Licenciatura2026/resultados/2/20200145.html,115,3060,2590,112,166,139470,43,,No seleccionado,,Consultar
2,Licenciatura 2026,202,20200145,CIRUJANO DENTISTA,FACULTAD DE ODONTOLOGÍA,Escolarizado,https://www.dgae.unam.mx/Licenciatura2026/resultados/2/20200145.html,115,3060,2590,112,166,139489,100,,No seleccionado,,Consultar
2,Licenciatura 2026,202,20200145,CIRUJANO DENTISTA,FACULTAD DE ODONTOLOGÍA,Escolarizado,https://www.dgae.unam.mx/Licenciatura2026/resultados/2/20200145.html,115,3060,2590,112,166,139529,49,,No seleccionado,,Consultar
2,Licenciatura 2026,202,20200145,CIRUJANO DENTISTA,FACULTAD DE ODONTOLOGÍA,Escolarizado,https://www.dgae.unam.mx/Licenciatura2026/resultados/2/20200145.html,115,3060,2590,112,166,139558,,C,Cancelado,,Consultar
2,Licenciatura 2026,202,20200145,CIRUJANO DENTISTA,FACULTAD DE ODONTOLOGÍA,Escolarizado,https://www.dgae.unam.mx/Licenciatura2026/resultados/2/20200145.html,115,3060,2590,112,166,139560,33,,No seleccionado,,Consultar
2,Licenciatura 2026,202,20200145,CIRUJANO DENTISTA,FACULTAD DE ODONTOLOGÍA,Escolarizado,https://www.dgae.unam.mx/Licenciatura2026/resultados/2/20200145.html,115,3060,2590,112,166,139572,61,,No seleccionado,,Consultar
2,Licenciatura 2026,202,20200145,CIRUJANO DENTISTA,FACULTAD DE ODONTOLOGÍA,Escolarizado,https://www.dgae.unam.mx/Licenciatura2026/resultados/2/20200145.html,115,3060,2590,112,166,139619,88,,No seleccionado,,Consultar
2,Licenciatura 2026,202,20200145,CIRUJANO DENTISTA,FACULTAD DE ODONTOLOGÍA,Escolarizado,https://www.dgae.unam.mx/Licenciatura2026/resultados/2/20200145.html,115,3060,2590,112,166,139638,,C,Cancelado,,Consultar
2,Licenciatura 2026,202,20200145,CIRUJANO DENTISTA,FACULTAD DE ODONTOLOGÍA,Escolarizado,https://www.dgae.unam.mx/Licenciatura2026/resultados/2/20200145.html,115,3060,2590,112,166,139656,41,,No seleccionado,,Consultar
2,Licenciatura 2026,202,20200145,CIRUJANO DENTISTA,FACULTAD DE ODONTOLOGÍA,Escolarizado,https://www.dgae.unam.mx/Licenciatura2026/resultados/2/20200145.html,115,3060,2590,112,166,139668,25,,No seleccionado,,Consultar
2,Licenciatura 2026,202,20200145,CIRUJANO DENTISTA,FACULTAD DE ODONTOLOGÍA,Escolarizado,https://www.dgae.unam.mx/Licenciatura2026/resultados/2/20200145.html,115,3060,2590,112,166,139706,45,,No seleccionado,,Consultar
2,Licenciatura 2026,202,20200145,CIRUJANO DENTISTA,FACULTAD DE ODONTOLOGÍA,Escolarizado,https://www.dgae.unam.mx/Licenciatura2026/resultados/2/20200145.html,115,3060,2590,112,166,139707,84,,No seleccionado,,Consultar
2,Licenciatura 2026,202,20200145,CIRUJANO DENTISTA,FACULTAD DE ODONTOLOGÍA,Escolarizado,https://www.dgae.unam.mx/Licenciatura2026/resultados/2/20200145.html,115,3060,2590,112,166,139715,43,,No seleccionado,,Consultar
2,Licenciatura 2026,202,20200145,CIRUJANO DENTISTA,FACULTAD DE ODONTOLOGÍA,Escolarizado,https://www.dgae.unam.mx/Licenciatura2026/resultados/2/20200145.html,115,3060,2590,112,166,139731,107,,No seleccionado,,Consultar
2,Licenciatura 2026,202,20200145,CIRUJANO DENTISTA,FACULTAD DE ODONTOLOGÍA,Escolarizado,https://www.dgae.unam.mx/Licenciatura2026/resultados/2/20200145.html,115,3060,2590,112,166,139766,,N,No presentado,,Consultar
2,Licenciatura 2026,202,20200145,CIRUJANO DENTISTA,FACULTAD DE ODONTOLOGÍA,Escolarizado,https://www.dgae.unam.mx/Licenciatura2026/resultados/2/20200145.html,115,3060,2590,112,166,139768,,N,No presentado,,Consultar
2,Licenciatura 2026,202,20200145,CIRUJANO DENTISTA,FACULTAD DE ODONTOLOGÍA,Escolarizado,https://www.dgae.unam.mx/Licenciatura2026/resultados/2/20200145.html,115,3060,2590,112,166,139788,99,,No seleccionado,,Consultar
2,Licenciatura 2026,202,20200145,CIRUJANO DENTISTA,FACULTAD DE ODONTOLOGÍA,Escolarizado,https://www.dgae.unam.mx/Licenciatura2026/resultados/2/20200145.html,115,3060,2590,112,166,139796,75,,No seleccionado,,Consultar
2,Licenciatura 2026,202,20200145,CIRUJANO DENTISTA,FACULTAD DE ODONTOLOGÍA,Escolarizado,https://www.dgae.unam.mx/Licenciatura2026/resultados/2/20200145.html,115,3060,2590,112,166,139816,51,,No seleccionado,,Consultar
2,Licenciatura 2026,202,20200145,CIRUJANO DENTISTA,FACULTAD DE ODONTOLOGÍA,Escolarizado,https://www.dgae.unam.mx/Licenciatura2026/resultados/2/20200145.html,115,3060,2590,112,166,139827,84,,No seleccionado,,Consultar
2,Licenciatura 2026,202,20200145,CIRUJANO DENTISTA,FACULTAD DE ODONTOLOGÍA,Escolarizado,https://www.dgae.unam.mx/Licenciatura2026/resultados/2/20200145.html,115,3060,2590,112,166,139860,,N,No presentado,,Consultar
2,Licenciatura 2026,202,20200145,CIRUJANO DENTISTA,FACULTAD DE ODONTOLOGÍA,Escolarizado,https://www.dgae.unam.mx/Licenciatura2026/resultados/2/20200145.html,115,3060,2590,112,166,139878,,N,No presentado,,Consultar
2,Licenciatura 2026,202,20200145,CIRUJANO DENTISTA,FACULTAD DE ODONTOLOGÍA,Escolarizado,https://www.dgae.unam.mx/Licenciatura2026/resultados/2/20200145.html,115,3060,2590,112,166,139885,99,,No seleccionado,,Consultar
2,Licenciatura 2026,202,20200145,CIRUJANO DENTISTA,FACULTAD DE ODONTOLOGÍA,Escolarizado,https://www.dgae.unam.mx/Licenciatura2026/resultados/2/20200145.html,115,3060,2590,112,166,139898,106,,No seleccionado,,Consultar
2,Licenciatura 2026,202,20200145,CIRUJANO DENTISTA,FACULTAD DE ODONTOLOGÍA,Escolarizado,https://www.dgae.unam.mx/Licenciatura2026/resultados/2/20200145.html,115,3060,2590,112,166,139903,38,,No seleccionado,,Consultar
2,Licenciatura 2026,202,20200145,CIRUJANO DENTISTA,FACULTAD DE ODONTOLOGÍA,Escolarizado,https://www.dgae.unam.mx/Licenciatura2026/resultados/2/20200145.html,115,3060,2590,112,166,139914,116,S,Seleccionado,Cita para entregar documentación.,Consultar
2,Licenciatura 2026,202,20200145,CIRUJANO DENTISTA,FACULTAD DE ODONTOLOGÍA,Escolarizado,https://www.dgae.unam.mx/Licenciatura2026/resultados/2/20200145.html,115,3060,2590,112,166,139923,39,,No seleccionado,,Consultar
2,Licenciatura 2026,202,20200145,CIRUJANO DENTISTA,FACULTAD DE ODONTOLOGÍA,Escolarizado,https://www.dgae.unam.mx/Licenciatura2026/resultados/2/20200145.html,115,3060,2590,112,166,139945,59,,No seleccionado,,Consultar
2,Licenciatura 2026,202,20200145,CIRUJANO DENTISTA,FACULTAD DE ODONTOLOGÍA,Escolarizado,https://www.dgae.unam.mx/Licenciatura2026/resultados/2/20200145.html,115,3060,2590,112,166,139946,,N,No presentado,,Consultar
2,Licenciatura 2026,202,20200145,CIRUJANO DENTISTA,FACULTAD DE ODONTOLOGÍA,Escolarizado,https://www.dgae.unam.mx/Licenciatura2026/resultados/2/20200145.html,115,3060,2590,112,166,139971,113,S,Seleccionado,Cita para entregar documentación.,Consultar
2,Licenciatura 2026,202,20200145,CIRUJANO DENTISTA,FACULTAD DE ODONTOLOGÍA,Escolarizado,https://www.dgae.unam.mx/Licenciatura2026/resultados/2/20200145.html,115,3060,2590,112,166,139977,38,,No seleccionado,,Consultar
2,Licenciatura 2026,202,20200145,CIRUJANO DENTISTA,FACULTAD DE ODONTOLOGÍA,Escolarizado,https://www.dgae.unam.mx/Licenciatura2026/resultados/2/20200145.html,115,3060,2590,112,166,140015,,N,No presentado,,Consultar
2,Licenciatura 2026,202,20200145,CIRUJANO DENTISTA,FACULTAD DE ODONTOLOGÍA,Escolarizado,https://www.dgae.unam.mx/Licenciatura2026/resultados/2/20200145.html,115,3060,2590,112,166,140043,45,,No seleccionado,,Consultar
2,Licenciatura 2026,202,20200145,CIRUJANO DENTISTA,FACULTAD DE ODONTOLOGÍA,Escolarizado,https://www.dgae.unam.mx/Licenciatura2026/resultados/2/20200145.html,115,3060,2590,112,166,140046,26,,No seleccionado,,Consultar
2,Licenciatura 2026,202,20200145,CIRUJANO DENTISTA,FACULTAD DE ODONTOLOGÍA,Escolarizado,https://www.dgae.unam.mx/Licenciatura2026/resultados/2/20200145.html,115,3060,2590,112,166,140096,47,,No seleccionado,,Consultar
2,Licenciatura 2026,202,20200145,CIRUJANO DENTISTA,FACULTAD DE ODONTOLOGÍA,Escolarizado,https://www.dgae.unam.mx/Licenciatura2026/resultados/2/20200145.html,115,3060,2590,112,166,140121,70,,No seleccionado,,Consultar
2,Licenciatura 2026,202,20200145,CIRUJANO DENTISTA,FACULTAD DE ODONTOLOGÍA,Escolarizado,https://www.dgae.unam.mx/Licenciatura2026/resultados/2/20200145.html,115,3060,2590,112,166,140123,85,,No seleccionado,,Consultar
2,Licenciatura 2026,202,20200145,CIRUJANO DENTISTA,FACULTAD DE ODONTOLOGÍA,Escolarizado,https://www.dgae.unam.mx/Licenciatura2026/resultados/2/20200145.html,115,3060,2590,112,166,140137,76,,No seleccionado,,Consultar
2,Licenciatura 2026,202,20200145,CIRUJANO DENTISTA,FACULTAD DE ODONTOLOGÍA,Escolarizado,https://www.dgae.unam.mx/Licenciatura2026/resultados/2/20200145.html,115,3060,2590,112,166,140164,110,,No seleccionado,,Consultar
2,Licenciatura 2026,202,20200145,CIRUJANO DENTISTA,FACULTAD DE ODONTOLOGÍA,Escolarizado,https://www.dgae.unam.mx/Licenciatura2026/resultados/2/20200145.html,115,3060,2590,112,166,140178,,N,No presentado,,Consultar
2,Licenciatura 2026,202,20200145,CIRUJANO DENTISTA,FACULTAD DE ODONTOLOGÍA,Escolarizado,https://www.dgae.unam.mx/Licenciatura2026/resultados/2/20200145.html,115,3060,2590,112,166,140186,105,,No seleccionado,,Consultar
2,Licenciatura 2026,202,20200145,CIRUJANO DENTISTA,FACULTAD DE ODONTOLOGÍA,Escolarizado,https://www.dgae.unam.mx/Licenciatura2026/resultados/2/20200145.html,115,3060,2590,112,166,140244,33,,No seleccionado,,Consultar
2,Licenciatura 2026,202,20200145,CIRUJANO DENTISTA,FACULTAD DE ODONTOLOGÍA,Escolarizado,https://www.dgae.unam.mx/Licenciatura2026/resultados/2/20200145.html,115,3060,2590,112,166,140263,96,,No seleccionado,,Consultar
2,Licenciatura 2026,202,20200145,CIRUJANO DENTISTA,FACULTAD DE ODONTOLOGÍA,Escolarizado,https://www.dgae.unam.mx/Licenciatura2026/resultados/2/20200145.html,115,3060,2590,112,166,140283,70,,No seleccionado,,Consultar
2,Licenciatura 2026,202,20200145,CIRUJANO DENTISTA,FACULTAD DE ODONTOLOGÍA,Escolarizado,https://www.dgae.unam.mx/Licenciatura2026/resultados/2/20200145.html,115,3060,2590,112,166,140306,,N,No presentado,,Consultar
2,Licenciatura 2026,202,20200145,CIRUJANO DENTISTA,FACULTAD DE ODONTOLOGÍA,Escolarizado,https://www.dgae.unam.mx/Licenciatura2026/resultados/2/20200145.html,115,3060,2590,112,166,140312,113,S,Seleccionado,Cita para entregar documentación.,Consultar
2,Licenciatura 2026,202,20200145,CIRUJANO DENTISTA,FACULTAD DE ODONTOLOGÍA,Escolarizado,https://www.dgae.unam.mx/Licenciatura2026/resultados/2/20200145.html,115,3060,2590,112,166,140384,,N,No presentado,,Consultar
2,Licenciatura 2026,202,20200145,CIRUJANO DENTISTA,FACULTAD DE ODONTOLOGÍA,Escolarizado,https://www.dgae.unam.mx/Licenciatura2026/resultados/2/20200145.html,115,3060,2590,112,166,140420,51,,No seleccionado,,Consultar
2,Licenciatura 2026,202,20200145,CIRUJANO DENTISTA,FACULTAD DE ODONTOLOGÍA,Escolarizado,https://www.dgae.unam.mx/Licenciatura2026/resultados/2/20200145.html,115,3060,2590,112,166,140447,29,,No seleccionado,,Consultar
2,Licenciatura 2026,202,20200145,CIRUJANO DENTISTA,FACULTAD DE ODONTOLOGÍA,Escolarizado,https://www.dgae.unam.mx/Licenciatura2026/resultados/2/20200145.html,115,3060,2590,112,166,140452,,N,No presentado,,Consultar
2,Licenciatura 2026,202,20200145,CIRUJANO DENTISTA,FACULTAD DE ODONTOLOGÍA,Escolarizado,https://www.dgae.unam.mx/Licenciatura2026/resultados/2/20200145.html,115,3060,2590,112,166,140464,,N,No presentado,,Consultar
2,Licenciatura 2026,202,20200145,CIRUJANO DENTISTA,FACULTAD DE ODONTOLOGÍA,Escolarizado,https://www.dgae.unam.mx/Licenciatura2026/resultados/2/20200145.html,115,3060,2590,112,166,140480,,N,No presentado,,Consultar
2,Licenciatura 2026,202,20200145,CIRUJANO DENTISTA,FACULTAD DE ODONTOLOGÍA,Escolarizado,https://www.dgae.unam.mx/Licenciatura2026/resultados/2/20200145.html,115,3060,2590,112,166,140483,,N,No presentado,,Consultar
2,Licenciatura 2026,202,20200145,CIRUJANO DENTISTA,FACULTAD DE ODONTOLOGÍA,Escolarizado,https://www.dgae.unam.mx/Licenciatura2026/resultados/2/20200145.html,115,3060,2590,112,166,140495,41,,No seleccionado,,Consultar
2,Licenciatura 2026,202,20200145,CIRUJANO DENTISTA,FACULTAD DE ODONTOLOGÍA,Escolarizado,https://www.dgae.unam.mx/Licenciatura2026/resultados/2/20200145.html,115,3060,2590,112,166,140584,53,,No seleccionado,,Consultar
2,Licenciatura 2026,202,20200145,CIRUJANO DENTISTA,FACULTAD DE ODONTOLOGÍA,Escolarizado,https://www.dgae.unam.mx/Licenciatura2026/resultados/2/20200145.html,115,3060,2590,112,166,140596,108,,No seleccionado,,Consultar
2,Licenciatura 2026,202,20200145,CIRUJANO DENTISTA,FACULTAD DE ODONTOLOGÍA,Escolarizado,https://www.dgae.unam.mx/Licenciatura2026/resultados/2/20200145.html,115,3060,2590,112,166,140602,,N,No presentado,,Consultar
2,Licenciatura 2026,202,20200145,CIRUJANO DENTISTA,FACULTAD DE ODONTOLOGÍA,Escolarizado,https://www.dgae.unam.mx/Licenciatura2026/resultados/2/20200145.html,115,3060,2590,112,166,140610,,C,Cancelado,,Consultar
2,Licenciatura 2026,202,20200145,CIRUJANO DENTISTA,FACULTAD DE ODONTOLOGÍA,Escolarizado,https://www.dgae.unam.mx/Licenciatura2026/resultados/2/20200145.html,115,3060,2590,112,166,140611,81,,No seleccionado,,Consultar
2,Licenciatura 2026,202,20200145,CIRUJANO DENTISTA,FACULTAD DE ODONTOLOGÍA,Escolarizado,https://www.dgae.unam.mx/Licenciatura2026/resultados/2/20200145.html,115,3060,2590,112,166,140615,51,,No seleccionado,,Consultar
2,Licenciatura 2026,202,20200145,CIRUJANO DENTISTA,FACULTAD DE ODONTOLOGÍA,Escolarizado,https://www.dgae.unam.mx/Licenciatura2026/resultados/2/20200145.html,115,3060,2590,112,166,140629,62,,No seleccionado,,Consultar
2,Licenciatura 2026,202,20200145,CIRUJANO DENTISTA,FACULTAD DE ODONTOLOGÍA,Escolarizado,https://www.dgae.unam.mx/Licenciatura2026/resultados/2/20200145.html,115,3060,2590,112,166,140671,52,,No seleccionado,,Consultar
2,Licenciatura 2026,202,20200145,CIRUJANO DENTISTA,FACULTAD DE ODONTOLOGÍA,Escolarizado,https://www.dgae.unam.mx/Licenciatura2026/resultados/2/20200145.html,115,3060,2590,112,166,140737,,N,No presentado,,Consultar
2,Licenciatura 2026,202,20200145,CIRUJANO DENTISTA,FACULTAD DE ODONTOLOGÍA,Escolarizado,https://www.dgae.unam.mx/Licenciatura2026/resultados/2/20200145.html,115,3060,2590,112,166,140812,99,,No seleccionado,,Consultar
2,Licenciatura 2026,202,20200145,CIRUJANO DENTISTA,FACULTAD DE ODONTOLOGÍA,Escolarizado,https://www.dgae.unam.mx/Licenciatura2026/resultados/2/20200145.html,115,3060,2590,112,166,140820,98,,No seleccionado,,Consultar
2,Licenciatura 2026,202,20200145,CIRUJANO DENTISTA,FACULTAD DE ODONTOLOGÍA,Escolarizado,https://www.dgae.unam.mx/Licenciatura2026/resultados/2/20200145.html,115,3060,2590,112,166,140867,64,,No seleccionado,,Consultar
2,Licenciatura 2026,202,20200145,CIRUJANO DENTISTA,FACULTAD DE ODONTOLOGÍA,Escolarizado,https://www.dgae.unam.mx/Licenciatura2026/resultados/2/20200145.html,115,3060,2590,112,166,140870,,N,No presentado,,Consultar
2,Licenciatura 2026,202,20200145,CIRUJANO DENTISTA,FACULTAD DE ODONTOLOGÍA,Escolarizado,https://www.dgae.unam.mx/Licenciatura2026/resultados/2/20200145.html,115,3060,2590,112,166,140921,105,,No seleccionado,,Consultar
2,Licenciatura 2026,202,20200145,CIRUJANO DENTISTA,FACULTAD DE ODONTOLOGÍA,Escolarizado,https://www.dgae.unam.mx/Licenciatura2026/resultados/2/20200145.html,115,3060,2590,112,166,140932,,N,No presentado,,Consultar
2,Licenciatura 2026,202,20200145,CIRUJANO DENTISTA,FACULTAD DE ODONTOLOGÍA,Escolarizado,https://www.dgae.unam.mx/Licenciatura2026/resultados/2/20200145.html,115,3060,2590,112,166,140935,110,,No seleccionado,,Consultar
2,Licenciatura 2026,202,20200145,CIRUJANO DENTISTA,FACULTAD DE ODONTOLOGÍA,Escolarizado,https://www.dgae.unam.mx/Licenciatura2026/resultados/2/20200145.html,115,3060,2590,112,166,140986,37,,No seleccionado,,Consultar
2,Licenciatura 2026,202,20200145,CIRUJANO DENTISTA,FACULTAD DE ODONTOLOGÍA,Escolarizado,https://www.dgae.unam.mx/Licenciatura2026/resultados/2/20200145.html,115,3060,2590,112,166,141003,100,,No seleccionado,,Consultar
2,Licenciatura 2026,202,20200145,CIRUJANO DENTISTA,FACULTAD DE ODONTOLOGÍA,Escolarizado,https://www.dgae.unam.mx/Licenciatura2026/resultados/2/20200145.html,115,3060,2590,112,166,141026,65,,No seleccionado,,Consultar
2,Licenciatura 2026,202,20200145,CIRUJANO DENTISTA,FACULTAD DE ODONTOLOGÍA,Escolarizado,https://www.dgae.unam.mx/Licenciatura2026/resultados/2/20200145.html,115,3060,2590,112,166,141031,38,,No seleccionado,,Consultar
2,Licenciatura 2026,202,20200145,CIRUJANO DENTISTA,FACULTAD DE ODONTOLOGÍA,Escolarizado,https://www.dgae.unam.mx/Licenciatura2026/resultados/2/20200145.html,115,3060,2590,112,166,141032,111,,No seleccionado,,Consultar
2,Licenciatura 2026,202,20200145,CIRUJANO DENTISTA,FACULTAD DE ODONTOLOGÍA,Escolarizado,https://www.dgae.unam.mx/Licenciatura2026/resultados/2/20200145.html,115,3060,2590,112,166,141062,66,,No seleccionado,,Consultar
2,Licenciatura 2026,202,20200145,CIRUJANO DENTISTA,FACULTAD DE ODONTOLOGÍA,Escolarizado,https://www.dgae.unam.mx/Licenciatura2026/resultados/2/20200145.html,115,3060,2590,112,166,141072,55,,No seleccionado,,Consultar
2,Licenciatura 2026,202,20200145,CIRUJANO DENTISTA,FACULTAD DE ODONTOLOGÍA,Escolarizado,https://www.dgae.unam.mx/Licenciatura2026/resultados/2/20200145.html,115,3060,2590,112,166,141084,74,,No seleccionado,,Consultar
2,Licenciatura 2026,202,20200145,CIRUJANO DENTISTA,FACULTAD DE ODONTOLOGÍA,Escolarizado,https://www.dgae.unam.mx/Licenciatura2026/resultados/2/20200145.html,115,3060,2590,112,166,141091,,N,No presentado,,Consultar
2,Licenciatura 2026,202,20200145,CIRUJANO DENTISTA,FACULTAD DE ODONTOLOGÍA,Escolarizado,https://www.dgae.unam.mx/Licenciatura2026/resultados/2/20200145.html,115,3060,2590,112,166,141110,,N,No presentado,,Consultar
2,Licenciatura 2026,202,20200145,CIRUJANO DENTISTA,FACULTAD DE ODONTOLOGÍA,Escolarizado,https://www.dgae.unam.mx/Licenciatura2026/resultados/2/20200145.html,115,3060,2590,112,166,141129,42,,No seleccionado,,Consultar
2,Licenciatura 2026,202,20200145,CIRUJANO DENTISTA,FACULTAD DE ODONTOLOGÍA,Escolarizado,https://www.dgae.unam.mx/Licenciatura2026/resultados/2/20200145.html,115,3060,2590,112,166,141182,109,,No seleccionado,,Consultar
2,Licenciatura 2026,202,20200145,CIRUJANO DENTISTA,FACULTAD DE ODONTOLOGÍA,Escolarizado,https://www.dgae.unam.mx/Licenciatura2026/resultados/2/20200145.html,115,3060,2590,112,166,141184,,N,No presentado,,Consultar
2,Licenciatura 2026,202,20200145,CIRUJANO DENTISTA,FACULTAD DE ODONTOLOGÍA,Escolarizado,https://www.dgae.unam.mx/Licenciatura2026/resultados/2/20200145.html,115,3060,2590,112,166,141193,,N,No presentado,,Consultar
2,Licenciatura 2026,202,20200145,CIRUJANO DENTISTA,FACULTAD DE ODONTOLOGÍA,Escolarizado,https://www.dgae.unam.mx/Licenciatura2026/resultados/2/20200145.html,115,3060,2590,112,166,141227,,N,No presentado,,Consultar
2,Licenciatura 2026,202,20200145,CIRUJANO DENTISTA,FACULTAD DE ODONTOLOGÍA,Escolarizado,https://www.dgae.unam.mx/Licenciatura2026/resultados/2/20200145.html,115,3060,2590,112,166,141236,,N,No presentado,,Consultar
2,Licenciatura 2026,202,20200145,CIRUJANO DENTISTA,FACULTAD DE ODONTOLOGÍA,Escolarizado,https://www.dgae.unam.mx/Licenciatura2026/resultados/2/20200145.html,115,3060,2590,112,166,141249,96,,No seleccionado,,Consultar
2,Licenciatura 2026,202,20200145,CIRUJANO DENTISTA,FACULTAD DE ODONTOLOGÍA,Escolarizado,https://www.dgae.unam.mx/Licenciatura2026/resultados/2/20200145.html,115,3060,2590,112,166,141257,51,,No seleccionado,,Consultar
2,Licenciatura 2026,202,20200145,CIRUJANO DENTISTA,FACULTAD DE ODONTOLOGÍA,Escolarizado,https://www.dgae.unam.mx/Licenciatura2026/resultados/2/20200145.html,115,3060,2590,112,166,141298,,N,No presentado,,Consultar
2,Licenciatura 2026,202,20200145,CIRUJANO DENTISTA,FACULTAD DE ODONTOLOGÍA,Escolarizado,https://www.dgae.unam.mx/Licenciatura2026/resultados/2/20200145.html,115,3060,2590,112,166,141307,,N,No presentado,,Consultar
2,Licenciatura 2026,202,20200145,CIRUJANO DENTISTA,FACULTAD DE ODONTOLOGÍA,Escolarizado,https://www.dgae.unam.mx/Licenciatura2026/resultados/2/20200145.html,115,3060,2590,112,166,141328,,N,No presentado,,Consultar
2,Licenciatura 2026,202,20200145,CIRUJANO DENTISTA,FACULTAD DE ODONTOLOGÍA,Escolarizado,https://www.dgae.unam.mx/Licenciatura2026/resultados/2/20200145.html,115,3060,2590,112,166,141330,,N,No presentado,,Consultar
2,Licenciatura 2026,202,20200145,CIRUJANO DENTISTA,FACULTAD DE ODONTOLOGÍA,Escolarizado,https://www.dgae.unam.mx/Licenciatura2026/resultados/2/20200145.html,115,3060,2590,112,166,141343,,N,No presentado,,Consultar
2,Licenciatura 2026,202,20200145,CIRUJANO DENTISTA,FACULTAD DE ODONTOLOGÍA,Escolarizado,https://www.dgae.unam.mx/Licenciatura2026/resultados/2/20200145.html,115,3060,2590,112,166,141457,45,,No seleccionado,,Consultar
2,Licenciatura 2026,202,20200145,CIRUJANO DENTISTA,FACULTAD DE ODONTOLOGÍA,Escolarizado,https://www.dgae.unam.mx/Licenciatura2026/resultados/2/20200145.html,115,3060,2590,112,166,141530,,N,No presentado,,Consultar
2,Licenciatura 2026,202,20200145,CIRUJANO DENTISTA,FACULTAD DE ODONTOLOGÍA,Escolarizado,https://www.dgae.unam.mx/Licenciatura2026/resultados/2/20200145.html,115,3060,2590,112,166,141552,88,,No seleccionado,,Consultar
2,Licenciatura 2026,202,20200145,CIRUJANO DENTISTA,FACULTAD DE ODONTOLOGÍA,Escolarizado,https://www.dgae.unam.mx/Licenciatura2026/resultados/2/20200145.html,115,3060,2590,112,166,141561,74,,No seleccionado,,Consultar
2,Licenciatura 2026,202,20200145,CIRUJANO DENTISTA,FACULTAD DE ODONTOLOGÍA,Escolarizado,https://www.dgae.unam.mx/Licenciatura2026/resultados/2/20200145.html,115,3060,2590,112,166,141568,44,,No seleccionado,,Consultar
2,Licenciatura 2026,202,20200145,CIRUJANO DENTISTA,FACULTAD DE ODONTOLOGÍA,Escolarizado,https://www.dgae.unam.mx/Licenciatura2026/resultados/2/20200145.html,115,3060,2590,112,166,141585,63,,No seleccionado,,Consultar
2,Licenciatura 2026,202,20200145,CIRUJANO DENTISTA,FACULTAD DE ODONTOLOGÍA,Escolarizado,https://www.dgae.unam.mx/Licenciatura2026/resultados/2/20200145.html,115,3060,2590,112,166,141606,35,,No seleccionado,,Consultar
2,Licenciatura 2026,202,20200145,CIRUJANO DENTISTA,FACULTAD DE ODONTOLOGÍA,Escolarizado,https://www.dgae.unam.mx/Licenciatura2026/resultados/2/20200145.html,115,3060,2590,112,166,141634,36,,No seleccionado,,Consultar
2,Licenciatura 2026,202,20200145,CIRUJANO DENTISTA,FACULTAD DE ODONTOLOGÍA,Escolarizado,https://www.dgae.unam.mx/Licenciatura2026/resultados/2/20200145.html,115,3060,2590,112,166,141640,85,,No seleccionado,,Consultar
2,Licenciatura 2026,202,20200145,CIRUJANO DENTISTA,FACULTAD DE ODONTOLOGÍA,Escolarizado,https://www.dgae.unam.mx/Licenciatura2026/resultados/2/20200145.html,115,3060,2590,112,166,141677,99,,No seleccionado,,Consultar
2,Licenciatura 2026,202,20200145,CIRUJANO DENTISTA,FACULTAD DE ODONTOLOGÍA,Escolarizado,https://www.dgae.unam.mx/Licenciatura2026/resultados/2/20200145.html,115,3060,2590,112,166,141716,82,,No seleccionado,,Consultar
2,Licenciatura 2026,202,20200145,CIRUJANO DENTISTA,FACULTAD DE ODONTOLOGÍA,Escolarizado,https://www.dgae.unam.mx/Licenciatura2026/resultados/2/20200145.html,115,3060,2590,112,166,141733,56,,No seleccionado,,Consultar
2,Licenciatura 2026,202,20200145,CIRUJANO DENTISTA,FACULTAD DE ODONTOLOGÍA,Escolarizado,https://www.dgae.unam.mx/Licenciatura2026/resultados/2/20200145.html,115,3060,2590,112,166,141758,81,,No seleccionado,,Consultar
2,Licenciatura 2026,202,20200145,CIRUJANO DENTISTA,FACULTAD DE ODONTOLOGÍA,Escolarizado,https://www.dgae.unam.mx/Licenciatura2026/resultados/2/20200145.html,115,3060,2590,112,166,141770,,N,No presentado,,Consultar
2,Licenciatura 2026,202,20200145,CIRUJANO DENTISTA,FACULTAD DE ODONTOLOGÍA,Escolarizado,https://www.dgae.unam.mx/Licenciatura2026/resultados/2/20200145.html,115,3060,2590,112,166,141781,,N,No presentado,,Consultar
2,Licenciatura 2026,202,20200145,CIRUJANO DENTISTA,FACULTAD DE ODONTOLOGÍA,Escolarizado,https://www.dgae.unam.mx/Licenciatura2026/resultados/2/20200145.html,115,3060,2590,112,166,141799,54,,No seleccionado,,Consultar
2,Licenciatura 2026,202,20200145,CIRUJANO DENTISTA,FACULTAD DE ODONTOLOGÍA,Escolarizado,https://www.dgae.unam.mx/Licenciatura2026/resultados/2/20200145.html,115,3060,2590,112,166,141804,,N,No presentado,,Consultar
2,Licenciatura 2026,202,20200145,CIRUJANO DENTISTA,FACULTAD DE ODONTOLOGÍA,Escolarizado,https://www.dgae.unam.mx/Licenciatura2026/resultados/2/20200145.html,115,3060,2590,112,166,141826,97,,No seleccionado,,Consultar
2,Licenciatura 2026,202,20200145,CIRUJANO DENTISTA,FACULTAD DE ODONTOLOGÍA,Escolarizado,https://www.dgae.unam.mx/Licenciatura2026/resultados/2/20200145.html,115,3060,2590,112,166,141845,,N,No presentado,,Consultar
2,Licenciatura 2026,202,20200145,CIRUJANO DENTISTA,FACULTAD DE ODONTOLOGÍA,Escolarizado,https://www.dgae.unam.mx/Licenciatura2026/resultados/2/20200145.html,115,3060,2590,112,166,141885,85,,No seleccionado,,Consultar
2,Licenciatura 2026,202,20200145,CIRUJANO DENTISTA,FACULTAD DE ODONTOLOGÍA,Escolarizado,https://www.dgae.unam.mx/Licenciatura2026/resultados/2/20200145.html,115,3060,2590,112,166,141922,113,S,Seleccionado,Cita para entregar documentación.,Consultar
2,Licenciatura 2026,202,20200145,CIRUJANO DENTISTA,FACULTAD DE ODONTOLOGÍA,Escolarizado,https://www.dgae.unam.mx/Licenciatura2026/resultados/2/20200145.html,115,3060,2590,112,166,141953,102,,No seleccionado,,Consultar
2,Licenciatura 2026,202,20200145,CIRUJANO DENTISTA,FACULTAD DE ODONTOLOGÍA,Escolarizado,https://www.dgae.unam.mx/Licenciatura2026/resultados/2/20200145.html,115,3060,2590,112,166,142005,103,,No seleccionado,,Consultar
2,Licenciatura 2026,202,20200145,CIRUJANO DENTISTA,FACULTAD DE ODONTOLOGÍA,Escolarizado,https://www.dgae.unam.mx/Licenciatura2026/resultados/2/20200145.html,115,3060,2590,112,166,142008,40,,No seleccionado,,Consultar
2,Licenciatura 2026,202,20200145,CIRUJANO DENTISTA,FACULTAD DE ODONTOLOGÍA,Escolarizado,https://www.dgae.unam.mx/Licenciatura2026/resultados/2/20200145.html,115,3060,2590,112,166,142026,110,,No seleccionado,,Consultar
2,Licenciatura 2026,202,20200145,CIRUJANO DENTISTA,FACULTAD DE ODONTOLOGÍA,Escolarizado,https://www.dgae.unam.mx/Licenciatura2026/resultados/2/20200145.html,115,3060,2590,112,166,142028,,N,No presentado,,Consultar
2,Licenciatura 2026,202,20200145,CIRUJANO DENTISTA,FACULTAD DE ODONTOLOGÍA,Escolarizado,https://www.dgae.unam.mx/Licenciatura2026/resultados/2/20200145.html,115,3060,2590,112,166,142044,26,,No seleccionado,,Consultar
2,Licenciatura 2026,202,20200145,CIRUJANO DENTISTA,FACULTAD DE ODONTOLOGÍA,Escolarizado,https://www.dgae.unam.mx/Licenciatura2026/resultados/2/20200145.html,115,3060,2590,112,166,142048,102,,No seleccionado,,Consultar
2,Licenciatura 2026,202,20200145,CIRUJANO DENTISTA,FACULTAD DE ODONTOLOGÍA,Escolarizado,https://www.dgae.unam.mx/Licenciatura2026/resultados/2/20200145.html,115,3060,2590,112,166,142078,,N,No presentado,,Consultar
2,Licenciatura 2026,202,20200145,CIRUJANO DENTISTA,FACULTAD DE ODONTOLOGÍA,Escolarizado,https://www.dgae.unam.mx/Licenciatura2026/resultados/2/20200145.html,115,3060,2590,112,166,142116,116,S,Seleccionado,Cita para entregar documentación.,Consultar
2,Licenciatura 2026,202,20200145,CIRUJANO DENTISTA,FACULTAD DE ODONTOLOGÍA,Escolarizado,https://www.dgae.unam.mx/Licenciatura2026/resultados/2/20200145.html,115,3060,2590,112,166,142136,44,,No seleccionado,,Consultar
2,Licenciatura 2026,202,20200145,CIRUJANO DENTISTA,FACULTAD DE ODONTOLOGÍA,Escolarizado,https://www.dgae.unam.mx/Licenciatura2026/resultados/2/20200145.html,115,3060,2590,112,166,142149,44,,No seleccionado,,Consultar
2,Licenciatura 2026,202,20200145,CIRUJANO DENTISTA,FACULTAD DE ODONTOLOGÍA,Escolarizado,https://www.dgae.unam.mx/Licenciatura2026/resultados/2/20200145.html,115,3060,2590,112,166,142201,,N,No presentado,,Consultar
2,Licenciatura 2026,202,20200145,CIRUJANO DENTISTA,FACULTAD DE ODONTOLOGÍA,Escolarizado,https://www.dgae.unam.mx/Licenciatura2026/resultados/2/20200145.html,115,3060,2590,112,166,142226,83,,No seleccionado,,Consultar
2,Licenciatura 2026,202,20200145,CIRUJANO DENTISTA,FACULTAD DE ODONTOLOGÍA,Escolarizado,https://www.dgae.unam.mx/Licenciatura2026/resultados/2/20200145.html,115,3060,2590,112,166,142252,,N,No presentado,,Consultar
2,Licenciatura 2026,202,20200145,CIRUJANO DENTISTA,FACULTAD DE ODONTOLOGÍA,Escolarizado,https://www.dgae.unam.mx/Licenciatura2026/resultados/2/20200145.html,115,3060,2590,112,166,142271,,N,No presentado,,Consultar
2,Licenciatura 2026,202,20200145,CIRUJANO DENTISTA,FACULTAD DE ODONTOLOGÍA,Escolarizado,https://www.dgae.unam.mx/Licenciatura2026/resultados/2/20200145.html,115,3060,2590,112,166,142307,40,,No seleccionado,,Consultar
2,Licenciatura 2026,202,20200145,CIRUJANO DENTISTA,FACULTAD DE ODONTOLOGÍA,Escolarizado,https://www.dgae.unam.mx/Licenciatura2026/resultados/2/20200145.html,115,3060,2590,112,166,142308,36,,No seleccionado,,Consultar
2,Licenciatura 2026,202,20200145,CIRUJANO DENTISTA,FACULTAD DE ODONTOLOGÍA,Escolarizado,https://www.dgae.unam.mx/Licenciatura2026/resultados/2/20200145.html,115,3060,2590,112,166,142309,101,,No seleccionado,,Consultar
2,Licenciatura 2026,202,20200145,CIRUJANO DENTISTA,FACULTAD DE ODONTOLOGÍA,Escolarizado,https://www.dgae.unam.mx/Licenciatura2026/resultados/2/20200145.html,115,3060,2590,112,166,142319,107,,No seleccionado,,Consultar
2,Licenciatura 2026,202,20200145,CIRUJANO DENTISTA,FACULTAD DE ODONTOLOGÍA,Escolarizado,https://www.dgae.unam.mx/Licenciatura2026/resultados/2/20200145.html,115,3060,2590,112,166,142324,104,,No seleccionado,,Consultar
2,Licenciatura 2026,202,20200145,CIRUJANO DENTISTA,FACULTAD DE ODONTOLOGÍA,Escolarizado,https://www.dgae.unam.mx/Licenciatura2026/resultados/2/20200145.html,115,3060,2590,112,166,142346,,N,No presentado,,Consultar
2,Licenciatura 2026,202,20200145,CIRUJANO DENTISTA,FACULTAD DE ODONTOLOGÍA,Escolarizado,https://www.dgae.unam.mx/Licenciatura2026/resultados/2/20200145.html,115,3060,2590,112,166,142415,,N,No presentado,,Consultar
2,Licenciatura 2026,202,20200145,CIRUJANO DENTISTA,FACULTAD DE ODONTOLOGÍA,Escolarizado,https://www.dgae.unam.mx/Licenciatura2026/resultados/2/20200145.html,115,3060,2590,112,166,142440,31,,No seleccionado,,Consultar
2,Licenciatura 2026,202,20200145,CIRUJANO DENTISTA,FACULTAD DE ODONTOLOGÍA,Escolarizado,https://www.dgae.unam.mx/Licenciatura2026/resultados/2/20200145.html,115,3060,2590,112,166,142484,44,,No seleccionado,,Consultar
2,Licenciatura 2026,202,20200145,CIRUJANO DENTISTA,FACULTAD DE ODONTOLOGÍA,Escolarizado,https://www.dgae.unam.mx/Licenciatura2026/resultados/2/20200145.html,115,3060,2590,112,166,142485,42,,No seleccionado,,Consultar
2,Licenciatura 2026,202,20200145,CIRUJANO DENTISTA,FACULTAD DE ODONTOLOGÍA,Escolarizado,https://www.dgae.unam.mx/Licenciatura2026/resultados/2/20200145.html,115,3060,2590,112,166,142486,109,,No seleccionado,,Consultar
2,Licenciatura 2026,202,20200145,CIRUJANO DENTISTA,FACULTAD DE ODONTOLOGÍA,Escolarizado,https://www.dgae.unam.mx/Licenciatura2026/resultados/2/20200145.html,115,3060,2590,112,166,142529,96,,No seleccionado,,Consultar
2,Licenciatura 2026,202,20200145,CIRUJANO DENTISTA,FACULTAD DE ODONTOLOGÍA,Escolarizado,https://www.dgae.unam.mx/Licenciatura2026/resultados/2/20200145.html,115,3060,2590,112,166,142530,102,,No seleccionado,,Consultar
2,Licenciatura 2026,202,20200145,CIRUJANO DENTISTA,FACULTAD DE ODONTOLOGÍA,Escolarizado,https://www.dgae.unam.mx/Licenciatura2026/resultados/2/20200145.html,115,3060,2590,112,166,142556,116,S,Seleccionado,Cita para entregar documentación.,Consultar
2,Licenciatura 2026,202,20200145,CIRUJANO DENTISTA,FACULTAD DE ODONTOLOGÍA,Escolarizado,https://www.dgae.unam.mx/Licenciatura2026/resultados/2/20200145.html,115,3060,2590,112,166,142559,35,,No seleccionado,,Consultar
2,Licenciatura 2026,202,20200145,CIRUJANO DENTISTA,FACULTAD DE ODONTOLOGÍA,Escolarizado,https://www.dgae.unam.mx/Licenciatura2026/resultados/2/20200145.html,115,3060,2590,112,166,142592,102,,No seleccionado,,Consultar
2,Licenciatura 2026,202,20200145,CIRUJANO DENTISTA,FACULTAD DE ODONTOLOGÍA,Escolarizado,https://www.dgae.unam.mx/Licenciatura2026/resultados/2/20200145.html,115,3060,2590,112,166,142647,,N,No presentado,,Consultar
2,Licenciatura 2026,202,20200145,CIRUJANO DENTISTA,FACULTAD DE ODONTOLOGÍA,Escolarizado,https://www.dgae.unam.mx/Licenciatura2026/resultados/2/20200145.html,115,3060,2590,112,166,142654,32,,No seleccionado,,Consultar
2,Licenciatura 2026,202,20200145,CIRUJANO DENTISTA,FACULTAD DE ODONTOLOGÍA,Escolarizado,https://www.dgae.unam.mx/Licenciatura2026/resultados/2/20200145.html,115,3060,2590,112,166,142695,46,,No seleccionado,,Consultar
2,Licenciatura 2026,202,20200145,CIRUJANO DENTISTA,FACULTAD DE ODONTOLOGÍA,Escolarizado,https://www.dgae.unam.mx/Licenciatura2026/resultados/2/20200145.html,115,3060,2590,112,166,142744,,N,No presentado,,Consultar
2,Licenciatura 2026,202,20200145,CIRUJANO DENTISTA,FACULTAD DE ODONTOLOGÍA,Escolarizado,https://www.dgae.unam.mx/Licenciatura2026/resultados/2/20200145.html,115,3060,2590,112,166,142755,,N,No presentado,,Consultar
2,Licenciatura 2026,202,20200145,CIRUJANO DENTISTA,FACULTAD DE ODONTOLOGÍA,Escolarizado,https://www.dgae.unam.mx/Licenciatura2026/resultados/2/20200145.html,115,3060,2590,112,166,142771,31,,No seleccionado,,Consultar
2,Licenciatura 2026,202,20200145,CIRUJANO DENTISTA,FACULTAD DE ODONTOLOGÍA,Escolarizado,https://www.dgae.unam.mx/Licenciatura2026/resultados/2/20200145.html,115,3060,2590,112,166,142797,,N,No presentado,,Consultar
2,Licenciatura 2026,202,20200145,CIRUJANO DENTISTA,FACULTAD DE ODONTOLOGÍA,Escolarizado,https://www.dgae.unam.mx/Licenciatura2026/resultados/2/20200145.html,115,3060,2590,112,166,142799,38,,No seleccionado,,Consultar
2,Licenciatura 2026,202,20200145,CIRUJANO DENTISTA,FACULTAD DE ODONTOLOGÍA,Escolarizado,https://www.dgae.unam.mx/Licenciatura2026/resultados/2/20200145.html,115,3060,2590,112,166,142817,113,S,Seleccionado,Cita para entregar documentación.,Consultar
2,Licenciatura 2026,202,20200145,CIRUJANO DENTISTA,FACULTAD DE ODONTOLOGÍA,Escolarizado,https://www.dgae.unam.mx/Licenciatura2026/resultados/2/20200145.html,115,3060,2590,112,166,142870,,N,No presentado,,Consultar
2,Licenciatura 2026,202,20200145,CIRUJANO DENTISTA,FACULTAD DE ODONTOLOGÍA,Escolarizado,https://www.dgae.unam.mx/Licenciatura2026/resultados/2/20200145.html,115,3060,2590,112,166,142871,96,,No seleccionado,,Consultar
2,Licenciatura 2026,202,20200145,CIRUJANO DENTISTA,FACULTAD DE ODONTOLOGÍA,Escolarizado,https://www.dgae.unam.mx/Licenciatura2026/resultados/2/20200145.html,115,3060,2590,112,166,142886,93,,No seleccionado,,Consultar
2,Licenciatura 2026,202,20200145,CIRUJANO DENTISTA,FACULTAD DE ODONTOLOGÍA,Escolarizado,https://www.dgae.unam.mx/Licenciatura2026/resultados/2/20200145.html,115,3060,2590,112,166,142950,35,,No seleccionado,,Consultar
2,Licenciatura 2026,202,20200145,CIRUJANO DENTISTA,FACULTAD DE ODONTOLOGÍA,Escolarizado,https://www.dgae.unam.mx/Licenciatura2026/resultados/2/20200145.html,115,3060,2590,112,166,142974,,N,No presentado,,Consultar
2,Licenciatura 2026,202,20200145,CIRUJANO DENTISTA,FACULTAD DE ODONTOLOGÍA,Escolarizado,https://www.dgae.unam.mx/Licenciatura2026/resultados/2/20200145.html,115,3060,2590,112,166,142992,57,,No seleccionado,,Consultar
2,Licenciatura 2026,202,20200145,CIRUJANO DENTISTA,FACULTAD DE ODONTOLOGÍA,Escolarizado,https://www.dgae.unam.mx/Licenciatura2026/resultados/2/20200145.html,115,3060,2590,112,166,142996,,N,No presentado,,Consultar
2,Licenciatura 2026,202,20200145,CIRUJANO DENTISTA,FACULTAD DE ODONTOLOGÍA,Escolarizado,https://www.dgae.unam.mx/Licenciatura2026/resultados/2/20200145.html,115,3060,2590,112,166,143006,101,,No seleccionado,,Consultar
2,Licenciatura 2026,202,20200145,CIRUJANO DENTISTA,FACULTAD DE ODONTOLOGÍA,Escolarizado,https://www.dgae.unam.mx/Licenciatura2026/resultados/2/20200145.html,115,3060,2590,112,166,143008,64,,No seleccionado,,Consultar
2,Licenciatura 2026,202,20200145,CIRUJANO DENTISTA,FACULTAD DE ODONTOLOGÍA,Escolarizado,https://www.dgae.unam.mx/Licenciatura2026/resultados/2/20200145.html,115,3060,2590,112,166,143051,51,,No seleccionado,,Consultar
2,Licenciatura 2026,202,20200145,CIRUJANO DENTISTA,FACULTAD DE ODONTOLOGÍA,Escolarizado,https://www.dgae.unam.mx/Licenciatura2026/resultados/2/20200145.html,115,3060,2590,112,166,143081,74,,No seleccionado,,Consultar
2,Licenciatura 2026,202,20200145,CIRUJANO DENTISTA,FACULTAD DE ODONTOLOGÍA,Escolarizado,https://www.dgae.unam.mx/Licenciatura2026/resultados/2/20200145.html,115,3060,2590,112,166,143093,87,,No seleccionado,,Consultar
2,Licenciatura 2026,202,20200145,CIRUJANO DENTISTA,FACULTAD DE ODONTOLOGÍA,Escolarizado,https://www.dgae.unam.mx/Licenciatura2026/resultados/2/20200145.html,115,3060,2590,112,166,143097,,C,Cancelado,,Consultar
2,Licenciatura 2026,202,20200145,CIRUJANO DENTISTA,FACULTAD DE ODONTOLOGÍA,Escolarizado,https://www.dgae.unam.mx/Licenciatura2026/resultados/2/20200145.html,115,3060,2590,112,166,143103,34,,No seleccionado,,Consultar
2,Licenciatura 2026,202,20200145,CIRUJANO DENTISTA,FACULTAD DE ODONTOLOGÍA,Escolarizado,https://www.dgae.unam.mx/Licenciatura2026/resultados/2/20200145.html,115,3060,2590,112,166,143104,43,,No seleccionado,,Consultar
2,Licenciatura 2026,202,20200145,CIRUJANO DENTISTA,FACULTAD DE ODONTOLOGÍA,Escolarizado,https://www.dgae.unam.mx/Licenciatura2026/resultados/2/20200145.html,115,3060,2590,112,166,143115,,N,No presentado,,Consultar
2,Licenciatura 2026,202,20200145,CIRUJANO DENTISTA,FACULTAD DE ODONTOLOGÍA,Escolarizado,https://www.dgae.unam.mx/Licenciatura2026/resultados/2/20200145.html,115,3060,2590,112,166,143128,52,,No seleccionado,,Consultar
2,Licenciatura 2026,202,20200145,CIRUJANO DENTISTA,FACULTAD DE ODONTOLOGÍA,Escolarizado,https://www.dgae.unam.mx/Licenciatura2026/resultados/2/20200145.html,115,3060,2590,112,166,143129,,C,Cancelado,,Consultar
2,Licenciatura 2026,202,20200145,CIRUJANO DENTISTA,FACULTAD DE ODONTOLOGÍA,Escolarizado,https://www.dgae.unam.mx/Licenciatura2026/resultados/2/20200145.html,115,3060,2590,112,166,143157,,C,Cancelado,,Consultar
2,Licenciatura 2026,202,20200145,CIRUJANO DENTISTA,FACULTAD DE ODONTOLOGÍA,Escolarizado,https://www.dgae.unam.mx/Licenciatura2026/resultados/2/20200145.html,115,3060,2590,112,166,143169,,N,No presentado,,Consultar
2,Licenciatura 2026,202,20200145,CIRUJANO DENTISTA,FACULTAD DE ODONTOLOGÍA,Escolarizado,https://www.dgae.unam.mx/Licenciatura2026/resultados/2/20200145.html,115,3060,2590,112,166,143174,,N,No presentado,,Consultar
2,Licenciatura 2026,202,20200145,CIRUJANO DENTISTA,FACULTAD DE ODONTOLOGÍA,Escolarizado,https://www.dgae.unam.mx/Licenciatura2026/resultados/2/20200145.html,115,3060,2590,112,166,143177,37,,No seleccionado,,Consultar
2,Licenciatura 2026,202,20200145,CIRUJANO DENTISTA,FACULTAD DE ODONTOLOGÍA,Escolarizado,https://www.dgae.unam.mx/Licenciatura2026/resultados/2/20200145.html,115,3060,2590,112,166,143201,,N,No presentado,,Consultar
2,Licenciatura 2026,202,20200145,CIRUJANO DENTISTA,FACULTAD DE ODONTOLOGÍA,Escolarizado,https://www.dgae.unam.mx/Licenciatura2026/resultados/2/20200145.html,115,3060,2590,112,166,143204,31,,No seleccionado,,Consultar
2,Licenciatura 2026,202,20200145,CIRUJANO DENTISTA,FACULTAD DE ODONTOLOGÍA,Escolarizado,https://www.dgae.unam.mx/Licenciatura2026/resultados/2/20200145.html,115,3060,2590,112,166,143211,103,,No seleccionado,,Consultar
2,Licenciatura 2026,202,20200145,CIRUJANO DENTISTA,FACULTAD DE ODONTOLOGÍA,Escolarizado,https://www.dgae.unam.mx/Licenciatura2026/resultados/2/20200145.html,115,3060,2590,112,166,143213,60,,No seleccionado,,Consultar
2,Licenciatura 2026,202,20200145,CIRUJANO DENTISTA,FACULTAD DE ODONTOLOGÍA,Escolarizado,https://www.dgae.unam.mx/Licenciatura2026/resultados/2/20200145.html,115,3060,2590,112,166,143225,,N,No presentado,,Consultar
2,Licenciatura 2026,202,20200145,CIRUJANO DENTISTA,FACULTAD DE ODONTOLOGÍA,Escolarizado,https://www.dgae.unam.mx/Licenciatura2026/resultados/2/20200145.html,115,3060,2590,112,166,143332,,N,No presentado,,Consultar
2,Licenciatura 2026,202,20200145,CIRUJANO DENTISTA,FACULTAD DE ODONTOLOGÍA,Escolarizado,https://www.dgae.unam.mx/Licenciatura2026/resultados/2/20200145.html,115,3060,2590,112,166,143335,49,,No seleccionado,,Consultar
2,Licenciatura 2026,202,20200145,CIRUJANO DENTISTA,FACULTAD DE ODONTOLOGÍA,Escolarizado,https://www.dgae.unam.mx/Licenciatura2026/resultados/2/20200145.html,115,3060,2590,112,166,143352,41,,No seleccionado,,Consultar
2,Licenciatura 2026,202,20200145,CIRUJANO DENTISTA,FACULTAD DE ODONTOLOGÍA,Escolarizado,https://www.dgae.unam.mx/Licenciatura2026/resultados/2/20200145.html,115,3060,2590,112,166,143359,72,,No seleccionado,,Consultar
2,Licenciatura 2026,202,20200145,CIRUJANO DENTISTA,FACULTAD DE ODONTOLOGÍA,Escolarizado,https://www.dgae.unam.mx/Licenciatura2026/resultados/2/20200145.html,115,3060,2590,112,166,143390,34,,No seleccionado,,Consultar
2,Licenciatura 2026,202,20200145,CIRUJANO DENTISTA,FACULTAD DE ODONTOLOGÍA,Escolarizado,https://www.dgae.unam.mx/Licenciatura2026/resultados/2/20200145.html,115,3060,2590,112,166,143397,44,,No seleccionado,,Consultar
2,Licenciatura 2026,202,20200145,CIRUJANO DENTISTA,FACULTAD DE ODONTOLOGÍA,Escolarizado,https://www.dgae.unam.mx/Licenciatura2026/resultados/2/20200145.html,115,3060,2590,112,166,143399,84,,No seleccionado,,Consultar
2,Licenciatura 2026,202,20200145,CIRUJANO DENTISTA,FACULTAD DE ODONTOLOGÍA,Escolarizado,https://www.dgae.unam.mx/Licenciatura2026/resultados/2/20200145.html,115,3060,2590,112,166,143403,,N,No presentado,,Consultar
2,Licenciatura 2026,202,20200145,CIRUJANO DENTISTA,FACULTAD DE ODONTOLOGÍA,Escolarizado,https://www.dgae.unam.mx/Licenciatura2026/resultados/2/20200145.html,115,3060,2590,112,166,143410,,N,No presentado,,Consultar
2,Licenciatura 2026,202,20200145,CIRUJANO DENTISTA,FACULTAD DE ODONTOLOGÍA,Escolarizado,https://www.dgae.unam.mx/Licenciatura2026/resultados/2/20200145.html,115,3060,2590,112,166,143429,112,S,Seleccionado,,Consultar
2,Licenciatura 2026,202,20200145,CIRUJANO DENTISTA,FACULTAD DE ODONTOLOGÍA,Escolarizado,https://www.dgae.unam.mx/Licenciatura2026/resultados/2/20200145.html,115,3060,2590,112,166,143435,69,,No seleccionado,,Consultar
2,Licenciatura 2026,202,20200145,CIRUJANO DENTISTA,FACULTAD DE ODONTOLOGÍA,Escolarizado,https://www.dgae.unam.mx/Licenciatura2026/resultados/2/20200145.html,115,3060,2590,112,166,143493,,N,No presentado,,Consultar
2,Licenciatura 2026,202,20200145,CIRUJANO DENTISTA,FACULTAD DE ODONTOLOGÍA,Escolarizado,https://www.dgae.unam.mx/Licenciatura2026/resultados/2/20200145.html,115,3060,2590,112,166,143494,103,,No seleccionado,,Consultar
2,Licenciatura 2026,202,20200145,CIRUJANO DENTISTA,FACULTAD DE ODONTOLOGÍA,Escolarizado,https://www.dgae.unam.mx/Licenciatura2026/resultados/2/20200145.html,115,3060,2590,112,166,143538,,N,No presentado,,Consultar
2,Licenciatura 2026,202,20200145,CIRUJANO DENTISTA,FACULTAD DE ODONTOLOGÍA,Escolarizado,https://www.dgae.unam.mx/Licenciatura2026/resultados/2/20200145.html,115,3060,2590,112,166,143562,98,,No seleccionado,,Consultar
2,Licenciatura 2026,202,20200145,CIRUJANO DENTISTA,FACULTAD DE ODONTOLOGÍA,Escolarizado,https://www.dgae.unam.mx/Licenciatura2026/resultados/2/20200145.html,115,3060,2590,112,166,143568,,N,No presentado,,Consultar
2,Licenciatura 2026,202,20200145,CIRUJANO DENTISTA,FACULTAD DE ODONTOLOGÍA,Escolarizado,https://www.dgae.unam.mx/Licenciatura2026/resultados/2/20200145.html,115,3060,2590,112,166,143591,,N,No presentado,,Consultar
2,Licenciatura 2026,202,20200145,CIRUJANO DENTISTA,FACULTAD DE ODONTOLOGÍA,Escolarizado,https://www.dgae.unam.mx/Licenciatura2026/resultados/2/20200145.html,115,3060,2590,112,166,143593,,N,No presentado,,Consultar
2,Licenciatura 2026,202,20200145,CIRUJANO DENTISTA,FACULTAD DE ODONTOLOGÍA,Escolarizado,https://www.dgae.unam.mx/Licenciatura2026/resultados/2/20200145.html,115,3060,2590,112,166,143601,81,,No seleccionado,,Consultar
2,Licenciatura 2026,202,20200145,CIRUJANO DENTISTA,FACULTAD DE ODONTOLOGÍA,Escolarizado,https://www.dgae.unam.mx/Licenciatura2026/resultados/2/20200145.html,115,3060,2590,112,166,143629,,N,No presentado,,Consultar
2,Licenciatura 2026,202,20200145,CIRUJANO DENTISTA,FACULTAD DE ODONTOLOGÍA,Escolarizado,https://www.dgae.unam.mx/Licenciatura2026/resultados/2/20200145.html,115,3060,2590,112,166,143634,67,,No seleccionado,,Consultar
2,Licenciatura 2026,202,20200145,CIRUJANO DENTISTA,FACULTAD DE ODONTOLOGÍA,Escolarizado,https://www.dgae.unam.mx/Licenciatura2026/resultados/2/20200145.html,115,3060,2590,112,166,143644,83,,No seleccionado,,Consultar
2,Licenciatura 2026,202,20200145,CIRUJANO DENTISTA,FACULTAD DE ODONTOLOGÍA,Escolarizado,https://www.dgae.unam.mx/Licenciatura2026/resultados/2/20200145.html,115,3060,2590,112,166,143645,38,,No seleccionado,,Consultar
2,Licenciatura 2026,202,20200145,CIRUJANO DENTISTA,FACULTAD DE ODONTOLOGÍA,Escolarizado,https://www.dgae.unam.mx/Licenciatura2026/resultados/2/20200145.html,115,3060,2590,112,166,143653,,C,Cancelado,,Consultar
2,Licenciatura 2026,202,20200145,CIRUJANO DENTISTA,FACULTAD DE ODONTOLOGÍA,Escolarizado,https://www.dgae.unam.mx/Licenciatura2026/resultados/2/20200145.html,115,3060,2590,112,166,143693,90,,No seleccionado,,Consultar
2,Licenciatura 2026,202,20200145,CIRUJANO DENTISTA,FACULTAD DE ODONTOLOGÍA,Escolarizado,https://www.dgae.unam.mx/Licenciatura2026/resultados/2/20200145.html,115,3060,2590,112,166,143714,,N,No presentado,,Consultar
2,Licenciatura 2026,202,20200145,CIRUJANO DENTISTA,FACULTAD DE ODONTOLOGÍA,Escolarizado,https://www.dgae.unam.mx/Licenciatura2026/resultados/2/20200145.html,115,3060,2590,112,166,143727,,C,Cancelado,,Consultar
2,Licenciatura 2026,202,20200145,CIRUJANO DENTISTA,FACULTAD DE ODONTOLOGÍA,Escolarizado,https://www.dgae.unam.mx/Licenciatura2026/resultados/2/20200145.html,115,3060,2590,112,166,143749,108,,No seleccionado,,Consultar
2,Licenciatura 2026,202,20200145,CIRUJANO DENTISTA,FACULTAD DE ODONTOLOGÍA,Escolarizado,https://www.dgae.unam.mx/Licenciatura2026/resultados/2/20200145.html,115,3060,2590,112,166,143786,37,,No seleccionado,,Consultar
2,Licenciatura 2026,202,20200145,CIRUJANO DENTISTA,FACULTAD DE ODONTOLOGÍA,Escolarizado,https://www.dgae.unam.mx/Licenciatura2026/resultados/2/20200145.html,115,3060,2590,112,166,143828,,N,No presentado,,Consultar
2,Licenciatura 2026,202,20200145,CIRUJANO DENTISTA,FACULTAD DE ODONTOLOGÍA,Escolarizado,https://www.dgae.unam.mx/Licenciatura2026/resultados/2/20200145.html,115,3060,2590,112,166,143880,48,,No seleccionado,,Consultar
2,Licenciatura 2026,202,20200145,CIRUJANO DENTISTA,FACULTAD DE ODONTOLOGÍA,Escolarizado,https://www.dgae.unam.mx/Licenciatura2026/resultados/2/20200145.html,115,3060,2590,112,166,143885,,N,No presentado,,Consultar
2,Licenciatura 2026,202,20200145,CIRUJANO DENTISTA,FACULTAD DE ODONTOLOGÍA,Escolarizado,https://www.dgae.unam.mx/Licenciatura2026/resultados/2/20200145.html,115,3060,2590,112,166,143887,94,,No seleccionado,,Consultar
2,Licenciatura 2026,202,20200145,CIRUJANO DENTISTA,FACULTAD DE ODONTOLOGÍA,Escolarizado,https://www.dgae.unam.mx/Licenciatura2026/resultados/2/20200145.html,115,3060,2590,112,166,143888,,N,No presentado,,Consultar
2,Licenciatura 2026,202,20200145,CIRUJANO DENTISTA,FACULTAD DE ODONTOLOGÍA,Escolarizado,https://www.dgae.unam.mx/Licenciatura2026/resultados/2/20200145.html,115,3060,2590,112,166,143905,43,,No seleccionado,,Consultar
2,Licenciatura 2026,202,20200145,CIRUJANO DENTISTA,FACULTAD DE ODONTOLOGÍA,Escolarizado,https://www.dgae.unam.mx/Licenciatura2026/resultados/2/20200145.html,115,3060,2590,112,166,143917,40,,No seleccionado,,Consultar
2,Licenciatura 2026,202,20200145,CIRUJANO DENTISTA,FACULTAD DE ODONTOLOGÍA,Escolarizado,https://www.dgae.unam.mx/Licenciatura2026/resultados/2/20200145.html,115,3060,2590,112,166,143949,111,,No seleccionado,,Consultar
2,Licenciatura 2026,202,20200145,CIRUJANO DENTISTA,FACULTAD DE ODONTOLOGÍA,Escolarizado,https://www.dgae.unam.mx/Licenciatura2026/resultados/2/20200145.html,115,3060,2590,112,166,143962,,N,No presentado,,Consultar
2,Licenciatura 2026,202,20200145,CIRUJANO DENTISTA,FACULTAD DE ODONTOLOGÍA,Escolarizado,https://www.dgae.unam.mx/Licenciatura2026/resultados/2/20200145.html,115,3060,2590,112,166,144002,73,,No seleccionado,,Consultar
2,Licenciatura 2026,202,20200145,CIRUJANO DENTISTA,FACULTAD DE ODONTOLOGÍA,Escolarizado,https://www.dgae.unam.mx/Licenciatura2026/resultados/2/20200145.html,115,3060,2590,112,166,144006,52,,No seleccionado,,Consultar
2,Licenciatura 2026,202,20200145,CIRUJANO DENTISTA,FACULTAD DE ODONTOLOGÍA,Escolarizado,https://www.dgae.unam.mx/Licenciatura2026/resultados/2/20200145.html,115,3060,2590,112,166,144035,98,,No seleccionado,,Consultar
2,Licenciatura 2026,202,20200145,CIRUJANO DENTISTA,FACULTAD DE ODONTOLOGÍA,Escolarizado,https://www.dgae.unam.mx/Licenciatura2026/resultados/2/20200145.html,115,3060,2590,112,166,144078,90,,No seleccionado,,Consultar
2,Licenciatura 2026,202,20200145,CIRUJANO DENTISTA,FACULTAD DE ODONTOLOGÍA,Escolarizado,https://www.dgae.unam.mx/Licenciatura2026/resultados/2/20200145.html,115,3060,2590,112,166,144149,108,,No seleccionado,,Consultar
2,Licenciatura 2026,202,20200145,CIRUJANO DENTISTA,FACULTAD DE ODONTOLOGÍA,Escolarizado,https://www.dgae.unam.mx/Licenciatura2026/resultados/2/20200145.html,115,3060,2590,112,166,144158,106,,No seleccionado,,Consultar
2,Licenciatura 2026,202,20200145,CIRUJANO DENTISTA,FACULTAD DE ODONTOLOGÍA,Escolarizado,https://www.dgae.unam.mx/Licenciatura2026/resultados/2/20200145.html,115,3060,2590,112,166,144160,87,,No seleccionado,,Consultar
2,Licenciatura 2026,202,20200145,CIRUJANO DENTISTA,FACULTAD DE ODONTOLOGÍA,Escolarizado,https://www.dgae.unam.mx/Licenciatura2026/resultados/2/20200145.html,115,3060,2590,112,166,144170,,N,No presentado,,Consultar
2,Licenciatura 2026,202,20200145,CIRUJANO DENTISTA,FACULTAD DE ODONTOLOGÍA,Escolarizado,https://www.dgae.unam.mx/Licenciatura2026/resultados/2/20200145.html,115,3060,2590,112,166,144173,,N,No presentado,,Consultar
2,Licenciatura 2026,202,20200145,CIRUJANO DENTISTA,FACULTAD DE ODONTOLOGÍA,Escolarizado,https://www.dgae.unam.mx/Licenciatura2026/resultados/2/20200145.html,115,3060,2590,112,166,144195,106,,No seleccionado,,Consultar
2,Licenciatura 2026,202,20200145,CIRUJANO DENTISTA,FACULTAD DE ODONTOLOGÍA,Escolarizado,https://www.dgae.unam.mx/Licenciatura2026/resultados/2/20200145.html,115,3060,2590,112,166,144205,115,S,Seleccionado,Cita para entregar documentación.,Consultar
2,Licenciatura 2026,202,20200145,CIRUJANO DENTISTA,FACULTAD DE ODONTOLOGÍA,Escolarizado,https://www.dgae.unam.mx/Licenciatura2026/resultados/2/20200145.html,115,3060,2590,112,166,144206,,N,No presentado,,Consultar
2,Licenciatura 2026,202,20200145,CIRUJANO DENTISTA,FACULTAD DE ODONTOLOGÍA,Escolarizado,https://www.dgae.unam.mx/Licenciatura2026/resultados/2/20200145.html,115,3060,2590,112,166,144236,104,,No seleccionado,,Consultar
2,Licenciatura 2026,202,20200145,CIRUJANO DENTISTA,FACULTAD DE ODONTOLOGÍA,Escolarizado,https://www.dgae.unam.mx/Licenciatura2026/resultados/2/20200145.html,115,3060,2590,112,166,144279,77,,No seleccionado,,Consultar
2,Licenciatura 2026,202,20200145,CIRUJANO DENTISTA,FACULTAD DE ODONTOLOGÍA,Escolarizado,https://www.dgae.unam.mx/Licenciatura2026/resultados/2/20200145.html,115,3060,2590,112,166,144286,48,,No seleccionado,,Consultar
2,Licenciatura 2026,202,20200145,CIRUJANO DENTISTA,FACULTAD DE ODONTOLOGÍA,Escolarizado,https://www.dgae.unam.mx/Licenciatura2026/resultados/2/20200145.html,115,3060,2590,112,166,144324,,N,No presentado,,Consultar
2,Licenciatura 2026,202,20200145,CIRUJANO DENTISTA,FACULTAD DE ODONTOLOGÍA,Escolarizado,https://www.dgae.unam.mx/Licenciatura2026/resultados/2/20200145.html,115,3060,2590,112,166,144432,71,,No seleccionado,,Consultar
2,Licenciatura 2026,202,20200145,CIRUJANO DENTISTA,FACULTAD DE ODONTOLOGÍA,Escolarizado,https://www.dgae.unam.mx/Licenciatura2026/resultados/2/20200145.html,115,3060,2590,112,166,144437,85,,No seleccionado,,Consultar
2,Licenciatura 2026,202,20200145,CIRUJANO DENTISTA,FACULTAD DE ODONTOLOGÍA,Escolarizado,https://www.dgae.unam.mx/Licenciatura2026/resultados/2/20200145.html,115,3060,2590,112,166,144455,104,,No seleccionado,,Consultar
2,Licenciatura 2026,202,20200145,CIRUJANO DENTISTA,FACULTAD DE ODONTOLOGÍA,Escolarizado,https://www.dgae.unam.mx/Licenciatura2026/resultados/2/20200145.html,115,3060,2590,112,166,144458,,N,No presentado,,Consultar
2,Licenciatura 2026,202,20200145,CIRUJANO DENTISTA,FACULTAD DE ODONTOLOGÍA,Escolarizado,https://www.dgae.unam.mx/Licenciatura2026/resultados/2/20200145.html,115,3060,2590,112,166,144476,67,,No seleccionado,,Consultar
2,Licenciatura 2026,202,20200145,CIRUJANO DENTISTA,FACULTAD DE ODONTOLOGÍA,Escolarizado,https://www.dgae.unam.mx/Licenciatura2026/resultados/2/20200145.html,115,3060,2590,112,166,144543,53,,No seleccionado,,Consultar
2,Licenciatura 2026,202,20200145,CIRUJANO DENTISTA,FACULTAD DE ODONTOLOGÍA,Escolarizado,https://www.dgae.unam.mx/Licenciatura2026/resultados/2/20200145.html,115,3060,2590,112,166,144550,107,,No seleccionado,,Consultar
2,Licenciatura 2026,202,20200145,CIRUJANO DENTISTA,FACULTAD DE ODONTOLOGÍA,Escolarizado,https://www.dgae.unam.mx/Licenciatura2026/resultados/2/20200145.html,115,3060,2590,112,166,144554,51,,No seleccionado,,Consultar
2,Licenciatura 2026,202,20200145,CIRUJANO DENTISTA,FACULTAD DE ODONTOLOGÍA,Escolarizado,https://www.dgae.unam.mx/Licenciatura2026/resultados/2/20200145.html,115,3060,2590,112,166,144594,101,,No seleccionado,,Consultar
2,Licenciatura 2026,202,20200145,CIRUJANO DENTISTA,FACULTAD DE ODONTOLOGÍA,Escolarizado,https://www.dgae.unam.mx/Licenciatura2026/resultados/2/20200145.html,115,3060,2590,112,166,144614,107,,No seleccionado,,Consultar
2,Licenciatura 2026,202,20200145,CIRUJANO DENTISTA,FACULTAD DE ODONTOLOGÍA,Escolarizado,https://www.dgae.unam.mx/Licenciatura2026/resultados/2/20200145.html,115,3060,2590,112,166,144615,103,,No seleccionado,,Consultar
2,Licenciatura 2026,202,20200145,CIRUJANO DENTISTA,FACULTAD DE ODONTOLOGÍA,Escolarizado,https://www.dgae.unam.mx/Licenciatura2026/resultados/2/20200145.html,115,3060,2590,112,166,144622,,N,No presentado,,Consultar
2,Licenciatura 2026,202,20200145,CIRUJANO DENTISTA,FACULTAD DE ODONTOLOGÍA,Escolarizado,https://www.dgae.unam.mx/Licenciatura2026/resultados/2/20200145.html,115,3060,2590,112,166,144631,,N,No presentado,,Consultar
2,Licenciatura 2026,202,20200145,CIRUJANO DENTISTA,FACULTAD DE ODONTOLOGÍA,Escolarizado,https://www.dgae.unam.mx/Licenciatura2026/resultados/2/20200145.html,115,3060,2590,112,166,144645,88,,No seleccionado,,Consultar
2,Licenciatura 2026,202,20200145,CIRUJANO DENTISTA,FACULTAD DE ODONTOLOGÍA,Escolarizado,https://www.dgae.unam.mx/Licenciatura2026/resultados/2/20200145.html,115,3060,2590,112,166,144669,99,,No seleccionado,,Consultar
2,Licenciatura 2026,202,20200145,CIRUJANO DENTISTA,FACULTAD DE ODONTOLOGÍA,Escolarizado,https://www.dgae.unam.mx/Licenciatura2026/resultados/2/20200145.html,115,3060,2590,112,166,144696,111,,No seleccionado,,Consultar
2,Licenciatura 2026,202,20200145,CIRUJANO DENTISTA,FACULTAD DE ODONTOLOGÍA,Escolarizado,https://www.dgae.unam.mx/Licenciatura2026/resultados/2/20200145.html,115,3060,2590,112,166,144700,42,,No seleccionado,,Consultar
2,Licenciatura 2026,202,20200145,CIRUJANO DENTISTA,FACULTAD DE ODONTOLOGÍA,Escolarizado,https://www.dgae.unam.mx/Licenciatura2026/resultados/2/20200145.html,115,3060,2590,112,166,144714,51,,No seleccionado,,Consultar
2,Licenciatura 2026,202,20200145,CIRUJANO DENTISTA,FACULTAD DE ODONTOLOGÍA,Escolarizado,https://www.dgae.unam.mx/Licenciatura2026/resultados/2/20200145.html,115,3060,2590,112,166,144717,47,,No seleccionado,,Consultar
2,Licenciatura 2026,202,20200145,CIRUJANO DENTISTA,FACULTAD DE ODONTOLOGÍA,Escolarizado,https://www.dgae.unam.mx/Licenciatura2026/resultados/2/20200145.html,115,3060,2590,112,166,144761,,N,No presentado,,Consultar
2,Licenciatura 2026,202,20200145,CIRUJANO DENTISTA,FACULTAD DE ODONTOLOGÍA,Escolarizado,https://www.dgae.unam.mx/Licenciatura2026/resultados/2/20200145.html,115,3060,2590,112,166,144763,43,,No seleccionado,,Consultar
2,Licenciatura 2026,202,20200145,CIRUJANO DENTISTA,FACULTAD DE ODONTOLOGÍA,Escolarizado,https://www.dgae.unam.mx/Licenciatura2026/resultados/2/20200145.html,115,3060,2590,112,166,144767,,N,No presentado,,Consultar
2,Licenciatura 2026,202,20200145,CIRUJANO DENTISTA,FACULTAD DE ODONTOLOGÍA,Escolarizado,https://www.dgae.unam.mx/Licenciatura2026/resultados/2/20200145.html,115,3060,2590,112,166,144772,43,,No seleccionado,,Consultar
2,Licenciatura 2026,202,20200145,CIRUJANO DENTISTA,FACULTAD DE ODONTOLOGÍA,Escolarizado,https://www.dgae.unam.mx/Licenciatura2026/resultados/2/20200145.html,115,3060,2590,112,166,144783,51,,No seleccionado,,Consultar
2,Licenciatura 2026,202,20200145,CIRUJANO DENTISTA,FACULTAD DE ODONTOLOGÍA,Escolarizado,https://www.dgae.unam.mx/Licenciatura2026/resultados/2/20200145.html,115,3060,2590,112,166,144790,106,,No seleccionado,,Consultar
2,Licenciatura 2026,202,20200145,CIRUJANO DENTISTA,FACULTAD DE ODONTOLOGÍA,Escolarizado,https://www.dgae.unam.mx/Licenciatura2026/resultados/2/20200145.html,115,3060,2590,112,166,144802,98,,No seleccionado,,Consultar
2,Licenciatura 2026,202,20200145,CIRUJANO DENTISTA,FACULTAD DE ODONTOLOGÍA,Escolarizado,https://www.dgae.unam.mx/Licenciatura2026/resultados/2/20200145.html,115,3060,2590,112,166,144815,102,,No seleccionado,,Consultar
2,Licenciatura 2026,202,20200145,CIRUJANO DENTISTA,FACULTAD DE ODONTOLOGÍA,Escolarizado,https://www.dgae.unam.mx/Licenciatura2026/resultados/2/20200145.html,115,3060,2590,112,166,144833,,C,Cancelado,,Consultar
2,Licenciatura 2026,202,20200145,CIRUJANO DENTISTA,FACULTAD DE ODONTOLOGÍA,Escolarizado,https://www.dgae.unam.mx/Licenciatura2026/resultados/2/20200145.html,115,3060,2590,112,166,144840,32,,No seleccionado,,Consultar
2,Licenciatura 2026,202,20200145,CIRUJANO DENTISTA,FACULTAD DE ODONTOLOGÍA,Escolarizado,https://www.dgae.unam.mx/Licenciatura2026/resultados/2/20200145.html,115,3060,2590,112,166,144900,106,,No seleccionado,,Consultar
2,Licenciatura 2026,202,20200145,CIRUJANO DENTISTA,FACULTAD DE ODONTOLOGÍA,Escolarizado,https://www.dgae.unam.mx/Licenciatura2026/resultados/2/20200145.html,115,3060,2590,112,166,144910,61,,No seleccionado,,Consultar
2,Licenciatura 2026,202,20200145,CIRUJANO DENTISTA,FACULTAD DE ODONTOLOGÍA,Escolarizado,https://www.dgae.unam.mx/Licenciatura2026/resultados/2/20200145.html,115,3060,2590,112,166,144963,77,,No seleccionado,,Consultar
2,Licenciatura 2026,202,20200145,CIRUJANO DENTISTA,FACULTAD DE ODONTOLOGÍA,Escolarizado,https://www.dgae.unam.mx/Licenciatura2026/resultados/2/20200145.html,115,3060,2590,112,166,144976,100,,No seleccionado,,Consultar
2,Licenciatura 2026,202,20200145,CIRUJANO DENTISTA,FACULTAD DE ODONTOLOGÍA,Escolarizado,https://www.dgae.unam.mx/Licenciatura2026/resultados/2/20200145.html,115,3060,2590,112,166,144988,84,,No seleccionado,,Consultar
2,Licenciatura 2026,202,20200145,CIRUJANO DENTISTA,FACULTAD DE ODONTOLOGÍA,Escolarizado,https://www.dgae.unam.mx/Licenciatura2026/resultados/2/20200145.html,115,3060,2590,112,166,144999,112,S,Seleccionado,Cita para entregar documentación.,Consultar
2,Licenciatura 2026,202,20200145,CIRUJANO DENTISTA,FACULTAD DE ODONTOLOGÍA,Escolarizado,https://www.dgae.unam.mx/Licenciatura2026/resultados/2/20200145.html,115,3060,2590,112,166,145004,90,,No seleccionado,,Consultar
2,Licenciatura 2026,202,20200145,CIRUJANO DENTISTA,FACULTAD DE ODONTOLOGÍA,Escolarizado,https://www.dgae.unam.mx/Licenciatura2026/resultados/2/20200145.html,115,3060,2590,112,166,145020,4,,No seleccionado,,Consultar
2,Licenciatura 2026,202,20200145,CIRUJANO DENTISTA,FACULTAD DE ODONTOLOGÍA,Escolarizado,https://www.dgae.unam.mx/Licenciatura2026/resultados/2/20200145.html,115,3060,2590,112,166,145068,80,,No seleccionado,,Consultar
2,Licenciatura 2026,202,20200145,CIRUJANO DENTISTA,FACULTAD DE ODONTOLOGÍA,Escolarizado,https://www.dgae.unam.mx/Licenciatura2026/resultados/2/20200145.html,115,3060,2590,112,166,145088,91,,No seleccionado,,Consultar
2,Licenciatura 2026,202,20200145,CIRUJANO DENTISTA,FACULTAD DE ODONTOLOGÍA,Escolarizado,https://www.dgae.unam.mx/Licenciatura2026/resultados/2/20200145.html,115,3060,2590,112,166,145092,68,,No seleccionado,,Consultar
2,Licenciatura 2026,202,20200145,CIRUJANO DENTISTA,FACULTAD DE ODONTOLOGÍA,Escolarizado,https://www.dgae.unam.mx/Licenciatura2026/resultados/2/20200145.html,115,3060,2590,112,166,145140,40,,No seleccionado,,Consultar
2,Licenciatura 2026,202,20200145,CIRUJANO DENTISTA,FACULTAD DE ODONTOLOGÍA,Escolarizado,https://www.dgae.unam.mx/Licenciatura2026/resultados/2/20200145.html,115,3060,2590,112,166,145146,35,,No seleccionado,,Consultar
2,Licenciatura 2026,202,20200145,CIRUJANO DENTISTA,FACULTAD DE ODONTOLOGÍA,Escolarizado,https://www.dgae.unam.mx/Licenciatura2026/resultados/2/20200145.html,115,3060,2590,112,166,145174,114,S,Seleccionado,Cita para entregar documentación.,Consultar
2,Licenciatura 2026,202,20200145,CIRUJANO DENTISTA,FACULTAD DE ODONTOLOGÍA,Escolarizado,https://www.dgae.unam.mx/Licenciatura2026/resultados/2/20200145.html,115,3060,2590,112,166,145179,69,,No seleccionado,,Consultar
2,Licenciatura 2026,202,20200145,CIRUJANO DENTISTA,FACULTAD DE ODONTOLOGÍA,Escolarizado,https://www.dgae.unam.mx/Licenciatura2026/resultados/2/20200145.html,115,3060,2590,112,166,145191,35,,No seleccionado,,Consultar
2,Licenciatura 2026,202,20200145,CIRUJANO DENTISTA,FACULTAD DE ODONTOLOGÍA,Escolarizado,https://www.dgae.unam.mx/Licenciatura2026/resultados/2/20200145.html,115,3060,2590,112,166,145202,112,S,Seleccionado,Cita para entregar documentación.,Consultar
2,Licenciatura 2026,202,20200145,CIRUJANO DENTISTA,FACULTAD DE ODONTOLOGÍA,Escolarizado,https://www.dgae.unam.mx/Licenciatura2026/resultados/2/20200145.html,115,3060,2590,112,166,145210,23,,No seleccionado,,Consultar
2,Licenciatura 2026,202,20200145,CIRUJANO DENTISTA,FACULTAD DE ODONTOLOGÍA,Escolarizado,https://www.dgae.unam.mx/Licenciatura2026/resultados/2/20200145.html,115,3060,2590,112,166,145247,50,,No seleccionado,,Consultar
2,Licenciatura 2026,202,20200145,CIRUJANO DENTISTA,FACULTAD DE ODONTOLOGÍA,Escolarizado,https://www.dgae.unam.mx/Licenciatura2026/resultados/2/20200145.html,115,3060,2590,112,166,145254,,N,No presentado,,Consultar
2,Licenciatura 2026,202,20200145,CIRUJANO DENTISTA,FACULTAD DE ODONTOLOGÍA,Escolarizado,https://www.dgae.unam.mx/Licenciatura2026/resultados/2/20200145.html,115,3060,2590,112,166,145256,,N,No presentado,,Consultar
2,Licenciatura 2026,202,20200145,CIRUJANO DENTISTA,FACULTAD DE ODONTOLOGÍA,Escolarizado,https://www.dgae.unam.mx/Licenciatura2026/resultados/2/20200145.html,115,3060,2590,112,166,145328,,C,Cancelado,,Consultar
2,Licenciatura 2026,202,20200145,CIRUJANO DENTISTA,FACULTAD DE ODONTOLOGÍA,Escolarizado,https://www.dgae.unam.mx/Licenciatura2026/resultados/2/20200145.html,115,3060,2590,112,166,145331,114,S,Seleccionado,Cita para entregar documentación.,Consultar
2,Licenciatura 2026,202,20200145,CIRUJANO DENTISTA,FACULTAD DE ODONTOLOGÍA,Escolarizado,https://www.dgae.unam.mx/Licenciatura2026/resultados/2/20200145.html,115,3060,2590,112,166,145347,68,,No seleccionado,,Consultar
2,Licenciatura 2026,202,20200145,CIRUJANO DENTISTA,FACULTAD DE ODONTOLOGÍA,Escolarizado,https://www.dgae.unam.mx/Licenciatura2026/resultados/2/20200145.html,115,3060,2590,112,166,145389,109,,No seleccionado,,Consultar
2,Licenciatura 2026,202,20200145,CIRUJANO DENTISTA,FACULTAD DE ODONTOLOGÍA,Escolarizado,https://www.dgae.unam.mx/Licenciatura2026/resultados/2/20200145.html,115,3060,2590,112,166,145402,83,,No seleccionado,,Consultar
2,Licenciatura 2026,202,20200145,CIRUJANO DENTISTA,FACULTAD DE ODONTOLOGÍA,Escolarizado,https://www.dgae.unam.mx/Licenciatura2026/resultados/2/20200145.html,115,3060,2590,112,166,145406,116,S,Seleccionado,Cita para entregar documentación.,Consultar
2,Licenciatura 2026,202,20200145,CIRUJANO DENTISTA,FACULTAD DE ODONTOLOGÍA,Escolarizado,https://www.dgae.unam.mx/Licenciatura2026/resultados/2/20200145.html,115,3060,2590,112,166,145420,29,,No seleccionado,,Consultar
2,Licenciatura 2026,202,20200145,CIRUJANO DENTISTA,FACULTAD DE ODONTOLOGÍA,Escolarizado,https://www.dgae.unam.mx/Licenciatura2026/resultados/2/20200145.html,115,3060,2590,112,166,145574,77,,No seleccionado,,Consultar
2,Licenciatura 2026,202,20200145,CIRUJANO DENTISTA,FACULTAD DE ODONTOLOGÍA,Escolarizado,https://www.dgae.unam.mx/Licenciatura2026/resultados/2/20200145.html,115,3060,2590,112,166,145593,78,,No seleccionado,,Consultar
2,Licenciatura 2026,202,20200145,CIRUJANO DENTISTA,FACULTAD DE ODONTOLOGÍA,Escolarizado,https://www.dgae.unam.mx/Licenciatura2026/resultados/2/20200145.html,115,3060,2590,112,166,145611,109,,No seleccionado,,Consultar
2,Licenciatura 2026,202,20200145,CIRUJANO DENTISTA,FACULTAD DE ODONTOLOGÍA,Escolarizado,https://www.dgae.unam.mx/Licenciatura2026/resultados/2/20200145.html,115,3060,2590,112,166,145616,38,,No seleccionado,,Consultar
2,Licenciatura 2026,202,20200145,CIRUJANO DENTISTA,FACULTAD DE ODONTOLOGÍA,Escolarizado,https://www.dgae.unam.mx/Licenciatura2026/resultados/2/20200145.html,115,3060,2590,112,166,145647,68,,No seleccionado,,Consultar
2,Licenciatura 2026,202,20200145,CIRUJANO DENTISTA,FACULTAD DE ODONTOLOGÍA,Escolarizado,https://www.dgae.unam.mx/Licenciatura2026/resultados/2/20200145.html,115,3060,2590,112,166,145648,,N,No presentado,,Consultar
2,Licenciatura 2026,202,20200145,CIRUJANO DENTISTA,FACULTAD DE ODONTOLOGÍA,Escolarizado,https://www.dgae.unam.mx/Licenciatura2026/resultados/2/20200145.html,115,3060,2590,112,166,145653,,N,No presentado,,Consultar
2,Licenciatura 2026,202,20200145,CIRUJANO DENTISTA,FACULTAD DE ODONTOLOGÍA,Escolarizado,https://www.dgae.unam.mx/Licenciatura2026/resultados/2/20200145.html,115,3060,2590,112,166,145744,,C,Cancelado,,Consultar
2,Licenciatura 2026,202,20200145,CIRUJANO DENTISTA,FACULTAD DE ODONTOLOGÍA,Escolarizado,https://www.dgae.unam.mx/Licenciatura2026/resultados/2/20200145.html,115,3060,2590,112,166,145780,,N,No presentado,,Consultar
2,Licenciatura 2026,202,20200145,CIRUJANO DENTISTA,FACULTAD DE ODONTOLOGÍA,Escolarizado,https://www.dgae.unam.mx/Licenciatura2026/resultados/2/20200145.html,115,3060,2590,112,166,145790,,N,No presentado,,Consultar
2,Licenciatura 2026,202,20200145,CIRUJANO DENTISTA,FACULTAD DE ODONTOLOGÍA,Escolarizado,https://www.dgae.unam.mx/Licenciatura2026/resultados/2/20200145.html,115,3060,2590,112,166,145802,,N,No presentado,,Consultar
2,Licenciatura 2026,202,20200145,CIRUJANO DENTISTA,FACULTAD DE ODONTOLOGÍA,Escolarizado,https://www.dgae.unam.mx/Licenciatura2026/resultados/2/20200145.html,115,3060,2590,112,166,145813,56,,No seleccionado,,Consultar
2,Licenciatura 2026,202,20200145,CIRUJANO DENTISTA,FACULTAD DE ODONTOLOGÍA,Escolarizado,https://www.dgae.unam.mx/Licenciatura2026/resultados/2/20200145.html,115,3060,2590,112,166,145816,66,,No seleccionado,,Consultar
2,Licenciatura 2026,202,20200145,CIRUJANO DENTISTA,FACULTAD DE ODONTOLOGÍA,Escolarizado,https://www.dgae.unam.mx/Licenciatura2026/resultados/2/20200145.html,115,3060,2590,112,166,145819,57,,No seleccionado,,Consultar
2,Licenciatura 2026,202,20200145,CIRUJANO DENTISTA,FACULTAD DE ODONTOLOGÍA,Escolarizado,https://www.dgae.unam.mx/Licenciatura2026/resultados/2/20200145.html,115,3060,2590,112,166,145845,62,,No seleccionado,,Consultar
2,Licenciatura 2026,202,20200145,CIRUJANO DENTISTA,FACULTAD DE ODONTOLOGÍA,Escolarizado,https://www.dgae.unam.mx/Licenciatura2026/resultados/2/20200145.html,115,3060,2590,112,166,145930,98,,No seleccionado,,Consultar
2,Licenciatura 2026,202,20200145,CIRUJANO DENTISTA,FACULTAD DE ODONTOLOGÍA,Escolarizado,https://www.dgae.unam.mx/Licenciatura2026/resultados/2/20200145.html,115,3060,2590,112,166,145955,69,,No seleccionado,,Consultar
2,Licenciatura 2026,202,20200145,CIRUJANO DENTISTA,FACULTAD DE ODONTOLOGÍA,Escolarizado,https://www.dgae.unam.mx/Licenciatura2026/resultados/2/20200145.html,115,3060,2590,112,166,145965,,N,No presentado,,Consultar
2,Licenciatura 2026,202,20200145,CIRUJANO DENTISTA,FACULTAD DE ODONTOLOGÍA,Escolarizado,https://www.dgae.unam.mx/Licenciatura2026/resultados/2/20200145.html,115,3060,2590,112,166,145979,,N,No presentado,,Consultar
2,Licenciatura 2026,202,20200145,CIRUJANO DENTISTA,FACULTAD DE ODONTOLOGÍA,Escolarizado,https://www.dgae.unam.mx/Licenciatura2026/resultados/2/20200145.html,115,3060,2590,112,166,146006,,N,No presentado,,Consultar
2,Licenciatura 2026,202,20200145,CIRUJANO DENTISTA,FACULTAD DE ODONTOLOGÍA,Escolarizado,https://www.dgae.unam.mx/Licenciatura2026/resultados/2/20200145.html,115,3060,2590,112,166,146020,106,,No seleccionado,,Consultar
2,Licenciatura 2026,202,20200145,CIRUJANO DENTISTA,FACULTAD DE ODONTOLOGÍA,Escolarizado,https://www.dgae.unam.mx/Licenciatura2026/resultados/2/20200145.html,115,3060,2590,112,166,146027,105,,No seleccionado,,Consultar
2,Licenciatura 2026,202,20200145,CIRUJANO DENTISTA,FACULTAD DE ODONTOLOGÍA,Escolarizado,https://www.dgae.unam.mx/Licenciatura2026/resultados/2/20200145.html,115,3060,2590,112,166,146046,42,,No seleccionado,,Consultar
2,Licenciatura 2026,202,20200145,CIRUJANO DENTISTA,FACULTAD DE ODONTOLOGÍA,Escolarizado,https://www.dgae.unam.mx/Licenciatura2026/resultados/2/20200145.html,115,3060,2590,112,166,146047,112,S,Seleccionado,Cita para entregar documentación.,Consultar
2,Licenciatura 2026,202,20200145,CIRUJANO DENTISTA,FACULTAD DE ODONTOLOGÍA,Escolarizado,https://www.dgae.unam.mx/Licenciatura2026/resultados/2/20200145.html,115,3060,2590,112,166,146057,,N,No presentado,,Consultar
2,Licenciatura 2026,202,20200145,CIRUJANO DENTISTA,FACULTAD DE ODONTOLOGÍA,Escolarizado,https://www.dgae.unam.mx/Licenciatura2026/resultados/2/20200145.html,115,3060,2590,112,166,146071,37,,No seleccionado,,Consultar
2,Licenciatura 2026,202,20200145,CIRUJANO DENTISTA,FACULTAD DE ODONTOLOGÍA,Escolarizado,https://www.dgae.unam.mx/Licenciatura2026/resultados/2/20200145.html,115,3060,2590,112,166,146079,,N,No presentado,,Consultar
2,Licenciatura 2026,202,20200145,CIRUJANO DENTISTA,FACULTAD DE ODONTOLOGÍA,Escolarizado,https://www.dgae.unam.mx/Licenciatura2026/resultados/2/20200145.html,115,3060,2590,112,166,146147,,N,No presentado,,Consultar
2,Licenciatura 2026,202,20200145,CIRUJANO DENTISTA,FACULTAD DE ODONTOLOGÍA,Escolarizado,https://www.dgae.unam.mx/Licenciatura2026/resultados/2/20200145.html,115,3060,2590,112,166,146164,,N,No presentado,,Consultar
2,Licenciatura 2026,202,20200145,CIRUJANO DENTISTA,FACULTAD DE ODONTOLOGÍA,Escolarizado,https://www.dgae.unam.mx/Licenciatura2026/resultados/2/20200145.html,115,3060,2590,112,166,146212,75,,No seleccionado,,Consultar
2,Licenciatura 2026,202,20200145,CIRUJANO DENTISTA,FACULTAD DE ODONTOLOGÍA,Escolarizado,https://www.dgae.unam.mx/Licenciatura2026/resultados/2/20200145.html,115,3060,2590,112,166,146301,36,,No seleccionado,,Consultar
2,Licenciatura 2026,202,20200145,CIRUJANO DENTISTA,FACULTAD DE ODONTOLOGÍA,Escolarizado,https://www.dgae.unam.mx/Licenciatura2026/resultados/2/20200145.html,115,3060,2590,112,166,146326,,N,No presentado,,Consultar
2,Licenciatura 2026,202,20200145,CIRUJANO DENTISTA,FACULTAD DE ODONTOLOGÍA,Escolarizado,https://www.dgae.unam.mx/Licenciatura2026/resultados/2/20200145.html,115,3060,2590,112,166,146339,31,,No seleccionado,,Consultar
2,Licenciatura 2026,202,20200145,CIRUJANO DENTISTA,FACULTAD DE ODONTOLOGÍA,Escolarizado,https://www.dgae.unam.mx/Licenciatura2026/resultados/2/20200145.html,115,3060,2590,112,166,146366,102,,No seleccionado,,Consultar
2,Licenciatura 2026,202,20200145,CIRUJANO DENTISTA,FACULTAD DE ODONTOLOGÍA,Escolarizado,https://www.dgae.unam.mx/Licenciatura2026/resultados/2/20200145.html,115,3060,2590,112,166,146374,42,,No seleccionado,,Consultar
2,Licenciatura 2026,202,20200145,CIRUJANO DENTISTA,FACULTAD DE ODONTOLOGÍA,Escolarizado,https://www.dgae.unam.mx/Licenciatura2026/resultados/2/20200145.html,115,3060,2590,112,166,146399,106,,No seleccionado,,Consultar
2,Licenciatura 2026,202,20200145,CIRUJANO DENTISTA,FACULTAD DE ODONTOLOGÍA,Escolarizado,https://www.dgae.unam.mx/Licenciatura2026/resultados/2/20200145.html,115,3060,2590,112,166,146424,67,,No seleccionado,,Consultar
2,Licenciatura 2026,202,20200145,CIRUJANO DENTISTA,FACULTAD DE ODONTOLOGÍA,Escolarizado,https://www.dgae.unam.mx/Licenciatura2026/resultados/2/20200145.html,115,3060,2590,112,166,146431,,N,No presentado,,Consultar
2,Licenciatura 2026,202,20200145,CIRUJANO DENTISTA,FACULTAD DE ODONTOLOGÍA,Escolarizado,https://www.dgae.unam.mx/Licenciatura2026/resultados/2/20200145.html,115,3060,2590,112,166,146438,,N,No presentado,,Consultar
2,Licenciatura 2026,202,20200145,CIRUJANO DENTISTA,FACULTAD DE ODONTOLOGÍA,Escolarizado,https://www.dgae.unam.mx/Licenciatura2026/resultados/2/20200145.html,115,3060,2590,112,166,146440,38,,No seleccionado,,Consultar
2,Licenciatura 2026,202,20200145,CIRUJANO DENTISTA,FACULTAD DE ODONTOLOGÍA,Escolarizado,https://www.dgae.unam.mx/Licenciatura2026/resultados/2/20200145.html,115,3060,2590,112,166,146452,,N,No presentado,,Consultar
2,Licenciatura 2026,202,20200145,CIRUJANO DENTISTA,FACULTAD DE ODONTOLOGÍA,Escolarizado,https://www.dgae.unam.mx/Licenciatura2026/resultados/2/20200145.html,115,3060,2590,112,166,146461,118,S,Seleccionado,Cita para entregar documentación.,Consultar
2,Licenciatura 2026,202,20200145,CIRUJANO DENTISTA,FACULTAD DE ODONTOLOGÍA,Escolarizado,https://www.dgae.unam.mx/Licenciatura2026/resultados/2/20200145.html,115,3060,2590,112,166,146499,,N,No presentado,,Consultar
2,Licenciatura 2026,202,20200145,CIRUJANO DENTISTA,FACULTAD DE ODONTOLOGÍA,Escolarizado,https://www.dgae.unam.mx/Licenciatura2026/resultados/2/20200145.html,115,3060,2590,112,166,146504,77,,No seleccionado,,Consultar
2,Licenciatura 2026,202,20200145,CIRUJANO DENTISTA,FACULTAD DE ODONTOLOGÍA,Escolarizado,https://www.dgae.unam.mx/Licenciatura2026/resultados/2/20200145.html,115,3060,2590,112,166,146520,94,,No seleccionado,,Consultar
2,Licenciatura 2026,202,20200145,CIRUJANO DENTISTA,FACULTAD DE ODONTOLOGÍA,Escolarizado,https://www.dgae.unam.mx/Licenciatura2026/resultados/2/20200145.html,115,3060,2590,112,166,146551,98,,No seleccionado,,Consultar
2,Licenciatura 2026,202,20200145,CIRUJANO DENTISTA,FACULTAD DE ODONTOLOGÍA,Escolarizado,https://www.dgae.unam.mx/Licenciatura2026/resultados/2/20200145.html,115,3060,2590,112,166,146563,99,,No seleccionado,,Consultar
2,Licenciatura 2026,202,20200145,CIRUJANO DENTISTA,FACULTAD DE ODONTOLOGÍA,Escolarizado,https://www.dgae.unam.mx/Licenciatura2026/resultados/2/20200145.html,115,3060,2590,112,166,146566,57,,No seleccionado,,Consultar
2,Licenciatura 2026,202,20200145,CIRUJANO DENTISTA,FACULTAD DE ODONTOLOGÍA,Escolarizado,https://www.dgae.unam.mx/Licenciatura2026/resultados/2/20200145.html,115,3060,2590,112,166,146657,68,,No seleccionado,,Consultar
2,Licenciatura 2026,202,20200145,CIRUJANO DENTISTA,FACULTAD DE ODONTOLOGÍA,Escolarizado,https://www.dgae.unam.mx/Licenciatura2026/resultados/2/20200145.html,115,3060,2590,112,166,146672,,N,No presentado,,Consultar
2,Licenciatura 2026,202,20200145,CIRUJANO DENTISTA,FACULTAD DE ODONTOLOGÍA,Escolarizado,https://www.dgae.unam.mx/Licenciatura2026/resultados/2/20200145.html,115,3060,2590,112,166,146683,55,,No seleccionado,,Consultar
2,Licenciatura 2026,202,20200145,CIRUJANO DENTISTA,FACULTAD DE ODONTOLOGÍA,Escolarizado,https://www.dgae.unam.mx/Licenciatura2026/resultados/2/20200145.html,115,3060,2590,112,166,146696,,N,No presentado,,Consultar
2,Licenciatura 2026,202,20200145,CIRUJANO DENTISTA,FACULTAD DE ODONTOLOGÍA,Escolarizado,https://www.dgae.unam.mx/Licenciatura2026/resultados/2/20200145.html,115,3060,2590,112,166,146809,40,,No seleccionado,,Consultar
2,Licenciatura 2026,202,20200145,CIRUJANO DENTISTA,FACULTAD DE ODONTOLOGÍA,Escolarizado,https://www.dgae.unam.mx/Licenciatura2026/resultados/2/20200145.html,115,3060,2590,112,166,146812,48,,No seleccionado,,Consultar
2,Licenciatura 2026,202,20200145,CIRUJANO DENTISTA,FACULTAD DE ODONTOLOGÍA,Escolarizado,https://www.dgae.unam.mx/Licenciatura2026/resultados/2/20200145.html,115,3060,2590,112,166,146838,93,,No seleccionado,,Consultar
2,Licenciatura 2026,202,20200145,CIRUJANO DENTISTA,FACULTAD DE ODONTOLOGÍA,Escolarizado,https://www.dgae.unam.mx/Licenciatura2026/resultados/2/20200145.html,115,3060,2590,112,166,146841,,N,No presentado,,Consultar
2,Licenciatura 2026,202,20200145,CIRUJANO DENTISTA,FACULTAD DE ODONTOLOGÍA,Escolarizado,https://www.dgae.unam.mx/Licenciatura2026/resultados/2/20200145.html,115,3060,2590,112,166,146859,41,,No seleccionado,,Consultar
2,Licenciatura 2026,202,20200145,CIRUJANO DENTISTA,FACULTAD DE ODONTOLOGÍA,Escolarizado,https://www.dgae.unam.mx/Licenciatura2026/resultados/2/20200145.html,115,3060,2590,112,166,146864,,N,No presentado,,Consultar
2,Licenciatura 2026,202,20200145,CIRUJANO DENTISTA,FACULTAD DE ODONTOLOGÍA,Escolarizado,https://www.dgae.unam.mx/Licenciatura2026/resultados/2/20200145.html,115,3060,2590,112,166,146876,,N,No presentado,,Consultar
2,Licenciatura 2026,202,20200145,CIRUJANO DENTISTA,FACULTAD DE ODONTOLOGÍA,Escolarizado,https://www.dgae.unam.mx/Licenciatura2026/resultados/2/20200145.html,115,3060,2590,112,166,146879,,N,No presentado,,Consultar
2,Licenciatura 2026,202,20200145,CIRUJANO DENTISTA,FACULTAD DE ODONTOLOGÍA,Escolarizado,https://www.dgae.unam.mx/Licenciatura2026/resultados/2/20200145.html,115,3060,2590,112,166,146917,76,,No seleccionado,,Consultar
2,Licenciatura 2026,202,20200145,CIRUJANO DENTISTA,FACULTAD DE ODONTOLOGÍA,Escolarizado,https://www.dgae.unam.mx/Licenciatura2026/resultados/2/20200145.html,115,3060,2590,112,166,146956,,N,No presentado,,Consultar
2,Licenciatura 2026,202,20200145,CIRUJANO DENTISTA,FACULTAD DE ODONTOLOGÍA,Escolarizado,https://www.dgae.unam.mx/Licenciatura2026/resultados/2/20200145.html,115,3060,2590,112,166,146983,,N,No presentado,,Consultar
2,Licenciatura 2026,202,20200145,CIRUJANO DENTISTA,FACULTAD DE ODONTOLOGÍA,Escolarizado,https://www.dgae.unam.mx/Licenciatura2026/resultados/2/20200145.html,115,3060,2590,112,166,147043,38,,No seleccionado,,Consultar
2,Licenciatura 2026,202,20200145,CIRUJANO DENTISTA,FACULTAD DE ODONTOLOGÍA,Escolarizado,https://www.dgae.unam.mx/Licenciatura2026/resultados/2/20200145.html,115,3060,2590,112,166,147084,,C,Cancelado,,Consultar
2,Licenciatura 2026,202,20200145,CIRUJANO DENTISTA,FACULTAD DE ODONTOLOGÍA,Escolarizado,https://www.dgae.unam.mx/Licenciatura2026/resultados/2/20200145.html,115,3060,2590,112,166,147093,60,,No seleccionado,,Consultar
2,Licenciatura 2026,202,20200145,CIRUJANO DENTISTA,FACULTAD DE ODONTOLOGÍA,Escolarizado,https://www.dgae.unam.mx/Licenciatura2026/resultados/2/20200145.html,115,3060,2590,112,166,147095,,N,No presentado,,Consultar
2,Licenciatura 2026,202,20200145,CIRUJANO DENTISTA,FACULTAD DE ODONTOLOGÍA,Escolarizado,https://www.dgae.unam.mx/Licenciatura2026/resultados/2/20200145.html,115,3060,2590,112,166,147118,57,,No seleccionado,,Consultar
2,Licenciatura 2026,202,20200145,CIRUJANO DENTISTA,FACULTAD DE ODONTOLOGÍA,Escolarizado,https://www.dgae.unam.mx/Licenciatura2026/resultados/2/20200145.html,115,3060,2590,112,166,147142,,N,No presentado,,Consultar
2,Licenciatura 2026,202,20200145,CIRUJANO DENTISTA,FACULTAD DE ODONTOLOGÍA,Escolarizado,https://www.dgae.unam.mx/Licenciatura2026/resultados/2/20200145.html,115,3060,2590,112,166,147174,38,,No seleccionado,,Consultar
2,Licenciatura 2026,202,20200145,CIRUJANO DENTISTA,FACULTAD DE ODONTOLOGÍA,Escolarizado,https://www.dgae.unam.mx/Licenciatura2026/resultados/2/20200145.html,115,3060,2590,112,166,147209,62,,No seleccionado,,Consultar
2,Licenciatura 2026,202,20200145,CIRUJANO DENTISTA,FACULTAD DE ODONTOLOGÍA,Escolarizado,https://www.dgae.unam.mx/Licenciatura2026/resultados/2/20200145.html,115,3060,2590,112,166,147217,89,,No seleccionado,,Consultar
2,Licenciatura 2026,202,20200145,CIRUJANO DENTISTA,FACULTAD DE ODONTOLOGÍA,Escolarizado,https://www.dgae.unam.mx/Licenciatura2026/resultados/2/20200145.html,115,3060,2590,112,166,147232,30,,No seleccionado,,Consultar
2,Licenciatura 2026,202,20200145,CIRUJANO DENTISTA,FACULTAD DE ODONTOLOGÍA,Escolarizado,https://www.dgae.unam.mx/Licenciatura2026/resultados/2/20200145.html,115,3060,2590,112,166,147243,,N,No presentado,,Consultar
2,Licenciatura 2026,202,20200145,CIRUJANO DENTISTA,FACULTAD DE ODONTOLOGÍA,Escolarizado,https://www.dgae.unam.mx/Licenciatura2026/resultados/2/20200145.html,115,3060,2590,112,166,147249,40,,No seleccionado,,Consultar
2,Licenciatura 2026,202,20200145,CIRUJANO DENTISTA,FACULTAD DE ODONTOLOGÍA,Escolarizado,https://www.dgae.unam.mx/Licenciatura2026/resultados/2/20200145.html,115,3060,2590,112,166,147252,,N,No presentado,,Consultar
2,Licenciatura 2026,202,20200145,CIRUJANO DENTISTA,FACULTAD DE ODONTOLOGÍA,Escolarizado,https://www.dgae.unam.mx/Licenciatura2026/resultados/2/20200145.html,115,3060,2590,112,166,147271,81,,No seleccionado,,Consultar
2,Licenciatura 2026,202,20200145,CIRUJANO DENTISTA,FACULTAD DE ODONTOLOGÍA,Escolarizado,https://www.dgae.unam.mx/Licenciatura2026/resultados/2/20200145.html,115,3060,2590,112,166,147308,3,,No seleccionado,,Consultar
2,Licenciatura 2026,202,20200145,CIRUJANO DENTISTA,FACULTAD DE ODONTOLOGÍA,Escolarizado,https://www.dgae.unam.mx/Licenciatura2026/resultados/2/20200145.html,115,3060,2590,112,166,147317,29,,No seleccionado,,Consultar
2,Licenciatura 2026,202,20200145,CIRUJANO DENTISTA,FACULTAD DE ODONTOLOGÍA,Escolarizado,https://www.dgae.unam.mx/Licenciatura2026/resultados/2/20200145.html,115,3060,2590,112,166,147327,108,,No seleccionado,,Consultar
2,Licenciatura 2026,202,20200145,CIRUJANO DENTISTA,FACULTAD DE ODONTOLOGÍA,Escolarizado,https://www.dgae.unam.mx/Licenciatura2026/resultados/2/20200145.html,115,3060,2590,112,166,147358,,N,No presentado,,Consultar
2,Licenciatura 2026,202,20200145,CIRUJANO DENTISTA,FACULTAD DE ODONTOLOGÍA,Escolarizado,https://www.dgae.unam.mx/Licenciatura2026/resultados/2/20200145.html,115,3060,2590,112,166,147379,32,,No seleccionado,,Consultar
2,Licenciatura 2026,202,20200145,CIRUJANO DENTISTA,FACULTAD DE ODONTOLOGÍA,Escolarizado,https://www.dgae.unam.mx/Licenciatura2026/resultados/2/20200145.html,115,3060,2590,112,166,147391,34,,No seleccionado,,Consultar
2,Licenciatura 2026,202,20200145,CIRUJANO DENTISTA,FACULTAD DE ODONTOLOGÍA,Escolarizado,https://www.dgae.unam.mx/Licenciatura2026/resultados/2/20200145.html,115,3060,2590,112,166,147415,99,,No seleccionado,,Consultar
2,Licenciatura 2026,202,20200145,CIRUJANO DENTISTA,FACULTAD DE ODONTOLOGÍA,Escolarizado,https://www.dgae.unam.mx/Licenciatura2026/resultados/2/20200145.html,115,3060,2590,112,166,147418,45,,No seleccionado,,Consultar
2,Licenciatura 2026,202,20200145,CIRUJANO DENTISTA,FACULTAD DE ODONTOLOGÍA,Escolarizado,https://www.dgae.unam.mx/Licenciatura2026/resultados/2/20200145.html,115,3060,2590,112,166,147510,100,,No seleccionado,,Consultar
2,Licenciatura 2026,202,20200145,CIRUJANO DENTISTA,FACULTAD DE ODONTOLOGÍA,Escolarizado,https://www.dgae.unam.mx/Licenciatura2026/resultados/2/20200145.html,115,3060,2590,112,166,147521,92,,No seleccionado,,Consultar
2,Licenciatura 2026,202,20200145,CIRUJANO DENTISTA,FACULTAD DE ODONTOLOGÍA,Escolarizado,https://www.dgae.unam.mx/Licenciatura2026/resultados/2/20200145.html,115,3060,2590,112,166,147522,,C,Cancelado,,Consultar
2,Licenciatura 2026,202,20200145,CIRUJANO DENTISTA,FACULTAD DE ODONTOLOGÍA,Escolarizado,https://www.dgae.unam.mx/Licenciatura2026/resultados/2/20200145.html,115,3060,2590,112,166,147530,102,,No seleccionado,,Consultar
2,Licenciatura 2026,202,20200145,CIRUJANO DENTISTA,FACULTAD DE ODONTOLOGÍA,Escolarizado,https://www.dgae.unam.mx/Licenciatura2026/resultados/2/20200145.html,115,3060,2590,112,166,147567,72,,No seleccionado,,Consultar
2,Licenciatura 2026,202,20200145,CIRUJANO DENTISTA,FACULTAD DE ODONTOLOGÍA,Escolarizado,https://www.dgae.unam.mx/Licenciatura2026/resultados/2/20200145.html,115,3060,2590,112,166,147591,47,,No seleccionado,,Consultar
2,Licenciatura 2026,202,20200145,CIRUJANO DENTISTA,FACULTAD DE ODONTOLOGÍA,Escolarizado,https://www.dgae.unam.mx/Licenciatura2026/resultados/2/20200145.html,115,3060,2590,112,166,147595,,N,No presentado,,Consultar
2,Licenciatura 2026,202,20200145,CIRUJANO DENTISTA,FACULTAD DE ODONTOLOGÍA,Escolarizado,https://www.dgae.unam.mx/Licenciatura2026/resultados/2/20200145.html,115,3060,2590,112,166,147607,85,,No seleccionado,,Consultar
2,Licenciatura 2026,202,20200145,CIRUJANO DENTISTA,FACULTAD DE ODONTOLOGÍA,Escolarizado,https://www.dgae.unam.mx/Licenciatura2026/resultados/2/20200145.html,115,3060,2590,112,166,147608,36,,No seleccionado,,Consultar
2,Licenciatura 2026,202,20200145,CIRUJANO DENTISTA,FACULTAD DE ODONTOLOGÍA,Escolarizado,https://www.dgae.unam.mx/Licenciatura2026/resultados/2/20200145.html,115,3060,2590,112,166,147633,105,,No seleccionado,,Consultar
2,Licenciatura 2026,202,20200145,CIRUJANO DENTISTA,FACULTAD DE ODONTOLOGÍA,Escolarizado,https://www.dgae.unam.mx/Licenciatura2026/resultados/2/20200145.html,115,3060,2590,112,166,147635,97,,No seleccionado,,Consultar
2,Licenciatura 2026,202,20200145,CIRUJANO DENTISTA,FACULTAD DE ODONTOLOGÍA,Escolarizado,https://www.dgae.unam.mx/Licenciatura2026/resultados/2/20200145.html,115,3060,2590,112,166,147644,108,,No seleccionado,,Consultar
2,Licenciatura 2026,202,20200145,CIRUJANO DENTISTA,FACULTAD DE ODONTOLOGÍA,Escolarizado,https://www.dgae.unam.mx/Licenciatura2026/resultados/2/20200145.html,115,3060,2590,112,166,147660,,N,No presentado,,Consultar
2,Licenciatura 2026,202,20200145,CIRUJANO DENTISTA,FACULTAD DE ODONTOLOGÍA,Escolarizado,https://www.dgae.unam.mx/Licenciatura2026/resultados/2/20200145.html,115,3060,2590,112,166,147693,104,,No seleccionado,,Consultar
2,Licenciatura 2026,202,20200145,CIRUJANO DENTISTA,FACULTAD DE ODONTOLOGÍA,Escolarizado,https://www.dgae.unam.mx/Licenciatura2026/resultados/2/20200145.html,115,3060,2590,112,166,147699,57,,No seleccionado,,Consultar
2,Licenciatura 2026,202,20200145,CIRUJANO DENTISTA,FACULTAD DE ODONTOLOGÍA,Escolarizado,https://www.dgae.unam.mx/Licenciatura2026/resultados/2/20200145.html,115,3060,2590,112,166,147703,76,,No seleccionado,,Consultar
2,Licenciatura 2026,202,20200145,CIRUJANO DENTISTA,FACULTAD DE ODONTOLOGÍA,Escolarizado,https://www.dgae.unam.mx/Licenciatura2026/resultados/2/20200145.html,115,3060,2590,112,166,147706,103,,No seleccionado,,Consultar
2,Licenciatura 2026,202,20200145,CIRUJANO DENTISTA,FACULTAD DE ODONTOLOGÍA,Escolarizado,https://www.dgae.unam.mx/Licenciatura2026/resultados/2/20200145.html,115,3060,2590,112,166,147750,,N,No presentado,,Consultar
2,Licenciatura 2026,202,20200145,CIRUJANO DENTISTA,FACULTAD DE ODONTOLOGÍA,Escolarizado,https://www.dgae.unam.mx/Licenciatura2026/resultados/2/20200145.html,115,3060,2590,112,166,147759,,N,No presentado,,Consultar
2,Licenciatura 2026,202,20200145,CIRUJANO DENTISTA,FACULTAD DE ODONTOLOGÍA,Escolarizado,https://www.dgae.unam.mx/Licenciatura2026/resultados/2/20200145.html,115,3060,2590,112,166,147764,,N,No presentado,,Consultar
2,Licenciatura 2026,202,20200145,CIRUJANO DENTISTA,FACULTAD DE ODONTOLOGÍA,Escolarizado,https://www.dgae.unam.mx/Licenciatura2026/resultados/2/20200145.html,115,3060,2590,112,166,147787,70,,No seleccionado,,Consultar
2,Licenciatura 2026,202,20200145,CIRUJANO DENTISTA,FACULTAD DE ODONTOLOGÍA,Escolarizado,https://www.dgae.unam.mx/Licenciatura2026/resultados/2/20200145.html,115,3060,2590,112,166,147800,102,,No seleccionado,,Consultar
2,Licenciatura 2026,202,20200145,CIRUJANO DENTISTA,FACULTAD DE ODONTOLOGÍA,Escolarizado,https://www.dgae.unam.mx/Licenciatura2026/resultados/2/20200145.html,115,3060,2590,112,166,147822,66,,No seleccionado,,Consultar
2,Licenciatura 2026,202,20200145,CIRUJANO DENTISTA,FACULTAD DE ODONTOLOGÍA,Escolarizado,https://www.dgae.unam.mx/Licenciatura2026/resultados/2/20200145.html,115,3060,2590,112,166,147899,43,,No seleccionado,,Consultar
2,Licenciatura 2026,202,20200145,CIRUJANO DENTISTA,FACULTAD DE ODONTOLOGÍA,Escolarizado,https://www.dgae.unam.mx/Licenciatura2026/resultados/2/20200145.html,115,3060,2590,112,166,147906,,C,Cancelado,,Consultar
2,Licenciatura 2026,202,20200145,CIRUJANO DENTISTA,FACULTAD DE ODONTOLOGÍA,Escolarizado,https://www.dgae.unam.mx/Licenciatura2026/resultados/2/20200145.html,115,3060,2590,112,166,147938,46,,No seleccionado,,Consultar
2,Licenciatura 2026,202,20200145,CIRUJANO DENTISTA,FACULTAD DE ODONTOLOGÍA,Escolarizado,https://www.dgae.unam.mx/Licenciatura2026/resultados/2/20200145.html,115,3060,2590,112,166,147945,108,,No seleccionado,,Consultar
2,Licenciatura 2026,202,20200145,CIRUJANO DENTISTA,FACULTAD DE ODONTOLOGÍA,Escolarizado,https://www.dgae.unam.mx/Licenciatura2026/resultados/2/20200145.html,115,3060,2590,112,166,148004,,N,No presentado,,Consultar
2,Licenciatura 2026,202,20200145,CIRUJANO DENTISTA,FACULTAD DE ODONTOLOGÍA,Escolarizado,https://www.dgae.unam.mx/Licenciatura2026/resultados/2/20200145.html,115,3060,2590,112,166,148036,102,,No seleccionado,,Consultar
2,Licenciatura 2026,202,20200145,CIRUJANO DENTISTA,FACULTAD DE ODONTOLOGÍA,Escolarizado,https://www.dgae.unam.mx/Licenciatura2026/resultados/2/20200145.html,115,3060,2590,112,166,148046,53,,No seleccionado,,Consultar
2,Licenciatura 2026,202,20200145,CIRUJANO DENTISTA,FACULTAD DE ODONTOLOGÍA,Escolarizado,https://www.dgae.unam.mx/Licenciatura2026/resultados/2/20200145.html,115,3060,2590,112,166,148109,,N,No presentado,,Consultar
2,Licenciatura 2026,202,20200145,CIRUJANO DENTISTA,FACULTAD DE ODONTOLOGÍA,Escolarizado,https://www.dgae.unam.mx/Licenciatura2026/resultados/2/20200145.html,115,3060,2590,112,166,148151,,N,No presentado,,Consultar
2,Licenciatura 2026,202,20200145,CIRUJANO DENTISTA,FACULTAD DE ODONTOLOGÍA,Escolarizado,https://www.dgae.unam.mx/Licenciatura2026/resultados/2/20200145.html,115,3060,2590,112,166,148163,108,,No seleccionado,,Consultar
2,Licenciatura 2026,202,20200145,CIRUJANO DENTISTA,FACULTAD DE ODONTOLOGÍA,Escolarizado,https://www.dgae.unam.mx/Licenciatura2026/resultados/2/20200145.html,115,3060,2590,112,166,148193,114,S,Seleccionado,Cita para entregar documentación.,Consultar
2,Licenciatura 2026,202,20200145,CIRUJANO DENTISTA,FACULTAD DE ODONTOLOGÍA,Escolarizado,https://www.dgae.unam.mx/Licenciatura2026/resultados/2/20200145.html,115,3060,2590,112,166,148199,,N,No presentado,,Consultar
2,Licenciatura 2026,202,20200145,CIRUJANO DENTISTA,FACULTAD DE ODONTOLOGÍA,Escolarizado,https://www.dgae.unam.mx/Licenciatura2026/resultados/2/20200145.html,115,3060,2590,112,166,148212,77,,No seleccionado,,Consultar
2,Licenciatura 2026,202,20200145,CIRUJANO DENTISTA,FACULTAD DE ODONTOLOGÍA,Escolarizado,https://www.dgae.unam.mx/Licenciatura2026/resultados/2/20200145.html,115,3060,2590,112,166,148229,110,,No seleccionado,,Consultar
2,Licenciatura 2026,202,20200145,CIRUJANO DENTISTA,FACULTAD DE ODONTOLOGÍA,Escolarizado,https://www.dgae.unam.mx/Licenciatura2026/resultados/2/20200145.html,115,3060,2590,112,166,148248,106,,No seleccionado,,Consultar
2,Licenciatura 2026,202,20200145,CIRUJANO DENTISTA,FACULTAD DE ODONTOLOGÍA,Escolarizado,https://www.dgae.unam.mx/Licenciatura2026/resultados/2/20200145.html,115,3060,2590,112,166,148270,35,,No seleccionado,,Consultar
2,Licenciatura 2026,202,20200145,CIRUJANO DENTISTA,FACULTAD DE ODONTOLOGÍA,Escolarizado,https://www.dgae.unam.mx/Licenciatura2026/resultados/2/20200145.html,115,3060,2590,112,166,148295,,N,No presentado,,Consultar
2,Licenciatura 2026,202,20200145,CIRUJANO DENTISTA,FACULTAD DE ODONTOLOGÍA,Escolarizado,https://www.dgae.unam.mx/Licenciatura2026/resultados/2/20200145.html,115,3060,2590,112,166,148296,,N,No presentado,,Consultar
2,Licenciatura 2026,202,20200145,CIRUJANO DENTISTA,FACULTAD DE ODONTOLOGÍA,Escolarizado,https://www.dgae.unam.mx/Licenciatura2026/resultados/2/20200145.html,115,3060,2590,112,166,148314,114,S,Seleccionado,Cita para entregar documentación.,Consultar
2,Licenciatura 2026,202,20200145,CIRUJANO DENTISTA,FACULTAD DE ODONTOLOGÍA,Escolarizado,https://www.dgae.unam.mx/Licenciatura2026/resultados/2/20200145.html,115,3060,2590,112,166,148316,78,,No seleccionado,,Consultar
2,Licenciatura 2026,202,20200145,CIRUJANO DENTISTA,FACULTAD DE ODONTOLOGÍA,Escolarizado,https://www.dgae.unam.mx/Licenciatura2026/resultados/2/20200145.html,115,3060,2590,112,166,148355,,N,No presentado,,Consultar
2,Licenciatura 2026,202,20200145,CIRUJANO DENTISTA,FACULTAD DE ODONTOLOGÍA,Escolarizado,https://www.dgae.unam.mx/Licenciatura2026/resultados/2/20200145.html,115,3060,2590,112,166,148394,34,,No seleccionado,,Consultar
2,Licenciatura 2026,202,20200145,CIRUJANO DENTISTA,FACULTAD DE ODONTOLOGÍA,Escolarizado,https://www.dgae.unam.mx/Licenciatura2026/resultados/2/20200145.html,115,3060,2590,112,166,148410,96,,No seleccionado,,Consultar
2,Licenciatura 2026,202,20200145,CIRUJANO DENTISTA,FACULTAD DE ODONTOLOGÍA,Escolarizado,https://www.dgae.unam.mx/Licenciatura2026/resultados/2/20200145.html,115,3060,2590,112,166,148435,86,,No seleccionado,,Consultar
2,Licenciatura 2026,202,20200145,CIRUJANO DENTISTA,FACULTAD DE ODONTOLOGÍA,Escolarizado,https://www.dgae.unam.mx/Licenciatura2026/resultados/2/20200145.html,115,3060,2590,112,166,148477,,N,No presentado,,Consultar
2,Licenciatura 2026,202,20200145,CIRUJANO DENTISTA,FACULTAD DE ODONTOLOGÍA,Escolarizado,https://www.dgae.unam.mx/Licenciatura2026/resultados/2/20200145.html,115,3060,2590,112,166,148506,,N,No presentado,,Consultar
2,Licenciatura 2026,202,20200145,CIRUJANO DENTISTA,FACULTAD DE ODONTOLOGÍA,Escolarizado,https://www.dgae.unam.mx/Licenciatura2026/resultados/2/20200145.html,115,3060,2590,112,166,148508,64,,No seleccionado,,Consultar
2,Licenciatura 2026,202,20200145,CIRUJANO DENTISTA,FACULTAD DE ODONTOLOGÍA,Escolarizado,https://www.dgae.unam.mx/Licenciatura2026/resultados/2/20200145.html,115,3060,2590,112,166,148536,115,S,Seleccionado,Cita para entregar documentación.,Consultar
2,Licenciatura 2026,202,20200145,CIRUJANO DENTISTA,FACULTAD DE ODONTOLOGÍA,Escolarizado,https://www.dgae.unam.mx/Licenciatura2026/resultados/2/20200145.html,115,3060,2590,112,166,148592,106,,No seleccionado,,Consultar
2,Licenciatura 2026,202,20200145,CIRUJANO DENTISTA,FACULTAD DE ODONTOLOGÍA,Escolarizado,https://www.dgae.unam.mx/Licenciatura2026/resultados/2/20200145.html,115,3060,2590,112,166,148603,55,,No seleccionado,,Consultar
2,Licenciatura 2026,202,20200145,CIRUJANO DENTISTA,FACULTAD DE ODONTOLOGÍA,Escolarizado,https://www.dgae.unam.mx/Licenciatura2026/resultados/2/20200145.html,115,3060,2590,112,166,148647,43,,No seleccionado,,Consultar
2,Licenciatura 2026,202,20200145,CIRUJANO DENTISTA,FACULTAD DE ODONTOLOGÍA,Escolarizado,https://www.dgae.unam.mx/Licenciatura2026/resultados/2/20200145.html,115,3060,2590,112,166,148652,98,,No seleccionado,,Consultar
2,Licenciatura 2026,202,20200145,CIRUJANO DENTISTA,FACULTAD DE ODONTOLOGÍA,Escolarizado,https://www.dgae.unam.mx/Licenciatura2026/resultados/2/20200145.html,115,3060,2590,112,166,148681,36,,No seleccionado,,Consultar
2,Licenciatura 2026,202,20200145,CIRUJANO DENTISTA,FACULTAD DE ODONTOLOGÍA,Escolarizado,https://www.dgae.unam.mx/Licenciatura2026/resultados/2/20200145.html,115,3060,2590,112,166,148699,,N,No presentado,,Consultar
2,Licenciatura 2026,202,20200145,CIRUJANO DENTISTA,FACULTAD DE ODONTOLOGÍA,Escolarizado,https://www.dgae.unam.mx/Licenciatura2026/resultados/2/20200145.html,115,3060,2590,112,166,148742,,N,No presentado,,Consultar
2,Licenciatura 2026,202,20200145,CIRUJANO DENTISTA,FACULTAD DE ODONTOLOGÍA,Escolarizado,https://www.dgae.unam.mx/Licenciatura2026/resultados/2/20200145.html,115,3060,2590,112,166,148765,86,,No seleccionado,,Consultar
2,Licenciatura 2026,202,20200145,CIRUJANO DENTISTA,FACULTAD DE ODONTOLOGÍA,Escolarizado,https://www.dgae.unam.mx/Licenciatura2026/resultados/2/20200145.html,115,3060,2590,112,166,148775,69,,No seleccionado,,Consultar
2,Licenciatura 2026,202,20200145,CIRUJANO DENTISTA,FACULTAD DE ODONTOLOGÍA,Escolarizado,https://www.dgae.unam.mx/Licenciatura2026/resultados/2/20200145.html,115,3060,2590,112,166,148782,,N,No presentado,,Consultar
2,Licenciatura 2026,202,20200145,CIRUJANO DENTISTA,FACULTAD DE ODONTOLOGÍA,Escolarizado,https://www.dgae.unam.mx/Licenciatura2026/resultados/2/20200145.html,115,3060,2590,112,166,148827,61,,No seleccionado,,Consultar
2,Licenciatura 2026,202,20200145,CIRUJANO DENTISTA,FACULTAD DE ODONTOLOGÍA,Escolarizado,https://www.dgae.unam.mx/Licenciatura2026/resultados/2/20200145.html,115,3060,2590,112,166,148868,111,,No seleccionado,,Consultar
2,Licenciatura 2026,202,20200145,CIRUJANO DENTISTA,FACULTAD DE ODONTOLOGÍA,Escolarizado,https://www.dgae.unam.mx/Licenciatura2026/resultados/2/20200145.html,115,3060,2590,112,166,148871,82,,No seleccionado,,Consultar
2,Licenciatura 2026,202,20200145,CIRUJANO DENTISTA,FACULTAD DE ODONTOLOGÍA,Escolarizado,https://www.dgae.unam.mx/Licenciatura2026/resultados/2/20200145.html,115,3060,2590,112,166,148884,90,,No seleccionado,,Consultar
2,Licenciatura 2026,202,20200145,CIRUJANO DENTISTA,FACULTAD DE ODONTOLOGÍA,Escolarizado,https://www.dgae.unam.mx/Licenciatura2026/resultados/2/20200145.html,115,3060,2590,112,166,148944,92,,No seleccionado,,Consultar
2,Licenciatura 2026,202,20200145,CIRUJANO DENTISTA,FACULTAD DE ODONTOLOGÍA,Escolarizado,https://www.dgae.unam.mx/Licenciatura2026/resultados/2/20200145.html,115,3060,2590,112,166,148957,39,,No seleccionado,,Consultar
2,Licenciatura 2026,202,20200145,CIRUJANO DENTISTA,FACULTAD DE ODONTOLOGÍA,Escolarizado,https://www.dgae.unam.mx/Licenciatura2026/resultados/2/20200145.html,115,3060,2590,112,166,148990,98,,No seleccionado,,Consultar
2,Licenciatura 2026,202,20200145,CIRUJANO DENTISTA,FACULTAD DE ODONTOLOGÍA,Escolarizado,https://www.dgae.unam.mx/Licenciatura2026/resultados/2/20200145.html,115,3060,2590,112,166,149028,65,,No seleccionado,,Consultar
2,Licenciatura 2026,202,20200145,CIRUJANO DENTISTA,FACULTAD DE ODONTOLOGÍA,Escolarizado,https://www.dgae.unam.mx/Licenciatura2026/resultados/2/20200145.html,115,3060,2590,112,166,149042,61,,No seleccionado,,Consultar
2,Licenciatura 2026,202,20200145,CIRUJANO DENTISTA,FACULTAD DE ODONTOLOGÍA,Escolarizado,https://www.dgae.unam.mx/Licenciatura2026/resultados/2/20200145.html,115,3060,2590,112,166,149080,65,,No seleccionado,,Consultar
2,Licenciatura 2026,202,20200145,CIRUJANO DENTISTA,FACULTAD DE ODONTOLOGÍA,Escolarizado,https://www.dgae.unam.mx/Licenciatura2026/resultados/2/20200145.html,115,3060,2590,112,166,149096,54,,No seleccionado,,Consultar
2,Licenciatura 2026,202,20200145,CIRUJANO DENTISTA,FACULTAD DE ODONTOLOGÍA,Escolarizado,https://www.dgae.unam.mx/Licenciatura2026/resultados/2/20200145.html,115,3060,2590,112,166,149112,,N,No presentado,,Consultar
2,Licenciatura 2026,202,20200145,CIRUJANO DENTISTA,FACULTAD DE ODONTOLOGÍA,Escolarizado,https://www.dgae.unam.mx/Licenciatura2026/resultados/2/20200145.html,115,3060,2590,112,166,149120,,N,No presentado,,Consultar
2,Licenciatura 2026,202,20200145,CIRUJANO DENTISTA,FACULTAD DE ODONTOLOGÍA,Escolarizado,https://www.dgae.unam.mx/Licenciatura2026/resultados/2/20200145.html,115,3060,2590,112,166,149127,,N,No presentado,,Consultar
2,Licenciatura 2026,202,20200145,CIRUJANO DENTISTA,FACULTAD DE ODONTOLOGÍA,Escolarizado,https://www.dgae.unam.mx/Licenciatura2026/resultados/2/20200145.html,115,3060,2590,112,166,149134,,N,No presentado,,Consultar
2,Licenciatura 2026,202,20200145,CIRUJANO DENTISTA,FACULTAD DE ODONTOLOGÍA,Escolarizado,https://www.dgae.unam.mx/Licenciatura2026/resultados/2/20200145.html,115,3060,2590,112,166,149135,,N,No presentado,,Consultar
2,Licenciatura 2026,202,20200145,CIRUJANO DENTISTA,FACULTAD DE ODONTOLOGÍA,Escolarizado,https://www.dgae.unam.mx/Licenciatura2026/resultados/2/20200145.html,115,3060,2590,112,166,149160,64,,No seleccionado,,Consultar
2,Licenciatura 2026,202,20200145,CIRUJANO DENTISTA,FACULTAD DE ODONTOLOGÍA,Escolarizado,https://www.dgae.unam.mx/Licenciatura2026/resultados/2/20200145.html,115,3060,2590,112,166,149227,,N,No presentado,,Consultar
2,Licenciatura 2026,202,20200145,CIRUJANO DENTISTA,FACULTAD DE ODONTOLOGÍA,Escolarizado,https://www.dgae.unam.mx/Licenciatura2026/resultados/2/20200145.html,115,3060,2590,112,166,149277,,N,No presentado,,Consultar
2,Licenciatura 2026,202,20200145,CIRUJANO DENTISTA,FACULTAD DE ODONTOLOGÍA,Escolarizado,https://www.dgae.unam.mx/Licenciatura2026/resultados/2/20200145.html,115,3060,2590,112,166,149283,28,,No seleccionado,,Consultar
2,Licenciatura 2026,202,20200145,CIRUJANO DENTISTA,FACULTAD DE ODONTOLOGÍA,Escolarizado,https://www.dgae.unam.mx/Licenciatura2026/resultados/2/20200145.html,115,3060,2590,112,166,149301,,N,No presentado,,Consultar
2,Licenciatura 2026,202,20200145,CIRUJANO DENTISTA,FACULTAD DE ODONTOLOGÍA,Escolarizado,https://www.dgae.unam.mx/Licenciatura2026/resultados/2/20200145.html,115,3060,2590,112,166,149319,39,,No seleccionado,,Consultar
2,Licenciatura 2026,202,20200145,CIRUJANO DENTISTA,FACULTAD DE ODONTOLOGÍA,Escolarizado,https://www.dgae.unam.mx/Licenciatura2026/resultados/2/20200145.html,115,3060,2590,112,166,149335,,N,No presentado,,Consultar
2,Licenciatura 2026,202,20200145,CIRUJANO DENTISTA,FACULTAD DE ODONTOLOGÍA,Escolarizado,https://www.dgae.unam.mx/Licenciatura2026/resultados/2/20200145.html,115,3060,2590,112,166,149396,87,,No seleccionado,,Consultar
2,Licenciatura 2026,202,20200145,CIRUJANO DENTISTA,FACULTAD DE ODONTOLOGÍA,Escolarizado,https://www.dgae.unam.mx/Licenciatura2026/resultados/2/20200145.html,115,3060,2590,112,166,149404,59,,No seleccionado,,Consultar
2,Licenciatura 2026,202,20200145,CIRUJANO DENTISTA,FACULTAD DE ODONTOLOGÍA,Escolarizado,https://www.dgae.unam.mx/Licenciatura2026/resultados/2/20200145.html,115,3060,2590,112,166,149434,,N,No presentado,,Consultar
2,Licenciatura 2026,202,20200145,CIRUJANO DENTISTA,FACULTAD DE ODONTOLOGÍA,Escolarizado,https://www.dgae.unam.mx/Licenciatura2026/resultados/2/20200145.html,115,3060,2590,112,166,149438,81,,No seleccionado,,Consultar
2,Licenciatura 2026,202,20200145,CIRUJANO DENTISTA,FACULTAD DE ODONTOLOGÍA,Escolarizado,https://www.dgae.unam.mx/Licenciatura2026/resultados/2/20200145.html,115,3060,2590,112,166,149475,68,,No seleccionado,,Consultar
2,Licenciatura 2026,202,20200145,CIRUJANO DENTISTA,FACULTAD DE ODONTOLOGÍA,Escolarizado,https://www.dgae.unam.mx/Licenciatura2026/resultados/2/20200145.html,115,3060,2590,112,166,149489,100,,No seleccionado,,Consultar
2,Licenciatura 2026,202,20200145,CIRUJANO DENTISTA,FACULTAD DE ODONTOLOGÍA,Escolarizado,https://www.dgae.unam.mx/Licenciatura2026/resultados/2/20200145.html,115,3060,2590,112,166,149504,41,,No seleccionado,,Consultar
2,Licenciatura 2026,202,20200145,CIRUJANO DENTISTA,FACULTAD DE ODONTOLOGÍA,Escolarizado,https://www.dgae.unam.mx/Licenciatura2026/resultados/2/20200145.html,115,3060,2590,112,166,149507,64,,No seleccionado,,Consultar
2,Licenciatura 2026,202,20200145,CIRUJANO DENTISTA,FACULTAD DE ODONTOLOGÍA,Escolarizado,https://www.dgae.unam.mx/Licenciatura2026/resultados/2/20200145.html,115,3060,2590,112,166,149520,100,,No seleccionado,,Consultar
2,Licenciatura 2026,202,20200145,CIRUJANO DENTISTA,FACULTAD DE ODONTOLOGÍA,Escolarizado,https://www.dgae.unam.mx/Licenciatura2026/resultados/2/20200145.html,115,3060,2590,112,166,149522,91,,No seleccionado,,Consultar
2,Licenciatura 2026,202,20200145,CIRUJANO DENTISTA,FACULTAD DE ODONTOLOGÍA,Escolarizado,https://www.dgae.unam.mx/Licenciatura2026/resultados/2/20200145.html,115,3060,2590,112,166,149535,104,,No seleccionado,,Consultar
2,Licenciatura 2026,202,20200145,CIRUJANO DENTISTA,FACULTAD DE ODONTOLOGÍA,Escolarizado,https://www.dgae.unam.mx/Licenciatura2026/resultados/2/20200145.html,115,3060,2590,112,166,149536,,N,No presentado,,Consultar
2,Licenciatura 2026,202,20200145,CIRUJANO DENTISTA,FACULTAD DE ODONTOLOGÍA,Escolarizado,https://www.dgae.unam.mx/Licenciatura2026/resultados/2/20200145.html,115,3060,2590,112,166,149567,47,,No seleccionado,,Consultar
2,Licenciatura 2026,202,20200145,CIRUJANO DENTISTA,FACULTAD DE ODONTOLOGÍA,Escolarizado,https://www.dgae.unam.mx/Licenciatura2026/resultados/2/20200145.html,115,3060,2590,112,166,149596,71,,No seleccionado,,Consultar
2,Licenciatura 2026,202,20200145,CIRUJANO DENTISTA,FACULTAD DE ODONTOLOGÍA,Escolarizado,https://www.dgae.unam.mx/Licenciatura2026/resultados/2/20200145.html,115,3060,2590,112,166,149623,98,,No seleccionado,,Consultar
2,Licenciatura 2026,202,20200145,CIRUJANO DENTISTA,FACULTAD DE ODONTOLOGÍA,Escolarizado,https://www.dgae.unam.mx/Licenciatura2026/resultados/2/20200145.html,115,3060,2590,112,166,149645,,N,No presentado,,Consultar
2,Licenciatura 2026,202,20200145,CIRUJANO DENTISTA,FACULTAD DE ODONTOLOGÍA,Escolarizado,https://www.dgae.unam.mx/Licenciatura2026/resultados/2/20200145.html,115,3060,2590,112,166,149672,78,,No seleccionado,,Consultar
2,Licenciatura 2026,202,20200145,CIRUJANO DENTISTA,FACULTAD DE ODONTOLOGÍA,Escolarizado,https://www.dgae.unam.mx/Licenciatura2026/resultados/2/20200145.html,115,3060,2590,112,166,149694,104,,No seleccionado,,Consultar
2,Licenciatura 2026,202,20200145,CIRUJANO DENTISTA,FACULTAD DE ODONTOLOGÍA,Escolarizado,https://www.dgae.unam.mx/Licenciatura2026/resultados/2/20200145.html,115,3060,2590,112,166,149703,114,S,Seleccionado,Cita para entregar documentación.,Consultar
2,Licenciatura 2026,202,20200145,CIRUJANO DENTISTA,FACULTAD DE ODONTOLOGÍA,Escolarizado,https://www.dgae.unam.mx/Licenciatura2026/resultados/2/20200145.html,115,3060,2590,112,166,149764,33,,No seleccionado,,Consultar
2,Licenciatura 2026,202,20200145,CIRUJANO DENTISTA,FACULTAD DE ODONTOLOGÍA,Escolarizado,https://www.dgae.unam.mx/Licenciatura2026/resultados/2/20200145.html,115,3060,2590,112,166,149770,89,,No seleccionado,,Consultar
2,Licenciatura 2026,202,20200145,CIRUJANO DENTISTA,FACULTAD DE ODONTOLOGÍA,Escolarizado,https://www.dgae.unam.mx/Licenciatura2026/resultados/2/20200145.html,115,3060,2590,112,166,149782,37,,No seleccionado,,Consultar
2,Licenciatura 2026,202,20200145,CIRUJANO DENTISTA,FACULTAD DE ODONTOLOGÍA,Escolarizado,https://www.dgae.unam.mx/Licenciatura2026/resultados/2/20200145.html,115,3060,2590,112,166,149787,49,,No seleccionado,,Consultar
2,Licenciatura 2026,202,20200145,CIRUJANO DENTISTA,FACULTAD DE ODONTOLOGÍA,Escolarizado,https://www.dgae.unam.mx/Licenciatura2026/resultados/2/20200145.html,115,3060,2590,112,166,149795,83,,No seleccionado,,Consultar
2,Licenciatura 2026,202,20200145,CIRUJANO DENTISTA,FACULTAD DE ODONTOLOGÍA,Escolarizado,https://www.dgae.unam.mx/Licenciatura2026/resultados/2/20200145.html,115,3060,2590,112,166,149821,108,,No seleccionado,,Consultar
2,Licenciatura 2026,202,20200145,CIRUJANO DENTISTA,FACULTAD DE ODONTOLOGÍA,Escolarizado,https://www.dgae.unam.mx/Licenciatura2026/resultados/2/20200145.html,115,3060,2590,112,166,149852,111,,No seleccionado,,Consultar
2,Licenciatura 2026,202,20200145,CIRUJANO DENTISTA,FACULTAD DE ODONTOLOGÍA,Escolarizado,https://www.dgae.unam.mx/Licenciatura2026/resultados/2/20200145.html,115,3060,2590,112,166,149875,54,,No seleccionado,,Consultar
2,Licenciatura 2026,202,20200145,CIRUJANO DENTISTA,FACULTAD DE ODONTOLOGÍA,Escolarizado,https://www.dgae.unam.mx/Licenciatura2026/resultados/2/20200145.html,115,3060,2590,112,166,149913,,N,No presentado,,Consultar
2,Licenciatura 2026,202,20200145,CIRUJANO DENTISTA,FACULTAD DE ODONTOLOGÍA,Escolarizado,https://www.dgae.unam.mx/Licenciatura2026/resultados/2/20200145.html,115,3060,2590,112,166,149926,,N,No presentado,,Consultar
2,Licenciatura 2026,202,20200145,CIRUJANO DENTISTA,FACULTAD DE ODONTOLOGÍA,Escolarizado,https://www.dgae.unam.mx/Licenciatura2026/resultados/2/20200145.html,115,3060,2590,112,166,149930,96,,No seleccionado,,Consultar
2,Licenciatura 2026,202,20200145,CIRUJANO DENTISTA,FACULTAD DE ODONTOLOGÍA,Escolarizado,https://www.dgae.unam.mx/Licenciatura2026/resultados/2/20200145.html,115,3060,2590,112,166,149941,91,,No seleccionado,,Consultar
2,Licenciatura 2026,202,20200145,CIRUJANO DENTISTA,FACULTAD DE ODONTOLOGÍA,Escolarizado,https://www.dgae.unam.mx/Licenciatura2026/resultados/2/20200145.html,115,3060,2590,112,166,149972,,N,No presentado,,Consultar
2,Licenciatura 2026,202,20200145,CIRUJANO DENTISTA,FACULTAD DE ODONTOLOGÍA,Escolarizado,https://www.dgae.unam.mx/Licenciatura2026/resultados/2/20200145.html,115,3060,2590,112,166,149980,47,,No seleccionado,,Consultar
2,Licenciatura 2026,202,20200145,CIRUJANO DENTISTA,FACULTAD DE ODONTOLOGÍA,Escolarizado,https://www.dgae.unam.mx/Licenciatura2026/resultados/2/20200145.html,115,3060,2590,112,166,149990,41,,No seleccionado,,Consultar
2,Licenciatura 2026,202,20200145,CIRUJANO DENTISTA,FACULTAD DE ODONTOLOGÍA,Escolarizado,https://www.dgae.unam.mx/Licenciatura2026/resultados/2/20200145.html,115,3060,2590,112,166,150008,111,,No seleccionado,,Consultar
2,Licenciatura 2026,202,20200145,CIRUJANO DENTISTA,FACULTAD DE ODONTOLOGÍA,Escolarizado,https://www.dgae.unam.mx/Licenciatura2026/resultados/2/20200145.html,115,3060,2590,112,166,150027,113,S,Seleccionado,Cita para entregar documentación.,Consultar
2,Licenciatura 2026,202,20200145,CIRUJANO DENTISTA,FACULTAD DE ODONTOLOGÍA,Escolarizado,https://www.dgae.unam.mx/Licenciatura2026/resultados/2/20200145.html,115,3060,2590,112,166,150033,48,,No seleccionado,,Consultar
2,Licenciatura 2026,202,20200145,CIRUJANO DENTISTA,FACULTAD DE ODONTOLOGÍA,Escolarizado,https://www.dgae.unam.mx/Licenciatura2026/resultados/2/20200145.html,115,3060,2590,112,166,150065,,N,No presentado,,Consultar
2,Licenciatura 2026,202,20200145,CIRUJANO DENTISTA,FACULTAD DE ODONTOLOGÍA,Escolarizado,https://www.dgae.unam.mx/Licenciatura2026/resultados/2/20200145.html,115,3060,2590,112,166,150067,73,,No seleccionado,,Consultar
2,Licenciatura 2026,202,20200145,CIRUJANO DENTISTA,FACULTAD DE ODONTOLOGÍA,Escolarizado,https://www.dgae.unam.mx/Licenciatura2026/resultados/2/20200145.html,115,3060,2590,112,166,150101,,N,No presentado,,Consultar
2,Licenciatura 2026,202,20200145,CIRUJANO DENTISTA,FACULTAD DE ODONTOLOGÍA,Escolarizado,https://www.dgae.unam.mx/Licenciatura2026/resultados/2/20200145.html,115,3060,2590,112,166,150105,105,,No seleccionado,,Consultar
2,Licenciatura 2026,202,20200145,CIRUJANO DENTISTA,FACULTAD DE ODONTOLOGÍA,Escolarizado,https://www.dgae.unam.mx/Licenciatura2026/resultados/2/20200145.html,115,3060,2590,112,166,150114,111,,No seleccionado,,Consultar
2,Licenciatura 2026,202,20200145,CIRUJANO DENTISTA,FACULTAD DE ODONTOLOGÍA,Escolarizado,https://www.dgae.unam.mx/Licenciatura2026/resultados/2/20200145.html,115,3060,2590,112,166,150141,,N,No presentado,,Consultar
2,Licenciatura 2026,202,20200145,CIRUJANO DENTISTA,FACULTAD DE ODONTOLOGÍA,Escolarizado,https://www.dgae.unam.mx/Licenciatura2026/resultados/2/20200145.html,115,3060,2590,112,166,150177,45,,No seleccionado,,Consultar
2,Licenciatura 2026,202,20200145,CIRUJANO DENTISTA,FACULTAD DE ODONTOLOGÍA,Escolarizado,https://www.dgae.unam.mx/Licenciatura2026/resultados/2/20200145.html,115,3060,2590,112,166,150182,58,,No seleccionado,,Consultar
2,Licenciatura 2026,202,20200145,CIRUJANO DENTISTA,FACULTAD DE ODONTOLOGÍA,Escolarizado,https://www.dgae.unam.mx/Licenciatura2026/resultados/2/20200145.html,115,3060,2590,112,166,150204,,C,Cancelado,,Consultar
2,Licenciatura 2026,202,20200145,CIRUJANO DENTISTA,FACULTAD DE ODONTOLOGÍA,Escolarizado,https://www.dgae.unam.mx/Licenciatura2026/resultados/2/20200145.html,115,3060,2590,112,166,150219,77,,No seleccionado,,Consultar
2,Licenciatura 2026,202,20200145,CIRUJANO DENTISTA,FACULTAD DE ODONTOLOGÍA,Escolarizado,https://www.dgae.unam.mx/Licenciatura2026/resultados/2/20200145.html,115,3060,2590,112,166,150258,114,S,Seleccionado,Cita para entregar documentación.,Consultar
2,Licenciatura 2026,202,20200145,CIRUJANO DENTISTA,FACULTAD DE ODONTOLOGÍA,Escolarizado,https://www.dgae.unam.mx/Licenciatura2026/resultados/2/20200145.html,115,3060,2590,112,166,150270,40,,No seleccionado,,Consultar
2,Licenciatura 2026,202,20200145,CIRUJANO DENTISTA,FACULTAD DE ODONTOLOGÍA,Escolarizado,https://www.dgae.unam.mx/Licenciatura2026/resultados/2/20200145.html,115,3060,2590,112,166,150340,97,,No seleccionado,,Consultar
2,Licenciatura 2026,202,20200145,CIRUJANO DENTISTA,FACULTAD DE ODONTOLOGÍA,Escolarizado,https://www.dgae.unam.mx/Licenciatura2026/resultados/2/20200145.html,115,3060,2590,112,166,150359,42,,No seleccionado,,Consultar
2,Licenciatura 2026,202,20200145,CIRUJANO DENTISTA,FACULTAD DE ODONTOLOGÍA,Escolarizado,https://www.dgae.unam.mx/Licenciatura2026/resultados/2/20200145.html,115,3060,2590,112,166,150382,76,,No seleccionado,,Consultar
2,Licenciatura 2026,202,20200145,CIRUJANO DENTISTA,FACULTAD DE ODONTOLOGÍA,Escolarizado,https://www.dgae.unam.mx/Licenciatura2026/resultados/2/20200145.html,115,3060,2590,112,166,150415,69,,No seleccionado,,Consultar
2,Licenciatura 2026,202,20200145,CIRUJANO DENTISTA,FACULTAD DE ODONTOLOGÍA,Escolarizado,https://www.dgae.unam.mx/Licenciatura2026/resultados/2/20200145.html,115,3060,2590,112,166,150465,111,,No seleccionado,,Consultar
2,Licenciatura 2026,202,20200145,CIRUJANO DENTISTA,FACULTAD DE ODONTOLOGÍA,Escolarizado,https://www.dgae.unam.mx/Licenciatura2026/resultados/2/20200145.html,115,3060,2590,112,166,150496,114,S,Seleccionado,Cita para entregar documentación.,Consultar
2,Licenciatura 2026,202,20200145,CIRUJANO DENTISTA,FACULTAD DE ODONTOLOGÍA,Escolarizado,https://www.dgae.unam.mx/Licenciatura2026/resultados/2/20200145.html,115,3060,2590,112,166,150515,,C,Cancelado,,Consultar
2,Licenciatura 2026,202,20200145,CIRUJANO DENTISTA,FACULTAD DE ODONTOLOGÍA,Escolarizado,https://www.dgae.unam.mx/Licenciatura2026/resultados/2/20200145.html,115,3060,2590,112,166,150522,66,,No seleccionado,,Consultar
2,Licenciatura 2026,202,20200145,CIRUJANO DENTISTA,FACULTAD DE ODONTOLOGÍA,Escolarizado,https://www.dgae.unam.mx/Licenciatura2026/resultados/2/20200145.html,115,3060,2590,112,166,150529,,N,No presentado,,Consultar
2,Licenciatura 2026,202,20200145,CIRUJANO DENTISTA,FACULTAD DE ODONTOLOGÍA,Escolarizado,https://www.dgae.unam.mx/Licenciatura2026/resultados/2/20200145.html,115,3060,2590,112,166,150536,,N,No presentado,,Consultar
2,Licenciatura 2026,202,20200145,CIRUJANO DENTISTA,FACULTAD DE ODONTOLOGÍA,Escolarizado,https://www.dgae.unam.mx/Licenciatura2026/resultados/2/20200145.html,115,3060,2590,112,166,150540,89,,No seleccionado,,Consultar
2,Licenciatura 2026,202,20200145,CIRUJANO DENTISTA,FACULTAD DE ODONTOLOGÍA,Escolarizado,https://www.dgae.unam.mx/Licenciatura2026/resultados/2/20200145.html,115,3060,2590,112,166,150583,107,,No seleccionado,,Consultar
2,Licenciatura 2026,202,20200145,CIRUJANO DENTISTA,FACULTAD DE ODONTOLOGÍA,Escolarizado,https://www.dgae.unam.mx/Licenciatura2026/resultados/2/20200145.html,115,3060,2590,112,166,150585,29,,No seleccionado,,Consultar
2,Licenciatura 2026,202,20200145,CIRUJANO DENTISTA,FACULTAD DE ODONTOLOGÍA,Escolarizado,https://www.dgae.unam.mx/Licenciatura2026/resultados/2/20200145.html,115,3060,2590,112,166,150601,53,,No seleccionado,,Consultar
2,Licenciatura 2026,202,20200145,CIRUJANO DENTISTA,FACULTAD DE ODONTOLOGÍA,Escolarizado,https://www.dgae.unam.mx/Licenciatura2026/resultados/2/20200145.html,115,3060,2590,112,166,150606,109,,No seleccionado,,Consultar
2,Licenciatura 2026,202,20200145,CIRUJANO DENTISTA,FACULTAD DE ODONTOLOGÍA,Escolarizado,https://www.dgae.unam.mx/Licenciatura2026/resultados/2/20200145.html,115,3060,2590,112,166,150658,96,,No seleccionado,,Consultar
2,Licenciatura 2026,202,20200145,CIRUJANO DENTISTA,FACULTAD DE ODONTOLOGÍA,Escolarizado,https://www.dgae.unam.mx/Licenciatura2026/resultados/2/20200145.html,115,3060,2590,112,166,150762,60,,No seleccionado,,Consultar
2,Licenciatura 2026,202,20200145,CIRUJANO DENTISTA,FACULTAD DE ODONTOLOGÍA,Escolarizado,https://www.dgae.unam.mx/Licenciatura2026/resultados/2/20200145.html,115,3060,2590,112,166,150774,61,,No seleccionado,,Consultar
2,Licenciatura 2026,202,20200145,CIRUJANO DENTISTA,FACULTAD DE ODONTOLOGÍA,Escolarizado,https://www.dgae.unam.mx/Licenciatura2026/resultados/2/20200145.html,115,3060,2590,112,166,150788,87,,No seleccionado,,Consultar
2,Licenciatura 2026,202,20200145,CIRUJANO DENTISTA,FACULTAD DE ODONTOLOGÍA,Escolarizado,https://www.dgae.unam.mx/Licenciatura2026/resultados/2/20200145.html,115,3060,2590,112,166,150792,67,,No seleccionado,,Consultar
2,Licenciatura 2026,202,20200145,CIRUJANO DENTISTA,FACULTAD DE ODONTOLOGÍA,Escolarizado,https://www.dgae.unam.mx/Licenciatura2026/resultados/2/20200145.html,115,3060,2590,112,166,150814,,N,No presentado,,Consultar
2,Licenciatura 2026,202,20200145,CIRUJANO DENTISTA,FACULTAD DE ODONTOLOGÍA,Escolarizado,https://www.dgae.unam.mx/Licenciatura2026/resultados/2/20200145.html,115,3060,2590,112,166,150868,,N,No presentado,,Consultar
2,Licenciatura 2026,202,20200145,CIRUJANO DENTISTA,FACULTAD DE ODONTOLOGÍA,Escolarizado,https://www.dgae.unam.mx/Licenciatura2026/resultados/2/20200145.html,115,3060,2590,112,166,150887,,N,No presentado,,Consultar
2,Licenciatura 2026,202,20200145,CIRUJANO DENTISTA,FACULTAD DE ODONTOLOGÍA,Escolarizado,https://www.dgae.unam.mx/Licenciatura2026/resultados/2/20200145.html,115,3060,2590,112,166,150893,108,,No seleccionado,,Consultar
2,Licenciatura 2026,202,20200145,CIRUJANO DENTISTA,FACULTAD DE ODONTOLOGÍA,Escolarizado,https://www.dgae.unam.mx/Licenciatura2026/resultados/2/20200145.html,115,3060,2590,112,166,151635,110,,No seleccionado,,Consultar
