Anio,Area,Concurso,Clave_carrera,Codigo_opcion,Carrera,Plantel,Modalidad,URL_resultados,Oferta,Aspirantes,Presentaron_examen,Aciertos_minimos,Seleccionados,Numero_comprobante,Aciertos,Acreditado,Estatus,Detalles,Diagnostico
2025,2,Licenciatura 2025,210,21005005,PSICOLOGIA,FES ZARAGOZA,Escolarizado,https://www.dgae.unam.mx/Licenciatura2025/resultados/2/21005005.html,120,3202,2854,88,125,070070,30,,No seleccionado,,Consultar
2025,2,Licenciatura 2025,210,21005005,PSICOLOGIA,FES ZARAGOZA,Escolarizado,https://www.dgae.unam.mx/Licenciatura2025/resultados/2/21005005.html,120,3202,2854,88,125,070084,,N,No presentado,,Consultar
2025,2,Licenciatura 2025,210,21005005,PSICOLOGIA,FES ZARAGOZA,Escolarizado,https://www.dgae.unam.mx/Licenciatura2025/resultados/2/21005005.html,120,3202,2854,88,125,070087,50,,No seleccionado,,Consultar
2025,2,Licenciatura 2025,210,21005005,PSICOLOGIA,FES ZARAGOZA,Escolarizado,https://www.dgae.unam.mx/Licenciatura2025/resultados/2/21005005.html,120,3202,2854,88,125,070106,116,S,Seleccionado,Cita para entregar documentación.,Consultar
2025,2,Licenciatura 2025,210,21005005,PSICOLOGIA,FES ZARAGOZA,Escolarizado,https://www.dgae.unam.mx/Licenciatura2025/resultados/2/21005005.html,120,3202,2854,88,125,070111,43,,No seleccionado,,Consultar
2025,2,Licenciatura 2025,210,21005005,PSICOLOGIA,FES ZARAGOZA,Escolarizado,https://www.dgae.unam.mx/Licenciatura2025/resultados/2/21005005.html,120,3202,2854,88,125,070148,74,,No seleccionado,,Consultar
2025,2,Licenciatura 2025,210,21005005,PSICOLOGIA,FES ZARAGOZA,Escolarizado,https://www.dgae.unam.mx/Licenciatura2025/resultados/2/21005005.html,120,3202,2854,88,125,070337,37,,No seleccionado,,Consultar
2025,2,Licenciatura 2025,210,21005005,PSICOLOGIA,FES ZARAGOZA,Escolarizado,https://www.dgae.unam.mx/Licenciatura2025/resultados/2/21005005.html,120,3202,2854,88,125,070377,82,,No seleccionado,,Consultar
2025,2,Licenciatura 2025,210,21005005,PSICOLOGIA,FES ZARAGOZA,Escolarizado,https://www.dgae.unam.mx/Licenciatura2025/resultados/2/21005005.html,120,3202,2854,88,125,070449,,N,No presentado,,Consultar
2025,2,Licenciatura 2025,210,21005005,PSICOLOGIA,FES ZARAGOZA,Escolarizado,https://www.dgae.unam.mx/Licenciatura2025/resultados/2/21005005.html,120,3202,2854,88,125,070496,36,,No seleccionado,,Consultar
2025,2,Licenciatura 2025,210,21005005,PSICOLOGIA,FES ZARAGOZA,Escolarizado,https://www.dgae.unam.mx/Licenciatura2025/resultados/2/21005005.html,120,3202,2854,88,125,070560,100,S,Seleccionado,Cita para entregar documentación.,Consultar
2025,2,Licenciatura 2025,210,21005005,PSICOLOGIA,FES ZARAGOZA,Escolarizado,https://www.dgae.unam.mx/Licenciatura2025/resultados/2/21005005.html,120,3202,2854,88,125,070580,47,,No seleccionado,,Consultar
2025,2,Licenciatura 2025,210,21005005,PSICOLOGIA,FES ZARAGOZA,Escolarizado,https://www.dgae.unam.mx/Licenciatura2025/resultados/2/21005005.html,120,3202,2854,88,125,070602,46,,No seleccionado,,Consultar
2025,2,Licenciatura 2025,210,21005005,PSICOLOGIA,FES ZARAGOZA,Escolarizado,https://www.dgae.unam.mx/Licenciatura2025/resultados/2/21005005.html,120,3202,2854,88,125,070636,34,,No seleccionado,,Consultar
2025,2,Licenciatura 2025,210,21005005,PSICOLOGIA,FES ZARAGOZA,Escolarizado,https://www.dgae.unam.mx/Licenciatura2025/resultados/2/21005005.html,120,3202,2854,88,125,070788,62,,No seleccionado,,Consultar
2025,2,Licenciatura 2025,210,21005005,PSICOLOGIA,FES ZARAGOZA,Escolarizado,https://www.dgae.unam.mx/Licenciatura2025/resultados/2/21005005.html,120,3202,2854,88,125,070940,37,,No seleccionado,,Consultar
2025,2,Licenciatura 2025,210,21005005,PSICOLOGIA,FES ZARAGOZA,Escolarizado,https://www.dgae.unam.mx/Licenciatura2025/resultados/2/21005005.html,120,3202,2854,88,125,070943,72,,No seleccionado,,Consultar
2025,2,Licenciatura 2025,210,21005005,PSICOLOGIA,FES ZARAGOZA,Escolarizado,https://www.dgae.unam.mx/Licenciatura2025/resultados/2/21005005.html,120,3202,2854,88,125,070994,85,,No seleccionado,,Consultar
2025,2,Licenciatura 2025,210,21005005,PSICOLOGIA,FES ZARAGOZA,Escolarizado,https://www.dgae.unam.mx/Licenciatura2025/resultados/2/21005005.html,120,3202,2854,88,125,071166,46,,No seleccionado,,Consultar
2025,2,Licenciatura 2025,210,21005005,PSICOLOGIA,FES ZARAGOZA,Escolarizado,https://www.dgae.unam.mx/Licenciatura2025/resultados/2/21005005.html,120,3202,2854,88,125,071239,41,,No seleccionado,,Consultar
2025,2,Licenciatura 2025,210,21005005,PSICOLOGIA,FES ZARAGOZA,Escolarizado,https://www.dgae.unam.mx/Licenciatura2025/resultados/2/21005005.html,120,3202,2854,88,125,071429,41,,No seleccionado,,Consultar
2025,2,Licenciatura 2025,210,21005005,PSICOLOGIA,FES ZARAGOZA,Escolarizado,https://www.dgae.unam.mx/Licenciatura2025/resultados/2/21005005.html,120,3202,2854,88,125,071478,55,,No seleccionado,,Consultar
2025,2,Licenciatura 2025,210,21005005,PSICOLOGIA,FES ZARAGOZA,Escolarizado,https://www.dgae.unam.mx/Licenciatura2025/resultados/2/21005005.html,120,3202,2854,88,125,071518,55,,No seleccionado,,Consultar
2025,2,Licenciatura 2025,210,21005005,PSICOLOGIA,FES ZARAGOZA,Escolarizado,https://www.dgae.unam.mx/Licenciatura2025/resultados/2/21005005.html,120,3202,2854,88,125,071668,28,,No seleccionado,,Consultar
2025,2,Licenciatura 2025,210,21005005,PSICOLOGIA,FES ZARAGOZA,Escolarizado,https://www.dgae.unam.mx/Licenciatura2025/resultados/2/21005005.html,120,3202,2854,88,125,071760,48,,No seleccionado,,Consultar
2025,2,Licenciatura 2025,210,21005005,PSICOLOGIA,FES ZARAGOZA,Escolarizado,https://www.dgae.unam.mx/Licenciatura2025/resultados/2/21005005.html,120,3202,2854,88,125,071777,51,,No seleccionado,,Consultar
2025,2,Licenciatura 2025,210,21005005,PSICOLOGIA,FES ZARAGOZA,Escolarizado,https://www.dgae.unam.mx/Licenciatura2025/resultados/2/21005005.html,120,3202,2854,88,125,071916,,N,No presentado,,Consultar
2025,2,Licenciatura 2025,210,21005005,PSICOLOGIA,FES ZARAGOZA,Escolarizado,https://www.dgae.unam.mx/Licenciatura2025/resultados/2/21005005.html,120,3202,2854,88,125,071922,45,,No seleccionado,,Consultar
2025,2,Licenciatura 2025,210,21005005,PSICOLOGIA,FES ZARAGOZA,Escolarizado,https://www.dgae.unam.mx/Licenciatura2025/resultados/2/21005005.html,120,3202,2854,88,125,071924,45,,No seleccionado,,Consultar
2025,2,Licenciatura 2025,210,21005005,PSICOLOGIA,FES ZARAGOZA,Escolarizado,https://www.dgae.unam.mx/Licenciatura2025/resultados/2/21005005.html,120,3202,2854,88,125,071930,70,,No seleccionado,,Consultar
2025,2,Licenciatura 2025,210,21005005,PSICOLOGIA,FES ZARAGOZA,Escolarizado,https://www.dgae.unam.mx/Licenciatura2025/resultados/2/21005005.html,120,3202,2854,88,125,071945,63,,No seleccionado,,Consultar
2025,2,Licenciatura 2025,210,21005005,PSICOLOGIA,FES ZARAGOZA,Escolarizado,https://www.dgae.unam.mx/Licenciatura2025/resultados/2/21005005.html,120,3202,2854,88,125,071951,40,,No seleccionado,,Consultar
2025,2,Licenciatura 2025,210,21005005,PSICOLOGIA,FES ZARAGOZA,Escolarizado,https://www.dgae.unam.mx/Licenciatura2025/resultados/2/21005005.html,120,3202,2854,88,125,071956,43,,No seleccionado,,Consultar
2025,2,Licenciatura 2025,210,21005005,PSICOLOGIA,FES ZARAGOZA,Escolarizado,https://www.dgae.unam.mx/Licenciatura2025/resultados/2/21005005.html,120,3202,2854,88,125,071980,71,,No seleccionado,,Consultar
2025,2,Licenciatura 2025,210,21005005,PSICOLOGIA,FES ZARAGOZA,Escolarizado,https://www.dgae.unam.mx/Licenciatura2025/resultados/2/21005005.html,120,3202,2854,88,125,071985,49,,No seleccionado,,Consultar
2025,2,Licenciatura 2025,210,21005005,PSICOLOGIA,FES ZARAGOZA,Escolarizado,https://www.dgae.unam.mx/Licenciatura2025/resultados/2/21005005.html,120,3202,2854,88,125,071996,44,,No seleccionado,,Consultar
2025,2,Licenciatura 2025,210,21005005,PSICOLOGIA,FES ZARAGOZA,Escolarizado,https://www.dgae.unam.mx/Licenciatura2025/resultados/2/21005005.html,120,3202,2854,88,125,072001,44,,No seleccionado,,Consultar
2025,2,Licenciatura 2025,210,21005005,PSICOLOGIA,FES ZARAGOZA,Escolarizado,https://www.dgae.unam.mx/Licenciatura2025/resultados/2/21005005.html,120,3202,2854,88,125,072003,51,,No seleccionado,,Consultar
2025,2,Licenciatura 2025,210,21005005,PSICOLOGIA,FES ZARAGOZA,Escolarizado,https://www.dgae.unam.mx/Licenciatura2025/resultados/2/21005005.html,120,3202,2854,88,125,072006,43,,No seleccionado,,Consultar
2025,2,Licenciatura 2025,210,21005005,PSICOLOGIA,FES ZARAGOZA,Escolarizado,https://www.dgae.unam.mx/Licenciatura2025/resultados/2/21005005.html,120,3202,2854,88,125,072017,42,,No seleccionado,,Consultar
2025,2,Licenciatura 2025,210,21005005,PSICOLOGIA,FES ZARAGOZA,Escolarizado,https://www.dgae.unam.mx/Licenciatura2025/resultados/2/21005005.html,120,3202,2854,88,125,072020,40,,No seleccionado,,Consultar
2025,2,Licenciatura 2025,210,21005005,PSICOLOGIA,FES ZARAGOZA,Escolarizado,https://www.dgae.unam.mx/Licenciatura2025/resultados/2/21005005.html,120,3202,2854,88,125,072027,97,S,Seleccionado,Cita para entregar documentación.,Consultar
2025,2,Licenciatura 2025,210,21005005,PSICOLOGIA,FES ZARAGOZA,Escolarizado,https://www.dgae.unam.mx/Licenciatura2025/resultados/2/21005005.html,120,3202,2854,88,125,072031,,N,No presentado,,Consultar
2025,2,Licenciatura 2025,210,21005005,PSICOLOGIA,FES ZARAGOZA,Escolarizado,https://www.dgae.unam.mx/Licenciatura2025/resultados/2/21005005.html,120,3202,2854,88,125,072059,44,,No seleccionado,,Consultar
2025,2,Licenciatura 2025,210,21005005,PSICOLOGIA,FES ZARAGOZA,Escolarizado,https://www.dgae.unam.mx/Licenciatura2025/resultados/2/21005005.html,120,3202,2854,88,125,072060,53,,No seleccionado,,Consultar
2025,2,Licenciatura 2025,210,21005005,PSICOLOGIA,FES ZARAGOZA,Escolarizado,https://www.dgae.unam.mx/Licenciatura2025/resultados/2/21005005.html,120,3202,2854,88,125,072070,95,S,Seleccionado,Cita para entregar documentación.,Consultar
2025,2,Licenciatura 2025,210,21005005,PSICOLOGIA,FES ZARAGOZA,Escolarizado,https://www.dgae.unam.mx/Licenciatura2025/resultados/2/21005005.html,120,3202,2854,88,125,072071,64,,No seleccionado,,Consultar
2025,2,Licenciatura 2025,210,21005005,PSICOLOGIA,FES ZARAGOZA,Escolarizado,https://www.dgae.unam.mx/Licenciatura2025/resultados/2/21005005.html,120,3202,2854,88,125,072072,63,,No seleccionado,,Consultar
2025,2,Licenciatura 2025,210,21005005,PSICOLOGIA,FES ZARAGOZA,Escolarizado,https://www.dgae.unam.mx/Licenciatura2025/resultados/2/21005005.html,120,3202,2854,88,125,072080,33,,No seleccionado,,Consultar
2025,2,Licenciatura 2025,210,21005005,PSICOLOGIA,FES ZARAGOZA,Escolarizado,https://www.dgae.unam.mx/Licenciatura2025/resultados/2/21005005.html,120,3202,2854,88,125,072081,54,,No seleccionado,,Consultar
2025,2,Licenciatura 2025,210,21005005,PSICOLOGIA,FES ZARAGOZA,Escolarizado,https://www.dgae.unam.mx/Licenciatura2025/resultados/2/21005005.html,120,3202,2854,88,125,072091,44,,No seleccionado,,Consultar
2025,2,Licenciatura 2025,210,21005005,PSICOLOGIA,FES ZARAGOZA,Escolarizado,https://www.dgae.unam.mx/Licenciatura2025/resultados/2/21005005.html,120,3202,2854,88,125,072105,40,,No seleccionado,,Consultar
2025,2,Licenciatura 2025,210,21005005,PSICOLOGIA,FES ZARAGOZA,Escolarizado,https://www.dgae.unam.mx/Licenciatura2025/resultados/2/21005005.html,120,3202,2854,88,125,072116,46,,No seleccionado,,Consultar
2025,2,Licenciatura 2025,210,21005005,PSICOLOGIA,FES ZARAGOZA,Escolarizado,https://www.dgae.unam.mx/Licenciatura2025/resultados/2/21005005.html,120,3202,2854,88,125,072117,28,,No seleccionado,,Consultar
2025,2,Licenciatura 2025,210,21005005,PSICOLOGIA,FES ZARAGOZA,Escolarizado,https://www.dgae.unam.mx/Licenciatura2025/resultados/2/21005005.html,120,3202,2854,88,125,072121,57,,No seleccionado,,Consultar
2025,2,Licenciatura 2025,210,21005005,PSICOLOGIA,FES ZARAGOZA,Escolarizado,https://www.dgae.unam.mx/Licenciatura2025/resultados/2/21005005.html,120,3202,2854,88,125,072123,30,,No seleccionado,,Consultar
2025,2,Licenciatura 2025,210,21005005,PSICOLOGIA,FES ZARAGOZA,Escolarizado,https://www.dgae.unam.mx/Licenciatura2025/resultados/2/21005005.html,120,3202,2854,88,125,072131,,N,No presentado,,Consultar
2025,2,Licenciatura 2025,210,21005005,PSICOLOGIA,FES ZARAGOZA,Escolarizado,https://www.dgae.unam.mx/Licenciatura2025/resultados/2/21005005.html,120,3202,2854,88,125,072145,35,,No seleccionado,,Consultar
2025,2,Licenciatura 2025,210,21005005,PSICOLOGIA,FES ZARAGOZA,Escolarizado,https://www.dgae.unam.mx/Licenciatura2025/resultados/2/21005005.html,120,3202,2854,88,125,072149,58,,No seleccionado,,Consultar
2025,2,Licenciatura 2025,210,21005005,PSICOLOGIA,FES ZARAGOZA,Escolarizado,https://www.dgae.unam.mx/Licenciatura2025/resultados/2/21005005.html,120,3202,2854,88,125,072153,43,,No seleccionado,,Consultar
2025,2,Licenciatura 2025,210,21005005,PSICOLOGIA,FES ZARAGOZA,Escolarizado,https://www.dgae.unam.mx/Licenciatura2025/resultados/2/21005005.html,120,3202,2854,88,125,072178,,N,No presentado,,Consultar
2025,2,Licenciatura 2025,210,21005005,PSICOLOGIA,FES ZARAGOZA,Escolarizado,https://www.dgae.unam.mx/Licenciatura2025/resultados/2/21005005.html,120,3202,2854,88,125,072192,41,,No seleccionado,,Consultar
2025,2,Licenciatura 2025,210,21005005,PSICOLOGIA,FES ZARAGOZA,Escolarizado,https://www.dgae.unam.mx/Licenciatura2025/resultados/2/21005005.html,120,3202,2854,88,125,072197,51,,No seleccionado,,Consultar
2025,2,Licenciatura 2025,210,21005005,PSICOLOGIA,FES ZARAGOZA,Escolarizado,https://www.dgae.unam.mx/Licenciatura2025/resultados/2/21005005.html,120,3202,2854,88,125,072205,33,,No seleccionado,,Consultar
2025,2,Licenciatura 2025,210,21005005,PSICOLOGIA,FES ZARAGOZA,Escolarizado,https://www.dgae.unam.mx/Licenciatura2025/resultados/2/21005005.html,120,3202,2854,88,125,072208,40,,No seleccionado,,Consultar
2025,2,Licenciatura 2025,210,21005005,PSICOLOGIA,FES ZARAGOZA,Escolarizado,https://www.dgae.unam.mx/Licenciatura2025/resultados/2/21005005.html,120,3202,2854,88,125,072209,64,,No seleccionado,,Consultar
2025,2,Licenciatura 2025,210,21005005,PSICOLOGIA,FES ZARAGOZA,Escolarizado,https://www.dgae.unam.mx/Licenciatura2025/resultados/2/21005005.html,120,3202,2854,88,125,072215,,N,No presentado,,Consultar
2025,2,Licenciatura 2025,210,21005005,PSICOLOGIA,FES ZARAGOZA,Escolarizado,https://www.dgae.unam.mx/Licenciatura2025/resultados/2/21005005.html,120,3202,2854,88,125,072225,42,,No seleccionado,,Consultar
2025,2,Licenciatura 2025,210,21005005,PSICOLOGIA,FES ZARAGOZA,Escolarizado,https://www.dgae.unam.mx/Licenciatura2025/resultados/2/21005005.html,120,3202,2854,88,125,072228,51,,No seleccionado,,Consultar
2025,2,Licenciatura 2025,210,21005005,PSICOLOGIA,FES ZARAGOZA,Escolarizado,https://www.dgae.unam.mx/Licenciatura2025/resultados/2/21005005.html,120,3202,2854,88,125,072240,34,,No seleccionado,,Consultar
2025,2,Licenciatura 2025,210,21005005,PSICOLOGIA,FES ZARAGOZA,Escolarizado,https://www.dgae.unam.mx/Licenciatura2025/resultados/2/21005005.html,120,3202,2854,88,125,072246,53,,No seleccionado,,Consultar
2025,2,Licenciatura 2025,210,21005005,PSICOLOGIA,FES ZARAGOZA,Escolarizado,https://www.dgae.unam.mx/Licenciatura2025/resultados/2/21005005.html,120,3202,2854,88,125,072250,40,,No seleccionado,,Consultar
2025,2,Licenciatura 2025,210,21005005,PSICOLOGIA,FES ZARAGOZA,Escolarizado,https://www.dgae.unam.mx/Licenciatura2025/resultados/2/21005005.html,120,3202,2854,88,125,072251,37,,No seleccionado,,Consultar
2025,2,Licenciatura 2025,210,21005005,PSICOLOGIA,FES ZARAGOZA,Escolarizado,https://www.dgae.unam.mx/Licenciatura2025/resultados/2/21005005.html,120,3202,2854,88,125,072263,35,,No seleccionado,,Consultar
2025,2,Licenciatura 2025,210,21005005,PSICOLOGIA,FES ZARAGOZA,Escolarizado,https://www.dgae.unam.mx/Licenciatura2025/resultados/2/21005005.html,120,3202,2854,88,125,072264,55,,No seleccionado,,Consultar
2025,2,Licenciatura 2025,210,21005005,PSICOLOGIA,FES ZARAGOZA,Escolarizado,https://www.dgae.unam.mx/Licenciatura2025/resultados/2/21005005.html,120,3202,2854,88,125,072274,55,,No seleccionado,,Consultar
2025,2,Licenciatura 2025,210,21005005,PSICOLOGIA,FES ZARAGOZA,Escolarizado,https://www.dgae.unam.mx/Licenciatura2025/resultados/2/21005005.html,120,3202,2854,88,125,072279,55,,No seleccionado,,Consultar
2025,2,Licenciatura 2025,210,21005005,PSICOLOGIA,FES ZARAGOZA,Escolarizado,https://www.dgae.unam.mx/Licenciatura2025/resultados/2/21005005.html,120,3202,2854,88,125,072280,55,,No seleccionado,,Consultar
2025,2,Licenciatura 2025,210,21005005,PSICOLOGIA,FES ZARAGOZA,Escolarizado,https://www.dgae.unam.mx/Licenciatura2025/resultados/2/21005005.html,120,3202,2854,88,125,072287,36,,No seleccionado,,Consultar
2025,2,Licenciatura 2025,210,21005005,PSICOLOGIA,FES ZARAGOZA,Escolarizado,https://www.dgae.unam.mx/Licenciatura2025/resultados/2/21005005.html,120,3202,2854,88,125,072316,51,,No seleccionado,,Consultar
2025,2,Licenciatura 2025,210,21005005,PSICOLOGIA,FES ZARAGOZA,Escolarizado,https://www.dgae.unam.mx/Licenciatura2025/resultados/2/21005005.html,120,3202,2854,88,125,072339,59,,No seleccionado,,Consultar
2025,2,Licenciatura 2025,210,21005005,PSICOLOGIA,FES ZARAGOZA,Escolarizado,https://www.dgae.unam.mx/Licenciatura2025/resultados/2/21005005.html,120,3202,2854,88,125,072341,88,S,Seleccionado,Cita para entregar documentación.,Consultar
2025,2,Licenciatura 2025,210,21005005,PSICOLOGIA,FES ZARAGOZA,Escolarizado,https://www.dgae.unam.mx/Licenciatura2025/resultados/2/21005005.html,120,3202,2854,88,125,072343,64,,No seleccionado,,Consultar
2025,2,Licenciatura 2025,210,21005005,PSICOLOGIA,FES ZARAGOZA,Escolarizado,https://www.dgae.unam.mx/Licenciatura2025/resultados/2/21005005.html,120,3202,2854,88,125,072348,63,,No seleccionado,,Consultar
2025,2,Licenciatura 2025,210,21005005,PSICOLOGIA,FES ZARAGOZA,Escolarizado,https://www.dgae.unam.mx/Licenciatura2025/resultados/2/21005005.html,120,3202,2854,88,125,072357,37,,No seleccionado,,Consultar
2025,2,Licenciatura 2025,210,21005005,PSICOLOGIA,FES ZARAGOZA,Escolarizado,https://www.dgae.unam.mx/Licenciatura2025/resultados/2/21005005.html,120,3202,2854,88,125,072362,,N,No presentado,,Consultar
2025,2,Licenciatura 2025,210,21005005,PSICOLOGIA,FES ZARAGOZA,Escolarizado,https://www.dgae.unam.mx/Licenciatura2025/resultados/2/21005005.html,120,3202,2854,88,125,072371,40,,No seleccionado,,Consultar
2025,2,Licenciatura 2025,210,21005005,PSICOLOGIA,FES ZARAGOZA,Escolarizado,https://www.dgae.unam.mx/Licenciatura2025/resultados/2/21005005.html,120,3202,2854,88,125,072374,33,,No seleccionado,,Consultar
2025,2,Licenciatura 2025,210,21005005,PSICOLOGIA,FES ZARAGOZA,Escolarizado,https://www.dgae.unam.mx/Licenciatura2025/resultados/2/21005005.html,120,3202,2854,88,125,072386,33,,No seleccionado,,Consultar
2025,2,Licenciatura 2025,210,21005005,PSICOLOGIA,FES ZARAGOZA,Escolarizado,https://www.dgae.unam.mx/Licenciatura2025/resultados/2/21005005.html,120,3202,2854,88,125,072392,49,,No seleccionado,,Consultar
2025,2,Licenciatura 2025,210,21005005,PSICOLOGIA,FES ZARAGOZA,Escolarizado,https://www.dgae.unam.mx/Licenciatura2025/resultados/2/21005005.html,120,3202,2854,88,125,072401,62,,No seleccionado,,Consultar
2025,2,Licenciatura 2025,210,21005005,PSICOLOGIA,FES ZARAGOZA,Escolarizado,https://www.dgae.unam.mx/Licenciatura2025/resultados/2/21005005.html,120,3202,2854,88,125,072415,33,,No seleccionado,,Consultar
2025,2,Licenciatura 2025,210,21005005,PSICOLOGIA,FES ZARAGOZA,Escolarizado,https://www.dgae.unam.mx/Licenciatura2025/resultados/2/21005005.html,120,3202,2854,88,125,072419,39,,No seleccionado,,Consultar
2025,2,Licenciatura 2025,210,21005005,PSICOLOGIA,FES ZARAGOZA,Escolarizado,https://www.dgae.unam.mx/Licenciatura2025/resultados/2/21005005.html,120,3202,2854,88,125,072438,39,,No seleccionado,,Consultar
2025,2,Licenciatura 2025,210,21005005,PSICOLOGIA,FES ZARAGOZA,Escolarizado,https://www.dgae.unam.mx/Licenciatura2025/resultados/2/21005005.html,120,3202,2854,88,125,072445,30,,No seleccionado,,Consultar
2025,2,Licenciatura 2025,210,21005005,PSICOLOGIA,FES ZARAGOZA,Escolarizado,https://www.dgae.unam.mx/Licenciatura2025/resultados/2/21005005.html,120,3202,2854,88,125,072456,70,,No seleccionado,,Consultar
2025,2,Licenciatura 2025,210,21005005,PSICOLOGIA,FES ZARAGOZA,Escolarizado,https://www.dgae.unam.mx/Licenciatura2025/resultados/2/21005005.html,120,3202,2854,88,125,072461,84,,No seleccionado,,Consultar
2025,2,Licenciatura 2025,210,21005005,PSICOLOGIA,FES ZARAGOZA,Escolarizado,https://www.dgae.unam.mx/Licenciatura2025/resultados/2/21005005.html,120,3202,2854,88,125,072470,,N,No presentado,,Consultar
2025,2,Licenciatura 2025,210,21005005,PSICOLOGIA,FES ZARAGOZA,Escolarizado,https://www.dgae.unam.mx/Licenciatura2025/resultados/2/21005005.html,120,3202,2854,88,125,072471,59,,No seleccionado,,Consultar
2025,2,Licenciatura 2025,210,21005005,PSICOLOGIA,FES ZARAGOZA,Escolarizado,https://www.dgae.unam.mx/Licenciatura2025/resultados/2/21005005.html,120,3202,2854,88,125,072488,40,,No seleccionado,,Consultar
2025,2,Licenciatura 2025,210,21005005,PSICOLOGIA,FES ZARAGOZA,Escolarizado,https://www.dgae.unam.mx/Licenciatura2025/resultados/2/21005005.html,120,3202,2854,88,125,072502,46,,No seleccionado,,Consultar
2025,2,Licenciatura 2025,210,21005005,PSICOLOGIA,FES ZARAGOZA,Escolarizado,https://www.dgae.unam.mx/Licenciatura2025/resultados/2/21005005.html,120,3202,2854,88,125,072508,58,,No seleccionado,,Consultar
2025,2,Licenciatura 2025,210,21005005,PSICOLOGIA,FES ZARAGOZA,Escolarizado,https://www.dgae.unam.mx/Licenciatura2025/resultados/2/21005005.html,120,3202,2854,88,125,072510,47,,No seleccionado,,Consultar
2025,2,Licenciatura 2025,210,21005005,PSICOLOGIA,FES ZARAGOZA,Escolarizado,https://www.dgae.unam.mx/Licenciatura2025/resultados/2/21005005.html,120,3202,2854,88,125,072511,,N,No presentado,,Consultar
2025,2,Licenciatura 2025,210,21005005,PSICOLOGIA,FES ZARAGOZA,Escolarizado,https://www.dgae.unam.mx/Licenciatura2025/resultados/2/21005005.html,120,3202,2854,88,125,072513,56,,No seleccionado,,Consultar
2025,2,Licenciatura 2025,210,21005005,PSICOLOGIA,FES ZARAGOZA,Escolarizado,https://www.dgae.unam.mx/Licenciatura2025/resultados/2/21005005.html,120,3202,2854,88,125,072523,,N,No presentado,,Consultar
2025,2,Licenciatura 2025,210,21005005,PSICOLOGIA,FES ZARAGOZA,Escolarizado,https://www.dgae.unam.mx/Licenciatura2025/resultados/2/21005005.html,120,3202,2854,88,125,072526,48,,No seleccionado,,Consultar
2025,2,Licenciatura 2025,210,21005005,PSICOLOGIA,FES ZARAGOZA,Escolarizado,https://www.dgae.unam.mx/Licenciatura2025/resultados/2/21005005.html,120,3202,2854,88,125,072554,43,,No seleccionado,,Consultar
2025,2,Licenciatura 2025,210,21005005,PSICOLOGIA,FES ZARAGOZA,Escolarizado,https://www.dgae.unam.mx/Licenciatura2025/resultados/2/21005005.html,120,3202,2854,88,125,072557,52,,No seleccionado,,Consultar
2025,2,Licenciatura 2025,210,21005005,PSICOLOGIA,FES ZARAGOZA,Escolarizado,https://www.dgae.unam.mx/Licenciatura2025/resultados/2/21005005.html,120,3202,2854,88,125,072561,35,,No seleccionado,,Consultar
2025,2,Licenciatura 2025,210,21005005,PSICOLOGIA,FES ZARAGOZA,Escolarizado,https://www.dgae.unam.mx/Licenciatura2025/resultados/2/21005005.html,120,3202,2854,88,125,072578,36,,No seleccionado,,Consultar
2025,2,Licenciatura 2025,210,21005005,PSICOLOGIA,FES ZARAGOZA,Escolarizado,https://www.dgae.unam.mx/Licenciatura2025/resultados/2/21005005.html,120,3202,2854,88,125,072587,30,,No seleccionado,,Consultar
2025,2,Licenciatura 2025,210,21005005,PSICOLOGIA,FES ZARAGOZA,Escolarizado,https://www.dgae.unam.mx/Licenciatura2025/resultados/2/21005005.html,120,3202,2854,88,125,072590,56,,No seleccionado,,Consultar
2025,2,Licenciatura 2025,210,21005005,PSICOLOGIA,FES ZARAGOZA,Escolarizado,https://www.dgae.unam.mx/Licenciatura2025/resultados/2/21005005.html,120,3202,2854,88,125,072611,35,,No seleccionado,,Consultar
2025,2,Licenciatura 2025,210,21005005,PSICOLOGIA,FES ZARAGOZA,Escolarizado,https://www.dgae.unam.mx/Licenciatura2025/resultados/2/21005005.html,120,3202,2854,88,125,072636,45,,No seleccionado,,Consultar
2025,2,Licenciatura 2025,210,21005005,PSICOLOGIA,FES ZARAGOZA,Escolarizado,https://www.dgae.unam.mx/Licenciatura2025/resultados/2/21005005.html,120,3202,2854,88,125,072645,100,S,Seleccionado,Cita para entregar documentación.,Consultar
2025,2,Licenciatura 2025,210,21005005,PSICOLOGIA,FES ZARAGOZA,Escolarizado,https://www.dgae.unam.mx/Licenciatura2025/resultados/2/21005005.html,120,3202,2854,88,125,072646,46,,No seleccionado,,Consultar
2025,2,Licenciatura 2025,210,21005005,PSICOLOGIA,FES ZARAGOZA,Escolarizado,https://www.dgae.unam.mx/Licenciatura2025/resultados/2/21005005.html,120,3202,2854,88,125,072654,52,,No seleccionado,,Consultar
2025,2,Licenciatura 2025,210,21005005,PSICOLOGIA,FES ZARAGOZA,Escolarizado,https://www.dgae.unam.mx/Licenciatura2025/resultados/2/21005005.html,120,3202,2854,88,125,072656,46,,No seleccionado,,Consultar
2025,2,Licenciatura 2025,210,21005005,PSICOLOGIA,FES ZARAGOZA,Escolarizado,https://www.dgae.unam.mx/Licenciatura2025/resultados/2/21005005.html,120,3202,2854,88,125,072658,37,,No seleccionado,,Consultar
2025,2,Licenciatura 2025,210,21005005,PSICOLOGIA,FES ZARAGOZA,Escolarizado,https://www.dgae.unam.mx/Licenciatura2025/resultados/2/21005005.html,120,3202,2854,88,125,072659,,N,No presentado,,Consultar
2025,2,Licenciatura 2025,210,21005005,PSICOLOGIA,FES ZARAGOZA,Escolarizado,https://www.dgae.unam.mx/Licenciatura2025/resultados/2/21005005.html,120,3202,2854,88,125,072663,95,S,Seleccionado,,Consultar
2025,2,Licenciatura 2025,210,21005005,PSICOLOGIA,FES ZARAGOZA,Escolarizado,https://www.dgae.unam.mx/Licenciatura2025/resultados/2/21005005.html,120,3202,2854,88,125,072680,41,,No seleccionado,,Consultar
2025,2,Licenciatura 2025,210,21005005,PSICOLOGIA,FES ZARAGOZA,Escolarizado,https://www.dgae.unam.mx/Licenciatura2025/resultados/2/21005005.html,120,3202,2854,88,125,072698,69,,No seleccionado,,Consultar
2025,2,Licenciatura 2025,210,21005005,PSICOLOGIA,FES ZARAGOZA,Escolarizado,https://www.dgae.unam.mx/Licenciatura2025/resultados/2/21005005.html,120,3202,2854,88,125,072703,43,,No seleccionado,,Consultar
2025,2,Licenciatura 2025,210,21005005,PSICOLOGIA,FES ZARAGOZA,Escolarizado,https://www.dgae.unam.mx/Licenciatura2025/resultados/2/21005005.html,120,3202,2854,88,125,072715,40,,No seleccionado,,Consultar
2025,2,Licenciatura 2025,210,21005005,PSICOLOGIA,FES ZARAGOZA,Escolarizado,https://www.dgae.unam.mx/Licenciatura2025/resultados/2/21005005.html,120,3202,2854,88,125,072718,41,,No seleccionado,,Consultar
2025,2,Licenciatura 2025,210,21005005,PSICOLOGIA,FES ZARAGOZA,Escolarizado,https://www.dgae.unam.mx/Licenciatura2025/resultados/2/21005005.html,120,3202,2854,88,125,072723,28,,No seleccionado,,Consultar
2025,2,Licenciatura 2025,210,21005005,PSICOLOGIA,FES ZARAGOZA,Escolarizado,https://www.dgae.unam.mx/Licenciatura2025/resultados/2/21005005.html,120,3202,2854,88,125,072741,42,,No seleccionado,,Consultar
2025,2,Licenciatura 2025,210,21005005,PSICOLOGIA,FES ZARAGOZA,Escolarizado,https://www.dgae.unam.mx/Licenciatura2025/resultados/2/21005005.html,120,3202,2854,88,125,072746,33,,No seleccionado,,Consultar
2025,2,Licenciatura 2025,210,21005005,PSICOLOGIA,FES ZARAGOZA,Escolarizado,https://www.dgae.unam.mx/Licenciatura2025/resultados/2/21005005.html,120,3202,2854,88,125,072750,42,,No seleccionado,,Consultar
2025,2,Licenciatura 2025,210,21005005,PSICOLOGIA,FES ZARAGOZA,Escolarizado,https://www.dgae.unam.mx/Licenciatura2025/resultados/2/21005005.html,120,3202,2854,88,125,072751,75,,No seleccionado,,Consultar
2025,2,Licenciatura 2025,210,21005005,PSICOLOGIA,FES ZARAGOZA,Escolarizado,https://www.dgae.unam.mx/Licenciatura2025/resultados/2/21005005.html,120,3202,2854,88,125,072776,54,,No seleccionado,,Consultar
2025,2,Licenciatura 2025,210,21005005,PSICOLOGIA,FES ZARAGOZA,Escolarizado,https://www.dgae.unam.mx/Licenciatura2025/resultados/2/21005005.html,120,3202,2854,88,125,072798,40,,No seleccionado,,Consultar
2025,2,Licenciatura 2025,210,21005005,PSICOLOGIA,FES ZARAGOZA,Escolarizado,https://www.dgae.unam.mx/Licenciatura2025/resultados/2/21005005.html,120,3202,2854,88,125,072803,31,,No seleccionado,,Consultar
2025,2,Licenciatura 2025,210,21005005,PSICOLOGIA,FES ZARAGOZA,Escolarizado,https://www.dgae.unam.mx/Licenciatura2025/resultados/2/21005005.html,120,3202,2854,88,125,072817,42,,No seleccionado,,Consultar
2025,2,Licenciatura 2025,210,21005005,PSICOLOGIA,FES ZARAGOZA,Escolarizado,https://www.dgae.unam.mx/Licenciatura2025/resultados/2/21005005.html,120,3202,2854,88,125,072822,89,S,Seleccionado,Cita para entregar documentación.,Consultar
2025,2,Licenciatura 2025,210,21005005,PSICOLOGIA,FES ZARAGOZA,Escolarizado,https://www.dgae.unam.mx/Licenciatura2025/resultados/2/21005005.html,120,3202,2854,88,125,072825,52,,No seleccionado,,Consultar
2025,2,Licenciatura 2025,210,21005005,PSICOLOGIA,FES ZARAGOZA,Escolarizado,https://www.dgae.unam.mx/Licenciatura2025/resultados/2/21005005.html,120,3202,2854,88,125,072832,,N,No presentado,,Consultar
2025,2,Licenciatura 2025,210,21005005,PSICOLOGIA,FES ZARAGOZA,Escolarizado,https://www.dgae.unam.mx/Licenciatura2025/resultados/2/21005005.html,120,3202,2854,88,125,072843,54,,No seleccionado,,Consultar
2025,2,Licenciatura 2025,210,21005005,PSICOLOGIA,FES ZARAGOZA,Escolarizado,https://www.dgae.unam.mx/Licenciatura2025/resultados/2/21005005.html,120,3202,2854,88,125,072852,65,,No seleccionado,,Consultar
2025,2,Licenciatura 2025,210,21005005,PSICOLOGIA,FES ZARAGOZA,Escolarizado,https://www.dgae.unam.mx/Licenciatura2025/resultados/2/21005005.html,120,3202,2854,88,125,072877,32,,No seleccionado,,Consultar
2025,2,Licenciatura 2025,210,21005005,PSICOLOGIA,FES ZARAGOZA,Escolarizado,https://www.dgae.unam.mx/Licenciatura2025/resultados/2/21005005.html,120,3202,2854,88,125,072897,87,,No seleccionado,,Consultar
2025,2,Licenciatura 2025,210,21005005,PSICOLOGIA,FES ZARAGOZA,Escolarizado,https://www.dgae.unam.mx/Licenciatura2025/resultados/2/21005005.html,120,3202,2854,88,125,072898,67,,No seleccionado,,Consultar
2025,2,Licenciatura 2025,210,21005005,PSICOLOGIA,FES ZARAGOZA,Escolarizado,https://www.dgae.unam.mx/Licenciatura2025/resultados/2/21005005.html,120,3202,2854,88,125,072903,52,,No seleccionado,,Consultar
2025,2,Licenciatura 2025,210,21005005,PSICOLOGIA,FES ZARAGOZA,Escolarizado,https://www.dgae.unam.mx/Licenciatura2025/resultados/2/21005005.html,120,3202,2854,88,125,072911,41,,No seleccionado,,Consultar
2025,2,Licenciatura 2025,210,21005005,PSICOLOGIA,FES ZARAGOZA,Escolarizado,https://www.dgae.unam.mx/Licenciatura2025/resultados/2/21005005.html,120,3202,2854,88,125,072931,55,,No seleccionado,,Consultar
2025,2,Licenciatura 2025,210,21005005,PSICOLOGIA,FES ZARAGOZA,Escolarizado,https://www.dgae.unam.mx/Licenciatura2025/resultados/2/21005005.html,120,3202,2854,88,125,072933,43,,No seleccionado,,Consultar
2025,2,Licenciatura 2025,210,21005005,PSICOLOGIA,FES ZARAGOZA,Escolarizado,https://www.dgae.unam.mx/Licenciatura2025/resultados/2/21005005.html,120,3202,2854,88,125,072939,35,,No seleccionado,,Consultar
2025,2,Licenciatura 2025,210,21005005,PSICOLOGIA,FES ZARAGOZA,Escolarizado,https://www.dgae.unam.mx/Licenciatura2025/resultados/2/21005005.html,120,3202,2854,88,125,072944,48,,No seleccionado,,Consultar
2025,2,Licenciatura 2025,210,21005005,PSICOLOGIA,FES ZARAGOZA,Escolarizado,https://www.dgae.unam.mx/Licenciatura2025/resultados/2/21005005.html,120,3202,2854,88,125,072958,37,,No seleccionado,,Consultar
2025,2,Licenciatura 2025,210,21005005,PSICOLOGIA,FES ZARAGOZA,Escolarizado,https://www.dgae.unam.mx/Licenciatura2025/resultados/2/21005005.html,120,3202,2854,88,125,072961,61,,No seleccionado,,Consultar
2025,2,Licenciatura 2025,210,21005005,PSICOLOGIA,FES ZARAGOZA,Escolarizado,https://www.dgae.unam.mx/Licenciatura2025/resultados/2/21005005.html,120,3202,2854,88,125,072966,42,,No seleccionado,,Consultar
2025,2,Licenciatura 2025,210,21005005,PSICOLOGIA,FES ZARAGOZA,Escolarizado,https://www.dgae.unam.mx/Licenciatura2025/resultados/2/21005005.html,120,3202,2854,88,125,072969,,N,No presentado,,Consultar
2025,2,Licenciatura 2025,210,21005005,PSICOLOGIA,FES ZARAGOZA,Escolarizado,https://www.dgae.unam.mx/Licenciatura2025/resultados/2/21005005.html,120,3202,2854,88,125,072970,39,,No seleccionado,,Consultar
2025,2,Licenciatura 2025,210,21005005,PSICOLOGIA,FES ZARAGOZA,Escolarizado,https://www.dgae.unam.mx/Licenciatura2025/resultados/2/21005005.html,120,3202,2854,88,125,072972,60,,No seleccionado,,Consultar
2025,2,Licenciatura 2025,210,21005005,PSICOLOGIA,FES ZARAGOZA,Escolarizado,https://www.dgae.unam.mx/Licenciatura2025/resultados/2/21005005.html,120,3202,2854,88,125,072976,70,,No seleccionado,,Consultar
2025,2,Licenciatura 2025,210,21005005,PSICOLOGIA,FES ZARAGOZA,Escolarizado,https://www.dgae.unam.mx/Licenciatura2025/resultados/2/21005005.html,120,3202,2854,88,125,072989,60,,No seleccionado,,Consultar
2025,2,Licenciatura 2025,210,21005005,PSICOLOGIA,FES ZARAGOZA,Escolarizado,https://www.dgae.unam.mx/Licenciatura2025/resultados/2/21005005.html,120,3202,2854,88,125,072991,78,,No seleccionado,,Consultar
2025,2,Licenciatura 2025,210,21005005,PSICOLOGIA,FES ZARAGOZA,Escolarizado,https://www.dgae.unam.mx/Licenciatura2025/resultados/2/21005005.html,120,3202,2854,88,125,072994,66,,No seleccionado,,Consultar
2025,2,Licenciatura 2025,210,21005005,PSICOLOGIA,FES ZARAGOZA,Escolarizado,https://www.dgae.unam.mx/Licenciatura2025/resultados/2/21005005.html,120,3202,2854,88,125,073029,48,,No seleccionado,,Consultar
2025,2,Licenciatura 2025,210,21005005,PSICOLOGIA,FES ZARAGOZA,Escolarizado,https://www.dgae.unam.mx/Licenciatura2025/resultados/2/21005005.html,120,3202,2854,88,125,073030,,N,No presentado,,Consultar
2025,2,Licenciatura 2025,210,21005005,PSICOLOGIA,FES ZARAGOZA,Escolarizado,https://www.dgae.unam.mx/Licenciatura2025/resultados/2/21005005.html,120,3202,2854,88,125,073042,44,,No seleccionado,,Consultar
2025,2,Licenciatura 2025,210,21005005,PSICOLOGIA,FES ZARAGOZA,Escolarizado,https://www.dgae.unam.mx/Licenciatura2025/resultados/2/21005005.html,120,3202,2854,88,125,073044,43,,No seleccionado,,Consultar
2025,2,Licenciatura 2025,210,21005005,PSICOLOGIA,FES ZARAGOZA,Escolarizado,https://www.dgae.unam.mx/Licenciatura2025/resultados/2/21005005.html,120,3202,2854,88,125,073061,74,,No seleccionado,,Consultar
2025,2,Licenciatura 2025,210,21005005,PSICOLOGIA,FES ZARAGOZA,Escolarizado,https://www.dgae.unam.mx/Licenciatura2025/resultados/2/21005005.html,120,3202,2854,88,125,073062,,N,No presentado,,Consultar
2025,2,Licenciatura 2025,210,21005005,PSICOLOGIA,FES ZARAGOZA,Escolarizado,https://www.dgae.unam.mx/Licenciatura2025/resultados/2/21005005.html,120,3202,2854,88,125,073069,56,,No seleccionado,,Consultar
2025,2,Licenciatura 2025,210,21005005,PSICOLOGIA,FES ZARAGOZA,Escolarizado,https://www.dgae.unam.mx/Licenciatura2025/resultados/2/21005005.html,120,3202,2854,88,125,073080,74,,No seleccionado,,Consultar
2025,2,Licenciatura 2025,210,21005005,PSICOLOGIA,FES ZARAGOZA,Escolarizado,https://www.dgae.unam.mx/Licenciatura2025/resultados/2/21005005.html,120,3202,2854,88,125,073085,43,,No seleccionado,,Consultar
2025,2,Licenciatura 2025,210,21005005,PSICOLOGIA,FES ZARAGOZA,Escolarizado,https://www.dgae.unam.mx/Licenciatura2025/resultados/2/21005005.html,120,3202,2854,88,125,073088,69,,No seleccionado,,Consultar
2025,2,Licenciatura 2025,210,21005005,PSICOLOGIA,FES ZARAGOZA,Escolarizado,https://www.dgae.unam.mx/Licenciatura2025/resultados/2/21005005.html,120,3202,2854,88,125,073090,38,,No seleccionado,,Consultar
2025,2,Licenciatura 2025,210,21005005,PSICOLOGIA,FES ZARAGOZA,Escolarizado,https://www.dgae.unam.mx/Licenciatura2025/resultados/2/21005005.html,120,3202,2854,88,125,073092,64,,No seleccionado,,Consultar
2025,2,Licenciatura 2025,210,21005005,PSICOLOGIA,FES ZARAGOZA,Escolarizado,https://www.dgae.unam.mx/Licenciatura2025/resultados/2/21005005.html,120,3202,2854,88,125,073095,31,,No seleccionado,,Consultar
2025,2,Licenciatura 2025,210,21005005,PSICOLOGIA,FES ZARAGOZA,Escolarizado,https://www.dgae.unam.mx/Licenciatura2025/resultados/2/21005005.html,120,3202,2854,88,125,073104,39,,No seleccionado,,Consultar
2025,2,Licenciatura 2025,210,21005005,PSICOLOGIA,FES ZARAGOZA,Escolarizado,https://www.dgae.unam.mx/Licenciatura2025/resultados/2/21005005.html,120,3202,2854,88,125,073107,51,,No seleccionado,,Consultar
2025,2,Licenciatura 2025,210,21005005,PSICOLOGIA,FES ZARAGOZA,Escolarizado,https://www.dgae.unam.mx/Licenciatura2025/resultados/2/21005005.html,120,3202,2854,88,125,073109,68,,No seleccionado,,Consultar
2025,2,Licenciatura 2025,210,21005005,PSICOLOGIA,FES ZARAGOZA,Escolarizado,https://www.dgae.unam.mx/Licenciatura2025/resultados/2/21005005.html,120,3202,2854,88,125,073130,38,,No seleccionado,,Consultar
2025,2,Licenciatura 2025,210,21005005,PSICOLOGIA,FES ZARAGOZA,Escolarizado,https://www.dgae.unam.mx/Licenciatura2025/resultados/2/21005005.html,120,3202,2854,88,125,073150,84,,No seleccionado,,Consultar
2025,2,Licenciatura 2025,210,21005005,PSICOLOGIA,FES ZARAGOZA,Escolarizado,https://www.dgae.unam.mx/Licenciatura2025/resultados/2/21005005.html,120,3202,2854,88,125,073155,99,S,Seleccionado,Cita para entregar documentación.,Consultar
2025,2,Licenciatura 2025,210,21005005,PSICOLOGIA,FES ZARAGOZA,Escolarizado,https://www.dgae.unam.mx/Licenciatura2025/resultados/2/21005005.html,120,3202,2854,88,125,073157,85,,No seleccionado,,Consultar
2025,2,Licenciatura 2025,210,21005005,PSICOLOGIA,FES ZARAGOZA,Escolarizado,https://www.dgae.unam.mx/Licenciatura2025/resultados/2/21005005.html,120,3202,2854,88,125,073159,64,,No seleccionado,,Consultar
2025,2,Licenciatura 2025,210,21005005,PSICOLOGIA,FES ZARAGOZA,Escolarizado,https://www.dgae.unam.mx/Licenciatura2025/resultados/2/21005005.html,120,3202,2854,88,125,073170,46,,No seleccionado,,Consultar
2025,2,Licenciatura 2025,210,21005005,PSICOLOGIA,FES ZARAGOZA,Escolarizado,https://www.dgae.unam.mx/Licenciatura2025/resultados/2/21005005.html,120,3202,2854,88,125,073183,44,,No seleccionado,,Consultar
2025,2,Licenciatura 2025,210,21005005,PSICOLOGIA,FES ZARAGOZA,Escolarizado,https://www.dgae.unam.mx/Licenciatura2025/resultados/2/21005005.html,120,3202,2854,88,125,073184,36,,No seleccionado,,Consultar
2025,2,Licenciatura 2025,210,21005005,PSICOLOGIA,FES ZARAGOZA,Escolarizado,https://www.dgae.unam.mx/Licenciatura2025/resultados/2/21005005.html,120,3202,2854,88,125,073185,59,,No seleccionado,,Consultar
2025,2,Licenciatura 2025,210,21005005,PSICOLOGIA,FES ZARAGOZA,Escolarizado,https://www.dgae.unam.mx/Licenciatura2025/resultados/2/21005005.html,120,3202,2854,88,125,073188,39,,No seleccionado,,Consultar
2025,2,Licenciatura 2025,210,21005005,PSICOLOGIA,FES ZARAGOZA,Escolarizado,https://www.dgae.unam.mx/Licenciatura2025/resultados/2/21005005.html,120,3202,2854,88,125,073189,33,,No seleccionado,,Consultar
2025,2,Licenciatura 2025,210,21005005,PSICOLOGIA,FES ZARAGOZA,Escolarizado,https://www.dgae.unam.mx/Licenciatura2025/resultados/2/21005005.html,120,3202,2854,88,125,073195,59,,No seleccionado,,Consultar
2025,2,Licenciatura 2025,210,21005005,PSICOLOGIA,FES ZARAGOZA,Escolarizado,https://www.dgae.unam.mx/Licenciatura2025/resultados/2/21005005.html,120,3202,2854,88,125,073198,42,,No seleccionado,,Consultar
2025,2,Licenciatura 2025,210,21005005,PSICOLOGIA,FES ZARAGOZA,Escolarizado,https://www.dgae.unam.mx/Licenciatura2025/resultados/2/21005005.html,120,3202,2854,88,125,073206,50,,No seleccionado,,Consultar
2025,2,Licenciatura 2025,210,21005005,PSICOLOGIA,FES ZARAGOZA,Escolarizado,https://www.dgae.unam.mx/Licenciatura2025/resultados/2/21005005.html,120,3202,2854,88,125,073207,58,,No seleccionado,,Consultar
2025,2,Licenciatura 2025,210,21005005,PSICOLOGIA,FES ZARAGOZA,Escolarizado,https://www.dgae.unam.mx/Licenciatura2025/resultados/2/21005005.html,120,3202,2854,88,125,073215,34,,No seleccionado,,Consultar
2025,2,Licenciatura 2025,210,21005005,PSICOLOGIA,FES ZARAGOZA,Escolarizado,https://www.dgae.unam.mx/Licenciatura2025/resultados/2/21005005.html,120,3202,2854,88,125,073216,51,,No seleccionado,,Consultar
2025,2,Licenciatura 2025,210,21005005,PSICOLOGIA,FES ZARAGOZA,Escolarizado,https://www.dgae.unam.mx/Licenciatura2025/resultados/2/21005005.html,120,3202,2854,88,125,073218,44,,No seleccionado,,Consultar
2025,2,Licenciatura 2025,210,21005005,PSICOLOGIA,FES ZARAGOZA,Escolarizado,https://www.dgae.unam.mx/Licenciatura2025/resultados/2/21005005.html,120,3202,2854,88,125,073221,38,,No seleccionado,,Consultar
2025,2,Licenciatura 2025,210,21005005,PSICOLOGIA,FES ZARAGOZA,Escolarizado,https://www.dgae.unam.mx/Licenciatura2025/resultados/2/21005005.html,120,3202,2854,88,125,073225,53,,No seleccionado,,Consultar
2025,2,Licenciatura 2025,210,21005005,PSICOLOGIA,FES ZARAGOZA,Escolarizado,https://www.dgae.unam.mx/Licenciatura2025/resultados/2/21005005.html,120,3202,2854,88,125,073247,86,,No seleccionado,,Consultar
2025,2,Licenciatura 2025,210,21005005,PSICOLOGIA,FES ZARAGOZA,Escolarizado,https://www.dgae.unam.mx/Licenciatura2025/resultados/2/21005005.html,120,3202,2854,88,125,073249,41,,No seleccionado,,Consultar
2025,2,Licenciatura 2025,210,21005005,PSICOLOGIA,FES ZARAGOZA,Escolarizado,https://www.dgae.unam.mx/Licenciatura2025/resultados/2/21005005.html,120,3202,2854,88,125,073251,32,,No seleccionado,,Consultar
2025,2,Licenciatura 2025,210,21005005,PSICOLOGIA,FES ZARAGOZA,Escolarizado,https://www.dgae.unam.mx/Licenciatura2025/resultados/2/21005005.html,120,3202,2854,88,125,073265,81,,No seleccionado,,Consultar
2025,2,Licenciatura 2025,210,21005005,PSICOLOGIA,FES ZARAGOZA,Escolarizado,https://www.dgae.unam.mx/Licenciatura2025/resultados/2/21005005.html,120,3202,2854,88,125,073267,41,,No seleccionado,,Consultar
2025,2,Licenciatura 2025,210,21005005,PSICOLOGIA,FES ZARAGOZA,Escolarizado,https://www.dgae.unam.mx/Licenciatura2025/resultados/2/21005005.html,120,3202,2854,88,125,073268,29,,No seleccionado,,Consultar
2025,2,Licenciatura 2025,210,21005005,PSICOLOGIA,FES ZARAGOZA,Escolarizado,https://www.dgae.unam.mx/Licenciatura2025/resultados/2/21005005.html,120,3202,2854,88,125,073271,66,,No seleccionado,,Consultar
2025,2,Licenciatura 2025,210,21005005,PSICOLOGIA,FES ZARAGOZA,Escolarizado,https://www.dgae.unam.mx/Licenciatura2025/resultados/2/21005005.html,120,3202,2854,88,125,073282,45,,No seleccionado,,Consultar
2025,2,Licenciatura 2025,210,21005005,PSICOLOGIA,FES ZARAGOZA,Escolarizado,https://www.dgae.unam.mx/Licenciatura2025/resultados/2/21005005.html,120,3202,2854,88,125,073290,49,,No seleccionado,,Consultar
2025,2,Licenciatura 2025,210,21005005,PSICOLOGIA,FES ZARAGOZA,Escolarizado,https://www.dgae.unam.mx/Licenciatura2025/resultados/2/21005005.html,120,3202,2854,88,125,073296,39,,No seleccionado,,Consultar
2025,2,Licenciatura 2025,210,21005005,PSICOLOGIA,FES ZARAGOZA,Escolarizado,https://www.dgae.unam.mx/Licenciatura2025/resultados/2/21005005.html,120,3202,2854,88,125,073309,31,,No seleccionado,,Consultar
2025,2,Licenciatura 2025,210,21005005,PSICOLOGIA,FES ZARAGOZA,Escolarizado,https://www.dgae.unam.mx/Licenciatura2025/resultados/2/21005005.html,120,3202,2854,88,125,073316,62,,No seleccionado,,Consultar
2025,2,Licenciatura 2025,210,21005005,PSICOLOGIA,FES ZARAGOZA,Escolarizado,https://www.dgae.unam.mx/Licenciatura2025/resultados/2/21005005.html,120,3202,2854,88,125,073322,,N,No presentado,,Consultar
2025,2,Licenciatura 2025,210,21005005,PSICOLOGIA,FES ZARAGOZA,Escolarizado,https://www.dgae.unam.mx/Licenciatura2025/resultados/2/21005005.html,120,3202,2854,88,125,073326,44,,No seleccionado,,Consultar
2025,2,Licenciatura 2025,210,21005005,PSICOLOGIA,FES ZARAGOZA,Escolarizado,https://www.dgae.unam.mx/Licenciatura2025/resultados/2/21005005.html,120,3202,2854,88,125,073333,61,,No seleccionado,,Consultar
2025,2,Licenciatura 2025,210,21005005,PSICOLOGIA,FES ZARAGOZA,Escolarizado,https://www.dgae.unam.mx/Licenciatura2025/resultados/2/21005005.html,120,3202,2854,88,125,073335,69,,No seleccionado,,Consultar
2025,2,Licenciatura 2025,210,21005005,PSICOLOGIA,FES ZARAGOZA,Escolarizado,https://www.dgae.unam.mx/Licenciatura2025/resultados/2/21005005.html,120,3202,2854,88,125,073353,62,,No seleccionado,,Consultar
2025,2,Licenciatura 2025,210,21005005,PSICOLOGIA,FES ZARAGOZA,Escolarizado,https://www.dgae.unam.mx/Licenciatura2025/resultados/2/21005005.html,120,3202,2854,88,125,073359,,N,No presentado,,Consultar
2025,2,Licenciatura 2025,210,21005005,PSICOLOGIA,FES ZARAGOZA,Escolarizado,https://www.dgae.unam.mx/Licenciatura2025/resultados/2/21005005.html,120,3202,2854,88,125,073361,53,,No seleccionado,,Consultar
2025,2,Licenciatura 2025,210,21005005,PSICOLOGIA,FES ZARAGOZA,Escolarizado,https://www.dgae.unam.mx/Licenciatura2025/resultados/2/21005005.html,120,3202,2854,88,125,073368,,N,No presentado,,Consultar
2025,2,Licenciatura 2025,210,21005005,PSICOLOGIA,FES ZARAGOZA,Escolarizado,https://www.dgae.unam.mx/Licenciatura2025/resultados/2/21005005.html,120,3202,2854,88,125,073380,44,,No seleccionado,,Consultar
2025,2,Licenciatura 2025,210,21005005,PSICOLOGIA,FES ZARAGOZA,Escolarizado,https://www.dgae.unam.mx/Licenciatura2025/resultados/2/21005005.html,120,3202,2854,88,125,073386,58,,No seleccionado,,Consultar
2025,2,Licenciatura 2025,210,21005005,PSICOLOGIA,FES ZARAGOZA,Escolarizado,https://www.dgae.unam.mx/Licenciatura2025/resultados/2/21005005.html,120,3202,2854,88,125,073403,43,,No seleccionado,,Consultar
2025,2,Licenciatura 2025,210,21005005,PSICOLOGIA,FES ZARAGOZA,Escolarizado,https://www.dgae.unam.mx/Licenciatura2025/resultados/2/21005005.html,120,3202,2854,88,125,073405,55,,No seleccionado,,Consultar
2025,2,Licenciatura 2025,210,21005005,PSICOLOGIA,FES ZARAGOZA,Escolarizado,https://www.dgae.unam.mx/Licenciatura2025/resultados/2/21005005.html,120,3202,2854,88,125,073413,47,,No seleccionado,,Consultar
2025,2,Licenciatura 2025,210,21005005,PSICOLOGIA,FES ZARAGOZA,Escolarizado,https://www.dgae.unam.mx/Licenciatura2025/resultados/2/21005005.html,120,3202,2854,88,125,073419,,N,No presentado,,Consultar
2025,2,Licenciatura 2025,210,21005005,PSICOLOGIA,FES ZARAGOZA,Escolarizado,https://www.dgae.unam.mx/Licenciatura2025/resultados/2/21005005.html,120,3202,2854,88,125,073423,36,,No seleccionado,,Consultar
2025,2,Licenciatura 2025,210,21005005,PSICOLOGIA,FES ZARAGOZA,Escolarizado,https://www.dgae.unam.mx/Licenciatura2025/resultados/2/21005005.html,120,3202,2854,88,125,073431,55,,No seleccionado,,Consultar
2025,2,Licenciatura 2025,210,21005005,PSICOLOGIA,FES ZARAGOZA,Escolarizado,https://www.dgae.unam.mx/Licenciatura2025/resultados/2/21005005.html,120,3202,2854,88,125,073450,32,,No seleccionado,,Consultar
2025,2,Licenciatura 2025,210,21005005,PSICOLOGIA,FES ZARAGOZA,Escolarizado,https://www.dgae.unam.mx/Licenciatura2025/resultados/2/21005005.html,120,3202,2854,88,125,073452,44,,No seleccionado,,Consultar
2025,2,Licenciatura 2025,210,21005005,PSICOLOGIA,FES ZARAGOZA,Escolarizado,https://www.dgae.unam.mx/Licenciatura2025/resultados/2/21005005.html,120,3202,2854,88,125,073454,37,,No seleccionado,,Consultar
2025,2,Licenciatura 2025,210,21005005,PSICOLOGIA,FES ZARAGOZA,Escolarizado,https://www.dgae.unam.mx/Licenciatura2025/resultados/2/21005005.html,120,3202,2854,88,125,073458,30,,No seleccionado,,Consultar
2025,2,Licenciatura 2025,210,21005005,PSICOLOGIA,FES ZARAGOZA,Escolarizado,https://www.dgae.unam.mx/Licenciatura2025/resultados/2/21005005.html,120,3202,2854,88,125,073461,34,,No seleccionado,,Consultar
2025,2,Licenciatura 2025,210,21005005,PSICOLOGIA,FES ZARAGOZA,Escolarizado,https://www.dgae.unam.mx/Licenciatura2025/resultados/2/21005005.html,120,3202,2854,88,125,073462,43,,No seleccionado,,Consultar
2025,2,Licenciatura 2025,210,21005005,PSICOLOGIA,FES ZARAGOZA,Escolarizado,https://www.dgae.unam.mx/Licenciatura2025/resultados/2/21005005.html,120,3202,2854,88,125,073471,65,,No seleccionado,,Consultar
2025,2,Licenciatura 2025,210,21005005,PSICOLOGIA,FES ZARAGOZA,Escolarizado,https://www.dgae.unam.mx/Licenciatura2025/resultados/2/21005005.html,120,3202,2854,88,125,073480,82,,No seleccionado,,Consultar
2025,2,Licenciatura 2025,210,21005005,PSICOLOGIA,FES ZARAGOZA,Escolarizado,https://www.dgae.unam.mx/Licenciatura2025/resultados/2/21005005.html,120,3202,2854,88,125,073503,73,,No seleccionado,,Consultar
2025,2,Licenciatura 2025,210,21005005,PSICOLOGIA,FES ZARAGOZA,Escolarizado,https://www.dgae.unam.mx/Licenciatura2025/resultados/2/21005005.html,120,3202,2854,88,125,073513,31,,No seleccionado,,Consultar
2025,2,Licenciatura 2025,210,21005005,PSICOLOGIA,FES ZARAGOZA,Escolarizado,https://www.dgae.unam.mx/Licenciatura2025/resultados/2/21005005.html,120,3202,2854,88,125,073514,46,,No seleccionado,,Consultar
2025,2,Licenciatura 2025,210,21005005,PSICOLOGIA,FES ZARAGOZA,Escolarizado,https://www.dgae.unam.mx/Licenciatura2025/resultados/2/21005005.html,120,3202,2854,88,125,073519,47,,No seleccionado,,Consultar
2025,2,Licenciatura 2025,210,21005005,PSICOLOGIA,FES ZARAGOZA,Escolarizado,https://www.dgae.unam.mx/Licenciatura2025/resultados/2/21005005.html,120,3202,2854,88,125,073522,77,,No seleccionado,,Consultar
2025,2,Licenciatura 2025,210,21005005,PSICOLOGIA,FES ZARAGOZA,Escolarizado,https://www.dgae.unam.mx/Licenciatura2025/resultados/2/21005005.html,120,3202,2854,88,125,073530,50,,No seleccionado,,Consultar
2025,2,Licenciatura 2025,210,21005005,PSICOLOGIA,FES ZARAGOZA,Escolarizado,https://www.dgae.unam.mx/Licenciatura2025/resultados/2/21005005.html,120,3202,2854,88,125,073531,57,,No seleccionado,,Consultar
2025,2,Licenciatura 2025,210,21005005,PSICOLOGIA,FES ZARAGOZA,Escolarizado,https://www.dgae.unam.mx/Licenciatura2025/resultados/2/21005005.html,120,3202,2854,88,125,073532,41,,No seleccionado,,Consultar
2025,2,Licenciatura 2025,210,21005005,PSICOLOGIA,FES ZARAGOZA,Escolarizado,https://www.dgae.unam.mx/Licenciatura2025/resultados/2/21005005.html,120,3202,2854,88,125,073551,36,,No seleccionado,,Consultar
2025,2,Licenciatura 2025,210,21005005,PSICOLOGIA,FES ZARAGOZA,Escolarizado,https://www.dgae.unam.mx/Licenciatura2025/resultados/2/21005005.html,120,3202,2854,88,125,073554,38,,No seleccionado,,Consultar
2025,2,Licenciatura 2025,210,21005005,PSICOLOGIA,FES ZARAGOZA,Escolarizado,https://www.dgae.unam.mx/Licenciatura2025/resultados/2/21005005.html,120,3202,2854,88,125,073562,,N,No presentado,,Consultar
2025,2,Licenciatura 2025,210,21005005,PSICOLOGIA,FES ZARAGOZA,Escolarizado,https://www.dgae.unam.mx/Licenciatura2025/resultados/2/21005005.html,120,3202,2854,88,125,073567,,N,No presentado,,Consultar
2025,2,Licenciatura 2025,210,21005005,PSICOLOGIA,FES ZARAGOZA,Escolarizado,https://www.dgae.unam.mx/Licenciatura2025/resultados/2/21005005.html,120,3202,2854,88,125,073572,35,,No seleccionado,,Consultar
2025,2,Licenciatura 2025,210,21005005,PSICOLOGIA,FES ZARAGOZA,Escolarizado,https://www.dgae.unam.mx/Licenciatura2025/resultados/2/21005005.html,120,3202,2854,88,125,073579,49,,No seleccionado,,Consultar
2025,2,Licenciatura 2025,210,21005005,PSICOLOGIA,FES ZARAGOZA,Escolarizado,https://www.dgae.unam.mx/Licenciatura2025/resultados/2/21005005.html,120,3202,2854,88,125,073581,33,,No seleccionado,,Consultar
2025,2,Licenciatura 2025,210,21005005,PSICOLOGIA,FES ZARAGOZA,Escolarizado,https://www.dgae.unam.mx/Licenciatura2025/resultados/2/21005005.html,120,3202,2854,88,125,073584,47,,No seleccionado,,Consultar
2025,2,Licenciatura 2025,210,21005005,PSICOLOGIA,FES ZARAGOZA,Escolarizado,https://www.dgae.unam.mx/Licenciatura2025/resultados/2/21005005.html,120,3202,2854,88,125,073608,74,,No seleccionado,,Consultar
2025,2,Licenciatura 2025,210,21005005,PSICOLOGIA,FES ZARAGOZA,Escolarizado,https://www.dgae.unam.mx/Licenciatura2025/resultados/2/21005005.html,120,3202,2854,88,125,073622,42,,No seleccionado,,Consultar
2025,2,Licenciatura 2025,210,21005005,PSICOLOGIA,FES ZARAGOZA,Escolarizado,https://www.dgae.unam.mx/Licenciatura2025/resultados/2/21005005.html,120,3202,2854,88,125,073624,45,,No seleccionado,,Consultar
2025,2,Licenciatura 2025,210,21005005,PSICOLOGIA,FES ZARAGOZA,Escolarizado,https://www.dgae.unam.mx/Licenciatura2025/resultados/2/21005005.html,120,3202,2854,88,125,073647,29,,No seleccionado,,Consultar
2025,2,Licenciatura 2025,210,21005005,PSICOLOGIA,FES ZARAGOZA,Escolarizado,https://www.dgae.unam.mx/Licenciatura2025/resultados/2/21005005.html,120,3202,2854,88,125,073669,47,,No seleccionado,,Consultar
2025,2,Licenciatura 2025,210,21005005,PSICOLOGIA,FES ZARAGOZA,Escolarizado,https://www.dgae.unam.mx/Licenciatura2025/resultados/2/21005005.html,120,3202,2854,88,125,073674,41,,No seleccionado,,Consultar
2025,2,Licenciatura 2025,210,21005005,PSICOLOGIA,FES ZARAGOZA,Escolarizado,https://www.dgae.unam.mx/Licenciatura2025/resultados/2/21005005.html,120,3202,2854,88,125,073688,31,,No seleccionado,,Consultar
2025,2,Licenciatura 2025,210,21005005,PSICOLOGIA,FES ZARAGOZA,Escolarizado,https://www.dgae.unam.mx/Licenciatura2025/resultados/2/21005005.html,120,3202,2854,88,125,073697,40,,No seleccionado,,Consultar
2025,2,Licenciatura 2025,210,21005005,PSICOLOGIA,FES ZARAGOZA,Escolarizado,https://www.dgae.unam.mx/Licenciatura2025/resultados/2/21005005.html,120,3202,2854,88,125,073699,77,,No seleccionado,,Consultar
2025,2,Licenciatura 2025,210,21005005,PSICOLOGIA,FES ZARAGOZA,Escolarizado,https://www.dgae.unam.mx/Licenciatura2025/resultados/2/21005005.html,120,3202,2854,88,125,073705,44,,No seleccionado,,Consultar
2025,2,Licenciatura 2025,210,21005005,PSICOLOGIA,FES ZARAGOZA,Escolarizado,https://www.dgae.unam.mx/Licenciatura2025/resultados/2/21005005.html,120,3202,2854,88,125,073706,51,,No seleccionado,,Consultar
2025,2,Licenciatura 2025,210,21005005,PSICOLOGIA,FES ZARAGOZA,Escolarizado,https://www.dgae.unam.mx/Licenciatura2025/resultados/2/21005005.html,120,3202,2854,88,125,073707,52,,No seleccionado,,Consultar
2025,2,Licenciatura 2025,210,21005005,PSICOLOGIA,FES ZARAGOZA,Escolarizado,https://www.dgae.unam.mx/Licenciatura2025/resultados/2/21005005.html,120,3202,2854,88,125,073717,86,,No seleccionado,,Consultar
2025,2,Licenciatura 2025,210,21005005,PSICOLOGIA,FES ZARAGOZA,Escolarizado,https://www.dgae.unam.mx/Licenciatura2025/resultados/2/21005005.html,120,3202,2854,88,125,073726,,N,No presentado,,Consultar
2025,2,Licenciatura 2025,210,21005005,PSICOLOGIA,FES ZARAGOZA,Escolarizado,https://www.dgae.unam.mx/Licenciatura2025/resultados/2/21005005.html,120,3202,2854,88,125,073735,61,,No seleccionado,,Consultar
2025,2,Licenciatura 2025,210,21005005,PSICOLOGIA,FES ZARAGOZA,Escolarizado,https://www.dgae.unam.mx/Licenciatura2025/resultados/2/21005005.html,120,3202,2854,88,125,073742,,N,No presentado,,Consultar
2025,2,Licenciatura 2025,210,21005005,PSICOLOGIA,FES ZARAGOZA,Escolarizado,https://www.dgae.unam.mx/Licenciatura2025/resultados/2/21005005.html,120,3202,2854,88,125,073744,88,S,Seleccionado,Cita para entregar documentación.,Consultar
2025,2,Licenciatura 2025,210,21005005,PSICOLOGIA,FES ZARAGOZA,Escolarizado,https://www.dgae.unam.mx/Licenciatura2025/resultados/2/21005005.html,120,3202,2854,88,125,073761,68,,No seleccionado,,Consultar
2025,2,Licenciatura 2025,210,21005005,PSICOLOGIA,FES ZARAGOZA,Escolarizado,https://www.dgae.unam.mx/Licenciatura2025/resultados/2/21005005.html,120,3202,2854,88,125,073763,50,,No seleccionado,,Consultar
2025,2,Licenciatura 2025,210,21005005,PSICOLOGIA,FES ZARAGOZA,Escolarizado,https://www.dgae.unam.mx/Licenciatura2025/resultados/2/21005005.html,120,3202,2854,88,125,073771,46,,No seleccionado,,Consultar
2025,2,Licenciatura 2025,210,21005005,PSICOLOGIA,FES ZARAGOZA,Escolarizado,https://www.dgae.unam.mx/Licenciatura2025/resultados/2/21005005.html,120,3202,2854,88,125,073772,70,,No seleccionado,,Consultar
2025,2,Licenciatura 2025,210,21005005,PSICOLOGIA,FES ZARAGOZA,Escolarizado,https://www.dgae.unam.mx/Licenciatura2025/resultados/2/21005005.html,120,3202,2854,88,125,073792,40,,No seleccionado,,Consultar
2025,2,Licenciatura 2025,210,21005005,PSICOLOGIA,FES ZARAGOZA,Escolarizado,https://www.dgae.unam.mx/Licenciatura2025/resultados/2/21005005.html,120,3202,2854,88,125,073795,49,,No seleccionado,,Consultar
2025,2,Licenciatura 2025,210,21005005,PSICOLOGIA,FES ZARAGOZA,Escolarizado,https://www.dgae.unam.mx/Licenciatura2025/resultados/2/21005005.html,120,3202,2854,88,125,073798,45,,No seleccionado,,Consultar
2025,2,Licenciatura 2025,210,21005005,PSICOLOGIA,FES ZARAGOZA,Escolarizado,https://www.dgae.unam.mx/Licenciatura2025/resultados/2/21005005.html,120,3202,2854,88,125,073827,41,,No seleccionado,,Consultar
2025,2,Licenciatura 2025,210,21005005,PSICOLOGIA,FES ZARAGOZA,Escolarizado,https://www.dgae.unam.mx/Licenciatura2025/resultados/2/21005005.html,120,3202,2854,88,125,073835,48,,No seleccionado,,Consultar
2025,2,Licenciatura 2025,210,21005005,PSICOLOGIA,FES ZARAGOZA,Escolarizado,https://www.dgae.unam.mx/Licenciatura2025/resultados/2/21005005.html,120,3202,2854,88,125,073836,47,,No seleccionado,,Consultar
2025,2,Licenciatura 2025,210,21005005,PSICOLOGIA,FES ZARAGOZA,Escolarizado,https://www.dgae.unam.mx/Licenciatura2025/resultados/2/21005005.html,120,3202,2854,88,125,073838,80,,No seleccionado,,Consultar
2025,2,Licenciatura 2025,210,21005005,PSICOLOGIA,FES ZARAGOZA,Escolarizado,https://www.dgae.unam.mx/Licenciatura2025/resultados/2/21005005.html,120,3202,2854,88,125,073839,57,,No seleccionado,,Consultar
2025,2,Licenciatura 2025,210,21005005,PSICOLOGIA,FES ZARAGOZA,Escolarizado,https://www.dgae.unam.mx/Licenciatura2025/resultados/2/21005005.html,120,3202,2854,88,125,073845,58,,No seleccionado,,Consultar
2025,2,Licenciatura 2025,210,21005005,PSICOLOGIA,FES ZARAGOZA,Escolarizado,https://www.dgae.unam.mx/Licenciatura2025/resultados/2/21005005.html,120,3202,2854,88,125,073849,37,,No seleccionado,,Consultar
2025,2,Licenciatura 2025,210,21005005,PSICOLOGIA,FES ZARAGOZA,Escolarizado,https://www.dgae.unam.mx/Licenciatura2025/resultados/2/21005005.html,120,3202,2854,88,125,073854,37,,No seleccionado,,Consultar
2025,2,Licenciatura 2025,210,21005005,PSICOLOGIA,FES ZARAGOZA,Escolarizado,https://www.dgae.unam.mx/Licenciatura2025/resultados/2/21005005.html,120,3202,2854,88,125,073859,40,,No seleccionado,,Consultar
2025,2,Licenciatura 2025,210,21005005,PSICOLOGIA,FES ZARAGOZA,Escolarizado,https://www.dgae.unam.mx/Licenciatura2025/resultados/2/21005005.html,120,3202,2854,88,125,073863,93,S,Seleccionado,Cita para entregar documentación.,Consultar
2025,2,Licenciatura 2025,210,21005005,PSICOLOGIA,FES ZARAGOZA,Escolarizado,https://www.dgae.unam.mx/Licenciatura2025/resultados/2/21005005.html,120,3202,2854,88,125,073867,31,,No seleccionado,,Consultar
2025,2,Licenciatura 2025,210,21005005,PSICOLOGIA,FES ZARAGOZA,Escolarizado,https://www.dgae.unam.mx/Licenciatura2025/resultados/2/21005005.html,120,3202,2854,88,125,073868,55,,No seleccionado,,Consultar
2025,2,Licenciatura 2025,210,21005005,PSICOLOGIA,FES ZARAGOZA,Escolarizado,https://www.dgae.unam.mx/Licenciatura2025/resultados/2/21005005.html,120,3202,2854,88,125,073884,43,,No seleccionado,,Consultar
2025,2,Licenciatura 2025,210,21005005,PSICOLOGIA,FES ZARAGOZA,Escolarizado,https://www.dgae.unam.mx/Licenciatura2025/resultados/2/21005005.html,120,3202,2854,88,125,073888,42,,No seleccionado,,Consultar
2025,2,Licenciatura 2025,210,21005005,PSICOLOGIA,FES ZARAGOZA,Escolarizado,https://www.dgae.unam.mx/Licenciatura2025/resultados/2/21005005.html,120,3202,2854,88,125,073897,32,,No seleccionado,,Consultar
2025,2,Licenciatura 2025,210,21005005,PSICOLOGIA,FES ZARAGOZA,Escolarizado,https://www.dgae.unam.mx/Licenciatura2025/resultados/2/21005005.html,120,3202,2854,88,125,073899,42,,No seleccionado,,Consultar
2025,2,Licenciatura 2025,210,21005005,PSICOLOGIA,FES ZARAGOZA,Escolarizado,https://www.dgae.unam.mx/Licenciatura2025/resultados/2/21005005.html,120,3202,2854,88,125,073900,40,,No seleccionado,,Consultar
2025,2,Licenciatura 2025,210,21005005,PSICOLOGIA,FES ZARAGOZA,Escolarizado,https://www.dgae.unam.mx/Licenciatura2025/resultados/2/21005005.html,120,3202,2854,88,125,073905,53,,No seleccionado,,Consultar
2025,2,Licenciatura 2025,210,21005005,PSICOLOGIA,FES ZARAGOZA,Escolarizado,https://www.dgae.unam.mx/Licenciatura2025/resultados/2/21005005.html,120,3202,2854,88,125,073909,50,,No seleccionado,,Consultar
2025,2,Licenciatura 2025,210,21005005,PSICOLOGIA,FES ZARAGOZA,Escolarizado,https://www.dgae.unam.mx/Licenciatura2025/resultados/2/21005005.html,120,3202,2854,88,125,073913,,N,No presentado,,Consultar
2025,2,Licenciatura 2025,210,21005005,PSICOLOGIA,FES ZARAGOZA,Escolarizado,https://www.dgae.unam.mx/Licenciatura2025/resultados/2/21005005.html,120,3202,2854,88,125,073914,60,,No seleccionado,,Consultar
2025,2,Licenciatura 2025,210,21005005,PSICOLOGIA,FES ZARAGOZA,Escolarizado,https://www.dgae.unam.mx/Licenciatura2025/resultados/2/21005005.html,120,3202,2854,88,125,073916,38,,No seleccionado,,Consultar
2025,2,Licenciatura 2025,210,21005005,PSICOLOGIA,FES ZARAGOZA,Escolarizado,https://www.dgae.unam.mx/Licenciatura2025/resultados/2/21005005.html,120,3202,2854,88,125,073927,88,S,Seleccionado,,Consultar
2025,2,Licenciatura 2025,210,21005005,PSICOLOGIA,FES ZARAGOZA,Escolarizado,https://www.dgae.unam.mx/Licenciatura2025/resultados/2/21005005.html,120,3202,2854,88,125,073933,,N,No presentado,,Consultar
2025,2,Licenciatura 2025,210,21005005,PSICOLOGIA,FES ZARAGOZA,Escolarizado,https://www.dgae.unam.mx/Licenciatura2025/resultados/2/21005005.html,120,3202,2854,88,125,073934,54,,No seleccionado,,Consultar
2025,2,Licenciatura 2025,210,21005005,PSICOLOGIA,FES ZARAGOZA,Escolarizado,https://www.dgae.unam.mx/Licenciatura2025/resultados/2/21005005.html,120,3202,2854,88,125,073936,36,,No seleccionado,,Consultar
2025,2,Licenciatura 2025,210,21005005,PSICOLOGIA,FES ZARAGOZA,Escolarizado,https://www.dgae.unam.mx/Licenciatura2025/resultados/2/21005005.html,120,3202,2854,88,125,073940,,N,No presentado,,Consultar
2025,2,Licenciatura 2025,210,21005005,PSICOLOGIA,FES ZARAGOZA,Escolarizado,https://www.dgae.unam.mx/Licenciatura2025/resultados/2/21005005.html,120,3202,2854,88,125,073949,75,,No seleccionado,,Consultar
2025,2,Licenciatura 2025,210,21005005,PSICOLOGIA,FES ZARAGOZA,Escolarizado,https://www.dgae.unam.mx/Licenciatura2025/resultados/2/21005005.html,120,3202,2854,88,125,073955,50,,No seleccionado,,Consultar
2025,2,Licenciatura 2025,210,21005005,PSICOLOGIA,FES ZARAGOZA,Escolarizado,https://www.dgae.unam.mx/Licenciatura2025/resultados/2/21005005.html,120,3202,2854,88,125,073959,57,,No seleccionado,,Consultar
2025,2,Licenciatura 2025,210,21005005,PSICOLOGIA,FES ZARAGOZA,Escolarizado,https://www.dgae.unam.mx/Licenciatura2025/resultados/2/21005005.html,120,3202,2854,88,125,073964,53,,No seleccionado,,Consultar
2025,2,Licenciatura 2025,210,21005005,PSICOLOGIA,FES ZARAGOZA,Escolarizado,https://www.dgae.unam.mx/Licenciatura2025/resultados/2/21005005.html,120,3202,2854,88,125,073966,35,,No seleccionado,,Consultar
2025,2,Licenciatura 2025,210,21005005,PSICOLOGIA,FES ZARAGOZA,Escolarizado,https://www.dgae.unam.mx/Licenciatura2025/resultados/2/21005005.html,120,3202,2854,88,125,073976,53,,No seleccionado,,Consultar
2025,2,Licenciatura 2025,210,21005005,PSICOLOGIA,FES ZARAGOZA,Escolarizado,https://www.dgae.unam.mx/Licenciatura2025/resultados/2/21005005.html,120,3202,2854,88,125,073982,44,,No seleccionado,,Consultar
2025,2,Licenciatura 2025,210,21005005,PSICOLOGIA,FES ZARAGOZA,Escolarizado,https://www.dgae.unam.mx/Licenciatura2025/resultados/2/21005005.html,120,3202,2854,88,125,073986,42,,No seleccionado,,Consultar
2025,2,Licenciatura 2025,210,21005005,PSICOLOGIA,FES ZARAGOZA,Escolarizado,https://www.dgae.unam.mx/Licenciatura2025/resultados/2/21005005.html,120,3202,2854,88,125,073993,36,,No seleccionado,,Consultar
2025,2,Licenciatura 2025,210,21005005,PSICOLOGIA,FES ZARAGOZA,Escolarizado,https://www.dgae.unam.mx/Licenciatura2025/resultados/2/21005005.html,120,3202,2854,88,125,073998,43,,No seleccionado,,Consultar
2025,2,Licenciatura 2025,210,21005005,PSICOLOGIA,FES ZARAGOZA,Escolarizado,https://www.dgae.unam.mx/Licenciatura2025/resultados/2/21005005.html,120,3202,2854,88,125,074004,,N,No presentado,,Consultar
2025,2,Licenciatura 2025,210,21005005,PSICOLOGIA,FES ZARAGOZA,Escolarizado,https://www.dgae.unam.mx/Licenciatura2025/resultados/2/21005005.html,120,3202,2854,88,125,074007,62,,No seleccionado,,Consultar
2025,2,Licenciatura 2025,210,21005005,PSICOLOGIA,FES ZARAGOZA,Escolarizado,https://www.dgae.unam.mx/Licenciatura2025/resultados/2/21005005.html,120,3202,2854,88,125,074010,57,,No seleccionado,,Consultar
2025,2,Licenciatura 2025,210,21005005,PSICOLOGIA,FES ZARAGOZA,Escolarizado,https://www.dgae.unam.mx/Licenciatura2025/resultados/2/21005005.html,120,3202,2854,88,125,074016,45,,No seleccionado,,Consultar
2025,2,Licenciatura 2025,210,21005005,PSICOLOGIA,FES ZARAGOZA,Escolarizado,https://www.dgae.unam.mx/Licenciatura2025/resultados/2/21005005.html,120,3202,2854,88,125,074018,,N,No presentado,,Consultar
2025,2,Licenciatura 2025,210,21005005,PSICOLOGIA,FES ZARAGOZA,Escolarizado,https://www.dgae.unam.mx/Licenciatura2025/resultados/2/21005005.html,120,3202,2854,88,125,074029,42,,No seleccionado,,Consultar
2025,2,Licenciatura 2025,210,21005005,PSICOLOGIA,FES ZARAGOZA,Escolarizado,https://www.dgae.unam.mx/Licenciatura2025/resultados/2/21005005.html,120,3202,2854,88,125,074031,27,,No seleccionado,,Consultar
2025,2,Licenciatura 2025,210,21005005,PSICOLOGIA,FES ZARAGOZA,Escolarizado,https://www.dgae.unam.mx/Licenciatura2025/resultados/2/21005005.html,120,3202,2854,88,125,074039,50,,No seleccionado,,Consultar
2025,2,Licenciatura 2025,210,21005005,PSICOLOGIA,FES ZARAGOZA,Escolarizado,https://www.dgae.unam.mx/Licenciatura2025/resultados/2/21005005.html,120,3202,2854,88,125,074045,37,,No seleccionado,,Consultar
2025,2,Licenciatura 2025,210,21005005,PSICOLOGIA,FES ZARAGOZA,Escolarizado,https://www.dgae.unam.mx/Licenciatura2025/resultados/2/21005005.html,120,3202,2854,88,125,074046,50,,No seleccionado,,Consultar
2025,2,Licenciatura 2025,210,21005005,PSICOLOGIA,FES ZARAGOZA,Escolarizado,https://www.dgae.unam.mx/Licenciatura2025/resultados/2/21005005.html,120,3202,2854,88,125,074056,80,,No seleccionado,,Consultar
2025,2,Licenciatura 2025,210,21005005,PSICOLOGIA,FES ZARAGOZA,Escolarizado,https://www.dgae.unam.mx/Licenciatura2025/resultados/2/21005005.html,120,3202,2854,88,125,074061,63,,No seleccionado,,Consultar
2025,2,Licenciatura 2025,210,21005005,PSICOLOGIA,FES ZARAGOZA,Escolarizado,https://www.dgae.unam.mx/Licenciatura2025/resultados/2/21005005.html,120,3202,2854,88,125,074071,45,,No seleccionado,,Consultar
2025,2,Licenciatura 2025,210,21005005,PSICOLOGIA,FES ZARAGOZA,Escolarizado,https://www.dgae.unam.mx/Licenciatura2025/resultados/2/21005005.html,120,3202,2854,88,125,074076,55,,No seleccionado,,Consultar
2025,2,Licenciatura 2025,210,21005005,PSICOLOGIA,FES ZARAGOZA,Escolarizado,https://www.dgae.unam.mx/Licenciatura2025/resultados/2/21005005.html,120,3202,2854,88,125,074087,59,,No seleccionado,,Consultar
2025,2,Licenciatura 2025,210,21005005,PSICOLOGIA,FES ZARAGOZA,Escolarizado,https://www.dgae.unam.mx/Licenciatura2025/resultados/2/21005005.html,120,3202,2854,88,125,074090,51,,No seleccionado,,Consultar
2025,2,Licenciatura 2025,210,21005005,PSICOLOGIA,FES ZARAGOZA,Escolarizado,https://www.dgae.unam.mx/Licenciatura2025/resultados/2/21005005.html,120,3202,2854,88,125,074099,,N,No presentado,,Consultar
2025,2,Licenciatura 2025,210,21005005,PSICOLOGIA,FES ZARAGOZA,Escolarizado,https://www.dgae.unam.mx/Licenciatura2025/resultados/2/21005005.html,120,3202,2854,88,125,074103,50,,No seleccionado,,Consultar
2025,2,Licenciatura 2025,210,21005005,PSICOLOGIA,FES ZARAGOZA,Escolarizado,https://www.dgae.unam.mx/Licenciatura2025/resultados/2/21005005.html,120,3202,2854,88,125,074122,51,,No seleccionado,,Consultar
2025,2,Licenciatura 2025,210,21005005,PSICOLOGIA,FES ZARAGOZA,Escolarizado,https://www.dgae.unam.mx/Licenciatura2025/resultados/2/21005005.html,120,3202,2854,88,125,074136,60,,No seleccionado,,Consultar
2025,2,Licenciatura 2025,210,21005005,PSICOLOGIA,FES ZARAGOZA,Escolarizado,https://www.dgae.unam.mx/Licenciatura2025/resultados/2/21005005.html,120,3202,2854,88,125,074137,45,,No seleccionado,,Consultar
2025,2,Licenciatura 2025,210,21005005,PSICOLOGIA,FES ZARAGOZA,Escolarizado,https://www.dgae.unam.mx/Licenciatura2025/resultados/2/21005005.html,120,3202,2854,88,125,074150,37,,No seleccionado,,Consultar
2025,2,Licenciatura 2025,210,21005005,PSICOLOGIA,FES ZARAGOZA,Escolarizado,https://www.dgae.unam.mx/Licenciatura2025/resultados/2/21005005.html,120,3202,2854,88,125,074156,39,,No seleccionado,,Consultar
2025,2,Licenciatura 2025,210,21005005,PSICOLOGIA,FES ZARAGOZA,Escolarizado,https://www.dgae.unam.mx/Licenciatura2025/resultados/2/21005005.html,120,3202,2854,88,125,074159,28,,No seleccionado,,Consultar
2025,2,Licenciatura 2025,210,21005005,PSICOLOGIA,FES ZARAGOZA,Escolarizado,https://www.dgae.unam.mx/Licenciatura2025/resultados/2/21005005.html,120,3202,2854,88,125,074160,52,,No seleccionado,,Consultar
2025,2,Licenciatura 2025,210,21005005,PSICOLOGIA,FES ZARAGOZA,Escolarizado,https://www.dgae.unam.mx/Licenciatura2025/resultados/2/21005005.html,120,3202,2854,88,125,074161,38,,No seleccionado,,Consultar
2025,2,Licenciatura 2025,210,21005005,PSICOLOGIA,FES ZARAGOZA,Escolarizado,https://www.dgae.unam.mx/Licenciatura2025/resultados/2/21005005.html,120,3202,2854,88,125,074166,45,,No seleccionado,,Consultar
2025,2,Licenciatura 2025,210,21005005,PSICOLOGIA,FES ZARAGOZA,Escolarizado,https://www.dgae.unam.mx/Licenciatura2025/resultados/2/21005005.html,120,3202,2854,88,125,074177,30,,No seleccionado,,Consultar
2025,2,Licenciatura 2025,210,21005005,PSICOLOGIA,FES ZARAGOZA,Escolarizado,https://www.dgae.unam.mx/Licenciatura2025/resultados/2/21005005.html,120,3202,2854,88,125,074180,,N,No presentado,,Consultar
2025,2,Licenciatura 2025,210,21005005,PSICOLOGIA,FES ZARAGOZA,Escolarizado,https://www.dgae.unam.mx/Licenciatura2025/resultados/2/21005005.html,120,3202,2854,88,125,074181,57,,No seleccionado,,Consultar
2025,2,Licenciatura 2025,210,21005005,PSICOLOGIA,FES ZARAGOZA,Escolarizado,https://www.dgae.unam.mx/Licenciatura2025/resultados/2/21005005.html,120,3202,2854,88,125,074184,39,,No seleccionado,,Consultar
2025,2,Licenciatura 2025,210,21005005,PSICOLOGIA,FES ZARAGOZA,Escolarizado,https://www.dgae.unam.mx/Licenciatura2025/resultados/2/21005005.html,120,3202,2854,88,125,074187,,N,No presentado,,Consultar
2025,2,Licenciatura 2025,210,21005005,PSICOLOGIA,FES ZARAGOZA,Escolarizado,https://www.dgae.unam.mx/Licenciatura2025/resultados/2/21005005.html,120,3202,2854,88,125,074193,82,,No seleccionado,,Consultar
2025,2,Licenciatura 2025,210,21005005,PSICOLOGIA,FES ZARAGOZA,Escolarizado,https://www.dgae.unam.mx/Licenciatura2025/resultados/2/21005005.html,120,3202,2854,88,125,074200,60,,No seleccionado,,Consultar
2025,2,Licenciatura 2025,210,21005005,PSICOLOGIA,FES ZARAGOZA,Escolarizado,https://www.dgae.unam.mx/Licenciatura2025/resultados/2/21005005.html,120,3202,2854,88,125,074202,28,,No seleccionado,,Consultar
2025,2,Licenciatura 2025,210,21005005,PSICOLOGIA,FES ZARAGOZA,Escolarizado,https://www.dgae.unam.mx/Licenciatura2025/resultados/2/21005005.html,120,3202,2854,88,125,074213,45,,No seleccionado,,Consultar
2025,2,Licenciatura 2025,210,21005005,PSICOLOGIA,FES ZARAGOZA,Escolarizado,https://www.dgae.unam.mx/Licenciatura2025/resultados/2/21005005.html,120,3202,2854,88,125,074215,47,,No seleccionado,,Consultar
2025,2,Licenciatura 2025,210,21005005,PSICOLOGIA,FES ZARAGOZA,Escolarizado,https://www.dgae.unam.mx/Licenciatura2025/resultados/2/21005005.html,120,3202,2854,88,125,074225,43,,No seleccionado,,Consultar
2025,2,Licenciatura 2025,210,21005005,PSICOLOGIA,FES ZARAGOZA,Escolarizado,https://www.dgae.unam.mx/Licenciatura2025/resultados/2/21005005.html,120,3202,2854,88,125,074239,48,,No seleccionado,,Consultar
2025,2,Licenciatura 2025,210,21005005,PSICOLOGIA,FES ZARAGOZA,Escolarizado,https://www.dgae.unam.mx/Licenciatura2025/resultados/2/21005005.html,120,3202,2854,88,125,074240,67,,No seleccionado,,Consultar
2025,2,Licenciatura 2025,210,21005005,PSICOLOGIA,FES ZARAGOZA,Escolarizado,https://www.dgae.unam.mx/Licenciatura2025/resultados/2/21005005.html,120,3202,2854,88,125,074241,38,,No seleccionado,,Consultar
2025,2,Licenciatura 2025,210,21005005,PSICOLOGIA,FES ZARAGOZA,Escolarizado,https://www.dgae.unam.mx/Licenciatura2025/resultados/2/21005005.html,120,3202,2854,88,125,074256,33,,No seleccionado,,Consultar
2025,2,Licenciatura 2025,210,21005005,PSICOLOGIA,FES ZARAGOZA,Escolarizado,https://www.dgae.unam.mx/Licenciatura2025/resultados/2/21005005.html,120,3202,2854,88,125,074258,48,,No seleccionado,,Consultar
2025,2,Licenciatura 2025,210,21005005,PSICOLOGIA,FES ZARAGOZA,Escolarizado,https://www.dgae.unam.mx/Licenciatura2025/resultados/2/21005005.html,120,3202,2854,88,125,074259,39,,No seleccionado,,Consultar
2025,2,Licenciatura 2025,210,21005005,PSICOLOGIA,FES ZARAGOZA,Escolarizado,https://www.dgae.unam.mx/Licenciatura2025/resultados/2/21005005.html,120,3202,2854,88,125,074313,54,,No seleccionado,,Consultar
2025,2,Licenciatura 2025,210,21005005,PSICOLOGIA,FES ZARAGOZA,Escolarizado,https://www.dgae.unam.mx/Licenciatura2025/resultados/2/21005005.html,120,3202,2854,88,125,074315,46,,No seleccionado,,Consultar
2025,2,Licenciatura 2025,210,21005005,PSICOLOGIA,FES ZARAGOZA,Escolarizado,https://www.dgae.unam.mx/Licenciatura2025/resultados/2/21005005.html,120,3202,2854,88,125,074327,69,,No seleccionado,,Consultar
2025,2,Licenciatura 2025,210,21005005,PSICOLOGIA,FES ZARAGOZA,Escolarizado,https://www.dgae.unam.mx/Licenciatura2025/resultados/2/21005005.html,120,3202,2854,88,125,074328,36,,No seleccionado,,Consultar
2025,2,Licenciatura 2025,210,21005005,PSICOLOGIA,FES ZARAGOZA,Escolarizado,https://www.dgae.unam.mx/Licenciatura2025/resultados/2/21005005.html,120,3202,2854,88,125,074341,35,,No seleccionado,,Consultar
2025,2,Licenciatura 2025,210,21005005,PSICOLOGIA,FES ZARAGOZA,Escolarizado,https://www.dgae.unam.mx/Licenciatura2025/resultados/2/21005005.html,120,3202,2854,88,125,074344,60,,No seleccionado,,Consultar
2025,2,Licenciatura 2025,210,21005005,PSICOLOGIA,FES ZARAGOZA,Escolarizado,https://www.dgae.unam.mx/Licenciatura2025/resultados/2/21005005.html,120,3202,2854,88,125,074346,90,S,Seleccionado,,Consultar
2025,2,Licenciatura 2025,210,21005005,PSICOLOGIA,FES ZARAGOZA,Escolarizado,https://www.dgae.unam.mx/Licenciatura2025/resultados/2/21005005.html,120,3202,2854,88,125,074347,56,,No seleccionado,,Consultar
2025,2,Licenciatura 2025,210,21005005,PSICOLOGIA,FES ZARAGOZA,Escolarizado,https://www.dgae.unam.mx/Licenciatura2025/resultados/2/21005005.html,120,3202,2854,88,125,074387,26,,No seleccionado,,Consultar
2025,2,Licenciatura 2025,210,21005005,PSICOLOGIA,FES ZARAGOZA,Escolarizado,https://www.dgae.unam.mx/Licenciatura2025/resultados/2/21005005.html,120,3202,2854,88,125,074390,71,,No seleccionado,,Consultar
2025,2,Licenciatura 2025,210,21005005,PSICOLOGIA,FES ZARAGOZA,Escolarizado,https://www.dgae.unam.mx/Licenciatura2025/resultados/2/21005005.html,120,3202,2854,88,125,074399,56,,No seleccionado,,Consultar
2025,2,Licenciatura 2025,210,21005005,PSICOLOGIA,FES ZARAGOZA,Escolarizado,https://www.dgae.unam.mx/Licenciatura2025/resultados/2/21005005.html,120,3202,2854,88,125,074404,,N,No presentado,,Consultar
2025,2,Licenciatura 2025,210,21005005,PSICOLOGIA,FES ZARAGOZA,Escolarizado,https://www.dgae.unam.mx/Licenciatura2025/resultados/2/21005005.html,120,3202,2854,88,125,074414,90,S,Seleccionado,Cita para entregar documentación.,Consultar
2025,2,Licenciatura 2025,210,21005005,PSICOLOGIA,FES ZARAGOZA,Escolarizado,https://www.dgae.unam.mx/Licenciatura2025/resultados/2/21005005.html,120,3202,2854,88,125,074419,63,,No seleccionado,,Consultar
2025,2,Licenciatura 2025,210,21005005,PSICOLOGIA,FES ZARAGOZA,Escolarizado,https://www.dgae.unam.mx/Licenciatura2025/resultados/2/21005005.html,120,3202,2854,88,125,074420,,N,No presentado,,Consultar
2025,2,Licenciatura 2025,210,21005005,PSICOLOGIA,FES ZARAGOZA,Escolarizado,https://www.dgae.unam.mx/Licenciatura2025/resultados/2/21005005.html,120,3202,2854,88,125,074421,31,,No seleccionado,,Consultar
2025,2,Licenciatura 2025,210,21005005,PSICOLOGIA,FES ZARAGOZA,Escolarizado,https://www.dgae.unam.mx/Licenciatura2025/resultados/2/21005005.html,120,3202,2854,88,125,074427,41,,No seleccionado,,Consultar
2025,2,Licenciatura 2025,210,21005005,PSICOLOGIA,FES ZARAGOZA,Escolarizado,https://www.dgae.unam.mx/Licenciatura2025/resultados/2/21005005.html,120,3202,2854,88,125,074435,82,,No seleccionado,,Consultar
2025,2,Licenciatura 2025,210,21005005,PSICOLOGIA,FES ZARAGOZA,Escolarizado,https://www.dgae.unam.mx/Licenciatura2025/resultados/2/21005005.html,120,3202,2854,88,125,074436,55,,No seleccionado,,Consultar
2025,2,Licenciatura 2025,210,21005005,PSICOLOGIA,FES ZARAGOZA,Escolarizado,https://www.dgae.unam.mx/Licenciatura2025/resultados/2/21005005.html,120,3202,2854,88,125,074451,82,,No seleccionado,,Consultar
2025,2,Licenciatura 2025,210,21005005,PSICOLOGIA,FES ZARAGOZA,Escolarizado,https://www.dgae.unam.mx/Licenciatura2025/resultados/2/21005005.html,120,3202,2854,88,125,074452,77,,No seleccionado,,Consultar
2025,2,Licenciatura 2025,210,21005005,PSICOLOGIA,FES ZARAGOZA,Escolarizado,https://www.dgae.unam.mx/Licenciatura2025/resultados/2/21005005.html,120,3202,2854,88,125,074462,75,,No seleccionado,,Consultar
2025,2,Licenciatura 2025,210,21005005,PSICOLOGIA,FES ZARAGOZA,Escolarizado,https://www.dgae.unam.mx/Licenciatura2025/resultados/2/21005005.html,120,3202,2854,88,125,074472,34,,No seleccionado,,Consultar
2025,2,Licenciatura 2025,210,21005005,PSICOLOGIA,FES ZARAGOZA,Escolarizado,https://www.dgae.unam.mx/Licenciatura2025/resultados/2/21005005.html,120,3202,2854,88,125,074486,41,,No seleccionado,,Consultar
2025,2,Licenciatura 2025,210,21005005,PSICOLOGIA,FES ZARAGOZA,Escolarizado,https://www.dgae.unam.mx/Licenciatura2025/resultados/2/21005005.html,120,3202,2854,88,125,074496,66,,No seleccionado,,Consultar
2025,2,Licenciatura 2025,210,21005005,PSICOLOGIA,FES ZARAGOZA,Escolarizado,https://www.dgae.unam.mx/Licenciatura2025/resultados/2/21005005.html,120,3202,2854,88,125,074505,30,,No seleccionado,,Consultar
2025,2,Licenciatura 2025,210,21005005,PSICOLOGIA,FES ZARAGOZA,Escolarizado,https://www.dgae.unam.mx/Licenciatura2025/resultados/2/21005005.html,120,3202,2854,88,125,074506,94,S,Seleccionado,,Consultar
2025,2,Licenciatura 2025,210,21005005,PSICOLOGIA,FES ZARAGOZA,Escolarizado,https://www.dgae.unam.mx/Licenciatura2025/resultados/2/21005005.html,120,3202,2854,88,125,074509,88,S,Seleccionado,Cita para entregar documentación.,Consultar
2025,2,Licenciatura 2025,210,21005005,PSICOLOGIA,FES ZARAGOZA,Escolarizado,https://www.dgae.unam.mx/Licenciatura2025/resultados/2/21005005.html,120,3202,2854,88,125,074514,26,,No seleccionado,,Consultar
2025,2,Licenciatura 2025,210,21005005,PSICOLOGIA,FES ZARAGOZA,Escolarizado,https://www.dgae.unam.mx/Licenciatura2025/resultados/2/21005005.html,120,3202,2854,88,125,074526,67,,No seleccionado,,Consultar
2025,2,Licenciatura 2025,210,21005005,PSICOLOGIA,FES ZARAGOZA,Escolarizado,https://www.dgae.unam.mx/Licenciatura2025/resultados/2/21005005.html,120,3202,2854,88,125,074527,41,,No seleccionado,,Consultar
2025,2,Licenciatura 2025,210,21005005,PSICOLOGIA,FES ZARAGOZA,Escolarizado,https://www.dgae.unam.mx/Licenciatura2025/resultados/2/21005005.html,120,3202,2854,88,125,074530,,N,No presentado,,Consultar
2025,2,Licenciatura 2025,210,21005005,PSICOLOGIA,FES ZARAGOZA,Escolarizado,https://www.dgae.unam.mx/Licenciatura2025/resultados/2/21005005.html,120,3202,2854,88,125,074540,72,,No seleccionado,,Consultar
2025,2,Licenciatura 2025,210,21005005,PSICOLOGIA,FES ZARAGOZA,Escolarizado,https://www.dgae.unam.mx/Licenciatura2025/resultados/2/21005005.html,120,3202,2854,88,125,074543,79,,No seleccionado,,Consultar
2025,2,Licenciatura 2025,210,21005005,PSICOLOGIA,FES ZARAGOZA,Escolarizado,https://www.dgae.unam.mx/Licenciatura2025/resultados/2/21005005.html,120,3202,2854,88,125,074547,71,,No seleccionado,,Consultar
2025,2,Licenciatura 2025,210,21005005,PSICOLOGIA,FES ZARAGOZA,Escolarizado,https://www.dgae.unam.mx/Licenciatura2025/resultados/2/21005005.html,120,3202,2854,88,125,074552,50,,No seleccionado,,Consultar
2025,2,Licenciatura 2025,210,21005005,PSICOLOGIA,FES ZARAGOZA,Escolarizado,https://www.dgae.unam.mx/Licenciatura2025/resultados/2/21005005.html,120,3202,2854,88,125,074555,38,,No seleccionado,,Consultar
2025,2,Licenciatura 2025,210,21005005,PSICOLOGIA,FES ZARAGOZA,Escolarizado,https://www.dgae.unam.mx/Licenciatura2025/resultados/2/21005005.html,120,3202,2854,88,125,074562,,N,No presentado,,Consultar
2025,2,Licenciatura 2025,210,21005005,PSICOLOGIA,FES ZARAGOZA,Escolarizado,https://www.dgae.unam.mx/Licenciatura2025/resultados/2/21005005.html,120,3202,2854,88,125,074563,59,,No seleccionado,,Consultar
2025,2,Licenciatura 2025,210,21005005,PSICOLOGIA,FES ZARAGOZA,Escolarizado,https://www.dgae.unam.mx/Licenciatura2025/resultados/2/21005005.html,120,3202,2854,88,125,074565,35,,No seleccionado,,Consultar
2025,2,Licenciatura 2025,210,21005005,PSICOLOGIA,FES ZARAGOZA,Escolarizado,https://www.dgae.unam.mx/Licenciatura2025/resultados/2/21005005.html,120,3202,2854,88,125,074566,36,,No seleccionado,,Consultar
2025,2,Licenciatura 2025,210,21005005,PSICOLOGIA,FES ZARAGOZA,Escolarizado,https://www.dgae.unam.mx/Licenciatura2025/resultados/2/21005005.html,120,3202,2854,88,125,074573,,N,No presentado,,Consultar
2025,2,Licenciatura 2025,210,21005005,PSICOLOGIA,FES ZARAGOZA,Escolarizado,https://www.dgae.unam.mx/Licenciatura2025/resultados/2/21005005.html,120,3202,2854,88,125,074588,36,,No seleccionado,,Consultar
2025,2,Licenciatura 2025,210,21005005,PSICOLOGIA,FES ZARAGOZA,Escolarizado,https://www.dgae.unam.mx/Licenciatura2025/resultados/2/21005005.html,120,3202,2854,88,125,074600,63,,No seleccionado,,Consultar
2025,2,Licenciatura 2025,210,21005005,PSICOLOGIA,FES ZARAGOZA,Escolarizado,https://www.dgae.unam.mx/Licenciatura2025/resultados/2/21005005.html,120,3202,2854,88,125,074603,62,,No seleccionado,,Consultar
2025,2,Licenciatura 2025,210,21005005,PSICOLOGIA,FES ZARAGOZA,Escolarizado,https://www.dgae.unam.mx/Licenciatura2025/resultados/2/21005005.html,120,3202,2854,88,125,074610,35,,No seleccionado,,Consultar
2025,2,Licenciatura 2025,210,21005005,PSICOLOGIA,FES ZARAGOZA,Escolarizado,https://www.dgae.unam.mx/Licenciatura2025/resultados/2/21005005.html,120,3202,2854,88,125,074612,79,,No seleccionado,,Consultar
2025,2,Licenciatura 2025,210,21005005,PSICOLOGIA,FES ZARAGOZA,Escolarizado,https://www.dgae.unam.mx/Licenciatura2025/resultados/2/21005005.html,120,3202,2854,88,125,074613,39,,No seleccionado,,Consultar
2025,2,Licenciatura 2025,210,21005005,PSICOLOGIA,FES ZARAGOZA,Escolarizado,https://www.dgae.unam.mx/Licenciatura2025/resultados/2/21005005.html,120,3202,2854,88,125,074617,81,,No seleccionado,,Consultar
2025,2,Licenciatura 2025,210,21005005,PSICOLOGIA,FES ZARAGOZA,Escolarizado,https://www.dgae.unam.mx/Licenciatura2025/resultados/2/21005005.html,120,3202,2854,88,125,074627,49,,No seleccionado,,Consultar
2025,2,Licenciatura 2025,210,21005005,PSICOLOGIA,FES ZARAGOZA,Escolarizado,https://www.dgae.unam.mx/Licenciatura2025/resultados/2/21005005.html,120,3202,2854,88,125,074629,33,,No seleccionado,,Consultar
2025,2,Licenciatura 2025,210,21005005,PSICOLOGIA,FES ZARAGOZA,Escolarizado,https://www.dgae.unam.mx/Licenciatura2025/resultados/2/21005005.html,120,3202,2854,88,125,074630,43,,No seleccionado,,Consultar
2025,2,Licenciatura 2025,210,21005005,PSICOLOGIA,FES ZARAGOZA,Escolarizado,https://www.dgae.unam.mx/Licenciatura2025/resultados/2/21005005.html,120,3202,2854,88,125,074654,48,,No seleccionado,,Consultar
2025,2,Licenciatura 2025,210,21005005,PSICOLOGIA,FES ZARAGOZA,Escolarizado,https://www.dgae.unam.mx/Licenciatura2025/resultados/2/21005005.html,120,3202,2854,88,125,074658,43,,No seleccionado,,Consultar
2025,2,Licenciatura 2025,210,21005005,PSICOLOGIA,FES ZARAGOZA,Escolarizado,https://www.dgae.unam.mx/Licenciatura2025/resultados/2/21005005.html,120,3202,2854,88,125,074665,61,,No seleccionado,,Consultar
2025,2,Licenciatura 2025,210,21005005,PSICOLOGIA,FES ZARAGOZA,Escolarizado,https://www.dgae.unam.mx/Licenciatura2025/resultados/2/21005005.html,120,3202,2854,88,125,074667,49,,No seleccionado,,Consultar
2025,2,Licenciatura 2025,210,21005005,PSICOLOGIA,FES ZARAGOZA,Escolarizado,https://www.dgae.unam.mx/Licenciatura2025/resultados/2/21005005.html,120,3202,2854,88,125,074668,37,,No seleccionado,,Consultar
2025,2,Licenciatura 2025,210,21005005,PSICOLOGIA,FES ZARAGOZA,Escolarizado,https://www.dgae.unam.mx/Licenciatura2025/resultados/2/21005005.html,120,3202,2854,88,125,074677,68,,No seleccionado,,Consultar
2025,2,Licenciatura 2025,210,21005005,PSICOLOGIA,FES ZARAGOZA,Escolarizado,https://www.dgae.unam.mx/Licenciatura2025/resultados/2/21005005.html,120,3202,2854,88,125,074680,59,,No seleccionado,,Consultar
2025,2,Licenciatura 2025,210,21005005,PSICOLOGIA,FES ZARAGOZA,Escolarizado,https://www.dgae.unam.mx/Licenciatura2025/resultados/2/21005005.html,120,3202,2854,88,125,074682,56,,No seleccionado,,Consultar
2025,2,Licenciatura 2025,210,21005005,PSICOLOGIA,FES ZARAGOZA,Escolarizado,https://www.dgae.unam.mx/Licenciatura2025/resultados/2/21005005.html,120,3202,2854,88,125,074689,50,,No seleccionado,,Consultar
2025,2,Licenciatura 2025,210,21005005,PSICOLOGIA,FES ZARAGOZA,Escolarizado,https://www.dgae.unam.mx/Licenciatura2025/resultados/2/21005005.html,120,3202,2854,88,125,074695,,N,No presentado,,Consultar
2025,2,Licenciatura 2025,210,21005005,PSICOLOGIA,FES ZARAGOZA,Escolarizado,https://www.dgae.unam.mx/Licenciatura2025/resultados/2/21005005.html,120,3202,2854,88,125,074696,78,,No seleccionado,,Consultar
2025,2,Licenciatura 2025,210,21005005,PSICOLOGIA,FES ZARAGOZA,Escolarizado,https://www.dgae.unam.mx/Licenciatura2025/resultados/2/21005005.html,120,3202,2854,88,125,074697,42,,No seleccionado,,Consultar
2025,2,Licenciatura 2025,210,21005005,PSICOLOGIA,FES ZARAGOZA,Escolarizado,https://www.dgae.unam.mx/Licenciatura2025/resultados/2/21005005.html,120,3202,2854,88,125,074721,48,,No seleccionado,,Consultar
2025,2,Licenciatura 2025,210,21005005,PSICOLOGIA,FES ZARAGOZA,Escolarizado,https://www.dgae.unam.mx/Licenciatura2025/resultados/2/21005005.html,120,3202,2854,88,125,074745,57,,No seleccionado,,Consultar
2025,2,Licenciatura 2025,210,21005005,PSICOLOGIA,FES ZARAGOZA,Escolarizado,https://www.dgae.unam.mx/Licenciatura2025/resultados/2/21005005.html,120,3202,2854,88,125,074749,37,,No seleccionado,,Consultar
2025,2,Licenciatura 2025,210,21005005,PSICOLOGIA,FES ZARAGOZA,Escolarizado,https://www.dgae.unam.mx/Licenciatura2025/resultados/2/21005005.html,120,3202,2854,88,125,074752,38,,No seleccionado,,Consultar
2025,2,Licenciatura 2025,210,21005005,PSICOLOGIA,FES ZARAGOZA,Escolarizado,https://www.dgae.unam.mx/Licenciatura2025/resultados/2/21005005.html,120,3202,2854,88,125,074782,43,,No seleccionado,,Consultar
2025,2,Licenciatura 2025,210,21005005,PSICOLOGIA,FES ZARAGOZA,Escolarizado,https://www.dgae.unam.mx/Licenciatura2025/resultados/2/21005005.html,120,3202,2854,88,125,074785,83,,No seleccionado,,Consultar
2025,2,Licenciatura 2025,210,21005005,PSICOLOGIA,FES ZARAGOZA,Escolarizado,https://www.dgae.unam.mx/Licenciatura2025/resultados/2/21005005.html,120,3202,2854,88,125,074793,33,,No seleccionado,,Consultar
2025,2,Licenciatura 2025,210,21005005,PSICOLOGIA,FES ZARAGOZA,Escolarizado,https://www.dgae.unam.mx/Licenciatura2025/resultados/2/21005005.html,120,3202,2854,88,125,074798,34,,No seleccionado,,Consultar
2025,2,Licenciatura 2025,210,21005005,PSICOLOGIA,FES ZARAGOZA,Escolarizado,https://www.dgae.unam.mx/Licenciatura2025/resultados/2/21005005.html,120,3202,2854,88,125,074807,72,,No seleccionado,,Consultar
2025,2,Licenciatura 2025,210,21005005,PSICOLOGIA,FES ZARAGOZA,Escolarizado,https://www.dgae.unam.mx/Licenciatura2025/resultados/2/21005005.html,120,3202,2854,88,125,074808,53,,No seleccionado,,Consultar
2025,2,Licenciatura 2025,210,21005005,PSICOLOGIA,FES ZARAGOZA,Escolarizado,https://www.dgae.unam.mx/Licenciatura2025/resultados/2/21005005.html,120,3202,2854,88,125,074825,,N,No presentado,,Consultar
2025,2,Licenciatura 2025,210,21005005,PSICOLOGIA,FES ZARAGOZA,Escolarizado,https://www.dgae.unam.mx/Licenciatura2025/resultados/2/21005005.html,120,3202,2854,88,125,074826,65,,No seleccionado,,Consultar
2025,2,Licenciatura 2025,210,21005005,PSICOLOGIA,FES ZARAGOZA,Escolarizado,https://www.dgae.unam.mx/Licenciatura2025/resultados/2/21005005.html,120,3202,2854,88,125,074831,56,,No seleccionado,,Consultar
2025,2,Licenciatura 2025,210,21005005,PSICOLOGIA,FES ZARAGOZA,Escolarizado,https://www.dgae.unam.mx/Licenciatura2025/resultados/2/21005005.html,120,3202,2854,88,125,074844,34,,No seleccionado,,Consultar
2025,2,Licenciatura 2025,210,21005005,PSICOLOGIA,FES ZARAGOZA,Escolarizado,https://www.dgae.unam.mx/Licenciatura2025/resultados/2/21005005.html,120,3202,2854,88,125,074846,77,,No seleccionado,,Consultar
2025,2,Licenciatura 2025,210,21005005,PSICOLOGIA,FES ZARAGOZA,Escolarizado,https://www.dgae.unam.mx/Licenciatura2025/resultados/2/21005005.html,120,3202,2854,88,125,074849,51,,No seleccionado,,Consultar
2025,2,Licenciatura 2025,210,21005005,PSICOLOGIA,FES ZARAGOZA,Escolarizado,https://www.dgae.unam.mx/Licenciatura2025/resultados/2/21005005.html,120,3202,2854,88,125,074855,48,,No seleccionado,,Consultar
2025,2,Licenciatura 2025,210,21005005,PSICOLOGIA,FES ZARAGOZA,Escolarizado,https://www.dgae.unam.mx/Licenciatura2025/resultados/2/21005005.html,120,3202,2854,88,125,074861,41,,No seleccionado,,Consultar
2025,2,Licenciatura 2025,210,21005005,PSICOLOGIA,FES ZARAGOZA,Escolarizado,https://www.dgae.unam.mx/Licenciatura2025/resultados/2/21005005.html,120,3202,2854,88,125,074878,57,,No seleccionado,,Consultar
2025,2,Licenciatura 2025,210,21005005,PSICOLOGIA,FES ZARAGOZA,Escolarizado,https://www.dgae.unam.mx/Licenciatura2025/resultados/2/21005005.html,120,3202,2854,88,125,074880,42,,No seleccionado,,Consultar
2025,2,Licenciatura 2025,210,21005005,PSICOLOGIA,FES ZARAGOZA,Escolarizado,https://www.dgae.unam.mx/Licenciatura2025/resultados/2/21005005.html,120,3202,2854,88,125,074891,38,,No seleccionado,,Consultar
2025,2,Licenciatura 2025,210,21005005,PSICOLOGIA,FES ZARAGOZA,Escolarizado,https://www.dgae.unam.mx/Licenciatura2025/resultados/2/21005005.html,120,3202,2854,88,125,074903,91,S,Seleccionado,Cita para entregar documentación.,Consultar
2025,2,Licenciatura 2025,210,21005005,PSICOLOGIA,FES ZARAGOZA,Escolarizado,https://www.dgae.unam.mx/Licenciatura2025/resultados/2/21005005.html,120,3202,2854,88,125,074929,64,,No seleccionado,,Consultar
2025,2,Licenciatura 2025,210,21005005,PSICOLOGIA,FES ZARAGOZA,Escolarizado,https://www.dgae.unam.mx/Licenciatura2025/resultados/2/21005005.html,120,3202,2854,88,125,074935,44,,No seleccionado,,Consultar
2025,2,Licenciatura 2025,210,21005005,PSICOLOGIA,FES ZARAGOZA,Escolarizado,https://www.dgae.unam.mx/Licenciatura2025/resultados/2/21005005.html,120,3202,2854,88,125,074936,28,,No seleccionado,,Consultar
2025,2,Licenciatura 2025,210,21005005,PSICOLOGIA,FES ZARAGOZA,Escolarizado,https://www.dgae.unam.mx/Licenciatura2025/resultados/2/21005005.html,120,3202,2854,88,125,074937,47,,No seleccionado,,Consultar
2025,2,Licenciatura 2025,210,21005005,PSICOLOGIA,FES ZARAGOZA,Escolarizado,https://www.dgae.unam.mx/Licenciatura2025/resultados/2/21005005.html,120,3202,2854,88,125,074943,37,,No seleccionado,,Consultar
2025,2,Licenciatura 2025,210,21005005,PSICOLOGIA,FES ZARAGOZA,Escolarizado,https://www.dgae.unam.mx/Licenciatura2025/resultados/2/21005005.html,120,3202,2854,88,125,074950,37,,No seleccionado,,Consultar
2025,2,Licenciatura 2025,210,21005005,PSICOLOGIA,FES ZARAGOZA,Escolarizado,https://www.dgae.unam.mx/Licenciatura2025/resultados/2/21005005.html,120,3202,2854,88,125,074953,66,,No seleccionado,,Consultar
2025,2,Licenciatura 2025,210,21005005,PSICOLOGIA,FES ZARAGOZA,Escolarizado,https://www.dgae.unam.mx/Licenciatura2025/resultados/2/21005005.html,120,3202,2854,88,125,074954,45,,No seleccionado,,Consultar
2025,2,Licenciatura 2025,210,21005005,PSICOLOGIA,FES ZARAGOZA,Escolarizado,https://www.dgae.unam.mx/Licenciatura2025/resultados/2/21005005.html,120,3202,2854,88,125,074956,43,,No seleccionado,,Consultar
2025,2,Licenciatura 2025,210,21005005,PSICOLOGIA,FES ZARAGOZA,Escolarizado,https://www.dgae.unam.mx/Licenciatura2025/resultados/2/21005005.html,120,3202,2854,88,125,074962,,N,No presentado,,Consultar
2025,2,Licenciatura 2025,210,21005005,PSICOLOGIA,FES ZARAGOZA,Escolarizado,https://www.dgae.unam.mx/Licenciatura2025/resultados/2/21005005.html,120,3202,2854,88,125,074977,66,,No seleccionado,,Consultar
2025,2,Licenciatura 2025,210,21005005,PSICOLOGIA,FES ZARAGOZA,Escolarizado,https://www.dgae.unam.mx/Licenciatura2025/resultados/2/21005005.html,120,3202,2854,88,125,074978,56,,No seleccionado,,Consultar
2025,2,Licenciatura 2025,210,21005005,PSICOLOGIA,FES ZARAGOZA,Escolarizado,https://www.dgae.unam.mx/Licenciatura2025/resultados/2/21005005.html,120,3202,2854,88,125,074994,68,,No seleccionado,,Consultar
2025,2,Licenciatura 2025,210,21005005,PSICOLOGIA,FES ZARAGOZA,Escolarizado,https://www.dgae.unam.mx/Licenciatura2025/resultados/2/21005005.html,120,3202,2854,88,125,074999,38,,No seleccionado,,Consultar
2025,2,Licenciatura 2025,210,21005005,PSICOLOGIA,FES ZARAGOZA,Escolarizado,https://www.dgae.unam.mx/Licenciatura2025/resultados/2/21005005.html,120,3202,2854,88,125,075000,37,,No seleccionado,,Consultar
2025,2,Licenciatura 2025,210,21005005,PSICOLOGIA,FES ZARAGOZA,Escolarizado,https://www.dgae.unam.mx/Licenciatura2025/resultados/2/21005005.html,120,3202,2854,88,125,075003,65,,No seleccionado,,Consultar
2025,2,Licenciatura 2025,210,21005005,PSICOLOGIA,FES ZARAGOZA,Escolarizado,https://www.dgae.unam.mx/Licenciatura2025/resultados/2/21005005.html,120,3202,2854,88,125,075008,68,,No seleccionado,,Consultar
2025,2,Licenciatura 2025,210,21005005,PSICOLOGIA,FES ZARAGOZA,Escolarizado,https://www.dgae.unam.mx/Licenciatura2025/resultados/2/21005005.html,120,3202,2854,88,125,075010,59,,No seleccionado,,Consultar
2025,2,Licenciatura 2025,210,21005005,PSICOLOGIA,FES ZARAGOZA,Escolarizado,https://www.dgae.unam.mx/Licenciatura2025/resultados/2/21005005.html,120,3202,2854,88,125,075013,45,,No seleccionado,,Consultar
2025,2,Licenciatura 2025,210,21005005,PSICOLOGIA,FES ZARAGOZA,Escolarizado,https://www.dgae.unam.mx/Licenciatura2025/resultados/2/21005005.html,120,3202,2854,88,125,075015,49,,No seleccionado,,Consultar
2025,2,Licenciatura 2025,210,21005005,PSICOLOGIA,FES ZARAGOZA,Escolarizado,https://www.dgae.unam.mx/Licenciatura2025/resultados/2/21005005.html,120,3202,2854,88,125,075018,33,,No seleccionado,,Consultar
2025,2,Licenciatura 2025,210,21005005,PSICOLOGIA,FES ZARAGOZA,Escolarizado,https://www.dgae.unam.mx/Licenciatura2025/resultados/2/21005005.html,120,3202,2854,88,125,075020,49,,No seleccionado,,Consultar
2025,2,Licenciatura 2025,210,21005005,PSICOLOGIA,FES ZARAGOZA,Escolarizado,https://www.dgae.unam.mx/Licenciatura2025/resultados/2/21005005.html,120,3202,2854,88,125,075051,77,,No seleccionado,,Consultar
2025,2,Licenciatura 2025,210,21005005,PSICOLOGIA,FES ZARAGOZA,Escolarizado,https://www.dgae.unam.mx/Licenciatura2025/resultados/2/21005005.html,120,3202,2854,88,125,075057,80,,No seleccionado,,Consultar
2025,2,Licenciatura 2025,210,21005005,PSICOLOGIA,FES ZARAGOZA,Escolarizado,https://www.dgae.unam.mx/Licenciatura2025/resultados/2/21005005.html,120,3202,2854,88,125,075065,40,,No seleccionado,,Consultar
2025,2,Licenciatura 2025,210,21005005,PSICOLOGIA,FES ZARAGOZA,Escolarizado,https://www.dgae.unam.mx/Licenciatura2025/resultados/2/21005005.html,120,3202,2854,88,125,075068,,N,No presentado,,Consultar
2025,2,Licenciatura 2025,210,21005005,PSICOLOGIA,FES ZARAGOZA,Escolarizado,https://www.dgae.unam.mx/Licenciatura2025/resultados/2/21005005.html,120,3202,2854,88,125,075073,32,,No seleccionado,,Consultar
2025,2,Licenciatura 2025,210,21005005,PSICOLOGIA,FES ZARAGOZA,Escolarizado,https://www.dgae.unam.mx/Licenciatura2025/resultados/2/21005005.html,120,3202,2854,88,125,075088,,N,No presentado,,Consultar
2025,2,Licenciatura 2025,210,21005005,PSICOLOGIA,FES ZARAGOZA,Escolarizado,https://www.dgae.unam.mx/Licenciatura2025/resultados/2/21005005.html,120,3202,2854,88,125,075092,51,,No seleccionado,,Consultar
2025,2,Licenciatura 2025,210,21005005,PSICOLOGIA,FES ZARAGOZA,Escolarizado,https://www.dgae.unam.mx/Licenciatura2025/resultados/2/21005005.html,120,3202,2854,88,125,075114,59,,No seleccionado,,Consultar
2025,2,Licenciatura 2025,210,21005005,PSICOLOGIA,FES ZARAGOZA,Escolarizado,https://www.dgae.unam.mx/Licenciatura2025/resultados/2/21005005.html,120,3202,2854,88,125,075120,35,,No seleccionado,,Consultar
2025,2,Licenciatura 2025,210,21005005,PSICOLOGIA,FES ZARAGOZA,Escolarizado,https://www.dgae.unam.mx/Licenciatura2025/resultados/2/21005005.html,120,3202,2854,88,125,075128,32,,No seleccionado,,Consultar
2025,2,Licenciatura 2025,210,21005005,PSICOLOGIA,FES ZARAGOZA,Escolarizado,https://www.dgae.unam.mx/Licenciatura2025/resultados/2/21005005.html,120,3202,2854,88,125,075130,41,,No seleccionado,,Consultar
2025,2,Licenciatura 2025,210,21005005,PSICOLOGIA,FES ZARAGOZA,Escolarizado,https://www.dgae.unam.mx/Licenciatura2025/resultados/2/21005005.html,120,3202,2854,88,125,075132,87,,No seleccionado,,Consultar
2025,2,Licenciatura 2025,210,21005005,PSICOLOGIA,FES ZARAGOZA,Escolarizado,https://www.dgae.unam.mx/Licenciatura2025/resultados/2/21005005.html,120,3202,2854,88,125,075148,39,,No seleccionado,,Consultar
2025,2,Licenciatura 2025,210,21005005,PSICOLOGIA,FES ZARAGOZA,Escolarizado,https://www.dgae.unam.mx/Licenciatura2025/resultados/2/21005005.html,120,3202,2854,88,125,075161,,N,No presentado,,Consultar
2025,2,Licenciatura 2025,210,21005005,PSICOLOGIA,FES ZARAGOZA,Escolarizado,https://www.dgae.unam.mx/Licenciatura2025/resultados/2/21005005.html,120,3202,2854,88,125,075170,39,,No seleccionado,,Consultar
2025,2,Licenciatura 2025,210,21005005,PSICOLOGIA,FES ZARAGOZA,Escolarizado,https://www.dgae.unam.mx/Licenciatura2025/resultados/2/21005005.html,120,3202,2854,88,125,075176,51,,No seleccionado,,Consultar
2025,2,Licenciatura 2025,210,21005005,PSICOLOGIA,FES ZARAGOZA,Escolarizado,https://www.dgae.unam.mx/Licenciatura2025/resultados/2/21005005.html,120,3202,2854,88,125,075184,53,,No seleccionado,,Consultar
2025,2,Licenciatura 2025,210,21005005,PSICOLOGIA,FES ZARAGOZA,Escolarizado,https://www.dgae.unam.mx/Licenciatura2025/resultados/2/21005005.html,120,3202,2854,88,125,075190,59,,No seleccionado,,Consultar
2025,2,Licenciatura 2025,210,21005005,PSICOLOGIA,FES ZARAGOZA,Escolarizado,https://www.dgae.unam.mx/Licenciatura2025/resultados/2/21005005.html,120,3202,2854,88,125,075194,63,,No seleccionado,,Consultar
2025,2,Licenciatura 2025,210,21005005,PSICOLOGIA,FES ZARAGOZA,Escolarizado,https://www.dgae.unam.mx/Licenciatura2025/resultados/2/21005005.html,120,3202,2854,88,125,075200,52,,No seleccionado,,Consultar
2025,2,Licenciatura 2025,210,21005005,PSICOLOGIA,FES ZARAGOZA,Escolarizado,https://www.dgae.unam.mx/Licenciatura2025/resultados/2/21005005.html,120,3202,2854,88,125,075204,50,,No seleccionado,,Consultar
2025,2,Licenciatura 2025,210,21005005,PSICOLOGIA,FES ZARAGOZA,Escolarizado,https://www.dgae.unam.mx/Licenciatura2025/resultados/2/21005005.html,120,3202,2854,88,125,075218,59,,No seleccionado,,Consultar
2025,2,Licenciatura 2025,210,21005005,PSICOLOGIA,FES ZARAGOZA,Escolarizado,https://www.dgae.unam.mx/Licenciatura2025/resultados/2/21005005.html,120,3202,2854,88,125,075228,41,,No seleccionado,,Consultar
2025,2,Licenciatura 2025,210,21005005,PSICOLOGIA,FES ZARAGOZA,Escolarizado,https://www.dgae.unam.mx/Licenciatura2025/resultados/2/21005005.html,120,3202,2854,88,125,075233,33,,No seleccionado,,Consultar
2025,2,Licenciatura 2025,210,21005005,PSICOLOGIA,FES ZARAGOZA,Escolarizado,https://www.dgae.unam.mx/Licenciatura2025/resultados/2/21005005.html,120,3202,2854,88,125,075234,55,,No seleccionado,,Consultar
2025,2,Licenciatura 2025,210,21005005,PSICOLOGIA,FES ZARAGOZA,Escolarizado,https://www.dgae.unam.mx/Licenciatura2025/resultados/2/21005005.html,120,3202,2854,88,125,075242,43,,No seleccionado,,Consultar
2025,2,Licenciatura 2025,210,21005005,PSICOLOGIA,FES ZARAGOZA,Escolarizado,https://www.dgae.unam.mx/Licenciatura2025/resultados/2/21005005.html,120,3202,2854,88,125,075248,60,,No seleccionado,,Consultar
2025,2,Licenciatura 2025,210,21005005,PSICOLOGIA,FES ZARAGOZA,Escolarizado,https://www.dgae.unam.mx/Licenciatura2025/resultados/2/21005005.html,120,3202,2854,88,125,075251,,N,No presentado,,Consultar
2025,2,Licenciatura 2025,210,21005005,PSICOLOGIA,FES ZARAGOZA,Escolarizado,https://www.dgae.unam.mx/Licenciatura2025/resultados/2/21005005.html,120,3202,2854,88,125,075254,46,,No seleccionado,,Consultar
2025,2,Licenciatura 2025,210,21005005,PSICOLOGIA,FES ZARAGOZA,Escolarizado,https://www.dgae.unam.mx/Licenciatura2025/resultados/2/21005005.html,120,3202,2854,88,125,075258,69,,No seleccionado,,Consultar
2025,2,Licenciatura 2025,210,21005005,PSICOLOGIA,FES ZARAGOZA,Escolarizado,https://www.dgae.unam.mx/Licenciatura2025/resultados/2/21005005.html,120,3202,2854,88,125,075259,37,,No seleccionado,,Consultar
2025,2,Licenciatura 2025,210,21005005,PSICOLOGIA,FES ZARAGOZA,Escolarizado,https://www.dgae.unam.mx/Licenciatura2025/resultados/2/21005005.html,120,3202,2854,88,125,075260,62,,No seleccionado,,Consultar
2025,2,Licenciatura 2025,210,21005005,PSICOLOGIA,FES ZARAGOZA,Escolarizado,https://www.dgae.unam.mx/Licenciatura2025/resultados/2/21005005.html,120,3202,2854,88,125,075261,73,,No seleccionado,,Consultar
2025,2,Licenciatura 2025,210,21005005,PSICOLOGIA,FES ZARAGOZA,Escolarizado,https://www.dgae.unam.mx/Licenciatura2025/resultados/2/21005005.html,120,3202,2854,88,125,075268,48,,No seleccionado,,Consultar
2025,2,Licenciatura 2025,210,21005005,PSICOLOGIA,FES ZARAGOZA,Escolarizado,https://www.dgae.unam.mx/Licenciatura2025/resultados/2/21005005.html,120,3202,2854,88,125,075269,29,,No seleccionado,,Consultar
2025,2,Licenciatura 2025,210,21005005,PSICOLOGIA,FES ZARAGOZA,Escolarizado,https://www.dgae.unam.mx/Licenciatura2025/resultados/2/21005005.html,120,3202,2854,88,125,075275,31,,No seleccionado,,Consultar
2025,2,Licenciatura 2025,210,21005005,PSICOLOGIA,FES ZARAGOZA,Escolarizado,https://www.dgae.unam.mx/Licenciatura2025/resultados/2/21005005.html,120,3202,2854,88,125,075280,91,S,Seleccionado,,Consultar
2025,2,Licenciatura 2025,210,21005005,PSICOLOGIA,FES ZARAGOZA,Escolarizado,https://www.dgae.unam.mx/Licenciatura2025/resultados/2/21005005.html,120,3202,2854,88,125,075283,58,,No seleccionado,,Consultar
2025,2,Licenciatura 2025,210,21005005,PSICOLOGIA,FES ZARAGOZA,Escolarizado,https://www.dgae.unam.mx/Licenciatura2025/resultados/2/21005005.html,120,3202,2854,88,125,075294,,N,No presentado,,Consultar
2025,2,Licenciatura 2025,210,21005005,PSICOLOGIA,FES ZARAGOZA,Escolarizado,https://www.dgae.unam.mx/Licenciatura2025/resultados/2/21005005.html,120,3202,2854,88,125,075302,48,,No seleccionado,,Consultar
2025,2,Licenciatura 2025,210,21005005,PSICOLOGIA,FES ZARAGOZA,Escolarizado,https://www.dgae.unam.mx/Licenciatura2025/resultados/2/21005005.html,120,3202,2854,88,125,075307,39,,No seleccionado,,Consultar
2025,2,Licenciatura 2025,210,21005005,PSICOLOGIA,FES ZARAGOZA,Escolarizado,https://www.dgae.unam.mx/Licenciatura2025/resultados/2/21005005.html,120,3202,2854,88,125,075312,37,,No seleccionado,,Consultar
2025,2,Licenciatura 2025,210,21005005,PSICOLOGIA,FES ZARAGOZA,Escolarizado,https://www.dgae.unam.mx/Licenciatura2025/resultados/2/21005005.html,120,3202,2854,88,125,075313,33,,No seleccionado,,Consultar
2025,2,Licenciatura 2025,210,21005005,PSICOLOGIA,FES ZARAGOZA,Escolarizado,https://www.dgae.unam.mx/Licenciatura2025/resultados/2/21005005.html,120,3202,2854,88,125,075317,60,,No seleccionado,,Consultar
2025,2,Licenciatura 2025,210,21005005,PSICOLOGIA,FES ZARAGOZA,Escolarizado,https://www.dgae.unam.mx/Licenciatura2025/resultados/2/21005005.html,120,3202,2854,88,125,075319,46,,No seleccionado,,Consultar
2025,2,Licenciatura 2025,210,21005005,PSICOLOGIA,FES ZARAGOZA,Escolarizado,https://www.dgae.unam.mx/Licenciatura2025/resultados/2/21005005.html,120,3202,2854,88,125,075320,62,,No seleccionado,,Consultar
2025,2,Licenciatura 2025,210,21005005,PSICOLOGIA,FES ZARAGOZA,Escolarizado,https://www.dgae.unam.mx/Licenciatura2025/resultados/2/21005005.html,120,3202,2854,88,125,075323,39,,No seleccionado,,Consultar
2025,2,Licenciatura 2025,210,21005005,PSICOLOGIA,FES ZARAGOZA,Escolarizado,https://www.dgae.unam.mx/Licenciatura2025/resultados/2/21005005.html,120,3202,2854,88,125,075328,46,,No seleccionado,,Consultar
2025,2,Licenciatura 2025,210,21005005,PSICOLOGIA,FES ZARAGOZA,Escolarizado,https://www.dgae.unam.mx/Licenciatura2025/resultados/2/21005005.html,120,3202,2854,88,125,075336,58,,No seleccionado,,Consultar
2025,2,Licenciatura 2025,210,21005005,PSICOLOGIA,FES ZARAGOZA,Escolarizado,https://www.dgae.unam.mx/Licenciatura2025/resultados/2/21005005.html,120,3202,2854,88,125,075345,36,,No seleccionado,,Consultar
2025,2,Licenciatura 2025,210,21005005,PSICOLOGIA,FES ZARAGOZA,Escolarizado,https://www.dgae.unam.mx/Licenciatura2025/resultados/2/21005005.html,120,3202,2854,88,125,075347,31,,No seleccionado,,Consultar
2025,2,Licenciatura 2025,210,21005005,PSICOLOGIA,FES ZARAGOZA,Escolarizado,https://www.dgae.unam.mx/Licenciatura2025/resultados/2/21005005.html,120,3202,2854,88,125,075352,82,,No seleccionado,,Consultar
2025,2,Licenciatura 2025,210,21005005,PSICOLOGIA,FES ZARAGOZA,Escolarizado,https://www.dgae.unam.mx/Licenciatura2025/resultados/2/21005005.html,120,3202,2854,88,125,075355,76,,No seleccionado,,Consultar
2025,2,Licenciatura 2025,210,21005005,PSICOLOGIA,FES ZARAGOZA,Escolarizado,https://www.dgae.unam.mx/Licenciatura2025/resultados/2/21005005.html,120,3202,2854,88,125,075357,,N,No presentado,,Consultar
2025,2,Licenciatura 2025,210,21005005,PSICOLOGIA,FES ZARAGOZA,Escolarizado,https://www.dgae.unam.mx/Licenciatura2025/resultados/2/21005005.html,120,3202,2854,88,125,075360,37,,No seleccionado,,Consultar
2025,2,Licenciatura 2025,210,21005005,PSICOLOGIA,FES ZARAGOZA,Escolarizado,https://www.dgae.unam.mx/Licenciatura2025/resultados/2/21005005.html,120,3202,2854,88,125,075363,40,,No seleccionado,,Consultar
2025,2,Licenciatura 2025,210,21005005,PSICOLOGIA,FES ZARAGOZA,Escolarizado,https://www.dgae.unam.mx/Licenciatura2025/resultados/2/21005005.html,120,3202,2854,88,125,075380,38,,No seleccionado,,Consultar
2025,2,Licenciatura 2025,210,21005005,PSICOLOGIA,FES ZARAGOZA,Escolarizado,https://www.dgae.unam.mx/Licenciatura2025/resultados/2/21005005.html,120,3202,2854,88,125,075384,36,,No seleccionado,,Consultar
2025,2,Licenciatura 2025,210,21005005,PSICOLOGIA,FES ZARAGOZA,Escolarizado,https://www.dgae.unam.mx/Licenciatura2025/resultados/2/21005005.html,120,3202,2854,88,125,075388,47,,No seleccionado,,Consultar
2025,2,Licenciatura 2025,210,21005005,PSICOLOGIA,FES ZARAGOZA,Escolarizado,https://www.dgae.unam.mx/Licenciatura2025/resultados/2/21005005.html,120,3202,2854,88,125,075389,50,,No seleccionado,,Consultar
2025,2,Licenciatura 2025,210,21005005,PSICOLOGIA,FES ZARAGOZA,Escolarizado,https://www.dgae.unam.mx/Licenciatura2025/resultados/2/21005005.html,120,3202,2854,88,125,075398,81,,No seleccionado,,Consultar
2025,2,Licenciatura 2025,210,21005005,PSICOLOGIA,FES ZARAGOZA,Escolarizado,https://www.dgae.unam.mx/Licenciatura2025/resultados/2/21005005.html,120,3202,2854,88,125,075404,82,,No seleccionado,,Consultar
2025,2,Licenciatura 2025,210,21005005,PSICOLOGIA,FES ZARAGOZA,Escolarizado,https://www.dgae.unam.mx/Licenciatura2025/resultados/2/21005005.html,120,3202,2854,88,125,075409,39,,No seleccionado,,Consultar
2025,2,Licenciatura 2025,210,21005005,PSICOLOGIA,FES ZARAGOZA,Escolarizado,https://www.dgae.unam.mx/Licenciatura2025/resultados/2/21005005.html,120,3202,2854,88,125,075418,,N,No presentado,,Consultar
2025,2,Licenciatura 2025,210,21005005,PSICOLOGIA,FES ZARAGOZA,Escolarizado,https://www.dgae.unam.mx/Licenciatura2025/resultados/2/21005005.html,120,3202,2854,88,125,075427,37,,No seleccionado,,Consultar
2025,2,Licenciatura 2025,210,21005005,PSICOLOGIA,FES ZARAGOZA,Escolarizado,https://www.dgae.unam.mx/Licenciatura2025/resultados/2/21005005.html,120,3202,2854,88,125,075432,31,,No seleccionado,,Consultar
2025,2,Licenciatura 2025,210,21005005,PSICOLOGIA,FES ZARAGOZA,Escolarizado,https://www.dgae.unam.mx/Licenciatura2025/resultados/2/21005005.html,120,3202,2854,88,125,075446,,N,No presentado,,Consultar
2025,2,Licenciatura 2025,210,21005005,PSICOLOGIA,FES ZARAGOZA,Escolarizado,https://www.dgae.unam.mx/Licenciatura2025/resultados/2/21005005.html,120,3202,2854,88,125,075453,28,,No seleccionado,,Consultar
2025,2,Licenciatura 2025,210,21005005,PSICOLOGIA,FES ZARAGOZA,Escolarizado,https://www.dgae.unam.mx/Licenciatura2025/resultados/2/21005005.html,120,3202,2854,88,125,075456,33,,No seleccionado,,Consultar
2025,2,Licenciatura 2025,210,21005005,PSICOLOGIA,FES ZARAGOZA,Escolarizado,https://www.dgae.unam.mx/Licenciatura2025/resultados/2/21005005.html,120,3202,2854,88,125,075458,41,,No seleccionado,,Consultar
2025,2,Licenciatura 2025,210,21005005,PSICOLOGIA,FES ZARAGOZA,Escolarizado,https://www.dgae.unam.mx/Licenciatura2025/resultados/2/21005005.html,120,3202,2854,88,125,075459,,N,No presentado,,Consultar
2025,2,Licenciatura 2025,210,21005005,PSICOLOGIA,FES ZARAGOZA,Escolarizado,https://www.dgae.unam.mx/Licenciatura2025/resultados/2/21005005.html,120,3202,2854,88,125,075461,32,,No seleccionado,,Consultar
2025,2,Licenciatura 2025,210,21005005,PSICOLOGIA,FES ZARAGOZA,Escolarizado,https://www.dgae.unam.mx/Licenciatura2025/resultados/2/21005005.html,120,3202,2854,88,125,075473,38,,No seleccionado,,Consultar
2025,2,Licenciatura 2025,210,21005005,PSICOLOGIA,FES ZARAGOZA,Escolarizado,https://www.dgae.unam.mx/Licenciatura2025/resultados/2/21005005.html,120,3202,2854,88,125,075479,39,,No seleccionado,,Consultar
2025,2,Licenciatura 2025,210,21005005,PSICOLOGIA,FES ZARAGOZA,Escolarizado,https://www.dgae.unam.mx/Licenciatura2025/resultados/2/21005005.html,120,3202,2854,88,125,075490,41,,No seleccionado,,Consultar
2025,2,Licenciatura 2025,210,21005005,PSICOLOGIA,FES ZARAGOZA,Escolarizado,https://www.dgae.unam.mx/Licenciatura2025/resultados/2/21005005.html,120,3202,2854,88,125,075499,29,,No seleccionado,,Consultar
2025,2,Licenciatura 2025,210,21005005,PSICOLOGIA,FES ZARAGOZA,Escolarizado,https://www.dgae.unam.mx/Licenciatura2025/resultados/2/21005005.html,120,3202,2854,88,125,075516,46,,No seleccionado,,Consultar
2025,2,Licenciatura 2025,210,21005005,PSICOLOGIA,FES ZARAGOZA,Escolarizado,https://www.dgae.unam.mx/Licenciatura2025/resultados/2/21005005.html,120,3202,2854,88,125,075529,89,S,Seleccionado,,Consultar
2025,2,Licenciatura 2025,210,21005005,PSICOLOGIA,FES ZARAGOZA,Escolarizado,https://www.dgae.unam.mx/Licenciatura2025/resultados/2/21005005.html,120,3202,2854,88,125,075530,58,,No seleccionado,,Consultar
2025,2,Licenciatura 2025,210,21005005,PSICOLOGIA,FES ZARAGOZA,Escolarizado,https://www.dgae.unam.mx/Licenciatura2025/resultados/2/21005005.html,120,3202,2854,88,125,075532,46,,No seleccionado,,Consultar
2025,2,Licenciatura 2025,210,21005005,PSICOLOGIA,FES ZARAGOZA,Escolarizado,https://www.dgae.unam.mx/Licenciatura2025/resultados/2/21005005.html,120,3202,2854,88,125,075534,,N,No presentado,,Consultar
2025,2,Licenciatura 2025,210,21005005,PSICOLOGIA,FES ZARAGOZA,Escolarizado,https://www.dgae.unam.mx/Licenciatura2025/resultados/2/21005005.html,120,3202,2854,88,125,075541,53,,No seleccionado,,Consultar
2025,2,Licenciatura 2025,210,21005005,PSICOLOGIA,FES ZARAGOZA,Escolarizado,https://www.dgae.unam.mx/Licenciatura2025/resultados/2/21005005.html,120,3202,2854,88,125,075547,54,,No seleccionado,,Consultar
2025,2,Licenciatura 2025,210,21005005,PSICOLOGIA,FES ZARAGOZA,Escolarizado,https://www.dgae.unam.mx/Licenciatura2025/resultados/2/21005005.html,120,3202,2854,88,125,075554,37,,No seleccionado,,Consultar
2025,2,Licenciatura 2025,210,21005005,PSICOLOGIA,FES ZARAGOZA,Escolarizado,https://www.dgae.unam.mx/Licenciatura2025/resultados/2/21005005.html,120,3202,2854,88,125,075555,31,,No seleccionado,,Consultar
2025,2,Licenciatura 2025,210,21005005,PSICOLOGIA,FES ZARAGOZA,Escolarizado,https://www.dgae.unam.mx/Licenciatura2025/resultados/2/21005005.html,120,3202,2854,88,125,075556,46,,No seleccionado,,Consultar
2025,2,Licenciatura 2025,210,21005005,PSICOLOGIA,FES ZARAGOZA,Escolarizado,https://www.dgae.unam.mx/Licenciatura2025/resultados/2/21005005.html,120,3202,2854,88,125,075559,,N,No presentado,,Consultar
2025,2,Licenciatura 2025,210,21005005,PSICOLOGIA,FES ZARAGOZA,Escolarizado,https://www.dgae.unam.mx/Licenciatura2025/resultados/2/21005005.html,120,3202,2854,88,125,075564,40,,No seleccionado,,Consultar
2025,2,Licenciatura 2025,210,21005005,PSICOLOGIA,FES ZARAGOZA,Escolarizado,https://www.dgae.unam.mx/Licenciatura2025/resultados/2/21005005.html,120,3202,2854,88,125,075580,50,,No seleccionado,,Consultar
2025,2,Licenciatura 2025,210,21005005,PSICOLOGIA,FES ZARAGOZA,Escolarizado,https://www.dgae.unam.mx/Licenciatura2025/resultados/2/21005005.html,120,3202,2854,88,125,075584,38,,No seleccionado,,Consultar
2025,2,Licenciatura 2025,210,21005005,PSICOLOGIA,FES ZARAGOZA,Escolarizado,https://www.dgae.unam.mx/Licenciatura2025/resultados/2/21005005.html,120,3202,2854,88,125,075585,38,,No seleccionado,,Consultar
2025,2,Licenciatura 2025,210,21005005,PSICOLOGIA,FES ZARAGOZA,Escolarizado,https://www.dgae.unam.mx/Licenciatura2025/resultados/2/21005005.html,120,3202,2854,88,125,075587,42,,No seleccionado,,Consultar
2025,2,Licenciatura 2025,210,21005005,PSICOLOGIA,FES ZARAGOZA,Escolarizado,https://www.dgae.unam.mx/Licenciatura2025/resultados/2/21005005.html,120,3202,2854,88,125,075627,59,,No seleccionado,,Consultar
2025,2,Licenciatura 2025,210,21005005,PSICOLOGIA,FES ZARAGOZA,Escolarizado,https://www.dgae.unam.mx/Licenciatura2025/resultados/2/21005005.html,120,3202,2854,88,125,075637,62,,No seleccionado,,Consultar
2025,2,Licenciatura 2025,210,21005005,PSICOLOGIA,FES ZARAGOZA,Escolarizado,https://www.dgae.unam.mx/Licenciatura2025/resultados/2/21005005.html,120,3202,2854,88,125,075650,49,,No seleccionado,,Consultar
2025,2,Licenciatura 2025,210,21005005,PSICOLOGIA,FES ZARAGOZA,Escolarizado,https://www.dgae.unam.mx/Licenciatura2025/resultados/2/21005005.html,120,3202,2854,88,125,075655,48,,No seleccionado,,Consultar
2025,2,Licenciatura 2025,210,21005005,PSICOLOGIA,FES ZARAGOZA,Escolarizado,https://www.dgae.unam.mx/Licenciatura2025/resultados/2/21005005.html,120,3202,2854,88,125,075659,43,,No seleccionado,,Consultar
2025,2,Licenciatura 2025,210,21005005,PSICOLOGIA,FES ZARAGOZA,Escolarizado,https://www.dgae.unam.mx/Licenciatura2025/resultados/2/21005005.html,120,3202,2854,88,125,075665,75,,No seleccionado,,Consultar
2025,2,Licenciatura 2025,210,21005005,PSICOLOGIA,FES ZARAGOZA,Escolarizado,https://www.dgae.unam.mx/Licenciatura2025/resultados/2/21005005.html,120,3202,2854,88,125,075670,44,,No seleccionado,,Consultar
2025,2,Licenciatura 2025,210,21005005,PSICOLOGIA,FES ZARAGOZA,Escolarizado,https://www.dgae.unam.mx/Licenciatura2025/resultados/2/21005005.html,120,3202,2854,88,125,075673,89,S,Seleccionado,Cita para entregar documentación.,Consultar
2025,2,Licenciatura 2025,210,21005005,PSICOLOGIA,FES ZARAGOZA,Escolarizado,https://www.dgae.unam.mx/Licenciatura2025/resultados/2/21005005.html,120,3202,2854,88,125,075675,26,,No seleccionado,,Consultar
2025,2,Licenciatura 2025,210,21005005,PSICOLOGIA,FES ZARAGOZA,Escolarizado,https://www.dgae.unam.mx/Licenciatura2025/resultados/2/21005005.html,120,3202,2854,88,125,075679,91,S,Seleccionado,,Consultar
2025,2,Licenciatura 2025,210,21005005,PSICOLOGIA,FES ZARAGOZA,Escolarizado,https://www.dgae.unam.mx/Licenciatura2025/resultados/2/21005005.html,120,3202,2854,88,125,075693,,N,No presentado,,Consultar
2025,2,Licenciatura 2025,210,21005005,PSICOLOGIA,FES ZARAGOZA,Escolarizado,https://www.dgae.unam.mx/Licenciatura2025/resultados/2/21005005.html,120,3202,2854,88,125,075695,58,,No seleccionado,,Consultar
2025,2,Licenciatura 2025,210,21005005,PSICOLOGIA,FES ZARAGOZA,Escolarizado,https://www.dgae.unam.mx/Licenciatura2025/resultados/2/21005005.html,120,3202,2854,88,125,075701,46,,No seleccionado,,Consultar
2025,2,Licenciatura 2025,210,21005005,PSICOLOGIA,FES ZARAGOZA,Escolarizado,https://www.dgae.unam.mx/Licenciatura2025/resultados/2/21005005.html,120,3202,2854,88,125,075710,93,S,Seleccionado,Cita para entregar documentación.,Consultar
2025,2,Licenciatura 2025,210,21005005,PSICOLOGIA,FES ZARAGOZA,Escolarizado,https://www.dgae.unam.mx/Licenciatura2025/resultados/2/21005005.html,120,3202,2854,88,125,075711,54,,No seleccionado,,Consultar
2025,2,Licenciatura 2025,210,21005005,PSICOLOGIA,FES ZARAGOZA,Escolarizado,https://www.dgae.unam.mx/Licenciatura2025/resultados/2/21005005.html,120,3202,2854,88,125,075712,59,,No seleccionado,,Consultar
2025,2,Licenciatura 2025,210,21005005,PSICOLOGIA,FES ZARAGOZA,Escolarizado,https://www.dgae.unam.mx/Licenciatura2025/resultados/2/21005005.html,120,3202,2854,88,125,075713,44,,No seleccionado,,Consultar
2025,2,Licenciatura 2025,210,21005005,PSICOLOGIA,FES ZARAGOZA,Escolarizado,https://www.dgae.unam.mx/Licenciatura2025/resultados/2/21005005.html,120,3202,2854,88,125,075720,39,,No seleccionado,,Consultar
2025,2,Licenciatura 2025,210,21005005,PSICOLOGIA,FES ZARAGOZA,Escolarizado,https://www.dgae.unam.mx/Licenciatura2025/resultados/2/21005005.html,120,3202,2854,88,125,075722,80,,No seleccionado,,Consultar
2025,2,Licenciatura 2025,210,21005005,PSICOLOGIA,FES ZARAGOZA,Escolarizado,https://www.dgae.unam.mx/Licenciatura2025/resultados/2/21005005.html,120,3202,2854,88,125,075730,87,,No seleccionado,,Consultar
2025,2,Licenciatura 2025,210,21005005,PSICOLOGIA,FES ZARAGOZA,Escolarizado,https://www.dgae.unam.mx/Licenciatura2025/resultados/2/21005005.html,120,3202,2854,88,125,075731,,N,No presentado,,Consultar
2025,2,Licenciatura 2025,210,21005005,PSICOLOGIA,FES ZARAGOZA,Escolarizado,https://www.dgae.unam.mx/Licenciatura2025/resultados/2/21005005.html,120,3202,2854,88,125,075734,37,,No seleccionado,,Consultar
2025,2,Licenciatura 2025,210,21005005,PSICOLOGIA,FES ZARAGOZA,Escolarizado,https://www.dgae.unam.mx/Licenciatura2025/resultados/2/21005005.html,120,3202,2854,88,125,075748,31,,No seleccionado,,Consultar
2025,2,Licenciatura 2025,210,21005005,PSICOLOGIA,FES ZARAGOZA,Escolarizado,https://www.dgae.unam.mx/Licenciatura2025/resultados/2/21005005.html,120,3202,2854,88,125,075751,45,,No seleccionado,,Consultar
2025,2,Licenciatura 2025,210,21005005,PSICOLOGIA,FES ZARAGOZA,Escolarizado,https://www.dgae.unam.mx/Licenciatura2025/resultados/2/21005005.html,120,3202,2854,88,125,075755,43,,No seleccionado,,Consultar
2025,2,Licenciatura 2025,210,21005005,PSICOLOGIA,FES ZARAGOZA,Escolarizado,https://www.dgae.unam.mx/Licenciatura2025/resultados/2/21005005.html,120,3202,2854,88,125,075776,29,,No seleccionado,,Consultar
2025,2,Licenciatura 2025,210,21005005,PSICOLOGIA,FES ZARAGOZA,Escolarizado,https://www.dgae.unam.mx/Licenciatura2025/resultados/2/21005005.html,120,3202,2854,88,125,075783,76,,No seleccionado,,Consultar
2025,2,Licenciatura 2025,210,21005005,PSICOLOGIA,FES ZARAGOZA,Escolarizado,https://www.dgae.unam.mx/Licenciatura2025/resultados/2/21005005.html,120,3202,2854,88,125,075793,40,,No seleccionado,,Consultar
2025,2,Licenciatura 2025,210,21005005,PSICOLOGIA,FES ZARAGOZA,Escolarizado,https://www.dgae.unam.mx/Licenciatura2025/resultados/2/21005005.html,120,3202,2854,88,125,075795,45,,No seleccionado,,Consultar
2025,2,Licenciatura 2025,210,21005005,PSICOLOGIA,FES ZARAGOZA,Escolarizado,https://www.dgae.unam.mx/Licenciatura2025/resultados/2/21005005.html,120,3202,2854,88,125,075799,44,,No seleccionado,,Consultar
2025,2,Licenciatura 2025,210,21005005,PSICOLOGIA,FES ZARAGOZA,Escolarizado,https://www.dgae.unam.mx/Licenciatura2025/resultados/2/21005005.html,120,3202,2854,88,125,075811,61,,No seleccionado,,Consultar
2025,2,Licenciatura 2025,210,21005005,PSICOLOGIA,FES ZARAGOZA,Escolarizado,https://www.dgae.unam.mx/Licenciatura2025/resultados/2/21005005.html,120,3202,2854,88,125,075818,55,,No seleccionado,,Consultar
2025,2,Licenciatura 2025,210,21005005,PSICOLOGIA,FES ZARAGOZA,Escolarizado,https://www.dgae.unam.mx/Licenciatura2025/resultados/2/21005005.html,120,3202,2854,88,125,075830,41,,No seleccionado,,Consultar
2025,2,Licenciatura 2025,210,21005005,PSICOLOGIA,FES ZARAGOZA,Escolarizado,https://www.dgae.unam.mx/Licenciatura2025/resultados/2/21005005.html,120,3202,2854,88,125,075837,81,,No seleccionado,,Consultar
2025,2,Licenciatura 2025,210,21005005,PSICOLOGIA,FES ZARAGOZA,Escolarizado,https://www.dgae.unam.mx/Licenciatura2025/resultados/2/21005005.html,120,3202,2854,88,125,075842,36,,No seleccionado,,Consultar
2025,2,Licenciatura 2025,210,21005005,PSICOLOGIA,FES ZARAGOZA,Escolarizado,https://www.dgae.unam.mx/Licenciatura2025/resultados/2/21005005.html,120,3202,2854,88,125,075843,46,,No seleccionado,,Consultar
2025,2,Licenciatura 2025,210,21005005,PSICOLOGIA,FES ZARAGOZA,Escolarizado,https://www.dgae.unam.mx/Licenciatura2025/resultados/2/21005005.html,120,3202,2854,88,125,075850,38,,No seleccionado,,Consultar
2025,2,Licenciatura 2025,210,21005005,PSICOLOGIA,FES ZARAGOZA,Escolarizado,https://www.dgae.unam.mx/Licenciatura2025/resultados/2/21005005.html,120,3202,2854,88,125,075852,89,S,Seleccionado,Cita para entregar documentación.,Consultar
2025,2,Licenciatura 2025,210,21005005,PSICOLOGIA,FES ZARAGOZA,Escolarizado,https://www.dgae.unam.mx/Licenciatura2025/resultados/2/21005005.html,120,3202,2854,88,125,075857,36,,No seleccionado,,Consultar
2025,2,Licenciatura 2025,210,21005005,PSICOLOGIA,FES ZARAGOZA,Escolarizado,https://www.dgae.unam.mx/Licenciatura2025/resultados/2/21005005.html,120,3202,2854,88,125,075882,35,,No seleccionado,,Consultar
2025,2,Licenciatura 2025,210,21005005,PSICOLOGIA,FES ZARAGOZA,Escolarizado,https://www.dgae.unam.mx/Licenciatura2025/resultados/2/21005005.html,120,3202,2854,88,125,075891,52,,No seleccionado,,Consultar
2025,2,Licenciatura 2025,210,21005005,PSICOLOGIA,FES ZARAGOZA,Escolarizado,https://www.dgae.unam.mx/Licenciatura2025/resultados/2/21005005.html,120,3202,2854,88,125,075893,67,,No seleccionado,,Consultar
2025,2,Licenciatura 2025,210,21005005,PSICOLOGIA,FES ZARAGOZA,Escolarizado,https://www.dgae.unam.mx/Licenciatura2025/resultados/2/21005005.html,120,3202,2854,88,125,075906,38,,No seleccionado,,Consultar
2025,2,Licenciatura 2025,210,21005005,PSICOLOGIA,FES ZARAGOZA,Escolarizado,https://www.dgae.unam.mx/Licenciatura2025/resultados/2/21005005.html,120,3202,2854,88,125,075923,43,,No seleccionado,,Consultar
2025,2,Licenciatura 2025,210,21005005,PSICOLOGIA,FES ZARAGOZA,Escolarizado,https://www.dgae.unam.mx/Licenciatura2025/resultados/2/21005005.html,120,3202,2854,88,125,075930,38,,No seleccionado,,Consultar
2025,2,Licenciatura 2025,210,21005005,PSICOLOGIA,FES ZARAGOZA,Escolarizado,https://www.dgae.unam.mx/Licenciatura2025/resultados/2/21005005.html,120,3202,2854,88,125,075937,52,,No seleccionado,,Consultar
2025,2,Licenciatura 2025,210,21005005,PSICOLOGIA,FES ZARAGOZA,Escolarizado,https://www.dgae.unam.mx/Licenciatura2025/resultados/2/21005005.html,120,3202,2854,88,125,075942,50,,No seleccionado,,Consultar
2025,2,Licenciatura 2025,210,21005005,PSICOLOGIA,FES ZARAGOZA,Escolarizado,https://www.dgae.unam.mx/Licenciatura2025/resultados/2/21005005.html,120,3202,2854,88,125,075945,34,,No seleccionado,,Consultar
2025,2,Licenciatura 2025,210,21005005,PSICOLOGIA,FES ZARAGOZA,Escolarizado,https://www.dgae.unam.mx/Licenciatura2025/resultados/2/21005005.html,120,3202,2854,88,125,075947,39,,No seleccionado,,Consultar
2025,2,Licenciatura 2025,210,21005005,PSICOLOGIA,FES ZARAGOZA,Escolarizado,https://www.dgae.unam.mx/Licenciatura2025/resultados/2/21005005.html,120,3202,2854,88,125,075953,,N,No presentado,,Consultar
2025,2,Licenciatura 2025,210,21005005,PSICOLOGIA,FES ZARAGOZA,Escolarizado,https://www.dgae.unam.mx/Licenciatura2025/resultados/2/21005005.html,120,3202,2854,88,125,075954,41,,No seleccionado,,Consultar
2025,2,Licenciatura 2025,210,21005005,PSICOLOGIA,FES ZARAGOZA,Escolarizado,https://www.dgae.unam.mx/Licenciatura2025/resultados/2/21005005.html,120,3202,2854,88,125,075962,58,,No seleccionado,,Consultar
2025,2,Licenciatura 2025,210,21005005,PSICOLOGIA,FES ZARAGOZA,Escolarizado,https://www.dgae.unam.mx/Licenciatura2025/resultados/2/21005005.html,120,3202,2854,88,125,075978,,N,No presentado,,Consultar
2025,2,Licenciatura 2025,210,21005005,PSICOLOGIA,FES ZARAGOZA,Escolarizado,https://www.dgae.unam.mx/Licenciatura2025/resultados/2/21005005.html,120,3202,2854,88,125,075994,57,,No seleccionado,,Consultar
2025,2,Licenciatura 2025,210,21005005,PSICOLOGIA,FES ZARAGOZA,Escolarizado,https://www.dgae.unam.mx/Licenciatura2025/resultados/2/21005005.html,120,3202,2854,88,125,076008,33,,No seleccionado,,Consultar
2025,2,Licenciatura 2025,210,21005005,PSICOLOGIA,FES ZARAGOZA,Escolarizado,https://www.dgae.unam.mx/Licenciatura2025/resultados/2/21005005.html,120,3202,2854,88,125,076010,53,,No seleccionado,,Consultar
2025,2,Licenciatura 2025,210,21005005,PSICOLOGIA,FES ZARAGOZA,Escolarizado,https://www.dgae.unam.mx/Licenciatura2025/resultados/2/21005005.html,120,3202,2854,88,125,076014,96,S,Seleccionado,Cita para entregar documentación.,Consultar
2025,2,Licenciatura 2025,210,21005005,PSICOLOGIA,FES ZARAGOZA,Escolarizado,https://www.dgae.unam.mx/Licenciatura2025/resultados/2/21005005.html,120,3202,2854,88,125,076022,,N,No presentado,,Consultar
2025,2,Licenciatura 2025,210,21005005,PSICOLOGIA,FES ZARAGOZA,Escolarizado,https://www.dgae.unam.mx/Licenciatura2025/resultados/2/21005005.html,120,3202,2854,88,125,076025,40,,No seleccionado,,Consultar
2025,2,Licenciatura 2025,210,21005005,PSICOLOGIA,FES ZARAGOZA,Escolarizado,https://www.dgae.unam.mx/Licenciatura2025/resultados/2/21005005.html,120,3202,2854,88,125,076026,44,,No seleccionado,,Consultar
2025,2,Licenciatura 2025,210,21005005,PSICOLOGIA,FES ZARAGOZA,Escolarizado,https://www.dgae.unam.mx/Licenciatura2025/resultados/2/21005005.html,120,3202,2854,88,125,076063,45,,No seleccionado,,Consultar
2025,2,Licenciatura 2025,210,21005005,PSICOLOGIA,FES ZARAGOZA,Escolarizado,https://www.dgae.unam.mx/Licenciatura2025/resultados/2/21005005.html,120,3202,2854,88,125,076065,87,,No seleccionado,,Consultar
2025,2,Licenciatura 2025,210,21005005,PSICOLOGIA,FES ZARAGOZA,Escolarizado,https://www.dgae.unam.mx/Licenciatura2025/resultados/2/21005005.html,120,3202,2854,88,125,076081,44,,No seleccionado,,Consultar
2025,2,Licenciatura 2025,210,21005005,PSICOLOGIA,FES ZARAGOZA,Escolarizado,https://www.dgae.unam.mx/Licenciatura2025/resultados/2/21005005.html,120,3202,2854,88,125,076095,62,,No seleccionado,,Consultar
2025,2,Licenciatura 2025,210,21005005,PSICOLOGIA,FES ZARAGOZA,Escolarizado,https://www.dgae.unam.mx/Licenciatura2025/resultados/2/21005005.html,120,3202,2854,88,125,076108,53,,No seleccionado,,Consultar
2025,2,Licenciatura 2025,210,21005005,PSICOLOGIA,FES ZARAGOZA,Escolarizado,https://www.dgae.unam.mx/Licenciatura2025/resultados/2/21005005.html,120,3202,2854,88,125,076109,57,,No seleccionado,,Consultar
2025,2,Licenciatura 2025,210,21005005,PSICOLOGIA,FES ZARAGOZA,Escolarizado,https://www.dgae.unam.mx/Licenciatura2025/resultados/2/21005005.html,120,3202,2854,88,125,076119,60,,No seleccionado,,Consultar
2025,2,Licenciatura 2025,210,21005005,PSICOLOGIA,FES ZARAGOZA,Escolarizado,https://www.dgae.unam.mx/Licenciatura2025/resultados/2/21005005.html,120,3202,2854,88,125,076135,62,,No seleccionado,,Consultar
2025,2,Licenciatura 2025,210,21005005,PSICOLOGIA,FES ZARAGOZA,Escolarizado,https://www.dgae.unam.mx/Licenciatura2025/resultados/2/21005005.html,120,3202,2854,88,125,076149,46,,No seleccionado,,Consultar
2025,2,Licenciatura 2025,210,21005005,PSICOLOGIA,FES ZARAGOZA,Escolarizado,https://www.dgae.unam.mx/Licenciatura2025/resultados/2/21005005.html,120,3202,2854,88,125,076159,65,,No seleccionado,,Consultar
2025,2,Licenciatura 2025,210,21005005,PSICOLOGIA,FES ZARAGOZA,Escolarizado,https://www.dgae.unam.mx/Licenciatura2025/resultados/2/21005005.html,120,3202,2854,88,125,076164,38,,No seleccionado,,Consultar
2025,2,Licenciatura 2025,210,21005005,PSICOLOGIA,FES ZARAGOZA,Escolarizado,https://www.dgae.unam.mx/Licenciatura2025/resultados/2/21005005.html,120,3202,2854,88,125,076181,55,,No seleccionado,,Consultar
2025,2,Licenciatura 2025,210,21005005,PSICOLOGIA,FES ZARAGOZA,Escolarizado,https://www.dgae.unam.mx/Licenciatura2025/resultados/2/21005005.html,120,3202,2854,88,125,076187,,N,No presentado,,Consultar
2025,2,Licenciatura 2025,210,21005005,PSICOLOGIA,FES ZARAGOZA,Escolarizado,https://www.dgae.unam.mx/Licenciatura2025/resultados/2/21005005.html,120,3202,2854,88,125,076200,53,,No seleccionado,,Consultar
2025,2,Licenciatura 2025,210,21005005,PSICOLOGIA,FES ZARAGOZA,Escolarizado,https://www.dgae.unam.mx/Licenciatura2025/resultados/2/21005005.html,120,3202,2854,88,125,076202,81,,No seleccionado,,Consultar
2025,2,Licenciatura 2025,210,21005005,PSICOLOGIA,FES ZARAGOZA,Escolarizado,https://www.dgae.unam.mx/Licenciatura2025/resultados/2/21005005.html,120,3202,2854,88,125,076203,,N,No presentado,,Consultar
2025,2,Licenciatura 2025,210,21005005,PSICOLOGIA,FES ZARAGOZA,Escolarizado,https://www.dgae.unam.mx/Licenciatura2025/resultados/2/21005005.html,120,3202,2854,88,125,076212,86,,No seleccionado,,Consultar
2025,2,Licenciatura 2025,210,21005005,PSICOLOGIA,FES ZARAGOZA,Escolarizado,https://www.dgae.unam.mx/Licenciatura2025/resultados/2/21005005.html,120,3202,2854,88,125,076224,41,,No seleccionado,,Consultar
2025,2,Licenciatura 2025,210,21005005,PSICOLOGIA,FES ZARAGOZA,Escolarizado,https://www.dgae.unam.mx/Licenciatura2025/resultados/2/21005005.html,120,3202,2854,88,125,076230,62,,No seleccionado,,Consultar
2025,2,Licenciatura 2025,210,21005005,PSICOLOGIA,FES ZARAGOZA,Escolarizado,https://www.dgae.unam.mx/Licenciatura2025/resultados/2/21005005.html,120,3202,2854,88,125,076235,37,,No seleccionado,,Consultar
2025,2,Licenciatura 2025,210,21005005,PSICOLOGIA,FES ZARAGOZA,Escolarizado,https://www.dgae.unam.mx/Licenciatura2025/resultados/2/21005005.html,120,3202,2854,88,125,076238,,N,No presentado,,Consultar
2025,2,Licenciatura 2025,210,21005005,PSICOLOGIA,FES ZARAGOZA,Escolarizado,https://www.dgae.unam.mx/Licenciatura2025/resultados/2/21005005.html,120,3202,2854,88,125,076249,44,,No seleccionado,,Consultar
2025,2,Licenciatura 2025,210,21005005,PSICOLOGIA,FES ZARAGOZA,Escolarizado,https://www.dgae.unam.mx/Licenciatura2025/resultados/2/21005005.html,120,3202,2854,88,125,076273,26,,No seleccionado,,Consultar
2025,2,Licenciatura 2025,210,21005005,PSICOLOGIA,FES ZARAGOZA,Escolarizado,https://www.dgae.unam.mx/Licenciatura2025/resultados/2/21005005.html,120,3202,2854,88,125,076274,,N,No presentado,,Consultar
2025,2,Licenciatura 2025,210,21005005,PSICOLOGIA,FES ZARAGOZA,Escolarizado,https://www.dgae.unam.mx/Licenciatura2025/resultados/2/21005005.html,120,3202,2854,88,125,076292,45,,No seleccionado,,Consultar
2025,2,Licenciatura 2025,210,21005005,PSICOLOGIA,FES ZARAGOZA,Escolarizado,https://www.dgae.unam.mx/Licenciatura2025/resultados/2/21005005.html,120,3202,2854,88,125,076294,,N,No presentado,,Consultar
2025,2,Licenciatura 2025,210,21005005,PSICOLOGIA,FES ZARAGOZA,Escolarizado,https://www.dgae.unam.mx/Licenciatura2025/resultados/2/21005005.html,120,3202,2854,88,125,076301,23,,No seleccionado,,Consultar
2025,2,Licenciatura 2025,210,21005005,PSICOLOGIA,FES ZARAGOZA,Escolarizado,https://www.dgae.unam.mx/Licenciatura2025/resultados/2/21005005.html,120,3202,2854,88,125,076304,30,,No seleccionado,,Consultar
2025,2,Licenciatura 2025,210,21005005,PSICOLOGIA,FES ZARAGOZA,Escolarizado,https://www.dgae.unam.mx/Licenciatura2025/resultados/2/21005005.html,120,3202,2854,88,125,076307,,N,No presentado,,Consultar
2025,2,Licenciatura 2025,210,21005005,PSICOLOGIA,FES ZARAGOZA,Escolarizado,https://www.dgae.unam.mx/Licenciatura2025/resultados/2/21005005.html,120,3202,2854,88,125,076308,32,,No seleccionado,,Consultar
2025,2,Licenciatura 2025,210,21005005,PSICOLOGIA,FES ZARAGOZA,Escolarizado,https://www.dgae.unam.mx/Licenciatura2025/resultados/2/21005005.html,120,3202,2854,88,125,076318,41,,No seleccionado,,Consultar
2025,2,Licenciatura 2025,210,21005005,PSICOLOGIA,FES ZARAGOZA,Escolarizado,https://www.dgae.unam.mx/Licenciatura2025/resultados/2/21005005.html,120,3202,2854,88,125,076322,50,,No seleccionado,,Consultar
2025,2,Licenciatura 2025,210,21005005,PSICOLOGIA,FES ZARAGOZA,Escolarizado,https://www.dgae.unam.mx/Licenciatura2025/resultados/2/21005005.html,120,3202,2854,88,125,076342,35,,No seleccionado,,Consultar
2025,2,Licenciatura 2025,210,21005005,PSICOLOGIA,FES ZARAGOZA,Escolarizado,https://www.dgae.unam.mx/Licenciatura2025/resultados/2/21005005.html,120,3202,2854,88,125,076351,33,,No seleccionado,,Consultar
2025,2,Licenciatura 2025,210,21005005,PSICOLOGIA,FES ZARAGOZA,Escolarizado,https://www.dgae.unam.mx/Licenciatura2025/resultados/2/21005005.html,120,3202,2854,88,125,076353,54,,No seleccionado,,Consultar
2025,2,Licenciatura 2025,210,21005005,PSICOLOGIA,FES ZARAGOZA,Escolarizado,https://www.dgae.unam.mx/Licenciatura2025/resultados/2/21005005.html,120,3202,2854,88,125,076365,58,,No seleccionado,,Consultar
2025,2,Licenciatura 2025,210,21005005,PSICOLOGIA,FES ZARAGOZA,Escolarizado,https://www.dgae.unam.mx/Licenciatura2025/resultados/2/21005005.html,120,3202,2854,88,125,076372,48,,No seleccionado,,Consultar
2025,2,Licenciatura 2025,210,21005005,PSICOLOGIA,FES ZARAGOZA,Escolarizado,https://www.dgae.unam.mx/Licenciatura2025/resultados/2/21005005.html,120,3202,2854,88,125,076378,32,,No seleccionado,,Consultar
2025,2,Licenciatura 2025,210,21005005,PSICOLOGIA,FES ZARAGOZA,Escolarizado,https://www.dgae.unam.mx/Licenciatura2025/resultados/2/21005005.html,120,3202,2854,88,125,076381,34,,No seleccionado,,Consultar
2025,2,Licenciatura 2025,210,21005005,PSICOLOGIA,FES ZARAGOZA,Escolarizado,https://www.dgae.unam.mx/Licenciatura2025/resultados/2/21005005.html,120,3202,2854,88,125,076389,42,,No seleccionado,,Consultar
2025,2,Licenciatura 2025,210,21005005,PSICOLOGIA,FES ZARAGOZA,Escolarizado,https://www.dgae.unam.mx/Licenciatura2025/resultados/2/21005005.html,120,3202,2854,88,125,076409,40,,No seleccionado,,Consultar
2025,2,Licenciatura 2025,210,21005005,PSICOLOGIA,FES ZARAGOZA,Escolarizado,https://www.dgae.unam.mx/Licenciatura2025/resultados/2/21005005.html,120,3202,2854,88,125,076412,36,,No seleccionado,,Consultar
2025,2,Licenciatura 2025,210,21005005,PSICOLOGIA,FES ZARAGOZA,Escolarizado,https://www.dgae.unam.mx/Licenciatura2025/resultados/2/21005005.html,120,3202,2854,88,125,076420,67,,No seleccionado,,Consultar
2025,2,Licenciatura 2025,210,21005005,PSICOLOGIA,FES ZARAGOZA,Escolarizado,https://www.dgae.unam.mx/Licenciatura2025/resultados/2/21005005.html,120,3202,2854,88,125,076426,59,,No seleccionado,,Consultar
2025,2,Licenciatura 2025,210,21005005,PSICOLOGIA,FES ZARAGOZA,Escolarizado,https://www.dgae.unam.mx/Licenciatura2025/resultados/2/21005005.html,120,3202,2854,88,125,076435,43,,No seleccionado,,Consultar
2025,2,Licenciatura 2025,210,21005005,PSICOLOGIA,FES ZARAGOZA,Escolarizado,https://www.dgae.unam.mx/Licenciatura2025/resultados/2/21005005.html,120,3202,2854,88,125,076437,68,,No seleccionado,,Consultar
2025,2,Licenciatura 2025,210,21005005,PSICOLOGIA,FES ZARAGOZA,Escolarizado,https://www.dgae.unam.mx/Licenciatura2025/resultados/2/21005005.html,120,3202,2854,88,125,076448,30,,No seleccionado,,Consultar
2025,2,Licenciatura 2025,210,21005005,PSICOLOGIA,FES ZARAGOZA,Escolarizado,https://www.dgae.unam.mx/Licenciatura2025/resultados/2/21005005.html,120,3202,2854,88,125,076449,,N,No presentado,,Consultar
2025,2,Licenciatura 2025,210,21005005,PSICOLOGIA,FES ZARAGOZA,Escolarizado,https://www.dgae.unam.mx/Licenciatura2025/resultados/2/21005005.html,120,3202,2854,88,125,076450,61,,No seleccionado,,Consultar
2025,2,Licenciatura 2025,210,21005005,PSICOLOGIA,FES ZARAGOZA,Escolarizado,https://www.dgae.unam.mx/Licenciatura2025/resultados/2/21005005.html,120,3202,2854,88,125,076454,38,,No seleccionado,,Consultar
2025,2,Licenciatura 2025,210,21005005,PSICOLOGIA,FES ZARAGOZA,Escolarizado,https://www.dgae.unam.mx/Licenciatura2025/resultados/2/21005005.html,120,3202,2854,88,125,076460,36,,No seleccionado,,Consultar
2025,2,Licenciatura 2025,210,21005005,PSICOLOGIA,FES ZARAGOZA,Escolarizado,https://www.dgae.unam.mx/Licenciatura2025/resultados/2/21005005.html,120,3202,2854,88,125,076461,65,,No seleccionado,,Consultar
2025,2,Licenciatura 2025,210,21005005,PSICOLOGIA,FES ZARAGOZA,Escolarizado,https://www.dgae.unam.mx/Licenciatura2025/resultados/2/21005005.html,120,3202,2854,88,125,076469,81,,No seleccionado,,Consultar
2025,2,Licenciatura 2025,210,21005005,PSICOLOGIA,FES ZARAGOZA,Escolarizado,https://www.dgae.unam.mx/Licenciatura2025/resultados/2/21005005.html,120,3202,2854,88,125,076475,57,,No seleccionado,,Consultar
2025,2,Licenciatura 2025,210,21005005,PSICOLOGIA,FES ZARAGOZA,Escolarizado,https://www.dgae.unam.mx/Licenciatura2025/resultados/2/21005005.html,120,3202,2854,88,125,076511,85,,No seleccionado,,Consultar
2025,2,Licenciatura 2025,210,21005005,PSICOLOGIA,FES ZARAGOZA,Escolarizado,https://www.dgae.unam.mx/Licenciatura2025/resultados/2/21005005.html,120,3202,2854,88,125,076522,64,,No seleccionado,,Consultar
2025,2,Licenciatura 2025,210,21005005,PSICOLOGIA,FES ZARAGOZA,Escolarizado,https://www.dgae.unam.mx/Licenciatura2025/resultados/2/21005005.html,120,3202,2854,88,125,076546,85,,No seleccionado,,Consultar
2025,2,Licenciatura 2025,210,21005005,PSICOLOGIA,FES ZARAGOZA,Escolarizado,https://www.dgae.unam.mx/Licenciatura2025/resultados/2/21005005.html,120,3202,2854,88,125,076553,30,,No seleccionado,,Consultar
2025,2,Licenciatura 2025,210,21005005,PSICOLOGIA,FES ZARAGOZA,Escolarizado,https://www.dgae.unam.mx/Licenciatura2025/resultados/2/21005005.html,120,3202,2854,88,125,076554,51,,No seleccionado,,Consultar
2025,2,Licenciatura 2025,210,21005005,PSICOLOGIA,FES ZARAGOZA,Escolarizado,https://www.dgae.unam.mx/Licenciatura2025/resultados/2/21005005.html,120,3202,2854,88,125,076575,42,,No seleccionado,,Consultar
2025,2,Licenciatura 2025,210,21005005,PSICOLOGIA,FES ZARAGOZA,Escolarizado,https://www.dgae.unam.mx/Licenciatura2025/resultados/2/21005005.html,120,3202,2854,88,125,076593,,N,No presentado,,Consultar
2025,2,Licenciatura 2025,210,21005005,PSICOLOGIA,FES ZARAGOZA,Escolarizado,https://www.dgae.unam.mx/Licenciatura2025/resultados/2/21005005.html,120,3202,2854,88,125,076612,50,,No seleccionado,,Consultar
2025,2,Licenciatura 2025,210,21005005,PSICOLOGIA,FES ZARAGOZA,Escolarizado,https://www.dgae.unam.mx/Licenciatura2025/resultados/2/21005005.html,120,3202,2854,88,125,076614,57,,No seleccionado,,Consultar
2025,2,Licenciatura 2025,210,21005005,PSICOLOGIA,FES ZARAGOZA,Escolarizado,https://www.dgae.unam.mx/Licenciatura2025/resultados/2/21005005.html,120,3202,2854,88,125,076621,49,,No seleccionado,,Consultar
2025,2,Licenciatura 2025,210,21005005,PSICOLOGIA,FES ZARAGOZA,Escolarizado,https://www.dgae.unam.mx/Licenciatura2025/resultados/2/21005005.html,120,3202,2854,88,125,076624,35,,No seleccionado,,Consultar
2025,2,Licenciatura 2025,210,21005005,PSICOLOGIA,FES ZARAGOZA,Escolarizado,https://www.dgae.unam.mx/Licenciatura2025/resultados/2/21005005.html,120,3202,2854,88,125,076628,96,S,Seleccionado,Cita para entregar documentación.,Consultar
2025,2,Licenciatura 2025,210,21005005,PSICOLOGIA,FES ZARAGOZA,Escolarizado,https://www.dgae.unam.mx/Licenciatura2025/resultados/2/21005005.html,120,3202,2854,88,125,076655,32,,No seleccionado,,Consultar
2025,2,Licenciatura 2025,210,21005005,PSICOLOGIA,FES ZARAGOZA,Escolarizado,https://www.dgae.unam.mx/Licenciatura2025/resultados/2/21005005.html,120,3202,2854,88,125,076668,51,,No seleccionado,,Consultar
2025,2,Licenciatura 2025,210,21005005,PSICOLOGIA,FES ZARAGOZA,Escolarizado,https://www.dgae.unam.mx/Licenciatura2025/resultados/2/21005005.html,120,3202,2854,88,125,076672,40,,No seleccionado,,Consultar
2025,2,Licenciatura 2025,210,21005005,PSICOLOGIA,FES ZARAGOZA,Escolarizado,https://www.dgae.unam.mx/Licenciatura2025/resultados/2/21005005.html,120,3202,2854,88,125,076676,58,,No seleccionado,,Consultar
2025,2,Licenciatura 2025,210,21005005,PSICOLOGIA,FES ZARAGOZA,Escolarizado,https://www.dgae.unam.mx/Licenciatura2025/resultados/2/21005005.html,120,3202,2854,88,125,076678,45,,No seleccionado,,Consultar
2025,2,Licenciatura 2025,210,21005005,PSICOLOGIA,FES ZARAGOZA,Escolarizado,https://www.dgae.unam.mx/Licenciatura2025/resultados/2/21005005.html,120,3202,2854,88,125,076680,44,,No seleccionado,,Consultar
2025,2,Licenciatura 2025,210,21005005,PSICOLOGIA,FES ZARAGOZA,Escolarizado,https://www.dgae.unam.mx/Licenciatura2025/resultados/2/21005005.html,120,3202,2854,88,125,076683,72,,No seleccionado,,Consultar
2025,2,Licenciatura 2025,210,21005005,PSICOLOGIA,FES ZARAGOZA,Escolarizado,https://www.dgae.unam.mx/Licenciatura2025/resultados/2/21005005.html,120,3202,2854,88,125,076705,47,,No seleccionado,,Consultar
2025,2,Licenciatura 2025,210,21005005,PSICOLOGIA,FES ZARAGOZA,Escolarizado,https://www.dgae.unam.mx/Licenciatura2025/resultados/2/21005005.html,120,3202,2854,88,125,076722,39,,No seleccionado,,Consultar
2025,2,Licenciatura 2025,210,21005005,PSICOLOGIA,FES ZARAGOZA,Escolarizado,https://www.dgae.unam.mx/Licenciatura2025/resultados/2/21005005.html,120,3202,2854,88,125,076729,77,,No seleccionado,,Consultar
2025,2,Licenciatura 2025,210,21005005,PSICOLOGIA,FES ZARAGOZA,Escolarizado,https://www.dgae.unam.mx/Licenciatura2025/resultados/2/21005005.html,120,3202,2854,88,125,076745,49,,No seleccionado,,Consultar
2025,2,Licenciatura 2025,210,21005005,PSICOLOGIA,FES ZARAGOZA,Escolarizado,https://www.dgae.unam.mx/Licenciatura2025/resultados/2/21005005.html,120,3202,2854,88,125,076748,31,,No seleccionado,,Consultar
2025,2,Licenciatura 2025,210,21005005,PSICOLOGIA,FES ZARAGOZA,Escolarizado,https://www.dgae.unam.mx/Licenciatura2025/resultados/2/21005005.html,120,3202,2854,88,125,076756,39,,No seleccionado,,Consultar
2025,2,Licenciatura 2025,210,21005005,PSICOLOGIA,FES ZARAGOZA,Escolarizado,https://www.dgae.unam.mx/Licenciatura2025/resultados/2/21005005.html,120,3202,2854,88,125,076759,36,,No seleccionado,,Consultar
2025,2,Licenciatura 2025,210,21005005,PSICOLOGIA,FES ZARAGOZA,Escolarizado,https://www.dgae.unam.mx/Licenciatura2025/resultados/2/21005005.html,120,3202,2854,88,125,076762,37,,No seleccionado,,Consultar
2025,2,Licenciatura 2025,210,21005005,PSICOLOGIA,FES ZARAGOZA,Escolarizado,https://www.dgae.unam.mx/Licenciatura2025/resultados/2/21005005.html,120,3202,2854,88,125,076766,61,,No seleccionado,,Consultar
2025,2,Licenciatura 2025,210,21005005,PSICOLOGIA,FES ZARAGOZA,Escolarizado,https://www.dgae.unam.mx/Licenciatura2025/resultados/2/21005005.html,120,3202,2854,88,125,076767,51,,No seleccionado,,Consultar
2025,2,Licenciatura 2025,210,21005005,PSICOLOGIA,FES ZARAGOZA,Escolarizado,https://www.dgae.unam.mx/Licenciatura2025/resultados/2/21005005.html,120,3202,2854,88,125,076773,44,,No seleccionado,,Consultar
2025,2,Licenciatura 2025,210,21005005,PSICOLOGIA,FES ZARAGOZA,Escolarizado,https://www.dgae.unam.mx/Licenciatura2025/resultados/2/21005005.html,120,3202,2854,88,125,076784,96,S,Seleccionado,,Consultar
2025,2,Licenciatura 2025,210,21005005,PSICOLOGIA,FES ZARAGOZA,Escolarizado,https://www.dgae.unam.mx/Licenciatura2025/resultados/2/21005005.html,120,3202,2854,88,125,076788,74,,No seleccionado,,Consultar
2025,2,Licenciatura 2025,210,21005005,PSICOLOGIA,FES ZARAGOZA,Escolarizado,https://www.dgae.unam.mx/Licenciatura2025/resultados/2/21005005.html,120,3202,2854,88,125,076797,48,,No seleccionado,,Consultar
2025,2,Licenciatura 2025,210,21005005,PSICOLOGIA,FES ZARAGOZA,Escolarizado,https://www.dgae.unam.mx/Licenciatura2025/resultados/2/21005005.html,120,3202,2854,88,125,076804,44,,No seleccionado,,Consultar
2025,2,Licenciatura 2025,210,21005005,PSICOLOGIA,FES ZARAGOZA,Escolarizado,https://www.dgae.unam.mx/Licenciatura2025/resultados/2/21005005.html,120,3202,2854,88,125,076826,94,S,Seleccionado,Cita para entregar documentación.,Consultar
2025,2,Licenciatura 2025,210,21005005,PSICOLOGIA,FES ZARAGOZA,Escolarizado,https://www.dgae.unam.mx/Licenciatura2025/resultados/2/21005005.html,120,3202,2854,88,125,076827,62,,No seleccionado,,Consultar
2025,2,Licenciatura 2025,210,21005005,PSICOLOGIA,FES ZARAGOZA,Escolarizado,https://www.dgae.unam.mx/Licenciatura2025/resultados/2/21005005.html,120,3202,2854,88,125,076828,41,,No seleccionado,,Consultar
2025,2,Licenciatura 2025,210,21005005,PSICOLOGIA,FES ZARAGOZA,Escolarizado,https://www.dgae.unam.mx/Licenciatura2025/resultados/2/21005005.html,120,3202,2854,88,125,076831,62,,No seleccionado,,Consultar
2025,2,Licenciatura 2025,210,21005005,PSICOLOGIA,FES ZARAGOZA,Escolarizado,https://www.dgae.unam.mx/Licenciatura2025/resultados/2/21005005.html,120,3202,2854,88,125,076840,86,,No seleccionado,,Consultar
2025,2,Licenciatura 2025,210,21005005,PSICOLOGIA,FES ZARAGOZA,Escolarizado,https://www.dgae.unam.mx/Licenciatura2025/resultados/2/21005005.html,120,3202,2854,88,125,076842,63,,No seleccionado,,Consultar
2025,2,Licenciatura 2025,210,21005005,PSICOLOGIA,FES ZARAGOZA,Escolarizado,https://www.dgae.unam.mx/Licenciatura2025/resultados/2/21005005.html,120,3202,2854,88,125,076850,36,,No seleccionado,,Consultar
2025,2,Licenciatura 2025,210,21005005,PSICOLOGIA,FES ZARAGOZA,Escolarizado,https://www.dgae.unam.mx/Licenciatura2025/resultados/2/21005005.html,120,3202,2854,88,125,076854,41,,No seleccionado,,Consultar
2025,2,Licenciatura 2025,210,21005005,PSICOLOGIA,FES ZARAGOZA,Escolarizado,https://www.dgae.unam.mx/Licenciatura2025/resultados/2/21005005.html,120,3202,2854,88,125,076858,77,,No seleccionado,,Consultar
2025,2,Licenciatura 2025,210,21005005,PSICOLOGIA,FES ZARAGOZA,Escolarizado,https://www.dgae.unam.mx/Licenciatura2025/resultados/2/21005005.html,120,3202,2854,88,125,076870,55,,No seleccionado,,Consultar
2025,2,Licenciatura 2025,210,21005005,PSICOLOGIA,FES ZARAGOZA,Escolarizado,https://www.dgae.unam.mx/Licenciatura2025/resultados/2/21005005.html,120,3202,2854,88,125,076886,51,,No seleccionado,,Consultar
2025,2,Licenciatura 2025,210,21005005,PSICOLOGIA,FES ZARAGOZA,Escolarizado,https://www.dgae.unam.mx/Licenciatura2025/resultados/2/21005005.html,120,3202,2854,88,125,076893,,N,No presentado,,Consultar
2025,2,Licenciatura 2025,210,21005005,PSICOLOGIA,FES ZARAGOZA,Escolarizado,https://www.dgae.unam.mx/Licenciatura2025/resultados/2/21005005.html,120,3202,2854,88,125,076897,37,,No seleccionado,,Consultar
2025,2,Licenciatura 2025,210,21005005,PSICOLOGIA,FES ZARAGOZA,Escolarizado,https://www.dgae.unam.mx/Licenciatura2025/resultados/2/21005005.html,120,3202,2854,88,125,076904,39,,No seleccionado,,Consultar
2025,2,Licenciatura 2025,210,21005005,PSICOLOGIA,FES ZARAGOZA,Escolarizado,https://www.dgae.unam.mx/Licenciatura2025/resultados/2/21005005.html,120,3202,2854,88,125,076907,31,,No seleccionado,,Consultar
2025,2,Licenciatura 2025,210,21005005,PSICOLOGIA,FES ZARAGOZA,Escolarizado,https://www.dgae.unam.mx/Licenciatura2025/resultados/2/21005005.html,120,3202,2854,88,125,076913,37,,No seleccionado,,Consultar
2025,2,Licenciatura 2025,210,21005005,PSICOLOGIA,FES ZARAGOZA,Escolarizado,https://www.dgae.unam.mx/Licenciatura2025/resultados/2/21005005.html,120,3202,2854,88,125,076916,36,,No seleccionado,,Consultar
2025,2,Licenciatura 2025,210,21005005,PSICOLOGIA,FES ZARAGOZA,Escolarizado,https://www.dgae.unam.mx/Licenciatura2025/resultados/2/21005005.html,120,3202,2854,88,125,076917,72,,No seleccionado,,Consultar
2025,2,Licenciatura 2025,210,21005005,PSICOLOGIA,FES ZARAGOZA,Escolarizado,https://www.dgae.unam.mx/Licenciatura2025/resultados/2/21005005.html,120,3202,2854,88,125,076918,58,,No seleccionado,,Consultar
2025,2,Licenciatura 2025,210,21005005,PSICOLOGIA,FES ZARAGOZA,Escolarizado,https://www.dgae.unam.mx/Licenciatura2025/resultados/2/21005005.html,120,3202,2854,88,125,076922,47,,No seleccionado,,Consultar
2025,2,Licenciatura 2025,210,21005005,PSICOLOGIA,FES ZARAGOZA,Escolarizado,https://www.dgae.unam.mx/Licenciatura2025/resultados/2/21005005.html,120,3202,2854,88,125,076925,44,,No seleccionado,,Consultar
2025,2,Licenciatura 2025,210,21005005,PSICOLOGIA,FES ZARAGOZA,Escolarizado,https://www.dgae.unam.mx/Licenciatura2025/resultados/2/21005005.html,120,3202,2854,88,125,076933,38,,No seleccionado,,Consultar
2025,2,Licenciatura 2025,210,21005005,PSICOLOGIA,FES ZARAGOZA,Escolarizado,https://www.dgae.unam.mx/Licenciatura2025/resultados/2/21005005.html,120,3202,2854,88,125,076956,49,,No seleccionado,,Consultar
2025,2,Licenciatura 2025,210,21005005,PSICOLOGIA,FES ZARAGOZA,Escolarizado,https://www.dgae.unam.mx/Licenciatura2025/resultados/2/21005005.html,120,3202,2854,88,125,076971,40,,No seleccionado,,Consultar
2025,2,Licenciatura 2025,210,21005005,PSICOLOGIA,FES ZARAGOZA,Escolarizado,https://www.dgae.unam.mx/Licenciatura2025/resultados/2/21005005.html,120,3202,2854,88,125,076975,38,,No seleccionado,,Consultar
2025,2,Licenciatura 2025,210,21005005,PSICOLOGIA,FES ZARAGOZA,Escolarizado,https://www.dgae.unam.mx/Licenciatura2025/resultados/2/21005005.html,120,3202,2854,88,125,076989,50,,No seleccionado,,Consultar
2025,2,Licenciatura 2025,210,21005005,PSICOLOGIA,FES ZARAGOZA,Escolarizado,https://www.dgae.unam.mx/Licenciatura2025/resultados/2/21005005.html,120,3202,2854,88,125,076998,47,,No seleccionado,,Consultar
2025,2,Licenciatura 2025,210,21005005,PSICOLOGIA,FES ZARAGOZA,Escolarizado,https://www.dgae.unam.mx/Licenciatura2025/resultados/2/21005005.html,120,3202,2854,88,125,077007,,N,No presentado,,Consultar
2025,2,Licenciatura 2025,210,21005005,PSICOLOGIA,FES ZARAGOZA,Escolarizado,https://www.dgae.unam.mx/Licenciatura2025/resultados/2/21005005.html,120,3202,2854,88,125,077014,87,,No seleccionado,,Consultar
2025,2,Licenciatura 2025,210,21005005,PSICOLOGIA,FES ZARAGOZA,Escolarizado,https://www.dgae.unam.mx/Licenciatura2025/resultados/2/21005005.html,120,3202,2854,88,125,077026,33,,No seleccionado,,Consultar
2025,2,Licenciatura 2025,210,21005005,PSICOLOGIA,FES ZARAGOZA,Escolarizado,https://www.dgae.unam.mx/Licenciatura2025/resultados/2/21005005.html,120,3202,2854,88,125,077027,37,,No seleccionado,,Consultar
2025,2,Licenciatura 2025,210,21005005,PSICOLOGIA,FES ZARAGOZA,Escolarizado,https://www.dgae.unam.mx/Licenciatura2025/resultados/2/21005005.html,120,3202,2854,88,125,077032,55,,No seleccionado,,Consultar
2025,2,Licenciatura 2025,210,21005005,PSICOLOGIA,FES ZARAGOZA,Escolarizado,https://www.dgae.unam.mx/Licenciatura2025/resultados/2/21005005.html,120,3202,2854,88,125,077033,47,,No seleccionado,,Consultar
2025,2,Licenciatura 2025,210,21005005,PSICOLOGIA,FES ZARAGOZA,Escolarizado,https://www.dgae.unam.mx/Licenciatura2025/resultados/2/21005005.html,120,3202,2854,88,125,077047,65,,No seleccionado,,Consultar
2025,2,Licenciatura 2025,210,21005005,PSICOLOGIA,FES ZARAGOZA,Escolarizado,https://www.dgae.unam.mx/Licenciatura2025/resultados/2/21005005.html,120,3202,2854,88,125,077050,38,,No seleccionado,,Consultar
2025,2,Licenciatura 2025,210,21005005,PSICOLOGIA,FES ZARAGOZA,Escolarizado,https://www.dgae.unam.mx/Licenciatura2025/resultados/2/21005005.html,120,3202,2854,88,125,077053,24,,No seleccionado,,Consultar
2025,2,Licenciatura 2025,210,21005005,PSICOLOGIA,FES ZARAGOZA,Escolarizado,https://www.dgae.unam.mx/Licenciatura2025/resultados/2/21005005.html,120,3202,2854,88,125,077060,48,,No seleccionado,,Consultar
2025,2,Licenciatura 2025,210,21005005,PSICOLOGIA,FES ZARAGOZA,Escolarizado,https://www.dgae.unam.mx/Licenciatura2025/resultados/2/21005005.html,120,3202,2854,88,125,077076,70,,No seleccionado,,Consultar
2025,2,Licenciatura 2025,210,21005005,PSICOLOGIA,FES ZARAGOZA,Escolarizado,https://www.dgae.unam.mx/Licenciatura2025/resultados/2/21005005.html,120,3202,2854,88,125,077080,75,,No seleccionado,,Consultar
2025,2,Licenciatura 2025,210,21005005,PSICOLOGIA,FES ZARAGOZA,Escolarizado,https://www.dgae.unam.mx/Licenciatura2025/resultados/2/21005005.html,120,3202,2854,88,125,077087,33,,No seleccionado,,Consultar
2025,2,Licenciatura 2025,210,21005005,PSICOLOGIA,FES ZARAGOZA,Escolarizado,https://www.dgae.unam.mx/Licenciatura2025/resultados/2/21005005.html,120,3202,2854,88,125,077091,39,,No seleccionado,,Consultar
2025,2,Licenciatura 2025,210,21005005,PSICOLOGIA,FES ZARAGOZA,Escolarizado,https://www.dgae.unam.mx/Licenciatura2025/resultados/2/21005005.html,120,3202,2854,88,125,077093,40,,No seleccionado,,Consultar
2025,2,Licenciatura 2025,210,21005005,PSICOLOGIA,FES ZARAGOZA,Escolarizado,https://www.dgae.unam.mx/Licenciatura2025/resultados/2/21005005.html,120,3202,2854,88,125,077096,,N,No presentado,,Consultar
2025,2,Licenciatura 2025,210,21005005,PSICOLOGIA,FES ZARAGOZA,Escolarizado,https://www.dgae.unam.mx/Licenciatura2025/resultados/2/21005005.html,120,3202,2854,88,125,077114,57,,No seleccionado,,Consultar
2025,2,Licenciatura 2025,210,21005005,PSICOLOGIA,FES ZARAGOZA,Escolarizado,https://www.dgae.unam.mx/Licenciatura2025/resultados/2/21005005.html,120,3202,2854,88,125,077117,41,,No seleccionado,,Consultar
2025,2,Licenciatura 2025,210,21005005,PSICOLOGIA,FES ZARAGOZA,Escolarizado,https://www.dgae.unam.mx/Licenciatura2025/resultados/2/21005005.html,120,3202,2854,88,125,077148,29,,No seleccionado,,Consultar
2025,2,Licenciatura 2025,210,21005005,PSICOLOGIA,FES ZARAGOZA,Escolarizado,https://www.dgae.unam.mx/Licenciatura2025/resultados/2/21005005.html,120,3202,2854,88,125,077149,36,,No seleccionado,,Consultar
2025,2,Licenciatura 2025,210,21005005,PSICOLOGIA,FES ZARAGOZA,Escolarizado,https://www.dgae.unam.mx/Licenciatura2025/resultados/2/21005005.html,120,3202,2854,88,125,077163,,N,No presentado,,Consultar
2025,2,Licenciatura 2025,210,21005005,PSICOLOGIA,FES ZARAGOZA,Escolarizado,https://www.dgae.unam.mx/Licenciatura2025/resultados/2/21005005.html,120,3202,2854,88,125,077171,34,,No seleccionado,,Consultar
2025,2,Licenciatura 2025,210,21005005,PSICOLOGIA,FES ZARAGOZA,Escolarizado,https://www.dgae.unam.mx/Licenciatura2025/resultados/2/21005005.html,120,3202,2854,88,125,077194,71,,No seleccionado,,Consultar
2025,2,Licenciatura 2025,210,21005005,PSICOLOGIA,FES ZARAGOZA,Escolarizado,https://www.dgae.unam.mx/Licenciatura2025/resultados/2/21005005.html,120,3202,2854,88,125,077195,25,,No seleccionado,,Consultar
2025,2,Licenciatura 2025,210,21005005,PSICOLOGIA,FES ZARAGOZA,Escolarizado,https://www.dgae.unam.mx/Licenciatura2025/resultados/2/21005005.html,120,3202,2854,88,125,077197,45,,No seleccionado,,Consultar
2025,2,Licenciatura 2025,210,21005005,PSICOLOGIA,FES ZARAGOZA,Escolarizado,https://www.dgae.unam.mx/Licenciatura2025/resultados/2/21005005.html,120,3202,2854,88,125,077217,31,,No seleccionado,,Consultar
2025,2,Licenciatura 2025,210,21005005,PSICOLOGIA,FES ZARAGOZA,Escolarizado,https://www.dgae.unam.mx/Licenciatura2025/resultados/2/21005005.html,120,3202,2854,88,125,077227,31,,No seleccionado,,Consultar
2025,2,Licenciatura 2025,210,21005005,PSICOLOGIA,FES ZARAGOZA,Escolarizado,https://www.dgae.unam.mx/Licenciatura2025/resultados/2/21005005.html,120,3202,2854,88,125,077231,48,,No seleccionado,,Consultar
2025,2,Licenciatura 2025,210,21005005,PSICOLOGIA,FES ZARAGOZA,Escolarizado,https://www.dgae.unam.mx/Licenciatura2025/resultados/2/21005005.html,120,3202,2854,88,125,077233,,N,No presentado,,Consultar
2025,2,Licenciatura 2025,210,21005005,PSICOLOGIA,FES ZARAGOZA,Escolarizado,https://www.dgae.unam.mx/Licenciatura2025/resultados/2/21005005.html,120,3202,2854,88,125,077242,34,,No seleccionado,,Consultar
2025,2,Licenciatura 2025,210,21005005,PSICOLOGIA,FES ZARAGOZA,Escolarizado,https://www.dgae.unam.mx/Licenciatura2025/resultados/2/21005005.html,120,3202,2854,88,125,077254,37,,No seleccionado,,Consultar
2025,2,Licenciatura 2025,210,21005005,PSICOLOGIA,FES ZARAGOZA,Escolarizado,https://www.dgae.unam.mx/Licenciatura2025/resultados/2/21005005.html,120,3202,2854,88,125,077257,73,,No seleccionado,,Consultar
2025,2,Licenciatura 2025,210,21005005,PSICOLOGIA,FES ZARAGOZA,Escolarizado,https://www.dgae.unam.mx/Licenciatura2025/resultados/2/21005005.html,120,3202,2854,88,125,077267,38,,No seleccionado,,Consultar
2025,2,Licenciatura 2025,210,21005005,PSICOLOGIA,FES ZARAGOZA,Escolarizado,https://www.dgae.unam.mx/Licenciatura2025/resultados/2/21005005.html,120,3202,2854,88,125,077269,70,,No seleccionado,,Consultar
2025,2,Licenciatura 2025,210,21005005,PSICOLOGIA,FES ZARAGOZA,Escolarizado,https://www.dgae.unam.mx/Licenciatura2025/resultados/2/21005005.html,120,3202,2854,88,125,077296,55,,No seleccionado,,Consultar
2025,2,Licenciatura 2025,210,21005005,PSICOLOGIA,FES ZARAGOZA,Escolarizado,https://www.dgae.unam.mx/Licenciatura2025/resultados/2/21005005.html,120,3202,2854,88,125,077301,57,,No seleccionado,,Consultar
2025,2,Licenciatura 2025,210,21005005,PSICOLOGIA,FES ZARAGOZA,Escolarizado,https://www.dgae.unam.mx/Licenciatura2025/resultados/2/21005005.html,120,3202,2854,88,125,077304,58,,No seleccionado,,Consultar
2025,2,Licenciatura 2025,210,21005005,PSICOLOGIA,FES ZARAGOZA,Escolarizado,https://www.dgae.unam.mx/Licenciatura2025/resultados/2/21005005.html,120,3202,2854,88,125,077310,37,,No seleccionado,,Consultar
2025,2,Licenciatura 2025,210,21005005,PSICOLOGIA,FES ZARAGOZA,Escolarizado,https://www.dgae.unam.mx/Licenciatura2025/resultados/2/21005005.html,120,3202,2854,88,125,077311,108,S,Seleccionado,Cita para entregar documentación.,Consultar
2025,2,Licenciatura 2025,210,21005005,PSICOLOGIA,FES ZARAGOZA,Escolarizado,https://www.dgae.unam.mx/Licenciatura2025/resultados/2/21005005.html,120,3202,2854,88,125,077326,48,,No seleccionado,,Consultar
2025,2,Licenciatura 2025,210,21005005,PSICOLOGIA,FES ZARAGOZA,Escolarizado,https://www.dgae.unam.mx/Licenciatura2025/resultados/2/21005005.html,120,3202,2854,88,125,077330,35,,No seleccionado,,Consultar
2025,2,Licenciatura 2025,210,21005005,PSICOLOGIA,FES ZARAGOZA,Escolarizado,https://www.dgae.unam.mx/Licenciatura2025/resultados/2/21005005.html,120,3202,2854,88,125,077332,53,,No seleccionado,,Consultar
2025,2,Licenciatura 2025,210,21005005,PSICOLOGIA,FES ZARAGOZA,Escolarizado,https://www.dgae.unam.mx/Licenciatura2025/resultados/2/21005005.html,120,3202,2854,88,125,077337,67,,No seleccionado,,Consultar
2025,2,Licenciatura 2025,210,21005005,PSICOLOGIA,FES ZARAGOZA,Escolarizado,https://www.dgae.unam.mx/Licenciatura2025/resultados/2/21005005.html,120,3202,2854,88,125,077338,55,,No seleccionado,,Consultar
2025,2,Licenciatura 2025,210,21005005,PSICOLOGIA,FES ZARAGOZA,Escolarizado,https://www.dgae.unam.mx/Licenciatura2025/resultados/2/21005005.html,120,3202,2854,88,125,077348,45,,No seleccionado,,Consultar
2025,2,Licenciatura 2025,210,21005005,PSICOLOGIA,FES ZARAGOZA,Escolarizado,https://www.dgae.unam.mx/Licenciatura2025/resultados/2/21005005.html,120,3202,2854,88,125,077351,87,,No seleccionado,,Consultar
2025,2,Licenciatura 2025,210,21005005,PSICOLOGIA,FES ZARAGOZA,Escolarizado,https://www.dgae.unam.mx/Licenciatura2025/resultados/2/21005005.html,120,3202,2854,88,125,077353,37,,No seleccionado,,Consultar
2025,2,Licenciatura 2025,210,21005005,PSICOLOGIA,FES ZARAGOZA,Escolarizado,https://www.dgae.unam.mx/Licenciatura2025/resultados/2/21005005.html,120,3202,2854,88,125,077360,46,,No seleccionado,,Consultar
2025,2,Licenciatura 2025,210,21005005,PSICOLOGIA,FES ZARAGOZA,Escolarizado,https://www.dgae.unam.mx/Licenciatura2025/resultados/2/21005005.html,120,3202,2854,88,125,077371,49,,No seleccionado,,Consultar
2025,2,Licenciatura 2025,210,21005005,PSICOLOGIA,FES ZARAGOZA,Escolarizado,https://www.dgae.unam.mx/Licenciatura2025/resultados/2/21005005.html,120,3202,2854,88,125,077378,33,,No seleccionado,,Consultar
2025,2,Licenciatura 2025,210,21005005,PSICOLOGIA,FES ZARAGOZA,Escolarizado,https://www.dgae.unam.mx/Licenciatura2025/resultados/2/21005005.html,120,3202,2854,88,125,077385,70,,No seleccionado,,Consultar
2025,2,Licenciatura 2025,210,21005005,PSICOLOGIA,FES ZARAGOZA,Escolarizado,https://www.dgae.unam.mx/Licenciatura2025/resultados/2/21005005.html,120,3202,2854,88,125,077393,49,,No seleccionado,,Consultar
2025,2,Licenciatura 2025,210,21005005,PSICOLOGIA,FES ZARAGOZA,Escolarizado,https://www.dgae.unam.mx/Licenciatura2025/resultados/2/21005005.html,120,3202,2854,88,125,077405,54,,No seleccionado,,Consultar
2025,2,Licenciatura 2025,210,21005005,PSICOLOGIA,FES ZARAGOZA,Escolarizado,https://www.dgae.unam.mx/Licenciatura2025/resultados/2/21005005.html,120,3202,2854,88,125,077409,49,,No seleccionado,,Consultar
2025,2,Licenciatura 2025,210,21005005,PSICOLOGIA,FES ZARAGOZA,Escolarizado,https://www.dgae.unam.mx/Licenciatura2025/resultados/2/21005005.html,120,3202,2854,88,125,077418,57,,No seleccionado,,Consultar
2025,2,Licenciatura 2025,210,21005005,PSICOLOGIA,FES ZARAGOZA,Escolarizado,https://www.dgae.unam.mx/Licenciatura2025/resultados/2/21005005.html,120,3202,2854,88,125,077428,36,,No seleccionado,,Consultar
2025,2,Licenciatura 2025,210,21005005,PSICOLOGIA,FES ZARAGOZA,Escolarizado,https://www.dgae.unam.mx/Licenciatura2025/resultados/2/21005005.html,120,3202,2854,88,125,077443,46,,No seleccionado,,Consultar
2025,2,Licenciatura 2025,210,21005005,PSICOLOGIA,FES ZARAGOZA,Escolarizado,https://www.dgae.unam.mx/Licenciatura2025/resultados/2/21005005.html,120,3202,2854,88,125,077445,55,,No seleccionado,,Consultar
2025,2,Licenciatura 2025,210,21005005,PSICOLOGIA,FES ZARAGOZA,Escolarizado,https://www.dgae.unam.mx/Licenciatura2025/resultados/2/21005005.html,120,3202,2854,88,125,077446,39,,No seleccionado,,Consultar
2025,2,Licenciatura 2025,210,21005005,PSICOLOGIA,FES ZARAGOZA,Escolarizado,https://www.dgae.unam.mx/Licenciatura2025/resultados/2/21005005.html,120,3202,2854,88,125,077455,35,,No seleccionado,,Consultar
2025,2,Licenciatura 2025,210,21005005,PSICOLOGIA,FES ZARAGOZA,Escolarizado,https://www.dgae.unam.mx/Licenciatura2025/resultados/2/21005005.html,120,3202,2854,88,125,077459,20,,No seleccionado,,Consultar
2025,2,Licenciatura 2025,210,21005005,PSICOLOGIA,FES ZARAGOZA,Escolarizado,https://www.dgae.unam.mx/Licenciatura2025/resultados/2/21005005.html,120,3202,2854,88,125,077467,27,,No seleccionado,,Consultar
2025,2,Licenciatura 2025,210,21005005,PSICOLOGIA,FES ZARAGOZA,Escolarizado,https://www.dgae.unam.mx/Licenciatura2025/resultados/2/21005005.html,120,3202,2854,88,125,077468,36,,No seleccionado,,Consultar
2025,2,Licenciatura 2025,210,21005005,PSICOLOGIA,FES ZARAGOZA,Escolarizado,https://www.dgae.unam.mx/Licenciatura2025/resultados/2/21005005.html,120,3202,2854,88,125,077470,30,,No seleccionado,,Consultar
2025,2,Licenciatura 2025,210,21005005,PSICOLOGIA,FES ZARAGOZA,Escolarizado,https://www.dgae.unam.mx/Licenciatura2025/resultados/2/21005005.html,120,3202,2854,88,125,077479,49,,No seleccionado,,Consultar
2025,2,Licenciatura 2025,210,21005005,PSICOLOGIA,FES ZARAGOZA,Escolarizado,https://www.dgae.unam.mx/Licenciatura2025/resultados/2/21005005.html,120,3202,2854,88,125,077484,43,,No seleccionado,,Consultar
2025,2,Licenciatura 2025,210,21005005,PSICOLOGIA,FES ZARAGOZA,Escolarizado,https://www.dgae.unam.mx/Licenciatura2025/resultados/2/21005005.html,120,3202,2854,88,125,077493,87,,No seleccionado,,Consultar
2025,2,Licenciatura 2025,210,21005005,PSICOLOGIA,FES ZARAGOZA,Escolarizado,https://www.dgae.unam.mx/Licenciatura2025/resultados/2/21005005.html,120,3202,2854,88,125,077495,38,,No seleccionado,,Consultar
2025,2,Licenciatura 2025,210,21005005,PSICOLOGIA,FES ZARAGOZA,Escolarizado,https://www.dgae.unam.mx/Licenciatura2025/resultados/2/21005005.html,120,3202,2854,88,125,077498,57,,No seleccionado,,Consultar
2025,2,Licenciatura 2025,210,21005005,PSICOLOGIA,FES ZARAGOZA,Escolarizado,https://www.dgae.unam.mx/Licenciatura2025/resultados/2/21005005.html,120,3202,2854,88,125,077508,45,,No seleccionado,,Consultar
2025,2,Licenciatura 2025,210,21005005,PSICOLOGIA,FES ZARAGOZA,Escolarizado,https://www.dgae.unam.mx/Licenciatura2025/resultados/2/21005005.html,120,3202,2854,88,125,077509,36,,No seleccionado,,Consultar
2025,2,Licenciatura 2025,210,21005005,PSICOLOGIA,FES ZARAGOZA,Escolarizado,https://www.dgae.unam.mx/Licenciatura2025/resultados/2/21005005.html,120,3202,2854,88,125,077511,46,,No seleccionado,,Consultar
2025,2,Licenciatura 2025,210,21005005,PSICOLOGIA,FES ZARAGOZA,Escolarizado,https://www.dgae.unam.mx/Licenciatura2025/resultados/2/21005005.html,120,3202,2854,88,125,077517,69,,No seleccionado,,Consultar
2025,2,Licenciatura 2025,210,21005005,PSICOLOGIA,FES ZARAGOZA,Escolarizado,https://www.dgae.unam.mx/Licenciatura2025/resultados/2/21005005.html,120,3202,2854,88,125,077532,60,,No seleccionado,,Consultar
2025,2,Licenciatura 2025,210,21005005,PSICOLOGIA,FES ZARAGOZA,Escolarizado,https://www.dgae.unam.mx/Licenciatura2025/resultados/2/21005005.html,120,3202,2854,88,125,077537,36,,No seleccionado,,Consultar
2025,2,Licenciatura 2025,210,21005005,PSICOLOGIA,FES ZARAGOZA,Escolarizado,https://www.dgae.unam.mx/Licenciatura2025/resultados/2/21005005.html,120,3202,2854,88,125,077543,42,,No seleccionado,,Consultar
2025,2,Licenciatura 2025,210,21005005,PSICOLOGIA,FES ZARAGOZA,Escolarizado,https://www.dgae.unam.mx/Licenciatura2025/resultados/2/21005005.html,120,3202,2854,88,125,077547,70,,No seleccionado,,Consultar
2025,2,Licenciatura 2025,210,21005005,PSICOLOGIA,FES ZARAGOZA,Escolarizado,https://www.dgae.unam.mx/Licenciatura2025/resultados/2/21005005.html,120,3202,2854,88,125,077558,69,,No seleccionado,,Consultar
2025,2,Licenciatura 2025,210,21005005,PSICOLOGIA,FES ZARAGOZA,Escolarizado,https://www.dgae.unam.mx/Licenciatura2025/resultados/2/21005005.html,120,3202,2854,88,125,077561,47,,No seleccionado,,Consultar
2025,2,Licenciatura 2025,210,21005005,PSICOLOGIA,FES ZARAGOZA,Escolarizado,https://www.dgae.unam.mx/Licenciatura2025/resultados/2/21005005.html,120,3202,2854,88,125,077562,,N,No presentado,,Consultar
2025,2,Licenciatura 2025,210,21005005,PSICOLOGIA,FES ZARAGOZA,Escolarizado,https://www.dgae.unam.mx/Licenciatura2025/resultados/2/21005005.html,120,3202,2854,88,125,077563,74,,No seleccionado,,Consultar
2025,2,Licenciatura 2025,210,21005005,PSICOLOGIA,FES ZARAGOZA,Escolarizado,https://www.dgae.unam.mx/Licenciatura2025/resultados/2/21005005.html,120,3202,2854,88,125,077565,87,,No seleccionado,,Consultar
2025,2,Licenciatura 2025,210,21005005,PSICOLOGIA,FES ZARAGOZA,Escolarizado,https://www.dgae.unam.mx/Licenciatura2025/resultados/2/21005005.html,120,3202,2854,88,125,077572,43,,No seleccionado,,Consultar
2025,2,Licenciatura 2025,210,21005005,PSICOLOGIA,FES ZARAGOZA,Escolarizado,https://www.dgae.unam.mx/Licenciatura2025/resultados/2/21005005.html,120,3202,2854,88,125,077574,52,,No seleccionado,,Consultar
2025,2,Licenciatura 2025,210,21005005,PSICOLOGIA,FES ZARAGOZA,Escolarizado,https://www.dgae.unam.mx/Licenciatura2025/resultados/2/21005005.html,120,3202,2854,88,125,077576,,N,No presentado,,Consultar
2025,2,Licenciatura 2025,210,21005005,PSICOLOGIA,FES ZARAGOZA,Escolarizado,https://www.dgae.unam.mx/Licenciatura2025/resultados/2/21005005.html,120,3202,2854,88,125,077583,105,S,Seleccionado,Cita para entregar documentación.,Consultar
2025,2,Licenciatura 2025,210,21005005,PSICOLOGIA,FES ZARAGOZA,Escolarizado,https://www.dgae.unam.mx/Licenciatura2025/resultados/2/21005005.html,120,3202,2854,88,125,077591,49,,No seleccionado,,Consultar
2025,2,Licenciatura 2025,210,21005005,PSICOLOGIA,FES ZARAGOZA,Escolarizado,https://www.dgae.unam.mx/Licenciatura2025/resultados/2/21005005.html,120,3202,2854,88,125,077607,34,,No seleccionado,,Consultar
2025,2,Licenciatura 2025,210,21005005,PSICOLOGIA,FES ZARAGOZA,Escolarizado,https://www.dgae.unam.mx/Licenciatura2025/resultados/2/21005005.html,120,3202,2854,88,125,077620,45,,No seleccionado,,Consultar
2025,2,Licenciatura 2025,210,21005005,PSICOLOGIA,FES ZARAGOZA,Escolarizado,https://www.dgae.unam.mx/Licenciatura2025/resultados/2/21005005.html,120,3202,2854,88,125,077625,27,,No seleccionado,,Consultar
2025,2,Licenciatura 2025,210,21005005,PSICOLOGIA,FES ZARAGOZA,Escolarizado,https://www.dgae.unam.mx/Licenciatura2025/resultados/2/21005005.html,120,3202,2854,88,125,077652,49,,No seleccionado,,Consultar
2025,2,Licenciatura 2025,210,21005005,PSICOLOGIA,FES ZARAGOZA,Escolarizado,https://www.dgae.unam.mx/Licenciatura2025/resultados/2/21005005.html,120,3202,2854,88,125,077659,,N,No presentado,,Consultar
2025,2,Licenciatura 2025,210,21005005,PSICOLOGIA,FES ZARAGOZA,Escolarizado,https://www.dgae.unam.mx/Licenciatura2025/resultados/2/21005005.html,120,3202,2854,88,125,077661,60,,No seleccionado,,Consultar
2025,2,Licenciatura 2025,210,21005005,PSICOLOGIA,FES ZARAGOZA,Escolarizado,https://www.dgae.unam.mx/Licenciatura2025/resultados/2/21005005.html,120,3202,2854,88,125,077689,57,,No seleccionado,,Consultar
2025,2,Licenciatura 2025,210,21005005,PSICOLOGIA,FES ZARAGOZA,Escolarizado,https://www.dgae.unam.mx/Licenciatura2025/resultados/2/21005005.html,120,3202,2854,88,125,077692,,N,No presentado,,Consultar
2025,2,Licenciatura 2025,210,21005005,PSICOLOGIA,FES ZARAGOZA,Escolarizado,https://www.dgae.unam.mx/Licenciatura2025/resultados/2/21005005.html,120,3202,2854,88,125,077698,31,,No seleccionado,,Consultar
2025,2,Licenciatura 2025,210,21005005,PSICOLOGIA,FES ZARAGOZA,Escolarizado,https://www.dgae.unam.mx/Licenciatura2025/resultados/2/21005005.html,120,3202,2854,88,125,077705,39,,No seleccionado,,Consultar
2025,2,Licenciatura 2025,210,21005005,PSICOLOGIA,FES ZARAGOZA,Escolarizado,https://www.dgae.unam.mx/Licenciatura2025/resultados/2/21005005.html,120,3202,2854,88,125,077706,57,,No seleccionado,,Consultar
2025,2,Licenciatura 2025,210,21005005,PSICOLOGIA,FES ZARAGOZA,Escolarizado,https://www.dgae.unam.mx/Licenciatura2025/resultados/2/21005005.html,120,3202,2854,88,125,077710,,,No seleccionado,Cita para aclarar situación escolar.,Consultar
2025,2,Licenciatura 2025,210,21005005,PSICOLOGIA,FES ZARAGOZA,Escolarizado,https://www.dgae.unam.mx/Licenciatura2025/resultados/2/21005005.html,120,3202,2854,88,125,077713,43,,No seleccionado,,Consultar
2025,2,Licenciatura 2025,210,21005005,PSICOLOGIA,FES ZARAGOZA,Escolarizado,https://www.dgae.unam.mx/Licenciatura2025/resultados/2/21005005.html,120,3202,2854,88,125,077718,67,,No seleccionado,,Consultar
2025,2,Licenciatura 2025,210,21005005,PSICOLOGIA,FES ZARAGOZA,Escolarizado,https://www.dgae.unam.mx/Licenciatura2025/resultados/2/21005005.html,120,3202,2854,88,125,077723,32,,No seleccionado,,Consultar
2025,2,Licenciatura 2025,210,21005005,PSICOLOGIA,FES ZARAGOZA,Escolarizado,https://www.dgae.unam.mx/Licenciatura2025/resultados/2/21005005.html,120,3202,2854,88,125,077724,61,,No seleccionado,,Consultar
2025,2,Licenciatura 2025,210,21005005,PSICOLOGIA,FES ZARAGOZA,Escolarizado,https://www.dgae.unam.mx/Licenciatura2025/resultados/2/21005005.html,120,3202,2854,88,125,077731,36,,No seleccionado,,Consultar
2025,2,Licenciatura 2025,210,21005005,PSICOLOGIA,FES ZARAGOZA,Escolarizado,https://www.dgae.unam.mx/Licenciatura2025/resultados/2/21005005.html,120,3202,2854,88,125,077735,40,,No seleccionado,,Consultar
2025,2,Licenciatura 2025,210,21005005,PSICOLOGIA,FES ZARAGOZA,Escolarizado,https://www.dgae.unam.mx/Licenciatura2025/resultados/2/21005005.html,120,3202,2854,88,125,077746,63,,No seleccionado,,Consultar
2025,2,Licenciatura 2025,210,21005005,PSICOLOGIA,FES ZARAGOZA,Escolarizado,https://www.dgae.unam.mx/Licenciatura2025/resultados/2/21005005.html,120,3202,2854,88,125,077754,41,,No seleccionado,,Consultar
2025,2,Licenciatura 2025,210,21005005,PSICOLOGIA,FES ZARAGOZA,Escolarizado,https://www.dgae.unam.mx/Licenciatura2025/resultados/2/21005005.html,120,3202,2854,88,125,077758,28,,No seleccionado,,Consultar
2025,2,Licenciatura 2025,210,21005005,PSICOLOGIA,FES ZARAGOZA,Escolarizado,https://www.dgae.unam.mx/Licenciatura2025/resultados/2/21005005.html,120,3202,2854,88,125,077765,32,,No seleccionado,,Consultar
2025,2,Licenciatura 2025,210,21005005,PSICOLOGIA,FES ZARAGOZA,Escolarizado,https://www.dgae.unam.mx/Licenciatura2025/resultados/2/21005005.html,120,3202,2854,88,125,077768,,N,No presentado,,Consultar
2025,2,Licenciatura 2025,210,21005005,PSICOLOGIA,FES ZARAGOZA,Escolarizado,https://www.dgae.unam.mx/Licenciatura2025/resultados/2/21005005.html,120,3202,2854,88,125,077771,49,,No seleccionado,,Consultar
2025,2,Licenciatura 2025,210,21005005,PSICOLOGIA,FES ZARAGOZA,Escolarizado,https://www.dgae.unam.mx/Licenciatura2025/resultados/2/21005005.html,120,3202,2854,88,125,077802,40,,No seleccionado,,Consultar
2025,2,Licenciatura 2025,210,21005005,PSICOLOGIA,FES ZARAGOZA,Escolarizado,https://www.dgae.unam.mx/Licenciatura2025/resultados/2/21005005.html,120,3202,2854,88,125,077803,,N,No presentado,,Consultar
2025,2,Licenciatura 2025,210,21005005,PSICOLOGIA,FES ZARAGOZA,Escolarizado,https://www.dgae.unam.mx/Licenciatura2025/resultados/2/21005005.html,120,3202,2854,88,125,077805,41,,No seleccionado,,Consultar
2025,2,Licenciatura 2025,210,21005005,PSICOLOGIA,FES ZARAGOZA,Escolarizado,https://www.dgae.unam.mx/Licenciatura2025/resultados/2/21005005.html,120,3202,2854,88,125,077818,31,,No seleccionado,,Consultar
2025,2,Licenciatura 2025,210,21005005,PSICOLOGIA,FES ZARAGOZA,Escolarizado,https://www.dgae.unam.mx/Licenciatura2025/resultados/2/21005005.html,120,3202,2854,88,125,077839,42,,No seleccionado,,Consultar
2025,2,Licenciatura 2025,210,21005005,PSICOLOGIA,FES ZARAGOZA,Escolarizado,https://www.dgae.unam.mx/Licenciatura2025/resultados/2/21005005.html,120,3202,2854,88,125,077842,29,,No seleccionado,,Consultar
2025,2,Licenciatura 2025,210,21005005,PSICOLOGIA,FES ZARAGOZA,Escolarizado,https://www.dgae.unam.mx/Licenciatura2025/resultados/2/21005005.html,120,3202,2854,88,125,077850,50,,No seleccionado,,Consultar
2025,2,Licenciatura 2025,210,21005005,PSICOLOGIA,FES ZARAGOZA,Escolarizado,https://www.dgae.unam.mx/Licenciatura2025/resultados/2/21005005.html,120,3202,2854,88,125,077868,43,,No seleccionado,,Consultar
2025,2,Licenciatura 2025,210,21005005,PSICOLOGIA,FES ZARAGOZA,Escolarizado,https://www.dgae.unam.mx/Licenciatura2025/resultados/2/21005005.html,120,3202,2854,88,125,077873,40,,No seleccionado,,Consultar
2025,2,Licenciatura 2025,210,21005005,PSICOLOGIA,FES ZARAGOZA,Escolarizado,https://www.dgae.unam.mx/Licenciatura2025/resultados/2/21005005.html,120,3202,2854,88,125,077891,39,,No seleccionado,,Consultar
2025,2,Licenciatura 2025,210,21005005,PSICOLOGIA,FES ZARAGOZA,Escolarizado,https://www.dgae.unam.mx/Licenciatura2025/resultados/2/21005005.html,120,3202,2854,88,125,077893,,N,No presentado,,Consultar
2025,2,Licenciatura 2025,210,21005005,PSICOLOGIA,FES ZARAGOZA,Escolarizado,https://www.dgae.unam.mx/Licenciatura2025/resultados/2/21005005.html,120,3202,2854,88,125,077896,31,,No seleccionado,,Consultar
2025,2,Licenciatura 2025,210,21005005,PSICOLOGIA,FES ZARAGOZA,Escolarizado,https://www.dgae.unam.mx/Licenciatura2025/resultados/2/21005005.html,120,3202,2854,88,125,077904,55,,No seleccionado,,Consultar
2025,2,Licenciatura 2025,210,21005005,PSICOLOGIA,FES ZARAGOZA,Escolarizado,https://www.dgae.unam.mx/Licenciatura2025/resultados/2/21005005.html,120,3202,2854,88,125,077910,78,,No seleccionado,,Consultar
2025,2,Licenciatura 2025,210,21005005,PSICOLOGIA,FES ZARAGOZA,Escolarizado,https://www.dgae.unam.mx/Licenciatura2025/resultados/2/21005005.html,120,3202,2854,88,125,077920,,N,No presentado,,Consultar
2025,2,Licenciatura 2025,210,21005005,PSICOLOGIA,FES ZARAGOZA,Escolarizado,https://www.dgae.unam.mx/Licenciatura2025/resultados/2/21005005.html,120,3202,2854,88,125,077923,,N,No presentado,,Consultar
2025,2,Licenciatura 2025,210,21005005,PSICOLOGIA,FES ZARAGOZA,Escolarizado,https://www.dgae.unam.mx/Licenciatura2025/resultados/2/21005005.html,120,3202,2854,88,125,077944,87,,No seleccionado,,Consultar
2025,2,Licenciatura 2025,210,21005005,PSICOLOGIA,FES ZARAGOZA,Escolarizado,https://www.dgae.unam.mx/Licenciatura2025/resultados/2/21005005.html,120,3202,2854,88,125,077957,34,,No seleccionado,,Consultar
2025,2,Licenciatura 2025,210,21005005,PSICOLOGIA,FES ZARAGOZA,Escolarizado,https://www.dgae.unam.mx/Licenciatura2025/resultados/2/21005005.html,120,3202,2854,88,125,077965,65,,No seleccionado,,Consultar
2025,2,Licenciatura 2025,210,21005005,PSICOLOGIA,FES ZARAGOZA,Escolarizado,https://www.dgae.unam.mx/Licenciatura2025/resultados/2/21005005.html,120,3202,2854,88,125,077966,57,,No seleccionado,,Consultar
2025,2,Licenciatura 2025,210,21005005,PSICOLOGIA,FES ZARAGOZA,Escolarizado,https://www.dgae.unam.mx/Licenciatura2025/resultados/2/21005005.html,120,3202,2854,88,125,077967,31,,No seleccionado,,Consultar
2025,2,Licenciatura 2025,210,21005005,PSICOLOGIA,FES ZARAGOZA,Escolarizado,https://www.dgae.unam.mx/Licenciatura2025/resultados/2/21005005.html,120,3202,2854,88,125,077986,,N,No presentado,,Consultar
2025,2,Licenciatura 2025,210,21005005,PSICOLOGIA,FES ZARAGOZA,Escolarizado,https://www.dgae.unam.mx/Licenciatura2025/resultados/2/21005005.html,120,3202,2854,88,125,078052,50,,No seleccionado,,Consultar
2025,2,Licenciatura 2025,210,21005005,PSICOLOGIA,FES ZARAGOZA,Escolarizado,https://www.dgae.unam.mx/Licenciatura2025/resultados/2/21005005.html,120,3202,2854,88,125,078065,33,,No seleccionado,,Consultar
2025,2,Licenciatura 2025,210,21005005,PSICOLOGIA,FES ZARAGOZA,Escolarizado,https://www.dgae.unam.mx/Licenciatura2025/resultados/2/21005005.html,120,3202,2854,88,125,078070,59,,No seleccionado,,Consultar
2025,2,Licenciatura 2025,210,21005005,PSICOLOGIA,FES ZARAGOZA,Escolarizado,https://www.dgae.unam.mx/Licenciatura2025/resultados/2/21005005.html,120,3202,2854,88,125,078074,42,,No seleccionado,,Consultar
2025,2,Licenciatura 2025,210,21005005,PSICOLOGIA,FES ZARAGOZA,Escolarizado,https://www.dgae.unam.mx/Licenciatura2025/resultados/2/21005005.html,120,3202,2854,88,125,078077,45,,No seleccionado,,Consultar
2025,2,Licenciatura 2025,210,21005005,PSICOLOGIA,FES ZARAGOZA,Escolarizado,https://www.dgae.unam.mx/Licenciatura2025/resultados/2/21005005.html,120,3202,2854,88,125,078088,30,,No seleccionado,,Consultar
2025,2,Licenciatura 2025,210,21005005,PSICOLOGIA,FES ZARAGOZA,Escolarizado,https://www.dgae.unam.mx/Licenciatura2025/resultados/2/21005005.html,120,3202,2854,88,125,078105,52,,No seleccionado,,Consultar
2025,2,Licenciatura 2025,210,21005005,PSICOLOGIA,FES ZARAGOZA,Escolarizado,https://www.dgae.unam.mx/Licenciatura2025/resultados/2/21005005.html,120,3202,2854,88,125,078135,55,,No seleccionado,,Consultar
2025,2,Licenciatura 2025,210,21005005,PSICOLOGIA,FES ZARAGOZA,Escolarizado,https://www.dgae.unam.mx/Licenciatura2025/resultados/2/21005005.html,120,3202,2854,88,125,078155,39,,No seleccionado,,Consultar
2025,2,Licenciatura 2025,210,21005005,PSICOLOGIA,FES ZARAGOZA,Escolarizado,https://www.dgae.unam.mx/Licenciatura2025/resultados/2/21005005.html,120,3202,2854,88,125,078156,57,,No seleccionado,,Consultar
2025,2,Licenciatura 2025,210,21005005,PSICOLOGIA,FES ZARAGOZA,Escolarizado,https://www.dgae.unam.mx/Licenciatura2025/resultados/2/21005005.html,120,3202,2854,88,125,078160,60,,No seleccionado,,Consultar
2025,2,Licenciatura 2025,210,21005005,PSICOLOGIA,FES ZARAGOZA,Escolarizado,https://www.dgae.unam.mx/Licenciatura2025/resultados/2/21005005.html,120,3202,2854,88,125,078167,40,,No seleccionado,,Consultar
2025,2,Licenciatura 2025,210,21005005,PSICOLOGIA,FES ZARAGOZA,Escolarizado,https://www.dgae.unam.mx/Licenciatura2025/resultados/2/21005005.html,120,3202,2854,88,125,078182,45,,No seleccionado,,Consultar
2025,2,Licenciatura 2025,210,21005005,PSICOLOGIA,FES ZARAGOZA,Escolarizado,https://www.dgae.unam.mx/Licenciatura2025/resultados/2/21005005.html,120,3202,2854,88,125,078185,,N,No presentado,,Consultar
2025,2,Licenciatura 2025,210,21005005,PSICOLOGIA,FES ZARAGOZA,Escolarizado,https://www.dgae.unam.mx/Licenciatura2025/resultados/2/21005005.html,120,3202,2854,88,125,078196,59,,No seleccionado,,Consultar
2025,2,Licenciatura 2025,210,21005005,PSICOLOGIA,FES ZARAGOZA,Escolarizado,https://www.dgae.unam.mx/Licenciatura2025/resultados/2/21005005.html,120,3202,2854,88,125,078203,46,,No seleccionado,,Consultar
2025,2,Licenciatura 2025,210,21005005,PSICOLOGIA,FES ZARAGOZA,Escolarizado,https://www.dgae.unam.mx/Licenciatura2025/resultados/2/21005005.html,120,3202,2854,88,125,078204,66,,No seleccionado,,Consultar
2025,2,Licenciatura 2025,210,21005005,PSICOLOGIA,FES ZARAGOZA,Escolarizado,https://www.dgae.unam.mx/Licenciatura2025/resultados/2/21005005.html,120,3202,2854,88,125,078212,68,,No seleccionado,,Consultar
2025,2,Licenciatura 2025,210,21005005,PSICOLOGIA,FES ZARAGOZA,Escolarizado,https://www.dgae.unam.mx/Licenciatura2025/resultados/2/21005005.html,120,3202,2854,88,125,078217,55,,No seleccionado,,Consultar
2025,2,Licenciatura 2025,210,21005005,PSICOLOGIA,FES ZARAGOZA,Escolarizado,https://www.dgae.unam.mx/Licenciatura2025/resultados/2/21005005.html,120,3202,2854,88,125,078220,47,,No seleccionado,,Consultar
2025,2,Licenciatura 2025,210,21005005,PSICOLOGIA,FES ZARAGOZA,Escolarizado,https://www.dgae.unam.mx/Licenciatura2025/resultados/2/21005005.html,120,3202,2854,88,125,078221,25,,No seleccionado,,Consultar
2025,2,Licenciatura 2025,210,21005005,PSICOLOGIA,FES ZARAGOZA,Escolarizado,https://www.dgae.unam.mx/Licenciatura2025/resultados/2/21005005.html,120,3202,2854,88,125,078256,,N,No presentado,,Consultar
2025,2,Licenciatura 2025,210,21005005,PSICOLOGIA,FES ZARAGOZA,Escolarizado,https://www.dgae.unam.mx/Licenciatura2025/resultados/2/21005005.html,120,3202,2854,88,125,078268,49,,No seleccionado,,Consultar
2025,2,Licenciatura 2025,210,21005005,PSICOLOGIA,FES ZARAGOZA,Escolarizado,https://www.dgae.unam.mx/Licenciatura2025/resultados/2/21005005.html,120,3202,2854,88,125,078271,44,,No seleccionado,,Consultar
2025,2,Licenciatura 2025,210,21005005,PSICOLOGIA,FES ZARAGOZA,Escolarizado,https://www.dgae.unam.mx/Licenciatura2025/resultados/2/21005005.html,120,3202,2854,88,125,078276,71,,No seleccionado,,Consultar
2025,2,Licenciatura 2025,210,21005005,PSICOLOGIA,FES ZARAGOZA,Escolarizado,https://www.dgae.unam.mx/Licenciatura2025/resultados/2/21005005.html,120,3202,2854,88,125,078299,,N,No presentado,,Consultar
2025,2,Licenciatura 2025,210,21005005,PSICOLOGIA,FES ZARAGOZA,Escolarizado,https://www.dgae.unam.mx/Licenciatura2025/resultados/2/21005005.html,120,3202,2854,88,125,078318,81,,No seleccionado,,Consultar
2025,2,Licenciatura 2025,210,21005005,PSICOLOGIA,FES ZARAGOZA,Escolarizado,https://www.dgae.unam.mx/Licenciatura2025/resultados/2/21005005.html,120,3202,2854,88,125,078328,97,S,Seleccionado,Cita para entregar documentación.,Consultar
2025,2,Licenciatura 2025,210,21005005,PSICOLOGIA,FES ZARAGOZA,Escolarizado,https://www.dgae.unam.mx/Licenciatura2025/resultados/2/21005005.html,120,3202,2854,88,125,078335,45,,No seleccionado,,Consultar
2025,2,Licenciatura 2025,210,21005005,PSICOLOGIA,FES ZARAGOZA,Escolarizado,https://www.dgae.unam.mx/Licenciatura2025/resultados/2/21005005.html,120,3202,2854,88,125,078349,33,,No seleccionado,,Consultar
2025,2,Licenciatura 2025,210,21005005,PSICOLOGIA,FES ZARAGOZA,Escolarizado,https://www.dgae.unam.mx/Licenciatura2025/resultados/2/21005005.html,120,3202,2854,88,125,078353,33,,No seleccionado,,Consultar
2025,2,Licenciatura 2025,210,21005005,PSICOLOGIA,FES ZARAGOZA,Escolarizado,https://www.dgae.unam.mx/Licenciatura2025/resultados/2/21005005.html,120,3202,2854,88,125,078361,,N,No presentado,,Consultar
2025,2,Licenciatura 2025,210,21005005,PSICOLOGIA,FES ZARAGOZA,Escolarizado,https://www.dgae.unam.mx/Licenciatura2025/resultados/2/21005005.html,120,3202,2854,88,125,078362,105,S,Seleccionado,Cita para entregar documentación.,Consultar
2025,2,Licenciatura 2025,210,21005005,PSICOLOGIA,FES ZARAGOZA,Escolarizado,https://www.dgae.unam.mx/Licenciatura2025/resultados/2/21005005.html,120,3202,2854,88,125,078376,37,,No seleccionado,,Consultar
2025,2,Licenciatura 2025,210,21005005,PSICOLOGIA,FES ZARAGOZA,Escolarizado,https://www.dgae.unam.mx/Licenciatura2025/resultados/2/21005005.html,120,3202,2854,88,125,078388,31,,No seleccionado,,Consultar
2025,2,Licenciatura 2025,210,21005005,PSICOLOGIA,FES ZARAGOZA,Escolarizado,https://www.dgae.unam.mx/Licenciatura2025/resultados/2/21005005.html,120,3202,2854,88,125,078406,54,,No seleccionado,,Consultar
2025,2,Licenciatura 2025,210,21005005,PSICOLOGIA,FES ZARAGOZA,Escolarizado,https://www.dgae.unam.mx/Licenciatura2025/resultados/2/21005005.html,120,3202,2854,88,125,078419,48,,No seleccionado,,Consultar
2025,2,Licenciatura 2025,210,21005005,PSICOLOGIA,FES ZARAGOZA,Escolarizado,https://www.dgae.unam.mx/Licenciatura2025/resultados/2/21005005.html,120,3202,2854,88,125,078424,49,,No seleccionado,,Consultar
2025,2,Licenciatura 2025,210,21005005,PSICOLOGIA,FES ZARAGOZA,Escolarizado,https://www.dgae.unam.mx/Licenciatura2025/resultados/2/21005005.html,120,3202,2854,88,125,078436,67,,No seleccionado,,Consultar
2025,2,Licenciatura 2025,210,21005005,PSICOLOGIA,FES ZARAGOZA,Escolarizado,https://www.dgae.unam.mx/Licenciatura2025/resultados/2/21005005.html,120,3202,2854,88,125,078445,52,,No seleccionado,,Consultar
2025,2,Licenciatura 2025,210,21005005,PSICOLOGIA,FES ZARAGOZA,Escolarizado,https://www.dgae.unam.mx/Licenciatura2025/resultados/2/21005005.html,120,3202,2854,88,125,078489,47,,No seleccionado,,Consultar
2025,2,Licenciatura 2025,210,21005005,PSICOLOGIA,FES ZARAGOZA,Escolarizado,https://www.dgae.unam.mx/Licenciatura2025/resultados/2/21005005.html,120,3202,2854,88,125,078502,43,,No seleccionado,,Consultar
2025,2,Licenciatura 2025,210,21005005,PSICOLOGIA,FES ZARAGOZA,Escolarizado,https://www.dgae.unam.mx/Licenciatura2025/resultados/2/21005005.html,120,3202,2854,88,125,078503,34,,No seleccionado,,Consultar
2025,2,Licenciatura 2025,210,21005005,PSICOLOGIA,FES ZARAGOZA,Escolarizado,https://www.dgae.unam.mx/Licenciatura2025/resultados/2/21005005.html,120,3202,2854,88,125,078520,38,,No seleccionado,,Consultar
2025,2,Licenciatura 2025,210,21005005,PSICOLOGIA,FES ZARAGOZA,Escolarizado,https://www.dgae.unam.mx/Licenciatura2025/resultados/2/21005005.html,120,3202,2854,88,125,078531,,N,No presentado,,Consultar
2025,2,Licenciatura 2025,210,21005005,PSICOLOGIA,FES ZARAGOZA,Escolarizado,https://www.dgae.unam.mx/Licenciatura2025/resultados/2/21005005.html,120,3202,2854,88,125,078533,43,,No seleccionado,,Consultar
2025,2,Licenciatura 2025,210,21005005,PSICOLOGIA,FES ZARAGOZA,Escolarizado,https://www.dgae.unam.mx/Licenciatura2025/resultados/2/21005005.html,120,3202,2854,88,125,078539,91,S,Seleccionado,Cita para entregar documentación.,Consultar
2025,2,Licenciatura 2025,210,21005005,PSICOLOGIA,FES ZARAGOZA,Escolarizado,https://www.dgae.unam.mx/Licenciatura2025/resultados/2/21005005.html,120,3202,2854,88,125,078551,37,,No seleccionado,,Consultar
2025,2,Licenciatura 2025,210,21005005,PSICOLOGIA,FES ZARAGOZA,Escolarizado,https://www.dgae.unam.mx/Licenciatura2025/resultados/2/21005005.html,120,3202,2854,88,125,078560,37,,No seleccionado,,Consultar
2025,2,Licenciatura 2025,210,21005005,PSICOLOGIA,FES ZARAGOZA,Escolarizado,https://www.dgae.unam.mx/Licenciatura2025/resultados/2/21005005.html,120,3202,2854,88,125,078564,47,,No seleccionado,,Consultar
2025,2,Licenciatura 2025,210,21005005,PSICOLOGIA,FES ZARAGOZA,Escolarizado,https://www.dgae.unam.mx/Licenciatura2025/resultados/2/21005005.html,120,3202,2854,88,125,078567,,N,No presentado,,Consultar
2025,2,Licenciatura 2025,210,21005005,PSICOLOGIA,FES ZARAGOZA,Escolarizado,https://www.dgae.unam.mx/Licenciatura2025/resultados/2/21005005.html,120,3202,2854,88,125,078569,,N,No presentado,,Consultar
2025,2,Licenciatura 2025,210,21005005,PSICOLOGIA,FES ZARAGOZA,Escolarizado,https://www.dgae.unam.mx/Licenciatura2025/resultados/2/21005005.html,120,3202,2854,88,125,078571,,N,No presentado,,Consultar
2025,2,Licenciatura 2025,210,21005005,PSICOLOGIA,FES ZARAGOZA,Escolarizado,https://www.dgae.unam.mx/Licenciatura2025/resultados/2/21005005.html,120,3202,2854,88,125,078574,34,,No seleccionado,,Consultar
2025,2,Licenciatura 2025,210,21005005,PSICOLOGIA,FES ZARAGOZA,Escolarizado,https://www.dgae.unam.mx/Licenciatura2025/resultados/2/21005005.html,120,3202,2854,88,125,078577,69,,No seleccionado,,Consultar
2025,2,Licenciatura 2025,210,21005005,PSICOLOGIA,FES ZARAGOZA,Escolarizado,https://www.dgae.unam.mx/Licenciatura2025/resultados/2/21005005.html,120,3202,2854,88,125,078582,30,,No seleccionado,,Consultar
2025,2,Licenciatura 2025,210,21005005,PSICOLOGIA,FES ZARAGOZA,Escolarizado,https://www.dgae.unam.mx/Licenciatura2025/resultados/2/21005005.html,120,3202,2854,88,125,078586,32,,No seleccionado,,Consultar
2025,2,Licenciatura 2025,210,21005005,PSICOLOGIA,FES ZARAGOZA,Escolarizado,https://www.dgae.unam.mx/Licenciatura2025/resultados/2/21005005.html,120,3202,2854,88,125,078616,45,,No seleccionado,,Consultar
2025,2,Licenciatura 2025,210,21005005,PSICOLOGIA,FES ZARAGOZA,Escolarizado,https://www.dgae.unam.mx/Licenciatura2025/resultados/2/21005005.html,120,3202,2854,88,125,078625,40,,No seleccionado,,Consultar
2025,2,Licenciatura 2025,210,21005005,PSICOLOGIA,FES ZARAGOZA,Escolarizado,https://www.dgae.unam.mx/Licenciatura2025/resultados/2/21005005.html,120,3202,2854,88,125,078652,43,,No seleccionado,,Consultar
2025,2,Licenciatura 2025,210,21005005,PSICOLOGIA,FES ZARAGOZA,Escolarizado,https://www.dgae.unam.mx/Licenciatura2025/resultados/2/21005005.html,120,3202,2854,88,125,078658,62,,No seleccionado,,Consultar
2025,2,Licenciatura 2025,210,21005005,PSICOLOGIA,FES ZARAGOZA,Escolarizado,https://www.dgae.unam.mx/Licenciatura2025/resultados/2/21005005.html,120,3202,2854,88,125,078666,,N,No presentado,,Consultar
2025,2,Licenciatura 2025,210,21005005,PSICOLOGIA,FES ZARAGOZA,Escolarizado,https://www.dgae.unam.mx/Licenciatura2025/resultados/2/21005005.html,120,3202,2854,88,125,078668,51,,No seleccionado,,Consultar
2025,2,Licenciatura 2025,210,21005005,PSICOLOGIA,FES ZARAGOZA,Escolarizado,https://www.dgae.unam.mx/Licenciatura2025/resultados/2/21005005.html,120,3202,2854,88,125,078679,,N,No presentado,,Consultar
2025,2,Licenciatura 2025,210,21005005,PSICOLOGIA,FES ZARAGOZA,Escolarizado,https://www.dgae.unam.mx/Licenciatura2025/resultados/2/21005005.html,120,3202,2854,88,125,078682,46,,No seleccionado,,Consultar
2025,2,Licenciatura 2025,210,21005005,PSICOLOGIA,FES ZARAGOZA,Escolarizado,https://www.dgae.unam.mx/Licenciatura2025/resultados/2/21005005.html,120,3202,2854,88,125,078702,40,,No seleccionado,,Consultar
2025,2,Licenciatura 2025,210,21005005,PSICOLOGIA,FES ZARAGOZA,Escolarizado,https://www.dgae.unam.mx/Licenciatura2025/resultados/2/21005005.html,120,3202,2854,88,125,078717,52,,No seleccionado,,Consultar
2025,2,Licenciatura 2025,210,21005005,PSICOLOGIA,FES ZARAGOZA,Escolarizado,https://www.dgae.unam.mx/Licenciatura2025/resultados/2/21005005.html,120,3202,2854,88,125,078720,31,,No seleccionado,,Consultar
2025,2,Licenciatura 2025,210,21005005,PSICOLOGIA,FES ZARAGOZA,Escolarizado,https://www.dgae.unam.mx/Licenciatura2025/resultados/2/21005005.html,120,3202,2854,88,125,078742,36,,No seleccionado,,Consultar
2025,2,Licenciatura 2025,210,21005005,PSICOLOGIA,FES ZARAGOZA,Escolarizado,https://www.dgae.unam.mx/Licenciatura2025/resultados/2/21005005.html,120,3202,2854,88,125,078765,86,,No seleccionado,,Consultar
2025,2,Licenciatura 2025,210,21005005,PSICOLOGIA,FES ZARAGOZA,Escolarizado,https://www.dgae.unam.mx/Licenciatura2025/resultados/2/21005005.html,120,3202,2854,88,125,078768,,N,No presentado,,Consultar
2025,2,Licenciatura 2025,210,21005005,PSICOLOGIA,FES ZARAGOZA,Escolarizado,https://www.dgae.unam.mx/Licenciatura2025/resultados/2/21005005.html,120,3202,2854,88,125,078772,42,,No seleccionado,,Consultar
2025,2,Licenciatura 2025,210,21005005,PSICOLOGIA,FES ZARAGOZA,Escolarizado,https://www.dgae.unam.mx/Licenciatura2025/resultados/2/21005005.html,120,3202,2854,88,125,078785,99,S,Seleccionado,,Consultar
2025,2,Licenciatura 2025,210,21005005,PSICOLOGIA,FES ZARAGOZA,Escolarizado,https://www.dgae.unam.mx/Licenciatura2025/resultados/2/21005005.html,120,3202,2854,88,125,078790,69,,No seleccionado,,Consultar
2025,2,Licenciatura 2025,210,21005005,PSICOLOGIA,FES ZARAGOZA,Escolarizado,https://www.dgae.unam.mx/Licenciatura2025/resultados/2/21005005.html,120,3202,2854,88,125,078803,34,,No seleccionado,,Consultar
2025,2,Licenciatura 2025,210,21005005,PSICOLOGIA,FES ZARAGOZA,Escolarizado,https://www.dgae.unam.mx/Licenciatura2025/resultados/2/21005005.html,120,3202,2854,88,125,078809,45,,No seleccionado,,Consultar
2025,2,Licenciatura 2025,210,21005005,PSICOLOGIA,FES ZARAGOZA,Escolarizado,https://www.dgae.unam.mx/Licenciatura2025/resultados/2/21005005.html,120,3202,2854,88,125,078826,92,S,Seleccionado,Cita para entregar documentación.,Consultar
2025,2,Licenciatura 2025,210,21005005,PSICOLOGIA,FES ZARAGOZA,Escolarizado,https://www.dgae.unam.mx/Licenciatura2025/resultados/2/21005005.html,120,3202,2854,88,125,078841,46,,No seleccionado,,Consultar
2025,2,Licenciatura 2025,210,21005005,PSICOLOGIA,FES ZARAGOZA,Escolarizado,https://www.dgae.unam.mx/Licenciatura2025/resultados/2/21005005.html,120,3202,2854,88,125,078842,43,,No seleccionado,,Consultar
2025,2,Licenciatura 2025,210,21005005,PSICOLOGIA,FES ZARAGOZA,Escolarizado,https://www.dgae.unam.mx/Licenciatura2025/resultados/2/21005005.html,120,3202,2854,88,125,078845,45,,No seleccionado,,Consultar
2025,2,Licenciatura 2025,210,21005005,PSICOLOGIA,FES ZARAGOZA,Escolarizado,https://www.dgae.unam.mx/Licenciatura2025/resultados/2/21005005.html,120,3202,2854,88,125,078848,,N,No presentado,,Consultar
2025,2,Licenciatura 2025,210,21005005,PSICOLOGIA,FES ZARAGOZA,Escolarizado,https://www.dgae.unam.mx/Licenciatura2025/resultados/2/21005005.html,120,3202,2854,88,125,078849,66,,No seleccionado,,Consultar
2025,2,Licenciatura 2025,210,21005005,PSICOLOGIA,FES ZARAGOZA,Escolarizado,https://www.dgae.unam.mx/Licenciatura2025/resultados/2/21005005.html,120,3202,2854,88,125,078854,46,,No seleccionado,,Consultar
2025,2,Licenciatura 2025,210,21005005,PSICOLOGIA,FES ZARAGOZA,Escolarizado,https://www.dgae.unam.mx/Licenciatura2025/resultados/2/21005005.html,120,3202,2854,88,125,078858,34,,No seleccionado,,Consultar
2025,2,Licenciatura 2025,210,21005005,PSICOLOGIA,FES ZARAGOZA,Escolarizado,https://www.dgae.unam.mx/Licenciatura2025/resultados/2/21005005.html,120,3202,2854,88,125,078864,38,,No seleccionado,,Consultar
2025,2,Licenciatura 2025,210,21005005,PSICOLOGIA,FES ZARAGOZA,Escolarizado,https://www.dgae.unam.mx/Licenciatura2025/resultados/2/21005005.html,120,3202,2854,88,125,078872,43,,No seleccionado,,Consultar
2025,2,Licenciatura 2025,210,21005005,PSICOLOGIA,FES ZARAGOZA,Escolarizado,https://www.dgae.unam.mx/Licenciatura2025/resultados/2/21005005.html,120,3202,2854,88,125,078875,37,,No seleccionado,,Consultar
2025,2,Licenciatura 2025,210,21005005,PSICOLOGIA,FES ZARAGOZA,Escolarizado,https://www.dgae.unam.mx/Licenciatura2025/resultados/2/21005005.html,120,3202,2854,88,125,078888,50,,No seleccionado,,Consultar
2025,2,Licenciatura 2025,210,21005005,PSICOLOGIA,FES ZARAGOZA,Escolarizado,https://www.dgae.unam.mx/Licenciatura2025/resultados/2/21005005.html,120,3202,2854,88,125,078894,65,,No seleccionado,,Consultar
2025,2,Licenciatura 2025,210,21005005,PSICOLOGIA,FES ZARAGOZA,Escolarizado,https://www.dgae.unam.mx/Licenciatura2025/resultados/2/21005005.html,120,3202,2854,88,125,078896,61,,No seleccionado,,Consultar
2025,2,Licenciatura 2025,210,21005005,PSICOLOGIA,FES ZARAGOZA,Escolarizado,https://www.dgae.unam.mx/Licenciatura2025/resultados/2/21005005.html,120,3202,2854,88,125,078902,72,,No seleccionado,,Consultar
2025,2,Licenciatura 2025,210,21005005,PSICOLOGIA,FES ZARAGOZA,Escolarizado,https://www.dgae.unam.mx/Licenciatura2025/resultados/2/21005005.html,120,3202,2854,88,125,078916,51,,No seleccionado,,Consultar
2025,2,Licenciatura 2025,210,21005005,PSICOLOGIA,FES ZARAGOZA,Escolarizado,https://www.dgae.unam.mx/Licenciatura2025/resultados/2/21005005.html,120,3202,2854,88,125,078925,67,,No seleccionado,,Consultar
2025,2,Licenciatura 2025,210,21005005,PSICOLOGIA,FES ZARAGOZA,Escolarizado,https://www.dgae.unam.mx/Licenciatura2025/resultados/2/21005005.html,120,3202,2854,88,125,078936,33,,No seleccionado,,Consultar
2025,2,Licenciatura 2025,210,21005005,PSICOLOGIA,FES ZARAGOZA,Escolarizado,https://www.dgae.unam.mx/Licenciatura2025/resultados/2/21005005.html,120,3202,2854,88,125,078944,56,,No seleccionado,,Consultar
2025,2,Licenciatura 2025,210,21005005,PSICOLOGIA,FES ZARAGOZA,Escolarizado,https://www.dgae.unam.mx/Licenciatura2025/resultados/2/21005005.html,120,3202,2854,88,125,078946,52,,No seleccionado,,Consultar
2025,2,Licenciatura 2025,210,21005005,PSICOLOGIA,FES ZARAGOZA,Escolarizado,https://www.dgae.unam.mx/Licenciatura2025/resultados/2/21005005.html,120,3202,2854,88,125,078948,77,,No seleccionado,,Consultar
2025,2,Licenciatura 2025,210,21005005,PSICOLOGIA,FES ZARAGOZA,Escolarizado,https://www.dgae.unam.mx/Licenciatura2025/resultados/2/21005005.html,120,3202,2854,88,125,078952,30,,No seleccionado,,Consultar
2025,2,Licenciatura 2025,210,21005005,PSICOLOGIA,FES ZARAGOZA,Escolarizado,https://www.dgae.unam.mx/Licenciatura2025/resultados/2/21005005.html,120,3202,2854,88,125,078966,47,,No seleccionado,,Consultar
2025,2,Licenciatura 2025,210,21005005,PSICOLOGIA,FES ZARAGOZA,Escolarizado,https://www.dgae.unam.mx/Licenciatura2025/resultados/2/21005005.html,120,3202,2854,88,125,078979,62,,No seleccionado,,Consultar
2025,2,Licenciatura 2025,210,21005005,PSICOLOGIA,FES ZARAGOZA,Escolarizado,https://www.dgae.unam.mx/Licenciatura2025/resultados/2/21005005.html,120,3202,2854,88,125,078983,29,,No seleccionado,,Consultar
2025,2,Licenciatura 2025,210,21005005,PSICOLOGIA,FES ZARAGOZA,Escolarizado,https://www.dgae.unam.mx/Licenciatura2025/resultados/2/21005005.html,120,3202,2854,88,125,078988,34,,No seleccionado,,Consultar
2025,2,Licenciatura 2025,210,21005005,PSICOLOGIA,FES ZARAGOZA,Escolarizado,https://www.dgae.unam.mx/Licenciatura2025/resultados/2/21005005.html,120,3202,2854,88,125,078993,,N,No presentado,,Consultar
2025,2,Licenciatura 2025,210,21005005,PSICOLOGIA,FES ZARAGOZA,Escolarizado,https://www.dgae.unam.mx/Licenciatura2025/resultados/2/21005005.html,120,3202,2854,88,125,078996,43,,No seleccionado,,Consultar
2025,2,Licenciatura 2025,210,21005005,PSICOLOGIA,FES ZARAGOZA,Escolarizado,https://www.dgae.unam.mx/Licenciatura2025/resultados/2/21005005.html,120,3202,2854,88,125,078998,43,,No seleccionado,,Consultar
2025,2,Licenciatura 2025,210,21005005,PSICOLOGIA,FES ZARAGOZA,Escolarizado,https://www.dgae.unam.mx/Licenciatura2025/resultados/2/21005005.html,120,3202,2854,88,125,079002,32,,No seleccionado,,Consultar
2025,2,Licenciatura 2025,210,21005005,PSICOLOGIA,FES ZARAGOZA,Escolarizado,https://www.dgae.unam.mx/Licenciatura2025/resultados/2/21005005.html,120,3202,2854,88,125,079006,47,,No seleccionado,,Consultar
2025,2,Licenciatura 2025,210,21005005,PSICOLOGIA,FES ZARAGOZA,Escolarizado,https://www.dgae.unam.mx/Licenciatura2025/resultados/2/21005005.html,120,3202,2854,88,125,079014,48,,No seleccionado,,Consultar
2025,2,Licenciatura 2025,210,21005005,PSICOLOGIA,FES ZARAGOZA,Escolarizado,https://www.dgae.unam.mx/Licenciatura2025/resultados/2/21005005.html,120,3202,2854,88,125,079018,48,,No seleccionado,,Consultar
2025,2,Licenciatura 2025,210,21005005,PSICOLOGIA,FES ZARAGOZA,Escolarizado,https://www.dgae.unam.mx/Licenciatura2025/resultados/2/21005005.html,120,3202,2854,88,125,079022,36,,No seleccionado,,Consultar
2025,2,Licenciatura 2025,210,21005005,PSICOLOGIA,FES ZARAGOZA,Escolarizado,https://www.dgae.unam.mx/Licenciatura2025/resultados/2/21005005.html,120,3202,2854,88,125,079034,49,,No seleccionado,,Consultar
2025,2,Licenciatura 2025,210,21005005,PSICOLOGIA,FES ZARAGOZA,Escolarizado,https://www.dgae.unam.mx/Licenciatura2025/resultados/2/21005005.html,120,3202,2854,88,125,079038,46,,No seleccionado,,Consultar
2025,2,Licenciatura 2025,210,21005005,PSICOLOGIA,FES ZARAGOZA,Escolarizado,https://www.dgae.unam.mx/Licenciatura2025/resultados/2/21005005.html,120,3202,2854,88,125,079041,42,,No seleccionado,,Consultar
2025,2,Licenciatura 2025,210,21005005,PSICOLOGIA,FES ZARAGOZA,Escolarizado,https://www.dgae.unam.mx/Licenciatura2025/resultados/2/21005005.html,120,3202,2854,88,125,079042,64,,No seleccionado,,Consultar
2025,2,Licenciatura 2025,210,21005005,PSICOLOGIA,FES ZARAGOZA,Escolarizado,https://www.dgae.unam.mx/Licenciatura2025/resultados/2/21005005.html,120,3202,2854,88,125,079044,42,,No seleccionado,,Consultar
2025,2,Licenciatura 2025,210,21005005,PSICOLOGIA,FES ZARAGOZA,Escolarizado,https://www.dgae.unam.mx/Licenciatura2025/resultados/2/21005005.html,120,3202,2854,88,125,079046,42,,No seleccionado,,Consultar
2025,2,Licenciatura 2025,210,21005005,PSICOLOGIA,FES ZARAGOZA,Escolarizado,https://www.dgae.unam.mx/Licenciatura2025/resultados/2/21005005.html,120,3202,2854,88,125,079048,45,,No seleccionado,,Consultar
2025,2,Licenciatura 2025,210,21005005,PSICOLOGIA,FES ZARAGOZA,Escolarizado,https://www.dgae.unam.mx/Licenciatura2025/resultados/2/21005005.html,120,3202,2854,88,125,079066,36,,No seleccionado,,Consultar
2025,2,Licenciatura 2025,210,21005005,PSICOLOGIA,FES ZARAGOZA,Escolarizado,https://www.dgae.unam.mx/Licenciatura2025/resultados/2/21005005.html,120,3202,2854,88,125,079074,43,,No seleccionado,,Consultar
2025,2,Licenciatura 2025,210,21005005,PSICOLOGIA,FES ZARAGOZA,Escolarizado,https://www.dgae.unam.mx/Licenciatura2025/resultados/2/21005005.html,120,3202,2854,88,125,079078,56,,No seleccionado,,Consultar
2025,2,Licenciatura 2025,210,21005005,PSICOLOGIA,FES ZARAGOZA,Escolarizado,https://www.dgae.unam.mx/Licenciatura2025/resultados/2/21005005.html,120,3202,2854,88,125,079087,43,,No seleccionado,,Consultar
2025,2,Licenciatura 2025,210,21005005,PSICOLOGIA,FES ZARAGOZA,Escolarizado,https://www.dgae.unam.mx/Licenciatura2025/resultados/2/21005005.html,120,3202,2854,88,125,079103,31,,No seleccionado,,Consultar
2025,2,Licenciatura 2025,210,21005005,PSICOLOGIA,FES ZARAGOZA,Escolarizado,https://www.dgae.unam.mx/Licenciatura2025/resultados/2/21005005.html,120,3202,2854,88,125,079117,113,S,Seleccionado,Cita para entregar documentación.,Consultar
2025,2,Licenciatura 2025,210,21005005,PSICOLOGIA,FES ZARAGOZA,Escolarizado,https://www.dgae.unam.mx/Licenciatura2025/resultados/2/21005005.html,120,3202,2854,88,125,079121,30,,No seleccionado,,Consultar
2025,2,Licenciatura 2025,210,21005005,PSICOLOGIA,FES ZARAGOZA,Escolarizado,https://www.dgae.unam.mx/Licenciatura2025/resultados/2/21005005.html,120,3202,2854,88,125,079130,60,,No seleccionado,,Consultar
2025,2,Licenciatura 2025,210,21005005,PSICOLOGIA,FES ZARAGOZA,Escolarizado,https://www.dgae.unam.mx/Licenciatura2025/resultados/2/21005005.html,120,3202,2854,88,125,079143,49,,No seleccionado,,Consultar
2025,2,Licenciatura 2025,210,21005005,PSICOLOGIA,FES ZARAGOZA,Escolarizado,https://www.dgae.unam.mx/Licenciatura2025/resultados/2/21005005.html,120,3202,2854,88,125,079148,52,,No seleccionado,,Consultar
2025,2,Licenciatura 2025,210,21005005,PSICOLOGIA,FES ZARAGOZA,Escolarizado,https://www.dgae.unam.mx/Licenciatura2025/resultados/2/21005005.html,120,3202,2854,88,125,079160,33,,No seleccionado,,Consultar
2025,2,Licenciatura 2025,210,21005005,PSICOLOGIA,FES ZARAGOZA,Escolarizado,https://www.dgae.unam.mx/Licenciatura2025/resultados/2/21005005.html,120,3202,2854,88,125,079167,109,S,Seleccionado,,Consultar
2025,2,Licenciatura 2025,210,21005005,PSICOLOGIA,FES ZARAGOZA,Escolarizado,https://www.dgae.unam.mx/Licenciatura2025/resultados/2/21005005.html,120,3202,2854,88,125,079180,37,,No seleccionado,,Consultar
2025,2,Licenciatura 2025,210,21005005,PSICOLOGIA,FES ZARAGOZA,Escolarizado,https://www.dgae.unam.mx/Licenciatura2025/resultados/2/21005005.html,120,3202,2854,88,125,079181,44,,No seleccionado,,Consultar
2025,2,Licenciatura 2025,210,21005005,PSICOLOGIA,FES ZARAGOZA,Escolarizado,https://www.dgae.unam.mx/Licenciatura2025/resultados/2/21005005.html,120,3202,2854,88,125,079195,45,,No seleccionado,,Consultar
2025,2,Licenciatura 2025,210,21005005,PSICOLOGIA,FES ZARAGOZA,Escolarizado,https://www.dgae.unam.mx/Licenciatura2025/resultados/2/21005005.html,120,3202,2854,88,125,079201,43,,No seleccionado,,Consultar
2025,2,Licenciatura 2025,210,21005005,PSICOLOGIA,FES ZARAGOZA,Escolarizado,https://www.dgae.unam.mx/Licenciatura2025/resultados/2/21005005.html,120,3202,2854,88,125,079206,32,,No seleccionado,,Consultar
2025,2,Licenciatura 2025,210,21005005,PSICOLOGIA,FES ZARAGOZA,Escolarizado,https://www.dgae.unam.mx/Licenciatura2025/resultados/2/21005005.html,120,3202,2854,88,125,079210,,N,No presentado,,Consultar
2025,2,Licenciatura 2025,210,21005005,PSICOLOGIA,FES ZARAGOZA,Escolarizado,https://www.dgae.unam.mx/Licenciatura2025/resultados/2/21005005.html,120,3202,2854,88,125,079213,31,,No seleccionado,,Consultar
2025,2,Licenciatura 2025,210,21005005,PSICOLOGIA,FES ZARAGOZA,Escolarizado,https://www.dgae.unam.mx/Licenciatura2025/resultados/2/21005005.html,120,3202,2854,88,125,079214,,N,No presentado,,Consultar
2025,2,Licenciatura 2025,210,21005005,PSICOLOGIA,FES ZARAGOZA,Escolarizado,https://www.dgae.unam.mx/Licenciatura2025/resultados/2/21005005.html,120,3202,2854,88,125,079216,39,,No seleccionado,,Consultar
2025,2,Licenciatura 2025,210,21005005,PSICOLOGIA,FES ZARAGOZA,Escolarizado,https://www.dgae.unam.mx/Licenciatura2025/resultados/2/21005005.html,120,3202,2854,88,125,079220,35,,No seleccionado,,Consultar
2025,2,Licenciatura 2025,210,21005005,PSICOLOGIA,FES ZARAGOZA,Escolarizado,https://www.dgae.unam.mx/Licenciatura2025/resultados/2/21005005.html,120,3202,2854,88,125,079223,23,,No seleccionado,,Consultar
2025,2,Licenciatura 2025,210,21005005,PSICOLOGIA,FES ZARAGOZA,Escolarizado,https://www.dgae.unam.mx/Licenciatura2025/resultados/2/21005005.html,120,3202,2854,88,125,079239,35,,No seleccionado,,Consultar
2025,2,Licenciatura 2025,210,21005005,PSICOLOGIA,FES ZARAGOZA,Escolarizado,https://www.dgae.unam.mx/Licenciatura2025/resultados/2/21005005.html,120,3202,2854,88,125,079248,33,,No seleccionado,,Consultar
2025,2,Licenciatura 2025,210,21005005,PSICOLOGIA,FES ZARAGOZA,Escolarizado,https://www.dgae.unam.mx/Licenciatura2025/resultados/2/21005005.html,120,3202,2854,88,125,079258,52,,No seleccionado,,Consultar
2025,2,Licenciatura 2025,210,21005005,PSICOLOGIA,FES ZARAGOZA,Escolarizado,https://www.dgae.unam.mx/Licenciatura2025/resultados/2/21005005.html,120,3202,2854,88,125,079263,41,,No seleccionado,,Consultar
2025,2,Licenciatura 2025,210,21005005,PSICOLOGIA,FES ZARAGOZA,Escolarizado,https://www.dgae.unam.mx/Licenciatura2025/resultados/2/21005005.html,120,3202,2854,88,125,079281,64,,No seleccionado,,Consultar
2025,2,Licenciatura 2025,210,21005005,PSICOLOGIA,FES ZARAGOZA,Escolarizado,https://www.dgae.unam.mx/Licenciatura2025/resultados/2/21005005.html,120,3202,2854,88,125,079303,93,S,Seleccionado,,Consultar
2025,2,Licenciatura 2025,210,21005005,PSICOLOGIA,FES ZARAGOZA,Escolarizado,https://www.dgae.unam.mx/Licenciatura2025/resultados/2/21005005.html,120,3202,2854,88,125,079308,64,,No seleccionado,,Consultar
2025,2,Licenciatura 2025,210,21005005,PSICOLOGIA,FES ZARAGOZA,Escolarizado,https://www.dgae.unam.mx/Licenciatura2025/resultados/2/21005005.html,120,3202,2854,88,125,079314,77,,No seleccionado,,Consultar
2025,2,Licenciatura 2025,210,21005005,PSICOLOGIA,FES ZARAGOZA,Escolarizado,https://www.dgae.unam.mx/Licenciatura2025/resultados/2/21005005.html,120,3202,2854,88,125,079323,44,,No seleccionado,,Consultar
2025,2,Licenciatura 2025,210,21005005,PSICOLOGIA,FES ZARAGOZA,Escolarizado,https://www.dgae.unam.mx/Licenciatura2025/resultados/2/21005005.html,120,3202,2854,88,125,079325,32,,No seleccionado,,Consultar
2025,2,Licenciatura 2025,210,21005005,PSICOLOGIA,FES ZARAGOZA,Escolarizado,https://www.dgae.unam.mx/Licenciatura2025/resultados/2/21005005.html,120,3202,2854,88,125,079330,59,,No seleccionado,,Consultar
2025,2,Licenciatura 2025,210,21005005,PSICOLOGIA,FES ZARAGOZA,Escolarizado,https://www.dgae.unam.mx/Licenciatura2025/resultados/2/21005005.html,120,3202,2854,88,125,079331,57,,No seleccionado,,Consultar
2025,2,Licenciatura 2025,210,21005005,PSICOLOGIA,FES ZARAGOZA,Escolarizado,https://www.dgae.unam.mx/Licenciatura2025/resultados/2/21005005.html,120,3202,2854,88,125,079342,35,,No seleccionado,,Consultar
2025,2,Licenciatura 2025,210,21005005,PSICOLOGIA,FES ZARAGOZA,Escolarizado,https://www.dgae.unam.mx/Licenciatura2025/resultados/2/21005005.html,120,3202,2854,88,125,079365,47,,No seleccionado,,Consultar
2025,2,Licenciatura 2025,210,21005005,PSICOLOGIA,FES ZARAGOZA,Escolarizado,https://www.dgae.unam.mx/Licenciatura2025/resultados/2/21005005.html,120,3202,2854,88,125,079382,47,,No seleccionado,,Consultar
2025,2,Licenciatura 2025,210,21005005,PSICOLOGIA,FES ZARAGOZA,Escolarizado,https://www.dgae.unam.mx/Licenciatura2025/resultados/2/21005005.html,120,3202,2854,88,125,079386,39,,No seleccionado,,Consultar
2025,2,Licenciatura 2025,210,21005005,PSICOLOGIA,FES ZARAGOZA,Escolarizado,https://www.dgae.unam.mx/Licenciatura2025/resultados/2/21005005.html,120,3202,2854,88,125,079387,84,,No seleccionado,,Consultar
2025,2,Licenciatura 2025,210,21005005,PSICOLOGIA,FES ZARAGOZA,Escolarizado,https://www.dgae.unam.mx/Licenciatura2025/resultados/2/21005005.html,120,3202,2854,88,125,079413,43,,No seleccionado,,Consultar
2025,2,Licenciatura 2025,210,21005005,PSICOLOGIA,FES ZARAGOZA,Escolarizado,https://www.dgae.unam.mx/Licenciatura2025/resultados/2/21005005.html,120,3202,2854,88,125,079423,45,,No seleccionado,,Consultar
2025,2,Licenciatura 2025,210,21005005,PSICOLOGIA,FES ZARAGOZA,Escolarizado,https://www.dgae.unam.mx/Licenciatura2025/resultados/2/21005005.html,120,3202,2854,88,125,079425,55,,No seleccionado,,Consultar
2025,2,Licenciatura 2025,210,21005005,PSICOLOGIA,FES ZARAGOZA,Escolarizado,https://www.dgae.unam.mx/Licenciatura2025/resultados/2/21005005.html,120,3202,2854,88,125,079427,56,,No seleccionado,,Consultar
2025,2,Licenciatura 2025,210,21005005,PSICOLOGIA,FES ZARAGOZA,Escolarizado,https://www.dgae.unam.mx/Licenciatura2025/resultados/2/21005005.html,120,3202,2854,88,125,079428,50,,No seleccionado,,Consultar
2025,2,Licenciatura 2025,210,21005005,PSICOLOGIA,FES ZARAGOZA,Escolarizado,https://www.dgae.unam.mx/Licenciatura2025/resultados/2/21005005.html,120,3202,2854,88,125,079435,,N,No presentado,,Consultar
2025,2,Licenciatura 2025,210,21005005,PSICOLOGIA,FES ZARAGOZA,Escolarizado,https://www.dgae.unam.mx/Licenciatura2025/resultados/2/21005005.html,120,3202,2854,88,125,079439,50,,No seleccionado,,Consultar
2025,2,Licenciatura 2025,210,21005005,PSICOLOGIA,FES ZARAGOZA,Escolarizado,https://www.dgae.unam.mx/Licenciatura2025/resultados/2/21005005.html,120,3202,2854,88,125,079446,46,,No seleccionado,,Consultar
2025,2,Licenciatura 2025,210,21005005,PSICOLOGIA,FES ZARAGOZA,Escolarizado,https://www.dgae.unam.mx/Licenciatura2025/resultados/2/21005005.html,120,3202,2854,88,125,079465,38,,No seleccionado,,Consultar
2025,2,Licenciatura 2025,210,21005005,PSICOLOGIA,FES ZARAGOZA,Escolarizado,https://www.dgae.unam.mx/Licenciatura2025/resultados/2/21005005.html,120,3202,2854,88,125,079481,108,S,Seleccionado,Cita para entregar documentación.,Consultar
2025,2,Licenciatura 2025,210,21005005,PSICOLOGIA,FES ZARAGOZA,Escolarizado,https://www.dgae.unam.mx/Licenciatura2025/resultados/2/21005005.html,120,3202,2854,88,125,079485,76,,No seleccionado,,Consultar
2025,2,Licenciatura 2025,210,21005005,PSICOLOGIA,FES ZARAGOZA,Escolarizado,https://www.dgae.unam.mx/Licenciatura2025/resultados/2/21005005.html,120,3202,2854,88,125,079501,48,,No seleccionado,,Consultar
2025,2,Licenciatura 2025,210,21005005,PSICOLOGIA,FES ZARAGOZA,Escolarizado,https://www.dgae.unam.mx/Licenciatura2025/resultados/2/21005005.html,120,3202,2854,88,125,079505,33,,No seleccionado,,Consultar
2025,2,Licenciatura 2025,210,21005005,PSICOLOGIA,FES ZARAGOZA,Escolarizado,https://www.dgae.unam.mx/Licenciatura2025/resultados/2/21005005.html,120,3202,2854,88,125,079506,41,,No seleccionado,,Consultar
2025,2,Licenciatura 2025,210,21005005,PSICOLOGIA,FES ZARAGOZA,Escolarizado,https://www.dgae.unam.mx/Licenciatura2025/resultados/2/21005005.html,120,3202,2854,88,125,079513,34,,No seleccionado,,Consultar
2025,2,Licenciatura 2025,210,21005005,PSICOLOGIA,FES ZARAGOZA,Escolarizado,https://www.dgae.unam.mx/Licenciatura2025/resultados/2/21005005.html,120,3202,2854,88,125,079517,42,,No seleccionado,,Consultar
2025,2,Licenciatura 2025,210,21005005,PSICOLOGIA,FES ZARAGOZA,Escolarizado,https://www.dgae.unam.mx/Licenciatura2025/resultados/2/21005005.html,120,3202,2854,88,125,079521,47,,No seleccionado,,Consultar
2025,2,Licenciatura 2025,210,21005005,PSICOLOGIA,FES ZARAGOZA,Escolarizado,https://www.dgae.unam.mx/Licenciatura2025/resultados/2/21005005.html,120,3202,2854,88,125,079540,59,,No seleccionado,,Consultar
2025,2,Licenciatura 2025,210,21005005,PSICOLOGIA,FES ZARAGOZA,Escolarizado,https://www.dgae.unam.mx/Licenciatura2025/resultados/2/21005005.html,120,3202,2854,88,125,079543,69,,No seleccionado,,Consultar
2025,2,Licenciatura 2025,210,21005005,PSICOLOGIA,FES ZARAGOZA,Escolarizado,https://www.dgae.unam.mx/Licenciatura2025/resultados/2/21005005.html,120,3202,2854,88,125,079561,40,,No seleccionado,,Consultar
2025,2,Licenciatura 2025,210,21005005,PSICOLOGIA,FES ZARAGOZA,Escolarizado,https://www.dgae.unam.mx/Licenciatura2025/resultados/2/21005005.html,120,3202,2854,88,125,079563,54,,No seleccionado,,Consultar
2025,2,Licenciatura 2025,210,21005005,PSICOLOGIA,FES ZARAGOZA,Escolarizado,https://www.dgae.unam.mx/Licenciatura2025/resultados/2/21005005.html,120,3202,2854,88,125,079586,49,,No seleccionado,,Consultar
2025,2,Licenciatura 2025,210,21005005,PSICOLOGIA,FES ZARAGOZA,Escolarizado,https://www.dgae.unam.mx/Licenciatura2025/resultados/2/21005005.html,120,3202,2854,88,125,079587,49,,No seleccionado,,Consultar
2025,2,Licenciatura 2025,210,21005005,PSICOLOGIA,FES ZARAGOZA,Escolarizado,https://www.dgae.unam.mx/Licenciatura2025/resultados/2/21005005.html,120,3202,2854,88,125,079598,37,,No seleccionado,,Consultar
2025,2,Licenciatura 2025,210,21005005,PSICOLOGIA,FES ZARAGOZA,Escolarizado,https://www.dgae.unam.mx/Licenciatura2025/resultados/2/21005005.html,120,3202,2854,88,125,079600,39,,No seleccionado,,Consultar
2025,2,Licenciatura 2025,210,21005005,PSICOLOGIA,FES ZARAGOZA,Escolarizado,https://www.dgae.unam.mx/Licenciatura2025/resultados/2/21005005.html,120,3202,2854,88,125,079602,101,S,Seleccionado,Cita para entregar documentación.,Consultar
2025,2,Licenciatura 2025,210,21005005,PSICOLOGIA,FES ZARAGOZA,Escolarizado,https://www.dgae.unam.mx/Licenciatura2025/resultados/2/21005005.html,120,3202,2854,88,125,079627,43,,No seleccionado,,Consultar
2025,2,Licenciatura 2025,210,21005005,PSICOLOGIA,FES ZARAGOZA,Escolarizado,https://www.dgae.unam.mx/Licenciatura2025/resultados/2/21005005.html,120,3202,2854,88,125,079634,49,,No seleccionado,,Consultar
2025,2,Licenciatura 2025,210,21005005,PSICOLOGIA,FES ZARAGOZA,Escolarizado,https://www.dgae.unam.mx/Licenciatura2025/resultados/2/21005005.html,120,3202,2854,88,125,079641,60,,No seleccionado,,Consultar
2025,2,Licenciatura 2025,210,21005005,PSICOLOGIA,FES ZARAGOZA,Escolarizado,https://www.dgae.unam.mx/Licenciatura2025/resultados/2/21005005.html,120,3202,2854,88,125,079653,42,,No seleccionado,,Consultar
2025,2,Licenciatura 2025,210,21005005,PSICOLOGIA,FES ZARAGOZA,Escolarizado,https://www.dgae.unam.mx/Licenciatura2025/resultados/2/21005005.html,120,3202,2854,88,125,079659,56,,No seleccionado,,Consultar
2025,2,Licenciatura 2025,210,21005005,PSICOLOGIA,FES ZARAGOZA,Escolarizado,https://www.dgae.unam.mx/Licenciatura2025/resultados/2/21005005.html,120,3202,2854,88,125,079666,50,,No seleccionado,,Consultar
2025,2,Licenciatura 2025,210,21005005,PSICOLOGIA,FES ZARAGOZA,Escolarizado,https://www.dgae.unam.mx/Licenciatura2025/resultados/2/21005005.html,120,3202,2854,88,125,079673,45,,No seleccionado,,Consultar
2025,2,Licenciatura 2025,210,21005005,PSICOLOGIA,FES ZARAGOZA,Escolarizado,https://www.dgae.unam.mx/Licenciatura2025/resultados/2/21005005.html,120,3202,2854,88,125,079678,44,,No seleccionado,,Consultar
2025,2,Licenciatura 2025,210,21005005,PSICOLOGIA,FES ZARAGOZA,Escolarizado,https://www.dgae.unam.mx/Licenciatura2025/resultados/2/21005005.html,120,3202,2854,88,125,079681,68,,No seleccionado,,Consultar
2025,2,Licenciatura 2025,210,21005005,PSICOLOGIA,FES ZARAGOZA,Escolarizado,https://www.dgae.unam.mx/Licenciatura2025/resultados/2/21005005.html,120,3202,2854,88,125,079692,64,,No seleccionado,,Consultar
2025,2,Licenciatura 2025,210,21005005,PSICOLOGIA,FES ZARAGOZA,Escolarizado,https://www.dgae.unam.mx/Licenciatura2025/resultados/2/21005005.html,120,3202,2854,88,125,079697,69,,No seleccionado,,Consultar
2025,2,Licenciatura 2025,210,21005005,PSICOLOGIA,FES ZARAGOZA,Escolarizado,https://www.dgae.unam.mx/Licenciatura2025/resultados/2/21005005.html,120,3202,2854,88,125,079704,47,,No seleccionado,,Consultar
2025,2,Licenciatura 2025,210,21005005,PSICOLOGIA,FES ZARAGOZA,Escolarizado,https://www.dgae.unam.mx/Licenciatura2025/resultados/2/21005005.html,120,3202,2854,88,125,079716,,N,No presentado,,Consultar
2025,2,Licenciatura 2025,210,21005005,PSICOLOGIA,FES ZARAGOZA,Escolarizado,https://www.dgae.unam.mx/Licenciatura2025/resultados/2/21005005.html,120,3202,2854,88,125,079722,26,,No seleccionado,,Consultar
2025,2,Licenciatura 2025,210,21005005,PSICOLOGIA,FES ZARAGOZA,Escolarizado,https://www.dgae.unam.mx/Licenciatura2025/resultados/2/21005005.html,120,3202,2854,88,125,079730,36,,No seleccionado,,Consultar
2025,2,Licenciatura 2025,210,21005005,PSICOLOGIA,FES ZARAGOZA,Escolarizado,https://www.dgae.unam.mx/Licenciatura2025/resultados/2/21005005.html,120,3202,2854,88,125,079740,37,,No seleccionado,,Consultar
2025,2,Licenciatura 2025,210,21005005,PSICOLOGIA,FES ZARAGOZA,Escolarizado,https://www.dgae.unam.mx/Licenciatura2025/resultados/2/21005005.html,120,3202,2854,88,125,079744,41,,No seleccionado,,Consultar
2025,2,Licenciatura 2025,210,21005005,PSICOLOGIA,FES ZARAGOZA,Escolarizado,https://www.dgae.unam.mx/Licenciatura2025/resultados/2/21005005.html,120,3202,2854,88,125,079748,95,S,Seleccionado,Cita para entregar documentación.,Consultar
2025,2,Licenciatura 2025,210,21005005,PSICOLOGIA,FES ZARAGOZA,Escolarizado,https://www.dgae.unam.mx/Licenciatura2025/resultados/2/21005005.html,120,3202,2854,88,125,079750,45,,No seleccionado,,Consultar
2025,2,Licenciatura 2025,210,21005005,PSICOLOGIA,FES ZARAGOZA,Escolarizado,https://www.dgae.unam.mx/Licenciatura2025/resultados/2/21005005.html,120,3202,2854,88,125,079768,68,,No seleccionado,,Consultar
2025,2,Licenciatura 2025,210,21005005,PSICOLOGIA,FES ZARAGOZA,Escolarizado,https://www.dgae.unam.mx/Licenciatura2025/resultados/2/21005005.html,120,3202,2854,88,125,079770,61,,No seleccionado,,Consultar
2025,2,Licenciatura 2025,210,21005005,PSICOLOGIA,FES ZARAGOZA,Escolarizado,https://www.dgae.unam.mx/Licenciatura2025/resultados/2/21005005.html,120,3202,2854,88,125,079773,30,,No seleccionado,,Consultar
2025,2,Licenciatura 2025,210,21005005,PSICOLOGIA,FES ZARAGOZA,Escolarizado,https://www.dgae.unam.mx/Licenciatura2025/resultados/2/21005005.html,120,3202,2854,88,125,079779,39,,No seleccionado,,Consultar
2025,2,Licenciatura 2025,210,21005005,PSICOLOGIA,FES ZARAGOZA,Escolarizado,https://www.dgae.unam.mx/Licenciatura2025/resultados/2/21005005.html,120,3202,2854,88,125,079784,65,,No seleccionado,,Consultar
2025,2,Licenciatura 2025,210,21005005,PSICOLOGIA,FES ZARAGOZA,Escolarizado,https://www.dgae.unam.mx/Licenciatura2025/resultados/2/21005005.html,120,3202,2854,88,125,079791,35,,No seleccionado,,Consultar
2025,2,Licenciatura 2025,210,21005005,PSICOLOGIA,FES ZARAGOZA,Escolarizado,https://www.dgae.unam.mx/Licenciatura2025/resultados/2/21005005.html,120,3202,2854,88,125,079792,39,,No seleccionado,,Consultar
2025,2,Licenciatura 2025,210,21005005,PSICOLOGIA,FES ZARAGOZA,Escolarizado,https://www.dgae.unam.mx/Licenciatura2025/resultados/2/21005005.html,120,3202,2854,88,125,079802,53,,No seleccionado,,Consultar
2025,2,Licenciatura 2025,210,21005005,PSICOLOGIA,FES ZARAGOZA,Escolarizado,https://www.dgae.unam.mx/Licenciatura2025/resultados/2/21005005.html,120,3202,2854,88,125,079806,43,,No seleccionado,,Consultar
2025,2,Licenciatura 2025,210,21005005,PSICOLOGIA,FES ZARAGOZA,Escolarizado,https://www.dgae.unam.mx/Licenciatura2025/resultados/2/21005005.html,120,3202,2854,88,125,079810,45,,No seleccionado,,Consultar
2025,2,Licenciatura 2025,210,21005005,PSICOLOGIA,FES ZARAGOZA,Escolarizado,https://www.dgae.unam.mx/Licenciatura2025/resultados/2/21005005.html,120,3202,2854,88,125,079812,55,,No seleccionado,,Consultar
2025,2,Licenciatura 2025,210,21005005,PSICOLOGIA,FES ZARAGOZA,Escolarizado,https://www.dgae.unam.mx/Licenciatura2025/resultados/2/21005005.html,120,3202,2854,88,125,079827,51,,No seleccionado,,Consultar
2025,2,Licenciatura 2025,210,21005005,PSICOLOGIA,FES ZARAGOZA,Escolarizado,https://www.dgae.unam.mx/Licenciatura2025/resultados/2/21005005.html,120,3202,2854,88,125,079831,62,,No seleccionado,,Consultar
2025,2,Licenciatura 2025,210,21005005,PSICOLOGIA,FES ZARAGOZA,Escolarizado,https://www.dgae.unam.mx/Licenciatura2025/resultados/2/21005005.html,120,3202,2854,88,125,079838,54,,No seleccionado,,Consultar
2025,2,Licenciatura 2025,210,21005005,PSICOLOGIA,FES ZARAGOZA,Escolarizado,https://www.dgae.unam.mx/Licenciatura2025/resultados/2/21005005.html,120,3202,2854,88,125,079842,,N,No presentado,,Consultar
2025,2,Licenciatura 2025,210,21005005,PSICOLOGIA,FES ZARAGOZA,Escolarizado,https://www.dgae.unam.mx/Licenciatura2025/resultados/2/21005005.html,120,3202,2854,88,125,079843,,,No seleccionado,Cita para aclarar situación escolar.,Consultar
2025,2,Licenciatura 2025,210,21005005,PSICOLOGIA,FES ZARAGOZA,Escolarizado,https://www.dgae.unam.mx/Licenciatura2025/resultados/2/21005005.html,120,3202,2854,88,125,079849,37,,No seleccionado,,Consultar
2025,2,Licenciatura 2025,210,21005005,PSICOLOGIA,FES ZARAGOZA,Escolarizado,https://www.dgae.unam.mx/Licenciatura2025/resultados/2/21005005.html,120,3202,2854,88,125,079850,38,,No seleccionado,,Consultar
2025,2,Licenciatura 2025,210,21005005,PSICOLOGIA,FES ZARAGOZA,Escolarizado,https://www.dgae.unam.mx/Licenciatura2025/resultados/2/21005005.html,120,3202,2854,88,125,079857,45,,No seleccionado,,Consultar
2025,2,Licenciatura 2025,210,21005005,PSICOLOGIA,FES ZARAGOZA,Escolarizado,https://www.dgae.unam.mx/Licenciatura2025/resultados/2/21005005.html,120,3202,2854,88,125,079861,58,,No seleccionado,,Consultar
2025,2,Licenciatura 2025,210,21005005,PSICOLOGIA,FES ZARAGOZA,Escolarizado,https://www.dgae.unam.mx/Licenciatura2025/resultados/2/21005005.html,120,3202,2854,88,125,079870,84,,No seleccionado,,Consultar
2025,2,Licenciatura 2025,210,21005005,PSICOLOGIA,FES ZARAGOZA,Escolarizado,https://www.dgae.unam.mx/Licenciatura2025/resultados/2/21005005.html,120,3202,2854,88,125,079880,56,,No seleccionado,,Consultar
2025,2,Licenciatura 2025,210,21005005,PSICOLOGIA,FES ZARAGOZA,Escolarizado,https://www.dgae.unam.mx/Licenciatura2025/resultados/2/21005005.html,120,3202,2854,88,125,079892,32,,No seleccionado,,Consultar
2025,2,Licenciatura 2025,210,21005005,PSICOLOGIA,FES ZARAGOZA,Escolarizado,https://www.dgae.unam.mx/Licenciatura2025/resultados/2/21005005.html,120,3202,2854,88,125,079904,55,,No seleccionado,,Consultar
2025,2,Licenciatura 2025,210,21005005,PSICOLOGIA,FES ZARAGOZA,Escolarizado,https://www.dgae.unam.mx/Licenciatura2025/resultados/2/21005005.html,120,3202,2854,88,125,079918,70,,No seleccionado,,Consultar
2025,2,Licenciatura 2025,210,21005005,PSICOLOGIA,FES ZARAGOZA,Escolarizado,https://www.dgae.unam.mx/Licenciatura2025/resultados/2/21005005.html,120,3202,2854,88,125,079920,66,,No seleccionado,,Consultar
2025,2,Licenciatura 2025,210,21005005,PSICOLOGIA,FES ZARAGOZA,Escolarizado,https://www.dgae.unam.mx/Licenciatura2025/resultados/2/21005005.html,120,3202,2854,88,125,079930,86,,No seleccionado,,Consultar
2025,2,Licenciatura 2025,210,21005005,PSICOLOGIA,FES ZARAGOZA,Escolarizado,https://www.dgae.unam.mx/Licenciatura2025/resultados/2/21005005.html,120,3202,2854,88,125,079933,46,,No seleccionado,,Consultar
2025,2,Licenciatura 2025,210,21005005,PSICOLOGIA,FES ZARAGOZA,Escolarizado,https://www.dgae.unam.mx/Licenciatura2025/resultados/2/21005005.html,120,3202,2854,88,125,079940,31,,No seleccionado,,Consultar
2025,2,Licenciatura 2025,210,21005005,PSICOLOGIA,FES ZARAGOZA,Escolarizado,https://www.dgae.unam.mx/Licenciatura2025/resultados/2/21005005.html,120,3202,2854,88,125,079941,40,,No seleccionado,,Consultar
2025,2,Licenciatura 2025,210,21005005,PSICOLOGIA,FES ZARAGOZA,Escolarizado,https://www.dgae.unam.mx/Licenciatura2025/resultados/2/21005005.html,120,3202,2854,88,125,079951,35,,No seleccionado,,Consultar
2025,2,Licenciatura 2025,210,21005005,PSICOLOGIA,FES ZARAGOZA,Escolarizado,https://www.dgae.unam.mx/Licenciatura2025/resultados/2/21005005.html,120,3202,2854,88,125,079977,,N,No presentado,,Consultar
2025,2,Licenciatura 2025,210,21005005,PSICOLOGIA,FES ZARAGOZA,Escolarizado,https://www.dgae.unam.mx/Licenciatura2025/resultados/2/21005005.html,120,3202,2854,88,125,079984,,N,No presentado,,Consultar
2025,2,Licenciatura 2025,210,21005005,PSICOLOGIA,FES ZARAGOZA,Escolarizado,https://www.dgae.unam.mx/Licenciatura2025/resultados/2/21005005.html,120,3202,2854,88,125,079986,59,,No seleccionado,,Consultar
2025,2,Licenciatura 2025,210,21005005,PSICOLOGIA,FES ZARAGOZA,Escolarizado,https://www.dgae.unam.mx/Licenciatura2025/resultados/2/21005005.html,120,3202,2854,88,125,079990,43,,No seleccionado,,Consultar
2025,2,Licenciatura 2025,210,21005005,PSICOLOGIA,FES ZARAGOZA,Escolarizado,https://www.dgae.unam.mx/Licenciatura2025/resultados/2/21005005.html,120,3202,2854,88,125,080022,45,,No seleccionado,,Consultar
2025,2,Licenciatura 2025,210,21005005,PSICOLOGIA,FES ZARAGOZA,Escolarizado,https://www.dgae.unam.mx/Licenciatura2025/resultados/2/21005005.html,120,3202,2854,88,125,080027,59,,No seleccionado,,Consultar
2025,2,Licenciatura 2025,210,21005005,PSICOLOGIA,FES ZARAGOZA,Escolarizado,https://www.dgae.unam.mx/Licenciatura2025/resultados/2/21005005.html,120,3202,2854,88,125,080038,53,,No seleccionado,,Consultar
2025,2,Licenciatura 2025,210,21005005,PSICOLOGIA,FES ZARAGOZA,Escolarizado,https://www.dgae.unam.mx/Licenciatura2025/resultados/2/21005005.html,120,3202,2854,88,125,080040,71,,No seleccionado,,Consultar
2025,2,Licenciatura 2025,210,21005005,PSICOLOGIA,FES ZARAGOZA,Escolarizado,https://www.dgae.unam.mx/Licenciatura2025/resultados/2/21005005.html,120,3202,2854,88,125,080041,30,,No seleccionado,,Consultar
2025,2,Licenciatura 2025,210,21005005,PSICOLOGIA,FES ZARAGOZA,Escolarizado,https://www.dgae.unam.mx/Licenciatura2025/resultados/2/21005005.html,120,3202,2854,88,125,080044,33,,No seleccionado,,Consultar
2025,2,Licenciatura 2025,210,21005005,PSICOLOGIA,FES ZARAGOZA,Escolarizado,https://www.dgae.unam.mx/Licenciatura2025/resultados/2/21005005.html,120,3202,2854,88,125,080048,52,,No seleccionado,,Consultar
2025,2,Licenciatura 2025,210,21005005,PSICOLOGIA,FES ZARAGOZA,Escolarizado,https://www.dgae.unam.mx/Licenciatura2025/resultados/2/21005005.html,120,3202,2854,88,125,080049,42,,No seleccionado,,Consultar
2025,2,Licenciatura 2025,210,21005005,PSICOLOGIA,FES ZARAGOZA,Escolarizado,https://www.dgae.unam.mx/Licenciatura2025/resultados/2/21005005.html,120,3202,2854,88,125,080051,50,,No seleccionado,,Consultar
2025,2,Licenciatura 2025,210,21005005,PSICOLOGIA,FES ZARAGOZA,Escolarizado,https://www.dgae.unam.mx/Licenciatura2025/resultados/2/21005005.html,120,3202,2854,88,125,080052,41,,No seleccionado,,Consultar
2025,2,Licenciatura 2025,210,21005005,PSICOLOGIA,FES ZARAGOZA,Escolarizado,https://www.dgae.unam.mx/Licenciatura2025/resultados/2/21005005.html,120,3202,2854,88,125,080056,90,S,Seleccionado,Cita para entregar documentación.,Consultar
2025,2,Licenciatura 2025,210,21005005,PSICOLOGIA,FES ZARAGOZA,Escolarizado,https://www.dgae.unam.mx/Licenciatura2025/resultados/2/21005005.html,120,3202,2854,88,125,080058,60,,No seleccionado,,Consultar
2025,2,Licenciatura 2025,210,21005005,PSICOLOGIA,FES ZARAGOZA,Escolarizado,https://www.dgae.unam.mx/Licenciatura2025/resultados/2/21005005.html,120,3202,2854,88,125,080061,44,,No seleccionado,,Consultar
2025,2,Licenciatura 2025,210,21005005,PSICOLOGIA,FES ZARAGOZA,Escolarizado,https://www.dgae.unam.mx/Licenciatura2025/resultados/2/21005005.html,120,3202,2854,88,125,080062,,N,No presentado,,Consultar
2025,2,Licenciatura 2025,210,21005005,PSICOLOGIA,FES ZARAGOZA,Escolarizado,https://www.dgae.unam.mx/Licenciatura2025/resultados/2/21005005.html,120,3202,2854,88,125,080073,68,,No seleccionado,,Consultar
2025,2,Licenciatura 2025,210,21005005,PSICOLOGIA,FES ZARAGOZA,Escolarizado,https://www.dgae.unam.mx/Licenciatura2025/resultados/2/21005005.html,120,3202,2854,88,125,080077,40,,No seleccionado,,Consultar
2025,2,Licenciatura 2025,210,21005005,PSICOLOGIA,FES ZARAGOZA,Escolarizado,https://www.dgae.unam.mx/Licenciatura2025/resultados/2/21005005.html,120,3202,2854,88,125,080079,28,,No seleccionado,,Consultar
2025,2,Licenciatura 2025,210,21005005,PSICOLOGIA,FES ZARAGOZA,Escolarizado,https://www.dgae.unam.mx/Licenciatura2025/resultados/2/21005005.html,120,3202,2854,88,125,080080,66,,No seleccionado,,Consultar
2025,2,Licenciatura 2025,210,21005005,PSICOLOGIA,FES ZARAGOZA,Escolarizado,https://www.dgae.unam.mx/Licenciatura2025/resultados/2/21005005.html,120,3202,2854,88,125,080101,44,,No seleccionado,,Consultar
2025,2,Licenciatura 2025,210,21005005,PSICOLOGIA,FES ZARAGOZA,Escolarizado,https://www.dgae.unam.mx/Licenciatura2025/resultados/2/21005005.html,120,3202,2854,88,125,080108,41,,No seleccionado,,Consultar
2025,2,Licenciatura 2025,210,21005005,PSICOLOGIA,FES ZARAGOZA,Escolarizado,https://www.dgae.unam.mx/Licenciatura2025/resultados/2/21005005.html,120,3202,2854,88,125,080122,68,,No seleccionado,,Consultar
2025,2,Licenciatura 2025,210,21005005,PSICOLOGIA,FES ZARAGOZA,Escolarizado,https://www.dgae.unam.mx/Licenciatura2025/resultados/2/21005005.html,120,3202,2854,88,125,080130,43,,No seleccionado,,Consultar
2025,2,Licenciatura 2025,210,21005005,PSICOLOGIA,FES ZARAGOZA,Escolarizado,https://www.dgae.unam.mx/Licenciatura2025/resultados/2/21005005.html,120,3202,2854,88,125,080131,62,,No seleccionado,,Consultar
2025,2,Licenciatura 2025,210,21005005,PSICOLOGIA,FES ZARAGOZA,Escolarizado,https://www.dgae.unam.mx/Licenciatura2025/resultados/2/21005005.html,120,3202,2854,88,125,080132,52,,No seleccionado,,Consultar
2025,2,Licenciatura 2025,210,21005005,PSICOLOGIA,FES ZARAGOZA,Escolarizado,https://www.dgae.unam.mx/Licenciatura2025/resultados/2/21005005.html,120,3202,2854,88,125,080176,74,,No seleccionado,,Consultar
2025,2,Licenciatura 2025,210,21005005,PSICOLOGIA,FES ZARAGOZA,Escolarizado,https://www.dgae.unam.mx/Licenciatura2025/resultados/2/21005005.html,120,3202,2854,88,125,080187,66,,No seleccionado,,Consultar
2025,2,Licenciatura 2025,210,21005005,PSICOLOGIA,FES ZARAGOZA,Escolarizado,https://www.dgae.unam.mx/Licenciatura2025/resultados/2/21005005.html,120,3202,2854,88,125,080195,39,,No seleccionado,,Consultar
2025,2,Licenciatura 2025,210,21005005,PSICOLOGIA,FES ZARAGOZA,Escolarizado,https://www.dgae.unam.mx/Licenciatura2025/resultados/2/21005005.html,120,3202,2854,88,125,080205,,N,No presentado,,Consultar
2025,2,Licenciatura 2025,210,21005005,PSICOLOGIA,FES ZARAGOZA,Escolarizado,https://www.dgae.unam.mx/Licenciatura2025/resultados/2/21005005.html,120,3202,2854,88,125,080219,47,,No seleccionado,,Consultar
2025,2,Licenciatura 2025,210,21005005,PSICOLOGIA,FES ZARAGOZA,Escolarizado,https://www.dgae.unam.mx/Licenciatura2025/resultados/2/21005005.html,120,3202,2854,88,125,080221,46,,No seleccionado,,Consultar
2025,2,Licenciatura 2025,210,21005005,PSICOLOGIA,FES ZARAGOZA,Escolarizado,https://www.dgae.unam.mx/Licenciatura2025/resultados/2/21005005.html,120,3202,2854,88,125,080223,66,,No seleccionado,,Consultar
2025,2,Licenciatura 2025,210,21005005,PSICOLOGIA,FES ZARAGOZA,Escolarizado,https://www.dgae.unam.mx/Licenciatura2025/resultados/2/21005005.html,120,3202,2854,88,125,080225,26,,No seleccionado,,Consultar
2025,2,Licenciatura 2025,210,21005005,PSICOLOGIA,FES ZARAGOZA,Escolarizado,https://www.dgae.unam.mx/Licenciatura2025/resultados/2/21005005.html,120,3202,2854,88,125,080231,41,,No seleccionado,,Consultar
2025,2,Licenciatura 2025,210,21005005,PSICOLOGIA,FES ZARAGOZA,Escolarizado,https://www.dgae.unam.mx/Licenciatura2025/resultados/2/21005005.html,120,3202,2854,88,125,080238,,N,No presentado,,Consultar
2025,2,Licenciatura 2025,210,21005005,PSICOLOGIA,FES ZARAGOZA,Escolarizado,https://www.dgae.unam.mx/Licenciatura2025/resultados/2/21005005.html,120,3202,2854,88,125,080241,36,,No seleccionado,,Consultar
2025,2,Licenciatura 2025,210,21005005,PSICOLOGIA,FES ZARAGOZA,Escolarizado,https://www.dgae.unam.mx/Licenciatura2025/resultados/2/21005005.html,120,3202,2854,88,125,080245,52,,No seleccionado,,Consultar
2025,2,Licenciatura 2025,210,21005005,PSICOLOGIA,FES ZARAGOZA,Escolarizado,https://www.dgae.unam.mx/Licenciatura2025/resultados/2/21005005.html,120,3202,2854,88,125,080249,77,,No seleccionado,,Consultar
2025,2,Licenciatura 2025,210,21005005,PSICOLOGIA,FES ZARAGOZA,Escolarizado,https://www.dgae.unam.mx/Licenciatura2025/resultados/2/21005005.html,120,3202,2854,88,125,080250,38,,No seleccionado,,Consultar
2025,2,Licenciatura 2025,210,21005005,PSICOLOGIA,FES ZARAGOZA,Escolarizado,https://www.dgae.unam.mx/Licenciatura2025/resultados/2/21005005.html,120,3202,2854,88,125,080256,100,S,Seleccionado,Cita para entregar documentación.,Consultar
2025,2,Licenciatura 2025,210,21005005,PSICOLOGIA,FES ZARAGOZA,Escolarizado,https://www.dgae.unam.mx/Licenciatura2025/resultados/2/21005005.html,120,3202,2854,88,125,080266,47,,No seleccionado,,Consultar
2025,2,Licenciatura 2025,210,21005005,PSICOLOGIA,FES ZARAGOZA,Escolarizado,https://www.dgae.unam.mx/Licenciatura2025/resultados/2/21005005.html,120,3202,2854,88,125,080288,47,,No seleccionado,,Consultar
2025,2,Licenciatura 2025,210,21005005,PSICOLOGIA,FES ZARAGOZA,Escolarizado,https://www.dgae.unam.mx/Licenciatura2025/resultados/2/21005005.html,120,3202,2854,88,125,080293,55,,No seleccionado,,Consultar
2025,2,Licenciatura 2025,210,21005005,PSICOLOGIA,FES ZARAGOZA,Escolarizado,https://www.dgae.unam.mx/Licenciatura2025/resultados/2/21005005.html,120,3202,2854,88,125,080298,40,,No seleccionado,,Consultar
2025,2,Licenciatura 2025,210,21005005,PSICOLOGIA,FES ZARAGOZA,Escolarizado,https://www.dgae.unam.mx/Licenciatura2025/resultados/2/21005005.html,120,3202,2854,88,125,080318,33,,No seleccionado,,Consultar
2025,2,Licenciatura 2025,210,21005005,PSICOLOGIA,FES ZARAGOZA,Escolarizado,https://www.dgae.unam.mx/Licenciatura2025/resultados/2/21005005.html,120,3202,2854,88,125,080329,57,,No seleccionado,,Consultar
2025,2,Licenciatura 2025,210,21005005,PSICOLOGIA,FES ZARAGOZA,Escolarizado,https://www.dgae.unam.mx/Licenciatura2025/resultados/2/21005005.html,120,3202,2854,88,125,080331,51,,No seleccionado,,Consultar
2025,2,Licenciatura 2025,210,21005005,PSICOLOGIA,FES ZARAGOZA,Escolarizado,https://www.dgae.unam.mx/Licenciatura2025/resultados/2/21005005.html,120,3202,2854,88,125,080332,61,,No seleccionado,,Consultar
2025,2,Licenciatura 2025,210,21005005,PSICOLOGIA,FES ZARAGOZA,Escolarizado,https://www.dgae.unam.mx/Licenciatura2025/resultados/2/21005005.html,120,3202,2854,88,125,080338,44,,No seleccionado,,Consultar
2025,2,Licenciatura 2025,210,21005005,PSICOLOGIA,FES ZARAGOZA,Escolarizado,https://www.dgae.unam.mx/Licenciatura2025/resultados/2/21005005.html,120,3202,2854,88,125,080340,29,,No seleccionado,,Consultar
2025,2,Licenciatura 2025,210,21005005,PSICOLOGIA,FES ZARAGOZA,Escolarizado,https://www.dgae.unam.mx/Licenciatura2025/resultados/2/21005005.html,120,3202,2854,88,125,080349,63,,No seleccionado,,Consultar
2025,2,Licenciatura 2025,210,21005005,PSICOLOGIA,FES ZARAGOZA,Escolarizado,https://www.dgae.unam.mx/Licenciatura2025/resultados/2/21005005.html,120,3202,2854,88,125,080350,32,,No seleccionado,,Consultar
2025,2,Licenciatura 2025,210,21005005,PSICOLOGIA,FES ZARAGOZA,Escolarizado,https://www.dgae.unam.mx/Licenciatura2025/resultados/2/21005005.html,120,3202,2854,88,125,080356,89,S,Seleccionado,Cita para entregar documentación.,Consultar
2025,2,Licenciatura 2025,210,21005005,PSICOLOGIA,FES ZARAGOZA,Escolarizado,https://www.dgae.unam.mx/Licenciatura2025/resultados/2/21005005.html,120,3202,2854,88,125,080360,54,,No seleccionado,,Consultar
2025,2,Licenciatura 2025,210,21005005,PSICOLOGIA,FES ZARAGOZA,Escolarizado,https://www.dgae.unam.mx/Licenciatura2025/resultados/2/21005005.html,120,3202,2854,88,125,080369,51,,No seleccionado,,Consultar
2025,2,Licenciatura 2025,210,21005005,PSICOLOGIA,FES ZARAGOZA,Escolarizado,https://www.dgae.unam.mx/Licenciatura2025/resultados/2/21005005.html,120,3202,2854,88,125,080377,35,,No seleccionado,,Consultar
2025,2,Licenciatura 2025,210,21005005,PSICOLOGIA,FES ZARAGOZA,Escolarizado,https://www.dgae.unam.mx/Licenciatura2025/resultados/2/21005005.html,120,3202,2854,88,125,080381,43,,No seleccionado,,Consultar
2025,2,Licenciatura 2025,210,21005005,PSICOLOGIA,FES ZARAGOZA,Escolarizado,https://www.dgae.unam.mx/Licenciatura2025/resultados/2/21005005.html,120,3202,2854,88,125,080384,33,,No seleccionado,,Consultar
2025,2,Licenciatura 2025,210,21005005,PSICOLOGIA,FES ZARAGOZA,Escolarizado,https://www.dgae.unam.mx/Licenciatura2025/resultados/2/21005005.html,120,3202,2854,88,125,080410,51,,No seleccionado,,Consultar
2025,2,Licenciatura 2025,210,21005005,PSICOLOGIA,FES ZARAGOZA,Escolarizado,https://www.dgae.unam.mx/Licenciatura2025/resultados/2/21005005.html,120,3202,2854,88,125,080427,72,,No seleccionado,,Consultar
2025,2,Licenciatura 2025,210,21005005,PSICOLOGIA,FES ZARAGOZA,Escolarizado,https://www.dgae.unam.mx/Licenciatura2025/resultados/2/21005005.html,120,3202,2854,88,125,080454,,N,No presentado,,Consultar
2025,2,Licenciatura 2025,210,21005005,PSICOLOGIA,FES ZARAGOZA,Escolarizado,https://www.dgae.unam.mx/Licenciatura2025/resultados/2/21005005.html,120,3202,2854,88,125,080464,42,,No seleccionado,,Consultar
2025,2,Licenciatura 2025,210,21005005,PSICOLOGIA,FES ZARAGOZA,Escolarizado,https://www.dgae.unam.mx/Licenciatura2025/resultados/2/21005005.html,120,3202,2854,88,125,080473,36,,No seleccionado,,Consultar
2025,2,Licenciatura 2025,210,21005005,PSICOLOGIA,FES ZARAGOZA,Escolarizado,https://www.dgae.unam.mx/Licenciatura2025/resultados/2/21005005.html,120,3202,2854,88,125,080478,50,,No seleccionado,,Consultar
2025,2,Licenciatura 2025,210,21005005,PSICOLOGIA,FES ZARAGOZA,Escolarizado,https://www.dgae.unam.mx/Licenciatura2025/resultados/2/21005005.html,120,3202,2854,88,125,080489,,N,No presentado,,Consultar
2025,2,Licenciatura 2025,210,21005005,PSICOLOGIA,FES ZARAGOZA,Escolarizado,https://www.dgae.unam.mx/Licenciatura2025/resultados/2/21005005.html,120,3202,2854,88,125,080504,59,,No seleccionado,,Consultar
2025,2,Licenciatura 2025,210,21005005,PSICOLOGIA,FES ZARAGOZA,Escolarizado,https://www.dgae.unam.mx/Licenciatura2025/resultados/2/21005005.html,120,3202,2854,88,125,080519,94,S,Seleccionado,,Consultar
2025,2,Licenciatura 2025,210,21005005,PSICOLOGIA,FES ZARAGOZA,Escolarizado,https://www.dgae.unam.mx/Licenciatura2025/resultados/2/21005005.html,120,3202,2854,88,125,080521,30,,No seleccionado,,Consultar
2025,2,Licenciatura 2025,210,21005005,PSICOLOGIA,FES ZARAGOZA,Escolarizado,https://www.dgae.unam.mx/Licenciatura2025/resultados/2/21005005.html,120,3202,2854,88,125,080527,72,,No seleccionado,,Consultar
2025,2,Licenciatura 2025,210,21005005,PSICOLOGIA,FES ZARAGOZA,Escolarizado,https://www.dgae.unam.mx/Licenciatura2025/resultados/2/21005005.html,120,3202,2854,88,125,080528,39,,No seleccionado,,Consultar
2025,2,Licenciatura 2025,210,21005005,PSICOLOGIA,FES ZARAGOZA,Escolarizado,https://www.dgae.unam.mx/Licenciatura2025/resultados/2/21005005.html,120,3202,2854,88,125,080530,41,,No seleccionado,,Consultar
2025,2,Licenciatura 2025,210,21005005,PSICOLOGIA,FES ZARAGOZA,Escolarizado,https://www.dgae.unam.mx/Licenciatura2025/resultados/2/21005005.html,120,3202,2854,88,125,080531,54,,No seleccionado,,Consultar
2025,2,Licenciatura 2025,210,21005005,PSICOLOGIA,FES ZARAGOZA,Escolarizado,https://www.dgae.unam.mx/Licenciatura2025/resultados/2/21005005.html,120,3202,2854,88,125,080536,42,,No seleccionado,,Consultar
2025,2,Licenciatura 2025,210,21005005,PSICOLOGIA,FES ZARAGOZA,Escolarizado,https://www.dgae.unam.mx/Licenciatura2025/resultados/2/21005005.html,120,3202,2854,88,125,080546,93,S,Seleccionado,Cita para entregar documentación.,Consultar
2025,2,Licenciatura 2025,210,21005005,PSICOLOGIA,FES ZARAGOZA,Escolarizado,https://www.dgae.unam.mx/Licenciatura2025/resultados/2/21005005.html,120,3202,2854,88,125,080547,79,,No seleccionado,,Consultar
2025,2,Licenciatura 2025,210,21005005,PSICOLOGIA,FES ZARAGOZA,Escolarizado,https://www.dgae.unam.mx/Licenciatura2025/resultados/2/21005005.html,120,3202,2854,88,125,080554,58,,No seleccionado,,Consultar
2025,2,Licenciatura 2025,210,21005005,PSICOLOGIA,FES ZARAGOZA,Escolarizado,https://www.dgae.unam.mx/Licenciatura2025/resultados/2/21005005.html,120,3202,2854,88,125,080577,36,,No seleccionado,,Consultar
2025,2,Licenciatura 2025,210,21005005,PSICOLOGIA,FES ZARAGOZA,Escolarizado,https://www.dgae.unam.mx/Licenciatura2025/resultados/2/21005005.html,120,3202,2854,88,125,080579,48,,No seleccionado,,Consultar
2025,2,Licenciatura 2025,210,21005005,PSICOLOGIA,FES ZARAGOZA,Escolarizado,https://www.dgae.unam.mx/Licenciatura2025/resultados/2/21005005.html,120,3202,2854,88,125,080586,53,,No seleccionado,,Consultar
2025,2,Licenciatura 2025,210,21005005,PSICOLOGIA,FES ZARAGOZA,Escolarizado,https://www.dgae.unam.mx/Licenciatura2025/resultados/2/21005005.html,120,3202,2854,88,125,080592,49,,No seleccionado,,Consultar
2025,2,Licenciatura 2025,210,21005005,PSICOLOGIA,FES ZARAGOZA,Escolarizado,https://www.dgae.unam.mx/Licenciatura2025/resultados/2/21005005.html,120,3202,2854,88,125,080599,73,,No seleccionado,,Consultar
2025,2,Licenciatura 2025,210,21005005,PSICOLOGIA,FES ZARAGOZA,Escolarizado,https://www.dgae.unam.mx/Licenciatura2025/resultados/2/21005005.html,120,3202,2854,88,125,080613,34,,No seleccionado,,Consultar
2025,2,Licenciatura 2025,210,21005005,PSICOLOGIA,FES ZARAGOZA,Escolarizado,https://www.dgae.unam.mx/Licenciatura2025/resultados/2/21005005.html,120,3202,2854,88,125,080631,,N,No presentado,,Consultar
2025,2,Licenciatura 2025,210,21005005,PSICOLOGIA,FES ZARAGOZA,Escolarizado,https://www.dgae.unam.mx/Licenciatura2025/resultados/2/21005005.html,120,3202,2854,88,125,080638,36,,No seleccionado,,Consultar
2025,2,Licenciatura 2025,210,21005005,PSICOLOGIA,FES ZARAGOZA,Escolarizado,https://www.dgae.unam.mx/Licenciatura2025/resultados/2/21005005.html,120,3202,2854,88,125,080650,19,,No seleccionado,,Consultar
2025,2,Licenciatura 2025,210,21005005,PSICOLOGIA,FES ZARAGOZA,Escolarizado,https://www.dgae.unam.mx/Licenciatura2025/resultados/2/21005005.html,120,3202,2854,88,125,080653,83,,No seleccionado,,Consultar
2025,2,Licenciatura 2025,210,21005005,PSICOLOGIA,FES ZARAGOZA,Escolarizado,https://www.dgae.unam.mx/Licenciatura2025/resultados/2/21005005.html,120,3202,2854,88,125,080664,33,,No seleccionado,,Consultar
2025,2,Licenciatura 2025,210,21005005,PSICOLOGIA,FES ZARAGOZA,Escolarizado,https://www.dgae.unam.mx/Licenciatura2025/resultados/2/21005005.html,120,3202,2854,88,125,080674,35,,No seleccionado,,Consultar
2025,2,Licenciatura 2025,210,21005005,PSICOLOGIA,FES ZARAGOZA,Escolarizado,https://www.dgae.unam.mx/Licenciatura2025/resultados/2/21005005.html,120,3202,2854,88,125,080687,,,No seleccionado,Cita para aclarar situación escolar.,Consultar
2025,2,Licenciatura 2025,210,21005005,PSICOLOGIA,FES ZARAGOZA,Escolarizado,https://www.dgae.unam.mx/Licenciatura2025/resultados/2/21005005.html,120,3202,2854,88,125,080689,50,,No seleccionado,,Consultar
2025,2,Licenciatura 2025,210,21005005,PSICOLOGIA,FES ZARAGOZA,Escolarizado,https://www.dgae.unam.mx/Licenciatura2025/resultados/2/21005005.html,120,3202,2854,88,125,080696,,N,No presentado,,Consultar
2025,2,Licenciatura 2025,210,21005005,PSICOLOGIA,FES ZARAGOZA,Escolarizado,https://www.dgae.unam.mx/Licenciatura2025/resultados/2/21005005.html,120,3202,2854,88,125,080720,60,,No seleccionado,,Consultar
2025,2,Licenciatura 2025,210,21005005,PSICOLOGIA,FES ZARAGOZA,Escolarizado,https://www.dgae.unam.mx/Licenciatura2025/resultados/2/21005005.html,120,3202,2854,88,125,080722,40,,No seleccionado,,Consultar
2025,2,Licenciatura 2025,210,21005005,PSICOLOGIA,FES ZARAGOZA,Escolarizado,https://www.dgae.unam.mx/Licenciatura2025/resultados/2/21005005.html,120,3202,2854,88,125,080727,55,,No seleccionado,,Consultar
2025,2,Licenciatura 2025,210,21005005,PSICOLOGIA,FES ZARAGOZA,Escolarizado,https://www.dgae.unam.mx/Licenciatura2025/resultados/2/21005005.html,120,3202,2854,88,125,080731,31,,No seleccionado,,Consultar
2025,2,Licenciatura 2025,210,21005005,PSICOLOGIA,FES ZARAGOZA,Escolarizado,https://www.dgae.unam.mx/Licenciatura2025/resultados/2/21005005.html,120,3202,2854,88,125,080745,33,,No seleccionado,,Consultar
2025,2,Licenciatura 2025,210,21005005,PSICOLOGIA,FES ZARAGOZA,Escolarizado,https://www.dgae.unam.mx/Licenciatura2025/resultados/2/21005005.html,120,3202,2854,88,125,080749,38,,No seleccionado,,Consultar
2025,2,Licenciatura 2025,210,21005005,PSICOLOGIA,FES ZARAGOZA,Escolarizado,https://www.dgae.unam.mx/Licenciatura2025/resultados/2/21005005.html,120,3202,2854,88,125,080756,35,,No seleccionado,,Consultar
2025,2,Licenciatura 2025,210,21005005,PSICOLOGIA,FES ZARAGOZA,Escolarizado,https://www.dgae.unam.mx/Licenciatura2025/resultados/2/21005005.html,120,3202,2854,88,125,080757,37,,No seleccionado,,Consultar
2025,2,Licenciatura 2025,210,21005005,PSICOLOGIA,FES ZARAGOZA,Escolarizado,https://www.dgae.unam.mx/Licenciatura2025/resultados/2/21005005.html,120,3202,2854,88,125,080759,38,,No seleccionado,,Consultar
2025,2,Licenciatura 2025,210,21005005,PSICOLOGIA,FES ZARAGOZA,Escolarizado,https://www.dgae.unam.mx/Licenciatura2025/resultados/2/21005005.html,120,3202,2854,88,125,080765,,N,No presentado,,Consultar
2025,2,Licenciatura 2025,210,21005005,PSICOLOGIA,FES ZARAGOZA,Escolarizado,https://www.dgae.unam.mx/Licenciatura2025/resultados/2/21005005.html,120,3202,2854,88,125,080789,57,,No seleccionado,,Consultar
2025,2,Licenciatura 2025,210,21005005,PSICOLOGIA,FES ZARAGOZA,Escolarizado,https://www.dgae.unam.mx/Licenciatura2025/resultados/2/21005005.html,120,3202,2854,88,125,080794,58,,No seleccionado,,Consultar
2025,2,Licenciatura 2025,210,21005005,PSICOLOGIA,FES ZARAGOZA,Escolarizado,https://www.dgae.unam.mx/Licenciatura2025/resultados/2/21005005.html,120,3202,2854,88,125,080798,47,,No seleccionado,,Consultar
2025,2,Licenciatura 2025,210,21005005,PSICOLOGIA,FES ZARAGOZA,Escolarizado,https://www.dgae.unam.mx/Licenciatura2025/resultados/2/21005005.html,120,3202,2854,88,125,080802,78,,No seleccionado,,Consultar
2025,2,Licenciatura 2025,210,21005005,PSICOLOGIA,FES ZARAGOZA,Escolarizado,https://www.dgae.unam.mx/Licenciatura2025/resultados/2/21005005.html,120,3202,2854,88,125,080804,46,,No seleccionado,,Consultar
2025,2,Licenciatura 2025,210,21005005,PSICOLOGIA,FES ZARAGOZA,Escolarizado,https://www.dgae.unam.mx/Licenciatura2025/resultados/2/21005005.html,120,3202,2854,88,125,080806,42,,No seleccionado,,Consultar
2025,2,Licenciatura 2025,210,21005005,PSICOLOGIA,FES ZARAGOZA,Escolarizado,https://www.dgae.unam.mx/Licenciatura2025/resultados/2/21005005.html,120,3202,2854,88,125,080812,42,,No seleccionado,,Consultar
2025,2,Licenciatura 2025,210,21005005,PSICOLOGIA,FES ZARAGOZA,Escolarizado,https://www.dgae.unam.mx/Licenciatura2025/resultados/2/21005005.html,120,3202,2854,88,125,080816,33,,No seleccionado,,Consultar
2025,2,Licenciatura 2025,210,21005005,PSICOLOGIA,FES ZARAGOZA,Escolarizado,https://www.dgae.unam.mx/Licenciatura2025/resultados/2/21005005.html,120,3202,2854,88,125,080819,44,,No seleccionado,,Consultar
2025,2,Licenciatura 2025,210,21005005,PSICOLOGIA,FES ZARAGOZA,Escolarizado,https://www.dgae.unam.mx/Licenciatura2025/resultados/2/21005005.html,120,3202,2854,88,125,080860,45,,No seleccionado,,Consultar
2025,2,Licenciatura 2025,210,21005005,PSICOLOGIA,FES ZARAGOZA,Escolarizado,https://www.dgae.unam.mx/Licenciatura2025/resultados/2/21005005.html,120,3202,2854,88,125,080912,45,,No seleccionado,,Consultar
2025,2,Licenciatura 2025,210,21005005,PSICOLOGIA,FES ZARAGOZA,Escolarizado,https://www.dgae.unam.mx/Licenciatura2025/resultados/2/21005005.html,120,3202,2854,88,125,080920,35,,No seleccionado,,Consultar
2025,2,Licenciatura 2025,210,21005005,PSICOLOGIA,FES ZARAGOZA,Escolarizado,https://www.dgae.unam.mx/Licenciatura2025/resultados/2/21005005.html,120,3202,2854,88,125,080924,45,,No seleccionado,,Consultar
2025,2,Licenciatura 2025,210,21005005,PSICOLOGIA,FES ZARAGOZA,Escolarizado,https://www.dgae.unam.mx/Licenciatura2025/resultados/2/21005005.html,120,3202,2854,88,125,080929,34,,No seleccionado,,Consultar
2025,2,Licenciatura 2025,210,21005005,PSICOLOGIA,FES ZARAGOZA,Escolarizado,https://www.dgae.unam.mx/Licenciatura2025/resultados/2/21005005.html,120,3202,2854,88,125,080930,39,,No seleccionado,,Consultar
2025,2,Licenciatura 2025,210,21005005,PSICOLOGIA,FES ZARAGOZA,Escolarizado,https://www.dgae.unam.mx/Licenciatura2025/resultados/2/21005005.html,120,3202,2854,88,125,080937,56,,No seleccionado,,Consultar
2025,2,Licenciatura 2025,210,21005005,PSICOLOGIA,FES ZARAGOZA,Escolarizado,https://www.dgae.unam.mx/Licenciatura2025/resultados/2/21005005.html,120,3202,2854,88,125,080941,46,,No seleccionado,,Consultar
2025,2,Licenciatura 2025,210,21005005,PSICOLOGIA,FES ZARAGOZA,Escolarizado,https://www.dgae.unam.mx/Licenciatura2025/resultados/2/21005005.html,120,3202,2854,88,125,080942,37,,No seleccionado,,Consultar
2025,2,Licenciatura 2025,210,21005005,PSICOLOGIA,FES ZARAGOZA,Escolarizado,https://www.dgae.unam.mx/Licenciatura2025/resultados/2/21005005.html,120,3202,2854,88,125,080964,71,,No seleccionado,,Consultar
2025,2,Licenciatura 2025,210,21005005,PSICOLOGIA,FES ZARAGOZA,Escolarizado,https://www.dgae.unam.mx/Licenciatura2025/resultados/2/21005005.html,120,3202,2854,88,125,080970,44,,No seleccionado,,Consultar
2025,2,Licenciatura 2025,210,21005005,PSICOLOGIA,FES ZARAGOZA,Escolarizado,https://www.dgae.unam.mx/Licenciatura2025/resultados/2/21005005.html,120,3202,2854,88,125,080981,77,,No seleccionado,,Consultar
2025,2,Licenciatura 2025,210,21005005,PSICOLOGIA,FES ZARAGOZA,Escolarizado,https://www.dgae.unam.mx/Licenciatura2025/resultados/2/21005005.html,120,3202,2854,88,125,080989,69,,No seleccionado,,Consultar
2025,2,Licenciatura 2025,210,21005005,PSICOLOGIA,FES ZARAGOZA,Escolarizado,https://www.dgae.unam.mx/Licenciatura2025/resultados/2/21005005.html,120,3202,2854,88,125,080993,,N,No presentado,,Consultar
2025,2,Licenciatura 2025,210,21005005,PSICOLOGIA,FES ZARAGOZA,Escolarizado,https://www.dgae.unam.mx/Licenciatura2025/resultados/2/21005005.html,120,3202,2854,88,125,080999,31,,No seleccionado,,Consultar
2025,2,Licenciatura 2025,210,21005005,PSICOLOGIA,FES ZARAGOZA,Escolarizado,https://www.dgae.unam.mx/Licenciatura2025/resultados/2/21005005.html,120,3202,2854,88,125,081013,60,,No seleccionado,,Consultar
2025,2,Licenciatura 2025,210,21005005,PSICOLOGIA,FES ZARAGOZA,Escolarizado,https://www.dgae.unam.mx/Licenciatura2025/resultados/2/21005005.html,120,3202,2854,88,125,081022,49,,No seleccionado,,Consultar
2025,2,Licenciatura 2025,210,21005005,PSICOLOGIA,FES ZARAGOZA,Escolarizado,https://www.dgae.unam.mx/Licenciatura2025/resultados/2/21005005.html,120,3202,2854,88,125,081024,42,,No seleccionado,,Consultar
2025,2,Licenciatura 2025,210,21005005,PSICOLOGIA,FES ZARAGOZA,Escolarizado,https://www.dgae.unam.mx/Licenciatura2025/resultados/2/21005005.html,120,3202,2854,88,125,081025,79,,No seleccionado,,Consultar
2025,2,Licenciatura 2025,210,21005005,PSICOLOGIA,FES ZARAGOZA,Escolarizado,https://www.dgae.unam.mx/Licenciatura2025/resultados/2/21005005.html,120,3202,2854,88,125,081026,,N,No presentado,,Consultar
2025,2,Licenciatura 2025,210,21005005,PSICOLOGIA,FES ZARAGOZA,Escolarizado,https://www.dgae.unam.mx/Licenciatura2025/resultados/2/21005005.html,120,3202,2854,88,125,081031,80,,No seleccionado,,Consultar
2025,2,Licenciatura 2025,210,21005005,PSICOLOGIA,FES ZARAGOZA,Escolarizado,https://www.dgae.unam.mx/Licenciatura2025/resultados/2/21005005.html,120,3202,2854,88,125,081032,34,,No seleccionado,,Consultar
2025,2,Licenciatura 2025,210,21005005,PSICOLOGIA,FES ZARAGOZA,Escolarizado,https://www.dgae.unam.mx/Licenciatura2025/resultados/2/21005005.html,120,3202,2854,88,125,081039,68,,No seleccionado,,Consultar
2025,2,Licenciatura 2025,210,21005005,PSICOLOGIA,FES ZARAGOZA,Escolarizado,https://www.dgae.unam.mx/Licenciatura2025/resultados/2/21005005.html,120,3202,2854,88,125,081060,28,,No seleccionado,,Consultar
2025,2,Licenciatura 2025,210,21005005,PSICOLOGIA,FES ZARAGOZA,Escolarizado,https://www.dgae.unam.mx/Licenciatura2025/resultados/2/21005005.html,120,3202,2854,88,125,081061,34,,No seleccionado,,Consultar
2025,2,Licenciatura 2025,210,21005005,PSICOLOGIA,FES ZARAGOZA,Escolarizado,https://www.dgae.unam.mx/Licenciatura2025/resultados/2/21005005.html,120,3202,2854,88,125,081064,68,,No seleccionado,,Consultar
2025,2,Licenciatura 2025,210,21005005,PSICOLOGIA,FES ZARAGOZA,Escolarizado,https://www.dgae.unam.mx/Licenciatura2025/resultados/2/21005005.html,120,3202,2854,88,125,081070,47,,No seleccionado,,Consultar
2025,2,Licenciatura 2025,210,21005005,PSICOLOGIA,FES ZARAGOZA,Escolarizado,https://www.dgae.unam.mx/Licenciatura2025/resultados/2/21005005.html,120,3202,2854,88,125,081080,43,,No seleccionado,,Consultar
2025,2,Licenciatura 2025,210,21005005,PSICOLOGIA,FES ZARAGOZA,Escolarizado,https://www.dgae.unam.mx/Licenciatura2025/resultados/2/21005005.html,120,3202,2854,88,125,081097,79,,No seleccionado,,Consultar
2025,2,Licenciatura 2025,210,21005005,PSICOLOGIA,FES ZARAGOZA,Escolarizado,https://www.dgae.unam.mx/Licenciatura2025/resultados/2/21005005.html,120,3202,2854,88,125,081102,78,,No seleccionado,,Consultar
2025,2,Licenciatura 2025,210,21005005,PSICOLOGIA,FES ZARAGOZA,Escolarizado,https://www.dgae.unam.mx/Licenciatura2025/resultados/2/21005005.html,120,3202,2854,88,125,081108,49,,No seleccionado,,Consultar
2025,2,Licenciatura 2025,210,21005005,PSICOLOGIA,FES ZARAGOZA,Escolarizado,https://www.dgae.unam.mx/Licenciatura2025/resultados/2/21005005.html,120,3202,2854,88,125,081122,52,,No seleccionado,,Consultar
2025,2,Licenciatura 2025,210,21005005,PSICOLOGIA,FES ZARAGOZA,Escolarizado,https://www.dgae.unam.mx/Licenciatura2025/resultados/2/21005005.html,120,3202,2854,88,125,081123,64,,No seleccionado,,Consultar
2025,2,Licenciatura 2025,210,21005005,PSICOLOGIA,FES ZARAGOZA,Escolarizado,https://www.dgae.unam.mx/Licenciatura2025/resultados/2/21005005.html,120,3202,2854,88,125,081130,43,,No seleccionado,,Consultar
2025,2,Licenciatura 2025,210,21005005,PSICOLOGIA,FES ZARAGOZA,Escolarizado,https://www.dgae.unam.mx/Licenciatura2025/resultados/2/21005005.html,120,3202,2854,88,125,081141,49,,No seleccionado,,Consultar
2025,2,Licenciatura 2025,210,21005005,PSICOLOGIA,FES ZARAGOZA,Escolarizado,https://www.dgae.unam.mx/Licenciatura2025/resultados/2/21005005.html,120,3202,2854,88,125,081142,55,,No seleccionado,,Consultar
2025,2,Licenciatura 2025,210,21005005,PSICOLOGIA,FES ZARAGOZA,Escolarizado,https://www.dgae.unam.mx/Licenciatura2025/resultados/2/21005005.html,120,3202,2854,88,125,081162,44,,No seleccionado,,Consultar
2025,2,Licenciatura 2025,210,21005005,PSICOLOGIA,FES ZARAGOZA,Escolarizado,https://www.dgae.unam.mx/Licenciatura2025/resultados/2/21005005.html,120,3202,2854,88,125,081175,55,,No seleccionado,,Consultar
2025,2,Licenciatura 2025,210,21005005,PSICOLOGIA,FES ZARAGOZA,Escolarizado,https://www.dgae.unam.mx/Licenciatura2025/resultados/2/21005005.html,120,3202,2854,88,125,081179,45,,No seleccionado,,Consultar
2025,2,Licenciatura 2025,210,21005005,PSICOLOGIA,FES ZARAGOZA,Escolarizado,https://www.dgae.unam.mx/Licenciatura2025/resultados/2/21005005.html,120,3202,2854,88,125,081189,40,,No seleccionado,,Consultar
2025,2,Licenciatura 2025,210,21005005,PSICOLOGIA,FES ZARAGOZA,Escolarizado,https://www.dgae.unam.mx/Licenciatura2025/resultados/2/21005005.html,120,3202,2854,88,125,081190,42,,No seleccionado,,Consultar
2025,2,Licenciatura 2025,210,21005005,PSICOLOGIA,FES ZARAGOZA,Escolarizado,https://www.dgae.unam.mx/Licenciatura2025/resultados/2/21005005.html,120,3202,2854,88,125,081196,39,,No seleccionado,,Consultar
2025,2,Licenciatura 2025,210,21005005,PSICOLOGIA,FES ZARAGOZA,Escolarizado,https://www.dgae.unam.mx/Licenciatura2025/resultados/2/21005005.html,120,3202,2854,88,125,081199,78,,No seleccionado,,Consultar
2025,2,Licenciatura 2025,210,21005005,PSICOLOGIA,FES ZARAGOZA,Escolarizado,https://www.dgae.unam.mx/Licenciatura2025/resultados/2/21005005.html,120,3202,2854,88,125,081200,38,,No seleccionado,,Consultar
2025,2,Licenciatura 2025,210,21005005,PSICOLOGIA,FES ZARAGOZA,Escolarizado,https://www.dgae.unam.mx/Licenciatura2025/resultados/2/21005005.html,120,3202,2854,88,125,081213,96,S,Seleccionado,Cita para entregar documentación.,Consultar
2025,2,Licenciatura 2025,210,21005005,PSICOLOGIA,FES ZARAGOZA,Escolarizado,https://www.dgae.unam.mx/Licenciatura2025/resultados/2/21005005.html,120,3202,2854,88,125,081217,49,,No seleccionado,,Consultar
2025,2,Licenciatura 2025,210,21005005,PSICOLOGIA,FES ZARAGOZA,Escolarizado,https://www.dgae.unam.mx/Licenciatura2025/resultados/2/21005005.html,120,3202,2854,88,125,081225,50,,No seleccionado,,Consultar
2025,2,Licenciatura 2025,210,21005005,PSICOLOGIA,FES ZARAGOZA,Escolarizado,https://www.dgae.unam.mx/Licenciatura2025/resultados/2/21005005.html,120,3202,2854,88,125,081228,42,,No seleccionado,,Consultar
2025,2,Licenciatura 2025,210,21005005,PSICOLOGIA,FES ZARAGOZA,Escolarizado,https://www.dgae.unam.mx/Licenciatura2025/resultados/2/21005005.html,120,3202,2854,88,125,081238,,N,No presentado,,Consultar
2025,2,Licenciatura 2025,210,21005005,PSICOLOGIA,FES ZARAGOZA,Escolarizado,https://www.dgae.unam.mx/Licenciatura2025/resultados/2/21005005.html,120,3202,2854,88,125,081243,29,,No seleccionado,,Consultar
2025,2,Licenciatura 2025,210,21005005,PSICOLOGIA,FES ZARAGOZA,Escolarizado,https://www.dgae.unam.mx/Licenciatura2025/resultados/2/21005005.html,120,3202,2854,88,125,081252,38,,No seleccionado,,Consultar
2025,2,Licenciatura 2025,210,21005005,PSICOLOGIA,FES ZARAGOZA,Escolarizado,https://www.dgae.unam.mx/Licenciatura2025/resultados/2/21005005.html,120,3202,2854,88,125,081265,56,,No seleccionado,,Consultar
2025,2,Licenciatura 2025,210,21005005,PSICOLOGIA,FES ZARAGOZA,Escolarizado,https://www.dgae.unam.mx/Licenciatura2025/resultados/2/21005005.html,120,3202,2854,88,125,081272,46,,No seleccionado,,Consultar
2025,2,Licenciatura 2025,210,21005005,PSICOLOGIA,FES ZARAGOZA,Escolarizado,https://www.dgae.unam.mx/Licenciatura2025/resultados/2/21005005.html,120,3202,2854,88,125,081274,70,,No seleccionado,,Consultar
2025,2,Licenciatura 2025,210,21005005,PSICOLOGIA,FES ZARAGOZA,Escolarizado,https://www.dgae.unam.mx/Licenciatura2025/resultados/2/21005005.html,120,3202,2854,88,125,081279,38,,No seleccionado,,Consultar
2025,2,Licenciatura 2025,210,21005005,PSICOLOGIA,FES ZARAGOZA,Escolarizado,https://www.dgae.unam.mx/Licenciatura2025/resultados/2/21005005.html,120,3202,2854,88,125,081290,46,,No seleccionado,,Consultar
2025,2,Licenciatura 2025,210,21005005,PSICOLOGIA,FES ZARAGOZA,Escolarizado,https://www.dgae.unam.mx/Licenciatura2025/resultados/2/21005005.html,120,3202,2854,88,125,081295,65,,No seleccionado,,Consultar
2025,2,Licenciatura 2025,210,21005005,PSICOLOGIA,FES ZARAGOZA,Escolarizado,https://www.dgae.unam.mx/Licenciatura2025/resultados/2/21005005.html,120,3202,2854,88,125,081298,50,,No seleccionado,,Consultar
2025,2,Licenciatura 2025,210,21005005,PSICOLOGIA,FES ZARAGOZA,Escolarizado,https://www.dgae.unam.mx/Licenciatura2025/resultados/2/21005005.html,120,3202,2854,88,125,081300,,N,No presentado,,Consultar
2025,2,Licenciatura 2025,210,21005005,PSICOLOGIA,FES ZARAGOZA,Escolarizado,https://www.dgae.unam.mx/Licenciatura2025/resultados/2/21005005.html,120,3202,2854,88,125,081311,54,,No seleccionado,,Consultar
2025,2,Licenciatura 2025,210,21005005,PSICOLOGIA,FES ZARAGOZA,Escolarizado,https://www.dgae.unam.mx/Licenciatura2025/resultados/2/21005005.html,120,3202,2854,88,125,081312,52,,No seleccionado,,Consultar
2025,2,Licenciatura 2025,210,21005005,PSICOLOGIA,FES ZARAGOZA,Escolarizado,https://www.dgae.unam.mx/Licenciatura2025/resultados/2/21005005.html,120,3202,2854,88,125,081320,38,,No seleccionado,,Consultar
2025,2,Licenciatura 2025,210,21005005,PSICOLOGIA,FES ZARAGOZA,Escolarizado,https://www.dgae.unam.mx/Licenciatura2025/resultados/2/21005005.html,120,3202,2854,88,125,081328,70,,No seleccionado,,Consultar
2025,2,Licenciatura 2025,210,21005005,PSICOLOGIA,FES ZARAGOZA,Escolarizado,https://www.dgae.unam.mx/Licenciatura2025/resultados/2/21005005.html,120,3202,2854,88,125,081329,52,,No seleccionado,,Consultar
2025,2,Licenciatura 2025,210,21005005,PSICOLOGIA,FES ZARAGOZA,Escolarizado,https://www.dgae.unam.mx/Licenciatura2025/resultados/2/21005005.html,120,3202,2854,88,125,081339,53,,No seleccionado,,Consultar
2025,2,Licenciatura 2025,210,21005005,PSICOLOGIA,FES ZARAGOZA,Escolarizado,https://www.dgae.unam.mx/Licenciatura2025/resultados/2/21005005.html,120,3202,2854,88,125,081359,49,,No seleccionado,,Consultar
2025,2,Licenciatura 2025,210,21005005,PSICOLOGIA,FES ZARAGOZA,Escolarizado,https://www.dgae.unam.mx/Licenciatura2025/resultados/2/21005005.html,120,3202,2854,88,125,081365,38,,No seleccionado,,Consultar
2025,2,Licenciatura 2025,210,21005005,PSICOLOGIA,FES ZARAGOZA,Escolarizado,https://www.dgae.unam.mx/Licenciatura2025/resultados/2/21005005.html,120,3202,2854,88,125,081366,60,,No seleccionado,,Consultar
2025,2,Licenciatura 2025,210,21005005,PSICOLOGIA,FES ZARAGOZA,Escolarizado,https://www.dgae.unam.mx/Licenciatura2025/resultados/2/21005005.html,120,3202,2854,88,125,081370,45,,No seleccionado,,Consultar
2025,2,Licenciatura 2025,210,21005005,PSICOLOGIA,FES ZARAGOZA,Escolarizado,https://www.dgae.unam.mx/Licenciatura2025/resultados/2/21005005.html,120,3202,2854,88,125,081376,30,,No seleccionado,,Consultar
2025,2,Licenciatura 2025,210,21005005,PSICOLOGIA,FES ZARAGOZA,Escolarizado,https://www.dgae.unam.mx/Licenciatura2025/resultados/2/21005005.html,120,3202,2854,88,125,081399,96,S,Seleccionado,Cita para entregar documentación.,Consultar
2025,2,Licenciatura 2025,210,21005005,PSICOLOGIA,FES ZARAGOZA,Escolarizado,https://www.dgae.unam.mx/Licenciatura2025/resultados/2/21005005.html,120,3202,2854,88,125,081410,74,,No seleccionado,,Consultar
2025,2,Licenciatura 2025,210,21005005,PSICOLOGIA,FES ZARAGOZA,Escolarizado,https://www.dgae.unam.mx/Licenciatura2025/resultados/2/21005005.html,120,3202,2854,88,125,081416,43,,No seleccionado,,Consultar
2025,2,Licenciatura 2025,210,21005005,PSICOLOGIA,FES ZARAGOZA,Escolarizado,https://www.dgae.unam.mx/Licenciatura2025/resultados/2/21005005.html,120,3202,2854,88,125,081425,32,,No seleccionado,,Consultar
2025,2,Licenciatura 2025,210,21005005,PSICOLOGIA,FES ZARAGOZA,Escolarizado,https://www.dgae.unam.mx/Licenciatura2025/resultados/2/21005005.html,120,3202,2854,88,125,081431,63,,No seleccionado,,Consultar
2025,2,Licenciatura 2025,210,21005005,PSICOLOGIA,FES ZARAGOZA,Escolarizado,https://www.dgae.unam.mx/Licenciatura2025/resultados/2/21005005.html,120,3202,2854,88,125,081458,58,,No seleccionado,,Consultar
2025,2,Licenciatura 2025,210,21005005,PSICOLOGIA,FES ZARAGOZA,Escolarizado,https://www.dgae.unam.mx/Licenciatura2025/resultados/2/21005005.html,120,3202,2854,88,125,081465,35,,No seleccionado,,Consultar
2025,2,Licenciatura 2025,210,21005005,PSICOLOGIA,FES ZARAGOZA,Escolarizado,https://www.dgae.unam.mx/Licenciatura2025/resultados/2/21005005.html,120,3202,2854,88,125,081480,81,,No seleccionado,,Consultar
2025,2,Licenciatura 2025,210,21005005,PSICOLOGIA,FES ZARAGOZA,Escolarizado,https://www.dgae.unam.mx/Licenciatura2025/resultados/2/21005005.html,120,3202,2854,88,125,081488,42,,No seleccionado,,Consultar
2025,2,Licenciatura 2025,210,21005005,PSICOLOGIA,FES ZARAGOZA,Escolarizado,https://www.dgae.unam.mx/Licenciatura2025/resultados/2/21005005.html,120,3202,2854,88,125,081494,40,,No seleccionado,,Consultar
2025,2,Licenciatura 2025,210,21005005,PSICOLOGIA,FES ZARAGOZA,Escolarizado,https://www.dgae.unam.mx/Licenciatura2025/resultados/2/21005005.html,120,3202,2854,88,125,081496,36,,No seleccionado,,Consultar
2025,2,Licenciatura 2025,210,21005005,PSICOLOGIA,FES ZARAGOZA,Escolarizado,https://www.dgae.unam.mx/Licenciatura2025/resultados/2/21005005.html,120,3202,2854,88,125,081499,41,,No seleccionado,,Consultar
2025,2,Licenciatura 2025,210,21005005,PSICOLOGIA,FES ZARAGOZA,Escolarizado,https://www.dgae.unam.mx/Licenciatura2025/resultados/2/21005005.html,120,3202,2854,88,125,081500,43,,No seleccionado,,Consultar
2025,2,Licenciatura 2025,210,21005005,PSICOLOGIA,FES ZARAGOZA,Escolarizado,https://www.dgae.unam.mx/Licenciatura2025/resultados/2/21005005.html,120,3202,2854,88,125,081518,42,,No seleccionado,,Consultar
2025,2,Licenciatura 2025,210,21005005,PSICOLOGIA,FES ZARAGOZA,Escolarizado,https://www.dgae.unam.mx/Licenciatura2025/resultados/2/21005005.html,120,3202,2854,88,125,081520,40,,No seleccionado,,Consultar
2025,2,Licenciatura 2025,210,21005005,PSICOLOGIA,FES ZARAGOZA,Escolarizado,https://www.dgae.unam.mx/Licenciatura2025/resultados/2/21005005.html,120,3202,2854,88,125,081528,49,,No seleccionado,,Consultar
2025,2,Licenciatura 2025,210,21005005,PSICOLOGIA,FES ZARAGOZA,Escolarizado,https://www.dgae.unam.mx/Licenciatura2025/resultados/2/21005005.html,120,3202,2854,88,125,081542,51,,No seleccionado,,Consultar
2025,2,Licenciatura 2025,210,21005005,PSICOLOGIA,FES ZARAGOZA,Escolarizado,https://www.dgae.unam.mx/Licenciatura2025/resultados/2/21005005.html,120,3202,2854,88,125,081553,38,,No seleccionado,,Consultar
2025,2,Licenciatura 2025,210,21005005,PSICOLOGIA,FES ZARAGOZA,Escolarizado,https://www.dgae.unam.mx/Licenciatura2025/resultados/2/21005005.html,120,3202,2854,88,125,081559,53,,No seleccionado,,Consultar
2025,2,Licenciatura 2025,210,21005005,PSICOLOGIA,FES ZARAGOZA,Escolarizado,https://www.dgae.unam.mx/Licenciatura2025/resultados/2/21005005.html,120,3202,2854,88,125,081569,44,,No seleccionado,,Consultar
2025,2,Licenciatura 2025,210,21005005,PSICOLOGIA,FES ZARAGOZA,Escolarizado,https://www.dgae.unam.mx/Licenciatura2025/resultados/2/21005005.html,120,3202,2854,88,125,081584,33,,No seleccionado,,Consultar
2025,2,Licenciatura 2025,210,21005005,PSICOLOGIA,FES ZARAGOZA,Escolarizado,https://www.dgae.unam.mx/Licenciatura2025/resultados/2/21005005.html,120,3202,2854,88,125,081594,28,,No seleccionado,,Consultar
2025,2,Licenciatura 2025,210,21005005,PSICOLOGIA,FES ZARAGOZA,Escolarizado,https://www.dgae.unam.mx/Licenciatura2025/resultados/2/21005005.html,120,3202,2854,88,125,081608,53,,No seleccionado,,Consultar
2025,2,Licenciatura 2025,210,21005005,PSICOLOGIA,FES ZARAGOZA,Escolarizado,https://www.dgae.unam.mx/Licenciatura2025/resultados/2/21005005.html,120,3202,2854,88,125,081614,45,,No seleccionado,,Consultar
2025,2,Licenciatura 2025,210,21005005,PSICOLOGIA,FES ZARAGOZA,Escolarizado,https://www.dgae.unam.mx/Licenciatura2025/resultados/2/21005005.html,120,3202,2854,88,125,081623,52,,No seleccionado,,Consultar
2025,2,Licenciatura 2025,210,21005005,PSICOLOGIA,FES ZARAGOZA,Escolarizado,https://www.dgae.unam.mx/Licenciatura2025/resultados/2/21005005.html,120,3202,2854,88,125,081628,37,,No seleccionado,,Consultar
2025,2,Licenciatura 2025,210,21005005,PSICOLOGIA,FES ZARAGOZA,Escolarizado,https://www.dgae.unam.mx/Licenciatura2025/resultados/2/21005005.html,120,3202,2854,88,125,081630,62,,No seleccionado,,Consultar
2025,2,Licenciatura 2025,210,21005005,PSICOLOGIA,FES ZARAGOZA,Escolarizado,https://www.dgae.unam.mx/Licenciatura2025/resultados/2/21005005.html,120,3202,2854,88,125,081651,86,,No seleccionado,,Consultar
2025,2,Licenciatura 2025,210,21005005,PSICOLOGIA,FES ZARAGOZA,Escolarizado,https://www.dgae.unam.mx/Licenciatura2025/resultados/2/21005005.html,120,3202,2854,88,125,081670,74,,No seleccionado,,Consultar
2025,2,Licenciatura 2025,210,21005005,PSICOLOGIA,FES ZARAGOZA,Escolarizado,https://www.dgae.unam.mx/Licenciatura2025/resultados/2/21005005.html,120,3202,2854,88,125,081678,61,,No seleccionado,,Consultar
2025,2,Licenciatura 2025,210,21005005,PSICOLOGIA,FES ZARAGOZA,Escolarizado,https://www.dgae.unam.mx/Licenciatura2025/resultados/2/21005005.html,120,3202,2854,88,125,081683,72,,No seleccionado,,Consultar
2025,2,Licenciatura 2025,210,21005005,PSICOLOGIA,FES ZARAGOZA,Escolarizado,https://www.dgae.unam.mx/Licenciatura2025/resultados/2/21005005.html,120,3202,2854,88,125,081685,61,,No seleccionado,,Consultar
2025,2,Licenciatura 2025,210,21005005,PSICOLOGIA,FES ZARAGOZA,Escolarizado,https://www.dgae.unam.mx/Licenciatura2025/resultados/2/21005005.html,120,3202,2854,88,125,081691,45,,No seleccionado,,Consultar
2025,2,Licenciatura 2025,210,21005005,PSICOLOGIA,FES ZARAGOZA,Escolarizado,https://www.dgae.unam.mx/Licenciatura2025/resultados/2/21005005.html,120,3202,2854,88,125,081694,76,,No seleccionado,,Consultar
2025,2,Licenciatura 2025,210,21005005,PSICOLOGIA,FES ZARAGOZA,Escolarizado,https://www.dgae.unam.mx/Licenciatura2025/resultados/2/21005005.html,120,3202,2854,88,125,081721,33,,No seleccionado,,Consultar
2025,2,Licenciatura 2025,210,21005005,PSICOLOGIA,FES ZARAGOZA,Escolarizado,https://www.dgae.unam.mx/Licenciatura2025/resultados/2/21005005.html,120,3202,2854,88,125,081733,43,,No seleccionado,,Consultar
2025,2,Licenciatura 2025,210,21005005,PSICOLOGIA,FES ZARAGOZA,Escolarizado,https://www.dgae.unam.mx/Licenciatura2025/resultados/2/21005005.html,120,3202,2854,88,125,081748,87,,No seleccionado,,Consultar
2025,2,Licenciatura 2025,210,21005005,PSICOLOGIA,FES ZARAGOZA,Escolarizado,https://www.dgae.unam.mx/Licenciatura2025/resultados/2/21005005.html,120,3202,2854,88,125,081751,58,,No seleccionado,,Consultar
2025,2,Licenciatura 2025,210,21005005,PSICOLOGIA,FES ZARAGOZA,Escolarizado,https://www.dgae.unam.mx/Licenciatura2025/resultados/2/21005005.html,120,3202,2854,88,125,081767,76,,No seleccionado,,Consultar
2025,2,Licenciatura 2025,210,21005005,PSICOLOGIA,FES ZARAGOZA,Escolarizado,https://www.dgae.unam.mx/Licenciatura2025/resultados/2/21005005.html,120,3202,2854,88,125,081769,47,,No seleccionado,,Consultar
2025,2,Licenciatura 2025,210,21005005,PSICOLOGIA,FES ZARAGOZA,Escolarizado,https://www.dgae.unam.mx/Licenciatura2025/resultados/2/21005005.html,120,3202,2854,88,125,081771,46,,No seleccionado,,Consultar
2025,2,Licenciatura 2025,210,21005005,PSICOLOGIA,FES ZARAGOZA,Escolarizado,https://www.dgae.unam.mx/Licenciatura2025/resultados/2/21005005.html,120,3202,2854,88,125,081783,38,,No seleccionado,,Consultar
2025,2,Licenciatura 2025,210,21005005,PSICOLOGIA,FES ZARAGOZA,Escolarizado,https://www.dgae.unam.mx/Licenciatura2025/resultados/2/21005005.html,120,3202,2854,88,125,081784,39,,No seleccionado,,Consultar
2025,2,Licenciatura 2025,210,21005005,PSICOLOGIA,FES ZARAGOZA,Escolarizado,https://www.dgae.unam.mx/Licenciatura2025/resultados/2/21005005.html,120,3202,2854,88,125,081791,50,,No seleccionado,,Consultar
2025,2,Licenciatura 2025,210,21005005,PSICOLOGIA,FES ZARAGOZA,Escolarizado,https://www.dgae.unam.mx/Licenciatura2025/resultados/2/21005005.html,120,3202,2854,88,125,081800,,N,No presentado,,Consultar
2025,2,Licenciatura 2025,210,21005005,PSICOLOGIA,FES ZARAGOZA,Escolarizado,https://www.dgae.unam.mx/Licenciatura2025/resultados/2/21005005.html,120,3202,2854,88,125,081802,76,,No seleccionado,,Consultar
2025,2,Licenciatura 2025,210,21005005,PSICOLOGIA,FES ZARAGOZA,Escolarizado,https://www.dgae.unam.mx/Licenciatura2025/resultados/2/21005005.html,120,3202,2854,88,125,081811,54,,No seleccionado,,Consultar
2025,2,Licenciatura 2025,210,21005005,PSICOLOGIA,FES ZARAGOZA,Escolarizado,https://www.dgae.unam.mx/Licenciatura2025/resultados/2/21005005.html,120,3202,2854,88,125,081812,36,,No seleccionado,,Consultar
2025,2,Licenciatura 2025,210,21005005,PSICOLOGIA,FES ZARAGOZA,Escolarizado,https://www.dgae.unam.mx/Licenciatura2025/resultados/2/21005005.html,120,3202,2854,88,125,081819,41,,No seleccionado,,Consultar
2025,2,Licenciatura 2025,210,21005005,PSICOLOGIA,FES ZARAGOZA,Escolarizado,https://www.dgae.unam.mx/Licenciatura2025/resultados/2/21005005.html,120,3202,2854,88,125,081831,56,,No seleccionado,,Consultar
2025,2,Licenciatura 2025,210,21005005,PSICOLOGIA,FES ZARAGOZA,Escolarizado,https://www.dgae.unam.mx/Licenciatura2025/resultados/2/21005005.html,120,3202,2854,88,125,081832,36,,No seleccionado,,Consultar
2025,2,Licenciatura 2025,210,21005005,PSICOLOGIA,FES ZARAGOZA,Escolarizado,https://www.dgae.unam.mx/Licenciatura2025/resultados/2/21005005.html,120,3202,2854,88,125,081846,67,,No seleccionado,,Consultar
2025,2,Licenciatura 2025,210,21005005,PSICOLOGIA,FES ZARAGOZA,Escolarizado,https://www.dgae.unam.mx/Licenciatura2025/resultados/2/21005005.html,120,3202,2854,88,125,081850,43,,No seleccionado,,Consultar
2025,2,Licenciatura 2025,210,21005005,PSICOLOGIA,FES ZARAGOZA,Escolarizado,https://www.dgae.unam.mx/Licenciatura2025/resultados/2/21005005.html,120,3202,2854,88,125,081855,38,,No seleccionado,,Consultar
2025,2,Licenciatura 2025,210,21005005,PSICOLOGIA,FES ZARAGOZA,Escolarizado,https://www.dgae.unam.mx/Licenciatura2025/resultados/2/21005005.html,120,3202,2854,88,125,081869,36,,No seleccionado,,Consultar
2025,2,Licenciatura 2025,210,21005005,PSICOLOGIA,FES ZARAGOZA,Escolarizado,https://www.dgae.unam.mx/Licenciatura2025/resultados/2/21005005.html,120,3202,2854,88,125,081870,68,,No seleccionado,,Consultar
2025,2,Licenciatura 2025,210,21005005,PSICOLOGIA,FES ZARAGOZA,Escolarizado,https://www.dgae.unam.mx/Licenciatura2025/resultados/2/21005005.html,120,3202,2854,88,125,081877,37,,No seleccionado,,Consultar
2025,2,Licenciatura 2025,210,21005005,PSICOLOGIA,FES ZARAGOZA,Escolarizado,https://www.dgae.unam.mx/Licenciatura2025/resultados/2/21005005.html,120,3202,2854,88,125,081891,35,,No seleccionado,,Consultar
2025,2,Licenciatura 2025,210,21005005,PSICOLOGIA,FES ZARAGOZA,Escolarizado,https://www.dgae.unam.mx/Licenciatura2025/resultados/2/21005005.html,120,3202,2854,88,125,081893,81,,No seleccionado,,Consultar
2025,2,Licenciatura 2025,210,21005005,PSICOLOGIA,FES ZARAGOZA,Escolarizado,https://www.dgae.unam.mx/Licenciatura2025/resultados/2/21005005.html,120,3202,2854,88,125,081905,49,,No seleccionado,,Consultar
2025,2,Licenciatura 2025,210,21005005,PSICOLOGIA,FES ZARAGOZA,Escolarizado,https://www.dgae.unam.mx/Licenciatura2025/resultados/2/21005005.html,120,3202,2854,88,125,081910,,N,No presentado,,Consultar
2025,2,Licenciatura 2025,210,21005005,PSICOLOGIA,FES ZARAGOZA,Escolarizado,https://www.dgae.unam.mx/Licenciatura2025/resultados/2/21005005.html,120,3202,2854,88,125,081911,47,,No seleccionado,,Consultar
2025,2,Licenciatura 2025,210,21005005,PSICOLOGIA,FES ZARAGOZA,Escolarizado,https://www.dgae.unam.mx/Licenciatura2025/resultados/2/21005005.html,120,3202,2854,88,125,081914,61,,No seleccionado,,Consultar
2025,2,Licenciatura 2025,210,21005005,PSICOLOGIA,FES ZARAGOZA,Escolarizado,https://www.dgae.unam.mx/Licenciatura2025/resultados/2/21005005.html,120,3202,2854,88,125,081916,78,,No seleccionado,,Consultar
2025,2,Licenciatura 2025,210,21005005,PSICOLOGIA,FES ZARAGOZA,Escolarizado,https://www.dgae.unam.mx/Licenciatura2025/resultados/2/21005005.html,120,3202,2854,88,125,081923,,N,No presentado,,Consultar
2025,2,Licenciatura 2025,210,21005005,PSICOLOGIA,FES ZARAGOZA,Escolarizado,https://www.dgae.unam.mx/Licenciatura2025/resultados/2/21005005.html,120,3202,2854,88,125,081930,43,,No seleccionado,,Consultar
2025,2,Licenciatura 2025,210,21005005,PSICOLOGIA,FES ZARAGOZA,Escolarizado,https://www.dgae.unam.mx/Licenciatura2025/resultados/2/21005005.html,120,3202,2854,88,125,081935,45,,No seleccionado,,Consultar
2025,2,Licenciatura 2025,210,21005005,PSICOLOGIA,FES ZARAGOZA,Escolarizado,https://www.dgae.unam.mx/Licenciatura2025/resultados/2/21005005.html,120,3202,2854,88,125,081948,54,,No seleccionado,,Consultar
2025,2,Licenciatura 2025,210,21005005,PSICOLOGIA,FES ZARAGOZA,Escolarizado,https://www.dgae.unam.mx/Licenciatura2025/resultados/2/21005005.html,120,3202,2854,88,125,081966,98,S,Seleccionado,Cita para entregar documentación.,Consultar
2025,2,Licenciatura 2025,210,21005005,PSICOLOGIA,FES ZARAGOZA,Escolarizado,https://www.dgae.unam.mx/Licenciatura2025/resultados/2/21005005.html,120,3202,2854,88,125,081967,49,,No seleccionado,,Consultar
2025,2,Licenciatura 2025,210,21005005,PSICOLOGIA,FES ZARAGOZA,Escolarizado,https://www.dgae.unam.mx/Licenciatura2025/resultados/2/21005005.html,120,3202,2854,88,125,081984,50,,No seleccionado,,Consultar
2025,2,Licenciatura 2025,210,21005005,PSICOLOGIA,FES ZARAGOZA,Escolarizado,https://www.dgae.unam.mx/Licenciatura2025/resultados/2/21005005.html,120,3202,2854,88,125,081992,49,,No seleccionado,,Consultar
2025,2,Licenciatura 2025,210,21005005,PSICOLOGIA,FES ZARAGOZA,Escolarizado,https://www.dgae.unam.mx/Licenciatura2025/resultados/2/21005005.html,120,3202,2854,88,125,082000,36,,No seleccionado,,Consultar
2025,2,Licenciatura 2025,210,21005005,PSICOLOGIA,FES ZARAGOZA,Escolarizado,https://www.dgae.unam.mx/Licenciatura2025/resultados/2/21005005.html,120,3202,2854,88,125,082010,31,,No seleccionado,,Consultar
2025,2,Licenciatura 2025,210,21005005,PSICOLOGIA,FES ZARAGOZA,Escolarizado,https://www.dgae.unam.mx/Licenciatura2025/resultados/2/21005005.html,120,3202,2854,88,125,082018,39,,No seleccionado,,Consultar
2025,2,Licenciatura 2025,210,21005005,PSICOLOGIA,FES ZARAGOZA,Escolarizado,https://www.dgae.unam.mx/Licenciatura2025/resultados/2/21005005.html,120,3202,2854,88,125,082030,38,,No seleccionado,,Consultar
2025,2,Licenciatura 2025,210,21005005,PSICOLOGIA,FES ZARAGOZA,Escolarizado,https://www.dgae.unam.mx/Licenciatura2025/resultados/2/21005005.html,120,3202,2854,88,125,082033,50,,No seleccionado,,Consultar
2025,2,Licenciatura 2025,210,21005005,PSICOLOGIA,FES ZARAGOZA,Escolarizado,https://www.dgae.unam.mx/Licenciatura2025/resultados/2/21005005.html,120,3202,2854,88,125,082043,,N,No presentado,,Consultar
2025,2,Licenciatura 2025,210,21005005,PSICOLOGIA,FES ZARAGOZA,Escolarizado,https://www.dgae.unam.mx/Licenciatura2025/resultados/2/21005005.html,120,3202,2854,88,125,082049,38,,No seleccionado,,Consultar
2025,2,Licenciatura 2025,210,21005005,PSICOLOGIA,FES ZARAGOZA,Escolarizado,https://www.dgae.unam.mx/Licenciatura2025/resultados/2/21005005.html,120,3202,2854,88,125,082050,41,,No seleccionado,,Consultar
2025,2,Licenciatura 2025,210,21005005,PSICOLOGIA,FES ZARAGOZA,Escolarizado,https://www.dgae.unam.mx/Licenciatura2025/resultados/2/21005005.html,120,3202,2854,88,125,082051,,N,No presentado,,Consultar
2025,2,Licenciatura 2025,210,21005005,PSICOLOGIA,FES ZARAGOZA,Escolarizado,https://www.dgae.unam.mx/Licenciatura2025/resultados/2/21005005.html,120,3202,2854,88,125,082052,40,,No seleccionado,,Consultar
2025,2,Licenciatura 2025,210,21005005,PSICOLOGIA,FES ZARAGOZA,Escolarizado,https://www.dgae.unam.mx/Licenciatura2025/resultados/2/21005005.html,120,3202,2854,88,125,082066,36,,No seleccionado,,Consultar
2025,2,Licenciatura 2025,210,21005005,PSICOLOGIA,FES ZARAGOZA,Escolarizado,https://www.dgae.unam.mx/Licenciatura2025/resultados/2/21005005.html,120,3202,2854,88,125,082069,36,,No seleccionado,,Consultar
2025,2,Licenciatura 2025,210,21005005,PSICOLOGIA,FES ZARAGOZA,Escolarizado,https://www.dgae.unam.mx/Licenciatura2025/resultados/2/21005005.html,120,3202,2854,88,125,082076,30,,No seleccionado,,Consultar
2025,2,Licenciatura 2025,210,21005005,PSICOLOGIA,FES ZARAGOZA,Escolarizado,https://www.dgae.unam.mx/Licenciatura2025/resultados/2/21005005.html,120,3202,2854,88,125,082085,53,,No seleccionado,,Consultar
2025,2,Licenciatura 2025,210,21005005,PSICOLOGIA,FES ZARAGOZA,Escolarizado,https://www.dgae.unam.mx/Licenciatura2025/resultados/2/21005005.html,120,3202,2854,88,125,082103,55,,No seleccionado,,Consultar
2025,2,Licenciatura 2025,210,21005005,PSICOLOGIA,FES ZARAGOZA,Escolarizado,https://www.dgae.unam.mx/Licenciatura2025/resultados/2/21005005.html,120,3202,2854,88,125,082111,35,,No seleccionado,,Consultar
2025,2,Licenciatura 2025,210,21005005,PSICOLOGIA,FES ZARAGOZA,Escolarizado,https://www.dgae.unam.mx/Licenciatura2025/resultados/2/21005005.html,120,3202,2854,88,125,082129,48,,No seleccionado,,Consultar
2025,2,Licenciatura 2025,210,21005005,PSICOLOGIA,FES ZARAGOZA,Escolarizado,https://www.dgae.unam.mx/Licenciatura2025/resultados/2/21005005.html,120,3202,2854,88,125,082133,53,,No seleccionado,,Consultar
2025,2,Licenciatura 2025,210,21005005,PSICOLOGIA,FES ZARAGOZA,Escolarizado,https://www.dgae.unam.mx/Licenciatura2025/resultados/2/21005005.html,120,3202,2854,88,125,082139,49,,No seleccionado,,Consultar
2025,2,Licenciatura 2025,210,21005005,PSICOLOGIA,FES ZARAGOZA,Escolarizado,https://www.dgae.unam.mx/Licenciatura2025/resultados/2/21005005.html,120,3202,2854,88,125,082141,43,,No seleccionado,,Consultar
2025,2,Licenciatura 2025,210,21005005,PSICOLOGIA,FES ZARAGOZA,Escolarizado,https://www.dgae.unam.mx/Licenciatura2025/resultados/2/21005005.html,120,3202,2854,88,125,082155,64,,No seleccionado,,Consultar
2025,2,Licenciatura 2025,210,21005005,PSICOLOGIA,FES ZARAGOZA,Escolarizado,https://www.dgae.unam.mx/Licenciatura2025/resultados/2/21005005.html,120,3202,2854,88,125,082158,39,,No seleccionado,,Consultar
2025,2,Licenciatura 2025,210,21005005,PSICOLOGIA,FES ZARAGOZA,Escolarizado,https://www.dgae.unam.mx/Licenciatura2025/resultados/2/21005005.html,120,3202,2854,88,125,082160,46,,No seleccionado,,Consultar
2025,2,Licenciatura 2025,210,21005005,PSICOLOGIA,FES ZARAGOZA,Escolarizado,https://www.dgae.unam.mx/Licenciatura2025/resultados/2/21005005.html,120,3202,2854,88,125,082164,104,S,Seleccionado,Cita para entregar documentación.,Consultar
2025,2,Licenciatura 2025,210,21005005,PSICOLOGIA,FES ZARAGOZA,Escolarizado,https://www.dgae.unam.mx/Licenciatura2025/resultados/2/21005005.html,120,3202,2854,88,125,082165,44,,No seleccionado,,Consultar
2025,2,Licenciatura 2025,210,21005005,PSICOLOGIA,FES ZARAGOZA,Escolarizado,https://www.dgae.unam.mx/Licenciatura2025/resultados/2/21005005.html,120,3202,2854,88,125,082169,,N,No presentado,,Consultar
2025,2,Licenciatura 2025,210,21005005,PSICOLOGIA,FES ZARAGOZA,Escolarizado,https://www.dgae.unam.mx/Licenciatura2025/resultados/2/21005005.html,120,3202,2854,88,125,082183,39,,No seleccionado,,Consultar
2025,2,Licenciatura 2025,210,21005005,PSICOLOGIA,FES ZARAGOZA,Escolarizado,https://www.dgae.unam.mx/Licenciatura2025/resultados/2/21005005.html,120,3202,2854,88,125,082194,46,,No seleccionado,,Consultar
2025,2,Licenciatura 2025,210,21005005,PSICOLOGIA,FES ZARAGOZA,Escolarizado,https://www.dgae.unam.mx/Licenciatura2025/resultados/2/21005005.html,120,3202,2854,88,125,082208,39,,No seleccionado,,Consultar
2025,2,Licenciatura 2025,210,21005005,PSICOLOGIA,FES ZARAGOZA,Escolarizado,https://www.dgae.unam.mx/Licenciatura2025/resultados/2/21005005.html,120,3202,2854,88,125,082209,49,,No seleccionado,,Consultar
2025,2,Licenciatura 2025,210,21005005,PSICOLOGIA,FES ZARAGOZA,Escolarizado,https://www.dgae.unam.mx/Licenciatura2025/resultados/2/21005005.html,120,3202,2854,88,125,082221,34,,No seleccionado,,Consultar
2025,2,Licenciatura 2025,210,21005005,PSICOLOGIA,FES ZARAGOZA,Escolarizado,https://www.dgae.unam.mx/Licenciatura2025/resultados/2/21005005.html,120,3202,2854,88,125,082235,54,,No seleccionado,,Consultar
2025,2,Licenciatura 2025,210,21005005,PSICOLOGIA,FES ZARAGOZA,Escolarizado,https://www.dgae.unam.mx/Licenciatura2025/resultados/2/21005005.html,120,3202,2854,88,125,082250,,N,No presentado,,Consultar
2025,2,Licenciatura 2025,210,21005005,PSICOLOGIA,FES ZARAGOZA,Escolarizado,https://www.dgae.unam.mx/Licenciatura2025/resultados/2/21005005.html,120,3202,2854,88,125,082264,102,S,Seleccionado,,Consultar
2025,2,Licenciatura 2025,210,21005005,PSICOLOGIA,FES ZARAGOZA,Escolarizado,https://www.dgae.unam.mx/Licenciatura2025/resultados/2/21005005.html,120,3202,2854,88,125,082268,36,,No seleccionado,,Consultar
2025,2,Licenciatura 2025,210,21005005,PSICOLOGIA,FES ZARAGOZA,Escolarizado,https://www.dgae.unam.mx/Licenciatura2025/resultados/2/21005005.html,120,3202,2854,88,125,082292,,N,No presentado,,Consultar
2025,2,Licenciatura 2025,210,21005005,PSICOLOGIA,FES ZARAGOZA,Escolarizado,https://www.dgae.unam.mx/Licenciatura2025/resultados/2/21005005.html,120,3202,2854,88,125,082306,53,,No seleccionado,,Consultar
2025,2,Licenciatura 2025,210,21005005,PSICOLOGIA,FES ZARAGOZA,Escolarizado,https://www.dgae.unam.mx/Licenciatura2025/resultados/2/21005005.html,120,3202,2854,88,125,082307,45,,No seleccionado,,Consultar
2025,2,Licenciatura 2025,210,21005005,PSICOLOGIA,FES ZARAGOZA,Escolarizado,https://www.dgae.unam.mx/Licenciatura2025/resultados/2/21005005.html,120,3202,2854,88,125,082325,39,,No seleccionado,,Consultar
2025,2,Licenciatura 2025,210,21005005,PSICOLOGIA,FES ZARAGOZA,Escolarizado,https://www.dgae.unam.mx/Licenciatura2025/resultados/2/21005005.html,120,3202,2854,88,125,082327,66,,No seleccionado,,Consultar
2025,2,Licenciatura 2025,210,21005005,PSICOLOGIA,FES ZARAGOZA,Escolarizado,https://www.dgae.unam.mx/Licenciatura2025/resultados/2/21005005.html,120,3202,2854,88,125,082346,49,,No seleccionado,,Consultar
2025,2,Licenciatura 2025,210,21005005,PSICOLOGIA,FES ZARAGOZA,Escolarizado,https://www.dgae.unam.mx/Licenciatura2025/resultados/2/21005005.html,120,3202,2854,88,125,082388,50,,No seleccionado,,Consultar
2025,2,Licenciatura 2025,210,21005005,PSICOLOGIA,FES ZARAGOZA,Escolarizado,https://www.dgae.unam.mx/Licenciatura2025/resultados/2/21005005.html,120,3202,2854,88,125,082397,68,,No seleccionado,,Consultar
2025,2,Licenciatura 2025,210,21005005,PSICOLOGIA,FES ZARAGOZA,Escolarizado,https://www.dgae.unam.mx/Licenciatura2025/resultados/2/21005005.html,120,3202,2854,88,125,082401,39,,No seleccionado,,Consultar
2025,2,Licenciatura 2025,210,21005005,PSICOLOGIA,FES ZARAGOZA,Escolarizado,https://www.dgae.unam.mx/Licenciatura2025/resultados/2/21005005.html,120,3202,2854,88,125,082413,,N,No presentado,,Consultar
2025,2,Licenciatura 2025,210,21005005,PSICOLOGIA,FES ZARAGOZA,Escolarizado,https://www.dgae.unam.mx/Licenciatura2025/resultados/2/21005005.html,120,3202,2854,88,125,082425,69,,No seleccionado,,Consultar
2025,2,Licenciatura 2025,210,21005005,PSICOLOGIA,FES ZARAGOZA,Escolarizado,https://www.dgae.unam.mx/Licenciatura2025/resultados/2/21005005.html,120,3202,2854,88,125,082445,84,,No seleccionado,,Consultar
2025,2,Licenciatura 2025,210,21005005,PSICOLOGIA,FES ZARAGOZA,Escolarizado,https://www.dgae.unam.mx/Licenciatura2025/resultados/2/21005005.html,120,3202,2854,88,125,082453,86,,No seleccionado,,Consultar
2025,2,Licenciatura 2025,210,21005005,PSICOLOGIA,FES ZARAGOZA,Escolarizado,https://www.dgae.unam.mx/Licenciatura2025/resultados/2/21005005.html,120,3202,2854,88,125,082481,75,,No seleccionado,,Consultar
2025,2,Licenciatura 2025,210,21005005,PSICOLOGIA,FES ZARAGOZA,Escolarizado,https://www.dgae.unam.mx/Licenciatura2025/resultados/2/21005005.html,120,3202,2854,88,125,082492,35,,No seleccionado,,Consultar
2025,2,Licenciatura 2025,210,21005005,PSICOLOGIA,FES ZARAGOZA,Escolarizado,https://www.dgae.unam.mx/Licenciatura2025/resultados/2/21005005.html,120,3202,2854,88,125,082493,49,,No seleccionado,,Consultar
2025,2,Licenciatura 2025,210,21005005,PSICOLOGIA,FES ZARAGOZA,Escolarizado,https://www.dgae.unam.mx/Licenciatura2025/resultados/2/21005005.html,120,3202,2854,88,125,082504,30,,No seleccionado,,Consultar
2025,2,Licenciatura 2025,210,21005005,PSICOLOGIA,FES ZARAGOZA,Escolarizado,https://www.dgae.unam.mx/Licenciatura2025/resultados/2/21005005.html,120,3202,2854,88,125,082513,46,,No seleccionado,,Consultar
2025,2,Licenciatura 2025,210,21005005,PSICOLOGIA,FES ZARAGOZA,Escolarizado,https://www.dgae.unam.mx/Licenciatura2025/resultados/2/21005005.html,120,3202,2854,88,125,082516,82,,No seleccionado,,Consultar
2025,2,Licenciatura 2025,210,21005005,PSICOLOGIA,FES ZARAGOZA,Escolarizado,https://www.dgae.unam.mx/Licenciatura2025/resultados/2/21005005.html,120,3202,2854,88,125,082523,73,,No seleccionado,,Consultar
2025,2,Licenciatura 2025,210,21005005,PSICOLOGIA,FES ZARAGOZA,Escolarizado,https://www.dgae.unam.mx/Licenciatura2025/resultados/2/21005005.html,120,3202,2854,88,125,082531,54,,No seleccionado,,Consultar
2025,2,Licenciatura 2025,210,21005005,PSICOLOGIA,FES ZARAGOZA,Escolarizado,https://www.dgae.unam.mx/Licenciatura2025/resultados/2/21005005.html,120,3202,2854,88,125,082542,69,,No seleccionado,,Consultar
2025,2,Licenciatura 2025,210,21005005,PSICOLOGIA,FES ZARAGOZA,Escolarizado,https://www.dgae.unam.mx/Licenciatura2025/resultados/2/21005005.html,120,3202,2854,88,125,082543,49,,No seleccionado,,Consultar
2025,2,Licenciatura 2025,210,21005005,PSICOLOGIA,FES ZARAGOZA,Escolarizado,https://www.dgae.unam.mx/Licenciatura2025/resultados/2/21005005.html,120,3202,2854,88,125,082566,64,,No seleccionado,,Consultar
2025,2,Licenciatura 2025,210,21005005,PSICOLOGIA,FES ZARAGOZA,Escolarizado,https://www.dgae.unam.mx/Licenciatura2025/resultados/2/21005005.html,120,3202,2854,88,125,082568,41,,No seleccionado,,Consultar
2025,2,Licenciatura 2025,210,21005005,PSICOLOGIA,FES ZARAGOZA,Escolarizado,https://www.dgae.unam.mx/Licenciatura2025/resultados/2/21005005.html,120,3202,2854,88,125,082578,46,,No seleccionado,,Consultar
2025,2,Licenciatura 2025,210,21005005,PSICOLOGIA,FES ZARAGOZA,Escolarizado,https://www.dgae.unam.mx/Licenciatura2025/resultados/2/21005005.html,120,3202,2854,88,125,082580,84,,No seleccionado,,Consultar
2025,2,Licenciatura 2025,210,21005005,PSICOLOGIA,FES ZARAGOZA,Escolarizado,https://www.dgae.unam.mx/Licenciatura2025/resultados/2/21005005.html,120,3202,2854,88,125,082600,48,,No seleccionado,,Consultar
2025,2,Licenciatura 2025,210,21005005,PSICOLOGIA,FES ZARAGOZA,Escolarizado,https://www.dgae.unam.mx/Licenciatura2025/resultados/2/21005005.html,120,3202,2854,88,125,082605,62,,No seleccionado,,Consultar
2025,2,Licenciatura 2025,210,21005005,PSICOLOGIA,FES ZARAGOZA,Escolarizado,https://www.dgae.unam.mx/Licenciatura2025/resultados/2/21005005.html,120,3202,2854,88,125,082643,40,,No seleccionado,,Consultar
2025,2,Licenciatura 2025,210,21005005,PSICOLOGIA,FES ZARAGOZA,Escolarizado,https://www.dgae.unam.mx/Licenciatura2025/resultados/2/21005005.html,120,3202,2854,88,125,082673,48,,No seleccionado,,Consultar
2025,2,Licenciatura 2025,210,21005005,PSICOLOGIA,FES ZARAGOZA,Escolarizado,https://www.dgae.unam.mx/Licenciatura2025/resultados/2/21005005.html,120,3202,2854,88,125,082677,53,,No seleccionado,,Consultar
2025,2,Licenciatura 2025,210,21005005,PSICOLOGIA,FES ZARAGOZA,Escolarizado,https://www.dgae.unam.mx/Licenciatura2025/resultados/2/21005005.html,120,3202,2854,88,125,082683,59,,No seleccionado,,Consultar
2025,2,Licenciatura 2025,210,21005005,PSICOLOGIA,FES ZARAGOZA,Escolarizado,https://www.dgae.unam.mx/Licenciatura2025/resultados/2/21005005.html,120,3202,2854,88,125,082684,43,,No seleccionado,,Consultar
2025,2,Licenciatura 2025,210,21005005,PSICOLOGIA,FES ZARAGOZA,Escolarizado,https://www.dgae.unam.mx/Licenciatura2025/resultados/2/21005005.html,120,3202,2854,88,125,082694,51,,No seleccionado,,Consultar
2025,2,Licenciatura 2025,210,21005005,PSICOLOGIA,FES ZARAGOZA,Escolarizado,https://www.dgae.unam.mx/Licenciatura2025/resultados/2/21005005.html,120,3202,2854,88,125,082704,75,,No seleccionado,,Consultar
2025,2,Licenciatura 2025,210,21005005,PSICOLOGIA,FES ZARAGOZA,Escolarizado,https://www.dgae.unam.mx/Licenciatura2025/resultados/2/21005005.html,120,3202,2854,88,125,082706,42,,No seleccionado,,Consultar
2025,2,Licenciatura 2025,210,21005005,PSICOLOGIA,FES ZARAGOZA,Escolarizado,https://www.dgae.unam.mx/Licenciatura2025/resultados/2/21005005.html,120,3202,2854,88,125,082713,41,,No seleccionado,,Consultar
2025,2,Licenciatura 2025,210,21005005,PSICOLOGIA,FES ZARAGOZA,Escolarizado,https://www.dgae.unam.mx/Licenciatura2025/resultados/2/21005005.html,120,3202,2854,88,125,082715,47,,No seleccionado,,Consultar
2025,2,Licenciatura 2025,210,21005005,PSICOLOGIA,FES ZARAGOZA,Escolarizado,https://www.dgae.unam.mx/Licenciatura2025/resultados/2/21005005.html,120,3202,2854,88,125,082722,72,,No seleccionado,,Consultar
2025,2,Licenciatura 2025,210,21005005,PSICOLOGIA,FES ZARAGOZA,Escolarizado,https://www.dgae.unam.mx/Licenciatura2025/resultados/2/21005005.html,120,3202,2854,88,125,082726,43,,No seleccionado,,Consultar
2025,2,Licenciatura 2025,210,21005005,PSICOLOGIA,FES ZARAGOZA,Escolarizado,https://www.dgae.unam.mx/Licenciatura2025/resultados/2/21005005.html,120,3202,2854,88,125,082735,43,,No seleccionado,,Consultar
2025,2,Licenciatura 2025,210,21005005,PSICOLOGIA,FES ZARAGOZA,Escolarizado,https://www.dgae.unam.mx/Licenciatura2025/resultados/2/21005005.html,120,3202,2854,88,125,082740,84,,No seleccionado,,Consultar
2025,2,Licenciatura 2025,210,21005005,PSICOLOGIA,FES ZARAGOZA,Escolarizado,https://www.dgae.unam.mx/Licenciatura2025/resultados/2/21005005.html,120,3202,2854,88,125,082760,83,,No seleccionado,,Consultar
2025,2,Licenciatura 2025,210,21005005,PSICOLOGIA,FES ZARAGOZA,Escolarizado,https://www.dgae.unam.mx/Licenciatura2025/resultados/2/21005005.html,120,3202,2854,88,125,082762,39,,No seleccionado,,Consultar
2025,2,Licenciatura 2025,210,21005005,PSICOLOGIA,FES ZARAGOZA,Escolarizado,https://www.dgae.unam.mx/Licenciatura2025/resultados/2/21005005.html,120,3202,2854,88,125,082766,45,,No seleccionado,,Consultar
2025,2,Licenciatura 2025,210,21005005,PSICOLOGIA,FES ZARAGOZA,Escolarizado,https://www.dgae.unam.mx/Licenciatura2025/resultados/2/21005005.html,120,3202,2854,88,125,082768,47,,No seleccionado,,Consultar
2025,2,Licenciatura 2025,210,21005005,PSICOLOGIA,FES ZARAGOZA,Escolarizado,https://www.dgae.unam.mx/Licenciatura2025/resultados/2/21005005.html,120,3202,2854,88,125,082770,51,,No seleccionado,,Consultar
2025,2,Licenciatura 2025,210,21005005,PSICOLOGIA,FES ZARAGOZA,Escolarizado,https://www.dgae.unam.mx/Licenciatura2025/resultados/2/21005005.html,120,3202,2854,88,125,082776,39,,No seleccionado,,Consultar
2025,2,Licenciatura 2025,210,21005005,PSICOLOGIA,FES ZARAGOZA,Escolarizado,https://www.dgae.unam.mx/Licenciatura2025/resultados/2/21005005.html,120,3202,2854,88,125,082786,73,,No seleccionado,,Consultar
2025,2,Licenciatura 2025,210,21005005,PSICOLOGIA,FES ZARAGOZA,Escolarizado,https://www.dgae.unam.mx/Licenciatura2025/resultados/2/21005005.html,120,3202,2854,88,125,082787,,N,No presentado,,Consultar
2025,2,Licenciatura 2025,210,21005005,PSICOLOGIA,FES ZARAGOZA,Escolarizado,https://www.dgae.unam.mx/Licenciatura2025/resultados/2/21005005.html,120,3202,2854,88,125,082806,39,,No seleccionado,,Consultar
2025,2,Licenciatura 2025,210,21005005,PSICOLOGIA,FES ZARAGOZA,Escolarizado,https://www.dgae.unam.mx/Licenciatura2025/resultados/2/21005005.html,120,3202,2854,88,125,082825,99,S,Seleccionado,,Consultar
2025,2,Licenciatura 2025,210,21005005,PSICOLOGIA,FES ZARAGOZA,Escolarizado,https://www.dgae.unam.mx/Licenciatura2025/resultados/2/21005005.html,120,3202,2854,88,125,082827,39,,No seleccionado,,Consultar
2025,2,Licenciatura 2025,210,21005005,PSICOLOGIA,FES ZARAGOZA,Escolarizado,https://www.dgae.unam.mx/Licenciatura2025/resultados/2/21005005.html,120,3202,2854,88,125,082841,35,,No seleccionado,,Consultar
2025,2,Licenciatura 2025,210,21005005,PSICOLOGIA,FES ZARAGOZA,Escolarizado,https://www.dgae.unam.mx/Licenciatura2025/resultados/2/21005005.html,120,3202,2854,88,125,082842,,,No seleccionado,Cita para aclarar situación escolar.,Consultar
2025,2,Licenciatura 2025,210,21005005,PSICOLOGIA,FES ZARAGOZA,Escolarizado,https://www.dgae.unam.mx/Licenciatura2025/resultados/2/21005005.html,120,3202,2854,88,125,082847,47,,No seleccionado,,Consultar
2025,2,Licenciatura 2025,210,21005005,PSICOLOGIA,FES ZARAGOZA,Escolarizado,https://www.dgae.unam.mx/Licenciatura2025/resultados/2/21005005.html,120,3202,2854,88,125,082855,72,,No seleccionado,,Consultar
2025,2,Licenciatura 2025,210,21005005,PSICOLOGIA,FES ZARAGOZA,Escolarizado,https://www.dgae.unam.mx/Licenciatura2025/resultados/2/21005005.html,120,3202,2854,88,125,082862,36,,No seleccionado,,Consultar
2025,2,Licenciatura 2025,210,21005005,PSICOLOGIA,FES ZARAGOZA,Escolarizado,https://www.dgae.unam.mx/Licenciatura2025/resultados/2/21005005.html,120,3202,2854,88,125,082896,76,,No seleccionado,,Consultar
2025,2,Licenciatura 2025,210,21005005,PSICOLOGIA,FES ZARAGOZA,Escolarizado,https://www.dgae.unam.mx/Licenciatura2025/resultados/2/21005005.html,120,3202,2854,88,125,082897,61,,No seleccionado,,Consultar
2025,2,Licenciatura 2025,210,21005005,PSICOLOGIA,FES ZARAGOZA,Escolarizado,https://www.dgae.unam.mx/Licenciatura2025/resultados/2/21005005.html,120,3202,2854,88,125,082908,58,,No seleccionado,,Consultar
2025,2,Licenciatura 2025,210,21005005,PSICOLOGIA,FES ZARAGOZA,Escolarizado,https://www.dgae.unam.mx/Licenciatura2025/resultados/2/21005005.html,120,3202,2854,88,125,082911,39,,No seleccionado,,Consultar
2025,2,Licenciatura 2025,210,21005005,PSICOLOGIA,FES ZARAGOZA,Escolarizado,https://www.dgae.unam.mx/Licenciatura2025/resultados/2/21005005.html,120,3202,2854,88,125,082913,,,No seleccionado,Cita para aclarar situación escolar.,Consultar
2025,2,Licenciatura 2025,210,21005005,PSICOLOGIA,FES ZARAGOZA,Escolarizado,https://www.dgae.unam.mx/Licenciatura2025/resultados/2/21005005.html,120,3202,2854,88,125,082924,,N,No presentado,,Consultar
2025,2,Licenciatura 2025,210,21005005,PSICOLOGIA,FES ZARAGOZA,Escolarizado,https://www.dgae.unam.mx/Licenciatura2025/resultados/2/21005005.html,120,3202,2854,88,125,082926,85,,No seleccionado,,Consultar
2025,2,Licenciatura 2025,210,21005005,PSICOLOGIA,FES ZARAGOZA,Escolarizado,https://www.dgae.unam.mx/Licenciatura2025/resultados/2/21005005.html,120,3202,2854,88,125,082946,82,,No seleccionado,,Consultar
2025,2,Licenciatura 2025,210,21005005,PSICOLOGIA,FES ZARAGOZA,Escolarizado,https://www.dgae.unam.mx/Licenciatura2025/resultados/2/21005005.html,120,3202,2854,88,125,082947,33,,No seleccionado,,Consultar
2025,2,Licenciatura 2025,210,21005005,PSICOLOGIA,FES ZARAGOZA,Escolarizado,https://www.dgae.unam.mx/Licenciatura2025/resultados/2/21005005.html,120,3202,2854,88,125,082951,,N,No presentado,,Consultar
2025,2,Licenciatura 2025,210,21005005,PSICOLOGIA,FES ZARAGOZA,Escolarizado,https://www.dgae.unam.mx/Licenciatura2025/resultados/2/21005005.html,120,3202,2854,88,125,082952,35,,No seleccionado,,Consultar
2025,2,Licenciatura 2025,210,21005005,PSICOLOGIA,FES ZARAGOZA,Escolarizado,https://www.dgae.unam.mx/Licenciatura2025/resultados/2/21005005.html,120,3202,2854,88,125,082956,43,,No seleccionado,,Consultar
2025,2,Licenciatura 2025,210,21005005,PSICOLOGIA,FES ZARAGOZA,Escolarizado,https://www.dgae.unam.mx/Licenciatura2025/resultados/2/21005005.html,120,3202,2854,88,125,082957,72,,No seleccionado,,Consultar
2025,2,Licenciatura 2025,210,21005005,PSICOLOGIA,FES ZARAGOZA,Escolarizado,https://www.dgae.unam.mx/Licenciatura2025/resultados/2/21005005.html,120,3202,2854,88,125,082988,43,,No seleccionado,,Consultar
2025,2,Licenciatura 2025,210,21005005,PSICOLOGIA,FES ZARAGOZA,Escolarizado,https://www.dgae.unam.mx/Licenciatura2025/resultados/2/21005005.html,120,3202,2854,88,125,083030,50,,No seleccionado,,Consultar
2025,2,Licenciatura 2025,210,21005005,PSICOLOGIA,FES ZARAGOZA,Escolarizado,https://www.dgae.unam.mx/Licenciatura2025/resultados/2/21005005.html,120,3202,2854,88,125,083031,46,,No seleccionado,,Consultar
2025,2,Licenciatura 2025,210,21005005,PSICOLOGIA,FES ZARAGOZA,Escolarizado,https://www.dgae.unam.mx/Licenciatura2025/resultados/2/21005005.html,120,3202,2854,88,125,083035,49,,No seleccionado,,Consultar
2025,2,Licenciatura 2025,210,21005005,PSICOLOGIA,FES ZARAGOZA,Escolarizado,https://www.dgae.unam.mx/Licenciatura2025/resultados/2/21005005.html,120,3202,2854,88,125,083052,96,S,Seleccionado,Cita para entregar documentación.,Consultar
2025,2,Licenciatura 2025,210,21005005,PSICOLOGIA,FES ZARAGOZA,Escolarizado,https://www.dgae.unam.mx/Licenciatura2025/resultados/2/21005005.html,120,3202,2854,88,125,083085,33,,No seleccionado,,Consultar
2025,2,Licenciatura 2025,210,21005005,PSICOLOGIA,FES ZARAGOZA,Escolarizado,https://www.dgae.unam.mx/Licenciatura2025/resultados/2/21005005.html,120,3202,2854,88,125,083091,28,,No seleccionado,,Consultar
2025,2,Licenciatura 2025,210,21005005,PSICOLOGIA,FES ZARAGOZA,Escolarizado,https://www.dgae.unam.mx/Licenciatura2025/resultados/2/21005005.html,120,3202,2854,88,125,083096,48,,No seleccionado,,Consultar
2025,2,Licenciatura 2025,210,21005005,PSICOLOGIA,FES ZARAGOZA,Escolarizado,https://www.dgae.unam.mx/Licenciatura2025/resultados/2/21005005.html,120,3202,2854,88,125,083108,27,,No seleccionado,,Consultar
2025,2,Licenciatura 2025,210,21005005,PSICOLOGIA,FES ZARAGOZA,Escolarizado,https://www.dgae.unam.mx/Licenciatura2025/resultados/2/21005005.html,120,3202,2854,88,125,083109,40,,No seleccionado,,Consultar
2025,2,Licenciatura 2025,210,21005005,PSICOLOGIA,FES ZARAGOZA,Escolarizado,https://www.dgae.unam.mx/Licenciatura2025/resultados/2/21005005.html,120,3202,2854,88,125,083125,31,,No seleccionado,,Consultar
2025,2,Licenciatura 2025,210,21005005,PSICOLOGIA,FES ZARAGOZA,Escolarizado,https://www.dgae.unam.mx/Licenciatura2025/resultados/2/21005005.html,120,3202,2854,88,125,083139,37,,No seleccionado,,Consultar
2025,2,Licenciatura 2025,210,21005005,PSICOLOGIA,FES ZARAGOZA,Escolarizado,https://www.dgae.unam.mx/Licenciatura2025/resultados/2/21005005.html,120,3202,2854,88,125,083153,35,,No seleccionado,,Consultar
2025,2,Licenciatura 2025,210,21005005,PSICOLOGIA,FES ZARAGOZA,Escolarizado,https://www.dgae.unam.mx/Licenciatura2025/resultados/2/21005005.html,120,3202,2854,88,125,083204,37,,No seleccionado,,Consultar
2025,2,Licenciatura 2025,210,21005005,PSICOLOGIA,FES ZARAGOZA,Escolarizado,https://www.dgae.unam.mx/Licenciatura2025/resultados/2/21005005.html,120,3202,2854,88,125,083220,49,,No seleccionado,,Consultar
2025,2,Licenciatura 2025,210,21005005,PSICOLOGIA,FES ZARAGOZA,Escolarizado,https://www.dgae.unam.mx/Licenciatura2025/resultados/2/21005005.html,120,3202,2854,88,125,083224,38,,No seleccionado,,Consultar
2025,2,Licenciatura 2025,210,21005005,PSICOLOGIA,FES ZARAGOZA,Escolarizado,https://www.dgae.unam.mx/Licenciatura2025/resultados/2/21005005.html,120,3202,2854,88,125,083229,62,,No seleccionado,,Consultar
2025,2,Licenciatura 2025,210,21005005,PSICOLOGIA,FES ZARAGOZA,Escolarizado,https://www.dgae.unam.mx/Licenciatura2025/resultados/2/21005005.html,120,3202,2854,88,125,083232,58,,No seleccionado,,Consultar
2025,2,Licenciatura 2025,210,21005005,PSICOLOGIA,FES ZARAGOZA,Escolarizado,https://www.dgae.unam.mx/Licenciatura2025/resultados/2/21005005.html,120,3202,2854,88,125,083235,72,,No seleccionado,,Consultar
2025,2,Licenciatura 2025,210,21005005,PSICOLOGIA,FES ZARAGOZA,Escolarizado,https://www.dgae.unam.mx/Licenciatura2025/resultados/2/21005005.html,120,3202,2854,88,125,083238,89,S,Seleccionado,Cita para entregar documentación.,Consultar
2025,2,Licenciatura 2025,210,21005005,PSICOLOGIA,FES ZARAGOZA,Escolarizado,https://www.dgae.unam.mx/Licenciatura2025/resultados/2/21005005.html,120,3202,2854,88,125,083252,,N,No presentado,,Consultar
2025,2,Licenciatura 2025,210,21005005,PSICOLOGIA,FES ZARAGOZA,Escolarizado,https://www.dgae.unam.mx/Licenciatura2025/resultados/2/21005005.html,120,3202,2854,88,125,083267,42,,No seleccionado,,Consultar
2025,2,Licenciatura 2025,210,21005005,PSICOLOGIA,FES ZARAGOZA,Escolarizado,https://www.dgae.unam.mx/Licenciatura2025/resultados/2/21005005.html,120,3202,2854,88,125,083277,53,,No seleccionado,,Consultar
2025,2,Licenciatura 2025,210,21005005,PSICOLOGIA,FES ZARAGOZA,Escolarizado,https://www.dgae.unam.mx/Licenciatura2025/resultados/2/21005005.html,120,3202,2854,88,125,083285,55,,No seleccionado,,Consultar
2025,2,Licenciatura 2025,210,21005005,PSICOLOGIA,FES ZARAGOZA,Escolarizado,https://www.dgae.unam.mx/Licenciatura2025/resultados/2/21005005.html,120,3202,2854,88,125,083291,35,,No seleccionado,,Consultar
2025,2,Licenciatura 2025,210,21005005,PSICOLOGIA,FES ZARAGOZA,Escolarizado,https://www.dgae.unam.mx/Licenciatura2025/resultados/2/21005005.html,120,3202,2854,88,125,083294,82,,No seleccionado,,Consultar
2025,2,Licenciatura 2025,210,21005005,PSICOLOGIA,FES ZARAGOZA,Escolarizado,https://www.dgae.unam.mx/Licenciatura2025/resultados/2/21005005.html,120,3202,2854,88,125,083303,95,S,Seleccionado,,Consultar
2025,2,Licenciatura 2025,210,21005005,PSICOLOGIA,FES ZARAGOZA,Escolarizado,https://www.dgae.unam.mx/Licenciatura2025/resultados/2/21005005.html,120,3202,2854,88,125,083307,30,,No seleccionado,,Consultar
2025,2,Licenciatura 2025,210,21005005,PSICOLOGIA,FES ZARAGOZA,Escolarizado,https://www.dgae.unam.mx/Licenciatura2025/resultados/2/21005005.html,120,3202,2854,88,125,083317,78,,No seleccionado,,Consultar
2025,2,Licenciatura 2025,210,21005005,PSICOLOGIA,FES ZARAGOZA,Escolarizado,https://www.dgae.unam.mx/Licenciatura2025/resultados/2/21005005.html,120,3202,2854,88,125,083348,46,,No seleccionado,,Consultar
2025,2,Licenciatura 2025,210,21005005,PSICOLOGIA,FES ZARAGOZA,Escolarizado,https://www.dgae.unam.mx/Licenciatura2025/resultados/2/21005005.html,120,3202,2854,88,125,083362,72,,No seleccionado,,Consultar
2025,2,Licenciatura 2025,210,21005005,PSICOLOGIA,FES ZARAGOZA,Escolarizado,https://www.dgae.unam.mx/Licenciatura2025/resultados/2/21005005.html,120,3202,2854,88,125,083370,53,,No seleccionado,,Consultar
2025,2,Licenciatura 2025,210,21005005,PSICOLOGIA,FES ZARAGOZA,Escolarizado,https://www.dgae.unam.mx/Licenciatura2025/resultados/2/21005005.html,120,3202,2854,88,125,083377,46,,No seleccionado,,Consultar
2025,2,Licenciatura 2025,210,21005005,PSICOLOGIA,FES ZARAGOZA,Escolarizado,https://www.dgae.unam.mx/Licenciatura2025/resultados/2/21005005.html,120,3202,2854,88,125,083387,45,,No seleccionado,,Consultar
2025,2,Licenciatura 2025,210,21005005,PSICOLOGIA,FES ZARAGOZA,Escolarizado,https://www.dgae.unam.mx/Licenciatura2025/resultados/2/21005005.html,120,3202,2854,88,125,083413,57,,No seleccionado,,Consultar
2025,2,Licenciatura 2025,210,21005005,PSICOLOGIA,FES ZARAGOZA,Escolarizado,https://www.dgae.unam.mx/Licenciatura2025/resultados/2/21005005.html,120,3202,2854,88,125,083417,43,,No seleccionado,,Consultar
2025,2,Licenciatura 2025,210,21005005,PSICOLOGIA,FES ZARAGOZA,Escolarizado,https://www.dgae.unam.mx/Licenciatura2025/resultados/2/21005005.html,120,3202,2854,88,125,083418,51,,No seleccionado,,Consultar
2025,2,Licenciatura 2025,210,21005005,PSICOLOGIA,FES ZARAGOZA,Escolarizado,https://www.dgae.unam.mx/Licenciatura2025/resultados/2/21005005.html,120,3202,2854,88,125,083426,96,S,Seleccionado,Cita para entregar documentación.,Consultar
2025,2,Licenciatura 2025,210,21005005,PSICOLOGIA,FES ZARAGOZA,Escolarizado,https://www.dgae.unam.mx/Licenciatura2025/resultados/2/21005005.html,120,3202,2854,88,125,083432,63,,No seleccionado,,Consultar
2025,2,Licenciatura 2025,210,21005005,PSICOLOGIA,FES ZARAGOZA,Escolarizado,https://www.dgae.unam.mx/Licenciatura2025/resultados/2/21005005.html,120,3202,2854,88,125,083434,64,,No seleccionado,,Consultar
2025,2,Licenciatura 2025,210,21005005,PSICOLOGIA,FES ZARAGOZA,Escolarizado,https://www.dgae.unam.mx/Licenciatura2025/resultados/2/21005005.html,120,3202,2854,88,125,083439,57,,No seleccionado,,Consultar
2025,2,Licenciatura 2025,210,21005005,PSICOLOGIA,FES ZARAGOZA,Escolarizado,https://www.dgae.unam.mx/Licenciatura2025/resultados/2/21005005.html,120,3202,2854,88,125,083443,93,S,Seleccionado,,Consultar
2025,2,Licenciatura 2025,210,21005005,PSICOLOGIA,FES ZARAGOZA,Escolarizado,https://www.dgae.unam.mx/Licenciatura2025/resultados/2/21005005.html,120,3202,2854,88,125,083445,42,,No seleccionado,,Consultar
2025,2,Licenciatura 2025,210,21005005,PSICOLOGIA,FES ZARAGOZA,Escolarizado,https://www.dgae.unam.mx/Licenciatura2025/resultados/2/21005005.html,120,3202,2854,88,125,083456,46,,No seleccionado,,Consultar
2025,2,Licenciatura 2025,210,21005005,PSICOLOGIA,FES ZARAGOZA,Escolarizado,https://www.dgae.unam.mx/Licenciatura2025/resultados/2/21005005.html,120,3202,2854,88,125,083479,44,,No seleccionado,,Consultar
2025,2,Licenciatura 2025,210,21005005,PSICOLOGIA,FES ZARAGOZA,Escolarizado,https://www.dgae.unam.mx/Licenciatura2025/resultados/2/21005005.html,120,3202,2854,88,125,083480,43,,No seleccionado,,Consultar
2025,2,Licenciatura 2025,210,21005005,PSICOLOGIA,FES ZARAGOZA,Escolarizado,https://www.dgae.unam.mx/Licenciatura2025/resultados/2/21005005.html,120,3202,2854,88,125,083492,47,,No seleccionado,,Consultar
2025,2,Licenciatura 2025,210,21005005,PSICOLOGIA,FES ZARAGOZA,Escolarizado,https://www.dgae.unam.mx/Licenciatura2025/resultados/2/21005005.html,120,3202,2854,88,125,083503,59,,No seleccionado,,Consultar
2025,2,Licenciatura 2025,210,21005005,PSICOLOGIA,FES ZARAGOZA,Escolarizado,https://www.dgae.unam.mx/Licenciatura2025/resultados/2/21005005.html,120,3202,2854,88,125,083510,44,,No seleccionado,,Consultar
2025,2,Licenciatura 2025,210,21005005,PSICOLOGIA,FES ZARAGOZA,Escolarizado,https://www.dgae.unam.mx/Licenciatura2025/resultados/2/21005005.html,120,3202,2854,88,125,083511,55,,No seleccionado,,Consultar
2025,2,Licenciatura 2025,210,21005005,PSICOLOGIA,FES ZARAGOZA,Escolarizado,https://www.dgae.unam.mx/Licenciatura2025/resultados/2/21005005.html,120,3202,2854,88,125,083529,74,,No seleccionado,,Consultar
2025,2,Licenciatura 2025,210,21005005,PSICOLOGIA,FES ZARAGOZA,Escolarizado,https://www.dgae.unam.mx/Licenciatura2025/resultados/2/21005005.html,120,3202,2854,88,125,083531,44,,No seleccionado,,Consultar
2025,2,Licenciatura 2025,210,21005005,PSICOLOGIA,FES ZARAGOZA,Escolarizado,https://www.dgae.unam.mx/Licenciatura2025/resultados/2/21005005.html,120,3202,2854,88,125,083542,36,,No seleccionado,,Consultar
2025,2,Licenciatura 2025,210,21005005,PSICOLOGIA,FES ZARAGOZA,Escolarizado,https://www.dgae.unam.mx/Licenciatura2025/resultados/2/21005005.html,120,3202,2854,88,125,083591,62,,No seleccionado,,Consultar
2025,2,Licenciatura 2025,210,21005005,PSICOLOGIA,FES ZARAGOZA,Escolarizado,https://www.dgae.unam.mx/Licenciatura2025/resultados/2/21005005.html,120,3202,2854,88,125,083594,37,,No seleccionado,,Consultar
2025,2,Licenciatura 2025,210,21005005,PSICOLOGIA,FES ZARAGOZA,Escolarizado,https://www.dgae.unam.mx/Licenciatura2025/resultados/2/21005005.html,120,3202,2854,88,125,083595,,N,No presentado,,Consultar
2025,2,Licenciatura 2025,210,21005005,PSICOLOGIA,FES ZARAGOZA,Escolarizado,https://www.dgae.unam.mx/Licenciatura2025/resultados/2/21005005.html,120,3202,2854,88,125,083608,62,,No seleccionado,,Consultar
2025,2,Licenciatura 2025,210,21005005,PSICOLOGIA,FES ZARAGOZA,Escolarizado,https://www.dgae.unam.mx/Licenciatura2025/resultados/2/21005005.html,120,3202,2854,88,125,083610,53,,No seleccionado,,Consultar
2025,2,Licenciatura 2025,210,21005005,PSICOLOGIA,FES ZARAGOZA,Escolarizado,https://www.dgae.unam.mx/Licenciatura2025/resultados/2/21005005.html,120,3202,2854,88,125,083611,43,,No seleccionado,,Consultar
2025,2,Licenciatura 2025,210,21005005,PSICOLOGIA,FES ZARAGOZA,Escolarizado,https://www.dgae.unam.mx/Licenciatura2025/resultados/2/21005005.html,120,3202,2854,88,125,083632,33,,No seleccionado,,Consultar
2025,2,Licenciatura 2025,210,21005005,PSICOLOGIA,FES ZARAGOZA,Escolarizado,https://www.dgae.unam.mx/Licenciatura2025/resultados/2/21005005.html,120,3202,2854,88,125,083643,60,,No seleccionado,,Consultar
2025,2,Licenciatura 2025,210,21005005,PSICOLOGIA,FES ZARAGOZA,Escolarizado,https://www.dgae.unam.mx/Licenciatura2025/resultados/2/21005005.html,120,3202,2854,88,125,083647,57,,No seleccionado,,Consultar
2025,2,Licenciatura 2025,210,21005005,PSICOLOGIA,FES ZARAGOZA,Escolarizado,https://www.dgae.unam.mx/Licenciatura2025/resultados/2/21005005.html,120,3202,2854,88,125,083652,53,,No seleccionado,,Consultar
2025,2,Licenciatura 2025,210,21005005,PSICOLOGIA,FES ZARAGOZA,Escolarizado,https://www.dgae.unam.mx/Licenciatura2025/resultados/2/21005005.html,120,3202,2854,88,125,083660,52,,No seleccionado,,Consultar
2025,2,Licenciatura 2025,210,21005005,PSICOLOGIA,FES ZARAGOZA,Escolarizado,https://www.dgae.unam.mx/Licenciatura2025/resultados/2/21005005.html,120,3202,2854,88,125,083661,74,,No seleccionado,,Consultar
2025,2,Licenciatura 2025,210,21005005,PSICOLOGIA,FES ZARAGOZA,Escolarizado,https://www.dgae.unam.mx/Licenciatura2025/resultados/2/21005005.html,120,3202,2854,88,125,083679,51,,No seleccionado,,Consultar
2025,2,Licenciatura 2025,210,21005005,PSICOLOGIA,FES ZARAGOZA,Escolarizado,https://www.dgae.unam.mx/Licenciatura2025/resultados/2/21005005.html,120,3202,2854,88,125,083700,36,,No seleccionado,,Consultar
2025,2,Licenciatura 2025,210,21005005,PSICOLOGIA,FES ZARAGOZA,Escolarizado,https://www.dgae.unam.mx/Licenciatura2025/resultados/2/21005005.html,120,3202,2854,88,125,083713,53,,No seleccionado,,Consultar
2025,2,Licenciatura 2025,210,21005005,PSICOLOGIA,FES ZARAGOZA,Escolarizado,https://www.dgae.unam.mx/Licenciatura2025/resultados/2/21005005.html,120,3202,2854,88,125,083722,,N,No presentado,,Consultar
2025,2,Licenciatura 2025,210,21005005,PSICOLOGIA,FES ZARAGOZA,Escolarizado,https://www.dgae.unam.mx/Licenciatura2025/resultados/2/21005005.html,120,3202,2854,88,125,083737,48,,No seleccionado,,Consultar
2025,2,Licenciatura 2025,210,21005005,PSICOLOGIA,FES ZARAGOZA,Escolarizado,https://www.dgae.unam.mx/Licenciatura2025/resultados/2/21005005.html,120,3202,2854,88,125,083762,63,,No seleccionado,,Consultar
2025,2,Licenciatura 2025,210,21005005,PSICOLOGIA,FES ZARAGOZA,Escolarizado,https://www.dgae.unam.mx/Licenciatura2025/resultados/2/21005005.html,120,3202,2854,88,125,083769,70,,No seleccionado,,Consultar
2025,2,Licenciatura 2025,210,21005005,PSICOLOGIA,FES ZARAGOZA,Escolarizado,https://www.dgae.unam.mx/Licenciatura2025/resultados/2/21005005.html,120,3202,2854,88,125,083809,54,,No seleccionado,,Consultar
2025,2,Licenciatura 2025,210,21005005,PSICOLOGIA,FES ZARAGOZA,Escolarizado,https://www.dgae.unam.mx/Licenciatura2025/resultados/2/21005005.html,120,3202,2854,88,125,083820,34,,No seleccionado,,Consultar
2025,2,Licenciatura 2025,210,21005005,PSICOLOGIA,FES ZARAGOZA,Escolarizado,https://www.dgae.unam.mx/Licenciatura2025/resultados/2/21005005.html,120,3202,2854,88,125,083832,32,,No seleccionado,,Consultar
2025,2,Licenciatura 2025,210,21005005,PSICOLOGIA,FES ZARAGOZA,Escolarizado,https://www.dgae.unam.mx/Licenciatura2025/resultados/2/21005005.html,120,3202,2854,88,125,083845,51,,No seleccionado,,Consultar
2025,2,Licenciatura 2025,210,21005005,PSICOLOGIA,FES ZARAGOZA,Escolarizado,https://www.dgae.unam.mx/Licenciatura2025/resultados/2/21005005.html,120,3202,2854,88,125,083873,67,,No seleccionado,,Consultar
2025,2,Licenciatura 2025,210,21005005,PSICOLOGIA,FES ZARAGOZA,Escolarizado,https://www.dgae.unam.mx/Licenciatura2025/resultados/2/21005005.html,120,3202,2854,88,125,083878,54,,No seleccionado,,Consultar
2025,2,Licenciatura 2025,210,21005005,PSICOLOGIA,FES ZARAGOZA,Escolarizado,https://www.dgae.unam.mx/Licenciatura2025/resultados/2/21005005.html,120,3202,2854,88,125,083886,85,,No seleccionado,,Consultar
2025,2,Licenciatura 2025,210,21005005,PSICOLOGIA,FES ZARAGOZA,Escolarizado,https://www.dgae.unam.mx/Licenciatura2025/resultados/2/21005005.html,120,3202,2854,88,125,083922,61,,No seleccionado,,Consultar
2025,2,Licenciatura 2025,210,21005005,PSICOLOGIA,FES ZARAGOZA,Escolarizado,https://www.dgae.unam.mx/Licenciatura2025/resultados/2/21005005.html,120,3202,2854,88,125,084014,,N,No presentado,,Consultar
2025,2,Licenciatura 2025,210,21005005,PSICOLOGIA,FES ZARAGOZA,Escolarizado,https://www.dgae.unam.mx/Licenciatura2025/resultados/2/21005005.html,120,3202,2854,88,125,084036,35,,No seleccionado,,Consultar
2025,2,Licenciatura 2025,210,21005005,PSICOLOGIA,FES ZARAGOZA,Escolarizado,https://www.dgae.unam.mx/Licenciatura2025/resultados/2/21005005.html,120,3202,2854,88,125,084082,70,,No seleccionado,,Consultar
2025,2,Licenciatura 2025,210,21005005,PSICOLOGIA,FES ZARAGOZA,Escolarizado,https://www.dgae.unam.mx/Licenciatura2025/resultados/2/21005005.html,120,3202,2854,88,125,084105,,N,No presentado,,Consultar
2025,2,Licenciatura 2025,210,21005005,PSICOLOGIA,FES ZARAGOZA,Escolarizado,https://www.dgae.unam.mx/Licenciatura2025/resultados/2/21005005.html,120,3202,2854,88,125,084179,44,,No seleccionado,,Consultar
2025,2,Licenciatura 2025,210,21005005,PSICOLOGIA,FES ZARAGOZA,Escolarizado,https://www.dgae.unam.mx/Licenciatura2025/resultados/2/21005005.html,120,3202,2854,88,125,084324,57,,No seleccionado,,Consultar
2025,2,Licenciatura 2025,210,21005005,PSICOLOGIA,FES ZARAGOZA,Escolarizado,https://www.dgae.unam.mx/Licenciatura2025/resultados/2/21005005.html,120,3202,2854,88,125,084399,56,,No seleccionado,,Consultar
2025,2,Licenciatura 2025,210,21005005,PSICOLOGIA,FES ZARAGOZA,Escolarizado,https://www.dgae.unam.mx/Licenciatura2025/resultados/2/21005005.html,120,3202,2854,88,125,084886,,N,No presentado,,Consultar
2025,2,Licenciatura 2025,210,21005005,PSICOLOGIA,FES ZARAGOZA,Escolarizado,https://www.dgae.unam.mx/Licenciatura2025/resultados/2/21005005.html,120,3202,2854,88,125,085099,,N,No presentado,,Consultar
2025,2,Licenciatura 2025,210,21005005,PSICOLOGIA,FES ZARAGOZA,Escolarizado,https://www.dgae.unam.mx/Licenciatura2025/resultados/2/21005005.html,120,3202,2854,88,125,085226,33,,No seleccionado,,Consultar
2025,2,Licenciatura 2025,210,21005005,PSICOLOGIA,FES ZARAGOZA,Escolarizado,https://www.dgae.unam.mx/Licenciatura2025/resultados/2/21005005.html,120,3202,2854,88,125,085355,51,,No seleccionado,,Consultar
2025,2,Licenciatura 2025,210,21005005,PSICOLOGIA,FES ZARAGOZA,Escolarizado,https://www.dgae.unam.mx/Licenciatura2025/resultados/2/21005005.html,120,3202,2854,88,125,085361,44,,No seleccionado,,Consultar
2025,2,Licenciatura 2025,210,21005005,PSICOLOGIA,FES ZARAGOZA,Escolarizado,https://www.dgae.unam.mx/Licenciatura2025/resultados/2/21005005.html,120,3202,2854,88,125,085401,56,,No seleccionado,,Consultar
2025,2,Licenciatura 2025,210,21005005,PSICOLOGIA,FES ZARAGOZA,Escolarizado,https://www.dgae.unam.mx/Licenciatura2025/resultados/2/21005005.html,120,3202,2854,88,125,085478,59,,No seleccionado,,Consultar
2025,2,Licenciatura 2025,210,21005005,PSICOLOGIA,FES ZARAGOZA,Escolarizado,https://www.dgae.unam.mx/Licenciatura2025/resultados/2/21005005.html,120,3202,2854,88,125,085515,66,,No seleccionado,,Consultar
2025,2,Licenciatura 2025,210,21005005,PSICOLOGIA,FES ZARAGOZA,Escolarizado,https://www.dgae.unam.mx/Licenciatura2025/resultados/2/21005005.html,120,3202,2854,88,125,085531,54,,No seleccionado,,Consultar
2025,2,Licenciatura 2025,210,21005005,PSICOLOGIA,FES ZARAGOZA,Escolarizado,https://www.dgae.unam.mx/Licenciatura2025/resultados/2/21005005.html,120,3202,2854,88,125,085584,41,,No seleccionado,,Consultar
2025,2,Licenciatura 2025,210,21005005,PSICOLOGIA,FES ZARAGOZA,Escolarizado,https://www.dgae.unam.mx/Licenciatura2025/resultados/2/21005005.html,120,3202,2854,88,125,085629,53,,No seleccionado,,Consultar
2025,2,Licenciatura 2025,210,21005005,PSICOLOGIA,FES ZARAGOZA,Escolarizado,https://www.dgae.unam.mx/Licenciatura2025/resultados/2/21005005.html,120,3202,2854,88,125,085833,83,,No seleccionado,,Consultar
2025,2,Licenciatura 2025,210,21005005,PSICOLOGIA,FES ZARAGOZA,Escolarizado,https://www.dgae.unam.mx/Licenciatura2025/resultados/2/21005005.html,120,3202,2854,88,125,085885,,,No seleccionado,Cita para aclarar situación escolar.,Consultar
2025,2,Licenciatura 2025,210,21005005,PSICOLOGIA,FES ZARAGOZA,Escolarizado,https://www.dgae.unam.mx/Licenciatura2025/resultados/2/21005005.html,120,3202,2854,88,125,086142,,N,No presentado,,Consultar
2025,2,Licenciatura 2025,210,21005005,PSICOLOGIA,FES ZARAGOZA,Escolarizado,https://www.dgae.unam.mx/Licenciatura2025/resultados/2/21005005.html,120,3202,2854,88,125,086251,49,,No seleccionado,,Consultar
2025,2,Licenciatura 2025,210,21005005,PSICOLOGIA,FES ZARAGOZA,Escolarizado,https://www.dgae.unam.mx/Licenciatura2025/resultados/2/21005005.html,120,3202,2854,88,125,086270,59,,No seleccionado,,Consultar
2025,2,Licenciatura 2025,210,21005005,PSICOLOGIA,FES ZARAGOZA,Escolarizado,https://www.dgae.unam.mx/Licenciatura2025/resultados/2/21005005.html,120,3202,2854,88,125,086326,70,,No seleccionado,,Consultar
2025,2,Licenciatura 2025,210,21005005,PSICOLOGIA,FES ZARAGOZA,Escolarizado,https://www.dgae.unam.mx/Licenciatura2025/resultados/2/21005005.html,120,3202,2854,88,125,086413,48,,No seleccionado,,Consultar
2025,2,Licenciatura 2025,210,21005005,PSICOLOGIA,FES ZARAGOZA,Escolarizado,https://www.dgae.unam.mx/Licenciatura2025/resultados/2/21005005.html,120,3202,2854,88,125,086460,97,S,Seleccionado,,Consultar
2025,2,Licenciatura 2025,210,21005005,PSICOLOGIA,FES ZARAGOZA,Escolarizado,https://www.dgae.unam.mx/Licenciatura2025/resultados/2/21005005.html,120,3202,2854,88,125,086488,41,,No seleccionado,,Consultar
2025,2,Licenciatura 2025,210,21005005,PSICOLOGIA,FES ZARAGOZA,Escolarizado,https://www.dgae.unam.mx/Licenciatura2025/resultados/2/21005005.html,120,3202,2854,88,125,086813,59,,No seleccionado,,Consultar
2025,2,Licenciatura 2025,210,21005005,PSICOLOGIA,FES ZARAGOZA,Escolarizado,https://www.dgae.unam.mx/Licenciatura2025/resultados/2/21005005.html,120,3202,2854,88,125,086833,58,,No seleccionado,,Consultar
2025,2,Licenciatura 2025,210,21005005,PSICOLOGIA,FES ZARAGOZA,Escolarizado,https://www.dgae.unam.mx/Licenciatura2025/resultados/2/21005005.html,120,3202,2854,88,125,086994,29,,No seleccionado,,Consultar
2025,2,Licenciatura 2025,210,21005005,PSICOLOGIA,FES ZARAGOZA,Escolarizado,https://www.dgae.unam.mx/Licenciatura2025/resultados/2/21005005.html,120,3202,2854,88,125,087029,37,,No seleccionado,,Consultar
2025,2,Licenciatura 2025,210,21005005,PSICOLOGIA,FES ZARAGOZA,Escolarizado,https://www.dgae.unam.mx/Licenciatura2025/resultados/2/21005005.html,120,3202,2854,88,125,087080,66,,No seleccionado,,Consultar
2025,2,Licenciatura 2025,210,21005005,PSICOLOGIA,FES ZARAGOZA,Escolarizado,https://www.dgae.unam.mx/Licenciatura2025/resultados/2/21005005.html,120,3202,2854,88,125,087178,,N,No presentado,,Consultar
2025,2,Licenciatura 2025,210,21005005,PSICOLOGIA,FES ZARAGOZA,Escolarizado,https://www.dgae.unam.mx/Licenciatura2025/resultados/2/21005005.html,120,3202,2854,88,125,087179,75,,No seleccionado,,Consultar
2025,2,Licenciatura 2025,210,21005005,PSICOLOGIA,FES ZARAGOZA,Escolarizado,https://www.dgae.unam.mx/Licenciatura2025/resultados/2/21005005.html,120,3202,2854,88,125,087251,56,,No seleccionado,,Consultar
2025,2,Licenciatura 2025,210,21005005,PSICOLOGIA,FES ZARAGOZA,Escolarizado,https://www.dgae.unam.mx/Licenciatura2025/resultados/2/21005005.html,120,3202,2854,88,125,087324,49,,No seleccionado,,Consultar
2025,2,Licenciatura 2025,210,21005005,PSICOLOGIA,FES ZARAGOZA,Escolarizado,https://www.dgae.unam.mx/Licenciatura2025/resultados/2/21005005.html,120,3202,2854,88,125,087643,45,,No seleccionado,,Consultar
2025,2,Licenciatura 2025,210,21005005,PSICOLOGIA,FES ZARAGOZA,Escolarizado,https://www.dgae.unam.mx/Licenciatura2025/resultados/2/21005005.html,120,3202,2854,88,125,087761,,N,No presentado,,Consultar
2025,2,Licenciatura 2025,210,21005005,PSICOLOGIA,FES ZARAGOZA,Escolarizado,https://www.dgae.unam.mx/Licenciatura2025/resultados/2/21005005.html,120,3202,2854,88,125,088105,64,,No seleccionado,,Consultar
2025,2,Licenciatura 2025,210,21005005,PSICOLOGIA,FES ZARAGOZA,Escolarizado,https://www.dgae.unam.mx/Licenciatura2025/resultados/2/21005005.html,120,3202,2854,88,125,088154,40,,No seleccionado,,Consultar
2025,2,Licenciatura 2025,210,21005005,PSICOLOGIA,FES ZARAGOZA,Escolarizado,https://www.dgae.unam.mx/Licenciatura2025/resultados/2/21005005.html,120,3202,2854,88,125,088157,76,,No seleccionado,,Consultar
2025,2,Licenciatura 2025,210,21005005,PSICOLOGIA,FES ZARAGOZA,Escolarizado,https://www.dgae.unam.mx/Licenciatura2025/resultados/2/21005005.html,120,3202,2854,88,125,088337,33,,No seleccionado,,Consultar
2025,2,Licenciatura 2025,210,21005005,PSICOLOGIA,FES ZARAGOZA,Escolarizado,https://www.dgae.unam.mx/Licenciatura2025/resultados/2/21005005.html,120,3202,2854,88,125,088503,38,,No seleccionado,,Consultar
2025,2,Licenciatura 2025,210,21005005,PSICOLOGIA,FES ZARAGOZA,Escolarizado,https://www.dgae.unam.mx/Licenciatura2025/resultados/2/21005005.html,120,3202,2854,88,125,088687,98,S,Seleccionado,Cita para entregar documentación.,Consultar
2025,2,Licenciatura 2025,210,21005005,PSICOLOGIA,FES ZARAGOZA,Escolarizado,https://www.dgae.unam.mx/Licenciatura2025/resultados/2/21005005.html,120,3202,2854,88,125,088720,70,,No seleccionado,,Consultar
2025,2,Licenciatura 2025,210,21005005,PSICOLOGIA,FES ZARAGOZA,Escolarizado,https://www.dgae.unam.mx/Licenciatura2025/resultados/2/21005005.html,120,3202,2854,88,125,088739,32,,No seleccionado,,Consultar
2025,2,Licenciatura 2025,210,21005005,PSICOLOGIA,FES ZARAGOZA,Escolarizado,https://www.dgae.unam.mx/Licenciatura2025/resultados/2/21005005.html,120,3202,2854,88,125,088935,25,,No seleccionado,,Consultar
2025,2,Licenciatura 2025,210,21005005,PSICOLOGIA,FES ZARAGOZA,Escolarizado,https://www.dgae.unam.mx/Licenciatura2025/resultados/2/21005005.html,120,3202,2854,88,125,088962,87,,No seleccionado,,Consultar
2025,2,Licenciatura 2025,210,21005005,PSICOLOGIA,FES ZARAGOZA,Escolarizado,https://www.dgae.unam.mx/Licenciatura2025/resultados/2/21005005.html,120,3202,2854,88,125,088963,65,,No seleccionado,,Consultar
2025,2,Licenciatura 2025,210,21005005,PSICOLOGIA,FES ZARAGOZA,Escolarizado,https://www.dgae.unam.mx/Licenciatura2025/resultados/2/21005005.html,120,3202,2854,88,125,089244,41,,No seleccionado,,Consultar
2025,2,Licenciatura 2025,210,21005005,PSICOLOGIA,FES ZARAGOZA,Escolarizado,https://www.dgae.unam.mx/Licenciatura2025/resultados/2/21005005.html,120,3202,2854,88,125,089668,,N,No presentado,,Consultar
2025,2,Licenciatura 2025,210,21005005,PSICOLOGIA,FES ZARAGOZA,Escolarizado,https://www.dgae.unam.mx/Licenciatura2025/resultados/2/21005005.html,120,3202,2854,88,125,090006,50,,No seleccionado,,Consultar
2025,2,Licenciatura 2025,210,21005005,PSICOLOGIA,FES ZARAGOZA,Escolarizado,https://www.dgae.unam.mx/Licenciatura2025/resultados/2/21005005.html,120,3202,2854,88,125,090089,60,,No seleccionado,,Consultar
2025,2,Licenciatura 2025,210,21005005,PSICOLOGIA,FES ZARAGOZA,Escolarizado,https://www.dgae.unam.mx/Licenciatura2025/resultados/2/21005005.html,120,3202,2854,88,125,090604,73,,No seleccionado,,Consultar
2025,2,Licenciatura 2025,210,21005005,PSICOLOGIA,FES ZARAGOZA,Escolarizado,https://www.dgae.unam.mx/Licenciatura2025/resultados/2/21005005.html,120,3202,2854,88,125,090782,,N,No presentado,,Consultar
2025,2,Licenciatura 2025,210,21005005,PSICOLOGIA,FES ZARAGOZA,Escolarizado,https://www.dgae.unam.mx/Licenciatura2025/resultados/2/21005005.html,120,3202,2854,88,125,090943,80,,No seleccionado,,Consultar
2025,2,Licenciatura 2025,210,21005005,PSICOLOGIA,FES ZARAGOZA,Escolarizado,https://www.dgae.unam.mx/Licenciatura2025/resultados/2/21005005.html,120,3202,2854,88,125,091129,55,,No seleccionado,,Consultar
2025,2,Licenciatura 2025,210,21005005,PSICOLOGIA,FES ZARAGOZA,Escolarizado,https://www.dgae.unam.mx/Licenciatura2025/resultados/2/21005005.html,120,3202,2854,88,125,091271,66,,No seleccionado,,Consultar
2025,2,Licenciatura 2025,210,21005005,PSICOLOGIA,FES ZARAGOZA,Escolarizado,https://www.dgae.unam.mx/Licenciatura2025/resultados/2/21005005.html,120,3202,2854,88,125,091417,34,,No seleccionado,,Consultar
2025,2,Licenciatura 2025,210,21005005,PSICOLOGIA,FES ZARAGOZA,Escolarizado,https://www.dgae.unam.mx/Licenciatura2025/resultados/2/21005005.html,120,3202,2854,88,125,091460,,N,No presentado,,Consultar
2025,2,Licenciatura 2025,210,21005005,PSICOLOGIA,FES ZARAGOZA,Escolarizado,https://www.dgae.unam.mx/Licenciatura2025/resultados/2/21005005.html,120,3202,2854,88,125,091484,,N,No presentado,,Consultar
2025,2,Licenciatura 2025,210,21005005,PSICOLOGIA,FES ZARAGOZA,Escolarizado,https://www.dgae.unam.mx/Licenciatura2025/resultados/2/21005005.html,120,3202,2854,88,125,091512,43,,No seleccionado,,Consultar
2025,2,Licenciatura 2025,210,21005005,PSICOLOGIA,FES ZARAGOZA,Escolarizado,https://www.dgae.unam.mx/Licenciatura2025/resultados/2/21005005.html,120,3202,2854,88,125,091537,44,,No seleccionado,,Consultar
2025,2,Licenciatura 2025,210,21005005,PSICOLOGIA,FES ZARAGOZA,Escolarizado,https://www.dgae.unam.mx/Licenciatura2025/resultados/2/21005005.html,120,3202,2854,88,125,091539,44,,No seleccionado,,Consultar
2025,2,Licenciatura 2025,210,21005005,PSICOLOGIA,FES ZARAGOZA,Escolarizado,https://www.dgae.unam.mx/Licenciatura2025/resultados/2/21005005.html,120,3202,2854,88,125,091549,39,,No seleccionado,,Consultar
2025,2,Licenciatura 2025,210,21005005,PSICOLOGIA,FES ZARAGOZA,Escolarizado,https://www.dgae.unam.mx/Licenciatura2025/resultados/2/21005005.html,120,3202,2854,88,125,091575,74,,No seleccionado,,Consultar
2025,2,Licenciatura 2025,210,21005005,PSICOLOGIA,FES ZARAGOZA,Escolarizado,https://www.dgae.unam.mx/Licenciatura2025/resultados/2/21005005.html,120,3202,2854,88,125,091621,47,,No seleccionado,,Consultar
2025,2,Licenciatura 2025,210,21005005,PSICOLOGIA,FES ZARAGOZA,Escolarizado,https://www.dgae.unam.mx/Licenciatura2025/resultados/2/21005005.html,120,3202,2854,88,125,091629,33,,No seleccionado,,Consultar
2025,2,Licenciatura 2025,210,21005005,PSICOLOGIA,FES ZARAGOZA,Escolarizado,https://www.dgae.unam.mx/Licenciatura2025/resultados/2/21005005.html,120,3202,2854,88,125,091630,71,,No seleccionado,,Consultar
2025,2,Licenciatura 2025,210,21005005,PSICOLOGIA,FES ZARAGOZA,Escolarizado,https://www.dgae.unam.mx/Licenciatura2025/resultados/2/21005005.html,120,3202,2854,88,125,091636,31,,No seleccionado,,Consultar
2025,2,Licenciatura 2025,210,21005005,PSICOLOGIA,FES ZARAGOZA,Escolarizado,https://www.dgae.unam.mx/Licenciatura2025/resultados/2/21005005.html,120,3202,2854,88,125,091639,65,,No seleccionado,,Consultar
2025,2,Licenciatura 2025,210,21005005,PSICOLOGIA,FES ZARAGOZA,Escolarizado,https://www.dgae.unam.mx/Licenciatura2025/resultados/2/21005005.html,120,3202,2854,88,125,091657,86,,No seleccionado,,Consultar
2025,2,Licenciatura 2025,210,21005005,PSICOLOGIA,FES ZARAGOZA,Escolarizado,https://www.dgae.unam.mx/Licenciatura2025/resultados/2/21005005.html,120,3202,2854,88,125,091658,55,,No seleccionado,,Consultar
2025,2,Licenciatura 2025,210,21005005,PSICOLOGIA,FES ZARAGOZA,Escolarizado,https://www.dgae.unam.mx/Licenciatura2025/resultados/2/21005005.html,120,3202,2854,88,125,091672,97,S,Seleccionado,Cita para entregar documentación.,Consultar
2025,2,Licenciatura 2025,210,21005005,PSICOLOGIA,FES ZARAGOZA,Escolarizado,https://www.dgae.unam.mx/Licenciatura2025/resultados/2/21005005.html,120,3202,2854,88,125,091675,56,,No seleccionado,,Consultar
2025,2,Licenciatura 2025,210,21005005,PSICOLOGIA,FES ZARAGOZA,Escolarizado,https://www.dgae.unam.mx/Licenciatura2025/resultados/2/21005005.html,120,3202,2854,88,125,091698,49,,No seleccionado,,Consultar
2025,2,Licenciatura 2025,210,21005005,PSICOLOGIA,FES ZARAGOZA,Escolarizado,https://www.dgae.unam.mx/Licenciatura2025/resultados/2/21005005.html,120,3202,2854,88,125,091700,44,,No seleccionado,,Consultar
2025,2,Licenciatura 2025,210,21005005,PSICOLOGIA,FES ZARAGOZA,Escolarizado,https://www.dgae.unam.mx/Licenciatura2025/resultados/2/21005005.html,120,3202,2854,88,125,091734,75,,No seleccionado,,Consultar
2025,2,Licenciatura 2025,210,21005005,PSICOLOGIA,FES ZARAGOZA,Escolarizado,https://www.dgae.unam.mx/Licenciatura2025/resultados/2/21005005.html,120,3202,2854,88,125,091779,38,,No seleccionado,,Consultar
2025,2,Licenciatura 2025,210,21005005,PSICOLOGIA,FES ZARAGOZA,Escolarizado,https://www.dgae.unam.mx/Licenciatura2025/resultados/2/21005005.html,120,3202,2854,88,125,091781,44,,No seleccionado,,Consultar
2025,2,Licenciatura 2025,210,21005005,PSICOLOGIA,FES ZARAGOZA,Escolarizado,https://www.dgae.unam.mx/Licenciatura2025/resultados/2/21005005.html,120,3202,2854,88,125,091840,61,,No seleccionado,,Consultar
2025,2,Licenciatura 2025,210,21005005,PSICOLOGIA,FES ZARAGOZA,Escolarizado,https://www.dgae.unam.mx/Licenciatura2025/resultados/2/21005005.html,120,3202,2854,88,125,091930,42,,No seleccionado,,Consultar
2025,2,Licenciatura 2025,210,21005005,PSICOLOGIA,FES ZARAGOZA,Escolarizado,https://www.dgae.unam.mx/Licenciatura2025/resultados/2/21005005.html,120,3202,2854,88,125,091942,39,,No seleccionado,,Consultar
2025,2,Licenciatura 2025,210,21005005,PSICOLOGIA,FES ZARAGOZA,Escolarizado,https://www.dgae.unam.mx/Licenciatura2025/resultados/2/21005005.html,120,3202,2854,88,125,091965,107,S,Seleccionado,Cita para entregar documentación.,Consultar
2025,2,Licenciatura 2025,210,21005005,PSICOLOGIA,FES ZARAGOZA,Escolarizado,https://www.dgae.unam.mx/Licenciatura2025/resultados/2/21005005.html,120,3202,2854,88,125,091994,74,,No seleccionado,,Consultar
2025,2,Licenciatura 2025,210,21005005,PSICOLOGIA,FES ZARAGOZA,Escolarizado,https://www.dgae.unam.mx/Licenciatura2025/resultados/2/21005005.html,120,3202,2854,88,125,092008,46,,No seleccionado,,Consultar
2025,2,Licenciatura 2025,210,21005005,PSICOLOGIA,FES ZARAGOZA,Escolarizado,https://www.dgae.unam.mx/Licenciatura2025/resultados/2/21005005.html,120,3202,2854,88,125,092013,38,,No seleccionado,,Consultar
2025,2,Licenciatura 2025,210,21005005,PSICOLOGIA,FES ZARAGOZA,Escolarizado,https://www.dgae.unam.mx/Licenciatura2025/resultados/2/21005005.html,120,3202,2854,88,125,092088,68,,No seleccionado,,Consultar
2025,2,Licenciatura 2025,210,21005005,PSICOLOGIA,FES ZARAGOZA,Escolarizado,https://www.dgae.unam.mx/Licenciatura2025/resultados/2/21005005.html,120,3202,2854,88,125,092097,,N,No presentado,,Consultar
2025,2,Licenciatura 2025,210,21005005,PSICOLOGIA,FES ZARAGOZA,Escolarizado,https://www.dgae.unam.mx/Licenciatura2025/resultados/2/21005005.html,120,3202,2854,88,125,092117,49,,No seleccionado,,Consultar
2025,2,Licenciatura 2025,210,21005005,PSICOLOGIA,FES ZARAGOZA,Escolarizado,https://www.dgae.unam.mx/Licenciatura2025/resultados/2/21005005.html,120,3202,2854,88,125,092130,45,,No seleccionado,,Consultar
2025,2,Licenciatura 2025,210,21005005,PSICOLOGIA,FES ZARAGOZA,Escolarizado,https://www.dgae.unam.mx/Licenciatura2025/resultados/2/21005005.html,120,3202,2854,88,125,092175,,N,No presentado,,Consultar
2025,2,Licenciatura 2025,210,21005005,PSICOLOGIA,FES ZARAGOZA,Escolarizado,https://www.dgae.unam.mx/Licenciatura2025/resultados/2/21005005.html,120,3202,2854,88,125,092176,69,,No seleccionado,,Consultar
2025,2,Licenciatura 2025,210,21005005,PSICOLOGIA,FES ZARAGOZA,Escolarizado,https://www.dgae.unam.mx/Licenciatura2025/resultados/2/21005005.html,120,3202,2854,88,125,092184,27,,No seleccionado,,Consultar
2025,2,Licenciatura 2025,210,21005005,PSICOLOGIA,FES ZARAGOZA,Escolarizado,https://www.dgae.unam.mx/Licenciatura2025/resultados/2/21005005.html,120,3202,2854,88,125,092225,57,,No seleccionado,,Consultar
2025,2,Licenciatura 2025,210,21005005,PSICOLOGIA,FES ZARAGOZA,Escolarizado,https://www.dgae.unam.mx/Licenciatura2025/resultados/2/21005005.html,120,3202,2854,88,125,092233,41,,No seleccionado,,Consultar
2025,2,Licenciatura 2025,210,21005005,PSICOLOGIA,FES ZARAGOZA,Escolarizado,https://www.dgae.unam.mx/Licenciatura2025/resultados/2/21005005.html,120,3202,2854,88,125,092252,52,,No seleccionado,,Consultar
2025,2,Licenciatura 2025,210,21005005,PSICOLOGIA,FES ZARAGOZA,Escolarizado,https://www.dgae.unam.mx/Licenciatura2025/resultados/2/21005005.html,120,3202,2854,88,125,092253,40,,No seleccionado,,Consultar
2025,2,Licenciatura 2025,210,21005005,PSICOLOGIA,FES ZARAGOZA,Escolarizado,https://www.dgae.unam.mx/Licenciatura2025/resultados/2/21005005.html,120,3202,2854,88,125,092258,88,S,Seleccionado,Cita para entregar documentación.,Consultar
2025,2,Licenciatura 2025,210,21005005,PSICOLOGIA,FES ZARAGOZA,Escolarizado,https://www.dgae.unam.mx/Licenciatura2025/resultados/2/21005005.html,120,3202,2854,88,125,092282,80,,No seleccionado,,Consultar
2025,2,Licenciatura 2025,210,21005005,PSICOLOGIA,FES ZARAGOZA,Escolarizado,https://www.dgae.unam.mx/Licenciatura2025/resultados/2/21005005.html,120,3202,2854,88,125,092301,45,,No seleccionado,,Consultar
2025,2,Licenciatura 2025,210,21005005,PSICOLOGIA,FES ZARAGOZA,Escolarizado,https://www.dgae.unam.mx/Licenciatura2025/resultados/2/21005005.html,120,3202,2854,88,125,092311,53,,No seleccionado,,Consultar
2025,2,Licenciatura 2025,210,21005005,PSICOLOGIA,FES ZARAGOZA,Escolarizado,https://www.dgae.unam.mx/Licenciatura2025/resultados/2/21005005.html,120,3202,2854,88,125,092330,39,,No seleccionado,,Consultar
2025,2,Licenciatura 2025,210,21005005,PSICOLOGIA,FES ZARAGOZA,Escolarizado,https://www.dgae.unam.mx/Licenciatura2025/resultados/2/21005005.html,120,3202,2854,88,125,092346,49,,No seleccionado,,Consultar
2025,2,Licenciatura 2025,210,21005005,PSICOLOGIA,FES ZARAGOZA,Escolarizado,https://www.dgae.unam.mx/Licenciatura2025/resultados/2/21005005.html,120,3202,2854,88,125,092369,,N,No presentado,,Consultar
2025,2,Licenciatura 2025,210,21005005,PSICOLOGIA,FES ZARAGOZA,Escolarizado,https://www.dgae.unam.mx/Licenciatura2025/resultados/2/21005005.html,120,3202,2854,88,125,092390,39,,No seleccionado,,Consultar
2025,2,Licenciatura 2025,210,21005005,PSICOLOGIA,FES ZARAGOZA,Escolarizado,https://www.dgae.unam.mx/Licenciatura2025/resultados/2/21005005.html,120,3202,2854,88,125,092421,29,,No seleccionado,,Consultar
2025,2,Licenciatura 2025,210,21005005,PSICOLOGIA,FES ZARAGOZA,Escolarizado,https://www.dgae.unam.mx/Licenciatura2025/resultados/2/21005005.html,120,3202,2854,88,125,092444,35,,No seleccionado,,Consultar
2025,2,Licenciatura 2025,210,21005005,PSICOLOGIA,FES ZARAGOZA,Escolarizado,https://www.dgae.unam.mx/Licenciatura2025/resultados/2/21005005.html,120,3202,2854,88,125,092459,29,,No seleccionado,,Consultar
2025,2,Licenciatura 2025,210,21005005,PSICOLOGIA,FES ZARAGOZA,Escolarizado,https://www.dgae.unam.mx/Licenciatura2025/resultados/2/21005005.html,120,3202,2854,88,125,092501,39,,No seleccionado,,Consultar
2025,2,Licenciatura 2025,210,21005005,PSICOLOGIA,FES ZARAGOZA,Escolarizado,https://www.dgae.unam.mx/Licenciatura2025/resultados/2/21005005.html,120,3202,2854,88,125,092503,49,,No seleccionado,,Consultar
2025,2,Licenciatura 2025,210,21005005,PSICOLOGIA,FES ZARAGOZA,Escolarizado,https://www.dgae.unam.mx/Licenciatura2025/resultados/2/21005005.html,120,3202,2854,88,125,092661,,N,No presentado,,Consultar
2025,2,Licenciatura 2025,210,21005005,PSICOLOGIA,FES ZARAGOZA,Escolarizado,https://www.dgae.unam.mx/Licenciatura2025/resultados/2/21005005.html,120,3202,2854,88,125,092663,35,,No seleccionado,,Consultar
2025,2,Licenciatura 2025,210,21005005,PSICOLOGIA,FES ZARAGOZA,Escolarizado,https://www.dgae.unam.mx/Licenciatura2025/resultados/2/21005005.html,120,3202,2854,88,125,092669,42,,No seleccionado,,Consultar
2025,2,Licenciatura 2025,210,21005005,PSICOLOGIA,FES ZARAGOZA,Escolarizado,https://www.dgae.unam.mx/Licenciatura2025/resultados/2/21005005.html,120,3202,2854,88,125,092685,42,,No seleccionado,,Consultar
2025,2,Licenciatura 2025,210,21005005,PSICOLOGIA,FES ZARAGOZA,Escolarizado,https://www.dgae.unam.mx/Licenciatura2025/resultados/2/21005005.html,120,3202,2854,88,125,092694,54,,No seleccionado,,Consultar
2025,2,Licenciatura 2025,210,21005005,PSICOLOGIA,FES ZARAGOZA,Escolarizado,https://www.dgae.unam.mx/Licenciatura2025/resultados/2/21005005.html,120,3202,2854,88,125,092700,50,,No seleccionado,,Consultar
2025,2,Licenciatura 2025,210,21005005,PSICOLOGIA,FES ZARAGOZA,Escolarizado,https://www.dgae.unam.mx/Licenciatura2025/resultados/2/21005005.html,120,3202,2854,88,125,092706,,N,No presentado,,Consultar
2025,2,Licenciatura 2025,210,21005005,PSICOLOGIA,FES ZARAGOZA,Escolarizado,https://www.dgae.unam.mx/Licenciatura2025/resultados/2/21005005.html,120,3202,2854,88,125,092713,43,,No seleccionado,,Consultar
2025,2,Licenciatura 2025,210,21005005,PSICOLOGIA,FES ZARAGOZA,Escolarizado,https://www.dgae.unam.mx/Licenciatura2025/resultados/2/21005005.html,120,3202,2854,88,125,092724,36,,No seleccionado,,Consultar
2025,2,Licenciatura 2025,210,21005005,PSICOLOGIA,FES ZARAGOZA,Escolarizado,https://www.dgae.unam.mx/Licenciatura2025/resultados/2/21005005.html,120,3202,2854,88,125,092726,41,,No seleccionado,,Consultar
2025,2,Licenciatura 2025,210,21005005,PSICOLOGIA,FES ZARAGOZA,Escolarizado,https://www.dgae.unam.mx/Licenciatura2025/resultados/2/21005005.html,120,3202,2854,88,125,092749,35,,No seleccionado,,Consultar
2025,2,Licenciatura 2025,210,21005005,PSICOLOGIA,FES ZARAGOZA,Escolarizado,https://www.dgae.unam.mx/Licenciatura2025/resultados/2/21005005.html,120,3202,2854,88,125,092755,53,,No seleccionado,,Consultar
2025,2,Licenciatura 2025,210,21005005,PSICOLOGIA,FES ZARAGOZA,Escolarizado,https://www.dgae.unam.mx/Licenciatura2025/resultados/2/21005005.html,120,3202,2854,88,125,092826,55,,No seleccionado,,Consultar
2025,2,Licenciatura 2025,210,21005005,PSICOLOGIA,FES ZARAGOZA,Escolarizado,https://www.dgae.unam.mx/Licenciatura2025/resultados/2/21005005.html,120,3202,2854,88,125,092847,62,,No seleccionado,,Consultar
2025,2,Licenciatura 2025,210,21005005,PSICOLOGIA,FES ZARAGOZA,Escolarizado,https://www.dgae.unam.mx/Licenciatura2025/resultados/2/21005005.html,120,3202,2854,88,125,092892,73,,No seleccionado,,Consultar
2025,2,Licenciatura 2025,210,21005005,PSICOLOGIA,FES ZARAGOZA,Escolarizado,https://www.dgae.unam.mx/Licenciatura2025/resultados/2/21005005.html,120,3202,2854,88,125,092899,43,,No seleccionado,,Consultar
2025,2,Licenciatura 2025,210,21005005,PSICOLOGIA,FES ZARAGOZA,Escolarizado,https://www.dgae.unam.mx/Licenciatura2025/resultados/2/21005005.html,120,3202,2854,88,125,092934,47,,No seleccionado,,Consultar
2025,2,Licenciatura 2025,210,21005005,PSICOLOGIA,FES ZARAGOZA,Escolarizado,https://www.dgae.unam.mx/Licenciatura2025/resultados/2/21005005.html,120,3202,2854,88,125,092975,54,,No seleccionado,,Consultar
2025,2,Licenciatura 2025,210,21005005,PSICOLOGIA,FES ZARAGOZA,Escolarizado,https://www.dgae.unam.mx/Licenciatura2025/resultados/2/21005005.html,120,3202,2854,88,125,093019,75,,No seleccionado,,Consultar
2025,2,Licenciatura 2025,210,21005005,PSICOLOGIA,FES ZARAGOZA,Escolarizado,https://www.dgae.unam.mx/Licenciatura2025/resultados/2/21005005.html,120,3202,2854,88,125,093021,37,,No seleccionado,,Consultar
2025,2,Licenciatura 2025,210,21005005,PSICOLOGIA,FES ZARAGOZA,Escolarizado,https://www.dgae.unam.mx/Licenciatura2025/resultados/2/21005005.html,120,3202,2854,88,125,093023,48,,No seleccionado,,Consultar
2025,2,Licenciatura 2025,210,21005005,PSICOLOGIA,FES ZARAGOZA,Escolarizado,https://www.dgae.unam.mx/Licenciatura2025/resultados/2/21005005.html,120,3202,2854,88,125,093037,64,,No seleccionado,,Consultar
2025,2,Licenciatura 2025,210,21005005,PSICOLOGIA,FES ZARAGOZA,Escolarizado,https://www.dgae.unam.mx/Licenciatura2025/resultados/2/21005005.html,120,3202,2854,88,125,093042,80,,No seleccionado,,Consultar
2025,2,Licenciatura 2025,210,21005005,PSICOLOGIA,FES ZARAGOZA,Escolarizado,https://www.dgae.unam.mx/Licenciatura2025/resultados/2/21005005.html,120,3202,2854,88,125,093072,50,,No seleccionado,,Consultar
2025,2,Licenciatura 2025,210,21005005,PSICOLOGIA,FES ZARAGOZA,Escolarizado,https://www.dgae.unam.mx/Licenciatura2025/resultados/2/21005005.html,120,3202,2854,88,125,093141,30,,No seleccionado,,Consultar
2025,2,Licenciatura 2025,210,21005005,PSICOLOGIA,FES ZARAGOZA,Escolarizado,https://www.dgae.unam.mx/Licenciatura2025/resultados/2/21005005.html,120,3202,2854,88,125,093179,,N,No presentado,,Consultar
2025,2,Licenciatura 2025,210,21005005,PSICOLOGIA,FES ZARAGOZA,Escolarizado,https://www.dgae.unam.mx/Licenciatura2025/resultados/2/21005005.html,120,3202,2854,88,125,093216,41,,No seleccionado,,Consultar
2025,2,Licenciatura 2025,210,21005005,PSICOLOGIA,FES ZARAGOZA,Escolarizado,https://www.dgae.unam.mx/Licenciatura2025/resultados/2/21005005.html,120,3202,2854,88,125,093236,50,,No seleccionado,,Consultar
2025,2,Licenciatura 2025,210,21005005,PSICOLOGIA,FES ZARAGOZA,Escolarizado,https://www.dgae.unam.mx/Licenciatura2025/resultados/2/21005005.html,120,3202,2854,88,125,093269,77,,No seleccionado,,Consultar
2025,2,Licenciatura 2025,210,21005005,PSICOLOGIA,FES ZARAGOZA,Escolarizado,https://www.dgae.unam.mx/Licenciatura2025/resultados/2/21005005.html,120,3202,2854,88,125,093273,64,,No seleccionado,,Consultar
2025,2,Licenciatura 2025,210,21005005,PSICOLOGIA,FES ZARAGOZA,Escolarizado,https://www.dgae.unam.mx/Licenciatura2025/resultados/2/21005005.html,120,3202,2854,88,125,093274,59,,No seleccionado,,Consultar
2025,2,Licenciatura 2025,210,21005005,PSICOLOGIA,FES ZARAGOZA,Escolarizado,https://www.dgae.unam.mx/Licenciatura2025/resultados/2/21005005.html,120,3202,2854,88,125,093282,43,,No seleccionado,,Consultar
2025,2,Licenciatura 2025,210,21005005,PSICOLOGIA,FES ZARAGOZA,Escolarizado,https://www.dgae.unam.mx/Licenciatura2025/resultados/2/21005005.html,120,3202,2854,88,125,093288,77,,No seleccionado,,Consultar
2025,2,Licenciatura 2025,210,21005005,PSICOLOGIA,FES ZARAGOZA,Escolarizado,https://www.dgae.unam.mx/Licenciatura2025/resultados/2/21005005.html,120,3202,2854,88,125,093291,,N,No presentado,,Consultar
2025,2,Licenciatura 2025,210,21005005,PSICOLOGIA,FES ZARAGOZA,Escolarizado,https://www.dgae.unam.mx/Licenciatura2025/resultados/2/21005005.html,120,3202,2854,88,125,093306,54,,No seleccionado,,Consultar
2025,2,Licenciatura 2025,210,21005005,PSICOLOGIA,FES ZARAGOZA,Escolarizado,https://www.dgae.unam.mx/Licenciatura2025/resultados/2/21005005.html,120,3202,2854,88,125,093307,41,,No seleccionado,,Consultar
2025,2,Licenciatura 2025,210,21005005,PSICOLOGIA,FES ZARAGOZA,Escolarizado,https://www.dgae.unam.mx/Licenciatura2025/resultados/2/21005005.html,120,3202,2854,88,125,093388,44,,No seleccionado,,Consultar
2025,2,Licenciatura 2025,210,21005005,PSICOLOGIA,FES ZARAGOZA,Escolarizado,https://www.dgae.unam.mx/Licenciatura2025/resultados/2/21005005.html,120,3202,2854,88,125,093483,64,,No seleccionado,,Consultar
2025,2,Licenciatura 2025,210,21005005,PSICOLOGIA,FES ZARAGOZA,Escolarizado,https://www.dgae.unam.mx/Licenciatura2025/resultados/2/21005005.html,120,3202,2854,88,125,093503,41,,No seleccionado,,Consultar
2025,2,Licenciatura 2025,210,21005005,PSICOLOGIA,FES ZARAGOZA,Escolarizado,https://www.dgae.unam.mx/Licenciatura2025/resultados/2/21005005.html,120,3202,2854,88,125,093516,38,,No seleccionado,,Consultar
2025,2,Licenciatura 2025,210,21005005,PSICOLOGIA,FES ZARAGOZA,Escolarizado,https://www.dgae.unam.mx/Licenciatura2025/resultados/2/21005005.html,120,3202,2854,88,125,093524,,N,No presentado,,Consultar
2025,2,Licenciatura 2025,210,21005005,PSICOLOGIA,FES ZARAGOZA,Escolarizado,https://www.dgae.unam.mx/Licenciatura2025/resultados/2/21005005.html,120,3202,2854,88,125,093555,70,,No seleccionado,,Consultar
2025,2,Licenciatura 2025,210,21005005,PSICOLOGIA,FES ZARAGOZA,Escolarizado,https://www.dgae.unam.mx/Licenciatura2025/resultados/2/21005005.html,120,3202,2854,88,125,093568,,N,No presentado,,Consultar
2025,2,Licenciatura 2025,210,21005005,PSICOLOGIA,FES ZARAGOZA,Escolarizado,https://www.dgae.unam.mx/Licenciatura2025/resultados/2/21005005.html,120,3202,2854,88,125,093571,79,,No seleccionado,,Consultar
2025,2,Licenciatura 2025,210,21005005,PSICOLOGIA,FES ZARAGOZA,Escolarizado,https://www.dgae.unam.mx/Licenciatura2025/resultados/2/21005005.html,120,3202,2854,88,125,093590,63,,No seleccionado,,Consultar
2025,2,Licenciatura 2025,210,21005005,PSICOLOGIA,FES ZARAGOZA,Escolarizado,https://www.dgae.unam.mx/Licenciatura2025/resultados/2/21005005.html,120,3202,2854,88,125,093656,61,,No seleccionado,,Consultar
2025,2,Licenciatura 2025,210,21005005,PSICOLOGIA,FES ZARAGOZA,Escolarizado,https://www.dgae.unam.mx/Licenciatura2025/resultados/2/21005005.html,120,3202,2854,88,125,093675,56,,No seleccionado,,Consultar
2025,2,Licenciatura 2025,210,21005005,PSICOLOGIA,FES ZARAGOZA,Escolarizado,https://www.dgae.unam.mx/Licenciatura2025/resultados/2/21005005.html,120,3202,2854,88,125,093684,29,,No seleccionado,,Consultar
2025,2,Licenciatura 2025,210,21005005,PSICOLOGIA,FES ZARAGOZA,Escolarizado,https://www.dgae.unam.mx/Licenciatura2025/resultados/2/21005005.html,120,3202,2854,88,125,093699,34,,No seleccionado,,Consultar
2025,2,Licenciatura 2025,210,21005005,PSICOLOGIA,FES ZARAGOZA,Escolarizado,https://www.dgae.unam.mx/Licenciatura2025/resultados/2/21005005.html,120,3202,2854,88,125,093723,67,,No seleccionado,,Consultar
2025,2,Licenciatura 2025,210,21005005,PSICOLOGIA,FES ZARAGOZA,Escolarizado,https://www.dgae.unam.mx/Licenciatura2025/resultados/2/21005005.html,120,3202,2854,88,125,093735,37,,No seleccionado,,Consultar
2025,2,Licenciatura 2025,210,21005005,PSICOLOGIA,FES ZARAGOZA,Escolarizado,https://www.dgae.unam.mx/Licenciatura2025/resultados/2/21005005.html,120,3202,2854,88,125,093757,76,,No seleccionado,,Consultar
2025,2,Licenciatura 2025,210,21005005,PSICOLOGIA,FES ZARAGOZA,Escolarizado,https://www.dgae.unam.mx/Licenciatura2025/resultados/2/21005005.html,120,3202,2854,88,125,093771,36,,No seleccionado,,Consultar
2025,2,Licenciatura 2025,210,21005005,PSICOLOGIA,FES ZARAGOZA,Escolarizado,https://www.dgae.unam.mx/Licenciatura2025/resultados/2/21005005.html,120,3202,2854,88,125,093778,42,,No seleccionado,,Consultar
2025,2,Licenciatura 2025,210,21005005,PSICOLOGIA,FES ZARAGOZA,Escolarizado,https://www.dgae.unam.mx/Licenciatura2025/resultados/2/21005005.html,120,3202,2854,88,125,093788,37,,No seleccionado,,Consultar
2025,2,Licenciatura 2025,210,21005005,PSICOLOGIA,FES ZARAGOZA,Escolarizado,https://www.dgae.unam.mx/Licenciatura2025/resultados/2/21005005.html,120,3202,2854,88,125,093812,47,,No seleccionado,,Consultar
2025,2,Licenciatura 2025,210,21005005,PSICOLOGIA,FES ZARAGOZA,Escolarizado,https://www.dgae.unam.mx/Licenciatura2025/resultados/2/21005005.html,120,3202,2854,88,125,093841,42,,No seleccionado,,Consultar
2025,2,Licenciatura 2025,210,21005005,PSICOLOGIA,FES ZARAGOZA,Escolarizado,https://www.dgae.unam.mx/Licenciatura2025/resultados/2/21005005.html,120,3202,2854,88,125,093855,72,,No seleccionado,,Consultar
2025,2,Licenciatura 2025,210,21005005,PSICOLOGIA,FES ZARAGOZA,Escolarizado,https://www.dgae.unam.mx/Licenciatura2025/resultados/2/21005005.html,120,3202,2854,88,125,093872,57,,No seleccionado,,Consultar
2025,2,Licenciatura 2025,210,21005005,PSICOLOGIA,FES ZARAGOZA,Escolarizado,https://www.dgae.unam.mx/Licenciatura2025/resultados/2/21005005.html,120,3202,2854,88,125,093884,,N,No presentado,,Consultar
2025,2,Licenciatura 2025,210,21005005,PSICOLOGIA,FES ZARAGOZA,Escolarizado,https://www.dgae.unam.mx/Licenciatura2025/resultados/2/21005005.html,120,3202,2854,88,125,093895,47,,No seleccionado,,Consultar
2025,2,Licenciatura 2025,210,21005005,PSICOLOGIA,FES ZARAGOZA,Escolarizado,https://www.dgae.unam.mx/Licenciatura2025/resultados/2/21005005.html,120,3202,2854,88,125,093950,48,,No seleccionado,,Consultar
2025,2,Licenciatura 2025,210,21005005,PSICOLOGIA,FES ZARAGOZA,Escolarizado,https://www.dgae.unam.mx/Licenciatura2025/resultados/2/21005005.html,120,3202,2854,88,125,093953,44,,No seleccionado,,Consultar
2025,2,Licenciatura 2025,210,21005005,PSICOLOGIA,FES ZARAGOZA,Escolarizado,https://www.dgae.unam.mx/Licenciatura2025/resultados/2/21005005.html,120,3202,2854,88,125,093957,43,,No seleccionado,,Consultar
2025,2,Licenciatura 2025,210,21005005,PSICOLOGIA,FES ZARAGOZA,Escolarizado,https://www.dgae.unam.mx/Licenciatura2025/resultados/2/21005005.html,120,3202,2854,88,125,093994,55,,No seleccionado,,Consultar
2025,2,Licenciatura 2025,210,21005005,PSICOLOGIA,FES ZARAGOZA,Escolarizado,https://www.dgae.unam.mx/Licenciatura2025/resultados/2/21005005.html,120,3202,2854,88,125,094052,37,,No seleccionado,,Consultar
2025,2,Licenciatura 2025,210,21005005,PSICOLOGIA,FES ZARAGOZA,Escolarizado,https://www.dgae.unam.mx/Licenciatura2025/resultados/2/21005005.html,120,3202,2854,88,125,094056,52,,No seleccionado,,Consultar
2025,2,Licenciatura 2025,210,21005005,PSICOLOGIA,FES ZARAGOZA,Escolarizado,https://www.dgae.unam.mx/Licenciatura2025/resultados/2/21005005.html,120,3202,2854,88,125,094093,51,,No seleccionado,,Consultar
2025,2,Licenciatura 2025,210,21005005,PSICOLOGIA,FES ZARAGOZA,Escolarizado,https://www.dgae.unam.mx/Licenciatura2025/resultados/2/21005005.html,120,3202,2854,88,125,094123,,N,No presentado,,Consultar
2025,2,Licenciatura 2025,210,21005005,PSICOLOGIA,FES ZARAGOZA,Escolarizado,https://www.dgae.unam.mx/Licenciatura2025/resultados/2/21005005.html,120,3202,2854,88,125,094156,37,,No seleccionado,,Consultar
2025,2,Licenciatura 2025,210,21005005,PSICOLOGIA,FES ZARAGOZA,Escolarizado,https://www.dgae.unam.mx/Licenciatura2025/resultados/2/21005005.html,120,3202,2854,88,125,094186,90,S,Seleccionado,Cita para entregar documentación.,Consultar
2025,2,Licenciatura 2025,210,21005005,PSICOLOGIA,FES ZARAGOZA,Escolarizado,https://www.dgae.unam.mx/Licenciatura2025/resultados/2/21005005.html,120,3202,2854,88,125,094199,51,,No seleccionado,,Consultar
2025,2,Licenciatura 2025,210,21005005,PSICOLOGIA,FES ZARAGOZA,Escolarizado,https://www.dgae.unam.mx/Licenciatura2025/resultados/2/21005005.html,120,3202,2854,88,125,094217,45,,No seleccionado,,Consultar
2025,2,Licenciatura 2025,210,21005005,PSICOLOGIA,FES ZARAGOZA,Escolarizado,https://www.dgae.unam.mx/Licenciatura2025/resultados/2/21005005.html,120,3202,2854,88,125,094231,39,,No seleccionado,,Consultar
2025,2,Licenciatura 2025,210,21005005,PSICOLOGIA,FES ZARAGOZA,Escolarizado,https://www.dgae.unam.mx/Licenciatura2025/resultados/2/21005005.html,120,3202,2854,88,125,094236,30,,No seleccionado,,Consultar
2025,2,Licenciatura 2025,210,21005005,PSICOLOGIA,FES ZARAGOZA,Escolarizado,https://www.dgae.unam.mx/Licenciatura2025/resultados/2/21005005.html,120,3202,2854,88,125,094244,47,,No seleccionado,,Consultar
2025,2,Licenciatura 2025,210,21005005,PSICOLOGIA,FES ZARAGOZA,Escolarizado,https://www.dgae.unam.mx/Licenciatura2025/resultados/2/21005005.html,120,3202,2854,88,125,094253,73,,No seleccionado,,Consultar
2025,2,Licenciatura 2025,210,21005005,PSICOLOGIA,FES ZARAGOZA,Escolarizado,https://www.dgae.unam.mx/Licenciatura2025/resultados/2/21005005.html,120,3202,2854,88,125,094255,,N,No presentado,,Consultar
2025,2,Licenciatura 2025,210,21005005,PSICOLOGIA,FES ZARAGOZA,Escolarizado,https://www.dgae.unam.mx/Licenciatura2025/resultados/2/21005005.html,120,3202,2854,88,125,094257,60,,No seleccionado,,Consultar
2025,2,Licenciatura 2025,210,21005005,PSICOLOGIA,FES ZARAGOZA,Escolarizado,https://www.dgae.unam.mx/Licenciatura2025/resultados/2/21005005.html,120,3202,2854,88,125,094306,40,,No seleccionado,,Consultar
2025,2,Licenciatura 2025,210,21005005,PSICOLOGIA,FES ZARAGOZA,Escolarizado,https://www.dgae.unam.mx/Licenciatura2025/resultados/2/21005005.html,120,3202,2854,88,125,094320,67,,No seleccionado,,Consultar
2025,2,Licenciatura 2025,210,21005005,PSICOLOGIA,FES ZARAGOZA,Escolarizado,https://www.dgae.unam.mx/Licenciatura2025/resultados/2/21005005.html,120,3202,2854,88,125,094930,41,,No seleccionado,,Consultar
2025,2,Licenciatura 2025,210,21005005,PSICOLOGIA,FES ZARAGOZA,Escolarizado,https://www.dgae.unam.mx/Licenciatura2025/resultados/2/21005005.html,120,3202,2854,88,125,095025,,N,No presentado,,Consultar
2025,2,Licenciatura 2025,210,21005005,PSICOLOGIA,FES ZARAGOZA,Escolarizado,https://www.dgae.unam.mx/Licenciatura2025/resultados/2/21005005.html,120,3202,2854,88,125,095322,45,,No seleccionado,,Consultar
2025,2,Licenciatura 2025,210,21005005,PSICOLOGIA,FES ZARAGOZA,Escolarizado,https://www.dgae.unam.mx/Licenciatura2025/resultados/2/21005005.html,120,3202,2854,88,125,095846,43,,No seleccionado,,Consultar
2025,2,Licenciatura 2025,210,21005005,PSICOLOGIA,FES ZARAGOZA,Escolarizado,https://www.dgae.unam.mx/Licenciatura2025/resultados/2/21005005.html,120,3202,2854,88,125,095945,59,,No seleccionado,,Consultar
2025,2,Licenciatura 2025,210,21005005,PSICOLOGIA,FES ZARAGOZA,Escolarizado,https://www.dgae.unam.mx/Licenciatura2025/resultados/2/21005005.html,120,3202,2854,88,125,095947,79,,No seleccionado,,Consultar
2025,2,Licenciatura 2025,210,21005005,PSICOLOGIA,FES ZARAGOZA,Escolarizado,https://www.dgae.unam.mx/Licenciatura2025/resultados/2/21005005.html,120,3202,2854,88,125,095967,85,,No seleccionado,,Consultar
2025,2,Licenciatura 2025,210,21005005,PSICOLOGIA,FES ZARAGOZA,Escolarizado,https://www.dgae.unam.mx/Licenciatura2025/resultados/2/21005005.html,120,3202,2854,88,125,095997,,N,No presentado,,Consultar
2025,2,Licenciatura 2025,210,21005005,PSICOLOGIA,FES ZARAGOZA,Escolarizado,https://www.dgae.unam.mx/Licenciatura2025/resultados/2/21005005.html,120,3202,2854,88,125,096174,51,,No seleccionado,,Consultar
2025,2,Licenciatura 2025,210,21005005,PSICOLOGIA,FES ZARAGOZA,Escolarizado,https://www.dgae.unam.mx/Licenciatura2025/resultados/2/21005005.html,120,3202,2854,88,125,096294,91,S,Seleccionado,,Consultar
2025,2,Licenciatura 2025,210,21005005,PSICOLOGIA,FES ZARAGOZA,Escolarizado,https://www.dgae.unam.mx/Licenciatura2025/resultados/2/21005005.html,120,3202,2854,88,125,096430,38,,No seleccionado,,Consultar
2025,2,Licenciatura 2025,210,21005005,PSICOLOGIA,FES ZARAGOZA,Escolarizado,https://www.dgae.unam.mx/Licenciatura2025/resultados/2/21005005.html,120,3202,2854,88,125,096469,52,,No seleccionado,,Consultar
2025,2,Licenciatura 2025,210,21005005,PSICOLOGIA,FES ZARAGOZA,Escolarizado,https://www.dgae.unam.mx/Licenciatura2025/resultados/2/21005005.html,120,3202,2854,88,125,096760,47,,No seleccionado,,Consultar
2025,2,Licenciatura 2025,210,21005005,PSICOLOGIA,FES ZARAGOZA,Escolarizado,https://www.dgae.unam.mx/Licenciatura2025/resultados/2/21005005.html,120,3202,2854,88,125,096926,,N,No presentado,,Consultar
2025,2,Licenciatura 2025,210,21005005,PSICOLOGIA,FES ZARAGOZA,Escolarizado,https://www.dgae.unam.mx/Licenciatura2025/resultados/2/21005005.html,120,3202,2854,88,125,096957,50,,No seleccionado,,Consultar
2025,2,Licenciatura 2025,210,21005005,PSICOLOGIA,FES ZARAGOZA,Escolarizado,https://www.dgae.unam.mx/Licenciatura2025/resultados/2/21005005.html,120,3202,2854,88,125,097058,50,,No seleccionado,,Consultar
2025,2,Licenciatura 2025,210,21005005,PSICOLOGIA,FES ZARAGOZA,Escolarizado,https://www.dgae.unam.mx/Licenciatura2025/resultados/2/21005005.html,120,3202,2854,88,125,097563,62,,No seleccionado,,Consultar
2025,2,Licenciatura 2025,210,21005005,PSICOLOGIA,FES ZARAGOZA,Escolarizado,https://www.dgae.unam.mx/Licenciatura2025/resultados/2/21005005.html,120,3202,2854,88,125,099023,90,S,Seleccionado,Cita para entregar documentación.,Consultar
2025,2,Licenciatura 2025,210,21005005,PSICOLOGIA,FES ZARAGOZA,Escolarizado,https://www.dgae.unam.mx/Licenciatura2025/resultados/2/21005005.html,120,3202,2854,88,125,099253,54,,No seleccionado,,Consultar
2025,2,Licenciatura 2025,210,21005005,PSICOLOGIA,FES ZARAGOZA,Escolarizado,https://www.dgae.unam.mx/Licenciatura2025/resultados/2/21005005.html,120,3202,2854,88,125,099360,61,,No seleccionado,,Consultar
2025,2,Licenciatura 2025,210,21005005,PSICOLOGIA,FES ZARAGOZA,Escolarizado,https://www.dgae.unam.mx/Licenciatura2025/resultados/2/21005005.html,120,3202,2854,88,125,099374,25,,No seleccionado,,Consultar
2025,2,Licenciatura 2025,210,21005005,PSICOLOGIA,FES ZARAGOZA,Escolarizado,https://www.dgae.unam.mx/Licenciatura2025/resultados/2/21005005.html,120,3202,2854,88,125,099392,56,,No seleccionado,,Consultar
2025,2,Licenciatura 2025,210,21005005,PSICOLOGIA,FES ZARAGOZA,Escolarizado,https://www.dgae.unam.mx/Licenciatura2025/resultados/2/21005005.html,120,3202,2854,88,125,099396,83,,No seleccionado,,Consultar
2025,2,Licenciatura 2025,210,21005005,PSICOLOGIA,FES ZARAGOZA,Escolarizado,https://www.dgae.unam.mx/Licenciatura2025/resultados/2/21005005.html,120,3202,2854,88,125,099398,73,,No seleccionado,,Consultar
2025,2,Licenciatura 2025,210,21005005,PSICOLOGIA,FES ZARAGOZA,Escolarizado,https://www.dgae.unam.mx/Licenciatura2025/resultados/2/21005005.html,120,3202,2854,88,125,099412,27,,No seleccionado,,Consultar
2025,2,Licenciatura 2025,210,21005005,PSICOLOGIA,FES ZARAGOZA,Escolarizado,https://www.dgae.unam.mx/Licenciatura2025/resultados/2/21005005.html,120,3202,2854,88,125,099428,30,,No seleccionado,,Consultar
2025,2,Licenciatura 2025,210,21005005,PSICOLOGIA,FES ZARAGOZA,Escolarizado,https://www.dgae.unam.mx/Licenciatura2025/resultados/2/21005005.html,120,3202,2854,88,125,099446,41,,No seleccionado,,Consultar
2025,2,Licenciatura 2025,210,21005005,PSICOLOGIA,FES ZARAGOZA,Escolarizado,https://www.dgae.unam.mx/Licenciatura2025/resultados/2/21005005.html,120,3202,2854,88,125,099465,49,,No seleccionado,,Consultar
2025,2,Licenciatura 2025,210,21005005,PSICOLOGIA,FES ZARAGOZA,Escolarizado,https://www.dgae.unam.mx/Licenciatura2025/resultados/2/21005005.html,120,3202,2854,88,125,099471,34,,No seleccionado,,Consultar
2025,2,Licenciatura 2025,210,21005005,PSICOLOGIA,FES ZARAGOZA,Escolarizado,https://www.dgae.unam.mx/Licenciatura2025/resultados/2/21005005.html,120,3202,2854,88,125,099475,36,,No seleccionado,,Consultar
2025,2,Licenciatura 2025,210,21005005,PSICOLOGIA,FES ZARAGOZA,Escolarizado,https://www.dgae.unam.mx/Licenciatura2025/resultados/2/21005005.html,120,3202,2854,88,125,099476,44,,No seleccionado,,Consultar
2025,2,Licenciatura 2025,210,21005005,PSICOLOGIA,FES ZARAGOZA,Escolarizado,https://www.dgae.unam.mx/Licenciatura2025/resultados/2/21005005.html,120,3202,2854,88,125,099491,47,,No seleccionado,,Consultar
2025,2,Licenciatura 2025,210,21005005,PSICOLOGIA,FES ZARAGOZA,Escolarizado,https://www.dgae.unam.mx/Licenciatura2025/resultados/2/21005005.html,120,3202,2854,88,125,099512,96,S,Seleccionado,Cita para entregar documentación.,Consultar
2025,2,Licenciatura 2025,210,21005005,PSICOLOGIA,FES ZARAGOZA,Escolarizado,https://www.dgae.unam.mx/Licenciatura2025/resultados/2/21005005.html,120,3202,2854,88,125,099519,,N,No presentado,,Consultar
2025,2,Licenciatura 2025,210,21005005,PSICOLOGIA,FES ZARAGOZA,Escolarizado,https://www.dgae.unam.mx/Licenciatura2025/resultados/2/21005005.html,120,3202,2854,88,125,099534,41,,No seleccionado,,Consultar
2025,2,Licenciatura 2025,210,21005005,PSICOLOGIA,FES ZARAGOZA,Escolarizado,https://www.dgae.unam.mx/Licenciatura2025/resultados/2/21005005.html,120,3202,2854,88,125,099537,27,,No seleccionado,,Consultar
2025,2,Licenciatura 2025,210,21005005,PSICOLOGIA,FES ZARAGOZA,Escolarizado,https://www.dgae.unam.mx/Licenciatura2025/resultados/2/21005005.html,120,3202,2854,88,125,099542,100,S,Seleccionado,Cita para entregar documentación.,Consultar
2025,2,Licenciatura 2025,210,21005005,PSICOLOGIA,FES ZARAGOZA,Escolarizado,https://www.dgae.unam.mx/Licenciatura2025/resultados/2/21005005.html,120,3202,2854,88,125,099553,43,,No seleccionado,,Consultar
2025,2,Licenciatura 2025,210,21005005,PSICOLOGIA,FES ZARAGOZA,Escolarizado,https://www.dgae.unam.mx/Licenciatura2025/resultados/2/21005005.html,120,3202,2854,88,125,099557,47,,No seleccionado,,Consultar
2025,2,Licenciatura 2025,210,21005005,PSICOLOGIA,FES ZARAGOZA,Escolarizado,https://www.dgae.unam.mx/Licenciatura2025/resultados/2/21005005.html,120,3202,2854,88,125,099559,50,,No seleccionado,,Consultar
2025,2,Licenciatura 2025,210,21005005,PSICOLOGIA,FES ZARAGOZA,Escolarizado,https://www.dgae.unam.mx/Licenciatura2025/resultados/2/21005005.html,120,3202,2854,88,125,099594,46,,No seleccionado,,Consultar
2025,2,Licenciatura 2025,210,21005005,PSICOLOGIA,FES ZARAGOZA,Escolarizado,https://www.dgae.unam.mx/Licenciatura2025/resultados/2/21005005.html,120,3202,2854,88,125,099597,47,,No seleccionado,,Consultar
2025,2,Licenciatura 2025,210,21005005,PSICOLOGIA,FES ZARAGOZA,Escolarizado,https://www.dgae.unam.mx/Licenciatura2025/resultados/2/21005005.html,120,3202,2854,88,125,099605,40,,No seleccionado,,Consultar
2025,2,Licenciatura 2025,210,21005005,PSICOLOGIA,FES ZARAGOZA,Escolarizado,https://www.dgae.unam.mx/Licenciatura2025/resultados/2/21005005.html,120,3202,2854,88,125,099606,63,,No seleccionado,,Consultar
2025,2,Licenciatura 2025,210,21005005,PSICOLOGIA,FES ZARAGOZA,Escolarizado,https://www.dgae.unam.mx/Licenciatura2025/resultados/2/21005005.html,120,3202,2854,88,125,099618,52,,No seleccionado,,Consultar
2025,2,Licenciatura 2025,210,21005005,PSICOLOGIA,FES ZARAGOZA,Escolarizado,https://www.dgae.unam.mx/Licenciatura2025/resultados/2/21005005.html,120,3202,2854,88,125,099619,57,,No seleccionado,,Consultar
2025,2,Licenciatura 2025,210,21005005,PSICOLOGIA,FES ZARAGOZA,Escolarizado,https://www.dgae.unam.mx/Licenciatura2025/resultados/2/21005005.html,120,3202,2854,88,125,099641,42,,No seleccionado,,Consultar
2025,2,Licenciatura 2025,210,21005005,PSICOLOGIA,FES ZARAGOZA,Escolarizado,https://www.dgae.unam.mx/Licenciatura2025/resultados/2/21005005.html,120,3202,2854,88,125,099653,30,,No seleccionado,,Consultar
2025,2,Licenciatura 2025,210,21005005,PSICOLOGIA,FES ZARAGOZA,Escolarizado,https://www.dgae.unam.mx/Licenciatura2025/resultados/2/21005005.html,120,3202,2854,88,125,099660,42,,No seleccionado,,Consultar
2025,2,Licenciatura 2025,210,21005005,PSICOLOGIA,FES ZARAGOZA,Escolarizado,https://www.dgae.unam.mx/Licenciatura2025/resultados/2/21005005.html,120,3202,2854,88,125,099670,34,,No seleccionado,,Consultar
2025,2,Licenciatura 2025,210,21005005,PSICOLOGIA,FES ZARAGOZA,Escolarizado,https://www.dgae.unam.mx/Licenciatura2025/resultados/2/21005005.html,120,3202,2854,88,125,099672,38,,No seleccionado,,Consultar
2025,2,Licenciatura 2025,210,21005005,PSICOLOGIA,FES ZARAGOZA,Escolarizado,https://www.dgae.unam.mx/Licenciatura2025/resultados/2/21005005.html,120,3202,2854,88,125,099719,30,,No seleccionado,,Consultar
2025,2,Licenciatura 2025,210,21005005,PSICOLOGIA,FES ZARAGOZA,Escolarizado,https://www.dgae.unam.mx/Licenciatura2025/resultados/2/21005005.html,120,3202,2854,88,125,099742,29,,No seleccionado,,Consultar
2025,2,Licenciatura 2025,210,21005005,PSICOLOGIA,FES ZARAGOZA,Escolarizado,https://www.dgae.unam.mx/Licenciatura2025/resultados/2/21005005.html,120,3202,2854,88,125,099744,56,,No seleccionado,,Consultar
2025,2,Licenciatura 2025,210,21005005,PSICOLOGIA,FES ZARAGOZA,Escolarizado,https://www.dgae.unam.mx/Licenciatura2025/resultados/2/21005005.html,120,3202,2854,88,125,099804,49,,No seleccionado,,Consultar
2025,2,Licenciatura 2025,210,21005005,PSICOLOGIA,FES ZARAGOZA,Escolarizado,https://www.dgae.unam.mx/Licenciatura2025/resultados/2/21005005.html,120,3202,2854,88,125,099818,86,,No seleccionado,,Consultar
2025,2,Licenciatura 2025,210,21005005,PSICOLOGIA,FES ZARAGOZA,Escolarizado,https://www.dgae.unam.mx/Licenciatura2025/resultados/2/21005005.html,120,3202,2854,88,125,099833,32,,No seleccionado,,Consultar
2025,2,Licenciatura 2025,210,21005005,PSICOLOGIA,FES ZARAGOZA,Escolarizado,https://www.dgae.unam.mx/Licenciatura2025/resultados/2/21005005.html,120,3202,2854,88,125,099845,66,,No seleccionado,,Consultar
2025,2,Licenciatura 2025,210,21005005,PSICOLOGIA,FES ZARAGOZA,Escolarizado,https://www.dgae.unam.mx/Licenciatura2025/resultados/2/21005005.html,120,3202,2854,88,125,099848,42,,No seleccionado,,Consultar
2025,2,Licenciatura 2025,210,21005005,PSICOLOGIA,FES ZARAGOZA,Escolarizado,https://www.dgae.unam.mx/Licenciatura2025/resultados/2/21005005.html,120,3202,2854,88,125,099878,43,,No seleccionado,,Consultar
2025,2,Licenciatura 2025,210,21005005,PSICOLOGIA,FES ZARAGOZA,Escolarizado,https://www.dgae.unam.mx/Licenciatura2025/resultados/2/21005005.html,120,3202,2854,88,125,099880,49,,No seleccionado,,Consultar
2025,2,Licenciatura 2025,210,21005005,PSICOLOGIA,FES ZARAGOZA,Escolarizado,https://www.dgae.unam.mx/Licenciatura2025/resultados/2/21005005.html,120,3202,2854,88,125,099886,47,,No seleccionado,,Consultar
2025,2,Licenciatura 2025,210,21005005,PSICOLOGIA,FES ZARAGOZA,Escolarizado,https://www.dgae.unam.mx/Licenciatura2025/resultados/2/21005005.html,120,3202,2854,88,125,099889,41,,No seleccionado,,Consultar
2025,2,Licenciatura 2025,210,21005005,PSICOLOGIA,FES ZARAGOZA,Escolarizado,https://www.dgae.unam.mx/Licenciatura2025/resultados/2/21005005.html,120,3202,2854,88,125,099890,,N,No presentado,,Consultar
2025,2,Licenciatura 2025,210,21005005,PSICOLOGIA,FES ZARAGOZA,Escolarizado,https://www.dgae.unam.mx/Licenciatura2025/resultados/2/21005005.html,120,3202,2854,88,125,099895,51,,No seleccionado,,Consultar
2025,2,Licenciatura 2025,210,21005005,PSICOLOGIA,FES ZARAGOZA,Escolarizado,https://www.dgae.unam.mx/Licenciatura2025/resultados/2/21005005.html,120,3202,2854,88,125,099900,60,,No seleccionado,,Consultar
2025,2,Licenciatura 2025,210,21005005,PSICOLOGIA,FES ZARAGOZA,Escolarizado,https://www.dgae.unam.mx/Licenciatura2025/resultados/2/21005005.html,120,3202,2854,88,125,099901,62,,No seleccionado,,Consultar
2025,2,Licenciatura 2025,210,21005005,PSICOLOGIA,FES ZARAGOZA,Escolarizado,https://www.dgae.unam.mx/Licenciatura2025/resultados/2/21005005.html,120,3202,2854,88,125,099922,,N,No presentado,,Consultar
2025,2,Licenciatura 2025,210,21005005,PSICOLOGIA,FES ZARAGOZA,Escolarizado,https://www.dgae.unam.mx/Licenciatura2025/resultados/2/21005005.html,120,3202,2854,88,125,099929,66,,No seleccionado,,Consultar
2025,2,Licenciatura 2025,210,21005005,PSICOLOGIA,FES ZARAGOZA,Escolarizado,https://www.dgae.unam.mx/Licenciatura2025/resultados/2/21005005.html,120,3202,2854,88,125,099930,91,S,Seleccionado,Cita para entregar documentación.,Consultar
2025,2,Licenciatura 2025,210,21005005,PSICOLOGIA,FES ZARAGOZA,Escolarizado,https://www.dgae.unam.mx/Licenciatura2025/resultados/2/21005005.html,120,3202,2854,88,125,099967,37,,No seleccionado,,Consultar
2025,2,Licenciatura 2025,210,21005005,PSICOLOGIA,FES ZARAGOZA,Escolarizado,https://www.dgae.unam.mx/Licenciatura2025/resultados/2/21005005.html,120,3202,2854,88,125,099988,39,,No seleccionado,,Consultar
2025,2,Licenciatura 2025,210,21005005,PSICOLOGIA,FES ZARAGOZA,Escolarizado,https://www.dgae.unam.mx/Licenciatura2025/resultados/2/21005005.html,120,3202,2854,88,125,099989,36,,No seleccionado,,Consultar
2025,2,Licenciatura 2025,210,21005005,PSICOLOGIA,FES ZARAGOZA,Escolarizado,https://www.dgae.unam.mx/Licenciatura2025/resultados/2/21005005.html,120,3202,2854,88,125,100042,73,,No seleccionado,,Consultar
2025,2,Licenciatura 2025,210,21005005,PSICOLOGIA,FES ZARAGOZA,Escolarizado,https://www.dgae.unam.mx/Licenciatura2025/resultados/2/21005005.html,120,3202,2854,88,125,100061,56,,No seleccionado,,Consultar
2025,2,Licenciatura 2025,210,21005005,PSICOLOGIA,FES ZARAGOZA,Escolarizado,https://www.dgae.unam.mx/Licenciatura2025/resultados/2/21005005.html,120,3202,2854,88,125,100069,43,,No seleccionado,,Consultar
2025,2,Licenciatura 2025,210,21005005,PSICOLOGIA,FES ZARAGOZA,Escolarizado,https://www.dgae.unam.mx/Licenciatura2025/resultados/2/21005005.html,120,3202,2854,88,125,100100,42,,No seleccionado,,Consultar
2025,2,Licenciatura 2025,210,21005005,PSICOLOGIA,FES ZARAGOZA,Escolarizado,https://www.dgae.unam.mx/Licenciatura2025/resultados/2/21005005.html,120,3202,2854,88,125,100103,116,S,Seleccionado,Cita para entregar documentación.,Consultar
2025,2,Licenciatura 2025,210,21005005,PSICOLOGIA,FES ZARAGOZA,Escolarizado,https://www.dgae.unam.mx/Licenciatura2025/resultados/2/21005005.html,120,3202,2854,88,125,100119,32,,No seleccionado,,Consultar
2025,2,Licenciatura 2025,210,21005005,PSICOLOGIA,FES ZARAGOZA,Escolarizado,https://www.dgae.unam.mx/Licenciatura2025/resultados/2/21005005.html,120,3202,2854,88,125,100130,43,,No seleccionado,,Consultar
2025,2,Licenciatura 2025,210,21005005,PSICOLOGIA,FES ZARAGOZA,Escolarizado,https://www.dgae.unam.mx/Licenciatura2025/resultados/2/21005005.html,120,3202,2854,88,125,100131,38,,No seleccionado,,Consultar
2025,2,Licenciatura 2025,210,21005005,PSICOLOGIA,FES ZARAGOZA,Escolarizado,https://www.dgae.unam.mx/Licenciatura2025/resultados/2/21005005.html,120,3202,2854,88,125,100135,61,,No seleccionado,,Consultar
2025,2,Licenciatura 2025,210,21005005,PSICOLOGIA,FES ZARAGOZA,Escolarizado,https://www.dgae.unam.mx/Licenciatura2025/resultados/2/21005005.html,120,3202,2854,88,125,100159,55,,No seleccionado,,Consultar
2025,2,Licenciatura 2025,210,21005005,PSICOLOGIA,FES ZARAGOZA,Escolarizado,https://www.dgae.unam.mx/Licenciatura2025/resultados/2/21005005.html,120,3202,2854,88,125,100171,48,,No seleccionado,,Consultar
2025,2,Licenciatura 2025,210,21005005,PSICOLOGIA,FES ZARAGOZA,Escolarizado,https://www.dgae.unam.mx/Licenciatura2025/resultados/2/21005005.html,120,3202,2854,88,125,100174,74,,No seleccionado,,Consultar
2025,2,Licenciatura 2025,210,21005005,PSICOLOGIA,FES ZARAGOZA,Escolarizado,https://www.dgae.unam.mx/Licenciatura2025/resultados/2/21005005.html,120,3202,2854,88,125,100177,67,,No seleccionado,,Consultar
2025,2,Licenciatura 2025,210,21005005,PSICOLOGIA,FES ZARAGOZA,Escolarizado,https://www.dgae.unam.mx/Licenciatura2025/resultados/2/21005005.html,120,3202,2854,88,125,100179,43,,No seleccionado,,Consultar
2025,2,Licenciatura 2025,210,21005005,PSICOLOGIA,FES ZARAGOZA,Escolarizado,https://www.dgae.unam.mx/Licenciatura2025/resultados/2/21005005.html,120,3202,2854,88,125,100187,70,,No seleccionado,,Consultar
2025,2,Licenciatura 2025,210,21005005,PSICOLOGIA,FES ZARAGOZA,Escolarizado,https://www.dgae.unam.mx/Licenciatura2025/resultados/2/21005005.html,120,3202,2854,88,125,100202,36,,No seleccionado,,Consultar
2025,2,Licenciatura 2025,210,21005005,PSICOLOGIA,FES ZARAGOZA,Escolarizado,https://www.dgae.unam.mx/Licenciatura2025/resultados/2/21005005.html,120,3202,2854,88,125,100213,54,,No seleccionado,,Consultar
2025,2,Licenciatura 2025,210,21005005,PSICOLOGIA,FES ZARAGOZA,Escolarizado,https://www.dgae.unam.mx/Licenciatura2025/resultados/2/21005005.html,120,3202,2854,88,125,100228,38,,No seleccionado,,Consultar
2025,2,Licenciatura 2025,210,21005005,PSICOLOGIA,FES ZARAGOZA,Escolarizado,https://www.dgae.unam.mx/Licenciatura2025/resultados/2/21005005.html,120,3202,2854,88,125,100246,89,S,Seleccionado,Cita para entregar documentación.,Consultar
2025,2,Licenciatura 2025,210,21005005,PSICOLOGIA,FES ZARAGOZA,Escolarizado,https://www.dgae.unam.mx/Licenciatura2025/resultados/2/21005005.html,120,3202,2854,88,125,100253,26,,No seleccionado,,Consultar
2025,2,Licenciatura 2025,210,21005005,PSICOLOGIA,FES ZARAGOZA,Escolarizado,https://www.dgae.unam.mx/Licenciatura2025/resultados/2/21005005.html,120,3202,2854,88,125,100273,75,,No seleccionado,,Consultar
2025,2,Licenciatura 2025,210,21005005,PSICOLOGIA,FES ZARAGOZA,Escolarizado,https://www.dgae.unam.mx/Licenciatura2025/resultados/2/21005005.html,120,3202,2854,88,125,100282,43,,No seleccionado,,Consultar
2025,2,Licenciatura 2025,210,21005005,PSICOLOGIA,FES ZARAGOZA,Escolarizado,https://www.dgae.unam.mx/Licenciatura2025/resultados/2/21005005.html,120,3202,2854,88,125,100295,46,,No seleccionado,,Consultar
2025,2,Licenciatura 2025,210,21005005,PSICOLOGIA,FES ZARAGOZA,Escolarizado,https://www.dgae.unam.mx/Licenciatura2025/resultados/2/21005005.html,120,3202,2854,88,125,100300,61,,No seleccionado,,Consultar
2025,2,Licenciatura 2025,210,21005005,PSICOLOGIA,FES ZARAGOZA,Escolarizado,https://www.dgae.unam.mx/Licenciatura2025/resultados/2/21005005.html,120,3202,2854,88,125,100317,42,,No seleccionado,,Consultar
2025,2,Licenciatura 2025,210,21005005,PSICOLOGIA,FES ZARAGOZA,Escolarizado,https://www.dgae.unam.mx/Licenciatura2025/resultados/2/21005005.html,120,3202,2854,88,125,100324,46,,No seleccionado,,Consultar
2025,2,Licenciatura 2025,210,21005005,PSICOLOGIA,FES ZARAGOZA,Escolarizado,https://www.dgae.unam.mx/Licenciatura2025/resultados/2/21005005.html,120,3202,2854,88,125,100339,53,,No seleccionado,,Consultar
2025,2,Licenciatura 2025,210,21005005,PSICOLOGIA,FES ZARAGOZA,Escolarizado,https://www.dgae.unam.mx/Licenciatura2025/resultados/2/21005005.html,120,3202,2854,88,125,100345,42,,No seleccionado,,Consultar
2025,2,Licenciatura 2025,210,21005005,PSICOLOGIA,FES ZARAGOZA,Escolarizado,https://www.dgae.unam.mx/Licenciatura2025/resultados/2/21005005.html,120,3202,2854,88,125,100347,38,,No seleccionado,,Consultar
2025,2,Licenciatura 2025,210,21005005,PSICOLOGIA,FES ZARAGOZA,Escolarizado,https://www.dgae.unam.mx/Licenciatura2025/resultados/2/21005005.html,120,3202,2854,88,125,100349,,N,No presentado,,Consultar
2025,2,Licenciatura 2025,210,21005005,PSICOLOGIA,FES ZARAGOZA,Escolarizado,https://www.dgae.unam.mx/Licenciatura2025/resultados/2/21005005.html,120,3202,2854,88,125,100359,46,,No seleccionado,,Consultar
2025,2,Licenciatura 2025,210,21005005,PSICOLOGIA,FES ZARAGOZA,Escolarizado,https://www.dgae.unam.mx/Licenciatura2025/resultados/2/21005005.html,120,3202,2854,88,125,100360,35,,No seleccionado,,Consultar
2025,2,Licenciatura 2025,210,21005005,PSICOLOGIA,FES ZARAGOZA,Escolarizado,https://www.dgae.unam.mx/Licenciatura2025/resultados/2/21005005.html,120,3202,2854,88,125,100385,46,,No seleccionado,,Consultar
2025,2,Licenciatura 2025,210,21005005,PSICOLOGIA,FES ZARAGOZA,Escolarizado,https://www.dgae.unam.mx/Licenciatura2025/resultados/2/21005005.html,120,3202,2854,88,125,100394,50,,No seleccionado,,Consultar
2025,2,Licenciatura 2025,210,21005005,PSICOLOGIA,FES ZARAGOZA,Escolarizado,https://www.dgae.unam.mx/Licenciatura2025/resultados/2/21005005.html,120,3202,2854,88,125,100397,49,,No seleccionado,,Consultar
2025,2,Licenciatura 2025,210,21005005,PSICOLOGIA,FES ZARAGOZA,Escolarizado,https://www.dgae.unam.mx/Licenciatura2025/resultados/2/21005005.html,120,3202,2854,88,125,100412,42,,No seleccionado,,Consultar
2025,2,Licenciatura 2025,210,21005005,PSICOLOGIA,FES ZARAGOZA,Escolarizado,https://www.dgae.unam.mx/Licenciatura2025/resultados/2/21005005.html,120,3202,2854,88,125,100426,,N,No presentado,,Consultar
2025,2,Licenciatura 2025,210,21005005,PSICOLOGIA,FES ZARAGOZA,Escolarizado,https://www.dgae.unam.mx/Licenciatura2025/resultados/2/21005005.html,120,3202,2854,88,125,100438,50,,No seleccionado,,Consultar
2025,2,Licenciatura 2025,210,21005005,PSICOLOGIA,FES ZARAGOZA,Escolarizado,https://www.dgae.unam.mx/Licenciatura2025/resultados/2/21005005.html,120,3202,2854,88,125,100477,57,,No seleccionado,,Consultar
2025,2,Licenciatura 2025,210,21005005,PSICOLOGIA,FES ZARAGOZA,Escolarizado,https://www.dgae.unam.mx/Licenciatura2025/resultados/2/21005005.html,120,3202,2854,88,125,100493,32,,No seleccionado,,Consultar
2025,2,Licenciatura 2025,210,21005005,PSICOLOGIA,FES ZARAGOZA,Escolarizado,https://www.dgae.unam.mx/Licenciatura2025/resultados/2/21005005.html,120,3202,2854,88,125,100497,39,,No seleccionado,,Consultar
2025,2,Licenciatura 2025,210,21005005,PSICOLOGIA,FES ZARAGOZA,Escolarizado,https://www.dgae.unam.mx/Licenciatura2025/resultados/2/21005005.html,120,3202,2854,88,125,100539,37,,No seleccionado,,Consultar
2025,2,Licenciatura 2025,210,21005005,PSICOLOGIA,FES ZARAGOZA,Escolarizado,https://www.dgae.unam.mx/Licenciatura2025/resultados/2/21005005.html,120,3202,2854,88,125,100544,44,,No seleccionado,,Consultar
2025,2,Licenciatura 2025,210,21005005,PSICOLOGIA,FES ZARAGOZA,Escolarizado,https://www.dgae.unam.mx/Licenciatura2025/resultados/2/21005005.html,120,3202,2854,88,125,100549,53,,No seleccionado,,Consultar
2025,2,Licenciatura 2025,210,21005005,PSICOLOGIA,FES ZARAGOZA,Escolarizado,https://www.dgae.unam.mx/Licenciatura2025/resultados/2/21005005.html,120,3202,2854,88,125,100562,36,,No seleccionado,,Consultar
2025,2,Licenciatura 2025,210,21005005,PSICOLOGIA,FES ZARAGOZA,Escolarizado,https://www.dgae.unam.mx/Licenciatura2025/resultados/2/21005005.html,120,3202,2854,88,125,100580,,N,No presentado,,Consultar
2025,2,Licenciatura 2025,210,21005005,PSICOLOGIA,FES ZARAGOZA,Escolarizado,https://www.dgae.unam.mx/Licenciatura2025/resultados/2/21005005.html,120,3202,2854,88,125,100585,59,,No seleccionado,,Consultar
2025,2,Licenciatura 2025,210,21005005,PSICOLOGIA,FES ZARAGOZA,Escolarizado,https://www.dgae.unam.mx/Licenciatura2025/resultados/2/21005005.html,120,3202,2854,88,125,100588,,N,No presentado,,Consultar
2025,2,Licenciatura 2025,210,21005005,PSICOLOGIA,FES ZARAGOZA,Escolarizado,https://www.dgae.unam.mx/Licenciatura2025/resultados/2/21005005.html,120,3202,2854,88,125,100601,84,,No seleccionado,,Consultar
2025,2,Licenciatura 2025,210,21005005,PSICOLOGIA,FES ZARAGOZA,Escolarizado,https://www.dgae.unam.mx/Licenciatura2025/resultados/2/21005005.html,120,3202,2854,88,125,100648,42,,No seleccionado,,Consultar
2025,2,Licenciatura 2025,210,21005005,PSICOLOGIA,FES ZARAGOZA,Escolarizado,https://www.dgae.unam.mx/Licenciatura2025/resultados/2/21005005.html,120,3202,2854,88,125,100662,77,,No seleccionado,,Consultar
2025,2,Licenciatura 2025,210,21005005,PSICOLOGIA,FES ZARAGOZA,Escolarizado,https://www.dgae.unam.mx/Licenciatura2025/resultados/2/21005005.html,120,3202,2854,88,125,100664,37,,No seleccionado,,Consultar
2025,2,Licenciatura 2025,210,21005005,PSICOLOGIA,FES ZARAGOZA,Escolarizado,https://www.dgae.unam.mx/Licenciatura2025/resultados/2/21005005.html,120,3202,2854,88,125,100669,68,,No seleccionado,,Consultar
2025,2,Licenciatura 2025,210,21005005,PSICOLOGIA,FES ZARAGOZA,Escolarizado,https://www.dgae.unam.mx/Licenciatura2025/resultados/2/21005005.html,120,3202,2854,88,125,100681,37,,No seleccionado,,Consultar
2025,2,Licenciatura 2025,210,21005005,PSICOLOGIA,FES ZARAGOZA,Escolarizado,https://www.dgae.unam.mx/Licenciatura2025/resultados/2/21005005.html,120,3202,2854,88,125,100706,37,,No seleccionado,,Consultar
2025,2,Licenciatura 2025,210,21005005,PSICOLOGIA,FES ZARAGOZA,Escolarizado,https://www.dgae.unam.mx/Licenciatura2025/resultados/2/21005005.html,120,3202,2854,88,125,100707,59,,No seleccionado,,Consultar
2025,2,Licenciatura 2025,210,21005005,PSICOLOGIA,FES ZARAGOZA,Escolarizado,https://www.dgae.unam.mx/Licenciatura2025/resultados/2/21005005.html,120,3202,2854,88,125,100719,40,,No seleccionado,,Consultar
2025,2,Licenciatura 2025,210,21005005,PSICOLOGIA,FES ZARAGOZA,Escolarizado,https://www.dgae.unam.mx/Licenciatura2025/resultados/2/21005005.html,120,3202,2854,88,125,100720,33,,No seleccionado,,Consultar
2025,2,Licenciatura 2025,210,21005005,PSICOLOGIA,FES ZARAGOZA,Escolarizado,https://www.dgae.unam.mx/Licenciatura2025/resultados/2/21005005.html,120,3202,2854,88,125,100753,43,,No seleccionado,,Consultar
2025,2,Licenciatura 2025,210,21005005,PSICOLOGIA,FES ZARAGOZA,Escolarizado,https://www.dgae.unam.mx/Licenciatura2025/resultados/2/21005005.html,120,3202,2854,88,125,100754,36,,No seleccionado,,Consultar
2025,2,Licenciatura 2025,210,21005005,PSICOLOGIA,FES ZARAGOZA,Escolarizado,https://www.dgae.unam.mx/Licenciatura2025/resultados/2/21005005.html,120,3202,2854,88,125,100803,59,,No seleccionado,,Consultar
2025,2,Licenciatura 2025,210,21005005,PSICOLOGIA,FES ZARAGOZA,Escolarizado,https://www.dgae.unam.mx/Licenciatura2025/resultados/2/21005005.html,120,3202,2854,88,125,100814,43,,No seleccionado,,Consultar
2025,2,Licenciatura 2025,210,21005005,PSICOLOGIA,FES ZARAGOZA,Escolarizado,https://www.dgae.unam.mx/Licenciatura2025/resultados/2/21005005.html,120,3202,2854,88,125,100836,34,,No seleccionado,,Consultar
2025,2,Licenciatura 2025,210,21005005,PSICOLOGIA,FES ZARAGOZA,Escolarizado,https://www.dgae.unam.mx/Licenciatura2025/resultados/2/21005005.html,120,3202,2854,88,125,100839,75,,No seleccionado,,Consultar
2025,2,Licenciatura 2025,210,21005005,PSICOLOGIA,FES ZARAGOZA,Escolarizado,https://www.dgae.unam.mx/Licenciatura2025/resultados/2/21005005.html,120,3202,2854,88,125,100840,103,S,Seleccionado,,Consultar
2025,2,Licenciatura 2025,210,21005005,PSICOLOGIA,FES ZARAGOZA,Escolarizado,https://www.dgae.unam.mx/Licenciatura2025/resultados/2/21005005.html,120,3202,2854,88,125,100851,44,,No seleccionado,,Consultar
2025,2,Licenciatura 2025,210,21005005,PSICOLOGIA,FES ZARAGOZA,Escolarizado,https://www.dgae.unam.mx/Licenciatura2025/resultados/2/21005005.html,120,3202,2854,88,125,100859,92,S,Seleccionado,Cita para entregar documentación.,Consultar
2025,2,Licenciatura 2025,210,21005005,PSICOLOGIA,FES ZARAGOZA,Escolarizado,https://www.dgae.unam.mx/Licenciatura2025/resultados/2/21005005.html,120,3202,2854,88,125,100865,56,,No seleccionado,,Consultar
2025,2,Licenciatura 2025,210,21005005,PSICOLOGIA,FES ZARAGOZA,Escolarizado,https://www.dgae.unam.mx/Licenciatura2025/resultados/2/21005005.html,120,3202,2854,88,125,100868,30,,No seleccionado,,Consultar
2025,2,Licenciatura 2025,210,21005005,PSICOLOGIA,FES ZARAGOZA,Escolarizado,https://www.dgae.unam.mx/Licenciatura2025/resultados/2/21005005.html,120,3202,2854,88,125,100876,,N,No presentado,,Consultar
2025,2,Licenciatura 2025,210,21005005,PSICOLOGIA,FES ZARAGOZA,Escolarizado,https://www.dgae.unam.mx/Licenciatura2025/resultados/2/21005005.html,120,3202,2854,88,125,100880,35,,No seleccionado,,Consultar
2025,2,Licenciatura 2025,210,21005005,PSICOLOGIA,FES ZARAGOZA,Escolarizado,https://www.dgae.unam.mx/Licenciatura2025/resultados/2/21005005.html,120,3202,2854,88,125,100882,56,,No seleccionado,,Consultar
2025,2,Licenciatura 2025,210,21005005,PSICOLOGIA,FES ZARAGOZA,Escolarizado,https://www.dgae.unam.mx/Licenciatura2025/resultados/2/21005005.html,120,3202,2854,88,125,100906,49,,No seleccionado,,Consultar
2025,2,Licenciatura 2025,210,21005005,PSICOLOGIA,FES ZARAGOZA,Escolarizado,https://www.dgae.unam.mx/Licenciatura2025/resultados/2/21005005.html,120,3202,2854,88,125,100927,38,,No seleccionado,,Consultar
2025,2,Licenciatura 2025,210,21005005,PSICOLOGIA,FES ZARAGOZA,Escolarizado,https://www.dgae.unam.mx/Licenciatura2025/resultados/2/21005005.html,120,3202,2854,88,125,100942,63,,No seleccionado,,Consultar
2025,2,Licenciatura 2025,210,21005005,PSICOLOGIA,FES ZARAGOZA,Escolarizado,https://www.dgae.unam.mx/Licenciatura2025/resultados/2/21005005.html,120,3202,2854,88,125,100958,41,,No seleccionado,,Consultar
2025,2,Licenciatura 2025,210,21005005,PSICOLOGIA,FES ZARAGOZA,Escolarizado,https://www.dgae.unam.mx/Licenciatura2025/resultados/2/21005005.html,120,3202,2854,88,125,100966,21,,No seleccionado,,Consultar
2025,2,Licenciatura 2025,210,21005005,PSICOLOGIA,FES ZARAGOZA,Escolarizado,https://www.dgae.unam.mx/Licenciatura2025/resultados/2/21005005.html,120,3202,2854,88,125,101000,46,,No seleccionado,,Consultar
2025,2,Licenciatura 2025,210,21005005,PSICOLOGIA,FES ZARAGOZA,Escolarizado,https://www.dgae.unam.mx/Licenciatura2025/resultados/2/21005005.html,120,3202,2854,88,125,101006,87,,No seleccionado,,Consultar
2025,2,Licenciatura 2025,210,21005005,PSICOLOGIA,FES ZARAGOZA,Escolarizado,https://www.dgae.unam.mx/Licenciatura2025/resultados/2/21005005.html,120,3202,2854,88,125,101047,53,,No seleccionado,,Consultar
2025,2,Licenciatura 2025,210,21005005,PSICOLOGIA,FES ZARAGOZA,Escolarizado,https://www.dgae.unam.mx/Licenciatura2025/resultados/2/21005005.html,120,3202,2854,88,125,101077,,N,No presentado,,Consultar
2025,2,Licenciatura 2025,210,21005005,PSICOLOGIA,FES ZARAGOZA,Escolarizado,https://www.dgae.unam.mx/Licenciatura2025/resultados/2/21005005.html,120,3202,2854,88,125,101144,,N,No presentado,,Consultar
2025,2,Licenciatura 2025,210,21005005,PSICOLOGIA,FES ZARAGOZA,Escolarizado,https://www.dgae.unam.mx/Licenciatura2025/resultados/2/21005005.html,120,3202,2854,88,125,101150,56,,No seleccionado,,Consultar
2025,2,Licenciatura 2025,210,21005005,PSICOLOGIA,FES ZARAGOZA,Escolarizado,https://www.dgae.unam.mx/Licenciatura2025/resultados/2/21005005.html,120,3202,2854,88,125,101152,46,,No seleccionado,,Consultar
2025,2,Licenciatura 2025,210,21005005,PSICOLOGIA,FES ZARAGOZA,Escolarizado,https://www.dgae.unam.mx/Licenciatura2025/resultados/2/21005005.html,120,3202,2854,88,125,101156,52,,No seleccionado,,Consultar
2025,2,Licenciatura 2025,210,21005005,PSICOLOGIA,FES ZARAGOZA,Escolarizado,https://www.dgae.unam.mx/Licenciatura2025/resultados/2/21005005.html,120,3202,2854,88,125,101158,47,,No seleccionado,,Consultar
2025,2,Licenciatura 2025,210,21005005,PSICOLOGIA,FES ZARAGOZA,Escolarizado,https://www.dgae.unam.mx/Licenciatura2025/resultados/2/21005005.html,120,3202,2854,88,125,101159,59,,No seleccionado,,Consultar
2025,2,Licenciatura 2025,210,21005005,PSICOLOGIA,FES ZARAGOZA,Escolarizado,https://www.dgae.unam.mx/Licenciatura2025/resultados/2/21005005.html,120,3202,2854,88,125,101173,45,,No seleccionado,,Consultar
2025,2,Licenciatura 2025,210,21005005,PSICOLOGIA,FES ZARAGOZA,Escolarizado,https://www.dgae.unam.mx/Licenciatura2025/resultados/2/21005005.html,120,3202,2854,88,125,101198,39,,No seleccionado,,Consultar
2025,2,Licenciatura 2025,210,21005005,PSICOLOGIA,FES ZARAGOZA,Escolarizado,https://www.dgae.unam.mx/Licenciatura2025/resultados/2/21005005.html,120,3202,2854,88,125,101201,60,,No seleccionado,,Consultar
2025,2,Licenciatura 2025,210,21005005,PSICOLOGIA,FES ZARAGOZA,Escolarizado,https://www.dgae.unam.mx/Licenciatura2025/resultados/2/21005005.html,120,3202,2854,88,125,101227,48,,No seleccionado,,Consultar
2025,2,Licenciatura 2025,210,21005005,PSICOLOGIA,FES ZARAGOZA,Escolarizado,https://www.dgae.unam.mx/Licenciatura2025/resultados/2/21005005.html,120,3202,2854,88,125,101238,78,,No seleccionado,,Consultar
2025,2,Licenciatura 2025,210,21005005,PSICOLOGIA,FES ZARAGOZA,Escolarizado,https://www.dgae.unam.mx/Licenciatura2025/resultados/2/21005005.html,120,3202,2854,88,125,101241,51,,No seleccionado,,Consultar
2025,2,Licenciatura 2025,210,21005005,PSICOLOGIA,FES ZARAGOZA,Escolarizado,https://www.dgae.unam.mx/Licenciatura2025/resultados/2/21005005.html,120,3202,2854,88,125,101248,47,,No seleccionado,,Consultar
2025,2,Licenciatura 2025,210,21005005,PSICOLOGIA,FES ZARAGOZA,Escolarizado,https://www.dgae.unam.mx/Licenciatura2025/resultados/2/21005005.html,120,3202,2854,88,125,101261,39,,No seleccionado,,Consultar
2025,2,Licenciatura 2025,210,21005005,PSICOLOGIA,FES ZARAGOZA,Escolarizado,https://www.dgae.unam.mx/Licenciatura2025/resultados/2/21005005.html,120,3202,2854,88,125,101266,44,,No seleccionado,,Consultar
2025,2,Licenciatura 2025,210,21005005,PSICOLOGIA,FES ZARAGOZA,Escolarizado,https://www.dgae.unam.mx/Licenciatura2025/resultados/2/21005005.html,120,3202,2854,88,125,101267,,N,No presentado,,Consultar
2025,2,Licenciatura 2025,210,21005005,PSICOLOGIA,FES ZARAGOZA,Escolarizado,https://www.dgae.unam.mx/Licenciatura2025/resultados/2/21005005.html,120,3202,2854,88,125,101280,34,,No seleccionado,,Consultar
2025,2,Licenciatura 2025,210,21005005,PSICOLOGIA,FES ZARAGOZA,Escolarizado,https://www.dgae.unam.mx/Licenciatura2025/resultados/2/21005005.html,120,3202,2854,88,125,101284,74,,No seleccionado,,Consultar
2025,2,Licenciatura 2025,210,21005005,PSICOLOGIA,FES ZARAGOZA,Escolarizado,https://www.dgae.unam.mx/Licenciatura2025/resultados/2/21005005.html,120,3202,2854,88,125,101319,35,,No seleccionado,,Consultar
2025,2,Licenciatura 2025,210,21005005,PSICOLOGIA,FES ZARAGOZA,Escolarizado,https://www.dgae.unam.mx/Licenciatura2025/resultados/2/21005005.html,120,3202,2854,88,125,101320,35,,No seleccionado,,Consultar
2025,2,Licenciatura 2025,210,21005005,PSICOLOGIA,FES ZARAGOZA,Escolarizado,https://www.dgae.unam.mx/Licenciatura2025/resultados/2/21005005.html,120,3202,2854,88,125,101332,36,,No seleccionado,,Consultar
2025,2,Licenciatura 2025,210,21005005,PSICOLOGIA,FES ZARAGOZA,Escolarizado,https://www.dgae.unam.mx/Licenciatura2025/resultados/2/21005005.html,120,3202,2854,88,125,101341,50,,No seleccionado,,Consultar
2025,2,Licenciatura 2025,210,21005005,PSICOLOGIA,FES ZARAGOZA,Escolarizado,https://www.dgae.unam.mx/Licenciatura2025/resultados/2/21005005.html,120,3202,2854,88,125,101344,66,,No seleccionado,,Consultar
2025,2,Licenciatura 2025,210,21005005,PSICOLOGIA,FES ZARAGOZA,Escolarizado,https://www.dgae.unam.mx/Licenciatura2025/resultados/2/21005005.html,120,3202,2854,88,125,101358,41,,No seleccionado,,Consultar
2025,2,Licenciatura 2025,210,21005005,PSICOLOGIA,FES ZARAGOZA,Escolarizado,https://www.dgae.unam.mx/Licenciatura2025/resultados/2/21005005.html,120,3202,2854,88,125,101366,,N,No presentado,,Consultar
2025,2,Licenciatura 2025,210,21005005,PSICOLOGIA,FES ZARAGOZA,Escolarizado,https://www.dgae.unam.mx/Licenciatura2025/resultados/2/21005005.html,120,3202,2854,88,125,101376,56,,No seleccionado,,Consultar
2025,2,Licenciatura 2025,210,21005005,PSICOLOGIA,FES ZARAGOZA,Escolarizado,https://www.dgae.unam.mx/Licenciatura2025/resultados/2/21005005.html,120,3202,2854,88,125,101384,59,,No seleccionado,,Consultar
2025,2,Licenciatura 2025,210,21005005,PSICOLOGIA,FES ZARAGOZA,Escolarizado,https://www.dgae.unam.mx/Licenciatura2025/resultados/2/21005005.html,120,3202,2854,88,125,101392,44,,No seleccionado,,Consultar
2025,2,Licenciatura 2025,210,21005005,PSICOLOGIA,FES ZARAGOZA,Escolarizado,https://www.dgae.unam.mx/Licenciatura2025/resultados/2/21005005.html,120,3202,2854,88,125,101410,65,,No seleccionado,,Consultar
2025,2,Licenciatura 2025,210,21005005,PSICOLOGIA,FES ZARAGOZA,Escolarizado,https://www.dgae.unam.mx/Licenciatura2025/resultados/2/21005005.html,120,3202,2854,88,125,101413,29,,No seleccionado,,Consultar
2025,2,Licenciatura 2025,210,21005005,PSICOLOGIA,FES ZARAGOZA,Escolarizado,https://www.dgae.unam.mx/Licenciatura2025/resultados/2/21005005.html,120,3202,2854,88,125,101420,,N,No presentado,,Consultar
2025,2,Licenciatura 2025,210,21005005,PSICOLOGIA,FES ZARAGOZA,Escolarizado,https://www.dgae.unam.mx/Licenciatura2025/resultados/2/21005005.html,120,3202,2854,88,125,101452,64,,No seleccionado,,Consultar
2025,2,Licenciatura 2025,210,21005005,PSICOLOGIA,FES ZARAGOZA,Escolarizado,https://www.dgae.unam.mx/Licenciatura2025/resultados/2/21005005.html,120,3202,2854,88,125,101464,60,,No seleccionado,,Consultar
2025,2,Licenciatura 2025,210,21005005,PSICOLOGIA,FES ZARAGOZA,Escolarizado,https://www.dgae.unam.mx/Licenciatura2025/resultados/2/21005005.html,120,3202,2854,88,125,101477,58,,No seleccionado,,Consultar
2025,2,Licenciatura 2025,210,21005005,PSICOLOGIA,FES ZARAGOZA,Escolarizado,https://www.dgae.unam.mx/Licenciatura2025/resultados/2/21005005.html,120,3202,2854,88,125,101483,46,,No seleccionado,,Consultar
2025,2,Licenciatura 2025,210,21005005,PSICOLOGIA,FES ZARAGOZA,Escolarizado,https://www.dgae.unam.mx/Licenciatura2025/resultados/2/21005005.html,120,3202,2854,88,125,101499,39,,No seleccionado,,Consultar
2025,2,Licenciatura 2025,210,21005005,PSICOLOGIA,FES ZARAGOZA,Escolarizado,https://www.dgae.unam.mx/Licenciatura2025/resultados/2/21005005.html,120,3202,2854,88,125,101500,64,,No seleccionado,,Consultar
2025,2,Licenciatura 2025,210,21005005,PSICOLOGIA,FES ZARAGOZA,Escolarizado,https://www.dgae.unam.mx/Licenciatura2025/resultados/2/21005005.html,120,3202,2854,88,125,101537,32,,No seleccionado,,Consultar
2025,2,Licenciatura 2025,210,21005005,PSICOLOGIA,FES ZARAGOZA,Escolarizado,https://www.dgae.unam.mx/Licenciatura2025/resultados/2/21005005.html,120,3202,2854,88,125,101543,59,,No seleccionado,,Consultar
2025,2,Licenciatura 2025,210,21005005,PSICOLOGIA,FES ZARAGOZA,Escolarizado,https://www.dgae.unam.mx/Licenciatura2025/resultados/2/21005005.html,120,3202,2854,88,125,101566,39,,No seleccionado,,Consultar
2025,2,Licenciatura 2025,210,21005005,PSICOLOGIA,FES ZARAGOZA,Escolarizado,https://www.dgae.unam.mx/Licenciatura2025/resultados/2/21005005.html,120,3202,2854,88,125,101567,43,,No seleccionado,,Consultar
2025,2,Licenciatura 2025,210,21005005,PSICOLOGIA,FES ZARAGOZA,Escolarizado,https://www.dgae.unam.mx/Licenciatura2025/resultados/2/21005005.html,120,3202,2854,88,125,101580,46,,No seleccionado,,Consultar
2025,2,Licenciatura 2025,210,21005005,PSICOLOGIA,FES ZARAGOZA,Escolarizado,https://www.dgae.unam.mx/Licenciatura2025/resultados/2/21005005.html,120,3202,2854,88,125,101593,56,,No seleccionado,,Consultar
2025,2,Licenciatura 2025,210,21005005,PSICOLOGIA,FES ZARAGOZA,Escolarizado,https://www.dgae.unam.mx/Licenciatura2025/resultados/2/21005005.html,120,3202,2854,88,125,101635,96,S,Seleccionado,Cita para entregar documentación.,Consultar
2025,2,Licenciatura 2025,210,21005005,PSICOLOGIA,FES ZARAGOZA,Escolarizado,https://www.dgae.unam.mx/Licenciatura2025/resultados/2/21005005.html,120,3202,2854,88,125,101643,77,,No seleccionado,,Consultar
2025,2,Licenciatura 2025,210,21005005,PSICOLOGIA,FES ZARAGOZA,Escolarizado,https://www.dgae.unam.mx/Licenciatura2025/resultados/2/21005005.html,120,3202,2854,88,125,101659,67,,No seleccionado,,Consultar
2025,2,Licenciatura 2025,210,21005005,PSICOLOGIA,FES ZARAGOZA,Escolarizado,https://www.dgae.unam.mx/Licenciatura2025/resultados/2/21005005.html,120,3202,2854,88,125,101682,42,,No seleccionado,,Consultar
2025,2,Licenciatura 2025,210,21005005,PSICOLOGIA,FES ZARAGOZA,Escolarizado,https://www.dgae.unam.mx/Licenciatura2025/resultados/2/21005005.html,120,3202,2854,88,125,101690,55,,No seleccionado,,Consultar
2025,2,Licenciatura 2025,210,21005005,PSICOLOGIA,FES ZARAGOZA,Escolarizado,https://www.dgae.unam.mx/Licenciatura2025/resultados/2/21005005.html,120,3202,2854,88,125,101702,34,,No seleccionado,,Consultar
2025,2,Licenciatura 2025,210,21005005,PSICOLOGIA,FES ZARAGOZA,Escolarizado,https://www.dgae.unam.mx/Licenciatura2025/resultados/2/21005005.html,120,3202,2854,88,125,101708,88,S,Seleccionado,Cita para entregar documentación.,Consultar
2025,2,Licenciatura 2025,210,21005005,PSICOLOGIA,FES ZARAGOZA,Escolarizado,https://www.dgae.unam.mx/Licenciatura2025/resultados/2/21005005.html,120,3202,2854,88,125,101711,74,,No seleccionado,,Consultar
2025,2,Licenciatura 2025,210,21005005,PSICOLOGIA,FES ZARAGOZA,Escolarizado,https://www.dgae.unam.mx/Licenciatura2025/resultados/2/21005005.html,120,3202,2854,88,125,101716,59,,No seleccionado,,Consultar
2025,2,Licenciatura 2025,210,21005005,PSICOLOGIA,FES ZARAGOZA,Escolarizado,https://www.dgae.unam.mx/Licenciatura2025/resultados/2/21005005.html,120,3202,2854,88,125,101720,25,,No seleccionado,,Consultar
2025,2,Licenciatura 2025,210,21005005,PSICOLOGIA,FES ZARAGOZA,Escolarizado,https://www.dgae.unam.mx/Licenciatura2025/resultados/2/21005005.html,120,3202,2854,88,125,101751,41,,No seleccionado,,Consultar
2025,2,Licenciatura 2025,210,21005005,PSICOLOGIA,FES ZARAGOZA,Escolarizado,https://www.dgae.unam.mx/Licenciatura2025/resultados/2/21005005.html,120,3202,2854,88,125,101754,50,,No seleccionado,,Consultar
2025,2,Licenciatura 2025,210,21005005,PSICOLOGIA,FES ZARAGOZA,Escolarizado,https://www.dgae.unam.mx/Licenciatura2025/resultados/2/21005005.html,120,3202,2854,88,125,101803,46,,No seleccionado,,Consultar
2025,2,Licenciatura 2025,210,21005005,PSICOLOGIA,FES ZARAGOZA,Escolarizado,https://www.dgae.unam.mx/Licenciatura2025/resultados/2/21005005.html,120,3202,2854,88,125,101808,46,,No seleccionado,,Consultar
2025,2,Licenciatura 2025,210,21005005,PSICOLOGIA,FES ZARAGOZA,Escolarizado,https://www.dgae.unam.mx/Licenciatura2025/resultados/2/21005005.html,120,3202,2854,88,125,101829,,N,No presentado,,Consultar
2025,2,Licenciatura 2025,210,21005005,PSICOLOGIA,FES ZARAGOZA,Escolarizado,https://www.dgae.unam.mx/Licenciatura2025/resultados/2/21005005.html,120,3202,2854,88,125,101832,38,,No seleccionado,,Consultar
2025,2,Licenciatura 2025,210,21005005,PSICOLOGIA,FES ZARAGOZA,Escolarizado,https://www.dgae.unam.mx/Licenciatura2025/resultados/2/21005005.html,120,3202,2854,88,125,101837,35,,No seleccionado,,Consultar
2025,2,Licenciatura 2025,210,21005005,PSICOLOGIA,FES ZARAGOZA,Escolarizado,https://www.dgae.unam.mx/Licenciatura2025/resultados/2/21005005.html,120,3202,2854,88,125,101842,,N,No presentado,,Consultar
2025,2,Licenciatura 2025,210,21005005,PSICOLOGIA,FES ZARAGOZA,Escolarizado,https://www.dgae.unam.mx/Licenciatura2025/resultados/2/21005005.html,120,3202,2854,88,125,101865,32,,No seleccionado,,Consultar
2025,2,Licenciatura 2025,210,21005005,PSICOLOGIA,FES ZARAGOZA,Escolarizado,https://www.dgae.unam.mx/Licenciatura2025/resultados/2/21005005.html,120,3202,2854,88,125,101885,65,,No seleccionado,,Consultar
2025,2,Licenciatura 2025,210,21005005,PSICOLOGIA,FES ZARAGOZA,Escolarizado,https://www.dgae.unam.mx/Licenciatura2025/resultados/2/21005005.html,120,3202,2854,88,125,101899,,N,No presentado,,Consultar
2025,2,Licenciatura 2025,210,21005005,PSICOLOGIA,FES ZARAGOZA,Escolarizado,https://www.dgae.unam.mx/Licenciatura2025/resultados/2/21005005.html,120,3202,2854,88,125,101901,,N,No presentado,,Consultar
2025,2,Licenciatura 2025,210,21005005,PSICOLOGIA,FES ZARAGOZA,Escolarizado,https://www.dgae.unam.mx/Licenciatura2025/resultados/2/21005005.html,120,3202,2854,88,125,101918,74,,No seleccionado,,Consultar
2025,2,Licenciatura 2025,210,21005005,PSICOLOGIA,FES ZARAGOZA,Escolarizado,https://www.dgae.unam.mx/Licenciatura2025/resultados/2/21005005.html,120,3202,2854,88,125,101933,94,S,Seleccionado,Cita para entregar documentación.,Consultar
2025,2,Licenciatura 2025,210,21005005,PSICOLOGIA,FES ZARAGOZA,Escolarizado,https://www.dgae.unam.mx/Licenciatura2025/resultados/2/21005005.html,120,3202,2854,88,125,101946,39,,No seleccionado,,Consultar
2025,2,Licenciatura 2025,210,21005005,PSICOLOGIA,FES ZARAGOZA,Escolarizado,https://www.dgae.unam.mx/Licenciatura2025/resultados/2/21005005.html,120,3202,2854,88,125,101950,51,,No seleccionado,,Consultar
2025,2,Licenciatura 2025,210,21005005,PSICOLOGIA,FES ZARAGOZA,Escolarizado,https://www.dgae.unam.mx/Licenciatura2025/resultados/2/21005005.html,120,3202,2854,88,125,101970,43,,No seleccionado,,Consultar
2025,2,Licenciatura 2025,210,21005005,PSICOLOGIA,FES ZARAGOZA,Escolarizado,https://www.dgae.unam.mx/Licenciatura2025/resultados/2/21005005.html,120,3202,2854,88,125,102022,44,,No seleccionado,,Consultar
2025,2,Licenciatura 2025,210,21005005,PSICOLOGIA,FES ZARAGOZA,Escolarizado,https://www.dgae.unam.mx/Licenciatura2025/resultados/2/21005005.html,120,3202,2854,88,125,102071,104,S,Seleccionado,Cita para entregar documentación.,Consultar
2025,2,Licenciatura 2025,210,21005005,PSICOLOGIA,FES ZARAGOZA,Escolarizado,https://www.dgae.unam.mx/Licenciatura2025/resultados/2/21005005.html,120,3202,2854,88,125,102073,49,,No seleccionado,,Consultar
2025,2,Licenciatura 2025,210,21005005,PSICOLOGIA,FES ZARAGOZA,Escolarizado,https://www.dgae.unam.mx/Licenciatura2025/resultados/2/21005005.html,120,3202,2854,88,125,102078,63,,No seleccionado,,Consultar
2025,2,Licenciatura 2025,210,21005005,PSICOLOGIA,FES ZARAGOZA,Escolarizado,https://www.dgae.unam.mx/Licenciatura2025/resultados/2/21005005.html,120,3202,2854,88,125,102087,,N,No presentado,,Consultar
2025,2,Licenciatura 2025,210,21005005,PSICOLOGIA,FES ZARAGOZA,Escolarizado,https://www.dgae.unam.mx/Licenciatura2025/resultados/2/21005005.html,120,3202,2854,88,125,102124,48,,No seleccionado,,Consultar
2025,2,Licenciatura 2025,210,21005005,PSICOLOGIA,FES ZARAGOZA,Escolarizado,https://www.dgae.unam.mx/Licenciatura2025/resultados/2/21005005.html,120,3202,2854,88,125,102142,,N,No presentado,,Consultar
2025,2,Licenciatura 2025,210,21005005,PSICOLOGIA,FES ZARAGOZA,Escolarizado,https://www.dgae.unam.mx/Licenciatura2025/resultados/2/21005005.html,120,3202,2854,88,125,102166,54,,No seleccionado,,Consultar
2025,2,Licenciatura 2025,210,21005005,PSICOLOGIA,FES ZARAGOZA,Escolarizado,https://www.dgae.unam.mx/Licenciatura2025/resultados/2/21005005.html,120,3202,2854,88,125,102177,83,,No seleccionado,,Consultar
2025,2,Licenciatura 2025,210,21005005,PSICOLOGIA,FES ZARAGOZA,Escolarizado,https://www.dgae.unam.mx/Licenciatura2025/resultados/2/21005005.html,120,3202,2854,88,125,102196,,N,No presentado,,Consultar
2025,2,Licenciatura 2025,210,21005005,PSICOLOGIA,FES ZARAGOZA,Escolarizado,https://www.dgae.unam.mx/Licenciatura2025/resultados/2/21005005.html,120,3202,2854,88,125,102197,100,S,Seleccionado,Cita para entregar documentación.,Consultar
2025,2,Licenciatura 2025,210,21005005,PSICOLOGIA,FES ZARAGOZA,Escolarizado,https://www.dgae.unam.mx/Licenciatura2025/resultados/2/21005005.html,120,3202,2854,88,125,102225,,N,No presentado,,Consultar
2025,2,Licenciatura 2025,210,21005005,PSICOLOGIA,FES ZARAGOZA,Escolarizado,https://www.dgae.unam.mx/Licenciatura2025/resultados/2/21005005.html,120,3202,2854,88,125,102228,59,,No seleccionado,,Consultar
2025,2,Licenciatura 2025,210,21005005,PSICOLOGIA,FES ZARAGOZA,Escolarizado,https://www.dgae.unam.mx/Licenciatura2025/resultados/2/21005005.html,120,3202,2854,88,125,102232,42,,No seleccionado,,Consultar
2025,2,Licenciatura 2025,210,21005005,PSICOLOGIA,FES ZARAGOZA,Escolarizado,https://www.dgae.unam.mx/Licenciatura2025/resultados/2/21005005.html,120,3202,2854,88,125,102258,33,,No seleccionado,,Consultar
2025,2,Licenciatura 2025,210,21005005,PSICOLOGIA,FES ZARAGOZA,Escolarizado,https://www.dgae.unam.mx/Licenciatura2025/resultados/2/21005005.html,120,3202,2854,88,125,102262,59,,No seleccionado,,Consultar
2025,2,Licenciatura 2025,210,21005005,PSICOLOGIA,FES ZARAGOZA,Escolarizado,https://www.dgae.unam.mx/Licenciatura2025/resultados/2/21005005.html,120,3202,2854,88,125,102362,38,,No seleccionado,,Consultar
2025,2,Licenciatura 2025,210,21005005,PSICOLOGIA,FES ZARAGOZA,Escolarizado,https://www.dgae.unam.mx/Licenciatura2025/resultados/2/21005005.html,120,3202,2854,88,125,102383,41,,No seleccionado,,Consultar
2025,2,Licenciatura 2025,210,21005005,PSICOLOGIA,FES ZARAGOZA,Escolarizado,https://www.dgae.unam.mx/Licenciatura2025/resultados/2/21005005.html,120,3202,2854,88,125,102394,30,,No seleccionado,,Consultar
2025,2,Licenciatura 2025,210,21005005,PSICOLOGIA,FES ZARAGOZA,Escolarizado,https://www.dgae.unam.mx/Licenciatura2025/resultados/2/21005005.html,120,3202,2854,88,125,102399,65,,No seleccionado,,Consultar
2025,2,Licenciatura 2025,210,21005005,PSICOLOGIA,FES ZARAGOZA,Escolarizado,https://www.dgae.unam.mx/Licenciatura2025/resultados/2/21005005.html,120,3202,2854,88,125,102410,68,,No seleccionado,,Consultar
2025,2,Licenciatura 2025,210,21005005,PSICOLOGIA,FES ZARAGOZA,Escolarizado,https://www.dgae.unam.mx/Licenciatura2025/resultados/2/21005005.html,120,3202,2854,88,125,102422,68,,No seleccionado,,Consultar
2025,2,Licenciatura 2025,210,21005005,PSICOLOGIA,FES ZARAGOZA,Escolarizado,https://www.dgae.unam.mx/Licenciatura2025/resultados/2/21005005.html,120,3202,2854,88,125,102438,52,,No seleccionado,,Consultar
2025,2,Licenciatura 2025,210,21005005,PSICOLOGIA,FES ZARAGOZA,Escolarizado,https://www.dgae.unam.mx/Licenciatura2025/resultados/2/21005005.html,120,3202,2854,88,125,102452,31,,No seleccionado,,Consultar
2025,2,Licenciatura 2025,210,21005005,PSICOLOGIA,FES ZARAGOZA,Escolarizado,https://www.dgae.unam.mx/Licenciatura2025/resultados/2/21005005.html,120,3202,2854,88,125,102453,61,,No seleccionado,,Consultar
2025,2,Licenciatura 2025,210,21005005,PSICOLOGIA,FES ZARAGOZA,Escolarizado,https://www.dgae.unam.mx/Licenciatura2025/resultados/2/21005005.html,120,3202,2854,88,125,102454,93,S,Seleccionado,Cita para entregar documentación.,Consultar
2025,2,Licenciatura 2025,210,21005005,PSICOLOGIA,FES ZARAGOZA,Escolarizado,https://www.dgae.unam.mx/Licenciatura2025/resultados/2/21005005.html,120,3202,2854,88,125,102487,59,,No seleccionado,,Consultar
2025,2,Licenciatura 2025,210,21005005,PSICOLOGIA,FES ZARAGOZA,Escolarizado,https://www.dgae.unam.mx/Licenciatura2025/resultados/2/21005005.html,120,3202,2854,88,125,102560,61,,No seleccionado,,Consultar
2025,2,Licenciatura 2025,210,21005005,PSICOLOGIA,FES ZARAGOZA,Escolarizado,https://www.dgae.unam.mx/Licenciatura2025/resultados/2/21005005.html,120,3202,2854,88,125,102575,60,,No seleccionado,,Consultar
2025,2,Licenciatura 2025,210,21005005,PSICOLOGIA,FES ZARAGOZA,Escolarizado,https://www.dgae.unam.mx/Licenciatura2025/resultados/2/21005005.html,120,3202,2854,88,125,102593,34,,No seleccionado,,Consultar
2025,2,Licenciatura 2025,210,21005005,PSICOLOGIA,FES ZARAGOZA,Escolarizado,https://www.dgae.unam.mx/Licenciatura2025/resultados/2/21005005.html,120,3202,2854,88,125,102602,39,,No seleccionado,,Consultar
2025,2,Licenciatura 2025,210,21005005,PSICOLOGIA,FES ZARAGOZA,Escolarizado,https://www.dgae.unam.mx/Licenciatura2025/resultados/2/21005005.html,120,3202,2854,88,125,102607,82,,No seleccionado,,Consultar
2025,2,Licenciatura 2025,210,21005005,PSICOLOGIA,FES ZARAGOZA,Escolarizado,https://www.dgae.unam.mx/Licenciatura2025/resultados/2/21005005.html,120,3202,2854,88,125,102643,33,,No seleccionado,,Consultar
2025,2,Licenciatura 2025,210,21005005,PSICOLOGIA,FES ZARAGOZA,Escolarizado,https://www.dgae.unam.mx/Licenciatura2025/resultados/2/21005005.html,120,3202,2854,88,125,102663,39,,No seleccionado,,Consultar
2025,2,Licenciatura 2025,210,21005005,PSICOLOGIA,FES ZARAGOZA,Escolarizado,https://www.dgae.unam.mx/Licenciatura2025/resultados/2/21005005.html,120,3202,2854,88,125,102691,37,,No seleccionado,,Consultar
2025,2,Licenciatura 2025,210,21005005,PSICOLOGIA,FES ZARAGOZA,Escolarizado,https://www.dgae.unam.mx/Licenciatura2025/resultados/2/21005005.html,120,3202,2854,88,125,102695,32,,No seleccionado,,Consultar
2025,2,Licenciatura 2025,210,21005005,PSICOLOGIA,FES ZARAGOZA,Escolarizado,https://www.dgae.unam.mx/Licenciatura2025/resultados/2/21005005.html,120,3202,2854,88,125,102712,71,,No seleccionado,,Consultar
2025,2,Licenciatura 2025,210,21005005,PSICOLOGIA,FES ZARAGOZA,Escolarizado,https://www.dgae.unam.mx/Licenciatura2025/resultados/2/21005005.html,120,3202,2854,88,125,102716,74,,No seleccionado,,Consultar
2025,2,Licenciatura 2025,210,21005005,PSICOLOGIA,FES ZARAGOZA,Escolarizado,https://www.dgae.unam.mx/Licenciatura2025/resultados/2/21005005.html,120,3202,2854,88,125,102749,49,,No seleccionado,,Consultar
2025,2,Licenciatura 2025,210,21005005,PSICOLOGIA,FES ZARAGOZA,Escolarizado,https://www.dgae.unam.mx/Licenciatura2025/resultados/2/21005005.html,120,3202,2854,88,125,102778,38,,No seleccionado,,Consultar
2025,2,Licenciatura 2025,210,21005005,PSICOLOGIA,FES ZARAGOZA,Escolarizado,https://www.dgae.unam.mx/Licenciatura2025/resultados/2/21005005.html,120,3202,2854,88,125,102785,47,,No seleccionado,,Consultar
2025,2,Licenciatura 2025,210,21005005,PSICOLOGIA,FES ZARAGOZA,Escolarizado,https://www.dgae.unam.mx/Licenciatura2025/resultados/2/21005005.html,120,3202,2854,88,125,102786,45,,No seleccionado,,Consultar
2025,2,Licenciatura 2025,210,21005005,PSICOLOGIA,FES ZARAGOZA,Escolarizado,https://www.dgae.unam.mx/Licenciatura2025/resultados/2/21005005.html,120,3202,2854,88,125,102806,37,,No seleccionado,,Consultar
2025,2,Licenciatura 2025,210,21005005,PSICOLOGIA,FES ZARAGOZA,Escolarizado,https://www.dgae.unam.mx/Licenciatura2025/resultados/2/21005005.html,120,3202,2854,88,125,102821,81,,No seleccionado,,Consultar
2025,2,Licenciatura 2025,210,21005005,PSICOLOGIA,FES ZARAGOZA,Escolarizado,https://www.dgae.unam.mx/Licenciatura2025/resultados/2/21005005.html,120,3202,2854,88,125,102822,63,,No seleccionado,,Consultar
2025,2,Licenciatura 2025,210,21005005,PSICOLOGIA,FES ZARAGOZA,Escolarizado,https://www.dgae.unam.mx/Licenciatura2025/resultados/2/21005005.html,120,3202,2854,88,125,102834,33,,No seleccionado,,Consultar
2025,2,Licenciatura 2025,210,21005005,PSICOLOGIA,FES ZARAGOZA,Escolarizado,https://www.dgae.unam.mx/Licenciatura2025/resultados/2/21005005.html,120,3202,2854,88,125,102862,27,,No seleccionado,,Consultar
2025,2,Licenciatura 2025,210,21005005,PSICOLOGIA,FES ZARAGOZA,Escolarizado,https://www.dgae.unam.mx/Licenciatura2025/resultados/2/21005005.html,120,3202,2854,88,125,102873,53,,No seleccionado,,Consultar
2025,2,Licenciatura 2025,210,21005005,PSICOLOGIA,FES ZARAGOZA,Escolarizado,https://www.dgae.unam.mx/Licenciatura2025/resultados/2/21005005.html,120,3202,2854,88,125,102924,33,,No seleccionado,,Consultar
2025,2,Licenciatura 2025,210,21005005,PSICOLOGIA,FES ZARAGOZA,Escolarizado,https://www.dgae.unam.mx/Licenciatura2025/resultados/2/21005005.html,120,3202,2854,88,125,102936,28,,No seleccionado,,Consultar
2025,2,Licenciatura 2025,210,21005005,PSICOLOGIA,FES ZARAGOZA,Escolarizado,https://www.dgae.unam.mx/Licenciatura2025/resultados/2/21005005.html,120,3202,2854,88,125,102972,55,,No seleccionado,,Consultar
2025,2,Licenciatura 2025,210,21005005,PSICOLOGIA,FES ZARAGOZA,Escolarizado,https://www.dgae.unam.mx/Licenciatura2025/resultados/2/21005005.html,120,3202,2854,88,125,102988,82,,No seleccionado,,Consultar
2025,2,Licenciatura 2025,210,21005005,PSICOLOGIA,FES ZARAGOZA,Escolarizado,https://www.dgae.unam.mx/Licenciatura2025/resultados/2/21005005.html,120,3202,2854,88,125,103040,39,,No seleccionado,,Consultar
2025,2,Licenciatura 2025,210,21005005,PSICOLOGIA,FES ZARAGOZA,Escolarizado,https://www.dgae.unam.mx/Licenciatura2025/resultados/2/21005005.html,120,3202,2854,88,125,103086,45,,No seleccionado,,Consultar
2025,2,Licenciatura 2025,210,21005005,PSICOLOGIA,FES ZARAGOZA,Escolarizado,https://www.dgae.unam.mx/Licenciatura2025/resultados/2/21005005.html,120,3202,2854,88,125,103100,67,,No seleccionado,,Consultar
2025,2,Licenciatura 2025,210,21005005,PSICOLOGIA,FES ZARAGOZA,Escolarizado,https://www.dgae.unam.mx/Licenciatura2025/resultados/2/21005005.html,120,3202,2854,88,125,103103,36,,No seleccionado,,Consultar
2025,2,Licenciatura 2025,210,21005005,PSICOLOGIA,FES ZARAGOZA,Escolarizado,https://www.dgae.unam.mx/Licenciatura2025/resultados/2/21005005.html,120,3202,2854,88,125,103110,,N,No presentado,,Consultar
2025,2,Licenciatura 2025,210,21005005,PSICOLOGIA,FES ZARAGOZA,Escolarizado,https://www.dgae.unam.mx/Licenciatura2025/resultados/2/21005005.html,120,3202,2854,88,125,103111,53,,No seleccionado,,Consultar
2025,2,Licenciatura 2025,210,21005005,PSICOLOGIA,FES ZARAGOZA,Escolarizado,https://www.dgae.unam.mx/Licenciatura2025/resultados/2/21005005.html,120,3202,2854,88,125,103118,39,,No seleccionado,,Consultar
2025,2,Licenciatura 2025,210,21005005,PSICOLOGIA,FES ZARAGOZA,Escolarizado,https://www.dgae.unam.mx/Licenciatura2025/resultados/2/21005005.html,120,3202,2854,88,125,103294,80,,No seleccionado,,Consultar
2025,2,Licenciatura 2025,210,21005005,PSICOLOGIA,FES ZARAGOZA,Escolarizado,https://www.dgae.unam.mx/Licenciatura2025/resultados/2/21005005.html,120,3202,2854,88,125,103297,52,,No seleccionado,,Consultar
2025,2,Licenciatura 2025,210,21005005,PSICOLOGIA,FES ZARAGOZA,Escolarizado,https://www.dgae.unam.mx/Licenciatura2025/resultados/2/21005005.html,120,3202,2854,88,125,103398,46,,No seleccionado,,Consultar
2025,2,Licenciatura 2025,210,21005005,PSICOLOGIA,FES ZARAGOZA,Escolarizado,https://www.dgae.unam.mx/Licenciatura2025/resultados/2/21005005.html,120,3202,2854,88,125,103403,78,,No seleccionado,,Consultar
2025,2,Licenciatura 2025,210,21005005,PSICOLOGIA,FES ZARAGOZA,Escolarizado,https://www.dgae.unam.mx/Licenciatura2025/resultados/2/21005005.html,120,3202,2854,88,125,103416,36,,No seleccionado,,Consultar
2025,2,Licenciatura 2025,210,21005005,PSICOLOGIA,FES ZARAGOZA,Escolarizado,https://www.dgae.unam.mx/Licenciatura2025/resultados/2/21005005.html,120,3202,2854,88,125,103481,72,,No seleccionado,,Consultar
2025,2,Licenciatura 2025,210,21005005,PSICOLOGIA,FES ZARAGOZA,Escolarizado,https://www.dgae.unam.mx/Licenciatura2025/resultados/2/21005005.html,120,3202,2854,88,125,103494,35,,No seleccionado,,Consultar
2025,2,Licenciatura 2025,210,21005005,PSICOLOGIA,FES ZARAGOZA,Escolarizado,https://www.dgae.unam.mx/Licenciatura2025/resultados/2/21005005.html,120,3202,2854,88,125,103516,49,,No seleccionado,,Consultar
2025,2,Licenciatura 2025,210,21005005,PSICOLOGIA,FES ZARAGOZA,Escolarizado,https://www.dgae.unam.mx/Licenciatura2025/resultados/2/21005005.html,120,3202,2854,88,125,103653,,N,No presentado,,Consultar
2025,2,Licenciatura 2025,210,21005005,PSICOLOGIA,FES ZARAGOZA,Escolarizado,https://www.dgae.unam.mx/Licenciatura2025/resultados/2/21005005.html,120,3202,2854,88,125,103665,94,S,Seleccionado,Cita para entregar documentación.,Consultar
2025,2,Licenciatura 2025,210,21005005,PSICOLOGIA,FES ZARAGOZA,Escolarizado,https://www.dgae.unam.mx/Licenciatura2025/resultados/2/21005005.html,120,3202,2854,88,125,103677,53,,No seleccionado,,Consultar
2025,2,Licenciatura 2025,210,21005005,PSICOLOGIA,FES ZARAGOZA,Escolarizado,https://www.dgae.unam.mx/Licenciatura2025/resultados/2/21005005.html,120,3202,2854,88,125,103714,42,,No seleccionado,,Consultar
2025,2,Licenciatura 2025,210,21005005,PSICOLOGIA,FES ZARAGOZA,Escolarizado,https://www.dgae.unam.mx/Licenciatura2025/resultados/2/21005005.html,120,3202,2854,88,125,103766,40,,No seleccionado,,Consultar
2025,2,Licenciatura 2025,210,21005005,PSICOLOGIA,FES ZARAGOZA,Escolarizado,https://www.dgae.unam.mx/Licenciatura2025/resultados/2/21005005.html,120,3202,2854,88,125,103776,41,,No seleccionado,,Consultar
2025,2,Licenciatura 2025,210,21005005,PSICOLOGIA,FES ZARAGOZA,Escolarizado,https://www.dgae.unam.mx/Licenciatura2025/resultados/2/21005005.html,120,3202,2854,88,125,103791,100,S,Seleccionado,,Consultar
2025,2,Licenciatura 2025,210,21005005,PSICOLOGIA,FES ZARAGOZA,Escolarizado,https://www.dgae.unam.mx/Licenciatura2025/resultados/2/21005005.html,120,3202,2854,88,125,103794,,N,No presentado,,Consultar
2025,2,Licenciatura 2025,210,21005005,PSICOLOGIA,FES ZARAGOZA,Escolarizado,https://www.dgae.unam.mx/Licenciatura2025/resultados/2/21005005.html,120,3202,2854,88,125,103857,52,,No seleccionado,,Consultar
2025,2,Licenciatura 2025,210,21005005,PSICOLOGIA,FES ZARAGOZA,Escolarizado,https://www.dgae.unam.mx/Licenciatura2025/resultados/2/21005005.html,120,3202,2854,88,125,103912,,N,No presentado,,Consultar
2025,2,Licenciatura 2025,210,21005005,PSICOLOGIA,FES ZARAGOZA,Escolarizado,https://www.dgae.unam.mx/Licenciatura2025/resultados/2/21005005.html,120,3202,2854,88,125,103937,45,,No seleccionado,,Consultar
2025,2,Licenciatura 2025,210,21005005,PSICOLOGIA,FES ZARAGOZA,Escolarizado,https://www.dgae.unam.mx/Licenciatura2025/resultados/2/21005005.html,120,3202,2854,88,125,104005,41,,No seleccionado,,Consultar
2025,2,Licenciatura 2025,210,21005005,PSICOLOGIA,FES ZARAGOZA,Escolarizado,https://www.dgae.unam.mx/Licenciatura2025/resultados/2/21005005.html,120,3202,2854,88,125,104159,54,,No seleccionado,,Consultar
2025,2,Licenciatura 2025,210,21005005,PSICOLOGIA,FES ZARAGOZA,Escolarizado,https://www.dgae.unam.mx/Licenciatura2025/resultados/2/21005005.html,120,3202,2854,88,125,104170,66,,No seleccionado,,Consultar
2025,2,Licenciatura 2025,210,21005005,PSICOLOGIA,FES ZARAGOZA,Escolarizado,https://www.dgae.unam.mx/Licenciatura2025/resultados/2/21005005.html,120,3202,2854,88,125,104264,62,,No seleccionado,,Consultar
2025,2,Licenciatura 2025,210,21005005,PSICOLOGIA,FES ZARAGOZA,Escolarizado,https://www.dgae.unam.mx/Licenciatura2025/resultados/2/21005005.html,120,3202,2854,88,125,104268,23,,No seleccionado,,Consultar
2025,2,Licenciatura 2025,210,21005005,PSICOLOGIA,FES ZARAGOZA,Escolarizado,https://www.dgae.unam.mx/Licenciatura2025/resultados/2/21005005.html,120,3202,2854,88,125,104460,78,,No seleccionado,,Consultar
2025,2,Licenciatura 2025,210,21005005,PSICOLOGIA,FES ZARAGOZA,Escolarizado,https://www.dgae.unam.mx/Licenciatura2025/resultados/2/21005005.html,120,3202,2854,88,125,104570,75,,No seleccionado,,Consultar
2025,2,Licenciatura 2025,210,21005005,PSICOLOGIA,FES ZARAGOZA,Escolarizado,https://www.dgae.unam.mx/Licenciatura2025/resultados/2/21005005.html,120,3202,2854,88,125,104748,64,,No seleccionado,,Consultar
2025,2,Licenciatura 2025,210,21005005,PSICOLOGIA,FES ZARAGOZA,Escolarizado,https://www.dgae.unam.mx/Licenciatura2025/resultados/2/21005005.html,120,3202,2854,88,125,104788,71,,No seleccionado,,Consultar
2025,2,Licenciatura 2025,210,21005005,PSICOLOGIA,FES ZARAGOZA,Escolarizado,https://www.dgae.unam.mx/Licenciatura2025/resultados/2/21005005.html,120,3202,2854,88,125,104847,57,,No seleccionado,,Consultar
2025,2,Licenciatura 2025,210,21005005,PSICOLOGIA,FES ZARAGOZA,Escolarizado,https://www.dgae.unam.mx/Licenciatura2025/resultados/2/21005005.html,120,3202,2854,88,125,104993,104,S,Seleccionado,Cita para entregar documentación.,Consultar
2025,2,Licenciatura 2025,210,21005005,PSICOLOGIA,FES ZARAGOZA,Escolarizado,https://www.dgae.unam.mx/Licenciatura2025/resultados/2/21005005.html,120,3202,2854,88,125,105106,32,,No seleccionado,,Consultar
2025,2,Licenciatura 2025,210,21005005,PSICOLOGIA,FES ZARAGOZA,Escolarizado,https://www.dgae.unam.mx/Licenciatura2025/resultados/2/21005005.html,120,3202,2854,88,125,105418,,N,No presentado,,Consultar
2025,2,Licenciatura 2025,210,21005005,PSICOLOGIA,FES ZARAGOZA,Escolarizado,https://www.dgae.unam.mx/Licenciatura2025/resultados/2/21005005.html,120,3202,2854,88,125,105477,33,,No seleccionado,,Consultar
2025,2,Licenciatura 2025,210,21005005,PSICOLOGIA,FES ZARAGOZA,Escolarizado,https://www.dgae.unam.mx/Licenciatura2025/resultados/2/21005005.html,120,3202,2854,88,125,105611,86,,No seleccionado,,Consultar
2025,2,Licenciatura 2025,210,21005005,PSICOLOGIA,FES ZARAGOZA,Escolarizado,https://www.dgae.unam.mx/Licenciatura2025/resultados/2/21005005.html,120,3202,2854,88,125,105646,39,,No seleccionado,,Consultar
2025,2,Licenciatura 2025,210,21005005,PSICOLOGIA,FES ZARAGOZA,Escolarizado,https://www.dgae.unam.mx/Licenciatura2025/resultados/2/21005005.html,120,3202,2854,88,125,105693,40,,No seleccionado,,Consultar
2025,2,Licenciatura 2025,210,21005005,PSICOLOGIA,FES ZARAGOZA,Escolarizado,https://www.dgae.unam.mx/Licenciatura2025/resultados/2/21005005.html,120,3202,2854,88,125,105717,34,,No seleccionado,,Consultar
2025,2,Licenciatura 2025,210,21005005,PSICOLOGIA,FES ZARAGOZA,Escolarizado,https://www.dgae.unam.mx/Licenciatura2025/resultados/2/21005005.html,120,3202,2854,88,125,105727,,N,No presentado,,Consultar
2025,2,Licenciatura 2025,210,21005005,PSICOLOGIA,FES ZARAGOZA,Escolarizado,https://www.dgae.unam.mx/Licenciatura2025/resultados/2/21005005.html,120,3202,2854,88,125,105810,46,,No seleccionado,,Consultar
2025,2,Licenciatura 2025,210,21005005,PSICOLOGIA,FES ZARAGOZA,Escolarizado,https://www.dgae.unam.mx/Licenciatura2025/resultados/2/21005005.html,120,3202,2854,88,125,106039,,N,No presentado,,Consultar
2025,2,Licenciatura 2025,210,21005005,PSICOLOGIA,FES ZARAGOZA,Escolarizado,https://www.dgae.unam.mx/Licenciatura2025/resultados/2/21005005.html,120,3202,2854,88,125,106069,65,,No seleccionado,,Consultar
2025,2,Licenciatura 2025,210,21005005,PSICOLOGIA,FES ZARAGOZA,Escolarizado,https://www.dgae.unam.mx/Licenciatura2025/resultados/2/21005005.html,120,3202,2854,88,125,106150,71,,No seleccionado,,Consultar
2025,2,Licenciatura 2025,210,21005005,PSICOLOGIA,FES ZARAGOZA,Escolarizado,https://www.dgae.unam.mx/Licenciatura2025/resultados/2/21005005.html,120,3202,2854,88,125,106168,34,,No seleccionado,,Consultar
2025,2,Licenciatura 2025,210,21005005,PSICOLOGIA,FES ZARAGOZA,Escolarizado,https://www.dgae.unam.mx/Licenciatura2025/resultados/2/21005005.html,120,3202,2854,88,125,106348,37,,No seleccionado,,Consultar
2025,2,Licenciatura 2025,210,21005005,PSICOLOGIA,FES ZARAGOZA,Escolarizado,https://www.dgae.unam.mx/Licenciatura2025/resultados/2/21005005.html,120,3202,2854,88,125,106446,31,,No seleccionado,,Consultar
2025,2,Licenciatura 2025,210,21005005,PSICOLOGIA,FES ZARAGOZA,Escolarizado,https://www.dgae.unam.mx/Licenciatura2025/resultados/2/21005005.html,120,3202,2854,88,125,106578,46,,No seleccionado,,Consultar
2025,2,Licenciatura 2025,210,21005005,PSICOLOGIA,FES ZARAGOZA,Escolarizado,https://www.dgae.unam.mx/Licenciatura2025/resultados/2/21005005.html,120,3202,2854,88,125,106740,33,,No seleccionado,,Consultar
2025,2,Licenciatura 2025,210,21005005,PSICOLOGIA,FES ZARAGOZA,Escolarizado,https://www.dgae.unam.mx/Licenciatura2025/resultados/2/21005005.html,120,3202,2854,88,125,106881,105,S,Seleccionado,,Consultar
2025,2,Licenciatura 2025,210,21005005,PSICOLOGIA,FES ZARAGOZA,Escolarizado,https://www.dgae.unam.mx/Licenciatura2025/resultados/2/21005005.html,120,3202,2854,88,125,106914,57,,No seleccionado,,Consultar
2025,2,Licenciatura 2025,210,21005005,PSICOLOGIA,FES ZARAGOZA,Escolarizado,https://www.dgae.unam.mx/Licenciatura2025/resultados/2/21005005.html,120,3202,2854,88,125,106975,60,,No seleccionado,,Consultar
2025,2,Licenciatura 2025,210,21005005,PSICOLOGIA,FES ZARAGOZA,Escolarizado,https://www.dgae.unam.mx/Licenciatura2025/resultados/2/21005005.html,120,3202,2854,88,125,106976,58,,No seleccionado,,Consultar
2025,2,Licenciatura 2025,210,21005005,PSICOLOGIA,FES ZARAGOZA,Escolarizado,https://www.dgae.unam.mx/Licenciatura2025/resultados/2/21005005.html,120,3202,2854,88,125,107004,46,,No seleccionado,,Consultar
2025,2,Licenciatura 2025,210,21005005,PSICOLOGIA,FES ZARAGOZA,Escolarizado,https://www.dgae.unam.mx/Licenciatura2025/resultados/2/21005005.html,120,3202,2854,88,125,107008,,N,No presentado,,Consultar
2025,2,Licenciatura 2025,210,21005005,PSICOLOGIA,FES ZARAGOZA,Escolarizado,https://www.dgae.unam.mx/Licenciatura2025/resultados/2/21005005.html,120,3202,2854,88,125,107049,45,,No seleccionado,,Consultar
2025,2,Licenciatura 2025,210,21005005,PSICOLOGIA,FES ZARAGOZA,Escolarizado,https://www.dgae.unam.mx/Licenciatura2025/resultados/2/21005005.html,120,3202,2854,88,125,107090,43,,No seleccionado,,Consultar
2025,2,Licenciatura 2025,210,21005005,PSICOLOGIA,FES ZARAGOZA,Escolarizado,https://www.dgae.unam.mx/Licenciatura2025/resultados/2/21005005.html,120,3202,2854,88,125,107116,29,,No seleccionado,,Consultar
2025,2,Licenciatura 2025,210,21005005,PSICOLOGIA,FES ZARAGOZA,Escolarizado,https://www.dgae.unam.mx/Licenciatura2025/resultados/2/21005005.html,120,3202,2854,88,125,107138,38,,No seleccionado,,Consultar
2025,2,Licenciatura 2025,210,21005005,PSICOLOGIA,FES ZARAGOZA,Escolarizado,https://www.dgae.unam.mx/Licenciatura2025/resultados/2/21005005.html,120,3202,2854,88,125,107237,35,,No seleccionado,,Consultar
2025,2,Licenciatura 2025,210,21005005,PSICOLOGIA,FES ZARAGOZA,Escolarizado,https://www.dgae.unam.mx/Licenciatura2025/resultados/2/21005005.html,120,3202,2854,88,125,107255,48,,No seleccionado,,Consultar
2025,2,Licenciatura 2025,210,21005005,PSICOLOGIA,FES ZARAGOZA,Escolarizado,https://www.dgae.unam.mx/Licenciatura2025/resultados/2/21005005.html,120,3202,2854,88,125,107262,,N,No presentado,,Consultar
2025,2,Licenciatura 2025,210,21005005,PSICOLOGIA,FES ZARAGOZA,Escolarizado,https://www.dgae.unam.mx/Licenciatura2025/resultados/2/21005005.html,120,3202,2854,88,125,107267,107,S,Seleccionado,Cita para entregar documentación.,Consultar
2025,2,Licenciatura 2025,210,21005005,PSICOLOGIA,FES ZARAGOZA,Escolarizado,https://www.dgae.unam.mx/Licenciatura2025/resultados/2/21005005.html,120,3202,2854,88,125,107284,43,,No seleccionado,,Consultar
2025,2,Licenciatura 2025,210,21005005,PSICOLOGIA,FES ZARAGOZA,Escolarizado,https://www.dgae.unam.mx/Licenciatura2025/resultados/2/21005005.html,120,3202,2854,88,125,107298,39,,No seleccionado,,Consultar
2025,2,Licenciatura 2025,210,21005005,PSICOLOGIA,FES ZARAGOZA,Escolarizado,https://www.dgae.unam.mx/Licenciatura2025/resultados/2/21005005.html,120,3202,2854,88,125,107302,55,,No seleccionado,,Consultar
2025,2,Licenciatura 2025,210,21005005,PSICOLOGIA,FES ZARAGOZA,Escolarizado,https://www.dgae.unam.mx/Licenciatura2025/resultados/2/21005005.html,120,3202,2854,88,125,107305,34,,No seleccionado,,Consultar
2025,2,Licenciatura 2025,210,21005005,PSICOLOGIA,FES ZARAGOZA,Escolarizado,https://www.dgae.unam.mx/Licenciatura2025/resultados/2/21005005.html,120,3202,2854,88,125,107308,36,,No seleccionado,,Consultar
2025,2,Licenciatura 2025,210,21005005,PSICOLOGIA,FES ZARAGOZA,Escolarizado,https://www.dgae.unam.mx/Licenciatura2025/resultados/2/21005005.html,120,3202,2854,88,125,107328,59,,No seleccionado,,Consultar
2025,2,Licenciatura 2025,210,21005005,PSICOLOGIA,FES ZARAGOZA,Escolarizado,https://www.dgae.unam.mx/Licenciatura2025/resultados/2/21005005.html,120,3202,2854,88,125,107338,37,,No seleccionado,,Consultar
2025,2,Licenciatura 2025,210,21005005,PSICOLOGIA,FES ZARAGOZA,Escolarizado,https://www.dgae.unam.mx/Licenciatura2025/resultados/2/21005005.html,120,3202,2854,88,125,107367,37,,No seleccionado,,Consultar
2025,2,Licenciatura 2025,210,21005005,PSICOLOGIA,FES ZARAGOZA,Escolarizado,https://www.dgae.unam.mx/Licenciatura2025/resultados/2/21005005.html,120,3202,2854,88,125,107368,47,,No seleccionado,,Consultar
2025,2,Licenciatura 2025,210,21005005,PSICOLOGIA,FES ZARAGOZA,Escolarizado,https://www.dgae.unam.mx/Licenciatura2025/resultados/2/21005005.html,120,3202,2854,88,125,107596,73,,No seleccionado,,Consultar
2025,2,Licenciatura 2025,210,21005005,PSICOLOGIA,FES ZARAGOZA,Escolarizado,https://www.dgae.unam.mx/Licenciatura2025/resultados/2/21005005.html,120,3202,2854,88,125,107597,60,,No seleccionado,,Consultar
2025,2,Licenciatura 2025,210,21005005,PSICOLOGIA,FES ZARAGOZA,Escolarizado,https://www.dgae.unam.mx/Licenciatura2025/resultados/2/21005005.html,120,3202,2854,88,125,107603,32,,No seleccionado,,Consultar
2025,2,Licenciatura 2025,210,21005005,PSICOLOGIA,FES ZARAGOZA,Escolarizado,https://www.dgae.unam.mx/Licenciatura2025/resultados/2/21005005.html,120,3202,2854,88,125,107610,44,,No seleccionado,,Consultar
2025,2,Licenciatura 2025,210,21005005,PSICOLOGIA,FES ZARAGOZA,Escolarizado,https://www.dgae.unam.mx/Licenciatura2025/resultados/2/21005005.html,120,3202,2854,88,125,107611,32,,No seleccionado,,Consultar
2025,2,Licenciatura 2025,210,21005005,PSICOLOGIA,FES ZARAGOZA,Escolarizado,https://www.dgae.unam.mx/Licenciatura2025/resultados/2/21005005.html,120,3202,2854,88,125,107619,40,,No seleccionado,,Consultar
2025,2,Licenciatura 2025,210,21005005,PSICOLOGIA,FES ZARAGOZA,Escolarizado,https://www.dgae.unam.mx/Licenciatura2025/resultados/2/21005005.html,120,3202,2854,88,125,107640,28,,No seleccionado,,Consultar
2025,2,Licenciatura 2025,210,21005005,PSICOLOGIA,FES ZARAGOZA,Escolarizado,https://www.dgae.unam.mx/Licenciatura2025/resultados/2/21005005.html,120,3202,2854,88,125,107643,,N,No presentado,,Consultar
2025,2,Licenciatura 2025,210,21005005,PSICOLOGIA,FES ZARAGOZA,Escolarizado,https://www.dgae.unam.mx/Licenciatura2025/resultados/2/21005005.html,120,3202,2854,88,125,107645,40,,No seleccionado,,Consultar
2025,2,Licenciatura 2025,210,21005005,PSICOLOGIA,FES ZARAGOZA,Escolarizado,https://www.dgae.unam.mx/Licenciatura2025/resultados/2/21005005.html,120,3202,2854,88,125,107691,57,,No seleccionado,,Consultar
2025,2,Licenciatura 2025,210,21005005,PSICOLOGIA,FES ZARAGOZA,Escolarizado,https://www.dgae.unam.mx/Licenciatura2025/resultados/2/21005005.html,120,3202,2854,88,125,107696,108,S,Seleccionado,,Consultar
2025,2,Licenciatura 2025,210,21005005,PSICOLOGIA,FES ZARAGOZA,Escolarizado,https://www.dgae.unam.mx/Licenciatura2025/resultados/2/21005005.html,120,3202,2854,88,125,107697,46,,No seleccionado,,Consultar
2025,2,Licenciatura 2025,210,21005005,PSICOLOGIA,FES ZARAGOZA,Escolarizado,https://www.dgae.unam.mx/Licenciatura2025/resultados/2/21005005.html,120,3202,2854,88,125,107709,45,,No seleccionado,,Consultar
2025,2,Licenciatura 2025,210,21005005,PSICOLOGIA,FES ZARAGOZA,Escolarizado,https://www.dgae.unam.mx/Licenciatura2025/resultados/2/21005005.html,120,3202,2854,88,125,107719,38,,No seleccionado,,Consultar
2025,2,Licenciatura 2025,210,21005005,PSICOLOGIA,FES ZARAGOZA,Escolarizado,https://www.dgae.unam.mx/Licenciatura2025/resultados/2/21005005.html,120,3202,2854,88,125,107768,62,,No seleccionado,,Consultar
2025,2,Licenciatura 2025,210,21005005,PSICOLOGIA,FES ZARAGOZA,Escolarizado,https://www.dgae.unam.mx/Licenciatura2025/resultados/2/21005005.html,120,3202,2854,88,125,107774,62,,No seleccionado,,Consultar
2025,2,Licenciatura 2025,210,21005005,PSICOLOGIA,FES ZARAGOZA,Escolarizado,https://www.dgae.unam.mx/Licenciatura2025/resultados/2/21005005.html,120,3202,2854,88,125,107788,47,,No seleccionado,,Consultar
2025,2,Licenciatura 2025,210,21005005,PSICOLOGIA,FES ZARAGOZA,Escolarizado,https://www.dgae.unam.mx/Licenciatura2025/resultados/2/21005005.html,120,3202,2854,88,125,107805,,N,No presentado,,Consultar
2025,2,Licenciatura 2025,210,21005005,PSICOLOGIA,FES ZARAGOZA,Escolarizado,https://www.dgae.unam.mx/Licenciatura2025/resultados/2/21005005.html,120,3202,2854,88,125,107839,58,,No seleccionado,,Consultar
2025,2,Licenciatura 2025,210,21005005,PSICOLOGIA,FES ZARAGOZA,Escolarizado,https://www.dgae.unam.mx/Licenciatura2025/resultados/2/21005005.html,120,3202,2854,88,125,107848,34,,No seleccionado,,Consultar
2025,2,Licenciatura 2025,210,21005005,PSICOLOGIA,FES ZARAGOZA,Escolarizado,https://www.dgae.unam.mx/Licenciatura2025/resultados/2/21005005.html,120,3202,2854,88,125,107857,,N,No presentado,,Consultar
2025,2,Licenciatura 2025,210,21005005,PSICOLOGIA,FES ZARAGOZA,Escolarizado,https://www.dgae.unam.mx/Licenciatura2025/resultados/2/21005005.html,120,3202,2854,88,125,107859,,N,No presentado,,Consultar
2025,2,Licenciatura 2025,210,21005005,PSICOLOGIA,FES ZARAGOZA,Escolarizado,https://www.dgae.unam.mx/Licenciatura2025/resultados/2/21005005.html,120,3202,2854,88,125,107866,93,S,Seleccionado,Cita para entregar documentación.,Consultar
2025,2,Licenciatura 2025,210,21005005,PSICOLOGIA,FES ZARAGOZA,Escolarizado,https://www.dgae.unam.mx/Licenciatura2025/resultados/2/21005005.html,120,3202,2854,88,125,107877,49,,No seleccionado,,Consultar
2025,2,Licenciatura 2025,210,21005005,PSICOLOGIA,FES ZARAGOZA,Escolarizado,https://www.dgae.unam.mx/Licenciatura2025/resultados/2/21005005.html,120,3202,2854,88,125,107887,82,,No seleccionado,,Consultar
2025,2,Licenciatura 2025,210,21005005,PSICOLOGIA,FES ZARAGOZA,Escolarizado,https://www.dgae.unam.mx/Licenciatura2025/resultados/2/21005005.html,120,3202,2854,88,125,107889,75,,No seleccionado,,Consultar
2025,2,Licenciatura 2025,210,21005005,PSICOLOGIA,FES ZARAGOZA,Escolarizado,https://www.dgae.unam.mx/Licenciatura2025/resultados/2/21005005.html,120,3202,2854,88,125,107909,46,,No seleccionado,,Consultar
2025,2,Licenciatura 2025,210,21005005,PSICOLOGIA,FES ZARAGOZA,Escolarizado,https://www.dgae.unam.mx/Licenciatura2025/resultados/2/21005005.html,120,3202,2854,88,125,107912,50,,No seleccionado,,Consultar
2025,2,Licenciatura 2025,210,21005005,PSICOLOGIA,FES ZARAGOZA,Escolarizado,https://www.dgae.unam.mx/Licenciatura2025/resultados/2/21005005.html,120,3202,2854,88,125,107928,55,,No seleccionado,,Consultar
2025,2,Licenciatura 2025,210,21005005,PSICOLOGIA,FES ZARAGOZA,Escolarizado,https://www.dgae.unam.mx/Licenciatura2025/resultados/2/21005005.html,120,3202,2854,88,125,107976,,N,No presentado,,Consultar
2025,2,Licenciatura 2025,210,21005005,PSICOLOGIA,FES ZARAGOZA,Escolarizado,https://www.dgae.unam.mx/Licenciatura2025/resultados/2/21005005.html,120,3202,2854,88,125,107979,,N,No presentado,,Consultar
2025,2,Licenciatura 2025,210,21005005,PSICOLOGIA,FES ZARAGOZA,Escolarizado,https://www.dgae.unam.mx/Licenciatura2025/resultados/2/21005005.html,120,3202,2854,88,125,107982,79,,No seleccionado,,Consultar
2025,2,Licenciatura 2025,210,21005005,PSICOLOGIA,FES ZARAGOZA,Escolarizado,https://www.dgae.unam.mx/Licenciatura2025/resultados/2/21005005.html,120,3202,2854,88,125,108053,38,,No seleccionado,,Consultar
2025,2,Licenciatura 2025,210,21005005,PSICOLOGIA,FES ZARAGOZA,Escolarizado,https://www.dgae.unam.mx/Licenciatura2025/resultados/2/21005005.html,120,3202,2854,88,125,108065,56,,No seleccionado,,Consultar
2025,2,Licenciatura 2025,210,21005005,PSICOLOGIA,FES ZARAGOZA,Escolarizado,https://www.dgae.unam.mx/Licenciatura2025/resultados/2/21005005.html,120,3202,2854,88,125,108070,41,,No seleccionado,,Consultar
2025,2,Licenciatura 2025,210,21005005,PSICOLOGIA,FES ZARAGOZA,Escolarizado,https://www.dgae.unam.mx/Licenciatura2025/resultados/2/21005005.html,120,3202,2854,88,125,108087,34,,No seleccionado,,Consultar
2025,2,Licenciatura 2025,210,21005005,PSICOLOGIA,FES ZARAGOZA,Escolarizado,https://www.dgae.unam.mx/Licenciatura2025/resultados/2/21005005.html,120,3202,2854,88,125,108102,52,,No seleccionado,,Consultar
2025,2,Licenciatura 2025,210,21005005,PSICOLOGIA,FES ZARAGOZA,Escolarizado,https://www.dgae.unam.mx/Licenciatura2025/resultados/2/21005005.html,120,3202,2854,88,125,108125,79,,No seleccionado,,Consultar
2025,2,Licenciatura 2025,210,21005005,PSICOLOGIA,FES ZARAGOZA,Escolarizado,https://www.dgae.unam.mx/Licenciatura2025/resultados/2/21005005.html,120,3202,2854,88,125,108127,43,,No seleccionado,,Consultar
2025,2,Licenciatura 2025,210,21005005,PSICOLOGIA,FES ZARAGOZA,Escolarizado,https://www.dgae.unam.mx/Licenciatura2025/resultados/2/21005005.html,120,3202,2854,88,125,108135,51,,No seleccionado,,Consultar
2025,2,Licenciatura 2025,210,21005005,PSICOLOGIA,FES ZARAGOZA,Escolarizado,https://www.dgae.unam.mx/Licenciatura2025/resultados/2/21005005.html,120,3202,2854,88,125,108137,,N,No presentado,,Consultar
2025,2,Licenciatura 2025,210,21005005,PSICOLOGIA,FES ZARAGOZA,Escolarizado,https://www.dgae.unam.mx/Licenciatura2025/resultados/2/21005005.html,120,3202,2854,88,125,108139,83,,No seleccionado,,Consultar
2025,2,Licenciatura 2025,210,21005005,PSICOLOGIA,FES ZARAGOZA,Escolarizado,https://www.dgae.unam.mx/Licenciatura2025/resultados/2/21005005.html,120,3202,2854,88,125,108179,27,,No seleccionado,,Consultar
2025,2,Licenciatura 2025,210,21005005,PSICOLOGIA,FES ZARAGOZA,Escolarizado,https://www.dgae.unam.mx/Licenciatura2025/resultados/2/21005005.html,120,3202,2854,88,125,108186,86,,No seleccionado,,Consultar
2025,2,Licenciatura 2025,210,21005005,PSICOLOGIA,FES ZARAGOZA,Escolarizado,https://www.dgae.unam.mx/Licenciatura2025/resultados/2/21005005.html,120,3202,2854,88,125,108202,48,,No seleccionado,,Consultar
2025,2,Licenciatura 2025,210,21005005,PSICOLOGIA,FES ZARAGOZA,Escolarizado,https://www.dgae.unam.mx/Licenciatura2025/resultados/2/21005005.html,120,3202,2854,88,125,108205,36,,No seleccionado,,Consultar
2025,2,Licenciatura 2025,210,21005005,PSICOLOGIA,FES ZARAGOZA,Escolarizado,https://www.dgae.unam.mx/Licenciatura2025/resultados/2/21005005.html,120,3202,2854,88,125,108214,94,S,Seleccionado,Cita para entregar documentación.,Consultar
2025,2,Licenciatura 2025,210,21005005,PSICOLOGIA,FES ZARAGOZA,Escolarizado,https://www.dgae.unam.mx/Licenciatura2025/resultados/2/21005005.html,120,3202,2854,88,125,108228,39,,No seleccionado,,Consultar
2025,2,Licenciatura 2025,210,21005005,PSICOLOGIA,FES ZARAGOZA,Escolarizado,https://www.dgae.unam.mx/Licenciatura2025/resultados/2/21005005.html,120,3202,2854,88,125,108237,57,,No seleccionado,,Consultar
2025,2,Licenciatura 2025,210,21005005,PSICOLOGIA,FES ZARAGOZA,Escolarizado,https://www.dgae.unam.mx/Licenciatura2025/resultados/2/21005005.html,120,3202,2854,88,125,108272,53,,No seleccionado,,Consultar
2025,2,Licenciatura 2025,210,21005005,PSICOLOGIA,FES ZARAGOZA,Escolarizado,https://www.dgae.unam.mx/Licenciatura2025/resultados/2/21005005.html,120,3202,2854,88,125,108279,36,,No seleccionado,,Consultar
2025,2,Licenciatura 2025,210,21005005,PSICOLOGIA,FES ZARAGOZA,Escolarizado,https://www.dgae.unam.mx/Licenciatura2025/resultados/2/21005005.html,120,3202,2854,88,125,108372,38,,No seleccionado,,Consultar
2025,2,Licenciatura 2025,210,21005005,PSICOLOGIA,FES ZARAGOZA,Escolarizado,https://www.dgae.unam.mx/Licenciatura2025/resultados/2/21005005.html,120,3202,2854,88,125,108380,56,,No seleccionado,,Consultar
2025,2,Licenciatura 2025,210,21005005,PSICOLOGIA,FES ZARAGOZA,Escolarizado,https://www.dgae.unam.mx/Licenciatura2025/resultados/2/21005005.html,120,3202,2854,88,125,108404,95,S,Seleccionado,Cita para entregar documentación.,Consultar
2025,2,Licenciatura 2025,210,21005005,PSICOLOGIA,FES ZARAGOZA,Escolarizado,https://www.dgae.unam.mx/Licenciatura2025/resultados/2/21005005.html,120,3202,2854,88,125,108437,44,,No seleccionado,,Consultar
2025,2,Licenciatura 2025,210,21005005,PSICOLOGIA,FES ZARAGOZA,Escolarizado,https://www.dgae.unam.mx/Licenciatura2025/resultados/2/21005005.html,120,3202,2854,88,125,108446,,N,No presentado,,Consultar
2025,2,Licenciatura 2025,210,21005005,PSICOLOGIA,FES ZARAGOZA,Escolarizado,https://www.dgae.unam.mx/Licenciatura2025/resultados/2/21005005.html,120,3202,2854,88,125,108478,45,,No seleccionado,,Consultar
2025,2,Licenciatura 2025,210,21005005,PSICOLOGIA,FES ZARAGOZA,Escolarizado,https://www.dgae.unam.mx/Licenciatura2025/resultados/2/21005005.html,120,3202,2854,88,125,108500,43,,No seleccionado,,Consultar
2025,2,Licenciatura 2025,210,21005005,PSICOLOGIA,FES ZARAGOZA,Escolarizado,https://www.dgae.unam.mx/Licenciatura2025/resultados/2/21005005.html,120,3202,2854,88,125,108510,30,,No seleccionado,,Consultar
2025,2,Licenciatura 2025,210,21005005,PSICOLOGIA,FES ZARAGOZA,Escolarizado,https://www.dgae.unam.mx/Licenciatura2025/resultados/2/21005005.html,120,3202,2854,88,125,108526,38,,No seleccionado,,Consultar
2025,2,Licenciatura 2025,210,21005005,PSICOLOGIA,FES ZARAGOZA,Escolarizado,https://www.dgae.unam.mx/Licenciatura2025/resultados/2/21005005.html,120,3202,2854,88,125,108602,50,,No seleccionado,,Consultar
2025,2,Licenciatura 2025,210,21005005,PSICOLOGIA,FES ZARAGOZA,Escolarizado,https://www.dgae.unam.mx/Licenciatura2025/resultados/2/21005005.html,120,3202,2854,88,125,108635,40,,No seleccionado,,Consultar
2025,2,Licenciatura 2025,210,21005005,PSICOLOGIA,FES ZARAGOZA,Escolarizado,https://www.dgae.unam.mx/Licenciatura2025/resultados/2/21005005.html,120,3202,2854,88,125,108639,51,,No seleccionado,,Consultar
2025,2,Licenciatura 2025,210,21005005,PSICOLOGIA,FES ZARAGOZA,Escolarizado,https://www.dgae.unam.mx/Licenciatura2025/resultados/2/21005005.html,120,3202,2854,88,125,108668,,N,No presentado,,Consultar
2025,2,Licenciatura 2025,210,21005005,PSICOLOGIA,FES ZARAGOZA,Escolarizado,https://www.dgae.unam.mx/Licenciatura2025/resultados/2/21005005.html,120,3202,2854,88,125,108722,64,,No seleccionado,,Consultar
2025,2,Licenciatura 2025,210,21005005,PSICOLOGIA,FES ZARAGOZA,Escolarizado,https://www.dgae.unam.mx/Licenciatura2025/resultados/2/21005005.html,120,3202,2854,88,125,108738,60,,No seleccionado,,Consultar
2025,2,Licenciatura 2025,210,21005005,PSICOLOGIA,FES ZARAGOZA,Escolarizado,https://www.dgae.unam.mx/Licenciatura2025/resultados/2/21005005.html,120,3202,2854,88,125,108757,41,,No seleccionado,,Consultar
2025,2,Licenciatura 2025,210,21005005,PSICOLOGIA,FES ZARAGOZA,Escolarizado,https://www.dgae.unam.mx/Licenciatura2025/resultados/2/21005005.html,120,3202,2854,88,125,108780,,N,No presentado,,Consultar
2025,2,Licenciatura 2025,210,21005005,PSICOLOGIA,FES ZARAGOZA,Escolarizado,https://www.dgae.unam.mx/Licenciatura2025/resultados/2/21005005.html,120,3202,2854,88,125,108795,46,,No seleccionado,,Consultar
2025,2,Licenciatura 2025,210,21005005,PSICOLOGIA,FES ZARAGOZA,Escolarizado,https://www.dgae.unam.mx/Licenciatura2025/resultados/2/21005005.html,120,3202,2854,88,125,108804,39,,No seleccionado,,Consultar
2025,2,Licenciatura 2025,210,21005005,PSICOLOGIA,FES ZARAGOZA,Escolarizado,https://www.dgae.unam.mx/Licenciatura2025/resultados/2/21005005.html,120,3202,2854,88,125,108835,36,,No seleccionado,,Consultar
2025,2,Licenciatura 2025,210,21005005,PSICOLOGIA,FES ZARAGOZA,Escolarizado,https://www.dgae.unam.mx/Licenciatura2025/resultados/2/21005005.html,120,3202,2854,88,125,108846,86,,No seleccionado,,Consultar
2025,2,Licenciatura 2025,210,21005005,PSICOLOGIA,FES ZARAGOZA,Escolarizado,https://www.dgae.unam.mx/Licenciatura2025/resultados/2/21005005.html,120,3202,2854,88,125,108859,61,,No seleccionado,,Consultar
2025,2,Licenciatura 2025,210,21005005,PSICOLOGIA,FES ZARAGOZA,Escolarizado,https://www.dgae.unam.mx/Licenciatura2025/resultados/2/21005005.html,120,3202,2854,88,125,108902,32,,No seleccionado,,Consultar
2025,2,Licenciatura 2025,210,21005005,PSICOLOGIA,FES ZARAGOZA,Escolarizado,https://www.dgae.unam.mx/Licenciatura2025/resultados/2/21005005.html,120,3202,2854,88,125,108905,63,,No seleccionado,,Consultar
2025,2,Licenciatura 2025,210,21005005,PSICOLOGIA,FES ZARAGOZA,Escolarizado,https://www.dgae.unam.mx/Licenciatura2025/resultados/2/21005005.html,120,3202,2854,88,125,108910,69,,No seleccionado,,Consultar
2025,2,Licenciatura 2025,210,21005005,PSICOLOGIA,FES ZARAGOZA,Escolarizado,https://www.dgae.unam.mx/Licenciatura2025/resultados/2/21005005.html,120,3202,2854,88,125,108913,51,,No seleccionado,,Consultar
2025,2,Licenciatura 2025,210,21005005,PSICOLOGIA,FES ZARAGOZA,Escolarizado,https://www.dgae.unam.mx/Licenciatura2025/resultados/2/21005005.html,120,3202,2854,88,125,108972,45,,No seleccionado,,Consultar
2025,2,Licenciatura 2025,210,21005005,PSICOLOGIA,FES ZARAGOZA,Escolarizado,https://www.dgae.unam.mx/Licenciatura2025/resultados/2/21005005.html,120,3202,2854,88,125,108996,41,,No seleccionado,,Consultar
2025,2,Licenciatura 2025,210,21005005,PSICOLOGIA,FES ZARAGOZA,Escolarizado,https://www.dgae.unam.mx/Licenciatura2025/resultados/2/21005005.html,120,3202,2854,88,125,109035,36,,No seleccionado,,Consultar
2025,2,Licenciatura 2025,210,21005005,PSICOLOGIA,FES ZARAGOZA,Escolarizado,https://www.dgae.unam.mx/Licenciatura2025/resultados/2/21005005.html,120,3202,2854,88,125,109044,59,,No seleccionado,,Consultar
2025,2,Licenciatura 2025,210,21005005,PSICOLOGIA,FES ZARAGOZA,Escolarizado,https://www.dgae.unam.mx/Licenciatura2025/resultados/2/21005005.html,120,3202,2854,88,125,109047,102,S,Seleccionado,Cita para entregar documentación.,Consultar
2025,2,Licenciatura 2025,210,21005005,PSICOLOGIA,FES ZARAGOZA,Escolarizado,https://www.dgae.unam.mx/Licenciatura2025/resultados/2/21005005.html,120,3202,2854,88,125,109054,79,,No seleccionado,,Consultar
2025,2,Licenciatura 2025,210,21005005,PSICOLOGIA,FES ZARAGOZA,Escolarizado,https://www.dgae.unam.mx/Licenciatura2025/resultados/2/21005005.html,120,3202,2854,88,125,109130,83,,No seleccionado,,Consultar
2025,2,Licenciatura 2025,210,21005005,PSICOLOGIA,FES ZARAGOZA,Escolarizado,https://www.dgae.unam.mx/Licenciatura2025/resultados/2/21005005.html,120,3202,2854,88,125,109146,46,,No seleccionado,,Consultar
2025,2,Licenciatura 2025,210,21005005,PSICOLOGIA,FES ZARAGOZA,Escolarizado,https://www.dgae.unam.mx/Licenciatura2025/resultados/2/21005005.html,120,3202,2854,88,125,109210,62,,No seleccionado,,Consultar
2025,2,Licenciatura 2025,210,21005005,PSICOLOGIA,FES ZARAGOZA,Escolarizado,https://www.dgae.unam.mx/Licenciatura2025/resultados/2/21005005.html,120,3202,2854,88,125,109215,86,,No seleccionado,,Consultar
2025,2,Licenciatura 2025,210,21005005,PSICOLOGIA,FES ZARAGOZA,Escolarizado,https://www.dgae.unam.mx/Licenciatura2025/resultados/2/21005005.html,120,3202,2854,88,125,109245,91,S,Seleccionado,Cita para entregar documentación.,Consultar
2025,2,Licenciatura 2025,210,21005005,PSICOLOGIA,FES ZARAGOZA,Escolarizado,https://www.dgae.unam.mx/Licenciatura2025/resultados/2/21005005.html,120,3202,2854,88,125,109267,41,,No seleccionado,,Consultar
2025,2,Licenciatura 2025,210,21005005,PSICOLOGIA,FES ZARAGOZA,Escolarizado,https://www.dgae.unam.mx/Licenciatura2025/resultados/2/21005005.html,120,3202,2854,88,125,109274,45,,No seleccionado,,Consultar
2025,2,Licenciatura 2025,210,21005005,PSICOLOGIA,FES ZARAGOZA,Escolarizado,https://www.dgae.unam.mx/Licenciatura2025/resultados/2/21005005.html,120,3202,2854,88,125,109324,77,,No seleccionado,,Consultar
2025,2,Licenciatura 2025,210,21005005,PSICOLOGIA,FES ZARAGOZA,Escolarizado,https://www.dgae.unam.mx/Licenciatura2025/resultados/2/21005005.html,120,3202,2854,88,125,109338,84,,No seleccionado,,Consultar
2025,2,Licenciatura 2025,210,21005005,PSICOLOGIA,FES ZARAGOZA,Escolarizado,https://www.dgae.unam.mx/Licenciatura2025/resultados/2/21005005.html,120,3202,2854,88,125,109376,103,S,Seleccionado,,Consultar
2025,2,Licenciatura 2025,210,21005005,PSICOLOGIA,FES ZARAGOZA,Escolarizado,https://www.dgae.unam.mx/Licenciatura2025/resultados/2/21005005.html,120,3202,2854,88,125,109384,46,,No seleccionado,,Consultar
2025,2,Licenciatura 2025,210,21005005,PSICOLOGIA,FES ZARAGOZA,Escolarizado,https://www.dgae.unam.mx/Licenciatura2025/resultados/2/21005005.html,120,3202,2854,88,125,109390,31,,No seleccionado,,Consultar
2025,2,Licenciatura 2025,210,21005005,PSICOLOGIA,FES ZARAGOZA,Escolarizado,https://www.dgae.unam.mx/Licenciatura2025/resultados/2/21005005.html,120,3202,2854,88,125,109416,,N,No presentado,,Consultar
2025,2,Licenciatura 2025,210,21005005,PSICOLOGIA,FES ZARAGOZA,Escolarizado,https://www.dgae.unam.mx/Licenciatura2025/resultados/2/21005005.html,120,3202,2854,88,125,109426,67,,No seleccionado,,Consultar
2025,2,Licenciatura 2025,210,21005005,PSICOLOGIA,FES ZARAGOZA,Escolarizado,https://www.dgae.unam.mx/Licenciatura2025/resultados/2/21005005.html,120,3202,2854,88,125,109435,44,,No seleccionado,,Consultar
2025,2,Licenciatura 2025,210,21005005,PSICOLOGIA,FES ZARAGOZA,Escolarizado,https://www.dgae.unam.mx/Licenciatura2025/resultados/2/21005005.html,120,3202,2854,88,125,109437,105,S,Seleccionado,Cita para entregar documentación.,Consultar
2025,2,Licenciatura 2025,210,21005005,PSICOLOGIA,FES ZARAGOZA,Escolarizado,https://www.dgae.unam.mx/Licenciatura2025/resultados/2/21005005.html,120,3202,2854,88,125,109452,49,,No seleccionado,,Consultar
2025,2,Licenciatura 2025,210,21005005,PSICOLOGIA,FES ZARAGOZA,Escolarizado,https://www.dgae.unam.mx/Licenciatura2025/resultados/2/21005005.html,120,3202,2854,88,125,109467,,N,No presentado,,Consultar
2025,2,Licenciatura 2025,210,21005005,PSICOLOGIA,FES ZARAGOZA,Escolarizado,https://www.dgae.unam.mx/Licenciatura2025/resultados/2/21005005.html,120,3202,2854,88,125,109487,63,,No seleccionado,,Consultar
2025,2,Licenciatura 2025,210,21005005,PSICOLOGIA,FES ZARAGOZA,Escolarizado,https://www.dgae.unam.mx/Licenciatura2025/resultados/2/21005005.html,120,3202,2854,88,125,109533,43,,No seleccionado,,Consultar
2025,2,Licenciatura 2025,210,21005005,PSICOLOGIA,FES ZARAGOZA,Escolarizado,https://www.dgae.unam.mx/Licenciatura2025/resultados/2/21005005.html,120,3202,2854,88,125,109535,,N,No presentado,,Consultar
2025,2,Licenciatura 2025,210,21005005,PSICOLOGIA,FES ZARAGOZA,Escolarizado,https://www.dgae.unam.mx/Licenciatura2025/resultados/2/21005005.html,120,3202,2854,88,125,109556,27,,No seleccionado,,Consultar
2025,2,Licenciatura 2025,210,21005005,PSICOLOGIA,FES ZARAGOZA,Escolarizado,https://www.dgae.unam.mx/Licenciatura2025/resultados/2/21005005.html,120,3202,2854,88,125,109581,40,,No seleccionado,,Consultar
2025,2,Licenciatura 2025,210,21005005,PSICOLOGIA,FES ZARAGOZA,Escolarizado,https://www.dgae.unam.mx/Licenciatura2025/resultados/2/21005005.html,120,3202,2854,88,125,109591,47,,No seleccionado,,Consultar
2025,2,Licenciatura 2025,210,21005005,PSICOLOGIA,FES ZARAGOZA,Escolarizado,https://www.dgae.unam.mx/Licenciatura2025/resultados/2/21005005.html,120,3202,2854,88,125,109598,59,,No seleccionado,,Consultar
2025,2,Licenciatura 2025,210,21005005,PSICOLOGIA,FES ZARAGOZA,Escolarizado,https://www.dgae.unam.mx/Licenciatura2025/resultados/2/21005005.html,120,3202,2854,88,125,109617,34,,No seleccionado,,Consultar
2025,2,Licenciatura 2025,210,21005005,PSICOLOGIA,FES ZARAGOZA,Escolarizado,https://www.dgae.unam.mx/Licenciatura2025/resultados/2/21005005.html,120,3202,2854,88,125,109714,65,,No seleccionado,,Consultar
2025,2,Licenciatura 2025,210,21005005,PSICOLOGIA,FES ZARAGOZA,Escolarizado,https://www.dgae.unam.mx/Licenciatura2025/resultados/2/21005005.html,120,3202,2854,88,125,109718,60,,No seleccionado,,Consultar
2025,2,Licenciatura 2025,210,21005005,PSICOLOGIA,FES ZARAGOZA,Escolarizado,https://www.dgae.unam.mx/Licenciatura2025/resultados/2/21005005.html,120,3202,2854,88,125,109727,36,,No seleccionado,,Consultar
2025,2,Licenciatura 2025,210,21005005,PSICOLOGIA,FES ZARAGOZA,Escolarizado,https://www.dgae.unam.mx/Licenciatura2025/resultados/2/21005005.html,120,3202,2854,88,125,109759,105,S,Seleccionado,,Consultar
2025,2,Licenciatura 2025,210,21005005,PSICOLOGIA,FES ZARAGOZA,Escolarizado,https://www.dgae.unam.mx/Licenciatura2025/resultados/2/21005005.html,120,3202,2854,88,125,109764,47,,No seleccionado,,Consultar
2025,2,Licenciatura 2025,210,21005005,PSICOLOGIA,FES ZARAGOZA,Escolarizado,https://www.dgae.unam.mx/Licenciatura2025/resultados/2/21005005.html,120,3202,2854,88,125,109805,37,,No seleccionado,,Consultar
2025,2,Licenciatura 2025,210,21005005,PSICOLOGIA,FES ZARAGOZA,Escolarizado,https://www.dgae.unam.mx/Licenciatura2025/resultados/2/21005005.html,120,3202,2854,88,125,109819,67,,No seleccionado,,Consultar
2025,2,Licenciatura 2025,210,21005005,PSICOLOGIA,FES ZARAGOZA,Escolarizado,https://www.dgae.unam.mx/Licenciatura2025/resultados/2/21005005.html,120,3202,2854,88,125,109899,79,,No seleccionado,,Consultar
2025,2,Licenciatura 2025,210,21005005,PSICOLOGIA,FES ZARAGOZA,Escolarizado,https://www.dgae.unam.mx/Licenciatura2025/resultados/2/21005005.html,120,3202,2854,88,125,109955,55,,No seleccionado,,Consultar
2025,2,Licenciatura 2025,210,21005005,PSICOLOGIA,FES ZARAGOZA,Escolarizado,https://www.dgae.unam.mx/Licenciatura2025/resultados/2/21005005.html,120,3202,2854,88,125,110004,44,,No seleccionado,,Consultar
2025,2,Licenciatura 2025,210,21005005,PSICOLOGIA,FES ZARAGOZA,Escolarizado,https://www.dgae.unam.mx/Licenciatura2025/resultados/2/21005005.html,120,3202,2854,88,125,110077,39,,No seleccionado,,Consultar
2025,2,Licenciatura 2025,210,21005005,PSICOLOGIA,FES ZARAGOZA,Escolarizado,https://www.dgae.unam.mx/Licenciatura2025/resultados/2/21005005.html,120,3202,2854,88,125,110082,57,,No seleccionado,,Consultar
2025,2,Licenciatura 2025,210,21005005,PSICOLOGIA,FES ZARAGOZA,Escolarizado,https://www.dgae.unam.mx/Licenciatura2025/resultados/2/21005005.html,120,3202,2854,88,125,110094,72,,No seleccionado,,Consultar
2025,2,Licenciatura 2025,210,21005005,PSICOLOGIA,FES ZARAGOZA,Escolarizado,https://www.dgae.unam.mx/Licenciatura2025/resultados/2/21005005.html,120,3202,2854,88,125,110106,41,,No seleccionado,,Consultar
2025,2,Licenciatura 2025,210,21005005,PSICOLOGIA,FES ZARAGOZA,Escolarizado,https://www.dgae.unam.mx/Licenciatura2025/resultados/2/21005005.html,120,3202,2854,88,125,110170,30,,No seleccionado,,Consultar
2025,2,Licenciatura 2025,210,21005005,PSICOLOGIA,FES ZARAGOZA,Escolarizado,https://www.dgae.unam.mx/Licenciatura2025/resultados/2/21005005.html,120,3202,2854,88,125,110191,,N,No presentado,,Consultar
2025,2,Licenciatura 2025,210,21005005,PSICOLOGIA,FES ZARAGOZA,Escolarizado,https://www.dgae.unam.mx/Licenciatura2025/resultados/2/21005005.html,120,3202,2854,88,125,110198,100,S,Seleccionado,Cita para entregar documentación.,Consultar
2025,2,Licenciatura 2025,210,21005005,PSICOLOGIA,FES ZARAGOZA,Escolarizado,https://www.dgae.unam.mx/Licenciatura2025/resultados/2/21005005.html,120,3202,2854,88,125,110272,33,,No seleccionado,,Consultar
2025,2,Licenciatura 2025,210,21005005,PSICOLOGIA,FES ZARAGOZA,Escolarizado,https://www.dgae.unam.mx/Licenciatura2025/resultados/2/21005005.html,120,3202,2854,88,125,110389,31,,No seleccionado,,Consultar
2025,2,Licenciatura 2025,210,21005005,PSICOLOGIA,FES ZARAGOZA,Escolarizado,https://www.dgae.unam.mx/Licenciatura2025/resultados/2/21005005.html,120,3202,2854,88,125,110441,79,,No seleccionado,,Consultar
2025,2,Licenciatura 2025,210,21005005,PSICOLOGIA,FES ZARAGOZA,Escolarizado,https://www.dgae.unam.mx/Licenciatura2025/resultados/2/21005005.html,120,3202,2854,88,125,110447,,N,No presentado,,Consultar
2025,2,Licenciatura 2025,210,21005005,PSICOLOGIA,FES ZARAGOZA,Escolarizado,https://www.dgae.unam.mx/Licenciatura2025/resultados/2/21005005.html,120,3202,2854,88,125,110644,59,,No seleccionado,,Consultar
2025,2,Licenciatura 2025,210,21005005,PSICOLOGIA,FES ZARAGOZA,Escolarizado,https://www.dgae.unam.mx/Licenciatura2025/resultados/2/21005005.html,120,3202,2854,88,125,110806,,N,No presentado,,Consultar
2025,2,Licenciatura 2025,210,21005005,PSICOLOGIA,FES ZARAGOZA,Escolarizado,https://www.dgae.unam.mx/Licenciatura2025/resultados/2/21005005.html,120,3202,2854,88,125,110850,46,,No seleccionado,,Consultar
2025,2,Licenciatura 2025,210,21005005,PSICOLOGIA,FES ZARAGOZA,Escolarizado,https://www.dgae.unam.mx/Licenciatura2025/resultados/2/21005005.html,120,3202,2854,88,125,110868,54,,No seleccionado,,Consultar
2025,2,Licenciatura 2025,210,21005005,PSICOLOGIA,FES ZARAGOZA,Escolarizado,https://www.dgae.unam.mx/Licenciatura2025/resultados/2/21005005.html,120,3202,2854,88,125,110878,36,,No seleccionado,,Consultar
2025,2,Licenciatura 2025,210,21005005,PSICOLOGIA,FES ZARAGOZA,Escolarizado,https://www.dgae.unam.mx/Licenciatura2025/resultados/2/21005005.html,120,3202,2854,88,125,110939,54,,No seleccionado,,Consultar
2025,2,Licenciatura 2025,210,21005005,PSICOLOGIA,FES ZARAGOZA,Escolarizado,https://www.dgae.unam.mx/Licenciatura2025/resultados/2/21005005.html,120,3202,2854,88,125,110957,36,,No seleccionado,,Consultar
2025,2,Licenciatura 2025,210,21005005,PSICOLOGIA,FES ZARAGOZA,Escolarizado,https://www.dgae.unam.mx/Licenciatura2025/resultados/2/21005005.html,120,3202,2854,88,125,111013,38,,No seleccionado,,Consultar
2025,2,Licenciatura 2025,210,21005005,PSICOLOGIA,FES ZARAGOZA,Escolarizado,https://www.dgae.unam.mx/Licenciatura2025/resultados/2/21005005.html,120,3202,2854,88,125,111083,72,,No seleccionado,,Consultar
2025,2,Licenciatura 2025,210,21005005,PSICOLOGIA,FES ZARAGOZA,Escolarizado,https://www.dgae.unam.mx/Licenciatura2025/resultados/2/21005005.html,120,3202,2854,88,125,111140,50,,No seleccionado,,Consultar
2025,2,Licenciatura 2025,210,21005005,PSICOLOGIA,FES ZARAGOZA,Escolarizado,https://www.dgae.unam.mx/Licenciatura2025/resultados/2/21005005.html,120,3202,2854,88,125,111152,,N,No presentado,,Consultar
2025,2,Licenciatura 2025,210,21005005,PSICOLOGIA,FES ZARAGOZA,Escolarizado,https://www.dgae.unam.mx/Licenciatura2025/resultados/2/21005005.html,120,3202,2854,88,125,111232,52,,No seleccionado,,Consultar
2025,2,Licenciatura 2025,210,21005005,PSICOLOGIA,FES ZARAGOZA,Escolarizado,https://www.dgae.unam.mx/Licenciatura2025/resultados/2/21005005.html,120,3202,2854,88,125,111336,69,,No seleccionado,,Consultar
2025,2,Licenciatura 2025,210,21005005,PSICOLOGIA,FES ZARAGOZA,Escolarizado,https://www.dgae.unam.mx/Licenciatura2025/resultados/2/21005005.html,120,3202,2854,88,125,111351,47,,No seleccionado,,Consultar
2025,2,Licenciatura 2025,210,21005005,PSICOLOGIA,FES ZARAGOZA,Escolarizado,https://www.dgae.unam.mx/Licenciatura2025/resultados/2/21005005.html,120,3202,2854,88,125,111361,35,,No seleccionado,,Consultar
2025,2,Licenciatura 2025,210,21005005,PSICOLOGIA,FES ZARAGOZA,Escolarizado,https://www.dgae.unam.mx/Licenciatura2025/resultados/2/21005005.html,120,3202,2854,88,125,111377,87,,No seleccionado,,Consultar
2025,2,Licenciatura 2025,210,21005005,PSICOLOGIA,FES ZARAGOZA,Escolarizado,https://www.dgae.unam.mx/Licenciatura2025/resultados/2/21005005.html,120,3202,2854,88,125,111386,41,,No seleccionado,,Consultar
2025,2,Licenciatura 2025,210,21005005,PSICOLOGIA,FES ZARAGOZA,Escolarizado,https://www.dgae.unam.mx/Licenciatura2025/resultados/2/21005005.html,120,3202,2854,88,125,111458,38,,No seleccionado,,Consultar
2025,2,Licenciatura 2025,210,21005005,PSICOLOGIA,FES ZARAGOZA,Escolarizado,https://www.dgae.unam.mx/Licenciatura2025/resultados/2/21005005.html,120,3202,2854,88,125,111538,57,,No seleccionado,,Consultar
2025,2,Licenciatura 2025,210,21005005,PSICOLOGIA,FES ZARAGOZA,Escolarizado,https://www.dgae.unam.mx/Licenciatura2025/resultados/2/21005005.html,120,3202,2854,88,125,111567,41,,No seleccionado,,Consultar
2025,2,Licenciatura 2025,210,21005005,PSICOLOGIA,FES ZARAGOZA,Escolarizado,https://www.dgae.unam.mx/Licenciatura2025/resultados/2/21005005.html,120,3202,2854,88,125,111945,45,,No seleccionado,,Consultar
2025,2,Licenciatura 2025,210,21005005,PSICOLOGIA,FES ZARAGOZA,Escolarizado,https://www.dgae.unam.mx/Licenciatura2025/resultados/2/21005005.html,120,3202,2854,88,125,112222,40,,No seleccionado,,Consultar
2025,2,Licenciatura 2025,210,21005005,PSICOLOGIA,FES ZARAGOZA,Escolarizado,https://www.dgae.unam.mx/Licenciatura2025/resultados/2/21005005.html,120,3202,2854,88,125,112245,51,,No seleccionado,,Consultar
2025,2,Licenciatura 2025,210,21005005,PSICOLOGIA,FES ZARAGOZA,Escolarizado,https://www.dgae.unam.mx/Licenciatura2025/resultados/2/21005005.html,120,3202,2854,88,125,112269,39,,No seleccionado,,Consultar
2025,2,Licenciatura 2025,210,21005005,PSICOLOGIA,FES ZARAGOZA,Escolarizado,https://www.dgae.unam.mx/Licenciatura2025/resultados/2/21005005.html,120,3202,2854,88,125,112314,28,,No seleccionado,,Consultar
2025,2,Licenciatura 2025,210,21005005,PSICOLOGIA,FES ZARAGOZA,Escolarizado,https://www.dgae.unam.mx/Licenciatura2025/resultados/2/21005005.html,120,3202,2854,88,125,112322,41,,No seleccionado,,Consultar
2025,2,Licenciatura 2025,210,21005005,PSICOLOGIA,FES ZARAGOZA,Escolarizado,https://www.dgae.unam.mx/Licenciatura2025/resultados/2/21005005.html,120,3202,2854,88,125,112354,28,,No seleccionado,,Consultar
2025,2,Licenciatura 2025,210,21005005,PSICOLOGIA,FES ZARAGOZA,Escolarizado,https://www.dgae.unam.mx/Licenciatura2025/resultados/2/21005005.html,120,3202,2854,88,125,112389,66,,No seleccionado,,Consultar
2025,2,Licenciatura 2025,210,21005005,PSICOLOGIA,FES ZARAGOZA,Escolarizado,https://www.dgae.unam.mx/Licenciatura2025/resultados/2/21005005.html,120,3202,2854,88,125,112400,52,,No seleccionado,,Consultar
2025,2,Licenciatura 2025,210,21005005,PSICOLOGIA,FES ZARAGOZA,Escolarizado,https://www.dgae.unam.mx/Licenciatura2025/resultados/2/21005005.html,120,3202,2854,88,125,112407,32,,No seleccionado,,Consultar
2025,2,Licenciatura 2025,210,21005005,PSICOLOGIA,FES ZARAGOZA,Escolarizado,https://www.dgae.unam.mx/Licenciatura2025/resultados/2/21005005.html,120,3202,2854,88,125,112491,44,,No seleccionado,,Consultar
2025,2,Licenciatura 2025,210,21005005,PSICOLOGIA,FES ZARAGOZA,Escolarizado,https://www.dgae.unam.mx/Licenciatura2025/resultados/2/21005005.html,120,3202,2854,88,125,112517,45,,No seleccionado,,Consultar
2025,2,Licenciatura 2025,210,21005005,PSICOLOGIA,FES ZARAGOZA,Escolarizado,https://www.dgae.unam.mx/Licenciatura2025/resultados/2/21005005.html,120,3202,2854,88,125,112675,55,,No seleccionado,,Consultar
2025,2,Licenciatura 2025,210,21005005,PSICOLOGIA,FES ZARAGOZA,Escolarizado,https://www.dgae.unam.mx/Licenciatura2025/resultados/2/21005005.html,120,3202,2854,88,125,112932,,N,No presentado,,Consultar
2025,2,Licenciatura 2025,210,21005005,PSICOLOGIA,FES ZARAGOZA,Escolarizado,https://www.dgae.unam.mx/Licenciatura2025/resultados/2/21005005.html,120,3202,2854,88,125,113179,,N,No presentado,,Consultar
2025,2,Licenciatura 2025,210,21005005,PSICOLOGIA,FES ZARAGOZA,Escolarizado,https://www.dgae.unam.mx/Licenciatura2025/resultados/2/21005005.html,120,3202,2854,88,125,113209,38,,No seleccionado,,Consultar
2025,2,Licenciatura 2025,210,21005005,PSICOLOGIA,FES ZARAGOZA,Escolarizado,https://www.dgae.unam.mx/Licenciatura2025/resultados/2/21005005.html,120,3202,2854,88,125,113221,76,,No seleccionado,,Consultar
2025,2,Licenciatura 2025,210,21005005,PSICOLOGIA,FES ZARAGOZA,Escolarizado,https://www.dgae.unam.mx/Licenciatura2025/resultados/2/21005005.html,120,3202,2854,88,125,113283,36,,No seleccionado,,Consultar
2025,2,Licenciatura 2025,210,21005005,PSICOLOGIA,FES ZARAGOZA,Escolarizado,https://www.dgae.unam.mx/Licenciatura2025/resultados/2/21005005.html,120,3202,2854,88,125,113304,31,,No seleccionado,,Consultar
2025,2,Licenciatura 2025,210,21005005,PSICOLOGIA,FES ZARAGOZA,Escolarizado,https://www.dgae.unam.mx/Licenciatura2025/resultados/2/21005005.html,120,3202,2854,88,125,113396,68,,No seleccionado,,Consultar
2025,2,Licenciatura 2025,210,21005005,PSICOLOGIA,FES ZARAGOZA,Escolarizado,https://www.dgae.unam.mx/Licenciatura2025/resultados/2/21005005.html,120,3202,2854,88,125,113464,41,,No seleccionado,,Consultar
2025,2,Licenciatura 2025,210,21005005,PSICOLOGIA,FES ZARAGOZA,Escolarizado,https://www.dgae.unam.mx/Licenciatura2025/resultados/2/21005005.html,120,3202,2854,88,125,113470,35,,No seleccionado,,Consultar
2025,2,Licenciatura 2025,210,21005005,PSICOLOGIA,FES ZARAGOZA,Escolarizado,https://www.dgae.unam.mx/Licenciatura2025/resultados/2/21005005.html,120,3202,2854,88,125,113547,69,,No seleccionado,,Consultar
2025,2,Licenciatura 2025,210,21005005,PSICOLOGIA,FES ZARAGOZA,Escolarizado,https://www.dgae.unam.mx/Licenciatura2025/resultados/2/21005005.html,120,3202,2854,88,125,113551,52,,No seleccionado,,Consultar
2025,2,Licenciatura 2025,210,21005005,PSICOLOGIA,FES ZARAGOZA,Escolarizado,https://www.dgae.unam.mx/Licenciatura2025/resultados/2/21005005.html,120,3202,2854,88,125,113581,51,,No seleccionado,,Consultar
2025,2,Licenciatura 2025,210,21005005,PSICOLOGIA,FES ZARAGOZA,Escolarizado,https://www.dgae.unam.mx/Licenciatura2025/resultados/2/21005005.html,120,3202,2854,88,125,113693,44,,No seleccionado,,Consultar
2025,2,Licenciatura 2025,210,21005005,PSICOLOGIA,FES ZARAGOZA,Escolarizado,https://www.dgae.unam.mx/Licenciatura2025/resultados/2/21005005.html,120,3202,2854,88,125,113867,29,,No seleccionado,,Consultar
2025,2,Licenciatura 2025,210,21005005,PSICOLOGIA,FES ZARAGOZA,Escolarizado,https://www.dgae.unam.mx/Licenciatura2025/resultados/2/21005005.html,120,3202,2854,88,125,113871,45,,No seleccionado,,Consultar
2025,2,Licenciatura 2025,210,21005005,PSICOLOGIA,FES ZARAGOZA,Escolarizado,https://www.dgae.unam.mx/Licenciatura2025/resultados/2/21005005.html,120,3202,2854,88,125,114035,44,,No seleccionado,,Consultar
2025,2,Licenciatura 2025,210,21005005,PSICOLOGIA,FES ZARAGOZA,Escolarizado,https://www.dgae.unam.mx/Licenciatura2025/resultados/2/21005005.html,120,3202,2854,88,125,115426,,N,No presentado,,Consultar
2025,2,Licenciatura 2025,210,21005005,PSICOLOGIA,FES ZARAGOZA,Escolarizado,https://www.dgae.unam.mx/Licenciatura2025/resultados/2/21005005.html,120,3202,2854,88,125,115509,30,,No seleccionado,,Consultar
2025,2,Licenciatura 2025,210,21005005,PSICOLOGIA,FES ZARAGOZA,Escolarizado,https://www.dgae.unam.mx/Licenciatura2025/resultados/2/21005005.html,120,3202,2854,88,125,115532,48,,No seleccionado,,Consultar
2025,2,Licenciatura 2025,210,21005005,PSICOLOGIA,FES ZARAGOZA,Escolarizado,https://www.dgae.unam.mx/Licenciatura2025/resultados/2/21005005.html,120,3202,2854,88,125,115706,72,,No seleccionado,,Consultar
2025,2,Licenciatura 2025,210,21005005,PSICOLOGIA,FES ZARAGOZA,Escolarizado,https://www.dgae.unam.mx/Licenciatura2025/resultados/2/21005005.html,120,3202,2854,88,125,115731,,N,No presentado,,Consultar
2025,2,Licenciatura 2025,210,21005005,PSICOLOGIA,FES ZARAGOZA,Escolarizado,https://www.dgae.unam.mx/Licenciatura2025/resultados/2/21005005.html,120,3202,2854,88,125,115762,43,,No seleccionado,,Consultar
2025,2,Licenciatura 2025,210,21005005,PSICOLOGIA,FES ZARAGOZA,Escolarizado,https://www.dgae.unam.mx/Licenciatura2025/resultados/2/21005005.html,120,3202,2854,88,125,115784,95,S,Seleccionado,Cita para entregar documentación.,Consultar
2025,2,Licenciatura 2025,210,21005005,PSICOLOGIA,FES ZARAGOZA,Escolarizado,https://www.dgae.unam.mx/Licenciatura2025/resultados/2/21005005.html,120,3202,2854,88,125,115789,55,,No seleccionado,,Consultar
2025,2,Licenciatura 2025,210,21005005,PSICOLOGIA,FES ZARAGOZA,Escolarizado,https://www.dgae.unam.mx/Licenciatura2025/resultados/2/21005005.html,120,3202,2854,88,125,115802,44,,No seleccionado,,Consultar
2025,2,Licenciatura 2025,210,21005005,PSICOLOGIA,FES ZARAGOZA,Escolarizado,https://www.dgae.unam.mx/Licenciatura2025/resultados/2/21005005.html,120,3202,2854,88,125,115808,41,,No seleccionado,,Consultar
2025,2,Licenciatura 2025,210,21005005,PSICOLOGIA,FES ZARAGOZA,Escolarizado,https://www.dgae.unam.mx/Licenciatura2025/resultados/2/21005005.html,120,3202,2854,88,125,115843,38,,No seleccionado,,Consultar
2025,2,Licenciatura 2025,210,21005005,PSICOLOGIA,FES ZARAGOZA,Escolarizado,https://www.dgae.unam.mx/Licenciatura2025/resultados/2/21005005.html,120,3202,2854,88,125,115860,45,,No seleccionado,,Consultar
2025,2,Licenciatura 2025,210,21005005,PSICOLOGIA,FES ZARAGOZA,Escolarizado,https://www.dgae.unam.mx/Licenciatura2025/resultados/2/21005005.html,120,3202,2854,88,125,115862,74,,No seleccionado,,Consultar
2025,2,Licenciatura 2025,210,21005005,PSICOLOGIA,FES ZARAGOZA,Escolarizado,https://www.dgae.unam.mx/Licenciatura2025/resultados/2/21005005.html,120,3202,2854,88,125,115870,53,,No seleccionado,,Consultar
2025,2,Licenciatura 2025,210,21005005,PSICOLOGIA,FES ZARAGOZA,Escolarizado,https://www.dgae.unam.mx/Licenciatura2025/resultados/2/21005005.html,120,3202,2854,88,125,115891,38,,No seleccionado,,Consultar
2025,2,Licenciatura 2025,210,21005005,PSICOLOGIA,FES ZARAGOZA,Escolarizado,https://www.dgae.unam.mx/Licenciatura2025/resultados/2/21005005.html,120,3202,2854,88,125,115897,62,,No seleccionado,,Consultar
2025,2,Licenciatura 2025,210,21005005,PSICOLOGIA,FES ZARAGOZA,Escolarizado,https://www.dgae.unam.mx/Licenciatura2025/resultados/2/21005005.html,120,3202,2854,88,125,115900,43,,No seleccionado,,Consultar
2025,2,Licenciatura 2025,210,21005005,PSICOLOGIA,FES ZARAGOZA,Escolarizado,https://www.dgae.unam.mx/Licenciatura2025/resultados/2/21005005.html,120,3202,2854,88,125,115908,47,,No seleccionado,,Consultar
2025,2,Licenciatura 2025,210,21005005,PSICOLOGIA,FES ZARAGOZA,Escolarizado,https://www.dgae.unam.mx/Licenciatura2025/resultados/2/21005005.html,120,3202,2854,88,125,115919,62,,No seleccionado,,Consultar
2025,2,Licenciatura 2025,210,21005005,PSICOLOGIA,FES ZARAGOZA,Escolarizado,https://www.dgae.unam.mx/Licenciatura2025/resultados/2/21005005.html,120,3202,2854,88,125,115921,66,,No seleccionado,,Consultar
2025,2,Licenciatura 2025,210,21005005,PSICOLOGIA,FES ZARAGOZA,Escolarizado,https://www.dgae.unam.mx/Licenciatura2025/resultados/2/21005005.html,120,3202,2854,88,125,115923,41,,No seleccionado,,Consultar
2025,2,Licenciatura 2025,210,21005005,PSICOLOGIA,FES ZARAGOZA,Escolarizado,https://www.dgae.unam.mx/Licenciatura2025/resultados/2/21005005.html,120,3202,2854,88,125,115926,30,,No seleccionado,,Consultar
2025,2,Licenciatura 2025,210,21005005,PSICOLOGIA,FES ZARAGOZA,Escolarizado,https://www.dgae.unam.mx/Licenciatura2025/resultados/2/21005005.html,120,3202,2854,88,125,115943,49,,No seleccionado,,Consultar
2025,2,Licenciatura 2025,210,21005005,PSICOLOGIA,FES ZARAGOZA,Escolarizado,https://www.dgae.unam.mx/Licenciatura2025/resultados/2/21005005.html,120,3202,2854,88,125,115962,,N,No presentado,,Consultar
2025,2,Licenciatura 2025,210,21005005,PSICOLOGIA,FES ZARAGOZA,Escolarizado,https://www.dgae.unam.mx/Licenciatura2025/resultados/2/21005005.html,120,3202,2854,88,125,115968,56,,No seleccionado,,Consultar
2025,2,Licenciatura 2025,210,21005005,PSICOLOGIA,FES ZARAGOZA,Escolarizado,https://www.dgae.unam.mx/Licenciatura2025/resultados/2/21005005.html,120,3202,2854,88,125,115992,,N,No presentado,,Consultar
2025,2,Licenciatura 2025,210,21005005,PSICOLOGIA,FES ZARAGOZA,Escolarizado,https://www.dgae.unam.mx/Licenciatura2025/resultados/2/21005005.html,120,3202,2854,88,125,115993,50,,No seleccionado,,Consultar
2025,2,Licenciatura 2025,210,21005005,PSICOLOGIA,FES ZARAGOZA,Escolarizado,https://www.dgae.unam.mx/Licenciatura2025/resultados/2/21005005.html,120,3202,2854,88,125,115994,81,,No seleccionado,,Consultar
2025,2,Licenciatura 2025,210,21005005,PSICOLOGIA,FES ZARAGOZA,Escolarizado,https://www.dgae.unam.mx/Licenciatura2025/resultados/2/21005005.html,120,3202,2854,88,125,115996,36,,No seleccionado,,Consultar
2025,2,Licenciatura 2025,210,21005005,PSICOLOGIA,FES ZARAGOZA,Escolarizado,https://www.dgae.unam.mx/Licenciatura2025/resultados/2/21005005.html,120,3202,2854,88,125,116000,43,,No seleccionado,,Consultar
2025,2,Licenciatura 2025,210,21005005,PSICOLOGIA,FES ZARAGOZA,Escolarizado,https://www.dgae.unam.mx/Licenciatura2025/resultados/2/21005005.html,120,3202,2854,88,125,116028,51,,No seleccionado,,Consultar
2025,2,Licenciatura 2025,210,21005005,PSICOLOGIA,FES ZARAGOZA,Escolarizado,https://www.dgae.unam.mx/Licenciatura2025/resultados/2/21005005.html,120,3202,2854,88,125,116032,,N,No presentado,,Consultar
2025,2,Licenciatura 2025,210,21005005,PSICOLOGIA,FES ZARAGOZA,Escolarizado,https://www.dgae.unam.mx/Licenciatura2025/resultados/2/21005005.html,120,3202,2854,88,125,116042,43,,No seleccionado,,Consultar
2025,2,Licenciatura 2025,210,21005005,PSICOLOGIA,FES ZARAGOZA,Escolarizado,https://www.dgae.unam.mx/Licenciatura2025/resultados/2/21005005.html,120,3202,2854,88,125,116043,50,,No seleccionado,,Consultar
2025,2,Licenciatura 2025,210,21005005,PSICOLOGIA,FES ZARAGOZA,Escolarizado,https://www.dgae.unam.mx/Licenciatura2025/resultados/2/21005005.html,120,3202,2854,88,125,116057,,N,No presentado,,Consultar
2025,2,Licenciatura 2025,210,21005005,PSICOLOGIA,FES ZARAGOZA,Escolarizado,https://www.dgae.unam.mx/Licenciatura2025/resultados/2/21005005.html,120,3202,2854,88,125,116085,54,,No seleccionado,,Consultar
2025,2,Licenciatura 2025,210,21005005,PSICOLOGIA,FES ZARAGOZA,Escolarizado,https://www.dgae.unam.mx/Licenciatura2025/resultados/2/21005005.html,120,3202,2854,88,125,116092,44,,No seleccionado,,Consultar
2025,2,Licenciatura 2025,210,21005005,PSICOLOGIA,FES ZARAGOZA,Escolarizado,https://www.dgae.unam.mx/Licenciatura2025/resultados/2/21005005.html,120,3202,2854,88,125,116117,,N,No presentado,,Consultar
2025,2,Licenciatura 2025,210,21005005,PSICOLOGIA,FES ZARAGOZA,Escolarizado,https://www.dgae.unam.mx/Licenciatura2025/resultados/2/21005005.html,120,3202,2854,88,125,116122,75,,No seleccionado,,Consultar
2025,2,Licenciatura 2025,210,21005005,PSICOLOGIA,FES ZARAGOZA,Escolarizado,https://www.dgae.unam.mx/Licenciatura2025/resultados/2/21005005.html,120,3202,2854,88,125,116126,39,,No seleccionado,,Consultar
2025,2,Licenciatura 2025,210,21005005,PSICOLOGIA,FES ZARAGOZA,Escolarizado,https://www.dgae.unam.mx/Licenciatura2025/resultados/2/21005005.html,120,3202,2854,88,125,116127,34,,No seleccionado,,Consultar
2025,2,Licenciatura 2025,210,21005005,PSICOLOGIA,FES ZARAGOZA,Escolarizado,https://www.dgae.unam.mx/Licenciatura2025/resultados/2/21005005.html,120,3202,2854,88,125,116131,61,,No seleccionado,,Consultar
2025,2,Licenciatura 2025,210,21005005,PSICOLOGIA,FES ZARAGOZA,Escolarizado,https://www.dgae.unam.mx/Licenciatura2025/resultados/2/21005005.html,120,3202,2854,88,125,116136,35,,No seleccionado,,Consultar
2025,2,Licenciatura 2025,210,21005005,PSICOLOGIA,FES ZARAGOZA,Escolarizado,https://www.dgae.unam.mx/Licenciatura2025/resultados/2/21005005.html,120,3202,2854,88,125,116142,48,,No seleccionado,,Consultar
2025,2,Licenciatura 2025,210,21005005,PSICOLOGIA,FES ZARAGOZA,Escolarizado,https://www.dgae.unam.mx/Licenciatura2025/resultados/2/21005005.html,120,3202,2854,88,125,116171,64,,No seleccionado,,Consultar
2025,2,Licenciatura 2025,210,21005005,PSICOLOGIA,FES ZARAGOZA,Escolarizado,https://www.dgae.unam.mx/Licenciatura2025/resultados/2/21005005.html,120,3202,2854,88,125,116173,99,S,Seleccionado,Cita para entregar documentación.,Consultar
2025,2,Licenciatura 2025,210,21005005,PSICOLOGIA,FES ZARAGOZA,Escolarizado,https://www.dgae.unam.mx/Licenciatura2025/resultados/2/21005005.html,120,3202,2854,88,125,116175,38,,No seleccionado,,Consultar
2025,2,Licenciatura 2025,210,21005005,PSICOLOGIA,FES ZARAGOZA,Escolarizado,https://www.dgae.unam.mx/Licenciatura2025/resultados/2/21005005.html,120,3202,2854,88,125,116192,40,,No seleccionado,,Consultar
2025,2,Licenciatura 2025,210,21005005,PSICOLOGIA,FES ZARAGOZA,Escolarizado,https://www.dgae.unam.mx/Licenciatura2025/resultados/2/21005005.html,120,3202,2854,88,125,116199,38,,No seleccionado,,Consultar
2025,2,Licenciatura 2025,210,21005005,PSICOLOGIA,FES ZARAGOZA,Escolarizado,https://www.dgae.unam.mx/Licenciatura2025/resultados/2/21005005.html,120,3202,2854,88,125,116212,71,,No seleccionado,,Consultar
2025,2,Licenciatura 2025,210,21005005,PSICOLOGIA,FES ZARAGOZA,Escolarizado,https://www.dgae.unam.mx/Licenciatura2025/resultados/2/21005005.html,120,3202,2854,88,125,116218,34,,No seleccionado,,Consultar
2025,2,Licenciatura 2025,210,21005005,PSICOLOGIA,FES ZARAGOZA,Escolarizado,https://www.dgae.unam.mx/Licenciatura2025/resultados/2/21005005.html,120,3202,2854,88,125,116221,40,,No seleccionado,,Consultar
2025,2,Licenciatura 2025,210,21005005,PSICOLOGIA,FES ZARAGOZA,Escolarizado,https://www.dgae.unam.mx/Licenciatura2025/resultados/2/21005005.html,120,3202,2854,88,125,116230,45,,No seleccionado,,Consultar
2025,2,Licenciatura 2025,210,21005005,PSICOLOGIA,FES ZARAGOZA,Escolarizado,https://www.dgae.unam.mx/Licenciatura2025/resultados/2/21005005.html,120,3202,2854,88,125,116236,49,,No seleccionado,,Consultar
2025,2,Licenciatura 2025,210,21005005,PSICOLOGIA,FES ZARAGOZA,Escolarizado,https://www.dgae.unam.mx/Licenciatura2025/resultados/2/21005005.html,120,3202,2854,88,125,116243,40,,No seleccionado,,Consultar
2025,2,Licenciatura 2025,210,21005005,PSICOLOGIA,FES ZARAGOZA,Escolarizado,https://www.dgae.unam.mx/Licenciatura2025/resultados/2/21005005.html,120,3202,2854,88,125,116253,39,,No seleccionado,,Consultar
2025,2,Licenciatura 2025,210,21005005,PSICOLOGIA,FES ZARAGOZA,Escolarizado,https://www.dgae.unam.mx/Licenciatura2025/resultados/2/21005005.html,120,3202,2854,88,125,116274,75,,No seleccionado,,Consultar
2025,2,Licenciatura 2025,210,21005005,PSICOLOGIA,FES ZARAGOZA,Escolarizado,https://www.dgae.unam.mx/Licenciatura2025/resultados/2/21005005.html,120,3202,2854,88,125,116276,,N,No presentado,,Consultar
2025,2,Licenciatura 2025,210,21005005,PSICOLOGIA,FES ZARAGOZA,Escolarizado,https://www.dgae.unam.mx/Licenciatura2025/resultados/2/21005005.html,120,3202,2854,88,125,116280,86,,No seleccionado,,Consultar
2025,2,Licenciatura 2025,210,21005005,PSICOLOGIA,FES ZARAGOZA,Escolarizado,https://www.dgae.unam.mx/Licenciatura2025/resultados/2/21005005.html,120,3202,2854,88,125,116292,54,,No seleccionado,,Consultar
2025,2,Licenciatura 2025,210,21005005,PSICOLOGIA,FES ZARAGOZA,Escolarizado,https://www.dgae.unam.mx/Licenciatura2025/resultados/2/21005005.html,120,3202,2854,88,125,116293,54,,No seleccionado,,Consultar
2025,2,Licenciatura 2025,210,21005005,PSICOLOGIA,FES ZARAGOZA,Escolarizado,https://www.dgae.unam.mx/Licenciatura2025/resultados/2/21005005.html,120,3202,2854,88,125,116296,44,,No seleccionado,,Consultar
2025,2,Licenciatura 2025,210,21005005,PSICOLOGIA,FES ZARAGOZA,Escolarizado,https://www.dgae.unam.mx/Licenciatura2025/resultados/2/21005005.html,120,3202,2854,88,125,116304,74,,No seleccionado,,Consultar
2025,2,Licenciatura 2025,210,21005005,PSICOLOGIA,FES ZARAGOZA,Escolarizado,https://www.dgae.unam.mx/Licenciatura2025/resultados/2/21005005.html,120,3202,2854,88,125,116315,62,,No seleccionado,,Consultar
2025,2,Licenciatura 2025,210,21005005,PSICOLOGIA,FES ZARAGOZA,Escolarizado,https://www.dgae.unam.mx/Licenciatura2025/resultados/2/21005005.html,120,3202,2854,88,125,116324,40,,No seleccionado,,Consultar
2025,2,Licenciatura 2025,210,21005005,PSICOLOGIA,FES ZARAGOZA,Escolarizado,https://www.dgae.unam.mx/Licenciatura2025/resultados/2/21005005.html,120,3202,2854,88,125,116336,34,,No seleccionado,,Consultar
2025,2,Licenciatura 2025,210,21005005,PSICOLOGIA,FES ZARAGOZA,Escolarizado,https://www.dgae.unam.mx/Licenciatura2025/resultados/2/21005005.html,120,3202,2854,88,125,116357,46,,No seleccionado,,Consultar
2025,2,Licenciatura 2025,210,21005005,PSICOLOGIA,FES ZARAGOZA,Escolarizado,https://www.dgae.unam.mx/Licenciatura2025/resultados/2/21005005.html,120,3202,2854,88,125,116367,38,,No seleccionado,,Consultar
2025,2,Licenciatura 2025,210,21005005,PSICOLOGIA,FES ZARAGOZA,Escolarizado,https://www.dgae.unam.mx/Licenciatura2025/resultados/2/21005005.html,120,3202,2854,88,125,116372,40,,No seleccionado,,Consultar
2025,2,Licenciatura 2025,210,21005005,PSICOLOGIA,FES ZARAGOZA,Escolarizado,https://www.dgae.unam.mx/Licenciatura2025/resultados/2/21005005.html,120,3202,2854,88,125,116379,41,,No seleccionado,,Consultar
2025,2,Licenciatura 2025,210,21005005,PSICOLOGIA,FES ZARAGOZA,Escolarizado,https://www.dgae.unam.mx/Licenciatura2025/resultados/2/21005005.html,120,3202,2854,88,125,116412,42,,No seleccionado,,Consultar
2025,2,Licenciatura 2025,210,21005005,PSICOLOGIA,FES ZARAGOZA,Escolarizado,https://www.dgae.unam.mx/Licenciatura2025/resultados/2/21005005.html,120,3202,2854,88,125,116423,85,,No seleccionado,,Consultar
2025,2,Licenciatura 2025,210,21005005,PSICOLOGIA,FES ZARAGOZA,Escolarizado,https://www.dgae.unam.mx/Licenciatura2025/resultados/2/21005005.html,120,3202,2854,88,125,116444,35,,No seleccionado,,Consultar
2025,2,Licenciatura 2025,210,21005005,PSICOLOGIA,FES ZARAGOZA,Escolarizado,https://www.dgae.unam.mx/Licenciatura2025/resultados/2/21005005.html,120,3202,2854,88,125,116461,37,,No seleccionado,,Consultar
2025,2,Licenciatura 2025,210,21005005,PSICOLOGIA,FES ZARAGOZA,Escolarizado,https://www.dgae.unam.mx/Licenciatura2025/resultados/2/21005005.html,120,3202,2854,88,125,116482,,N,No presentado,,Consultar
2025,2,Licenciatura 2025,210,21005005,PSICOLOGIA,FES ZARAGOZA,Escolarizado,https://www.dgae.unam.mx/Licenciatura2025/resultados/2/21005005.html,120,3202,2854,88,125,116509,35,,No seleccionado,,Consultar
2025,2,Licenciatura 2025,210,21005005,PSICOLOGIA,FES ZARAGOZA,Escolarizado,https://www.dgae.unam.mx/Licenciatura2025/resultados/2/21005005.html,120,3202,2854,88,125,116527,32,,No seleccionado,,Consultar
2025,2,Licenciatura 2025,210,21005005,PSICOLOGIA,FES ZARAGOZA,Escolarizado,https://www.dgae.unam.mx/Licenciatura2025/resultados/2/21005005.html,120,3202,2854,88,125,116532,,N,No presentado,,Consultar
2025,2,Licenciatura 2025,210,21005005,PSICOLOGIA,FES ZARAGOZA,Escolarizado,https://www.dgae.unam.mx/Licenciatura2025/resultados/2/21005005.html,120,3202,2854,88,125,116551,,N,No presentado,,Consultar
2025,2,Licenciatura 2025,210,21005005,PSICOLOGIA,FES ZARAGOZA,Escolarizado,https://www.dgae.unam.mx/Licenciatura2025/resultados/2/21005005.html,120,3202,2854,88,125,116566,45,,No seleccionado,,Consultar
2025,2,Licenciatura 2025,210,21005005,PSICOLOGIA,FES ZARAGOZA,Escolarizado,https://www.dgae.unam.mx/Licenciatura2025/resultados/2/21005005.html,120,3202,2854,88,125,116580,66,,No seleccionado,,Consultar
2025,2,Licenciatura 2025,210,21005005,PSICOLOGIA,FES ZARAGOZA,Escolarizado,https://www.dgae.unam.mx/Licenciatura2025/resultados/2/21005005.html,120,3202,2854,88,125,116592,55,,No seleccionado,,Consultar
2025,2,Licenciatura 2025,210,21005005,PSICOLOGIA,FES ZARAGOZA,Escolarizado,https://www.dgae.unam.mx/Licenciatura2025/resultados/2/21005005.html,120,3202,2854,88,125,116618,36,,No seleccionado,,Consultar
2025,2,Licenciatura 2025,210,21005005,PSICOLOGIA,FES ZARAGOZA,Escolarizado,https://www.dgae.unam.mx/Licenciatura2025/resultados/2/21005005.html,120,3202,2854,88,125,116634,99,S,Seleccionado,,Consultar
2025,2,Licenciatura 2025,210,21005005,PSICOLOGIA,FES ZARAGOZA,Escolarizado,https://www.dgae.unam.mx/Licenciatura2025/resultados/2/21005005.html,120,3202,2854,88,125,116639,,N,No presentado,,Consultar
2025,2,Licenciatura 2025,210,21005005,PSICOLOGIA,FES ZARAGOZA,Escolarizado,https://www.dgae.unam.mx/Licenciatura2025/resultados/2/21005005.html,120,3202,2854,88,125,116689,,N,No presentado,,Consultar
2025,2,Licenciatura 2025,210,21005005,PSICOLOGIA,FES ZARAGOZA,Escolarizado,https://www.dgae.unam.mx/Licenciatura2025/resultados/2/21005005.html,120,3202,2854,88,125,116713,56,,No seleccionado,,Consultar
2025,2,Licenciatura 2025,210,21005005,PSICOLOGIA,FES ZARAGOZA,Escolarizado,https://www.dgae.unam.mx/Licenciatura2025/resultados/2/21005005.html,120,3202,2854,88,125,116714,48,,No seleccionado,,Consultar
2025,2,Licenciatura 2025,210,21005005,PSICOLOGIA,FES ZARAGOZA,Escolarizado,https://www.dgae.unam.mx/Licenciatura2025/resultados/2/21005005.html,120,3202,2854,88,125,116717,39,,No seleccionado,,Consultar
2025,2,Licenciatura 2025,210,21005005,PSICOLOGIA,FES ZARAGOZA,Escolarizado,https://www.dgae.unam.mx/Licenciatura2025/resultados/2/21005005.html,120,3202,2854,88,125,116720,39,,No seleccionado,,Consultar
2025,2,Licenciatura 2025,210,21005005,PSICOLOGIA,FES ZARAGOZA,Escolarizado,https://www.dgae.unam.mx/Licenciatura2025/resultados/2/21005005.html,120,3202,2854,88,125,116723,44,,No seleccionado,,Consultar
2025,2,Licenciatura 2025,210,21005005,PSICOLOGIA,FES ZARAGOZA,Escolarizado,https://www.dgae.unam.mx/Licenciatura2025/resultados/2/21005005.html,120,3202,2854,88,125,116724,46,,No seleccionado,,Consultar
2025,2,Licenciatura 2025,210,21005005,PSICOLOGIA,FES ZARAGOZA,Escolarizado,https://www.dgae.unam.mx/Licenciatura2025/resultados/2/21005005.html,120,3202,2854,88,125,116730,53,,No seleccionado,,Consultar
2025,2,Licenciatura 2025,210,21005005,PSICOLOGIA,FES ZARAGOZA,Escolarizado,https://www.dgae.unam.mx/Licenciatura2025/resultados/2/21005005.html,120,3202,2854,88,125,116736,47,,No seleccionado,,Consultar
2025,2,Licenciatura 2025,210,21005005,PSICOLOGIA,FES ZARAGOZA,Escolarizado,https://www.dgae.unam.mx/Licenciatura2025/resultados/2/21005005.html,120,3202,2854,88,125,116737,66,,No seleccionado,,Consultar
2025,2,Licenciatura 2025,210,21005005,PSICOLOGIA,FES ZARAGOZA,Escolarizado,https://www.dgae.unam.mx/Licenciatura2025/resultados/2/21005005.html,120,3202,2854,88,125,116740,41,,No seleccionado,,Consultar
2025,2,Licenciatura 2025,210,21005005,PSICOLOGIA,FES ZARAGOZA,Escolarizado,https://www.dgae.unam.mx/Licenciatura2025/resultados/2/21005005.html,120,3202,2854,88,125,116748,38,,No seleccionado,,Consultar
2025,2,Licenciatura 2025,210,21005005,PSICOLOGIA,FES ZARAGOZA,Escolarizado,https://www.dgae.unam.mx/Licenciatura2025/resultados/2/21005005.html,120,3202,2854,88,125,116760,72,,No seleccionado,,Consultar
2025,2,Licenciatura 2025,210,21005005,PSICOLOGIA,FES ZARAGOZA,Escolarizado,https://www.dgae.unam.mx/Licenciatura2025/resultados/2/21005005.html,120,3202,2854,88,125,116766,43,,No seleccionado,,Consultar
2025,2,Licenciatura 2025,210,21005005,PSICOLOGIA,FES ZARAGOZA,Escolarizado,https://www.dgae.unam.mx/Licenciatura2025/resultados/2/21005005.html,120,3202,2854,88,125,116798,35,,No seleccionado,,Consultar
2025,2,Licenciatura 2025,210,21005005,PSICOLOGIA,FES ZARAGOZA,Escolarizado,https://www.dgae.unam.mx/Licenciatura2025/resultados/2/21005005.html,120,3202,2854,88,125,116802,45,,No seleccionado,,Consultar
2025,2,Licenciatura 2025,210,21005005,PSICOLOGIA,FES ZARAGOZA,Escolarizado,https://www.dgae.unam.mx/Licenciatura2025/resultados/2/21005005.html,120,3202,2854,88,125,116835,39,,No seleccionado,,Consultar
2025,2,Licenciatura 2025,210,21005005,PSICOLOGIA,FES ZARAGOZA,Escolarizado,https://www.dgae.unam.mx/Licenciatura2025/resultados/2/21005005.html,120,3202,2854,88,125,116860,48,,No seleccionado,,Consultar
2025,2,Licenciatura 2025,210,21005005,PSICOLOGIA,FES ZARAGOZA,Escolarizado,https://www.dgae.unam.mx/Licenciatura2025/resultados/2/21005005.html,120,3202,2854,88,125,116868,97,S,Seleccionado,Cita para entregar documentación.,Consultar
2025,2,Licenciatura 2025,210,21005005,PSICOLOGIA,FES ZARAGOZA,Escolarizado,https://www.dgae.unam.mx/Licenciatura2025/resultados/2/21005005.html,120,3202,2854,88,125,116890,43,,No seleccionado,,Consultar
2025,2,Licenciatura 2025,210,21005005,PSICOLOGIA,FES ZARAGOZA,Escolarizado,https://www.dgae.unam.mx/Licenciatura2025/resultados/2/21005005.html,120,3202,2854,88,125,116892,31,,No seleccionado,,Consultar
2025,2,Licenciatura 2025,210,21005005,PSICOLOGIA,FES ZARAGOZA,Escolarizado,https://www.dgae.unam.mx/Licenciatura2025/resultados/2/21005005.html,120,3202,2854,88,125,116918,69,,No seleccionado,,Consultar
2025,2,Licenciatura 2025,210,21005005,PSICOLOGIA,FES ZARAGOZA,Escolarizado,https://www.dgae.unam.mx/Licenciatura2025/resultados/2/21005005.html,120,3202,2854,88,125,116937,43,,No seleccionado,,Consultar
2025,2,Licenciatura 2025,210,21005005,PSICOLOGIA,FES ZARAGOZA,Escolarizado,https://www.dgae.unam.mx/Licenciatura2025/resultados/2/21005005.html,120,3202,2854,88,125,116940,75,,No seleccionado,,Consultar
2025,2,Licenciatura 2025,210,21005005,PSICOLOGIA,FES ZARAGOZA,Escolarizado,https://www.dgae.unam.mx/Licenciatura2025/resultados/2/21005005.html,120,3202,2854,88,125,116944,56,,No seleccionado,,Consultar
2025,2,Licenciatura 2025,210,21005005,PSICOLOGIA,FES ZARAGOZA,Escolarizado,https://www.dgae.unam.mx/Licenciatura2025/resultados/2/21005005.html,120,3202,2854,88,125,116968,73,,No seleccionado,,Consultar
2025,2,Licenciatura 2025,210,21005005,PSICOLOGIA,FES ZARAGOZA,Escolarizado,https://www.dgae.unam.mx/Licenciatura2025/resultados/2/21005005.html,120,3202,2854,88,125,116986,53,,No seleccionado,,Consultar
2025,2,Licenciatura 2025,210,21005005,PSICOLOGIA,FES ZARAGOZA,Escolarizado,https://www.dgae.unam.mx/Licenciatura2025/resultados/2/21005005.html,120,3202,2854,88,125,117041,,N,No presentado,,Consultar
2025,2,Licenciatura 2025,210,21005005,PSICOLOGIA,FES ZARAGOZA,Escolarizado,https://www.dgae.unam.mx/Licenciatura2025/resultados/2/21005005.html,120,3202,2854,88,125,117059,46,,No seleccionado,,Consultar
2025,2,Licenciatura 2025,210,21005005,PSICOLOGIA,FES ZARAGOZA,Escolarizado,https://www.dgae.unam.mx/Licenciatura2025/resultados/2/21005005.html,120,3202,2854,88,125,117061,39,,No seleccionado,,Consultar
2025,2,Licenciatura 2025,210,21005005,PSICOLOGIA,FES ZARAGOZA,Escolarizado,https://www.dgae.unam.mx/Licenciatura2025/resultados/2/21005005.html,120,3202,2854,88,125,117086,,N,No presentado,,Consultar
2025,2,Licenciatura 2025,210,21005005,PSICOLOGIA,FES ZARAGOZA,Escolarizado,https://www.dgae.unam.mx/Licenciatura2025/resultados/2/21005005.html,120,3202,2854,88,125,117089,49,,No seleccionado,,Consultar
2025,2,Licenciatura 2025,210,21005005,PSICOLOGIA,FES ZARAGOZA,Escolarizado,https://www.dgae.unam.mx/Licenciatura2025/resultados/2/21005005.html,120,3202,2854,88,125,117103,31,,No seleccionado,,Consultar
2025,2,Licenciatura 2025,210,21005005,PSICOLOGIA,FES ZARAGOZA,Escolarizado,https://www.dgae.unam.mx/Licenciatura2025/resultados/2/21005005.html,120,3202,2854,88,125,117110,35,,No seleccionado,,Consultar
2025,2,Licenciatura 2025,210,21005005,PSICOLOGIA,FES ZARAGOZA,Escolarizado,https://www.dgae.unam.mx/Licenciatura2025/resultados/2/21005005.html,120,3202,2854,88,125,117114,,N,No presentado,,Consultar
2025,2,Licenciatura 2025,210,21005005,PSICOLOGIA,FES ZARAGOZA,Escolarizado,https://www.dgae.unam.mx/Licenciatura2025/resultados/2/21005005.html,120,3202,2854,88,125,117117,36,,No seleccionado,,Consultar
2025,2,Licenciatura 2025,210,21005005,PSICOLOGIA,FES ZARAGOZA,Escolarizado,https://www.dgae.unam.mx/Licenciatura2025/resultados/2/21005005.html,120,3202,2854,88,125,117122,67,,No seleccionado,,Consultar
2025,2,Licenciatura 2025,210,21005005,PSICOLOGIA,FES ZARAGOZA,Escolarizado,https://www.dgae.unam.mx/Licenciatura2025/resultados/2/21005005.html,120,3202,2854,88,125,117124,76,,No seleccionado,,Consultar
2025,2,Licenciatura 2025,210,21005005,PSICOLOGIA,FES ZARAGOZA,Escolarizado,https://www.dgae.unam.mx/Licenciatura2025/resultados/2/21005005.html,120,3202,2854,88,125,117169,36,,No seleccionado,,Consultar
2025,2,Licenciatura 2025,210,21005005,PSICOLOGIA,FES ZARAGOZA,Escolarizado,https://www.dgae.unam.mx/Licenciatura2025/resultados/2/21005005.html,120,3202,2854,88,125,117207,58,,No seleccionado,,Consultar
2025,2,Licenciatura 2025,210,21005005,PSICOLOGIA,FES ZARAGOZA,Escolarizado,https://www.dgae.unam.mx/Licenciatura2025/resultados/2/21005005.html,120,3202,2854,88,125,117219,54,,No seleccionado,,Consultar
2025,2,Licenciatura 2025,210,21005005,PSICOLOGIA,FES ZARAGOZA,Escolarizado,https://www.dgae.unam.mx/Licenciatura2025/resultados/2/21005005.html,120,3202,2854,88,125,117222,,N,No presentado,,Consultar
2025,2,Licenciatura 2025,210,21005005,PSICOLOGIA,FES ZARAGOZA,Escolarizado,https://www.dgae.unam.mx/Licenciatura2025/resultados/2/21005005.html,120,3202,2854,88,125,117227,,N,No presentado,,Consultar
2025,2,Licenciatura 2025,210,21005005,PSICOLOGIA,FES ZARAGOZA,Escolarizado,https://www.dgae.unam.mx/Licenciatura2025/resultados/2/21005005.html,120,3202,2854,88,125,117241,29,,No seleccionado,,Consultar
2025,2,Licenciatura 2025,210,21005005,PSICOLOGIA,FES ZARAGOZA,Escolarizado,https://www.dgae.unam.mx/Licenciatura2025/resultados/2/21005005.html,120,3202,2854,88,125,117278,61,,No seleccionado,,Consultar
2025,2,Licenciatura 2025,210,21005005,PSICOLOGIA,FES ZARAGOZA,Escolarizado,https://www.dgae.unam.mx/Licenciatura2025/resultados/2/21005005.html,120,3202,2854,88,125,117288,31,,No seleccionado,,Consultar
2025,2,Licenciatura 2025,210,21005005,PSICOLOGIA,FES ZARAGOZA,Escolarizado,https://www.dgae.unam.mx/Licenciatura2025/resultados/2/21005005.html,120,3202,2854,88,125,117321,44,,No seleccionado,,Consultar
2025,2,Licenciatura 2025,210,21005005,PSICOLOGIA,FES ZARAGOZA,Escolarizado,https://www.dgae.unam.mx/Licenciatura2025/resultados/2/21005005.html,120,3202,2854,88,125,117327,52,,No seleccionado,,Consultar
2025,2,Licenciatura 2025,210,21005005,PSICOLOGIA,FES ZARAGOZA,Escolarizado,https://www.dgae.unam.mx/Licenciatura2025/resultados/2/21005005.html,120,3202,2854,88,125,117331,33,,No seleccionado,,Consultar
2025,2,Licenciatura 2025,210,21005005,PSICOLOGIA,FES ZARAGOZA,Escolarizado,https://www.dgae.unam.mx/Licenciatura2025/resultados/2/21005005.html,120,3202,2854,88,125,117336,30,,No seleccionado,,Consultar
2025,2,Licenciatura 2025,210,21005005,PSICOLOGIA,FES ZARAGOZA,Escolarizado,https://www.dgae.unam.mx/Licenciatura2025/resultados/2/21005005.html,120,3202,2854,88,125,117340,52,,No seleccionado,,Consultar
2025,2,Licenciatura 2025,210,21005005,PSICOLOGIA,FES ZARAGOZA,Escolarizado,https://www.dgae.unam.mx/Licenciatura2025/resultados/2/21005005.html,120,3202,2854,88,125,117365,58,,No seleccionado,,Consultar
2025,2,Licenciatura 2025,210,21005005,PSICOLOGIA,FES ZARAGOZA,Escolarizado,https://www.dgae.unam.mx/Licenciatura2025/resultados/2/21005005.html,120,3202,2854,88,125,117369,51,,No seleccionado,,Consultar
2025,2,Licenciatura 2025,210,21005005,PSICOLOGIA,FES ZARAGOZA,Escolarizado,https://www.dgae.unam.mx/Licenciatura2025/resultados/2/21005005.html,120,3202,2854,88,125,117394,46,,No seleccionado,,Consultar
2025,2,Licenciatura 2025,210,21005005,PSICOLOGIA,FES ZARAGOZA,Escolarizado,https://www.dgae.unam.mx/Licenciatura2025/resultados/2/21005005.html,120,3202,2854,88,125,117399,54,,No seleccionado,,Consultar
2025,2,Licenciatura 2025,210,21005005,PSICOLOGIA,FES ZARAGOZA,Escolarizado,https://www.dgae.unam.mx/Licenciatura2025/resultados/2/21005005.html,120,3202,2854,88,125,117408,50,,No seleccionado,,Consultar
2025,2,Licenciatura 2025,210,21005005,PSICOLOGIA,FES ZARAGOZA,Escolarizado,https://www.dgae.unam.mx/Licenciatura2025/resultados/2/21005005.html,120,3202,2854,88,125,117429,59,,No seleccionado,,Consultar
2025,2,Licenciatura 2025,210,21005005,PSICOLOGIA,FES ZARAGOZA,Escolarizado,https://www.dgae.unam.mx/Licenciatura2025/resultados/2/21005005.html,120,3202,2854,88,125,117438,69,,No seleccionado,,Consultar
2025,2,Licenciatura 2025,210,21005005,PSICOLOGIA,FES ZARAGOZA,Escolarizado,https://www.dgae.unam.mx/Licenciatura2025/resultados/2/21005005.html,120,3202,2854,88,125,117447,46,,No seleccionado,,Consultar
2025,2,Licenciatura 2025,210,21005005,PSICOLOGIA,FES ZARAGOZA,Escolarizado,https://www.dgae.unam.mx/Licenciatura2025/resultados/2/21005005.html,120,3202,2854,88,125,117451,34,,No seleccionado,,Consultar
2025,2,Licenciatura 2025,210,21005005,PSICOLOGIA,FES ZARAGOZA,Escolarizado,https://www.dgae.unam.mx/Licenciatura2025/resultados/2/21005005.html,120,3202,2854,88,125,117470,42,,No seleccionado,,Consultar
2025,2,Licenciatura 2025,210,21005005,PSICOLOGIA,FES ZARAGOZA,Escolarizado,https://www.dgae.unam.mx/Licenciatura2025/resultados/2/21005005.html,120,3202,2854,88,125,117479,40,,No seleccionado,,Consultar
2025,2,Licenciatura 2025,210,21005005,PSICOLOGIA,FES ZARAGOZA,Escolarizado,https://www.dgae.unam.mx/Licenciatura2025/resultados/2/21005005.html,120,3202,2854,88,125,117490,35,,No seleccionado,,Consultar
2025,2,Licenciatura 2025,210,21005005,PSICOLOGIA,FES ZARAGOZA,Escolarizado,https://www.dgae.unam.mx/Licenciatura2025/resultados/2/21005005.html,120,3202,2854,88,125,117498,53,,No seleccionado,,Consultar
2025,2,Licenciatura 2025,210,21005005,PSICOLOGIA,FES ZARAGOZA,Escolarizado,https://www.dgae.unam.mx/Licenciatura2025/resultados/2/21005005.html,120,3202,2854,88,125,117499,54,,No seleccionado,,Consultar
2025,2,Licenciatura 2025,210,21005005,PSICOLOGIA,FES ZARAGOZA,Escolarizado,https://www.dgae.unam.mx/Licenciatura2025/resultados/2/21005005.html,120,3202,2854,88,125,117513,43,,No seleccionado,,Consultar
2025,2,Licenciatura 2025,210,21005005,PSICOLOGIA,FES ZARAGOZA,Escolarizado,https://www.dgae.unam.mx/Licenciatura2025/resultados/2/21005005.html,120,3202,2854,88,125,117517,,N,No presentado,,Consultar
2025,2,Licenciatura 2025,210,21005005,PSICOLOGIA,FES ZARAGOZA,Escolarizado,https://www.dgae.unam.mx/Licenciatura2025/resultados/2/21005005.html,120,3202,2854,88,125,117523,60,,No seleccionado,,Consultar
2025,2,Licenciatura 2025,210,21005005,PSICOLOGIA,FES ZARAGOZA,Escolarizado,https://www.dgae.unam.mx/Licenciatura2025/resultados/2/21005005.html,120,3202,2854,88,125,117527,48,,No seleccionado,,Consultar
2025,2,Licenciatura 2025,210,21005005,PSICOLOGIA,FES ZARAGOZA,Escolarizado,https://www.dgae.unam.mx/Licenciatura2025/resultados/2/21005005.html,120,3202,2854,88,125,117548,70,,No seleccionado,,Consultar
2025,2,Licenciatura 2025,210,21005005,PSICOLOGIA,FES ZARAGOZA,Escolarizado,https://www.dgae.unam.mx/Licenciatura2025/resultados/2/21005005.html,120,3202,2854,88,125,117574,40,,No seleccionado,,Consultar
2025,2,Licenciatura 2025,210,21005005,PSICOLOGIA,FES ZARAGOZA,Escolarizado,https://www.dgae.unam.mx/Licenciatura2025/resultados/2/21005005.html,120,3202,2854,88,125,117693,45,,No seleccionado,,Consultar
2025,2,Licenciatura 2025,210,21005005,PSICOLOGIA,FES ZARAGOZA,Escolarizado,https://www.dgae.unam.mx/Licenciatura2025/resultados/2/21005005.html,120,3202,2854,88,125,117702,36,,No seleccionado,,Consultar
2025,2,Licenciatura 2025,210,21005005,PSICOLOGIA,FES ZARAGOZA,Escolarizado,https://www.dgae.unam.mx/Licenciatura2025/resultados/2/21005005.html,120,3202,2854,88,125,117746,56,,No seleccionado,,Consultar
2025,2,Licenciatura 2025,210,21005005,PSICOLOGIA,FES ZARAGOZA,Escolarizado,https://www.dgae.unam.mx/Licenciatura2025/resultados/2/21005005.html,120,3202,2854,88,125,117760,57,,No seleccionado,,Consultar
2025,2,Licenciatura 2025,210,21005005,PSICOLOGIA,FES ZARAGOZA,Escolarizado,https://www.dgae.unam.mx/Licenciatura2025/resultados/2/21005005.html,120,3202,2854,88,125,117778,25,,No seleccionado,,Consultar
2025,2,Licenciatura 2025,210,21005005,PSICOLOGIA,FES ZARAGOZA,Escolarizado,https://www.dgae.unam.mx/Licenciatura2025/resultados/2/21005005.html,120,3202,2854,88,125,117794,69,,No seleccionado,,Consultar
2025,2,Licenciatura 2025,210,21005005,PSICOLOGIA,FES ZARAGOZA,Escolarizado,https://www.dgae.unam.mx/Licenciatura2025/resultados/2/21005005.html,120,3202,2854,88,125,117799,49,,No seleccionado,,Consultar
2025,2,Licenciatura 2025,210,21005005,PSICOLOGIA,FES ZARAGOZA,Escolarizado,https://www.dgae.unam.mx/Licenciatura2025/resultados/2/21005005.html,120,3202,2854,88,125,117805,65,,No seleccionado,,Consultar
2025,2,Licenciatura 2025,210,21005005,PSICOLOGIA,FES ZARAGOZA,Escolarizado,https://www.dgae.unam.mx/Licenciatura2025/resultados/2/21005005.html,120,3202,2854,88,125,117813,53,,No seleccionado,,Consultar
2025,2,Licenciatura 2025,210,21005005,PSICOLOGIA,FES ZARAGOZA,Escolarizado,https://www.dgae.unam.mx/Licenciatura2025/resultados/2/21005005.html,120,3202,2854,88,125,117815,,N,No presentado,,Consultar
2025,2,Licenciatura 2025,210,21005005,PSICOLOGIA,FES ZARAGOZA,Escolarizado,https://www.dgae.unam.mx/Licenciatura2025/resultados/2/21005005.html,120,3202,2854,88,125,117821,43,,No seleccionado,,Consultar
2025,2,Licenciatura 2025,210,21005005,PSICOLOGIA,FES ZARAGOZA,Escolarizado,https://www.dgae.unam.mx/Licenciatura2025/resultados/2/21005005.html,120,3202,2854,88,125,117844,36,,No seleccionado,,Consultar
2025,2,Licenciatura 2025,210,21005005,PSICOLOGIA,FES ZARAGOZA,Escolarizado,https://www.dgae.unam.mx/Licenciatura2025/resultados/2/21005005.html,120,3202,2854,88,125,117865,89,S,Seleccionado,Cita para entregar documentación.,Consultar
2025,2,Licenciatura 2025,210,21005005,PSICOLOGIA,FES ZARAGOZA,Escolarizado,https://www.dgae.unam.mx/Licenciatura2025/resultados/2/21005005.html,120,3202,2854,88,125,117881,79,,No seleccionado,,Consultar
2025,2,Licenciatura 2025,210,21005005,PSICOLOGIA,FES ZARAGOZA,Escolarizado,https://www.dgae.unam.mx/Licenciatura2025/resultados/2/21005005.html,120,3202,2854,88,125,117928,87,,No seleccionado,,Consultar
2025,2,Licenciatura 2025,210,21005005,PSICOLOGIA,FES ZARAGOZA,Escolarizado,https://www.dgae.unam.mx/Licenciatura2025/resultados/2/21005005.html,120,3202,2854,88,125,117930,44,,No seleccionado,,Consultar
2025,2,Licenciatura 2025,210,21005005,PSICOLOGIA,FES ZARAGOZA,Escolarizado,https://www.dgae.unam.mx/Licenciatura2025/resultados/2/21005005.html,120,3202,2854,88,125,117980,57,,No seleccionado,,Consultar
2025,2,Licenciatura 2025,210,21005005,PSICOLOGIA,FES ZARAGOZA,Escolarizado,https://www.dgae.unam.mx/Licenciatura2025/resultados/2/21005005.html,120,3202,2854,88,125,117987,41,,No seleccionado,,Consultar
2025,2,Licenciatura 2025,210,21005005,PSICOLOGIA,FES ZARAGOZA,Escolarizado,https://www.dgae.unam.mx/Licenciatura2025/resultados/2/21005005.html,120,3202,2854,88,125,118055,,N,No presentado,,Consultar
2025,2,Licenciatura 2025,210,21005005,PSICOLOGIA,FES ZARAGOZA,Escolarizado,https://www.dgae.unam.mx/Licenciatura2025/resultados/2/21005005.html,120,3202,2854,88,125,118065,72,,No seleccionado,,Consultar
2025,2,Licenciatura 2025,210,21005005,PSICOLOGIA,FES ZARAGOZA,Escolarizado,https://www.dgae.unam.mx/Licenciatura2025/resultados/2/21005005.html,120,3202,2854,88,125,118071,63,,No seleccionado,,Consultar
2025,2,Licenciatura 2025,210,21005005,PSICOLOGIA,FES ZARAGOZA,Escolarizado,https://www.dgae.unam.mx/Licenciatura2025/resultados/2/21005005.html,120,3202,2854,88,125,118079,74,,No seleccionado,,Consultar
2025,2,Licenciatura 2025,210,21005005,PSICOLOGIA,FES ZARAGOZA,Escolarizado,https://www.dgae.unam.mx/Licenciatura2025/resultados/2/21005005.html,120,3202,2854,88,125,118125,37,,No seleccionado,,Consultar
2025,2,Licenciatura 2025,210,21005005,PSICOLOGIA,FES ZARAGOZA,Escolarizado,https://www.dgae.unam.mx/Licenciatura2025/resultados/2/21005005.html,120,3202,2854,88,125,118127,58,,No seleccionado,,Consultar
2025,2,Licenciatura 2025,210,21005005,PSICOLOGIA,FES ZARAGOZA,Escolarizado,https://www.dgae.unam.mx/Licenciatura2025/resultados/2/21005005.html,120,3202,2854,88,125,118128,,N,No presentado,,Consultar
2025,2,Licenciatura 2025,210,21005005,PSICOLOGIA,FES ZARAGOZA,Escolarizado,https://www.dgae.unam.mx/Licenciatura2025/resultados/2/21005005.html,120,3202,2854,88,125,118134,46,,No seleccionado,,Consultar
2025,2,Licenciatura 2025,210,21005005,PSICOLOGIA,FES ZARAGOZA,Escolarizado,https://www.dgae.unam.mx/Licenciatura2025/resultados/2/21005005.html,120,3202,2854,88,125,118152,33,,No seleccionado,,Consultar
2025,2,Licenciatura 2025,210,21005005,PSICOLOGIA,FES ZARAGOZA,Escolarizado,https://www.dgae.unam.mx/Licenciatura2025/resultados/2/21005005.html,120,3202,2854,88,125,118153,95,S,Seleccionado,Cita para entregar documentación.,Consultar
2025,2,Licenciatura 2025,210,21005005,PSICOLOGIA,FES ZARAGOZA,Escolarizado,https://www.dgae.unam.mx/Licenciatura2025/resultados/2/21005005.html,120,3202,2854,88,125,118172,40,,No seleccionado,,Consultar
2025,2,Licenciatura 2025,210,21005005,PSICOLOGIA,FES ZARAGOZA,Escolarizado,https://www.dgae.unam.mx/Licenciatura2025/resultados/2/21005005.html,120,3202,2854,88,125,118174,43,,No seleccionado,,Consultar
2025,2,Licenciatura 2025,210,21005005,PSICOLOGIA,FES ZARAGOZA,Escolarizado,https://www.dgae.unam.mx/Licenciatura2025/resultados/2/21005005.html,120,3202,2854,88,125,118176,42,,No seleccionado,,Consultar
2025,2,Licenciatura 2025,210,21005005,PSICOLOGIA,FES ZARAGOZA,Escolarizado,https://www.dgae.unam.mx/Licenciatura2025/resultados/2/21005005.html,120,3202,2854,88,125,118193,69,,No seleccionado,,Consultar
2025,2,Licenciatura 2025,210,21005005,PSICOLOGIA,FES ZARAGOZA,Escolarizado,https://www.dgae.unam.mx/Licenciatura2025/resultados/2/21005005.html,120,3202,2854,88,125,118197,32,,No seleccionado,,Consultar
2025,2,Licenciatura 2025,210,21005005,PSICOLOGIA,FES ZARAGOZA,Escolarizado,https://www.dgae.unam.mx/Licenciatura2025/resultados/2/21005005.html,120,3202,2854,88,125,118203,44,,No seleccionado,,Consultar
2025,2,Licenciatura 2025,210,21005005,PSICOLOGIA,FES ZARAGOZA,Escolarizado,https://www.dgae.unam.mx/Licenciatura2025/resultados/2/21005005.html,120,3202,2854,88,125,118207,68,,No seleccionado,,Consultar
2025,2,Licenciatura 2025,210,21005005,PSICOLOGIA,FES ZARAGOZA,Escolarizado,https://www.dgae.unam.mx/Licenciatura2025/resultados/2/21005005.html,120,3202,2854,88,125,118231,43,,No seleccionado,,Consultar
2025,2,Licenciatura 2025,210,21005005,PSICOLOGIA,FES ZARAGOZA,Escolarizado,https://www.dgae.unam.mx/Licenciatura2025/resultados/2/21005005.html,120,3202,2854,88,125,118234,43,,No seleccionado,,Consultar
2025,2,Licenciatura 2025,210,21005005,PSICOLOGIA,FES ZARAGOZA,Escolarizado,https://www.dgae.unam.mx/Licenciatura2025/resultados/2/21005005.html,120,3202,2854,88,125,118235,56,,No seleccionado,,Consultar
2025,2,Licenciatura 2025,210,21005005,PSICOLOGIA,FES ZARAGOZA,Escolarizado,https://www.dgae.unam.mx/Licenciatura2025/resultados/2/21005005.html,120,3202,2854,88,125,118237,67,,No seleccionado,,Consultar
2025,2,Licenciatura 2025,210,21005005,PSICOLOGIA,FES ZARAGOZA,Escolarizado,https://www.dgae.unam.mx/Licenciatura2025/resultados/2/21005005.html,120,3202,2854,88,125,118246,47,,No seleccionado,,Consultar
2025,2,Licenciatura 2025,210,21005005,PSICOLOGIA,FES ZARAGOZA,Escolarizado,https://www.dgae.unam.mx/Licenciatura2025/resultados/2/21005005.html,120,3202,2854,88,125,118265,52,,No seleccionado,,Consultar
2025,2,Licenciatura 2025,210,21005005,PSICOLOGIA,FES ZARAGOZA,Escolarizado,https://www.dgae.unam.mx/Licenciatura2025/resultados/2/21005005.html,120,3202,2854,88,125,118282,58,,No seleccionado,,Consultar
2025,2,Licenciatura 2025,210,21005005,PSICOLOGIA,FES ZARAGOZA,Escolarizado,https://www.dgae.unam.mx/Licenciatura2025/resultados/2/21005005.html,120,3202,2854,88,125,118283,43,,No seleccionado,,Consultar
2025,2,Licenciatura 2025,210,21005005,PSICOLOGIA,FES ZARAGOZA,Escolarizado,https://www.dgae.unam.mx/Licenciatura2025/resultados/2/21005005.html,120,3202,2854,88,125,118323,36,,No seleccionado,,Consultar
2025,2,Licenciatura 2025,210,21005005,PSICOLOGIA,FES ZARAGOZA,Escolarizado,https://www.dgae.unam.mx/Licenciatura2025/resultados/2/21005005.html,120,3202,2854,88,125,118332,32,,No seleccionado,,Consultar
2025,2,Licenciatura 2025,210,21005005,PSICOLOGIA,FES ZARAGOZA,Escolarizado,https://www.dgae.unam.mx/Licenciatura2025/resultados/2/21005005.html,120,3202,2854,88,125,118335,33,,No seleccionado,,Consultar
2025,2,Licenciatura 2025,210,21005005,PSICOLOGIA,FES ZARAGOZA,Escolarizado,https://www.dgae.unam.mx/Licenciatura2025/resultados/2/21005005.html,120,3202,2854,88,125,118359,58,,No seleccionado,,Consultar
2025,2,Licenciatura 2025,210,21005005,PSICOLOGIA,FES ZARAGOZA,Escolarizado,https://www.dgae.unam.mx/Licenciatura2025/resultados/2/21005005.html,120,3202,2854,88,125,118403,31,,No seleccionado,,Consultar
2025,2,Licenciatura 2025,210,21005005,PSICOLOGIA,FES ZARAGOZA,Escolarizado,https://www.dgae.unam.mx/Licenciatura2025/resultados/2/21005005.html,120,3202,2854,88,125,118447,48,,No seleccionado,,Consultar
2025,2,Licenciatura 2025,210,21005005,PSICOLOGIA,FES ZARAGOZA,Escolarizado,https://www.dgae.unam.mx/Licenciatura2025/resultados/2/21005005.html,120,3202,2854,88,125,118475,35,,No seleccionado,,Consultar
2025,2,Licenciatura 2025,210,21005005,PSICOLOGIA,FES ZARAGOZA,Escolarizado,https://www.dgae.unam.mx/Licenciatura2025/resultados/2/21005005.html,120,3202,2854,88,125,118483,25,,No seleccionado,,Consultar
2025,2,Licenciatura 2025,210,21005005,PSICOLOGIA,FES ZARAGOZA,Escolarizado,https://www.dgae.unam.mx/Licenciatura2025/resultados/2/21005005.html,120,3202,2854,88,125,118514,,N,No presentado,,Consultar
2025,2,Licenciatura 2025,210,21005005,PSICOLOGIA,FES ZARAGOZA,Escolarizado,https://www.dgae.unam.mx/Licenciatura2025/resultados/2/21005005.html,120,3202,2854,88,125,118578,29,,No seleccionado,,Consultar
2025,2,Licenciatura 2025,210,21005005,PSICOLOGIA,FES ZARAGOZA,Escolarizado,https://www.dgae.unam.mx/Licenciatura2025/resultados/2/21005005.html,120,3202,2854,88,125,118604,49,,No seleccionado,,Consultar
2025,2,Licenciatura 2025,210,21005005,PSICOLOGIA,FES ZARAGOZA,Escolarizado,https://www.dgae.unam.mx/Licenciatura2025/resultados/2/21005005.html,120,3202,2854,88,125,118619,30,,No seleccionado,,Consultar
2025,2,Licenciatura 2025,210,21005005,PSICOLOGIA,FES ZARAGOZA,Escolarizado,https://www.dgae.unam.mx/Licenciatura2025/resultados/2/21005005.html,120,3202,2854,88,125,118650,43,,No seleccionado,,Consultar
2025,2,Licenciatura 2025,210,21005005,PSICOLOGIA,FES ZARAGOZA,Escolarizado,https://www.dgae.unam.mx/Licenciatura2025/resultados/2/21005005.html,120,3202,2854,88,125,118654,43,,No seleccionado,,Consultar
2025,2,Licenciatura 2025,210,21005005,PSICOLOGIA,FES ZARAGOZA,Escolarizado,https://www.dgae.unam.mx/Licenciatura2025/resultados/2/21005005.html,120,3202,2854,88,125,118664,40,,No seleccionado,,Consultar
2025,2,Licenciatura 2025,210,21005005,PSICOLOGIA,FES ZARAGOZA,Escolarizado,https://www.dgae.unam.mx/Licenciatura2025/resultados/2/21005005.html,120,3202,2854,88,125,118729,54,,No seleccionado,,Consultar
2025,2,Licenciatura 2025,210,21005005,PSICOLOGIA,FES ZARAGOZA,Escolarizado,https://www.dgae.unam.mx/Licenciatura2025/resultados/2/21005005.html,120,3202,2854,88,125,118736,33,,No seleccionado,,Consultar
2025,2,Licenciatura 2025,210,21005005,PSICOLOGIA,FES ZARAGOZA,Escolarizado,https://www.dgae.unam.mx/Licenciatura2025/resultados/2/21005005.html,120,3202,2854,88,125,118776,51,,No seleccionado,,Consultar
2025,2,Licenciatura 2025,210,21005005,PSICOLOGIA,FES ZARAGOZA,Escolarizado,https://www.dgae.unam.mx/Licenciatura2025/resultados/2/21005005.html,120,3202,2854,88,125,118779,53,,No seleccionado,,Consultar
2025,2,Licenciatura 2025,210,21005005,PSICOLOGIA,FES ZARAGOZA,Escolarizado,https://www.dgae.unam.mx/Licenciatura2025/resultados/2/21005005.html,120,3202,2854,88,125,118801,48,,No seleccionado,,Consultar
2025,2,Licenciatura 2025,210,21005005,PSICOLOGIA,FES ZARAGOZA,Escolarizado,https://www.dgae.unam.mx/Licenciatura2025/resultados/2/21005005.html,120,3202,2854,88,125,118829,44,,No seleccionado,,Consultar
2025,2,Licenciatura 2025,210,21005005,PSICOLOGIA,FES ZARAGOZA,Escolarizado,https://www.dgae.unam.mx/Licenciatura2025/resultados/2/21005005.html,120,3202,2854,88,125,118839,43,,No seleccionado,,Consultar
2025,2,Licenciatura 2025,210,21005005,PSICOLOGIA,FES ZARAGOZA,Escolarizado,https://www.dgae.unam.mx/Licenciatura2025/resultados/2/21005005.html,120,3202,2854,88,125,118874,64,,No seleccionado,,Consultar
2025,2,Licenciatura 2025,210,21005005,PSICOLOGIA,FES ZARAGOZA,Escolarizado,https://www.dgae.unam.mx/Licenciatura2025/resultados/2/21005005.html,120,3202,2854,88,125,118896,25,,No seleccionado,,Consultar
2025,2,Licenciatura 2025,210,21005005,PSICOLOGIA,FES ZARAGOZA,Escolarizado,https://www.dgae.unam.mx/Licenciatura2025/resultados/2/21005005.html,120,3202,2854,88,125,118906,,N,No presentado,,Consultar
2025,2,Licenciatura 2025,210,21005005,PSICOLOGIA,FES ZARAGOZA,Escolarizado,https://www.dgae.unam.mx/Licenciatura2025/resultados/2/21005005.html,120,3202,2854,88,125,118939,36,,No seleccionado,,Consultar
2025,2,Licenciatura 2025,210,21005005,PSICOLOGIA,FES ZARAGOZA,Escolarizado,https://www.dgae.unam.mx/Licenciatura2025/resultados/2/21005005.html,120,3202,2854,88,125,118946,75,,No seleccionado,,Consultar
2025,2,Licenciatura 2025,210,21005005,PSICOLOGIA,FES ZARAGOZA,Escolarizado,https://www.dgae.unam.mx/Licenciatura2025/resultados/2/21005005.html,120,3202,2854,88,125,118950,42,,No seleccionado,,Consultar
2025,2,Licenciatura 2025,210,21005005,PSICOLOGIA,FES ZARAGOZA,Escolarizado,https://www.dgae.unam.mx/Licenciatura2025/resultados/2/21005005.html,120,3202,2854,88,125,119000,35,,No seleccionado,,Consultar
2025,2,Licenciatura 2025,210,21005005,PSICOLOGIA,FES ZARAGOZA,Escolarizado,https://www.dgae.unam.mx/Licenciatura2025/resultados/2/21005005.html,120,3202,2854,88,125,119046,50,,No seleccionado,,Consultar
2025,2,Licenciatura 2025,210,21005005,PSICOLOGIA,FES ZARAGOZA,Escolarizado,https://www.dgae.unam.mx/Licenciatura2025/resultados/2/21005005.html,120,3202,2854,88,125,119064,37,,No seleccionado,,Consultar
2025,2,Licenciatura 2025,210,21005005,PSICOLOGIA,FES ZARAGOZA,Escolarizado,https://www.dgae.unam.mx/Licenciatura2025/resultados/2/21005005.html,120,3202,2854,88,125,119111,49,,No seleccionado,,Consultar
2025,2,Licenciatura 2025,210,21005005,PSICOLOGIA,FES ZARAGOZA,Escolarizado,https://www.dgae.unam.mx/Licenciatura2025/resultados/2/21005005.html,120,3202,2854,88,125,119169,59,,No seleccionado,,Consultar
2025,2,Licenciatura 2025,210,21005005,PSICOLOGIA,FES ZARAGOZA,Escolarizado,https://www.dgae.unam.mx/Licenciatura2025/resultados/2/21005005.html,120,3202,2854,88,125,119190,38,,No seleccionado,,Consultar
2025,2,Licenciatura 2025,210,21005005,PSICOLOGIA,FES ZARAGOZA,Escolarizado,https://www.dgae.unam.mx/Licenciatura2025/resultados/2/21005005.html,120,3202,2854,88,125,119223,63,,No seleccionado,,Consultar
2025,2,Licenciatura 2025,210,21005005,PSICOLOGIA,FES ZARAGOZA,Escolarizado,https://www.dgae.unam.mx/Licenciatura2025/resultados/2/21005005.html,120,3202,2854,88,125,119239,63,,No seleccionado,,Consultar
2025,2,Licenciatura 2025,210,21005005,PSICOLOGIA,FES ZARAGOZA,Escolarizado,https://www.dgae.unam.mx/Licenciatura2025/resultados/2/21005005.html,120,3202,2854,88,125,119264,38,,No seleccionado,,Consultar
2025,2,Licenciatura 2025,210,21005005,PSICOLOGIA,FES ZARAGOZA,Escolarizado,https://www.dgae.unam.mx/Licenciatura2025/resultados/2/21005005.html,120,3202,2854,88,125,119293,48,,No seleccionado,,Consultar
2025,2,Licenciatura 2025,210,21005005,PSICOLOGIA,FES ZARAGOZA,Escolarizado,https://www.dgae.unam.mx/Licenciatura2025/resultados/2/21005005.html,120,3202,2854,88,125,119340,36,,No seleccionado,,Consultar
2025,2,Licenciatura 2025,210,21005005,PSICOLOGIA,FES ZARAGOZA,Escolarizado,https://www.dgae.unam.mx/Licenciatura2025/resultados/2/21005005.html,120,3202,2854,88,125,119382,52,,No seleccionado,,Consultar
2025,2,Licenciatura 2025,210,21005005,PSICOLOGIA,FES ZARAGOZA,Escolarizado,https://www.dgae.unam.mx/Licenciatura2025/resultados/2/21005005.html,120,3202,2854,88,125,119385,77,,No seleccionado,,Consultar
2025,2,Licenciatura 2025,210,21005005,PSICOLOGIA,FES ZARAGOZA,Escolarizado,https://www.dgae.unam.mx/Licenciatura2025/resultados/2/21005005.html,120,3202,2854,88,125,119428,53,,No seleccionado,,Consultar
2025,2,Licenciatura 2025,210,21005005,PSICOLOGIA,FES ZARAGOZA,Escolarizado,https://www.dgae.unam.mx/Licenciatura2025/resultados/2/21005005.html,120,3202,2854,88,125,119457,51,,No seleccionado,,Consultar
2025,2,Licenciatura 2025,210,21005005,PSICOLOGIA,FES ZARAGOZA,Escolarizado,https://www.dgae.unam.mx/Licenciatura2025/resultados/2/21005005.html,120,3202,2854,88,125,119460,48,,No seleccionado,,Consultar
2025,2,Licenciatura 2025,210,21005005,PSICOLOGIA,FES ZARAGOZA,Escolarizado,https://www.dgae.unam.mx/Licenciatura2025/resultados/2/21005005.html,120,3202,2854,88,125,119481,46,,No seleccionado,,Consultar
2025,2,Licenciatura 2025,210,21005005,PSICOLOGIA,FES ZARAGOZA,Escolarizado,https://www.dgae.unam.mx/Licenciatura2025/resultados/2/21005005.html,120,3202,2854,88,125,119497,32,,No seleccionado,,Consultar
2025,2,Licenciatura 2025,210,21005005,PSICOLOGIA,FES ZARAGOZA,Escolarizado,https://www.dgae.unam.mx/Licenciatura2025/resultados/2/21005005.html,120,3202,2854,88,125,119515,42,,No seleccionado,,Consultar
2025,2,Licenciatura 2025,210,21005005,PSICOLOGIA,FES ZARAGOZA,Escolarizado,https://www.dgae.unam.mx/Licenciatura2025/resultados/2/21005005.html,120,3202,2854,88,125,119519,50,,No seleccionado,,Consultar
2025,2,Licenciatura 2025,210,21005005,PSICOLOGIA,FES ZARAGOZA,Escolarizado,https://www.dgae.unam.mx/Licenciatura2025/resultados/2/21005005.html,120,3202,2854,88,125,119520,47,,No seleccionado,,Consultar
2025,2,Licenciatura 2025,210,21005005,PSICOLOGIA,FES ZARAGOZA,Escolarizado,https://www.dgae.unam.mx/Licenciatura2025/resultados/2/21005005.html,120,3202,2854,88,125,119551,43,,No seleccionado,,Consultar
2025,2,Licenciatura 2025,210,21005005,PSICOLOGIA,FES ZARAGOZA,Escolarizado,https://www.dgae.unam.mx/Licenciatura2025/resultados/2/21005005.html,120,3202,2854,88,125,119573,61,,No seleccionado,,Consultar
2025,2,Licenciatura 2025,210,21005005,PSICOLOGIA,FES ZARAGOZA,Escolarizado,https://www.dgae.unam.mx/Licenciatura2025/resultados/2/21005005.html,120,3202,2854,88,125,119627,43,,No seleccionado,,Consultar
2025,2,Licenciatura 2025,210,21005005,PSICOLOGIA,FES ZARAGOZA,Escolarizado,https://www.dgae.unam.mx/Licenciatura2025/resultados/2/21005005.html,120,3202,2854,88,125,119694,34,,No seleccionado,,Consultar
2025,2,Licenciatura 2025,210,21005005,PSICOLOGIA,FES ZARAGOZA,Escolarizado,https://www.dgae.unam.mx/Licenciatura2025/resultados/2/21005005.html,120,3202,2854,88,125,119695,40,,No seleccionado,,Consultar
2025,2,Licenciatura 2025,210,21005005,PSICOLOGIA,FES ZARAGOZA,Escolarizado,https://www.dgae.unam.mx/Licenciatura2025/resultados/2/21005005.html,120,3202,2854,88,125,119737,44,,No seleccionado,,Consultar
2025,2,Licenciatura 2025,210,21005005,PSICOLOGIA,FES ZARAGOZA,Escolarizado,https://www.dgae.unam.mx/Licenciatura2025/resultados/2/21005005.html,120,3202,2854,88,125,119814,63,,No seleccionado,,Consultar
2025,2,Licenciatura 2025,210,21005005,PSICOLOGIA,FES ZARAGOZA,Escolarizado,https://www.dgae.unam.mx/Licenciatura2025/resultados/2/21005005.html,120,3202,2854,88,125,119825,55,,No seleccionado,,Consultar
2025,2,Licenciatura 2025,210,21005005,PSICOLOGIA,FES ZARAGOZA,Escolarizado,https://www.dgae.unam.mx/Licenciatura2025/resultados/2/21005005.html,120,3202,2854,88,125,119854,31,,No seleccionado,,Consultar
2025,2,Licenciatura 2025,210,21005005,PSICOLOGIA,FES ZARAGOZA,Escolarizado,https://www.dgae.unam.mx/Licenciatura2025/resultados/2/21005005.html,120,3202,2854,88,125,120129,65,,No seleccionado,,Consultar
2025,2,Licenciatura 2025,210,21005005,PSICOLOGIA,FES ZARAGOZA,Escolarizado,https://www.dgae.unam.mx/Licenciatura2025/resultados/2/21005005.html,120,3202,2854,88,125,120409,,N,No presentado,,Consultar
2025,2,Licenciatura 2025,210,21005005,PSICOLOGIA,FES ZARAGOZA,Escolarizado,https://www.dgae.unam.mx/Licenciatura2025/resultados/2/21005005.html,120,3202,2854,88,125,120511,103,S,Seleccionado,Cita para entregar documentación.,Consultar
2025,2,Licenciatura 2025,210,21005005,PSICOLOGIA,FES ZARAGOZA,Escolarizado,https://www.dgae.unam.mx/Licenciatura2025/resultados/2/21005005.html,120,3202,2854,88,125,120673,50,,No seleccionado,,Consultar
2025,2,Licenciatura 2025,210,21005005,PSICOLOGIA,FES ZARAGOZA,Escolarizado,https://www.dgae.unam.mx/Licenciatura2025/resultados/2/21005005.html,120,3202,2854,88,125,120686,59,,No seleccionado,,Consultar
2025,2,Licenciatura 2025,210,21005005,PSICOLOGIA,FES ZARAGOZA,Escolarizado,https://www.dgae.unam.mx/Licenciatura2025/resultados/2/21005005.html,120,3202,2854,88,125,120750,50,,No seleccionado,,Consultar
2025,2,Licenciatura 2025,210,21005005,PSICOLOGIA,FES ZARAGOZA,Escolarizado,https://www.dgae.unam.mx/Licenciatura2025/resultados/2/21005005.html,120,3202,2854,88,125,120769,,N,No presentado,,Consultar
2025,2,Licenciatura 2025,210,21005005,PSICOLOGIA,FES ZARAGOZA,Escolarizado,https://www.dgae.unam.mx/Licenciatura2025/resultados/2/21005005.html,120,3202,2854,88,125,121109,49,,No seleccionado,,Consultar
2025,2,Licenciatura 2025,210,21005005,PSICOLOGIA,FES ZARAGOZA,Escolarizado,https://www.dgae.unam.mx/Licenciatura2025/resultados/2/21005005.html,120,3202,2854,88,125,121329,91,S,Seleccionado,Cita para entregar documentación.,Consultar
2025,2,Licenciatura 2025,210,21005005,PSICOLOGIA,FES ZARAGOZA,Escolarizado,https://www.dgae.unam.mx/Licenciatura2025/resultados/2/21005005.html,120,3202,2854,88,125,121343,64,,No seleccionado,,Consultar
2025,2,Licenciatura 2025,210,21005005,PSICOLOGIA,FES ZARAGOZA,Escolarizado,https://www.dgae.unam.mx/Licenciatura2025/resultados/2/21005005.html,120,3202,2854,88,125,121384,58,,No seleccionado,,Consultar
2025,2,Licenciatura 2025,210,21005005,PSICOLOGIA,FES ZARAGOZA,Escolarizado,https://www.dgae.unam.mx/Licenciatura2025/resultados/2/21005005.html,120,3202,2854,88,125,121562,66,,No seleccionado,,Consultar
2025,2,Licenciatura 2025,210,21005005,PSICOLOGIA,FES ZARAGOZA,Escolarizado,https://www.dgae.unam.mx/Licenciatura2025/resultados/2/21005005.html,120,3202,2854,88,125,121641,53,,No seleccionado,,Consultar
2025,2,Licenciatura 2025,210,21005005,PSICOLOGIA,FES ZARAGOZA,Escolarizado,https://www.dgae.unam.mx/Licenciatura2025/resultados/2/21005005.html,120,3202,2854,88,125,121702,,N,No presentado,,Consultar
2025,2,Licenciatura 2025,210,21005005,PSICOLOGIA,FES ZARAGOZA,Escolarizado,https://www.dgae.unam.mx/Licenciatura2025/resultados/2/21005005.html,120,3202,2854,88,125,121821,71,,No seleccionado,,Consultar
2025,2,Licenciatura 2025,210,21005005,PSICOLOGIA,FES ZARAGOZA,Escolarizado,https://www.dgae.unam.mx/Licenciatura2025/resultados/2/21005005.html,120,3202,2854,88,125,122074,,N,No presentado,,Consultar
2025,2,Licenciatura 2025,210,21005005,PSICOLOGIA,FES ZARAGOZA,Escolarizado,https://www.dgae.unam.mx/Licenciatura2025/resultados/2/21005005.html,120,3202,2854,88,125,122121,,N,No presentado,,Consultar
2025,2,Licenciatura 2025,210,21005005,PSICOLOGIA,FES ZARAGOZA,Escolarizado,https://www.dgae.unam.mx/Licenciatura2025/resultados/2/21005005.html,120,3202,2854,88,125,122165,47,,No seleccionado,,Consultar
2025,2,Licenciatura 2025,210,21005005,PSICOLOGIA,FES ZARAGOZA,Escolarizado,https://www.dgae.unam.mx/Licenciatura2025/resultados/2/21005005.html,120,3202,2854,88,125,122264,63,,No seleccionado,,Consultar
2025,2,Licenciatura 2025,210,21005005,PSICOLOGIA,FES ZARAGOZA,Escolarizado,https://www.dgae.unam.mx/Licenciatura2025/resultados/2/21005005.html,120,3202,2854,88,125,122275,41,,No seleccionado,,Consultar
2025,2,Licenciatura 2025,210,21005005,PSICOLOGIA,FES ZARAGOZA,Escolarizado,https://www.dgae.unam.mx/Licenciatura2025/resultados/2/21005005.html,120,3202,2854,88,125,122306,,N,No presentado,,Consultar
2025,2,Licenciatura 2025,210,21005005,PSICOLOGIA,FES ZARAGOZA,Escolarizado,https://www.dgae.unam.mx/Licenciatura2025/resultados/2/21005005.html,120,3202,2854,88,125,122331,37,,No seleccionado,,Consultar
2025,2,Licenciatura 2025,210,21005005,PSICOLOGIA,FES ZARAGOZA,Escolarizado,https://www.dgae.unam.mx/Licenciatura2025/resultados/2/21005005.html,120,3202,2854,88,125,122465,30,,No seleccionado,,Consultar
2025,2,Licenciatura 2025,210,21005005,PSICOLOGIA,FES ZARAGOZA,Escolarizado,https://www.dgae.unam.mx/Licenciatura2025/resultados/2/21005005.html,120,3202,2854,88,125,122473,36,,No seleccionado,,Consultar
2025,2,Licenciatura 2025,210,21005005,PSICOLOGIA,FES ZARAGOZA,Escolarizado,https://www.dgae.unam.mx/Licenciatura2025/resultados/2/21005005.html,120,3202,2854,88,125,122490,43,,No seleccionado,,Consultar
2025,2,Licenciatura 2025,210,21005005,PSICOLOGIA,FES ZARAGOZA,Escolarizado,https://www.dgae.unam.mx/Licenciatura2025/resultados/2/21005005.html,120,3202,2854,88,125,122496,37,,No seleccionado,,Consultar
2025,2,Licenciatura 2025,210,21005005,PSICOLOGIA,FES ZARAGOZA,Escolarizado,https://www.dgae.unam.mx/Licenciatura2025/resultados/2/21005005.html,120,3202,2854,88,125,122558,60,,No seleccionado,,Consultar
2025,2,Licenciatura 2025,210,21005005,PSICOLOGIA,FES ZARAGOZA,Escolarizado,https://www.dgae.unam.mx/Licenciatura2025/resultados/2/21005005.html,120,3202,2854,88,125,122589,,N,No presentado,,Consultar
2025,2,Licenciatura 2025,210,21005005,PSICOLOGIA,FES ZARAGOZA,Escolarizado,https://www.dgae.unam.mx/Licenciatura2025/resultados/2/21005005.html,120,3202,2854,88,125,122830,45,,No seleccionado,,Consultar
2025,2,Licenciatura 2025,210,21005005,PSICOLOGIA,FES ZARAGOZA,Escolarizado,https://www.dgae.unam.mx/Licenciatura2025/resultados/2/21005005.html,120,3202,2854,88,125,123034,33,,No seleccionado,,Consultar
2025,2,Licenciatura 2025,210,21005005,PSICOLOGIA,FES ZARAGOZA,Escolarizado,https://www.dgae.unam.mx/Licenciatura2025/resultados/2/21005005.html,120,3202,2854,88,125,123270,40,,No seleccionado,,Consultar
2025,2,Licenciatura 2025,210,21005005,PSICOLOGIA,FES ZARAGOZA,Escolarizado,https://www.dgae.unam.mx/Licenciatura2025/resultados/2/21005005.html,120,3202,2854,88,125,123307,45,,No seleccionado,,Consultar
2025,2,Licenciatura 2025,210,21005005,PSICOLOGIA,FES ZARAGOZA,Escolarizado,https://www.dgae.unam.mx/Licenciatura2025/resultados/2/21005005.html,120,3202,2854,88,125,123546,52,,No seleccionado,,Consultar
2025,2,Licenciatura 2025,210,21005005,PSICOLOGIA,FES ZARAGOZA,Escolarizado,https://www.dgae.unam.mx/Licenciatura2025/resultados/2/21005005.html,120,3202,2854,88,125,123774,58,,No seleccionado,,Consultar
2025,2,Licenciatura 2025,210,21005005,PSICOLOGIA,FES ZARAGOZA,Escolarizado,https://www.dgae.unam.mx/Licenciatura2025/resultados/2/21005005.html,120,3202,2854,88,125,123877,70,,No seleccionado,,Consultar
2025,2,Licenciatura 2025,210,21005005,PSICOLOGIA,FES ZARAGOZA,Escolarizado,https://www.dgae.unam.mx/Licenciatura2025/resultados/2/21005005.html,120,3202,2854,88,125,123915,40,,No seleccionado,,Consultar
2025,2,Licenciatura 2025,210,21005005,PSICOLOGIA,FES ZARAGOZA,Escolarizado,https://www.dgae.unam.mx/Licenciatura2025/resultados/2/21005005.html,120,3202,2854,88,125,124079,47,,No seleccionado,,Consultar
2025,2,Licenciatura 2025,210,21005005,PSICOLOGIA,FES ZARAGOZA,Escolarizado,https://www.dgae.unam.mx/Licenciatura2025/resultados/2/21005005.html,120,3202,2854,88,125,124204,59,,No seleccionado,,Consultar
2025,2,Licenciatura 2025,210,21005005,PSICOLOGIA,FES ZARAGOZA,Escolarizado,https://www.dgae.unam.mx/Licenciatura2025/resultados/2/21005005.html,120,3202,2854,88,125,124269,,N,No presentado,,Consultar
2025,2,Licenciatura 2025,210,21005005,PSICOLOGIA,FES ZARAGOZA,Escolarizado,https://www.dgae.unam.mx/Licenciatura2025/resultados/2/21005005.html,120,3202,2854,88,125,124413,38,,No seleccionado,,Consultar
2025,2,Licenciatura 2025,210,21005005,PSICOLOGIA,FES ZARAGOZA,Escolarizado,https://www.dgae.unam.mx/Licenciatura2025/resultados/2/21005005.html,120,3202,2854,88,125,124625,,N,No presentado,,Consultar
2025,2,Licenciatura 2025,210,21005005,PSICOLOGIA,FES ZARAGOZA,Escolarizado,https://www.dgae.unam.mx/Licenciatura2025/resultados/2/21005005.html,120,3202,2854,88,125,124889,53,,No seleccionado,,Consultar
2025,2,Licenciatura 2025,210,21005005,PSICOLOGIA,FES ZARAGOZA,Escolarizado,https://www.dgae.unam.mx/Licenciatura2025/resultados/2/21005005.html,120,3202,2854,88,125,125171,,N,No presentado,,Consultar
2025,2,Licenciatura 2025,210,21005005,PSICOLOGIA,FES ZARAGOZA,Escolarizado,https://www.dgae.unam.mx/Licenciatura2025/resultados/2/21005005.html,120,3202,2854,88,125,125269,60,,No seleccionado,,Consultar
2025,2,Licenciatura 2025,210,21005005,PSICOLOGIA,FES ZARAGOZA,Escolarizado,https://www.dgae.unam.mx/Licenciatura2025/resultados/2/21005005.html,120,3202,2854,88,125,125273,67,,No seleccionado,,Consultar
2025,2,Licenciatura 2025,210,21005005,PSICOLOGIA,FES ZARAGOZA,Escolarizado,https://www.dgae.unam.mx/Licenciatura2025/resultados/2/21005005.html,120,3202,2854,88,125,125279,51,,No seleccionado,,Consultar
2025,2,Licenciatura 2025,210,21005005,PSICOLOGIA,FES ZARAGOZA,Escolarizado,https://www.dgae.unam.mx/Licenciatura2025/resultados/2/21005005.html,120,3202,2854,88,125,125293,82,,No seleccionado,,Consultar
2025,2,Licenciatura 2025,210,21005005,PSICOLOGIA,FES ZARAGOZA,Escolarizado,https://www.dgae.unam.mx/Licenciatura2025/resultados/2/21005005.html,120,3202,2854,88,125,125295,,N,No presentado,,Consultar
2025,2,Licenciatura 2025,210,21005005,PSICOLOGIA,FES ZARAGOZA,Escolarizado,https://www.dgae.unam.mx/Licenciatura2025/resultados/2/21005005.html,120,3202,2854,88,125,125368,51,,No seleccionado,,Consultar
2025,2,Licenciatura 2025,210,21005005,PSICOLOGIA,FES ZARAGOZA,Escolarizado,https://www.dgae.unam.mx/Licenciatura2025/resultados/2/21005005.html,120,3202,2854,88,125,125371,,N,No presentado,,Consultar
2025,2,Licenciatura 2025,210,21005005,PSICOLOGIA,FES ZARAGOZA,Escolarizado,https://www.dgae.unam.mx/Licenciatura2025/resultados/2/21005005.html,120,3202,2854,88,125,125431,27,,No seleccionado,,Consultar
2025,2,Licenciatura 2025,210,21005005,PSICOLOGIA,FES ZARAGOZA,Escolarizado,https://www.dgae.unam.mx/Licenciatura2025/resultados/2/21005005.html,120,3202,2854,88,125,125482,43,,No seleccionado,,Consultar
2025,2,Licenciatura 2025,210,21005005,PSICOLOGIA,FES ZARAGOZA,Escolarizado,https://www.dgae.unam.mx/Licenciatura2025/resultados/2/21005005.html,120,3202,2854,88,125,125491,45,,No seleccionado,,Consultar
2025,2,Licenciatura 2025,210,21005005,PSICOLOGIA,FES ZARAGOZA,Escolarizado,https://www.dgae.unam.mx/Licenciatura2025/resultados/2/21005005.html,120,3202,2854,88,125,125514,63,,No seleccionado,,Consultar
2025,2,Licenciatura 2025,210,21005005,PSICOLOGIA,FES ZARAGOZA,Escolarizado,https://www.dgae.unam.mx/Licenciatura2025/resultados/2/21005005.html,120,3202,2854,88,125,125562,70,,No seleccionado,,Consultar
2025,2,Licenciatura 2025,210,21005005,PSICOLOGIA,FES ZARAGOZA,Escolarizado,https://www.dgae.unam.mx/Licenciatura2025/resultados/2/21005005.html,120,3202,2854,88,125,125578,47,,No seleccionado,,Consultar
2025,2,Licenciatura 2025,210,21005005,PSICOLOGIA,FES ZARAGOZA,Escolarizado,https://www.dgae.unam.mx/Licenciatura2025/resultados/2/21005005.html,120,3202,2854,88,125,125609,33,,No seleccionado,,Consultar
2025,2,Licenciatura 2025,210,21005005,PSICOLOGIA,FES ZARAGOZA,Escolarizado,https://www.dgae.unam.mx/Licenciatura2025/resultados/2/21005005.html,120,3202,2854,88,125,125640,47,,No seleccionado,,Consultar
2025,2,Licenciatura 2025,210,21005005,PSICOLOGIA,FES ZARAGOZA,Escolarizado,https://www.dgae.unam.mx/Licenciatura2025/resultados/2/21005005.html,120,3202,2854,88,125,125644,68,,No seleccionado,,Consultar
2025,2,Licenciatura 2025,210,21005005,PSICOLOGIA,FES ZARAGOZA,Escolarizado,https://www.dgae.unam.mx/Licenciatura2025/resultados/2/21005005.html,120,3202,2854,88,125,125646,62,,No seleccionado,,Consultar
2025,2,Licenciatura 2025,210,21005005,PSICOLOGIA,FES ZARAGOZA,Escolarizado,https://www.dgae.unam.mx/Licenciatura2025/resultados/2/21005005.html,120,3202,2854,88,125,125648,47,,No seleccionado,,Consultar
2025,2,Licenciatura 2025,210,21005005,PSICOLOGIA,FES ZARAGOZA,Escolarizado,https://www.dgae.unam.mx/Licenciatura2025/resultados/2/21005005.html,120,3202,2854,88,125,125686,39,,No seleccionado,,Consultar
2025,2,Licenciatura 2025,210,21005005,PSICOLOGIA,FES ZARAGOZA,Escolarizado,https://www.dgae.unam.mx/Licenciatura2025/resultados/2/21005005.html,120,3202,2854,88,125,125749,48,,No seleccionado,,Consultar
2025,2,Licenciatura 2025,210,21005005,PSICOLOGIA,FES ZARAGOZA,Escolarizado,https://www.dgae.unam.mx/Licenciatura2025/resultados/2/21005005.html,120,3202,2854,88,125,125786,43,,No seleccionado,,Consultar
2025,2,Licenciatura 2025,210,21005005,PSICOLOGIA,FES ZARAGOZA,Escolarizado,https://www.dgae.unam.mx/Licenciatura2025/resultados/2/21005005.html,120,3202,2854,88,125,125792,46,,No seleccionado,,Consultar
2025,2,Licenciatura 2025,210,21005005,PSICOLOGIA,FES ZARAGOZA,Escolarizado,https://www.dgae.unam.mx/Licenciatura2025/resultados/2/21005005.html,120,3202,2854,88,125,125802,46,,No seleccionado,,Consultar
2025,2,Licenciatura 2025,210,21005005,PSICOLOGIA,FES ZARAGOZA,Escolarizado,https://www.dgae.unam.mx/Licenciatura2025/resultados/2/21005005.html,120,3202,2854,88,125,125839,36,,No seleccionado,,Consultar
2025,2,Licenciatura 2025,210,21005005,PSICOLOGIA,FES ZARAGOZA,Escolarizado,https://www.dgae.unam.mx/Licenciatura2025/resultados/2/21005005.html,120,3202,2854,88,125,125881,56,,No seleccionado,,Consultar
2025,2,Licenciatura 2025,210,21005005,PSICOLOGIA,FES ZARAGOZA,Escolarizado,https://www.dgae.unam.mx/Licenciatura2025/resultados/2/21005005.html,120,3202,2854,88,125,125897,72,,No seleccionado,,Consultar
2025,2,Licenciatura 2025,210,21005005,PSICOLOGIA,FES ZARAGOZA,Escolarizado,https://www.dgae.unam.mx/Licenciatura2025/resultados/2/21005005.html,120,3202,2854,88,125,125920,60,,No seleccionado,,Consultar
2025,2,Licenciatura 2025,210,21005005,PSICOLOGIA,FES ZARAGOZA,Escolarizado,https://www.dgae.unam.mx/Licenciatura2025/resultados/2/21005005.html,120,3202,2854,88,125,125924,64,,No seleccionado,,Consultar
2025,2,Licenciatura 2025,210,21005005,PSICOLOGIA,FES ZARAGOZA,Escolarizado,https://www.dgae.unam.mx/Licenciatura2025/resultados/2/21005005.html,120,3202,2854,88,125,125955,49,,No seleccionado,,Consultar
2025,2,Licenciatura 2025,210,21005005,PSICOLOGIA,FES ZARAGOZA,Escolarizado,https://www.dgae.unam.mx/Licenciatura2025/resultados/2/21005005.html,120,3202,2854,88,125,125998,40,,No seleccionado,,Consultar
2025,2,Licenciatura 2025,210,21005005,PSICOLOGIA,FES ZARAGOZA,Escolarizado,https://www.dgae.unam.mx/Licenciatura2025/resultados/2/21005005.html,120,3202,2854,88,125,126029,35,,No seleccionado,,Consultar
2025,2,Licenciatura 2025,210,21005005,PSICOLOGIA,FES ZARAGOZA,Escolarizado,https://www.dgae.unam.mx/Licenciatura2025/resultados/2/21005005.html,120,3202,2854,88,125,126030,36,,No seleccionado,,Consultar
2025,2,Licenciatura 2025,210,21005005,PSICOLOGIA,FES ZARAGOZA,Escolarizado,https://www.dgae.unam.mx/Licenciatura2025/resultados/2/21005005.html,120,3202,2854,88,125,126033,39,,No seleccionado,,Consultar
2025,2,Licenciatura 2025,210,21005005,PSICOLOGIA,FES ZARAGOZA,Escolarizado,https://www.dgae.unam.mx/Licenciatura2025/resultados/2/21005005.html,120,3202,2854,88,125,126036,32,,No seleccionado,,Consultar
2025,2,Licenciatura 2025,210,21005005,PSICOLOGIA,FES ZARAGOZA,Escolarizado,https://www.dgae.unam.mx/Licenciatura2025/resultados/2/21005005.html,120,3202,2854,88,125,126115,,N,No presentado,,Consultar
2025,2,Licenciatura 2025,210,21005005,PSICOLOGIA,FES ZARAGOZA,Escolarizado,https://www.dgae.unam.mx/Licenciatura2025/resultados/2/21005005.html,120,3202,2854,88,125,126177,,N,No presentado,,Consultar
2025,2,Licenciatura 2025,210,21005005,PSICOLOGIA,FES ZARAGOZA,Escolarizado,https://www.dgae.unam.mx/Licenciatura2025/resultados/2/21005005.html,120,3202,2854,88,125,126278,41,,No seleccionado,,Consultar
2025,2,Licenciatura 2025,210,21005005,PSICOLOGIA,FES ZARAGOZA,Escolarizado,https://www.dgae.unam.mx/Licenciatura2025/resultados/2/21005005.html,120,3202,2854,88,125,126296,85,,No seleccionado,,Consultar
2025,2,Licenciatura 2025,210,21005005,PSICOLOGIA,FES ZARAGOZA,Escolarizado,https://www.dgae.unam.mx/Licenciatura2025/resultados/2/21005005.html,120,3202,2854,88,125,126357,41,,No seleccionado,,Consultar
2025,2,Licenciatura 2025,210,21005005,PSICOLOGIA,FES ZARAGOZA,Escolarizado,https://www.dgae.unam.mx/Licenciatura2025/resultados/2/21005005.html,120,3202,2854,88,125,126365,35,,No seleccionado,,Consultar
2025,2,Licenciatura 2025,210,21005005,PSICOLOGIA,FES ZARAGOZA,Escolarizado,https://www.dgae.unam.mx/Licenciatura2025/resultados/2/21005005.html,120,3202,2854,88,125,126374,29,,No seleccionado,,Consultar
2025,2,Licenciatura 2025,210,21005005,PSICOLOGIA,FES ZARAGOZA,Escolarizado,https://www.dgae.unam.mx/Licenciatura2025/resultados/2/21005005.html,120,3202,2854,88,125,126423,64,,No seleccionado,,Consultar
2025,2,Licenciatura 2025,210,21005005,PSICOLOGIA,FES ZARAGOZA,Escolarizado,https://www.dgae.unam.mx/Licenciatura2025/resultados/2/21005005.html,120,3202,2854,88,125,126511,37,,No seleccionado,,Consultar
2025,2,Licenciatura 2025,210,21005005,PSICOLOGIA,FES ZARAGOZA,Escolarizado,https://www.dgae.unam.mx/Licenciatura2025/resultados/2/21005005.html,120,3202,2854,88,125,126568,58,,No seleccionado,,Consultar
2025,2,Licenciatura 2025,210,21005005,PSICOLOGIA,FES ZARAGOZA,Escolarizado,https://www.dgae.unam.mx/Licenciatura2025/resultados/2/21005005.html,120,3202,2854,88,125,126575,41,,No seleccionado,,Consultar
2025,2,Licenciatura 2025,210,21005005,PSICOLOGIA,FES ZARAGOZA,Escolarizado,https://www.dgae.unam.mx/Licenciatura2025/resultados/2/21005005.html,120,3202,2854,88,125,126608,33,,No seleccionado,,Consultar
2025,2,Licenciatura 2025,210,21005005,PSICOLOGIA,FES ZARAGOZA,Escolarizado,https://www.dgae.unam.mx/Licenciatura2025/resultados/2/21005005.html,120,3202,2854,88,125,126615,88,S,Seleccionado,Cita para entregar documentación.,Consultar
2025,2,Licenciatura 2025,210,21005005,PSICOLOGIA,FES ZARAGOZA,Escolarizado,https://www.dgae.unam.mx/Licenciatura2025/resultados/2/21005005.html,120,3202,2854,88,125,126620,46,,No seleccionado,,Consultar
2025,2,Licenciatura 2025,210,21005005,PSICOLOGIA,FES ZARAGOZA,Escolarizado,https://www.dgae.unam.mx/Licenciatura2025/resultados/2/21005005.html,120,3202,2854,88,125,126648,74,,No seleccionado,,Consultar
2025,2,Licenciatura 2025,210,21005005,PSICOLOGIA,FES ZARAGOZA,Escolarizado,https://www.dgae.unam.mx/Licenciatura2025/resultados/2/21005005.html,120,3202,2854,88,125,126676,43,,No seleccionado,,Consultar
2025,2,Licenciatura 2025,210,21005005,PSICOLOGIA,FES ZARAGOZA,Escolarizado,https://www.dgae.unam.mx/Licenciatura2025/resultados/2/21005005.html,120,3202,2854,88,125,126738,54,,No seleccionado,,Consultar
2025,2,Licenciatura 2025,210,21005005,PSICOLOGIA,FES ZARAGOZA,Escolarizado,https://www.dgae.unam.mx/Licenciatura2025/resultados/2/21005005.html,120,3202,2854,88,125,126748,64,,No seleccionado,,Consultar
2025,2,Licenciatura 2025,210,21005005,PSICOLOGIA,FES ZARAGOZA,Escolarizado,https://www.dgae.unam.mx/Licenciatura2025/resultados/2/21005005.html,120,3202,2854,88,125,126759,38,,No seleccionado,,Consultar
2025,2,Licenciatura 2025,210,21005005,PSICOLOGIA,FES ZARAGOZA,Escolarizado,https://www.dgae.unam.mx/Licenciatura2025/resultados/2/21005005.html,120,3202,2854,88,125,126760,68,,No seleccionado,,Consultar
2025,2,Licenciatura 2025,210,21005005,PSICOLOGIA,FES ZARAGOZA,Escolarizado,https://www.dgae.unam.mx/Licenciatura2025/resultados/2/21005005.html,120,3202,2854,88,125,126806,47,,No seleccionado,,Consultar
2025,2,Licenciatura 2025,210,21005005,PSICOLOGIA,FES ZARAGOZA,Escolarizado,https://www.dgae.unam.mx/Licenciatura2025/resultados/2/21005005.html,120,3202,2854,88,125,126937,88,S,Seleccionado,Cita para entregar documentación.,Consultar
2025,2,Licenciatura 2025,210,21005005,PSICOLOGIA,FES ZARAGOZA,Escolarizado,https://www.dgae.unam.mx/Licenciatura2025/resultados/2/21005005.html,120,3202,2854,88,125,126984,54,,No seleccionado,,Consultar
2025,2,Licenciatura 2025,210,21005005,PSICOLOGIA,FES ZARAGOZA,Escolarizado,https://www.dgae.unam.mx/Licenciatura2025/resultados/2/21005005.html,120,3202,2854,88,125,126985,35,,No seleccionado,,Consultar
2025,2,Licenciatura 2025,210,21005005,PSICOLOGIA,FES ZARAGOZA,Escolarizado,https://www.dgae.unam.mx/Licenciatura2025/resultados/2/21005005.html,120,3202,2854,88,125,126988,33,,No seleccionado,,Consultar
2025,2,Licenciatura 2025,210,21005005,PSICOLOGIA,FES ZARAGOZA,Escolarizado,https://www.dgae.unam.mx/Licenciatura2025/resultados/2/21005005.html,120,3202,2854,88,125,127001,34,,No seleccionado,,Consultar
2025,2,Licenciatura 2025,210,21005005,PSICOLOGIA,FES ZARAGOZA,Escolarizado,https://www.dgae.unam.mx/Licenciatura2025/resultados/2/21005005.html,120,3202,2854,88,125,127048,42,,No seleccionado,,Consultar
2025,2,Licenciatura 2025,210,21005005,PSICOLOGIA,FES ZARAGOZA,Escolarizado,https://www.dgae.unam.mx/Licenciatura2025/resultados/2/21005005.html,120,3202,2854,88,125,127055,58,,No seleccionado,,Consultar
2025,2,Licenciatura 2025,210,21005005,PSICOLOGIA,FES ZARAGOZA,Escolarizado,https://www.dgae.unam.mx/Licenciatura2025/resultados/2/21005005.html,120,3202,2854,88,125,127061,38,,No seleccionado,,Consultar
2025,2,Licenciatura 2025,210,21005005,PSICOLOGIA,FES ZARAGOZA,Escolarizado,https://www.dgae.unam.mx/Licenciatura2025/resultados/2/21005005.html,120,3202,2854,88,125,127152,41,,No seleccionado,,Consultar
2025,2,Licenciatura 2025,210,21005005,PSICOLOGIA,FES ZARAGOZA,Escolarizado,https://www.dgae.unam.mx/Licenciatura2025/resultados/2/21005005.html,120,3202,2854,88,125,127187,71,,No seleccionado,,Consultar
2025,2,Licenciatura 2025,210,21005005,PSICOLOGIA,FES ZARAGOZA,Escolarizado,https://www.dgae.unam.mx/Licenciatura2025/resultados/2/21005005.html,120,3202,2854,88,125,127206,33,,No seleccionado,,Consultar
2025,2,Licenciatura 2025,210,21005005,PSICOLOGIA,FES ZARAGOZA,Escolarizado,https://www.dgae.unam.mx/Licenciatura2025/resultados/2/21005005.html,120,3202,2854,88,125,127219,37,,No seleccionado,,Consultar
2025,2,Licenciatura 2025,210,21005005,PSICOLOGIA,FES ZARAGOZA,Escolarizado,https://www.dgae.unam.mx/Licenciatura2025/resultados/2/21005005.html,120,3202,2854,88,125,127243,,N,No presentado,,Consultar
2025,2,Licenciatura 2025,210,21005005,PSICOLOGIA,FES ZARAGOZA,Escolarizado,https://www.dgae.unam.mx/Licenciatura2025/resultados/2/21005005.html,120,3202,2854,88,125,127265,41,,No seleccionado,,Consultar
2025,2,Licenciatura 2025,210,21005005,PSICOLOGIA,FES ZARAGOZA,Escolarizado,https://www.dgae.unam.mx/Licenciatura2025/resultados/2/21005005.html,120,3202,2854,88,125,127292,59,,No seleccionado,,Consultar
2025,2,Licenciatura 2025,210,21005005,PSICOLOGIA,FES ZARAGOZA,Escolarizado,https://www.dgae.unam.mx/Licenciatura2025/resultados/2/21005005.html,120,3202,2854,88,125,127337,46,,No seleccionado,,Consultar
2025,2,Licenciatura 2025,210,21005005,PSICOLOGIA,FES ZARAGOZA,Escolarizado,https://www.dgae.unam.mx/Licenciatura2025/resultados/2/21005005.html,120,3202,2854,88,125,127344,91,S,Seleccionado,Cita para entregar documentación.,Consultar
2025,2,Licenciatura 2025,210,21005005,PSICOLOGIA,FES ZARAGOZA,Escolarizado,https://www.dgae.unam.mx/Licenciatura2025/resultados/2/21005005.html,120,3202,2854,88,125,127348,48,,No seleccionado,,Consultar
2025,2,Licenciatura 2025,210,21005005,PSICOLOGIA,FES ZARAGOZA,Escolarizado,https://www.dgae.unam.mx/Licenciatura2025/resultados/2/21005005.html,120,3202,2854,88,125,127422,70,,No seleccionado,,Consultar
2025,2,Licenciatura 2025,210,21005005,PSICOLOGIA,FES ZARAGOZA,Escolarizado,https://www.dgae.unam.mx/Licenciatura2025/resultados/2/21005005.html,120,3202,2854,88,125,127470,39,,No seleccionado,,Consultar
2025,2,Licenciatura 2025,210,21005005,PSICOLOGIA,FES ZARAGOZA,Escolarizado,https://www.dgae.unam.mx/Licenciatura2025/resultados/2/21005005.html,120,3202,2854,88,125,127495,64,,No seleccionado,,Consultar
2025,2,Licenciatura 2025,210,21005005,PSICOLOGIA,FES ZARAGOZA,Escolarizado,https://www.dgae.unam.mx/Licenciatura2025/resultados/2/21005005.html,120,3202,2854,88,125,127498,78,,No seleccionado,,Consultar
2025,2,Licenciatura 2025,210,21005005,PSICOLOGIA,FES ZARAGOZA,Escolarizado,https://www.dgae.unam.mx/Licenciatura2025/resultados/2/21005005.html,120,3202,2854,88,125,127501,78,,No seleccionado,,Consultar
2025,2,Licenciatura 2025,210,21005005,PSICOLOGIA,FES ZARAGOZA,Escolarizado,https://www.dgae.unam.mx/Licenciatura2025/resultados/2/21005005.html,120,3202,2854,88,125,127516,,N,No presentado,,Consultar
2025,2,Licenciatura 2025,210,21005005,PSICOLOGIA,FES ZARAGOZA,Escolarizado,https://www.dgae.unam.mx/Licenciatura2025/resultados/2/21005005.html,120,3202,2854,88,125,127518,49,,No seleccionado,,Consultar
2025,2,Licenciatura 2025,210,21005005,PSICOLOGIA,FES ZARAGOZA,Escolarizado,https://www.dgae.unam.mx/Licenciatura2025/resultados/2/21005005.html,120,3202,2854,88,125,127611,63,,No seleccionado,,Consultar
2025,2,Licenciatura 2025,210,21005005,PSICOLOGIA,FES ZARAGOZA,Escolarizado,https://www.dgae.unam.mx/Licenciatura2025/resultados/2/21005005.html,120,3202,2854,88,125,127655,54,,No seleccionado,,Consultar
2025,2,Licenciatura 2025,210,21005005,PSICOLOGIA,FES ZARAGOZA,Escolarizado,https://www.dgae.unam.mx/Licenciatura2025/resultados/2/21005005.html,120,3202,2854,88,125,127672,37,,No seleccionado,,Consultar
2025,2,Licenciatura 2025,210,21005005,PSICOLOGIA,FES ZARAGOZA,Escolarizado,https://www.dgae.unam.mx/Licenciatura2025/resultados/2/21005005.html,120,3202,2854,88,125,127714,42,,No seleccionado,,Consultar
2025,2,Licenciatura 2025,210,21005005,PSICOLOGIA,FES ZARAGOZA,Escolarizado,https://www.dgae.unam.mx/Licenciatura2025/resultados/2/21005005.html,120,3202,2854,88,125,127761,47,,No seleccionado,,Consultar
2025,2,Licenciatura 2025,210,21005005,PSICOLOGIA,FES ZARAGOZA,Escolarizado,https://www.dgae.unam.mx/Licenciatura2025/resultados/2/21005005.html,120,3202,2854,88,125,127846,59,,No seleccionado,,Consultar
2025,2,Licenciatura 2025,210,21005005,PSICOLOGIA,FES ZARAGOZA,Escolarizado,https://www.dgae.unam.mx/Licenciatura2025/resultados/2/21005005.html,120,3202,2854,88,125,127881,56,,No seleccionado,,Consultar
2025,2,Licenciatura 2025,210,21005005,PSICOLOGIA,FES ZARAGOZA,Escolarizado,https://www.dgae.unam.mx/Licenciatura2025/resultados/2/21005005.html,120,3202,2854,88,125,127884,38,,No seleccionado,,Consultar
2025,2,Licenciatura 2025,210,21005005,PSICOLOGIA,FES ZARAGOZA,Escolarizado,https://www.dgae.unam.mx/Licenciatura2025/resultados/2/21005005.html,120,3202,2854,88,125,127890,37,,No seleccionado,,Consultar
2025,2,Licenciatura 2025,210,21005005,PSICOLOGIA,FES ZARAGOZA,Escolarizado,https://www.dgae.unam.mx/Licenciatura2025/resultados/2/21005005.html,120,3202,2854,88,125,127898,33,,No seleccionado,,Consultar
2025,2,Licenciatura 2025,210,21005005,PSICOLOGIA,FES ZARAGOZA,Escolarizado,https://www.dgae.unam.mx/Licenciatura2025/resultados/2/21005005.html,120,3202,2854,88,125,127917,47,,No seleccionado,,Consultar
2025,2,Licenciatura 2025,210,21005005,PSICOLOGIA,FES ZARAGOZA,Escolarizado,https://www.dgae.unam.mx/Licenciatura2025/resultados/2/21005005.html,120,3202,2854,88,125,127948,25,,No seleccionado,,Consultar
2025,2,Licenciatura 2025,210,21005005,PSICOLOGIA,FES ZARAGOZA,Escolarizado,https://www.dgae.unam.mx/Licenciatura2025/resultados/2/21005005.html,120,3202,2854,88,125,127972,42,,No seleccionado,,Consultar
2025,2,Licenciatura 2025,210,21005005,PSICOLOGIA,FES ZARAGOZA,Escolarizado,https://www.dgae.unam.mx/Licenciatura2025/resultados/2/21005005.html,120,3202,2854,88,125,127979,56,,No seleccionado,,Consultar
2025,2,Licenciatura 2025,210,21005005,PSICOLOGIA,FES ZARAGOZA,Escolarizado,https://www.dgae.unam.mx/Licenciatura2025/resultados/2/21005005.html,120,3202,2854,88,125,128018,63,,No seleccionado,,Consultar
2025,2,Licenciatura 2025,210,21005005,PSICOLOGIA,FES ZARAGOZA,Escolarizado,https://www.dgae.unam.mx/Licenciatura2025/resultados/2/21005005.html,120,3202,2854,88,125,128064,59,,No seleccionado,,Consultar
2025,2,Licenciatura 2025,210,21005005,PSICOLOGIA,FES ZARAGOZA,Escolarizado,https://www.dgae.unam.mx/Licenciatura2025/resultados/2/21005005.html,120,3202,2854,88,125,128076,44,,No seleccionado,,Consultar
2025,2,Licenciatura 2025,210,21005005,PSICOLOGIA,FES ZARAGOZA,Escolarizado,https://www.dgae.unam.mx/Licenciatura2025/resultados/2/21005005.html,120,3202,2854,88,125,128109,98,S,Seleccionado,Cita para entregar documentación.,Consultar
2025,2,Licenciatura 2025,210,21005005,PSICOLOGIA,FES ZARAGOZA,Escolarizado,https://www.dgae.unam.mx/Licenciatura2025/resultados/2/21005005.html,120,3202,2854,88,125,128134,44,,No seleccionado,,Consultar
2025,2,Licenciatura 2025,210,21005005,PSICOLOGIA,FES ZARAGOZA,Escolarizado,https://www.dgae.unam.mx/Licenciatura2025/resultados/2/21005005.html,120,3202,2854,88,125,128149,44,,No seleccionado,,Consultar
2025,2,Licenciatura 2025,210,21005005,PSICOLOGIA,FES ZARAGOZA,Escolarizado,https://www.dgae.unam.mx/Licenciatura2025/resultados/2/21005005.html,120,3202,2854,88,125,128152,41,,No seleccionado,,Consultar
2025,2,Licenciatura 2025,210,21005005,PSICOLOGIA,FES ZARAGOZA,Escolarizado,https://www.dgae.unam.mx/Licenciatura2025/resultados/2/21005005.html,120,3202,2854,88,125,128153,50,,No seleccionado,,Consultar
2025,2,Licenciatura 2025,210,21005005,PSICOLOGIA,FES ZARAGOZA,Escolarizado,https://www.dgae.unam.mx/Licenciatura2025/resultados/2/21005005.html,120,3202,2854,88,125,128167,28,,No seleccionado,,Consultar
2025,2,Licenciatura 2025,210,21005005,PSICOLOGIA,FES ZARAGOZA,Escolarizado,https://www.dgae.unam.mx/Licenciatura2025/resultados/2/21005005.html,120,3202,2854,88,125,128171,47,,No seleccionado,,Consultar
2025,2,Licenciatura 2025,210,21005005,PSICOLOGIA,FES ZARAGOZA,Escolarizado,https://www.dgae.unam.mx/Licenciatura2025/resultados/2/21005005.html,120,3202,2854,88,125,128172,81,,No seleccionado,,Consultar
2025,2,Licenciatura 2025,210,21005005,PSICOLOGIA,FES ZARAGOZA,Escolarizado,https://www.dgae.unam.mx/Licenciatura2025/resultados/2/21005005.html,120,3202,2854,88,125,128207,42,,No seleccionado,,Consultar
2025,2,Licenciatura 2025,210,21005005,PSICOLOGIA,FES ZARAGOZA,Escolarizado,https://www.dgae.unam.mx/Licenciatura2025/resultados/2/21005005.html,120,3202,2854,88,125,128210,,N,No presentado,,Consultar
2025,2,Licenciatura 2025,210,21005005,PSICOLOGIA,FES ZARAGOZA,Escolarizado,https://www.dgae.unam.mx/Licenciatura2025/resultados/2/21005005.html,120,3202,2854,88,125,128221,101,S,Seleccionado,,Consultar
2025,2,Licenciatura 2025,210,21005005,PSICOLOGIA,FES ZARAGOZA,Escolarizado,https://www.dgae.unam.mx/Licenciatura2025/resultados/2/21005005.html,120,3202,2854,88,125,128230,59,,No seleccionado,,Consultar
2025,2,Licenciatura 2025,210,21005005,PSICOLOGIA,FES ZARAGOZA,Escolarizado,https://www.dgae.unam.mx/Licenciatura2025/resultados/2/21005005.html,120,3202,2854,88,125,128233,,N,No presentado,,Consultar
2025,2,Licenciatura 2025,210,21005005,PSICOLOGIA,FES ZARAGOZA,Escolarizado,https://www.dgae.unam.mx/Licenciatura2025/resultados/2/21005005.html,120,3202,2854,88,125,128246,72,,No seleccionado,,Consultar
2025,2,Licenciatura 2025,210,21005005,PSICOLOGIA,FES ZARAGOZA,Escolarizado,https://www.dgae.unam.mx/Licenciatura2025/resultados/2/21005005.html,120,3202,2854,88,125,128249,54,,No seleccionado,,Consultar
2025,2,Licenciatura 2025,210,21005005,PSICOLOGIA,FES ZARAGOZA,Escolarizado,https://www.dgae.unam.mx/Licenciatura2025/resultados/2/21005005.html,120,3202,2854,88,125,128259,46,,No seleccionado,,Consultar
2025,2,Licenciatura 2025,210,21005005,PSICOLOGIA,FES ZARAGOZA,Escolarizado,https://www.dgae.unam.mx/Licenciatura2025/resultados/2/21005005.html,120,3202,2854,88,125,128266,45,,No seleccionado,,Consultar
2025,2,Licenciatura 2025,210,21005005,PSICOLOGIA,FES ZARAGOZA,Escolarizado,https://www.dgae.unam.mx/Licenciatura2025/resultados/2/21005005.html,120,3202,2854,88,125,128273,34,,No seleccionado,,Consultar
2025,2,Licenciatura 2025,210,21005005,PSICOLOGIA,FES ZARAGOZA,Escolarizado,https://www.dgae.unam.mx/Licenciatura2025/resultados/2/21005005.html,120,3202,2854,88,125,128281,50,,No seleccionado,,Consultar
2025,2,Licenciatura 2025,210,21005005,PSICOLOGIA,FES ZARAGOZA,Escolarizado,https://www.dgae.unam.mx/Licenciatura2025/resultados/2/21005005.html,120,3202,2854,88,125,128285,43,,No seleccionado,,Consultar
2025,2,Licenciatura 2025,210,21005005,PSICOLOGIA,FES ZARAGOZA,Escolarizado,https://www.dgae.unam.mx/Licenciatura2025/resultados/2/21005005.html,120,3202,2854,88,125,128286,31,,No seleccionado,,Consultar
2025,2,Licenciatura 2025,210,21005005,PSICOLOGIA,FES ZARAGOZA,Escolarizado,https://www.dgae.unam.mx/Licenciatura2025/resultados/2/21005005.html,120,3202,2854,88,125,128287,44,,No seleccionado,,Consultar
2025,2,Licenciatura 2025,210,21005005,PSICOLOGIA,FES ZARAGOZA,Escolarizado,https://www.dgae.unam.mx/Licenciatura2025/resultados/2/21005005.html,120,3202,2854,88,125,128297,51,,No seleccionado,,Consultar
2025,2,Licenciatura 2025,210,21005005,PSICOLOGIA,FES ZARAGOZA,Escolarizado,https://www.dgae.unam.mx/Licenciatura2025/resultados/2/21005005.html,120,3202,2854,88,125,128302,43,,No seleccionado,,Consultar
2025,2,Licenciatura 2025,210,21005005,PSICOLOGIA,FES ZARAGOZA,Escolarizado,https://www.dgae.unam.mx/Licenciatura2025/resultados/2/21005005.html,120,3202,2854,88,125,128306,48,,No seleccionado,,Consultar
2025,2,Licenciatura 2025,210,21005005,PSICOLOGIA,FES ZARAGOZA,Escolarizado,https://www.dgae.unam.mx/Licenciatura2025/resultados/2/21005005.html,120,3202,2854,88,125,128308,38,,No seleccionado,,Consultar
2025,2,Licenciatura 2025,210,21005005,PSICOLOGIA,FES ZARAGOZA,Escolarizado,https://www.dgae.unam.mx/Licenciatura2025/resultados/2/21005005.html,120,3202,2854,88,125,128312,26,,No seleccionado,,Consultar
2025,2,Licenciatura 2025,210,21005005,PSICOLOGIA,FES ZARAGOZA,Escolarizado,https://www.dgae.unam.mx/Licenciatura2025/resultados/2/21005005.html,120,3202,2854,88,125,128318,73,,No seleccionado,,Consultar
2025,2,Licenciatura 2025,210,21005005,PSICOLOGIA,FES ZARAGOZA,Escolarizado,https://www.dgae.unam.mx/Licenciatura2025/resultados/2/21005005.html,120,3202,2854,88,125,128328,28,,No seleccionado,,Consultar
2025,2,Licenciatura 2025,210,21005005,PSICOLOGIA,FES ZARAGOZA,Escolarizado,https://www.dgae.unam.mx/Licenciatura2025/resultados/2/21005005.html,120,3202,2854,88,125,128329,74,,No seleccionado,,Consultar
2025,2,Licenciatura 2025,210,21005005,PSICOLOGIA,FES ZARAGOZA,Escolarizado,https://www.dgae.unam.mx/Licenciatura2025/resultados/2/21005005.html,120,3202,2854,88,125,128335,40,,No seleccionado,,Consultar
2025,2,Licenciatura 2025,210,21005005,PSICOLOGIA,FES ZARAGOZA,Escolarizado,https://www.dgae.unam.mx/Licenciatura2025/resultados/2/21005005.html,120,3202,2854,88,125,128346,78,,No seleccionado,,Consultar
2025,2,Licenciatura 2025,210,21005005,PSICOLOGIA,FES ZARAGOZA,Escolarizado,https://www.dgae.unam.mx/Licenciatura2025/resultados/2/21005005.html,120,3202,2854,88,125,128353,34,,No seleccionado,,Consultar
2025,2,Licenciatura 2025,210,21005005,PSICOLOGIA,FES ZARAGOZA,Escolarizado,https://www.dgae.unam.mx/Licenciatura2025/resultados/2/21005005.html,120,3202,2854,88,125,128359,50,,No seleccionado,,Consultar
2025,2,Licenciatura 2025,210,21005005,PSICOLOGIA,FES ZARAGOZA,Escolarizado,https://www.dgae.unam.mx/Licenciatura2025/resultados/2/21005005.html,120,3202,2854,88,125,128360,41,,No seleccionado,,Consultar
2025,2,Licenciatura 2025,210,21005005,PSICOLOGIA,FES ZARAGOZA,Escolarizado,https://www.dgae.unam.mx/Licenciatura2025/resultados/2/21005005.html,120,3202,2854,88,125,128362,31,,No seleccionado,,Consultar
2025,2,Licenciatura 2025,210,21005005,PSICOLOGIA,FES ZARAGOZA,Escolarizado,https://www.dgae.unam.mx/Licenciatura2025/resultados/2/21005005.html,120,3202,2854,88,125,128364,83,,No seleccionado,,Consultar
2025,2,Licenciatura 2025,210,21005005,PSICOLOGIA,FES ZARAGOZA,Escolarizado,https://www.dgae.unam.mx/Licenciatura2025/resultados/2/21005005.html,120,3202,2854,88,125,128383,58,,No seleccionado,,Consultar
2025,2,Licenciatura 2025,210,21005005,PSICOLOGIA,FES ZARAGOZA,Escolarizado,https://www.dgae.unam.mx/Licenciatura2025/resultados/2/21005005.html,120,3202,2854,88,125,128384,36,,No seleccionado,,Consultar
2025,2,Licenciatura 2025,210,21005005,PSICOLOGIA,FES ZARAGOZA,Escolarizado,https://www.dgae.unam.mx/Licenciatura2025/resultados/2/21005005.html,120,3202,2854,88,125,128389,43,,No seleccionado,,Consultar
2025,2,Licenciatura 2025,210,21005005,PSICOLOGIA,FES ZARAGOZA,Escolarizado,https://www.dgae.unam.mx/Licenciatura2025/resultados/2/21005005.html,120,3202,2854,88,125,128392,71,,No seleccionado,,Consultar
2025,2,Licenciatura 2025,210,21005005,PSICOLOGIA,FES ZARAGOZA,Escolarizado,https://www.dgae.unam.mx/Licenciatura2025/resultados/2/21005005.html,120,3202,2854,88,125,128393,61,,No seleccionado,,Consultar
2025,2,Licenciatura 2025,210,21005005,PSICOLOGIA,FES ZARAGOZA,Escolarizado,https://www.dgae.unam.mx/Licenciatura2025/resultados/2/21005005.html,120,3202,2854,88,125,128395,69,,No seleccionado,,Consultar
2025,2,Licenciatura 2025,210,21005005,PSICOLOGIA,FES ZARAGOZA,Escolarizado,https://www.dgae.unam.mx/Licenciatura2025/resultados/2/21005005.html,120,3202,2854,88,125,128402,46,,No seleccionado,,Consultar
2025,2,Licenciatura 2025,210,21005005,PSICOLOGIA,FES ZARAGOZA,Escolarizado,https://www.dgae.unam.mx/Licenciatura2025/resultados/2/21005005.html,120,3202,2854,88,125,128421,30,,No seleccionado,,Consultar
2025,2,Licenciatura 2025,210,21005005,PSICOLOGIA,FES ZARAGOZA,Escolarizado,https://www.dgae.unam.mx/Licenciatura2025/resultados/2/21005005.html,120,3202,2854,88,125,128441,86,,No seleccionado,,Consultar
2025,2,Licenciatura 2025,210,21005005,PSICOLOGIA,FES ZARAGOZA,Escolarizado,https://www.dgae.unam.mx/Licenciatura2025/resultados/2/21005005.html,120,3202,2854,88,125,128445,61,,No seleccionado,,Consultar
2025,2,Licenciatura 2025,210,21005005,PSICOLOGIA,FES ZARAGOZA,Escolarizado,https://www.dgae.unam.mx/Licenciatura2025/resultados/2/21005005.html,120,3202,2854,88,125,128461,39,,No seleccionado,,Consultar
2025,2,Licenciatura 2025,210,21005005,PSICOLOGIA,FES ZARAGOZA,Escolarizado,https://www.dgae.unam.mx/Licenciatura2025/resultados/2/21005005.html,120,3202,2854,88,125,128474,47,,No seleccionado,,Consultar
2025,2,Licenciatura 2025,210,21005005,PSICOLOGIA,FES ZARAGOZA,Escolarizado,https://www.dgae.unam.mx/Licenciatura2025/resultados/2/21005005.html,120,3202,2854,88,125,128485,46,,No seleccionado,,Consultar
2025,2,Licenciatura 2025,210,21005005,PSICOLOGIA,FES ZARAGOZA,Escolarizado,https://www.dgae.unam.mx/Licenciatura2025/resultados/2/21005005.html,120,3202,2854,88,125,128499,43,,No seleccionado,,Consultar
2025,2,Licenciatura 2025,210,21005005,PSICOLOGIA,FES ZARAGOZA,Escolarizado,https://www.dgae.unam.mx/Licenciatura2025/resultados/2/21005005.html,120,3202,2854,88,125,128503,40,,No seleccionado,,Consultar
2025,2,Licenciatura 2025,210,21005005,PSICOLOGIA,FES ZARAGOZA,Escolarizado,https://www.dgae.unam.mx/Licenciatura2025/resultados/2/21005005.html,120,3202,2854,88,125,128504,47,,No seleccionado,,Consultar
2025,2,Licenciatura 2025,210,21005005,PSICOLOGIA,FES ZARAGOZA,Escolarizado,https://www.dgae.unam.mx/Licenciatura2025/resultados/2/21005005.html,120,3202,2854,88,125,128510,39,,No seleccionado,,Consultar
2025,2,Licenciatura 2025,210,21005005,PSICOLOGIA,FES ZARAGOZA,Escolarizado,https://www.dgae.unam.mx/Licenciatura2025/resultados/2/21005005.html,120,3202,2854,88,125,128512,33,,No seleccionado,,Consultar
2025,2,Licenciatura 2025,210,21005005,PSICOLOGIA,FES ZARAGOZA,Escolarizado,https://www.dgae.unam.mx/Licenciatura2025/resultados/2/21005005.html,120,3202,2854,88,125,128514,30,,No seleccionado,,Consultar
2025,2,Licenciatura 2025,210,21005005,PSICOLOGIA,FES ZARAGOZA,Escolarizado,https://www.dgae.unam.mx/Licenciatura2025/resultados/2/21005005.html,120,3202,2854,88,125,128539,33,,No seleccionado,,Consultar
2025,2,Licenciatura 2025,210,21005005,PSICOLOGIA,FES ZARAGOZA,Escolarizado,https://www.dgae.unam.mx/Licenciatura2025/resultados/2/21005005.html,120,3202,2854,88,125,128556,,N,No presentado,,Consultar
2025,2,Licenciatura 2025,210,21005005,PSICOLOGIA,FES ZARAGOZA,Escolarizado,https://www.dgae.unam.mx/Licenciatura2025/resultados/2/21005005.html,120,3202,2854,88,125,128562,62,,No seleccionado,,Consultar
2025,2,Licenciatura 2025,210,21005005,PSICOLOGIA,FES ZARAGOZA,Escolarizado,https://www.dgae.unam.mx/Licenciatura2025/resultados/2/21005005.html,120,3202,2854,88,125,128566,,N,No presentado,,Consultar
2025,2,Licenciatura 2025,210,21005005,PSICOLOGIA,FES ZARAGOZA,Escolarizado,https://www.dgae.unam.mx/Licenciatura2025/resultados/2/21005005.html,120,3202,2854,88,125,128567,,N,No presentado,,Consultar
2025,2,Licenciatura 2025,210,21005005,PSICOLOGIA,FES ZARAGOZA,Escolarizado,https://www.dgae.unam.mx/Licenciatura2025/resultados/2/21005005.html,120,3202,2854,88,125,128589,46,,No seleccionado,,Consultar
2025,2,Licenciatura 2025,210,21005005,PSICOLOGIA,FES ZARAGOZA,Escolarizado,https://www.dgae.unam.mx/Licenciatura2025/resultados/2/21005005.html,120,3202,2854,88,125,128591,45,,No seleccionado,,Consultar
2025,2,Licenciatura 2025,210,21005005,PSICOLOGIA,FES ZARAGOZA,Escolarizado,https://www.dgae.unam.mx/Licenciatura2025/resultados/2/21005005.html,120,3202,2854,88,125,128606,65,,No seleccionado,,Consultar
2025,2,Licenciatura 2025,210,21005005,PSICOLOGIA,FES ZARAGOZA,Escolarizado,https://www.dgae.unam.mx/Licenciatura2025/resultados/2/21005005.html,120,3202,2854,88,125,128612,61,,No seleccionado,,Consultar
2025,2,Licenciatura 2025,210,21005005,PSICOLOGIA,FES ZARAGOZA,Escolarizado,https://www.dgae.unam.mx/Licenciatura2025/resultados/2/21005005.html,120,3202,2854,88,125,128626,86,,No seleccionado,,Consultar
2025,2,Licenciatura 2025,210,21005005,PSICOLOGIA,FES ZARAGOZA,Escolarizado,https://www.dgae.unam.mx/Licenciatura2025/resultados/2/21005005.html,120,3202,2854,88,125,128640,93,S,Seleccionado,Cita para entregar documentación.,Consultar
2025,2,Licenciatura 2025,210,21005005,PSICOLOGIA,FES ZARAGOZA,Escolarizado,https://www.dgae.unam.mx/Licenciatura2025/resultados/2/21005005.html,120,3202,2854,88,125,128656,41,,No seleccionado,,Consultar
2025,2,Licenciatura 2025,210,21005005,PSICOLOGIA,FES ZARAGOZA,Escolarizado,https://www.dgae.unam.mx/Licenciatura2025/resultados/2/21005005.html,120,3202,2854,88,125,128660,50,,No seleccionado,,Consultar
2025,2,Licenciatura 2025,210,21005005,PSICOLOGIA,FES ZARAGOZA,Escolarizado,https://www.dgae.unam.mx/Licenciatura2025/resultados/2/21005005.html,120,3202,2854,88,125,128675,,N,No presentado,,Consultar
2025,2,Licenciatura 2025,210,21005005,PSICOLOGIA,FES ZARAGOZA,Escolarizado,https://www.dgae.unam.mx/Licenciatura2025/resultados/2/21005005.html,120,3202,2854,88,125,128687,59,,No seleccionado,,Consultar
2025,2,Licenciatura 2025,210,21005005,PSICOLOGIA,FES ZARAGOZA,Escolarizado,https://www.dgae.unam.mx/Licenciatura2025/resultados/2/21005005.html,120,3202,2854,88,125,128706,36,,No seleccionado,,Consultar
2025,2,Licenciatura 2025,210,21005005,PSICOLOGIA,FES ZARAGOZA,Escolarizado,https://www.dgae.unam.mx/Licenciatura2025/resultados/2/21005005.html,120,3202,2854,88,125,128707,37,,No seleccionado,,Consultar
2025,2,Licenciatura 2025,210,21005005,PSICOLOGIA,FES ZARAGOZA,Escolarizado,https://www.dgae.unam.mx/Licenciatura2025/resultados/2/21005005.html,120,3202,2854,88,125,128710,60,,No seleccionado,,Consultar
2025,2,Licenciatura 2025,210,21005005,PSICOLOGIA,FES ZARAGOZA,Escolarizado,https://www.dgae.unam.mx/Licenciatura2025/resultados/2/21005005.html,120,3202,2854,88,125,128738,60,,No seleccionado,,Consultar
2025,2,Licenciatura 2025,210,21005005,PSICOLOGIA,FES ZARAGOZA,Escolarizado,https://www.dgae.unam.mx/Licenciatura2025/resultados/2/21005005.html,120,3202,2854,88,125,128741,,N,No presentado,,Consultar
2025,2,Licenciatura 2025,210,21005005,PSICOLOGIA,FES ZARAGOZA,Escolarizado,https://www.dgae.unam.mx/Licenciatura2025/resultados/2/21005005.html,120,3202,2854,88,125,128743,65,,No seleccionado,,Consultar
2025,2,Licenciatura 2025,210,21005005,PSICOLOGIA,FES ZARAGOZA,Escolarizado,https://www.dgae.unam.mx/Licenciatura2025/resultados/2/21005005.html,120,3202,2854,88,125,128746,40,,No seleccionado,,Consultar
2025,2,Licenciatura 2025,210,21005005,PSICOLOGIA,FES ZARAGOZA,Escolarizado,https://www.dgae.unam.mx/Licenciatura2025/resultados/2/21005005.html,120,3202,2854,88,125,128748,43,,No seleccionado,,Consultar
2025,2,Licenciatura 2025,210,21005005,PSICOLOGIA,FES ZARAGOZA,Escolarizado,https://www.dgae.unam.mx/Licenciatura2025/resultados/2/21005005.html,120,3202,2854,88,125,128756,40,,No seleccionado,,Consultar
2025,2,Licenciatura 2025,210,21005005,PSICOLOGIA,FES ZARAGOZA,Escolarizado,https://www.dgae.unam.mx/Licenciatura2025/resultados/2/21005005.html,120,3202,2854,88,125,128774,42,,No seleccionado,,Consultar
2025,2,Licenciatura 2025,210,21005005,PSICOLOGIA,FES ZARAGOZA,Escolarizado,https://www.dgae.unam.mx/Licenciatura2025/resultados/2/21005005.html,120,3202,2854,88,125,128780,29,,No seleccionado,,Consultar
2025,2,Licenciatura 2025,210,21005005,PSICOLOGIA,FES ZARAGOZA,Escolarizado,https://www.dgae.unam.mx/Licenciatura2025/resultados/2/21005005.html,120,3202,2854,88,125,128785,30,,No seleccionado,,Consultar
2025,2,Licenciatura 2025,210,21005005,PSICOLOGIA,FES ZARAGOZA,Escolarizado,https://www.dgae.unam.mx/Licenciatura2025/resultados/2/21005005.html,120,3202,2854,88,125,128794,,N,No presentado,,Consultar
2025,2,Licenciatura 2025,210,21005005,PSICOLOGIA,FES ZARAGOZA,Escolarizado,https://www.dgae.unam.mx/Licenciatura2025/resultados/2/21005005.html,120,3202,2854,88,125,128796,60,,No seleccionado,,Consultar
2025,2,Licenciatura 2025,210,21005005,PSICOLOGIA,FES ZARAGOZA,Escolarizado,https://www.dgae.unam.mx/Licenciatura2025/resultados/2/21005005.html,120,3202,2854,88,125,128803,36,,No seleccionado,,Consultar
2025,2,Licenciatura 2025,210,21005005,PSICOLOGIA,FES ZARAGOZA,Escolarizado,https://www.dgae.unam.mx/Licenciatura2025/resultados/2/21005005.html,120,3202,2854,88,125,128806,64,,No seleccionado,,Consultar
2025,2,Licenciatura 2025,210,21005005,PSICOLOGIA,FES ZARAGOZA,Escolarizado,https://www.dgae.unam.mx/Licenciatura2025/resultados/2/21005005.html,120,3202,2854,88,125,128815,37,,No seleccionado,,Consultar
2025,2,Licenciatura 2025,210,21005005,PSICOLOGIA,FES ZARAGOZA,Escolarizado,https://www.dgae.unam.mx/Licenciatura2025/resultados/2/21005005.html,120,3202,2854,88,125,128819,52,,No seleccionado,,Consultar
2025,2,Licenciatura 2025,210,21005005,PSICOLOGIA,FES ZARAGOZA,Escolarizado,https://www.dgae.unam.mx/Licenciatura2025/resultados/2/21005005.html,120,3202,2854,88,125,128829,77,,No seleccionado,,Consultar
2025,2,Licenciatura 2025,210,21005005,PSICOLOGIA,FES ZARAGOZA,Escolarizado,https://www.dgae.unam.mx/Licenciatura2025/resultados/2/21005005.html,120,3202,2854,88,125,128832,51,,No seleccionado,,Consultar
2025,2,Licenciatura 2025,210,21005005,PSICOLOGIA,FES ZARAGOZA,Escolarizado,https://www.dgae.unam.mx/Licenciatura2025/resultados/2/21005005.html,120,3202,2854,88,125,128839,39,,No seleccionado,,Consultar
2025,2,Licenciatura 2025,210,21005005,PSICOLOGIA,FES ZARAGOZA,Escolarizado,https://www.dgae.unam.mx/Licenciatura2025/resultados/2/21005005.html,120,3202,2854,88,125,128842,74,,No seleccionado,,Consultar
2025,2,Licenciatura 2025,210,21005005,PSICOLOGIA,FES ZARAGOZA,Escolarizado,https://www.dgae.unam.mx/Licenciatura2025/resultados/2/21005005.html,120,3202,2854,88,125,128843,36,,No seleccionado,,Consultar
2025,2,Licenciatura 2025,210,21005005,PSICOLOGIA,FES ZARAGOZA,Escolarizado,https://www.dgae.unam.mx/Licenciatura2025/resultados/2/21005005.html,120,3202,2854,88,125,128844,43,,No seleccionado,,Consultar
2025,2,Licenciatura 2025,210,21005005,PSICOLOGIA,FES ZARAGOZA,Escolarizado,https://www.dgae.unam.mx/Licenciatura2025/resultados/2/21005005.html,120,3202,2854,88,125,128850,42,,No seleccionado,,Consultar
2025,2,Licenciatura 2025,210,21005005,PSICOLOGIA,FES ZARAGOZA,Escolarizado,https://www.dgae.unam.mx/Licenciatura2025/resultados/2/21005005.html,120,3202,2854,88,125,128864,48,,No seleccionado,,Consultar
2025,2,Licenciatura 2025,210,21005005,PSICOLOGIA,FES ZARAGOZA,Escolarizado,https://www.dgae.unam.mx/Licenciatura2025/resultados/2/21005005.html,120,3202,2854,88,125,128867,45,,No seleccionado,,Consultar
2025,2,Licenciatura 2025,210,21005005,PSICOLOGIA,FES ZARAGOZA,Escolarizado,https://www.dgae.unam.mx/Licenciatura2025/resultados/2/21005005.html,120,3202,2854,88,125,128876,31,,No seleccionado,,Consultar
2025,2,Licenciatura 2025,210,21005005,PSICOLOGIA,FES ZARAGOZA,Escolarizado,https://www.dgae.unam.mx/Licenciatura2025/resultados/2/21005005.html,120,3202,2854,88,125,128886,90,S,Seleccionado,Cita para entregar documentación.,Consultar
2025,2,Licenciatura 2025,210,21005005,PSICOLOGIA,FES ZARAGOZA,Escolarizado,https://www.dgae.unam.mx/Licenciatura2025/resultados/2/21005005.html,120,3202,2854,88,125,128887,76,,No seleccionado,,Consultar
2025,2,Licenciatura 2025,210,21005005,PSICOLOGIA,FES ZARAGOZA,Escolarizado,https://www.dgae.unam.mx/Licenciatura2025/resultados/2/21005005.html,120,3202,2854,88,125,128890,29,,No seleccionado,,Consultar
2025,2,Licenciatura 2025,210,21005005,PSICOLOGIA,FES ZARAGOZA,Escolarizado,https://www.dgae.unam.mx/Licenciatura2025/resultados/2/21005005.html,120,3202,2854,88,125,128898,60,,No seleccionado,,Consultar
2025,2,Licenciatura 2025,210,21005005,PSICOLOGIA,FES ZARAGOZA,Escolarizado,https://www.dgae.unam.mx/Licenciatura2025/resultados/2/21005005.html,120,3202,2854,88,125,128899,42,,No seleccionado,,Consultar
2025,2,Licenciatura 2025,210,21005005,PSICOLOGIA,FES ZARAGOZA,Escolarizado,https://www.dgae.unam.mx/Licenciatura2025/resultados/2/21005005.html,120,3202,2854,88,125,128901,68,,No seleccionado,,Consultar
2025,2,Licenciatura 2025,210,21005005,PSICOLOGIA,FES ZARAGOZA,Escolarizado,https://www.dgae.unam.mx/Licenciatura2025/resultados/2/21005005.html,120,3202,2854,88,125,128903,57,,No seleccionado,,Consultar
2025,2,Licenciatura 2025,210,21005005,PSICOLOGIA,FES ZARAGOZA,Escolarizado,https://www.dgae.unam.mx/Licenciatura2025/resultados/2/21005005.html,120,3202,2854,88,125,128904,54,,No seleccionado,,Consultar
2025,2,Licenciatura 2025,210,21005005,PSICOLOGIA,FES ZARAGOZA,Escolarizado,https://www.dgae.unam.mx/Licenciatura2025/resultados/2/21005005.html,120,3202,2854,88,125,128914,59,,No seleccionado,,Consultar
2025,2,Licenciatura 2025,210,21005005,PSICOLOGIA,FES ZARAGOZA,Escolarizado,https://www.dgae.unam.mx/Licenciatura2025/resultados/2/21005005.html,120,3202,2854,88,125,128915,67,,No seleccionado,,Consultar
2025,2,Licenciatura 2025,210,21005005,PSICOLOGIA,FES ZARAGOZA,Escolarizado,https://www.dgae.unam.mx/Licenciatura2025/resultados/2/21005005.html,120,3202,2854,88,125,128920,37,,No seleccionado,,Consultar
2025,2,Licenciatura 2025,210,21005005,PSICOLOGIA,FES ZARAGOZA,Escolarizado,https://www.dgae.unam.mx/Licenciatura2025/resultados/2/21005005.html,120,3202,2854,88,125,128929,77,,No seleccionado,,Consultar
2025,2,Licenciatura 2025,210,21005005,PSICOLOGIA,FES ZARAGOZA,Escolarizado,https://www.dgae.unam.mx/Licenciatura2025/resultados/2/21005005.html,120,3202,2854,88,125,128933,37,,No seleccionado,,Consultar
2025,2,Licenciatura 2025,210,21005005,PSICOLOGIA,FES ZARAGOZA,Escolarizado,https://www.dgae.unam.mx/Licenciatura2025/resultados/2/21005005.html,120,3202,2854,88,125,128934,36,,No seleccionado,,Consultar
2025,2,Licenciatura 2025,210,21005005,PSICOLOGIA,FES ZARAGOZA,Escolarizado,https://www.dgae.unam.mx/Licenciatura2025/resultados/2/21005005.html,120,3202,2854,88,125,128942,31,,No seleccionado,,Consultar
2025,2,Licenciatura 2025,210,21005005,PSICOLOGIA,FES ZARAGOZA,Escolarizado,https://www.dgae.unam.mx/Licenciatura2025/resultados/2/21005005.html,120,3202,2854,88,125,128944,44,,No seleccionado,,Consultar
2025,2,Licenciatura 2025,210,21005005,PSICOLOGIA,FES ZARAGOZA,Escolarizado,https://www.dgae.unam.mx/Licenciatura2025/resultados/2/21005005.html,120,3202,2854,88,125,128946,68,,No seleccionado,,Consultar
2025,2,Licenciatura 2025,210,21005005,PSICOLOGIA,FES ZARAGOZA,Escolarizado,https://www.dgae.unam.mx/Licenciatura2025/resultados/2/21005005.html,120,3202,2854,88,125,128956,55,,No seleccionado,,Consultar
2025,2,Licenciatura 2025,210,21005005,PSICOLOGIA,FES ZARAGOZA,Escolarizado,https://www.dgae.unam.mx/Licenciatura2025/resultados/2/21005005.html,120,3202,2854,88,125,128958,68,,No seleccionado,,Consultar
2025,2,Licenciatura 2025,210,21005005,PSICOLOGIA,FES ZARAGOZA,Escolarizado,https://www.dgae.unam.mx/Licenciatura2025/resultados/2/21005005.html,120,3202,2854,88,125,128966,38,,No seleccionado,,Consultar
2025,2,Licenciatura 2025,210,21005005,PSICOLOGIA,FES ZARAGOZA,Escolarizado,https://www.dgae.unam.mx/Licenciatura2025/resultados/2/21005005.html,120,3202,2854,88,125,128972,,N,No presentado,,Consultar
2025,2,Licenciatura 2025,210,21005005,PSICOLOGIA,FES ZARAGOZA,Escolarizado,https://www.dgae.unam.mx/Licenciatura2025/resultados/2/21005005.html,120,3202,2854,88,125,128973,38,,No seleccionado,,Consultar
2025,2,Licenciatura 2025,210,21005005,PSICOLOGIA,FES ZARAGOZA,Escolarizado,https://www.dgae.unam.mx/Licenciatura2025/resultados/2/21005005.html,120,3202,2854,88,125,128986,73,,No seleccionado,,Consultar
2025,2,Licenciatura 2025,210,21005005,PSICOLOGIA,FES ZARAGOZA,Escolarizado,https://www.dgae.unam.mx/Licenciatura2025/resultados/2/21005005.html,120,3202,2854,88,125,129011,40,,No seleccionado,,Consultar
2025,2,Licenciatura 2025,210,21005005,PSICOLOGIA,FES ZARAGOZA,Escolarizado,https://www.dgae.unam.mx/Licenciatura2025/resultados/2/21005005.html,120,3202,2854,88,125,129014,88,S,Seleccionado,Cita para entregar documentación.,Consultar
2025,2,Licenciatura 2025,210,21005005,PSICOLOGIA,FES ZARAGOZA,Escolarizado,https://www.dgae.unam.mx/Licenciatura2025/resultados/2/21005005.html,120,3202,2854,88,125,129015,48,,No seleccionado,,Consultar
2025,2,Licenciatura 2025,210,21005005,PSICOLOGIA,FES ZARAGOZA,Escolarizado,https://www.dgae.unam.mx/Licenciatura2025/resultados/2/21005005.html,120,3202,2854,88,125,129036,36,,No seleccionado,,Consultar
2025,2,Licenciatura 2025,210,21005005,PSICOLOGIA,FES ZARAGOZA,Escolarizado,https://www.dgae.unam.mx/Licenciatura2025/resultados/2/21005005.html,120,3202,2854,88,125,129040,68,,No seleccionado,,Consultar
2025,2,Licenciatura 2025,210,21005005,PSICOLOGIA,FES ZARAGOZA,Escolarizado,https://www.dgae.unam.mx/Licenciatura2025/resultados/2/21005005.html,120,3202,2854,88,125,129052,47,,No seleccionado,,Consultar
2025,2,Licenciatura 2025,210,21005005,PSICOLOGIA,FES ZARAGOZA,Escolarizado,https://www.dgae.unam.mx/Licenciatura2025/resultados/2/21005005.html,120,3202,2854,88,125,129059,94,S,Seleccionado,,Consultar
2025,2,Licenciatura 2025,210,21005005,PSICOLOGIA,FES ZARAGOZA,Escolarizado,https://www.dgae.unam.mx/Licenciatura2025/resultados/2/21005005.html,120,3202,2854,88,125,129064,37,,No seleccionado,,Consultar
2025,2,Licenciatura 2025,210,21005005,PSICOLOGIA,FES ZARAGOZA,Escolarizado,https://www.dgae.unam.mx/Licenciatura2025/resultados/2/21005005.html,120,3202,2854,88,125,129071,76,,No seleccionado,,Consultar
2025,2,Licenciatura 2025,210,21005005,PSICOLOGIA,FES ZARAGOZA,Escolarizado,https://www.dgae.unam.mx/Licenciatura2025/resultados/2/21005005.html,120,3202,2854,88,125,129076,63,,No seleccionado,,Consultar
2025,2,Licenciatura 2025,210,21005005,PSICOLOGIA,FES ZARAGOZA,Escolarizado,https://www.dgae.unam.mx/Licenciatura2025/resultados/2/21005005.html,120,3202,2854,88,125,129078,42,,No seleccionado,,Consultar
2025,2,Licenciatura 2025,210,21005005,PSICOLOGIA,FES ZARAGOZA,Escolarizado,https://www.dgae.unam.mx/Licenciatura2025/resultados/2/21005005.html,120,3202,2854,88,125,129086,43,,No seleccionado,,Consultar
2025,2,Licenciatura 2025,210,21005005,PSICOLOGIA,FES ZARAGOZA,Escolarizado,https://www.dgae.unam.mx/Licenciatura2025/resultados/2/21005005.html,120,3202,2854,88,125,129087,35,,No seleccionado,,Consultar
2025,2,Licenciatura 2025,210,21005005,PSICOLOGIA,FES ZARAGOZA,Escolarizado,https://www.dgae.unam.mx/Licenciatura2025/resultados/2/21005005.html,120,3202,2854,88,125,129092,59,,No seleccionado,,Consultar
2025,2,Licenciatura 2025,210,21005005,PSICOLOGIA,FES ZARAGOZA,Escolarizado,https://www.dgae.unam.mx/Licenciatura2025/resultados/2/21005005.html,120,3202,2854,88,125,129095,39,,No seleccionado,,Consultar
2025,2,Licenciatura 2025,210,21005005,PSICOLOGIA,FES ZARAGOZA,Escolarizado,https://www.dgae.unam.mx/Licenciatura2025/resultados/2/21005005.html,120,3202,2854,88,125,129105,57,,No seleccionado,,Consultar
2025,2,Licenciatura 2025,210,21005005,PSICOLOGIA,FES ZARAGOZA,Escolarizado,https://www.dgae.unam.mx/Licenciatura2025/resultados/2/21005005.html,120,3202,2854,88,125,129111,34,,No seleccionado,,Consultar
2025,2,Licenciatura 2025,210,21005005,PSICOLOGIA,FES ZARAGOZA,Escolarizado,https://www.dgae.unam.mx/Licenciatura2025/resultados/2/21005005.html,120,3202,2854,88,125,129112,,N,No presentado,,Consultar
2025,2,Licenciatura 2025,210,21005005,PSICOLOGIA,FES ZARAGOZA,Escolarizado,https://www.dgae.unam.mx/Licenciatura2025/resultados/2/21005005.html,120,3202,2854,88,125,129115,76,,No seleccionado,,Consultar
2025,2,Licenciatura 2025,210,21005005,PSICOLOGIA,FES ZARAGOZA,Escolarizado,https://www.dgae.unam.mx/Licenciatura2025/resultados/2/21005005.html,120,3202,2854,88,125,129119,53,,No seleccionado,,Consultar
2025,2,Licenciatura 2025,210,21005005,PSICOLOGIA,FES ZARAGOZA,Escolarizado,https://www.dgae.unam.mx/Licenciatura2025/resultados/2/21005005.html,120,3202,2854,88,125,129120,52,,No seleccionado,,Consultar
2025,2,Licenciatura 2025,210,21005005,PSICOLOGIA,FES ZARAGOZA,Escolarizado,https://www.dgae.unam.mx/Licenciatura2025/resultados/2/21005005.html,120,3202,2854,88,125,129122,80,,No seleccionado,,Consultar
2025,2,Licenciatura 2025,210,21005005,PSICOLOGIA,FES ZARAGOZA,Escolarizado,https://www.dgae.unam.mx/Licenciatura2025/resultados/2/21005005.html,120,3202,2854,88,125,129124,,N,No presentado,,Consultar
2025,2,Licenciatura 2025,210,21005005,PSICOLOGIA,FES ZARAGOZA,Escolarizado,https://www.dgae.unam.mx/Licenciatura2025/resultados/2/21005005.html,120,3202,2854,88,125,129127,32,,No seleccionado,,Consultar
2025,2,Licenciatura 2025,210,21005005,PSICOLOGIA,FES ZARAGOZA,Escolarizado,https://www.dgae.unam.mx/Licenciatura2025/resultados/2/21005005.html,120,3202,2854,88,125,129134,81,,No seleccionado,,Consultar
2025,2,Licenciatura 2025,210,21005005,PSICOLOGIA,FES ZARAGOZA,Escolarizado,https://www.dgae.unam.mx/Licenciatura2025/resultados/2/21005005.html,120,3202,2854,88,125,129136,61,,No seleccionado,,Consultar
2025,2,Licenciatura 2025,210,21005005,PSICOLOGIA,FES ZARAGOZA,Escolarizado,https://www.dgae.unam.mx/Licenciatura2025/resultados/2/21005005.html,120,3202,2854,88,125,129147,76,,No seleccionado,,Consultar
2025,2,Licenciatura 2025,210,21005005,PSICOLOGIA,FES ZARAGOZA,Escolarizado,https://www.dgae.unam.mx/Licenciatura2025/resultados/2/21005005.html,120,3202,2854,88,125,129148,63,,No seleccionado,,Consultar
2025,2,Licenciatura 2025,210,21005005,PSICOLOGIA,FES ZARAGOZA,Escolarizado,https://www.dgae.unam.mx/Licenciatura2025/resultados/2/21005005.html,120,3202,2854,88,125,129160,52,,No seleccionado,,Consultar
2025,2,Licenciatura 2025,210,21005005,PSICOLOGIA,FES ZARAGOZA,Escolarizado,https://www.dgae.unam.mx/Licenciatura2025/resultados/2/21005005.html,120,3202,2854,88,125,129163,39,,No seleccionado,,Consultar
2025,2,Licenciatura 2025,210,21005005,PSICOLOGIA,FES ZARAGOZA,Escolarizado,https://www.dgae.unam.mx/Licenciatura2025/resultados/2/21005005.html,120,3202,2854,88,125,129166,46,,No seleccionado,,Consultar
2025,2,Licenciatura 2025,210,21005005,PSICOLOGIA,FES ZARAGOZA,Escolarizado,https://www.dgae.unam.mx/Licenciatura2025/resultados/2/21005005.html,120,3202,2854,88,125,129171,95,S,Seleccionado,Cita para entregar documentación.,Consultar
2025,2,Licenciatura 2025,210,21005005,PSICOLOGIA,FES ZARAGOZA,Escolarizado,https://www.dgae.unam.mx/Licenciatura2025/resultados/2/21005005.html,120,3202,2854,88,125,129173,80,,No seleccionado,,Consultar
2025,2,Licenciatura 2025,210,21005005,PSICOLOGIA,FES ZARAGOZA,Escolarizado,https://www.dgae.unam.mx/Licenciatura2025/resultados/2/21005005.html,120,3202,2854,88,125,129179,45,,No seleccionado,,Consultar
2025,2,Licenciatura 2025,210,21005005,PSICOLOGIA,FES ZARAGOZA,Escolarizado,https://www.dgae.unam.mx/Licenciatura2025/resultados/2/21005005.html,120,3202,2854,88,125,129191,,N,No presentado,,Consultar
2025,2,Licenciatura 2025,210,21005005,PSICOLOGIA,FES ZARAGOZA,Escolarizado,https://www.dgae.unam.mx/Licenciatura2025/resultados/2/21005005.html,120,3202,2854,88,125,129195,67,,No seleccionado,,Consultar
2025,2,Licenciatura 2025,210,21005005,PSICOLOGIA,FES ZARAGOZA,Escolarizado,https://www.dgae.unam.mx/Licenciatura2025/resultados/2/21005005.html,120,3202,2854,88,125,129201,65,,No seleccionado,,Consultar
2025,2,Licenciatura 2025,210,21005005,PSICOLOGIA,FES ZARAGOZA,Escolarizado,https://www.dgae.unam.mx/Licenciatura2025/resultados/2/21005005.html,120,3202,2854,88,125,129204,40,,No seleccionado,,Consultar
2025,2,Licenciatura 2025,210,21005005,PSICOLOGIA,FES ZARAGOZA,Escolarizado,https://www.dgae.unam.mx/Licenciatura2025/resultados/2/21005005.html,120,3202,2854,88,125,129205,,N,No presentado,,Consultar
2025,2,Licenciatura 2025,210,21005005,PSICOLOGIA,FES ZARAGOZA,Escolarizado,https://www.dgae.unam.mx/Licenciatura2025/resultados/2/21005005.html,120,3202,2854,88,125,129239,51,,No seleccionado,,Consultar
2025,2,Licenciatura 2025,210,21005005,PSICOLOGIA,FES ZARAGOZA,Escolarizado,https://www.dgae.unam.mx/Licenciatura2025/resultados/2/21005005.html,120,3202,2854,88,125,129246,69,,No seleccionado,,Consultar
2025,2,Licenciatura 2025,210,21005005,PSICOLOGIA,FES ZARAGOZA,Escolarizado,https://www.dgae.unam.mx/Licenciatura2025/resultados/2/21005005.html,120,3202,2854,88,125,129249,56,,No seleccionado,,Consultar
2025,2,Licenciatura 2025,210,21005005,PSICOLOGIA,FES ZARAGOZA,Escolarizado,https://www.dgae.unam.mx/Licenciatura2025/resultados/2/21005005.html,120,3202,2854,88,125,129265,53,,No seleccionado,,Consultar
2025,2,Licenciatura 2025,210,21005005,PSICOLOGIA,FES ZARAGOZA,Escolarizado,https://www.dgae.unam.mx/Licenciatura2025/resultados/2/21005005.html,120,3202,2854,88,125,129268,73,,No seleccionado,,Consultar
2025,2,Licenciatura 2025,210,21005005,PSICOLOGIA,FES ZARAGOZA,Escolarizado,https://www.dgae.unam.mx/Licenciatura2025/resultados/2/21005005.html,120,3202,2854,88,125,129280,48,,No seleccionado,,Consultar
2025,2,Licenciatura 2025,210,21005005,PSICOLOGIA,FES ZARAGOZA,Escolarizado,https://www.dgae.unam.mx/Licenciatura2025/resultados/2/21005005.html,120,3202,2854,88,125,129292,77,,No seleccionado,,Consultar
2025,2,Licenciatura 2025,210,21005005,PSICOLOGIA,FES ZARAGOZA,Escolarizado,https://www.dgae.unam.mx/Licenciatura2025/resultados/2/21005005.html,120,3202,2854,88,125,129293,58,,No seleccionado,,Consultar
2025,2,Licenciatura 2025,210,21005005,PSICOLOGIA,FES ZARAGOZA,Escolarizado,https://www.dgae.unam.mx/Licenciatura2025/resultados/2/21005005.html,120,3202,2854,88,125,129298,40,,No seleccionado,,Consultar
2025,2,Licenciatura 2025,210,21005005,PSICOLOGIA,FES ZARAGOZA,Escolarizado,https://www.dgae.unam.mx/Licenciatura2025/resultados/2/21005005.html,120,3202,2854,88,125,129304,96,S,Seleccionado,,Consultar
2025,2,Licenciatura 2025,210,21005005,PSICOLOGIA,FES ZARAGOZA,Escolarizado,https://www.dgae.unam.mx/Licenciatura2025/resultados/2/21005005.html,120,3202,2854,88,125,129307,,N,No presentado,,Consultar
2025,2,Licenciatura 2025,210,21005005,PSICOLOGIA,FES ZARAGOZA,Escolarizado,https://www.dgae.unam.mx/Licenciatura2025/resultados/2/21005005.html,120,3202,2854,88,125,129309,43,,No seleccionado,,Consultar
2025,2,Licenciatura 2025,210,21005005,PSICOLOGIA,FES ZARAGOZA,Escolarizado,https://www.dgae.unam.mx/Licenciatura2025/resultados/2/21005005.html,120,3202,2854,88,125,129313,75,,No seleccionado,,Consultar
2025,2,Licenciatura 2025,210,21005005,PSICOLOGIA,FES ZARAGOZA,Escolarizado,https://www.dgae.unam.mx/Licenciatura2025/resultados/2/21005005.html,120,3202,2854,88,125,129316,34,,No seleccionado,,Consultar
2025,2,Licenciatura 2025,210,21005005,PSICOLOGIA,FES ZARAGOZA,Escolarizado,https://www.dgae.unam.mx/Licenciatura2025/resultados/2/21005005.html,120,3202,2854,88,125,129325,47,,No seleccionado,,Consultar
2025,2,Licenciatura 2025,210,21005005,PSICOLOGIA,FES ZARAGOZA,Escolarizado,https://www.dgae.unam.mx/Licenciatura2025/resultados/2/21005005.html,120,3202,2854,88,125,129328,,N,No presentado,,Consultar
2025,2,Licenciatura 2025,210,21005005,PSICOLOGIA,FES ZARAGOZA,Escolarizado,https://www.dgae.unam.mx/Licenciatura2025/resultados/2/21005005.html,120,3202,2854,88,125,129335,43,,No seleccionado,,Consultar
2025,2,Licenciatura 2025,210,21005005,PSICOLOGIA,FES ZARAGOZA,Escolarizado,https://www.dgae.unam.mx/Licenciatura2025/resultados/2/21005005.html,120,3202,2854,88,125,129336,100,S,Seleccionado,Cita para entregar documentación.,Consultar
2025,2,Licenciatura 2025,210,21005005,PSICOLOGIA,FES ZARAGOZA,Escolarizado,https://www.dgae.unam.mx/Licenciatura2025/resultados/2/21005005.html,120,3202,2854,88,125,129342,,N,No presentado,,Consultar
2025,2,Licenciatura 2025,210,21005005,PSICOLOGIA,FES ZARAGOZA,Escolarizado,https://www.dgae.unam.mx/Licenciatura2025/resultados/2/21005005.html,120,3202,2854,88,125,129347,57,,No seleccionado,,Consultar
2025,2,Licenciatura 2025,210,21005005,PSICOLOGIA,FES ZARAGOZA,Escolarizado,https://www.dgae.unam.mx/Licenciatura2025/resultados/2/21005005.html,120,3202,2854,88,125,129348,44,,No seleccionado,,Consultar
2025,2,Licenciatura 2025,210,21005005,PSICOLOGIA,FES ZARAGOZA,Escolarizado,https://www.dgae.unam.mx/Licenciatura2025/resultados/2/21005005.html,120,3202,2854,88,125,129374,53,,No seleccionado,,Consultar
2025,2,Licenciatura 2025,210,21005005,PSICOLOGIA,FES ZARAGOZA,Escolarizado,https://www.dgae.unam.mx/Licenciatura2025/resultados/2/21005005.html,120,3202,2854,88,125,129379,50,,No seleccionado,,Consultar
2025,2,Licenciatura 2025,210,21005005,PSICOLOGIA,FES ZARAGOZA,Escolarizado,https://www.dgae.unam.mx/Licenciatura2025/resultados/2/21005005.html,120,3202,2854,88,125,129380,82,,No seleccionado,,Consultar
2025,2,Licenciatura 2025,210,21005005,PSICOLOGIA,FES ZARAGOZA,Escolarizado,https://www.dgae.unam.mx/Licenciatura2025/resultados/2/21005005.html,120,3202,2854,88,125,129385,,N,No presentado,,Consultar
2025,2,Licenciatura 2025,210,21005005,PSICOLOGIA,FES ZARAGOZA,Escolarizado,https://www.dgae.unam.mx/Licenciatura2025/resultados/2/21005005.html,120,3202,2854,88,125,129388,38,,No seleccionado,,Consultar
2025,2,Licenciatura 2025,210,21005005,PSICOLOGIA,FES ZARAGOZA,Escolarizado,https://www.dgae.unam.mx/Licenciatura2025/resultados/2/21005005.html,120,3202,2854,88,125,129408,29,,No seleccionado,,Consultar
2025,2,Licenciatura 2025,210,21005005,PSICOLOGIA,FES ZARAGOZA,Escolarizado,https://www.dgae.unam.mx/Licenciatura2025/resultados/2/21005005.html,120,3202,2854,88,125,129410,64,,No seleccionado,,Consultar
2025,2,Licenciatura 2025,210,21005005,PSICOLOGIA,FES ZARAGOZA,Escolarizado,https://www.dgae.unam.mx/Licenciatura2025/resultados/2/21005005.html,120,3202,2854,88,125,129437,56,,No seleccionado,,Consultar
2025,2,Licenciatura 2025,210,21005005,PSICOLOGIA,FES ZARAGOZA,Escolarizado,https://www.dgae.unam.mx/Licenciatura2025/resultados/2/21005005.html,120,3202,2854,88,125,129443,42,,No seleccionado,,Consultar
2025,2,Licenciatura 2025,210,21005005,PSICOLOGIA,FES ZARAGOZA,Escolarizado,https://www.dgae.unam.mx/Licenciatura2025/resultados/2/21005005.html,120,3202,2854,88,125,129464,39,,No seleccionado,,Consultar
2025,2,Licenciatura 2025,210,21005005,PSICOLOGIA,FES ZARAGOZA,Escolarizado,https://www.dgae.unam.mx/Licenciatura2025/resultados/2/21005005.html,120,3202,2854,88,125,129466,39,,No seleccionado,,Consultar
2025,2,Licenciatura 2025,210,21005005,PSICOLOGIA,FES ZARAGOZA,Escolarizado,https://www.dgae.unam.mx/Licenciatura2025/resultados/2/21005005.html,120,3202,2854,88,125,129467,41,,No seleccionado,,Consultar
2025,2,Licenciatura 2025,210,21005005,PSICOLOGIA,FES ZARAGOZA,Escolarizado,https://www.dgae.unam.mx/Licenciatura2025/resultados/2/21005005.html,120,3202,2854,88,125,129468,37,,No seleccionado,,Consultar
2025,2,Licenciatura 2025,210,21005005,PSICOLOGIA,FES ZARAGOZA,Escolarizado,https://www.dgae.unam.mx/Licenciatura2025/resultados/2/21005005.html,120,3202,2854,88,125,129476,45,,No seleccionado,,Consultar
2025,2,Licenciatura 2025,210,21005005,PSICOLOGIA,FES ZARAGOZA,Escolarizado,https://www.dgae.unam.mx/Licenciatura2025/resultados/2/21005005.html,120,3202,2854,88,125,129495,,N,No presentado,,Consultar
2025,2,Licenciatura 2025,210,21005005,PSICOLOGIA,FES ZARAGOZA,Escolarizado,https://www.dgae.unam.mx/Licenciatura2025/resultados/2/21005005.html,120,3202,2854,88,125,129499,42,,No seleccionado,,Consultar
2025,2,Licenciatura 2025,210,21005005,PSICOLOGIA,FES ZARAGOZA,Escolarizado,https://www.dgae.unam.mx/Licenciatura2025/resultados/2/21005005.html,120,3202,2854,88,125,129508,60,,No seleccionado,,Consultar
2025,2,Licenciatura 2025,210,21005005,PSICOLOGIA,FES ZARAGOZA,Escolarizado,https://www.dgae.unam.mx/Licenciatura2025/resultados/2/21005005.html,120,3202,2854,88,125,129516,43,,No seleccionado,,Consultar
2025,2,Licenciatura 2025,210,21005005,PSICOLOGIA,FES ZARAGOZA,Escolarizado,https://www.dgae.unam.mx/Licenciatura2025/resultados/2/21005005.html,120,3202,2854,88,125,129517,45,,No seleccionado,,Consultar
2025,2,Licenciatura 2025,210,21005005,PSICOLOGIA,FES ZARAGOZA,Escolarizado,https://www.dgae.unam.mx/Licenciatura2025/resultados/2/21005005.html,120,3202,2854,88,125,129520,,N,No presentado,,Consultar
2025,2,Licenciatura 2025,210,21005005,PSICOLOGIA,FES ZARAGOZA,Escolarizado,https://www.dgae.unam.mx/Licenciatura2025/resultados/2/21005005.html,120,3202,2854,88,125,129528,51,,No seleccionado,,Consultar
2025,2,Licenciatura 2025,210,21005005,PSICOLOGIA,FES ZARAGOZA,Escolarizado,https://www.dgae.unam.mx/Licenciatura2025/resultados/2/21005005.html,120,3202,2854,88,125,129548,46,,No seleccionado,,Consultar
2025,2,Licenciatura 2025,210,21005005,PSICOLOGIA,FES ZARAGOZA,Escolarizado,https://www.dgae.unam.mx/Licenciatura2025/resultados/2/21005005.html,120,3202,2854,88,125,129554,39,,No seleccionado,,Consultar
2025,2,Licenciatura 2025,210,21005005,PSICOLOGIA,FES ZARAGOZA,Escolarizado,https://www.dgae.unam.mx/Licenciatura2025/resultados/2/21005005.html,120,3202,2854,88,125,129556,44,,No seleccionado,,Consultar
2025,2,Licenciatura 2025,210,21005005,PSICOLOGIA,FES ZARAGOZA,Escolarizado,https://www.dgae.unam.mx/Licenciatura2025/resultados/2/21005005.html,120,3202,2854,88,125,129560,73,,No seleccionado,,Consultar
2025,2,Licenciatura 2025,210,21005005,PSICOLOGIA,FES ZARAGOZA,Escolarizado,https://www.dgae.unam.mx/Licenciatura2025/resultados/2/21005005.html,120,3202,2854,88,125,129562,66,,No seleccionado,,Consultar
2025,2,Licenciatura 2025,210,21005005,PSICOLOGIA,FES ZARAGOZA,Escolarizado,https://www.dgae.unam.mx/Licenciatura2025/resultados/2/21005005.html,120,3202,2854,88,125,129567,47,,No seleccionado,,Consultar
2025,2,Licenciatura 2025,210,21005005,PSICOLOGIA,FES ZARAGOZA,Escolarizado,https://www.dgae.unam.mx/Licenciatura2025/resultados/2/21005005.html,120,3202,2854,88,125,129573,51,,No seleccionado,,Consultar
2025,2,Licenciatura 2025,210,21005005,PSICOLOGIA,FES ZARAGOZA,Escolarizado,https://www.dgae.unam.mx/Licenciatura2025/resultados/2/21005005.html,120,3202,2854,88,125,129585,41,,No seleccionado,,Consultar
2025,2,Licenciatura 2025,210,21005005,PSICOLOGIA,FES ZARAGOZA,Escolarizado,https://www.dgae.unam.mx/Licenciatura2025/resultados/2/21005005.html,120,3202,2854,88,125,129587,,N,No presentado,,Consultar
2025,2,Licenciatura 2025,210,21005005,PSICOLOGIA,FES ZARAGOZA,Escolarizado,https://www.dgae.unam.mx/Licenciatura2025/resultados/2/21005005.html,120,3202,2854,88,125,129588,,N,No presentado,,Consultar
2025,2,Licenciatura 2025,210,21005005,PSICOLOGIA,FES ZARAGOZA,Escolarizado,https://www.dgae.unam.mx/Licenciatura2025/resultados/2/21005005.html,120,3202,2854,88,125,129592,66,,No seleccionado,,Consultar
2025,2,Licenciatura 2025,210,21005005,PSICOLOGIA,FES ZARAGOZA,Escolarizado,https://www.dgae.unam.mx/Licenciatura2025/resultados/2/21005005.html,120,3202,2854,88,125,129595,38,,No seleccionado,,Consultar
2025,2,Licenciatura 2025,210,21005005,PSICOLOGIA,FES ZARAGOZA,Escolarizado,https://www.dgae.unam.mx/Licenciatura2025/resultados/2/21005005.html,120,3202,2854,88,125,129599,33,,No seleccionado,,Consultar
2025,2,Licenciatura 2025,210,21005005,PSICOLOGIA,FES ZARAGOZA,Escolarizado,https://www.dgae.unam.mx/Licenciatura2025/resultados/2/21005005.html,120,3202,2854,88,125,129601,46,,No seleccionado,,Consultar
2025,2,Licenciatura 2025,210,21005005,PSICOLOGIA,FES ZARAGOZA,Escolarizado,https://www.dgae.unam.mx/Licenciatura2025/resultados/2/21005005.html,120,3202,2854,88,125,129619,36,,No seleccionado,,Consultar
2025,2,Licenciatura 2025,210,21005005,PSICOLOGIA,FES ZARAGOZA,Escolarizado,https://www.dgae.unam.mx/Licenciatura2025/resultados/2/21005005.html,120,3202,2854,88,125,129628,44,,No seleccionado,,Consultar
2025,2,Licenciatura 2025,210,21005005,PSICOLOGIA,FES ZARAGOZA,Escolarizado,https://www.dgae.unam.mx/Licenciatura2025/resultados/2/21005005.html,120,3202,2854,88,125,129639,61,,No seleccionado,,Consultar
2025,2,Licenciatura 2025,210,21005005,PSICOLOGIA,FES ZARAGOZA,Escolarizado,https://www.dgae.unam.mx/Licenciatura2025/resultados/2/21005005.html,120,3202,2854,88,125,129652,,N,No presentado,,Consultar
2025,2,Licenciatura 2025,210,21005005,PSICOLOGIA,FES ZARAGOZA,Escolarizado,https://www.dgae.unam.mx/Licenciatura2025/resultados/2/21005005.html,120,3202,2854,88,125,129660,44,,No seleccionado,,Consultar
2025,2,Licenciatura 2025,210,21005005,PSICOLOGIA,FES ZARAGOZA,Escolarizado,https://www.dgae.unam.mx/Licenciatura2025/resultados/2/21005005.html,120,3202,2854,88,125,129680,31,,No seleccionado,,Consultar
2025,2,Licenciatura 2025,210,21005005,PSICOLOGIA,FES ZARAGOZA,Escolarizado,https://www.dgae.unam.mx/Licenciatura2025/resultados/2/21005005.html,120,3202,2854,88,125,129689,46,,No seleccionado,,Consultar
2025,2,Licenciatura 2025,210,21005005,PSICOLOGIA,FES ZARAGOZA,Escolarizado,https://www.dgae.unam.mx/Licenciatura2025/resultados/2/21005005.html,120,3202,2854,88,125,129693,42,,No seleccionado,,Consultar
2025,2,Licenciatura 2025,210,21005005,PSICOLOGIA,FES ZARAGOZA,Escolarizado,https://www.dgae.unam.mx/Licenciatura2025/resultados/2/21005005.html,120,3202,2854,88,125,129701,81,,No seleccionado,,Consultar
2025,2,Licenciatura 2025,210,21005005,PSICOLOGIA,FES ZARAGOZA,Escolarizado,https://www.dgae.unam.mx/Licenciatura2025/resultados/2/21005005.html,120,3202,2854,88,125,129704,74,,No seleccionado,,Consultar
2025,2,Licenciatura 2025,210,21005005,PSICOLOGIA,FES ZARAGOZA,Escolarizado,https://www.dgae.unam.mx/Licenciatura2025/resultados/2/21005005.html,120,3202,2854,88,125,129722,,N,No presentado,,Consultar
2025,2,Licenciatura 2025,210,21005005,PSICOLOGIA,FES ZARAGOZA,Escolarizado,https://www.dgae.unam.mx/Licenciatura2025/resultados/2/21005005.html,120,3202,2854,88,125,129746,45,,No seleccionado,,Consultar
2025,2,Licenciatura 2025,210,21005005,PSICOLOGIA,FES ZARAGOZA,Escolarizado,https://www.dgae.unam.mx/Licenciatura2025/resultados/2/21005005.html,120,3202,2854,88,125,129756,56,,No seleccionado,,Consultar
2025,2,Licenciatura 2025,210,21005005,PSICOLOGIA,FES ZARAGOZA,Escolarizado,https://www.dgae.unam.mx/Licenciatura2025/resultados/2/21005005.html,120,3202,2854,88,125,129770,83,,No seleccionado,,Consultar
2025,2,Licenciatura 2025,210,21005005,PSICOLOGIA,FES ZARAGOZA,Escolarizado,https://www.dgae.unam.mx/Licenciatura2025/resultados/2/21005005.html,120,3202,2854,88,125,129776,,N,No presentado,,Consultar
2025,2,Licenciatura 2025,210,21005005,PSICOLOGIA,FES ZARAGOZA,Escolarizado,https://www.dgae.unam.mx/Licenciatura2025/resultados/2/21005005.html,120,3202,2854,88,125,129777,60,,No seleccionado,,Consultar
2025,2,Licenciatura 2025,210,21005005,PSICOLOGIA,FES ZARAGOZA,Escolarizado,https://www.dgae.unam.mx/Licenciatura2025/resultados/2/21005005.html,120,3202,2854,88,125,129780,39,,No seleccionado,,Consultar
2025,2,Licenciatura 2025,210,21005005,PSICOLOGIA,FES ZARAGOZA,Escolarizado,https://www.dgae.unam.mx/Licenciatura2025/resultados/2/21005005.html,120,3202,2854,88,125,129783,92,S,Seleccionado,,Consultar
2025,2,Licenciatura 2025,210,21005005,PSICOLOGIA,FES ZARAGOZA,Escolarizado,https://www.dgae.unam.mx/Licenciatura2025/resultados/2/21005005.html,120,3202,2854,88,125,129808,,N,No presentado,,Consultar
2025,2,Licenciatura 2025,210,21005005,PSICOLOGIA,FES ZARAGOZA,Escolarizado,https://www.dgae.unam.mx/Licenciatura2025/resultados/2/21005005.html,120,3202,2854,88,125,129825,61,,No seleccionado,,Consultar
2025,2,Licenciatura 2025,210,21005005,PSICOLOGIA,FES ZARAGOZA,Escolarizado,https://www.dgae.unam.mx/Licenciatura2025/resultados/2/21005005.html,120,3202,2854,88,125,129829,38,,No seleccionado,,Consultar
2025,2,Licenciatura 2025,210,21005005,PSICOLOGIA,FES ZARAGOZA,Escolarizado,https://www.dgae.unam.mx/Licenciatura2025/resultados/2/21005005.html,120,3202,2854,88,125,129832,,N,No presentado,,Consultar
2025,2,Licenciatura 2025,210,21005005,PSICOLOGIA,FES ZARAGOZA,Escolarizado,https://www.dgae.unam.mx/Licenciatura2025/resultados/2/21005005.html,120,3202,2854,88,125,129841,51,,No seleccionado,,Consultar
2025,2,Licenciatura 2025,210,21005005,PSICOLOGIA,FES ZARAGOZA,Escolarizado,https://www.dgae.unam.mx/Licenciatura2025/resultados/2/21005005.html,120,3202,2854,88,125,129850,76,,No seleccionado,,Consultar
2025,2,Licenciatura 2025,210,21005005,PSICOLOGIA,FES ZARAGOZA,Escolarizado,https://www.dgae.unam.mx/Licenciatura2025/resultados/2/21005005.html,120,3202,2854,88,125,129863,,N,No presentado,,Consultar
2025,2,Licenciatura 2025,210,21005005,PSICOLOGIA,FES ZARAGOZA,Escolarizado,https://www.dgae.unam.mx/Licenciatura2025/resultados/2/21005005.html,120,3202,2854,88,125,129869,39,,No seleccionado,,Consultar
2025,2,Licenciatura 2025,210,21005005,PSICOLOGIA,FES ZARAGOZA,Escolarizado,https://www.dgae.unam.mx/Licenciatura2025/resultados/2/21005005.html,120,3202,2854,88,125,129880,56,,No seleccionado,,Consultar
2025,2,Licenciatura 2025,210,21005005,PSICOLOGIA,FES ZARAGOZA,Escolarizado,https://www.dgae.unam.mx/Licenciatura2025/resultados/2/21005005.html,120,3202,2854,88,125,129892,29,,No seleccionado,,Consultar
2025,2,Licenciatura 2025,210,21005005,PSICOLOGIA,FES ZARAGOZA,Escolarizado,https://www.dgae.unam.mx/Licenciatura2025/resultados/2/21005005.html,120,3202,2854,88,125,129901,47,,No seleccionado,,Consultar
2025,2,Licenciatura 2025,210,21005005,PSICOLOGIA,FES ZARAGOZA,Escolarizado,https://www.dgae.unam.mx/Licenciatura2025/resultados/2/21005005.html,120,3202,2854,88,125,129911,93,S,Seleccionado,Cita para entregar documentación.,Consultar
2025,2,Licenciatura 2025,210,21005005,PSICOLOGIA,FES ZARAGOZA,Escolarizado,https://www.dgae.unam.mx/Licenciatura2025/resultados/2/21005005.html,120,3202,2854,88,125,129913,51,,No seleccionado,,Consultar
2025,2,Licenciatura 2025,210,21005005,PSICOLOGIA,FES ZARAGOZA,Escolarizado,https://www.dgae.unam.mx/Licenciatura2025/resultados/2/21005005.html,120,3202,2854,88,125,129915,48,,No seleccionado,,Consultar
2025,2,Licenciatura 2025,210,21005005,PSICOLOGIA,FES ZARAGOZA,Escolarizado,https://www.dgae.unam.mx/Licenciatura2025/resultados/2/21005005.html,120,3202,2854,88,125,129924,54,,No seleccionado,,Consultar
2025,2,Licenciatura 2025,210,21005005,PSICOLOGIA,FES ZARAGOZA,Escolarizado,https://www.dgae.unam.mx/Licenciatura2025/resultados/2/21005005.html,120,3202,2854,88,125,129946,39,,No seleccionado,,Consultar
2025,2,Licenciatura 2025,210,21005005,PSICOLOGIA,FES ZARAGOZA,Escolarizado,https://www.dgae.unam.mx/Licenciatura2025/resultados/2/21005005.html,120,3202,2854,88,125,129951,35,,No seleccionado,,Consultar
2025,2,Licenciatura 2025,210,21005005,PSICOLOGIA,FES ZARAGOZA,Escolarizado,https://www.dgae.unam.mx/Licenciatura2025/resultados/2/21005005.html,120,3202,2854,88,125,129954,68,,No seleccionado,,Consultar
2025,2,Licenciatura 2025,210,21005005,PSICOLOGIA,FES ZARAGOZA,Escolarizado,https://www.dgae.unam.mx/Licenciatura2025/resultados/2/21005005.html,120,3202,2854,88,125,129955,39,,No seleccionado,,Consultar
2025,2,Licenciatura 2025,210,21005005,PSICOLOGIA,FES ZARAGOZA,Escolarizado,https://www.dgae.unam.mx/Licenciatura2025/resultados/2/21005005.html,120,3202,2854,88,125,129962,45,,No seleccionado,,Consultar
2025,2,Licenciatura 2025,210,21005005,PSICOLOGIA,FES ZARAGOZA,Escolarizado,https://www.dgae.unam.mx/Licenciatura2025/resultados/2/21005005.html,120,3202,2854,88,125,129972,43,,No seleccionado,,Consultar
2025,2,Licenciatura 2025,210,21005005,PSICOLOGIA,FES ZARAGOZA,Escolarizado,https://www.dgae.unam.mx/Licenciatura2025/resultados/2/21005005.html,120,3202,2854,88,125,129979,53,,No seleccionado,,Consultar
2025,2,Licenciatura 2025,210,21005005,PSICOLOGIA,FES ZARAGOZA,Escolarizado,https://www.dgae.unam.mx/Licenciatura2025/resultados/2/21005005.html,120,3202,2854,88,125,129980,60,,No seleccionado,,Consultar
2025,2,Licenciatura 2025,210,21005005,PSICOLOGIA,FES ZARAGOZA,Escolarizado,https://www.dgae.unam.mx/Licenciatura2025/resultados/2/21005005.html,120,3202,2854,88,125,129985,78,,No seleccionado,,Consultar
2025,2,Licenciatura 2025,210,21005005,PSICOLOGIA,FES ZARAGOZA,Escolarizado,https://www.dgae.unam.mx/Licenciatura2025/resultados/2/21005005.html,120,3202,2854,88,125,129995,71,,No seleccionado,,Consultar
2025,2,Licenciatura 2025,210,21005005,PSICOLOGIA,FES ZARAGOZA,Escolarizado,https://www.dgae.unam.mx/Licenciatura2025/resultados/2/21005005.html,120,3202,2854,88,125,129996,38,,No seleccionado,,Consultar
2025,2,Licenciatura 2025,210,21005005,PSICOLOGIA,FES ZARAGOZA,Escolarizado,https://www.dgae.unam.mx/Licenciatura2025/resultados/2/21005005.html,120,3202,2854,88,125,130003,33,,No seleccionado,,Consultar
2025,2,Licenciatura 2025,210,21005005,PSICOLOGIA,FES ZARAGOZA,Escolarizado,https://www.dgae.unam.mx/Licenciatura2025/resultados/2/21005005.html,120,3202,2854,88,125,130008,43,,No seleccionado,,Consultar
2025,2,Licenciatura 2025,210,21005005,PSICOLOGIA,FES ZARAGOZA,Escolarizado,https://www.dgae.unam.mx/Licenciatura2025/resultados/2/21005005.html,120,3202,2854,88,125,130013,52,,No seleccionado,,Consultar
2025,2,Licenciatura 2025,210,21005005,PSICOLOGIA,FES ZARAGOZA,Escolarizado,https://www.dgae.unam.mx/Licenciatura2025/resultados/2/21005005.html,120,3202,2854,88,125,130026,51,,No seleccionado,,Consultar
2025,2,Licenciatura 2025,210,21005005,PSICOLOGIA,FES ZARAGOZA,Escolarizado,https://www.dgae.unam.mx/Licenciatura2025/resultados/2/21005005.html,120,3202,2854,88,125,130048,43,,No seleccionado,,Consultar
2025,2,Licenciatura 2025,210,21005005,PSICOLOGIA,FES ZARAGOZA,Escolarizado,https://www.dgae.unam.mx/Licenciatura2025/resultados/2/21005005.html,120,3202,2854,88,125,130050,39,,No seleccionado,,Consultar
2025,2,Licenciatura 2025,210,21005005,PSICOLOGIA,FES ZARAGOZA,Escolarizado,https://www.dgae.unam.mx/Licenciatura2025/resultados/2/21005005.html,120,3202,2854,88,125,130057,53,,No seleccionado,,Consultar
2025,2,Licenciatura 2025,210,21005005,PSICOLOGIA,FES ZARAGOZA,Escolarizado,https://www.dgae.unam.mx/Licenciatura2025/resultados/2/21005005.html,120,3202,2854,88,125,130060,29,,No seleccionado,,Consultar
2025,2,Licenciatura 2025,210,21005005,PSICOLOGIA,FES ZARAGOZA,Escolarizado,https://www.dgae.unam.mx/Licenciatura2025/resultados/2/21005005.html,120,3202,2854,88,125,130072,72,,No seleccionado,,Consultar
2025,2,Licenciatura 2025,210,21005005,PSICOLOGIA,FES ZARAGOZA,Escolarizado,https://www.dgae.unam.mx/Licenciatura2025/resultados/2/21005005.html,120,3202,2854,88,125,130078,54,,No seleccionado,,Consultar
2025,2,Licenciatura 2025,210,21005005,PSICOLOGIA,FES ZARAGOZA,Escolarizado,https://www.dgae.unam.mx/Licenciatura2025/resultados/2/21005005.html,120,3202,2854,88,125,130087,,N,No presentado,,Consultar
2025,2,Licenciatura 2025,210,21005005,PSICOLOGIA,FES ZARAGOZA,Escolarizado,https://www.dgae.unam.mx/Licenciatura2025/resultados/2/21005005.html,120,3202,2854,88,125,130091,77,,No seleccionado,,Consultar
2025,2,Licenciatura 2025,210,21005005,PSICOLOGIA,FES ZARAGOZA,Escolarizado,https://www.dgae.unam.mx/Licenciatura2025/resultados/2/21005005.html,120,3202,2854,88,125,130093,31,,No seleccionado,,Consultar
2025,2,Licenciatura 2025,210,21005005,PSICOLOGIA,FES ZARAGOZA,Escolarizado,https://www.dgae.unam.mx/Licenciatura2025/resultados/2/21005005.html,120,3202,2854,88,125,130094,41,,No seleccionado,,Consultar
2025,2,Licenciatura 2025,210,21005005,PSICOLOGIA,FES ZARAGOZA,Escolarizado,https://www.dgae.unam.mx/Licenciatura2025/resultados/2/21005005.html,120,3202,2854,88,125,130095,54,,No seleccionado,,Consultar
2025,2,Licenciatura 2025,210,21005005,PSICOLOGIA,FES ZARAGOZA,Escolarizado,https://www.dgae.unam.mx/Licenciatura2025/resultados/2/21005005.html,120,3202,2854,88,125,130097,41,,No seleccionado,,Consultar
2025,2,Licenciatura 2025,210,21005005,PSICOLOGIA,FES ZARAGOZA,Escolarizado,https://www.dgae.unam.mx/Licenciatura2025/resultados/2/21005005.html,120,3202,2854,88,125,130101,56,,No seleccionado,,Consultar
2025,2,Licenciatura 2025,210,21005005,PSICOLOGIA,FES ZARAGOZA,Escolarizado,https://www.dgae.unam.mx/Licenciatura2025/resultados/2/21005005.html,120,3202,2854,88,125,130119,32,,No seleccionado,,Consultar
2025,2,Licenciatura 2025,210,21005005,PSICOLOGIA,FES ZARAGOZA,Escolarizado,https://www.dgae.unam.mx/Licenciatura2025/resultados/2/21005005.html,120,3202,2854,88,125,130136,83,,No seleccionado,,Consultar
2025,2,Licenciatura 2025,210,21005005,PSICOLOGIA,FES ZARAGOZA,Escolarizado,https://www.dgae.unam.mx/Licenciatura2025/resultados/2/21005005.html,120,3202,2854,88,125,130144,34,,No seleccionado,,Consultar
2025,2,Licenciatura 2025,210,21005005,PSICOLOGIA,FES ZARAGOZA,Escolarizado,https://www.dgae.unam.mx/Licenciatura2025/resultados/2/21005005.html,120,3202,2854,88,125,130148,,N,No presentado,,Consultar
2025,2,Licenciatura 2025,210,21005005,PSICOLOGIA,FES ZARAGOZA,Escolarizado,https://www.dgae.unam.mx/Licenciatura2025/resultados/2/21005005.html,120,3202,2854,88,125,130164,43,,No seleccionado,,Consultar
2025,2,Licenciatura 2025,210,21005005,PSICOLOGIA,FES ZARAGOZA,Escolarizado,https://www.dgae.unam.mx/Licenciatura2025/resultados/2/21005005.html,120,3202,2854,88,125,130169,36,,No seleccionado,,Consultar
2025,2,Licenciatura 2025,210,21005005,PSICOLOGIA,FES ZARAGOZA,Escolarizado,https://www.dgae.unam.mx/Licenciatura2025/resultados/2/21005005.html,120,3202,2854,88,125,130173,64,,No seleccionado,,Consultar
2025,2,Licenciatura 2025,210,21005005,PSICOLOGIA,FES ZARAGOZA,Escolarizado,https://www.dgae.unam.mx/Licenciatura2025/resultados/2/21005005.html,120,3202,2854,88,125,130175,47,,No seleccionado,,Consultar
2025,2,Licenciatura 2025,210,21005005,PSICOLOGIA,FES ZARAGOZA,Escolarizado,https://www.dgae.unam.mx/Licenciatura2025/resultados/2/21005005.html,120,3202,2854,88,125,130187,42,,No seleccionado,,Consultar
2025,2,Licenciatura 2025,210,21005005,PSICOLOGIA,FES ZARAGOZA,Escolarizado,https://www.dgae.unam.mx/Licenciatura2025/resultados/2/21005005.html,120,3202,2854,88,125,130189,57,,No seleccionado,,Consultar
2025,2,Licenciatura 2025,210,21005005,PSICOLOGIA,FES ZARAGOZA,Escolarizado,https://www.dgae.unam.mx/Licenciatura2025/resultados/2/21005005.html,120,3202,2854,88,125,130195,,N,No presentado,,Consultar
2025,2,Licenciatura 2025,210,21005005,PSICOLOGIA,FES ZARAGOZA,Escolarizado,https://www.dgae.unam.mx/Licenciatura2025/resultados/2/21005005.html,120,3202,2854,88,125,130202,22,,No seleccionado,,Consultar
2025,2,Licenciatura 2025,210,21005005,PSICOLOGIA,FES ZARAGOZA,Escolarizado,https://www.dgae.unam.mx/Licenciatura2025/resultados/2/21005005.html,120,3202,2854,88,125,130203,49,,No seleccionado,,Consultar
2025,2,Licenciatura 2025,210,21005005,PSICOLOGIA,FES ZARAGOZA,Escolarizado,https://www.dgae.unam.mx/Licenciatura2025/resultados/2/21005005.html,120,3202,2854,88,125,130210,61,,No seleccionado,,Consultar
2025,2,Licenciatura 2025,210,21005005,PSICOLOGIA,FES ZARAGOZA,Escolarizado,https://www.dgae.unam.mx/Licenciatura2025/resultados/2/21005005.html,120,3202,2854,88,125,130226,,N,No presentado,,Consultar
2025,2,Licenciatura 2025,210,21005005,PSICOLOGIA,FES ZARAGOZA,Escolarizado,https://www.dgae.unam.mx/Licenciatura2025/resultados/2/21005005.html,120,3202,2854,88,125,130230,47,,No seleccionado,,Consultar
2025,2,Licenciatura 2025,210,21005005,PSICOLOGIA,FES ZARAGOZA,Escolarizado,https://www.dgae.unam.mx/Licenciatura2025/resultados/2/21005005.html,120,3202,2854,88,125,130247,45,,No seleccionado,,Consultar
2025,2,Licenciatura 2025,210,21005005,PSICOLOGIA,FES ZARAGOZA,Escolarizado,https://www.dgae.unam.mx/Licenciatura2025/resultados/2/21005005.html,120,3202,2854,88,125,130254,37,,No seleccionado,,Consultar
2025,2,Licenciatura 2025,210,21005005,PSICOLOGIA,FES ZARAGOZA,Escolarizado,https://www.dgae.unam.mx/Licenciatura2025/resultados/2/21005005.html,120,3202,2854,88,125,130259,44,,No seleccionado,,Consultar
2025,2,Licenciatura 2025,210,21005005,PSICOLOGIA,FES ZARAGOZA,Escolarizado,https://www.dgae.unam.mx/Licenciatura2025/resultados/2/21005005.html,120,3202,2854,88,125,130273,84,,No seleccionado,,Consultar
2025,2,Licenciatura 2025,210,21005005,PSICOLOGIA,FES ZARAGOZA,Escolarizado,https://www.dgae.unam.mx/Licenciatura2025/resultados/2/21005005.html,120,3202,2854,88,125,130276,,N,No presentado,,Consultar
2025,2,Licenciatura 2025,210,21005005,PSICOLOGIA,FES ZARAGOZA,Escolarizado,https://www.dgae.unam.mx/Licenciatura2025/resultados/2/21005005.html,120,3202,2854,88,125,130280,33,,No seleccionado,,Consultar
2025,2,Licenciatura 2025,210,21005005,PSICOLOGIA,FES ZARAGOZA,Escolarizado,https://www.dgae.unam.mx/Licenciatura2025/resultados/2/21005005.html,120,3202,2854,88,125,130282,42,,No seleccionado,,Consultar
2025,2,Licenciatura 2025,210,21005005,PSICOLOGIA,FES ZARAGOZA,Escolarizado,https://www.dgae.unam.mx/Licenciatura2025/resultados/2/21005005.html,120,3202,2854,88,125,130300,43,,No seleccionado,,Consultar
2025,2,Licenciatura 2025,210,21005005,PSICOLOGIA,FES ZARAGOZA,Escolarizado,https://www.dgae.unam.mx/Licenciatura2025/resultados/2/21005005.html,120,3202,2854,88,125,130321,58,,No seleccionado,,Consultar
2025,2,Licenciatura 2025,210,21005005,PSICOLOGIA,FES ZARAGOZA,Escolarizado,https://www.dgae.unam.mx/Licenciatura2025/resultados/2/21005005.html,120,3202,2854,88,125,130331,42,,No seleccionado,,Consultar
2025,2,Licenciatura 2025,210,21005005,PSICOLOGIA,FES ZARAGOZA,Escolarizado,https://www.dgae.unam.mx/Licenciatura2025/resultados/2/21005005.html,120,3202,2854,88,125,130334,43,,No seleccionado,,Consultar
2025,2,Licenciatura 2025,210,21005005,PSICOLOGIA,FES ZARAGOZA,Escolarizado,https://www.dgae.unam.mx/Licenciatura2025/resultados/2/21005005.html,120,3202,2854,88,125,130384,49,,No seleccionado,,Consultar
2025,2,Licenciatura 2025,210,21005005,PSICOLOGIA,FES ZARAGOZA,Escolarizado,https://www.dgae.unam.mx/Licenciatura2025/resultados/2/21005005.html,120,3202,2854,88,125,130395,61,,No seleccionado,,Consultar
2025,2,Licenciatura 2025,210,21005005,PSICOLOGIA,FES ZARAGOZA,Escolarizado,https://www.dgae.unam.mx/Licenciatura2025/resultados/2/21005005.html,120,3202,2854,88,125,130396,54,,No seleccionado,,Consultar
2025,2,Licenciatura 2025,210,21005005,PSICOLOGIA,FES ZARAGOZA,Escolarizado,https://www.dgae.unam.mx/Licenciatura2025/resultados/2/21005005.html,120,3202,2854,88,125,130401,51,,No seleccionado,,Consultar
2025,2,Licenciatura 2025,210,21005005,PSICOLOGIA,FES ZARAGOZA,Escolarizado,https://www.dgae.unam.mx/Licenciatura2025/resultados/2/21005005.html,120,3202,2854,88,125,130413,46,,No seleccionado,,Consultar
2025,2,Licenciatura 2025,210,21005005,PSICOLOGIA,FES ZARAGOZA,Escolarizado,https://www.dgae.unam.mx/Licenciatura2025/resultados/2/21005005.html,120,3202,2854,88,125,130417,38,,No seleccionado,,Consultar
2025,2,Licenciatura 2025,210,21005005,PSICOLOGIA,FES ZARAGOZA,Escolarizado,https://www.dgae.unam.mx/Licenciatura2025/resultados/2/21005005.html,120,3202,2854,88,125,130418,40,,No seleccionado,,Consultar
2025,2,Licenciatura 2025,210,21005005,PSICOLOGIA,FES ZARAGOZA,Escolarizado,https://www.dgae.unam.mx/Licenciatura2025/resultados/2/21005005.html,120,3202,2854,88,125,130429,65,,No seleccionado,,Consultar
2025,2,Licenciatura 2025,210,21005005,PSICOLOGIA,FES ZARAGOZA,Escolarizado,https://www.dgae.unam.mx/Licenciatura2025/resultados/2/21005005.html,120,3202,2854,88,125,130449,48,,No seleccionado,,Consultar
2025,2,Licenciatura 2025,210,21005005,PSICOLOGIA,FES ZARAGOZA,Escolarizado,https://www.dgae.unam.mx/Licenciatura2025/resultados/2/21005005.html,120,3202,2854,88,125,130454,49,,No seleccionado,,Consultar
2025,2,Licenciatura 2025,210,21005005,PSICOLOGIA,FES ZARAGOZA,Escolarizado,https://www.dgae.unam.mx/Licenciatura2025/resultados/2/21005005.html,120,3202,2854,88,125,130459,37,,No seleccionado,,Consultar
2025,2,Licenciatura 2025,210,21005005,PSICOLOGIA,FES ZARAGOZA,Escolarizado,https://www.dgae.unam.mx/Licenciatura2025/resultados/2/21005005.html,120,3202,2854,88,125,130464,77,,No seleccionado,,Consultar
2025,2,Licenciatura 2025,210,21005005,PSICOLOGIA,FES ZARAGOZA,Escolarizado,https://www.dgae.unam.mx/Licenciatura2025/resultados/2/21005005.html,120,3202,2854,88,125,130465,63,,No seleccionado,,Consultar
2025,2,Licenciatura 2025,210,21005005,PSICOLOGIA,FES ZARAGOZA,Escolarizado,https://www.dgae.unam.mx/Licenciatura2025/resultados/2/21005005.html,120,3202,2854,88,125,130478,,N,No presentado,,Consultar
2025,2,Licenciatura 2025,210,21005005,PSICOLOGIA,FES ZARAGOZA,Escolarizado,https://www.dgae.unam.mx/Licenciatura2025/resultados/2/21005005.html,120,3202,2854,88,125,130523,35,,No seleccionado,,Consultar
2025,2,Licenciatura 2025,210,21005005,PSICOLOGIA,FES ZARAGOZA,Escolarizado,https://www.dgae.unam.mx/Licenciatura2025/resultados/2/21005005.html,120,3202,2854,88,125,130542,45,,No seleccionado,,Consultar
2025,2,Licenciatura 2025,210,21005005,PSICOLOGIA,FES ZARAGOZA,Escolarizado,https://www.dgae.unam.mx/Licenciatura2025/resultados/2/21005005.html,120,3202,2854,88,125,130547,52,,No seleccionado,,Consultar
2025,2,Licenciatura 2025,210,21005005,PSICOLOGIA,FES ZARAGOZA,Escolarizado,https://www.dgae.unam.mx/Licenciatura2025/resultados/2/21005005.html,120,3202,2854,88,125,130548,58,,No seleccionado,,Consultar
2025,2,Licenciatura 2025,210,21005005,PSICOLOGIA,FES ZARAGOZA,Escolarizado,https://www.dgae.unam.mx/Licenciatura2025/resultados/2/21005005.html,120,3202,2854,88,125,130550,,N,No presentado,,Consultar
2025,2,Licenciatura 2025,210,21005005,PSICOLOGIA,FES ZARAGOZA,Escolarizado,https://www.dgae.unam.mx/Licenciatura2025/resultados/2/21005005.html,120,3202,2854,88,125,130561,47,,No seleccionado,,Consultar
2025,2,Licenciatura 2025,210,21005005,PSICOLOGIA,FES ZARAGOZA,Escolarizado,https://www.dgae.unam.mx/Licenciatura2025/resultados/2/21005005.html,120,3202,2854,88,125,130573,41,,No seleccionado,,Consultar
2025,2,Licenciatura 2025,210,21005005,PSICOLOGIA,FES ZARAGOZA,Escolarizado,https://www.dgae.unam.mx/Licenciatura2025/resultados/2/21005005.html,120,3202,2854,88,125,130580,55,,No seleccionado,,Consultar
2025,2,Licenciatura 2025,210,21005005,PSICOLOGIA,FES ZARAGOZA,Escolarizado,https://www.dgae.unam.mx/Licenciatura2025/resultados/2/21005005.html,120,3202,2854,88,125,130591,60,,No seleccionado,,Consultar
2025,2,Licenciatura 2025,210,21005005,PSICOLOGIA,FES ZARAGOZA,Escolarizado,https://www.dgae.unam.mx/Licenciatura2025/resultados/2/21005005.html,120,3202,2854,88,125,130601,50,,No seleccionado,,Consultar
2025,2,Licenciatura 2025,210,21005005,PSICOLOGIA,FES ZARAGOZA,Escolarizado,https://www.dgae.unam.mx/Licenciatura2025/resultados/2/21005005.html,120,3202,2854,88,125,130612,36,,No seleccionado,,Consultar
2025,2,Licenciatura 2025,210,21005005,PSICOLOGIA,FES ZARAGOZA,Escolarizado,https://www.dgae.unam.mx/Licenciatura2025/resultados/2/21005005.html,120,3202,2854,88,125,130613,65,,No seleccionado,,Consultar
2025,2,Licenciatura 2025,210,21005005,PSICOLOGIA,FES ZARAGOZA,Escolarizado,https://www.dgae.unam.mx/Licenciatura2025/resultados/2/21005005.html,120,3202,2854,88,125,130673,40,,No seleccionado,,Consultar
2025,2,Licenciatura 2025,210,21005005,PSICOLOGIA,FES ZARAGOZA,Escolarizado,https://www.dgae.unam.mx/Licenciatura2025/resultados/2/21005005.html,120,3202,2854,88,125,130691,41,,No seleccionado,,Consultar
2025,2,Licenciatura 2025,210,21005005,PSICOLOGIA,FES ZARAGOZA,Escolarizado,https://www.dgae.unam.mx/Licenciatura2025/resultados/2/21005005.html,120,3202,2854,88,125,130694,95,S,Seleccionado,Cita para entregar documentación.,Consultar
2025,2,Licenciatura 2025,210,21005005,PSICOLOGIA,FES ZARAGOZA,Escolarizado,https://www.dgae.unam.mx/Licenciatura2025/resultados/2/21005005.html,120,3202,2854,88,125,130707,39,,No seleccionado,,Consultar
2025,2,Licenciatura 2025,210,21005005,PSICOLOGIA,FES ZARAGOZA,Escolarizado,https://www.dgae.unam.mx/Licenciatura2025/resultados/2/21005005.html,120,3202,2854,88,125,130716,32,,No seleccionado,,Consultar
2025,2,Licenciatura 2025,210,21005005,PSICOLOGIA,FES ZARAGOZA,Escolarizado,https://www.dgae.unam.mx/Licenciatura2025/resultados/2/21005005.html,120,3202,2854,88,125,130721,34,,No seleccionado,,Consultar
2025,2,Licenciatura 2025,210,21005005,PSICOLOGIA,FES ZARAGOZA,Escolarizado,https://www.dgae.unam.mx/Licenciatura2025/resultados/2/21005005.html,120,3202,2854,88,125,130732,,N,No presentado,,Consultar
2025,2,Licenciatura 2025,210,21005005,PSICOLOGIA,FES ZARAGOZA,Escolarizado,https://www.dgae.unam.mx/Licenciatura2025/resultados/2/21005005.html,120,3202,2854,88,125,130780,42,,No seleccionado,,Consultar
2025,2,Licenciatura 2025,210,21005005,PSICOLOGIA,FES ZARAGOZA,Escolarizado,https://www.dgae.unam.mx/Licenciatura2025/resultados/2/21005005.html,120,3202,2854,88,125,130783,,N,No presentado,,Consultar
2025,2,Licenciatura 2025,210,21005005,PSICOLOGIA,FES ZARAGOZA,Escolarizado,https://www.dgae.unam.mx/Licenciatura2025/resultados/2/21005005.html,120,3202,2854,88,125,130800,50,,No seleccionado,,Consultar
2025,2,Licenciatura 2025,210,21005005,PSICOLOGIA,FES ZARAGOZA,Escolarizado,https://www.dgae.unam.mx/Licenciatura2025/resultados/2/21005005.html,120,3202,2854,88,125,130817,111,S,Seleccionado,Cita para entregar documentación.,Consultar
2025,2,Licenciatura 2025,210,21005005,PSICOLOGIA,FES ZARAGOZA,Escolarizado,https://www.dgae.unam.mx/Licenciatura2025/resultados/2/21005005.html,120,3202,2854,88,125,130845,74,,No seleccionado,,Consultar
2025,2,Licenciatura 2025,210,21005005,PSICOLOGIA,FES ZARAGOZA,Escolarizado,https://www.dgae.unam.mx/Licenciatura2025/resultados/2/21005005.html,120,3202,2854,88,125,130848,65,,No seleccionado,,Consultar
2025,2,Licenciatura 2025,210,21005005,PSICOLOGIA,FES ZARAGOZA,Escolarizado,https://www.dgae.unam.mx/Licenciatura2025/resultados/2/21005005.html,120,3202,2854,88,125,130849,33,,No seleccionado,,Consultar
2025,2,Licenciatura 2025,210,21005005,PSICOLOGIA,FES ZARAGOZA,Escolarizado,https://www.dgae.unam.mx/Licenciatura2025/resultados/2/21005005.html,120,3202,2854,88,125,130895,57,,No seleccionado,,Consultar
2025,2,Licenciatura 2025,210,21005005,PSICOLOGIA,FES ZARAGOZA,Escolarizado,https://www.dgae.unam.mx/Licenciatura2025/resultados/2/21005005.html,120,3202,2854,88,125,130898,,N,No presentado,,Consultar
2025,2,Licenciatura 2025,210,21005005,PSICOLOGIA,FES ZARAGOZA,Escolarizado,https://www.dgae.unam.mx/Licenciatura2025/resultados/2/21005005.html,120,3202,2854,88,125,130909,,N,No presentado,,Consultar
2025,2,Licenciatura 2025,210,21005005,PSICOLOGIA,FES ZARAGOZA,Escolarizado,https://www.dgae.unam.mx/Licenciatura2025/resultados/2/21005005.html,120,3202,2854,88,125,130927,64,,No seleccionado,,Consultar
2025,2,Licenciatura 2025,210,21005005,PSICOLOGIA,FES ZARAGOZA,Escolarizado,https://www.dgae.unam.mx/Licenciatura2025/resultados/2/21005005.html,120,3202,2854,88,125,130938,47,,No seleccionado,,Consultar
2025,2,Licenciatura 2025,210,21005005,PSICOLOGIA,FES ZARAGOZA,Escolarizado,https://www.dgae.unam.mx/Licenciatura2025/resultados/2/21005005.html,120,3202,2854,88,125,130956,64,,No seleccionado,,Consultar
2025,2,Licenciatura 2025,210,21005005,PSICOLOGIA,FES ZARAGOZA,Escolarizado,https://www.dgae.unam.mx/Licenciatura2025/resultados/2/21005005.html,120,3202,2854,88,125,130961,37,,No seleccionado,,Consultar
2025,2,Licenciatura 2025,210,21005005,PSICOLOGIA,FES ZARAGOZA,Escolarizado,https://www.dgae.unam.mx/Licenciatura2025/resultados/2/21005005.html,120,3202,2854,88,125,130971,39,,No seleccionado,,Consultar
2025,2,Licenciatura 2025,210,21005005,PSICOLOGIA,FES ZARAGOZA,Escolarizado,https://www.dgae.unam.mx/Licenciatura2025/resultados/2/21005005.html,120,3202,2854,88,125,130974,30,,No seleccionado,,Consultar
2025,2,Licenciatura 2025,210,21005005,PSICOLOGIA,FES ZARAGOZA,Escolarizado,https://www.dgae.unam.mx/Licenciatura2025/resultados/2/21005005.html,120,3202,2854,88,125,131033,77,,No seleccionado,,Consultar
2025,2,Licenciatura 2025,210,21005005,PSICOLOGIA,FES ZARAGOZA,Escolarizado,https://www.dgae.unam.mx/Licenciatura2025/resultados/2/21005005.html,120,3202,2854,88,125,131036,52,,No seleccionado,,Consultar
2025,2,Licenciatura 2025,210,21005005,PSICOLOGIA,FES ZARAGOZA,Escolarizado,https://www.dgae.unam.mx/Licenciatura2025/resultados/2/21005005.html,120,3202,2854,88,125,131045,46,,No seleccionado,,Consultar
2025,2,Licenciatura 2025,210,21005005,PSICOLOGIA,FES ZARAGOZA,Escolarizado,https://www.dgae.unam.mx/Licenciatura2025/resultados/2/21005005.html,120,3202,2854,88,125,131084,37,,No seleccionado,,Consultar
2025,2,Licenciatura 2025,210,21005005,PSICOLOGIA,FES ZARAGOZA,Escolarizado,https://www.dgae.unam.mx/Licenciatura2025/resultados/2/21005005.html,120,3202,2854,88,125,131086,36,,No seleccionado,,Consultar
2025,2,Licenciatura 2025,210,21005005,PSICOLOGIA,FES ZARAGOZA,Escolarizado,https://www.dgae.unam.mx/Licenciatura2025/resultados/2/21005005.html,120,3202,2854,88,125,131119,38,,No seleccionado,,Consultar
2025,2,Licenciatura 2025,210,21005005,PSICOLOGIA,FES ZARAGOZA,Escolarizado,https://www.dgae.unam.mx/Licenciatura2025/resultados/2/21005005.html,120,3202,2854,88,125,131140,33,,No seleccionado,,Consultar
2025,2,Licenciatura 2025,210,21005005,PSICOLOGIA,FES ZARAGOZA,Escolarizado,https://www.dgae.unam.mx/Licenciatura2025/resultados/2/21005005.html,120,3202,2854,88,125,131164,52,,No seleccionado,,Consultar
2025,2,Licenciatura 2025,210,21005005,PSICOLOGIA,FES ZARAGOZA,Escolarizado,https://www.dgae.unam.mx/Licenciatura2025/resultados/2/21005005.html,120,3202,2854,88,125,131168,32,,No seleccionado,,Consultar
2025,2,Licenciatura 2025,210,21005005,PSICOLOGIA,FES ZARAGOZA,Escolarizado,https://www.dgae.unam.mx/Licenciatura2025/resultados/2/21005005.html,120,3202,2854,88,125,131237,71,,No seleccionado,,Consultar
2025,2,Licenciatura 2025,210,21005005,PSICOLOGIA,FES ZARAGOZA,Escolarizado,https://www.dgae.unam.mx/Licenciatura2025/resultados/2/21005005.html,120,3202,2854,88,125,131239,39,,No seleccionado,,Consultar
2025,2,Licenciatura 2025,210,21005005,PSICOLOGIA,FES ZARAGOZA,Escolarizado,https://www.dgae.unam.mx/Licenciatura2025/resultados/2/21005005.html,120,3202,2854,88,125,131363,35,,No seleccionado,,Consultar
2025,2,Licenciatura 2025,210,21005005,PSICOLOGIA,FES ZARAGOZA,Escolarizado,https://www.dgae.unam.mx/Licenciatura2025/resultados/2/21005005.html,120,3202,2854,88,125,131424,,N,No presentado,,Consultar
2025,2,Licenciatura 2025,210,21005005,PSICOLOGIA,FES ZARAGOZA,Escolarizado,https://www.dgae.unam.mx/Licenciatura2025/resultados/2/21005005.html,120,3202,2854,88,125,131442,46,,No seleccionado,,Consultar
2025,2,Licenciatura 2025,210,21005005,PSICOLOGIA,FES ZARAGOZA,Escolarizado,https://www.dgae.unam.mx/Licenciatura2025/resultados/2/21005005.html,120,3202,2854,88,125,131459,58,,No seleccionado,,Consultar
2025,2,Licenciatura 2025,210,21005005,PSICOLOGIA,FES ZARAGOZA,Escolarizado,https://www.dgae.unam.mx/Licenciatura2025/resultados/2/21005005.html,120,3202,2854,88,125,131542,45,,No seleccionado,,Consultar
2025,2,Licenciatura 2025,210,21005005,PSICOLOGIA,FES ZARAGOZA,Escolarizado,https://www.dgae.unam.mx/Licenciatura2025/resultados/2/21005005.html,120,3202,2854,88,125,131751,45,,No seleccionado,,Consultar
2025,2,Licenciatura 2025,210,21005005,PSICOLOGIA,FES ZARAGOZA,Escolarizado,https://www.dgae.unam.mx/Licenciatura2025/resultados/2/21005005.html,120,3202,2854,88,125,131873,27,,No seleccionado,,Consultar
2025,2,Licenciatura 2025,210,21005005,PSICOLOGIA,FES ZARAGOZA,Escolarizado,https://www.dgae.unam.mx/Licenciatura2025/resultados/2/21005005.html,120,3202,2854,88,125,132084,61,,No seleccionado,,Consultar
2025,2,Licenciatura 2025,210,21005005,PSICOLOGIA,FES ZARAGOZA,Escolarizado,https://www.dgae.unam.mx/Licenciatura2025/resultados/2/21005005.html,120,3202,2854,88,125,132109,46,,No seleccionado,,Consultar
2025,2,Licenciatura 2025,210,21005005,PSICOLOGIA,FES ZARAGOZA,Escolarizado,https://www.dgae.unam.mx/Licenciatura2025/resultados/2/21005005.html,120,3202,2854,88,125,132120,54,,No seleccionado,,Consultar
2025,2,Licenciatura 2025,210,21005005,PSICOLOGIA,FES ZARAGOZA,Escolarizado,https://www.dgae.unam.mx/Licenciatura2025/resultados/2/21005005.html,120,3202,2854,88,125,132148,42,,No seleccionado,,Consultar
2025,2,Licenciatura 2025,210,21005005,PSICOLOGIA,FES ZARAGOZA,Escolarizado,https://www.dgae.unam.mx/Licenciatura2025/resultados/2/21005005.html,120,3202,2854,88,125,132214,31,,No seleccionado,,Consultar
2025,2,Licenciatura 2025,210,21005005,PSICOLOGIA,FES ZARAGOZA,Escolarizado,https://www.dgae.unam.mx/Licenciatura2025/resultados/2/21005005.html,120,3202,2854,88,125,132267,52,,No seleccionado,,Consultar
2025,2,Licenciatura 2025,210,21005005,PSICOLOGIA,FES ZARAGOZA,Escolarizado,https://www.dgae.unam.mx/Licenciatura2025/resultados/2/21005005.html,120,3202,2854,88,125,132354,72,,No seleccionado,,Consultar
2025,2,Licenciatura 2025,210,21005005,PSICOLOGIA,FES ZARAGOZA,Escolarizado,https://www.dgae.unam.mx/Licenciatura2025/resultados/2/21005005.html,120,3202,2854,88,125,132368,32,,No seleccionado,,Consultar
2025,2,Licenciatura 2025,210,21005005,PSICOLOGIA,FES ZARAGOZA,Escolarizado,https://www.dgae.unam.mx/Licenciatura2025/resultados/2/21005005.html,120,3202,2854,88,125,132385,48,,No seleccionado,,Consultar
2025,2,Licenciatura 2025,210,21005005,PSICOLOGIA,FES ZARAGOZA,Escolarizado,https://www.dgae.unam.mx/Licenciatura2025/resultados/2/21005005.html,120,3202,2854,88,125,132427,53,,No seleccionado,,Consultar
2025,2,Licenciatura 2025,210,21005005,PSICOLOGIA,FES ZARAGOZA,Escolarizado,https://www.dgae.unam.mx/Licenciatura2025/resultados/2/21005005.html,120,3202,2854,88,125,132447,40,,No seleccionado,,Consultar
2025,2,Licenciatura 2025,210,21005005,PSICOLOGIA,FES ZARAGOZA,Escolarizado,https://www.dgae.unam.mx/Licenciatura2025/resultados/2/21005005.html,120,3202,2854,88,125,132512,52,,No seleccionado,,Consultar
2025,2,Licenciatura 2025,210,21005005,PSICOLOGIA,FES ZARAGOZA,Escolarizado,https://www.dgae.unam.mx/Licenciatura2025/resultados/2/21005005.html,120,3202,2854,88,125,132552,52,,No seleccionado,,Consultar
2025,2,Licenciatura 2025,210,21005005,PSICOLOGIA,FES ZARAGOZA,Escolarizado,https://www.dgae.unam.mx/Licenciatura2025/resultados/2/21005005.html,120,3202,2854,88,125,132593,54,,No seleccionado,,Consultar
2025,2,Licenciatura 2025,210,21005005,PSICOLOGIA,FES ZARAGOZA,Escolarizado,https://www.dgae.unam.mx/Licenciatura2025/resultados/2/21005005.html,120,3202,2854,88,125,132621,32,,No seleccionado,,Consultar
2025,2,Licenciatura 2025,210,21005005,PSICOLOGIA,FES ZARAGOZA,Escolarizado,https://www.dgae.unam.mx/Licenciatura2025/resultados/2/21005005.html,120,3202,2854,88,125,132644,43,,No seleccionado,,Consultar
2025,2,Licenciatura 2025,210,21005005,PSICOLOGIA,FES ZARAGOZA,Escolarizado,https://www.dgae.unam.mx/Licenciatura2025/resultados/2/21005005.html,120,3202,2854,88,125,132737,53,,No seleccionado,,Consultar
2025,2,Licenciatura 2025,210,21005005,PSICOLOGIA,FES ZARAGOZA,Escolarizado,https://www.dgae.unam.mx/Licenciatura2025/resultados/2/21005005.html,120,3202,2854,88,125,132808,34,,No seleccionado,,Consultar
2025,2,Licenciatura 2025,210,21005005,PSICOLOGIA,FES ZARAGOZA,Escolarizado,https://www.dgae.unam.mx/Licenciatura2025/resultados/2/21005005.html,120,3202,2854,88,125,132839,45,,No seleccionado,,Consultar
2025,2,Licenciatura 2025,210,21005005,PSICOLOGIA,FES ZARAGOZA,Escolarizado,https://www.dgae.unam.mx/Licenciatura2025/resultados/2/21005005.html,120,3202,2854,88,125,132908,78,,No seleccionado,,Consultar
2025,2,Licenciatura 2025,210,21005005,PSICOLOGIA,FES ZARAGOZA,Escolarizado,https://www.dgae.unam.mx/Licenciatura2025/resultados/2/21005005.html,120,3202,2854,88,125,132934,,N,No presentado,,Consultar
2025,2,Licenciatura 2025,210,21005005,PSICOLOGIA,FES ZARAGOZA,Escolarizado,https://www.dgae.unam.mx/Licenciatura2025/resultados/2/21005005.html,120,3202,2854,88,125,132975,63,,No seleccionado,,Consultar
2025,2,Licenciatura 2025,210,21005005,PSICOLOGIA,FES ZARAGOZA,Escolarizado,https://www.dgae.unam.mx/Licenciatura2025/resultados/2/21005005.html,120,3202,2854,88,125,133009,50,,No seleccionado,,Consultar
2025,2,Licenciatura 2025,210,21005005,PSICOLOGIA,FES ZARAGOZA,Escolarizado,https://www.dgae.unam.mx/Licenciatura2025/resultados/2/21005005.html,120,3202,2854,88,125,133123,56,,No seleccionado,,Consultar
2025,2,Licenciatura 2025,210,21005005,PSICOLOGIA,FES ZARAGOZA,Escolarizado,https://www.dgae.unam.mx/Licenciatura2025/resultados/2/21005005.html,120,3202,2854,88,125,133398,41,,No seleccionado,,Consultar
2025,2,Licenciatura 2025,210,21005005,PSICOLOGIA,FES ZARAGOZA,Escolarizado,https://www.dgae.unam.mx/Licenciatura2025/resultados/2/21005005.html,120,3202,2854,88,125,133456,29,,No seleccionado,,Consultar
2025,2,Licenciatura 2025,210,21005005,PSICOLOGIA,FES ZARAGOZA,Escolarizado,https://www.dgae.unam.mx/Licenciatura2025/resultados/2/21005005.html,120,3202,2854,88,125,133555,44,,No seleccionado,,Consultar
2025,2,Licenciatura 2025,210,21005005,PSICOLOGIA,FES ZARAGOZA,Escolarizado,https://www.dgae.unam.mx/Licenciatura2025/resultados/2/21005005.html,120,3202,2854,88,125,133578,40,,No seleccionado,,Consultar
2025,2,Licenciatura 2025,210,21005005,PSICOLOGIA,FES ZARAGOZA,Escolarizado,https://www.dgae.unam.mx/Licenciatura2025/resultados/2/21005005.html,120,3202,2854,88,125,133633,58,,No seleccionado,,Consultar
2025,2,Licenciatura 2025,210,21005005,PSICOLOGIA,FES ZARAGOZA,Escolarizado,https://www.dgae.unam.mx/Licenciatura2025/resultados/2/21005005.html,120,3202,2854,88,125,133703,48,,No seleccionado,,Consultar
2025,2,Licenciatura 2025,210,21005005,PSICOLOGIA,FES ZARAGOZA,Escolarizado,https://www.dgae.unam.mx/Licenciatura2025/resultados/2/21005005.html,120,3202,2854,88,125,134409,,N,No presentado,,Consultar
2025,2,Licenciatura 2025,210,21005005,PSICOLOGIA,FES ZARAGOZA,Escolarizado,https://www.dgae.unam.mx/Licenciatura2025/resultados/2/21005005.html,120,3202,2854,88,125,134464,90,S,Seleccionado,Cita para entregar documentación.,Consultar
2025,2,Licenciatura 2025,210,21005005,PSICOLOGIA,FES ZARAGOZA,Escolarizado,https://www.dgae.unam.mx/Licenciatura2025/resultados/2/21005005.html,120,3202,2854,88,125,134471,,N,No presentado,,Consultar
2025,2,Licenciatura 2025,210,21005005,PSICOLOGIA,FES ZARAGOZA,Escolarizado,https://www.dgae.unam.mx/Licenciatura2025/resultados/2/21005005.html,120,3202,2854,88,125,134542,57,,No seleccionado,,Consultar
2025,2,Licenciatura 2025,210,21005005,PSICOLOGIA,FES ZARAGOZA,Escolarizado,https://www.dgae.unam.mx/Licenciatura2025/resultados/2/21005005.html,120,3202,2854,88,125,134727,32,,No seleccionado,,Consultar
2025,2,Licenciatura 2025,210,21005005,PSICOLOGIA,FES ZARAGOZA,Escolarizado,https://www.dgae.unam.mx/Licenciatura2025/resultados/2/21005005.html,120,3202,2854,88,125,134849,34,,No seleccionado,,Consultar
2025,2,Licenciatura 2025,210,21005005,PSICOLOGIA,FES ZARAGOZA,Escolarizado,https://www.dgae.unam.mx/Licenciatura2025/resultados/2/21005005.html,120,3202,2854,88,125,134922,69,,No seleccionado,,Consultar
2025,2,Licenciatura 2025,210,21005005,PSICOLOGIA,FES ZARAGOZA,Escolarizado,https://www.dgae.unam.mx/Licenciatura2025/resultados/2/21005005.html,120,3202,2854,88,125,134979,46,,No seleccionado,,Consultar
2025,2,Licenciatura 2025,210,21005005,PSICOLOGIA,FES ZARAGOZA,Escolarizado,https://www.dgae.unam.mx/Licenciatura2025/resultados/2/21005005.html,120,3202,2854,88,125,135436,,N,No presentado,,Consultar
2025,2,Licenciatura 2025,210,21005005,PSICOLOGIA,FES ZARAGOZA,Escolarizado,https://www.dgae.unam.mx/Licenciatura2025/resultados/2/21005005.html,120,3202,2854,88,125,135484,36,,No seleccionado,,Consultar
2025,2,Licenciatura 2025,210,21005005,PSICOLOGIA,FES ZARAGOZA,Escolarizado,https://www.dgae.unam.mx/Licenciatura2025/resultados/2/21005005.html,120,3202,2854,88,125,135706,59,,No seleccionado,,Consultar
2025,2,Licenciatura 2025,210,21005005,PSICOLOGIA,FES ZARAGOZA,Escolarizado,https://www.dgae.unam.mx/Licenciatura2025/resultados/2/21005005.html,120,3202,2854,88,125,135951,42,,No seleccionado,,Consultar
2025,2,Licenciatura 2025,210,21005005,PSICOLOGIA,FES ZARAGOZA,Escolarizado,https://www.dgae.unam.mx/Licenciatura2025/resultados/2/21005005.html,120,3202,2854,88,125,135988,48,,No seleccionado,,Consultar
2025,2,Licenciatura 2025,210,21005005,PSICOLOGIA,FES ZARAGOZA,Escolarizado,https://www.dgae.unam.mx/Licenciatura2025/resultados/2/21005005.html,120,3202,2854,88,125,136016,100,S,Seleccionado,,Consultar
2025,2,Licenciatura 2025,210,21005005,PSICOLOGIA,FES ZARAGOZA,Escolarizado,https://www.dgae.unam.mx/Licenciatura2025/resultados/2/21005005.html,120,3202,2854,88,125,136273,38,,No seleccionado,,Consultar
2025,2,Licenciatura 2025,210,21005005,PSICOLOGIA,FES ZARAGOZA,Escolarizado,https://www.dgae.unam.mx/Licenciatura2025/resultados/2/21005005.html,120,3202,2854,88,125,136341,50,,No seleccionado,,Consultar
2025,2,Licenciatura 2025,210,21005005,PSICOLOGIA,FES ZARAGOZA,Escolarizado,https://www.dgae.unam.mx/Licenciatura2025/resultados/2/21005005.html,120,3202,2854,88,125,136554,55,,No seleccionado,,Consultar
2025,2,Licenciatura 2025,210,21005005,PSICOLOGIA,FES ZARAGOZA,Escolarizado,https://www.dgae.unam.mx/Licenciatura2025/resultados/2/21005005.html,120,3202,2854,88,125,136997,,N,No presentado,,Consultar
2025,2,Licenciatura 2025,210,21005005,PSICOLOGIA,FES ZARAGOZA,Escolarizado,https://www.dgae.unam.mx/Licenciatura2025/resultados/2/21005005.html,120,3202,2854,88,125,137196,52,,No seleccionado,,Consultar
2025,2,Licenciatura 2025,210,21005005,PSICOLOGIA,FES ZARAGOZA,Escolarizado,https://www.dgae.unam.mx/Licenciatura2025/resultados/2/21005005.html,120,3202,2854,88,125,137305,37,,No seleccionado,,Consultar
2025,2,Licenciatura 2025,210,21005005,PSICOLOGIA,FES ZARAGOZA,Escolarizado,https://www.dgae.unam.mx/Licenciatura2025/resultados/2/21005005.html,120,3202,2854,88,125,137441,,N,No presentado,,Consultar
2025,2,Licenciatura 2025,210,21005005,PSICOLOGIA,FES ZARAGOZA,Escolarizado,https://www.dgae.unam.mx/Licenciatura2025/resultados/2/21005005.html,120,3202,2854,88,125,137651,57,,No seleccionado,,Consultar
2025,2,Licenciatura 2025,210,21005005,PSICOLOGIA,FES ZARAGOZA,Escolarizado,https://www.dgae.unam.mx/Licenciatura2025/resultados/2/21005005.html,120,3202,2854,88,125,137884,75,,No seleccionado,,Consultar
2025,2,Licenciatura 2025,210,21005005,PSICOLOGIA,FES ZARAGOZA,Escolarizado,https://www.dgae.unam.mx/Licenciatura2025/resultados/2/21005005.html,120,3202,2854,88,125,137915,67,,No seleccionado,,Consultar
2025,2,Licenciatura 2025,210,21005005,PSICOLOGIA,FES ZARAGOZA,Escolarizado,https://www.dgae.unam.mx/Licenciatura2025/resultados/2/21005005.html,120,3202,2854,88,125,137974,50,,No seleccionado,,Consultar
2025,2,Licenciatura 2025,210,21005005,PSICOLOGIA,FES ZARAGOZA,Escolarizado,https://www.dgae.unam.mx/Licenciatura2025/resultados/2/21005005.html,120,3202,2854,88,125,138241,35,,No seleccionado,,Consultar
2025,2,Licenciatura 2025,210,21005005,PSICOLOGIA,FES ZARAGOZA,Escolarizado,https://www.dgae.unam.mx/Licenciatura2025/resultados/2/21005005.html,120,3202,2854,88,125,138856,,N,No presentado,,Consultar
2025,2,Licenciatura 2025,210,21005005,PSICOLOGIA,FES ZARAGOZA,Escolarizado,https://www.dgae.unam.mx/Licenciatura2025/resultados/2/21005005.html,120,3202,2854,88,125,138951,46,,No seleccionado,,Consultar
2025,2,Licenciatura 2025,210,21005005,PSICOLOGIA,FES ZARAGOZA,Escolarizado,https://www.dgae.unam.mx/Licenciatura2025/resultados/2/21005005.html,120,3202,2854,88,125,139066,46,,No seleccionado,,Consultar
2025,2,Licenciatura 2025,210,21005005,PSICOLOGIA,FES ZARAGOZA,Escolarizado,https://www.dgae.unam.mx/Licenciatura2025/resultados/2/21005005.html,120,3202,2854,88,125,139079,71,,No seleccionado,,Consultar
2025,2,Licenciatura 2025,210,21005005,PSICOLOGIA,FES ZARAGOZA,Escolarizado,https://www.dgae.unam.mx/Licenciatura2025/resultados/2/21005005.html,120,3202,2854,88,125,139145,,N,No presentado,,Consultar
2025,2,Licenciatura 2025,210,21005005,PSICOLOGIA,FES ZARAGOZA,Escolarizado,https://www.dgae.unam.mx/Licenciatura2025/resultados/2/21005005.html,120,3202,2854,88,125,139186,,N,No presentado,,Consultar
2025,2,Licenciatura 2025,210,21005005,PSICOLOGIA,FES ZARAGOZA,Escolarizado,https://www.dgae.unam.mx/Licenciatura2025/resultados/2/21005005.html,120,3202,2854,88,125,139711,38,,No seleccionado,,Consultar
2025,2,Licenciatura 2025,210,21005005,PSICOLOGIA,FES ZARAGOZA,Escolarizado,https://www.dgae.unam.mx/Licenciatura2025/resultados/2/21005005.html,120,3202,2854,88,125,139820,,N,No presentado,,Consultar
2025,2,Licenciatura 2025,210,21005005,PSICOLOGIA,FES ZARAGOZA,Escolarizado,https://www.dgae.unam.mx/Licenciatura2025/resultados/2/21005005.html,120,3202,2854,88,125,139925,55,,No seleccionado,,Consultar
2025,2,Licenciatura 2025,210,21005005,PSICOLOGIA,FES ZARAGOZA,Escolarizado,https://www.dgae.unam.mx/Licenciatura2025/resultados/2/21005005.html,120,3202,2854,88,125,139954,27,,No seleccionado,,Consultar
2025,2,Licenciatura 2025,210,21005005,PSICOLOGIA,FES ZARAGOZA,Escolarizado,https://www.dgae.unam.mx/Licenciatura2025/resultados/2/21005005.html,120,3202,2854,88,125,139988,49,,No seleccionado,,Consultar
2025,2,Licenciatura 2025,210,21005005,PSICOLOGIA,FES ZARAGOZA,Escolarizado,https://www.dgae.unam.mx/Licenciatura2025/resultados/2/21005005.html,120,3202,2854,88,125,140017,53,,No seleccionado,,Consultar
2025,2,Licenciatura 2025,210,21005005,PSICOLOGIA,FES ZARAGOZA,Escolarizado,https://www.dgae.unam.mx/Licenciatura2025/resultados/2/21005005.html,120,3202,2854,88,125,140133,31,,No seleccionado,,Consultar
2025,2,Licenciatura 2025,210,21005005,PSICOLOGIA,FES ZARAGOZA,Escolarizado,https://www.dgae.unam.mx/Licenciatura2025/resultados/2/21005005.html,120,3202,2854,88,125,140145,75,,No seleccionado,,Consultar
2025,2,Licenciatura 2025,210,21005005,PSICOLOGIA,FES ZARAGOZA,Escolarizado,https://www.dgae.unam.mx/Licenciatura2025/resultados/2/21005005.html,120,3202,2854,88,125,140242,39,,No seleccionado,,Consultar
2025,2,Licenciatura 2025,210,21005005,PSICOLOGIA,FES ZARAGOZA,Escolarizado,https://www.dgae.unam.mx/Licenciatura2025/resultados/2/21005005.html,120,3202,2854,88,125,140245,50,,No seleccionado,,Consultar
2025,2,Licenciatura 2025,210,21005005,PSICOLOGIA,FES ZARAGOZA,Escolarizado,https://www.dgae.unam.mx/Licenciatura2025/resultados/2/21005005.html,120,3202,2854,88,125,140353,46,,No seleccionado,,Consultar
2025,2,Licenciatura 2025,210,21005005,PSICOLOGIA,FES ZARAGOZA,Escolarizado,https://www.dgae.unam.mx/Licenciatura2025/resultados/2/21005005.html,120,3202,2854,88,125,140370,,N,No presentado,,Consultar
2025,2,Licenciatura 2025,210,21005005,PSICOLOGIA,FES ZARAGOZA,Escolarizado,https://www.dgae.unam.mx/Licenciatura2025/resultados/2/21005005.html,120,3202,2854,88,125,140379,52,,No seleccionado,,Consultar
2025,2,Licenciatura 2025,210,21005005,PSICOLOGIA,FES ZARAGOZA,Escolarizado,https://www.dgae.unam.mx/Licenciatura2025/resultados/2/21005005.html,120,3202,2854,88,125,140478,49,,No seleccionado,,Consultar
2025,2,Licenciatura 2025,210,21005005,PSICOLOGIA,FES ZARAGOZA,Escolarizado,https://www.dgae.unam.mx/Licenciatura2025/resultados/2/21005005.html,120,3202,2854,88,125,140560,47,,No seleccionado,,Consultar
2025,2,Licenciatura 2025,210,21005005,PSICOLOGIA,FES ZARAGOZA,Escolarizado,https://www.dgae.unam.mx/Licenciatura2025/resultados/2/21005005.html,120,3202,2854,88,125,140577,38,,No seleccionado,,Consultar
2025,2,Licenciatura 2025,210,21005005,PSICOLOGIA,FES ZARAGOZA,Escolarizado,https://www.dgae.unam.mx/Licenciatura2025/resultados/2/21005005.html,120,3202,2854,88,125,140731,,N,No presentado,,Consultar
2025,2,Licenciatura 2025,210,21005005,PSICOLOGIA,FES ZARAGOZA,Escolarizado,https://www.dgae.unam.mx/Licenciatura2025/resultados/2/21005005.html,120,3202,2854,88,125,140802,45,,No seleccionado,,Consultar
2025,2,Licenciatura 2025,210,21005005,PSICOLOGIA,FES ZARAGOZA,Escolarizado,https://www.dgae.unam.mx/Licenciatura2025/resultados/2/21005005.html,120,3202,2854,88,125,140901,73,,No seleccionado,,Consultar
2025,2,Licenciatura 2025,210,21005005,PSICOLOGIA,FES ZARAGOZA,Escolarizado,https://www.dgae.unam.mx/Licenciatura2025/resultados/2/21005005.html,120,3202,2854,88,125,141016,64,,No seleccionado,,Consultar
2025,2,Licenciatura 2025,210,21005005,PSICOLOGIA,FES ZARAGOZA,Escolarizado,https://www.dgae.unam.mx/Licenciatura2025/resultados/2/21005005.html,120,3202,2854,88,125,141431,,N,No presentado,,Consultar
2025,2,Licenciatura 2025,210,21005005,PSICOLOGIA,FES ZARAGOZA,Escolarizado,https://www.dgae.unam.mx/Licenciatura2025/resultados/2/21005005.html,120,3202,2854,88,125,141475,,N,No presentado,,Consultar
2025,2,Licenciatura 2025,210,21005005,PSICOLOGIA,FES ZARAGOZA,Escolarizado,https://www.dgae.unam.mx/Licenciatura2025/resultados/2/21005005.html,120,3202,2854,88,125,141500,,N,No presentado,,Consultar
2025,2,Licenciatura 2025,210,21005005,PSICOLOGIA,FES ZARAGOZA,Escolarizado,https://www.dgae.unam.mx/Licenciatura2025/resultados/2/21005005.html,120,3202,2854,88,125,141635,,N,No presentado,,Consultar
2025,2,Licenciatura 2025,210,21005005,PSICOLOGIA,FES ZARAGOZA,Escolarizado,https://www.dgae.unam.mx/Licenciatura2025/resultados/2/21005005.html,120,3202,2854,88,125,141643,,N,No presentado,,Consultar
2025,2,Licenciatura 2025,210,21005005,PSICOLOGIA,FES ZARAGOZA,Escolarizado,https://www.dgae.unam.mx/Licenciatura2025/resultados/2/21005005.html,120,3202,2854,88,125,141687,,N,No presentado,,Consultar
2025,2,Licenciatura 2025,210,21005005,PSICOLOGIA,FES ZARAGOZA,Escolarizado,https://www.dgae.unam.mx/Licenciatura2025/resultados/2/21005005.html,120,3202,2854,88,125,141804,,N,No presentado,,Consultar
2025,2,Licenciatura 2025,210,21005005,PSICOLOGIA,FES ZARAGOZA,Escolarizado,https://www.dgae.unam.mx/Licenciatura2025/resultados/2/21005005.html,120,3202,2854,88,125,141818,,N,No presentado,,Consultar
2025,2,Licenciatura 2025,210,21005005,PSICOLOGIA,FES ZARAGOZA,Escolarizado,https://www.dgae.unam.mx/Licenciatura2025/resultados/2/21005005.html,120,3202,2854,88,125,141847,,N,No presentado,,Consultar
2025,2,Licenciatura 2025,210,21005005,PSICOLOGIA,FES ZARAGOZA,Escolarizado,https://www.dgae.unam.mx/Licenciatura2025/resultados/2/21005005.html,120,3202,2854,88,125,141899,,N,No presentado,,Consultar
2025,2,Licenciatura 2025,210,21005005,PSICOLOGIA,FES ZARAGOZA,Escolarizado,https://www.dgae.unam.mx/Licenciatura2025/resultados/2/21005005.html,120,3202,2854,88,125,141907,,N,No presentado,,Consultar
2025,2,Licenciatura 2025,210,21005005,PSICOLOGIA,FES ZARAGOZA,Escolarizado,https://www.dgae.unam.mx/Licenciatura2025/resultados/2/21005005.html,120,3202,2854,88,125,141975,41,,No seleccionado,,Consultar
2025,2,Licenciatura 2025,210,21005005,PSICOLOGIA,FES ZARAGOZA,Escolarizado,https://www.dgae.unam.mx/Licenciatura2025/resultados/2/21005005.html,120,3202,2854,88,125,142041,69,,No seleccionado,,Consultar
2025,2,Licenciatura 2025,210,21005005,PSICOLOGIA,FES ZARAGOZA,Escolarizado,https://www.dgae.unam.mx/Licenciatura2025/resultados/2/21005005.html,120,3202,2854,88,125,142136,72,,No seleccionado,,Consultar
2025,2,Licenciatura 2025,210,21005005,PSICOLOGIA,FES ZARAGOZA,Escolarizado,https://www.dgae.unam.mx/Licenciatura2025/resultados/2/21005005.html,120,3202,2854,88,125,142188,44,,No seleccionado,,Consultar
2025,2,Licenciatura 2025,210,21005005,PSICOLOGIA,FES ZARAGOZA,Escolarizado,https://www.dgae.unam.mx/Licenciatura2025/resultados/2/21005005.html,120,3202,2854,88,125,142340,,N,No presentado,,Consultar
2025,2,Licenciatura 2025,210,21005005,PSICOLOGIA,FES ZARAGOZA,Escolarizado,https://www.dgae.unam.mx/Licenciatura2025/resultados/2/21005005.html,120,3202,2854,88,125,142446,,N,No presentado,,Consultar
2025,2,Licenciatura 2025,210,21005005,PSICOLOGIA,FES ZARAGOZA,Escolarizado,https://www.dgae.unam.mx/Licenciatura2025/resultados/2/21005005.html,120,3202,2854,88,125,142622,34,,No seleccionado,,Consultar
2025,2,Licenciatura 2025,210,21005005,PSICOLOGIA,FES ZARAGOZA,Escolarizado,https://www.dgae.unam.mx/Licenciatura2025/resultados/2/21005005.html,120,3202,2854,88,125,142938,,N,No presentado,,Consultar
2025,2,Licenciatura 2025,210,21005005,PSICOLOGIA,FES ZARAGOZA,Escolarizado,https://www.dgae.unam.mx/Licenciatura2025/resultados/2/21005005.html,120,3202,2854,88,125,143017,45,,No seleccionado,,Consultar
2025,2,Licenciatura 2025,210,21005005,PSICOLOGIA,FES ZARAGOZA,Escolarizado,https://www.dgae.unam.mx/Licenciatura2025/resultados/2/21005005.html,120,3202,2854,88,125,143027,,N,No presentado,,Consultar
2025,2,Licenciatura 2025,210,21005005,PSICOLOGIA,FES ZARAGOZA,Escolarizado,https://www.dgae.unam.mx/Licenciatura2025/resultados/2/21005005.html,120,3202,2854,88,125,143267,65,,No seleccionado,,Consultar
2025,2,Licenciatura 2025,210,21005005,PSICOLOGIA,FES ZARAGOZA,Escolarizado,https://www.dgae.unam.mx/Licenciatura2025/resultados/2/21005005.html,120,3202,2854,88,125,143410,,N,No presentado,,Consultar
2025,2,Licenciatura 2025,210,21005005,PSICOLOGIA,FES ZARAGOZA,Escolarizado,https://www.dgae.unam.mx/Licenciatura2025/resultados/2/21005005.html,120,3202,2854,88,125,143466,45,,No seleccionado,,Consultar
2025,2,Licenciatura 2025,210,21005005,PSICOLOGIA,FES ZARAGOZA,Escolarizado,https://www.dgae.unam.mx/Licenciatura2025/resultados/2/21005005.html,120,3202,2854,88,125,143473,42,,No seleccionado,,Consultar
2025,2,Licenciatura 2025,210,21005005,PSICOLOGIA,FES ZARAGOZA,Escolarizado,https://www.dgae.unam.mx/Licenciatura2025/resultados/2/21005005.html,120,3202,2854,88,125,143513,,N,No presentado,,Consultar
2025,2,Licenciatura 2025,210,21005005,PSICOLOGIA,FES ZARAGOZA,Escolarizado,https://www.dgae.unam.mx/Licenciatura2025/resultados/2/21005005.html,120,3202,2854,88,125,143591,,N,No presentado,,Consultar
2025,2,Licenciatura 2025,210,21005005,PSICOLOGIA,FES ZARAGOZA,Escolarizado,https://www.dgae.unam.mx/Licenciatura2025/resultados/2/21005005.html,120,3202,2854,88,125,144038,44,,No seleccionado,,Consultar
2025,2,Licenciatura 2025,210,21005005,PSICOLOGIA,FES ZARAGOZA,Escolarizado,https://www.dgae.unam.mx/Licenciatura2025/resultados/2/21005005.html,120,3202,2854,88,125,144248,,N,No presentado,,Consultar
2025,2,Licenciatura 2025,210,21005005,PSICOLOGIA,FES ZARAGOZA,Escolarizado,https://www.dgae.unam.mx/Licenciatura2025/resultados/2/21005005.html,120,3202,2854,88,125,144460,,N,No presentado,,Consultar
2025,2,Licenciatura 2025,210,21005005,PSICOLOGIA,FES ZARAGOZA,Escolarizado,https://www.dgae.unam.mx/Licenciatura2025/resultados/2/21005005.html,120,3202,2854,88,125,144493,,N,No presentado,,Consultar
2025,2,Licenciatura 2025,210,21005005,PSICOLOGIA,FES ZARAGOZA,Escolarizado,https://www.dgae.unam.mx/Licenciatura2025/resultados/2/21005005.html,120,3202,2854,88,125,144517,54,,No seleccionado,,Consultar
2025,2,Licenciatura 2025,210,21005005,PSICOLOGIA,FES ZARAGOZA,Escolarizado,https://www.dgae.unam.mx/Licenciatura2025/resultados/2/21005005.html,120,3202,2854,88,125,144629,,N,No presentado,,Consultar
2025,2,Licenciatura 2025,210,21005005,PSICOLOGIA,FES ZARAGOZA,Escolarizado,https://www.dgae.unam.mx/Licenciatura2025/resultados/2/21005005.html,120,3202,2854,88,125,144918,40,,No seleccionado,,Consultar
2025,2,Licenciatura 2025,210,21005005,PSICOLOGIA,FES ZARAGOZA,Escolarizado,https://www.dgae.unam.mx/Licenciatura2025/resultados/2/21005005.html,120,3202,2854,88,125,145115,71,,No seleccionado,,Consultar
2025,2,Licenciatura 2025,210,21005005,PSICOLOGIA,FES ZARAGOZA,Escolarizado,https://www.dgae.unam.mx/Licenciatura2025/resultados/2/21005005.html,120,3202,2854,88,125,145248,,N,No presentado,,Consultar
2025,2,Licenciatura 2025,210,21005005,PSICOLOGIA,FES ZARAGOZA,Escolarizado,https://www.dgae.unam.mx/Licenciatura2025/resultados/2/21005005.html,120,3202,2854,88,125,145543,,N,No presentado,,Consultar
2025,2,Licenciatura 2025,210,21005005,PSICOLOGIA,FES ZARAGOZA,Escolarizado,https://www.dgae.unam.mx/Licenciatura2025/resultados/2/21005005.html,120,3202,2854,88,125,145646,54,,No seleccionado,,Consultar
2025,2,Licenciatura 2025,210,21005005,PSICOLOGIA,FES ZARAGOZA,Escolarizado,https://www.dgae.unam.mx/Licenciatura2025/resultados/2/21005005.html,120,3202,2854,88,125,145685,37,,No seleccionado,,Consultar
2025,2,Licenciatura 2025,210,21005005,PSICOLOGIA,FES ZARAGOZA,Escolarizado,https://www.dgae.unam.mx/Licenciatura2025/resultados/2/21005005.html,120,3202,2854,88,125,145691,,N,No presentado,,Consultar
2025,2,Licenciatura 2025,210,21005005,PSICOLOGIA,FES ZARAGOZA,Escolarizado,https://www.dgae.unam.mx/Licenciatura2025/resultados/2/21005005.html,120,3202,2854,88,125,145915,43,,No seleccionado,,Consultar
2025,2,Licenciatura 2025,210,21005005,PSICOLOGIA,FES ZARAGOZA,Escolarizado,https://www.dgae.unam.mx/Licenciatura2025/resultados/2/21005005.html,120,3202,2854,88,125,146004,,N,No presentado,,Consultar
2025,2,Licenciatura 2025,210,21005005,PSICOLOGIA,FES ZARAGOZA,Escolarizado,https://www.dgae.unam.mx/Licenciatura2025/resultados/2/21005005.html,120,3202,2854,88,125,146212,30,,No seleccionado,,Consultar
2025,2,Licenciatura 2025,210,21005005,PSICOLOGIA,FES ZARAGOZA,Escolarizado,https://www.dgae.unam.mx/Licenciatura2025/resultados/2/21005005.html,120,3202,2854,88,125,146230,,N,No presentado,,Consultar
2025,2,Licenciatura 2025,210,21005005,PSICOLOGIA,FES ZARAGOZA,Escolarizado,https://www.dgae.unam.mx/Licenciatura2025/resultados/2/21005005.html,120,3202,2854,88,125,146451,41,,No seleccionado,,Consultar
2025,2,Licenciatura 2025,210,21005005,PSICOLOGIA,FES ZARAGOZA,Escolarizado,https://www.dgae.unam.mx/Licenciatura2025/resultados/2/21005005.html,120,3202,2854,88,125,146563,,N,No presentado,,Consultar
2025,2,Licenciatura 2025,210,21005005,PSICOLOGIA,FES ZARAGOZA,Escolarizado,https://www.dgae.unam.mx/Licenciatura2025/resultados/2/21005005.html,120,3202,2854,88,125,146610,,N,No presentado,,Consultar
2025,2,Licenciatura 2025,210,21005005,PSICOLOGIA,FES ZARAGOZA,Escolarizado,https://www.dgae.unam.mx/Licenciatura2025/resultados/2/21005005.html,120,3202,2854,88,125,146635,,N,No presentado,,Consultar
2025,2,Licenciatura 2025,210,21005005,PSICOLOGIA,FES ZARAGOZA,Escolarizado,https://www.dgae.unam.mx/Licenciatura2025/resultados/2/21005005.html,120,3202,2854,88,125,146662,48,,No seleccionado,,Consultar
2025,2,Licenciatura 2025,210,21005005,PSICOLOGIA,FES ZARAGOZA,Escolarizado,https://www.dgae.unam.mx/Licenciatura2025/resultados/2/21005005.html,120,3202,2854,88,125,146679,,N,No presentado,,Consultar
2025,2,Licenciatura 2025,210,21005005,PSICOLOGIA,FES ZARAGOZA,Escolarizado,https://www.dgae.unam.mx/Licenciatura2025/resultados/2/21005005.html,120,3202,2854,88,125,146725,,N,No presentado,,Consultar
2025,2,Licenciatura 2025,210,21005005,PSICOLOGIA,FES ZARAGOZA,Escolarizado,https://www.dgae.unam.mx/Licenciatura2025/resultados/2/21005005.html,120,3202,2854,88,125,146729,,N,No presentado,,Consultar
2025,2,Licenciatura 2025,210,21005005,PSICOLOGIA,FES ZARAGOZA,Escolarizado,https://www.dgae.unam.mx/Licenciatura2025/resultados/2/21005005.html,120,3202,2854,88,125,146753,,N,No presentado,,Consultar
2025,2,Licenciatura 2025,210,21005005,PSICOLOGIA,FES ZARAGOZA,Escolarizado,https://www.dgae.unam.mx/Licenciatura2025/resultados/2/21005005.html,120,3202,2854,88,125,146804,,N,No presentado,,Consultar
2025,2,Licenciatura 2025,210,21005005,PSICOLOGIA,FES ZARAGOZA,Escolarizado,https://www.dgae.unam.mx/Licenciatura2025/resultados/2/21005005.html,120,3202,2854,88,125,146806,,N,No presentado,,Consultar
2025,2,Licenciatura 2025,210,21005005,PSICOLOGIA,FES ZARAGOZA,Escolarizado,https://www.dgae.unam.mx/Licenciatura2025/resultados/2/21005005.html,120,3202,2854,88,125,146816,53,,No seleccionado,,Consultar
2025,2,Licenciatura 2025,210,21005005,PSICOLOGIA,FES ZARAGOZA,Escolarizado,https://www.dgae.unam.mx/Licenciatura2025/resultados/2/21005005.html,120,3202,2854,88,125,146823,,N,No presentado,,Consultar
2025,2,Licenciatura 2025,210,21005005,PSICOLOGIA,FES ZARAGOZA,Escolarizado,https://www.dgae.unam.mx/Licenciatura2025/resultados/2/21005005.html,120,3202,2854,88,125,146827,,N,No presentado,,Consultar
2025,2,Licenciatura 2025,210,21005005,PSICOLOGIA,FES ZARAGOZA,Escolarizado,https://www.dgae.unam.mx/Licenciatura2025/resultados/2/21005005.html,120,3202,2854,88,125,146850,,N,No presentado,,Consultar
2025,2,Licenciatura 2025,210,21005005,PSICOLOGIA,FES ZARAGOZA,Escolarizado,https://www.dgae.unam.mx/Licenciatura2025/resultados/2/21005005.html,120,3202,2854,88,125,146878,,N,No presentado,,Consultar
2025,2,Licenciatura 2025,210,21005005,PSICOLOGIA,FES ZARAGOZA,Escolarizado,https://www.dgae.unam.mx/Licenciatura2025/resultados/2/21005005.html,120,3202,2854,88,125,146956,,N,No presentado,,Consultar
2025,2,Licenciatura 2025,210,21005005,PSICOLOGIA,FES ZARAGOZA,Escolarizado,https://www.dgae.unam.mx/Licenciatura2025/resultados/2/21005005.html,120,3202,2854,88,125,146986,34,,No seleccionado,,Consultar
2025,2,Licenciatura 2025,210,21005005,PSICOLOGIA,FES ZARAGOZA,Escolarizado,https://www.dgae.unam.mx/Licenciatura2025/resultados/2/21005005.html,120,3202,2854,88,125,147048,49,,No seleccionado,,Consultar
2025,2,Licenciatura 2025,210,21005005,PSICOLOGIA,FES ZARAGOZA,Escolarizado,https://www.dgae.unam.mx/Licenciatura2025/resultados/2/21005005.html,120,3202,2854,88,125,147083,,N,No presentado,,Consultar
2025,2,Licenciatura 2025,210,21005005,PSICOLOGIA,FES ZARAGOZA,Escolarizado,https://www.dgae.unam.mx/Licenciatura2025/resultados/2/21005005.html,120,3202,2854,88,125,147092,,N,No presentado,,Consultar
2025,2,Licenciatura 2025,210,21005005,PSICOLOGIA,FES ZARAGOZA,Escolarizado,https://www.dgae.unam.mx/Licenciatura2025/resultados/2/21005005.html,120,3202,2854,88,125,147122,,N,No presentado,,Consultar
2025,2,Licenciatura 2025,210,21005005,PSICOLOGIA,FES ZARAGOZA,Escolarizado,https://www.dgae.unam.mx/Licenciatura2025/resultados/2/21005005.html,120,3202,2854,88,125,147196,,N,No presentado,,Consultar
2025,2,Licenciatura 2025,210,21005005,PSICOLOGIA,FES ZARAGOZA,Escolarizado,https://www.dgae.unam.mx/Licenciatura2025/resultados/2/21005005.html,120,3202,2854,88,125,147338,40,,No seleccionado,,Consultar
2025,2,Licenciatura 2025,210,21005005,PSICOLOGIA,FES ZARAGOZA,Escolarizado,https://www.dgae.unam.mx/Licenciatura2025/resultados/2/21005005.html,120,3202,2854,88,125,147414,,N,No presentado,,Consultar
2025,2,Licenciatura 2025,210,21005005,PSICOLOGIA,FES ZARAGOZA,Escolarizado,https://www.dgae.unam.mx/Licenciatura2025/resultados/2/21005005.html,120,3202,2854,88,125,147507,,N,No presentado,,Consultar
2025,2,Licenciatura 2025,210,21005005,PSICOLOGIA,FES ZARAGOZA,Escolarizado,https://www.dgae.unam.mx/Licenciatura2025/resultados/2/21005005.html,120,3202,2854,88,125,147540,,N,No presentado,,Consultar
2025,2,Licenciatura 2025,210,21005005,PSICOLOGIA,FES ZARAGOZA,Escolarizado,https://www.dgae.unam.mx/Licenciatura2025/resultados/2/21005005.html,120,3202,2854,88,125,147578,,N,No presentado,,Consultar
2025,2,Licenciatura 2025,210,21005005,PSICOLOGIA,FES ZARAGOZA,Escolarizado,https://www.dgae.unam.mx/Licenciatura2025/resultados/2/21005005.html,120,3202,2854,88,125,147635,50,,No seleccionado,,Consultar
2025,2,Licenciatura 2025,210,21005005,PSICOLOGIA,FES ZARAGOZA,Escolarizado,https://www.dgae.unam.mx/Licenciatura2025/resultados/2/21005005.html,120,3202,2854,88,125,147698,37,,No seleccionado,,Consultar
2025,2,Licenciatura 2025,210,21005005,PSICOLOGIA,FES ZARAGOZA,Escolarizado,https://www.dgae.unam.mx/Licenciatura2025/resultados/2/21005005.html,120,3202,2854,88,125,147708,,N,No presentado,,Consultar
2025,2,Licenciatura 2025,210,21005005,PSICOLOGIA,FES ZARAGOZA,Escolarizado,https://www.dgae.unam.mx/Licenciatura2025/resultados/2/21005005.html,120,3202,2854,88,125,147709,,N,No presentado,,Consultar
2025,2,Licenciatura 2025,210,21005005,PSICOLOGIA,FES ZARAGOZA,Escolarizado,https://www.dgae.unam.mx/Licenciatura2025/resultados/2/21005005.html,120,3202,2854,88,125,147782,53,,No seleccionado,,Consultar
2025,2,Licenciatura 2025,210,21005005,PSICOLOGIA,FES ZARAGOZA,Escolarizado,https://www.dgae.unam.mx/Licenciatura2025/resultados/2/21005005.html,120,3202,2854,88,125,147790,35,,No seleccionado,,Consultar
2025,2,Licenciatura 2025,210,21005005,PSICOLOGIA,FES ZARAGOZA,Escolarizado,https://www.dgae.unam.mx/Licenciatura2025/resultados/2/21005005.html,120,3202,2854,88,125,147812,,N,No presentado,,Consultar
2025,2,Licenciatura 2025,210,21005005,PSICOLOGIA,FES ZARAGOZA,Escolarizado,https://www.dgae.unam.mx/Licenciatura2025/resultados/2/21005005.html,120,3202,2854,88,125,147816,,N,No presentado,,Consultar
2025,2,Licenciatura 2025,210,21005005,PSICOLOGIA,FES ZARAGOZA,Escolarizado,https://www.dgae.unam.mx/Licenciatura2025/resultados/2/21005005.html,120,3202,2854,88,125,147900,57,,No seleccionado,,Consultar
2025,2,Licenciatura 2025,210,21005005,PSICOLOGIA,FES ZARAGOZA,Escolarizado,https://www.dgae.unam.mx/Licenciatura2025/resultados/2/21005005.html,120,3202,2854,88,125,148069,84,,No seleccionado,,Consultar
2025,2,Licenciatura 2025,210,21005005,PSICOLOGIA,FES ZARAGOZA,Escolarizado,https://www.dgae.unam.mx/Licenciatura2025/resultados/2/21005005.html,120,3202,2854,88,125,148235,44,,No seleccionado,,Consultar
2025,2,Licenciatura 2025,210,21005005,PSICOLOGIA,FES ZARAGOZA,Escolarizado,https://www.dgae.unam.mx/Licenciatura2025/resultados/2/21005005.html,120,3202,2854,88,125,148423,,N,No presentado,,Consultar
2025,2,Licenciatura 2025,210,21005005,PSICOLOGIA,FES ZARAGOZA,Escolarizado,https://www.dgae.unam.mx/Licenciatura2025/resultados/2/21005005.html,120,3202,2854,88,125,148442,,N,No presentado,,Consultar
2025,2,Licenciatura 2025,210,21005005,PSICOLOGIA,FES ZARAGOZA,Escolarizado,https://www.dgae.unam.mx/Licenciatura2025/resultados/2/21005005.html,120,3202,2854,88,125,148521,43,,No seleccionado,,Consultar
2025,2,Licenciatura 2025,210,21005005,PSICOLOGIA,FES ZARAGOZA,Escolarizado,https://www.dgae.unam.mx/Licenciatura2025/resultados/2/21005005.html,120,3202,2854,88,125,150017,,N,No presentado,,Consultar
2025,2,Licenciatura 2025,210,21005005,PSICOLOGIA,FES ZARAGOZA,Escolarizado,https://www.dgae.unam.mx/Licenciatura2025/resultados/2/21005005.html,120,3202,2854,88,125,150021,93,S,Seleccionado,Cita para entregar documentación.,Consultar
2025,2,Licenciatura 2025,210,21005005,PSICOLOGIA,FES ZARAGOZA,Escolarizado,https://www.dgae.unam.mx/Licenciatura2025/resultados/2/21005005.html,120,3202,2854,88,125,150041,28,,No seleccionado,,Consultar
2025,2,Licenciatura 2025,210,21005005,PSICOLOGIA,FES ZARAGOZA,Escolarizado,https://www.dgae.unam.mx/Licenciatura2025/resultados/2/21005005.html,120,3202,2854,88,125,150063,62,,No seleccionado,,Consultar
2025,2,Licenciatura 2025,210,21005005,PSICOLOGIA,FES ZARAGOZA,Escolarizado,https://www.dgae.unam.mx/Licenciatura2025/resultados/2/21005005.html,120,3202,2854,88,125,150064,36,,No seleccionado,,Consultar
