Anio,Area,Concurso,Clave_carrera,Codigo_opcion,Carrera,Plantel,Modalidad,URL_resultados,Oferta,Aspirantes,Presentaron_examen,Aciertos_minimos,Seleccionados,Numero_comprobante,Aciertos,Acreditado,Estatus,Detalles,Diagnostico
2025,2,Licenciatura 2025,221,22106005,FISIOTERAPIA,ESCUELA NAL. DE ESTUDIOS SUP. UNIDAD LEÓN,Escolarizado,https://www.dgae.unam.mx/Licenciatura2025/resultados/2/22106005.html,63,505,384,61,68,070626,93,S,Seleccionado,Cita para entregar documentación.,Consultar
2025,2,Licenciatura 2025,221,22106005,FISIOTERAPIA,ESCUELA NAL. DE ESTUDIOS SUP. UNIDAD LEÓN,Escolarizado,https://www.dgae.unam.mx/Licenciatura2025/resultados/2/22106005.html,63,505,384,61,68,070673,,N,No presentado,,Consultar
2025,2,Licenciatura 2025,221,22106005,FISIOTERAPIA,ESCUELA NAL. DE ESTUDIOS SUP. UNIDAD LEÓN,Escolarizado,https://www.dgae.unam.mx/Licenciatura2025/resultados/2/22106005.html,63,505,384,61,68,071306,,N,No presentado,,Consultar
2025,2,Licenciatura 2025,221,22106005,FISIOTERAPIA,ESCUELA NAL. DE ESTUDIOS SUP. UNIDAD LEÓN,Escolarizado,https://www.dgae.unam.mx/Licenciatura2025/resultados/2/22106005.html,63,505,384,61,68,072175,55,,No seleccionado,,Consultar
2025,2,Licenciatura 2025,221,22106005,FISIOTERAPIA,ESCUELA NAL. DE ESTUDIOS SUP. UNIDAD LEÓN,Escolarizado,https://www.dgae.unam.mx/Licenciatura2025/resultados/2/22106005.html,63,505,384,61,68,072351,53,,No seleccionado,,Consultar
2025,2,Licenciatura 2025,221,22106005,FISIOTERAPIA,ESCUELA NAL. DE ESTUDIOS SUP. UNIDAD LEÓN,Escolarizado,https://www.dgae.unam.mx/Licenciatura2025/resultados/2/22106005.html,63,505,384,61,68,072871,42,,No seleccionado,,Consultar
2025,2,Licenciatura 2025,221,22106005,FISIOTERAPIA,ESCUELA NAL. DE ESTUDIOS SUP. UNIDAD LEÓN,Escolarizado,https://www.dgae.unam.mx/Licenciatura2025/resultados/2/22106005.html,63,505,384,61,68,073939,41,,No seleccionado,,Consultar
2025,2,Licenciatura 2025,221,22106005,FISIOTERAPIA,ESCUELA NAL. DE ESTUDIOS SUP. UNIDAD LEÓN,Escolarizado,https://www.dgae.unam.mx/Licenciatura2025/resultados/2/22106005.html,63,505,384,61,68,074091,49,,No seleccionado,,Consultar
2025,2,Licenciatura 2025,221,22106005,FISIOTERAPIA,ESCUELA NAL. DE ESTUDIOS SUP. UNIDAD LEÓN,Escolarizado,https://www.dgae.unam.mx/Licenciatura2025/resultados/2/22106005.html,63,505,384,61,68,075236,37,,No seleccionado,,Consultar
2025,2,Licenciatura 2025,221,22106005,FISIOTERAPIA,ESCUELA NAL. DE ESTUDIOS SUP. UNIDAD LEÓN,Escolarizado,https://www.dgae.unam.mx/Licenciatura2025/resultados/2/22106005.html,63,505,384,61,68,075274,,N,No presentado,,Consultar
2025,2,Licenciatura 2025,221,22106005,FISIOTERAPIA,ESCUELA NAL. DE ESTUDIOS SUP. UNIDAD LEÓN,Escolarizado,https://www.dgae.unam.mx/Licenciatura2025/resultados/2/22106005.html,63,505,384,61,68,075364,31,,No seleccionado,,Consultar
2025,2,Licenciatura 2025,221,22106005,FISIOTERAPIA,ESCUELA NAL. DE ESTUDIOS SUP. UNIDAD LEÓN,Escolarizado,https://www.dgae.unam.mx/Licenciatura2025/resultados/2/22106005.html,63,505,384,61,68,075977,34,,No seleccionado,,Consultar
2025,2,Licenciatura 2025,221,22106005,FISIOTERAPIA,ESCUELA NAL. DE ESTUDIOS SUP. UNIDAD LEÓN,Escolarizado,https://www.dgae.unam.mx/Licenciatura2025/resultados/2/22106005.html,63,505,384,61,68,076687,44,,No seleccionado,,Consultar
2025,2,Licenciatura 2025,221,22106005,FISIOTERAPIA,ESCUELA NAL. DE ESTUDIOS SUP. UNIDAD LEÓN,Escolarizado,https://www.dgae.unam.mx/Licenciatura2025/resultados/2/22106005.html,63,505,384,61,68,077439,47,,No seleccionado,,Consultar
2025,2,Licenciatura 2025,221,22106005,FISIOTERAPIA,ESCUELA NAL. DE ESTUDIOS SUP. UNIDAD LEÓN,Escolarizado,https://www.dgae.unam.mx/Licenciatura2025/resultados/2/22106005.html,63,505,384,61,68,077477,27,,No seleccionado,,Consultar
2025,2,Licenciatura 2025,221,22106005,FISIOTERAPIA,ESCUELA NAL. DE ESTUDIOS SUP. UNIDAD LEÓN,Escolarizado,https://www.dgae.unam.mx/Licenciatura2025/resultados/2/22106005.html,63,505,384,61,68,077762,26,,No seleccionado,,Consultar
2025,2,Licenciatura 2025,221,22106005,FISIOTERAPIA,ESCUELA NAL. DE ESTUDIOS SUP. UNIDAD LEÓN,Escolarizado,https://www.dgae.unam.mx/Licenciatura2025/resultados/2/22106005.html,63,505,384,61,68,078219,32,,No seleccionado,,Consultar
2025,2,Licenciatura 2025,221,22106005,FISIOTERAPIA,ESCUELA NAL. DE ESTUDIOS SUP. UNIDAD LEÓN,Escolarizado,https://www.dgae.unam.mx/Licenciatura2025/resultados/2/22106005.html,63,505,384,61,68,078255,,N,No presentado,,Consultar
2025,2,Licenciatura 2025,221,22106005,FISIOTERAPIA,ESCUELA NAL. DE ESTUDIOS SUP. UNIDAD LEÓN,Escolarizado,https://www.dgae.unam.mx/Licenciatura2025/resultados/2/22106005.html,63,505,384,61,68,078369,43,,No seleccionado,,Consultar
2025,2,Licenciatura 2025,221,22106005,FISIOTERAPIA,ESCUELA NAL. DE ESTUDIOS SUP. UNIDAD LEÓN,Escolarizado,https://www.dgae.unam.mx/Licenciatura2025/resultados/2/22106005.html,63,505,384,61,68,078767,56,,No seleccionado,,Consultar
2025,2,Licenciatura 2025,221,22106005,FISIOTERAPIA,ESCUELA NAL. DE ESTUDIOS SUP. UNIDAD LEÓN,Escolarizado,https://www.dgae.unam.mx/Licenciatura2025/resultados/2/22106005.html,63,505,384,61,68,079410,35,,No seleccionado,,Consultar
2025,2,Licenciatura 2025,221,22106005,FISIOTERAPIA,ESCUELA NAL. DE ESTUDIOS SUP. UNIDAD LEÓN,Escolarizado,https://www.dgae.unam.mx/Licenciatura2025/resultados/2/22106005.html,63,505,384,61,68,079614,39,,No seleccionado,,Consultar
2025,2,Licenciatura 2025,221,22106005,FISIOTERAPIA,ESCUELA NAL. DE ESTUDIOS SUP. UNIDAD LEÓN,Escolarizado,https://www.dgae.unam.mx/Licenciatura2025/resultados/2/22106005.html,63,505,384,61,68,079823,58,,No seleccionado,,Consultar
2025,2,Licenciatura 2025,221,22106005,FISIOTERAPIA,ESCUELA NAL. DE ESTUDIOS SUP. UNIDAD LEÓN,Escolarizado,https://www.dgae.unam.mx/Licenciatura2025/resultados/2/22106005.html,63,505,384,61,68,081299,42,,No seleccionado,,Consultar
2025,2,Licenciatura 2025,221,22106005,FISIOTERAPIA,ESCUELA NAL. DE ESTUDIOS SUP. UNIDAD LEÓN,Escolarizado,https://www.dgae.unam.mx/Licenciatura2025/resultados/2/22106005.html,63,505,384,61,68,081403,33,,No seleccionado,,Consultar
2025,2,Licenciatura 2025,221,22106005,FISIOTERAPIA,ESCUELA NAL. DE ESTUDIOS SUP. UNIDAD LEÓN,Escolarizado,https://www.dgae.unam.mx/Licenciatura2025/resultados/2/22106005.html,63,505,384,61,68,081454,45,,No seleccionado,,Consultar
2025,2,Licenciatura 2025,221,22106005,FISIOTERAPIA,ESCUELA NAL. DE ESTUDIOS SUP. UNIDAD LEÓN,Escolarizado,https://www.dgae.unam.mx/Licenciatura2025/resultados/2/22106005.html,63,505,384,61,68,084062,49,,No seleccionado,,Consultar
2025,2,Licenciatura 2025,221,22106005,FISIOTERAPIA,ESCUELA NAL. DE ESTUDIOS SUP. UNIDAD LEÓN,Escolarizado,https://www.dgae.unam.mx/Licenciatura2025/resultados/2/22106005.html,63,505,384,61,68,084720,33,,No seleccionado,,Consultar
2025,2,Licenciatura 2025,221,22106005,FISIOTERAPIA,ESCUELA NAL. DE ESTUDIOS SUP. UNIDAD LEÓN,Escolarizado,https://www.dgae.unam.mx/Licenciatura2025/resultados/2/22106005.html,63,505,384,61,68,085424,45,,No seleccionado,,Consultar
2025,2,Licenciatura 2025,221,22106005,FISIOTERAPIA,ESCUELA NAL. DE ESTUDIOS SUP. UNIDAD LEÓN,Escolarizado,https://www.dgae.unam.mx/Licenciatura2025/resultados/2/22106005.html,63,505,384,61,68,085921,26,,No seleccionado,,Consultar
2025,2,Licenciatura 2025,221,22106005,FISIOTERAPIA,ESCUELA NAL. DE ESTUDIOS SUP. UNIDAD LEÓN,Escolarizado,https://www.dgae.unam.mx/Licenciatura2025/resultados/2/22106005.html,63,505,384,61,68,086060,104,S,Seleccionado,Cita para entregar documentación.,Consultar
2025,2,Licenciatura 2025,221,22106005,FISIOTERAPIA,ESCUELA NAL. DE ESTUDIOS SUP. UNIDAD LEÓN,Escolarizado,https://www.dgae.unam.mx/Licenciatura2025/resultados/2/22106005.html,63,505,384,61,68,087674,47,,No seleccionado,,Consultar
2025,2,Licenciatura 2025,221,22106005,FISIOTERAPIA,ESCUELA NAL. DE ESTUDIOS SUP. UNIDAD LEÓN,Escolarizado,https://www.dgae.unam.mx/Licenciatura2025/resultados/2/22106005.html,63,505,384,61,68,087688,34,,No seleccionado,,Consultar
2025,2,Licenciatura 2025,221,22106005,FISIOTERAPIA,ESCUELA NAL. DE ESTUDIOS SUP. UNIDAD LEÓN,Escolarizado,https://www.dgae.unam.mx/Licenciatura2025/resultados/2/22106005.html,63,505,384,61,68,089578,49,,No seleccionado,,Consultar
2025,2,Licenciatura 2025,221,22106005,FISIOTERAPIA,ESCUELA NAL. DE ESTUDIOS SUP. UNIDAD LEÓN,Escolarizado,https://www.dgae.unam.mx/Licenciatura2025/resultados/2/22106005.html,63,505,384,61,68,090030,43,,No seleccionado,,Consultar
2025,2,Licenciatura 2025,221,22106005,FISIOTERAPIA,ESCUELA NAL. DE ESTUDIOS SUP. UNIDAD LEÓN,Escolarizado,https://www.dgae.unam.mx/Licenciatura2025/resultados/2/22106005.html,63,505,384,61,68,090067,,N,No presentado,,Consultar
2025,2,Licenciatura 2025,221,22106005,FISIOTERAPIA,ESCUELA NAL. DE ESTUDIOS SUP. UNIDAD LEÓN,Escolarizado,https://www.dgae.unam.mx/Licenciatura2025/resultados/2/22106005.html,63,505,384,61,68,090792,38,,No seleccionado,,Consultar
2025,2,Licenciatura 2025,221,22106005,FISIOTERAPIA,ESCUELA NAL. DE ESTUDIOS SUP. UNIDAD LEÓN,Escolarizado,https://www.dgae.unam.mx/Licenciatura2025/resultados/2/22106005.html,63,505,384,61,68,091262,44,,No seleccionado,,Consultar
2025,2,Licenciatura 2025,221,22106005,FISIOTERAPIA,ESCUELA NAL. DE ESTUDIOS SUP. UNIDAD LEÓN,Escolarizado,https://www.dgae.unam.mx/Licenciatura2025/resultados/2/22106005.html,63,505,384,61,68,091361,53,,No seleccionado,,Consultar
2025,2,Licenciatura 2025,221,22106005,FISIOTERAPIA,ESCUELA NAL. DE ESTUDIOS SUP. UNIDAD LEÓN,Escolarizado,https://www.dgae.unam.mx/Licenciatura2025/resultados/2/22106005.html,63,505,384,61,68,092460,61,S,Seleccionado,,Consultar
2025,2,Licenciatura 2025,221,22106005,FISIOTERAPIA,ESCUELA NAL. DE ESTUDIOS SUP. UNIDAD LEÓN,Escolarizado,https://www.dgae.unam.mx/Licenciatura2025/resultados/2/22106005.html,63,505,384,61,68,092782,,N,No presentado,,Consultar
2025,2,Licenciatura 2025,221,22106005,FISIOTERAPIA,ESCUELA NAL. DE ESTUDIOS SUP. UNIDAD LEÓN,Escolarizado,https://www.dgae.unam.mx/Licenciatura2025/resultados/2/22106005.html,63,505,384,61,68,093311,41,,No seleccionado,,Consultar
2025,2,Licenciatura 2025,221,22106005,FISIOTERAPIA,ESCUELA NAL. DE ESTUDIOS SUP. UNIDAD LEÓN,Escolarizado,https://www.dgae.unam.mx/Licenciatura2025/resultados/2/22106005.html,63,505,384,61,68,093574,41,,No seleccionado,,Consultar
2025,2,Licenciatura 2025,221,22106005,FISIOTERAPIA,ESCUELA NAL. DE ESTUDIOS SUP. UNIDAD LEÓN,Escolarizado,https://www.dgae.unam.mx/Licenciatura2025/resultados/2/22106005.html,63,505,384,61,68,094002,65,S,Seleccionado,Cita para entregar documentación.,Consultar
2025,2,Licenciatura 2025,221,22106005,FISIOTERAPIA,ESCUELA NAL. DE ESTUDIOS SUP. UNIDAD LEÓN,Escolarizado,https://www.dgae.unam.mx/Licenciatura2025/resultados/2/22106005.html,63,505,384,61,68,094068,35,,No seleccionado,,Consultar
2025,2,Licenciatura 2025,221,22106005,FISIOTERAPIA,ESCUELA NAL. DE ESTUDIOS SUP. UNIDAD LEÓN,Escolarizado,https://www.dgae.unam.mx/Licenciatura2025/resultados/2/22106005.html,63,505,384,61,68,094198,41,,No seleccionado,,Consultar
2025,2,Licenciatura 2025,221,22106005,FISIOTERAPIA,ESCUELA NAL. DE ESTUDIOS SUP. UNIDAD LEÓN,Escolarizado,https://www.dgae.unam.mx/Licenciatura2025/resultados/2/22106005.html,63,505,384,61,68,095097,32,,No seleccionado,,Consultar
2025,2,Licenciatura 2025,221,22106005,FISIOTERAPIA,ESCUELA NAL. DE ESTUDIOS SUP. UNIDAD LEÓN,Escolarizado,https://www.dgae.unam.mx/Licenciatura2025/resultados/2/22106005.html,63,505,384,61,68,095296,59,,No seleccionado,,Consultar
2025,2,Licenciatura 2025,221,22106005,FISIOTERAPIA,ESCUELA NAL. DE ESTUDIOS SUP. UNIDAD LEÓN,Escolarizado,https://www.dgae.unam.mx/Licenciatura2025/resultados/2/22106005.html,63,505,384,61,68,095517,,N,No presentado,,Consultar
2025,2,Licenciatura 2025,221,22106005,FISIOTERAPIA,ESCUELA NAL. DE ESTUDIOS SUP. UNIDAD LEÓN,Escolarizado,https://www.dgae.unam.mx/Licenciatura2025/resultados/2/22106005.html,63,505,384,61,68,095716,33,,No seleccionado,,Consultar
2025,2,Licenciatura 2025,221,22106005,FISIOTERAPIA,ESCUELA NAL. DE ESTUDIOS SUP. UNIDAD LEÓN,Escolarizado,https://www.dgae.unam.mx/Licenciatura2025/resultados/2/22106005.html,63,505,384,61,68,096019,54,,No seleccionado,,Consultar
2025,2,Licenciatura 2025,221,22106005,FISIOTERAPIA,ESCUELA NAL. DE ESTUDIOS SUP. UNIDAD LEÓN,Escolarizado,https://www.dgae.unam.mx/Licenciatura2025/resultados/2/22106005.html,63,505,384,61,68,097391,,,No seleccionado,Cita para aclarar situación escolar.,Consultar
2025,2,Licenciatura 2025,221,22106005,FISIOTERAPIA,ESCUELA NAL. DE ESTUDIOS SUP. UNIDAD LEÓN,Escolarizado,https://www.dgae.unam.mx/Licenciatura2025/resultados/2/22106005.html,63,505,384,61,68,097754,41,,No seleccionado,,Consultar
2025,2,Licenciatura 2025,221,22106005,FISIOTERAPIA,ESCUELA NAL. DE ESTUDIOS SUP. UNIDAD LEÓN,Escolarizado,https://www.dgae.unam.mx/Licenciatura2025/resultados/2/22106005.html,63,505,384,61,68,098031,23,,No seleccionado,,Consultar
2025,2,Licenciatura 2025,221,22106005,FISIOTERAPIA,ESCUELA NAL. DE ESTUDIOS SUP. UNIDAD LEÓN,Escolarizado,https://www.dgae.unam.mx/Licenciatura2025/resultados/2/22106005.html,63,505,384,61,68,098758,72,S,Seleccionado,Cita para entregar documentación.,Consultar
2025,2,Licenciatura 2025,221,22106005,FISIOTERAPIA,ESCUELA NAL. DE ESTUDIOS SUP. UNIDAD LEÓN,Escolarizado,https://www.dgae.unam.mx/Licenciatura2025/resultados/2/22106005.html,63,505,384,61,68,098978,32,,No seleccionado,,Consultar
2025,2,Licenciatura 2025,221,22106005,FISIOTERAPIA,ESCUELA NAL. DE ESTUDIOS SUP. UNIDAD LEÓN,Escolarizado,https://www.dgae.unam.mx/Licenciatura2025/resultados/2/22106005.html,63,505,384,61,68,099196,,N,No presentado,,Consultar
2025,2,Licenciatura 2025,221,22106005,FISIOTERAPIA,ESCUELA NAL. DE ESTUDIOS SUP. UNIDAD LEÓN,Escolarizado,https://www.dgae.unam.mx/Licenciatura2025/resultados/2/22106005.html,63,505,384,61,68,100828,,N,No presentado,,Consultar
2025,2,Licenciatura 2025,221,22106005,FISIOTERAPIA,ESCUELA NAL. DE ESTUDIOS SUP. UNIDAD LEÓN,Escolarizado,https://www.dgae.unam.mx/Licenciatura2025/resultados/2/22106005.html,63,505,384,61,68,102323,30,,No seleccionado,,Consultar
2025,2,Licenciatura 2025,221,22106005,FISIOTERAPIA,ESCUELA NAL. DE ESTUDIOS SUP. UNIDAD LEÓN,Escolarizado,https://www.dgae.unam.mx/Licenciatura2025/resultados/2/22106005.html,63,505,384,61,68,102617,55,,No seleccionado,,Consultar
2025,2,Licenciatura 2025,221,22106005,FISIOTERAPIA,ESCUELA NAL. DE ESTUDIOS SUP. UNIDAD LEÓN,Escolarizado,https://www.dgae.unam.mx/Licenciatura2025/resultados/2/22106005.html,63,505,384,61,68,104858,26,,No seleccionado,,Consultar
2025,2,Licenciatura 2025,221,22106005,FISIOTERAPIA,ESCUELA NAL. DE ESTUDIOS SUP. UNIDAD LEÓN,Escolarizado,https://www.dgae.unam.mx/Licenciatura2025/resultados/2/22106005.html,63,505,384,61,68,104949,,N,No presentado,,Consultar
2025,2,Licenciatura 2025,221,22106005,FISIOTERAPIA,ESCUELA NAL. DE ESTUDIOS SUP. UNIDAD LEÓN,Escolarizado,https://www.dgae.unam.mx/Licenciatura2025/resultados/2/22106005.html,63,505,384,61,68,105699,,N,No presentado,,Consultar
2025,2,Licenciatura 2025,221,22106005,FISIOTERAPIA,ESCUELA NAL. DE ESTUDIOS SUP. UNIDAD LEÓN,Escolarizado,https://www.dgae.unam.mx/Licenciatura2025/resultados/2/22106005.html,63,505,384,61,68,105983,43,,No seleccionado,,Consultar
2025,2,Licenciatura 2025,221,22106005,FISIOTERAPIA,ESCUELA NAL. DE ESTUDIOS SUP. UNIDAD LEÓN,Escolarizado,https://www.dgae.unam.mx/Licenciatura2025/resultados/2/22106005.html,63,505,384,61,68,108580,,N,No presentado,,Consultar
2025,2,Licenciatura 2025,221,22106005,FISIOTERAPIA,ESCUELA NAL. DE ESTUDIOS SUP. UNIDAD LEÓN,Escolarizado,https://www.dgae.unam.mx/Licenciatura2025/resultados/2/22106005.html,63,505,384,61,68,108591,50,,No seleccionado,,Consultar
2025,2,Licenciatura 2025,221,22106005,FISIOTERAPIA,ESCUELA NAL. DE ESTUDIOS SUP. UNIDAD LEÓN,Escolarizado,https://www.dgae.unam.mx/Licenciatura2025/resultados/2/22106005.html,63,505,384,61,68,111100,65,S,Seleccionado,Cita para entregar documentación.,Consultar
2025,2,Licenciatura 2025,221,22106005,FISIOTERAPIA,ESCUELA NAL. DE ESTUDIOS SUP. UNIDAD LEÓN,Escolarizado,https://www.dgae.unam.mx/Licenciatura2025/resultados/2/22106005.html,63,505,384,61,68,111537,38,,No seleccionado,,Consultar
2025,2,Licenciatura 2025,221,22106005,FISIOTERAPIA,ESCUELA NAL. DE ESTUDIOS SUP. UNIDAD LEÓN,Escolarizado,https://www.dgae.unam.mx/Licenciatura2025/resultados/2/22106005.html,63,505,384,61,68,111813,28,,No seleccionado,,Consultar
2025,2,Licenciatura 2025,221,22106005,FISIOTERAPIA,ESCUELA NAL. DE ESTUDIOS SUP. UNIDAD LEÓN,Escolarizado,https://www.dgae.unam.mx/Licenciatura2025/resultados/2/22106005.html,63,505,384,61,68,112279,,N,No presentado,,Consultar
2025,2,Licenciatura 2025,221,22106005,FISIOTERAPIA,ESCUELA NAL. DE ESTUDIOS SUP. UNIDAD LEÓN,Escolarizado,https://www.dgae.unam.mx/Licenciatura2025/resultados/2/22106005.html,63,505,384,61,68,113565,46,,No seleccionado,,Consultar
2025,2,Licenciatura 2025,221,22106005,FISIOTERAPIA,ESCUELA NAL. DE ESTUDIOS SUP. UNIDAD LEÓN,Escolarizado,https://www.dgae.unam.mx/Licenciatura2025/resultados/2/22106005.html,63,505,384,61,68,114950,28,,No seleccionado,,Consultar
2025,2,Licenciatura 2025,221,22106005,FISIOTERAPIA,ESCUELA NAL. DE ESTUDIOS SUP. UNIDAD LEÓN,Escolarizado,https://www.dgae.unam.mx/Licenciatura2025/resultados/2/22106005.html,63,505,384,61,68,115726,,N,No presentado,,Consultar
2025,2,Licenciatura 2025,221,22106005,FISIOTERAPIA,ESCUELA NAL. DE ESTUDIOS SUP. UNIDAD LEÓN,Escolarizado,https://www.dgae.unam.mx/Licenciatura2025/resultados/2/22106005.html,63,505,384,61,68,116877,,N,No presentado,,Consultar
2025,2,Licenciatura 2025,221,22106005,FISIOTERAPIA,ESCUELA NAL. DE ESTUDIOS SUP. UNIDAD LEÓN,Escolarizado,https://www.dgae.unam.mx/Licenciatura2025/resultados/2/22106005.html,63,505,384,61,68,117076,53,,No seleccionado,,Consultar
2025,2,Licenciatura 2025,221,22106005,FISIOTERAPIA,ESCUELA NAL. DE ESTUDIOS SUP. UNIDAD LEÓN,Escolarizado,https://www.dgae.unam.mx/Licenciatura2025/resultados/2/22106005.html,63,505,384,61,68,117203,49,,No seleccionado,,Consultar
2025,2,Licenciatura 2025,221,22106005,FISIOTERAPIA,ESCUELA NAL. DE ESTUDIOS SUP. UNIDAD LEÓN,Escolarizado,https://www.dgae.unam.mx/Licenciatura2025/resultados/2/22106005.html,63,505,384,61,68,118673,45,,No seleccionado,,Consultar
2025,2,Licenciatura 2025,221,22106005,FISIOTERAPIA,ESCUELA NAL. DE ESTUDIOS SUP. UNIDAD LEÓN,Escolarizado,https://www.dgae.unam.mx/Licenciatura2025/resultados/2/22106005.html,63,505,384,61,68,118752,41,,No seleccionado,,Consultar
2025,2,Licenciatura 2025,221,22106005,FISIOTERAPIA,ESCUELA NAL. DE ESTUDIOS SUP. UNIDAD LEÓN,Escolarizado,https://www.dgae.unam.mx/Licenciatura2025/resultados/2/22106005.html,63,505,384,61,68,119192,,N,No presentado,,Consultar
2025,2,Licenciatura 2025,221,22106005,FISIOTERAPIA,ESCUELA NAL. DE ESTUDIOS SUP. UNIDAD LEÓN,Escolarizado,https://www.dgae.unam.mx/Licenciatura2025/resultados/2/22106005.html,63,505,384,61,68,119275,50,,No seleccionado,,Consultar
2025,2,Licenciatura 2025,221,22106005,FISIOTERAPIA,ESCUELA NAL. DE ESTUDIOS SUP. UNIDAD LEÓN,Escolarizado,https://www.dgae.unam.mx/Licenciatura2025/resultados/2/22106005.html,63,505,384,61,68,121840,43,,No seleccionado,,Consultar
2025,2,Licenciatura 2025,221,22106005,FISIOTERAPIA,ESCUELA NAL. DE ESTUDIOS SUP. UNIDAD LEÓN,Escolarizado,https://www.dgae.unam.mx/Licenciatura2025/resultados/2/22106005.html,63,505,384,61,68,124004,57,,No seleccionado,,Consultar
2025,2,Licenciatura 2025,221,22106005,FISIOTERAPIA,ESCUELA NAL. DE ESTUDIOS SUP. UNIDAD LEÓN,Escolarizado,https://www.dgae.unam.mx/Licenciatura2025/resultados/2/22106005.html,63,505,384,61,68,124345,30,,No seleccionado,,Consultar
2025,2,Licenciatura 2025,221,22106005,FISIOTERAPIA,ESCUELA NAL. DE ESTUDIOS SUP. UNIDAD LEÓN,Escolarizado,https://www.dgae.unam.mx/Licenciatura2025/resultados/2/22106005.html,63,505,384,61,68,124791,37,,No seleccionado,,Consultar
2025,2,Licenciatura 2025,221,22106005,FISIOTERAPIA,ESCUELA NAL. DE ESTUDIOS SUP. UNIDAD LEÓN,Escolarizado,https://www.dgae.unam.mx/Licenciatura2025/resultados/2/22106005.html,63,505,384,61,68,125453,83,S,Seleccionado,Cita para entregar documentación.,Consultar
2025,2,Licenciatura 2025,221,22106005,FISIOTERAPIA,ESCUELA NAL. DE ESTUDIOS SUP. UNIDAD LEÓN,Escolarizado,https://www.dgae.unam.mx/Licenciatura2025/resultados/2/22106005.html,63,505,384,61,68,126185,25,,No seleccionado,,Consultar
2025,2,Licenciatura 2025,221,22106005,FISIOTERAPIA,ESCUELA NAL. DE ESTUDIOS SUP. UNIDAD LEÓN,Escolarizado,https://www.dgae.unam.mx/Licenciatura2025/resultados/2/22106005.html,63,505,384,61,68,126525,36,,No seleccionado,,Consultar
2025,2,Licenciatura 2025,221,22106005,FISIOTERAPIA,ESCUELA NAL. DE ESTUDIOS SUP. UNIDAD LEÓN,Escolarizado,https://www.dgae.unam.mx/Licenciatura2025/resultados/2/22106005.html,63,505,384,61,68,127906,37,,No seleccionado,,Consultar
2025,2,Licenciatura 2025,221,22106005,FISIOTERAPIA,ESCUELA NAL. DE ESTUDIOS SUP. UNIDAD LEÓN,Escolarizado,https://www.dgae.unam.mx/Licenciatura2025/resultados/2/22106005.html,63,505,384,61,68,128676,44,,No seleccionado,,Consultar
2025,2,Licenciatura 2025,221,22106005,FISIOTERAPIA,ESCUELA NAL. DE ESTUDIOS SUP. UNIDAD LEÓN,Escolarizado,https://www.dgae.unam.mx/Licenciatura2025/resultados/2/22106005.html,63,505,384,61,68,128683,37,,No seleccionado,,Consultar
2025,2,Licenciatura 2025,221,22106005,FISIOTERAPIA,ESCUELA NAL. DE ESTUDIOS SUP. UNIDAD LEÓN,Escolarizado,https://www.dgae.unam.mx/Licenciatura2025/resultados/2/22106005.html,63,505,384,61,68,131194,51,,No seleccionado,,Consultar
2025,2,Licenciatura 2025,221,22106005,FISIOTERAPIA,ESCUELA NAL. DE ESTUDIOS SUP. UNIDAD LEÓN,Escolarizado,https://www.dgae.unam.mx/Licenciatura2025/resultados/2/22106005.html,63,505,384,61,68,134043,,N,No presentado,,Consultar
2025,2,Licenciatura 2025,221,22106005,FISIOTERAPIA,ESCUELA NAL. DE ESTUDIOS SUP. UNIDAD LEÓN,Escolarizado,https://www.dgae.unam.mx/Licenciatura2025/resultados/2/22106005.html,63,505,384,61,68,134073,31,,No seleccionado,,Consultar
2025,2,Licenciatura 2025,221,22106005,FISIOTERAPIA,ESCUELA NAL. DE ESTUDIOS SUP. UNIDAD LEÓN,Escolarizado,https://www.dgae.unam.mx/Licenciatura2025/resultados/2/22106005.html,63,505,384,61,68,134273,51,,No seleccionado,,Consultar
2025,2,Licenciatura 2025,221,22106005,FISIOTERAPIA,ESCUELA NAL. DE ESTUDIOS SUP. UNIDAD LEÓN,Escolarizado,https://www.dgae.unam.mx/Licenciatura2025/resultados/2/22106005.html,63,505,384,61,68,134645,33,,No seleccionado,,Consultar
2025,2,Licenciatura 2025,221,22106005,FISIOTERAPIA,ESCUELA NAL. DE ESTUDIOS SUP. UNIDAD LEÓN,Escolarizado,https://www.dgae.unam.mx/Licenciatura2025/resultados/2/22106005.html,63,505,384,61,68,135063,36,,No seleccionado,,Consultar
2025,2,Licenciatura 2025,221,22106005,FISIOTERAPIA,ESCUELA NAL. DE ESTUDIOS SUP. UNIDAD LEÓN,Escolarizado,https://www.dgae.unam.mx/Licenciatura2025/resultados/2/22106005.html,63,505,384,61,68,135511,56,,No seleccionado,,Consultar
2025,2,Licenciatura 2025,221,22106005,FISIOTERAPIA,ESCUELA NAL. DE ESTUDIOS SUP. UNIDAD LEÓN,Escolarizado,https://www.dgae.unam.mx/Licenciatura2025/resultados/2/22106005.html,63,505,384,61,68,135695,44,,No seleccionado,,Consultar
2025,2,Licenciatura 2025,221,22106005,FISIOTERAPIA,ESCUELA NAL. DE ESTUDIOS SUP. UNIDAD LEÓN,Escolarizado,https://www.dgae.unam.mx/Licenciatura2025/resultados/2/22106005.html,63,505,384,61,68,136145,50,,No seleccionado,,Consultar
2025,2,Licenciatura 2025,221,22106005,FISIOTERAPIA,ESCUELA NAL. DE ESTUDIOS SUP. UNIDAD LEÓN,Escolarizado,https://www.dgae.unam.mx/Licenciatura2025/resultados/2/22106005.html,63,505,384,61,68,136954,,N,No presentado,,Consultar
2025,2,Licenciatura 2025,221,22106005,FISIOTERAPIA,ESCUELA NAL. DE ESTUDIOS SUP. UNIDAD LEÓN,Escolarizado,https://www.dgae.unam.mx/Licenciatura2025/resultados/2/22106005.html,63,505,384,61,68,137039,,N,No presentado,,Consultar
2025,2,Licenciatura 2025,221,22106005,FISIOTERAPIA,ESCUELA NAL. DE ESTUDIOS SUP. UNIDAD LEÓN,Escolarizado,https://www.dgae.unam.mx/Licenciatura2025/resultados/2/22106005.html,63,505,384,61,68,137233,32,,No seleccionado,,Consultar
2025,2,Licenciatura 2025,221,22106005,FISIOTERAPIA,ESCUELA NAL. DE ESTUDIOS SUP. UNIDAD LEÓN,Escolarizado,https://www.dgae.unam.mx/Licenciatura2025/resultados/2/22106005.html,63,505,384,61,68,137278,25,,No seleccionado,,Consultar
2025,2,Licenciatura 2025,221,22106005,FISIOTERAPIA,ESCUELA NAL. DE ESTUDIOS SUP. UNIDAD LEÓN,Escolarizado,https://www.dgae.unam.mx/Licenciatura2025/resultados/2/22106005.html,63,505,384,61,68,137543,,N,No presentado,,Consultar
2025,2,Licenciatura 2025,221,22106005,FISIOTERAPIA,ESCUELA NAL. DE ESTUDIOS SUP. UNIDAD LEÓN,Escolarizado,https://www.dgae.unam.mx/Licenciatura2025/resultados/2/22106005.html,63,505,384,61,68,137771,,N,No presentado,,Consultar
2025,2,Licenciatura 2025,221,22106005,FISIOTERAPIA,ESCUELA NAL. DE ESTUDIOS SUP. UNIDAD LEÓN,Escolarizado,https://www.dgae.unam.mx/Licenciatura2025/resultados/2/22106005.html,63,505,384,61,68,137958,54,,No seleccionado,,Consultar
2025,2,Licenciatura 2025,221,22106005,FISIOTERAPIA,ESCUELA NAL. DE ESTUDIOS SUP. UNIDAD LEÓN,Escolarizado,https://www.dgae.unam.mx/Licenciatura2025/resultados/2/22106005.html,63,505,384,61,68,138215,,N,No presentado,,Consultar
2025,2,Licenciatura 2025,221,22106005,FISIOTERAPIA,ESCUELA NAL. DE ESTUDIOS SUP. UNIDAD LEÓN,Escolarizado,https://www.dgae.unam.mx/Licenciatura2025/resultados/2/22106005.html,63,505,384,61,68,138261,62,S,Seleccionado,Cita para entregar documentación.,Consultar
2025,2,Licenciatura 2025,221,22106005,FISIOTERAPIA,ESCUELA NAL. DE ESTUDIOS SUP. UNIDAD LEÓN,Escolarizado,https://www.dgae.unam.mx/Licenciatura2025/resultados/2/22106005.html,63,505,384,61,68,138837,61,S,Seleccionado,Cita para entregar documentación.,Consultar
2025,2,Licenciatura 2025,221,22106005,FISIOTERAPIA,ESCUELA NAL. DE ESTUDIOS SUP. UNIDAD LEÓN,Escolarizado,https://www.dgae.unam.mx/Licenciatura2025/resultados/2/22106005.html,63,505,384,61,68,138889,,N,No presentado,,Consultar
2025,2,Licenciatura 2025,221,22106005,FISIOTERAPIA,ESCUELA NAL. DE ESTUDIOS SUP. UNIDAD LEÓN,Escolarizado,https://www.dgae.unam.mx/Licenciatura2025/resultados/2/22106005.html,63,505,384,61,68,138940,,N,No presentado,,Consultar
2025,2,Licenciatura 2025,221,22106005,FISIOTERAPIA,ESCUELA NAL. DE ESTUDIOS SUP. UNIDAD LEÓN,Escolarizado,https://www.dgae.unam.mx/Licenciatura2025/resultados/2/22106005.html,63,505,384,61,68,139277,81,S,Seleccionado,Cita para entregar documentación.,Consultar
2025,2,Licenciatura 2025,221,22106005,FISIOTERAPIA,ESCUELA NAL. DE ESTUDIOS SUP. UNIDAD LEÓN,Escolarizado,https://www.dgae.unam.mx/Licenciatura2025/resultados/2/22106005.html,63,505,384,61,68,139383,30,,No seleccionado,,Consultar
2025,2,Licenciatura 2025,221,22106005,FISIOTERAPIA,ESCUELA NAL. DE ESTUDIOS SUP. UNIDAD LEÓN,Escolarizado,https://www.dgae.unam.mx/Licenciatura2025/resultados/2/22106005.html,63,505,384,61,68,139811,48,,No seleccionado,,Consultar
2025,2,Licenciatura 2025,221,22106005,FISIOTERAPIA,ESCUELA NAL. DE ESTUDIOS SUP. UNIDAD LEÓN,Escolarizado,https://www.dgae.unam.mx/Licenciatura2025/resultados/2/22106005.html,63,505,384,61,68,139867,,N,No presentado,,Consultar
2025,2,Licenciatura 2025,221,22106005,FISIOTERAPIA,ESCUELA NAL. DE ESTUDIOS SUP. UNIDAD LEÓN,Escolarizado,https://www.dgae.unam.mx/Licenciatura2025/resultados/2/22106005.html,63,505,384,61,68,140027,32,,No seleccionado,,Consultar
2025,2,Licenciatura 2025,221,22106005,FISIOTERAPIA,ESCUELA NAL. DE ESTUDIOS SUP. UNIDAD LEÓN,Escolarizado,https://www.dgae.unam.mx/Licenciatura2025/resultados/2/22106005.html,63,505,384,61,68,141318,,N,No presentado,,Consultar
2025,2,Licenciatura 2025,221,22106005,FISIOTERAPIA,ESCUELA NAL. DE ESTUDIOS SUP. UNIDAD LEÓN,Escolarizado,https://www.dgae.unam.mx/Licenciatura2025/resultados/2/22106005.html,63,505,384,61,68,142810,37,,No seleccionado,,Consultar
2025,2,Licenciatura 2025,221,22106005,FISIOTERAPIA,ESCUELA NAL. DE ESTUDIOS SUP. UNIDAD LEÓN,Escolarizado,https://www.dgae.unam.mx/Licenciatura2025/resultados/2/22106005.html,63,505,384,61,68,142831,36,,No seleccionado,,Consultar
2025,2,Licenciatura 2025,221,22106005,FISIOTERAPIA,ESCUELA NAL. DE ESTUDIOS SUP. UNIDAD LEÓN,Escolarizado,https://www.dgae.unam.mx/Licenciatura2025/resultados/2/22106005.html,63,505,384,61,68,143178,,N,No presentado,,Consultar
2025,2,Licenciatura 2025,221,22106005,FISIOTERAPIA,ESCUELA NAL. DE ESTUDIOS SUP. UNIDAD LEÓN,Escolarizado,https://www.dgae.unam.mx/Licenciatura2025/resultados/2/22106005.html,63,505,384,61,68,143235,,N,No presentado,,Consultar
2025,2,Licenciatura 2025,221,22106005,FISIOTERAPIA,ESCUELA NAL. DE ESTUDIOS SUP. UNIDAD LEÓN,Escolarizado,https://www.dgae.unam.mx/Licenciatura2025/resultados/2/22106005.html,63,505,384,61,68,143377,,N,No presentado,,Consultar
2025,2,Licenciatura 2025,221,22106005,FISIOTERAPIA,ESCUELA NAL. DE ESTUDIOS SUP. UNIDAD LEÓN,Escolarizado,https://www.dgae.unam.mx/Licenciatura2025/resultados/2/22106005.html,63,505,384,61,68,143519,,N,No presentado,,Consultar
2025,2,Licenciatura 2025,221,22106005,FISIOTERAPIA,ESCUELA NAL. DE ESTUDIOS SUP. UNIDAD LEÓN,Escolarizado,https://www.dgae.unam.mx/Licenciatura2025/resultados/2/22106005.html,63,505,384,61,68,143675,,N,No presentado,,Consultar
2025,2,Licenciatura 2025,221,22106005,FISIOTERAPIA,ESCUELA NAL. DE ESTUDIOS SUP. UNIDAD LEÓN,Escolarizado,https://www.dgae.unam.mx/Licenciatura2025/resultados/2/22106005.html,63,505,384,61,68,144051,,N,No presentado,,Consultar
2025,2,Licenciatura 2025,221,22106005,FISIOTERAPIA,ESCUELA NAL. DE ESTUDIOS SUP. UNIDAD LEÓN,Escolarizado,https://www.dgae.unam.mx/Licenciatura2025/resultados/2/22106005.html,63,505,384,61,68,144134,,N,No presentado,,Consultar
2025,2,Licenciatura 2025,221,22106005,FISIOTERAPIA,ESCUELA NAL. DE ESTUDIOS SUP. UNIDAD LEÓN,Escolarizado,https://www.dgae.unam.mx/Licenciatura2025/resultados/2/22106005.html,63,505,384,61,68,144406,112,S,Seleccionado,Cita para entregar documentación.,Consultar
2025,2,Licenciatura 2025,221,22106005,FISIOTERAPIA,ESCUELA NAL. DE ESTUDIOS SUP. UNIDAD LEÓN,Escolarizado,https://www.dgae.unam.mx/Licenciatura2025/resultados/2/22106005.html,63,505,384,61,68,144438,,N,No presentado,,Consultar
2025,2,Licenciatura 2025,221,22106005,FISIOTERAPIA,ESCUELA NAL. DE ESTUDIOS SUP. UNIDAD LEÓN,Escolarizado,https://www.dgae.unam.mx/Licenciatura2025/resultados/2/22106005.html,63,505,384,61,68,144608,39,,No seleccionado,,Consultar
2025,2,Licenciatura 2025,221,22106005,FISIOTERAPIA,ESCUELA NAL. DE ESTUDIOS SUP. UNIDAD LEÓN,Escolarizado,https://www.dgae.unam.mx/Licenciatura2025/resultados/2/22106005.html,63,505,384,61,68,144625,,N,No presentado,,Consultar
2025,2,Licenciatura 2025,221,22106005,FISIOTERAPIA,ESCUELA NAL. DE ESTUDIOS SUP. UNIDAD LEÓN,Escolarizado,https://www.dgae.unam.mx/Licenciatura2025/resultados/2/22106005.html,63,505,384,61,68,145014,,N,No presentado,,Consultar
2025,2,Licenciatura 2025,221,22106005,FISIOTERAPIA,ESCUELA NAL. DE ESTUDIOS SUP. UNIDAD LEÓN,Escolarizado,https://www.dgae.unam.mx/Licenciatura2025/resultados/2/22106005.html,63,505,384,61,68,145135,,N,No presentado,,Consultar
2025,2,Licenciatura 2025,221,22106005,FISIOTERAPIA,ESCUELA NAL. DE ESTUDIOS SUP. UNIDAD LEÓN,Escolarizado,https://www.dgae.unam.mx/Licenciatura2025/resultados/2/22106005.html,63,505,384,61,68,145203,39,,No seleccionado,,Consultar
2025,2,Licenciatura 2025,221,22106005,FISIOTERAPIA,ESCUELA NAL. DE ESTUDIOS SUP. UNIDAD LEÓN,Escolarizado,https://www.dgae.unam.mx/Licenciatura2025/resultados/2/22106005.html,63,505,384,61,68,145657,,N,No presentado,,Consultar
2025,2,Licenciatura 2025,221,22106005,FISIOTERAPIA,ESCUELA NAL. DE ESTUDIOS SUP. UNIDAD LEÓN,Escolarizado,https://www.dgae.unam.mx/Licenciatura2025/resultados/2/22106005.html,63,505,384,61,68,146014,47,,No seleccionado,,Consultar
2025,2,Licenciatura 2025,221,22106005,FISIOTERAPIA,ESCUELA NAL. DE ESTUDIOS SUP. UNIDAD LEÓN,Escolarizado,https://www.dgae.unam.mx/Licenciatura2025/resultados/2/22106005.html,63,505,384,61,68,146290,,N,No presentado,,Consultar
2025,2,Licenciatura 2025,221,22106005,FISIOTERAPIA,ESCUELA NAL. DE ESTUDIOS SUP. UNIDAD LEÓN,Escolarizado,https://www.dgae.unam.mx/Licenciatura2025/resultados/2/22106005.html,63,505,384,61,68,146657,45,,No seleccionado,,Consultar
2025,2,Licenciatura 2025,221,22106005,FISIOTERAPIA,ESCUELA NAL. DE ESTUDIOS SUP. UNIDAD LEÓN,Escolarizado,https://www.dgae.unam.mx/Licenciatura2025/resultados/2/22106005.html,63,505,384,61,68,146795,,N,No presentado,,Consultar
2025,2,Licenciatura 2025,221,22106005,FISIOTERAPIA,ESCUELA NAL. DE ESTUDIOS SUP. UNIDAD LEÓN,Escolarizado,https://www.dgae.unam.mx/Licenciatura2025/resultados/2/22106005.html,63,505,384,61,68,147135,,N,No presentado,,Consultar
2025,2,Licenciatura 2025,221,22106005,FISIOTERAPIA,ESCUELA NAL. DE ESTUDIOS SUP. UNIDAD LEÓN,Escolarizado,https://www.dgae.unam.mx/Licenciatura2025/resultados/2/22106005.html,63,505,384,61,68,147212,27,,No seleccionado,,Consultar
2025,2,Licenciatura 2025,221,22106005,FISIOTERAPIA,ESCUELA NAL. DE ESTUDIOS SUP. UNIDAD LEÓN,Escolarizado,https://www.dgae.unam.mx/Licenciatura2025/resultados/2/22106005.html,63,505,384,61,68,150340,46,,No seleccionado,,Consultar
2025,2,Licenciatura 2025,221,22106005,FISIOTERAPIA,ESCUELA NAL. DE ESTUDIOS SUP. UNIDAD LEÓN,Escolarizado,https://www.dgae.unam.mx/Licenciatura2025/resultados/2/22106005.html,63,505,384,61,68,150386,56,,No seleccionado,,Consultar
2025,2,Licenciatura 2025,221,22106005,FISIOTERAPIA,ESCUELA NAL. DE ESTUDIOS SUP. UNIDAD LEÓN,Escolarizado,https://www.dgae.unam.mx/Licenciatura2025/resultados/2/22106005.html,63,505,384,61,68,150389,,N,No presentado,,Consultar
2025,2,Licenciatura 2025,221,22106005,FISIOTERAPIA,ESCUELA NAL. DE ESTUDIOS SUP. UNIDAD LEÓN,Escolarizado,https://www.dgae.unam.mx/Licenciatura2025/resultados/2/22106005.html,63,505,384,61,68,150463,43,,No seleccionado,,Consultar
2025,2,Licenciatura 2025,221,22106005,FISIOTERAPIA,ESCUELA NAL. DE ESTUDIOS SUP. UNIDAD LEÓN,Escolarizado,https://www.dgae.unam.mx/Licenciatura2025/resultados/2/22106005.html,63,505,384,61,68,150630,65,S,Seleccionado,Cita para entregar documentación.,Consultar
2025,2,Licenciatura 2025,221,22106005,FISIOTERAPIA,ESCUELA NAL. DE ESTUDIOS SUP. UNIDAD LEÓN,Escolarizado,https://www.dgae.unam.mx/Licenciatura2025/resultados/2/22106005.html,63,505,384,61,68,150753,44,,No seleccionado,,Consultar
2025,2,Licenciatura 2025,221,22106005,FISIOTERAPIA,ESCUELA NAL. DE ESTUDIOS SUP. UNIDAD LEÓN,Escolarizado,https://www.dgae.unam.mx/Licenciatura2025/resultados/2/22106005.html,63,505,384,61,68,150758,,N,No presentado,,Consultar
2025,2,Licenciatura 2025,221,22106005,FISIOTERAPIA,ESCUELA NAL. DE ESTUDIOS SUP. UNIDAD LEÓN,Escolarizado,https://www.dgae.unam.mx/Licenciatura2025/resultados/2/22106005.html,63,505,384,61,68,150763,42,,No seleccionado,,Consultar
2025,2,Licenciatura 2025,221,22106005,FISIOTERAPIA,ESCUELA NAL. DE ESTUDIOS SUP. UNIDAD LEÓN,Escolarizado,https://www.dgae.unam.mx/Licenciatura2025/resultados/2/22106005.html,63,505,384,61,68,150764,42,,No seleccionado,,Consultar
2025,2,Licenciatura 2025,221,22106005,FISIOTERAPIA,ESCUELA NAL. DE ESTUDIOS SUP. UNIDAD LEÓN,Escolarizado,https://www.dgae.unam.mx/Licenciatura2025/resultados/2/22106005.html,63,505,384,61,68,150769,,N,No presentado,,Consultar
2025,2,Licenciatura 2025,221,22106005,FISIOTERAPIA,ESCUELA NAL. DE ESTUDIOS SUP. UNIDAD LEÓN,Escolarizado,https://www.dgae.unam.mx/Licenciatura2025/resultados/2/22106005.html,63,505,384,61,68,150773,30,,No seleccionado,,Consultar
2025,2,Licenciatura 2025,221,22106005,FISIOTERAPIA,ESCUELA NAL. DE ESTUDIOS SUP. UNIDAD LEÓN,Escolarizado,https://www.dgae.unam.mx/Licenciatura2025/resultados/2/22106005.html,63,505,384,61,68,150778,38,,No seleccionado,,Consultar
2025,2,Licenciatura 2025,221,22106005,FISIOTERAPIA,ESCUELA NAL. DE ESTUDIOS SUP. UNIDAD LEÓN,Escolarizado,https://www.dgae.unam.mx/Licenciatura2025/resultados/2/22106005.html,63,505,384,61,68,150782,38,,No seleccionado,,Consultar
2025,2,Licenciatura 2025,221,22106005,FISIOTERAPIA,ESCUELA NAL. DE ESTUDIOS SUP. UNIDAD LEÓN,Escolarizado,https://www.dgae.unam.mx/Licenciatura2025/resultados/2/22106005.html,63,505,384,61,68,150789,59,,No seleccionado,,Consultar
2025,2,Licenciatura 2025,221,22106005,FISIOTERAPIA,ESCUELA NAL. DE ESTUDIOS SUP. UNIDAD LEÓN,Escolarizado,https://www.dgae.unam.mx/Licenciatura2025/resultados/2/22106005.html,63,505,384,61,68,150794,37,,No seleccionado,,Consultar
2025,2,Licenciatura 2025,221,22106005,FISIOTERAPIA,ESCUELA NAL. DE ESTUDIOS SUP. UNIDAD LEÓN,Escolarizado,https://www.dgae.unam.mx/Licenciatura2025/resultados/2/22106005.html,63,505,384,61,68,150797,76,S,Seleccionado,Cita para entregar documentación.,Consultar
2025,2,Licenciatura 2025,221,22106005,FISIOTERAPIA,ESCUELA NAL. DE ESTUDIOS SUP. UNIDAD LEÓN,Escolarizado,https://www.dgae.unam.mx/Licenciatura2025/resultados/2/22106005.html,63,505,384,61,68,150809,41,,No seleccionado,,Consultar
2025,2,Licenciatura 2025,221,22106005,FISIOTERAPIA,ESCUELA NAL. DE ESTUDIOS SUP. UNIDAD LEÓN,Escolarizado,https://www.dgae.unam.mx/Licenciatura2025/resultados/2/22106005.html,63,505,384,61,68,150814,,N,No presentado,,Consultar
2025,2,Licenciatura 2025,221,22106005,FISIOTERAPIA,ESCUELA NAL. DE ESTUDIOS SUP. UNIDAD LEÓN,Escolarizado,https://www.dgae.unam.mx/Licenciatura2025/resultados/2/22106005.html,63,505,384,61,68,150818,54,,No seleccionado,,Consultar
2025,2,Licenciatura 2025,221,22106005,FISIOTERAPIA,ESCUELA NAL. DE ESTUDIOS SUP. UNIDAD LEÓN,Escolarizado,https://www.dgae.unam.mx/Licenciatura2025/resultados/2/22106005.html,63,505,384,61,68,150821,,N,No presentado,,Consultar
2025,2,Licenciatura 2025,221,22106005,FISIOTERAPIA,ESCUELA NAL. DE ESTUDIOS SUP. UNIDAD LEÓN,Escolarizado,https://www.dgae.unam.mx/Licenciatura2025/resultados/2/22106005.html,63,505,384,61,68,150824,36,,No seleccionado,,Consultar
2025,2,Licenciatura 2025,221,22106005,FISIOTERAPIA,ESCUELA NAL. DE ESTUDIOS SUP. UNIDAD LEÓN,Escolarizado,https://www.dgae.unam.mx/Licenciatura2025/resultados/2/22106005.html,63,505,384,61,68,150828,43,,No seleccionado,,Consultar
2025,2,Licenciatura 2025,221,22106005,FISIOTERAPIA,ESCUELA NAL. DE ESTUDIOS SUP. UNIDAD LEÓN,Escolarizado,https://www.dgae.unam.mx/Licenciatura2025/resultados/2/22106005.html,63,505,384,61,68,150844,75,S,Seleccionado,Cita para entregar documentación.,Consultar
2025,2,Licenciatura 2025,221,22106005,FISIOTERAPIA,ESCUELA NAL. DE ESTUDIOS SUP. UNIDAD LEÓN,Escolarizado,https://www.dgae.unam.mx/Licenciatura2025/resultados/2/22106005.html,63,505,384,61,68,150848,43,,No seleccionado,,Consultar
2025,2,Licenciatura 2025,221,22106005,FISIOTERAPIA,ESCUELA NAL. DE ESTUDIOS SUP. UNIDAD LEÓN,Escolarizado,https://www.dgae.unam.mx/Licenciatura2025/resultados/2/22106005.html,63,505,384,61,68,150850,35,,No seleccionado,,Consultar
2025,2,Licenciatura 2025,221,22106005,FISIOTERAPIA,ESCUELA NAL. DE ESTUDIOS SUP. UNIDAD LEÓN,Escolarizado,https://www.dgae.unam.mx/Licenciatura2025/resultados/2/22106005.html,63,505,384,61,68,150859,,N,No presentado,,Consultar
2025,2,Licenciatura 2025,221,22106005,FISIOTERAPIA,ESCUELA NAL. DE ESTUDIOS SUP. UNIDAD LEÓN,Escolarizado,https://www.dgae.unam.mx/Licenciatura2025/resultados/2/22106005.html,63,505,384,61,68,150865,40,,No seleccionado,,Consultar
2025,2,Licenciatura 2025,221,22106005,FISIOTERAPIA,ESCUELA NAL. DE ESTUDIOS SUP. UNIDAD LEÓN,Escolarizado,https://www.dgae.unam.mx/Licenciatura2025/resultados/2/22106005.html,63,505,384,61,68,150875,65,S,Seleccionado,Cita para entregar documentación.,Consultar
2025,2,Licenciatura 2025,221,22106005,FISIOTERAPIA,ESCUELA NAL. DE ESTUDIOS SUP. UNIDAD LEÓN,Escolarizado,https://www.dgae.unam.mx/Licenciatura2025/resultados/2/22106005.html,63,505,384,61,68,150888,65,S,Seleccionado,Cita para entregar documentación.,Consultar
2025,2,Licenciatura 2025,221,22106005,FISIOTERAPIA,ESCUELA NAL. DE ESTUDIOS SUP. UNIDAD LEÓN,Escolarizado,https://www.dgae.unam.mx/Licenciatura2025/resultados/2/22106005.html,63,505,384,61,68,150894,,N,No presentado,,Consultar
2025,2,Licenciatura 2025,221,22106005,FISIOTERAPIA,ESCUELA NAL. DE ESTUDIOS SUP. UNIDAD LEÓN,Escolarizado,https://www.dgae.unam.mx/Licenciatura2025/resultados/2/22106005.html,63,505,384,61,68,150901,103,S,Seleccionado,Cita para entregar documentación.,Consultar
2025,2,Licenciatura 2025,221,22106005,FISIOTERAPIA,ESCUELA NAL. DE ESTUDIOS SUP. UNIDAD LEÓN,Escolarizado,https://www.dgae.unam.mx/Licenciatura2025/resultados/2/22106005.html,63,505,384,61,68,150903,38,,No seleccionado,,Consultar
2025,2,Licenciatura 2025,221,22106005,FISIOTERAPIA,ESCUELA NAL. DE ESTUDIOS SUP. UNIDAD LEÓN,Escolarizado,https://www.dgae.unam.mx/Licenciatura2025/resultados/2/22106005.html,63,505,384,61,68,150907,55,,No seleccionado,,Consultar
2025,2,Licenciatura 2025,221,22106005,FISIOTERAPIA,ESCUELA NAL. DE ESTUDIOS SUP. UNIDAD LEÓN,Escolarizado,https://www.dgae.unam.mx/Licenciatura2025/resultados/2/22106005.html,63,505,384,61,68,150911,27,,No seleccionado,,Consultar
2025,2,Licenciatura 2025,221,22106005,FISIOTERAPIA,ESCUELA NAL. DE ESTUDIOS SUP. UNIDAD LEÓN,Escolarizado,https://www.dgae.unam.mx/Licenciatura2025/resultados/2/22106005.html,63,505,384,61,68,150912,,N,No presentado,,Consultar
2025,2,Licenciatura 2025,221,22106005,FISIOTERAPIA,ESCUELA NAL. DE ESTUDIOS SUP. UNIDAD LEÓN,Escolarizado,https://www.dgae.unam.mx/Licenciatura2025/resultados/2/22106005.html,63,505,384,61,68,150913,52,,No seleccionado,,Consultar
2025,2,Licenciatura 2025,221,22106005,FISIOTERAPIA,ESCUELA NAL. DE ESTUDIOS SUP. UNIDAD LEÓN,Escolarizado,https://www.dgae.unam.mx/Licenciatura2025/resultados/2/22106005.html,63,505,384,61,68,150916,51,,No seleccionado,,Consultar
2025,2,Licenciatura 2025,221,22106005,FISIOTERAPIA,ESCUELA NAL. DE ESTUDIOS SUP. UNIDAD LEÓN,Escolarizado,https://www.dgae.unam.mx/Licenciatura2025/resultados/2/22106005.html,63,505,384,61,68,150918,58,,No seleccionado,,Consultar
2025,2,Licenciatura 2025,221,22106005,FISIOTERAPIA,ESCUELA NAL. DE ESTUDIOS SUP. UNIDAD LEÓN,Escolarizado,https://www.dgae.unam.mx/Licenciatura2025/resultados/2/22106005.html,63,505,384,61,68,150919,,N,No presentado,,Consultar
2025,2,Licenciatura 2025,221,22106005,FISIOTERAPIA,ESCUELA NAL. DE ESTUDIOS SUP. UNIDAD LEÓN,Escolarizado,https://www.dgae.unam.mx/Licenciatura2025/resultados/2/22106005.html,63,505,384,61,68,150924,44,,No seleccionado,,Consultar
2025,2,Licenciatura 2025,221,22106005,FISIOTERAPIA,ESCUELA NAL. DE ESTUDIOS SUP. UNIDAD LEÓN,Escolarizado,https://www.dgae.unam.mx/Licenciatura2025/resultados/2/22106005.html,63,505,384,61,68,150928,34,,No seleccionado,,Consultar
2025,2,Licenciatura 2025,221,22106005,FISIOTERAPIA,ESCUELA NAL. DE ESTUDIOS SUP. UNIDAD LEÓN,Escolarizado,https://www.dgae.unam.mx/Licenciatura2025/resultados/2/22106005.html,63,505,384,61,68,150933,33,,No seleccionado,,Consultar
2025,2,Licenciatura 2025,221,22106005,FISIOTERAPIA,ESCUELA NAL. DE ESTUDIOS SUP. UNIDAD LEÓN,Escolarizado,https://www.dgae.unam.mx/Licenciatura2025/resultados/2/22106005.html,63,505,384,61,68,150942,45,,No seleccionado,,Consultar
2025,2,Licenciatura 2025,221,22106005,FISIOTERAPIA,ESCUELA NAL. DE ESTUDIOS SUP. UNIDAD LEÓN,Escolarizado,https://www.dgae.unam.mx/Licenciatura2025/resultados/2/22106005.html,63,505,384,61,68,150955,41,,No seleccionado,,Consultar
2025,2,Licenciatura 2025,221,22106005,FISIOTERAPIA,ESCUELA NAL. DE ESTUDIOS SUP. UNIDAD LEÓN,Escolarizado,https://www.dgae.unam.mx/Licenciatura2025/resultados/2/22106005.html,63,505,384,61,68,150963,54,,No seleccionado,,Consultar
2025,2,Licenciatura 2025,221,22106005,FISIOTERAPIA,ESCUELA NAL. DE ESTUDIOS SUP. UNIDAD LEÓN,Escolarizado,https://www.dgae.unam.mx/Licenciatura2025/resultados/2/22106005.html,63,505,384,61,68,150969,70,S,Seleccionado,Cita para entregar documentación.,Consultar
2025,2,Licenciatura 2025,221,22106005,FISIOTERAPIA,ESCUELA NAL. DE ESTUDIOS SUP. UNIDAD LEÓN,Escolarizado,https://www.dgae.unam.mx/Licenciatura2025/resultados/2/22106005.html,63,505,384,61,68,150975,50,,No seleccionado,,Consultar
2025,2,Licenciatura 2025,221,22106005,FISIOTERAPIA,ESCUELA NAL. DE ESTUDIOS SUP. UNIDAD LEÓN,Escolarizado,https://www.dgae.unam.mx/Licenciatura2025/resultados/2/22106005.html,63,505,384,61,68,150982,52,,No seleccionado,,Consultar
2025,2,Licenciatura 2025,221,22106005,FISIOTERAPIA,ESCUELA NAL. DE ESTUDIOS SUP. UNIDAD LEÓN,Escolarizado,https://www.dgae.unam.mx/Licenciatura2025/resultados/2/22106005.html,63,505,384,61,68,150986,56,,No seleccionado,,Consultar
2025,2,Licenciatura 2025,221,22106005,FISIOTERAPIA,ESCUELA NAL. DE ESTUDIOS SUP. UNIDAD LEÓN,Escolarizado,https://www.dgae.unam.mx/Licenciatura2025/resultados/2/22106005.html,63,505,384,61,68,150989,,N,No presentado,,Consultar
2025,2,Licenciatura 2025,221,22106005,FISIOTERAPIA,ESCUELA NAL. DE ESTUDIOS SUP. UNIDAD LEÓN,Escolarizado,https://www.dgae.unam.mx/Licenciatura2025/resultados/2/22106005.html,63,505,384,61,68,150997,36,,No seleccionado,,Consultar
2025,2,Licenciatura 2025,221,22106005,FISIOTERAPIA,ESCUELA NAL. DE ESTUDIOS SUP. UNIDAD LEÓN,Escolarizado,https://www.dgae.unam.mx/Licenciatura2025/resultados/2/22106005.html,63,505,384,61,68,151004,42,,No seleccionado,,Consultar
2025,2,Licenciatura 2025,221,22106005,FISIOTERAPIA,ESCUELA NAL. DE ESTUDIOS SUP. UNIDAD LEÓN,Escolarizado,https://www.dgae.unam.mx/Licenciatura2025/resultados/2/22106005.html,63,505,384,61,68,151009,53,,No seleccionado,,Consultar
2025,2,Licenciatura 2025,221,22106005,FISIOTERAPIA,ESCUELA NAL. DE ESTUDIOS SUP. UNIDAD LEÓN,Escolarizado,https://www.dgae.unam.mx/Licenciatura2025/resultados/2/22106005.html,63,505,384,61,68,151010,,N,No presentado,,Consultar
2025,2,Licenciatura 2025,221,22106005,FISIOTERAPIA,ESCUELA NAL. DE ESTUDIOS SUP. UNIDAD LEÓN,Escolarizado,https://www.dgae.unam.mx/Licenciatura2025/resultados/2/22106005.html,63,505,384,61,68,151012,,N,No presentado,,Consultar
2025,2,Licenciatura 2025,221,22106005,FISIOTERAPIA,ESCUELA NAL. DE ESTUDIOS SUP. UNIDAD LEÓN,Escolarizado,https://www.dgae.unam.mx/Licenciatura2025/resultados/2/22106005.html,63,505,384,61,68,151020,40,,No seleccionado,,Consultar
2025,2,Licenciatura 2025,221,22106005,FISIOTERAPIA,ESCUELA NAL. DE ESTUDIOS SUP. UNIDAD LEÓN,Escolarizado,https://www.dgae.unam.mx/Licenciatura2025/resultados/2/22106005.html,63,505,384,61,68,151022,,N,No presentado,,Consultar
2025,2,Licenciatura 2025,221,22106005,FISIOTERAPIA,ESCUELA NAL. DE ESTUDIOS SUP. UNIDAD LEÓN,Escolarizado,https://www.dgae.unam.mx/Licenciatura2025/resultados/2/22106005.html,63,505,384,61,68,151032,38,,No seleccionado,,Consultar
2025,2,Licenciatura 2025,221,22106005,FISIOTERAPIA,ESCUELA NAL. DE ESTUDIOS SUP. UNIDAD LEÓN,Escolarizado,https://www.dgae.unam.mx/Licenciatura2025/resultados/2/22106005.html,63,505,384,61,68,151038,33,,No seleccionado,,Consultar
2025,2,Licenciatura 2025,221,22106005,FISIOTERAPIA,ESCUELA NAL. DE ESTUDIOS SUP. UNIDAD LEÓN,Escolarizado,https://www.dgae.unam.mx/Licenciatura2025/resultados/2/22106005.html,63,505,384,61,68,151042,31,,No seleccionado,,Consultar
2025,2,Licenciatura 2025,221,22106005,FISIOTERAPIA,ESCUELA NAL. DE ESTUDIOS SUP. UNIDAD LEÓN,Escolarizado,https://www.dgae.unam.mx/Licenciatura2025/resultados/2/22106005.html,63,505,384,61,68,151044,,N,No presentado,,Consultar
2025,2,Licenciatura 2025,221,22106005,FISIOTERAPIA,ESCUELA NAL. DE ESTUDIOS SUP. UNIDAD LEÓN,Escolarizado,https://www.dgae.unam.mx/Licenciatura2025/resultados/2/22106005.html,63,505,384,61,68,151049,48,,No seleccionado,,Consultar
2025,2,Licenciatura 2025,221,22106005,FISIOTERAPIA,ESCUELA NAL. DE ESTUDIOS SUP. UNIDAD LEÓN,Escolarizado,https://www.dgae.unam.mx/Licenciatura2025/resultados/2/22106005.html,63,505,384,61,68,151051,,N,No presentado,,Consultar
2025,2,Licenciatura 2025,221,22106005,FISIOTERAPIA,ESCUELA NAL. DE ESTUDIOS SUP. UNIDAD LEÓN,Escolarizado,https://www.dgae.unam.mx/Licenciatura2025/resultados/2/22106005.html,63,505,384,61,68,151056,50,,No seleccionado,,Consultar
2025,2,Licenciatura 2025,221,22106005,FISIOTERAPIA,ESCUELA NAL. DE ESTUDIOS SUP. UNIDAD LEÓN,Escolarizado,https://www.dgae.unam.mx/Licenciatura2025/resultados/2/22106005.html,63,505,384,61,68,151063,56,,No seleccionado,,Consultar
2025,2,Licenciatura 2025,221,22106005,FISIOTERAPIA,ESCUELA NAL. DE ESTUDIOS SUP. UNIDAD LEÓN,Escolarizado,https://www.dgae.unam.mx/Licenciatura2025/resultados/2/22106005.html,63,505,384,61,68,151065,29,,No seleccionado,,Consultar
2025,2,Licenciatura 2025,221,22106005,FISIOTERAPIA,ESCUELA NAL. DE ESTUDIOS SUP. UNIDAD LEÓN,Escolarizado,https://www.dgae.unam.mx/Licenciatura2025/resultados/2/22106005.html,63,505,384,61,68,151066,,N,No presentado,,Consultar
2025,2,Licenciatura 2025,221,22106005,FISIOTERAPIA,ESCUELA NAL. DE ESTUDIOS SUP. UNIDAD LEÓN,Escolarizado,https://www.dgae.unam.mx/Licenciatura2025/resultados/2/22106005.html,63,505,384,61,68,151067,49,,No seleccionado,,Consultar
2025,2,Licenciatura 2025,221,22106005,FISIOTERAPIA,ESCUELA NAL. DE ESTUDIOS SUP. UNIDAD LEÓN,Escolarizado,https://www.dgae.unam.mx/Licenciatura2025/resultados/2/22106005.html,63,505,384,61,68,151070,,N,No presentado,,Consultar
2025,2,Licenciatura 2025,221,22106005,FISIOTERAPIA,ESCUELA NAL. DE ESTUDIOS SUP. UNIDAD LEÓN,Escolarizado,https://www.dgae.unam.mx/Licenciatura2025/resultados/2/22106005.html,63,505,384,61,68,151083,,N,No presentado,,Consultar
2025,2,Licenciatura 2025,221,22106005,FISIOTERAPIA,ESCUELA NAL. DE ESTUDIOS SUP. UNIDAD LEÓN,Escolarizado,https://www.dgae.unam.mx/Licenciatura2025/resultados/2/22106005.html,63,505,384,61,68,151096,,N,No presentado,,Consultar
2025,2,Licenciatura 2025,221,22106005,FISIOTERAPIA,ESCUELA NAL. DE ESTUDIOS SUP. UNIDAD LEÓN,Escolarizado,https://www.dgae.unam.mx/Licenciatura2025/resultados/2/22106005.html,63,505,384,61,68,151100,,N,No presentado,,Consultar
2025,2,Licenciatura 2025,221,22106005,FISIOTERAPIA,ESCUELA NAL. DE ESTUDIOS SUP. UNIDAD LEÓN,Escolarizado,https://www.dgae.unam.mx/Licenciatura2025/resultados/2/22106005.html,63,505,384,61,68,151102,71,S,Seleccionado,Cita para entregar documentación.,Consultar
2025,2,Licenciatura 2025,221,22106005,FISIOTERAPIA,ESCUELA NAL. DE ESTUDIOS SUP. UNIDAD LEÓN,Escolarizado,https://www.dgae.unam.mx/Licenciatura2025/resultados/2/22106005.html,63,505,384,61,68,151104,34,,No seleccionado,,Consultar
2025,2,Licenciatura 2025,221,22106005,FISIOTERAPIA,ESCUELA NAL. DE ESTUDIOS SUP. UNIDAD LEÓN,Escolarizado,https://www.dgae.unam.mx/Licenciatura2025/resultados/2/22106005.html,63,505,384,61,68,151123,59,,No seleccionado,,Consultar
2025,2,Licenciatura 2025,221,22106005,FISIOTERAPIA,ESCUELA NAL. DE ESTUDIOS SUP. UNIDAD LEÓN,Escolarizado,https://www.dgae.unam.mx/Licenciatura2025/resultados/2/22106005.html,63,505,384,61,68,151124,47,,No seleccionado,,Consultar
2025,2,Licenciatura 2025,221,22106005,FISIOTERAPIA,ESCUELA NAL. DE ESTUDIOS SUP. UNIDAD LEÓN,Escolarizado,https://www.dgae.unam.mx/Licenciatura2025/resultados/2/22106005.html,63,505,384,61,68,151128,63,S,Seleccionado,Cita para entregar documentación.,Consultar
2025,2,Licenciatura 2025,221,22106005,FISIOTERAPIA,ESCUELA NAL. DE ESTUDIOS SUP. UNIDAD LEÓN,Escolarizado,https://www.dgae.unam.mx/Licenciatura2025/resultados/2/22106005.html,63,505,384,61,68,151132,53,,No seleccionado,,Consultar
2025,2,Licenciatura 2025,221,22106005,FISIOTERAPIA,ESCUELA NAL. DE ESTUDIOS SUP. UNIDAD LEÓN,Escolarizado,https://www.dgae.unam.mx/Licenciatura2025/resultados/2/22106005.html,63,505,384,61,68,151139,,N,No presentado,,Consultar
2025,2,Licenciatura 2025,221,22106005,FISIOTERAPIA,ESCUELA NAL. DE ESTUDIOS SUP. UNIDAD LEÓN,Escolarizado,https://www.dgae.unam.mx/Licenciatura2025/resultados/2/22106005.html,63,505,384,61,68,151149,50,,No seleccionado,,Consultar
2025,2,Licenciatura 2025,221,22106005,FISIOTERAPIA,ESCUELA NAL. DE ESTUDIOS SUP. UNIDAD LEÓN,Escolarizado,https://www.dgae.unam.mx/Licenciatura2025/resultados/2/22106005.html,63,505,384,61,68,151151,52,,No seleccionado,,Consultar
2025,2,Licenciatura 2025,221,22106005,FISIOTERAPIA,ESCUELA NAL. DE ESTUDIOS SUP. UNIDAD LEÓN,Escolarizado,https://www.dgae.unam.mx/Licenciatura2025/resultados/2/22106005.html,63,505,384,61,68,151153,,N,No presentado,,Consultar
2025,2,Licenciatura 2025,221,22106005,FISIOTERAPIA,ESCUELA NAL. DE ESTUDIOS SUP. UNIDAD LEÓN,Escolarizado,https://www.dgae.unam.mx/Licenciatura2025/resultados/2/22106005.html,63,505,384,61,68,151154,56,,No seleccionado,,Consultar
2025,2,Licenciatura 2025,221,22106005,FISIOTERAPIA,ESCUELA NAL. DE ESTUDIOS SUP. UNIDAD LEÓN,Escolarizado,https://www.dgae.unam.mx/Licenciatura2025/resultados/2/22106005.html,63,505,384,61,68,151171,,N,No presentado,,Consultar
2025,2,Licenciatura 2025,221,22106005,FISIOTERAPIA,ESCUELA NAL. DE ESTUDIOS SUP. UNIDAD LEÓN,Escolarizado,https://www.dgae.unam.mx/Licenciatura2025/resultados/2/22106005.html,63,505,384,61,68,151175,47,,No seleccionado,,Consultar
2025,2,Licenciatura 2025,221,22106005,FISIOTERAPIA,ESCUELA NAL. DE ESTUDIOS SUP. UNIDAD LEÓN,Escolarizado,https://www.dgae.unam.mx/Licenciatura2025/resultados/2/22106005.html,63,505,384,61,68,151176,47,,No seleccionado,,Consultar
2025,2,Licenciatura 2025,221,22106005,FISIOTERAPIA,ESCUELA NAL. DE ESTUDIOS SUP. UNIDAD LEÓN,Escolarizado,https://www.dgae.unam.mx/Licenciatura2025/resultados/2/22106005.html,63,505,384,61,68,151180,30,,No seleccionado,,Consultar
2025,2,Licenciatura 2025,221,22106005,FISIOTERAPIA,ESCUELA NAL. DE ESTUDIOS SUP. UNIDAD LEÓN,Escolarizado,https://www.dgae.unam.mx/Licenciatura2025/resultados/2/22106005.html,63,505,384,61,68,151182,43,,No seleccionado,,Consultar
2025,2,Licenciatura 2025,221,22106005,FISIOTERAPIA,ESCUELA NAL. DE ESTUDIOS SUP. UNIDAD LEÓN,Escolarizado,https://www.dgae.unam.mx/Licenciatura2025/resultados/2/22106005.html,63,505,384,61,68,151183,75,S,Seleccionado,Cita para entregar documentación.,Consultar
2025,2,Licenciatura 2025,221,22106005,FISIOTERAPIA,ESCUELA NAL. DE ESTUDIOS SUP. UNIDAD LEÓN,Escolarizado,https://www.dgae.unam.mx/Licenciatura2025/resultados/2/22106005.html,63,505,384,61,68,151184,45,,No seleccionado,,Consultar
2025,2,Licenciatura 2025,221,22106005,FISIOTERAPIA,ESCUELA NAL. DE ESTUDIOS SUP. UNIDAD LEÓN,Escolarizado,https://www.dgae.unam.mx/Licenciatura2025/resultados/2/22106005.html,63,505,384,61,68,151185,,,No seleccionado,Cita para aclarar situación escolar.,Consultar
2025,2,Licenciatura 2025,221,22106005,FISIOTERAPIA,ESCUELA NAL. DE ESTUDIOS SUP. UNIDAD LEÓN,Escolarizado,https://www.dgae.unam.mx/Licenciatura2025/resultados/2/22106005.html,63,505,384,61,68,151187,,N,No presentado,,Consultar
2025,2,Licenciatura 2025,221,22106005,FISIOTERAPIA,ESCUELA NAL. DE ESTUDIOS SUP. UNIDAD LEÓN,Escolarizado,https://www.dgae.unam.mx/Licenciatura2025/resultados/2/22106005.html,63,505,384,61,68,151189,,N,No presentado,,Consultar
2025,2,Licenciatura 2025,221,22106005,FISIOTERAPIA,ESCUELA NAL. DE ESTUDIOS SUP. UNIDAD LEÓN,Escolarizado,https://www.dgae.unam.mx/Licenciatura2025/resultados/2/22106005.html,63,505,384,61,68,151194,33,,No seleccionado,,Consultar
2025,2,Licenciatura 2025,221,22106005,FISIOTERAPIA,ESCUELA NAL. DE ESTUDIOS SUP. UNIDAD LEÓN,Escolarizado,https://www.dgae.unam.mx/Licenciatura2025/resultados/2/22106005.html,63,505,384,61,68,151195,,N,No presentado,,Consultar
2025,2,Licenciatura 2025,221,22106005,FISIOTERAPIA,ESCUELA NAL. DE ESTUDIOS SUP. UNIDAD LEÓN,Escolarizado,https://www.dgae.unam.mx/Licenciatura2025/resultados/2/22106005.html,63,505,384,61,68,151197,28,,No seleccionado,,Consultar
2025,2,Licenciatura 2025,221,22106005,FISIOTERAPIA,ESCUELA NAL. DE ESTUDIOS SUP. UNIDAD LEÓN,Escolarizado,https://www.dgae.unam.mx/Licenciatura2025/resultados/2/22106005.html,63,505,384,61,68,151199,,N,No presentado,,Consultar
2025,2,Licenciatura 2025,221,22106005,FISIOTERAPIA,ESCUELA NAL. DE ESTUDIOS SUP. UNIDAD LEÓN,Escolarizado,https://www.dgae.unam.mx/Licenciatura2025/resultados/2/22106005.html,63,505,384,61,68,151206,27,,No seleccionado,,Consultar
2025,2,Licenciatura 2025,221,22106005,FISIOTERAPIA,ESCUELA NAL. DE ESTUDIOS SUP. UNIDAD LEÓN,Escolarizado,https://www.dgae.unam.mx/Licenciatura2025/resultados/2/22106005.html,63,505,384,61,68,151207,53,,No seleccionado,,Consultar
2025,2,Licenciatura 2025,221,22106005,FISIOTERAPIA,ESCUELA NAL. DE ESTUDIOS SUP. UNIDAD LEÓN,Escolarizado,https://www.dgae.unam.mx/Licenciatura2025/resultados/2/22106005.html,63,505,384,61,68,151210,75,S,Seleccionado,Cita para entregar documentación.,Consultar
2025,2,Licenciatura 2025,221,22106005,FISIOTERAPIA,ESCUELA NAL. DE ESTUDIOS SUP. UNIDAD LEÓN,Escolarizado,https://www.dgae.unam.mx/Licenciatura2025/resultados/2/22106005.html,63,505,384,61,68,151211,,N,No presentado,,Consultar
2025,2,Licenciatura 2025,221,22106005,FISIOTERAPIA,ESCUELA NAL. DE ESTUDIOS SUP. UNIDAD LEÓN,Escolarizado,https://www.dgae.unam.mx/Licenciatura2025/resultados/2/22106005.html,63,505,384,61,68,151216,56,,No seleccionado,,Consultar
2025,2,Licenciatura 2025,221,22106005,FISIOTERAPIA,ESCUELA NAL. DE ESTUDIOS SUP. UNIDAD LEÓN,Escolarizado,https://www.dgae.unam.mx/Licenciatura2025/resultados/2/22106005.html,63,505,384,61,68,151233,,N,No presentado,,Consultar
2025,2,Licenciatura 2025,221,22106005,FISIOTERAPIA,ESCUELA NAL. DE ESTUDIOS SUP. UNIDAD LEÓN,Escolarizado,https://www.dgae.unam.mx/Licenciatura2025/resultados/2/22106005.html,63,505,384,61,68,151240,30,,No seleccionado,,Consultar
2025,2,Licenciatura 2025,221,22106005,FISIOTERAPIA,ESCUELA NAL. DE ESTUDIOS SUP. UNIDAD LEÓN,Escolarizado,https://www.dgae.unam.mx/Licenciatura2025/resultados/2/22106005.html,63,505,384,61,68,151242,66,S,Seleccionado,Cita para entregar documentación.,Consultar
2025,2,Licenciatura 2025,221,22106005,FISIOTERAPIA,ESCUELA NAL. DE ESTUDIOS SUP. UNIDAD LEÓN,Escolarizado,https://www.dgae.unam.mx/Licenciatura2025/resultados/2/22106005.html,63,505,384,61,68,151255,28,,No seleccionado,,Consultar
2025,2,Licenciatura 2025,221,22106005,FISIOTERAPIA,ESCUELA NAL. DE ESTUDIOS SUP. UNIDAD LEÓN,Escolarizado,https://www.dgae.unam.mx/Licenciatura2025/resultados/2/22106005.html,63,505,384,61,68,151256,28,,No seleccionado,,Consultar
2025,2,Licenciatura 2025,221,22106005,FISIOTERAPIA,ESCUELA NAL. DE ESTUDIOS SUP. UNIDAD LEÓN,Escolarizado,https://www.dgae.unam.mx/Licenciatura2025/resultados/2/22106005.html,63,505,384,61,68,151260,35,,No seleccionado,,Consultar
2025,2,Licenciatura 2025,221,22106005,FISIOTERAPIA,ESCUELA NAL. DE ESTUDIOS SUP. UNIDAD LEÓN,Escolarizado,https://www.dgae.unam.mx/Licenciatura2025/resultados/2/22106005.html,63,505,384,61,68,151266,,N,No presentado,,Consultar
2025,2,Licenciatura 2025,221,22106005,FISIOTERAPIA,ESCUELA NAL. DE ESTUDIOS SUP. UNIDAD LEÓN,Escolarizado,https://www.dgae.unam.mx/Licenciatura2025/resultados/2/22106005.html,63,505,384,61,68,151273,43,,No seleccionado,,Consultar
2025,2,Licenciatura 2025,221,22106005,FISIOTERAPIA,ESCUELA NAL. DE ESTUDIOS SUP. UNIDAD LEÓN,Escolarizado,https://www.dgae.unam.mx/Licenciatura2025/resultados/2/22106005.html,63,505,384,61,68,151274,26,,No seleccionado,,Consultar
2025,2,Licenciatura 2025,221,22106005,FISIOTERAPIA,ESCUELA NAL. DE ESTUDIOS SUP. UNIDAD LEÓN,Escolarizado,https://www.dgae.unam.mx/Licenciatura2025/resultados/2/22106005.html,63,505,384,61,68,151276,51,,No seleccionado,,Consultar
2025,2,Licenciatura 2025,221,22106005,FISIOTERAPIA,ESCUELA NAL. DE ESTUDIOS SUP. UNIDAD LEÓN,Escolarizado,https://www.dgae.unam.mx/Licenciatura2025/resultados/2/22106005.html,63,505,384,61,68,151281,39,,No seleccionado,,Consultar
2025,2,Licenciatura 2025,221,22106005,FISIOTERAPIA,ESCUELA NAL. DE ESTUDIOS SUP. UNIDAD LEÓN,Escolarizado,https://www.dgae.unam.mx/Licenciatura2025/resultados/2/22106005.html,63,505,384,61,68,151287,32,,No seleccionado,,Consultar
2025,2,Licenciatura 2025,221,22106005,FISIOTERAPIA,ESCUELA NAL. DE ESTUDIOS SUP. UNIDAD LEÓN,Escolarizado,https://www.dgae.unam.mx/Licenciatura2025/resultados/2/22106005.html,63,505,384,61,68,151288,48,,No seleccionado,,Consultar
2025,2,Licenciatura 2025,221,22106005,FISIOTERAPIA,ESCUELA NAL. DE ESTUDIOS SUP. UNIDAD LEÓN,Escolarizado,https://www.dgae.unam.mx/Licenciatura2025/resultados/2/22106005.html,63,505,384,61,68,151289,56,,No seleccionado,,Consultar
2025,2,Licenciatura 2025,221,22106005,FISIOTERAPIA,ESCUELA NAL. DE ESTUDIOS SUP. UNIDAD LEÓN,Escolarizado,https://www.dgae.unam.mx/Licenciatura2025/resultados/2/22106005.html,63,505,384,61,68,151315,29,,No seleccionado,,Consultar
2025,2,Licenciatura 2025,221,22106005,FISIOTERAPIA,ESCUELA NAL. DE ESTUDIOS SUP. UNIDAD LEÓN,Escolarizado,https://www.dgae.unam.mx/Licenciatura2025/resultados/2/22106005.html,63,505,384,61,68,151317,33,,No seleccionado,,Consultar
2025,2,Licenciatura 2025,221,22106005,FISIOTERAPIA,ESCUELA NAL. DE ESTUDIOS SUP. UNIDAD LEÓN,Escolarizado,https://www.dgae.unam.mx/Licenciatura2025/resultados/2/22106005.html,63,505,384,61,68,151318,43,,No seleccionado,,Consultar
2025,2,Licenciatura 2025,221,22106005,FISIOTERAPIA,ESCUELA NAL. DE ESTUDIOS SUP. UNIDAD LEÓN,Escolarizado,https://www.dgae.unam.mx/Licenciatura2025/resultados/2/22106005.html,63,505,384,61,68,151323,25,,No seleccionado,,Consultar
2025,2,Licenciatura 2025,221,22106005,FISIOTERAPIA,ESCUELA NAL. DE ESTUDIOS SUP. UNIDAD LEÓN,Escolarizado,https://www.dgae.unam.mx/Licenciatura2025/resultados/2/22106005.html,63,505,384,61,68,151328,,N,No presentado,,Consultar
2025,2,Licenciatura 2025,221,22106005,FISIOTERAPIA,ESCUELA NAL. DE ESTUDIOS SUP. UNIDAD LEÓN,Escolarizado,https://www.dgae.unam.mx/Licenciatura2025/resultados/2/22106005.html,63,505,384,61,68,151330,52,,No seleccionado,,Consultar
2025,2,Licenciatura 2025,221,22106005,FISIOTERAPIA,ESCUELA NAL. DE ESTUDIOS SUP. UNIDAD LEÓN,Escolarizado,https://www.dgae.unam.mx/Licenciatura2025/resultados/2/22106005.html,63,505,384,61,68,151334,41,,No seleccionado,,Consultar
2025,2,Licenciatura 2025,221,22106005,FISIOTERAPIA,ESCUELA NAL. DE ESTUDIOS SUP. UNIDAD LEÓN,Escolarizado,https://www.dgae.unam.mx/Licenciatura2025/resultados/2/22106005.html,63,505,384,61,68,151335,44,,No seleccionado,,Consultar
2025,2,Licenciatura 2025,221,22106005,FISIOTERAPIA,ESCUELA NAL. DE ESTUDIOS SUP. UNIDAD LEÓN,Escolarizado,https://www.dgae.unam.mx/Licenciatura2025/resultados/2/22106005.html,63,505,384,61,68,151338,34,,No seleccionado,,Consultar
2025,2,Licenciatura 2025,221,22106005,FISIOTERAPIA,ESCUELA NAL. DE ESTUDIOS SUP. UNIDAD LEÓN,Escolarizado,https://www.dgae.unam.mx/Licenciatura2025/resultados/2/22106005.html,63,505,384,61,68,151343,48,,No seleccionado,,Consultar
2025,2,Licenciatura 2025,221,22106005,FISIOTERAPIA,ESCUELA NAL. DE ESTUDIOS SUP. UNIDAD LEÓN,Escolarizado,https://www.dgae.unam.mx/Licenciatura2025/resultados/2/22106005.html,63,505,384,61,68,151344,33,,No seleccionado,,Consultar
2025,2,Licenciatura 2025,221,22106005,FISIOTERAPIA,ESCUELA NAL. DE ESTUDIOS SUP. UNIDAD LEÓN,Escolarizado,https://www.dgae.unam.mx/Licenciatura2025/resultados/2/22106005.html,63,505,384,61,68,151345,48,,No seleccionado,,Consultar
2025,2,Licenciatura 2025,221,22106005,FISIOTERAPIA,ESCUELA NAL. DE ESTUDIOS SUP. UNIDAD LEÓN,Escolarizado,https://www.dgae.unam.mx/Licenciatura2025/resultados/2/22106005.html,63,505,384,61,68,151349,,N,No presentado,,Consultar
2025,2,Licenciatura 2025,221,22106005,FISIOTERAPIA,ESCUELA NAL. DE ESTUDIOS SUP. UNIDAD LEÓN,Escolarizado,https://www.dgae.unam.mx/Licenciatura2025/resultados/2/22106005.html,63,505,384,61,68,151356,55,,No seleccionado,,Consultar
2025,2,Licenciatura 2025,221,22106005,FISIOTERAPIA,ESCUELA NAL. DE ESTUDIOS SUP. UNIDAD LEÓN,Escolarizado,https://www.dgae.unam.mx/Licenciatura2025/resultados/2/22106005.html,63,505,384,61,68,151359,41,,No seleccionado,,Consultar
2025,2,Licenciatura 2025,221,22106005,FISIOTERAPIA,ESCUELA NAL. DE ESTUDIOS SUP. UNIDAD LEÓN,Escolarizado,https://www.dgae.unam.mx/Licenciatura2025/resultados/2/22106005.html,63,505,384,61,68,151370,44,,No seleccionado,,Consultar
2025,2,Licenciatura 2025,221,22106005,FISIOTERAPIA,ESCUELA NAL. DE ESTUDIOS SUP. UNIDAD LEÓN,Escolarizado,https://www.dgae.unam.mx/Licenciatura2025/resultados/2/22106005.html,63,505,384,61,68,151371,,N,No presentado,,Consultar
2025,2,Licenciatura 2025,221,22106005,FISIOTERAPIA,ESCUELA NAL. DE ESTUDIOS SUP. UNIDAD LEÓN,Escolarizado,https://www.dgae.unam.mx/Licenciatura2025/resultados/2/22106005.html,63,505,384,61,68,151378,,N,No presentado,,Consultar
2025,2,Licenciatura 2025,221,22106005,FISIOTERAPIA,ESCUELA NAL. DE ESTUDIOS SUP. UNIDAD LEÓN,Escolarizado,https://www.dgae.unam.mx/Licenciatura2025/resultados/2/22106005.html,63,505,384,61,68,151390,37,,No seleccionado,,Consultar
2025,2,Licenciatura 2025,221,22106005,FISIOTERAPIA,ESCUELA NAL. DE ESTUDIOS SUP. UNIDAD LEÓN,Escolarizado,https://www.dgae.unam.mx/Licenciatura2025/resultados/2/22106005.html,63,505,384,61,68,151393,33,,No seleccionado,,Consultar
2025,2,Licenciatura 2025,221,22106005,FISIOTERAPIA,ESCUELA NAL. DE ESTUDIOS SUP. UNIDAD LEÓN,Escolarizado,https://www.dgae.unam.mx/Licenciatura2025/resultados/2/22106005.html,63,505,384,61,68,151394,38,,No seleccionado,,Consultar
2025,2,Licenciatura 2025,221,22106005,FISIOTERAPIA,ESCUELA NAL. DE ESTUDIOS SUP. UNIDAD LEÓN,Escolarizado,https://www.dgae.unam.mx/Licenciatura2025/resultados/2/22106005.html,63,505,384,61,68,151398,31,,No seleccionado,,Consultar
2025,2,Licenciatura 2025,221,22106005,FISIOTERAPIA,ESCUELA NAL. DE ESTUDIOS SUP. UNIDAD LEÓN,Escolarizado,https://www.dgae.unam.mx/Licenciatura2025/resultados/2/22106005.html,63,505,384,61,68,151399,53,,No seleccionado,,Consultar
2025,2,Licenciatura 2025,221,22106005,FISIOTERAPIA,ESCUELA NAL. DE ESTUDIOS SUP. UNIDAD LEÓN,Escolarizado,https://www.dgae.unam.mx/Licenciatura2025/resultados/2/22106005.html,63,505,384,61,68,151402,48,,No seleccionado,,Consultar
2025,2,Licenciatura 2025,221,22106005,FISIOTERAPIA,ESCUELA NAL. DE ESTUDIOS SUP. UNIDAD LEÓN,Escolarizado,https://www.dgae.unam.mx/Licenciatura2025/resultados/2/22106005.html,63,505,384,61,68,151410,53,,No seleccionado,,Consultar
2025,2,Licenciatura 2025,221,22106005,FISIOTERAPIA,ESCUELA NAL. DE ESTUDIOS SUP. UNIDAD LEÓN,Escolarizado,https://www.dgae.unam.mx/Licenciatura2025/resultados/2/22106005.html,63,505,384,61,68,151417,41,,No seleccionado,,Consultar
2025,2,Licenciatura 2025,221,22106005,FISIOTERAPIA,ESCUELA NAL. DE ESTUDIOS SUP. UNIDAD LEÓN,Escolarizado,https://www.dgae.unam.mx/Licenciatura2025/resultados/2/22106005.html,63,505,384,61,68,151419,51,,No seleccionado,,Consultar
2025,2,Licenciatura 2025,221,22106005,FISIOTERAPIA,ESCUELA NAL. DE ESTUDIOS SUP. UNIDAD LEÓN,Escolarizado,https://www.dgae.unam.mx/Licenciatura2025/resultados/2/22106005.html,63,505,384,61,68,151420,,N,No presentado,,Consultar
2025,2,Licenciatura 2025,221,22106005,FISIOTERAPIA,ESCUELA NAL. DE ESTUDIOS SUP. UNIDAD LEÓN,Escolarizado,https://www.dgae.unam.mx/Licenciatura2025/resultados/2/22106005.html,63,505,384,61,68,151421,43,,No seleccionado,,Consultar
2025,2,Licenciatura 2025,221,22106005,FISIOTERAPIA,ESCUELA NAL. DE ESTUDIOS SUP. UNIDAD LEÓN,Escolarizado,https://www.dgae.unam.mx/Licenciatura2025/resultados/2/22106005.html,63,505,384,61,68,151423,43,,No seleccionado,,Consultar
2025,2,Licenciatura 2025,221,22106005,FISIOTERAPIA,ESCUELA NAL. DE ESTUDIOS SUP. UNIDAD LEÓN,Escolarizado,https://www.dgae.unam.mx/Licenciatura2025/resultados/2/22106005.html,63,505,384,61,68,151430,,N,No presentado,,Consultar
2025,2,Licenciatura 2025,221,22106005,FISIOTERAPIA,ESCUELA NAL. DE ESTUDIOS SUP. UNIDAD LEÓN,Escolarizado,https://www.dgae.unam.mx/Licenciatura2025/resultados/2/22106005.html,63,505,384,61,68,151431,49,,No seleccionado,,Consultar
2025,2,Licenciatura 2025,221,22106005,FISIOTERAPIA,ESCUELA NAL. DE ESTUDIOS SUP. UNIDAD LEÓN,Escolarizado,https://www.dgae.unam.mx/Licenciatura2025/resultados/2/22106005.html,63,505,384,61,68,151432,59,,No seleccionado,,Consultar
2025,2,Licenciatura 2025,221,22106005,FISIOTERAPIA,ESCUELA NAL. DE ESTUDIOS SUP. UNIDAD LEÓN,Escolarizado,https://www.dgae.unam.mx/Licenciatura2025/resultados/2/22106005.html,63,505,384,61,68,151433,78,S,Seleccionado,Cita para entregar documentación.,Consultar
2025,2,Licenciatura 2025,221,22106005,FISIOTERAPIA,ESCUELA NAL. DE ESTUDIOS SUP. UNIDAD LEÓN,Escolarizado,https://www.dgae.unam.mx/Licenciatura2025/resultados/2/22106005.html,63,505,384,61,68,151441,,N,No presentado,,Consultar
2025,2,Licenciatura 2025,221,22106005,FISIOTERAPIA,ESCUELA NAL. DE ESTUDIOS SUP. UNIDAD LEÓN,Escolarizado,https://www.dgae.unam.mx/Licenciatura2025/resultados/2/22106005.html,63,505,384,61,68,151442,68,S,Seleccionado,Cita para entregar documentación.,Consultar
2025,2,Licenciatura 2025,221,22106005,FISIOTERAPIA,ESCUELA NAL. DE ESTUDIOS SUP. UNIDAD LEÓN,Escolarizado,https://www.dgae.unam.mx/Licenciatura2025/resultados/2/22106005.html,63,505,384,61,68,151453,38,,No seleccionado,,Consultar
2025,2,Licenciatura 2025,221,22106005,FISIOTERAPIA,ESCUELA NAL. DE ESTUDIOS SUP. UNIDAD LEÓN,Escolarizado,https://www.dgae.unam.mx/Licenciatura2025/resultados/2/22106005.html,63,505,384,61,68,151462,,N,No presentado,,Consultar
2025,2,Licenciatura 2025,221,22106005,FISIOTERAPIA,ESCUELA NAL. DE ESTUDIOS SUP. UNIDAD LEÓN,Escolarizado,https://www.dgae.unam.mx/Licenciatura2025/resultados/2/22106005.html,63,505,384,61,68,151485,,N,No presentado,,Consultar
2025,2,Licenciatura 2025,221,22106005,FISIOTERAPIA,ESCUELA NAL. DE ESTUDIOS SUP. UNIDAD LEÓN,Escolarizado,https://www.dgae.unam.mx/Licenciatura2025/resultados/2/22106005.html,63,505,384,61,68,151493,,N,No presentado,,Consultar
2025,2,Licenciatura 2025,221,22106005,FISIOTERAPIA,ESCUELA NAL. DE ESTUDIOS SUP. UNIDAD LEÓN,Escolarizado,https://www.dgae.unam.mx/Licenciatura2025/resultados/2/22106005.html,63,505,384,61,68,151495,86,S,Seleccionado,Cita para entregar documentación.,Consultar
2025,2,Licenciatura 2025,221,22106005,FISIOTERAPIA,ESCUELA NAL. DE ESTUDIOS SUP. UNIDAD LEÓN,Escolarizado,https://www.dgae.unam.mx/Licenciatura2025/resultados/2/22106005.html,63,505,384,61,68,151506,37,,No seleccionado,,Consultar
2025,2,Licenciatura 2025,221,22106005,FISIOTERAPIA,ESCUELA NAL. DE ESTUDIOS SUP. UNIDAD LEÓN,Escolarizado,https://www.dgae.unam.mx/Licenciatura2025/resultados/2/22106005.html,63,505,384,61,68,151514,37,,No seleccionado,,Consultar
2025,2,Licenciatura 2025,221,22106005,FISIOTERAPIA,ESCUELA NAL. DE ESTUDIOS SUP. UNIDAD LEÓN,Escolarizado,https://www.dgae.unam.mx/Licenciatura2025/resultados/2/22106005.html,63,505,384,61,68,151515,60,,No seleccionado,,Consultar
2025,2,Licenciatura 2025,221,22106005,FISIOTERAPIA,ESCUELA NAL. DE ESTUDIOS SUP. UNIDAD LEÓN,Escolarizado,https://www.dgae.unam.mx/Licenciatura2025/resultados/2/22106005.html,63,505,384,61,68,151522,44,,No seleccionado,,Consultar
2025,2,Licenciatura 2025,221,22106005,FISIOTERAPIA,ESCUELA NAL. DE ESTUDIOS SUP. UNIDAD LEÓN,Escolarizado,https://www.dgae.unam.mx/Licenciatura2025/resultados/2/22106005.html,63,505,384,61,68,151523,73,S,Seleccionado,Cita para entregar documentación.,Consultar
2025,2,Licenciatura 2025,221,22106005,FISIOTERAPIA,ESCUELA NAL. DE ESTUDIOS SUP. UNIDAD LEÓN,Escolarizado,https://www.dgae.unam.mx/Licenciatura2025/resultados/2/22106005.html,63,505,384,61,68,151524,54,,No seleccionado,,Consultar
2025,2,Licenciatura 2025,221,22106005,FISIOTERAPIA,ESCUELA NAL. DE ESTUDIOS SUP. UNIDAD LEÓN,Escolarizado,https://www.dgae.unam.mx/Licenciatura2025/resultados/2/22106005.html,63,505,384,61,68,151527,71,S,Seleccionado,,Consultar
2025,2,Licenciatura 2025,221,22106005,FISIOTERAPIA,ESCUELA NAL. DE ESTUDIOS SUP. UNIDAD LEÓN,Escolarizado,https://www.dgae.unam.mx/Licenciatura2025/resultados/2/22106005.html,63,505,384,61,68,151529,60,,No seleccionado,,Consultar
2025,2,Licenciatura 2025,221,22106005,FISIOTERAPIA,ESCUELA NAL. DE ESTUDIOS SUP. UNIDAD LEÓN,Escolarizado,https://www.dgae.unam.mx/Licenciatura2025/resultados/2/22106005.html,63,505,384,61,68,151533,25,,No seleccionado,,Consultar
2025,2,Licenciatura 2025,221,22106005,FISIOTERAPIA,ESCUELA NAL. DE ESTUDIOS SUP. UNIDAD LEÓN,Escolarizado,https://www.dgae.unam.mx/Licenciatura2025/resultados/2/22106005.html,63,505,384,61,68,151544,48,,No seleccionado,,Consultar
2025,2,Licenciatura 2025,221,22106005,FISIOTERAPIA,ESCUELA NAL. DE ESTUDIOS SUP. UNIDAD LEÓN,Escolarizado,https://www.dgae.unam.mx/Licenciatura2025/resultados/2/22106005.html,63,505,384,61,68,151545,34,,No seleccionado,,Consultar
2025,2,Licenciatura 2025,221,22106005,FISIOTERAPIA,ESCUELA NAL. DE ESTUDIOS SUP. UNIDAD LEÓN,Escolarizado,https://www.dgae.unam.mx/Licenciatura2025/resultados/2/22106005.html,63,505,384,61,68,151556,57,,No seleccionado,,Consultar
2025,2,Licenciatura 2025,221,22106005,FISIOTERAPIA,ESCUELA NAL. DE ESTUDIOS SUP. UNIDAD LEÓN,Escolarizado,https://www.dgae.unam.mx/Licenciatura2025/resultados/2/22106005.html,63,505,384,61,68,151560,43,,No seleccionado,,Consultar
2025,2,Licenciatura 2025,221,22106005,FISIOTERAPIA,ESCUELA NAL. DE ESTUDIOS SUP. UNIDAD LEÓN,Escolarizado,https://www.dgae.unam.mx/Licenciatura2025/resultados/2/22106005.html,63,505,384,61,68,151563,76,S,Seleccionado,Cita para entregar documentación.,Consultar
2025,2,Licenciatura 2025,221,22106005,FISIOTERAPIA,ESCUELA NAL. DE ESTUDIOS SUP. UNIDAD LEÓN,Escolarizado,https://www.dgae.unam.mx/Licenciatura2025/resultados/2/22106005.html,63,505,384,61,68,151567,,N,No presentado,,Consultar
2025,2,Licenciatura 2025,221,22106005,FISIOTERAPIA,ESCUELA NAL. DE ESTUDIOS SUP. UNIDAD LEÓN,Escolarizado,https://www.dgae.unam.mx/Licenciatura2025/resultados/2/22106005.html,63,505,384,61,68,151575,44,,No seleccionado,,Consultar
2025,2,Licenciatura 2025,221,22106005,FISIOTERAPIA,ESCUELA NAL. DE ESTUDIOS SUP. UNIDAD LEÓN,Escolarizado,https://www.dgae.unam.mx/Licenciatura2025/resultados/2/22106005.html,63,505,384,61,68,151577,42,,No seleccionado,,Consultar
2025,2,Licenciatura 2025,221,22106005,FISIOTERAPIA,ESCUELA NAL. DE ESTUDIOS SUP. UNIDAD LEÓN,Escolarizado,https://www.dgae.unam.mx/Licenciatura2025/resultados/2/22106005.html,63,505,384,61,68,151579,,N,No presentado,,Consultar
2025,2,Licenciatura 2025,221,22106005,FISIOTERAPIA,ESCUELA NAL. DE ESTUDIOS SUP. UNIDAD LEÓN,Escolarizado,https://www.dgae.unam.mx/Licenciatura2025/resultados/2/22106005.html,63,505,384,61,68,151584,64,S,Seleccionado,Cita para entregar documentación.,Consultar
2025,2,Licenciatura 2025,221,22106005,FISIOTERAPIA,ESCUELA NAL. DE ESTUDIOS SUP. UNIDAD LEÓN,Escolarizado,https://www.dgae.unam.mx/Licenciatura2025/resultados/2/22106005.html,63,505,384,61,68,151596,31,,No seleccionado,,Consultar
2025,2,Licenciatura 2025,221,22106005,FISIOTERAPIA,ESCUELA NAL. DE ESTUDIOS SUP. UNIDAD LEÓN,Escolarizado,https://www.dgae.unam.mx/Licenciatura2025/resultados/2/22106005.html,63,505,384,61,68,151599,49,,No seleccionado,,Consultar
2025,2,Licenciatura 2025,221,22106005,FISIOTERAPIA,ESCUELA NAL. DE ESTUDIOS SUP. UNIDAD LEÓN,Escolarizado,https://www.dgae.unam.mx/Licenciatura2025/resultados/2/22106005.html,63,505,384,61,68,151603,,N,No presentado,,Consultar
2025,2,Licenciatura 2025,221,22106005,FISIOTERAPIA,ESCUELA NAL. DE ESTUDIOS SUP. UNIDAD LEÓN,Escolarizado,https://www.dgae.unam.mx/Licenciatura2025/resultados/2/22106005.html,63,505,384,61,68,151621,40,,No seleccionado,,Consultar
2025,2,Licenciatura 2025,221,22106005,FISIOTERAPIA,ESCUELA NAL. DE ESTUDIOS SUP. UNIDAD LEÓN,Escolarizado,https://www.dgae.unam.mx/Licenciatura2025/resultados/2/22106005.html,63,505,384,61,68,151626,40,,No seleccionado,,Consultar
2025,2,Licenciatura 2025,221,22106005,FISIOTERAPIA,ESCUELA NAL. DE ESTUDIOS SUP. UNIDAD LEÓN,Escolarizado,https://www.dgae.unam.mx/Licenciatura2025/resultados/2/22106005.html,63,505,384,61,68,151627,,N,No presentado,,Consultar
2025,2,Licenciatura 2025,221,22106005,FISIOTERAPIA,ESCUELA NAL. DE ESTUDIOS SUP. UNIDAD LEÓN,Escolarizado,https://www.dgae.unam.mx/Licenciatura2025/resultados/2/22106005.html,63,505,384,61,68,151636,38,,No seleccionado,,Consultar
2025,2,Licenciatura 2025,221,22106005,FISIOTERAPIA,ESCUELA NAL. DE ESTUDIOS SUP. UNIDAD LEÓN,Escolarizado,https://www.dgae.unam.mx/Licenciatura2025/resultados/2/22106005.html,63,505,384,61,68,151640,45,,No seleccionado,,Consultar
2025,2,Licenciatura 2025,221,22106005,FISIOTERAPIA,ESCUELA NAL. DE ESTUDIOS SUP. UNIDAD LEÓN,Escolarizado,https://www.dgae.unam.mx/Licenciatura2025/resultados/2/22106005.html,63,505,384,61,68,151644,50,,No seleccionado,,Consultar
2025,2,Licenciatura 2025,221,22106005,FISIOTERAPIA,ESCUELA NAL. DE ESTUDIOS SUP. UNIDAD LEÓN,Escolarizado,https://www.dgae.unam.mx/Licenciatura2025/resultados/2/22106005.html,63,505,384,61,68,151645,32,,No seleccionado,,Consultar
2025,2,Licenciatura 2025,221,22106005,FISIOTERAPIA,ESCUELA NAL. DE ESTUDIOS SUP. UNIDAD LEÓN,Escolarizado,https://www.dgae.unam.mx/Licenciatura2025/resultados/2/22106005.html,63,505,384,61,68,151646,86,S,Seleccionado,Cita para entregar documentación.,Consultar
2025,2,Licenciatura 2025,221,22106005,FISIOTERAPIA,ESCUELA NAL. DE ESTUDIOS SUP. UNIDAD LEÓN,Escolarizado,https://www.dgae.unam.mx/Licenciatura2025/resultados/2/22106005.html,63,505,384,61,68,151653,76,S,Seleccionado,Cita para entregar documentación.,Consultar
2025,2,Licenciatura 2025,221,22106005,FISIOTERAPIA,ESCUELA NAL. DE ESTUDIOS SUP. UNIDAD LEÓN,Escolarizado,https://www.dgae.unam.mx/Licenciatura2025/resultados/2/22106005.html,63,505,384,61,68,151656,,N,No presentado,,Consultar
2025,2,Licenciatura 2025,221,22106005,FISIOTERAPIA,ESCUELA NAL. DE ESTUDIOS SUP. UNIDAD LEÓN,Escolarizado,https://www.dgae.unam.mx/Licenciatura2025/resultados/2/22106005.html,63,505,384,61,68,151657,57,,No seleccionado,,Consultar
2025,2,Licenciatura 2025,221,22106005,FISIOTERAPIA,ESCUELA NAL. DE ESTUDIOS SUP. UNIDAD LEÓN,Escolarizado,https://www.dgae.unam.mx/Licenciatura2025/resultados/2/22106005.html,63,505,384,61,68,151658,41,,No seleccionado,,Consultar
2025,2,Licenciatura 2025,221,22106005,FISIOTERAPIA,ESCUELA NAL. DE ESTUDIOS SUP. UNIDAD LEÓN,Escolarizado,https://www.dgae.unam.mx/Licenciatura2025/resultados/2/22106005.html,63,505,384,61,68,151667,46,,No seleccionado,,Consultar
2025,2,Licenciatura 2025,221,22106005,FISIOTERAPIA,ESCUELA NAL. DE ESTUDIOS SUP. UNIDAD LEÓN,Escolarizado,https://www.dgae.unam.mx/Licenciatura2025/resultados/2/22106005.html,63,505,384,61,68,151671,57,,No seleccionado,,Consultar
2025,2,Licenciatura 2025,221,22106005,FISIOTERAPIA,ESCUELA NAL. DE ESTUDIOS SUP. UNIDAD LEÓN,Escolarizado,https://www.dgae.unam.mx/Licenciatura2025/resultados/2/22106005.html,63,505,384,61,68,151673,,N,No presentado,,Consultar
2025,2,Licenciatura 2025,221,22106005,FISIOTERAPIA,ESCUELA NAL. DE ESTUDIOS SUP. UNIDAD LEÓN,Escolarizado,https://www.dgae.unam.mx/Licenciatura2025/resultados/2/22106005.html,63,505,384,61,68,151685,43,,No seleccionado,,Consultar
2025,2,Licenciatura 2025,221,22106005,FISIOTERAPIA,ESCUELA NAL. DE ESTUDIOS SUP. UNIDAD LEÓN,Escolarizado,https://www.dgae.unam.mx/Licenciatura2025/resultados/2/22106005.html,63,505,384,61,68,151690,39,,No seleccionado,,Consultar
2025,2,Licenciatura 2025,221,22106005,FISIOTERAPIA,ESCUELA NAL. DE ESTUDIOS SUP. UNIDAD LEÓN,Escolarizado,https://www.dgae.unam.mx/Licenciatura2025/resultados/2/22106005.html,63,505,384,61,68,151696,52,,No seleccionado,,Consultar
2025,2,Licenciatura 2025,221,22106005,FISIOTERAPIA,ESCUELA NAL. DE ESTUDIOS SUP. UNIDAD LEÓN,Escolarizado,https://www.dgae.unam.mx/Licenciatura2025/resultados/2/22106005.html,63,505,384,61,68,151697,37,,No seleccionado,,Consultar
2025,2,Licenciatura 2025,221,22106005,FISIOTERAPIA,ESCUELA NAL. DE ESTUDIOS SUP. UNIDAD LEÓN,Escolarizado,https://www.dgae.unam.mx/Licenciatura2025/resultados/2/22106005.html,63,505,384,61,68,151700,36,,No seleccionado,,Consultar
2025,2,Licenciatura 2025,221,22106005,FISIOTERAPIA,ESCUELA NAL. DE ESTUDIOS SUP. UNIDAD LEÓN,Escolarizado,https://www.dgae.unam.mx/Licenciatura2025/resultados/2/22106005.html,63,505,384,61,68,151701,61,S,Seleccionado,Cita para entregar documentación.,Consultar
2025,2,Licenciatura 2025,221,22106005,FISIOTERAPIA,ESCUELA NAL. DE ESTUDIOS SUP. UNIDAD LEÓN,Escolarizado,https://www.dgae.unam.mx/Licenciatura2025/resultados/2/22106005.html,63,505,384,61,68,151712,44,,No seleccionado,,Consultar
2025,2,Licenciatura 2025,221,22106005,FISIOTERAPIA,ESCUELA NAL. DE ESTUDIOS SUP. UNIDAD LEÓN,Escolarizado,https://www.dgae.unam.mx/Licenciatura2025/resultados/2/22106005.html,63,505,384,61,68,151722,61,S,Seleccionado,Cita para entregar documentación.,Consultar
2025,2,Licenciatura 2025,221,22106005,FISIOTERAPIA,ESCUELA NAL. DE ESTUDIOS SUP. UNIDAD LEÓN,Escolarizado,https://www.dgae.unam.mx/Licenciatura2025/resultados/2/22106005.html,63,505,384,61,68,151734,55,,No seleccionado,,Consultar
2025,2,Licenciatura 2025,221,22106005,FISIOTERAPIA,ESCUELA NAL. DE ESTUDIOS SUP. UNIDAD LEÓN,Escolarizado,https://www.dgae.unam.mx/Licenciatura2025/resultados/2/22106005.html,63,505,384,61,68,151737,55,,No seleccionado,,Consultar
2025,2,Licenciatura 2025,221,22106005,FISIOTERAPIA,ESCUELA NAL. DE ESTUDIOS SUP. UNIDAD LEÓN,Escolarizado,https://www.dgae.unam.mx/Licenciatura2025/resultados/2/22106005.html,63,505,384,61,68,151738,38,,No seleccionado,,Consultar
2025,2,Licenciatura 2025,221,22106005,FISIOTERAPIA,ESCUELA NAL. DE ESTUDIOS SUP. UNIDAD LEÓN,Escolarizado,https://www.dgae.unam.mx/Licenciatura2025/resultados/2/22106005.html,63,505,384,61,68,151743,84,S,Seleccionado,Cita para entregar documentación.,Consultar
2025,2,Licenciatura 2025,221,22106005,FISIOTERAPIA,ESCUELA NAL. DE ESTUDIOS SUP. UNIDAD LEÓN,Escolarizado,https://www.dgae.unam.mx/Licenciatura2025/resultados/2/22106005.html,63,505,384,61,68,151748,42,,No seleccionado,,Consultar
2025,2,Licenciatura 2025,221,22106005,FISIOTERAPIA,ESCUELA NAL. DE ESTUDIOS SUP. UNIDAD LEÓN,Escolarizado,https://www.dgae.unam.mx/Licenciatura2025/resultados/2/22106005.html,63,505,384,61,68,151749,72,S,Seleccionado,Cita para entregar documentación.,Consultar
2025,2,Licenciatura 2025,221,22106005,FISIOTERAPIA,ESCUELA NAL. DE ESTUDIOS SUP. UNIDAD LEÓN,Escolarizado,https://www.dgae.unam.mx/Licenciatura2025/resultados/2/22106005.html,63,505,384,61,68,151761,87,S,Seleccionado,Cita para entregar documentación.,Consultar
2025,2,Licenciatura 2025,221,22106005,FISIOTERAPIA,ESCUELA NAL. DE ESTUDIOS SUP. UNIDAD LEÓN,Escolarizado,https://www.dgae.unam.mx/Licenciatura2025/resultados/2/22106005.html,63,505,384,61,68,151762,43,,No seleccionado,,Consultar
2025,2,Licenciatura 2025,221,22106005,FISIOTERAPIA,ESCUELA NAL. DE ESTUDIOS SUP. UNIDAD LEÓN,Escolarizado,https://www.dgae.unam.mx/Licenciatura2025/resultados/2/22106005.html,63,505,384,61,68,151764,45,,No seleccionado,,Consultar
2025,2,Licenciatura 2025,221,22106005,FISIOTERAPIA,ESCUELA NAL. DE ESTUDIOS SUP. UNIDAD LEÓN,Escolarizado,https://www.dgae.unam.mx/Licenciatura2025/resultados/2/22106005.html,63,505,384,61,68,151765,,N,No presentado,,Consultar
2025,2,Licenciatura 2025,221,22106005,FISIOTERAPIA,ESCUELA NAL. DE ESTUDIOS SUP. UNIDAD LEÓN,Escolarizado,https://www.dgae.unam.mx/Licenciatura2025/resultados/2/22106005.html,63,505,384,61,68,151771,30,,No seleccionado,,Consultar
2025,2,Licenciatura 2025,221,22106005,FISIOTERAPIA,ESCUELA NAL. DE ESTUDIOS SUP. UNIDAD LEÓN,Escolarizado,https://www.dgae.unam.mx/Licenciatura2025/resultados/2/22106005.html,63,505,384,61,68,151775,,N,No presentado,,Consultar
2025,2,Licenciatura 2025,221,22106005,FISIOTERAPIA,ESCUELA NAL. DE ESTUDIOS SUP. UNIDAD LEÓN,Escolarizado,https://www.dgae.unam.mx/Licenciatura2025/resultados/2/22106005.html,63,505,384,61,68,151783,64,S,Seleccionado,Cita para entregar documentación.,Consultar
2025,2,Licenciatura 2025,221,22106005,FISIOTERAPIA,ESCUELA NAL. DE ESTUDIOS SUP. UNIDAD LEÓN,Escolarizado,https://www.dgae.unam.mx/Licenciatura2025/resultados/2/22106005.html,63,505,384,61,68,151785,51,,No seleccionado,,Consultar
2025,2,Licenciatura 2025,221,22106005,FISIOTERAPIA,ESCUELA NAL. DE ESTUDIOS SUP. UNIDAD LEÓN,Escolarizado,https://www.dgae.unam.mx/Licenciatura2025/resultados/2/22106005.html,63,505,384,61,68,151801,52,,No seleccionado,,Consultar
2025,2,Licenciatura 2025,221,22106005,FISIOTERAPIA,ESCUELA NAL. DE ESTUDIOS SUP. UNIDAD LEÓN,Escolarizado,https://www.dgae.unam.mx/Licenciatura2025/resultados/2/22106005.html,63,505,384,61,68,151806,49,,No seleccionado,,Consultar
2025,2,Licenciatura 2025,221,22106005,FISIOTERAPIA,ESCUELA NAL. DE ESTUDIOS SUP. UNIDAD LEÓN,Escolarizado,https://www.dgae.unam.mx/Licenciatura2025/resultados/2/22106005.html,63,505,384,61,68,151808,74,S,Seleccionado,Cita para entregar documentación.,Consultar
2025,2,Licenciatura 2025,221,22106005,FISIOTERAPIA,ESCUELA NAL. DE ESTUDIOS SUP. UNIDAD LEÓN,Escolarizado,https://www.dgae.unam.mx/Licenciatura2025/resultados/2/22106005.html,63,505,384,61,68,151809,62,S,Seleccionado,Cita para entregar documentación.,Consultar
2025,2,Licenciatura 2025,221,22106005,FISIOTERAPIA,ESCUELA NAL. DE ESTUDIOS SUP. UNIDAD LEÓN,Escolarizado,https://www.dgae.unam.mx/Licenciatura2025/resultados/2/22106005.html,63,505,384,61,68,151810,68,S,Seleccionado,Cita para entregar documentación.,Consultar
2025,2,Licenciatura 2025,221,22106005,FISIOTERAPIA,ESCUELA NAL. DE ESTUDIOS SUP. UNIDAD LEÓN,Escolarizado,https://www.dgae.unam.mx/Licenciatura2025/resultados/2/22106005.html,63,505,384,61,68,151811,52,,No seleccionado,,Consultar
2025,2,Licenciatura 2025,221,22106005,FISIOTERAPIA,ESCUELA NAL. DE ESTUDIOS SUP. UNIDAD LEÓN,Escolarizado,https://www.dgae.unam.mx/Licenciatura2025/resultados/2/22106005.html,63,505,384,61,68,151814,,N,No presentado,,Consultar
2025,2,Licenciatura 2025,221,22106005,FISIOTERAPIA,ESCUELA NAL. DE ESTUDIOS SUP. UNIDAD LEÓN,Escolarizado,https://www.dgae.unam.mx/Licenciatura2025/resultados/2/22106005.html,63,505,384,61,68,151820,,N,No presentado,,Consultar
2025,2,Licenciatura 2025,221,22106005,FISIOTERAPIA,ESCUELA NAL. DE ESTUDIOS SUP. UNIDAD LEÓN,Escolarizado,https://www.dgae.unam.mx/Licenciatura2025/resultados/2/22106005.html,63,505,384,61,68,151822,64,S,Seleccionado,Cita para entregar documentación.,Consultar
2025,2,Licenciatura 2025,221,22106005,FISIOTERAPIA,ESCUELA NAL. DE ESTUDIOS SUP. UNIDAD LEÓN,Escolarizado,https://www.dgae.unam.mx/Licenciatura2025/resultados/2/22106005.html,63,505,384,61,68,151825,50,,No seleccionado,,Consultar
2025,2,Licenciatura 2025,221,22106005,FISIOTERAPIA,ESCUELA NAL. DE ESTUDIOS SUP. UNIDAD LEÓN,Escolarizado,https://www.dgae.unam.mx/Licenciatura2025/resultados/2/22106005.html,63,505,384,61,68,151831,40,,No seleccionado,,Consultar
2025,2,Licenciatura 2025,221,22106005,FISIOTERAPIA,ESCUELA NAL. DE ESTUDIOS SUP. UNIDAD LEÓN,Escolarizado,https://www.dgae.unam.mx/Licenciatura2025/resultados/2/22106005.html,63,505,384,61,68,151837,47,,No seleccionado,,Consultar
2025,2,Licenciatura 2025,221,22106005,FISIOTERAPIA,ESCUELA NAL. DE ESTUDIOS SUP. UNIDAD LEÓN,Escolarizado,https://www.dgae.unam.mx/Licenciatura2025/resultados/2/22106005.html,63,505,384,61,68,151838,,N,No presentado,,Consultar
2025,2,Licenciatura 2025,221,22106005,FISIOTERAPIA,ESCUELA NAL. DE ESTUDIOS SUP. UNIDAD LEÓN,Escolarizado,https://www.dgae.unam.mx/Licenciatura2025/resultados/2/22106005.html,63,505,384,61,68,151840,,N,No presentado,,Consultar
2025,2,Licenciatura 2025,221,22106005,FISIOTERAPIA,ESCUELA NAL. DE ESTUDIOS SUP. UNIDAD LEÓN,Escolarizado,https://www.dgae.unam.mx/Licenciatura2025/resultados/2/22106005.html,63,505,384,61,68,151843,67,S,Seleccionado,Cita para entregar documentación.,Consultar
2025,2,Licenciatura 2025,221,22106005,FISIOTERAPIA,ESCUELA NAL. DE ESTUDIOS SUP. UNIDAD LEÓN,Escolarizado,https://www.dgae.unam.mx/Licenciatura2025/resultados/2/22106005.html,63,505,384,61,68,151844,41,,No seleccionado,,Consultar
2025,2,Licenciatura 2025,221,22106005,FISIOTERAPIA,ESCUELA NAL. DE ESTUDIOS SUP. UNIDAD LEÓN,Escolarizado,https://www.dgae.unam.mx/Licenciatura2025/resultados/2/22106005.html,63,505,384,61,68,151849,56,,No seleccionado,,Consultar
2025,2,Licenciatura 2025,221,22106005,FISIOTERAPIA,ESCUELA NAL. DE ESTUDIOS SUP. UNIDAD LEÓN,Escolarizado,https://www.dgae.unam.mx/Licenciatura2025/resultados/2/22106005.html,63,505,384,61,68,151851,39,,No seleccionado,,Consultar
2025,2,Licenciatura 2025,221,22106005,FISIOTERAPIA,ESCUELA NAL. DE ESTUDIOS SUP. UNIDAD LEÓN,Escolarizado,https://www.dgae.unam.mx/Licenciatura2025/resultados/2/22106005.html,63,505,384,61,68,151853,48,,No seleccionado,,Consultar
2025,2,Licenciatura 2025,221,22106005,FISIOTERAPIA,ESCUELA NAL. DE ESTUDIOS SUP. UNIDAD LEÓN,Escolarizado,https://www.dgae.unam.mx/Licenciatura2025/resultados/2/22106005.html,63,505,384,61,68,151856,48,,No seleccionado,,Consultar
2025,2,Licenciatura 2025,221,22106005,FISIOTERAPIA,ESCUELA NAL. DE ESTUDIOS SUP. UNIDAD LEÓN,Escolarizado,https://www.dgae.unam.mx/Licenciatura2025/resultados/2/22106005.html,63,505,384,61,68,151864,38,,No seleccionado,,Consultar
2025,2,Licenciatura 2025,221,22106005,FISIOTERAPIA,ESCUELA NAL. DE ESTUDIOS SUP. UNIDAD LEÓN,Escolarizado,https://www.dgae.unam.mx/Licenciatura2025/resultados/2/22106005.html,63,505,384,61,68,151876,71,S,Seleccionado,Cita para entregar documentación.,Consultar
2025,2,Licenciatura 2025,221,22106005,FISIOTERAPIA,ESCUELA NAL. DE ESTUDIOS SUP. UNIDAD LEÓN,Escolarizado,https://www.dgae.unam.mx/Licenciatura2025/resultados/2/22106005.html,63,505,384,61,68,151887,48,,No seleccionado,,Consultar
2025,2,Licenciatura 2025,221,22106005,FISIOTERAPIA,ESCUELA NAL. DE ESTUDIOS SUP. UNIDAD LEÓN,Escolarizado,https://www.dgae.unam.mx/Licenciatura2025/resultados/2/22106005.html,63,505,384,61,68,151888,46,,No seleccionado,,Consultar
2025,2,Licenciatura 2025,221,22106005,FISIOTERAPIA,ESCUELA NAL. DE ESTUDIOS SUP. UNIDAD LEÓN,Escolarizado,https://www.dgae.unam.mx/Licenciatura2025/resultados/2/22106005.html,63,505,384,61,68,151892,,N,No presentado,,Consultar
2025,2,Licenciatura 2025,221,22106005,FISIOTERAPIA,ESCUELA NAL. DE ESTUDIOS SUP. UNIDAD LEÓN,Escolarizado,https://www.dgae.unam.mx/Licenciatura2025/resultados/2/22106005.html,63,505,384,61,68,151893,42,,No seleccionado,,Consultar
2025,2,Licenciatura 2025,221,22106005,FISIOTERAPIA,ESCUELA NAL. DE ESTUDIOS SUP. UNIDAD LEÓN,Escolarizado,https://www.dgae.unam.mx/Licenciatura2025/resultados/2/22106005.html,63,505,384,61,68,151895,73,S,Seleccionado,Cita para entregar documentación.,Consultar
2025,2,Licenciatura 2025,221,22106005,FISIOTERAPIA,ESCUELA NAL. DE ESTUDIOS SUP. UNIDAD LEÓN,Escolarizado,https://www.dgae.unam.mx/Licenciatura2025/resultados/2/22106005.html,63,505,384,61,68,151896,78,S,Seleccionado,Cita para entregar documentación.,Consultar
2025,2,Licenciatura 2025,221,22106005,FISIOTERAPIA,ESCUELA NAL. DE ESTUDIOS SUP. UNIDAD LEÓN,Escolarizado,https://www.dgae.unam.mx/Licenciatura2025/resultados/2/22106005.html,63,505,384,61,68,151903,,N,No presentado,,Consultar
2025,2,Licenciatura 2025,221,22106005,FISIOTERAPIA,ESCUELA NAL. DE ESTUDIOS SUP. UNIDAD LEÓN,Escolarizado,https://www.dgae.unam.mx/Licenciatura2025/resultados/2/22106005.html,63,505,384,61,68,151904,71,S,Seleccionado,Cita para entregar documentación.,Consultar
2025,2,Licenciatura 2025,221,22106005,FISIOTERAPIA,ESCUELA NAL. DE ESTUDIOS SUP. UNIDAD LEÓN,Escolarizado,https://www.dgae.unam.mx/Licenciatura2025/resultados/2/22106005.html,63,505,384,61,68,151911,44,,No seleccionado,,Consultar
2025,2,Licenciatura 2025,221,22106005,FISIOTERAPIA,ESCUELA NAL. DE ESTUDIOS SUP. UNIDAD LEÓN,Escolarizado,https://www.dgae.unam.mx/Licenciatura2025/resultados/2/22106005.html,63,505,384,61,68,151916,,N,No presentado,,Consultar
2025,2,Licenciatura 2025,221,22106005,FISIOTERAPIA,ESCUELA NAL. DE ESTUDIOS SUP. UNIDAD LEÓN,Escolarizado,https://www.dgae.unam.mx/Licenciatura2025/resultados/2/22106005.html,63,505,384,61,68,151918,,N,No presentado,,Consultar
2025,2,Licenciatura 2025,221,22106005,FISIOTERAPIA,ESCUELA NAL. DE ESTUDIOS SUP. UNIDAD LEÓN,Escolarizado,https://www.dgae.unam.mx/Licenciatura2025/resultados/2/22106005.html,63,505,384,61,68,151926,41,,No seleccionado,,Consultar
2025,2,Licenciatura 2025,221,22106005,FISIOTERAPIA,ESCUELA NAL. DE ESTUDIOS SUP. UNIDAD LEÓN,Escolarizado,https://www.dgae.unam.mx/Licenciatura2025/resultados/2/22106005.html,63,505,384,61,68,151929,70,S,Seleccionado,Cita para entregar documentación.,Consultar
2025,2,Licenciatura 2025,221,22106005,FISIOTERAPIA,ESCUELA NAL. DE ESTUDIOS SUP. UNIDAD LEÓN,Escolarizado,https://www.dgae.unam.mx/Licenciatura2025/resultados/2/22106005.html,63,505,384,61,68,151932,38,,No seleccionado,,Consultar
2025,2,Licenciatura 2025,221,22106005,FISIOTERAPIA,ESCUELA NAL. DE ESTUDIOS SUP. UNIDAD LEÓN,Escolarizado,https://www.dgae.unam.mx/Licenciatura2025/resultados/2/22106005.html,63,505,384,61,68,151933,50,,No seleccionado,,Consultar
2025,2,Licenciatura 2025,221,22106005,FISIOTERAPIA,ESCUELA NAL. DE ESTUDIOS SUP. UNIDAD LEÓN,Escolarizado,https://www.dgae.unam.mx/Licenciatura2025/resultados/2/22106005.html,63,505,384,61,68,151952,52,,No seleccionado,,Consultar
2025,2,Licenciatura 2025,221,22106005,FISIOTERAPIA,ESCUELA NAL. DE ESTUDIOS SUP. UNIDAD LEÓN,Escolarizado,https://www.dgae.unam.mx/Licenciatura2025/resultados/2/22106005.html,63,505,384,61,68,151966,46,,No seleccionado,,Consultar
2025,2,Licenciatura 2025,221,22106005,FISIOTERAPIA,ESCUELA NAL. DE ESTUDIOS SUP. UNIDAD LEÓN,Escolarizado,https://www.dgae.unam.mx/Licenciatura2025/resultados/2/22106005.html,63,505,384,61,68,151968,44,,No seleccionado,,Consultar
2025,2,Licenciatura 2025,221,22106005,FISIOTERAPIA,ESCUELA NAL. DE ESTUDIOS SUP. UNIDAD LEÓN,Escolarizado,https://www.dgae.unam.mx/Licenciatura2025/resultados/2/22106005.html,63,505,384,61,68,151970,37,,No seleccionado,,Consultar
2025,2,Licenciatura 2025,221,22106005,FISIOTERAPIA,ESCUELA NAL. DE ESTUDIOS SUP. UNIDAD LEÓN,Escolarizado,https://www.dgae.unam.mx/Licenciatura2025/resultados/2/22106005.html,63,505,384,61,68,151971,34,,No seleccionado,,Consultar
2025,2,Licenciatura 2025,221,22106005,FISIOTERAPIA,ESCUELA NAL. DE ESTUDIOS SUP. UNIDAD LEÓN,Escolarizado,https://www.dgae.unam.mx/Licenciatura2025/resultados/2/22106005.html,63,505,384,61,68,151972,34,,No seleccionado,,Consultar
2025,2,Licenciatura 2025,221,22106005,FISIOTERAPIA,ESCUELA NAL. DE ESTUDIOS SUP. UNIDAD LEÓN,Escolarizado,https://www.dgae.unam.mx/Licenciatura2025/resultados/2/22106005.html,63,505,384,61,68,151975,51,,No seleccionado,,Consultar
2025,2,Licenciatura 2025,221,22106005,FISIOTERAPIA,ESCUELA NAL. DE ESTUDIOS SUP. UNIDAD LEÓN,Escolarizado,https://www.dgae.unam.mx/Licenciatura2025/resultados/2/22106005.html,63,505,384,61,68,151980,35,,No seleccionado,,Consultar
2025,2,Licenciatura 2025,221,22106005,FISIOTERAPIA,ESCUELA NAL. DE ESTUDIOS SUP. UNIDAD LEÓN,Escolarizado,https://www.dgae.unam.mx/Licenciatura2025/resultados/2/22106005.html,63,505,384,61,68,151984,40,,No seleccionado,,Consultar
2025,2,Licenciatura 2025,221,22106005,FISIOTERAPIA,ESCUELA NAL. DE ESTUDIOS SUP. UNIDAD LEÓN,Escolarizado,https://www.dgae.unam.mx/Licenciatura2025/resultados/2/22106005.html,63,505,384,61,68,151990,35,,No seleccionado,,Consultar
2025,2,Licenciatura 2025,221,22106005,FISIOTERAPIA,ESCUELA NAL. DE ESTUDIOS SUP. UNIDAD LEÓN,Escolarizado,https://www.dgae.unam.mx/Licenciatura2025/resultados/2/22106005.html,63,505,384,61,68,152004,35,,No seleccionado,,Consultar
2025,2,Licenciatura 2025,221,22106005,FISIOTERAPIA,ESCUELA NAL. DE ESTUDIOS SUP. UNIDAD LEÓN,Escolarizado,https://www.dgae.unam.mx/Licenciatura2025/resultados/2/22106005.html,63,505,384,61,68,152018,58,,No seleccionado,,Consultar
2025,2,Licenciatura 2025,221,22106005,FISIOTERAPIA,ESCUELA NAL. DE ESTUDIOS SUP. UNIDAD LEÓN,Escolarizado,https://www.dgae.unam.mx/Licenciatura2025/resultados/2/22106005.html,63,505,384,61,68,152019,,N,No presentado,,Consultar
2025,2,Licenciatura 2025,221,22106005,FISIOTERAPIA,ESCUELA NAL. DE ESTUDIOS SUP. UNIDAD LEÓN,Escolarizado,https://www.dgae.unam.mx/Licenciatura2025/resultados/2/22106005.html,63,505,384,61,68,152020,77,S,Seleccionado,Cita para entregar documentación.,Consultar
2025,2,Licenciatura 2025,221,22106005,FISIOTERAPIA,ESCUELA NAL. DE ESTUDIOS SUP. UNIDAD LEÓN,Escolarizado,https://www.dgae.unam.mx/Licenciatura2025/resultados/2/22106005.html,63,505,384,61,68,152034,30,,No seleccionado,,Consultar
2025,2,Licenciatura 2025,221,22106005,FISIOTERAPIA,ESCUELA NAL. DE ESTUDIOS SUP. UNIDAD LEÓN,Escolarizado,https://www.dgae.unam.mx/Licenciatura2025/resultados/2/22106005.html,63,505,384,61,68,152036,46,,No seleccionado,,Consultar
2025,2,Licenciatura 2025,221,22106005,FISIOTERAPIA,ESCUELA NAL. DE ESTUDIOS SUP. UNIDAD LEÓN,Escolarizado,https://www.dgae.unam.mx/Licenciatura2025/resultados/2/22106005.html,63,505,384,61,68,152038,60,,No seleccionado,,Consultar
2025,2,Licenciatura 2025,221,22106005,FISIOTERAPIA,ESCUELA NAL. DE ESTUDIOS SUP. UNIDAD LEÓN,Escolarizado,https://www.dgae.unam.mx/Licenciatura2025/resultados/2/22106005.html,63,505,384,61,68,152041,28,,No seleccionado,,Consultar
2025,2,Licenciatura 2025,221,22106005,FISIOTERAPIA,ESCUELA NAL. DE ESTUDIOS SUP. UNIDAD LEÓN,Escolarizado,https://www.dgae.unam.mx/Licenciatura2025/resultados/2/22106005.html,63,505,384,61,68,152042,33,,No seleccionado,,Consultar
2025,2,Licenciatura 2025,221,22106005,FISIOTERAPIA,ESCUELA NAL. DE ESTUDIOS SUP. UNIDAD LEÓN,Escolarizado,https://www.dgae.unam.mx/Licenciatura2025/resultados/2/22106005.html,63,505,384,61,68,152048,,N,No presentado,,Consultar
2025,2,Licenciatura 2025,221,22106005,FISIOTERAPIA,ESCUELA NAL. DE ESTUDIOS SUP. UNIDAD LEÓN,Escolarizado,https://www.dgae.unam.mx/Licenciatura2025/resultados/2/22106005.html,63,505,384,61,68,152057,33,,No seleccionado,,Consultar
2025,2,Licenciatura 2025,221,22106005,FISIOTERAPIA,ESCUELA NAL. DE ESTUDIOS SUP. UNIDAD LEÓN,Escolarizado,https://www.dgae.unam.mx/Licenciatura2025/resultados/2/22106005.html,63,505,384,61,68,152061,45,,No seleccionado,,Consultar
2025,2,Licenciatura 2025,221,22106005,FISIOTERAPIA,ESCUELA NAL. DE ESTUDIOS SUP. UNIDAD LEÓN,Escolarizado,https://www.dgae.unam.mx/Licenciatura2025/resultados/2/22106005.html,63,505,384,61,68,152068,68,S,Seleccionado,Cita para entregar documentación.,Consultar
2025,2,Licenciatura 2025,221,22106005,FISIOTERAPIA,ESCUELA NAL. DE ESTUDIOS SUP. UNIDAD LEÓN,Escolarizado,https://www.dgae.unam.mx/Licenciatura2025/resultados/2/22106005.html,63,505,384,61,68,152069,42,,No seleccionado,,Consultar
2025,2,Licenciatura 2025,221,22106005,FISIOTERAPIA,ESCUELA NAL. DE ESTUDIOS SUP. UNIDAD LEÓN,Escolarizado,https://www.dgae.unam.mx/Licenciatura2025/resultados/2/22106005.html,63,505,384,61,68,152081,,N,No presentado,,Consultar
2025,2,Licenciatura 2025,221,22106005,FISIOTERAPIA,ESCUELA NAL. DE ESTUDIOS SUP. UNIDAD LEÓN,Escolarizado,https://www.dgae.unam.mx/Licenciatura2025/resultados/2/22106005.html,63,505,384,61,68,152089,55,,No seleccionado,,Consultar
2025,2,Licenciatura 2025,221,22106005,FISIOTERAPIA,ESCUELA NAL. DE ESTUDIOS SUP. UNIDAD LEÓN,Escolarizado,https://www.dgae.unam.mx/Licenciatura2025/resultados/2/22106005.html,63,505,384,61,68,152090,55,,No seleccionado,,Consultar
2025,2,Licenciatura 2025,221,22106005,FISIOTERAPIA,ESCUELA NAL. DE ESTUDIOS SUP. UNIDAD LEÓN,Escolarizado,https://www.dgae.unam.mx/Licenciatura2025/resultados/2/22106005.html,63,505,384,61,68,152099,,N,No presentado,,Consultar
2025,2,Licenciatura 2025,221,22106005,FISIOTERAPIA,ESCUELA NAL. DE ESTUDIOS SUP. UNIDAD LEÓN,Escolarizado,https://www.dgae.unam.mx/Licenciatura2025/resultados/2/22106005.html,63,505,384,61,68,152107,43,,No seleccionado,,Consultar
2025,2,Licenciatura 2025,221,22106005,FISIOTERAPIA,ESCUELA NAL. DE ESTUDIOS SUP. UNIDAD LEÓN,Escolarizado,https://www.dgae.unam.mx/Licenciatura2025/resultados/2/22106005.html,63,505,384,61,68,152113,49,,No seleccionado,,Consultar
2025,2,Licenciatura 2025,221,22106005,FISIOTERAPIA,ESCUELA NAL. DE ESTUDIOS SUP. UNIDAD LEÓN,Escolarizado,https://www.dgae.unam.mx/Licenciatura2025/resultados/2/22106005.html,63,505,384,61,68,152116,,N,No presentado,,Consultar
2025,2,Licenciatura 2025,221,22106005,FISIOTERAPIA,ESCUELA NAL. DE ESTUDIOS SUP. UNIDAD LEÓN,Escolarizado,https://www.dgae.unam.mx/Licenciatura2025/resultados/2/22106005.html,63,505,384,61,68,152120,39,,No seleccionado,,Consultar
2025,2,Licenciatura 2025,221,22106005,FISIOTERAPIA,ESCUELA NAL. DE ESTUDIOS SUP. UNIDAD LEÓN,Escolarizado,https://www.dgae.unam.mx/Licenciatura2025/resultados/2/22106005.html,63,505,384,61,68,152124,66,S,Seleccionado,Cita para entregar documentación.,Consultar
2025,2,Licenciatura 2025,221,22106005,FISIOTERAPIA,ESCUELA NAL. DE ESTUDIOS SUP. UNIDAD LEÓN,Escolarizado,https://www.dgae.unam.mx/Licenciatura2025/resultados/2/22106005.html,63,505,384,61,68,152137,41,,No seleccionado,,Consultar
2025,2,Licenciatura 2025,221,22106005,FISIOTERAPIA,ESCUELA NAL. DE ESTUDIOS SUP. UNIDAD LEÓN,Escolarizado,https://www.dgae.unam.mx/Licenciatura2025/resultados/2/22106005.html,63,505,384,61,68,152147,,N,No presentado,,Consultar
2025,2,Licenciatura 2025,221,22106005,FISIOTERAPIA,ESCUELA NAL. DE ESTUDIOS SUP. UNIDAD LEÓN,Escolarizado,https://www.dgae.unam.mx/Licenciatura2025/resultados/2/22106005.html,63,505,384,61,68,152152,,N,No presentado,,Consultar
2025,2,Licenciatura 2025,221,22106005,FISIOTERAPIA,ESCUELA NAL. DE ESTUDIOS SUP. UNIDAD LEÓN,Escolarizado,https://www.dgae.unam.mx/Licenciatura2025/resultados/2/22106005.html,63,505,384,61,68,152157,29,,No seleccionado,,Consultar
2025,2,Licenciatura 2025,221,22106005,FISIOTERAPIA,ESCUELA NAL. DE ESTUDIOS SUP. UNIDAD LEÓN,Escolarizado,https://www.dgae.unam.mx/Licenciatura2025/resultados/2/22106005.html,63,505,384,61,68,152166,46,,No seleccionado,,Consultar
2025,2,Licenciatura 2025,221,22106005,FISIOTERAPIA,ESCUELA NAL. DE ESTUDIOS SUP. UNIDAD LEÓN,Escolarizado,https://www.dgae.unam.mx/Licenciatura2025/resultados/2/22106005.html,63,505,384,61,68,152167,66,S,Seleccionado,Cita para entregar documentación.,Consultar
2025,2,Licenciatura 2025,221,22106005,FISIOTERAPIA,ESCUELA NAL. DE ESTUDIOS SUP. UNIDAD LEÓN,Escolarizado,https://www.dgae.unam.mx/Licenciatura2025/resultados/2/22106005.html,63,505,384,61,68,152169,,N,No presentado,,Consultar
2025,2,Licenciatura 2025,221,22106005,FISIOTERAPIA,ESCUELA NAL. DE ESTUDIOS SUP. UNIDAD LEÓN,Escolarizado,https://www.dgae.unam.mx/Licenciatura2025/resultados/2/22106005.html,63,505,384,61,68,152170,60,,No seleccionado,,Consultar
2025,2,Licenciatura 2025,221,22106005,FISIOTERAPIA,ESCUELA NAL. DE ESTUDIOS SUP. UNIDAD LEÓN,Escolarizado,https://www.dgae.unam.mx/Licenciatura2025/resultados/2/22106005.html,63,505,384,61,68,152172,52,,No seleccionado,,Consultar
2025,2,Licenciatura 2025,221,22106005,FISIOTERAPIA,ESCUELA NAL. DE ESTUDIOS SUP. UNIDAD LEÓN,Escolarizado,https://www.dgae.unam.mx/Licenciatura2025/resultados/2/22106005.html,63,505,384,61,68,152178,87,S,Seleccionado,Cita para entregar documentación.,Consultar
2025,2,Licenciatura 2025,221,22106005,FISIOTERAPIA,ESCUELA NAL. DE ESTUDIOS SUP. UNIDAD LEÓN,Escolarizado,https://www.dgae.unam.mx/Licenciatura2025/resultados/2/22106005.html,63,505,384,61,68,152181,98,S,Seleccionado,Cita para entregar documentación.,Consultar
2025,2,Licenciatura 2025,221,22106005,FISIOTERAPIA,ESCUELA NAL. DE ESTUDIOS SUP. UNIDAD LEÓN,Escolarizado,https://www.dgae.unam.mx/Licenciatura2025/resultados/2/22106005.html,63,505,384,61,68,152182,39,,No seleccionado,,Consultar
2025,2,Licenciatura 2025,221,22106005,FISIOTERAPIA,ESCUELA NAL. DE ESTUDIOS SUP. UNIDAD LEÓN,Escolarizado,https://www.dgae.unam.mx/Licenciatura2025/resultados/2/22106005.html,63,505,384,61,68,152187,32,,No seleccionado,,Consultar
2025,2,Licenciatura 2025,221,22106005,FISIOTERAPIA,ESCUELA NAL. DE ESTUDIOS SUP. UNIDAD LEÓN,Escolarizado,https://www.dgae.unam.mx/Licenciatura2025/resultados/2/22106005.html,63,505,384,61,68,152188,,N,No presentado,,Consultar
2025,2,Licenciatura 2025,221,22106005,FISIOTERAPIA,ESCUELA NAL. DE ESTUDIOS SUP. UNIDAD LEÓN,Escolarizado,https://www.dgae.unam.mx/Licenciatura2025/resultados/2/22106005.html,63,505,384,61,68,152196,37,,No seleccionado,,Consultar
2025,2,Licenciatura 2025,221,22106005,FISIOTERAPIA,ESCUELA NAL. DE ESTUDIOS SUP. UNIDAD LEÓN,Escolarizado,https://www.dgae.unam.mx/Licenciatura2025/resultados/2/22106005.html,63,505,384,61,68,152202,,N,No presentado,,Consultar
2025,2,Licenciatura 2025,221,22106005,FISIOTERAPIA,ESCUELA NAL. DE ESTUDIOS SUP. UNIDAD LEÓN,Escolarizado,https://www.dgae.unam.mx/Licenciatura2025/resultados/2/22106005.html,63,505,384,61,68,152211,29,,No seleccionado,,Consultar
2025,2,Licenciatura 2025,221,22106005,FISIOTERAPIA,ESCUELA NAL. DE ESTUDIOS SUP. UNIDAD LEÓN,Escolarizado,https://www.dgae.unam.mx/Licenciatura2025/resultados/2/22106005.html,63,505,384,61,68,152213,39,,No seleccionado,,Consultar
2025,2,Licenciatura 2025,221,22106005,FISIOTERAPIA,ESCUELA NAL. DE ESTUDIOS SUP. UNIDAD LEÓN,Escolarizado,https://www.dgae.unam.mx/Licenciatura2025/resultados/2/22106005.html,63,505,384,61,68,152223,37,,No seleccionado,,Consultar
2025,2,Licenciatura 2025,221,22106005,FISIOTERAPIA,ESCUELA NAL. DE ESTUDIOS SUP. UNIDAD LEÓN,Escolarizado,https://www.dgae.unam.mx/Licenciatura2025/resultados/2/22106005.html,63,505,384,61,68,152225,,N,No presentado,,Consultar
2025,2,Licenciatura 2025,221,22106005,FISIOTERAPIA,ESCUELA NAL. DE ESTUDIOS SUP. UNIDAD LEÓN,Escolarizado,https://www.dgae.unam.mx/Licenciatura2025/resultados/2/22106005.html,63,505,384,61,68,152227,40,,No seleccionado,,Consultar
2025,2,Licenciatura 2025,221,22106005,FISIOTERAPIA,ESCUELA NAL. DE ESTUDIOS SUP. UNIDAD LEÓN,Escolarizado,https://www.dgae.unam.mx/Licenciatura2025/resultados/2/22106005.html,63,505,384,61,68,152233,50,,No seleccionado,,Consultar
2025,2,Licenciatura 2025,221,22106005,FISIOTERAPIA,ESCUELA NAL. DE ESTUDIOS SUP. UNIDAD LEÓN,Escolarizado,https://www.dgae.unam.mx/Licenciatura2025/resultados/2/22106005.html,63,505,384,61,68,152239,59,,No seleccionado,,Consultar
2025,2,Licenciatura 2025,221,22106005,FISIOTERAPIA,ESCUELA NAL. DE ESTUDIOS SUP. UNIDAD LEÓN,Escolarizado,https://www.dgae.unam.mx/Licenciatura2025/resultados/2/22106005.html,63,505,384,61,68,152240,34,,No seleccionado,,Consultar
2025,2,Licenciatura 2025,221,22106005,FISIOTERAPIA,ESCUELA NAL. DE ESTUDIOS SUP. UNIDAD LEÓN,Escolarizado,https://www.dgae.unam.mx/Licenciatura2025/resultados/2/22106005.html,63,505,384,61,68,152243,59,,No seleccionado,,Consultar
2025,2,Licenciatura 2025,221,22106005,FISIOTERAPIA,ESCUELA NAL. DE ESTUDIOS SUP. UNIDAD LEÓN,Escolarizado,https://www.dgae.unam.mx/Licenciatura2025/resultados/2/22106005.html,63,505,384,61,68,152244,48,,No seleccionado,,Consultar
2025,2,Licenciatura 2025,221,22106005,FISIOTERAPIA,ESCUELA NAL. DE ESTUDIOS SUP. UNIDAD LEÓN,Escolarizado,https://www.dgae.unam.mx/Licenciatura2025/resultados/2/22106005.html,63,505,384,61,68,152246,34,,No seleccionado,,Consultar
2025,2,Licenciatura 2025,221,22106005,FISIOTERAPIA,ESCUELA NAL. DE ESTUDIOS SUP. UNIDAD LEÓN,Escolarizado,https://www.dgae.unam.mx/Licenciatura2025/resultados/2/22106005.html,63,505,384,61,68,152247,82,S,Seleccionado,Cita para entregar documentación.,Consultar
2025,2,Licenciatura 2025,221,22106005,FISIOTERAPIA,ESCUELA NAL. DE ESTUDIOS SUP. UNIDAD LEÓN,Escolarizado,https://www.dgae.unam.mx/Licenciatura2025/resultados/2/22106005.html,63,505,384,61,68,152251,,N,No presentado,,Consultar
2025,2,Licenciatura 2025,221,22106005,FISIOTERAPIA,ESCUELA NAL. DE ESTUDIOS SUP. UNIDAD LEÓN,Escolarizado,https://www.dgae.unam.mx/Licenciatura2025/resultados/2/22106005.html,63,505,384,61,68,152252,75,S,Seleccionado,Cita para entregar documentación.,Consultar
2025,2,Licenciatura 2025,221,22106005,FISIOTERAPIA,ESCUELA NAL. DE ESTUDIOS SUP. UNIDAD LEÓN,Escolarizado,https://www.dgae.unam.mx/Licenciatura2025/resultados/2/22106005.html,63,505,384,61,68,152255,55,,No seleccionado,,Consultar
2025,2,Licenciatura 2025,221,22106005,FISIOTERAPIA,ESCUELA NAL. DE ESTUDIOS SUP. UNIDAD LEÓN,Escolarizado,https://www.dgae.unam.mx/Licenciatura2025/resultados/2/22106005.html,63,505,384,61,68,152256,59,,No seleccionado,,Consultar
2025,2,Licenciatura 2025,221,22106005,FISIOTERAPIA,ESCUELA NAL. DE ESTUDIOS SUP. UNIDAD LEÓN,Escolarizado,https://www.dgae.unam.mx/Licenciatura2025/resultados/2/22106005.html,63,505,384,61,68,152259,49,,No seleccionado,,Consultar
2025,2,Licenciatura 2025,221,22106005,FISIOTERAPIA,ESCUELA NAL. DE ESTUDIOS SUP. UNIDAD LEÓN,Escolarizado,https://www.dgae.unam.mx/Licenciatura2025/resultados/2/22106005.html,63,505,384,61,68,152261,38,,No seleccionado,,Consultar
2025,2,Licenciatura 2025,221,22106005,FISIOTERAPIA,ESCUELA NAL. DE ESTUDIOS SUP. UNIDAD LEÓN,Escolarizado,https://www.dgae.unam.mx/Licenciatura2025/resultados/2/22106005.html,63,505,384,61,68,152272,83,S,Seleccionado,Cita para entregar documentación.,Consultar
2025,2,Licenciatura 2025,221,22106005,FISIOTERAPIA,ESCUELA NAL. DE ESTUDIOS SUP. UNIDAD LEÓN,Escolarizado,https://www.dgae.unam.mx/Licenciatura2025/resultados/2/22106005.html,63,505,384,61,68,152274,50,,No seleccionado,,Consultar
2025,2,Licenciatura 2025,221,22106005,FISIOTERAPIA,ESCUELA NAL. DE ESTUDIOS SUP. UNIDAD LEÓN,Escolarizado,https://www.dgae.unam.mx/Licenciatura2025/resultados/2/22106005.html,63,505,384,61,68,152275,71,S,Seleccionado,Cita para entregar documentación.,Consultar
2025,2,Licenciatura 2025,221,22106005,FISIOTERAPIA,ESCUELA NAL. DE ESTUDIOS SUP. UNIDAD LEÓN,Escolarizado,https://www.dgae.unam.mx/Licenciatura2025/resultados/2/22106005.html,63,505,384,61,68,152282,,N,No presentado,,Consultar
2025,2,Licenciatura 2025,221,22106005,FISIOTERAPIA,ESCUELA NAL. DE ESTUDIOS SUP. UNIDAD LEÓN,Escolarizado,https://www.dgae.unam.mx/Licenciatura2025/resultados/2/22106005.html,63,505,384,61,68,152284,46,,No seleccionado,,Consultar
2025,2,Licenciatura 2025,221,22106005,FISIOTERAPIA,ESCUELA NAL. DE ESTUDIOS SUP. UNIDAD LEÓN,Escolarizado,https://www.dgae.unam.mx/Licenciatura2025/resultados/2/22106005.html,63,505,384,61,68,152294,49,,No seleccionado,,Consultar
2025,2,Licenciatura 2025,221,22106005,FISIOTERAPIA,ESCUELA NAL. DE ESTUDIOS SUP. UNIDAD LEÓN,Escolarizado,https://www.dgae.unam.mx/Licenciatura2025/resultados/2/22106005.html,63,505,384,61,68,152297,36,,No seleccionado,,Consultar
2025,2,Licenciatura 2025,221,22106005,FISIOTERAPIA,ESCUELA NAL. DE ESTUDIOS SUP. UNIDAD LEÓN,Escolarizado,https://www.dgae.unam.mx/Licenciatura2025/resultados/2/22106005.html,63,505,384,61,68,152299,23,,No seleccionado,,Consultar
2025,2,Licenciatura 2025,221,22106005,FISIOTERAPIA,ESCUELA NAL. DE ESTUDIOS SUP. UNIDAD LEÓN,Escolarizado,https://www.dgae.unam.mx/Licenciatura2025/resultados/2/22106005.html,63,505,384,61,68,152301,,N,No presentado,,Consultar
2025,2,Licenciatura 2025,221,22106005,FISIOTERAPIA,ESCUELA NAL. DE ESTUDIOS SUP. UNIDAD LEÓN,Escolarizado,https://www.dgae.unam.mx/Licenciatura2025/resultados/2/22106005.html,63,505,384,61,68,152302,,N,No presentado,,Consultar
2025,2,Licenciatura 2025,221,22106005,FISIOTERAPIA,ESCUELA NAL. DE ESTUDIOS SUP. UNIDAD LEÓN,Escolarizado,https://www.dgae.unam.mx/Licenciatura2025/resultados/2/22106005.html,63,505,384,61,68,152310,,N,No presentado,,Consultar
2025,2,Licenciatura 2025,221,22106005,FISIOTERAPIA,ESCUELA NAL. DE ESTUDIOS SUP. UNIDAD LEÓN,Escolarizado,https://www.dgae.unam.mx/Licenciatura2025/resultados/2/22106005.html,63,505,384,61,68,152311,,N,No presentado,,Consultar
2025,2,Licenciatura 2025,221,22106005,FISIOTERAPIA,ESCUELA NAL. DE ESTUDIOS SUP. UNIDAD LEÓN,Escolarizado,https://www.dgae.unam.mx/Licenciatura2025/resultados/2/22106005.html,63,505,384,61,68,152317,24,,No seleccionado,,Consultar
2025,2,Licenciatura 2025,221,22106005,FISIOTERAPIA,ESCUELA NAL. DE ESTUDIOS SUP. UNIDAD LEÓN,Escolarizado,https://www.dgae.unam.mx/Licenciatura2025/resultados/2/22106005.html,63,505,384,61,68,152318,45,,No seleccionado,,Consultar
2025,2,Licenciatura 2025,221,22106005,FISIOTERAPIA,ESCUELA NAL. DE ESTUDIOS SUP. UNIDAD LEÓN,Escolarizado,https://www.dgae.unam.mx/Licenciatura2025/resultados/2/22106005.html,63,505,384,61,68,152331,53,,No seleccionado,,Consultar
2025,2,Licenciatura 2025,221,22106005,FISIOTERAPIA,ESCUELA NAL. DE ESTUDIOS SUP. UNIDAD LEÓN,Escolarizado,https://www.dgae.unam.mx/Licenciatura2025/resultados/2/22106005.html,63,505,384,61,68,152332,74,S,Seleccionado,Cita para entregar documentación.,Consultar
2025,2,Licenciatura 2025,221,22106005,FISIOTERAPIA,ESCUELA NAL. DE ESTUDIOS SUP. UNIDAD LEÓN,Escolarizado,https://www.dgae.unam.mx/Licenciatura2025/resultados/2/22106005.html,63,505,384,61,68,152338,29,,No seleccionado,,Consultar
2025,2,Licenciatura 2025,221,22106005,FISIOTERAPIA,ESCUELA NAL. DE ESTUDIOS SUP. UNIDAD LEÓN,Escolarizado,https://www.dgae.unam.mx/Licenciatura2025/resultados/2/22106005.html,63,505,384,61,68,152343,40,,No seleccionado,,Consultar
2025,2,Licenciatura 2025,221,22106005,FISIOTERAPIA,ESCUELA NAL. DE ESTUDIOS SUP. UNIDAD LEÓN,Escolarizado,https://www.dgae.unam.mx/Licenciatura2025/resultados/2/22106005.html,63,505,384,61,68,152344,,N,No presentado,,Consultar
2025,2,Licenciatura 2025,221,22106005,FISIOTERAPIA,ESCUELA NAL. DE ESTUDIOS SUP. UNIDAD LEÓN,Escolarizado,https://www.dgae.unam.mx/Licenciatura2025/resultados/2/22106005.html,63,505,384,61,68,152349,38,,No seleccionado,,Consultar
2025,2,Licenciatura 2025,221,22106005,FISIOTERAPIA,ESCUELA NAL. DE ESTUDIOS SUP. UNIDAD LEÓN,Escolarizado,https://www.dgae.unam.mx/Licenciatura2025/resultados/2/22106005.html,63,505,384,61,68,152351,,N,No presentado,,Consultar
2025,2,Licenciatura 2025,221,22106005,FISIOTERAPIA,ESCUELA NAL. DE ESTUDIOS SUP. UNIDAD LEÓN,Escolarizado,https://www.dgae.unam.mx/Licenciatura2025/resultados/2/22106005.html,63,505,384,61,68,152358,27,,No seleccionado,,Consultar
2025,2,Licenciatura 2025,221,22106005,FISIOTERAPIA,ESCUELA NAL. DE ESTUDIOS SUP. UNIDAD LEÓN,Escolarizado,https://www.dgae.unam.mx/Licenciatura2025/resultados/2/22106005.html,63,505,384,61,68,152359,81,S,Seleccionado,Cita para entregar documentación.,Consultar
2025,2,Licenciatura 2025,221,22106005,FISIOTERAPIA,ESCUELA NAL. DE ESTUDIOS SUP. UNIDAD LEÓN,Escolarizado,https://www.dgae.unam.mx/Licenciatura2025/resultados/2/22106005.html,63,505,384,61,68,152360,62,S,Seleccionado,Cita para entregar documentación.,Consultar
2025,2,Licenciatura 2025,221,22106005,FISIOTERAPIA,ESCUELA NAL. DE ESTUDIOS SUP. UNIDAD LEÓN,Escolarizado,https://www.dgae.unam.mx/Licenciatura2025/resultados/2/22106005.html,63,505,384,61,68,152361,,N,No presentado,,Consultar
2025,2,Licenciatura 2025,221,22106005,FISIOTERAPIA,ESCUELA NAL. DE ESTUDIOS SUP. UNIDAD LEÓN,Escolarizado,https://www.dgae.unam.mx/Licenciatura2025/resultados/2/22106005.html,63,505,384,61,68,152364,,N,No presentado,,Consultar
2025,2,Licenciatura 2025,221,22106005,FISIOTERAPIA,ESCUELA NAL. DE ESTUDIOS SUP. UNIDAD LEÓN,Escolarizado,https://www.dgae.unam.mx/Licenciatura2025/resultados/2/22106005.html,63,505,384,61,68,152368,44,,No seleccionado,,Consultar
2025,2,Licenciatura 2025,221,22106005,FISIOTERAPIA,ESCUELA NAL. DE ESTUDIOS SUP. UNIDAD LEÓN,Escolarizado,https://www.dgae.unam.mx/Licenciatura2025/resultados/2/22106005.html,63,505,384,61,68,152373,41,,No seleccionado,,Consultar
2025,2,Licenciatura 2025,221,22106005,FISIOTERAPIA,ESCUELA NAL. DE ESTUDIOS SUP. UNIDAD LEÓN,Escolarizado,https://www.dgae.unam.mx/Licenciatura2025/resultados/2/22106005.html,63,505,384,61,68,152375,60,,No seleccionado,,Consultar
2025,2,Licenciatura 2025,221,22106005,FISIOTERAPIA,ESCUELA NAL. DE ESTUDIOS SUP. UNIDAD LEÓN,Escolarizado,https://www.dgae.unam.mx/Licenciatura2025/resultados/2/22106005.html,63,505,384,61,68,152382,80,S,Seleccionado,Cita para entregar documentación.,Consultar
2025,2,Licenciatura 2025,221,22106005,FISIOTERAPIA,ESCUELA NAL. DE ESTUDIOS SUP. UNIDAD LEÓN,Escolarizado,https://www.dgae.unam.mx/Licenciatura2025/resultados/2/22106005.html,63,505,384,61,68,152384,,N,No presentado,,Consultar
2025,2,Licenciatura 2025,221,22106005,FISIOTERAPIA,ESCUELA NAL. DE ESTUDIOS SUP. UNIDAD LEÓN,Escolarizado,https://www.dgae.unam.mx/Licenciatura2025/resultados/2/22106005.html,63,505,384,61,68,152385,58,,No seleccionado,,Consultar
2025,2,Licenciatura 2025,221,22106005,FISIOTERAPIA,ESCUELA NAL. DE ESTUDIOS SUP. UNIDAD LEÓN,Escolarizado,https://www.dgae.unam.mx/Licenciatura2025/resultados/2/22106005.html,63,505,384,61,68,152392,58,,No seleccionado,,Consultar
2025,2,Licenciatura 2025,221,22106005,FISIOTERAPIA,ESCUELA NAL. DE ESTUDIOS SUP. UNIDAD LEÓN,Escolarizado,https://www.dgae.unam.mx/Licenciatura2025/resultados/2/22106005.html,63,505,384,61,68,152395,41,,No seleccionado,,Consultar
2025,2,Licenciatura 2025,221,22106005,FISIOTERAPIA,ESCUELA NAL. DE ESTUDIOS SUP. UNIDAD LEÓN,Escolarizado,https://www.dgae.unam.mx/Licenciatura2025/resultados/2/22106005.html,63,505,384,61,68,152402,63,S,Seleccionado,Cita para entregar documentación.,Consultar
2025,2,Licenciatura 2025,221,22106005,FISIOTERAPIA,ESCUELA NAL. DE ESTUDIOS SUP. UNIDAD LEÓN,Escolarizado,https://www.dgae.unam.mx/Licenciatura2025/resultados/2/22106005.html,63,505,384,61,68,152404,70,S,Seleccionado,Cita para entregar documentación.,Consultar
2025,2,Licenciatura 2025,221,22106005,FISIOTERAPIA,ESCUELA NAL. DE ESTUDIOS SUP. UNIDAD LEÓN,Escolarizado,https://www.dgae.unam.mx/Licenciatura2025/resultados/2/22106005.html,63,505,384,61,68,152406,58,,No seleccionado,,Consultar
2025,2,Licenciatura 2025,221,22106005,FISIOTERAPIA,ESCUELA NAL. DE ESTUDIOS SUP. UNIDAD LEÓN,Escolarizado,https://www.dgae.unam.mx/Licenciatura2025/resultados/2/22106005.html,63,505,384,61,68,152431,,N,No presentado,,Consultar
2025,2,Licenciatura 2025,221,22106005,FISIOTERAPIA,ESCUELA NAL. DE ESTUDIOS SUP. UNIDAD LEÓN,Escolarizado,https://www.dgae.unam.mx/Licenciatura2025/resultados/2/22106005.html,63,505,384,61,68,152484,61,S,Seleccionado,Cita para entregar documentación.,Consultar
2025,2,Licenciatura 2025,221,22106005,FISIOTERAPIA,ESCUELA NAL. DE ESTUDIOS SUP. UNIDAD LEÓN,Escolarizado,https://www.dgae.unam.mx/Licenciatura2025/resultados/2/22106005.html,63,505,384,61,68,152689,67,S,Seleccionado,Cita para entregar documentación.,Consultar
2025,2,Licenciatura 2025,221,22106005,FISIOTERAPIA,ESCUELA NAL. DE ESTUDIOS SUP. UNIDAD LEÓN,Escolarizado,https://www.dgae.unam.mx/Licenciatura2025/resultados/2/22106005.html,63,505,384,61,68,152702,39,,No seleccionado,,Consultar
2025,2,Licenciatura 2025,221,22106005,FISIOTERAPIA,ESCUELA NAL. DE ESTUDIOS SUP. UNIDAD LEÓN,Escolarizado,https://www.dgae.unam.mx/Licenciatura2025/resultados/2/22106005.html,63,505,384,61,68,152739,60,,No seleccionado,,Consultar
2025,2,Licenciatura 2025,221,22106005,FISIOTERAPIA,ESCUELA NAL. DE ESTUDIOS SUP. UNIDAD LEÓN,Escolarizado,https://www.dgae.unam.mx/Licenciatura2025/resultados/2/22106005.html,63,505,384,61,68,152849,,N,No presentado,,Consultar
2025,2,Licenciatura 2025,221,22106005,FISIOTERAPIA,ESCUELA NAL. DE ESTUDIOS SUP. UNIDAD LEÓN,Escolarizado,https://www.dgae.unam.mx/Licenciatura2025/resultados/2/22106005.html,63,505,384,61,68,152901,43,,No seleccionado,,Consultar
2025,2,Licenciatura 2025,221,22106005,FISIOTERAPIA,ESCUELA NAL. DE ESTUDIOS SUP. UNIDAD LEÓN,Escolarizado,https://www.dgae.unam.mx/Licenciatura2025/resultados/2/22106005.html,63,505,384,61,68,152930,47,,No seleccionado,,Consultar
